ISO-10303-21;
HEADER;
/* Generated by software containing ST-Developer
 * from STEP Tools, Inc. (www.steptools.com) 
 */
/* OPTION: using custom renumber hook */

FILE_DESCRIPTION(
/* description */ ('STEP AP242 Edition 2',
'CAx-IF Rec.Pracs.---Representation and Presentation of Product Manufa
cturing Information (PMI)---4.0---2014-10-13',
'CAx-IF Rec.Pracs.---3D Tessellated Geometry---0.4---2014-09-14','2;1',
'CAx-IF Rec.Pracs.---User Defined Attributes---1.5---2016-08-15'),
/* implementation_level */ '2;1');

FILE_NAME(
/* name */ 'N-Metheus - Electronics Casing Bottom',
/* time_stamp */ '2026-01-30T20:52:38Z',
/* author */ (''),
/* organization */ (''),
/* preprocessor_version */ 'ST-DEVELOPER v20',
/* originating_system */ 'ONSHAPE BY PTC INC, 1.210',
/* authorisation */ '  ');

FILE_SCHEMA (('AP242_MANAGED_MODEL_BASED_3D_ENGINEERING_MIM_LF { 1 0 10303 442 3 1 4 }'));
ENDSEC;

DATA;
#10=SHAPE_REPRESENTATION_RELATIONSHIP('','',#1851,#11);
#11=ADVANCED_BREP_SHAPE_REPRESENTATION('',(#1849),#3121);
#12=TOROIDAL_SURFACE('',#2036,0.00535,0.002);
#13=TOROIDAL_SURFACE('',#2039,0.00535,0.002);
#14=B_SPLINE_CURVE_WITH_KNOTS('',3,(#3062,#3063,#3064,#3065),
 .UNSPECIFIED.,.F.,.F.,(4,4),(0.,0.000572179462151125),.UNSPECIFIED.);
#15=B_SPLINE_CURVE_WITH_KNOTS('',3,(#3074,#3075,#3076,#3077),
 .UNSPECIFIED.,.F.,.F.,(4,4),(0.,0.000572179462151125),.UNSPECIFIED.);
#16=B_SPLINE_CURVE_WITH_KNOTS('',3,(#3084,#3085,#3086,#3087,#3088,#3089),
 .UNSPECIFIED.,.F.,.F.,(4,1,1,4),(0.,0.000736765036592523,0.00147353007318505,
0.00294706014637009),.UNSPECIFIED.);
#17=B_SPLINE_CURVE_WITH_KNOTS('',3,(#3091,#3092,#3093,#3094,#3095,#3096),
 .UNSPECIFIED.,.F.,.F.,(4,1,1,4),(0.,0.000736765036592521,0.00147353007318504,
0.00294706014637008),.UNSPECIFIED.);
#18=ELLIPSE('',#1870,0.0103944696834422,0.00735);
#19=CYLINDRICAL_SURFACE('',#1866,0.00735);
#20=CYLINDRICAL_SURFACE('',#1908,0.0021);
#21=CYLINDRICAL_SURFACE('',#1910,0.0021);
#22=CYLINDRICAL_SURFACE('',#1912,0.0021);
#23=CYLINDRICAL_SURFACE('',#1914,0.0021);
#24=CYLINDRICAL_SURFACE('',#1916,0.0254);
#25=CYLINDRICAL_SURFACE('',#1924,0.005);
#26=CYLINDRICAL_SURFACE('',#1925,0.005);
#27=CYLINDRICAL_SURFACE('',#1927,0.005);
#28=CYLINDRICAL_SURFACE('',#1928,0.005);
#29=CYLINDRICAL_SURFACE('',#1930,0.005);
#30=CYLINDRICAL_SURFACE('',#1931,0.005);
#31=CYLINDRICAL_SURFACE('',#1933,0.005);
#32=CYLINDRICAL_SURFACE('',#1940,0.005);
#33=CYLINDRICAL_SURFACE('',#1941,0.002);
#34=CYLINDRICAL_SURFACE('',#1945,0.002);
#35=CYLINDRICAL_SURFACE('',#1949,0.002);
#36=CYLINDRICAL_SURFACE('',#1953,0.002);
#37=CYLINDRICAL_SURFACE('',#1957,0.001);
#38=CYLINDRICAL_SURFACE('',#1960,0.001);
#39=CYLINDRICAL_SURFACE('',#1963,0.001);
#40=CYLINDRICAL_SURFACE('',#1966,0.001);
#41=CYLINDRICAL_SURFACE('',#1984,0.0056);
#42=CYLINDRICAL_SURFACE('',#1986,0.0036);
#43=CYLINDRICAL_SURFACE('',#1992,0.0056);
#44=CYLINDRICAL_SURFACE('',#1994,0.0036);
#45=CYLINDRICAL_SURFACE('',#1997,0.0036);
#46=CYLINDRICAL_SURFACE('',#1999,0.0056);
#47=CYLINDRICAL_SURFACE('',#2004,0.0056);
#48=CYLINDRICAL_SURFACE('',#2006,0.0036);
#49=CYLINDRICAL_SURFACE('',#2015,0.00415);
#50=CYLINDRICAL_SURFACE('',#2023,0.001);
#51=CYLINDRICAL_SURFACE('',#2024,0.001);
#52=CYLINDRICAL_SURFACE('',#2031,0.004);
#53=CYLINDRICAL_SURFACE('',#2032,0.0021);
#54=CYLINDRICAL_SURFACE('',#2033,0.0021);
#55=CYLINDRICAL_SURFACE('',#2034,0.002);
#56=CYLINDRICAL_SURFACE('',#2037,0.002);
#57=CYLINDRICAL_SURFACE('',#2040,0.002);
#58=CYLINDRICAL_SURFACE('',#2041,0.002);
#59=CIRCLE('',#1854,0.005);
#60=CIRCLE('',#1855,0.005);
#61=CIRCLE('',#1856,0.005);
#62=CIRCLE('',#1857,0.005);
#63=CIRCLE('',#1858,0.005);
#64=CIRCLE('',#1859,0.005);
#65=CIRCLE('',#1860,0.005);
#66=CIRCLE('',#1861,0.005);
#67=CIRCLE('',#1867,0.00735);
#68=CIRCLE('',#1868,0.00735);
#69=CIRCLE('',#1869,0.00735);
#70=CIRCLE('',#1872,0.002);
#71=CIRCLE('',#1873,0.0021);
#72=CIRCLE('',#1874,0.002);
#73=CIRCLE('',#1875,0.002);
#74=CIRCLE('',#1876,0.0021);
#75=CIRCLE('',#1877,0.002);
#76=CIRCLE('',#1878,0.004);
#77=CIRCLE('',#1881,0.0021);
#78=CIRCLE('',#1882,0.0036);
#79=CIRCLE('',#1884,0.0021);
#80=CIRCLE('',#1885,0.0036);
#81=CIRCLE('',#1887,0.0021);
#82=CIRCLE('',#1888,0.0036);
#83=CIRCLE('',#1890,0.0021);
#84=CIRCLE('',#1891,0.0036);
#85=CIRCLE('',#1896,0.0056);
#86=CIRCLE('',#1897,0.002);
#87=CIRCLE('',#1898,0.002);
#88=CIRCLE('',#1899,0.002);
#89=CIRCLE('',#1900,0.002);
#90=CIRCLE('',#1901,0.0254);
#91=CIRCLE('',#1902,0.0056);
#92=CIRCLE('',#1903,0.0056);
#93=CIRCLE('',#1904,0.0056);
#94=CIRCLE('',#1905,0.005);
#95=CIRCLE('',#1906,0.005);
#96=CIRCLE('',#1907,0.005);
#97=CIRCLE('',#1909,0.0021);
#98=CIRCLE('',#1911,0.0021);
#99=CIRCLE('',#1913,0.0021);
#100=CIRCLE('',#1915,0.0021);
#101=CIRCLE('',#1917,0.0254);
#102=CIRCLE('',#1919,0.005);
#103=CIRCLE('',#1920,0.005);
#104=CIRCLE('',#1921,0.005);
#105=CIRCLE('',#1922,0.005);
#106=CIRCLE('',#1926,0.005);
#107=CIRCLE('',#1935,0.002);
#108=CIRCLE('',#1936,0.004);
#109=CIRCLE('',#1937,0.002);
#110=CIRCLE('',#1938,0.0021);
#111=CIRCLE('',#1939,0.0021);
#112=CIRCLE('',#1942,0.002);
#113=CIRCLE('',#1944,0.001);
#114=CIRCLE('',#1946,0.002);
#115=CIRCLE('',#1948,0.001);
#116=CIRCLE('',#1950,0.002);
#117=CIRCLE('',#1952,0.001);
#118=CIRCLE('',#1954,0.002);
#119=CIRCLE('',#1956,0.001);
#120=CIRCLE('',#1958,0.001);
#121=CIRCLE('',#1961,0.001);
#122=CIRCLE('',#1964,0.001);
#123=CIRCLE('',#1967,0.001);
#124=CIRCLE('',#1985,0.0056);
#125=CIRCLE('',#1987,0.0036);
#126=CIRCLE('',#1993,0.0056);
#127=CIRCLE('',#1995,0.0036);
#128=CIRCLE('',#1998,0.0036);
#129=CIRCLE('',#2000,0.0056);
#130=CIRCLE('',#2005,0.0056);
#131=CIRCLE('',#2007,0.0036);
#132=CIRCLE('',#2010,0.00535);
#133=CIRCLE('',#2011,0.00415);
#134=CIRCLE('',#2012,0.00535);
#135=CIRCLE('',#2016,0.00415);
#136=CIRCLE('',#2020,0.001);
#137=CIRCLE('',#2021,0.001);
#138=CIRCLE('',#2035,0.002);
#139=CIRCLE('',#2038,0.002);
#140=ORIENTED_EDGE('',*,*,#628,.T.);
#141=ORIENTED_EDGE('',*,*,#629,.T.);
#142=ORIENTED_EDGE('',*,*,#630,.T.);
#143=ORIENTED_EDGE('',*,*,#631,.T.);
#144=ORIENTED_EDGE('',*,*,#632,.T.);
#145=ORIENTED_EDGE('',*,*,#633,.T.);
#146=ORIENTED_EDGE('',*,*,#634,.F.);
#147=ORIENTED_EDGE('',*,*,#635,.T.);
#148=ORIENTED_EDGE('',*,*,#636,.F.);
#149=ORIENTED_EDGE('',*,*,#637,.T.);
#150=ORIENTED_EDGE('',*,*,#638,.T.);
#151=ORIENTED_EDGE('',*,*,#639,.T.);
#152=ORIENTED_EDGE('',*,*,#640,.T.);
#153=ORIENTED_EDGE('',*,*,#641,.F.);
#154=ORIENTED_EDGE('',*,*,#642,.F.);
#155=ORIENTED_EDGE('',*,*,#643,.F.);
#156=ORIENTED_EDGE('',*,*,#644,.F.);
#157=ORIENTED_EDGE('',*,*,#645,.F.);
#158=ORIENTED_EDGE('',*,*,#646,.T.);
#159=ORIENTED_EDGE('',*,*,#647,.F.);
#160=ORIENTED_EDGE('',*,*,#648,.T.);
#161=ORIENTED_EDGE('',*,*,#649,.T.);
#162=ORIENTED_EDGE('',*,*,#650,.F.);
#163=ORIENTED_EDGE('',*,*,#651,.F.);
#164=ORIENTED_EDGE('',*,*,#650,.T.);
#165=ORIENTED_EDGE('',*,*,#652,.T.);
#166=ORIENTED_EDGE('',*,*,#653,.T.);
#167=ORIENTED_EDGE('',*,*,#654,.F.);
#168=ORIENTED_EDGE('',*,*,#655,.F.);
#169=ORIENTED_EDGE('',*,*,#656,.F.);
#170=ORIENTED_EDGE('',*,*,#657,.T.);
#171=ORIENTED_EDGE('',*,*,#658,.T.);
#172=ORIENTED_EDGE('',*,*,#659,.F.);
#173=ORIENTED_EDGE('',*,*,#658,.F.);
#174=ORIENTED_EDGE('',*,*,#660,.T.);
#175=ORIENTED_EDGE('',*,*,#661,.F.);
#176=ORIENTED_EDGE('',*,*,#662,.T.);
#177=ORIENTED_EDGE('',*,*,#663,.T.);
#178=ORIENTED_EDGE('',*,*,#664,.F.);
#179=ORIENTED_EDGE('',*,*,#665,.T.);
#180=ORIENTED_EDGE('',*,*,#666,.F.);
#181=ORIENTED_EDGE('',*,*,#667,.T.);
#182=ORIENTED_EDGE('',*,*,#668,.T.);
#183=ORIENTED_EDGE('',*,*,#669,.T.);
#184=ORIENTED_EDGE('',*,*,#628,.F.);
#185=ORIENTED_EDGE('',*,*,#670,.T.);
#186=ORIENTED_EDGE('',*,*,#671,.T.);
#187=ORIENTED_EDGE('',*,*,#672,.T.);
#188=ORIENTED_EDGE('',*,*,#673,.T.);
#189=ORIENTED_EDGE('',*,*,#674,.F.);
#190=ORIENTED_EDGE('',*,*,#675,.T.);
#191=ORIENTED_EDGE('',*,*,#676,.T.);
#192=ORIENTED_EDGE('',*,*,#677,.T.);
#193=ORIENTED_EDGE('',*,*,#678,.F.);
#194=ORIENTED_EDGE('',*,*,#640,.F.);
#195=ORIENTED_EDGE('',*,*,#679,.T.);
#196=ORIENTED_EDGE('',*,*,#680,.F.);
#197=ORIENTED_EDGE('',*,*,#681,.T.);
#198=ORIENTED_EDGE('',*,*,#682,.F.);
#199=ORIENTED_EDGE('',*,*,#683,.T.);
#200=ORIENTED_EDGE('',*,*,#684,.T.);
#201=ORIENTED_EDGE('',*,*,#685,.T.);
#202=ORIENTED_EDGE('',*,*,#686,.F.);
#203=ORIENTED_EDGE('',*,*,#687,.T.);
#204=ORIENTED_EDGE('',*,*,#688,.F.);
#205=ORIENTED_EDGE('',*,*,#689,.T.);
#206=ORIENTED_EDGE('',*,*,#690,.T.);
#207=ORIENTED_EDGE('',*,*,#691,.F.);
#208=ORIENTED_EDGE('',*,*,#692,.T.);
#209=ORIENTED_EDGE('',*,*,#693,.T.);
#210=ORIENTED_EDGE('',*,*,#688,.T.);
#211=ORIENTED_EDGE('',*,*,#694,.T.);
#212=ORIENTED_EDGE('',*,*,#695,.F.);
#213=ORIENTED_EDGE('',*,*,#696,.F.);
#214=ORIENTED_EDGE('',*,*,#697,.F.);
#215=ORIENTED_EDGE('',*,*,#698,.F.);
#216=ORIENTED_EDGE('',*,*,#699,.F.);
#217=ORIENTED_EDGE('',*,*,#700,.F.);
#218=ORIENTED_EDGE('',*,*,#701,.F.);
#219=ORIENTED_EDGE('',*,*,#702,.F.);
#220=ORIENTED_EDGE('',*,*,#703,.F.);
#221=ORIENTED_EDGE('',*,*,#704,.T.);
#222=ORIENTED_EDGE('',*,*,#705,.F.);
#223=ORIENTED_EDGE('',*,*,#646,.F.);
#224=ORIENTED_EDGE('',*,*,#706,.T.);
#225=ORIENTED_EDGE('',*,*,#707,.T.);
#226=ORIENTED_EDGE('',*,*,#708,.F.);
#227=ORIENTED_EDGE('',*,*,#709,.T.);
#228=ORIENTED_EDGE('',*,*,#710,.T.);
#229=ORIENTED_EDGE('',*,*,#711,.T.);
#230=ORIENTED_EDGE('',*,*,#712,.F.);
#231=ORIENTED_EDGE('',*,*,#648,.F.);
#232=ORIENTED_EDGE('',*,*,#713,.T.);
#233=ORIENTED_EDGE('',*,*,#656,.T.);
#234=ORIENTED_EDGE('',*,*,#714,.T.);
#235=ORIENTED_EDGE('',*,*,#715,.T.);
#236=ORIENTED_EDGE('',*,*,#716,.F.);
#237=ORIENTED_EDGE('',*,*,#717,.F.);
#238=ORIENTED_EDGE('',*,*,#718,.F.);
#239=ORIENTED_EDGE('',*,*,#719,.F.);
#240=ORIENTED_EDGE('',*,*,#644,.T.);
#241=ORIENTED_EDGE('',*,*,#720,.T.);
#242=ORIENTED_EDGE('',*,*,#721,.F.);
#243=ORIENTED_EDGE('',*,*,#722,.T.);
#244=ORIENTED_EDGE('',*,*,#723,.T.);
#245=ORIENTED_EDGE('',*,*,#724,.F.);
#246=ORIENTED_EDGE('',*,*,#725,.F.);
#247=ORIENTED_EDGE('',*,*,#726,.F.);
#248=ORIENTED_EDGE('',*,*,#634,.T.);
#249=ORIENTED_EDGE('',*,*,#727,.T.);
#250=ORIENTED_EDGE('',*,*,#728,.F.);
#251=ORIENTED_EDGE('',*,*,#661,.T.);
#252=ORIENTED_EDGE('',*,*,#729,.F.);
#253=ORIENTED_EDGE('',*,*,#653,.F.);
#254=ORIENTED_EDGE('',*,*,#730,.F.);
#255=ORIENTED_EDGE('',*,*,#731,.F.);
#256=ORIENTED_EDGE('',*,*,#732,.F.);
#257=ORIENTED_EDGE('',*,*,#733,.F.);
#258=ORIENTED_EDGE('',*,*,#734,.F.);
#259=ORIENTED_EDGE('',*,*,#735,.F.);
#260=ORIENTED_EDGE('',*,*,#677,.F.);
#261=ORIENTED_EDGE('',*,*,#736,.T.);
#262=ORIENTED_EDGE('',*,*,#737,.F.);
#263=ORIENTED_EDGE('',*,*,#738,.F.);
#264=ORIENTED_EDGE('',*,*,#673,.F.);
#265=ORIENTED_EDGE('',*,*,#739,.T.);
#266=ORIENTED_EDGE('',*,*,#740,.F.);
#267=ORIENTED_EDGE('',*,*,#741,.F.);
#268=ORIENTED_EDGE('',*,*,#711,.F.);
#269=ORIENTED_EDGE('',*,*,#742,.T.);
#270=ORIENTED_EDGE('',*,*,#743,.F.);
#271=ORIENTED_EDGE('',*,*,#744,.F.);
#272=ORIENTED_EDGE('',*,*,#707,.F.);
#273=ORIENTED_EDGE('',*,*,#745,.T.);
#274=ORIENTED_EDGE('',*,*,#718,.T.);
#275=ORIENTED_EDGE('',*,*,#746,.T.);
#276=ORIENTED_EDGE('',*,*,#747,.T.);
#277=ORIENTED_EDGE('',*,*,#748,.T.);
#278=ORIENTED_EDGE('',*,*,#749,.F.);
#279=ORIENTED_EDGE('',*,*,#750,.T.);
#280=ORIENTED_EDGE('',*,*,#751,.T.);
#281=ORIENTED_EDGE('',*,*,#752,.F.);
#282=ORIENTED_EDGE('',*,*,#753,.F.);
#283=ORIENTED_EDGE('',*,*,#754,.T.);
#284=ORIENTED_EDGE('',*,*,#755,.T.);
#285=ORIENTED_EDGE('',*,*,#756,.F.);
#286=ORIENTED_EDGE('',*,*,#699,.T.);
#287=ORIENTED_EDGE('',*,*,#757,.F.);
#288=ORIENTED_EDGE('',*,*,#701,.T.);
#289=ORIENTED_EDGE('',*,*,#758,.F.);
#290=ORIENTED_EDGE('',*,*,#695,.T.);
#291=ORIENTED_EDGE('',*,*,#759,.F.);
#292=ORIENTED_EDGE('',*,*,#697,.T.);
#293=ORIENTED_EDGE('',*,*,#760,.F.);
#294=ORIENTED_EDGE('',*,*,#735,.T.);
#295=ORIENTED_EDGE('',*,*,#761,.F.);
#296=ORIENTED_EDGE('',*,*,#761,.T.);
#297=ORIENTED_EDGE('',*,*,#760,.T.);
#298=ORIENTED_EDGE('',*,*,#759,.T.);
#299=ORIENTED_EDGE('',*,*,#758,.T.);
#300=ORIENTED_EDGE('',*,*,#757,.T.);
#301=ORIENTED_EDGE('',*,*,#762,.F.);
#302=ORIENTED_EDGE('',*,*,#763,.F.);
#303=ORIENTED_EDGE('',*,*,#764,.F.);
#304=ORIENTED_EDGE('',*,*,#765,.F.);
#305=ORIENTED_EDGE('',*,*,#766,.T.);
#306=ORIENTED_EDGE('',*,*,#767,.F.);
#307=ORIENTED_EDGE('',*,*,#725,.T.);
#308=ORIENTED_EDGE('',*,*,#768,.F.);
#309=ORIENTED_EDGE('',*,*,#747,.F.);
#310=ORIENTED_EDGE('',*,*,#769,.F.);
#311=ORIENTED_EDGE('',*,*,#642,.T.);
#312=ORIENTED_EDGE('',*,*,#770,.T.);
#313=ORIENTED_EDGE('',*,*,#745,.F.);
#314=ORIENTED_EDGE('',*,*,#706,.F.);
#315=ORIENTED_EDGE('',*,*,#645,.T.);
#316=ORIENTED_EDGE('',*,*,#719,.T.);
#317=ORIENTED_EDGE('',*,*,#771,.F.);
#318=ORIENTED_EDGE('',*,*,#670,.F.);
#319=ORIENTED_EDGE('',*,*,#647,.T.);
#320=ORIENTED_EDGE('',*,*,#705,.T.);
#321=ORIENTED_EDGE('',*,*,#748,.F.);
#322=ORIENTED_EDGE('',*,*,#770,.F.);
#323=ORIENTED_EDGE('',*,*,#641,.T.);
#324=ORIENTED_EDGE('',*,*,#678,.T.);
#325=ORIENTED_EDGE('',*,*,#746,.F.);
#326=ORIENTED_EDGE('',*,*,#720,.F.);
#327=ORIENTED_EDGE('',*,*,#643,.T.);
#328=ORIENTED_EDGE('',*,*,#769,.T.);
#329=ORIENTED_EDGE('',*,*,#762,.T.);
#330=ORIENTED_EDGE('',*,*,#772,.F.);
#331=ORIENTED_EDGE('',*,*,#632,.F.);
#332=ORIENTED_EDGE('',*,*,#773,.T.);
#333=ORIENTED_EDGE('',*,*,#768,.T.);
#334=ORIENTED_EDGE('',*,*,#727,.F.);
#335=ORIENTED_EDGE('',*,*,#633,.F.);
#336=ORIENTED_EDGE('',*,*,#772,.T.);
#337=ORIENTED_EDGE('',*,*,#767,.T.);
#338=ORIENTED_EDGE('',*,*,#774,.F.);
#339=ORIENTED_EDGE('',*,*,#635,.F.);
#340=ORIENTED_EDGE('',*,*,#726,.T.);
#341=ORIENTED_EDGE('',*,*,#766,.F.);
#342=ORIENTED_EDGE('',*,*,#775,.F.);
#343=ORIENTED_EDGE('',*,*,#636,.T.);
#344=ORIENTED_EDGE('',*,*,#774,.T.);
#345=ORIENTED_EDGE('',*,*,#765,.T.);
#346=ORIENTED_EDGE('',*,*,#776,.F.);
#347=ORIENTED_EDGE('',*,*,#637,.F.);
#348=ORIENTED_EDGE('',*,*,#775,.T.);
#349=ORIENTED_EDGE('',*,*,#630,.F.);
#350=ORIENTED_EDGE('',*,*,#777,.T.);
#351=ORIENTED_EDGE('',*,*,#778,.T.);
#352=ORIENTED_EDGE('',*,*,#779,.F.);
#353=ORIENTED_EDGE('',*,*,#780,.T.);
#354=ORIENTED_EDGE('',*,*,#781,.T.);
#355=ORIENTED_EDGE('',*,*,#692,.F.);
#356=ORIENTED_EDGE('',*,*,#782,.T.);
#357=ORIENTED_EDGE('',*,*,#783,.F.);
#358=ORIENTED_EDGE('',*,*,#784,.T.);
#359=ORIENTED_EDGE('',*,*,#638,.F.);
#360=ORIENTED_EDGE('',*,*,#776,.T.);
#361=ORIENTED_EDGE('',*,*,#764,.T.);
#362=ORIENTED_EDGE('',*,*,#785,.F.);
#363=ORIENTED_EDGE('',*,*,#763,.T.);
#364=ORIENTED_EDGE('',*,*,#773,.F.);
#365=ORIENTED_EDGE('',*,*,#631,.F.);
#366=ORIENTED_EDGE('',*,*,#785,.T.);
#367=ORIENTED_EDGE('',*,*,#786,.F.);
#368=ORIENTED_EDGE('',*,*,#734,.T.);
#369=ORIENTED_EDGE('',*,*,#787,.F.);
#370=ORIENTED_EDGE('',*,*,#786,.T.);
#371=ORIENTED_EDGE('',*,*,#788,.F.);
#372=ORIENTED_EDGE('',*,*,#733,.T.);
#373=ORIENTED_EDGE('',*,*,#789,.T.);
#374=ORIENTED_EDGE('',*,*,#788,.T.);
#375=ORIENTED_EDGE('',*,*,#790,.F.);
#376=ORIENTED_EDGE('',*,*,#732,.T.);
#377=ORIENTED_EDGE('',*,*,#791,.F.);
#378=ORIENTED_EDGE('',*,*,#790,.T.);
#379=ORIENTED_EDGE('',*,*,#792,.F.);
#380=ORIENTED_EDGE('',*,*,#731,.T.);
#381=ORIENTED_EDGE('',*,*,#793,.F.);
#382=ORIENTED_EDGE('',*,*,#792,.T.);
#383=ORIENTED_EDGE('',*,*,#794,.F.);
#384=ORIENTED_EDGE('',*,*,#793,.T.);
#385=ORIENTED_EDGE('',*,*,#794,.T.);
#386=ORIENTED_EDGE('',*,*,#795,.F.);
#387=ORIENTED_EDGE('',*,*,#791,.T.);
#388=ORIENTED_EDGE('',*,*,#795,.T.);
#389=ORIENTED_EDGE('',*,*,#796,.T.);
#390=ORIENTED_EDGE('',*,*,#789,.F.);
#391=ORIENTED_EDGE('',*,*,#796,.F.);
#392=ORIENTED_EDGE('',*,*,#797,.F.);
#393=ORIENTED_EDGE('',*,*,#787,.T.);
#394=ORIENTED_EDGE('',*,*,#797,.T.);
#395=ORIENTED_EDGE('',*,*,#750,.F.);
#396=ORIENTED_EDGE('',*,*,#798,.F.);
#397=ORIENTED_EDGE('',*,*,#799,.T.);
#398=ORIENTED_EDGE('',*,*,#800,.T.);
#399=ORIENTED_EDGE('',*,*,#749,.T.);
#400=ORIENTED_EDGE('',*,*,#801,.F.);
#401=ORIENTED_EDGE('',*,*,#802,.F.);
#402=ORIENTED_EDGE('',*,*,#798,.T.);
#403=ORIENTED_EDGE('',*,*,#752,.T.);
#404=ORIENTED_EDGE('',*,*,#803,.F.);
#405=ORIENTED_EDGE('',*,*,#804,.F.);
#406=ORIENTED_EDGE('',*,*,#801,.T.);
#407=ORIENTED_EDGE('',*,*,#751,.F.);
#408=ORIENTED_EDGE('',*,*,#800,.F.);
#409=ORIENTED_EDGE('',*,*,#805,.T.);
#410=ORIENTED_EDGE('',*,*,#803,.T.);
#411=ORIENTED_EDGE('',*,*,#799,.F.);
#412=ORIENTED_EDGE('',*,*,#802,.T.);
#413=ORIENTED_EDGE('',*,*,#804,.T.);
#414=ORIENTED_EDGE('',*,*,#805,.F.);
#415=ORIENTED_EDGE('',*,*,#754,.F.);
#416=ORIENTED_EDGE('',*,*,#806,.F.);
#417=ORIENTED_EDGE('',*,*,#807,.T.);
#418=ORIENTED_EDGE('',*,*,#808,.T.);
#419=ORIENTED_EDGE('',*,*,#753,.T.);
#420=ORIENTED_EDGE('',*,*,#809,.F.);
#421=ORIENTED_EDGE('',*,*,#810,.F.);
#422=ORIENTED_EDGE('',*,*,#806,.T.);
#423=ORIENTED_EDGE('',*,*,#756,.T.);
#424=ORIENTED_EDGE('',*,*,#811,.F.);
#425=ORIENTED_EDGE('',*,*,#812,.F.);
#426=ORIENTED_EDGE('',*,*,#809,.T.);
#427=ORIENTED_EDGE('',*,*,#755,.F.);
#428=ORIENTED_EDGE('',*,*,#808,.F.);
#429=ORIENTED_EDGE('',*,*,#813,.T.);
#430=ORIENTED_EDGE('',*,*,#811,.T.);
#431=ORIENTED_EDGE('',*,*,#807,.F.);
#432=ORIENTED_EDGE('',*,*,#810,.T.);
#433=ORIENTED_EDGE('',*,*,#812,.T.);
#434=ORIENTED_EDGE('',*,*,#813,.F.);
#435=ORIENTED_EDGE('',*,*,#716,.T.);
#436=ORIENTED_EDGE('',*,*,#814,.T.);
#437=ORIENTED_EDGE('',*,*,#723,.F.);
#438=ORIENTED_EDGE('',*,*,#815,.F.);
#439=ORIENTED_EDGE('',*,*,#717,.T.);
#440=ORIENTED_EDGE('',*,*,#815,.T.);
#441=ORIENTED_EDGE('',*,*,#722,.F.);
#442=ORIENTED_EDGE('',*,*,#816,.F.);
#443=ORIENTED_EDGE('',*,*,#817,.T.);
#444=ORIENTED_EDGE('',*,*,#724,.T.);
#445=ORIENTED_EDGE('',*,*,#814,.F.);
#446=ORIENTED_EDGE('',*,*,#715,.F.);
#447=ORIENTED_EDGE('',*,*,#816,.T.);
#448=ORIENTED_EDGE('',*,*,#721,.T.);
#449=ORIENTED_EDGE('',*,*,#817,.F.);
#450=ORIENTED_EDGE('',*,*,#714,.F.);
#451=ORIENTED_EDGE('',*,*,#738,.T.);
#452=ORIENTED_EDGE('',*,*,#818,.F.);
#453=ORIENTED_EDGE('',*,*,#819,.F.);
#454=ORIENTED_EDGE('',*,*,#674,.T.);
#455=ORIENTED_EDGE('',*,*,#737,.T.);
#456=ORIENTED_EDGE('',*,*,#820,.F.);
#457=ORIENTED_EDGE('',*,*,#821,.F.);
#458=ORIENTED_EDGE('',*,*,#818,.T.);
#459=ORIENTED_EDGE('',*,*,#822,.T.);
#460=ORIENTED_EDGE('',*,*,#696,.T.);
#461=ORIENTED_EDGE('',*,*,#736,.F.);
#462=ORIENTED_EDGE('',*,*,#676,.F.);
#463=ORIENTED_EDGE('',*,*,#823,.T.);
#464=ORIENTED_EDGE('',*,*,#820,.T.);
#465=ORIENTED_EDGE('',*,*,#822,.F.);
#466=ORIENTED_EDGE('',*,*,#675,.F.);
#467=ORIENTED_EDGE('',*,*,#819,.T.);
#468=ORIENTED_EDGE('',*,*,#821,.T.);
#469=ORIENTED_EDGE('',*,*,#823,.F.);
#470=ORIENTED_EDGE('',*,*,#742,.F.);
#471=ORIENTED_EDGE('',*,*,#710,.F.);
#472=ORIENTED_EDGE('',*,*,#824,.T.);
#473=ORIENTED_EDGE('',*,*,#825,.T.);
#474=ORIENTED_EDGE('',*,*,#744,.T.);
#475=ORIENTED_EDGE('',*,*,#826,.F.);
#476=ORIENTED_EDGE('',*,*,#827,.F.);
#477=ORIENTED_EDGE('',*,*,#708,.T.);
#478=ORIENTED_EDGE('',*,*,#743,.T.);
#479=ORIENTED_EDGE('',*,*,#825,.F.);
#480=ORIENTED_EDGE('',*,*,#828,.F.);
#481=ORIENTED_EDGE('',*,*,#826,.T.);
#482=ORIENTED_EDGE('',*,*,#829,.T.);
#483=ORIENTED_EDGE('',*,*,#700,.T.);
#484=ORIENTED_EDGE('',*,*,#824,.F.);
#485=ORIENTED_EDGE('',*,*,#709,.F.);
#486=ORIENTED_EDGE('',*,*,#827,.T.);
#487=ORIENTED_EDGE('',*,*,#828,.T.);
#488=ORIENTED_EDGE('',*,*,#829,.F.);
#489=ORIENTED_EDGE('',*,*,#830,.T.);
#490=ORIENTED_EDGE('',*,*,#702,.T.);
#491=ORIENTED_EDGE('',*,*,#831,.F.);
#492=ORIENTED_EDGE('',*,*,#730,.T.);
#493=ORIENTED_EDGE('',*,*,#830,.F.);
#494=ORIENTED_EDGE('',*,*,#831,.T.);
#495=ORIENTED_EDGE('',*,*,#739,.F.);
#496=ORIENTED_EDGE('',*,*,#672,.F.);
#497=ORIENTED_EDGE('',*,*,#832,.T.);
#498=ORIENTED_EDGE('',*,*,#833,.T.);
#499=ORIENTED_EDGE('',*,*,#741,.T.);
#500=ORIENTED_EDGE('',*,*,#834,.F.);
#501=ORIENTED_EDGE('',*,*,#835,.F.);
#502=ORIENTED_EDGE('',*,*,#703,.T.);
#503=ORIENTED_EDGE('',*,*,#740,.T.);
#504=ORIENTED_EDGE('',*,*,#833,.F.);
#505=ORIENTED_EDGE('',*,*,#836,.F.);
#506=ORIENTED_EDGE('',*,*,#834,.T.);
#507=ORIENTED_EDGE('',*,*,#837,.T.);
#508=ORIENTED_EDGE('',*,*,#698,.T.);
#509=ORIENTED_EDGE('',*,*,#832,.F.);
#510=ORIENTED_EDGE('',*,*,#671,.F.);
#511=ORIENTED_EDGE('',*,*,#771,.T.);
#512=ORIENTED_EDGE('',*,*,#704,.F.);
#513=ORIENTED_EDGE('',*,*,#835,.T.);
#514=ORIENTED_EDGE('',*,*,#836,.T.);
#515=ORIENTED_EDGE('',*,*,#837,.F.);
#516=ORIENTED_EDGE('',*,*,#838,.T.);
#517=ORIENTED_EDGE('',*,*,#839,.T.);
#518=ORIENTED_EDGE('',*,*,#840,.F.);
#519=ORIENTED_EDGE('',*,*,#841,.F.);
#520=ORIENTED_EDGE('',*,*,#842,.T.);
#521=ORIENTED_EDGE('',*,*,#843,.T.);
#522=ORIENTED_EDGE('',*,*,#844,.T.);
#523=ORIENTED_EDGE('',*,*,#680,.T.);
#524=ORIENTED_EDGE('',*,*,#845,.T.);
#525=ORIENTED_EDGE('',*,*,#783,.T.);
#526=ORIENTED_EDGE('',*,*,#846,.T.);
#527=ORIENTED_EDGE('',*,*,#686,.T.);
#528=ORIENTED_EDGE('',*,*,#682,.T.);
#529=ORIENTED_EDGE('',*,*,#847,.T.);
#530=ORIENTED_EDGE('',*,*,#662,.F.);
#531=ORIENTED_EDGE('',*,*,#848,.T.);
#532=ORIENTED_EDGE('',*,*,#666,.T.);
#533=ORIENTED_EDGE('',*,*,#849,.T.);
#534=ORIENTED_EDGE('',*,*,#684,.F.);
#535=ORIENTED_EDGE('',*,*,#850,.T.);
#536=ORIENTED_EDGE('',*,*,#841,.T.);
#537=ORIENTED_EDGE('',*,*,#851,.F.);
#538=ORIENTED_EDGE('',*,*,#852,.F.);
#539=ORIENTED_EDGE('',*,*,#853,.T.);
#540=ORIENTED_EDGE('',*,*,#840,.T.);
#541=ORIENTED_EDGE('',*,*,#854,.T.);
#542=ORIENTED_EDGE('',*,*,#855,.T.);
#543=ORIENTED_EDGE('',*,*,#856,.F.);
#544=ORIENTED_EDGE('',*,*,#851,.T.);
#545=ORIENTED_EDGE('',*,*,#857,.T.);
#546=ORIENTED_EDGE('',*,*,#858,.T.);
#547=ORIENTED_EDGE('',*,*,#842,.F.);
#548=ORIENTED_EDGE('',*,*,#853,.F.);
#549=ORIENTED_EDGE('',*,*,#859,.T.);
#550=ORIENTED_EDGE('',*,*,#852,.T.);
#551=ORIENTED_EDGE('',*,*,#856,.T.);
#552=ORIENTED_EDGE('',*,*,#860,.T.);
#553=ORIENTED_EDGE('',*,*,#664,.T.);
#554=ORIENTED_EDGE('',*,*,#861,.T.);
#555=ORIENTED_EDGE('',*,*,#859,.F.);
#556=ORIENTED_EDGE('',*,*,#850,.F.);
#557=ORIENTED_EDGE('',*,*,#683,.F.);
#558=ORIENTED_EDGE('',*,*,#848,.F.);
#559=ORIENTED_EDGE('',*,*,#667,.F.);
#560=ORIENTED_EDGE('',*,*,#861,.F.);
#561=ORIENTED_EDGE('',*,*,#862,.T.);
#562=ORIENTED_EDGE('',*,*,#857,.F.);
#563=ORIENTED_EDGE('',*,*,#855,.F.);
#564=ORIENTED_EDGE('',*,*,#863,.T.);
#565=ORIENTED_EDGE('',*,*,#860,.F.);
#566=ORIENTED_EDGE('',*,*,#713,.F.);
#567=ORIENTED_EDGE('',*,*,#651,.T.);
#568=ORIENTED_EDGE('',*,*,#864,.T.);
#569=ORIENTED_EDGE('',*,*,#657,.F.);
#570=ORIENTED_EDGE('',*,*,#864,.F.);
#571=ORIENTED_EDGE('',*,*,#654,.T.);
#572=ORIENTED_EDGE('',*,*,#729,.T.);
#573=ORIENTED_EDGE('',*,*,#660,.F.);
#574=ORIENTED_EDGE('',*,*,#649,.F.);
#575=ORIENTED_EDGE('',*,*,#712,.T.);
#576=ORIENTED_EDGE('',*,*,#655,.T.);
#577=ORIENTED_EDGE('',*,*,#865,.F.);
#578=ORIENTED_EDGE('',*,*,#652,.F.);
#579=ORIENTED_EDGE('',*,*,#865,.T.);
#580=ORIENTED_EDGE('',*,*,#659,.T.);
#581=ORIENTED_EDGE('',*,*,#728,.T.);
#582=ORIENTED_EDGE('',*,*,#690,.F.);
#583=ORIENTED_EDGE('',*,*,#866,.T.);
#584=ORIENTED_EDGE('',*,*,#780,.F.);
#585=ORIENTED_EDGE('',*,*,#867,.F.);
#586=ORIENTED_EDGE('',*,*,#778,.F.);
#587=ORIENTED_EDGE('',*,*,#868,.T.);
#588=ORIENTED_EDGE('',*,*,#668,.F.);
#589=ORIENTED_EDGE('',*,*,#869,.T.);
#590=ORIENTED_EDGE('',*,*,#691,.T.);
#591=ORIENTED_EDGE('',*,*,#867,.T.);
#592=ORIENTED_EDGE('',*,*,#779,.T.);
#593=ORIENTED_EDGE('',*,*,#869,.F.);
#594=ORIENTED_EDGE('',*,*,#784,.F.);
#595=ORIENTED_EDGE('',*,*,#845,.F.);
#596=ORIENTED_EDGE('',*,*,#679,.F.);
#597=ORIENTED_EDGE('',*,*,#639,.F.);
#598=ORIENTED_EDGE('',*,*,#687,.F.);
#599=ORIENTED_EDGE('',*,*,#846,.F.);
#600=ORIENTED_EDGE('',*,*,#782,.F.);
#601=ORIENTED_EDGE('',*,*,#694,.F.);
#602=ORIENTED_EDGE('',*,*,#681,.F.);
#603=ORIENTED_EDGE('',*,*,#844,.F.);
#604=ORIENTED_EDGE('',*,*,#870,.F.);
#605=ORIENTED_EDGE('',*,*,#847,.F.);
#606=ORIENTED_EDGE('',*,*,#862,.F.);
#607=ORIENTED_EDGE('',*,*,#663,.F.);
#608=ORIENTED_EDGE('',*,*,#870,.T.);
#609=ORIENTED_EDGE('',*,*,#843,.F.);
#610=ORIENTED_EDGE('',*,*,#858,.F.);
#611=ORIENTED_EDGE('',*,*,#685,.F.);
#612=ORIENTED_EDGE('',*,*,#849,.F.);
#613=ORIENTED_EDGE('',*,*,#871,.F.);
#614=ORIENTED_EDGE('',*,*,#838,.F.);
#615=ORIENTED_EDGE('',*,*,#871,.T.);
#616=ORIENTED_EDGE('',*,*,#665,.F.);
#617=ORIENTED_EDGE('',*,*,#863,.F.);
#618=ORIENTED_EDGE('',*,*,#854,.F.);
#619=ORIENTED_EDGE('',*,*,#839,.F.);
#620=ORIENTED_EDGE('',*,*,#669,.F.);
#621=ORIENTED_EDGE('',*,*,#868,.F.);
#622=ORIENTED_EDGE('',*,*,#777,.F.);
#623=ORIENTED_EDGE('',*,*,#629,.F.);
#624=ORIENTED_EDGE('',*,*,#689,.F.);
#625=ORIENTED_EDGE('',*,*,#693,.F.);
#626=ORIENTED_EDGE('',*,*,#781,.F.);
#627=ORIENTED_EDGE('',*,*,#866,.F.);
#628=EDGE_CURVE('',#872,#873,#1044,.T.);
#629=EDGE_CURVE('',#873,#874,#1045,.T.);
#630=EDGE_CURVE('',#874,#875,#1046,.T.);
#631=EDGE_CURVE('',#875,#876,#59,.T.);
#632=EDGE_CURVE('',#876,#877,#1047,.T.);
#633=EDGE_CURVE('',#877,#878,#60,.T.);
#634=EDGE_CURVE('',#879,#878,#1048,.T.);
#635=EDGE_CURVE('',#879,#880,#61,.T.);
#636=EDGE_CURVE('',#881,#880,#1049,.T.);
#637=EDGE_CURVE('',#881,#882,#62,.T.);
#638=EDGE_CURVE('',#882,#883,#1050,.T.);
#639=EDGE_CURVE('',#883,#884,#1051,.T.);
#640=EDGE_CURVE('',#884,#885,#1052,.T.);
#641=EDGE_CURVE('',#886,#885,#63,.T.);
#642=EDGE_CURVE('',#887,#886,#1053,.T.);
#643=EDGE_CURVE('',#888,#887,#64,.T.);
#644=EDGE_CURVE('',#889,#888,#1054,.T.);
#645=EDGE_CURVE('',#890,#889,#65,.T.);
#646=EDGE_CURVE('',#890,#891,#1055,.T.);
#647=EDGE_CURVE('',#872,#891,#66,.T.);
#648=EDGE_CURVE('',#892,#893,#1056,.T.);
#649=EDGE_CURVE('',#893,#894,#1057,.T.);
#650=EDGE_CURVE('',#895,#894,#1058,.T.);
#651=EDGE_CURVE('',#892,#895,#1059,.T.);
#652=EDGE_CURVE('',#894,#896,#1060,.T.);
#653=EDGE_CURVE('',#896,#897,#1061,.T.);
#654=EDGE_CURVE('',#895,#897,#1062,.T.);
#655=EDGE_CURVE('',#898,#899,#1063,.T.);
#656=EDGE_CURVE('',#900,#898,#1064,.T.);
#657=EDGE_CURVE('',#900,#901,#1065,.T.);
#658=EDGE_CURVE('',#901,#899,#1066,.T.);
#659=EDGE_CURVE('',#899,#902,#1067,.T.);
#660=EDGE_CURVE('',#901,#903,#1068,.T.);
#661=EDGE_CURVE('',#902,#903,#1069,.T.);
#662=EDGE_CURVE('',#904,#905,#1070,.T.);
#663=EDGE_CURVE('',#905,#906,#67,.F.);
#664=EDGE_CURVE('',#907,#906,#68,.T.);
#665=EDGE_CURVE('',#907,#908,#69,.F.);
#666=EDGE_CURVE('',#909,#908,#1071,.T.);
#667=EDGE_CURVE('',#909,#904,#18,.F.);
#668=EDGE_CURVE('',#910,#911,#1072,.T.);
#669=EDGE_CURVE('',#911,#873,#70,.F.);
#670=EDGE_CURVE('',#872,#912,#1073,.T.);
#671=EDGE_CURVE('',#912,#913,#1074,.T.);
#672=EDGE_CURVE('',#913,#914,#1075,.T.);
#673=EDGE_CURVE('',#914,#915,#1076,.T.);
#674=EDGE_CURVE('',#916,#915,#1077,.T.);
#675=EDGE_CURVE('',#916,#917,#1078,.T.);
#676=EDGE_CURVE('',#917,#918,#1079,.T.);
#677=EDGE_CURVE('',#918,#919,#1080,.T.);
#678=EDGE_CURVE('',#885,#919,#1081,.T.);
#679=EDGE_CURVE('',#884,#920,#71,.T.);
#680=EDGE_CURVE('',#921,#920,#1082,.T.);
#681=EDGE_CURVE('',#921,#922,#72,.T.);
#682=EDGE_CURVE('',#923,#922,#1083,.T.);
#683=EDGE_CURVE('',#923,#924,#1084,.T.);
#684=EDGE_CURVE('',#924,#925,#1085,.T.);
#685=EDGE_CURVE('',#925,#926,#73,.T.);
#686=EDGE_CURVE('',#927,#926,#1086,.T.);
#687=EDGE_CURVE('',#927,#928,#74,.T.);
#688=EDGE_CURVE('',#929,#928,#1087,.T.);
#689=EDGE_CURVE('',#929,#930,#75,.F.);
#690=EDGE_CURVE('',#930,#931,#1088,.T.);
#691=EDGE_CURVE('',#910,#931,#76,.F.);
#692=EDGE_CURVE('',#932,#933,#1089,.T.);
#693=EDGE_CURVE('',#933,#929,#1090,.F.);
#694=EDGE_CURVE('',#928,#932,#1091,.T.);
#695=EDGE_CURVE('',#934,#934,#77,.T.);
#696=EDGE_CURVE('',#935,#935,#78,.F.);
#697=EDGE_CURVE('',#936,#936,#79,.T.);
#698=EDGE_CURVE('',#937,#937,#80,.F.);
#699=EDGE_CURVE('',#938,#938,#81,.T.);
#700=EDGE_CURVE('',#939,#939,#82,.F.);
#701=EDGE_CURVE('',#940,#940,#83,.T.);
#702=EDGE_CURVE('',#941,#941,#84,.F.);
#703=EDGE_CURVE('',#942,#943,#1092,.T.);
#704=EDGE_CURVE('',#942,#944,#1093,.T.);
#705=EDGE_CURVE('',#891,#944,#1094,.T.);
#706=EDGE_CURVE('',#890,#945,#1095,.T.);
#707=EDGE_CURVE('',#945,#946,#1096,.T.);
#708=EDGE_CURVE('',#947,#946,#1097,.T.);
#709=EDGE_CURVE('',#947,#948,#1098,.T.);
#710=EDGE_CURVE('',#948,#949,#1099,.T.);
#711=EDGE_CURVE('',#949,#943,#1100,.T.);
#712=EDGE_CURVE('',#893,#898,#1101,.T.);
#713=EDGE_CURVE('',#892,#900,#1102,.T.);
#714=EDGE_CURVE('',#950,#951,#1103,.T.);
#715=EDGE_CURVE('',#951,#952,#1104,.T.);
#716=EDGE_CURVE('',#953,#952,#1105,.T.);
#717=EDGE_CURVE('',#950,#953,#1106,.T.);
#718=EDGE_CURVE('',#954,#955,#1107,.T.);
#719=EDGE_CURVE('',#889,#954,#1108,.T.);
#720=EDGE_CURVE('',#888,#955,#1109,.T.);
#721=EDGE_CURVE('',#956,#957,#1110,.T.);
#722=EDGE_CURVE('',#956,#958,#1111,.T.);
#723=EDGE_CURVE('',#958,#959,#1112,.T.);
#724=EDGE_CURVE('',#957,#959,#1113,.T.);
#725=EDGE_CURVE('',#960,#961,#1114,.T.);
#726=EDGE_CURVE('',#879,#960,#1115,.T.);
#727=EDGE_CURVE('',#878,#961,#1116,.T.);
#728=EDGE_CURVE('',#902,#896,#1117,.T.);
#729=EDGE_CURVE('',#897,#903,#1118,.T.);
#730=EDGE_CURVE('',#962,#962,#85,.T.);
#731=EDGE_CURVE('',#963,#963,#86,.T.);
#732=EDGE_CURVE('',#964,#964,#87,.T.);
#733=EDGE_CURVE('',#965,#965,#88,.T.);
#734=EDGE_CURVE('',#966,#966,#89,.T.);
#735=EDGE_CURVE('',#967,#967,#90,.T.);
#736=EDGE_CURVE('',#918,#968,#1119,.T.);
#737=EDGE_CURVE('',#969,#968,#91,.T.);
#738=EDGE_CURVE('',#915,#969,#1120,.T.);
#739=EDGE_CURVE('',#914,#970,#1121,.T.);
#740=EDGE_CURVE('',#971,#970,#92,.T.);
#741=EDGE_CURVE('',#943,#971,#1122,.T.);
#742=EDGE_CURVE('',#949,#972,#1123,.T.);
#743=EDGE_CURVE('',#973,#972,#93,.T.);
#744=EDGE_CURVE('',#946,#973,#1124,.T.);
#745=EDGE_CURVE('',#945,#954,#94,.T.);
#746=EDGE_CURVE('',#955,#974,#95,.T.);
#747=EDGE_CURVE('',#974,#975,#1125,.T.);
#748=EDGE_CURVE('',#975,#919,#96,.T.);
#749=EDGE_CURVE('',#976,#977,#1126,.T.);
#750=EDGE_CURVE('',#976,#978,#1127,.T.);
#751=EDGE_CURVE('',#978,#979,#1128,.T.);
#752=EDGE_CURVE('',#977,#979,#1129,.T.);
#753=EDGE_CURVE('',#980,#981,#1130,.T.);
#754=EDGE_CURVE('',#980,#982,#1131,.T.);
#755=EDGE_CURVE('',#982,#983,#1132,.T.);
#756=EDGE_CURVE('',#981,#983,#1133,.T.);
#757=EDGE_CURVE('',#984,#984,#97,.T.);
#758=EDGE_CURVE('',#985,#985,#98,.T.);
#759=EDGE_CURVE('',#986,#986,#99,.T.);
#760=EDGE_CURVE('',#987,#987,#100,.T.);
#761=EDGE_CURVE('',#988,#988,#101,.T.);
#762=EDGE_CURVE('',#989,#990,#1134,.T.);
#763=EDGE_CURVE('',#991,#989,#102,.T.);
#764=EDGE_CURVE('',#992,#991,#1135,.T.);
#765=EDGE_CURVE('',#993,#992,#103,.T.);
#766=EDGE_CURVE('',#993,#994,#1136,.T.);
#767=EDGE_CURVE('',#960,#994,#104,.T.);
#768=EDGE_CURVE('',#990,#961,#105,.T.);
#769=EDGE_CURVE('',#887,#974,#1137,.T.);
#770=EDGE_CURVE('',#886,#975,#1138,.T.);
#771=EDGE_CURVE('',#912,#944,#106,.T.);
#772=EDGE_CURVE('',#877,#990,#1139,.T.);
#773=EDGE_CURVE('',#876,#989,#1140,.T.);
#774=EDGE_CURVE('',#880,#994,#1141,.T.);
#775=EDGE_CURVE('',#881,#993,#1142,.T.);
#776=EDGE_CURVE('',#882,#992,#1143,.T.);
#777=EDGE_CURVE('',#874,#995,#107,.F.);
#778=EDGE_CURVE('',#995,#996,#1144,.T.);
#779=EDGE_CURVE('',#997,#996,#108,.T.);
#780=EDGE_CURVE('',#997,#998,#1145,.T.);
#781=EDGE_CURVE('',#998,#933,#109,.F.);
#782=EDGE_CURVE('',#932,#999,#110,.T.);
#783=EDGE_CURVE('',#1000,#999,#1146,.T.);
#784=EDGE_CURVE('',#1000,#883,#111,.T.);
#785=EDGE_CURVE('',#875,#991,#1147,.T.);
#786=EDGE_CURVE('',#1001,#1001,#112,.T.);
#787=EDGE_CURVE('',#1002,#1002,#113,.T.);
#788=EDGE_CURVE('',#1003,#1003,#114,.T.);
#789=EDGE_CURVE('',#1004,#1004,#115,.T.);
#790=EDGE_CURVE('',#1005,#1005,#116,.T.);
#791=EDGE_CURVE('',#1006,#1006,#117,.T.);
#792=EDGE_CURVE('',#1007,#1007,#118,.T.);
#793=EDGE_CURVE('',#1008,#1008,#119,.T.);
#794=EDGE_CURVE('',#1009,#1009,#120,.T.);
#795=EDGE_CURVE('',#1010,#1010,#121,.T.);
#796=EDGE_CURVE('',#1011,#1011,#122,.T.);
#797=EDGE_CURVE('',#1012,#1012,#123,.T.);
#798=EDGE_CURVE('',#1013,#976,#1148,.T.);
#799=EDGE_CURVE('',#1013,#1014,#1149,.T.);
#800=EDGE_CURVE('',#1014,#978,#1150,.T.);
#801=EDGE_CURVE('',#1015,#977,#1151,.T.);
#802=EDGE_CURVE('',#1013,#1015,#1152,.T.);
#803=EDGE_CURVE('',#1016,#979,#1153,.T.);
#804=EDGE_CURVE('',#1015,#1016,#1154,.T.);
#805=EDGE_CURVE('',#1014,#1016,#1155,.T.);
#806=EDGE_CURVE('',#1017,#980,#1156,.T.);
#807=EDGE_CURVE('',#1017,#1018,#1157,.T.);
#808=EDGE_CURVE('',#1018,#982,#1158,.T.);
#809=EDGE_CURVE('',#1019,#981,#1159,.T.);
#810=EDGE_CURVE('',#1017,#1019,#1160,.T.);
#811=EDGE_CURVE('',#1020,#983,#1161,.T.);
#812=EDGE_CURVE('',#1019,#1020,#1162,.T.);
#813=EDGE_CURVE('',#1018,#1020,#1163,.T.);
#814=EDGE_CURVE('',#952,#959,#1164,.T.);
#815=EDGE_CURVE('',#953,#958,#1165,.T.);
#816=EDGE_CURVE('',#950,#956,#1166,.T.);
#817=EDGE_CURVE('',#951,#957,#1167,.T.);
#818=EDGE_CURVE('',#1021,#969,#1168,.T.);
#819=EDGE_CURVE('',#916,#1021,#1169,.T.);
#820=EDGE_CURVE('',#1022,#968,#1170,.T.);
#821=EDGE_CURVE('',#1021,#1022,#124,.T.);
#822=EDGE_CURVE('',#1023,#1023,#125,.T.);
#823=EDGE_CURVE('',#917,#1022,#1171,.T.);
#824=EDGE_CURVE('',#948,#1024,#1172,.T.);
#825=EDGE_CURVE('',#1024,#972,#1173,.T.);
#826=EDGE_CURVE('',#1025,#973,#1174,.T.);
#827=EDGE_CURVE('',#947,#1025,#1175,.T.);
#828=EDGE_CURVE('',#1025,#1024,#126,.T.);
#829=EDGE_CURVE('',#1026,#1026,#127,.T.);
#830=EDGE_CURVE('',#1027,#1027,#128,.T.);
#831=EDGE_CURVE('',#1028,#1028,#129,.T.);
#832=EDGE_CURVE('',#913,#1029,#1176,.T.);
#833=EDGE_CURVE('',#1029,#970,#1177,.T.);
#834=EDGE_CURVE('',#1030,#971,#1178,.T.);
#835=EDGE_CURVE('',#942,#1030,#1179,.T.);
#836=EDGE_CURVE('',#1030,#1029,#130,.T.);
#837=EDGE_CURVE('',#1031,#1031,#131,.T.);
#838=EDGE_CURVE('',#926,#1032,#1180,.F.);
#839=EDGE_CURVE('',#1032,#1033,#132,.T.);
#840=EDGE_CURVE('',#1034,#1033,#1181,.T.);
#841=EDGE_CURVE('',#1035,#1034,#133,.T.);
#842=EDGE_CURVE('',#1035,#1036,#1182,.T.);
#843=EDGE_CURVE('',#1036,#1037,#134,.T.);
#844=EDGE_CURVE('',#1037,#921,#1183,.T.);
#845=EDGE_CURVE('',#920,#1000,#1184,.F.);
#846=EDGE_CURVE('',#999,#927,#1185,.F.);
#847=EDGE_CURVE('',#922,#905,#1186,.F.);
#848=EDGE_CURVE('',#904,#923,#1187,.F.);
#849=EDGE_CURVE('',#908,#925,#1188,.T.);
#850=EDGE_CURVE('',#924,#909,#1189,.F.);
#851=EDGE_CURVE('',#1038,#1034,#1190,.T.);
#852=EDGE_CURVE('',#1039,#1038,#135,.T.);
#853=EDGE_CURVE('',#1039,#1035,#1191,.T.);
#854=EDGE_CURVE('',#1033,#1040,#14,.T.);
#855=EDGE_CURVE('',#1040,#1041,#1192,.T.);
#856=EDGE_CURVE('',#1038,#1041,#1193,.T.);
#857=EDGE_CURVE('',#1042,#1043,#1194,.T.);
#858=EDGE_CURVE('',#1043,#1036,#15,.T.);
#859=EDGE_CURVE('',#1039,#1042,#1195,.T.);
#860=EDGE_CURVE('',#1041,#907,#136,.F.);
#861=EDGE_CURVE('',#906,#1042,#137,.F.);
#862=EDGE_CURVE('',#906,#1043,#16,.F.);
#863=EDGE_CURVE('',#1040,#907,#17,.T.);
#864=EDGE_CURVE('',#895,#901,#1196,.T.);
#865=EDGE_CURVE('',#894,#899,#1197,.T.);
#866=EDGE_CURVE('',#930,#998,#1198,.T.);
#867=EDGE_CURVE('',#931,#997,#1199,.T.);
#868=EDGE_CURVE('',#995,#911,#1200,.F.);
#869=EDGE_CURVE('',#910,#996,#1201,.T.);
#870=EDGE_CURVE('',#905,#1037,#138,.T.);
#871=EDGE_CURVE('',#1032,#908,#139,.T.);
#872=VERTEX_POINT('',#2583);
#873=VERTEX_POINT('',#2584);
#874=VERTEX_POINT('',#2586);
#875=VERTEX_POINT('',#2588);
#876=VERTEX_POINT('',#2590);
#877=VERTEX_POINT('',#2592);
#878=VERTEX_POINT('',#2594);
#879=VERTEX_POINT('',#2596);
#880=VERTEX_POINT('',#2598);
#881=VERTEX_POINT('',#2600);
#882=VERTEX_POINT('',#2602);
#883=VERTEX_POINT('',#2604);
#884=VERTEX_POINT('',#2606);
#885=VERTEX_POINT('',#2608);
#886=VERTEX_POINT('',#2610);
#887=VERTEX_POINT('',#2612);
#888=VERTEX_POINT('',#2614);
#889=VERTEX_POINT('',#2616);
#890=VERTEX_POINT('',#2618);
#891=VERTEX_POINT('',#2620);
#892=VERTEX_POINT('',#2624);
#893=VERTEX_POINT('',#2625);
#894=VERTEX_POINT('',#2627);
#895=VERTEX_POINT('',#2629);
#896=VERTEX_POINT('',#2633);
#897=VERTEX_POINT('',#2635);
#898=VERTEX_POINT('',#2639);
#899=VERTEX_POINT('',#2640);
#900=VERTEX_POINT('',#2642);
#901=VERTEX_POINT('',#2644);
#902=VERTEX_POINT('',#2648);
#903=VERTEX_POINT('',#2650);
#904=VERTEX_POINT('',#2654);
#905=VERTEX_POINT('',#2655);
#906=VERTEX_POINT('',#2657);
#907=VERTEX_POINT('',#2659);
#908=VERTEX_POINT('',#2661);
#909=VERTEX_POINT('',#2663);
#910=VERTEX_POINT('',#2667);
#911=VERTEX_POINT('',#2668);
#912=VERTEX_POINT('',#2671);
#913=VERTEX_POINT('',#2673);
#914=VERTEX_POINT('',#2675);
#915=VERTEX_POINT('',#2677);
#916=VERTEX_POINT('',#2679);
#917=VERTEX_POINT('',#2681);
#918=VERTEX_POINT('',#2683);
#919=VERTEX_POINT('',#2685);
#920=VERTEX_POINT('',#2688);
#921=VERTEX_POINT('',#2690);
#922=VERTEX_POINT('',#2692);
#923=VERTEX_POINT('',#2694);
#924=VERTEX_POINT('',#2696);
#925=VERTEX_POINT('',#2698);
#926=VERTEX_POINT('',#2700);
#927=VERTEX_POINT('',#2702);
#928=VERTEX_POINT('',#2704);
#929=VERTEX_POINT('',#2706);
#930=VERTEX_POINT('',#2708);
#931=VERTEX_POINT('',#2710);
#932=VERTEX_POINT('',#2714);
#933=VERTEX_POINT('',#2715);
#934=VERTEX_POINT('',#2720);
#935=VERTEX_POINT('',#2722);
#936=VERTEX_POINT('',#2725);
#937=VERTEX_POINT('',#2727);
#938=VERTEX_POINT('',#2730);
#939=VERTEX_POINT('',#2732);
#940=VERTEX_POINT('',#2735);
#941=VERTEX_POINT('',#2737);
#942=VERTEX_POINT('',#2740);
#943=VERTEX_POINT('',#2741);
#944=VERTEX_POINT('',#2743);
#945=VERTEX_POINT('',#2746);
#946=VERTEX_POINT('',#2748);
#947=VERTEX_POINT('',#2750);
#948=VERTEX_POINT('',#2752);
#949=VERTEX_POINT('',#2754);
#950=VERTEX_POINT('',#2760);
#951=VERTEX_POINT('',#2761);
#952=VERTEX_POINT('',#2763);
#953=VERTEX_POINT('',#2765);
#954=VERTEX_POINT('',#2768);
#955=VERTEX_POINT('',#2769);
#956=VERTEX_POINT('',#2774);
#957=VERTEX_POINT('',#2775);
#958=VERTEX_POINT('',#2777);
#959=VERTEX_POINT('',#2779);
#960=VERTEX_POINT('',#2782);
#961=VERTEX_POINT('',#2783);
#962=VERTEX_POINT('',#2790);
#963=VERTEX_POINT('',#2792);
#964=VERTEX_POINT('',#2794);
#965=VERTEX_POINT('',#2796);
#966=VERTEX_POINT('',#2798);
#967=VERTEX_POINT('',#2800);
#968=VERTEX_POINT('',#2802);
#969=VERTEX_POINT('',#2804);
#970=VERTEX_POINT('',#2807);
#971=VERTEX_POINT('',#2809);
#972=VERTEX_POINT('',#2812);
#973=VERTEX_POINT('',#2814);
#974=VERTEX_POINT('',#2818);
#975=VERTEX_POINT('',#2820);
#976=VERTEX_POINT('',#2823);
#977=VERTEX_POINT('',#2824);
#978=VERTEX_POINT('',#2826);
#979=VERTEX_POINT('',#2828);
#980=VERTEX_POINT('',#2831);
#981=VERTEX_POINT('',#2832);
#982=VERTEX_POINT('',#2834);
#983=VERTEX_POINT('',#2836);
#984=VERTEX_POINT('',#2840);
#985=VERTEX_POINT('',#2843);
#986=VERTEX_POINT('',#2846);
#987=VERTEX_POINT('',#2849);
#988=VERTEX_POINT('',#2852);
#989=VERTEX_POINT('',#2855);
#990=VERTEX_POINT('',#2856);
#991=VERTEX_POINT('',#2858);
#992=VERTEX_POINT('',#2860);
#993=VERTEX_POINT('',#2862);
#994=VERTEX_POINT('',#2864);
#995=VERTEX_POINT('',#2887);
#996=VERTEX_POINT('',#2889);
#997=VERTEX_POINT('',#2891);
#998=VERTEX_POINT('',#2893);
#999=VERTEX_POINT('',#2896);
#1000=VERTEX_POINT('',#2898);
#1001=VERTEX_POINT('',#2904);
#1002=VERTEX_POINT('',#2907);
#1003=VERTEX_POINT('',#2910);
#1004=VERTEX_POINT('',#2913);
#1005=VERTEX_POINT('',#2916);
#1006=VERTEX_POINT('',#2919);
#1007=VERTEX_POINT('',#2922);
#1008=VERTEX_POINT('',#2925);
#1009=VERTEX_POINT('',#2928);
#1010=VERTEX_POINT('',#2932);
#1011=VERTEX_POINT('',#2936);
#1012=VERTEX_POINT('',#2940);
#1013=VERTEX_POINT('',#2944);
#1014=VERTEX_POINT('',#2946);
#1015=VERTEX_POINT('',#2950);
#1016=VERTEX_POINT('',#2954);
#1017=VERTEX_POINT('',#2961);
#1018=VERTEX_POINT('',#2963);
#1019=VERTEX_POINT('',#2967);
#1020=VERTEX_POINT('',#2971);
#1021=VERTEX_POINT('',#2986);
#1022=VERTEX_POINT('',#2990);
#1023=VERTEX_POINT('',#2994);
#1024=VERTEX_POINT('',#3000);
#1025=VERTEX_POINT('',#3004);
#1026=VERTEX_POINT('',#3010);
#1027=VERTEX_POINT('',#3014);
#1028=VERTEX_POINT('',#3017);
#1029=VERTEX_POINT('',#3021);
#1030=VERTEX_POINT('',#3025);
#1031=VERTEX_POINT('',#3031);
#1032=VERTEX_POINT('',#3035);
#1033=VERTEX_POINT('',#3037);
#1034=VERTEX_POINT('',#3039);
#1035=VERTEX_POINT('',#3041);
#1036=VERTEX_POINT('',#3043);
#1037=VERTEX_POINT('',#3045);
#1038=VERTEX_POINT('',#3057);
#1039=VERTEX_POINT('',#3059);
#1040=VERTEX_POINT('',#3066);
#1041=VERTEX_POINT('',#3068);
#1042=VERTEX_POINT('',#3072);
#1043=VERTEX_POINT('',#3073);
#1044=LINE('',#2582,#1202);
#1045=LINE('',#2585,#1203);
#1046=LINE('',#2587,#1204);
#1047=LINE('',#2591,#1205);
#1048=LINE('',#2595,#1206);
#1049=LINE('',#2599,#1207);
#1050=LINE('',#2603,#1208);
#1051=LINE('',#2605,#1209);
#1052=LINE('',#2607,#1210);
#1053=LINE('',#2611,#1211);
#1054=LINE('',#2615,#1212);
#1055=LINE('',#2619,#1213);
#1056=LINE('',#2623,#1214);
#1057=LINE('',#2626,#1215);
#1058=LINE('',#2628,#1216);
#1059=LINE('',#2630,#1217);
#1060=LINE('',#2632,#1218);
#1061=LINE('',#2634,#1219);
#1062=LINE('',#2636,#1220);
#1063=LINE('',#2638,#1221);
#1064=LINE('',#2641,#1222);
#1065=LINE('',#2643,#1223);
#1066=LINE('',#2645,#1224);
#1067=LINE('',#2647,#1225);
#1068=LINE('',#2649,#1226);
#1069=LINE('',#2651,#1227);
#1070=LINE('',#2653,#1228);
#1071=LINE('',#2662,#1229);
#1072=LINE('',#2666,#1230);
#1073=LINE('',#2670,#1231);
#1074=LINE('',#2672,#1232);
#1075=LINE('',#2674,#1233);
#1076=LINE('',#2676,#1234);
#1077=LINE('',#2678,#1235);
#1078=LINE('',#2680,#1236);
#1079=LINE('',#2682,#1237);
#1080=LINE('',#2684,#1238);
#1081=LINE('',#2686,#1239);
#1082=LINE('',#2689,#1240);
#1083=LINE('',#2693,#1241);
#1084=LINE('',#2695,#1242);
#1085=LINE('',#2697,#1243);
#1086=LINE('',#2701,#1244);
#1087=LINE('',#2705,#1245);
#1088=LINE('',#2709,#1246);
#1089=LINE('',#2713,#1247);
#1090=LINE('',#2716,#1248);
#1091=LINE('',#2717,#1249);
#1092=LINE('',#2739,#1250);
#1093=LINE('',#2742,#1251);
#1094=LINE('',#2744,#1252);
#1095=LINE('',#2745,#1253);
#1096=LINE('',#2747,#1254);
#1097=LINE('',#2749,#1255);
#1098=LINE('',#2751,#1256);
#1099=LINE('',#2753,#1257);
#1100=LINE('',#2755,#1258);
#1101=LINE('',#2757,#1259);
#1102=LINE('',#2758,#1260);
#1103=LINE('',#2759,#1261);
#1104=LINE('',#2762,#1262);
#1105=LINE('',#2764,#1263);
#1106=LINE('',#2766,#1264);
#1107=LINE('',#2767,#1265);
#1108=LINE('',#2770,#1266);
#1109=LINE('',#2771,#1267);
#1110=LINE('',#2773,#1268);
#1111=LINE('',#2776,#1269);
#1112=LINE('',#2778,#1270);
#1113=LINE('',#2780,#1271);
#1114=LINE('',#2781,#1272);
#1115=LINE('',#2784,#1273);
#1116=LINE('',#2785,#1274);
#1117=LINE('',#2786,#1275);
#1118=LINE('',#2787,#1276);
#1119=LINE('',#2801,#1277);
#1120=LINE('',#2805,#1278);
#1121=LINE('',#2806,#1279);
#1122=LINE('',#2810,#1280);
#1123=LINE('',#2811,#1281);
#1124=LINE('',#2815,#1282);
#1125=LINE('',#2819,#1283);
#1126=LINE('',#2822,#1284);
#1127=LINE('',#2825,#1285);
#1128=LINE('',#2827,#1286);
#1129=LINE('',#2829,#1287);
#1130=LINE('',#2830,#1288);
#1131=LINE('',#2833,#1289);
#1132=LINE('',#2835,#1290);
#1133=LINE('',#2837,#1291);
#1134=LINE('',#2854,#1292);
#1135=LINE('',#2859,#1293);
#1136=LINE('',#2863,#1294);
#1137=LINE('',#2868,#1295);
#1138=LINE('',#2869,#1296);
#1139=LINE('',#2876,#1297);
#1140=LINE('',#2877,#1298);
#1141=LINE('',#2880,#1299);
#1142=LINE('',#2882,#1300);
#1143=LINE('',#2884,#1301);
#1144=LINE('',#2888,#1302);
#1145=LINE('',#2892,#1303);
#1146=LINE('',#2897,#1304);
#1147=LINE('',#2900,#1305);
#1148=LINE('',#2943,#1306);
#1149=LINE('',#2945,#1307);
#1150=LINE('',#2947,#1308);
#1151=LINE('',#2949,#1309);
#1152=LINE('',#2951,#1310);
#1153=LINE('',#2953,#1311);
#1154=LINE('',#2955,#1312);
#1155=LINE('',#2957,#1313);
#1156=LINE('',#2960,#1314);
#1157=LINE('',#2962,#1315);
#1158=LINE('',#2964,#1316);
#1159=LINE('',#2966,#1317);
#1160=LINE('',#2968,#1318);
#1161=LINE('',#2970,#1319);
#1162=LINE('',#2972,#1320);
#1163=LINE('',#2974,#1321);
#1164=LINE('',#2977,#1322);
#1165=LINE('',#2978,#1323);
#1166=LINE('',#2980,#1324);
#1167=LINE('',#2982,#1325);
#1168=LINE('',#2985,#1326);
#1169=LINE('',#2987,#1327);
#1170=LINE('',#2989,#1328);
#1171=LINE('',#2996,#1329);
#1172=LINE('',#2999,#1330);
#1173=LINE('',#3001,#1331);
#1174=LINE('',#3003,#1332);
#1175=LINE('',#3005,#1333);
#1176=LINE('',#3020,#1334);
#1177=LINE('',#3022,#1335);
#1178=LINE('',#3024,#1336);
#1179=LINE('',#3026,#1337);
#1180=LINE('',#3034,#1338);
#1181=LINE('',#3038,#1339);
#1182=LINE('',#3042,#1340);
#1183=LINE('',#3046,#1341);
#1184=LINE('',#3047,#1342);
#1185=LINE('',#3048,#1343);
#1186=LINE('',#3050,#1344);
#1187=LINE('',#3051,#1345);
#1188=LINE('',#3053,#1346);
#1189=LINE('',#3054,#1347);
#1190=LINE('',#3056,#1348);
#1191=LINE('',#3060,#1349);
#1192=LINE('',#3067,#1350);
#1193=LINE('',#3069,#1351);
#1194=LINE('',#3071,#1352);
#1195=LINE('',#3078,#1353);
#1196=LINE('',#3098,#1354);
#1197=LINE('',#3101,#1355);
#1198=LINE('',#3104,#1356);
#1199=LINE('',#3105,#1357);
#1200=LINE('',#3107,#1358);
#1201=LINE('',#3108,#1359);
#1202=VECTOR('',#2046,1.);
#1203=VECTOR('',#2047,1.);
#1204=VECTOR('',#2048,1.);
#1205=VECTOR('',#2051,1.);
#1206=VECTOR('',#2054,1.);
#1207=VECTOR('',#2057,1.);
#1208=VECTOR('',#2060,1.);
#1209=VECTOR('',#2061,1.);
#1210=VECTOR('',#2062,1.);
#1211=VECTOR('',#2065,1.);
#1212=VECTOR('',#2068,1.);
#1213=VECTOR('',#2071,1.);
#1214=VECTOR('',#2076,1.);
#1215=VECTOR('',#2077,1.);
#1216=VECTOR('',#2078,1.);
#1217=VECTOR('',#2079,1.);
#1218=VECTOR('',#2082,1.);
#1219=VECTOR('',#2083,1.);
#1220=VECTOR('',#2084,1.);
#1221=VECTOR('',#2087,1.);
#1222=VECTOR('',#2088,1.);
#1223=VECTOR('',#2089,1.);
#1224=VECTOR('',#2090,1.);
#1225=VECTOR('',#2093,1.);
#1226=VECTOR('',#2094,1.);
#1227=VECTOR('',#2095,1.);
#1228=VECTOR('',#2098,1.);
#1229=VECTOR('',#2105,1.);
#1230=VECTOR('',#2110,1.);
#1231=VECTOR('',#2113,1.);
#1232=VECTOR('',#2114,1.);
#1233=VECTOR('',#2115,1.);
#1234=VECTOR('',#2116,1.);
#1235=VECTOR('',#2117,1.);
#1236=VECTOR('',#2118,1.);
#1237=VECTOR('',#2119,1.);
#1238=VECTOR('',#2120,1.);
#1239=VECTOR('',#2121,1.);
#1240=VECTOR('',#2124,1.);
#1241=VECTOR('',#2127,1.);
#1242=VECTOR('',#2128,1.);
#1243=VECTOR('',#2129,1.);
#1244=VECTOR('',#2132,1.);
#1245=VECTOR('',#2135,1.);
#1246=VECTOR('',#2138,1.);
#1247=VECTOR('',#2143,1.);
#1248=VECTOR('',#2144,1.);
#1249=VECTOR('',#2145,1.);
#1250=VECTOR('',#2172,1.);
#1251=VECTOR('',#2173,1.);
#1252=VECTOR('',#2174,1.);
#1253=VECTOR('',#2175,1.);
#1254=VECTOR('',#2176,1.);
#1255=VECTOR('',#2177,1.);
#1256=VECTOR('',#2178,1.);
#1257=VECTOR('',#2179,1.);
#1258=VECTOR('',#2180,1.);
#1259=VECTOR('',#2183,1.);
#1260=VECTOR('',#2184,1.);
#1261=VECTOR('',#2185,1.);
#1262=VECTOR('',#2186,1.);
#1263=VECTOR('',#2187,1.);
#1264=VECTOR('',#2188,1.);
#1265=VECTOR('',#2189,1.);
#1266=VECTOR('',#2190,1.);
#1267=VECTOR('',#2191,1.);
#1268=VECTOR('',#2194,1.);
#1269=VECTOR('',#2195,1.);
#1270=VECTOR('',#2196,1.);
#1271=VECTOR('',#2197,1.);
#1272=VECTOR('',#2198,1.);
#1273=VECTOR('',#2199,1.);
#1274=VECTOR('',#2200,1.);
#1275=VECTOR('',#2201,1.);
#1276=VECTOR('',#2202,1.);
#1277=VECTOR('',#2217,1.);
#1278=VECTOR('',#2220,1.);
#1279=VECTOR('',#2221,1.);
#1280=VECTOR('',#2224,1.);
#1281=VECTOR('',#2225,1.);
#1282=VECTOR('',#2228,1.);
#1283=VECTOR('',#2233,1.);
#1284=VECTOR('',#2236,1.);
#1285=VECTOR('',#2237,1.);
#1286=VECTOR('',#2238,1.);
#1287=VECTOR('',#2239,1.);
#1288=VECTOR('',#2240,1.);
#1289=VECTOR('',#2241,1.);
#1290=VECTOR('',#2242,1.);
#1291=VECTOR('',#2243,1.);
#1292=VECTOR('',#2266,1.);
#1293=VECTOR('',#2269,1.);
#1294=VECTOR('',#2272,1.);
#1295=VECTOR('',#2279,1.);
#1296=VECTOR('',#2280,1.);
#1297=VECTOR('',#2293,1.);
#1298=VECTOR('',#2294,1.);
#1299=VECTOR('',#2299,1.);
#1300=VECTOR('',#2302,1.);
#1301=VECTOR('',#2305,1.);
#1302=VECTOR('',#2310,1.);
#1303=VECTOR('',#2313,1.);
#1304=VECTOR('',#2318,1.);
#1305=VECTOR('',#2321,1.);
#1306=VECTOR('',#2382,1.);
#1307=VECTOR('',#2383,1.);
#1308=VECTOR('',#2384,1.);
#1309=VECTOR('',#2387,1.);
#1310=VECTOR('',#2388,1.);
#1311=VECTOR('',#2391,1.);
#1312=VECTOR('',#2392,1.);
#1313=VECTOR('',#2395,1.);
#1314=VECTOR('',#2400,1.);
#1315=VECTOR('',#2401,1.);
#1316=VECTOR('',#2402,1.);
#1317=VECTOR('',#2405,1.);
#1318=VECTOR('',#2406,1.);
#1319=VECTOR('',#2409,1.);
#1320=VECTOR('',#2410,1.);
#1321=VECTOR('',#2413,1.);
#1322=VECTOR('',#2418,1.);
#1323=VECTOR('',#2419,1.);
#1324=VECTOR('',#2422,1.);
#1325=VECTOR('',#2425,1.);
#1326=VECTOR('',#2430,1.);
#1327=VECTOR('',#2431,1.);
#1328=VECTOR('',#2434,1.);
#1329=VECTOR('',#2443,1.);
#1330=VECTOR('',#2448,1.);
#1331=VECTOR('',#2449,1.);
#1332=VECTOR('',#2452,1.);
#1333=VECTOR('',#2453,1.);
#1334=VECTOR('',#2476,1.);
#1335=VECTOR('',#2477,1.);
#1336=VECTOR('',#2480,1.);
#1337=VECTOR('',#2481,1.);
#1338=VECTOR('',#2494,1.);
#1339=VECTOR('',#2497,1.);
#1340=VECTOR('',#2500,1.);
#1341=VECTOR('',#2503,1.);
#1342=VECTOR('',#2504,1.);
#1343=VECTOR('',#2505,1.);
#1344=VECTOR('',#2508,1.);
#1345=VECTOR('',#2509,1.);
#1346=VECTOR('',#2512,1.);
#1347=VECTOR('',#2513,1.);
#1348=VECTOR('',#2516,1.);
#1349=VECTOR('',#2519,1.);
#1350=VECTOR('',#2522,1.);
#1351=VECTOR('',#2523,1.);
#1352=VECTOR('',#2526,1.);
#1353=VECTOR('',#2527,1.);
#1354=VECTOR('',#2542,1.);
#1355=VECTOR('',#2547,1.);
#1356=VECTOR('',#2552,1.);
#1357=VECTOR('',#2553,1.);
#1358=VECTOR('',#2556,1.);
#1359=VECTOR('',#2557,1.);
#1360=EDGE_LOOP('',(#140,#141,#142,#143,#144,#145,#146,#147,#148,#149,#150,
#151,#152,#153,#154,#155,#156,#157,#158,#159));
#1361=EDGE_LOOP('',(#160,#161,#162,#163));
#1362=EDGE_LOOP('',(#164,#165,#166,#167));
#1363=EDGE_LOOP('',(#168,#169,#170,#171));
#1364=EDGE_LOOP('',(#172,#173,#174,#175));
#1365=EDGE_LOOP('',(#176,#177,#178,#179,#180,#181));
#1366=EDGE_LOOP('',(#182,#183,#184,#185,#186,#187,#188,#189,#190,#191,#192,
#193,#194,#195,#196,#197,#198,#199,#200,#201,#202,#203,#204,#205,#206,#207));
#1367=EDGE_LOOP('',(#208,#209,#210,#211));
#1368=EDGE_LOOP('',(#212));
#1369=EDGE_LOOP('',(#213));
#1370=EDGE_LOOP('',(#214));
#1371=EDGE_LOOP('',(#215));
#1372=EDGE_LOOP('',(#216));
#1373=EDGE_LOOP('',(#217));
#1374=EDGE_LOOP('',(#218));
#1375=EDGE_LOOP('',(#219));
#1376=EDGE_LOOP('',(#220,#221,#222,#223,#224,#225,#226,#227,#228,#229));
#1377=EDGE_LOOP('',(#230,#231,#232,#233));
#1378=EDGE_LOOP('',(#234,#235,#236,#237));
#1379=EDGE_LOOP('',(#238,#239,#240,#241));
#1380=EDGE_LOOP('',(#242,#243,#244,#245));
#1381=EDGE_LOOP('',(#246,#247,#248,#249));
#1382=EDGE_LOOP('',(#250,#251,#252,#253));
#1383=EDGE_LOOP('',(#254));
#1384=EDGE_LOOP('',(#255));
#1385=EDGE_LOOP('',(#256));
#1386=EDGE_LOOP('',(#257));
#1387=EDGE_LOOP('',(#258));
#1388=EDGE_LOOP('',(#259));
#1389=EDGE_LOOP('',(#260,#261,#262,#263,#264,#265,#266,#267,#268,#269,#270,
#271,#272,#273,#274,#275,#276,#277));
#1390=EDGE_LOOP('',(#278,#279,#280,#281));
#1391=EDGE_LOOP('',(#282,#283,#284,#285));
#1392=EDGE_LOOP('',(#286));
#1393=EDGE_LOOP('',(#287));
#1394=EDGE_LOOP('',(#288));
#1395=EDGE_LOOP('',(#289));
#1396=EDGE_LOOP('',(#290));
#1397=EDGE_LOOP('',(#291));
#1398=EDGE_LOOP('',(#292));
#1399=EDGE_LOOP('',(#293));
#1400=EDGE_LOOP('',(#294));
#1401=EDGE_LOOP('',(#295));
#1402=EDGE_LOOP('',(#296));
#1403=EDGE_LOOP('',(#297));
#1404=EDGE_LOOP('',(#298));
#1405=EDGE_LOOP('',(#299));
#1406=EDGE_LOOP('',(#300));
#1407=EDGE_LOOP('',(#301,#302,#303,#304,#305,#306,#307,#308));
#1408=EDGE_LOOP('',(#309,#310,#311,#312));
#1409=EDGE_LOOP('',(#313,#314,#315,#316));
#1410=EDGE_LOOP('',(#317,#318,#319,#320));
#1411=EDGE_LOOP('',(#321,#322,#323,#324));
#1412=EDGE_LOOP('',(#325,#326,#327,#328));
#1413=EDGE_LOOP('',(#329,#330,#331,#332));
#1414=EDGE_LOOP('',(#333,#334,#335,#336));
#1415=EDGE_LOOP('',(#337,#338,#339,#340));
#1416=EDGE_LOOP('',(#341,#342,#343,#344));
#1417=EDGE_LOOP('',(#345,#346,#347,#348));
#1418=EDGE_LOOP('',(#349,#350,#351,#352,#353,#354,#355,#356,#357,#358,#359,
#360,#361,#362));
#1419=EDGE_LOOP('',(#363,#364,#365,#366));
#1420=EDGE_LOOP('',(#367));
#1421=EDGE_LOOP('',(#368));
#1422=EDGE_LOOP('',(#369));
#1423=EDGE_LOOP('',(#370));
#1424=EDGE_LOOP('',(#371));
#1425=EDGE_LOOP('',(#372));
#1426=EDGE_LOOP('',(#373));
#1427=EDGE_LOOP('',(#374));
#1428=EDGE_LOOP('',(#375));
#1429=EDGE_LOOP('',(#376));
#1430=EDGE_LOOP('',(#377));
#1431=EDGE_LOOP('',(#378));
#1432=EDGE_LOOP('',(#379));
#1433=EDGE_LOOP('',(#380));
#1434=EDGE_LOOP('',(#381));
#1435=EDGE_LOOP('',(#382));
#1436=EDGE_LOOP('',(#383));
#1437=EDGE_LOOP('',(#384));
#1438=EDGE_LOOP('',(#385));
#1439=EDGE_LOOP('',(#386));
#1440=EDGE_LOOP('',(#387));
#1441=EDGE_LOOP('',(#388));
#1442=EDGE_LOOP('',(#389));
#1443=EDGE_LOOP('',(#390));
#1444=EDGE_LOOP('',(#391));
#1445=EDGE_LOOP('',(#392));
#1446=EDGE_LOOP('',(#393));
#1447=EDGE_LOOP('',(#394));
#1448=EDGE_LOOP('',(#395,#396,#397,#398));
#1449=EDGE_LOOP('',(#399,#400,#401,#402));
#1450=EDGE_LOOP('',(#403,#404,#405,#406));
#1451=EDGE_LOOP('',(#407,#408,#409,#410));
#1452=EDGE_LOOP('',(#411,#412,#413,#414));
#1453=EDGE_LOOP('',(#415,#416,#417,#418));
#1454=EDGE_LOOP('',(#419,#420,#421,#422));
#1455=EDGE_LOOP('',(#423,#424,#425,#426));
#1456=EDGE_LOOP('',(#427,#428,#429,#430));
#1457=EDGE_LOOP('',(#431,#432,#433,#434));
#1458=EDGE_LOOP('',(#435,#436,#437,#438));
#1459=EDGE_LOOP('',(#439,#440,#441,#442));
#1460=EDGE_LOOP('',(#443,#444,#445,#446));
#1461=EDGE_LOOP('',(#447,#448,#449,#450));
#1462=EDGE_LOOP('',(#451,#452,#453,#454));
#1463=EDGE_LOOP('',(#455,#456,#457,#458));
#1464=EDGE_LOOP('',(#459));
#1465=EDGE_LOOP('',(#460));
#1466=EDGE_LOOP('',(#461,#462,#463,#464));
#1467=EDGE_LOOP('',(#465));
#1468=EDGE_LOOP('',(#466,#467,#468,#469));
#1469=EDGE_LOOP('',(#470,#471,#472,#473));
#1470=EDGE_LOOP('',(#474,#475,#476,#477));
#1471=EDGE_LOOP('',(#478,#479,#480,#481));
#1472=EDGE_LOOP('',(#482));
#1473=EDGE_LOOP('',(#483));
#1474=EDGE_LOOP('',(#484,#485,#486,#487));
#1475=EDGE_LOOP('',(#488));
#1476=EDGE_LOOP('',(#489));
#1477=EDGE_LOOP('',(#490));
#1478=EDGE_LOOP('',(#491));
#1479=EDGE_LOOP('',(#492));
#1480=EDGE_LOOP('',(#493));
#1481=EDGE_LOOP('',(#494));
#1482=EDGE_LOOP('',(#495,#496,#497,#498));
#1483=EDGE_LOOP('',(#499,#500,#501,#502));
#1484=EDGE_LOOP('',(#503,#504,#505,#506));
#1485=EDGE_LOOP('',(#507));
#1486=EDGE_LOOP('',(#508));
#1487=EDGE_LOOP('',(#509,#510,#511,#512,#513,#514));
#1488=EDGE_LOOP('',(#515));
#1489=EDGE_LOOP('',(#516,#517,#518,#519,#520,#521,#522,#523,#524,#525,#526,
#527));
#1490=EDGE_LOOP('',(#528,#529,#530,#531));
#1491=EDGE_LOOP('',(#532,#533,#534,#535));
#1492=EDGE_LOOP('',(#536,#537,#538,#539));
#1493=EDGE_LOOP('',(#540,#541,#542,#543,#544));
#1494=EDGE_LOOP('',(#545,#546,#547,#548,#549));
#1495=EDGE_LOOP('',(#550,#551,#552,#553,#554,#555));
#1496=EDGE_LOOP('',(#556,#557,#558,#559));
#1497=EDGE_LOOP('',(#560,#561,#562));
#1498=EDGE_LOOP('',(#563,#564,#565));
#1499=EDGE_LOOP('',(#566,#567,#568,#569));
#1500=EDGE_LOOP('',(#570,#571,#572,#573));
#1501=EDGE_LOOP('',(#574,#575,#576,#577));
#1502=EDGE_LOOP('',(#578,#579,#580,#581));
#1503=EDGE_LOOP('',(#582,#583,#584,#585));
#1504=EDGE_LOOP('',(#586,#587,#588,#589));
#1505=EDGE_LOOP('',(#590,#591,#592,#593));
#1506=EDGE_LOOP('',(#594,#595,#596,#597));
#1507=EDGE_LOOP('',(#598,#599,#600,#601));
#1508=EDGE_LOOP('',(#602,#603,#604,#605));
#1509=EDGE_LOOP('',(#606,#607,#608,#609,#610));
#1510=EDGE_LOOP('',(#611,#612,#613,#614));
#1511=EDGE_LOOP('',(#615,#616,#617,#618,#619));
#1512=EDGE_LOOP('',(#620,#621,#622,#623));
#1513=EDGE_LOOP('',(#624,#625,#626,#627));
#1514=FACE_BOUND('',#1360,.T.);
#1515=FACE_BOUND('',#1361,.T.);
#1516=FACE_BOUND('',#1362,.T.);
#1517=FACE_BOUND('',#1363,.T.);
#1518=FACE_BOUND('',#1364,.T.);
#1519=FACE_BOUND('',#1365,.T.);
#1520=FACE_BOUND('',#1366,.T.);
#1521=FACE_BOUND('',#1367,.T.);
#1522=FACE_BOUND('',#1368,.T.);
#1523=FACE_BOUND('',#1369,.T.);
#1524=FACE_BOUND('',#1370,.T.);
#1525=FACE_BOUND('',#1371,.T.);
#1526=FACE_BOUND('',#1372,.T.);
#1527=FACE_BOUND('',#1373,.T.);
#1528=FACE_BOUND('',#1374,.T.);
#1529=FACE_BOUND('',#1375,.T.);
#1530=FACE_BOUND('',#1376,.T.);
#1531=FACE_BOUND('',#1377,.T.);
#1532=FACE_BOUND('',#1378,.T.);
#1533=FACE_BOUND('',#1379,.T.);
#1534=FACE_BOUND('',#1380,.T.);
#1535=FACE_BOUND('',#1381,.T.);
#1536=FACE_BOUND('',#1382,.T.);
#1537=FACE_BOUND('',#1383,.T.);
#1538=FACE_BOUND('',#1384,.T.);
#1539=FACE_BOUND('',#1385,.T.);
#1540=FACE_BOUND('',#1386,.T.);
#1541=FACE_BOUND('',#1387,.T.);
#1542=FACE_BOUND('',#1388,.T.);
#1543=FACE_BOUND('',#1389,.T.);
#1544=FACE_BOUND('',#1390,.T.);
#1545=FACE_BOUND('',#1391,.T.);
#1546=FACE_BOUND('',#1392,.T.);
#1547=FACE_BOUND('',#1393,.T.);
#1548=FACE_BOUND('',#1394,.T.);
#1549=FACE_BOUND('',#1395,.T.);
#1550=FACE_BOUND('',#1396,.T.);
#1551=FACE_BOUND('',#1397,.T.);
#1552=FACE_BOUND('',#1398,.T.);
#1553=FACE_BOUND('',#1399,.T.);
#1554=FACE_BOUND('',#1400,.T.);
#1555=FACE_BOUND('',#1401,.T.);
#1556=FACE_BOUND('',#1402,.T.);
#1557=FACE_BOUND('',#1403,.T.);
#1558=FACE_BOUND('',#1404,.T.);
#1559=FACE_BOUND('',#1405,.T.);
#1560=FACE_BOUND('',#1406,.T.);
#1561=FACE_BOUND('',#1407,.T.);
#1562=FACE_BOUND('',#1408,.T.);
#1563=FACE_BOUND('',#1409,.T.);
#1564=FACE_BOUND('',#1410,.T.);
#1565=FACE_BOUND('',#1411,.T.);
#1566=FACE_BOUND('',#1412,.T.);
#1567=FACE_BOUND('',#1413,.T.);
#1568=FACE_BOUND('',#1414,.T.);
#1569=FACE_BOUND('',#1415,.T.);
#1570=FACE_BOUND('',#1416,.T.);
#1571=FACE_BOUND('',#1417,.T.);
#1572=FACE_BOUND('',#1418,.T.);
#1573=FACE_BOUND('',#1419,.T.);
#1574=FACE_BOUND('',#1420,.T.);
#1575=FACE_BOUND('',#1421,.T.);
#1576=FACE_BOUND('',#1422,.T.);
#1577=FACE_BOUND('',#1423,.T.);
#1578=FACE_BOUND('',#1424,.T.);
#1579=FACE_BOUND('',#1425,.T.);
#1580=FACE_BOUND('',#1426,.T.);
#1581=FACE_BOUND('',#1427,.T.);
#1582=FACE_BOUND('',#1428,.T.);
#1583=FACE_BOUND('',#1429,.T.);
#1584=FACE_BOUND('',#1430,.T.);
#1585=FACE_BOUND('',#1431,.T.);
#1586=FACE_BOUND('',#1432,.T.);
#1587=FACE_BOUND('',#1433,.T.);
#1588=FACE_BOUND('',#1434,.T.);
#1589=FACE_BOUND('',#1435,.T.);
#1590=FACE_BOUND('',#1436,.T.);
#1591=FACE_BOUND('',#1437,.T.);
#1592=FACE_BOUND('',#1438,.T.);
#1593=FACE_BOUND('',#1439,.T.);
#1594=FACE_BOUND('',#1440,.T.);
#1595=FACE_BOUND('',#1441,.T.);
#1596=FACE_BOUND('',#1442,.T.);
#1597=FACE_BOUND('',#1443,.T.);
#1598=FACE_BOUND('',#1444,.T.);
#1599=FACE_BOUND('',#1445,.T.);
#1600=FACE_BOUND('',#1446,.T.);
#1601=FACE_BOUND('',#1447,.T.);
#1602=FACE_BOUND('',#1448,.T.);
#1603=FACE_BOUND('',#1449,.T.);
#1604=FACE_BOUND('',#1450,.T.);
#1605=FACE_BOUND('',#1451,.T.);
#1606=FACE_BOUND('',#1452,.T.);
#1607=FACE_BOUND('',#1453,.T.);
#1608=FACE_BOUND('',#1454,.T.);
#1609=FACE_BOUND('',#1455,.T.);
#1610=FACE_BOUND('',#1456,.T.);
#1611=FACE_BOUND('',#1457,.T.);
#1612=FACE_BOUND('',#1458,.T.);
#1613=FACE_BOUND('',#1459,.T.);
#1614=FACE_BOUND('',#1460,.T.);
#1615=FACE_BOUND('',#1461,.T.);
#1616=FACE_BOUND('',#1462,.T.);
#1617=FACE_BOUND('',#1463,.T.);
#1618=FACE_BOUND('',#1464,.T.);
#1619=FACE_BOUND('',#1465,.T.);
#1620=FACE_BOUND('',#1466,.T.);
#1621=FACE_BOUND('',#1467,.T.);
#1622=FACE_BOUND('',#1468,.T.);
#1623=FACE_BOUND('',#1469,.T.);
#1624=FACE_BOUND('',#1470,.T.);
#1625=FACE_BOUND('',#1471,.T.);
#1626=FACE_BOUND('',#1472,.T.);
#1627=FACE_BOUND('',#1473,.T.);
#1628=FACE_BOUND('',#1474,.T.);
#1629=FACE_BOUND('',#1475,.T.);
#1630=FACE_BOUND('',#1476,.T.);
#1631=FACE_BOUND('',#1477,.T.);
#1632=FACE_BOUND('',#1478,.T.);
#1633=FACE_BOUND('',#1479,.T.);
#1634=FACE_BOUND('',#1480,.T.);
#1635=FACE_BOUND('',#1481,.T.);
#1636=FACE_BOUND('',#1482,.T.);
#1637=FACE_BOUND('',#1483,.T.);
#1638=FACE_BOUND('',#1484,.T.);
#1639=FACE_BOUND('',#1485,.T.);
#1640=FACE_BOUND('',#1486,.T.);
#1641=FACE_BOUND('',#1487,.T.);
#1642=FACE_BOUND('',#1488,.T.);
#1643=FACE_BOUND('',#1489,.T.);
#1644=FACE_BOUND('',#1490,.T.);
#1645=FACE_BOUND('',#1491,.T.);
#1646=FACE_BOUND('',#1492,.T.);
#1647=FACE_BOUND('',#1493,.T.);
#1648=FACE_BOUND('',#1494,.T.);
#1649=FACE_BOUND('',#1495,.T.);
#1650=FACE_BOUND('',#1496,.T.);
#1651=FACE_BOUND('',#1497,.T.);
#1652=FACE_BOUND('',#1498,.T.);
#1653=FACE_BOUND('',#1499,.T.);
#1654=FACE_BOUND('',#1500,.T.);
#1655=FACE_BOUND('',#1501,.T.);
#1656=FACE_BOUND('',#1502,.T.);
#1657=FACE_BOUND('',#1503,.T.);
#1658=FACE_BOUND('',#1504,.T.);
#1659=FACE_BOUND('',#1505,.T.);
#1660=FACE_BOUND('',#1506,.T.);
#1661=FACE_BOUND('',#1507,.T.);
#1662=FACE_BOUND('',#1508,.T.);
#1663=FACE_BOUND('',#1509,.T.);
#1664=FACE_BOUND('',#1510,.T.);
#1665=FACE_BOUND('',#1511,.T.);
#1666=FACE_BOUND('',#1512,.T.);
#1667=FACE_BOUND('',#1513,.T.);
#1668=PLANE('',#1853);
#1669=PLANE('',#1862);
#1670=PLANE('',#1863);
#1671=PLANE('',#1864);
#1672=PLANE('',#1865);
#1673=PLANE('',#1871);
#1674=PLANE('',#1879);
#1675=PLANE('',#1880);
#1676=PLANE('',#1883);
#1677=PLANE('',#1886);
#1678=PLANE('',#1889);
#1679=PLANE('',#1892);
#1680=PLANE('',#1893);
#1681=PLANE('',#1894);
#1682=PLANE('',#1895);
#1683=PLANE('',#1918);
#1684=PLANE('',#1923);
#1685=PLANE('',#1929);
#1686=PLANE('',#1932);
#1687=PLANE('',#1934);
#1688=PLANE('',#1943);
#1689=PLANE('',#1947);
#1690=PLANE('',#1951);
#1691=PLANE('',#1955);
#1692=PLANE('',#1959);
#1693=PLANE('',#1962);
#1694=PLANE('',#1965);
#1695=PLANE('',#1968);
#1696=PLANE('',#1969);
#1697=PLANE('',#1970);
#1698=PLANE('',#1971);
#1699=PLANE('',#1972);
#1700=PLANE('',#1973);
#1701=PLANE('',#1974);
#1702=PLANE('',#1975);
#1703=PLANE('',#1976);
#1704=PLANE('',#1977);
#1705=PLANE('',#1978);
#1706=PLANE('',#1979);
#1707=PLANE('',#1980);
#1708=PLANE('',#1981);
#1709=PLANE('',#1982);
#1710=PLANE('',#1983);
#1711=PLANE('',#1988);
#1712=PLANE('',#1989);
#1713=PLANE('',#1990);
#1714=PLANE('',#1991);
#1715=PLANE('',#1996);
#1716=PLANE('',#2001);
#1717=PLANE('',#2002);
#1718=PLANE('',#2003);
#1719=PLANE('',#2008);
#1720=PLANE('',#2009);
#1721=PLANE('',#2013);
#1722=PLANE('',#2014);
#1723=PLANE('',#2017);
#1724=PLANE('',#2018);
#1725=PLANE('',#2019);
#1726=PLANE('',#2022);
#1727=PLANE('',#2025);
#1728=PLANE('',#2026);
#1729=PLANE('',#2027);
#1730=PLANE('',#2028);
#1731=PLANE('',#2029);
#1732=PLANE('',#2030);
#1733=ADVANCED_FACE('',(#1514),#1668,.T.);
#1734=ADVANCED_FACE('',(#1515),#1669,.T.);
#1735=ADVANCED_FACE('',(#1516),#1670,.T.);
#1736=ADVANCED_FACE('',(#1517),#1671,.F.);
#1737=ADVANCED_FACE('',(#1518),#1672,.F.);
#1738=ADVANCED_FACE('',(#1519),#19,.T.);
#1739=ADVANCED_FACE('',(#1520),#1673,.F.);
#1740=ADVANCED_FACE('',(#1521),#1674,.T.);
#1741=ADVANCED_FACE('',(#1522,#1523),#1675,.T.);
#1742=ADVANCED_FACE('',(#1524,#1525),#1676,.T.);
#1743=ADVANCED_FACE('',(#1526,#1527),#1677,.T.);
#1744=ADVANCED_FACE('',(#1528,#1529),#1678,.T.);
#1745=ADVANCED_FACE('',(#1530),#1679,.F.);
#1746=ADVANCED_FACE('',(#1531,#1532,#1533),#1680,.T.);
#1747=ADVANCED_FACE('',(#1534,#1535,#1536),#1681,.T.);
#1748=ADVANCED_FACE('',(#1537,#1538,#1539,#1540,#1541,#1542,#1543,#1544,
#1545),#1682,.T.);
#1749=ADVANCED_FACE('',(#1546,#1547),#20,.F.);
#1750=ADVANCED_FACE('',(#1548,#1549),#21,.F.);
#1751=ADVANCED_FACE('',(#1550,#1551),#22,.F.);
#1752=ADVANCED_FACE('',(#1552,#1553),#23,.F.);
#1753=ADVANCED_FACE('',(#1554,#1555),#24,.F.);
#1754=ADVANCED_FACE('',(#1556,#1557,#1558,#1559,#1560,#1561),#1683,.F.);
#1755=ADVANCED_FACE('',(#1562),#1684,.T.);
#1756=ADVANCED_FACE('',(#1563),#25,.F.);
#1757=ADVANCED_FACE('',(#1564),#26,.F.);
#1758=ADVANCED_FACE('',(#1565),#27,.F.);
#1759=ADVANCED_FACE('',(#1566),#28,.F.);
#1760=ADVANCED_FACE('',(#1567),#1685,.F.);
#1761=ADVANCED_FACE('',(#1568),#29,.T.);
#1762=ADVANCED_FACE('',(#1569),#30,.T.);
#1763=ADVANCED_FACE('',(#1570),#1686,.T.);
#1764=ADVANCED_FACE('',(#1571),#31,.T.);
#1765=ADVANCED_FACE('',(#1572),#1687,.F.);
#1766=ADVANCED_FACE('',(#1573),#32,.T.);
#1767=ADVANCED_FACE('',(#1574,#1575),#33,.T.);
#1768=ADVANCED_FACE('',(#1576,#1577),#1688,.T.);
#1769=ADVANCED_FACE('',(#1578,#1579),#34,.T.);
#1770=ADVANCED_FACE('',(#1580,#1581),#1689,.T.);
#1771=ADVANCED_FACE('',(#1582,#1583),#35,.T.);
#1772=ADVANCED_FACE('',(#1584,#1585),#1690,.T.);
#1773=ADVANCED_FACE('',(#1586,#1587),#36,.T.);
#1774=ADVANCED_FACE('',(#1588,#1589),#1691,.T.);
#1775=ADVANCED_FACE('',(#1590,#1591),#37,.T.);
#1776=ADVANCED_FACE('',(#1592),#1692,.T.);
#1777=ADVANCED_FACE('',(#1593,#1594),#38,.T.);
#1778=ADVANCED_FACE('',(#1595),#1693,.T.);
#1779=ADVANCED_FACE('',(#1596,#1597),#39,.T.);
#1780=ADVANCED_FACE('',(#1598),#1694,.T.);
#1781=ADVANCED_FACE('',(#1599,#1600),#40,.T.);
#1782=ADVANCED_FACE('',(#1601),#1695,.T.);
#1783=ADVANCED_FACE('',(#1602),#1696,.T.);
#1784=ADVANCED_FACE('',(#1603),#1697,.F.);
#1785=ADVANCED_FACE('',(#1604),#1698,.F.);
#1786=ADVANCED_FACE('',(#1605),#1699,.T.);
#1787=ADVANCED_FACE('',(#1606),#1700,.T.);
#1788=ADVANCED_FACE('',(#1607),#1701,.T.);
#1789=ADVANCED_FACE('',(#1608),#1702,.F.);
#1790=ADVANCED_FACE('',(#1609),#1703,.F.);
#1791=ADVANCED_FACE('',(#1610),#1704,.T.);
#1792=ADVANCED_FACE('',(#1611),#1705,.T.);
#1793=ADVANCED_FACE('',(#1612),#1706,.T.);
#1794=ADVANCED_FACE('',(#1613),#1707,.T.);
#1795=ADVANCED_FACE('',(#1614),#1708,.F.);
#1796=ADVANCED_FACE('',(#1615),#1709,.F.);
#1797=ADVANCED_FACE('',(#1616),#1710,.F.);
#1798=ADVANCED_FACE('',(#1617),#41,.T.);
#1799=ADVANCED_FACE('',(#1618,#1619),#42,.F.);
#1800=ADVANCED_FACE('',(#1620),#1711,.T.);
#1801=ADVANCED_FACE('',(#1621,#1622),#1712,.T.);
#1802=ADVANCED_FACE('',(#1623),#1713,.T.);
#1803=ADVANCED_FACE('',(#1624),#1714,.F.);
#1804=ADVANCED_FACE('',(#1625),#43,.T.);
#1805=ADVANCED_FACE('',(#1626,#1627),#44,.F.);
#1806=ADVANCED_FACE('',(#1628,#1629),#1715,.T.);
#1807=ADVANCED_FACE('',(#1630,#1631),#45,.F.);
#1808=ADVANCED_FACE('',(#1632,#1633),#46,.T.);
#1809=ADVANCED_FACE('',(#1634,#1635),#1716,.T.);
#1810=ADVANCED_FACE('',(#1636),#1717,.T.);
#1811=ADVANCED_FACE('',(#1637),#1718,.F.);
#1812=ADVANCED_FACE('',(#1638),#47,.T.);
#1813=ADVANCED_FACE('',(#1639,#1640),#48,.F.);
#1814=ADVANCED_FACE('',(#1641,#1642),#1719,.T.);
#1815=ADVANCED_FACE('',(#1643),#1720,.T.);
#1816=ADVANCED_FACE('',(#1644),#1721,.T.);
#1817=ADVANCED_FACE('',(#1645),#1722,.F.);
#1818=ADVANCED_FACE('',(#1646),#49,.F.);
#1819=ADVANCED_FACE('',(#1647),#1723,.F.);
#1820=ADVANCED_FACE('',(#1648),#1724,.T.);
#1821=ADVANCED_FACE('',(#1649),#1725,.T.);
#1822=ADVANCED_FACE('',(#1650),#1726,.T.);
#1823=ADVANCED_FACE('',(#1651),#50,.T.);
#1824=ADVANCED_FACE('',(#1652),#51,.T.);
#1825=ADVANCED_FACE('',(#1653),#1727,.T.);
#1826=ADVANCED_FACE('',(#1654),#1728,.T.);
#1827=ADVANCED_FACE('',(#1655),#1729,.F.);
#1828=ADVANCED_FACE('',(#1656),#1730,.F.);
#1829=ADVANCED_FACE('',(#1657),#1731,.T.);
#1830=ADVANCED_FACE('',(#1658),#1732,.T.);
#1831=ADVANCED_FACE('',(#1659),#52,.F.);
#1832=ADVANCED_FACE('',(#1660),#53,.F.);
#1833=ADVANCED_FACE('',(#1661),#54,.F.);
#1834=ADVANCED_FACE('',(#1662),#55,.T.);
#1835=ADVANCED_FACE('',(#1663),#12,.T.);
#1836=ADVANCED_FACE('',(#1664),#56,.T.);
#1837=ADVANCED_FACE('',(#1665),#13,.T.);
#1838=ADVANCED_FACE('',(#1666),#57,.T.);
#1839=ADVANCED_FACE('',(#1667),#58,.T.);
#1840=CLOSED_SHELL('',(#1733,#1734,#1735,#1736,#1737,#1738,#1739,#1740,
#1741,#1742,#1743,#1744,#1745,#1746,#1747,#1748,#1749,#1750,#1751,#1752,
#1753,#1754,#1755,#1756,#1757,#1758,#1759,#1760,#1761,#1762,#1763,#1764,
#1765,#1766,#1767,#1768,#1769,#1770,#1771,#1772,#1773,#1774,#1775,#1776,
#1777,#1778,#1779,#1780,#1781,#1782,#1783,#1784,#1785,#1786,#1787,#1788,
#1789,#1790,#1791,#1792,#1793,#1794,#1795,#1796,#1797,#1798,#1799,#1800,
#1801,#1802,#1803,#1804,#1805,#1806,#1807,#1808,#1809,#1810,#1811,#1812,
#1813,#1814,#1815,#1816,#1817,#1818,#1819,#1820,#1821,#1822,#1823,#1824,
#1825,#1826,#1827,#1828,#1829,#1830,#1831,#1832,#1833,#1834,#1835,#1836,
#1837,#1838,#1839));
#1841=STYLED_ITEM('',(#1842),#1849);
#1842=PRESENTATION_STYLE_ASSIGNMENT((#1843));
#1843=SURFACE_STYLE_USAGE(.BOTH.,#1844);
#1844=SURFACE_SIDE_STYLE('',(#1845));
#1845=SURFACE_STYLE_FILL_AREA(#1846);
#1846=FILL_AREA_STYLE('',(#1847));
#1847=FILL_AREA_STYLE_COLOUR('',#1848);
#1848=COLOUR_RGB('',0.615686274509804,0.811764705882353,0.929411764705882);
#1849=MANIFOLD_SOLID_BREP('Electronics Casing Bottom',#1840);
#1850=SHAPE_DEFINITION_REPRESENTATION(#3126,#1851);
#1851=SHAPE_REPRESENTATION('Electronics Casing Bottom',(#1852),#3121);
#1852=AXIS2_PLACEMENT_3D('',#2580,#2042,#2043);
#1853=AXIS2_PLACEMENT_3D('',#2581,#2044,#2045);
#1854=AXIS2_PLACEMENT_3D('',#2589,#2049,#2050);
#1855=AXIS2_PLACEMENT_3D('',#2593,#2052,#2053);
#1856=AXIS2_PLACEMENT_3D('',#2597,#2055,#2056);
#1857=AXIS2_PLACEMENT_3D('',#2601,#2058,#2059);
#1858=AXIS2_PLACEMENT_3D('',#2609,#2063,#2064);
#1859=AXIS2_PLACEMENT_3D('',#2613,#2066,#2067);
#1860=AXIS2_PLACEMENT_3D('',#2617,#2069,#2070);
#1861=AXIS2_PLACEMENT_3D('',#2621,#2072,#2073);
#1862=AXIS2_PLACEMENT_3D('',#2622,#2074,#2075);
#1863=AXIS2_PLACEMENT_3D('',#2631,#2080,#2081);
#1864=AXIS2_PLACEMENT_3D('',#2637,#2085,#2086);
#1865=AXIS2_PLACEMENT_3D('',#2646,#2091,#2092);
#1866=AXIS2_PLACEMENT_3D('',#2652,#2096,#2097);
#1867=AXIS2_PLACEMENT_3D('',#2656,#2099,#2100);
#1868=AXIS2_PLACEMENT_3D('',#2658,#2101,#2102);
#1869=AXIS2_PLACEMENT_3D('',#2660,#2103,#2104);
#1870=AXIS2_PLACEMENT_3D('',#2664,#2106,#2107);
#1871=AXIS2_PLACEMENT_3D('',#2665,#2108,#2109);
#1872=AXIS2_PLACEMENT_3D('',#2669,#2111,#2112);
#1873=AXIS2_PLACEMENT_3D('',#2687,#2122,#2123);
#1874=AXIS2_PLACEMENT_3D('',#2691,#2125,#2126);
#1875=AXIS2_PLACEMENT_3D('',#2699,#2130,#2131);
#1876=AXIS2_PLACEMENT_3D('',#2703,#2133,#2134);
#1877=AXIS2_PLACEMENT_3D('',#2707,#2136,#2137);
#1878=AXIS2_PLACEMENT_3D('',#2711,#2139,#2140);
#1879=AXIS2_PLACEMENT_3D('',#2712,#2141,#2142);
#1880=AXIS2_PLACEMENT_3D('',#2718,#2146,#2147);
#1881=AXIS2_PLACEMENT_3D('',#2719,#2148,#2149);
#1882=AXIS2_PLACEMENT_3D('',#2721,#2150,#2151);
#1883=AXIS2_PLACEMENT_3D('',#2723,#2152,#2153);
#1884=AXIS2_PLACEMENT_3D('',#2724,#2154,#2155);
#1885=AXIS2_PLACEMENT_3D('',#2726,#2156,#2157);
#1886=AXIS2_PLACEMENT_3D('',#2728,#2158,#2159);
#1887=AXIS2_PLACEMENT_3D('',#2729,#2160,#2161);
#1888=AXIS2_PLACEMENT_3D('',#2731,#2162,#2163);
#1889=AXIS2_PLACEMENT_3D('',#2733,#2164,#2165);
#1890=AXIS2_PLACEMENT_3D('',#2734,#2166,#2167);
#1891=AXIS2_PLACEMENT_3D('',#2736,#2168,#2169);
#1892=AXIS2_PLACEMENT_3D('',#2738,#2170,#2171);
#1893=AXIS2_PLACEMENT_3D('',#2756,#2181,#2182);
#1894=AXIS2_PLACEMENT_3D('',#2772,#2192,#2193);
#1895=AXIS2_PLACEMENT_3D('',#2788,#2203,#2204);
#1896=AXIS2_PLACEMENT_3D('',#2789,#2205,#2206);
#1897=AXIS2_PLACEMENT_3D('',#2791,#2207,#2208);
#1898=AXIS2_PLACEMENT_3D('',#2793,#2209,#2210);
#1899=AXIS2_PLACEMENT_3D('',#2795,#2211,#2212);
#1900=AXIS2_PLACEMENT_3D('',#2797,#2213,#2214);
#1901=AXIS2_PLACEMENT_3D('',#2799,#2215,#2216);
#1902=AXIS2_PLACEMENT_3D('',#2803,#2218,#2219);
#1903=AXIS2_PLACEMENT_3D('',#2808,#2222,#2223);
#1904=AXIS2_PLACEMENT_3D('',#2813,#2226,#2227);
#1905=AXIS2_PLACEMENT_3D('',#2816,#2229,#2230);
#1906=AXIS2_PLACEMENT_3D('',#2817,#2231,#2232);
#1907=AXIS2_PLACEMENT_3D('',#2821,#2234,#2235);
#1908=AXIS2_PLACEMENT_3D('',#2838,#2244,#2245);
#1909=AXIS2_PLACEMENT_3D('',#2839,#2246,#2247);
#1910=AXIS2_PLACEMENT_3D('',#2841,#2248,#2249);
#1911=AXIS2_PLACEMENT_3D('',#2842,#2250,#2251);
#1912=AXIS2_PLACEMENT_3D('',#2844,#2252,#2253);
#1913=AXIS2_PLACEMENT_3D('',#2845,#2254,#2255);
#1914=AXIS2_PLACEMENT_3D('',#2847,#2256,#2257);
#1915=AXIS2_PLACEMENT_3D('',#2848,#2258,#2259);
#1916=AXIS2_PLACEMENT_3D('',#2850,#2260,#2261);
#1917=AXIS2_PLACEMENT_3D('',#2851,#2262,#2263);
#1918=AXIS2_PLACEMENT_3D('',#2853,#2264,#2265);
#1919=AXIS2_PLACEMENT_3D('',#2857,#2267,#2268);
#1920=AXIS2_PLACEMENT_3D('',#2861,#2270,#2271);
#1921=AXIS2_PLACEMENT_3D('',#2865,#2273,#2274);
#1922=AXIS2_PLACEMENT_3D('',#2866,#2275,#2276);
#1923=AXIS2_PLACEMENT_3D('',#2867,#2277,#2278);
#1924=AXIS2_PLACEMENT_3D('',#2870,#2281,#2282);
#1925=AXIS2_PLACEMENT_3D('',#2871,#2283,#2284);
#1926=AXIS2_PLACEMENT_3D('',#2872,#2285,#2286);
#1927=AXIS2_PLACEMENT_3D('',#2873,#2287,#2288);
#1928=AXIS2_PLACEMENT_3D('',#2874,#2289,#2290);
#1929=AXIS2_PLACEMENT_3D('',#2875,#2291,#2292);
#1930=AXIS2_PLACEMENT_3D('',#2878,#2295,#2296);
#1931=AXIS2_PLACEMENT_3D('',#2879,#2297,#2298);
#1932=AXIS2_PLACEMENT_3D('',#2881,#2300,#2301);
#1933=AXIS2_PLACEMENT_3D('',#2883,#2303,#2304);
#1934=AXIS2_PLACEMENT_3D('',#2885,#2306,#2307);
#1935=AXIS2_PLACEMENT_3D('',#2886,#2308,#2309);
#1936=AXIS2_PLACEMENT_3D('',#2890,#2311,#2312);
#1937=AXIS2_PLACEMENT_3D('',#2894,#2314,#2315);
#1938=AXIS2_PLACEMENT_3D('',#2895,#2316,#2317);
#1939=AXIS2_PLACEMENT_3D('',#2899,#2319,#2320);
#1940=AXIS2_PLACEMENT_3D('',#2901,#2322,#2323);
#1941=AXIS2_PLACEMENT_3D('',#2902,#2324,#2325);
#1942=AXIS2_PLACEMENT_3D('',#2903,#2326,#2327);
#1943=AXIS2_PLACEMENT_3D('',#2905,#2328,#2329);
#1944=AXIS2_PLACEMENT_3D('',#2906,#2330,#2331);
#1945=AXIS2_PLACEMENT_3D('',#2908,#2332,#2333);
#1946=AXIS2_PLACEMENT_3D('',#2909,#2334,#2335);
#1947=AXIS2_PLACEMENT_3D('',#2911,#2336,#2337);
#1948=AXIS2_PLACEMENT_3D('',#2912,#2338,#2339);
#1949=AXIS2_PLACEMENT_3D('',#2914,#2340,#2341);
#1950=AXIS2_PLACEMENT_3D('',#2915,#2342,#2343);
#1951=AXIS2_PLACEMENT_3D('',#2917,#2344,#2345);
#1952=AXIS2_PLACEMENT_3D('',#2918,#2346,#2347);
#1953=AXIS2_PLACEMENT_3D('',#2920,#2348,#2349);
#1954=AXIS2_PLACEMENT_3D('',#2921,#2350,#2351);
#1955=AXIS2_PLACEMENT_3D('',#2923,#2352,#2353);
#1956=AXIS2_PLACEMENT_3D('',#2924,#2354,#2355);
#1957=AXIS2_PLACEMENT_3D('',#2926,#2356,#2357);
#1958=AXIS2_PLACEMENT_3D('',#2927,#2358,#2359);
#1959=AXIS2_PLACEMENT_3D('',#2929,#2360,#2361);
#1960=AXIS2_PLACEMENT_3D('',#2930,#2362,#2363);
#1961=AXIS2_PLACEMENT_3D('',#2931,#2364,#2365);
#1962=AXIS2_PLACEMENT_3D('',#2933,#2366,#2367);
#1963=AXIS2_PLACEMENT_3D('',#2934,#2368,#2369);
#1964=AXIS2_PLACEMENT_3D('',#2935,#2370,#2371);
#1965=AXIS2_PLACEMENT_3D('',#2937,#2372,#2373);
#1966=AXIS2_PLACEMENT_3D('',#2938,#2374,#2375);
#1967=AXIS2_PLACEMENT_3D('',#2939,#2376,#2377);
#1968=AXIS2_PLACEMENT_3D('',#2941,#2378,#2379);
#1969=AXIS2_PLACEMENT_3D('',#2942,#2380,#2381);
#1970=AXIS2_PLACEMENT_3D('',#2948,#2385,#2386);
#1971=AXIS2_PLACEMENT_3D('',#2952,#2389,#2390);
#1972=AXIS2_PLACEMENT_3D('',#2956,#2393,#2394);
#1973=AXIS2_PLACEMENT_3D('',#2958,#2396,#2397);
#1974=AXIS2_PLACEMENT_3D('',#2959,#2398,#2399);
#1975=AXIS2_PLACEMENT_3D('',#2965,#2403,#2404);
#1976=AXIS2_PLACEMENT_3D('',#2969,#2407,#2408);
#1977=AXIS2_PLACEMENT_3D('',#2973,#2411,#2412);
#1978=AXIS2_PLACEMENT_3D('',#2975,#2414,#2415);
#1979=AXIS2_PLACEMENT_3D('',#2976,#2416,#2417);
#1980=AXIS2_PLACEMENT_3D('',#2979,#2420,#2421);
#1981=AXIS2_PLACEMENT_3D('',#2981,#2423,#2424);
#1982=AXIS2_PLACEMENT_3D('',#2983,#2426,#2427);
#1983=AXIS2_PLACEMENT_3D('',#2984,#2428,#2429);
#1984=AXIS2_PLACEMENT_3D('',#2988,#2432,#2433);
#1985=AXIS2_PLACEMENT_3D('',#2991,#2435,#2436);
#1986=AXIS2_PLACEMENT_3D('',#2992,#2437,#2438);
#1987=AXIS2_PLACEMENT_3D('',#2993,#2439,#2440);
#1988=AXIS2_PLACEMENT_3D('',#2995,#2441,#2442);
#1989=AXIS2_PLACEMENT_3D('',#2997,#2444,#2445);
#1990=AXIS2_PLACEMENT_3D('',#2998,#2446,#2447);
#1991=AXIS2_PLACEMENT_3D('',#3002,#2450,#2451);
#1992=AXIS2_PLACEMENT_3D('',#3006,#2454,#2455);
#1993=AXIS2_PLACEMENT_3D('',#3007,#2456,#2457);
#1994=AXIS2_PLACEMENT_3D('',#3008,#2458,#2459);
#1995=AXIS2_PLACEMENT_3D('',#3009,#2460,#2461);
#1996=AXIS2_PLACEMENT_3D('',#3011,#2462,#2463);
#1997=AXIS2_PLACEMENT_3D('',#3012,#2464,#2465);
#1998=AXIS2_PLACEMENT_3D('',#3013,#2466,#2467);
#1999=AXIS2_PLACEMENT_3D('',#3015,#2468,#2469);
#2000=AXIS2_PLACEMENT_3D('',#3016,#2470,#2471);
#2001=AXIS2_PLACEMENT_3D('',#3018,#2472,#2473);
#2002=AXIS2_PLACEMENT_3D('',#3019,#2474,#2475);
#2003=AXIS2_PLACEMENT_3D('',#3023,#2478,#2479);
#2004=AXIS2_PLACEMENT_3D('',#3027,#2482,#2483);
#2005=AXIS2_PLACEMENT_3D('',#3028,#2484,#2485);
#2006=AXIS2_PLACEMENT_3D('',#3029,#2486,#2487);
#2007=AXIS2_PLACEMENT_3D('',#3030,#2488,#2489);
#2008=AXIS2_PLACEMENT_3D('',#3032,#2490,#2491);
#2009=AXIS2_PLACEMENT_3D('',#3033,#2492,#2493);
#2010=AXIS2_PLACEMENT_3D('',#3036,#2495,#2496);
#2011=AXIS2_PLACEMENT_3D('',#3040,#2498,#2499);
#2012=AXIS2_PLACEMENT_3D('',#3044,#2501,#2502);
#2013=AXIS2_PLACEMENT_3D('',#3049,#2506,#2507);
#2014=AXIS2_PLACEMENT_3D('',#3052,#2510,#2511);
#2015=AXIS2_PLACEMENT_3D('',#3055,#2514,#2515);
#2016=AXIS2_PLACEMENT_3D('',#3058,#2517,#2518);
#2017=AXIS2_PLACEMENT_3D('',#3061,#2520,#2521);
#2018=AXIS2_PLACEMENT_3D('',#3070,#2524,#2525);
#2019=AXIS2_PLACEMENT_3D('',#3079,#2528,#2529);
#2020=AXIS2_PLACEMENT_3D('',#3080,#2530,#2531);
#2021=AXIS2_PLACEMENT_3D('',#3081,#2532,#2533);
#2022=AXIS2_PLACEMENT_3D('',#3082,#2534,#2535);
#2023=AXIS2_PLACEMENT_3D('',#3083,#2536,#2537);
#2024=AXIS2_PLACEMENT_3D('',#3090,#2538,#2539);
#2025=AXIS2_PLACEMENT_3D('',#3097,#2540,#2541);
#2026=AXIS2_PLACEMENT_3D('',#3099,#2543,#2544);
#2027=AXIS2_PLACEMENT_3D('',#3100,#2545,#2546);
#2028=AXIS2_PLACEMENT_3D('',#3102,#2548,#2549);
#2029=AXIS2_PLACEMENT_3D('',#3103,#2550,#2551);
#2030=AXIS2_PLACEMENT_3D('',#3106,#2554,#2555);
#2031=AXIS2_PLACEMENT_3D('',#3109,#2558,#2559);
#2032=AXIS2_PLACEMENT_3D('',#3110,#2560,#2561);
#2033=AXIS2_PLACEMENT_3D('',#3111,#2562,#2563);
#2034=AXIS2_PLACEMENT_3D('',#3112,#2564,#2565);
#2035=AXIS2_PLACEMENT_3D('',#3113,#2566,#2567);
#2036=AXIS2_PLACEMENT_3D('',#3114,#2568,#2569);
#2037=AXIS2_PLACEMENT_3D('',#3115,#2570,#2571);
#2038=AXIS2_PLACEMENT_3D('',#3116,#2572,#2573);
#2039=AXIS2_PLACEMENT_3D('',#3117,#2574,#2575);
#2040=AXIS2_PLACEMENT_3D('',#3118,#2576,#2577);
#2041=AXIS2_PLACEMENT_3D('',#3119,#2578,#2579);
#2042=DIRECTION('',(0.,0.,1.));
#2043=DIRECTION('',(1.,0.,0.));
#2044=DIRECTION('',(0.,0.,1.));
#2045=DIRECTION('',(1.,0.,0.));
#2046=DIRECTION('',(-1.,-1.01051852969522E-16,0.));
#2047=DIRECTION('',(9.91270557701033E-17,-1.,0.));
#2048=DIRECTION('',(1.,9.91270557701033E-17,0.));
#2049=DIRECTION('',(0.,0.,1.));
#2050=DIRECTION('',(1.,0.,0.));
#2051=DIRECTION('',(-2.52323414687536E-16,1.,0.));
#2052=DIRECTION('',(0.,0.,1.));
#2053=DIRECTION('',(1.,0.,0.));
#2054=DIRECTION('',(1.,9.91270557701033E-17,0.));
#2055=DIRECTION('',(0.,0.,1.));
#2056=DIRECTION('',(1.,0.,0.));
#2057=DIRECTION('',(-2.52323414687536E-16,1.,0.));
#2058=DIRECTION('',(0.,0.,1.));
#2059=DIRECTION('',(1.,0.,0.));
#2060=DIRECTION('',(1.,9.91270557701033E-17,0.));
#2061=DIRECTION('',(0.,1.,0.));
#2062=DIRECTION('',(-1.,-1.01051852969522E-16,0.));
#2063=DIRECTION('',(0.,0.,1.));
#2064=DIRECTION('',(1.,0.,0.));
#2065=DIRECTION('',(2.6184505297763E-16,-1.,0.));
#2066=DIRECTION('',(0.,0.,1.));
#2067=DIRECTION('',(1.,0.,0.));
#2068=DIRECTION('',(-1.,-2.69471607918727E-16,0.));
#2069=DIRECTION('',(0.,0.,1.));
#2070=DIRECTION('',(1.,0.,0.));
#2071=DIRECTION('',(2.6184505297763E-16,-1.,0.));
#2072=DIRECTION('',(0.,0.,1.));
#2073=DIRECTION('',(1.,0.,0.));
#2074=DIRECTION('',(0.,0.,-1.));
#2075=DIRECTION('',(-1.,0.,0.));
#2076=DIRECTION('',(-1.,0.,0.));
#2077=DIRECTION('',(0.,1.,0.));
#2078=DIRECTION('',(-1.,0.,0.));
#2079=DIRECTION('',(0.,1.,0.));
#2080=DIRECTION('',(0.,0.707106781186548,-0.707106781186548));
#2081=DIRECTION('',(0.,0.707106781186548,0.707106781186548));
#2082=DIRECTION('',(-0.577350269189627,0.577350269189625,0.577350269189625));
#2083=DIRECTION('',(1.,9.91270557701033E-17,0.));
#2084=DIRECTION('',(0.577350269189626,0.577350269189626,0.577350269189626));
#2085=DIRECTION('',(0.,0.,-1.));
#2086=DIRECTION('',(-1.,0.,0.));
#2087=DIRECTION('',(0.,1.,0.));
#2088=DIRECTION('',(-1.,0.,0.));
#2089=DIRECTION('',(0.,1.,0.));
#2090=DIRECTION('',(-1.,0.,0.));
#2091=DIRECTION('',(0.,-0.707106781186548,-0.707106781186548));
#2092=DIRECTION('',(0.,0.707106781186548,-0.707106781186548));
#2093=DIRECTION('',(-0.577350269189626,0.577350269189626,-0.577350269189626));
#2094=DIRECTION('',(0.577350269189626,0.577350269189626,-0.577350269189626));
#2095=DIRECTION('',(1.,9.91270557701033E-17,0.));
#2096=DIRECTION('',(0.,0.,1.));
#2097=DIRECTION('',(1.,0.,0.));
#2098=DIRECTION('',(0.,0.,1.));
#2099=DIRECTION('',(0.,0.,1.));
#2100=DIRECTION('',(1.,0.,0.));
#2101=DIRECTION('',(0.,0.,1.));
#2102=DIRECTION('',(1.,0.,0.));
#2103=DIRECTION('',(0.,0.,1.));
#2104=DIRECTION('',(1.,0.,0.));
#2105=DIRECTION('',(0.,0.,1.));
#2106=DIRECTION('',(-7.14544504862153E-17,0.707106781186548,-0.707106781186548));
#2107=DIRECTION('',(-7.14544504862153E-17,0.707106781186548,0.707106781186548));
#2108=DIRECTION('',(1.01051852969522E-16,-1.,0.));
#2109=DIRECTION('',(1.,1.01051852969522E-16,0.));
#2110=DIRECTION('',(0.,0.,1.));
#2111=DIRECTION('',(1.01051852969522E-16,-1.,0.));
#2112=DIRECTION('',(1.,1.01051852969522E-16,0.));
#2113=DIRECTION('',(0.,0.,-1.));
#2114=DIRECTION('',(-1.,-1.01051852969522E-16,0.));
#2115=DIRECTION('',(0.,0.,-1.));
#2116=DIRECTION('',(-1.,-1.01051852969522E-16,0.));
#2117=DIRECTION('',(0.,0.,-1.));
#2118=DIRECTION('',(-1.,-1.01051852969522E-16,0.));
#2119=DIRECTION('',(0.,0.,-1.));
#2120=DIRECTION('',(-1.,-1.01051852969522E-16,0.));
#2121=DIRECTION('',(0.,0.,-1.));
#2122=DIRECTION('',(1.01051852969522E-16,-1.,0.));
#2123=DIRECTION('',(1.,1.01051852969522E-16,0.));
#2124=DIRECTION('',(1.,1.01051852969522E-16,0.));
#2125=DIRECTION('',(1.01051852969522E-16,-1.,0.));
#2126=DIRECTION('',(1.,1.01051852969522E-16,0.));
#2127=DIRECTION('',(0.,0.,1.));
#2128=DIRECTION('',(1.,1.01051852969522E-16,0.));
#2129=DIRECTION('',(0.,0.,1.));
#2130=DIRECTION('',(1.01051852969522E-16,-1.,0.));
#2131=DIRECTION('',(1.,1.01051852969522E-16,0.));
#2132=DIRECTION('',(1.,1.01051852969522E-16,0.));
#2133=DIRECTION('',(1.01051852969522E-16,-1.,0.));
#2134=DIRECTION('',(1.,1.01051852969522E-16,0.));
#2135=DIRECTION('',(-1.,-1.01051852969522E-16,0.));
#2136=DIRECTION('',(1.01051852969522E-16,-1.,0.));
#2137=DIRECTION('',(1.,1.01051852969522E-16,0.));
#2138=DIRECTION('',(0.,0.,-1.));
#2139=DIRECTION('',(1.01051852969522E-16,-1.,0.));
#2140=DIRECTION('',(1.,1.01051852969522E-16,0.));
#2141=DIRECTION('',(0.,0.,1.));
#2142=DIRECTION('',(1.,0.,0.));
#2143=DIRECTION('',(1.,9.91270557701033E-17,0.));
#2144=DIRECTION('',(9.91270557701033E-17,-1.,0.));
#2145=DIRECTION('',(0.,-1.,0.));
#2146=DIRECTION('',(0.,0.,1.));
#2147=DIRECTION('',(1.,0.,0.));
#2148=DIRECTION('',(0.,0.,1.));
#2149=DIRECTION('',(1.,0.,0.));
#2150=DIRECTION('',(0.,0.,1.));
#2151=DIRECTION('',(1.,0.,0.));
#2152=DIRECTION('',(0.,0.,1.));
#2153=DIRECTION('',(1.,0.,0.));
#2154=DIRECTION('',(0.,0.,1.));
#2155=DIRECTION('',(1.,0.,0.));
#2156=DIRECTION('',(0.,0.,1.));
#2157=DIRECTION('',(1.,0.,0.));
#2158=DIRECTION('',(0.,0.,1.));
#2159=DIRECTION('',(1.,0.,0.));
#2160=DIRECTION('',(0.,0.,1.));
#2161=DIRECTION('',(1.,0.,0.));
#2162=DIRECTION('',(0.,0.,1.));
#2163=DIRECTION('',(1.,0.,0.));
#2164=DIRECTION('',(0.,0.,1.));
#2165=DIRECTION('',(1.,0.,0.));
#2166=DIRECTION('',(0.,0.,1.));
#2167=DIRECTION('',(1.,0.,0.));
#2168=DIRECTION('',(0.,0.,1.));
#2169=DIRECTION('',(1.,0.,0.));
#2170=DIRECTION('',(1.,2.6184505297763E-16,0.));
#2171=DIRECTION('',(-2.6184505297763E-16,1.,0.));
#2172=DIRECTION('',(0.,0.,-1.));
#2173=DIRECTION('',(2.6184505297763E-16,-1.,0.));
#2174=DIRECTION('',(0.,0.,-1.));
#2175=DIRECTION('',(0.,0.,-1.));
#2176=DIRECTION('',(2.6184505297763E-16,-1.,0.));
#2177=DIRECTION('',(0.,0.,-1.));
#2178=DIRECTION('',(2.6184505297763E-16,-1.,0.));
#2179=DIRECTION('',(0.,0.,-1.));
#2180=DIRECTION('',(2.6184505297763E-16,-1.,0.));
#2181=DIRECTION('',(2.69471607918727E-16,-1.,0.));
#2182=DIRECTION('',(1.,2.69471607918727E-16,0.));
#2183=DIRECTION('',(3.21245088143854E-16,0.,-1.));
#2184=DIRECTION('',(3.21245088143854E-16,0.,-1.));
#2185=DIRECTION('',(0.,0.,1.));
#2186=DIRECTION('',(1.,2.69471607918727E-16,-2.47817639425259E-16));
#2187=DIRECTION('',(0.,0.,1.));
#2188=DIRECTION('',(1.,2.69471607918727E-16,-1.23908819712629E-16));
#2189=DIRECTION('',(-1.,-2.69471607918727E-16,0.));
#2190=DIRECTION('',(0.,0.,-1.));
#2191=DIRECTION('',(0.,0.,-1.));
#2192=DIRECTION('',(-9.91270557701033E-17,1.,0.));
#2193=DIRECTION('',(-1.,-9.91270557701033E-17,0.));
#2194=DIRECTION('',(0.,0.,1.));
#2195=DIRECTION('',(1.,9.91270557701033E-17,-1.23908819712629E-16));
#2196=DIRECTION('',(0.,0.,1.));
#2197=DIRECTION('',(1.,9.91270557701033E-17,-2.47817639425259E-16));
#2198=DIRECTION('',(1.,9.91270557701033E-17,0.));
#2199=DIRECTION('',(0.,0.,-1.));
#2200=DIRECTION('',(0.,0.,-1.));
#2201=DIRECTION('',(0.,0.,1.));
#2202=DIRECTION('',(0.,0.,-1.));
#2203=DIRECTION('',(0.,0.,1.));
#2204=DIRECTION('',(1.,0.,0.));
#2205=DIRECTION('',(0.,0.,1.));
#2206=DIRECTION('',(1.,0.,0.));
#2207=DIRECTION('',(0.,0.,1.));
#2208=DIRECTION('',(1.,0.,0.));
#2209=DIRECTION('',(0.,0.,1.));
#2210=DIRECTION('',(1.,0.,0.));
#2211=DIRECTION('',(0.,0.,1.));
#2212=DIRECTION('',(1.,0.,0.));
#2213=DIRECTION('',(0.,0.,1.));
#2214=DIRECTION('',(1.,0.,0.));
#2215=DIRECTION('',(0.,0.,1.));
#2216=DIRECTION('',(1.,0.,0.));
#2217=DIRECTION('',(0.,1.,0.));
#2218=DIRECTION('',(0.,0.,1.));
#2219=DIRECTION('',(1.,0.,0.));
#2220=DIRECTION('',(0.,1.,0.));
#2221=DIRECTION('',(-0.707106781186574,0.707106781186521,0.));
#2222=DIRECTION('',(0.,0.,1.));
#2223=DIRECTION('',(1.,0.,0.));
#2224=DIRECTION('',(-0.707106781186573,0.707106781186522,0.));
#2225=DIRECTION('',(-1.,0.,0.));
#2226=DIRECTION('',(0.,0.,1.));
#2227=DIRECTION('',(1.,0.,0.));
#2228=DIRECTION('',(-1.,-1.19928029913526E-16,0.));
#2229=DIRECTION('',(0.,0.,1.));
#2230=DIRECTION('',(1.,0.,0.));
#2231=DIRECTION('',(0.,0.,1.));
#2232=DIRECTION('',(1.,0.,0.));
#2233=DIRECTION('',(2.6184505297763E-16,-1.,0.));
#2234=DIRECTION('',(0.,0.,1.));
#2235=DIRECTION('',(1.,0.,0.));
#2236=DIRECTION('',(0.,1.,0.));
#2237=DIRECTION('',(-1.,-2.00933221155615E-16,0.));
#2238=DIRECTION('',(0.,1.,0.));
#2239=DIRECTION('',(-1.,-1.3395548077041E-16,0.));
#2240=DIRECTION('',(0.,1.,0.));
#2241=DIRECTION('',(-1.,0.,0.));
#2242=DIRECTION('',(0.,1.,0.));
#2243=DIRECTION('',(-1.,-4.18005656861882E-16,0.));
#2244=DIRECTION('',(0.,0.,-1.));
#2245=DIRECTION('',(-1.,0.,0.));
#2246=DIRECTION('',(0.,0.,1.));
#2247=DIRECTION('',(1.,0.,0.));
#2248=DIRECTION('',(0.,0.,-1.));
#2249=DIRECTION('',(-1.,0.,0.));
#2250=DIRECTION('',(0.,0.,1.));
#2251=DIRECTION('',(1.,0.,0.));
#2252=DIRECTION('',(0.,0.,-1.));
#2253=DIRECTION('',(-1.,0.,0.));
#2254=DIRECTION('',(0.,0.,1.));
#2255=DIRECTION('',(1.,0.,0.));
#2256=DIRECTION('',(0.,0.,-1.));
#2257=DIRECTION('',(-1.,0.,0.));
#2258=DIRECTION('',(0.,0.,1.));
#2259=DIRECTION('',(1.,0.,0.));
#2260=DIRECTION('',(0.,0.,-1.));
#2261=DIRECTION('',(-1.,0.,0.));
#2262=DIRECTION('',(0.,0.,1.));
#2263=DIRECTION('',(1.,0.,0.));
#2264=DIRECTION('',(0.,0.,1.));
#2265=DIRECTION('',(1.,0.,0.));
#2266=DIRECTION('',(-2.52323414687536E-16,1.,0.));
#2267=DIRECTION('',(0.,0.,1.));
#2268=DIRECTION('',(1.,0.,0.));
#2269=DIRECTION('',(1.,9.91270557701033E-17,0.));
#2270=DIRECTION('',(0.,0.,1.));
#2271=DIRECTION('',(1.,0.,0.));
#2272=DIRECTION('',(-2.52323414687536E-16,1.,0.));
#2273=DIRECTION('',(0.,0.,1.));
#2274=DIRECTION('',(1.,0.,0.));
#2275=DIRECTION('',(0.,0.,1.));
#2276=DIRECTION('',(1.,0.,0.));
#2277=DIRECTION('',(1.,2.6184505297763E-16,0.));
#2278=DIRECTION('',(-2.6184505297763E-16,1.,0.));
#2279=DIRECTION('',(0.,0.,-1.));
#2280=DIRECTION('',(0.,0.,-1.));
#2281=DIRECTION('',(0.,0.,-1.));
#2282=DIRECTION('',(-1.,0.,0.));
#2283=DIRECTION('',(0.,0.,-1.));
#2284=DIRECTION('',(-1.,0.,0.));
#2285=DIRECTION('',(0.,0.,1.));
#2286=DIRECTION('',(1.,0.,0.));
#2287=DIRECTION('',(0.,0.,-1.));
#2288=DIRECTION('',(-1.,0.,0.));
#2289=DIRECTION('',(0.,0.,-1.));
#2290=DIRECTION('',(-1.,0.,0.));
#2291=DIRECTION('',(-1.,-2.52323414687536E-16,0.));
#2292=DIRECTION('',(2.52323414687536E-16,-1.,0.));
#2293=DIRECTION('',(0.,0.,-1.));
#2294=DIRECTION('',(0.,0.,-1.));
#2295=DIRECTION('',(0.,0.,-1.));
#2296=DIRECTION('',(-1.,0.,0.));
#2297=DIRECTION('',(0.,0.,-1.));
#2298=DIRECTION('',(-1.,0.,0.));
#2299=DIRECTION('',(0.,0.,-1.));
#2300=DIRECTION('',(-1.,-2.52323414687536E-16,0.));
#2301=DIRECTION('',(2.52323414687536E-16,-1.,0.));
#2302=DIRECTION('',(0.,0.,-1.));
#2303=DIRECTION('',(0.,0.,-1.));
#2304=DIRECTION('',(-1.,0.,0.));
#2305=DIRECTION('',(0.,0.,-1.));
#2306=DIRECTION('',(-9.91270557701033E-17,1.,0.));
#2307=DIRECTION('',(-1.,-9.91270557701033E-17,0.));
#2308=DIRECTION('',(-9.91270557701033E-17,1.,0.));
#2309=DIRECTION('',(-1.,-9.91270557701033E-17,0.));
#2310=DIRECTION('',(0.,0.,-1.));
#2311=DIRECTION('',(9.91270557701033E-17,-1.,0.));
#2312=DIRECTION('',(1.,9.91270557701033E-17,0.));
#2313=DIRECTION('',(0.,0.,1.));
#2314=DIRECTION('',(-9.91270557701033E-17,1.,0.));
#2315=DIRECTION('',(-1.,-9.91270557701033E-17,0.));
#2316=DIRECTION('',(-9.91270557701033E-17,1.,0.));
#2317=DIRECTION('',(-1.,-9.91270557701033E-17,0.));
#2318=DIRECTION('',(1.,9.91270557701033E-17,0.));
#2319=DIRECTION('',(-9.91270557701033E-17,1.,0.));
#2320=DIRECTION('',(-1.,-9.91270557701033E-17,0.));
#2321=DIRECTION('',(0.,0.,-1.));
#2322=DIRECTION('',(0.,0.,-1.));
#2323=DIRECTION('',(-1.,0.,0.));
#2324=DIRECTION('',(0.,0.,-1.));
#2325=DIRECTION('',(-1.,0.,0.));
#2326=DIRECTION('',(0.,0.,1.));
#2327=DIRECTION('',(1.,0.,0.));
#2328=DIRECTION('',(0.,0.,1.));
#2329=DIRECTION('',(1.,0.,0.));
#2330=DIRECTION('',(0.,0.,1.));
#2331=DIRECTION('',(1.,0.,0.));
#2332=DIRECTION('',(0.,0.,-1.));
#2333=DIRECTION('',(-1.,0.,0.));
#2334=DIRECTION('',(0.,0.,1.));
#2335=DIRECTION('',(1.,0.,0.));
#2336=DIRECTION('',(0.,0.,1.));
#2337=DIRECTION('',(1.,0.,0.));
#2338=DIRECTION('',(0.,0.,-1.));
#2339=DIRECTION('',(1.,0.,0.));
#2340=DIRECTION('',(0.,0.,-1.));
#2341=DIRECTION('',(-1.,0.,0.));
#2342=DIRECTION('',(0.,0.,1.));
#2343=DIRECTION('',(1.,0.,0.));
#2344=DIRECTION('',(0.,0.,1.));
#2345=DIRECTION('',(1.,0.,0.));
#2346=DIRECTION('',(0.,0.,1.));
#2347=DIRECTION('',(1.,0.,0.));
#2348=DIRECTION('',(0.,0.,-1.));
#2349=DIRECTION('',(-1.,0.,0.));
#2350=DIRECTION('',(0.,0.,1.));
#2351=DIRECTION('',(1.,0.,0.));
#2352=DIRECTION('',(0.,0.,1.));
#2353=DIRECTION('',(1.,0.,0.));
#2354=DIRECTION('',(0.,0.,1.));
#2355=DIRECTION('',(1.,0.,0.));
#2356=DIRECTION('',(0.,0.,-1.));
#2357=DIRECTION('',(-1.,0.,0.));
#2358=DIRECTION('',(0.,0.,1.));
#2359=DIRECTION('',(1.,0.,0.));
#2360=DIRECTION('',(0.,0.,1.));
#2361=DIRECTION('',(1.,0.,0.));
#2362=DIRECTION('',(0.,0.,-1.));
#2363=DIRECTION('',(-1.,0.,0.));
#2364=DIRECTION('',(0.,0.,1.));
#2365=DIRECTION('',(1.,0.,0.));
#2366=DIRECTION('',(0.,0.,1.));
#2367=DIRECTION('',(1.,0.,0.));
#2368=DIRECTION('',(0.,0.,-1.));
#2369=DIRECTION('',(-1.,0.,0.));
#2370=DIRECTION('',(0.,0.,-1.));
#2371=DIRECTION('',(1.,0.,0.));
#2372=DIRECTION('',(0.,0.,1.));
#2373=DIRECTION('',(1.,0.,0.));
#2374=DIRECTION('',(0.,0.,-1.));
#2375=DIRECTION('',(-1.,0.,0.));
#2376=DIRECTION('',(0.,0.,1.));
#2377=DIRECTION('',(1.,0.,0.));
#2378=DIRECTION('',(0.,0.,1.));
#2379=DIRECTION('',(1.,0.,0.));
#2380=DIRECTION('',(-2.00933221155615E-16,1.,0.));
#2381=DIRECTION('',(-1.,-2.00933221155615E-16,0.));
#2382=DIRECTION('',(0.,0.,1.));
#2383=DIRECTION('',(-1.,-2.00933221155615E-16,0.));
#2384=DIRECTION('',(0.,0.,1.));
#2385=DIRECTION('',(1.,0.,0.));
#2386=DIRECTION('',(0.,0.,-1.));
#2387=DIRECTION('',(0.,0.,1.));
#2388=DIRECTION('',(0.,1.,0.));
#2389=DIRECTION('',(-1.3395548077041E-16,1.,0.));
#2390=DIRECTION('',(-1.,-1.3395548077041E-16,0.));
#2391=DIRECTION('',(0.,0.,1.));
#2392=DIRECTION('',(-1.,-1.3395548077041E-16,0.));
#2393=DIRECTION('',(1.,0.,0.));
#2394=DIRECTION('',(0.,0.,-1.));
#2395=DIRECTION('',(0.,1.,0.));
#2396=DIRECTION('',(0.,0.,1.));
#2397=DIRECTION('',(1.,0.,0.));
#2398=DIRECTION('',(0.,1.,0.));
#2399=DIRECTION('',(0.,0.,1.));
#2400=DIRECTION('',(0.,0.,1.));
#2401=DIRECTION('',(-1.,0.,0.));
#2402=DIRECTION('',(0.,0.,1.));
#2403=DIRECTION('',(1.,0.,0.));
#2404=DIRECTION('',(0.,0.,-1.));
#2405=DIRECTION('',(0.,0.,1.));
#2406=DIRECTION('',(0.,1.,0.));
#2407=DIRECTION('',(-4.18005656861882E-16,1.,0.));
#2408=DIRECTION('',(-1.,-4.18005656861882E-16,0.));
#2409=DIRECTION('',(0.,0.,1.));
#2410=DIRECTION('',(-1.,-4.18005656861882E-16,0.));
#2411=DIRECTION('',(1.,0.,0.));
#2412=DIRECTION('',(0.,0.,-1.));
#2413=DIRECTION('',(0.,1.,0.));
#2414=DIRECTION('',(0.,0.,1.));
#2415=DIRECTION('',(1.,0.,0.));
#2416=DIRECTION('',(-1.,-9.91270557701033E-17,0.));
#2417=DIRECTION('',(9.91270557701033E-17,-1.,0.));
#2418=DIRECTION('',(-9.91270557701033E-17,1.,0.));
#2419=DIRECTION('',(-9.91270557701033E-17,1.,0.));
#2420=DIRECTION('',(1.23908819712629E-16,1.22827164820615E-32,1.));
#2421=DIRECTION('',(1.,0.,-1.23908819712629E-16));
#2422=DIRECTION('',(-9.91270557701033E-17,1.,0.));
#2423=DIRECTION('',(2.47817639425259E-16,2.45654329641229E-32,1.));
#2424=DIRECTION('',(1.,0.,-2.47817639425259E-16));
#2425=DIRECTION('',(-9.91270557701033E-17,1.,0.));
#2426=DIRECTION('',(-1.,-9.91270557701033E-17,0.));
#2427=DIRECTION('',(9.91270557701033E-17,-1.,0.));
#2428=DIRECTION('',(-1.,0.,0.));
#2429=DIRECTION('',(0.,0.,1.));
#2430=DIRECTION('',(0.,0.,-1.));
#2431=DIRECTION('',(0.,1.,0.));
#2432=DIRECTION('',(0.,0.,-1.));
#2433=DIRECTION('',(-1.,0.,0.));
#2434=DIRECTION('',(0.,0.,-1.));
#2435=DIRECTION('',(0.,0.,1.));
#2436=DIRECTION('',(1.,0.,0.));
#2437=DIRECTION('',(0.,0.,-1.));
#2438=DIRECTION('',(-1.,0.,0.));
#2439=DIRECTION('',(0.,0.,1.));
#2440=DIRECTION('',(1.,0.,0.));
#2441=DIRECTION('',(-1.,0.,0.));
#2442=DIRECTION('',(0.,0.,1.));
#2443=DIRECTION('',(0.,1.,0.));
#2444=DIRECTION('',(0.,0.,1.));
#2445=DIRECTION('',(1.,0.,0.));
#2446=DIRECTION('',(0.,-1.,0.));
#2447=DIRECTION('',(0.,0.,-1.));
#2448=DIRECTION('',(-1.,0.,0.));
#2449=DIRECTION('',(0.,0.,-1.));
#2450=DIRECTION('',(1.19928029913526E-16,-1.,0.));
#2451=DIRECTION('',(1.,1.19928029913526E-16,0.));
#2452=DIRECTION('',(0.,0.,-1.));
#2453=DIRECTION('',(-1.,-1.19928029913526E-16,0.));
#2454=DIRECTION('',(0.,0.,-1.));
#2455=DIRECTION('',(-1.,0.,0.));
#2456=DIRECTION('',(0.,0.,1.));
#2457=DIRECTION('',(1.,0.,0.));
#2458=DIRECTION('',(0.,0.,-1.));
#2459=DIRECTION('',(-1.,0.,0.));
#2460=DIRECTION('',(0.,0.,1.));
#2461=DIRECTION('',(1.,0.,0.));
#2462=DIRECTION('',(0.,0.,1.));
#2463=DIRECTION('',(1.,0.,0.));
#2464=DIRECTION('',(0.,0.,-1.));
#2465=DIRECTION('',(-1.,0.,0.));
#2466=DIRECTION('',(0.,0.,1.));
#2467=DIRECTION('',(1.,0.,0.));
#2468=DIRECTION('',(0.,0.,-1.));
#2469=DIRECTION('',(-1.,0.,0.));
#2470=DIRECTION('',(0.,0.,1.));
#2471=DIRECTION('',(1.,0.,0.));
#2472=DIRECTION('',(0.,0.,1.));
#2473=DIRECTION('',(1.,0.,0.));
#2474=DIRECTION('',(-0.707106781186521,-0.707106781186574,0.));
#2475=DIRECTION('',(0.707106781186574,-0.707106781186521,0.));
#2476=DIRECTION('',(-0.707106781186574,0.707106781186521,0.));
#2477=DIRECTION('',(0.,0.,-1.));
#2478=DIRECTION('',(-0.707106781186522,-0.707106781186573,0.));
#2479=DIRECTION('',(0.707106781186573,-0.707106781186522,0.));
#2480=DIRECTION('',(0.,0.,-1.));
#2481=DIRECTION('',(-0.707106781186573,0.707106781186522,0.));
#2482=DIRECTION('',(0.,0.,-1.));
#2483=DIRECTION('',(-1.,0.,0.));
#2484=DIRECTION('',(0.,0.,1.));
#2485=DIRECTION('',(1.,0.,0.));
#2486=DIRECTION('',(0.,0.,-1.));
#2487=DIRECTION('',(-1.,0.,0.));
#2488=DIRECTION('',(0.,0.,1.));
#2489=DIRECTION('',(1.,0.,0.));
#2490=DIRECTION('',(0.,0.,1.));
#2491=DIRECTION('',(1.,0.,0.));
#2492=DIRECTION('',(0.,0.,1.));
#2493=DIRECTION('',(1.,0.,0.));
#2494=DIRECTION('',(0.,-1.,0.));
#2495=DIRECTION('',(0.,0.,1.));
#2496=DIRECTION('',(1.,0.,0.));
#2497=DIRECTION('',(-2.40981415516563E-16,1.,0.));
#2498=DIRECTION('',(0.,0.,1.));
#2499=DIRECTION('',(1.,0.,0.));
#2500=DIRECTION('',(-2.40981415516563E-16,1.,0.));
#2501=DIRECTION('',(0.,0.,1.));
#2502=DIRECTION('',(1.,0.,0.));
#2503=DIRECTION('',(0.,-1.,0.));
#2504=DIRECTION('',(0.,1.,0.));
#2505=DIRECTION('',(0.,-1.,0.));
#2506=DIRECTION('',(-1.,0.,0.));
#2507=DIRECTION('',(0.,0.,1.));
#2508=DIRECTION('',(0.,-1.,0.));
#2509=DIRECTION('',(0.,0.707106781186548,0.707106781186548));
#2510=DIRECTION('',(-1.,0.,0.));
#2511=DIRECTION('',(0.,0.,1.));
#2512=DIRECTION('',(0.,-1.,0.));
#2513=DIRECTION('',(0.,-0.707106781186548,-0.707106781186548));
#2514=DIRECTION('',(0.,0.,1.));
#2515=DIRECTION('',(1.,0.,0.));
#2516=DIRECTION('',(0.,0.,1.));
#2517=DIRECTION('',(0.,0.,1.));
#2518=DIRECTION('',(1.,0.,0.));
#2519=DIRECTION('',(0.,0.,1.));
#2520=DIRECTION('',(1.,2.40981415516563E-16,0.));
#2521=DIRECTION('',(-2.40981415516563E-16,1.,0.));
#2522=DIRECTION('',(0.,0.,-1.));
#2523=DIRECTION('',(-2.40981415516563E-16,1.,0.));
#2524=DIRECTION('',(1.,2.40981415516563E-16,0.));
#2525=DIRECTION('',(-2.40981415516563E-16,1.,0.));
#2526=DIRECTION('',(0.,0.,1.));
#2527=DIRECTION('',(-2.40981415516563E-16,1.,0.));
#2528=DIRECTION('',(0.,0.,1.));
#2529=DIRECTION('',(1.,0.,0.));
#2530=DIRECTION('',(0.,0.,1.));
#2531=DIRECTION('',(1.,0.,0.));
#2532=DIRECTION('',(0.,0.,1.));
#2533=DIRECTION('',(1.,0.,0.));
#2534=DIRECTION('',(-7.14544504862153E-17,0.707106781186548,-0.707106781186548));
#2535=DIRECTION('',(1.,1.01051852969522E-16,0.));
#2536=DIRECTION('',(0.,0.,1.));
#2537=DIRECTION('',(1.,0.,0.));
#2538=DIRECTION('',(0.,0.,1.));
#2539=DIRECTION('',(1.,0.,0.));
#2540=DIRECTION('',(-1.,0.,-3.21245088143854E-16));
#2541=DIRECTION('',(-3.21245088143854E-16,0.,1.));
#2542=DIRECTION('',(3.21245088143854E-16,0.,-1.));
#2543=DIRECTION('',(-0.707106781186548,0.707106781186548,-2.27154580249389E-16));
#2544=DIRECTION('',(-0.707106781186548,-0.707106781186548,0.));
#2545=DIRECTION('',(-1.,0.,-3.21245088143854E-16));
#2546=DIRECTION('',(-3.21245088143854E-16,0.,1.));
#2547=DIRECTION('',(3.21245088143854E-16,0.,-1.));
#2548=DIRECTION('',(-0.707106781186547,-0.707106781186548,-2.27154580249389E-16));
#2549=DIRECTION('',(0.707106781186548,-0.707106781186547,0.));
#2550=DIRECTION('',(1.,9.91270557701033E-17,0.));
#2551=DIRECTION('',(-9.91270557701033E-17,1.,0.));
#2552=DIRECTION('',(9.91270557701033E-17,-1.,0.));
#2553=DIRECTION('',(9.91270557701033E-17,-1.,0.));
#2554=DIRECTION('',(-1.,-9.91270557701033E-17,0.));
#2555=DIRECTION('',(9.91270557701033E-17,-1.,0.));
#2556=DIRECTION('',(9.91270557701033E-17,-1.,0.));
#2557=DIRECTION('',(9.91270557701033E-17,-1.,0.));
#2558=DIRECTION('',(9.91270557701033E-17,-1.,0.));
#2559=DIRECTION('',(1.,9.91270557701033E-17,0.));
#2560=DIRECTION('',(0.,-1.,0.));
#2561=DIRECTION('',(0.,0.,-1.));
#2562=DIRECTION('',(0.,1.,0.));
#2563=DIRECTION('',(0.,0.,1.));
#2564=DIRECTION('',(0.,-1.,0.));
#2565=DIRECTION('',(0.,0.,-1.));
#2566=DIRECTION('',(0.,1.,0.));
#2567=DIRECTION('',(0.,0.,1.));
#2568=DIRECTION('',(0.,0.,1.));
#2569=DIRECTION('',(1.,0.,0.));
#2570=DIRECTION('',(0.,1.,0.));
#2571=DIRECTION('',(0.,0.,1.));
#2572=DIRECTION('',(0.,1.,0.));
#2573=DIRECTION('',(0.,0.,1.));
#2574=DIRECTION('',(0.,0.,1.));
#2575=DIRECTION('',(1.,0.,0.));
#2576=DIRECTION('',(9.91270557701033E-17,-1.,0.));
#2577=DIRECTION('',(1.,9.91270557701033E-17,0.));
#2578=DIRECTION('',(9.91270557701033E-17,-1.,0.));
#2579=DIRECTION('',(1.,9.91270557701033E-17,0.));
#2580=CARTESIAN_POINT('',(0.,0.,0.));
#2581=CARTESIAN_POINT('',(0.,-1.38777878078145E-17,0.03));
#2582=CARTESIAN_POINT('',(0.,-0.058,0.03));
#2583=CARTESIAN_POINT('',(0.103,-0.058,0.03));
#2584=CARTESIAN_POINT('',(0.0855947655427257,-0.058,0.03));
#2585=CARTESIAN_POINT('',(0.0855947655427257,-5.39303071023178E-18,0.03));
#2586=CARTESIAN_POINT('',(0.0855947655427257,-0.06,0.03));
#2587=CARTESIAN_POINT('',(1.38777878078145E-17,-0.06,0.03));
#2588=CARTESIAN_POINT('',(0.105,-0.06,0.03));
#2589=CARTESIAN_POINT('',(0.105,-0.055,0.03));
#2590=CARTESIAN_POINT('',(0.11,-0.055,0.03));
#2591=CARTESIAN_POINT('',(0.11,6.93889390390723E-18,0.03));
#2592=CARTESIAN_POINT('',(0.11,0.055,0.03));
#2593=CARTESIAN_POINT('',(0.105,0.055,0.03));
#2594=CARTESIAN_POINT('',(0.105,0.06,0.03));
#2595=CARTESIAN_POINT('',(0.,0.06,0.03));
#2596=CARTESIAN_POINT('',(-0.105,0.06,0.03));
#2597=CARTESIAN_POINT('',(-0.105,0.055,0.03));
#2598=CARTESIAN_POINT('',(-0.11,0.055,0.03));
#2599=CARTESIAN_POINT('',(-0.11,-2.08166817117217E-17,0.03));
#2600=CARTESIAN_POINT('',(-0.11,-0.055,0.03));
#2601=CARTESIAN_POINT('',(-0.105,-0.055,0.03));
#2602=CARTESIAN_POINT('',(-0.105,-0.06,0.03));
#2603=CARTESIAN_POINT('',(1.38777878078145E-17,-0.06,0.03));
#2604=CARTESIAN_POINT('',(-0.00735,-0.06,0.03));
#2605=CARTESIAN_POINT('',(-0.00735,-0.059,0.03));
#2606=CARTESIAN_POINT('',(-0.00735,-0.058,0.03));
#2607=CARTESIAN_POINT('',(0.,-0.058,0.03));
#2608=CARTESIAN_POINT('',(-0.103,-0.058,0.03));
#2609=CARTESIAN_POINT('',(-0.103,-0.053,0.03));
#2610=CARTESIAN_POINT('',(-0.108,-0.053,0.03));
#2611=CARTESIAN_POINT('',(-0.108,-2.77555756156289E-17,0.03));
#2612=CARTESIAN_POINT('',(-0.108,0.053,0.03));
#2613=CARTESIAN_POINT('',(-0.103,0.053,0.03));
#2614=CARTESIAN_POINT('',(-0.103,0.058,0.03));
#2615=CARTESIAN_POINT('',(0.,0.058,0.03));
#2616=CARTESIAN_POINT('',(0.103,0.058,0.03));
#2617=CARTESIAN_POINT('',(0.103,0.053,0.03));
#2618=CARTESIAN_POINT('',(0.108,0.053,0.03));
#2619=CARTESIAN_POINT('',(0.108,0.,0.03));
#2620=CARTESIAN_POINT('',(0.108,-0.053,0.03));
#2621=CARTESIAN_POINT('',(0.103,-0.053,0.03));
#2622=CARTESIAN_POINT('',(0.110002,0.0585,0.0242));
#2623=CARTESIAN_POINT('',(0.110002,0.058,0.0242));
#2624=CARTESIAN_POINT('',(0.0092,0.058,0.0242));
#2625=CARTESIAN_POINT('',(-0.0092,0.058,0.0242));
#2626=CARTESIAN_POINT('',(-0.0092,0.0585,0.0242));
#2627=CARTESIAN_POINT('',(-0.0092,0.059,0.0242));
#2628=CARTESIAN_POINT('',(0.110002,0.059,0.0242));
#2629=CARTESIAN_POINT('',(0.0092,0.059,0.0242));
#2630=CARTESIAN_POINT('',(0.0092,0.0585,0.0242));
#2631=CARTESIAN_POINT('',(0.110002,0.0595,0.0247));
#2632=CARTESIAN_POINT('',(0.0302006666666667,0.0195993333333333,-0.0152006666666667));
#2633=CARTESIAN_POINT('',(-0.0102,0.06,0.0252));
#2634=CARTESIAN_POINT('',(-5.20417042793042E-18,0.06,0.0252));
#2635=CARTESIAN_POINT('',(0.0102,0.06,0.0252));
#2636=CARTESIAN_POINT('',(0.043134,0.092934,0.058134));
#2637=CARTESIAN_POINT('',(0.110002,0.0585,0.0208));
#2638=CARTESIAN_POINT('',(-0.0092,0.0585,0.0208));
#2639=CARTESIAN_POINT('',(-0.0092,0.058,0.0208));
#2640=CARTESIAN_POINT('',(-0.0092,0.059,0.0208));
#2641=CARTESIAN_POINT('',(0.110002,0.058,0.0208));
#2642=CARTESIAN_POINT('',(0.0092,0.058,0.0208));
#2643=CARTESIAN_POINT('',(0.0092,0.0585,0.0208));
#2644=CARTESIAN_POINT('',(0.0092,0.059,0.0208));
#2645=CARTESIAN_POINT('',(0.110002,0.059,0.0208));
#2646=CARTESIAN_POINT('',(0.110002,0.0595,0.0203));
#2647=CARTESIAN_POINT('',(0.0302006666666667,0.0195993333333333,0.0602006666666667));
#2648=CARTESIAN_POINT('',(-0.0102,0.06,0.0198));
#2649=CARTESIAN_POINT('',(0.043134,0.092934,-0.013134));
#2650=CARTESIAN_POINT('',(0.0102,0.06,0.0198));
#2651=CARTESIAN_POINT('',(-5.20417042793042E-18,0.06,0.0198));
#2652=CARTESIAN_POINT('',(-1.7347234759768E-18,-0.05385,0.0249));
#2653=CARTESIAN_POINT('',(-0.00735,-0.05385,0.0249));
#2654=CARTESIAN_POINT('',(-0.00735,-0.05385,0.01575));
#2655=CARTESIAN_POINT('',(-0.00735,-0.05385,0.0259));
#2656=CARTESIAN_POINT('',(-1.7347234759768E-18,-0.05385,0.0259));
#2657=CARTESIAN_POINT('',(-0.0040511811023622,-0.0477172655629105,0.0259));
#2658=CARTESIAN_POINT('',(-2.60208521396521E-18,-0.05385,0.0259));
#2659=CARTESIAN_POINT('',(0.0040511811023622,-0.0477172655629105,0.0259));
#2660=CARTESIAN_POINT('',(-1.7347234759768E-18,-0.05385,0.0259));
#2661=CARTESIAN_POINT('',(0.00735,-0.05385,0.0259));
#2662=CARTESIAN_POINT('',(0.00735,-0.05385,0.0249));
#2663=CARTESIAN_POINT('',(0.00735,-0.05385,0.01575));
#2664=CARTESIAN_POINT('',(-1.7347234759768E-18,-0.05385,0.01575));
#2665=CARTESIAN_POINT('',(0.,-0.058,0.03));
#2666=CARTESIAN_POINT('',(0.0835947655427257,-0.058,0.0195));
#2667=CARTESIAN_POINT('',(0.0835947655427257,-0.058,0.009));
#2668=CARTESIAN_POINT('',(0.0835947655427257,-0.058,0.028));
#2669=CARTESIAN_POINT('',(0.0855947655427257,-0.058,0.028));
#2670=CARTESIAN_POINT('',(0.103,-0.058,0.03));
#2671=CARTESIAN_POINT('',(0.103,-0.058,0.006));
#2672=CARTESIAN_POINT('',(0.,-0.058,0.006));
#2673=CARTESIAN_POINT('',(0.100080404050711,-0.058,0.006));
#2674=CARTESIAN_POINT('',(0.100080404050711,-0.058,0.006));
#2675=CARTESIAN_POINT('',(0.100080404050711,-0.058,0.002));
#2676=CARTESIAN_POINT('',(0.,-0.058,0.002));
#2677=CARTESIAN_POINT('',(0.0622137951541629,-0.058,0.002));
#2678=CARTESIAN_POINT('',(0.0622137951541629,-0.058,0.006));
#2679=CARTESIAN_POINT('',(0.0622137951541629,-0.058,0.006));
#2680=CARTESIAN_POINT('',(0.,-0.058,0.006));
#2681=CARTESIAN_POINT('',(0.0510137951541629,-0.058,0.006));
#2682=CARTESIAN_POINT('',(0.0510137951541629,-0.058,0.006));
#2683=CARTESIAN_POINT('',(0.0510137951541629,-0.058,0.002));
#2684=CARTESIAN_POINT('',(0.,-0.058,0.002));
#2685=CARTESIAN_POINT('',(-0.103,-0.058,0.002));
#2686=CARTESIAN_POINT('',(-0.103,-0.058,0.03));
#2687=CARTESIAN_POINT('',(-0.00525,-0.058,0.03));
#2688=CARTESIAN_POINT('',(-0.00525,-0.058,0.0279));
#2689=CARTESIAN_POINT('',(-2.18945681433966E-17,-0.058,0.0279));
#2690=CARTESIAN_POINT('',(-0.00535,-0.058,0.0279));
#2691=CARTESIAN_POINT('',(-0.00535,-0.058,0.0259));
#2692=CARTESIAN_POINT('',(-0.00735,-0.058,0.0259));
#2693=CARTESIAN_POINT('',(-0.00735,-0.058,0.0249));
#2694=CARTESIAN_POINT('',(-0.00735,-0.058,0.0116));
#2695=CARTESIAN_POINT('',(0.00735,-0.058,0.0116));
#2696=CARTESIAN_POINT('',(0.00735,-0.058,0.0116));
#2697=CARTESIAN_POINT('',(0.00735,-0.058,0.0249));
#2698=CARTESIAN_POINT('',(0.00735,-0.058,0.0259));
#2699=CARTESIAN_POINT('',(0.00535,-0.058,0.0259));
#2700=CARTESIAN_POINT('',(0.00535,-0.058,0.0279));
#2701=CARTESIAN_POINT('',(-2.18945681433966E-17,-0.058,0.0279));
#2702=CARTESIAN_POINT('',(0.00525,-0.058,0.0279));
#2703=CARTESIAN_POINT('',(0.00525,-0.058,0.03));
#2704=CARTESIAN_POINT('',(0.00735,-0.058,0.03));
#2705=CARTESIAN_POINT('',(0.,-0.058,0.03));
#2706=CARTESIAN_POINT('',(0.0735947655427257,-0.058,0.03));
#2707=CARTESIAN_POINT('',(0.0735947655427257,-0.058,0.028));
#2708=CARTESIAN_POINT('',(0.0755947655427257,-0.058,0.028));
#2709=CARTESIAN_POINT('',(0.0755947655427257,-0.058,0.0195));
#2710=CARTESIAN_POINT('',(0.0755947655427257,-0.058,0.009));
#2711=CARTESIAN_POINT('',(0.0795947655427257,-0.058,0.009));
#2712=CARTESIAN_POINT('',(0.,-1.38777878078145E-17,0.03));
#2713=CARTESIAN_POINT('',(1.38777878078145E-17,-0.06,0.03));
#2714=CARTESIAN_POINT('',(0.00735,-0.06,0.03));
#2715=CARTESIAN_POINT('',(0.0735947655427257,-0.06,0.03));
#2716=CARTESIAN_POINT('',(0.0735947655427257,-6.58255537947301E-18,0.03));
#2717=CARTESIAN_POINT('',(0.00735,-0.059,0.03));
#2718=CARTESIAN_POINT('',(0.,-1.38777878078145E-17,0.002));
#2719=CARTESIAN_POINT('',(0.0566137951541629,-0.0525757359312885,0.002));
#2720=CARTESIAN_POINT('',(0.0587137951541629,-0.0525757359312885,0.002));
#2721=CARTESIAN_POINT('',(0.0566137951541629,-0.0525757359312885,0.002));
#2722=CARTESIAN_POINT('',(0.0602137951541629,-0.0525757359312885,0.002));
#2723=CARTESIAN_POINT('',(0.,-1.38777878078145E-17,0.002));
#2724=CARTESIAN_POINT('',(0.102575735931288,-0.0525757359312885,0.002));
#2725=CARTESIAN_POINT('',(0.104675735931288,-0.0525757359312885,0.002));
#2726=CARTESIAN_POINT('',(0.102575735931288,-0.0525757359312885,0.002));
#2727=CARTESIAN_POINT('',(0.106175735931288,-0.0525757359312885,0.002));
#2728=CARTESIAN_POINT('',(0.,-1.38777878078145E-17,0.002));
#2729=CARTESIAN_POINT('',(0.102575735931288,-0.00661379515416292,0.002));
#2730=CARTESIAN_POINT('',(0.104675735931288,-0.00661379515416292,0.002));
#2731=CARTESIAN_POINT('',(0.102575735931288,-0.00661379515416292,0.002));
#2732=CARTESIAN_POINT('',(0.106175735931288,-0.00661379515416292,0.002));
#2733=CARTESIAN_POINT('',(0.,-1.38777878078145E-17,0.002));
#2734=CARTESIAN_POINT('',(0.0566137951541629,-0.00661379515416293,0.002));
#2735=CARTESIAN_POINT('',(0.0587137951541629,-0.00661379515416293,0.002));
#2736=CARTESIAN_POINT('',(0.0566137951541629,-0.00661379515416292,0.002));
#2737=CARTESIAN_POINT('',(0.0602137951541629,-0.00661379515416292,0.002));
#2738=CARTESIAN_POINT('',(0.108,0.,0.03));
#2739=CARTESIAN_POINT('',(0.108,-0.0500804040507107,0.006));
#2740=CARTESIAN_POINT('',(0.108,-0.0500804040507107,0.006));
#2741=CARTESIAN_POINT('',(0.108,-0.0500804040507107,0.002));
#2742=CARTESIAN_POINT('',(0.108,0.,0.006));
#2743=CARTESIAN_POINT('',(0.108,-0.053,0.006));
#2744=CARTESIAN_POINT('',(0.108,-0.053,0.03));
#2745=CARTESIAN_POINT('',(0.108,0.053,0.03));
#2746=CARTESIAN_POINT('',(0.108,0.053,0.002));
#2747=CARTESIAN_POINT('',(0.108,0.,0.002));
#2748=CARTESIAN_POINT('',(0.108,-0.0010137951541629,0.002));
#2749=CARTESIAN_POINT('',(0.108,-0.0010137951541629,0.006));
#2750=CARTESIAN_POINT('',(0.108,-0.0010137951541629,0.006));
#2751=CARTESIAN_POINT('',(0.108,0.,0.006));
#2752=CARTESIAN_POINT('',(0.108,-0.0122137951541629,0.006));
#2753=CARTESIAN_POINT('',(0.108,-0.0122137951541629,0.006));
#2754=CARTESIAN_POINT('',(0.108,-0.0122137951541629,0.002));
#2755=CARTESIAN_POINT('',(0.108,0.,0.002));
#2756=CARTESIAN_POINT('',(0.,0.058,0.03));
#2757=CARTESIAN_POINT('',(-0.0092,0.058,0.025202));
#2758=CARTESIAN_POINT('',(0.0092,0.058,0.025202));
#2759=CARTESIAN_POINT('',(-0.072,0.058,0.012));
#2760=CARTESIAN_POINT('',(-0.072,0.058,0.0056));
#2761=CARTESIAN_POINT('',(-0.072,0.058,0.0184));
#2762=CARTESIAN_POINT('',(-0.065,0.058,0.0184));
#2763=CARTESIAN_POINT('',(-0.058,0.058,0.0184));
#2764=CARTESIAN_POINT('',(-0.058,0.058,0.012));
#2765=CARTESIAN_POINT('',(-0.058,0.058,0.0056));
#2766=CARTESIAN_POINT('',(-0.065,0.058,0.0056));
#2767=CARTESIAN_POINT('',(0.,0.058,0.002));
#2768=CARTESIAN_POINT('',(0.103,0.058,0.002));
#2769=CARTESIAN_POINT('',(-0.103,0.058,0.002));
#2770=CARTESIAN_POINT('',(0.103,0.058,0.03));
#2771=CARTESIAN_POINT('',(-0.103,0.058,0.03));
#2772=CARTESIAN_POINT('',(0.,0.06,0.03));
#2773=CARTESIAN_POINT('',(-0.072,0.06,0.012));
#2774=CARTESIAN_POINT('',(-0.072,0.06,0.0056));
#2775=CARTESIAN_POINT('',(-0.072,0.06,0.0184));
#2776=CARTESIAN_POINT('',(-0.065,0.06,0.0056));
#2777=CARTESIAN_POINT('',(-0.058,0.06,0.0056));
#2778=CARTESIAN_POINT('',(-0.058,0.06,0.012));
#2779=CARTESIAN_POINT('',(-0.058,0.06,0.0184));
#2780=CARTESIAN_POINT('',(-0.065,0.06,0.0184));
#2781=CARTESIAN_POINT('',(0.,0.06,0.));
#2782=CARTESIAN_POINT('',(-0.105,0.06,0.));
#2783=CARTESIAN_POINT('',(0.105,0.06,0.));
#2784=CARTESIAN_POINT('',(-0.105,0.06,0.03));
#2785=CARTESIAN_POINT('',(0.105,0.06,0.03));
#2786=CARTESIAN_POINT('',(-0.0102,0.06,0.0225));
#2787=CARTESIAN_POINT('',(0.0102,0.06,0.0225));
#2788=CARTESIAN_POINT('',(0.,-1.38777878078145E-17,0.002));
#2789=CARTESIAN_POINT('',(0.0566137951541629,-0.00661379515416292,0.002));
#2790=CARTESIAN_POINT('',(0.0622137951541629,-0.00661379515416292,0.002));
#2791=CARTESIAN_POINT('',(-0.1009,0.0382,0.002));
#2792=CARTESIAN_POINT('',(-0.0989,0.0382,0.002));
#2793=CARTESIAN_POINT('',(-0.0523,0.0368,0.002));
#2794=CARTESIAN_POINT('',(-0.0503,0.0368,0.002));
#2795=CARTESIAN_POINT('',(-0.0679,-0.0142,0.002));
#2796=CARTESIAN_POINT('',(-0.0659,-0.0142,0.002));
#2797=CARTESIAN_POINT('',(-0.0959,-0.0142,0.002));
#2798=CARTESIAN_POINT('',(-0.0939,-0.0142,0.002));
#2799=CARTESIAN_POINT('',(0.0795947655427257,-0.0295947655427257,0.002));
#2800=CARTESIAN_POINT('',(0.104994765542726,-0.0295947655427257,0.002));
#2801=CARTESIAN_POINT('',(0.0510137951541629,-0.0552878679656442,0.002));
#2802=CARTESIAN_POINT('',(0.0510137951541629,-0.0525757359312885,0.002));
#2803=CARTESIAN_POINT('',(0.0566137951541629,-0.0525757359312885,0.002));
#2804=CARTESIAN_POINT('',(0.0622137951541629,-0.0525757359312885,0.002));
#2805=CARTESIAN_POINT('',(0.0622137951541629,-0.0552878679656442,0.002));
#2806=CARTESIAN_POINT('',(0.0993481710036777,-0.0572677669529666,0.002));
#2807=CARTESIAN_POINT('',(0.098615937956644,-0.0565355339059333,0.002));
#2808=CARTESIAN_POINT('',(0.102575735931288,-0.0525757359312885,0.002));
#2809=CARTESIAN_POINT('',(0.106535533905933,-0.0486159379566437,0.002));
#2810=CARTESIAN_POINT('',(0.107267766952966,-0.0493481710036773,0.002));
#2811=CARTESIAN_POINT('',(0.105287867965644,-0.0122137951541629,0.002));
#2812=CARTESIAN_POINT('',(0.102575735931288,-0.0122137951541629,0.002));
#2813=CARTESIAN_POINT('',(0.102575735931288,-0.00661379515416292,0.002));
#2814=CARTESIAN_POINT('',(0.102575735931288,-0.00101379515416292,0.002));
#2815=CARTESIAN_POINT('',(0.105287867965644,-0.0010137951541629,0.002));
#2816=CARTESIAN_POINT('',(0.103,0.053,0.002));
#2817=CARTESIAN_POINT('',(-0.103,0.053,0.002));
#2818=CARTESIAN_POINT('',(-0.108,0.053,0.002));
#2819=CARTESIAN_POINT('',(-0.108,-2.77555756156289E-17,0.002));
#2820=CARTESIAN_POINT('',(-0.108,-0.053,0.002));
#2821=CARTESIAN_POINT('',(-0.103,-0.053,0.002));
#2822=CARTESIAN_POINT('',(0.1034,0.0363,0.002));
#2823=CARTESIAN_POINT('',(0.1034,0.0208,0.002));
#2824=CARTESIAN_POINT('',(0.1034,0.0518,0.002));
#2825=CARTESIAN_POINT('',(0.0775,0.0208,0.002));
#2826=CARTESIAN_POINT('',(0.0516,0.0208,0.002));
#2827=CARTESIAN_POINT('',(0.0516,0.0363,0.002));
#2828=CARTESIAN_POINT('',(0.0516,0.0518,0.002));
#2829=CARTESIAN_POINT('',(0.0775,0.0518,0.002));
#2830=CARTESIAN_POINT('',(0.00159999999999998,0.00455,0.002));
#2831=CARTESIAN_POINT('',(0.00159999999999998,-0.0427,0.002));
#2832=CARTESIAN_POINT('',(0.00159999999999998,0.0518,0.002));
#2833=CARTESIAN_POINT('',(-0.0067,-0.0427,0.002));
#2834=CARTESIAN_POINT('',(-0.015,-0.0427,0.002));
#2835=CARTESIAN_POINT('',(-0.015,0.00455,0.002));
#2836=CARTESIAN_POINT('',(-0.015,0.0518,0.002));
#2837=CARTESIAN_POINT('',(-0.0067,0.0518,0.002));
#2838=CARTESIAN_POINT('',(0.102575735931288,-0.00661379515416292,0.002));
#2839=CARTESIAN_POINT('',(0.102575735931288,-0.00661379515416292,0.));
#2840=CARTESIAN_POINT('',(0.104675735931288,-0.00661379515416292,0.));
#2841=CARTESIAN_POINT('',(0.0566137951541629,-0.00661379515416293,0.002));
#2842=CARTESIAN_POINT('',(0.0566137951541629,-0.00661379515416293,0.));
#2843=CARTESIAN_POINT('',(0.0587137951541629,-0.00661379515416293,0.));
#2844=CARTESIAN_POINT('',(0.0566137951541629,-0.0525757359312885,0.002));
#2845=CARTESIAN_POINT('',(0.0566137951541629,-0.0525757359312885,0.));
#2846=CARTESIAN_POINT('',(0.0587137951541629,-0.0525757359312885,0.));
#2847=CARTESIAN_POINT('',(0.102575735931288,-0.0525757359312885,0.002));
#2848=CARTESIAN_POINT('',(0.102575735931288,-0.0525757359312885,0.));
#2849=CARTESIAN_POINT('',(0.104675735931288,-0.0525757359312885,0.));
#2850=CARTESIAN_POINT('',(0.0795947655427257,-0.0295947655427257,0.002));
#2851=CARTESIAN_POINT('',(0.0795947655427257,-0.0295947655427257,0.));
#2852=CARTESIAN_POINT('',(0.104994765542726,-0.0295947655427257,0.));
#2853=CARTESIAN_POINT('',(0.,-1.38777878078145E-17,0.));
#2854=CARTESIAN_POINT('',(0.11,6.93889390390723E-18,0.));
#2855=CARTESIAN_POINT('',(0.11,-0.055,0.));
#2856=CARTESIAN_POINT('',(0.11,0.055,0.));
#2857=CARTESIAN_POINT('',(0.105,-0.055,0.));
#2858=CARTESIAN_POINT('',(0.105,-0.06,0.));
#2859=CARTESIAN_POINT('',(1.38777878078145E-17,-0.06,0.));
#2860=CARTESIAN_POINT('',(-0.105,-0.06,0.));
#2861=CARTESIAN_POINT('',(-0.105,-0.055,0.));
#2862=CARTESIAN_POINT('',(-0.11,-0.055,0.));
#2863=CARTESIAN_POINT('',(-0.11,-2.08166817117217E-17,0.));
#2864=CARTESIAN_POINT('',(-0.11,0.055,0.));
#2865=CARTESIAN_POINT('',(-0.105,0.055,0.));
#2866=CARTESIAN_POINT('',(0.105,0.055,0.));
#2867=CARTESIAN_POINT('',(-0.108,-2.77555756156289E-17,0.03));
#2868=CARTESIAN_POINT('',(-0.108,0.053,0.03));
#2869=CARTESIAN_POINT('',(-0.108,-0.053,0.03));
#2870=CARTESIAN_POINT('',(0.103,0.053,0.03));
#2871=CARTESIAN_POINT('',(0.103,-0.053,0.03));
#2872=CARTESIAN_POINT('',(0.103,-0.053,0.006));
#2873=CARTESIAN_POINT('',(-0.103,-0.053,0.03));
#2874=CARTESIAN_POINT('',(-0.103,0.053,0.03));
#2875=CARTESIAN_POINT('',(0.11,6.93889390390723E-18,0.03));
#2876=CARTESIAN_POINT('',(0.11,0.055,0.03));
#2877=CARTESIAN_POINT('',(0.11,-0.055,0.03));
#2878=CARTESIAN_POINT('',(0.105,0.055,0.03));
#2879=CARTESIAN_POINT('',(-0.105,0.055,0.03));
#2880=CARTESIAN_POINT('',(-0.11,0.055,0.03));
#2881=CARTESIAN_POINT('',(-0.11,-2.08166817117217E-17,0.03));
#2882=CARTESIAN_POINT('',(-0.11,-0.055,0.03));
#2883=CARTESIAN_POINT('',(-0.105,-0.055,0.03));
#2884=CARTESIAN_POINT('',(-0.105,-0.06,0.03));
#2885=CARTESIAN_POINT('',(1.38777878078145E-17,-0.06,0.03));
#2886=CARTESIAN_POINT('',(0.0855947655427257,-0.06,0.028));
#2887=CARTESIAN_POINT('',(0.0835947655427257,-0.06,0.028));
#2888=CARTESIAN_POINT('',(0.0835947655427257,-0.06,0.0195));
#2889=CARTESIAN_POINT('',(0.0835947655427257,-0.06,0.009));
#2890=CARTESIAN_POINT('',(0.0795947655427257,-0.06,0.009));
#2891=CARTESIAN_POINT('',(0.0755947655427257,-0.06,0.009));
#2892=CARTESIAN_POINT('',(0.0755947655427257,-0.06,0.0195));
#2893=CARTESIAN_POINT('',(0.0755947655427257,-0.06,0.028));
#2894=CARTESIAN_POINT('',(0.0735947655427257,-0.06,0.028));
#2895=CARTESIAN_POINT('',(0.00525,-0.06,0.03));
#2896=CARTESIAN_POINT('',(0.00525,-0.06,0.0279));
#2897=CARTESIAN_POINT('',(1.38777878078145E-17,-0.06,0.0279));
#2898=CARTESIAN_POINT('',(-0.00525,-0.06,0.0279));
#2899=CARTESIAN_POINT('',(-0.00525,-0.06,0.03));
#2900=CARTESIAN_POINT('',(0.105,-0.06,0.03));
#2901=CARTESIAN_POINT('',(0.105,-0.055,0.03));
#2902=CARTESIAN_POINT('',(-0.0959,-0.0142,0.005));
#2903=CARTESIAN_POINT('',(-0.0959,-0.0142,0.005));
#2904=CARTESIAN_POINT('',(-0.0939,-0.0142,0.005));
#2905=CARTESIAN_POINT('',(0.,-1.38777878078145E-17,0.005));
#2906=CARTESIAN_POINT('',(-0.0959,-0.0142,0.005));
#2907=CARTESIAN_POINT('',(-0.0949,-0.0142,0.005));
#2908=CARTESIAN_POINT('',(-0.0679,-0.0142,0.005));
#2909=CARTESIAN_POINT('',(-0.0679,-0.0142,0.005));
#2910=CARTESIAN_POINT('',(-0.0659,-0.0142,0.005));
#2911=CARTESIAN_POINT('',(0.,-1.38777878078145E-17,0.005));
#2912=CARTESIAN_POINT('',(-0.0679,-0.0142,0.005));
#2913=CARTESIAN_POINT('',(-0.0669,-0.0142,0.005));
#2914=CARTESIAN_POINT('',(-0.0523,0.0368,0.005));
#2915=CARTESIAN_POINT('',(-0.0523,0.0368,0.005));
#2916=CARTESIAN_POINT('',(-0.0503,0.0368,0.005));
#2917=CARTESIAN_POINT('',(0.,-1.38777878078145E-17,0.005));
#2918=CARTESIAN_POINT('',(-0.0523,0.0368,0.005));
#2919=CARTESIAN_POINT('',(-0.0513,0.0368,0.005));
#2920=CARTESIAN_POINT('',(-0.1009,0.0382,0.005));
#2921=CARTESIAN_POINT('',(-0.1009,0.0382,0.005));
#2922=CARTESIAN_POINT('',(-0.0989,0.0382,0.005));
#2923=CARTESIAN_POINT('',(0.,-1.38777878078145E-17,0.005));
#2924=CARTESIAN_POINT('',(-0.1009,0.0382,0.005));
#2925=CARTESIAN_POINT('',(-0.0999,0.0382,0.005));
#2926=CARTESIAN_POINT('',(-0.1009,0.0382,0.007));
#2927=CARTESIAN_POINT('',(-0.1009,0.0382,0.007));
#2928=CARTESIAN_POINT('',(-0.0999,0.0382,0.007));
#2929=CARTESIAN_POINT('',(0.,-1.38777878078145E-17,0.007));
#2930=CARTESIAN_POINT('',(-0.0523,0.0368,0.007));
#2931=CARTESIAN_POINT('',(-0.0523,0.0368,0.007));
#2932=CARTESIAN_POINT('',(-0.0513,0.0368,0.007));
#2933=CARTESIAN_POINT('',(0.,-1.38777878078145E-17,0.007));
#2934=CARTESIAN_POINT('',(-0.0679,-0.0142,0.007));
#2935=CARTESIAN_POINT('',(-0.0679,-0.0142,0.007));
#2936=CARTESIAN_POINT('',(-0.0669,-0.0142,0.007));
#2937=CARTESIAN_POINT('',(0.,-1.38777878078145E-17,0.007));
#2938=CARTESIAN_POINT('',(-0.0959,-0.0142,0.007));
#2939=CARTESIAN_POINT('',(-0.0959,-0.0142,0.007));
#2940=CARTESIAN_POINT('',(-0.0949,-0.0142,0.007));
#2941=CARTESIAN_POINT('',(0.,-1.38777878078145E-17,0.007));
#2942=CARTESIAN_POINT('',(0.0775,0.0208,0.001));
#2943=CARTESIAN_POINT('',(0.1034,0.0208,0.001));
#2944=CARTESIAN_POINT('',(0.1034,0.0208,0.001));
#2945=CARTESIAN_POINT('',(0.0775,0.0208,0.001));
#2946=CARTESIAN_POINT('',(0.0516,0.0208,0.001));
#2947=CARTESIAN_POINT('',(0.0516,0.0208,0.001));
#2948=CARTESIAN_POINT('',(0.1034,0.0363,0.001));
#2949=CARTESIAN_POINT('',(0.1034,0.0518,0.001));
#2950=CARTESIAN_POINT('',(0.1034,0.0518,0.001));
#2951=CARTESIAN_POINT('',(0.1034,0.0363,0.001));
#2952=CARTESIAN_POINT('',(0.0775,0.0518,0.001));
#2953=CARTESIAN_POINT('',(0.0516,0.0518,0.001));
#2954=CARTESIAN_POINT('',(0.0516,0.0518,0.001));
#2955=CARTESIAN_POINT('',(0.0775,0.0518,0.001));
#2956=CARTESIAN_POINT('',(0.0516,0.0363,0.001));
#2957=CARTESIAN_POINT('',(0.0516,0.0363,0.001));
#2958=CARTESIAN_POINT('',(0.,-1.38777878078145E-17,0.001));
#2959=CARTESIAN_POINT('',(-0.0067,-0.0427,0.001));
#2960=CARTESIAN_POINT('',(0.00159999999999998,-0.0427,0.001));
#2961=CARTESIAN_POINT('',(0.00159999999999998,-0.0427,0.001));
#2962=CARTESIAN_POINT('',(-0.0067,-0.0427,0.001));
#2963=CARTESIAN_POINT('',(-0.015,-0.0427,0.001));
#2964=CARTESIAN_POINT('',(-0.015,-0.0427,0.001));
#2965=CARTESIAN_POINT('',(0.00159999999999998,0.00455,0.001));
#2966=CARTESIAN_POINT('',(0.00159999999999998,0.0518,0.001));
#2967=CARTESIAN_POINT('',(0.00159999999999998,0.0518,0.001));
#2968=CARTESIAN_POINT('',(0.00159999999999998,0.00455,0.001));
#2969=CARTESIAN_POINT('',(-0.0067,0.0518,0.001));
#2970=CARTESIAN_POINT('',(-0.015,0.0518,0.001));
#2971=CARTESIAN_POINT('',(-0.015,0.0518,0.001));
#2972=CARTESIAN_POINT('',(-0.0067,0.0518,0.001));
#2973=CARTESIAN_POINT('',(-0.015,0.00455,0.001));
#2974=CARTESIAN_POINT('',(-0.015,0.00455,0.001));
#2975=CARTESIAN_POINT('',(0.,-1.38777878078145E-17,0.001));
#2976=CARTESIAN_POINT('',(-0.058,-0.060002,0.012));
#2977=CARTESIAN_POINT('',(-0.058,-0.060002,0.0184));
#2978=CARTESIAN_POINT('',(-0.058,-0.060002,0.0056));
#2979=CARTESIAN_POINT('',(-0.065,-0.060002,0.0056));
#2980=CARTESIAN_POINT('',(-0.072,-0.060002,0.0056));
#2981=CARTESIAN_POINT('',(-0.065,-0.060002,0.0184));
#2982=CARTESIAN_POINT('',(-0.072,-0.060002,0.0184));
#2983=CARTESIAN_POINT('',(-0.072,-0.060002,0.012));
#2984=CARTESIAN_POINT('',(0.0622137951541629,-0.0552878679656442,0.006));
#2985=CARTESIAN_POINT('',(0.0622137951541629,-0.0525757359312885,0.006));
#2986=CARTESIAN_POINT('',(0.0622137951541629,-0.0525757359312885,0.006));
#2987=CARTESIAN_POINT('',(0.0622137951541629,-0.0552878679656442,0.006));
#2988=CARTESIAN_POINT('',(0.0566137951541629,-0.0525757359312885,0.006));
#2989=CARTESIAN_POINT('',(0.0510137951541629,-0.0525757359312885,0.006));
#2990=CARTESIAN_POINT('',(0.0510137951541629,-0.0525757359312885,0.006));
#2991=CARTESIAN_POINT('',(0.0566137951541629,-0.0525757359312885,0.006));
#2992=CARTESIAN_POINT('',(0.0566137951541629,-0.0525757359312885,0.006));
#2993=CARTESIAN_POINT('',(0.0566137951541629,-0.0525757359312885,0.006));
#2994=CARTESIAN_POINT('',(0.0602137951541629,-0.0525757359312885,0.006));
#2995=CARTESIAN_POINT('',(0.0510137951541629,-0.0552878679656442,0.006));
#2996=CARTESIAN_POINT('',(0.0510137951541629,-0.0552878679656442,0.006));
#2997=CARTESIAN_POINT('',(-1.38777878078145E-17,-1.38777878078145E-17,0.006));
#2998=CARTESIAN_POINT('',(0.105287867965644,-0.0122137951541629,0.006));
#2999=CARTESIAN_POINT('',(0.105287867965644,-0.0122137951541629,0.006));
#3000=CARTESIAN_POINT('',(0.102575735931288,-0.0122137951541629,0.006));
#3001=CARTESIAN_POINT('',(0.102575735931288,-0.0122137951541629,0.006));
#3002=CARTESIAN_POINT('',(0.105287867965644,-0.0010137951541629,0.006));
#3003=CARTESIAN_POINT('',(0.102575735931288,-0.00101379515416292,0.006));
#3004=CARTESIAN_POINT('',(0.102575735931288,-0.00101379515416292,0.006));
#3005=CARTESIAN_POINT('',(0.105287867965644,-0.0010137951541629,0.006));
#3006=CARTESIAN_POINT('',(0.102575735931288,-0.00661379515416292,0.006));
#3007=CARTESIAN_POINT('',(0.102575735931288,-0.00661379515416292,0.006));
#3008=CARTESIAN_POINT('',(0.102575735931288,-0.00661379515416292,0.006));
#3009=CARTESIAN_POINT('',(0.102575735931288,-0.00661379515416292,0.006));
#3010=CARTESIAN_POINT('',(0.106175735931288,-0.00661379515416292,0.006));
#3011=CARTESIAN_POINT('',(-1.38777878078145E-17,-1.38777878078145E-17,0.006));
#3012=CARTESIAN_POINT('',(0.0566137951541629,-0.00661379515416292,0.006));
#3013=CARTESIAN_POINT('',(0.0566137951541629,-0.00661379515416292,0.006));
#3014=CARTESIAN_POINT('',(0.0602137951541629,-0.00661379515416292,0.006));
#3015=CARTESIAN_POINT('',(0.0566137951541629,-0.00661379515416292,0.006));
#3016=CARTESIAN_POINT('',(0.0566137951541629,-0.00661379515416292,0.006));
#3017=CARTESIAN_POINT('',(0.0622137951541629,-0.00661379515416292,0.006));
#3018=CARTESIAN_POINT('',(-1.38777878078145E-17,-1.38777878078145E-17,0.006));
#3019=CARTESIAN_POINT('',(0.0993481710036777,-0.0572677669529666,0.006));
#3020=CARTESIAN_POINT('',(0.0993481710036777,-0.0572677669529666,0.006));
#3021=CARTESIAN_POINT('',(0.098615937956644,-0.0565355339059333,0.006));
#3022=CARTESIAN_POINT('',(0.098615937956644,-0.0565355339059333,0.006));
#3023=CARTESIAN_POINT('',(0.107267766952966,-0.0493481710036773,0.006));
#3024=CARTESIAN_POINT('',(0.106535533905933,-0.0486159379566437,0.006));
#3025=CARTESIAN_POINT('',(0.106535533905933,-0.0486159379566437,0.006));
#3026=CARTESIAN_POINT('',(0.107267766952966,-0.0493481710036773,0.006));
#3027=CARTESIAN_POINT('',(0.102575735931288,-0.0525757359312885,0.006));
#3028=CARTESIAN_POINT('',(0.102575735931288,-0.0525757359312885,0.006));
#3029=CARTESIAN_POINT('',(0.102575735931288,-0.0525757359312885,0.006));
#3030=CARTESIAN_POINT('',(0.102575735931288,-0.0525757359312885,0.006));
#3031=CARTESIAN_POINT('',(0.106175735931288,-0.0525757359312885,0.006));
#3032=CARTESIAN_POINT('',(-1.38777878078145E-17,-1.38777878078145E-17,0.006));
#3033=CARTESIAN_POINT('',(-2.77555756156289E-17,-1.38777878078145E-17,0.0279));
#3034=CARTESIAN_POINT('',(0.00535,-0.05385,0.0279));
#3035=CARTESIAN_POINT('',(0.00535,-0.05385,0.0279));
#3036=CARTESIAN_POINT('',(-1.7347234759768E-18,-0.05385,0.0279));
#3037=CARTESIAN_POINT('',(0.0025,-0.0491200422834871,0.0279));
#3038=CARTESIAN_POINT('',(0.0025,-0.0487378791266625,0.0279));
#3039=CARTESIAN_POINT('',(0.0025,-0.0505375235849896,0.0279));
#3040=CARTESIAN_POINT('',(1.36541711097384E-18,-0.05385,0.0279));
#3041=CARTESIAN_POINT('',(-0.0025,-0.0505375235849896,0.0279));
#3042=CARTESIAN_POINT('',(-0.0025,-0.0487378791266625,0.0279));
#3043=CARTESIAN_POINT('',(-0.0025,-0.0491200422834871,0.0279));
#3044=CARTESIAN_POINT('',(-1.7347234759768E-18,-0.05385,0.0279));
#3045=CARTESIAN_POINT('',(-0.00535,-0.05385,0.0279));
#3046=CARTESIAN_POINT('',(-0.00535,-1.38777878078145E-17,0.0279));
#3047=CARTESIAN_POINT('',(-0.00525,-0.06,0.0279));
#3048=CARTESIAN_POINT('',(0.00525,-0.058,0.0279));
#3049=CARTESIAN_POINT('',(-0.00735,-0.055925,0.0249));
#3050=CARTESIAN_POINT('',(-0.00735,-0.055925,0.0259));
#3051=CARTESIAN_POINT('',(-0.00735,-0.0447,0.0249));
#3052=CARTESIAN_POINT('',(0.00735,-0.055925,0.0249));
#3053=CARTESIAN_POINT('',(0.00735,-0.058,0.0259));
#3054=CARTESIAN_POINT('',(0.00735,-0.0503125,0.0192875));
#3055=CARTESIAN_POINT('',(1.36541711097384E-18,-0.05385,0.0259));
#3056=CARTESIAN_POINT('',(0.0025,-0.0505375235849896,0.0259));
#3057=CARTESIAN_POINT('',(0.0025,-0.0505375235849896,0.0259));
#3058=CARTESIAN_POINT('',(1.36541711097384E-18,-0.05385,0.0259));
#3059=CARTESIAN_POINT('',(-0.0025,-0.0505375235849896,0.0259));
#3060=CARTESIAN_POINT('',(-0.0025,-0.0505375235849896,0.0259));
#3061=CARTESIAN_POINT('',(0.0025,-0.0487378791266625,0.0259));
#3062=CARTESIAN_POINT('',(0.0025,-0.0491200422834871,0.0279));
#3063=CARTESIAN_POINT('',(0.0025,-0.0489280445863791,0.0279));
#3064=CARTESIAN_POINT('',(0.0025,-0.0487385106365733,0.0278786962716427));
#3065=CARTESIAN_POINT('',(0.0025,-0.0485516512006098,0.0278342663418551));
#3066=CARTESIAN_POINT('',(0.0025,-0.0485516512006098,0.0278342663418551));
#3067=CARTESIAN_POINT('',(0.0025,-0.0485516512006098,0.0259));
#3068=CARTESIAN_POINT('',(0.0025,-0.0485516512006098,0.0259));
#3069=CARTESIAN_POINT('',(0.0025,-0.0487378791266625,0.0259));
#3070=CARTESIAN_POINT('',(-0.0025,-0.0487378791266625,0.0259));
#3071=CARTESIAN_POINT('',(-0.0025,-0.0485516512006098,0.0259));
#3072=CARTESIAN_POINT('',(-0.0025,-0.0485516512006098,0.0259));
#3073=CARTESIAN_POINT('',(-0.0025,-0.0485516512006098,0.0278342663418551));
#3074=CARTESIAN_POINT('',(-0.0025,-0.0485516512006098,0.0278342663418551));
#3075=CARTESIAN_POINT('',(-0.0025,-0.0487385106365733,0.0278786962716427));
#3076=CARTESIAN_POINT('',(-0.0025,-0.0489280445863791,0.0279));
#3077=CARTESIAN_POINT('',(-0.0025,-0.0491200422834871,0.0279));
#3078=CARTESIAN_POINT('',(-0.0025,-0.0487378791266625,0.0259));
#3079=CARTESIAN_POINT('',(-2.77555756156289E-17,-1.38777878078145E-17,0.0259));
#3080=CARTESIAN_POINT('',(0.0035,-0.0485516512006098,0.0259));
#3081=CARTESIAN_POINT('',(-0.0035,-0.0485516512006098,0.0259));
#3082=CARTESIAN_POINT('',(-2.32385577878912E-17,-0.0447,0.0249));
#3083=CARTESIAN_POINT('',(-0.0035,-0.0485516512006098,0.0249));
#3084=CARTESIAN_POINT('',(-0.0025,-0.0485516512006098,0.0278342663418551));
#3085=CARTESIAN_POINT('',(-0.0025,-0.0483089073706372,0.02777654867153));
#3086=CARTESIAN_POINT('',(-0.00268259276838026,-0.0478722592296692,0.0275568085100167));
#3087=CARTESIAN_POINT('',(-0.00331594403740699,-0.0474668657215467,0.0268815079713273));
#3088=CARTESIAN_POINT('',(-0.00380304443657632,-0.0475533506597711,0.0262909159626847));
#3089=CARTESIAN_POINT('',(-0.00405118110236221,-0.0477172655629105,0.0259));
#3090=CARTESIAN_POINT('',(0.0035,-0.0485516512006098,0.0249));
#3091=CARTESIAN_POINT('',(0.0025,-0.0485516512006098,0.0278342663418551));
#3092=CARTESIAN_POINT('',(0.0025,-0.0483089073706372,0.02777654867153));
#3093=CARTESIAN_POINT('',(0.00268259276837945,-0.0478722592296687,0.027556808510016));
#3094=CARTESIAN_POINT('',(0.00331594403741101,-0.0474668657215494,0.026881507971331));
#3095=CARTESIAN_POINT('',(0.00380304443655863,-0.0475533506597595,0.0262909159626686));
#3096=CARTESIAN_POINT('',(0.0040511811023622,-0.0477172655629105,0.0259));
#3097=CARTESIAN_POINT('',(0.0092,0.0585,0.025202));
#3098=CARTESIAN_POINT('',(0.0092,0.059,0.025202));
#3099=CARTESIAN_POINT('',(0.0097,0.0595,0.025202));
#3100=CARTESIAN_POINT('',(-0.0092,0.0585,0.025202));
#3101=CARTESIAN_POINT('',(-0.0092,0.059,0.025202));
#3102=CARTESIAN_POINT('',(-0.0097,0.0595,0.025202));
#3103=CARTESIAN_POINT('',(0.0755947655427257,0.060002,0.0195));
#3104=CARTESIAN_POINT('',(0.0755947655427257,0.060002,0.028));
#3105=CARTESIAN_POINT('',(0.0755947655427257,0.060002,0.009));
#3106=CARTESIAN_POINT('',(0.0835947655427257,0.060002,0.0195));
#3107=CARTESIAN_POINT('',(0.0835947655427257,0.060002,0.028));
#3108=CARTESIAN_POINT('',(0.0835947655427257,0.060002,0.009));
#3109=CARTESIAN_POINT('',(0.0795947655427257,0.060002,0.009));
#3110=CARTESIAN_POINT('',(-0.00525,-0.059,0.03));
#3111=CARTESIAN_POINT('',(0.00525,-0.059,0.03));
#3112=CARTESIAN_POINT('',(-0.00535,-1.38777878078145E-17,0.0259));
#3113=CARTESIAN_POINT('',(-0.00535,-0.05385,0.0259));
#3114=CARTESIAN_POINT('',(-1.7347234759768E-18,-0.05385,0.0259));
#3115=CARTESIAN_POINT('',(0.00535,-0.055925,0.0259));
#3116=CARTESIAN_POINT('',(0.00535,-0.05385,0.0259));
#3117=CARTESIAN_POINT('',(-1.7347234759768E-18,-0.05385,0.0259));
#3118=CARTESIAN_POINT('',(0.0855947655427257,-5.39303071023178E-18,0.028));
#3119=CARTESIAN_POINT('',(0.0735947655427257,0.060002,0.028));
#3120=MECHANICAL_DESIGN_GEOMETRIC_PRESENTATION_REPRESENTATION('',(#1841),
#3121);
#3121=(
GEOMETRIC_REPRESENTATION_CONTEXT(3)
GLOBAL_UNCERTAINTY_ASSIGNED_CONTEXT((#3122))
GLOBAL_UNIT_ASSIGNED_CONTEXT((#3125,#3124,#3123))
REPRESENTATION_CONTEXT('Electronics Casing Bottom',
'TOP_LEVEL_ASSEMBLY_PART')
);
#3122=UNCERTAINTY_MEASURE_WITH_UNIT(LENGTH_MEASURE(2.E-5),#3125,
'DISTANCE_ACCURACY_VALUE','Maximum Tolerance applied to model');
#3123=(
NAMED_UNIT(*)
SI_UNIT($,.STERADIAN.)
SOLID_ANGLE_UNIT()
);
#3124=(
NAMED_UNIT(*)
PLANE_ANGLE_UNIT()
SI_UNIT($,.RADIAN.)
);
#3125=(
LENGTH_UNIT()
NAMED_UNIT(*)
SI_UNIT($,.METRE.)
);
#3126=PRODUCT_DEFINITION_SHAPE('','',#3127);
#3127=PRODUCT_DEFINITION('','',#3129,#3128);
#3128=PRODUCT_DEFINITION_CONTEXT('',#3135,'design');
#3129=PRODUCT_DEFINITION_FORMATION_WITH_SPECIFIED_SOURCE('','',#3131,
 .NOT_KNOWN.);
#3130=PRODUCT_RELATED_PRODUCT_CATEGORY('','',(#3131));
#3131=PRODUCT('Electronics Casing Bottom','Electronics Casing Bottom',
'Electronics Casing Bottom',(#3133));
#3132=PRODUCT_CATEGORY('','');
#3133=PRODUCT_CONTEXT('',#3135,'mechanical');
#3134=APPLICATION_PROTOCOL_DEFINITION('international standard',
'ap242_managed_model_based_3d_engineering',2020,#3135);
#3135=APPLICATION_CONTEXT('managed model based 3d engineering');
ENDSEC;
END-ISO-10303-21;
