ISO-10303-21;
HEADER;
/* Generated by software containing ST-Developer
 * from STEP Tools, Inc. (www.steptools.com) 
 */
/* OPTION: using custom renumber hook */

FILE_DESCRIPTION(
/* description */ ('STEP AP242 Edition 2',
'CAx-IF Rec.Pracs.---Representation and Presentation of Product Manufa
cturing Information (PMI)---4.0---2014-10-13',
'CAx-IF Rec.Pracs.---3D Tessellated Geometry---0.4---2014-09-14','2;1',
'CAx-IF Rec.Pracs.---User Defined Attributes---1.5---2016-08-15'),
/* implementation_level */ '2;1');

FILE_NAME(
/* name */ 'N-Metheus - Baseplate',
/* time_stamp */ '2026-01-30T20:52:38Z',
/* author */ (''),
/* organization */ (''),
/* preprocessor_version */ 'ST-DEVELOPER v20',
/* originating_system */ 'ONSHAPE BY PTC INC, 1.210',
/* authorisation */ '  ');

FILE_SCHEMA (('AP242_MANAGED_MODEL_BASED_3D_ENGINEERING_MIM_LF { 1 0 10303 442 3 1 4 }'));
ENDSEC;

DATA;
#10=SHAPE_REPRESENTATION_RELATIONSHIP('','',#4111,#11);
#11=ADVANCED_BREP_SHAPE_REPRESENTATION('',(#4109),#6981);
#12=CYLINDRICAL_SURFACE('',#4519,0.0127);
#13=CYLINDRICAL_SURFACE('',#4520,0.0127);
#14=CYLINDRICAL_SURFACE('',#4521,0.0127);
#15=CYLINDRICAL_SURFACE('',#4522,0.0127);
#16=CYLINDRICAL_SURFACE('',#4523,0.003175);
#17=CYLINDRICAL_SURFACE('',#4524,0.003175);
#18=CYLINDRICAL_SURFACE('',#4525,0.003175);
#19=CYLINDRICAL_SURFACE('',#4526,0.003175);
#20=CYLINDRICAL_SURFACE('',#4527,0.003175);
#21=CYLINDRICAL_SURFACE('',#4528,0.003175);
#22=CYLINDRICAL_SURFACE('',#4529,0.003175);
#23=CYLINDRICAL_SURFACE('',#4530,0.003175);
#24=CYLINDRICAL_SURFACE('',#4531,0.003175);
#25=CYLINDRICAL_SURFACE('',#4532,0.003175);
#26=CYLINDRICAL_SURFACE('',#4533,0.003175);
#27=CYLINDRICAL_SURFACE('',#4534,0.003175);
#28=CYLINDRICAL_SURFACE('',#4535,0.003175);
#29=CYLINDRICAL_SURFACE('',#4536,0.003175);
#30=CYLINDRICAL_SURFACE('',#4537,0.003175);
#31=CYLINDRICAL_SURFACE('',#4538,0.003175);
#32=CYLINDRICAL_SURFACE('',#4539,0.003175);
#33=CYLINDRICAL_SURFACE('',#4540,0.003175);
#34=CYLINDRICAL_SURFACE('',#4541,0.003175);
#35=CYLINDRICAL_SURFACE('',#4542,0.003175);
#36=CYLINDRICAL_SURFACE('',#4543,0.003175);
#37=CYLINDRICAL_SURFACE('',#4544,0.003175);
#38=CYLINDRICAL_SURFACE('',#4545,0.003175);
#39=CYLINDRICAL_SURFACE('',#4546,0.003175);
#40=CYLINDRICAL_SURFACE('',#4547,0.003175);
#41=CYLINDRICAL_SURFACE('',#4548,0.003175);
#42=CYLINDRICAL_SURFACE('',#4549,0.003175);
#43=CYLINDRICAL_SURFACE('',#4550,0.003175);
#44=CYLINDRICAL_SURFACE('',#4551,0.003175);
#45=CYLINDRICAL_SURFACE('',#4552,0.003175);
#46=CYLINDRICAL_SURFACE('',#4553,0.003175);
#47=CYLINDRICAL_SURFACE('',#4554,0.003175);
#48=CYLINDRICAL_SURFACE('',#4555,0.003175);
#49=CYLINDRICAL_SURFACE('',#4556,0.003175);
#50=CYLINDRICAL_SURFACE('',#4557,0.003175);
#51=CYLINDRICAL_SURFACE('',#4558,0.003175);
#52=CYLINDRICAL_SURFACE('',#4559,0.003175);
#53=CYLINDRICAL_SURFACE('',#4560,0.003175);
#54=CYLINDRICAL_SURFACE('',#4561,0.003175);
#55=CYLINDRICAL_SURFACE('',#4562,0.003175);
#56=CYLINDRICAL_SURFACE('',#4563,0.003175);
#57=CYLINDRICAL_SURFACE('',#4564,0.003175);
#58=CYLINDRICAL_SURFACE('',#4565,0.003175);
#59=CYLINDRICAL_SURFACE('',#4566,0.003175);
#60=CYLINDRICAL_SURFACE('',#4567,0.003175);
#61=CYLINDRICAL_SURFACE('',#4568,0.003175);
#62=CYLINDRICAL_SURFACE('',#4569,0.003175);
#63=CYLINDRICAL_SURFACE('',#4570,0.003175);
#64=CYLINDRICAL_SURFACE('',#4571,0.003175);
#65=CYLINDRICAL_SURFACE('',#4572,0.003175);
#66=CYLINDRICAL_SURFACE('',#4573,0.003175);
#67=CYLINDRICAL_SURFACE('',#4574,0.003175);
#68=CYLINDRICAL_SURFACE('',#4575,0.003175);
#69=CYLINDRICAL_SURFACE('',#4576,0.003175);
#70=CYLINDRICAL_SURFACE('',#4577,0.003175);
#71=CYLINDRICAL_SURFACE('',#4578,0.003175);
#72=CYLINDRICAL_SURFACE('',#4579,0.003175);
#73=CYLINDRICAL_SURFACE('',#4580,0.003175);
#74=CYLINDRICAL_SURFACE('',#4581,0.003175);
#75=CYLINDRICAL_SURFACE('',#4582,0.003175);
#76=CYLINDRICAL_SURFACE('',#4583,0.003175);
#77=CYLINDRICAL_SURFACE('',#4584,0.003175);
#78=CYLINDRICAL_SURFACE('',#4585,0.003175);
#79=CYLINDRICAL_SURFACE('',#4586,0.003175);
#80=CYLINDRICAL_SURFACE('',#4587,0.003175);
#81=CYLINDRICAL_SURFACE('',#4588,0.003175);
#82=CYLINDRICAL_SURFACE('',#4589,0.003175);
#83=CYLINDRICAL_SURFACE('',#4590,0.003175);
#84=CYLINDRICAL_SURFACE('',#4591,0.003175);
#85=CYLINDRICAL_SURFACE('',#4592,0.003175);
#86=CYLINDRICAL_SURFACE('',#4593,0.003175);
#87=CYLINDRICAL_SURFACE('',#4594,0.003175);
#88=CYLINDRICAL_SURFACE('',#4595,0.003175);
#89=CYLINDRICAL_SURFACE('',#4596,0.003175);
#90=CYLINDRICAL_SURFACE('',#4597,0.003175);
#91=CYLINDRICAL_SURFACE('',#4598,0.003175);
#92=CYLINDRICAL_SURFACE('',#4599,0.003175);
#93=CYLINDRICAL_SURFACE('',#4600,0.003175);
#94=CYLINDRICAL_SURFACE('',#4601,0.003175);
#95=CYLINDRICAL_SURFACE('',#4602,0.003175);
#96=CYLINDRICAL_SURFACE('',#4603,0.003175);
#97=CYLINDRICAL_SURFACE('',#4604,0.003175);
#98=CYLINDRICAL_SURFACE('',#4605,0.003175);
#99=CYLINDRICAL_SURFACE('',#4606,0.003175);
#100=CYLINDRICAL_SURFACE('',#4607,0.003175);
#101=CYLINDRICAL_SURFACE('',#4608,0.003175);
#102=CYLINDRICAL_SURFACE('',#4609,0.003175);
#103=CYLINDRICAL_SURFACE('',#4610,0.003175);
#104=CYLINDRICAL_SURFACE('',#4611,0.003175);
#105=CYLINDRICAL_SURFACE('',#4612,0.003175);
#106=CYLINDRICAL_SURFACE('',#4613,0.003175);
#107=CYLINDRICAL_SURFACE('',#4614,0.003175);
#108=CYLINDRICAL_SURFACE('',#4615,0.003175);
#109=CYLINDRICAL_SURFACE('',#4616,0.003175);
#110=CYLINDRICAL_SURFACE('',#4617,0.003175);
#111=CYLINDRICAL_SURFACE('',#4618,0.003175);
#112=CYLINDRICAL_SURFACE('',#4619,0.003175);
#113=CYLINDRICAL_SURFACE('',#4620,0.003175);
#114=CYLINDRICAL_SURFACE('',#4621,0.003175);
#115=CYLINDRICAL_SURFACE('',#4622,0.003175);
#116=CYLINDRICAL_SURFACE('',#4623,0.003175);
#117=CYLINDRICAL_SURFACE('',#4624,0.003175);
#118=CYLINDRICAL_SURFACE('',#4625,0.003175);
#119=CYLINDRICAL_SURFACE('',#4626,0.003175);
#120=CYLINDRICAL_SURFACE('',#4627,0.003175);
#121=CYLINDRICAL_SURFACE('',#4628,0.003175);
#122=CYLINDRICAL_SURFACE('',#4629,0.003175);
#123=CYLINDRICAL_SURFACE('',#4630,0.003175);
#124=CYLINDRICAL_SURFACE('',#4631,0.003175);
#125=CYLINDRICAL_SURFACE('',#4632,0.003175);
#126=CYLINDRICAL_SURFACE('',#4633,0.003175);
#127=CYLINDRICAL_SURFACE('',#4634,0.003175);
#128=CYLINDRICAL_SURFACE('',#4635,0.003175);
#129=CYLINDRICAL_SURFACE('',#4636,0.003175);
#130=CYLINDRICAL_SURFACE('',#4637,0.003175);
#131=CYLINDRICAL_SURFACE('',#4638,0.003175);
#132=CYLINDRICAL_SURFACE('',#4639,0.003175);
#133=CYLINDRICAL_SURFACE('',#4640,0.003175);
#134=CYLINDRICAL_SURFACE('',#4641,0.003175);
#135=CYLINDRICAL_SURFACE('',#4642,0.003175);
#136=CYLINDRICAL_SURFACE('',#4643,0.003175);
#137=CYLINDRICAL_SURFACE('',#4644,0.003175);
#138=CYLINDRICAL_SURFACE('',#4645,0.003175);
#139=CYLINDRICAL_SURFACE('',#4646,0.003175);
#140=CYLINDRICAL_SURFACE('',#4647,0.003175);
#141=CYLINDRICAL_SURFACE('',#4648,0.003175);
#142=CYLINDRICAL_SURFACE('',#4649,0.003175);
#143=CYLINDRICAL_SURFACE('',#4650,0.003175);
#144=CYLINDRICAL_SURFACE('',#4651,0.003175);
#145=CYLINDRICAL_SURFACE('',#4652,0.003175);
#146=CYLINDRICAL_SURFACE('',#4653,0.003175);
#147=CYLINDRICAL_SURFACE('',#4654,0.003175);
#148=CYLINDRICAL_SURFACE('',#4655,0.003175);
#149=CYLINDRICAL_SURFACE('',#4656,0.003175);
#150=CYLINDRICAL_SURFACE('',#4657,0.003175);
#151=CYLINDRICAL_SURFACE('',#4658,0.003175);
#152=CYLINDRICAL_SURFACE('',#4659,0.003175);
#153=CYLINDRICAL_SURFACE('',#4660,0.003175);
#154=CYLINDRICAL_SURFACE('',#4661,0.003175);
#155=CYLINDRICAL_SURFACE('',#4662,0.003175);
#156=CYLINDRICAL_SURFACE('',#4663,0.003175);
#157=CYLINDRICAL_SURFACE('',#4664,0.003175);
#158=CYLINDRICAL_SURFACE('',#4665,0.003175);
#159=CYLINDRICAL_SURFACE('',#4666,0.003175);
#160=CYLINDRICAL_SURFACE('',#4667,0.003175);
#161=CYLINDRICAL_SURFACE('',#4668,0.003175);
#162=CYLINDRICAL_SURFACE('',#4669,0.003175);
#163=CYLINDRICAL_SURFACE('',#4670,0.003175);
#164=CYLINDRICAL_SURFACE('',#4671,0.003175);
#165=CYLINDRICAL_SURFACE('',#4672,0.003175);
#166=CYLINDRICAL_SURFACE('',#4673,0.003175);
#167=CYLINDRICAL_SURFACE('',#4674,0.003175);
#168=CYLINDRICAL_SURFACE('',#4675,0.003175);
#169=CYLINDRICAL_SURFACE('',#4676,0.003175);
#170=CYLINDRICAL_SURFACE('',#4677,0.003175);
#171=CYLINDRICAL_SURFACE('',#4678,0.003175);
#172=CYLINDRICAL_SURFACE('',#4679,0.003175);
#173=CYLINDRICAL_SURFACE('',#4680,0.003175);
#174=CYLINDRICAL_SURFACE('',#4681,0.003175);
#175=CYLINDRICAL_SURFACE('',#4682,0.003175);
#176=CYLINDRICAL_SURFACE('',#4683,0.003175);
#177=CYLINDRICAL_SURFACE('',#4684,0.003175);
#178=CYLINDRICAL_SURFACE('',#4685,0.003175);
#179=CYLINDRICAL_SURFACE('',#4686,0.003175);
#180=CYLINDRICAL_SURFACE('',#4687,0.003175);
#181=CYLINDRICAL_SURFACE('',#4688,0.003175);
#182=CYLINDRICAL_SURFACE('',#4689,0.003175);
#183=CYLINDRICAL_SURFACE('',#4690,0.003175);
#184=CYLINDRICAL_SURFACE('',#4691,0.003175);
#185=CYLINDRICAL_SURFACE('',#4692,0.003175);
#186=CYLINDRICAL_SURFACE('',#4693,0.003175);
#187=CYLINDRICAL_SURFACE('',#4694,0.003175);
#188=CYLINDRICAL_SURFACE('',#4695,0.003175);
#189=CYLINDRICAL_SURFACE('',#4696,0.003175);
#190=CYLINDRICAL_SURFACE('',#4697,0.003175);
#191=CYLINDRICAL_SURFACE('',#4698,0.003175);
#192=CYLINDRICAL_SURFACE('',#4699,0.003175);
#193=CYLINDRICAL_SURFACE('',#4700,0.003175);
#194=CYLINDRICAL_SURFACE('',#4701,0.003175);
#195=CYLINDRICAL_SURFACE('',#4702,0.003175);
#196=CYLINDRICAL_SURFACE('',#4703,0.003175);
#197=CYLINDRICAL_SURFACE('',#4704,0.003175);
#198=CYLINDRICAL_SURFACE('',#4705,0.003175);
#199=CYLINDRICAL_SURFACE('',#4706,0.003175);
#200=CYLINDRICAL_SURFACE('',#4707,0.003175);
#201=CYLINDRICAL_SURFACE('',#4708,0.003175);
#202=CYLINDRICAL_SURFACE('',#4709,0.003175);
#203=CYLINDRICAL_SURFACE('',#4710,0.003175);
#204=CYLINDRICAL_SURFACE('',#4711,0.003175);
#205=CYLINDRICAL_SURFACE('',#4712,0.003175);
#206=CYLINDRICAL_SURFACE('',#4713,0.003175);
#207=CYLINDRICAL_SURFACE('',#4714,0.003175);
#208=CYLINDRICAL_SURFACE('',#4715,0.003175);
#209=CYLINDRICAL_SURFACE('',#4716,0.003175);
#210=CYLINDRICAL_SURFACE('',#4717,0.003175);
#211=CYLINDRICAL_SURFACE('',#4718,0.003175);
#212=CIRCLE('',#4118,0.003175);
#213=CIRCLE('',#4119,0.003175);
#214=CIRCLE('',#4120,0.003175);
#215=CIRCLE('',#4121,0.003175);
#216=CIRCLE('',#4122,0.003175);
#217=CIRCLE('',#4123,0.003175);
#218=CIRCLE('',#4124,0.003175);
#219=CIRCLE('',#4125,0.003175);
#220=CIRCLE('',#4126,0.003175);
#221=CIRCLE('',#4127,0.003175);
#222=CIRCLE('',#4128,0.003175);
#223=CIRCLE('',#4129,0.003175);
#224=CIRCLE('',#4130,0.003175);
#225=CIRCLE('',#4131,0.003175);
#226=CIRCLE('',#4132,0.003175);
#227=CIRCLE('',#4133,0.003175);
#228=CIRCLE('',#4134,0.003175);
#229=CIRCLE('',#4135,0.003175);
#230=CIRCLE('',#4136,0.003175);
#231=CIRCLE('',#4137,0.003175);
#232=CIRCLE('',#4138,0.003175);
#233=CIRCLE('',#4139,0.003175);
#234=CIRCLE('',#4140,0.003175);
#235=CIRCLE('',#4141,0.003175);
#236=CIRCLE('',#4142,0.003175);
#237=CIRCLE('',#4143,0.003175);
#238=CIRCLE('',#4144,0.003175);
#239=CIRCLE('',#4145,0.003175);
#240=CIRCLE('',#4146,0.003175);
#241=CIRCLE('',#4147,0.003175);
#242=CIRCLE('',#4148,0.003175);
#243=CIRCLE('',#4149,0.003175);
#244=CIRCLE('',#4150,0.003175);
#245=CIRCLE('',#4151,0.003175);
#246=CIRCLE('',#4152,0.003175);
#247=CIRCLE('',#4153,0.003175);
#248=CIRCLE('',#4154,0.003175);
#249=CIRCLE('',#4155,0.003175);
#250=CIRCLE('',#4156,0.003175);
#251=CIRCLE('',#4157,0.003175);
#252=CIRCLE('',#4158,0.003175);
#253=CIRCLE('',#4159,0.003175);
#254=CIRCLE('',#4160,0.003175);
#255=CIRCLE('',#4161,0.003175);
#256=CIRCLE('',#4162,0.003175);
#257=CIRCLE('',#4163,0.003175);
#258=CIRCLE('',#4164,0.003175);
#259=CIRCLE('',#4165,0.003175);
#260=CIRCLE('',#4166,0.003175);
#261=CIRCLE('',#4167,0.003175);
#262=CIRCLE('',#4168,0.003175);
#263=CIRCLE('',#4169,0.003175);
#264=CIRCLE('',#4170,0.003175);
#265=CIRCLE('',#4171,0.003175);
#266=CIRCLE('',#4172,0.003175);
#267=CIRCLE('',#4173,0.003175);
#268=CIRCLE('',#4174,0.003175);
#269=CIRCLE('',#4175,0.003175);
#270=CIRCLE('',#4176,0.003175);
#271=CIRCLE('',#4177,0.003175);
#272=CIRCLE('',#4178,0.003175);
#273=CIRCLE('',#4179,0.003175);
#274=CIRCLE('',#4180,0.003175);
#275=CIRCLE('',#4181,0.003175);
#276=CIRCLE('',#4182,0.003175);
#277=CIRCLE('',#4183,0.003175);
#278=CIRCLE('',#4184,0.003175);
#279=CIRCLE('',#4185,0.003175);
#280=CIRCLE('',#4186,0.003175);
#281=CIRCLE('',#4187,0.003175);
#282=CIRCLE('',#4188,0.003175);
#283=CIRCLE('',#4189,0.003175);
#284=CIRCLE('',#4190,0.003175);
#285=CIRCLE('',#4191,0.003175);
#286=CIRCLE('',#4192,0.003175);
#287=CIRCLE('',#4193,0.003175);
#288=CIRCLE('',#4194,0.003175);
#289=CIRCLE('',#4195,0.003175);
#290=CIRCLE('',#4196,0.003175);
#291=CIRCLE('',#4197,0.003175);
#292=CIRCLE('',#4198,0.003175);
#293=CIRCLE('',#4199,0.003175);
#294=CIRCLE('',#4200,0.003175);
#295=CIRCLE('',#4201,0.003175);
#296=CIRCLE('',#4202,0.003175);
#297=CIRCLE('',#4203,0.003175);
#298=CIRCLE('',#4204,0.003175);
#299=CIRCLE('',#4205,0.003175);
#300=CIRCLE('',#4206,0.003175);
#301=CIRCLE('',#4207,0.003175);
#302=CIRCLE('',#4208,0.003175);
#303=CIRCLE('',#4209,0.003175);
#304=CIRCLE('',#4210,0.003175);
#305=CIRCLE('',#4211,0.003175);
#306=CIRCLE('',#4212,0.003175);
#307=CIRCLE('',#4213,0.003175);
#308=CIRCLE('',#4214,0.003175);
#309=CIRCLE('',#4215,0.003175);
#310=CIRCLE('',#4216,0.003175);
#311=CIRCLE('',#4217,0.003175);
#312=CIRCLE('',#4218,0.003175);
#313=CIRCLE('',#4219,0.003175);
#314=CIRCLE('',#4220,0.003175);
#315=CIRCLE('',#4221,0.003175);
#316=CIRCLE('',#4222,0.003175);
#317=CIRCLE('',#4223,0.003175);
#318=CIRCLE('',#4224,0.003175);
#319=CIRCLE('',#4225,0.003175);
#320=CIRCLE('',#4226,0.003175);
#321=CIRCLE('',#4227,0.003175);
#322=CIRCLE('',#4228,0.003175);
#323=CIRCLE('',#4229,0.003175);
#324=CIRCLE('',#4230,0.003175);
#325=CIRCLE('',#4231,0.003175);
#326=CIRCLE('',#4232,0.003175);
#327=CIRCLE('',#4233,0.003175);
#328=CIRCLE('',#4234,0.003175);
#329=CIRCLE('',#4235,0.003175);
#330=CIRCLE('',#4236,0.003175);
#331=CIRCLE('',#4237,0.003175);
#332=CIRCLE('',#4238,0.003175);
#333=CIRCLE('',#4239,0.003175);
#334=CIRCLE('',#4240,0.003175);
#335=CIRCLE('',#4241,0.003175);
#336=CIRCLE('',#4242,0.003175);
#337=CIRCLE('',#4243,0.003175);
#338=CIRCLE('',#4244,0.003175);
#339=CIRCLE('',#4245,0.003175);
#340=CIRCLE('',#4246,0.003175);
#341=CIRCLE('',#4247,0.003175);
#342=CIRCLE('',#4248,0.003175);
#343=CIRCLE('',#4249,0.003175);
#344=CIRCLE('',#4250,0.003175);
#345=CIRCLE('',#4251,0.003175);
#346=CIRCLE('',#4252,0.003175);
#347=CIRCLE('',#4253,0.003175);
#348=CIRCLE('',#4254,0.003175);
#349=CIRCLE('',#4255,0.003175);
#350=CIRCLE('',#4256,0.003175);
#351=CIRCLE('',#4257,0.003175);
#352=CIRCLE('',#4258,0.003175);
#353=CIRCLE('',#4259,0.003175);
#354=CIRCLE('',#4260,0.003175);
#355=CIRCLE('',#4261,0.003175);
#356=CIRCLE('',#4262,0.003175);
#357=CIRCLE('',#4263,0.003175);
#358=CIRCLE('',#4264,0.003175);
#359=CIRCLE('',#4265,0.003175);
#360=CIRCLE('',#4266,0.003175);
#361=CIRCLE('',#4267,0.003175);
#362=CIRCLE('',#4268,0.003175);
#363=CIRCLE('',#4269,0.003175);
#364=CIRCLE('',#4270,0.003175);
#365=CIRCLE('',#4271,0.003175);
#366=CIRCLE('',#4272,0.003175);
#367=CIRCLE('',#4273,0.003175);
#368=CIRCLE('',#4274,0.003175);
#369=CIRCLE('',#4275,0.003175);
#370=CIRCLE('',#4276,0.003175);
#371=CIRCLE('',#4277,0.003175);
#372=CIRCLE('',#4278,0.003175);
#373=CIRCLE('',#4279,0.003175);
#374=CIRCLE('',#4280,0.003175);
#375=CIRCLE('',#4281,0.003175);
#376=CIRCLE('',#4282,0.003175);
#377=CIRCLE('',#4283,0.003175);
#378=CIRCLE('',#4284,0.003175);
#379=CIRCLE('',#4285,0.003175);
#380=CIRCLE('',#4286,0.003175);
#381=CIRCLE('',#4287,0.003175);
#382=CIRCLE('',#4288,0.003175);
#383=CIRCLE('',#4289,0.003175);
#384=CIRCLE('',#4290,0.003175);
#385=CIRCLE('',#4291,0.003175);
#386=CIRCLE('',#4292,0.003175);
#387=CIRCLE('',#4293,0.003175);
#388=CIRCLE('',#4294,0.003175);
#389=CIRCLE('',#4295,0.003175);
#390=CIRCLE('',#4296,0.003175);
#391=CIRCLE('',#4297,0.003175);
#392=CIRCLE('',#4298,0.003175);
#393=CIRCLE('',#4299,0.003175);
#394=CIRCLE('',#4300,0.003175);
#395=CIRCLE('',#4301,0.003175);
#396=CIRCLE('',#4302,0.003175);
#397=CIRCLE('',#4303,0.003175);
#398=CIRCLE('',#4304,0.003175);
#399=CIRCLE('',#4305,0.003175);
#400=CIRCLE('',#4306,0.003175);
#401=CIRCLE('',#4307,0.003175);
#402=CIRCLE('',#4308,0.003175);
#403=CIRCLE('',#4309,0.003175);
#404=CIRCLE('',#4310,0.003175);
#405=CIRCLE('',#4311,0.003175);
#406=CIRCLE('',#4312,0.003175);
#407=CIRCLE('',#4313,0.003175);
#408=CIRCLE('',#4314,0.0127);
#409=CIRCLE('',#4315,0.0127);
#410=CIRCLE('',#4316,0.0127);
#411=CIRCLE('',#4317,0.0127);
#412=CIRCLE('',#4319,0.003175);
#413=CIRCLE('',#4320,0.003175);
#414=CIRCLE('',#4321,0.003175);
#415=CIRCLE('',#4322,0.003175);
#416=CIRCLE('',#4323,0.003175);
#417=CIRCLE('',#4324,0.003175);
#418=CIRCLE('',#4325,0.003175);
#419=CIRCLE('',#4326,0.003175);
#420=CIRCLE('',#4327,0.003175);
#421=CIRCLE('',#4328,0.003175);
#422=CIRCLE('',#4329,0.003175);
#423=CIRCLE('',#4330,0.003175);
#424=CIRCLE('',#4331,0.003175);
#425=CIRCLE('',#4332,0.003175);
#426=CIRCLE('',#4333,0.003175);
#427=CIRCLE('',#4334,0.003175);
#428=CIRCLE('',#4335,0.003175);
#429=CIRCLE('',#4336,0.003175);
#430=CIRCLE('',#4337,0.003175);
#431=CIRCLE('',#4338,0.003175);
#432=CIRCLE('',#4339,0.003175);
#433=CIRCLE('',#4340,0.003175);
#434=CIRCLE('',#4341,0.003175);
#435=CIRCLE('',#4342,0.003175);
#436=CIRCLE('',#4343,0.003175);
#437=CIRCLE('',#4344,0.003175);
#438=CIRCLE('',#4345,0.003175);
#439=CIRCLE('',#4346,0.003175);
#440=CIRCLE('',#4347,0.003175);
#441=CIRCLE('',#4348,0.003175);
#442=CIRCLE('',#4349,0.003175);
#443=CIRCLE('',#4350,0.003175);
#444=CIRCLE('',#4351,0.003175);
#445=CIRCLE('',#4352,0.003175);
#446=CIRCLE('',#4353,0.003175);
#447=CIRCLE('',#4354,0.003175);
#448=CIRCLE('',#4355,0.003175);
#449=CIRCLE('',#4356,0.003175);
#450=CIRCLE('',#4357,0.003175);
#451=CIRCLE('',#4358,0.003175);
#452=CIRCLE('',#4359,0.003175);
#453=CIRCLE('',#4360,0.003175);
#454=CIRCLE('',#4361,0.003175);
#455=CIRCLE('',#4362,0.003175);
#456=CIRCLE('',#4363,0.003175);
#457=CIRCLE('',#4364,0.003175);
#458=CIRCLE('',#4365,0.003175);
#459=CIRCLE('',#4366,0.003175);
#460=CIRCLE('',#4367,0.003175);
#461=CIRCLE('',#4368,0.003175);
#462=CIRCLE('',#4369,0.003175);
#463=CIRCLE('',#4370,0.003175);
#464=CIRCLE('',#4371,0.003175);
#465=CIRCLE('',#4372,0.003175);
#466=CIRCLE('',#4373,0.003175);
#467=CIRCLE('',#4374,0.003175);
#468=CIRCLE('',#4375,0.003175);
#469=CIRCLE('',#4376,0.003175);
#470=CIRCLE('',#4377,0.003175);
#471=CIRCLE('',#4378,0.003175);
#472=CIRCLE('',#4379,0.003175);
#473=CIRCLE('',#4380,0.003175);
#474=CIRCLE('',#4381,0.003175);
#475=CIRCLE('',#4382,0.003175);
#476=CIRCLE('',#4383,0.003175);
#477=CIRCLE('',#4384,0.003175);
#478=CIRCLE('',#4385,0.003175);
#479=CIRCLE('',#4386,0.003175);
#480=CIRCLE('',#4387,0.003175);
#481=CIRCLE('',#4388,0.003175);
#482=CIRCLE('',#4389,0.003175);
#483=CIRCLE('',#4390,0.003175);
#484=CIRCLE('',#4391,0.003175);
#485=CIRCLE('',#4392,0.003175);
#486=CIRCLE('',#4393,0.003175);
#487=CIRCLE('',#4394,0.003175);
#488=CIRCLE('',#4395,0.003175);
#489=CIRCLE('',#4396,0.003175);
#490=CIRCLE('',#4397,0.003175);
#491=CIRCLE('',#4398,0.003175);
#492=CIRCLE('',#4399,0.003175);
#493=CIRCLE('',#4400,0.003175);
#494=CIRCLE('',#4401,0.003175);
#495=CIRCLE('',#4402,0.003175);
#496=CIRCLE('',#4403,0.003175);
#497=CIRCLE('',#4404,0.003175);
#498=CIRCLE('',#4405,0.003175);
#499=CIRCLE('',#4406,0.003175);
#500=CIRCLE('',#4407,0.003175);
#501=CIRCLE('',#4408,0.003175);
#502=CIRCLE('',#4409,0.003175);
#503=CIRCLE('',#4410,0.003175);
#504=CIRCLE('',#4411,0.003175);
#505=CIRCLE('',#4412,0.003175);
#506=CIRCLE('',#4413,0.003175);
#507=CIRCLE('',#4414,0.003175);
#508=CIRCLE('',#4415,0.003175);
#509=CIRCLE('',#4416,0.003175);
#510=CIRCLE('',#4417,0.003175);
#511=CIRCLE('',#4418,0.003175);
#512=CIRCLE('',#4419,0.003175);
#513=CIRCLE('',#4420,0.003175);
#514=CIRCLE('',#4421,0.003175);
#515=CIRCLE('',#4422,0.003175);
#516=CIRCLE('',#4423,0.003175);
#517=CIRCLE('',#4424,0.003175);
#518=CIRCLE('',#4425,0.003175);
#519=CIRCLE('',#4426,0.003175);
#520=CIRCLE('',#4427,0.003175);
#521=CIRCLE('',#4428,0.003175);
#522=CIRCLE('',#4429,0.003175);
#523=CIRCLE('',#4430,0.003175);
#524=CIRCLE('',#4431,0.003175);
#525=CIRCLE('',#4432,0.003175);
#526=CIRCLE('',#4433,0.003175);
#527=CIRCLE('',#4434,0.003175);
#528=CIRCLE('',#4435,0.003175);
#529=CIRCLE('',#4436,0.003175);
#530=CIRCLE('',#4437,0.003175);
#531=CIRCLE('',#4438,0.003175);
#532=CIRCLE('',#4439,0.003175);
#533=CIRCLE('',#4440,0.003175);
#534=CIRCLE('',#4441,0.003175);
#535=CIRCLE('',#4442,0.003175);
#536=CIRCLE('',#4443,0.003175);
#537=CIRCLE('',#4444,0.003175);
#538=CIRCLE('',#4445,0.003175);
#539=CIRCLE('',#4446,0.003175);
#540=CIRCLE('',#4447,0.003175);
#541=CIRCLE('',#4448,0.003175);
#542=CIRCLE('',#4449,0.003175);
#543=CIRCLE('',#4450,0.003175);
#544=CIRCLE('',#4451,0.003175);
#545=CIRCLE('',#4452,0.003175);
#546=CIRCLE('',#4453,0.003175);
#547=CIRCLE('',#4454,0.003175);
#548=CIRCLE('',#4455,0.003175);
#549=CIRCLE('',#4456,0.003175);
#550=CIRCLE('',#4457,0.003175);
#551=CIRCLE('',#4458,0.003175);
#552=CIRCLE('',#4459,0.003175);
#553=CIRCLE('',#4460,0.003175);
#554=CIRCLE('',#4461,0.003175);
#555=CIRCLE('',#4462,0.003175);
#556=CIRCLE('',#4463,0.003175);
#557=CIRCLE('',#4464,0.003175);
#558=CIRCLE('',#4465,0.003175);
#559=CIRCLE('',#4466,0.003175);
#560=CIRCLE('',#4467,0.003175);
#561=CIRCLE('',#4468,0.003175);
#562=CIRCLE('',#4469,0.003175);
#563=CIRCLE('',#4470,0.003175);
#564=CIRCLE('',#4471,0.003175);
#565=CIRCLE('',#4472,0.003175);
#566=CIRCLE('',#4473,0.003175);
#567=CIRCLE('',#4474,0.003175);
#568=CIRCLE('',#4475,0.003175);
#569=CIRCLE('',#4476,0.003175);
#570=CIRCLE('',#4477,0.003175);
#571=CIRCLE('',#4478,0.003175);
#572=CIRCLE('',#4479,0.003175);
#573=CIRCLE('',#4480,0.003175);
#574=CIRCLE('',#4481,0.003175);
#575=CIRCLE('',#4482,0.003175);
#576=CIRCLE('',#4483,0.003175);
#577=CIRCLE('',#4484,0.003175);
#578=CIRCLE('',#4485,0.003175);
#579=CIRCLE('',#4486,0.003175);
#580=CIRCLE('',#4487,0.003175);
#581=CIRCLE('',#4488,0.003175);
#582=CIRCLE('',#4489,0.003175);
#583=CIRCLE('',#4490,0.003175);
#584=CIRCLE('',#4491,0.003175);
#585=CIRCLE('',#4492,0.003175);
#586=CIRCLE('',#4493,0.003175);
#587=CIRCLE('',#4494,0.003175);
#588=CIRCLE('',#4495,0.003175);
#589=CIRCLE('',#4496,0.003175);
#590=CIRCLE('',#4497,0.003175);
#591=CIRCLE('',#4498,0.003175);
#592=CIRCLE('',#4499,0.003175);
#593=CIRCLE('',#4500,0.003175);
#594=CIRCLE('',#4501,0.003175);
#595=CIRCLE('',#4502,0.003175);
#596=CIRCLE('',#4503,0.003175);
#597=CIRCLE('',#4504,0.003175);
#598=CIRCLE('',#4505,0.003175);
#599=CIRCLE('',#4506,0.003175);
#600=CIRCLE('',#4507,0.003175);
#601=CIRCLE('',#4508,0.003175);
#602=CIRCLE('',#4509,0.003175);
#603=CIRCLE('',#4510,0.003175);
#604=CIRCLE('',#4511,0.003175);
#605=CIRCLE('',#4512,0.003175);
#606=CIRCLE('',#4513,0.003175);
#607=CIRCLE('',#4514,0.003175);
#608=CIRCLE('',#4515,0.0127);
#609=CIRCLE('',#4516,0.0127);
#610=CIRCLE('',#4517,0.0127);
#611=CIRCLE('',#4518,0.0127);
#612=ORIENTED_EDGE('',*,*,#1444,.F.);
#613=ORIENTED_EDGE('',*,*,#1445,.T.);
#614=ORIENTED_EDGE('',*,*,#1446,.T.);
#615=ORIENTED_EDGE('',*,*,#1447,.T.);
#616=ORIENTED_EDGE('',*,*,#1448,.T.);
#617=ORIENTED_EDGE('',*,*,#1449,.T.);
#618=ORIENTED_EDGE('',*,*,#1450,.F.);
#619=ORIENTED_EDGE('',*,*,#1451,.T.);
#620=ORIENTED_EDGE('',*,*,#1452,.F.);
#621=ORIENTED_EDGE('',*,*,#1453,.T.);
#622=ORIENTED_EDGE('',*,*,#1454,.T.);
#623=ORIENTED_EDGE('',*,*,#1455,.T.);
#624=ORIENTED_EDGE('',*,*,#1456,.F.);
#625=ORIENTED_EDGE('',*,*,#1457,.T.);
#626=ORIENTED_EDGE('',*,*,#1458,.T.);
#627=ORIENTED_EDGE('',*,*,#1459,.T.);
#628=ORIENTED_EDGE('',*,*,#1460,.F.);
#629=ORIENTED_EDGE('',*,*,#1461,.F.);
#630=ORIENTED_EDGE('',*,*,#1462,.F.);
#631=ORIENTED_EDGE('',*,*,#1463,.F.);
#632=ORIENTED_EDGE('',*,*,#1464,.F.);
#633=ORIENTED_EDGE('',*,*,#1465,.F.);
#634=ORIENTED_EDGE('',*,*,#1466,.F.);
#635=ORIENTED_EDGE('',*,*,#1467,.F.);
#636=ORIENTED_EDGE('',*,*,#1468,.F.);
#637=ORIENTED_EDGE('',*,*,#1469,.F.);
#638=ORIENTED_EDGE('',*,*,#1470,.F.);
#639=ORIENTED_EDGE('',*,*,#1471,.F.);
#640=ORIENTED_EDGE('',*,*,#1472,.F.);
#641=ORIENTED_EDGE('',*,*,#1473,.F.);
#642=ORIENTED_EDGE('',*,*,#1474,.F.);
#643=ORIENTED_EDGE('',*,*,#1475,.F.);
#644=ORIENTED_EDGE('',*,*,#1476,.F.);
#645=ORIENTED_EDGE('',*,*,#1477,.F.);
#646=ORIENTED_EDGE('',*,*,#1478,.F.);
#647=ORIENTED_EDGE('',*,*,#1479,.F.);
#648=ORIENTED_EDGE('',*,*,#1480,.F.);
#649=ORIENTED_EDGE('',*,*,#1481,.F.);
#650=ORIENTED_EDGE('',*,*,#1482,.F.);
#651=ORIENTED_EDGE('',*,*,#1483,.F.);
#652=ORIENTED_EDGE('',*,*,#1484,.F.);
#653=ORIENTED_EDGE('',*,*,#1485,.F.);
#654=ORIENTED_EDGE('',*,*,#1486,.F.);
#655=ORIENTED_EDGE('',*,*,#1487,.F.);
#656=ORIENTED_EDGE('',*,*,#1488,.F.);
#657=ORIENTED_EDGE('',*,*,#1489,.F.);
#658=ORIENTED_EDGE('',*,*,#1490,.F.);
#659=ORIENTED_EDGE('',*,*,#1491,.F.);
#660=ORIENTED_EDGE('',*,*,#1492,.F.);
#661=ORIENTED_EDGE('',*,*,#1493,.F.);
#662=ORIENTED_EDGE('',*,*,#1494,.F.);
#663=ORIENTED_EDGE('',*,*,#1495,.F.);
#664=ORIENTED_EDGE('',*,*,#1496,.F.);
#665=ORIENTED_EDGE('',*,*,#1497,.F.);
#666=ORIENTED_EDGE('',*,*,#1498,.F.);
#667=ORIENTED_EDGE('',*,*,#1499,.F.);
#668=ORIENTED_EDGE('',*,*,#1500,.F.);
#669=ORIENTED_EDGE('',*,*,#1501,.F.);
#670=ORIENTED_EDGE('',*,*,#1502,.F.);
#671=ORIENTED_EDGE('',*,*,#1503,.F.);
#672=ORIENTED_EDGE('',*,*,#1504,.F.);
#673=ORIENTED_EDGE('',*,*,#1505,.F.);
#674=ORIENTED_EDGE('',*,*,#1506,.F.);
#675=ORIENTED_EDGE('',*,*,#1507,.F.);
#676=ORIENTED_EDGE('',*,*,#1508,.F.);
#677=ORIENTED_EDGE('',*,*,#1509,.F.);
#678=ORIENTED_EDGE('',*,*,#1510,.F.);
#679=ORIENTED_EDGE('',*,*,#1511,.F.);
#680=ORIENTED_EDGE('',*,*,#1512,.F.);
#681=ORIENTED_EDGE('',*,*,#1513,.F.);
#682=ORIENTED_EDGE('',*,*,#1514,.F.);
#683=ORIENTED_EDGE('',*,*,#1515,.F.);
#684=ORIENTED_EDGE('',*,*,#1516,.F.);
#685=ORIENTED_EDGE('',*,*,#1517,.F.);
#686=ORIENTED_EDGE('',*,*,#1518,.F.);
#687=ORIENTED_EDGE('',*,*,#1519,.F.);
#688=ORIENTED_EDGE('',*,*,#1520,.F.);
#689=ORIENTED_EDGE('',*,*,#1521,.F.);
#690=ORIENTED_EDGE('',*,*,#1522,.F.);
#691=ORIENTED_EDGE('',*,*,#1523,.F.);
#692=ORIENTED_EDGE('',*,*,#1524,.F.);
#693=ORIENTED_EDGE('',*,*,#1525,.F.);
#694=ORIENTED_EDGE('',*,*,#1526,.F.);
#695=ORIENTED_EDGE('',*,*,#1527,.F.);
#696=ORIENTED_EDGE('',*,*,#1528,.F.);
#697=ORIENTED_EDGE('',*,*,#1529,.F.);
#698=ORIENTED_EDGE('',*,*,#1530,.F.);
#699=ORIENTED_EDGE('',*,*,#1531,.F.);
#700=ORIENTED_EDGE('',*,*,#1532,.F.);
#701=ORIENTED_EDGE('',*,*,#1533,.F.);
#702=ORIENTED_EDGE('',*,*,#1534,.F.);
#703=ORIENTED_EDGE('',*,*,#1535,.F.);
#704=ORIENTED_EDGE('',*,*,#1536,.F.);
#705=ORIENTED_EDGE('',*,*,#1537,.F.);
#706=ORIENTED_EDGE('',*,*,#1538,.F.);
#707=ORIENTED_EDGE('',*,*,#1539,.F.);
#708=ORIENTED_EDGE('',*,*,#1540,.F.);
#709=ORIENTED_EDGE('',*,*,#1541,.F.);
#710=ORIENTED_EDGE('',*,*,#1542,.F.);
#711=ORIENTED_EDGE('',*,*,#1543,.F.);
#712=ORIENTED_EDGE('',*,*,#1544,.F.);
#713=ORIENTED_EDGE('',*,*,#1545,.F.);
#714=ORIENTED_EDGE('',*,*,#1546,.F.);
#715=ORIENTED_EDGE('',*,*,#1547,.F.);
#716=ORIENTED_EDGE('',*,*,#1548,.F.);
#717=ORIENTED_EDGE('',*,*,#1549,.F.);
#718=ORIENTED_EDGE('',*,*,#1550,.F.);
#719=ORIENTED_EDGE('',*,*,#1551,.F.);
#720=ORIENTED_EDGE('',*,*,#1552,.F.);
#721=ORIENTED_EDGE('',*,*,#1553,.F.);
#722=ORIENTED_EDGE('',*,*,#1554,.F.);
#723=ORIENTED_EDGE('',*,*,#1555,.F.);
#724=ORIENTED_EDGE('',*,*,#1556,.F.);
#725=ORIENTED_EDGE('',*,*,#1557,.F.);
#726=ORIENTED_EDGE('',*,*,#1558,.F.);
#727=ORIENTED_EDGE('',*,*,#1559,.F.);
#728=ORIENTED_EDGE('',*,*,#1560,.F.);
#729=ORIENTED_EDGE('',*,*,#1561,.F.);
#730=ORIENTED_EDGE('',*,*,#1562,.F.);
#731=ORIENTED_EDGE('',*,*,#1563,.F.);
#732=ORIENTED_EDGE('',*,*,#1564,.F.);
#733=ORIENTED_EDGE('',*,*,#1565,.F.);
#734=ORIENTED_EDGE('',*,*,#1566,.F.);
#735=ORIENTED_EDGE('',*,*,#1567,.F.);
#736=ORIENTED_EDGE('',*,*,#1568,.F.);
#737=ORIENTED_EDGE('',*,*,#1569,.F.);
#738=ORIENTED_EDGE('',*,*,#1570,.F.);
#739=ORIENTED_EDGE('',*,*,#1571,.F.);
#740=ORIENTED_EDGE('',*,*,#1572,.F.);
#741=ORIENTED_EDGE('',*,*,#1573,.F.);
#742=ORIENTED_EDGE('',*,*,#1574,.F.);
#743=ORIENTED_EDGE('',*,*,#1575,.F.);
#744=ORIENTED_EDGE('',*,*,#1576,.F.);
#745=ORIENTED_EDGE('',*,*,#1577,.F.);
#746=ORIENTED_EDGE('',*,*,#1578,.F.);
#747=ORIENTED_EDGE('',*,*,#1579,.F.);
#748=ORIENTED_EDGE('',*,*,#1580,.F.);
#749=ORIENTED_EDGE('',*,*,#1581,.F.);
#750=ORIENTED_EDGE('',*,*,#1582,.F.);
#751=ORIENTED_EDGE('',*,*,#1583,.F.);
#752=ORIENTED_EDGE('',*,*,#1584,.F.);
#753=ORIENTED_EDGE('',*,*,#1585,.F.);
#754=ORIENTED_EDGE('',*,*,#1586,.F.);
#755=ORIENTED_EDGE('',*,*,#1587,.F.);
#756=ORIENTED_EDGE('',*,*,#1588,.F.);
#757=ORIENTED_EDGE('',*,*,#1589,.F.);
#758=ORIENTED_EDGE('',*,*,#1590,.F.);
#759=ORIENTED_EDGE('',*,*,#1591,.F.);
#760=ORIENTED_EDGE('',*,*,#1592,.F.);
#761=ORIENTED_EDGE('',*,*,#1593,.F.);
#762=ORIENTED_EDGE('',*,*,#1594,.F.);
#763=ORIENTED_EDGE('',*,*,#1595,.F.);
#764=ORIENTED_EDGE('',*,*,#1596,.F.);
#765=ORIENTED_EDGE('',*,*,#1597,.F.);
#766=ORIENTED_EDGE('',*,*,#1598,.F.);
#767=ORIENTED_EDGE('',*,*,#1599,.F.);
#768=ORIENTED_EDGE('',*,*,#1600,.F.);
#769=ORIENTED_EDGE('',*,*,#1601,.F.);
#770=ORIENTED_EDGE('',*,*,#1602,.F.);
#771=ORIENTED_EDGE('',*,*,#1603,.F.);
#772=ORIENTED_EDGE('',*,*,#1604,.F.);
#773=ORIENTED_EDGE('',*,*,#1605,.F.);
#774=ORIENTED_EDGE('',*,*,#1606,.F.);
#775=ORIENTED_EDGE('',*,*,#1607,.F.);
#776=ORIENTED_EDGE('',*,*,#1608,.F.);
#777=ORIENTED_EDGE('',*,*,#1609,.F.);
#778=ORIENTED_EDGE('',*,*,#1610,.F.);
#779=ORIENTED_EDGE('',*,*,#1611,.F.);
#780=ORIENTED_EDGE('',*,*,#1612,.F.);
#781=ORIENTED_EDGE('',*,*,#1613,.F.);
#782=ORIENTED_EDGE('',*,*,#1614,.F.);
#783=ORIENTED_EDGE('',*,*,#1615,.F.);
#784=ORIENTED_EDGE('',*,*,#1616,.F.);
#785=ORIENTED_EDGE('',*,*,#1617,.F.);
#786=ORIENTED_EDGE('',*,*,#1618,.F.);
#787=ORIENTED_EDGE('',*,*,#1619,.F.);
#788=ORIENTED_EDGE('',*,*,#1620,.F.);
#789=ORIENTED_EDGE('',*,*,#1621,.F.);
#790=ORIENTED_EDGE('',*,*,#1622,.F.);
#791=ORIENTED_EDGE('',*,*,#1623,.F.);
#792=ORIENTED_EDGE('',*,*,#1624,.F.);
#793=ORIENTED_EDGE('',*,*,#1625,.F.);
#794=ORIENTED_EDGE('',*,*,#1626,.F.);
#795=ORIENTED_EDGE('',*,*,#1627,.F.);
#796=ORIENTED_EDGE('',*,*,#1628,.F.);
#797=ORIENTED_EDGE('',*,*,#1629,.F.);
#798=ORIENTED_EDGE('',*,*,#1630,.F.);
#799=ORIENTED_EDGE('',*,*,#1631,.F.);
#800=ORIENTED_EDGE('',*,*,#1632,.F.);
#801=ORIENTED_EDGE('',*,*,#1633,.F.);
#802=ORIENTED_EDGE('',*,*,#1634,.F.);
#803=ORIENTED_EDGE('',*,*,#1635,.F.);
#804=ORIENTED_EDGE('',*,*,#1636,.F.);
#805=ORIENTED_EDGE('',*,*,#1637,.F.);
#806=ORIENTED_EDGE('',*,*,#1638,.F.);
#807=ORIENTED_EDGE('',*,*,#1639,.F.);
#808=ORIENTED_EDGE('',*,*,#1640,.F.);
#809=ORIENTED_EDGE('',*,*,#1641,.F.);
#810=ORIENTED_EDGE('',*,*,#1642,.F.);
#811=ORIENTED_EDGE('',*,*,#1643,.F.);
#812=ORIENTED_EDGE('',*,*,#1644,.F.);
#813=ORIENTED_EDGE('',*,*,#1645,.F.);
#814=ORIENTED_EDGE('',*,*,#1646,.F.);
#815=ORIENTED_EDGE('',*,*,#1647,.F.);
#816=ORIENTED_EDGE('',*,*,#1648,.F.);
#817=ORIENTED_EDGE('',*,*,#1649,.F.);
#818=ORIENTED_EDGE('',*,*,#1650,.F.);
#819=ORIENTED_EDGE('',*,*,#1651,.F.);
#820=ORIENTED_EDGE('',*,*,#1652,.F.);
#821=ORIENTED_EDGE('',*,*,#1653,.F.);
#822=ORIENTED_EDGE('',*,*,#1654,.F.);
#823=ORIENTED_EDGE('',*,*,#1655,.F.);
#824=ORIENTED_EDGE('',*,*,#1450,.T.);
#825=ORIENTED_EDGE('',*,*,#1656,.T.);
#826=ORIENTED_EDGE('',*,*,#1452,.T.);
#827=ORIENTED_EDGE('',*,*,#1657,.T.);
#828=ORIENTED_EDGE('',*,*,#1458,.F.);
#829=ORIENTED_EDGE('',*,*,#1658,.T.);
#830=ORIENTED_EDGE('',*,*,#1446,.F.);
#831=ORIENTED_EDGE('',*,*,#1659,.T.);
#832=ORIENTED_EDGE('',*,*,#1660,.F.);
#833=ORIENTED_EDGE('',*,*,#1661,.F.);
#834=ORIENTED_EDGE('',*,*,#1662,.F.);
#835=ORIENTED_EDGE('',*,*,#1663,.F.);
#836=ORIENTED_EDGE('',*,*,#1664,.F.);
#837=ORIENTED_EDGE('',*,*,#1665,.F.);
#838=ORIENTED_EDGE('',*,*,#1666,.F.);
#839=ORIENTED_EDGE('',*,*,#1667,.F.);
#840=ORIENTED_EDGE('',*,*,#1668,.F.);
#841=ORIENTED_EDGE('',*,*,#1669,.F.);
#842=ORIENTED_EDGE('',*,*,#1670,.F.);
#843=ORIENTED_EDGE('',*,*,#1671,.F.);
#844=ORIENTED_EDGE('',*,*,#1672,.F.);
#845=ORIENTED_EDGE('',*,*,#1673,.F.);
#846=ORIENTED_EDGE('',*,*,#1674,.F.);
#847=ORIENTED_EDGE('',*,*,#1675,.F.);
#848=ORIENTED_EDGE('',*,*,#1676,.F.);
#849=ORIENTED_EDGE('',*,*,#1677,.F.);
#850=ORIENTED_EDGE('',*,*,#1678,.F.);
#851=ORIENTED_EDGE('',*,*,#1679,.F.);
#852=ORIENTED_EDGE('',*,*,#1680,.F.);
#853=ORIENTED_EDGE('',*,*,#1681,.F.);
#854=ORIENTED_EDGE('',*,*,#1682,.F.);
#855=ORIENTED_EDGE('',*,*,#1683,.F.);
#856=ORIENTED_EDGE('',*,*,#1684,.F.);
#857=ORIENTED_EDGE('',*,*,#1685,.F.);
#858=ORIENTED_EDGE('',*,*,#1686,.F.);
#859=ORIENTED_EDGE('',*,*,#1687,.F.);
#860=ORIENTED_EDGE('',*,*,#1688,.F.);
#861=ORIENTED_EDGE('',*,*,#1689,.F.);
#862=ORIENTED_EDGE('',*,*,#1690,.F.);
#863=ORIENTED_EDGE('',*,*,#1691,.F.);
#864=ORIENTED_EDGE('',*,*,#1692,.F.);
#865=ORIENTED_EDGE('',*,*,#1693,.F.);
#866=ORIENTED_EDGE('',*,*,#1694,.F.);
#867=ORIENTED_EDGE('',*,*,#1695,.F.);
#868=ORIENTED_EDGE('',*,*,#1696,.F.);
#869=ORIENTED_EDGE('',*,*,#1697,.F.);
#870=ORIENTED_EDGE('',*,*,#1698,.F.);
#871=ORIENTED_EDGE('',*,*,#1699,.F.);
#872=ORIENTED_EDGE('',*,*,#1700,.F.);
#873=ORIENTED_EDGE('',*,*,#1701,.F.);
#874=ORIENTED_EDGE('',*,*,#1702,.F.);
#875=ORIENTED_EDGE('',*,*,#1703,.F.);
#876=ORIENTED_EDGE('',*,*,#1704,.F.);
#877=ORIENTED_EDGE('',*,*,#1705,.F.);
#878=ORIENTED_EDGE('',*,*,#1706,.F.);
#879=ORIENTED_EDGE('',*,*,#1707,.F.);
#880=ORIENTED_EDGE('',*,*,#1708,.F.);
#881=ORIENTED_EDGE('',*,*,#1709,.F.);
#882=ORIENTED_EDGE('',*,*,#1710,.F.);
#883=ORIENTED_EDGE('',*,*,#1711,.F.);
#884=ORIENTED_EDGE('',*,*,#1712,.F.);
#885=ORIENTED_EDGE('',*,*,#1713,.F.);
#886=ORIENTED_EDGE('',*,*,#1714,.F.);
#887=ORIENTED_EDGE('',*,*,#1715,.F.);
#888=ORIENTED_EDGE('',*,*,#1716,.F.);
#889=ORIENTED_EDGE('',*,*,#1717,.F.);
#890=ORIENTED_EDGE('',*,*,#1718,.F.);
#891=ORIENTED_EDGE('',*,*,#1719,.F.);
#892=ORIENTED_EDGE('',*,*,#1720,.F.);
#893=ORIENTED_EDGE('',*,*,#1721,.F.);
#894=ORIENTED_EDGE('',*,*,#1722,.F.);
#895=ORIENTED_EDGE('',*,*,#1723,.F.);
#896=ORIENTED_EDGE('',*,*,#1724,.F.);
#897=ORIENTED_EDGE('',*,*,#1725,.F.);
#898=ORIENTED_EDGE('',*,*,#1726,.F.);
#899=ORIENTED_EDGE('',*,*,#1727,.F.);
#900=ORIENTED_EDGE('',*,*,#1728,.F.);
#901=ORIENTED_EDGE('',*,*,#1729,.F.);
#902=ORIENTED_EDGE('',*,*,#1730,.F.);
#903=ORIENTED_EDGE('',*,*,#1731,.F.);
#904=ORIENTED_EDGE('',*,*,#1732,.F.);
#905=ORIENTED_EDGE('',*,*,#1733,.F.);
#906=ORIENTED_EDGE('',*,*,#1734,.F.);
#907=ORIENTED_EDGE('',*,*,#1735,.F.);
#908=ORIENTED_EDGE('',*,*,#1736,.F.);
#909=ORIENTED_EDGE('',*,*,#1737,.F.);
#910=ORIENTED_EDGE('',*,*,#1738,.F.);
#911=ORIENTED_EDGE('',*,*,#1739,.F.);
#912=ORIENTED_EDGE('',*,*,#1740,.F.);
#913=ORIENTED_EDGE('',*,*,#1741,.F.);
#914=ORIENTED_EDGE('',*,*,#1742,.F.);
#915=ORIENTED_EDGE('',*,*,#1743,.F.);
#916=ORIENTED_EDGE('',*,*,#1744,.F.);
#917=ORIENTED_EDGE('',*,*,#1745,.F.);
#918=ORIENTED_EDGE('',*,*,#1746,.F.);
#919=ORIENTED_EDGE('',*,*,#1747,.F.);
#920=ORIENTED_EDGE('',*,*,#1748,.F.);
#921=ORIENTED_EDGE('',*,*,#1749,.F.);
#922=ORIENTED_EDGE('',*,*,#1750,.F.);
#923=ORIENTED_EDGE('',*,*,#1751,.F.);
#924=ORIENTED_EDGE('',*,*,#1752,.F.);
#925=ORIENTED_EDGE('',*,*,#1753,.F.);
#926=ORIENTED_EDGE('',*,*,#1754,.F.);
#927=ORIENTED_EDGE('',*,*,#1755,.F.);
#928=ORIENTED_EDGE('',*,*,#1756,.F.);
#929=ORIENTED_EDGE('',*,*,#1757,.F.);
#930=ORIENTED_EDGE('',*,*,#1758,.F.);
#931=ORIENTED_EDGE('',*,*,#1759,.F.);
#932=ORIENTED_EDGE('',*,*,#1760,.F.);
#933=ORIENTED_EDGE('',*,*,#1761,.F.);
#934=ORIENTED_EDGE('',*,*,#1762,.F.);
#935=ORIENTED_EDGE('',*,*,#1763,.F.);
#936=ORIENTED_EDGE('',*,*,#1764,.F.);
#937=ORIENTED_EDGE('',*,*,#1765,.F.);
#938=ORIENTED_EDGE('',*,*,#1766,.F.);
#939=ORIENTED_EDGE('',*,*,#1767,.F.);
#940=ORIENTED_EDGE('',*,*,#1768,.F.);
#941=ORIENTED_EDGE('',*,*,#1769,.F.);
#942=ORIENTED_EDGE('',*,*,#1770,.F.);
#943=ORIENTED_EDGE('',*,*,#1771,.F.);
#944=ORIENTED_EDGE('',*,*,#1772,.F.);
#945=ORIENTED_EDGE('',*,*,#1773,.F.);
#946=ORIENTED_EDGE('',*,*,#1774,.F.);
#947=ORIENTED_EDGE('',*,*,#1775,.F.);
#948=ORIENTED_EDGE('',*,*,#1776,.F.);
#949=ORIENTED_EDGE('',*,*,#1777,.F.);
#950=ORIENTED_EDGE('',*,*,#1778,.F.);
#951=ORIENTED_EDGE('',*,*,#1779,.F.);
#952=ORIENTED_EDGE('',*,*,#1780,.F.);
#953=ORIENTED_EDGE('',*,*,#1781,.F.);
#954=ORIENTED_EDGE('',*,*,#1782,.F.);
#955=ORIENTED_EDGE('',*,*,#1783,.F.);
#956=ORIENTED_EDGE('',*,*,#1784,.F.);
#957=ORIENTED_EDGE('',*,*,#1785,.F.);
#958=ORIENTED_EDGE('',*,*,#1786,.F.);
#959=ORIENTED_EDGE('',*,*,#1787,.F.);
#960=ORIENTED_EDGE('',*,*,#1788,.F.);
#961=ORIENTED_EDGE('',*,*,#1789,.F.);
#962=ORIENTED_EDGE('',*,*,#1790,.F.);
#963=ORIENTED_EDGE('',*,*,#1791,.F.);
#964=ORIENTED_EDGE('',*,*,#1792,.F.);
#965=ORIENTED_EDGE('',*,*,#1793,.F.);
#966=ORIENTED_EDGE('',*,*,#1794,.F.);
#967=ORIENTED_EDGE('',*,*,#1795,.F.);
#968=ORIENTED_EDGE('',*,*,#1796,.F.);
#969=ORIENTED_EDGE('',*,*,#1797,.F.);
#970=ORIENTED_EDGE('',*,*,#1798,.F.);
#971=ORIENTED_EDGE('',*,*,#1799,.F.);
#972=ORIENTED_EDGE('',*,*,#1800,.F.);
#973=ORIENTED_EDGE('',*,*,#1801,.F.);
#974=ORIENTED_EDGE('',*,*,#1802,.F.);
#975=ORIENTED_EDGE('',*,*,#1803,.F.);
#976=ORIENTED_EDGE('',*,*,#1804,.F.);
#977=ORIENTED_EDGE('',*,*,#1805,.F.);
#978=ORIENTED_EDGE('',*,*,#1806,.F.);
#979=ORIENTED_EDGE('',*,*,#1807,.F.);
#980=ORIENTED_EDGE('',*,*,#1808,.F.);
#981=ORIENTED_EDGE('',*,*,#1809,.F.);
#982=ORIENTED_EDGE('',*,*,#1810,.F.);
#983=ORIENTED_EDGE('',*,*,#1811,.F.);
#984=ORIENTED_EDGE('',*,*,#1812,.F.);
#985=ORIENTED_EDGE('',*,*,#1813,.F.);
#986=ORIENTED_EDGE('',*,*,#1814,.F.);
#987=ORIENTED_EDGE('',*,*,#1815,.F.);
#988=ORIENTED_EDGE('',*,*,#1816,.F.);
#989=ORIENTED_EDGE('',*,*,#1817,.F.);
#990=ORIENTED_EDGE('',*,*,#1818,.F.);
#991=ORIENTED_EDGE('',*,*,#1819,.F.);
#992=ORIENTED_EDGE('',*,*,#1820,.F.);
#993=ORIENTED_EDGE('',*,*,#1821,.F.);
#994=ORIENTED_EDGE('',*,*,#1822,.F.);
#995=ORIENTED_EDGE('',*,*,#1823,.F.);
#996=ORIENTED_EDGE('',*,*,#1824,.F.);
#997=ORIENTED_EDGE('',*,*,#1825,.F.);
#998=ORIENTED_EDGE('',*,*,#1826,.F.);
#999=ORIENTED_EDGE('',*,*,#1827,.F.);
#1000=ORIENTED_EDGE('',*,*,#1828,.F.);
#1001=ORIENTED_EDGE('',*,*,#1829,.F.);
#1002=ORIENTED_EDGE('',*,*,#1830,.F.);
#1003=ORIENTED_EDGE('',*,*,#1831,.F.);
#1004=ORIENTED_EDGE('',*,*,#1832,.F.);
#1005=ORIENTED_EDGE('',*,*,#1833,.F.);
#1006=ORIENTED_EDGE('',*,*,#1834,.F.);
#1007=ORIENTED_EDGE('',*,*,#1835,.F.);
#1008=ORIENTED_EDGE('',*,*,#1836,.F.);
#1009=ORIENTED_EDGE('',*,*,#1837,.F.);
#1010=ORIENTED_EDGE('',*,*,#1838,.F.);
#1011=ORIENTED_EDGE('',*,*,#1839,.F.);
#1012=ORIENTED_EDGE('',*,*,#1840,.F.);
#1013=ORIENTED_EDGE('',*,*,#1841,.F.);
#1014=ORIENTED_EDGE('',*,*,#1842,.F.);
#1015=ORIENTED_EDGE('',*,*,#1843,.F.);
#1016=ORIENTED_EDGE('',*,*,#1844,.F.);
#1017=ORIENTED_EDGE('',*,*,#1845,.F.);
#1018=ORIENTED_EDGE('',*,*,#1846,.F.);
#1019=ORIENTED_EDGE('',*,*,#1847,.F.);
#1020=ORIENTED_EDGE('',*,*,#1848,.F.);
#1021=ORIENTED_EDGE('',*,*,#1849,.F.);
#1022=ORIENTED_EDGE('',*,*,#1850,.F.);
#1023=ORIENTED_EDGE('',*,*,#1851,.F.);
#1024=ORIENTED_EDGE('',*,*,#1852,.F.);
#1025=ORIENTED_EDGE('',*,*,#1853,.F.);
#1026=ORIENTED_EDGE('',*,*,#1854,.F.);
#1027=ORIENTED_EDGE('',*,*,#1855,.F.);
#1028=ORIENTED_EDGE('',*,*,#1454,.F.);
#1029=ORIENTED_EDGE('',*,*,#1856,.T.);
#1030=ORIENTED_EDGE('',*,*,#1448,.F.);
#1031=ORIENTED_EDGE('',*,*,#1857,.T.);
#1032=ORIENTED_EDGE('',*,*,#1444,.T.);
#1033=ORIENTED_EDGE('',*,*,#1858,.T.);
#1034=ORIENTED_EDGE('',*,*,#1456,.T.);
#1035=ORIENTED_EDGE('',*,*,#1859,.T.);
#1036=ORIENTED_EDGE('',*,*,#1656,.F.);
#1037=ORIENTED_EDGE('',*,*,#1449,.F.);
#1038=ORIENTED_EDGE('',*,*,#1856,.F.);
#1039=ORIENTED_EDGE('',*,*,#1453,.F.);
#1040=ORIENTED_EDGE('',*,*,#1659,.F.);
#1041=ORIENTED_EDGE('',*,*,#1445,.F.);
#1042=ORIENTED_EDGE('',*,*,#1857,.F.);
#1043=ORIENTED_EDGE('',*,*,#1451,.F.);
#1044=ORIENTED_EDGE('',*,*,#1658,.F.);
#1045=ORIENTED_EDGE('',*,*,#1457,.F.);
#1046=ORIENTED_EDGE('',*,*,#1858,.F.);
#1047=ORIENTED_EDGE('',*,*,#1447,.F.);
#1048=ORIENTED_EDGE('',*,*,#1657,.F.);
#1049=ORIENTED_EDGE('',*,*,#1455,.F.);
#1050=ORIENTED_EDGE('',*,*,#1859,.F.);
#1051=ORIENTED_EDGE('',*,*,#1459,.F.);
#1052=ORIENTED_EDGE('',*,*,#1855,.T.);
#1053=ORIENTED_EDGE('',*,*,#1655,.T.);
#1054=ORIENTED_EDGE('',*,*,#1854,.T.);
#1055=ORIENTED_EDGE('',*,*,#1654,.T.);
#1056=ORIENTED_EDGE('',*,*,#1853,.T.);
#1057=ORIENTED_EDGE('',*,*,#1653,.T.);
#1058=ORIENTED_EDGE('',*,*,#1852,.T.);
#1059=ORIENTED_EDGE('',*,*,#1652,.T.);
#1060=ORIENTED_EDGE('',*,*,#1851,.T.);
#1061=ORIENTED_EDGE('',*,*,#1651,.T.);
#1062=ORIENTED_EDGE('',*,*,#1850,.T.);
#1063=ORIENTED_EDGE('',*,*,#1650,.T.);
#1064=ORIENTED_EDGE('',*,*,#1849,.T.);
#1065=ORIENTED_EDGE('',*,*,#1649,.T.);
#1066=ORIENTED_EDGE('',*,*,#1848,.T.);
#1067=ORIENTED_EDGE('',*,*,#1648,.T.);
#1068=ORIENTED_EDGE('',*,*,#1847,.T.);
#1069=ORIENTED_EDGE('',*,*,#1647,.T.);
#1070=ORIENTED_EDGE('',*,*,#1846,.T.);
#1071=ORIENTED_EDGE('',*,*,#1646,.T.);
#1072=ORIENTED_EDGE('',*,*,#1845,.T.);
#1073=ORIENTED_EDGE('',*,*,#1645,.T.);
#1074=ORIENTED_EDGE('',*,*,#1844,.T.);
#1075=ORIENTED_EDGE('',*,*,#1644,.T.);
#1076=ORIENTED_EDGE('',*,*,#1843,.T.);
#1077=ORIENTED_EDGE('',*,*,#1643,.T.);
#1078=ORIENTED_EDGE('',*,*,#1842,.T.);
#1079=ORIENTED_EDGE('',*,*,#1642,.T.);
#1080=ORIENTED_EDGE('',*,*,#1841,.T.);
#1081=ORIENTED_EDGE('',*,*,#1641,.T.);
#1082=ORIENTED_EDGE('',*,*,#1840,.T.);
#1083=ORIENTED_EDGE('',*,*,#1640,.T.);
#1084=ORIENTED_EDGE('',*,*,#1839,.T.);
#1085=ORIENTED_EDGE('',*,*,#1639,.T.);
#1086=ORIENTED_EDGE('',*,*,#1838,.T.);
#1087=ORIENTED_EDGE('',*,*,#1638,.T.);
#1088=ORIENTED_EDGE('',*,*,#1837,.T.);
#1089=ORIENTED_EDGE('',*,*,#1637,.T.);
#1090=ORIENTED_EDGE('',*,*,#1836,.T.);
#1091=ORIENTED_EDGE('',*,*,#1636,.T.);
#1092=ORIENTED_EDGE('',*,*,#1835,.T.);
#1093=ORIENTED_EDGE('',*,*,#1635,.T.);
#1094=ORIENTED_EDGE('',*,*,#1834,.T.);
#1095=ORIENTED_EDGE('',*,*,#1634,.T.);
#1096=ORIENTED_EDGE('',*,*,#1833,.T.);
#1097=ORIENTED_EDGE('',*,*,#1633,.T.);
#1098=ORIENTED_EDGE('',*,*,#1832,.T.);
#1099=ORIENTED_EDGE('',*,*,#1632,.T.);
#1100=ORIENTED_EDGE('',*,*,#1831,.T.);
#1101=ORIENTED_EDGE('',*,*,#1631,.T.);
#1102=ORIENTED_EDGE('',*,*,#1830,.T.);
#1103=ORIENTED_EDGE('',*,*,#1630,.T.);
#1104=ORIENTED_EDGE('',*,*,#1829,.T.);
#1105=ORIENTED_EDGE('',*,*,#1629,.T.);
#1106=ORIENTED_EDGE('',*,*,#1828,.T.);
#1107=ORIENTED_EDGE('',*,*,#1628,.T.);
#1108=ORIENTED_EDGE('',*,*,#1827,.T.);
#1109=ORIENTED_EDGE('',*,*,#1627,.T.);
#1110=ORIENTED_EDGE('',*,*,#1826,.T.);
#1111=ORIENTED_EDGE('',*,*,#1626,.T.);
#1112=ORIENTED_EDGE('',*,*,#1825,.T.);
#1113=ORIENTED_EDGE('',*,*,#1625,.T.);
#1114=ORIENTED_EDGE('',*,*,#1824,.T.);
#1115=ORIENTED_EDGE('',*,*,#1624,.T.);
#1116=ORIENTED_EDGE('',*,*,#1823,.T.);
#1117=ORIENTED_EDGE('',*,*,#1623,.T.);
#1118=ORIENTED_EDGE('',*,*,#1822,.T.);
#1119=ORIENTED_EDGE('',*,*,#1622,.T.);
#1120=ORIENTED_EDGE('',*,*,#1821,.T.);
#1121=ORIENTED_EDGE('',*,*,#1621,.T.);
#1122=ORIENTED_EDGE('',*,*,#1820,.T.);
#1123=ORIENTED_EDGE('',*,*,#1620,.T.);
#1124=ORIENTED_EDGE('',*,*,#1819,.T.);
#1125=ORIENTED_EDGE('',*,*,#1619,.T.);
#1126=ORIENTED_EDGE('',*,*,#1818,.T.);
#1127=ORIENTED_EDGE('',*,*,#1618,.T.);
#1128=ORIENTED_EDGE('',*,*,#1817,.T.);
#1129=ORIENTED_EDGE('',*,*,#1617,.T.);
#1130=ORIENTED_EDGE('',*,*,#1816,.T.);
#1131=ORIENTED_EDGE('',*,*,#1616,.T.);
#1132=ORIENTED_EDGE('',*,*,#1815,.T.);
#1133=ORIENTED_EDGE('',*,*,#1615,.T.);
#1134=ORIENTED_EDGE('',*,*,#1814,.T.);
#1135=ORIENTED_EDGE('',*,*,#1614,.T.);
#1136=ORIENTED_EDGE('',*,*,#1813,.T.);
#1137=ORIENTED_EDGE('',*,*,#1613,.T.);
#1138=ORIENTED_EDGE('',*,*,#1812,.T.);
#1139=ORIENTED_EDGE('',*,*,#1612,.T.);
#1140=ORIENTED_EDGE('',*,*,#1811,.T.);
#1141=ORIENTED_EDGE('',*,*,#1611,.T.);
#1142=ORIENTED_EDGE('',*,*,#1810,.T.);
#1143=ORIENTED_EDGE('',*,*,#1610,.T.);
#1144=ORIENTED_EDGE('',*,*,#1809,.T.);
#1145=ORIENTED_EDGE('',*,*,#1609,.T.);
#1146=ORIENTED_EDGE('',*,*,#1808,.T.);
#1147=ORIENTED_EDGE('',*,*,#1608,.T.);
#1148=ORIENTED_EDGE('',*,*,#1807,.T.);
#1149=ORIENTED_EDGE('',*,*,#1607,.T.);
#1150=ORIENTED_EDGE('',*,*,#1806,.T.);
#1151=ORIENTED_EDGE('',*,*,#1606,.T.);
#1152=ORIENTED_EDGE('',*,*,#1805,.T.);
#1153=ORIENTED_EDGE('',*,*,#1605,.T.);
#1154=ORIENTED_EDGE('',*,*,#1804,.T.);
#1155=ORIENTED_EDGE('',*,*,#1604,.T.);
#1156=ORIENTED_EDGE('',*,*,#1803,.T.);
#1157=ORIENTED_EDGE('',*,*,#1603,.T.);
#1158=ORIENTED_EDGE('',*,*,#1802,.T.);
#1159=ORIENTED_EDGE('',*,*,#1602,.T.);
#1160=ORIENTED_EDGE('',*,*,#1801,.T.);
#1161=ORIENTED_EDGE('',*,*,#1601,.T.);
#1162=ORIENTED_EDGE('',*,*,#1800,.T.);
#1163=ORIENTED_EDGE('',*,*,#1600,.T.);
#1164=ORIENTED_EDGE('',*,*,#1799,.T.);
#1165=ORIENTED_EDGE('',*,*,#1599,.T.);
#1166=ORIENTED_EDGE('',*,*,#1798,.T.);
#1167=ORIENTED_EDGE('',*,*,#1598,.T.);
#1168=ORIENTED_EDGE('',*,*,#1797,.T.);
#1169=ORIENTED_EDGE('',*,*,#1597,.T.);
#1170=ORIENTED_EDGE('',*,*,#1796,.T.);
#1171=ORIENTED_EDGE('',*,*,#1596,.T.);
#1172=ORIENTED_EDGE('',*,*,#1795,.T.);
#1173=ORIENTED_EDGE('',*,*,#1595,.T.);
#1174=ORIENTED_EDGE('',*,*,#1794,.T.);
#1175=ORIENTED_EDGE('',*,*,#1594,.T.);
#1176=ORIENTED_EDGE('',*,*,#1793,.T.);
#1177=ORIENTED_EDGE('',*,*,#1593,.T.);
#1178=ORIENTED_EDGE('',*,*,#1792,.T.);
#1179=ORIENTED_EDGE('',*,*,#1592,.T.);
#1180=ORIENTED_EDGE('',*,*,#1791,.T.);
#1181=ORIENTED_EDGE('',*,*,#1591,.T.);
#1182=ORIENTED_EDGE('',*,*,#1790,.T.);
#1183=ORIENTED_EDGE('',*,*,#1590,.T.);
#1184=ORIENTED_EDGE('',*,*,#1789,.T.);
#1185=ORIENTED_EDGE('',*,*,#1589,.T.);
#1186=ORIENTED_EDGE('',*,*,#1788,.T.);
#1187=ORIENTED_EDGE('',*,*,#1588,.T.);
#1188=ORIENTED_EDGE('',*,*,#1787,.T.);
#1189=ORIENTED_EDGE('',*,*,#1587,.T.);
#1190=ORIENTED_EDGE('',*,*,#1786,.T.);
#1191=ORIENTED_EDGE('',*,*,#1586,.T.);
#1192=ORIENTED_EDGE('',*,*,#1785,.T.);
#1193=ORIENTED_EDGE('',*,*,#1585,.T.);
#1194=ORIENTED_EDGE('',*,*,#1784,.T.);
#1195=ORIENTED_EDGE('',*,*,#1584,.T.);
#1196=ORIENTED_EDGE('',*,*,#1783,.T.);
#1197=ORIENTED_EDGE('',*,*,#1583,.T.);
#1198=ORIENTED_EDGE('',*,*,#1782,.T.);
#1199=ORIENTED_EDGE('',*,*,#1582,.T.);
#1200=ORIENTED_EDGE('',*,*,#1781,.T.);
#1201=ORIENTED_EDGE('',*,*,#1581,.T.);
#1202=ORIENTED_EDGE('',*,*,#1780,.T.);
#1203=ORIENTED_EDGE('',*,*,#1580,.T.);
#1204=ORIENTED_EDGE('',*,*,#1779,.T.);
#1205=ORIENTED_EDGE('',*,*,#1579,.T.);
#1206=ORIENTED_EDGE('',*,*,#1778,.T.);
#1207=ORIENTED_EDGE('',*,*,#1578,.T.);
#1208=ORIENTED_EDGE('',*,*,#1777,.T.);
#1209=ORIENTED_EDGE('',*,*,#1577,.T.);
#1210=ORIENTED_EDGE('',*,*,#1776,.T.);
#1211=ORIENTED_EDGE('',*,*,#1576,.T.);
#1212=ORIENTED_EDGE('',*,*,#1775,.T.);
#1213=ORIENTED_EDGE('',*,*,#1575,.T.);
#1214=ORIENTED_EDGE('',*,*,#1774,.T.);
#1215=ORIENTED_EDGE('',*,*,#1574,.T.);
#1216=ORIENTED_EDGE('',*,*,#1773,.T.);
#1217=ORIENTED_EDGE('',*,*,#1573,.T.);
#1218=ORIENTED_EDGE('',*,*,#1772,.T.);
#1219=ORIENTED_EDGE('',*,*,#1572,.T.);
#1220=ORIENTED_EDGE('',*,*,#1771,.T.);
#1221=ORIENTED_EDGE('',*,*,#1571,.T.);
#1222=ORIENTED_EDGE('',*,*,#1770,.T.);
#1223=ORIENTED_EDGE('',*,*,#1570,.T.);
#1224=ORIENTED_EDGE('',*,*,#1769,.T.);
#1225=ORIENTED_EDGE('',*,*,#1569,.T.);
#1226=ORIENTED_EDGE('',*,*,#1768,.T.);
#1227=ORIENTED_EDGE('',*,*,#1568,.T.);
#1228=ORIENTED_EDGE('',*,*,#1767,.T.);
#1229=ORIENTED_EDGE('',*,*,#1567,.T.);
#1230=ORIENTED_EDGE('',*,*,#1766,.T.);
#1231=ORIENTED_EDGE('',*,*,#1566,.T.);
#1232=ORIENTED_EDGE('',*,*,#1765,.T.);
#1233=ORIENTED_EDGE('',*,*,#1565,.T.);
#1234=ORIENTED_EDGE('',*,*,#1764,.T.);
#1235=ORIENTED_EDGE('',*,*,#1564,.T.);
#1236=ORIENTED_EDGE('',*,*,#1763,.T.);
#1237=ORIENTED_EDGE('',*,*,#1563,.T.);
#1238=ORIENTED_EDGE('',*,*,#1762,.T.);
#1239=ORIENTED_EDGE('',*,*,#1562,.T.);
#1240=ORIENTED_EDGE('',*,*,#1761,.T.);
#1241=ORIENTED_EDGE('',*,*,#1561,.T.);
#1242=ORIENTED_EDGE('',*,*,#1760,.T.);
#1243=ORIENTED_EDGE('',*,*,#1560,.T.);
#1244=ORIENTED_EDGE('',*,*,#1759,.T.);
#1245=ORIENTED_EDGE('',*,*,#1559,.T.);
#1246=ORIENTED_EDGE('',*,*,#1758,.T.);
#1247=ORIENTED_EDGE('',*,*,#1558,.T.);
#1248=ORIENTED_EDGE('',*,*,#1757,.T.);
#1249=ORIENTED_EDGE('',*,*,#1557,.T.);
#1250=ORIENTED_EDGE('',*,*,#1756,.T.);
#1251=ORIENTED_EDGE('',*,*,#1556,.T.);
#1252=ORIENTED_EDGE('',*,*,#1755,.T.);
#1253=ORIENTED_EDGE('',*,*,#1555,.T.);
#1254=ORIENTED_EDGE('',*,*,#1754,.T.);
#1255=ORIENTED_EDGE('',*,*,#1554,.T.);
#1256=ORIENTED_EDGE('',*,*,#1753,.T.);
#1257=ORIENTED_EDGE('',*,*,#1553,.T.);
#1258=ORIENTED_EDGE('',*,*,#1752,.T.);
#1259=ORIENTED_EDGE('',*,*,#1552,.T.);
#1260=ORIENTED_EDGE('',*,*,#1751,.T.);
#1261=ORIENTED_EDGE('',*,*,#1551,.T.);
#1262=ORIENTED_EDGE('',*,*,#1750,.T.);
#1263=ORIENTED_EDGE('',*,*,#1550,.T.);
#1264=ORIENTED_EDGE('',*,*,#1749,.T.);
#1265=ORIENTED_EDGE('',*,*,#1549,.T.);
#1266=ORIENTED_EDGE('',*,*,#1748,.T.);
#1267=ORIENTED_EDGE('',*,*,#1548,.T.);
#1268=ORIENTED_EDGE('',*,*,#1747,.T.);
#1269=ORIENTED_EDGE('',*,*,#1547,.T.);
#1270=ORIENTED_EDGE('',*,*,#1746,.T.);
#1271=ORIENTED_EDGE('',*,*,#1546,.T.);
#1272=ORIENTED_EDGE('',*,*,#1745,.T.);
#1273=ORIENTED_EDGE('',*,*,#1545,.T.);
#1274=ORIENTED_EDGE('',*,*,#1744,.T.);
#1275=ORIENTED_EDGE('',*,*,#1544,.T.);
#1276=ORIENTED_EDGE('',*,*,#1743,.T.);
#1277=ORIENTED_EDGE('',*,*,#1543,.T.);
#1278=ORIENTED_EDGE('',*,*,#1742,.T.);
#1279=ORIENTED_EDGE('',*,*,#1542,.T.);
#1280=ORIENTED_EDGE('',*,*,#1741,.T.);
#1281=ORIENTED_EDGE('',*,*,#1541,.T.);
#1282=ORIENTED_EDGE('',*,*,#1740,.T.);
#1283=ORIENTED_EDGE('',*,*,#1540,.T.);
#1284=ORIENTED_EDGE('',*,*,#1739,.T.);
#1285=ORIENTED_EDGE('',*,*,#1539,.T.);
#1286=ORIENTED_EDGE('',*,*,#1738,.T.);
#1287=ORIENTED_EDGE('',*,*,#1538,.T.);
#1288=ORIENTED_EDGE('',*,*,#1737,.T.);
#1289=ORIENTED_EDGE('',*,*,#1537,.T.);
#1290=ORIENTED_EDGE('',*,*,#1736,.T.);
#1291=ORIENTED_EDGE('',*,*,#1536,.T.);
#1292=ORIENTED_EDGE('',*,*,#1735,.T.);
#1293=ORIENTED_EDGE('',*,*,#1535,.T.);
#1294=ORIENTED_EDGE('',*,*,#1734,.T.);
#1295=ORIENTED_EDGE('',*,*,#1534,.T.);
#1296=ORIENTED_EDGE('',*,*,#1733,.T.);
#1297=ORIENTED_EDGE('',*,*,#1533,.T.);
#1298=ORIENTED_EDGE('',*,*,#1732,.T.);
#1299=ORIENTED_EDGE('',*,*,#1532,.T.);
#1300=ORIENTED_EDGE('',*,*,#1731,.T.);
#1301=ORIENTED_EDGE('',*,*,#1531,.T.);
#1302=ORIENTED_EDGE('',*,*,#1730,.T.);
#1303=ORIENTED_EDGE('',*,*,#1530,.T.);
#1304=ORIENTED_EDGE('',*,*,#1729,.T.);
#1305=ORIENTED_EDGE('',*,*,#1529,.T.);
#1306=ORIENTED_EDGE('',*,*,#1728,.T.);
#1307=ORIENTED_EDGE('',*,*,#1528,.T.);
#1308=ORIENTED_EDGE('',*,*,#1727,.T.);
#1309=ORIENTED_EDGE('',*,*,#1527,.T.);
#1310=ORIENTED_EDGE('',*,*,#1726,.T.);
#1311=ORIENTED_EDGE('',*,*,#1526,.T.);
#1312=ORIENTED_EDGE('',*,*,#1725,.T.);
#1313=ORIENTED_EDGE('',*,*,#1525,.T.);
#1314=ORIENTED_EDGE('',*,*,#1724,.T.);
#1315=ORIENTED_EDGE('',*,*,#1524,.T.);
#1316=ORIENTED_EDGE('',*,*,#1723,.T.);
#1317=ORIENTED_EDGE('',*,*,#1523,.T.);
#1318=ORIENTED_EDGE('',*,*,#1722,.T.);
#1319=ORIENTED_EDGE('',*,*,#1522,.T.);
#1320=ORIENTED_EDGE('',*,*,#1721,.T.);
#1321=ORIENTED_EDGE('',*,*,#1521,.T.);
#1322=ORIENTED_EDGE('',*,*,#1720,.T.);
#1323=ORIENTED_EDGE('',*,*,#1520,.T.);
#1324=ORIENTED_EDGE('',*,*,#1719,.T.);
#1325=ORIENTED_EDGE('',*,*,#1519,.T.);
#1326=ORIENTED_EDGE('',*,*,#1718,.T.);
#1327=ORIENTED_EDGE('',*,*,#1518,.T.);
#1328=ORIENTED_EDGE('',*,*,#1717,.T.);
#1329=ORIENTED_EDGE('',*,*,#1517,.T.);
#1330=ORIENTED_EDGE('',*,*,#1716,.T.);
#1331=ORIENTED_EDGE('',*,*,#1516,.T.);
#1332=ORIENTED_EDGE('',*,*,#1715,.T.);
#1333=ORIENTED_EDGE('',*,*,#1515,.T.);
#1334=ORIENTED_EDGE('',*,*,#1714,.T.);
#1335=ORIENTED_EDGE('',*,*,#1514,.T.);
#1336=ORIENTED_EDGE('',*,*,#1713,.T.);
#1337=ORIENTED_EDGE('',*,*,#1513,.T.);
#1338=ORIENTED_EDGE('',*,*,#1712,.T.);
#1339=ORIENTED_EDGE('',*,*,#1512,.T.);
#1340=ORIENTED_EDGE('',*,*,#1711,.T.);
#1341=ORIENTED_EDGE('',*,*,#1511,.T.);
#1342=ORIENTED_EDGE('',*,*,#1710,.T.);
#1343=ORIENTED_EDGE('',*,*,#1510,.T.);
#1344=ORIENTED_EDGE('',*,*,#1709,.T.);
#1345=ORIENTED_EDGE('',*,*,#1509,.T.);
#1346=ORIENTED_EDGE('',*,*,#1708,.T.);
#1347=ORIENTED_EDGE('',*,*,#1508,.T.);
#1348=ORIENTED_EDGE('',*,*,#1707,.T.);
#1349=ORIENTED_EDGE('',*,*,#1507,.T.);
#1350=ORIENTED_EDGE('',*,*,#1706,.T.);
#1351=ORIENTED_EDGE('',*,*,#1506,.T.);
#1352=ORIENTED_EDGE('',*,*,#1705,.T.);
#1353=ORIENTED_EDGE('',*,*,#1505,.T.);
#1354=ORIENTED_EDGE('',*,*,#1704,.T.);
#1355=ORIENTED_EDGE('',*,*,#1504,.T.);
#1356=ORIENTED_EDGE('',*,*,#1703,.T.);
#1357=ORIENTED_EDGE('',*,*,#1503,.T.);
#1358=ORIENTED_EDGE('',*,*,#1702,.T.);
#1359=ORIENTED_EDGE('',*,*,#1502,.T.);
#1360=ORIENTED_EDGE('',*,*,#1701,.T.);
#1361=ORIENTED_EDGE('',*,*,#1501,.T.);
#1362=ORIENTED_EDGE('',*,*,#1700,.T.);
#1363=ORIENTED_EDGE('',*,*,#1500,.T.);
#1364=ORIENTED_EDGE('',*,*,#1699,.T.);
#1365=ORIENTED_EDGE('',*,*,#1499,.T.);
#1366=ORIENTED_EDGE('',*,*,#1698,.T.);
#1367=ORIENTED_EDGE('',*,*,#1498,.T.);
#1368=ORIENTED_EDGE('',*,*,#1697,.T.);
#1369=ORIENTED_EDGE('',*,*,#1497,.T.);
#1370=ORIENTED_EDGE('',*,*,#1696,.T.);
#1371=ORIENTED_EDGE('',*,*,#1496,.T.);
#1372=ORIENTED_EDGE('',*,*,#1695,.T.);
#1373=ORIENTED_EDGE('',*,*,#1495,.T.);
#1374=ORIENTED_EDGE('',*,*,#1694,.T.);
#1375=ORIENTED_EDGE('',*,*,#1494,.T.);
#1376=ORIENTED_EDGE('',*,*,#1693,.T.);
#1377=ORIENTED_EDGE('',*,*,#1493,.T.);
#1378=ORIENTED_EDGE('',*,*,#1692,.T.);
#1379=ORIENTED_EDGE('',*,*,#1492,.T.);
#1380=ORIENTED_EDGE('',*,*,#1691,.T.);
#1381=ORIENTED_EDGE('',*,*,#1491,.T.);
#1382=ORIENTED_EDGE('',*,*,#1690,.T.);
#1383=ORIENTED_EDGE('',*,*,#1490,.T.);
#1384=ORIENTED_EDGE('',*,*,#1689,.T.);
#1385=ORIENTED_EDGE('',*,*,#1489,.T.);
#1386=ORIENTED_EDGE('',*,*,#1688,.T.);
#1387=ORIENTED_EDGE('',*,*,#1488,.T.);
#1388=ORIENTED_EDGE('',*,*,#1687,.T.);
#1389=ORIENTED_EDGE('',*,*,#1487,.T.);
#1390=ORIENTED_EDGE('',*,*,#1686,.T.);
#1391=ORIENTED_EDGE('',*,*,#1486,.T.);
#1392=ORIENTED_EDGE('',*,*,#1685,.T.);
#1393=ORIENTED_EDGE('',*,*,#1485,.T.);
#1394=ORIENTED_EDGE('',*,*,#1684,.T.);
#1395=ORIENTED_EDGE('',*,*,#1484,.T.);
#1396=ORIENTED_EDGE('',*,*,#1683,.T.);
#1397=ORIENTED_EDGE('',*,*,#1483,.T.);
#1398=ORIENTED_EDGE('',*,*,#1682,.T.);
#1399=ORIENTED_EDGE('',*,*,#1482,.T.);
#1400=ORIENTED_EDGE('',*,*,#1681,.T.);
#1401=ORIENTED_EDGE('',*,*,#1481,.T.);
#1402=ORIENTED_EDGE('',*,*,#1680,.T.);
#1403=ORIENTED_EDGE('',*,*,#1480,.T.);
#1404=ORIENTED_EDGE('',*,*,#1679,.T.);
#1405=ORIENTED_EDGE('',*,*,#1479,.T.);
#1406=ORIENTED_EDGE('',*,*,#1678,.T.);
#1407=ORIENTED_EDGE('',*,*,#1478,.T.);
#1408=ORIENTED_EDGE('',*,*,#1677,.T.);
#1409=ORIENTED_EDGE('',*,*,#1477,.T.);
#1410=ORIENTED_EDGE('',*,*,#1676,.T.);
#1411=ORIENTED_EDGE('',*,*,#1476,.T.);
#1412=ORIENTED_EDGE('',*,*,#1675,.T.);
#1413=ORIENTED_EDGE('',*,*,#1475,.T.);
#1414=ORIENTED_EDGE('',*,*,#1674,.T.);
#1415=ORIENTED_EDGE('',*,*,#1474,.T.);
#1416=ORIENTED_EDGE('',*,*,#1673,.T.);
#1417=ORIENTED_EDGE('',*,*,#1473,.T.);
#1418=ORIENTED_EDGE('',*,*,#1672,.T.);
#1419=ORIENTED_EDGE('',*,*,#1472,.T.);
#1420=ORIENTED_EDGE('',*,*,#1671,.T.);
#1421=ORIENTED_EDGE('',*,*,#1471,.T.);
#1422=ORIENTED_EDGE('',*,*,#1670,.T.);
#1423=ORIENTED_EDGE('',*,*,#1470,.T.);
#1424=ORIENTED_EDGE('',*,*,#1669,.T.);
#1425=ORIENTED_EDGE('',*,*,#1469,.T.);
#1426=ORIENTED_EDGE('',*,*,#1668,.T.);
#1427=ORIENTED_EDGE('',*,*,#1468,.T.);
#1428=ORIENTED_EDGE('',*,*,#1667,.T.);
#1429=ORIENTED_EDGE('',*,*,#1467,.T.);
#1430=ORIENTED_EDGE('',*,*,#1666,.T.);
#1431=ORIENTED_EDGE('',*,*,#1466,.T.);
#1432=ORIENTED_EDGE('',*,*,#1665,.T.);
#1433=ORIENTED_EDGE('',*,*,#1465,.T.);
#1434=ORIENTED_EDGE('',*,*,#1664,.T.);
#1435=ORIENTED_EDGE('',*,*,#1464,.T.);
#1436=ORIENTED_EDGE('',*,*,#1663,.T.);
#1437=ORIENTED_EDGE('',*,*,#1463,.T.);
#1438=ORIENTED_EDGE('',*,*,#1662,.T.);
#1439=ORIENTED_EDGE('',*,*,#1462,.T.);
#1440=ORIENTED_EDGE('',*,*,#1661,.T.);
#1441=ORIENTED_EDGE('',*,*,#1461,.T.);
#1442=ORIENTED_EDGE('',*,*,#1660,.T.);
#1443=ORIENTED_EDGE('',*,*,#1460,.T.);
#1444=EDGE_CURVE('',#1860,#1861,#2268,.T.);
#1445=EDGE_CURVE('',#1860,#1862,#2269,.F.);
#1446=EDGE_CURVE('',#1862,#1863,#2270,.T.);
#1447=EDGE_CURVE('',#1863,#1861,#2271,.T.);
#1448=EDGE_CURVE('',#1864,#1865,#2272,.T.);
#1449=EDGE_CURVE('',#1865,#1866,#2273,.F.);
#1450=EDGE_CURVE('',#1867,#1866,#2274,.T.);
#1451=EDGE_CURVE('',#1867,#1864,#2275,.T.);
#1452=EDGE_CURVE('',#1868,#1869,#2276,.T.);
#1453=EDGE_CURVE('',#1868,#1870,#2277,.T.);
#1454=EDGE_CURVE('',#1870,#1871,#2278,.T.);
#1455=EDGE_CURVE('',#1871,#1869,#2279,.F.);
#1456=EDGE_CURVE('',#1872,#1873,#2280,.T.);
#1457=EDGE_CURVE('',#1872,#1874,#2281,.F.);
#1458=EDGE_CURVE('',#1874,#1875,#2282,.T.);
#1459=EDGE_CURVE('',#1875,#1873,#2283,.T.);
#1460=EDGE_CURVE('',#1876,#1876,#212,.T.);
#1461=EDGE_CURVE('',#1877,#1877,#213,.T.);
#1462=EDGE_CURVE('',#1878,#1878,#214,.T.);
#1463=EDGE_CURVE('',#1879,#1879,#215,.T.);
#1464=EDGE_CURVE('',#1880,#1880,#216,.T.);
#1465=EDGE_CURVE('',#1881,#1881,#217,.T.);
#1466=EDGE_CURVE('',#1882,#1882,#218,.T.);
#1467=EDGE_CURVE('',#1883,#1883,#219,.T.);
#1468=EDGE_CURVE('',#1884,#1884,#220,.T.);
#1469=EDGE_CURVE('',#1885,#1885,#221,.T.);
#1470=EDGE_CURVE('',#1886,#1886,#222,.T.);
#1471=EDGE_CURVE('',#1887,#1887,#223,.T.);
#1472=EDGE_CURVE('',#1888,#1888,#224,.T.);
#1473=EDGE_CURVE('',#1889,#1889,#225,.T.);
#1474=EDGE_CURVE('',#1890,#1890,#226,.T.);
#1475=EDGE_CURVE('',#1891,#1891,#227,.T.);
#1476=EDGE_CURVE('',#1892,#1892,#228,.T.);
#1477=EDGE_CURVE('',#1893,#1893,#229,.T.);
#1478=EDGE_CURVE('',#1894,#1894,#230,.T.);
#1479=EDGE_CURVE('',#1895,#1895,#231,.T.);
#1480=EDGE_CURVE('',#1896,#1896,#232,.T.);
#1481=EDGE_CURVE('',#1897,#1897,#233,.T.);
#1482=EDGE_CURVE('',#1898,#1898,#234,.T.);
#1483=EDGE_CURVE('',#1899,#1899,#235,.T.);
#1484=EDGE_CURVE('',#1900,#1900,#236,.T.);
#1485=EDGE_CURVE('',#1901,#1901,#237,.T.);
#1486=EDGE_CURVE('',#1902,#1902,#238,.T.);
#1487=EDGE_CURVE('',#1903,#1903,#239,.T.);
#1488=EDGE_CURVE('',#1904,#1904,#240,.T.);
#1489=EDGE_CURVE('',#1905,#1905,#241,.T.);
#1490=EDGE_CURVE('',#1906,#1906,#242,.T.);
#1491=EDGE_CURVE('',#1907,#1907,#243,.T.);
#1492=EDGE_CURVE('',#1908,#1908,#244,.T.);
#1493=EDGE_CURVE('',#1909,#1909,#245,.T.);
#1494=EDGE_CURVE('',#1910,#1910,#246,.T.);
#1495=EDGE_CURVE('',#1911,#1911,#247,.T.);
#1496=EDGE_CURVE('',#1912,#1912,#248,.T.);
#1497=EDGE_CURVE('',#1913,#1913,#249,.T.);
#1498=EDGE_CURVE('',#1914,#1914,#250,.T.);
#1499=EDGE_CURVE('',#1915,#1915,#251,.T.);
#1500=EDGE_CURVE('',#1916,#1916,#252,.T.);
#1501=EDGE_CURVE('',#1917,#1917,#253,.T.);
#1502=EDGE_CURVE('',#1918,#1918,#254,.T.);
#1503=EDGE_CURVE('',#1919,#1919,#255,.T.);
#1504=EDGE_CURVE('',#1920,#1920,#256,.T.);
#1505=EDGE_CURVE('',#1921,#1921,#257,.T.);
#1506=EDGE_CURVE('',#1922,#1922,#258,.T.);
#1507=EDGE_CURVE('',#1923,#1923,#259,.T.);
#1508=EDGE_CURVE('',#1924,#1924,#260,.T.);
#1509=EDGE_CURVE('',#1925,#1925,#261,.T.);
#1510=EDGE_CURVE('',#1926,#1926,#262,.T.);
#1511=EDGE_CURVE('',#1927,#1927,#263,.T.);
#1512=EDGE_CURVE('',#1928,#1928,#264,.T.);
#1513=EDGE_CURVE('',#1929,#1929,#265,.T.);
#1514=EDGE_CURVE('',#1930,#1930,#266,.T.);
#1515=EDGE_CURVE('',#1931,#1931,#267,.T.);
#1516=EDGE_CURVE('',#1932,#1932,#268,.T.);
#1517=EDGE_CURVE('',#1933,#1933,#269,.T.);
#1518=EDGE_CURVE('',#1934,#1934,#270,.T.);
#1519=EDGE_CURVE('',#1935,#1935,#271,.T.);
#1520=EDGE_CURVE('',#1936,#1936,#272,.T.);
#1521=EDGE_CURVE('',#1937,#1937,#273,.T.);
#1522=EDGE_CURVE('',#1938,#1938,#274,.T.);
#1523=EDGE_CURVE('',#1939,#1939,#275,.T.);
#1524=EDGE_CURVE('',#1940,#1940,#276,.T.);
#1525=EDGE_CURVE('',#1941,#1941,#277,.T.);
#1526=EDGE_CURVE('',#1942,#1942,#278,.T.);
#1527=EDGE_CURVE('',#1943,#1943,#279,.T.);
#1528=EDGE_CURVE('',#1944,#1944,#280,.T.);
#1529=EDGE_CURVE('',#1945,#1945,#281,.T.);
#1530=EDGE_CURVE('',#1946,#1946,#282,.T.);
#1531=EDGE_CURVE('',#1947,#1947,#283,.T.);
#1532=EDGE_CURVE('',#1948,#1948,#284,.T.);
#1533=EDGE_CURVE('',#1949,#1949,#285,.T.);
#1534=EDGE_CURVE('',#1950,#1950,#286,.T.);
#1535=EDGE_CURVE('',#1951,#1951,#287,.T.);
#1536=EDGE_CURVE('',#1952,#1952,#288,.T.);
#1537=EDGE_CURVE('',#1953,#1953,#289,.T.);
#1538=EDGE_CURVE('',#1954,#1954,#290,.T.);
#1539=EDGE_CURVE('',#1955,#1955,#291,.T.);
#1540=EDGE_CURVE('',#1956,#1956,#292,.T.);
#1541=EDGE_CURVE('',#1957,#1957,#293,.T.);
#1542=EDGE_CURVE('',#1958,#1958,#294,.T.);
#1543=EDGE_CURVE('',#1959,#1959,#295,.T.);
#1544=EDGE_CURVE('',#1960,#1960,#296,.T.);
#1545=EDGE_CURVE('',#1961,#1961,#297,.T.);
#1546=EDGE_CURVE('',#1962,#1962,#298,.T.);
#1547=EDGE_CURVE('',#1963,#1963,#299,.T.);
#1548=EDGE_CURVE('',#1964,#1964,#300,.T.);
#1549=EDGE_CURVE('',#1965,#1965,#301,.T.);
#1550=EDGE_CURVE('',#1966,#1966,#302,.T.);
#1551=EDGE_CURVE('',#1967,#1967,#303,.T.);
#1552=EDGE_CURVE('',#1968,#1968,#304,.T.);
#1553=EDGE_CURVE('',#1969,#1969,#305,.T.);
#1554=EDGE_CURVE('',#1970,#1970,#306,.T.);
#1555=EDGE_CURVE('',#1971,#1971,#307,.T.);
#1556=EDGE_CURVE('',#1972,#1972,#308,.T.);
#1557=EDGE_CURVE('',#1973,#1973,#309,.T.);
#1558=EDGE_CURVE('',#1974,#1974,#310,.T.);
#1559=EDGE_CURVE('',#1975,#1975,#311,.T.);
#1560=EDGE_CURVE('',#1976,#1976,#312,.T.);
#1561=EDGE_CURVE('',#1977,#1977,#313,.T.);
#1562=EDGE_CURVE('',#1978,#1978,#314,.T.);
#1563=EDGE_CURVE('',#1979,#1979,#315,.T.);
#1564=EDGE_CURVE('',#1980,#1980,#316,.T.);
#1565=EDGE_CURVE('',#1981,#1981,#317,.T.);
#1566=EDGE_CURVE('',#1982,#1982,#318,.T.);
#1567=EDGE_CURVE('',#1983,#1983,#319,.T.);
#1568=EDGE_CURVE('',#1984,#1984,#320,.T.);
#1569=EDGE_CURVE('',#1985,#1985,#321,.T.);
#1570=EDGE_CURVE('',#1986,#1986,#322,.T.);
#1571=EDGE_CURVE('',#1987,#1987,#323,.T.);
#1572=EDGE_CURVE('',#1988,#1988,#324,.T.);
#1573=EDGE_CURVE('',#1989,#1989,#325,.T.);
#1574=EDGE_CURVE('',#1990,#1990,#326,.T.);
#1575=EDGE_CURVE('',#1991,#1991,#327,.T.);
#1576=EDGE_CURVE('',#1992,#1992,#328,.T.);
#1577=EDGE_CURVE('',#1993,#1993,#329,.T.);
#1578=EDGE_CURVE('',#1994,#1994,#330,.T.);
#1579=EDGE_CURVE('',#1995,#1995,#331,.T.);
#1580=EDGE_CURVE('',#1996,#1996,#332,.T.);
#1581=EDGE_CURVE('',#1997,#1997,#333,.T.);
#1582=EDGE_CURVE('',#1998,#1998,#334,.T.);
#1583=EDGE_CURVE('',#1999,#1999,#335,.T.);
#1584=EDGE_CURVE('',#2000,#2000,#336,.T.);
#1585=EDGE_CURVE('',#2001,#2001,#337,.T.);
#1586=EDGE_CURVE('',#2002,#2002,#338,.T.);
#1587=EDGE_CURVE('',#2003,#2003,#339,.T.);
#1588=EDGE_CURVE('',#2004,#2004,#340,.T.);
#1589=EDGE_CURVE('',#2005,#2005,#341,.T.);
#1590=EDGE_CURVE('',#2006,#2006,#342,.T.);
#1591=EDGE_CURVE('',#2007,#2007,#343,.T.);
#1592=EDGE_CURVE('',#2008,#2008,#344,.T.);
#1593=EDGE_CURVE('',#2009,#2009,#345,.T.);
#1594=EDGE_CURVE('',#2010,#2010,#346,.T.);
#1595=EDGE_CURVE('',#2011,#2011,#347,.T.);
#1596=EDGE_CURVE('',#2012,#2012,#348,.T.);
#1597=EDGE_CURVE('',#2013,#2013,#349,.T.);
#1598=EDGE_CURVE('',#2014,#2014,#350,.T.);
#1599=EDGE_CURVE('',#2015,#2015,#351,.T.);
#1600=EDGE_CURVE('',#2016,#2016,#352,.T.);
#1601=EDGE_CURVE('',#2017,#2017,#353,.T.);
#1602=EDGE_CURVE('',#2018,#2018,#354,.T.);
#1603=EDGE_CURVE('',#2019,#2019,#355,.T.);
#1604=EDGE_CURVE('',#2020,#2020,#356,.T.);
#1605=EDGE_CURVE('',#2021,#2021,#357,.T.);
#1606=EDGE_CURVE('',#2022,#2022,#358,.T.);
#1607=EDGE_CURVE('',#2023,#2023,#359,.T.);
#1608=EDGE_CURVE('',#2024,#2024,#360,.T.);
#1609=EDGE_CURVE('',#2025,#2025,#361,.T.);
#1610=EDGE_CURVE('',#2026,#2026,#362,.T.);
#1611=EDGE_CURVE('',#2027,#2027,#363,.T.);
#1612=EDGE_CURVE('',#2028,#2028,#364,.T.);
#1613=EDGE_CURVE('',#2029,#2029,#365,.T.);
#1614=EDGE_CURVE('',#2030,#2030,#366,.T.);
#1615=EDGE_CURVE('',#2031,#2031,#367,.T.);
#1616=EDGE_CURVE('',#2032,#2032,#368,.T.);
#1617=EDGE_CURVE('',#2033,#2033,#369,.T.);
#1618=EDGE_CURVE('',#2034,#2034,#370,.T.);
#1619=EDGE_CURVE('',#2035,#2035,#371,.T.);
#1620=EDGE_CURVE('',#2036,#2036,#372,.T.);
#1621=EDGE_CURVE('',#2037,#2037,#373,.T.);
#1622=EDGE_CURVE('',#2038,#2038,#374,.T.);
#1623=EDGE_CURVE('',#2039,#2039,#375,.T.);
#1624=EDGE_CURVE('',#2040,#2040,#376,.T.);
#1625=EDGE_CURVE('',#2041,#2041,#377,.T.);
#1626=EDGE_CURVE('',#2042,#2042,#378,.T.);
#1627=EDGE_CURVE('',#2043,#2043,#379,.T.);
#1628=EDGE_CURVE('',#2044,#2044,#380,.T.);
#1629=EDGE_CURVE('',#2045,#2045,#381,.T.);
#1630=EDGE_CURVE('',#2046,#2046,#382,.T.);
#1631=EDGE_CURVE('',#2047,#2047,#383,.T.);
#1632=EDGE_CURVE('',#2048,#2048,#384,.T.);
#1633=EDGE_CURVE('',#2049,#2049,#385,.T.);
#1634=EDGE_CURVE('',#2050,#2050,#386,.T.);
#1635=EDGE_CURVE('',#2051,#2051,#387,.T.);
#1636=EDGE_CURVE('',#2052,#2052,#388,.T.);
#1637=EDGE_CURVE('',#2053,#2053,#389,.T.);
#1638=EDGE_CURVE('',#2054,#2054,#390,.T.);
#1639=EDGE_CURVE('',#2055,#2055,#391,.T.);
#1640=EDGE_CURVE('',#2056,#2056,#392,.T.);
#1641=EDGE_CURVE('',#2057,#2057,#393,.T.);
#1642=EDGE_CURVE('',#2058,#2058,#394,.T.);
#1643=EDGE_CURVE('',#2059,#2059,#395,.T.);
#1644=EDGE_CURVE('',#2060,#2060,#396,.T.);
#1645=EDGE_CURVE('',#2061,#2061,#397,.T.);
#1646=EDGE_CURVE('',#2062,#2062,#398,.T.);
#1647=EDGE_CURVE('',#2063,#2063,#399,.T.);
#1648=EDGE_CURVE('',#2064,#2064,#400,.T.);
#1649=EDGE_CURVE('',#2065,#2065,#401,.T.);
#1650=EDGE_CURVE('',#2066,#2066,#402,.T.);
#1651=EDGE_CURVE('',#2067,#2067,#403,.T.);
#1652=EDGE_CURVE('',#2068,#2068,#404,.T.);
#1653=EDGE_CURVE('',#2069,#2069,#405,.T.);
#1654=EDGE_CURVE('',#2070,#2070,#406,.T.);
#1655=EDGE_CURVE('',#2071,#2071,#407,.T.);
#1656=EDGE_CURVE('',#1866,#1868,#408,.T.);
#1657=EDGE_CURVE('',#1869,#1875,#409,.T.);
#1658=EDGE_CURVE('',#1874,#1863,#410,.T.);
#1659=EDGE_CURVE('',#1862,#1867,#411,.T.);
#1660=EDGE_CURVE('',#2072,#2072,#412,.F.);
#1661=EDGE_CURVE('',#2073,#2073,#413,.F.);
#1662=EDGE_CURVE('',#2074,#2074,#414,.F.);
#1663=EDGE_CURVE('',#2075,#2075,#415,.F.);
#1664=EDGE_CURVE('',#2076,#2076,#416,.F.);
#1665=EDGE_CURVE('',#2077,#2077,#417,.F.);
#1666=EDGE_CURVE('',#2078,#2078,#418,.F.);
#1667=EDGE_CURVE('',#2079,#2079,#419,.F.);
#1668=EDGE_CURVE('',#2080,#2080,#420,.F.);
#1669=EDGE_CURVE('',#2081,#2081,#421,.F.);
#1670=EDGE_CURVE('',#2082,#2082,#422,.F.);
#1671=EDGE_CURVE('',#2083,#2083,#423,.F.);
#1672=EDGE_CURVE('',#2084,#2084,#424,.F.);
#1673=EDGE_CURVE('',#2085,#2085,#425,.F.);
#1674=EDGE_CURVE('',#2086,#2086,#426,.F.);
#1675=EDGE_CURVE('',#2087,#2087,#427,.F.);
#1676=EDGE_CURVE('',#2088,#2088,#428,.F.);
#1677=EDGE_CURVE('',#2089,#2089,#429,.F.);
#1678=EDGE_CURVE('',#2090,#2090,#430,.F.);
#1679=EDGE_CURVE('',#2091,#2091,#431,.F.);
#1680=EDGE_CURVE('',#2092,#2092,#432,.F.);
#1681=EDGE_CURVE('',#2093,#2093,#433,.F.);
#1682=EDGE_CURVE('',#2094,#2094,#434,.F.);
#1683=EDGE_CURVE('',#2095,#2095,#435,.F.);
#1684=EDGE_CURVE('',#2096,#2096,#436,.F.);
#1685=EDGE_CURVE('',#2097,#2097,#437,.F.);
#1686=EDGE_CURVE('',#2098,#2098,#438,.F.);
#1687=EDGE_CURVE('',#2099,#2099,#439,.F.);
#1688=EDGE_CURVE('',#2100,#2100,#440,.F.);
#1689=EDGE_CURVE('',#2101,#2101,#441,.F.);
#1690=EDGE_CURVE('',#2102,#2102,#442,.F.);
#1691=EDGE_CURVE('',#2103,#2103,#443,.F.);
#1692=EDGE_CURVE('',#2104,#2104,#444,.F.);
#1693=EDGE_CURVE('',#2105,#2105,#445,.F.);
#1694=EDGE_CURVE('',#2106,#2106,#446,.F.);
#1695=EDGE_CURVE('',#2107,#2107,#447,.F.);
#1696=EDGE_CURVE('',#2108,#2108,#448,.F.);
#1697=EDGE_CURVE('',#2109,#2109,#449,.F.);
#1698=EDGE_CURVE('',#2110,#2110,#450,.F.);
#1699=EDGE_CURVE('',#2111,#2111,#451,.F.);
#1700=EDGE_CURVE('',#2112,#2112,#452,.F.);
#1701=EDGE_CURVE('',#2113,#2113,#453,.F.);
#1702=EDGE_CURVE('',#2114,#2114,#454,.F.);
#1703=EDGE_CURVE('',#2115,#2115,#455,.F.);
#1704=EDGE_CURVE('',#2116,#2116,#456,.F.);
#1705=EDGE_CURVE('',#2117,#2117,#457,.F.);
#1706=EDGE_CURVE('',#2118,#2118,#458,.F.);
#1707=EDGE_CURVE('',#2119,#2119,#459,.F.);
#1708=EDGE_CURVE('',#2120,#2120,#460,.F.);
#1709=EDGE_CURVE('',#2121,#2121,#461,.F.);
#1710=EDGE_CURVE('',#2122,#2122,#462,.F.);
#1711=EDGE_CURVE('',#2123,#2123,#463,.F.);
#1712=EDGE_CURVE('',#2124,#2124,#464,.F.);
#1713=EDGE_CURVE('',#2125,#2125,#465,.F.);
#1714=EDGE_CURVE('',#2126,#2126,#466,.F.);
#1715=EDGE_CURVE('',#2127,#2127,#467,.F.);
#1716=EDGE_CURVE('',#2128,#2128,#468,.F.);
#1717=EDGE_CURVE('',#2129,#2129,#469,.F.);
#1718=EDGE_CURVE('',#2130,#2130,#470,.F.);
#1719=EDGE_CURVE('',#2131,#2131,#471,.F.);
#1720=EDGE_CURVE('',#2132,#2132,#472,.F.);
#1721=EDGE_CURVE('',#2133,#2133,#473,.F.);
#1722=EDGE_CURVE('',#2134,#2134,#474,.F.);
#1723=EDGE_CURVE('',#2135,#2135,#475,.F.);
#1724=EDGE_CURVE('',#2136,#2136,#476,.F.);
#1725=EDGE_CURVE('',#2137,#2137,#477,.F.);
#1726=EDGE_CURVE('',#2138,#2138,#478,.F.);
#1727=EDGE_CURVE('',#2139,#2139,#479,.F.);
#1728=EDGE_CURVE('',#2140,#2140,#480,.F.);
#1729=EDGE_CURVE('',#2141,#2141,#481,.F.);
#1730=EDGE_CURVE('',#2142,#2142,#482,.F.);
#1731=EDGE_CURVE('',#2143,#2143,#483,.F.);
#1732=EDGE_CURVE('',#2144,#2144,#484,.F.);
#1733=EDGE_CURVE('',#2145,#2145,#485,.F.);
#1734=EDGE_CURVE('',#2146,#2146,#486,.F.);
#1735=EDGE_CURVE('',#2147,#2147,#487,.F.);
#1736=EDGE_CURVE('',#2148,#2148,#488,.F.);
#1737=EDGE_CURVE('',#2149,#2149,#489,.F.);
#1738=EDGE_CURVE('',#2150,#2150,#490,.F.);
#1739=EDGE_CURVE('',#2151,#2151,#491,.F.);
#1740=EDGE_CURVE('',#2152,#2152,#492,.F.);
#1741=EDGE_CURVE('',#2153,#2153,#493,.F.);
#1742=EDGE_CURVE('',#2154,#2154,#494,.F.);
#1743=EDGE_CURVE('',#2155,#2155,#495,.F.);
#1744=EDGE_CURVE('',#2156,#2156,#496,.F.);
#1745=EDGE_CURVE('',#2157,#2157,#497,.F.);
#1746=EDGE_CURVE('',#2158,#2158,#498,.F.);
#1747=EDGE_CURVE('',#2159,#2159,#499,.F.);
#1748=EDGE_CURVE('',#2160,#2160,#500,.F.);
#1749=EDGE_CURVE('',#2161,#2161,#501,.F.);
#1750=EDGE_CURVE('',#2162,#2162,#502,.F.);
#1751=EDGE_CURVE('',#2163,#2163,#503,.F.);
#1752=EDGE_CURVE('',#2164,#2164,#504,.F.);
#1753=EDGE_CURVE('',#2165,#2165,#505,.F.);
#1754=EDGE_CURVE('',#2166,#2166,#506,.F.);
#1755=EDGE_CURVE('',#2167,#2167,#507,.F.);
#1756=EDGE_CURVE('',#2168,#2168,#508,.F.);
#1757=EDGE_CURVE('',#2169,#2169,#509,.F.);
#1758=EDGE_CURVE('',#2170,#2170,#510,.F.);
#1759=EDGE_CURVE('',#2171,#2171,#511,.F.);
#1760=EDGE_CURVE('',#2172,#2172,#512,.F.);
#1761=EDGE_CURVE('',#2173,#2173,#513,.F.);
#1762=EDGE_CURVE('',#2174,#2174,#514,.F.);
#1763=EDGE_CURVE('',#2175,#2175,#515,.F.);
#1764=EDGE_CURVE('',#2176,#2176,#516,.F.);
#1765=EDGE_CURVE('',#2177,#2177,#517,.F.);
#1766=EDGE_CURVE('',#2178,#2178,#518,.F.);
#1767=EDGE_CURVE('',#2179,#2179,#519,.F.);
#1768=EDGE_CURVE('',#2180,#2180,#520,.F.);
#1769=EDGE_CURVE('',#2181,#2181,#521,.F.);
#1770=EDGE_CURVE('',#2182,#2182,#522,.F.);
#1771=EDGE_CURVE('',#2183,#2183,#523,.F.);
#1772=EDGE_CURVE('',#2184,#2184,#524,.F.);
#1773=EDGE_CURVE('',#2185,#2185,#525,.F.);
#1774=EDGE_CURVE('',#2186,#2186,#526,.F.);
#1775=EDGE_CURVE('',#2187,#2187,#527,.F.);
#1776=EDGE_CURVE('',#2188,#2188,#528,.F.);
#1777=EDGE_CURVE('',#2189,#2189,#529,.F.);
#1778=EDGE_CURVE('',#2190,#2190,#530,.F.);
#1779=EDGE_CURVE('',#2191,#2191,#531,.F.);
#1780=EDGE_CURVE('',#2192,#2192,#532,.F.);
#1781=EDGE_CURVE('',#2193,#2193,#533,.F.);
#1782=EDGE_CURVE('',#2194,#2194,#534,.F.);
#1783=EDGE_CURVE('',#2195,#2195,#535,.F.);
#1784=EDGE_CURVE('',#2196,#2196,#536,.F.);
#1785=EDGE_CURVE('',#2197,#2197,#537,.F.);
#1786=EDGE_CURVE('',#2198,#2198,#538,.F.);
#1787=EDGE_CURVE('',#2199,#2199,#539,.F.);
#1788=EDGE_CURVE('',#2200,#2200,#540,.F.);
#1789=EDGE_CURVE('',#2201,#2201,#541,.F.);
#1790=EDGE_CURVE('',#2202,#2202,#542,.F.);
#1791=EDGE_CURVE('',#2203,#2203,#543,.F.);
#1792=EDGE_CURVE('',#2204,#2204,#544,.F.);
#1793=EDGE_CURVE('',#2205,#2205,#545,.F.);
#1794=EDGE_CURVE('',#2206,#2206,#546,.F.);
#1795=EDGE_CURVE('',#2207,#2207,#547,.F.);
#1796=EDGE_CURVE('',#2208,#2208,#548,.F.);
#1797=EDGE_CURVE('',#2209,#2209,#549,.F.);
#1798=EDGE_CURVE('',#2210,#2210,#550,.F.);
#1799=EDGE_CURVE('',#2211,#2211,#551,.F.);
#1800=EDGE_CURVE('',#2212,#2212,#552,.F.);
#1801=EDGE_CURVE('',#2213,#2213,#553,.F.);
#1802=EDGE_CURVE('',#2214,#2214,#554,.F.);
#1803=EDGE_CURVE('',#2215,#2215,#555,.F.);
#1804=EDGE_CURVE('',#2216,#2216,#556,.F.);
#1805=EDGE_CURVE('',#2217,#2217,#557,.F.);
#1806=EDGE_CURVE('',#2218,#2218,#558,.F.);
#1807=EDGE_CURVE('',#2219,#2219,#559,.F.);
#1808=EDGE_CURVE('',#2220,#2220,#560,.F.);
#1809=EDGE_CURVE('',#2221,#2221,#561,.F.);
#1810=EDGE_CURVE('',#2222,#2222,#562,.F.);
#1811=EDGE_CURVE('',#2223,#2223,#563,.F.);
#1812=EDGE_CURVE('',#2224,#2224,#564,.F.);
#1813=EDGE_CURVE('',#2225,#2225,#565,.F.);
#1814=EDGE_CURVE('',#2226,#2226,#566,.F.);
#1815=EDGE_CURVE('',#2227,#2227,#567,.F.);
#1816=EDGE_CURVE('',#2228,#2228,#568,.F.);
#1817=EDGE_CURVE('',#2229,#2229,#569,.F.);
#1818=EDGE_CURVE('',#2230,#2230,#570,.F.);
#1819=EDGE_CURVE('',#2231,#2231,#571,.F.);
#1820=EDGE_CURVE('',#2232,#2232,#572,.F.);
#1821=EDGE_CURVE('',#2233,#2233,#573,.F.);
#1822=EDGE_CURVE('',#2234,#2234,#574,.F.);
#1823=EDGE_CURVE('',#2235,#2235,#575,.F.);
#1824=EDGE_CURVE('',#2236,#2236,#576,.F.);
#1825=EDGE_CURVE('',#2237,#2237,#577,.F.);
#1826=EDGE_CURVE('',#2238,#2238,#578,.F.);
#1827=EDGE_CURVE('',#2239,#2239,#579,.F.);
#1828=EDGE_CURVE('',#2240,#2240,#580,.F.);
#1829=EDGE_CURVE('',#2241,#2241,#581,.F.);
#1830=EDGE_CURVE('',#2242,#2242,#582,.F.);
#1831=EDGE_CURVE('',#2243,#2243,#583,.F.);
#1832=EDGE_CURVE('',#2244,#2244,#584,.F.);
#1833=EDGE_CURVE('',#2245,#2245,#585,.F.);
#1834=EDGE_CURVE('',#2246,#2246,#586,.F.);
#1835=EDGE_CURVE('',#2247,#2247,#587,.F.);
#1836=EDGE_CURVE('',#2248,#2248,#588,.F.);
#1837=EDGE_CURVE('',#2249,#2249,#589,.F.);
#1838=EDGE_CURVE('',#2250,#2250,#590,.F.);
#1839=EDGE_CURVE('',#2251,#2251,#591,.F.);
#1840=EDGE_CURVE('',#2252,#2252,#592,.F.);
#1841=EDGE_CURVE('',#2253,#2253,#593,.F.);
#1842=EDGE_CURVE('',#2254,#2254,#594,.F.);
#1843=EDGE_CURVE('',#2255,#2255,#595,.F.);
#1844=EDGE_CURVE('',#2256,#2256,#596,.F.);
#1845=EDGE_CURVE('',#2257,#2257,#597,.F.);
#1846=EDGE_CURVE('',#2258,#2258,#598,.F.);
#1847=EDGE_CURVE('',#2259,#2259,#599,.F.);
#1848=EDGE_CURVE('',#2260,#2260,#600,.F.);
#1849=EDGE_CURVE('',#2261,#2261,#601,.F.);
#1850=EDGE_CURVE('',#2262,#2262,#602,.F.);
#1851=EDGE_CURVE('',#2263,#2263,#603,.F.);
#1852=EDGE_CURVE('',#2264,#2264,#604,.F.);
#1853=EDGE_CURVE('',#2265,#2265,#605,.F.);
#1854=EDGE_CURVE('',#2266,#2266,#606,.F.);
#1855=EDGE_CURVE('',#2267,#2267,#607,.F.);
#1856=EDGE_CURVE('',#1870,#1865,#608,.F.);
#1857=EDGE_CURVE('',#1864,#1860,#609,.F.);
#1858=EDGE_CURVE('',#1861,#1872,#610,.F.);
#1859=EDGE_CURVE('',#1873,#1871,#611,.F.);
#1860=VERTEX_POINT('',#5952);
#1861=VERTEX_POINT('',#5953);
#1862=VERTEX_POINT('',#5955);
#1863=VERTEX_POINT('',#5957);
#1864=VERTEX_POINT('',#5961);
#1865=VERTEX_POINT('',#5962);
#1866=VERTEX_POINT('',#5964);
#1867=VERTEX_POINT('',#5966);
#1868=VERTEX_POINT('',#5970);
#1869=VERTEX_POINT('',#5971);
#1870=VERTEX_POINT('',#5973);
#1871=VERTEX_POINT('',#5975);
#1872=VERTEX_POINT('',#5979);
#1873=VERTEX_POINT('',#5980);
#1874=VERTEX_POINT('',#5982);
#1875=VERTEX_POINT('',#5984);
#1876=VERTEX_POINT('',#5988);
#1877=VERTEX_POINT('',#5990);
#1878=VERTEX_POINT('',#5992);
#1879=VERTEX_POINT('',#5994);
#1880=VERTEX_POINT('',#5996);
#1881=VERTEX_POINT('',#5998);
#1882=VERTEX_POINT('',#6000);
#1883=VERTEX_POINT('',#6002);
#1884=VERTEX_POINT('',#6004);
#1885=VERTEX_POINT('',#6006);
#1886=VERTEX_POINT('',#6008);
#1887=VERTEX_POINT('',#6010);
#1888=VERTEX_POINT('',#6012);
#1889=VERTEX_POINT('',#6014);
#1890=VERTEX_POINT('',#6016);
#1891=VERTEX_POINT('',#6018);
#1892=VERTEX_POINT('',#6020);
#1893=VERTEX_POINT('',#6022);
#1894=VERTEX_POINT('',#6024);
#1895=VERTEX_POINT('',#6026);
#1896=VERTEX_POINT('',#6028);
#1897=VERTEX_POINT('',#6030);
#1898=VERTEX_POINT('',#6032);
#1899=VERTEX_POINT('',#6034);
#1900=VERTEX_POINT('',#6036);
#1901=VERTEX_POINT('',#6038);
#1902=VERTEX_POINT('',#6040);
#1903=VERTEX_POINT('',#6042);
#1904=VERTEX_POINT('',#6044);
#1905=VERTEX_POINT('',#6046);
#1906=VERTEX_POINT('',#6048);
#1907=VERTEX_POINT('',#6050);
#1908=VERTEX_POINT('',#6052);
#1909=VERTEX_POINT('',#6054);
#1910=VERTEX_POINT('',#6056);
#1911=VERTEX_POINT('',#6058);
#1912=VERTEX_POINT('',#6060);
#1913=VERTEX_POINT('',#6062);
#1914=VERTEX_POINT('',#6064);
#1915=VERTEX_POINT('',#6066);
#1916=VERTEX_POINT('',#6068);
#1917=VERTEX_POINT('',#6070);
#1918=VERTEX_POINT('',#6072);
#1919=VERTEX_POINT('',#6074);
#1920=VERTEX_POINT('',#6076);
#1921=VERTEX_POINT('',#6078);
#1922=VERTEX_POINT('',#6080);
#1923=VERTEX_POINT('',#6082);
#1924=VERTEX_POINT('',#6084);
#1925=VERTEX_POINT('',#6086);
#1926=VERTEX_POINT('',#6088);
#1927=VERTEX_POINT('',#6090);
#1928=VERTEX_POINT('',#6092);
#1929=VERTEX_POINT('',#6094);
#1930=VERTEX_POINT('',#6096);
#1931=VERTEX_POINT('',#6098);
#1932=VERTEX_POINT('',#6100);
#1933=VERTEX_POINT('',#6102);
#1934=VERTEX_POINT('',#6104);
#1935=VERTEX_POINT('',#6106);
#1936=VERTEX_POINT('',#6108);
#1937=VERTEX_POINT('',#6110);
#1938=VERTEX_POINT('',#6112);
#1939=VERTEX_POINT('',#6114);
#1940=VERTEX_POINT('',#6116);
#1941=VERTEX_POINT('',#6118);
#1942=VERTEX_POINT('',#6120);
#1943=VERTEX_POINT('',#6122);
#1944=VERTEX_POINT('',#6124);
#1945=VERTEX_POINT('',#6126);
#1946=VERTEX_POINT('',#6128);
#1947=VERTEX_POINT('',#6130);
#1948=VERTEX_POINT('',#6132);
#1949=VERTEX_POINT('',#6134);
#1950=VERTEX_POINT('',#6136);
#1951=VERTEX_POINT('',#6138);
#1952=VERTEX_POINT('',#6140);
#1953=VERTEX_POINT('',#6142);
#1954=VERTEX_POINT('',#6144);
#1955=VERTEX_POINT('',#6146);
#1956=VERTEX_POINT('',#6148);
#1957=VERTEX_POINT('',#6150);
#1958=VERTEX_POINT('',#6152);
#1959=VERTEX_POINT('',#6154);
#1960=VERTEX_POINT('',#6156);
#1961=VERTEX_POINT('',#6158);
#1962=VERTEX_POINT('',#6160);
#1963=VERTEX_POINT('',#6162);
#1964=VERTEX_POINT('',#6164);
#1965=VERTEX_POINT('',#6166);
#1966=VERTEX_POINT('',#6168);
#1967=VERTEX_POINT('',#6170);
#1968=VERTEX_POINT('',#6172);
#1969=VERTEX_POINT('',#6174);
#1970=VERTEX_POINT('',#6176);
#1971=VERTEX_POINT('',#6178);
#1972=VERTEX_POINT('',#6180);
#1973=VERTEX_POINT('',#6182);
#1974=VERTEX_POINT('',#6184);
#1975=VERTEX_POINT('',#6186);
#1976=VERTEX_POINT('',#6188);
#1977=VERTEX_POINT('',#6190);
#1978=VERTEX_POINT('',#6192);
#1979=VERTEX_POINT('',#6194);
#1980=VERTEX_POINT('',#6196);
#1981=VERTEX_POINT('',#6198);
#1982=VERTEX_POINT('',#6200);
#1983=VERTEX_POINT('',#6202);
#1984=VERTEX_POINT('',#6204);
#1985=VERTEX_POINT('',#6206);
#1986=VERTEX_POINT('',#6208);
#1987=VERTEX_POINT('',#6210);
#1988=VERTEX_POINT('',#6212);
#1989=VERTEX_POINT('',#6214);
#1990=VERTEX_POINT('',#6216);
#1991=VERTEX_POINT('',#6218);
#1992=VERTEX_POINT('',#6220);
#1993=VERTEX_POINT('',#6222);
#1994=VERTEX_POINT('',#6224);
#1995=VERTEX_POINT('',#6226);
#1996=VERTEX_POINT('',#6228);
#1997=VERTEX_POINT('',#6230);
#1998=VERTEX_POINT('',#6232);
#1999=VERTEX_POINT('',#6234);
#2000=VERTEX_POINT('',#6236);
#2001=VERTEX_POINT('',#6238);
#2002=VERTEX_POINT('',#6240);
#2003=VERTEX_POINT('',#6242);
#2004=VERTEX_POINT('',#6244);
#2005=VERTEX_POINT('',#6246);
#2006=VERTEX_POINT('',#6248);
#2007=VERTEX_POINT('',#6250);
#2008=VERTEX_POINT('',#6252);
#2009=VERTEX_POINT('',#6254);
#2010=VERTEX_POINT('',#6256);
#2011=VERTEX_POINT('',#6258);
#2012=VERTEX_POINT('',#6260);
#2013=VERTEX_POINT('',#6262);
#2014=VERTEX_POINT('',#6264);
#2015=VERTEX_POINT('',#6266);
#2016=VERTEX_POINT('',#6268);
#2017=VERTEX_POINT('',#6270);
#2018=VERTEX_POINT('',#6272);
#2019=VERTEX_POINT('',#6274);
#2020=VERTEX_POINT('',#6276);
#2021=VERTEX_POINT('',#6278);
#2022=VERTEX_POINT('',#6280);
#2023=VERTEX_POINT('',#6282);
#2024=VERTEX_POINT('',#6284);
#2025=VERTEX_POINT('',#6286);
#2026=VERTEX_POINT('',#6288);
#2027=VERTEX_POINT('',#6290);
#2028=VERTEX_POINT('',#6292);
#2029=VERTEX_POINT('',#6294);
#2030=VERTEX_POINT('',#6296);
#2031=VERTEX_POINT('',#6298);
#2032=VERTEX_POINT('',#6300);
#2033=VERTEX_POINT('',#6302);
#2034=VERTEX_POINT('',#6304);
#2035=VERTEX_POINT('',#6306);
#2036=VERTEX_POINT('',#6308);
#2037=VERTEX_POINT('',#6310);
#2038=VERTEX_POINT('',#6312);
#2039=VERTEX_POINT('',#6314);
#2040=VERTEX_POINT('',#6316);
#2041=VERTEX_POINT('',#6318);
#2042=VERTEX_POINT('',#6320);
#2043=VERTEX_POINT('',#6322);
#2044=VERTEX_POINT('',#6324);
#2045=VERTEX_POINT('',#6326);
#2046=VERTEX_POINT('',#6328);
#2047=VERTEX_POINT('',#6330);
#2048=VERTEX_POINT('',#6332);
#2049=VERTEX_POINT('',#6334);
#2050=VERTEX_POINT('',#6336);
#2051=VERTEX_POINT('',#6338);
#2052=VERTEX_POINT('',#6340);
#2053=VERTEX_POINT('',#6342);
#2054=VERTEX_POINT('',#6344);
#2055=VERTEX_POINT('',#6346);
#2056=VERTEX_POINT('',#6348);
#2057=VERTEX_POINT('',#6350);
#2058=VERTEX_POINT('',#6352);
#2059=VERTEX_POINT('',#6354);
#2060=VERTEX_POINT('',#6356);
#2061=VERTEX_POINT('',#6358);
#2062=VERTEX_POINT('',#6360);
#2063=VERTEX_POINT('',#6362);
#2064=VERTEX_POINT('',#6364);
#2065=VERTEX_POINT('',#6366);
#2066=VERTEX_POINT('',#6368);
#2067=VERTEX_POINT('',#6370);
#2068=VERTEX_POINT('',#6372);
#2069=VERTEX_POINT('',#6374);
#2070=VERTEX_POINT('',#6376);
#2071=VERTEX_POINT('',#6378);
#2072=VERTEX_POINT('',#6385);
#2073=VERTEX_POINT('',#6387);
#2074=VERTEX_POINT('',#6389);
#2075=VERTEX_POINT('',#6391);
#2076=VERTEX_POINT('',#6393);
#2077=VERTEX_POINT('',#6395);
#2078=VERTEX_POINT('',#6397);
#2079=VERTEX_POINT('',#6399);
#2080=VERTEX_POINT('',#6401);
#2081=VERTEX_POINT('',#6403);
#2082=VERTEX_POINT('',#6405);
#2083=VERTEX_POINT('',#6407);
#2084=VERTEX_POINT('',#6409);
#2085=VERTEX_POINT('',#6411);
#2086=VERTEX_POINT('',#6413);
#2087=VERTEX_POINT('',#6415);
#2088=VERTEX_POINT('',#6417);
#2089=VERTEX_POINT('',#6419);
#2090=VERTEX_POINT('',#6421);
#2091=VERTEX_POINT('',#6423);
#2092=VERTEX_POINT('',#6425);
#2093=VERTEX_POINT('',#6427);
#2094=VERTEX_POINT('',#6429);
#2095=VERTEX_POINT('',#6431);
#2096=VERTEX_POINT('',#6433);
#2097=VERTEX_POINT('',#6435);
#2098=VERTEX_POINT('',#6437);
#2099=VERTEX_POINT('',#6439);
#2100=VERTEX_POINT('',#6441);
#2101=VERTEX_POINT('',#6443);
#2102=VERTEX_POINT('',#6445);
#2103=VERTEX_POINT('',#6447);
#2104=VERTEX_POINT('',#6449);
#2105=VERTEX_POINT('',#6451);
#2106=VERTEX_POINT('',#6453);
#2107=VERTEX_POINT('',#6455);
#2108=VERTEX_POINT('',#6457);
#2109=VERTEX_POINT('',#6459);
#2110=VERTEX_POINT('',#6461);
#2111=VERTEX_POINT('',#6463);
#2112=VERTEX_POINT('',#6465);
#2113=VERTEX_POINT('',#6467);
#2114=VERTEX_POINT('',#6469);
#2115=VERTEX_POINT('',#6471);
#2116=VERTEX_POINT('',#6473);
#2117=VERTEX_POINT('',#6475);
#2118=VERTEX_POINT('',#6477);
#2119=VERTEX_POINT('',#6479);
#2120=VERTEX_POINT('',#6481);
#2121=VERTEX_POINT('',#6483);
#2122=VERTEX_POINT('',#6485);
#2123=VERTEX_POINT('',#6487);
#2124=VERTEX_POINT('',#6489);
#2125=VERTEX_POINT('',#6491);
#2126=VERTEX_POINT('',#6493);
#2127=VERTEX_POINT('',#6495);
#2128=VERTEX_POINT('',#6497);
#2129=VERTEX_POINT('',#6499);
#2130=VERTEX_POINT('',#6501);
#2131=VERTEX_POINT('',#6503);
#2132=VERTEX_POINT('',#6505);
#2133=VERTEX_POINT('',#6507);
#2134=VERTEX_POINT('',#6509);
#2135=VERTEX_POINT('',#6511);
#2136=VERTEX_POINT('',#6513);
#2137=VERTEX_POINT('',#6515);
#2138=VERTEX_POINT('',#6517);
#2139=VERTEX_POINT('',#6519);
#2140=VERTEX_POINT('',#6521);
#2141=VERTEX_POINT('',#6523);
#2142=VERTEX_POINT('',#6525);
#2143=VERTEX_POINT('',#6527);
#2144=VERTEX_POINT('',#6529);
#2145=VERTEX_POINT('',#6531);
#2146=VERTEX_POINT('',#6533);
#2147=VERTEX_POINT('',#6535);
#2148=VERTEX_POINT('',#6537);
#2149=VERTEX_POINT('',#6539);
#2150=VERTEX_POINT('',#6541);
#2151=VERTEX_POINT('',#6543);
#2152=VERTEX_POINT('',#6545);
#2153=VERTEX_POINT('',#6547);
#2154=VERTEX_POINT('',#6549);
#2155=VERTEX_POINT('',#6551);
#2156=VERTEX_POINT('',#6553);
#2157=VERTEX_POINT('',#6555);
#2158=VERTEX_POINT('',#6557);
#2159=VERTEX_POINT('',#6559);
#2160=VERTEX_POINT('',#6561);
#2161=VERTEX_POINT('',#6563);
#2162=VERTEX_POINT('',#6565);
#2163=VERTEX_POINT('',#6567);
#2164=VERTEX_POINT('',#6569);
#2165=VERTEX_POINT('',#6571);
#2166=VERTEX_POINT('',#6573);
#2167=VERTEX_POINT('',#6575);
#2168=VERTEX_POINT('',#6577);
#2169=VERTEX_POINT('',#6579);
#2170=VERTEX_POINT('',#6581);
#2171=VERTEX_POINT('',#6583);
#2172=VERTEX_POINT('',#6585);
#2173=VERTEX_POINT('',#6587);
#2174=VERTEX_POINT('',#6589);
#2175=VERTEX_POINT('',#6591);
#2176=VERTEX_POINT('',#6593);
#2177=VERTEX_POINT('',#6595);
#2178=VERTEX_POINT('',#6597);
#2179=VERTEX_POINT('',#6599);
#2180=VERTEX_POINT('',#6601);
#2181=VERTEX_POINT('',#6603);
#2182=VERTEX_POINT('',#6605);
#2183=VERTEX_POINT('',#6607);
#2184=VERTEX_POINT('',#6609);
#2185=VERTEX_POINT('',#6611);
#2186=VERTEX_POINT('',#6613);
#2187=VERTEX_POINT('',#6615);
#2188=VERTEX_POINT('',#6617);
#2189=VERTEX_POINT('',#6619);
#2190=VERTEX_POINT('',#6621);
#2191=VERTEX_POINT('',#6623);
#2192=VERTEX_POINT('',#6625);
#2193=VERTEX_POINT('',#6627);
#2194=VERTEX_POINT('',#6629);
#2195=VERTEX_POINT('',#6631);
#2196=VERTEX_POINT('',#6633);
#2197=VERTEX_POINT('',#6635);
#2198=VERTEX_POINT('',#6637);
#2199=VERTEX_POINT('',#6639);
#2200=VERTEX_POINT('',#6641);
#2201=VERTEX_POINT('',#6643);
#2202=VERTEX_POINT('',#6645);
#2203=VERTEX_POINT('',#6647);
#2204=VERTEX_POINT('',#6649);
#2205=VERTEX_POINT('',#6651);
#2206=VERTEX_POINT('',#6653);
#2207=VERTEX_POINT('',#6655);
#2208=VERTEX_POINT('',#6657);
#2209=VERTEX_POINT('',#6659);
#2210=VERTEX_POINT('',#6661);
#2211=VERTEX_POINT('',#6663);
#2212=VERTEX_POINT('',#6665);
#2213=VERTEX_POINT('',#6667);
#2214=VERTEX_POINT('',#6669);
#2215=VERTEX_POINT('',#6671);
#2216=VERTEX_POINT('',#6673);
#2217=VERTEX_POINT('',#6675);
#2218=VERTEX_POINT('',#6677);
#2219=VERTEX_POINT('',#6679);
#2220=VERTEX_POINT('',#6681);
#2221=VERTEX_POINT('',#6683);
#2222=VERTEX_POINT('',#6685);
#2223=VERTEX_POINT('',#6687);
#2224=VERTEX_POINT('',#6689);
#2225=VERTEX_POINT('',#6691);
#2226=VERTEX_POINT('',#6693);
#2227=VERTEX_POINT('',#6695);
#2228=VERTEX_POINT('',#6697);
#2229=VERTEX_POINT('',#6699);
#2230=VERTEX_POINT('',#6701);
#2231=VERTEX_POINT('',#6703);
#2232=VERTEX_POINT('',#6705);
#2233=VERTEX_POINT('',#6707);
#2234=VERTEX_POINT('',#6709);
#2235=VERTEX_POINT('',#6711);
#2236=VERTEX_POINT('',#6713);
#2237=VERTEX_POINT('',#6715);
#2238=VERTEX_POINT('',#6717);
#2239=VERTEX_POINT('',#6719);
#2240=VERTEX_POINT('',#6721);
#2241=VERTEX_POINT('',#6723);
#2242=VERTEX_POINT('',#6725);
#2243=VERTEX_POINT('',#6727);
#2244=VERTEX_POINT('',#6729);
#2245=VERTEX_POINT('',#6731);
#2246=VERTEX_POINT('',#6733);
#2247=VERTEX_POINT('',#6735);
#2248=VERTEX_POINT('',#6737);
#2249=VERTEX_POINT('',#6739);
#2250=VERTEX_POINT('',#6741);
#2251=VERTEX_POINT('',#6743);
#2252=VERTEX_POINT('',#6745);
#2253=VERTEX_POINT('',#6747);
#2254=VERTEX_POINT('',#6749);
#2255=VERTEX_POINT('',#6751);
#2256=VERTEX_POINT('',#6753);
#2257=VERTEX_POINT('',#6755);
#2258=VERTEX_POINT('',#6757);
#2259=VERTEX_POINT('',#6759);
#2260=VERTEX_POINT('',#6761);
#2261=VERTEX_POINT('',#6763);
#2262=VERTEX_POINT('',#6765);
#2263=VERTEX_POINT('',#6767);
#2264=VERTEX_POINT('',#6769);
#2265=VERTEX_POINT('',#6771);
#2266=VERTEX_POINT('',#6773);
#2267=VERTEX_POINT('',#6775);
#2268=LINE('',#5951,#2284);
#2269=LINE('',#5954,#2285);
#2270=LINE('',#5956,#2286);
#2271=LINE('',#5958,#2287);
#2272=LINE('',#5960,#2288);
#2273=LINE('',#5963,#2289);
#2274=LINE('',#5965,#2290);
#2275=LINE('',#5967,#2291);
#2276=LINE('',#5969,#2292);
#2277=LINE('',#5972,#2293);
#2278=LINE('',#5974,#2294);
#2279=LINE('',#5976,#2295);
#2280=LINE('',#5978,#2296);
#2281=LINE('',#5981,#2297);
#2282=LINE('',#5983,#2298);
#2283=LINE('',#5985,#2299);
#2284=VECTOR('',#4723,1.);
#2285=VECTOR('',#4724,1.);
#2286=VECTOR('',#4725,1.);
#2287=VECTOR('',#4726,1.);
#2288=VECTOR('',#4729,1.);
#2289=VECTOR('',#4730,1.);
#2290=VECTOR('',#4731,1.);
#2291=VECTOR('',#4732,1.);
#2292=VECTOR('',#4735,1.);
#2293=VECTOR('',#4736,1.);
#2294=VECTOR('',#4737,1.);
#2295=VECTOR('',#4738,1.);
#2296=VECTOR('',#4741,1.);
#2297=VECTOR('',#4742,1.);
#2298=VECTOR('',#4743,1.);
#2299=VECTOR('',#4744,1.);
#2300=EDGE_LOOP('',(#612,#613,#614,#615));
#2301=EDGE_LOOP('',(#616,#617,#618,#619));
#2302=EDGE_LOOP('',(#620,#621,#622,#623));
#2303=EDGE_LOOP('',(#624,#625,#626,#627));
#2304=EDGE_LOOP('',(#628));
#2305=EDGE_LOOP('',(#629));
#2306=EDGE_LOOP('',(#630));
#2307=EDGE_LOOP('',(#631));
#2308=EDGE_LOOP('',(#632));
#2309=EDGE_LOOP('',(#633));
#2310=EDGE_LOOP('',(#634));
#2311=EDGE_LOOP('',(#635));
#2312=EDGE_LOOP('',(#636));
#2313=EDGE_LOOP('',(#637));
#2314=EDGE_LOOP('',(#638));
#2315=EDGE_LOOP('',(#639));
#2316=EDGE_LOOP('',(#640));
#2317=EDGE_LOOP('',(#641));
#2318=EDGE_LOOP('',(#642));
#2319=EDGE_LOOP('',(#643));
#2320=EDGE_LOOP('',(#644));
#2321=EDGE_LOOP('',(#645));
#2322=EDGE_LOOP('',(#646));
#2323=EDGE_LOOP('',(#647));
#2324=EDGE_LOOP('',(#648));
#2325=EDGE_LOOP('',(#649));
#2326=EDGE_LOOP('',(#650));
#2327=EDGE_LOOP('',(#651));
#2328=EDGE_LOOP('',(#652));
#2329=EDGE_LOOP('',(#653));
#2330=EDGE_LOOP('',(#654));
#2331=EDGE_LOOP('',(#655));
#2332=EDGE_LOOP('',(#656));
#2333=EDGE_LOOP('',(#657));
#2334=EDGE_LOOP('',(#658));
#2335=EDGE_LOOP('',(#659));
#2336=EDGE_LOOP('',(#660));
#2337=EDGE_LOOP('',(#661));
#2338=EDGE_LOOP('',(#662));
#2339=EDGE_LOOP('',(#663));
#2340=EDGE_LOOP('',(#664));
#2341=EDGE_LOOP('',(#665));
#2342=EDGE_LOOP('',(#666));
#2343=EDGE_LOOP('',(#667));
#2344=EDGE_LOOP('',(#668));
#2345=EDGE_LOOP('',(#669));
#2346=EDGE_LOOP('',(#670));
#2347=EDGE_LOOP('',(#671));
#2348=EDGE_LOOP('',(#672));
#2349=EDGE_LOOP('',(#673));
#2350=EDGE_LOOP('',(#674));
#2351=EDGE_LOOP('',(#675));
#2352=EDGE_LOOP('',(#676));
#2353=EDGE_LOOP('',(#677));
#2354=EDGE_LOOP('',(#678));
#2355=EDGE_LOOP('',(#679));
#2356=EDGE_LOOP('',(#680));
#2357=EDGE_LOOP('',(#681));
#2358=EDGE_LOOP('',(#682));
#2359=EDGE_LOOP('',(#683));
#2360=EDGE_LOOP('',(#684));
#2361=EDGE_LOOP('',(#685));
#2362=EDGE_LOOP('',(#686));
#2363=EDGE_LOOP('',(#687));
#2364=EDGE_LOOP('',(#688));
#2365=EDGE_LOOP('',(#689));
#2366=EDGE_LOOP('',(#690));
#2367=EDGE_LOOP('',(#691));
#2368=EDGE_LOOP('',(#692));
#2369=EDGE_LOOP('',(#693));
#2370=EDGE_LOOP('',(#694));
#2371=EDGE_LOOP('',(#695));
#2372=EDGE_LOOP('',(#696));
#2373=EDGE_LOOP('',(#697));
#2374=EDGE_LOOP('',(#698));
#2375=EDGE_LOOP('',(#699));
#2376=EDGE_LOOP('',(#700));
#2377=EDGE_LOOP('',(#701));
#2378=EDGE_LOOP('',(#702));
#2379=EDGE_LOOP('',(#703));
#2380=EDGE_LOOP('',(#704));
#2381=EDGE_LOOP('',(#705));
#2382=EDGE_LOOP('',(#706));
#2383=EDGE_LOOP('',(#707));
#2384=EDGE_LOOP('',(#708));
#2385=EDGE_LOOP('',(#709));
#2386=EDGE_LOOP('',(#710));
#2387=EDGE_LOOP('',(#711));
#2388=EDGE_LOOP('',(#712));
#2389=EDGE_LOOP('',(#713));
#2390=EDGE_LOOP('',(#714));
#2391=EDGE_LOOP('',(#715));
#2392=EDGE_LOOP('',(#716));
#2393=EDGE_LOOP('',(#717));
#2394=EDGE_LOOP('',(#718));
#2395=EDGE_LOOP('',(#719));
#2396=EDGE_LOOP('',(#720));
#2397=EDGE_LOOP('',(#721));
#2398=EDGE_LOOP('',(#722));
#2399=EDGE_LOOP('',(#723));
#2400=EDGE_LOOP('',(#724));
#2401=EDGE_LOOP('',(#725));
#2402=EDGE_LOOP('',(#726));
#2403=EDGE_LOOP('',(#727));
#2404=EDGE_LOOP('',(#728));
#2405=EDGE_LOOP('',(#729));
#2406=EDGE_LOOP('',(#730));
#2407=EDGE_LOOP('',(#731));
#2408=EDGE_LOOP('',(#732));
#2409=EDGE_LOOP('',(#733));
#2410=EDGE_LOOP('',(#734));
#2411=EDGE_LOOP('',(#735));
#2412=EDGE_LOOP('',(#736));
#2413=EDGE_LOOP('',(#737));
#2414=EDGE_LOOP('',(#738));
#2415=EDGE_LOOP('',(#739));
#2416=EDGE_LOOP('',(#740));
#2417=EDGE_LOOP('',(#741));
#2418=EDGE_LOOP('',(#742));
#2419=EDGE_LOOP('',(#743));
#2420=EDGE_LOOP('',(#744));
#2421=EDGE_LOOP('',(#745));
#2422=EDGE_LOOP('',(#746));
#2423=EDGE_LOOP('',(#747));
#2424=EDGE_LOOP('',(#748));
#2425=EDGE_LOOP('',(#749));
#2426=EDGE_LOOP('',(#750));
#2427=EDGE_LOOP('',(#751));
#2428=EDGE_LOOP('',(#752));
#2429=EDGE_LOOP('',(#753));
#2430=EDGE_LOOP('',(#754));
#2431=EDGE_LOOP('',(#755));
#2432=EDGE_LOOP('',(#756));
#2433=EDGE_LOOP('',(#757));
#2434=EDGE_LOOP('',(#758));
#2435=EDGE_LOOP('',(#759));
#2436=EDGE_LOOP('',(#760));
#2437=EDGE_LOOP('',(#761));
#2438=EDGE_LOOP('',(#762));
#2439=EDGE_LOOP('',(#763));
#2440=EDGE_LOOP('',(#764));
#2441=EDGE_LOOP('',(#765));
#2442=EDGE_LOOP('',(#766));
#2443=EDGE_LOOP('',(#767));
#2444=EDGE_LOOP('',(#768));
#2445=EDGE_LOOP('',(#769));
#2446=EDGE_LOOP('',(#770));
#2447=EDGE_LOOP('',(#771));
#2448=EDGE_LOOP('',(#772));
#2449=EDGE_LOOP('',(#773));
#2450=EDGE_LOOP('',(#774));
#2451=EDGE_LOOP('',(#775));
#2452=EDGE_LOOP('',(#776));
#2453=EDGE_LOOP('',(#777));
#2454=EDGE_LOOP('',(#778));
#2455=EDGE_LOOP('',(#779));
#2456=EDGE_LOOP('',(#780));
#2457=EDGE_LOOP('',(#781));
#2458=EDGE_LOOP('',(#782));
#2459=EDGE_LOOP('',(#783));
#2460=EDGE_LOOP('',(#784));
#2461=EDGE_LOOP('',(#785));
#2462=EDGE_LOOP('',(#786));
#2463=EDGE_LOOP('',(#787));
#2464=EDGE_LOOP('',(#788));
#2465=EDGE_LOOP('',(#789));
#2466=EDGE_LOOP('',(#790));
#2467=EDGE_LOOP('',(#791));
#2468=EDGE_LOOP('',(#792));
#2469=EDGE_LOOP('',(#793));
#2470=EDGE_LOOP('',(#794));
#2471=EDGE_LOOP('',(#795));
#2472=EDGE_LOOP('',(#796));
#2473=EDGE_LOOP('',(#797));
#2474=EDGE_LOOP('',(#798));
#2475=EDGE_LOOP('',(#799));
#2476=EDGE_LOOP('',(#800));
#2477=EDGE_LOOP('',(#801));
#2478=EDGE_LOOP('',(#802));
#2479=EDGE_LOOP('',(#803));
#2480=EDGE_LOOP('',(#804));
#2481=EDGE_LOOP('',(#805));
#2482=EDGE_LOOP('',(#806));
#2483=EDGE_LOOP('',(#807));
#2484=EDGE_LOOP('',(#808));
#2485=EDGE_LOOP('',(#809));
#2486=EDGE_LOOP('',(#810));
#2487=EDGE_LOOP('',(#811));
#2488=EDGE_LOOP('',(#812));
#2489=EDGE_LOOP('',(#813));
#2490=EDGE_LOOP('',(#814));
#2491=EDGE_LOOP('',(#815));
#2492=EDGE_LOOP('',(#816));
#2493=EDGE_LOOP('',(#817));
#2494=EDGE_LOOP('',(#818));
#2495=EDGE_LOOP('',(#819));
#2496=EDGE_LOOP('',(#820));
#2497=EDGE_LOOP('',(#821));
#2498=EDGE_LOOP('',(#822));
#2499=EDGE_LOOP('',(#823));
#2500=EDGE_LOOP('',(#824,#825,#826,#827,#828,#829,#830,#831));
#2501=EDGE_LOOP('',(#832));
#2502=EDGE_LOOP('',(#833));
#2503=EDGE_LOOP('',(#834));
#2504=EDGE_LOOP('',(#835));
#2505=EDGE_LOOP('',(#836));
#2506=EDGE_LOOP('',(#837));
#2507=EDGE_LOOP('',(#838));
#2508=EDGE_LOOP('',(#839));
#2509=EDGE_LOOP('',(#840));
#2510=EDGE_LOOP('',(#841));
#2511=EDGE_LOOP('',(#842));
#2512=EDGE_LOOP('',(#843));
#2513=EDGE_LOOP('',(#844));
#2514=EDGE_LOOP('',(#845));
#2515=EDGE_LOOP('',(#846));
#2516=EDGE_LOOP('',(#847));
#2517=EDGE_LOOP('',(#848));
#2518=EDGE_LOOP('',(#849));
#2519=EDGE_LOOP('',(#850));
#2520=EDGE_LOOP('',(#851));
#2521=EDGE_LOOP('',(#852));
#2522=EDGE_LOOP('',(#853));
#2523=EDGE_LOOP('',(#854));
#2524=EDGE_LOOP('',(#855));
#2525=EDGE_LOOP('',(#856));
#2526=EDGE_LOOP('',(#857));
#2527=EDGE_LOOP('',(#858));
#2528=EDGE_LOOP('',(#859));
#2529=EDGE_LOOP('',(#860));
#2530=EDGE_LOOP('',(#861));
#2531=EDGE_LOOP('',(#862));
#2532=EDGE_LOOP('',(#863));
#2533=EDGE_LOOP('',(#864));
#2534=EDGE_LOOP('',(#865));
#2535=EDGE_LOOP('',(#866));
#2536=EDGE_LOOP('',(#867));
#2537=EDGE_LOOP('',(#868));
#2538=EDGE_LOOP('',(#869));
#2539=EDGE_LOOP('',(#870));
#2540=EDGE_LOOP('',(#871));
#2541=EDGE_LOOP('',(#872));
#2542=EDGE_LOOP('',(#873));
#2543=EDGE_LOOP('',(#874));
#2544=EDGE_LOOP('',(#875));
#2545=EDGE_LOOP('',(#876));
#2546=EDGE_LOOP('',(#877));
#2547=EDGE_LOOP('',(#878));
#2548=EDGE_LOOP('',(#879));
#2549=EDGE_LOOP('',(#880));
#2550=EDGE_LOOP('',(#881));
#2551=EDGE_LOOP('',(#882));
#2552=EDGE_LOOP('',(#883));
#2553=EDGE_LOOP('',(#884));
#2554=EDGE_LOOP('',(#885));
#2555=EDGE_LOOP('',(#886));
#2556=EDGE_LOOP('',(#887));
#2557=EDGE_LOOP('',(#888));
#2558=EDGE_LOOP('',(#889));
#2559=EDGE_LOOP('',(#890));
#2560=EDGE_LOOP('',(#891));
#2561=EDGE_LOOP('',(#892));
#2562=EDGE_LOOP('',(#893));
#2563=EDGE_LOOP('',(#894));
#2564=EDGE_LOOP('',(#895));
#2565=EDGE_LOOP('',(#896));
#2566=EDGE_LOOP('',(#897));
#2567=EDGE_LOOP('',(#898));
#2568=EDGE_LOOP('',(#899));
#2569=EDGE_LOOP('',(#900));
#2570=EDGE_LOOP('',(#901));
#2571=EDGE_LOOP('',(#902));
#2572=EDGE_LOOP('',(#903));
#2573=EDGE_LOOP('',(#904));
#2574=EDGE_LOOP('',(#905));
#2575=EDGE_LOOP('',(#906));
#2576=EDGE_LOOP('',(#907));
#2577=EDGE_LOOP('',(#908));
#2578=EDGE_LOOP('',(#909));
#2579=EDGE_LOOP('',(#910));
#2580=EDGE_LOOP('',(#911));
#2581=EDGE_LOOP('',(#912));
#2582=EDGE_LOOP('',(#913));
#2583=EDGE_LOOP('',(#914));
#2584=EDGE_LOOP('',(#915));
#2585=EDGE_LOOP('',(#916));
#2586=EDGE_LOOP('',(#917));
#2587=EDGE_LOOP('',(#918));
#2588=EDGE_LOOP('',(#919));
#2589=EDGE_LOOP('',(#920));
#2590=EDGE_LOOP('',(#921));
#2591=EDGE_LOOP('',(#922));
#2592=EDGE_LOOP('',(#923));
#2593=EDGE_LOOP('',(#924));
#2594=EDGE_LOOP('',(#925));
#2595=EDGE_LOOP('',(#926));
#2596=EDGE_LOOP('',(#927));
#2597=EDGE_LOOP('',(#928));
#2598=EDGE_LOOP('',(#929));
#2599=EDGE_LOOP('',(#930));
#2600=EDGE_LOOP('',(#931));
#2601=EDGE_LOOP('',(#932));
#2602=EDGE_LOOP('',(#933));
#2603=EDGE_LOOP('',(#934));
#2604=EDGE_LOOP('',(#935));
#2605=EDGE_LOOP('',(#936));
#2606=EDGE_LOOP('',(#937));
#2607=EDGE_LOOP('',(#938));
#2608=EDGE_LOOP('',(#939));
#2609=EDGE_LOOP('',(#940));
#2610=EDGE_LOOP('',(#941));
#2611=EDGE_LOOP('',(#942));
#2612=EDGE_LOOP('',(#943));
#2613=EDGE_LOOP('',(#944));
#2614=EDGE_LOOP('',(#945));
#2615=EDGE_LOOP('',(#946));
#2616=EDGE_LOOP('',(#947));
#2617=EDGE_LOOP('',(#948));
#2618=EDGE_LOOP('',(#949));
#2619=EDGE_LOOP('',(#950));
#2620=EDGE_LOOP('',(#951));
#2621=EDGE_LOOP('',(#952));
#2622=EDGE_LOOP('',(#953));
#2623=EDGE_LOOP('',(#954));
#2624=EDGE_LOOP('',(#955));
#2625=EDGE_LOOP('',(#956));
#2626=EDGE_LOOP('',(#957));
#2627=EDGE_LOOP('',(#958));
#2628=EDGE_LOOP('',(#959));
#2629=EDGE_LOOP('',(#960));
#2630=EDGE_LOOP('',(#961));
#2631=EDGE_LOOP('',(#962));
#2632=EDGE_LOOP('',(#963));
#2633=EDGE_LOOP('',(#964));
#2634=EDGE_LOOP('',(#965));
#2635=EDGE_LOOP('',(#966));
#2636=EDGE_LOOP('',(#967));
#2637=EDGE_LOOP('',(#968));
#2638=EDGE_LOOP('',(#969));
#2639=EDGE_LOOP('',(#970));
#2640=EDGE_LOOP('',(#971));
#2641=EDGE_LOOP('',(#972));
#2642=EDGE_LOOP('',(#973));
#2643=EDGE_LOOP('',(#974));
#2644=EDGE_LOOP('',(#975));
#2645=EDGE_LOOP('',(#976));
#2646=EDGE_LOOP('',(#977));
#2647=EDGE_LOOP('',(#978));
#2648=EDGE_LOOP('',(#979));
#2649=EDGE_LOOP('',(#980));
#2650=EDGE_LOOP('',(#981));
#2651=EDGE_LOOP('',(#982));
#2652=EDGE_LOOP('',(#983));
#2653=EDGE_LOOP('',(#984));
#2654=EDGE_LOOP('',(#985));
#2655=EDGE_LOOP('',(#986));
#2656=EDGE_LOOP('',(#987));
#2657=EDGE_LOOP('',(#988));
#2658=EDGE_LOOP('',(#989));
#2659=EDGE_LOOP('',(#990));
#2660=EDGE_LOOP('',(#991));
#2661=EDGE_LOOP('',(#992));
#2662=EDGE_LOOP('',(#993));
#2663=EDGE_LOOP('',(#994));
#2664=EDGE_LOOP('',(#995));
#2665=EDGE_LOOP('',(#996));
#2666=EDGE_LOOP('',(#997));
#2667=EDGE_LOOP('',(#998));
#2668=EDGE_LOOP('',(#999));
#2669=EDGE_LOOP('',(#1000));
#2670=EDGE_LOOP('',(#1001));
#2671=EDGE_LOOP('',(#1002));
#2672=EDGE_LOOP('',(#1003));
#2673=EDGE_LOOP('',(#1004));
#2674=EDGE_LOOP('',(#1005));
#2675=EDGE_LOOP('',(#1006));
#2676=EDGE_LOOP('',(#1007));
#2677=EDGE_LOOP('',(#1008));
#2678=EDGE_LOOP('',(#1009));
#2679=EDGE_LOOP('',(#1010));
#2680=EDGE_LOOP('',(#1011));
#2681=EDGE_LOOP('',(#1012));
#2682=EDGE_LOOP('',(#1013));
#2683=EDGE_LOOP('',(#1014));
#2684=EDGE_LOOP('',(#1015));
#2685=EDGE_LOOP('',(#1016));
#2686=EDGE_LOOP('',(#1017));
#2687=EDGE_LOOP('',(#1018));
#2688=EDGE_LOOP('',(#1019));
#2689=EDGE_LOOP('',(#1020));
#2690=EDGE_LOOP('',(#1021));
#2691=EDGE_LOOP('',(#1022));
#2692=EDGE_LOOP('',(#1023));
#2693=EDGE_LOOP('',(#1024));
#2694=EDGE_LOOP('',(#1025));
#2695=EDGE_LOOP('',(#1026));
#2696=EDGE_LOOP('',(#1027));
#2697=EDGE_LOOP('',(#1028,#1029,#1030,#1031,#1032,#1033,#1034,#1035));
#2698=EDGE_LOOP('',(#1036,#1037,#1038,#1039));
#2699=EDGE_LOOP('',(#1040,#1041,#1042,#1043));
#2700=EDGE_LOOP('',(#1044,#1045,#1046,#1047));
#2701=EDGE_LOOP('',(#1048,#1049,#1050,#1051));
#2702=EDGE_LOOP('',(#1052));
#2703=EDGE_LOOP('',(#1053));
#2704=EDGE_LOOP('',(#1054));
#2705=EDGE_LOOP('',(#1055));
#2706=EDGE_LOOP('',(#1056));
#2707=EDGE_LOOP('',(#1057));
#2708=EDGE_LOOP('',(#1058));
#2709=EDGE_LOOP('',(#1059));
#2710=EDGE_LOOP('',(#1060));
#2711=EDGE_LOOP('',(#1061));
#2712=EDGE_LOOP('',(#1062));
#2713=EDGE_LOOP('',(#1063));
#2714=EDGE_LOOP('',(#1064));
#2715=EDGE_LOOP('',(#1065));
#2716=EDGE_LOOP('',(#1066));
#2717=EDGE_LOOP('',(#1067));
#2718=EDGE_LOOP('',(#1068));
#2719=EDGE_LOOP('',(#1069));
#2720=EDGE_LOOP('',(#1070));
#2721=EDGE_LOOP('',(#1071));
#2722=EDGE_LOOP('',(#1072));
#2723=EDGE_LOOP('',(#1073));
#2724=EDGE_LOOP('',(#1074));
#2725=EDGE_LOOP('',(#1075));
#2726=EDGE_LOOP('',(#1076));
#2727=EDGE_LOOP('',(#1077));
#2728=EDGE_LOOP('',(#1078));
#2729=EDGE_LOOP('',(#1079));
#2730=EDGE_LOOP('',(#1080));
#2731=EDGE_LOOP('',(#1081));
#2732=EDGE_LOOP('',(#1082));
#2733=EDGE_LOOP('',(#1083));
#2734=EDGE_LOOP('',(#1084));
#2735=EDGE_LOOP('',(#1085));
#2736=EDGE_LOOP('',(#1086));
#2737=EDGE_LOOP('',(#1087));
#2738=EDGE_LOOP('',(#1088));
#2739=EDGE_LOOP('',(#1089));
#2740=EDGE_LOOP('',(#1090));
#2741=EDGE_LOOP('',(#1091));
#2742=EDGE_LOOP('',(#1092));
#2743=EDGE_LOOP('',(#1093));
#2744=EDGE_LOOP('',(#1094));
#2745=EDGE_LOOP('',(#1095));
#2746=EDGE_LOOP('',(#1096));
#2747=EDGE_LOOP('',(#1097));
#2748=EDGE_LOOP('',(#1098));
#2749=EDGE_LOOP('',(#1099));
#2750=EDGE_LOOP('',(#1100));
#2751=EDGE_LOOP('',(#1101));
#2752=EDGE_LOOP('',(#1102));
#2753=EDGE_LOOP('',(#1103));
#2754=EDGE_LOOP('',(#1104));
#2755=EDGE_LOOP('',(#1105));
#2756=EDGE_LOOP('',(#1106));
#2757=EDGE_LOOP('',(#1107));
#2758=EDGE_LOOP('',(#1108));
#2759=EDGE_LOOP('',(#1109));
#2760=EDGE_LOOP('',(#1110));
#2761=EDGE_LOOP('',(#1111));
#2762=EDGE_LOOP('',(#1112));
#2763=EDGE_LOOP('',(#1113));
#2764=EDGE_LOOP('',(#1114));
#2765=EDGE_LOOP('',(#1115));
#2766=EDGE_LOOP('',(#1116));
#2767=EDGE_LOOP('',(#1117));
#2768=EDGE_LOOP('',(#1118));
#2769=EDGE_LOOP('',(#1119));
#2770=EDGE_LOOP('',(#1120));
#2771=EDGE_LOOP('',(#1121));
#2772=EDGE_LOOP('',(#1122));
#2773=EDGE_LOOP('',(#1123));
#2774=EDGE_LOOP('',(#1124));
#2775=EDGE_LOOP('',(#1125));
#2776=EDGE_LOOP('',(#1126));
#2777=EDGE_LOOP('',(#1127));
#2778=EDGE_LOOP('',(#1128));
#2779=EDGE_LOOP('',(#1129));
#2780=EDGE_LOOP('',(#1130));
#2781=EDGE_LOOP('',(#1131));
#2782=EDGE_LOOP('',(#1132));
#2783=EDGE_LOOP('',(#1133));
#2784=EDGE_LOOP('',(#1134));
#2785=EDGE_LOOP('',(#1135));
#2786=EDGE_LOOP('',(#1136));
#2787=EDGE_LOOP('',(#1137));
#2788=EDGE_LOOP('',(#1138));
#2789=EDGE_LOOP('',(#1139));
#2790=EDGE_LOOP('',(#1140));
#2791=EDGE_LOOP('',(#1141));
#2792=EDGE_LOOP('',(#1142));
#2793=EDGE_LOOP('',(#1143));
#2794=EDGE_LOOP('',(#1144));
#2795=EDGE_LOOP('',(#1145));
#2796=EDGE_LOOP('',(#1146));
#2797=EDGE_LOOP('',(#1147));
#2798=EDGE_LOOP('',(#1148));
#2799=EDGE_LOOP('',(#1149));
#2800=EDGE_LOOP('',(#1150));
#2801=EDGE_LOOP('',(#1151));
#2802=EDGE_LOOP('',(#1152));
#2803=EDGE_LOOP('',(#1153));
#2804=EDGE_LOOP('',(#1154));
#2805=EDGE_LOOP('',(#1155));
#2806=EDGE_LOOP('',(#1156));
#2807=EDGE_LOOP('',(#1157));
#2808=EDGE_LOOP('',(#1158));
#2809=EDGE_LOOP('',(#1159));
#2810=EDGE_LOOP('',(#1160));
#2811=EDGE_LOOP('',(#1161));
#2812=EDGE_LOOP('',(#1162));
#2813=EDGE_LOOP('',(#1163));
#2814=EDGE_LOOP('',(#1164));
#2815=EDGE_LOOP('',(#1165));
#2816=EDGE_LOOP('',(#1166));
#2817=EDGE_LOOP('',(#1167));
#2818=EDGE_LOOP('',(#1168));
#2819=EDGE_LOOP('',(#1169));
#2820=EDGE_LOOP('',(#1170));
#2821=EDGE_LOOP('',(#1171));
#2822=EDGE_LOOP('',(#1172));
#2823=EDGE_LOOP('',(#1173));
#2824=EDGE_LOOP('',(#1174));
#2825=EDGE_LOOP('',(#1175));
#2826=EDGE_LOOP('',(#1176));
#2827=EDGE_LOOP('',(#1177));
#2828=EDGE_LOOP('',(#1178));
#2829=EDGE_LOOP('',(#1179));
#2830=EDGE_LOOP('',(#1180));
#2831=EDGE_LOOP('',(#1181));
#2832=EDGE_LOOP('',(#1182));
#2833=EDGE_LOOP('',(#1183));
#2834=EDGE_LOOP('',(#1184));
#2835=EDGE_LOOP('',(#1185));
#2836=EDGE_LOOP('',(#1186));
#2837=EDGE_LOOP('',(#1187));
#2838=EDGE_LOOP('',(#1188));
#2839=EDGE_LOOP('',(#1189));
#2840=EDGE_LOOP('',(#1190));
#2841=EDGE_LOOP('',(#1191));
#2842=EDGE_LOOP('',(#1192));
#2843=EDGE_LOOP('',(#1193));
#2844=EDGE_LOOP('',(#1194));
#2845=EDGE_LOOP('',(#1195));
#2846=EDGE_LOOP('',(#1196));
#2847=EDGE_LOOP('',(#1197));
#2848=EDGE_LOOP('',(#1198));
#2849=EDGE_LOOP('',(#1199));
#2850=EDGE_LOOP('',(#1200));
#2851=EDGE_LOOP('',(#1201));
#2852=EDGE_LOOP('',(#1202));
#2853=EDGE_LOOP('',(#1203));
#2854=EDGE_LOOP('',(#1204));
#2855=EDGE_LOOP('',(#1205));
#2856=EDGE_LOOP('',(#1206));
#2857=EDGE_LOOP('',(#1207));
#2858=EDGE_LOOP('',(#1208));
#2859=EDGE_LOOP('',(#1209));
#2860=EDGE_LOOP('',(#1210));
#2861=EDGE_LOOP('',(#1211));
#2862=EDGE_LOOP('',(#1212));
#2863=EDGE_LOOP('',(#1213));
#2864=EDGE_LOOP('',(#1214));
#2865=EDGE_LOOP('',(#1215));
#2866=EDGE_LOOP('',(#1216));
#2867=EDGE_LOOP('',(#1217));
#2868=EDGE_LOOP('',(#1218));
#2869=EDGE_LOOP('',(#1219));
#2870=EDGE_LOOP('',(#1220));
#2871=EDGE_LOOP('',(#1221));
#2872=EDGE_LOOP('',(#1222));
#2873=EDGE_LOOP('',(#1223));
#2874=EDGE_LOOP('',(#1224));
#2875=EDGE_LOOP('',(#1225));
#2876=EDGE_LOOP('',(#1226));
#2877=EDGE_LOOP('',(#1227));
#2878=EDGE_LOOP('',(#1228));
#2879=EDGE_LOOP('',(#1229));
#2880=EDGE_LOOP('',(#1230));
#2881=EDGE_LOOP('',(#1231));
#2882=EDGE_LOOP('',(#1232));
#2883=EDGE_LOOP('',(#1233));
#2884=EDGE_LOOP('',(#1234));
#2885=EDGE_LOOP('',(#1235));
#2886=EDGE_LOOP('',(#1236));
#2887=EDGE_LOOP('',(#1237));
#2888=EDGE_LOOP('',(#1238));
#2889=EDGE_LOOP('',(#1239));
#2890=EDGE_LOOP('',(#1240));
#2891=EDGE_LOOP('',(#1241));
#2892=EDGE_LOOP('',(#1242));
#2893=EDGE_LOOP('',(#1243));
#2894=EDGE_LOOP('',(#1244));
#2895=EDGE_LOOP('',(#1245));
#2896=EDGE_LOOP('',(#1246));
#2897=EDGE_LOOP('',(#1247));
#2898=EDGE_LOOP('',(#1248));
#2899=EDGE_LOOP('',(#1249));
#2900=EDGE_LOOP('',(#1250));
#2901=EDGE_LOOP('',(#1251));
#2902=EDGE_LOOP('',(#1252));
#2903=EDGE_LOOP('',(#1253));
#2904=EDGE_LOOP('',(#1254));
#2905=EDGE_LOOP('',(#1255));
#2906=EDGE_LOOP('',(#1256));
#2907=EDGE_LOOP('',(#1257));
#2908=EDGE_LOOP('',(#1258));
#2909=EDGE_LOOP('',(#1259));
#2910=EDGE_LOOP('',(#1260));
#2911=EDGE_LOOP('',(#1261));
#2912=EDGE_LOOP('',(#1262));
#2913=EDGE_LOOP('',(#1263));
#2914=EDGE_LOOP('',(#1264));
#2915=EDGE_LOOP('',(#1265));
#2916=EDGE_LOOP('',(#1266));
#2917=EDGE_LOOP('',(#1267));
#2918=EDGE_LOOP('',(#1268));
#2919=EDGE_LOOP('',(#1269));
#2920=EDGE_LOOP('',(#1270));
#2921=EDGE_LOOP('',(#1271));
#2922=EDGE_LOOP('',(#1272));
#2923=EDGE_LOOP('',(#1273));
#2924=EDGE_LOOP('',(#1274));
#2925=EDGE_LOOP('',(#1275));
#2926=EDGE_LOOP('',(#1276));
#2927=EDGE_LOOP('',(#1277));
#2928=EDGE_LOOP('',(#1278));
#2929=EDGE_LOOP('',(#1279));
#2930=EDGE_LOOP('',(#1280));
#2931=EDGE_LOOP('',(#1281));
#2932=EDGE_LOOP('',(#1282));
#2933=EDGE_LOOP('',(#1283));
#2934=EDGE_LOOP('',(#1284));
#2935=EDGE_LOOP('',(#1285));
#2936=EDGE_LOOP('',(#1286));
#2937=EDGE_LOOP('',(#1287));
#2938=EDGE_LOOP('',(#1288));
#2939=EDGE_LOOP('',(#1289));
#2940=EDGE_LOOP('',(#1290));
#2941=EDGE_LOOP('',(#1291));
#2942=EDGE_LOOP('',(#1292));
#2943=EDGE_LOOP('',(#1293));
#2944=EDGE_LOOP('',(#1294));
#2945=EDGE_LOOP('',(#1295));
#2946=EDGE_LOOP('',(#1296));
#2947=EDGE_LOOP('',(#1297));
#2948=EDGE_LOOP('',(#1298));
#2949=EDGE_LOOP('',(#1299));
#2950=EDGE_LOOP('',(#1300));
#2951=EDGE_LOOP('',(#1301));
#2952=EDGE_LOOP('',(#1302));
#2953=EDGE_LOOP('',(#1303));
#2954=EDGE_LOOP('',(#1304));
#2955=EDGE_LOOP('',(#1305));
#2956=EDGE_LOOP('',(#1306));
#2957=EDGE_LOOP('',(#1307));
#2958=EDGE_LOOP('',(#1308));
#2959=EDGE_LOOP('',(#1309));
#2960=EDGE_LOOP('',(#1310));
#2961=EDGE_LOOP('',(#1311));
#2962=EDGE_LOOP('',(#1312));
#2963=EDGE_LOOP('',(#1313));
#2964=EDGE_LOOP('',(#1314));
#2965=EDGE_LOOP('',(#1315));
#2966=EDGE_LOOP('',(#1316));
#2967=EDGE_LOOP('',(#1317));
#2968=EDGE_LOOP('',(#1318));
#2969=EDGE_LOOP('',(#1319));
#2970=EDGE_LOOP('',(#1320));
#2971=EDGE_LOOP('',(#1321));
#2972=EDGE_LOOP('',(#1322));
#2973=EDGE_LOOP('',(#1323));
#2974=EDGE_LOOP('',(#1324));
#2975=EDGE_LOOP('',(#1325));
#2976=EDGE_LOOP('',(#1326));
#2977=EDGE_LOOP('',(#1327));
#2978=EDGE_LOOP('',(#1328));
#2979=EDGE_LOOP('',(#1329));
#2980=EDGE_LOOP('',(#1330));
#2981=EDGE_LOOP('',(#1331));
#2982=EDGE_LOOP('',(#1332));
#2983=EDGE_LOOP('',(#1333));
#2984=EDGE_LOOP('',(#1334));
#2985=EDGE_LOOP('',(#1335));
#2986=EDGE_LOOP('',(#1336));
#2987=EDGE_LOOP('',(#1337));
#2988=EDGE_LOOP('',(#1338));
#2989=EDGE_LOOP('',(#1339));
#2990=EDGE_LOOP('',(#1340));
#2991=EDGE_LOOP('',(#1341));
#2992=EDGE_LOOP('',(#1342));
#2993=EDGE_LOOP('',(#1343));
#2994=EDGE_LOOP('',(#1344));
#2995=EDGE_LOOP('',(#1345));
#2996=EDGE_LOOP('',(#1346));
#2997=EDGE_LOOP('',(#1347));
#2998=EDGE_LOOP('',(#1348));
#2999=EDGE_LOOP('',(#1349));
#3000=EDGE_LOOP('',(#1350));
#3001=EDGE_LOOP('',(#1351));
#3002=EDGE_LOOP('',(#1352));
#3003=EDGE_LOOP('',(#1353));
#3004=EDGE_LOOP('',(#1354));
#3005=EDGE_LOOP('',(#1355));
#3006=EDGE_LOOP('',(#1356));
#3007=EDGE_LOOP('',(#1357));
#3008=EDGE_LOOP('',(#1358));
#3009=EDGE_LOOP('',(#1359));
#3010=EDGE_LOOP('',(#1360));
#3011=EDGE_LOOP('',(#1361));
#3012=EDGE_LOOP('',(#1362));
#3013=EDGE_LOOP('',(#1363));
#3014=EDGE_LOOP('',(#1364));
#3015=EDGE_LOOP('',(#1365));
#3016=EDGE_LOOP('',(#1366));
#3017=EDGE_LOOP('',(#1367));
#3018=EDGE_LOOP('',(#1368));
#3019=EDGE_LOOP('',(#1369));
#3020=EDGE_LOOP('',(#1370));
#3021=EDGE_LOOP('',(#1371));
#3022=EDGE_LOOP('',(#1372));
#3023=EDGE_LOOP('',(#1373));
#3024=EDGE_LOOP('',(#1374));
#3025=EDGE_LOOP('',(#1375));
#3026=EDGE_LOOP('',(#1376));
#3027=EDGE_LOOP('',(#1377));
#3028=EDGE_LOOP('',(#1378));
#3029=EDGE_LOOP('',(#1379));
#3030=EDGE_LOOP('',(#1380));
#3031=EDGE_LOOP('',(#1381));
#3032=EDGE_LOOP('',(#1382));
#3033=EDGE_LOOP('',(#1383));
#3034=EDGE_LOOP('',(#1384));
#3035=EDGE_LOOP('',(#1385));
#3036=EDGE_LOOP('',(#1386));
#3037=EDGE_LOOP('',(#1387));
#3038=EDGE_LOOP('',(#1388));
#3039=EDGE_LOOP('',(#1389));
#3040=EDGE_LOOP('',(#1390));
#3041=EDGE_LOOP('',(#1391));
#3042=EDGE_LOOP('',(#1392));
#3043=EDGE_LOOP('',(#1393));
#3044=EDGE_LOOP('',(#1394));
#3045=EDGE_LOOP('',(#1395));
#3046=EDGE_LOOP('',(#1396));
#3047=EDGE_LOOP('',(#1397));
#3048=EDGE_LOOP('',(#1398));
#3049=EDGE_LOOP('',(#1399));
#3050=EDGE_LOOP('',(#1400));
#3051=EDGE_LOOP('',(#1401));
#3052=EDGE_LOOP('',(#1402));
#3053=EDGE_LOOP('',(#1403));
#3054=EDGE_LOOP('',(#1404));
#3055=EDGE_LOOP('',(#1405));
#3056=EDGE_LOOP('',(#1406));
#3057=EDGE_LOOP('',(#1407));
#3058=EDGE_LOOP('',(#1408));
#3059=EDGE_LOOP('',(#1409));
#3060=EDGE_LOOP('',(#1410));
#3061=EDGE_LOOP('',(#1411));
#3062=EDGE_LOOP('',(#1412));
#3063=EDGE_LOOP('',(#1413));
#3064=EDGE_LOOP('',(#1414));
#3065=EDGE_LOOP('',(#1415));
#3066=EDGE_LOOP('',(#1416));
#3067=EDGE_LOOP('',(#1417));
#3068=EDGE_LOOP('',(#1418));
#3069=EDGE_LOOP('',(#1419));
#3070=EDGE_LOOP('',(#1420));
#3071=EDGE_LOOP('',(#1421));
#3072=EDGE_LOOP('',(#1422));
#3073=EDGE_LOOP('',(#1423));
#3074=EDGE_LOOP('',(#1424));
#3075=EDGE_LOOP('',(#1425));
#3076=EDGE_LOOP('',(#1426));
#3077=EDGE_LOOP('',(#1427));
#3078=EDGE_LOOP('',(#1428));
#3079=EDGE_LOOP('',(#1429));
#3080=EDGE_LOOP('',(#1430));
#3081=EDGE_LOOP('',(#1431));
#3082=EDGE_LOOP('',(#1432));
#3083=EDGE_LOOP('',(#1433));
#3084=EDGE_LOOP('',(#1434));
#3085=EDGE_LOOP('',(#1435));
#3086=EDGE_LOOP('',(#1436));
#3087=EDGE_LOOP('',(#1437));
#3088=EDGE_LOOP('',(#1438));
#3089=EDGE_LOOP('',(#1439));
#3090=EDGE_LOOP('',(#1440));
#3091=EDGE_LOOP('',(#1441));
#3092=EDGE_LOOP('',(#1442));
#3093=EDGE_LOOP('',(#1443));
#3094=FACE_BOUND('',#2300,.T.);
#3095=FACE_BOUND('',#2301,.T.);
#3096=FACE_BOUND('',#2302,.T.);
#3097=FACE_BOUND('',#2303,.T.);
#3098=FACE_BOUND('',#2304,.T.);
#3099=FACE_BOUND('',#2305,.T.);
#3100=FACE_BOUND('',#2306,.T.);
#3101=FACE_BOUND('',#2307,.T.);
#3102=FACE_BOUND('',#2308,.T.);
#3103=FACE_BOUND('',#2309,.T.);
#3104=FACE_BOUND('',#2310,.T.);
#3105=FACE_BOUND('',#2311,.T.);
#3106=FACE_BOUND('',#2312,.T.);
#3107=FACE_BOUND('',#2313,.T.);
#3108=FACE_BOUND('',#2314,.T.);
#3109=FACE_BOUND('',#2315,.T.);
#3110=FACE_BOUND('',#2316,.T.);
#3111=FACE_BOUND('',#2317,.T.);
#3112=FACE_BOUND('',#2318,.T.);
#3113=FACE_BOUND('',#2319,.T.);
#3114=FACE_BOUND('',#2320,.T.);
#3115=FACE_BOUND('',#2321,.T.);
#3116=FACE_BOUND('',#2322,.T.);
#3117=FACE_BOUND('',#2323,.T.);
#3118=FACE_BOUND('',#2324,.T.);
#3119=FACE_BOUND('',#2325,.T.);
#3120=FACE_BOUND('',#2326,.T.);
#3121=FACE_BOUND('',#2327,.T.);
#3122=FACE_BOUND('',#2328,.T.);
#3123=FACE_BOUND('',#2329,.T.);
#3124=FACE_BOUND('',#2330,.T.);
#3125=FACE_BOUND('',#2331,.T.);
#3126=FACE_BOUND('',#2332,.T.);
#3127=FACE_BOUND('',#2333,.T.);
#3128=FACE_BOUND('',#2334,.T.);
#3129=FACE_BOUND('',#2335,.T.);
#3130=FACE_BOUND('',#2336,.T.);
#3131=FACE_BOUND('',#2337,.T.);
#3132=FACE_BOUND('',#2338,.T.);
#3133=FACE_BOUND('',#2339,.T.);
#3134=FACE_BOUND('',#2340,.T.);
#3135=FACE_BOUND('',#2341,.T.);
#3136=FACE_BOUND('',#2342,.T.);
#3137=FACE_BOUND('',#2343,.T.);
#3138=FACE_BOUND('',#2344,.T.);
#3139=FACE_BOUND('',#2345,.T.);
#3140=FACE_BOUND('',#2346,.T.);
#3141=FACE_BOUND('',#2347,.T.);
#3142=FACE_BOUND('',#2348,.T.);
#3143=FACE_BOUND('',#2349,.T.);
#3144=FACE_BOUND('',#2350,.T.);
#3145=FACE_BOUND('',#2351,.T.);
#3146=FACE_BOUND('',#2352,.T.);
#3147=FACE_BOUND('',#2353,.T.);
#3148=FACE_BOUND('',#2354,.T.);
#3149=FACE_BOUND('',#2355,.T.);
#3150=FACE_BOUND('',#2356,.T.);
#3151=FACE_BOUND('',#2357,.T.);
#3152=FACE_BOUND('',#2358,.T.);
#3153=FACE_BOUND('',#2359,.T.);
#3154=FACE_BOUND('',#2360,.T.);
#3155=FACE_BOUND('',#2361,.T.);
#3156=FACE_BOUND('',#2362,.T.);
#3157=FACE_BOUND('',#2363,.T.);
#3158=FACE_BOUND('',#2364,.T.);
#3159=FACE_BOUND('',#2365,.T.);
#3160=FACE_BOUND('',#2366,.T.);
#3161=FACE_BOUND('',#2367,.T.);
#3162=FACE_BOUND('',#2368,.T.);
#3163=FACE_BOUND('',#2369,.T.);
#3164=FACE_BOUND('',#2370,.T.);
#3165=FACE_BOUND('',#2371,.T.);
#3166=FACE_BOUND('',#2372,.T.);
#3167=FACE_BOUND('',#2373,.T.);
#3168=FACE_BOUND('',#2374,.T.);
#3169=FACE_BOUND('',#2375,.T.);
#3170=FACE_BOUND('',#2376,.T.);
#3171=FACE_BOUND('',#2377,.T.);
#3172=FACE_BOUND('',#2378,.T.);
#3173=FACE_BOUND('',#2379,.T.);
#3174=FACE_BOUND('',#2380,.T.);
#3175=FACE_BOUND('',#2381,.T.);
#3176=FACE_BOUND('',#2382,.T.);
#3177=FACE_BOUND('',#2383,.T.);
#3178=FACE_BOUND('',#2384,.T.);
#3179=FACE_BOUND('',#2385,.T.);
#3180=FACE_BOUND('',#2386,.T.);
#3181=FACE_BOUND('',#2387,.T.);
#3182=FACE_BOUND('',#2388,.T.);
#3183=FACE_BOUND('',#2389,.T.);
#3184=FACE_BOUND('',#2390,.T.);
#3185=FACE_BOUND('',#2391,.T.);
#3186=FACE_BOUND('',#2392,.T.);
#3187=FACE_BOUND('',#2393,.T.);
#3188=FACE_BOUND('',#2394,.T.);
#3189=FACE_BOUND('',#2395,.T.);
#3190=FACE_BOUND('',#2396,.T.);
#3191=FACE_BOUND('',#2397,.T.);
#3192=FACE_BOUND('',#2398,.T.);
#3193=FACE_BOUND('',#2399,.T.);
#3194=FACE_BOUND('',#2400,.T.);
#3195=FACE_BOUND('',#2401,.T.);
#3196=FACE_BOUND('',#2402,.T.);
#3197=FACE_BOUND('',#2403,.T.);
#3198=FACE_BOUND('',#2404,.T.);
#3199=FACE_BOUND('',#2405,.T.);
#3200=FACE_BOUND('',#2406,.T.);
#3201=FACE_BOUND('',#2407,.T.);
#3202=FACE_BOUND('',#2408,.T.);
#3203=FACE_BOUND('',#2409,.T.);
#3204=FACE_BOUND('',#2410,.T.);
#3205=FACE_BOUND('',#2411,.T.);
#3206=FACE_BOUND('',#2412,.T.);
#3207=FACE_BOUND('',#2413,.T.);
#3208=FACE_BOUND('',#2414,.T.);
#3209=FACE_BOUND('',#2415,.T.);
#3210=FACE_BOUND('',#2416,.T.);
#3211=FACE_BOUND('',#2417,.T.);
#3212=FACE_BOUND('',#2418,.T.);
#3213=FACE_BOUND('',#2419,.T.);
#3214=FACE_BOUND('',#2420,.T.);
#3215=FACE_BOUND('',#2421,.T.);
#3216=FACE_BOUND('',#2422,.T.);
#3217=FACE_BOUND('',#2423,.T.);
#3218=FACE_BOUND('',#2424,.T.);
#3219=FACE_BOUND('',#2425,.T.);
#3220=FACE_BOUND('',#2426,.T.);
#3221=FACE_BOUND('',#2427,.T.);
#3222=FACE_BOUND('',#2428,.T.);
#3223=FACE_BOUND('',#2429,.T.);
#3224=FACE_BOUND('',#2430,.T.);
#3225=FACE_BOUND('',#2431,.T.);
#3226=FACE_BOUND('',#2432,.T.);
#3227=FACE_BOUND('',#2433,.T.);
#3228=FACE_BOUND('',#2434,.T.);
#3229=FACE_BOUND('',#2435,.T.);
#3230=FACE_BOUND('',#2436,.T.);
#3231=FACE_BOUND('',#2437,.T.);
#3232=FACE_BOUND('',#2438,.T.);
#3233=FACE_BOUND('',#2439,.T.);
#3234=FACE_BOUND('',#2440,.T.);
#3235=FACE_BOUND('',#2441,.T.);
#3236=FACE_BOUND('',#2442,.T.);
#3237=FACE_BOUND('',#2443,.T.);
#3238=FACE_BOUND('',#2444,.T.);
#3239=FACE_BOUND('',#2445,.T.);
#3240=FACE_BOUND('',#2446,.T.);
#3241=FACE_BOUND('',#2447,.T.);
#3242=FACE_BOUND('',#2448,.T.);
#3243=FACE_BOUND('',#2449,.T.);
#3244=FACE_BOUND('',#2450,.T.);
#3245=FACE_BOUND('',#2451,.T.);
#3246=FACE_BOUND('',#2452,.T.);
#3247=FACE_BOUND('',#2453,.T.);
#3248=FACE_BOUND('',#2454,.T.);
#3249=FACE_BOUND('',#2455,.T.);
#3250=FACE_BOUND('',#2456,.T.);
#3251=FACE_BOUND('',#2457,.T.);
#3252=FACE_BOUND('',#2458,.T.);
#3253=FACE_BOUND('',#2459,.T.);
#3254=FACE_BOUND('',#2460,.T.);
#3255=FACE_BOUND('',#2461,.T.);
#3256=FACE_BOUND('',#2462,.T.);
#3257=FACE_BOUND('',#2463,.T.);
#3258=FACE_BOUND('',#2464,.T.);
#3259=FACE_BOUND('',#2465,.T.);
#3260=FACE_BOUND('',#2466,.T.);
#3261=FACE_BOUND('',#2467,.T.);
#3262=FACE_BOUND('',#2468,.T.);
#3263=FACE_BOUND('',#2469,.T.);
#3264=FACE_BOUND('',#2470,.T.);
#3265=FACE_BOUND('',#2471,.T.);
#3266=FACE_BOUND('',#2472,.T.);
#3267=FACE_BOUND('',#2473,.T.);
#3268=FACE_BOUND('',#2474,.T.);
#3269=FACE_BOUND('',#2475,.T.);
#3270=FACE_BOUND('',#2476,.T.);
#3271=FACE_BOUND('',#2477,.T.);
#3272=FACE_BOUND('',#2478,.T.);
#3273=FACE_BOUND('',#2479,.T.);
#3274=FACE_BOUND('',#2480,.T.);
#3275=FACE_BOUND('',#2481,.T.);
#3276=FACE_BOUND('',#2482,.T.);
#3277=FACE_BOUND('',#2483,.T.);
#3278=FACE_BOUND('',#2484,.T.);
#3279=FACE_BOUND('',#2485,.T.);
#3280=FACE_BOUND('',#2486,.T.);
#3281=FACE_BOUND('',#2487,.T.);
#3282=FACE_BOUND('',#2488,.T.);
#3283=FACE_BOUND('',#2489,.T.);
#3284=FACE_BOUND('',#2490,.T.);
#3285=FACE_BOUND('',#2491,.T.);
#3286=FACE_BOUND('',#2492,.T.);
#3287=FACE_BOUND('',#2493,.T.);
#3288=FACE_BOUND('',#2494,.T.);
#3289=FACE_BOUND('',#2495,.T.);
#3290=FACE_BOUND('',#2496,.T.);
#3291=FACE_BOUND('',#2497,.T.);
#3292=FACE_BOUND('',#2498,.T.);
#3293=FACE_BOUND('',#2499,.T.);
#3294=FACE_BOUND('',#2500,.T.);
#3295=FACE_BOUND('',#2501,.T.);
#3296=FACE_BOUND('',#2502,.T.);
#3297=FACE_BOUND('',#2503,.T.);
#3298=FACE_BOUND('',#2504,.T.);
#3299=FACE_BOUND('',#2505,.T.);
#3300=FACE_BOUND('',#2506,.T.);
#3301=FACE_BOUND('',#2507,.T.);
#3302=FACE_BOUND('',#2508,.T.);
#3303=FACE_BOUND('',#2509,.T.);
#3304=FACE_BOUND('',#2510,.T.);
#3305=FACE_BOUND('',#2511,.T.);
#3306=FACE_BOUND('',#2512,.T.);
#3307=FACE_BOUND('',#2513,.T.);
#3308=FACE_BOUND('',#2514,.T.);
#3309=FACE_BOUND('',#2515,.T.);
#3310=FACE_BOUND('',#2516,.T.);
#3311=FACE_BOUND('',#2517,.T.);
#3312=FACE_BOUND('',#2518,.T.);
#3313=FACE_BOUND('',#2519,.T.);
#3314=FACE_BOUND('',#2520,.T.);
#3315=FACE_BOUND('',#2521,.T.);
#3316=FACE_BOUND('',#2522,.T.);
#3317=FACE_BOUND('',#2523,.T.);
#3318=FACE_BOUND('',#2524,.T.);
#3319=FACE_BOUND('',#2525,.T.);
#3320=FACE_BOUND('',#2526,.T.);
#3321=FACE_BOUND('',#2527,.T.);
#3322=FACE_BOUND('',#2528,.T.);
#3323=FACE_BOUND('',#2529,.T.);
#3324=FACE_BOUND('',#2530,.T.);
#3325=FACE_BOUND('',#2531,.T.);
#3326=FACE_BOUND('',#2532,.T.);
#3327=FACE_BOUND('',#2533,.T.);
#3328=FACE_BOUND('',#2534,.T.);
#3329=FACE_BOUND('',#2535,.T.);
#3330=FACE_BOUND('',#2536,.T.);
#3331=FACE_BOUND('',#2537,.T.);
#3332=FACE_BOUND('',#2538,.T.);
#3333=FACE_BOUND('',#2539,.T.);
#3334=FACE_BOUND('',#2540,.T.);
#3335=FACE_BOUND('',#2541,.T.);
#3336=FACE_BOUND('',#2542,.T.);
#3337=FACE_BOUND('',#2543,.T.);
#3338=FACE_BOUND('',#2544,.T.);
#3339=FACE_BOUND('',#2545,.T.);
#3340=FACE_BOUND('',#2546,.T.);
#3341=FACE_BOUND('',#2547,.T.);
#3342=FACE_BOUND('',#2548,.T.);
#3343=FACE_BOUND('',#2549,.T.);
#3344=FACE_BOUND('',#2550,.T.);
#3345=FACE_BOUND('',#2551,.T.);
#3346=FACE_BOUND('',#2552,.T.);
#3347=FACE_BOUND('',#2553,.T.);
#3348=FACE_BOUND('',#2554,.T.);
#3349=FACE_BOUND('',#2555,.T.);
#3350=FACE_BOUND('',#2556,.T.);
#3351=FACE_BOUND('',#2557,.T.);
#3352=FACE_BOUND('',#2558,.T.);
#3353=FACE_BOUND('',#2559,.T.);
#3354=FACE_BOUND('',#2560,.T.);
#3355=FACE_BOUND('',#2561,.T.);
#3356=FACE_BOUND('',#2562,.T.);
#3357=FACE_BOUND('',#2563,.T.);
#3358=FACE_BOUND('',#2564,.T.);
#3359=FACE_BOUND('',#2565,.T.);
#3360=FACE_BOUND('',#2566,.T.);
#3361=FACE_BOUND('',#2567,.T.);
#3362=FACE_BOUND('',#2568,.T.);
#3363=FACE_BOUND('',#2569,.T.);
#3364=FACE_BOUND('',#2570,.T.);
#3365=FACE_BOUND('',#2571,.T.);
#3366=FACE_BOUND('',#2572,.T.);
#3367=FACE_BOUND('',#2573,.T.);
#3368=FACE_BOUND('',#2574,.T.);
#3369=FACE_BOUND('',#2575,.T.);
#3370=FACE_BOUND('',#2576,.T.);
#3371=FACE_BOUND('',#2577,.T.);
#3372=FACE_BOUND('',#2578,.T.);
#3373=FACE_BOUND('',#2579,.T.);
#3374=FACE_BOUND('',#2580,.T.);
#3375=FACE_BOUND('',#2581,.T.);
#3376=FACE_BOUND('',#2582,.T.);
#3377=FACE_BOUND('',#2583,.T.);
#3378=FACE_BOUND('',#2584,.T.);
#3379=FACE_BOUND('',#2585,.T.);
#3380=FACE_BOUND('',#2586,.T.);
#3381=FACE_BOUND('',#2587,.T.);
#3382=FACE_BOUND('',#2588,.T.);
#3383=FACE_BOUND('',#2589,.T.);
#3384=FACE_BOUND('',#2590,.T.);
#3385=FACE_BOUND('',#2591,.T.);
#3386=FACE_BOUND('',#2592,.T.);
#3387=FACE_BOUND('',#2593,.T.);
#3388=FACE_BOUND('',#2594,.T.);
#3389=FACE_BOUND('',#2595,.T.);
#3390=FACE_BOUND('',#2596,.T.);
#3391=FACE_BOUND('',#2597,.T.);
#3392=FACE_BOUND('',#2598,.T.);
#3393=FACE_BOUND('',#2599,.T.);
#3394=FACE_BOUND('',#2600,.T.);
#3395=FACE_BOUND('',#2601,.T.);
#3396=FACE_BOUND('',#2602,.T.);
#3397=FACE_BOUND('',#2603,.T.);
#3398=FACE_BOUND('',#2604,.T.);
#3399=FACE_BOUND('',#2605,.T.);
#3400=FACE_BOUND('',#2606,.T.);
#3401=FACE_BOUND('',#2607,.T.);
#3402=FACE_BOUND('',#2608,.T.);
#3403=FACE_BOUND('',#2609,.T.);
#3404=FACE_BOUND('',#2610,.T.);
#3405=FACE_BOUND('',#2611,.T.);
#3406=FACE_BOUND('',#2612,.T.);
#3407=FACE_BOUND('',#2613,.T.);
#3408=FACE_BOUND('',#2614,.T.);
#3409=FACE_BOUND('',#2615,.T.);
#3410=FACE_BOUND('',#2616,.T.);
#3411=FACE_BOUND('',#2617,.T.);
#3412=FACE_BOUND('',#2618,.T.);
#3413=FACE_BOUND('',#2619,.T.);
#3414=FACE_BOUND('',#2620,.T.);
#3415=FACE_BOUND('',#2621,.T.);
#3416=FACE_BOUND('',#2622,.T.);
#3417=FACE_BOUND('',#2623,.T.);
#3418=FACE_BOUND('',#2624,.T.);
#3419=FACE_BOUND('',#2625,.T.);
#3420=FACE_BOUND('',#2626,.T.);
#3421=FACE_BOUND('',#2627,.T.);
#3422=FACE_BOUND('',#2628,.T.);
#3423=FACE_BOUND('',#2629,.T.);
#3424=FACE_BOUND('',#2630,.T.);
#3425=FACE_BOUND('',#2631,.T.);
#3426=FACE_BOUND('',#2632,.T.);
#3427=FACE_BOUND('',#2633,.T.);
#3428=FACE_BOUND('',#2634,.T.);
#3429=FACE_BOUND('',#2635,.T.);
#3430=FACE_BOUND('',#2636,.T.);
#3431=FACE_BOUND('',#2637,.T.);
#3432=FACE_BOUND('',#2638,.T.);
#3433=FACE_BOUND('',#2639,.T.);
#3434=FACE_BOUND('',#2640,.T.);
#3435=FACE_BOUND('',#2641,.T.);
#3436=FACE_BOUND('',#2642,.T.);
#3437=FACE_BOUND('',#2643,.T.);
#3438=FACE_BOUND('',#2644,.T.);
#3439=FACE_BOUND('',#2645,.T.);
#3440=FACE_BOUND('',#2646,.T.);
#3441=FACE_BOUND('',#2647,.T.);
#3442=FACE_BOUND('',#2648,.T.);
#3443=FACE_BOUND('',#2649,.T.);
#3444=FACE_BOUND('',#2650,.T.);
#3445=FACE_BOUND('',#2651,.T.);
#3446=FACE_BOUND('',#2652,.T.);
#3447=FACE_BOUND('',#2653,.T.);
#3448=FACE_BOUND('',#2654,.T.);
#3449=FACE_BOUND('',#2655,.T.);
#3450=FACE_BOUND('',#2656,.T.);
#3451=FACE_BOUND('',#2657,.T.);
#3452=FACE_BOUND('',#2658,.T.);
#3453=FACE_BOUND('',#2659,.T.);
#3454=FACE_BOUND('',#2660,.T.);
#3455=FACE_BOUND('',#2661,.T.);
#3456=FACE_BOUND('',#2662,.T.);
#3457=FACE_BOUND('',#2663,.T.);
#3458=FACE_BOUND('',#2664,.T.);
#3459=FACE_BOUND('',#2665,.T.);
#3460=FACE_BOUND('',#2666,.T.);
#3461=FACE_BOUND('',#2667,.T.);
#3462=FACE_BOUND('',#2668,.T.);
#3463=FACE_BOUND('',#2669,.T.);
#3464=FACE_BOUND('',#2670,.T.);
#3465=FACE_BOUND('',#2671,.T.);
#3466=FACE_BOUND('',#2672,.T.);
#3467=FACE_BOUND('',#2673,.T.);
#3468=FACE_BOUND('',#2674,.T.);
#3469=FACE_BOUND('',#2675,.T.);
#3470=FACE_BOUND('',#2676,.T.);
#3471=FACE_BOUND('',#2677,.T.);
#3472=FACE_BOUND('',#2678,.T.);
#3473=FACE_BOUND('',#2679,.T.);
#3474=FACE_BOUND('',#2680,.T.);
#3475=FACE_BOUND('',#2681,.T.);
#3476=FACE_BOUND('',#2682,.T.);
#3477=FACE_BOUND('',#2683,.T.);
#3478=FACE_BOUND('',#2684,.T.);
#3479=FACE_BOUND('',#2685,.T.);
#3480=FACE_BOUND('',#2686,.T.);
#3481=FACE_BOUND('',#2687,.T.);
#3482=FACE_BOUND('',#2688,.T.);
#3483=FACE_BOUND('',#2689,.T.);
#3484=FACE_BOUND('',#2690,.T.);
#3485=FACE_BOUND('',#2691,.T.);
#3486=FACE_BOUND('',#2692,.T.);
#3487=FACE_BOUND('',#2693,.T.);
#3488=FACE_BOUND('',#2694,.T.);
#3489=FACE_BOUND('',#2695,.T.);
#3490=FACE_BOUND('',#2696,.T.);
#3491=FACE_BOUND('',#2697,.T.);
#3492=FACE_BOUND('',#2698,.T.);
#3493=FACE_BOUND('',#2699,.T.);
#3494=FACE_BOUND('',#2700,.T.);
#3495=FACE_BOUND('',#2701,.T.);
#3496=FACE_BOUND('',#2702,.T.);
#3497=FACE_BOUND('',#2703,.T.);
#3498=FACE_BOUND('',#2704,.T.);
#3499=FACE_BOUND('',#2705,.T.);
#3500=FACE_BOUND('',#2706,.T.);
#3501=FACE_BOUND('',#2707,.T.);
#3502=FACE_BOUND('',#2708,.T.);
#3503=FACE_BOUND('',#2709,.T.);
#3504=FACE_BOUND('',#2710,.T.);
#3505=FACE_BOUND('',#2711,.T.);
#3506=FACE_BOUND('',#2712,.T.);
#3507=FACE_BOUND('',#2713,.T.);
#3508=FACE_BOUND('',#2714,.T.);
#3509=FACE_BOUND('',#2715,.T.);
#3510=FACE_BOUND('',#2716,.T.);
#3511=FACE_BOUND('',#2717,.T.);
#3512=FACE_BOUND('',#2718,.T.);
#3513=FACE_BOUND('',#2719,.T.);
#3514=FACE_BOUND('',#2720,.T.);
#3515=FACE_BOUND('',#2721,.T.);
#3516=FACE_BOUND('',#2722,.T.);
#3517=FACE_BOUND('',#2723,.T.);
#3518=FACE_BOUND('',#2724,.T.);
#3519=FACE_BOUND('',#2725,.T.);
#3520=FACE_BOUND('',#2726,.T.);
#3521=FACE_BOUND('',#2727,.T.);
#3522=FACE_BOUND('',#2728,.T.);
#3523=FACE_BOUND('',#2729,.T.);
#3524=FACE_BOUND('',#2730,.T.);
#3525=FACE_BOUND('',#2731,.T.);
#3526=FACE_BOUND('',#2732,.T.);
#3527=FACE_BOUND('',#2733,.T.);
#3528=FACE_BOUND('',#2734,.T.);
#3529=FACE_BOUND('',#2735,.T.);
#3530=FACE_BOUND('',#2736,.T.);
#3531=FACE_BOUND('',#2737,.T.);
#3532=FACE_BOUND('',#2738,.T.);
#3533=FACE_BOUND('',#2739,.T.);
#3534=FACE_BOUND('',#2740,.T.);
#3535=FACE_BOUND('',#2741,.T.);
#3536=FACE_BOUND('',#2742,.T.);
#3537=FACE_BOUND('',#2743,.T.);
#3538=FACE_BOUND('',#2744,.T.);
#3539=FACE_BOUND('',#2745,.T.);
#3540=FACE_BOUND('',#2746,.T.);
#3541=FACE_BOUND('',#2747,.T.);
#3542=FACE_BOUND('',#2748,.T.);
#3543=FACE_BOUND('',#2749,.T.);
#3544=FACE_BOUND('',#2750,.T.);
#3545=FACE_BOUND('',#2751,.T.);
#3546=FACE_BOUND('',#2752,.T.);
#3547=FACE_BOUND('',#2753,.T.);
#3548=FACE_BOUND('',#2754,.T.);
#3549=FACE_BOUND('',#2755,.T.);
#3550=FACE_BOUND('',#2756,.T.);
#3551=FACE_BOUND('',#2757,.T.);
#3552=FACE_BOUND('',#2758,.T.);
#3553=FACE_BOUND('',#2759,.T.);
#3554=FACE_BOUND('',#2760,.T.);
#3555=FACE_BOUND('',#2761,.T.);
#3556=FACE_BOUND('',#2762,.T.);
#3557=FACE_BOUND('',#2763,.T.);
#3558=FACE_BOUND('',#2764,.T.);
#3559=FACE_BOUND('',#2765,.T.);
#3560=FACE_BOUND('',#2766,.T.);
#3561=FACE_BOUND('',#2767,.T.);
#3562=FACE_BOUND('',#2768,.T.);
#3563=FACE_BOUND('',#2769,.T.);
#3564=FACE_BOUND('',#2770,.T.);
#3565=FACE_BOUND('',#2771,.T.);
#3566=FACE_BOUND('',#2772,.T.);
#3567=FACE_BOUND('',#2773,.T.);
#3568=FACE_BOUND('',#2774,.T.);
#3569=FACE_BOUND('',#2775,.T.);
#3570=FACE_BOUND('',#2776,.T.);
#3571=FACE_BOUND('',#2777,.T.);
#3572=FACE_BOUND('',#2778,.T.);
#3573=FACE_BOUND('',#2779,.T.);
#3574=FACE_BOUND('',#2780,.T.);
#3575=FACE_BOUND('',#2781,.T.);
#3576=FACE_BOUND('',#2782,.T.);
#3577=FACE_BOUND('',#2783,.T.);
#3578=FACE_BOUND('',#2784,.T.);
#3579=FACE_BOUND('',#2785,.T.);
#3580=FACE_BOUND('',#2786,.T.);
#3581=FACE_BOUND('',#2787,.T.);
#3582=FACE_BOUND('',#2788,.T.);
#3583=FACE_BOUND('',#2789,.T.);
#3584=FACE_BOUND('',#2790,.T.);
#3585=FACE_BOUND('',#2791,.T.);
#3586=FACE_BOUND('',#2792,.T.);
#3587=FACE_BOUND('',#2793,.T.);
#3588=FACE_BOUND('',#2794,.T.);
#3589=FACE_BOUND('',#2795,.T.);
#3590=FACE_BOUND('',#2796,.T.);
#3591=FACE_BOUND('',#2797,.T.);
#3592=FACE_BOUND('',#2798,.T.);
#3593=FACE_BOUND('',#2799,.T.);
#3594=FACE_BOUND('',#2800,.T.);
#3595=FACE_BOUND('',#2801,.T.);
#3596=FACE_BOUND('',#2802,.T.);
#3597=FACE_BOUND('',#2803,.T.);
#3598=FACE_BOUND('',#2804,.T.);
#3599=FACE_BOUND('',#2805,.T.);
#3600=FACE_BOUND('',#2806,.T.);
#3601=FACE_BOUND('',#2807,.T.);
#3602=FACE_BOUND('',#2808,.T.);
#3603=FACE_BOUND('',#2809,.T.);
#3604=FACE_BOUND('',#2810,.T.);
#3605=FACE_BOUND('',#2811,.T.);
#3606=FACE_BOUND('',#2812,.T.);
#3607=FACE_BOUND('',#2813,.T.);
#3608=FACE_BOUND('',#2814,.T.);
#3609=FACE_BOUND('',#2815,.T.);
#3610=FACE_BOUND('',#2816,.T.);
#3611=FACE_BOUND('',#2817,.T.);
#3612=FACE_BOUND('',#2818,.T.);
#3613=FACE_BOUND('',#2819,.T.);
#3614=FACE_BOUND('',#2820,.T.);
#3615=FACE_BOUND('',#2821,.T.);
#3616=FACE_BOUND('',#2822,.T.);
#3617=FACE_BOUND('',#2823,.T.);
#3618=FACE_BOUND('',#2824,.T.);
#3619=FACE_BOUND('',#2825,.T.);
#3620=FACE_BOUND('',#2826,.T.);
#3621=FACE_BOUND('',#2827,.T.);
#3622=FACE_BOUND('',#2828,.T.);
#3623=FACE_BOUND('',#2829,.T.);
#3624=FACE_BOUND('',#2830,.T.);
#3625=FACE_BOUND('',#2831,.T.);
#3626=FACE_BOUND('',#2832,.T.);
#3627=FACE_BOUND('',#2833,.T.);
#3628=FACE_BOUND('',#2834,.T.);
#3629=FACE_BOUND('',#2835,.T.);
#3630=FACE_BOUND('',#2836,.T.);
#3631=FACE_BOUND('',#2837,.T.);
#3632=FACE_BOUND('',#2838,.T.);
#3633=FACE_BOUND('',#2839,.T.);
#3634=FACE_BOUND('',#2840,.T.);
#3635=FACE_BOUND('',#2841,.T.);
#3636=FACE_BOUND('',#2842,.T.);
#3637=FACE_BOUND('',#2843,.T.);
#3638=FACE_BOUND('',#2844,.T.);
#3639=FACE_BOUND('',#2845,.T.);
#3640=FACE_BOUND('',#2846,.T.);
#3641=FACE_BOUND('',#2847,.T.);
#3642=FACE_BOUND('',#2848,.T.);
#3643=FACE_BOUND('',#2849,.T.);
#3644=FACE_BOUND('',#2850,.T.);
#3645=FACE_BOUND('',#2851,.T.);
#3646=FACE_BOUND('',#2852,.T.);
#3647=FACE_BOUND('',#2853,.T.);
#3648=FACE_BOUND('',#2854,.T.);
#3649=FACE_BOUND('',#2855,.T.);
#3650=FACE_BOUND('',#2856,.T.);
#3651=FACE_BOUND('',#2857,.T.);
#3652=FACE_BOUND('',#2858,.T.);
#3653=FACE_BOUND('',#2859,.T.);
#3654=FACE_BOUND('',#2860,.T.);
#3655=FACE_BOUND('',#2861,.T.);
#3656=FACE_BOUND('',#2862,.T.);
#3657=FACE_BOUND('',#2863,.T.);
#3658=FACE_BOUND('',#2864,.T.);
#3659=FACE_BOUND('',#2865,.T.);
#3660=FACE_BOUND('',#2866,.T.);
#3661=FACE_BOUND('',#2867,.T.);
#3662=FACE_BOUND('',#2868,.T.);
#3663=FACE_BOUND('',#2869,.T.);
#3664=FACE_BOUND('',#2870,.T.);
#3665=FACE_BOUND('',#2871,.T.);
#3666=FACE_BOUND('',#2872,.T.);
#3667=FACE_BOUND('',#2873,.T.);
#3668=FACE_BOUND('',#2874,.T.);
#3669=FACE_BOUND('',#2875,.T.);
#3670=FACE_BOUND('',#2876,.T.);
#3671=FACE_BOUND('',#2877,.T.);
#3672=FACE_BOUND('',#2878,.T.);
#3673=FACE_BOUND('',#2879,.T.);
#3674=FACE_BOUND('',#2880,.T.);
#3675=FACE_BOUND('',#2881,.T.);
#3676=FACE_BOUND('',#2882,.T.);
#3677=FACE_BOUND('',#2883,.T.);
#3678=FACE_BOUND('',#2884,.T.);
#3679=FACE_BOUND('',#2885,.T.);
#3680=FACE_BOUND('',#2886,.T.);
#3681=FACE_BOUND('',#2887,.T.);
#3682=FACE_BOUND('',#2888,.T.);
#3683=FACE_BOUND('',#2889,.T.);
#3684=FACE_BOUND('',#2890,.T.);
#3685=FACE_BOUND('',#2891,.T.);
#3686=FACE_BOUND('',#2892,.T.);
#3687=FACE_BOUND('',#2893,.T.);
#3688=FACE_BOUND('',#2894,.T.);
#3689=FACE_BOUND('',#2895,.T.);
#3690=FACE_BOUND('',#2896,.T.);
#3691=FACE_BOUND('',#2897,.T.);
#3692=FACE_BOUND('',#2898,.T.);
#3693=FACE_BOUND('',#2899,.T.);
#3694=FACE_BOUND('',#2900,.T.);
#3695=FACE_BOUND('',#2901,.T.);
#3696=FACE_BOUND('',#2902,.T.);
#3697=FACE_BOUND('',#2903,.T.);
#3698=FACE_BOUND('',#2904,.T.);
#3699=FACE_BOUND('',#2905,.T.);
#3700=FACE_BOUND('',#2906,.T.);
#3701=FACE_BOUND('',#2907,.T.);
#3702=FACE_BOUND('',#2908,.T.);
#3703=FACE_BOUND('',#2909,.T.);
#3704=FACE_BOUND('',#2910,.T.);
#3705=FACE_BOUND('',#2911,.T.);
#3706=FACE_BOUND('',#2912,.T.);
#3707=FACE_BOUND('',#2913,.T.);
#3708=FACE_BOUND('',#2914,.T.);
#3709=FACE_BOUND('',#2915,.T.);
#3710=FACE_BOUND('',#2916,.T.);
#3711=FACE_BOUND('',#2917,.T.);
#3712=FACE_BOUND('',#2918,.T.);
#3713=FACE_BOUND('',#2919,.T.);
#3714=FACE_BOUND('',#2920,.T.);
#3715=FACE_BOUND('',#2921,.T.);
#3716=FACE_BOUND('',#2922,.T.);
#3717=FACE_BOUND('',#2923,.T.);
#3718=FACE_BOUND('',#2924,.T.);
#3719=FACE_BOUND('',#2925,.T.);
#3720=FACE_BOUND('',#2926,.T.);
#3721=FACE_BOUND('',#2927,.T.);
#3722=FACE_BOUND('',#2928,.T.);
#3723=FACE_BOUND('',#2929,.T.);
#3724=FACE_BOUND('',#2930,.T.);
#3725=FACE_BOUND('',#2931,.T.);
#3726=FACE_BOUND('',#2932,.T.);
#3727=FACE_BOUND('',#2933,.T.);
#3728=FACE_BOUND('',#2934,.T.);
#3729=FACE_BOUND('',#2935,.T.);
#3730=FACE_BOUND('',#2936,.T.);
#3731=FACE_BOUND('',#2937,.T.);
#3732=FACE_BOUND('',#2938,.T.);
#3733=FACE_BOUND('',#2939,.T.);
#3734=FACE_BOUND('',#2940,.T.);
#3735=FACE_BOUND('',#2941,.T.);
#3736=FACE_BOUND('',#2942,.T.);
#3737=FACE_BOUND('',#2943,.T.);
#3738=FACE_BOUND('',#2944,.T.);
#3739=FACE_BOUND('',#2945,.T.);
#3740=FACE_BOUND('',#2946,.T.);
#3741=FACE_BOUND('',#2947,.T.);
#3742=FACE_BOUND('',#2948,.T.);
#3743=FACE_BOUND('',#2949,.T.);
#3744=FACE_BOUND('',#2950,.T.);
#3745=FACE_BOUND('',#2951,.T.);
#3746=FACE_BOUND('',#2952,.T.);
#3747=FACE_BOUND('',#2953,.T.);
#3748=FACE_BOUND('',#2954,.T.);
#3749=FACE_BOUND('',#2955,.T.);
#3750=FACE_BOUND('',#2956,.T.);
#3751=FACE_BOUND('',#2957,.T.);
#3752=FACE_BOUND('',#2958,.T.);
#3753=FACE_BOUND('',#2959,.T.);
#3754=FACE_BOUND('',#2960,.T.);
#3755=FACE_BOUND('',#2961,.T.);
#3756=FACE_BOUND('',#2962,.T.);
#3757=FACE_BOUND('',#2963,.T.);
#3758=FACE_BOUND('',#2964,.T.);
#3759=FACE_BOUND('',#2965,.T.);
#3760=FACE_BOUND('',#2966,.T.);
#3761=FACE_BOUND('',#2967,.T.);
#3762=FACE_BOUND('',#2968,.T.);
#3763=FACE_BOUND('',#2969,.T.);
#3764=FACE_BOUND('',#2970,.T.);
#3765=FACE_BOUND('',#2971,.T.);
#3766=FACE_BOUND('',#2972,.T.);
#3767=FACE_BOUND('',#2973,.T.);
#3768=FACE_BOUND('',#2974,.T.);
#3769=FACE_BOUND('',#2975,.T.);
#3770=FACE_BOUND('',#2976,.T.);
#3771=FACE_BOUND('',#2977,.T.);
#3772=FACE_BOUND('',#2978,.T.);
#3773=FACE_BOUND('',#2979,.T.);
#3774=FACE_BOUND('',#2980,.T.);
#3775=FACE_BOUND('',#2981,.T.);
#3776=FACE_BOUND('',#2982,.T.);
#3777=FACE_BOUND('',#2983,.T.);
#3778=FACE_BOUND('',#2984,.T.);
#3779=FACE_BOUND('',#2985,.T.);
#3780=FACE_BOUND('',#2986,.T.);
#3781=FACE_BOUND('',#2987,.T.);
#3782=FACE_BOUND('',#2988,.T.);
#3783=FACE_BOUND('',#2989,.T.);
#3784=FACE_BOUND('',#2990,.T.);
#3785=FACE_BOUND('',#2991,.T.);
#3786=FACE_BOUND('',#2992,.T.);
#3787=FACE_BOUND('',#2993,.T.);
#3788=FACE_BOUND('',#2994,.T.);
#3789=FACE_BOUND('',#2995,.T.);
#3790=FACE_BOUND('',#2996,.T.);
#3791=FACE_BOUND('',#2997,.T.);
#3792=FACE_BOUND('',#2998,.T.);
#3793=FACE_BOUND('',#2999,.T.);
#3794=FACE_BOUND('',#3000,.T.);
#3795=FACE_BOUND('',#3001,.T.);
#3796=FACE_BOUND('',#3002,.T.);
#3797=FACE_BOUND('',#3003,.T.);
#3798=FACE_BOUND('',#3004,.T.);
#3799=FACE_BOUND('',#3005,.T.);
#3800=FACE_BOUND('',#3006,.T.);
#3801=FACE_BOUND('',#3007,.T.);
#3802=FACE_BOUND('',#3008,.T.);
#3803=FACE_BOUND('',#3009,.T.);
#3804=FACE_BOUND('',#3010,.T.);
#3805=FACE_BOUND('',#3011,.T.);
#3806=FACE_BOUND('',#3012,.T.);
#3807=FACE_BOUND('',#3013,.T.);
#3808=FACE_BOUND('',#3014,.T.);
#3809=FACE_BOUND('',#3015,.T.);
#3810=FACE_BOUND('',#3016,.T.);
#3811=FACE_BOUND('',#3017,.T.);
#3812=FACE_BOUND('',#3018,.T.);
#3813=FACE_BOUND('',#3019,.T.);
#3814=FACE_BOUND('',#3020,.T.);
#3815=FACE_BOUND('',#3021,.T.);
#3816=FACE_BOUND('',#3022,.T.);
#3817=FACE_BOUND('',#3023,.T.);
#3818=FACE_BOUND('',#3024,.T.);
#3819=FACE_BOUND('',#3025,.T.);
#3820=FACE_BOUND('',#3026,.T.);
#3821=FACE_BOUND('',#3027,.T.);
#3822=FACE_BOUND('',#3028,.T.);
#3823=FACE_BOUND('',#3029,.T.);
#3824=FACE_BOUND('',#3030,.T.);
#3825=FACE_BOUND('',#3031,.T.);
#3826=FACE_BOUND('',#3032,.T.);
#3827=FACE_BOUND('',#3033,.T.);
#3828=FACE_BOUND('',#3034,.T.);
#3829=FACE_BOUND('',#3035,.T.);
#3830=FACE_BOUND('',#3036,.T.);
#3831=FACE_BOUND('',#3037,.T.);
#3832=FACE_BOUND('',#3038,.T.);
#3833=FACE_BOUND('',#3039,.T.);
#3834=FACE_BOUND('',#3040,.T.);
#3835=FACE_BOUND('',#3041,.T.);
#3836=FACE_BOUND('',#3042,.T.);
#3837=FACE_BOUND('',#3043,.T.);
#3838=FACE_BOUND('',#3044,.T.);
#3839=FACE_BOUND('',#3045,.T.);
#3840=FACE_BOUND('',#3046,.T.);
#3841=FACE_BOUND('',#3047,.T.);
#3842=FACE_BOUND('',#3048,.T.);
#3843=FACE_BOUND('',#3049,.T.);
#3844=FACE_BOUND('',#3050,.T.);
#3845=FACE_BOUND('',#3051,.T.);
#3846=FACE_BOUND('',#3052,.T.);
#3847=FACE_BOUND('',#3053,.T.);
#3848=FACE_BOUND('',#3054,.T.);
#3849=FACE_BOUND('',#3055,.T.);
#3850=FACE_BOUND('',#3056,.T.);
#3851=FACE_BOUND('',#3057,.T.);
#3852=FACE_BOUND('',#3058,.T.);
#3853=FACE_BOUND('',#3059,.T.);
#3854=FACE_BOUND('',#3060,.T.);
#3855=FACE_BOUND('',#3061,.T.);
#3856=FACE_BOUND('',#3062,.T.);
#3857=FACE_BOUND('',#3063,.T.);
#3858=FACE_BOUND('',#3064,.T.);
#3859=FACE_BOUND('',#3065,.T.);
#3860=FACE_BOUND('',#3066,.T.);
#3861=FACE_BOUND('',#3067,.T.);
#3862=FACE_BOUND('',#3068,.T.);
#3863=FACE_BOUND('',#3069,.T.);
#3864=FACE_BOUND('',#3070,.T.);
#3865=FACE_BOUND('',#3071,.T.);
#3866=FACE_BOUND('',#3072,.T.);
#3867=FACE_BOUND('',#3073,.T.);
#3868=FACE_BOUND('',#3074,.T.);
#3869=FACE_BOUND('',#3075,.T.);
#3870=FACE_BOUND('',#3076,.T.);
#3871=FACE_BOUND('',#3077,.T.);
#3872=FACE_BOUND('',#3078,.T.);
#3873=FACE_BOUND('',#3079,.T.);
#3874=FACE_BOUND('',#3080,.T.);
#3875=FACE_BOUND('',#3081,.T.);
#3876=FACE_BOUND('',#3082,.T.);
#3877=FACE_BOUND('',#3083,.T.);
#3878=FACE_BOUND('',#3084,.T.);
#3879=FACE_BOUND('',#3085,.T.);
#3880=FACE_BOUND('',#3086,.T.);
#3881=FACE_BOUND('',#3087,.T.);
#3882=FACE_BOUND('',#3088,.T.);
#3883=FACE_BOUND('',#3089,.T.);
#3884=FACE_BOUND('',#3090,.T.);
#3885=FACE_BOUND('',#3091,.T.);
#3886=FACE_BOUND('',#3092,.T.);
#3887=FACE_BOUND('',#3093,.T.);
#3888=PLANE('',#4113);
#3889=PLANE('',#4114);
#3890=PLANE('',#4115);
#3891=PLANE('',#4116);
#3892=PLANE('',#4117);
#3893=PLANE('',#4318);
#3894=ADVANCED_FACE('',(#3094),#3888,.T.);
#3895=ADVANCED_FACE('',(#3095),#3889,.F.);
#3896=ADVANCED_FACE('',(#3096),#3890,.F.);
#3897=ADVANCED_FACE('',(#3097),#3891,.T.);
#3898=ADVANCED_FACE('',(#3098,#3099,#3100,#3101,#3102,#3103,#3104,#3105,
#3106,#3107,#3108,#3109,#3110,#3111,#3112,#3113,#3114,#3115,#3116,#3117,
#3118,#3119,#3120,#3121,#3122,#3123,#3124,#3125,#3126,#3127,#3128,#3129,
#3130,#3131,#3132,#3133,#3134,#3135,#3136,#3137,#3138,#3139,#3140,#3141,
#3142,#3143,#3144,#3145,#3146,#3147,#3148,#3149,#3150,#3151,#3152,#3153,
#3154,#3155,#3156,#3157,#3158,#3159,#3160,#3161,#3162,#3163,#3164,#3165,
#3166,#3167,#3168,#3169,#3170,#3171,#3172,#3173,#3174,#3175,#3176,#3177,
#3178,#3179,#3180,#3181,#3182,#3183,#3184,#3185,#3186,#3187,#3188,#3189,
#3190,#3191,#3192,#3193,#3194,#3195,#3196,#3197,#3198,#3199,#3200,#3201,
#3202,#3203,#3204,#3205,#3206,#3207,#3208,#3209,#3210,#3211,#3212,#3213,
#3214,#3215,#3216,#3217,#3218,#3219,#3220,#3221,#3222,#3223,#3224,#3225,
#3226,#3227,#3228,#3229,#3230,#3231,#3232,#3233,#3234,#3235,#3236,#3237,
#3238,#3239,#3240,#3241,#3242,#3243,#3244,#3245,#3246,#3247,#3248,#3249,
#3250,#3251,#3252,#3253,#3254,#3255,#3256,#3257,#3258,#3259,#3260,#3261,
#3262,#3263,#3264,#3265,#3266,#3267,#3268,#3269,#3270,#3271,#3272,#3273,
#3274,#3275,#3276,#3277,#3278,#3279,#3280,#3281,#3282,#3283,#3284,#3285,
#3286,#3287,#3288,#3289,#3290,#3291,#3292,#3293,#3294),#3892,.T.);
#3899=ADVANCED_FACE('',(#3295,#3296,#3297,#3298,#3299,#3300,#3301,#3302,
#3303,#3304,#3305,#3306,#3307,#3308,#3309,#3310,#3311,#3312,#3313,#3314,
#3315,#3316,#3317,#3318,#3319,#3320,#3321,#3322,#3323,#3324,#3325,#3326,
#3327,#3328,#3329,#3330,#3331,#3332,#3333,#3334,#3335,#3336,#3337,#3338,
#3339,#3340,#3341,#3342,#3343,#3344,#3345,#3346,#3347,#3348,#3349,#3350,
#3351,#3352,#3353,#3354,#3355,#3356,#3357,#3358,#3359,#3360,#3361,#3362,
#3363,#3364,#3365,#3366,#3367,#3368,#3369,#3370,#3371,#3372,#3373,#3374,
#3375,#3376,#3377,#3378,#3379,#3380,#3381,#3382,#3383,#3384,#3385,#3386,
#3387,#3388,#3389,#3390,#3391,#3392,#3393,#3394,#3395,#3396,#3397,#3398,
#3399,#3400,#3401,#3402,#3403,#3404,#3405,#3406,#3407,#3408,#3409,#3410,
#3411,#3412,#3413,#3414,#3415,#3416,#3417,#3418,#3419,#3420,#3421,#3422,
#3423,#3424,#3425,#3426,#3427,#3428,#3429,#3430,#3431,#3432,#3433,#3434,
#3435,#3436,#3437,#3438,#3439,#3440,#3441,#3442,#3443,#3444,#3445,#3446,
#3447,#3448,#3449,#3450,#3451,#3452,#3453,#3454,#3455,#3456,#3457,#3458,
#3459,#3460,#3461,#3462,#3463,#3464,#3465,#3466,#3467,#3468,#3469,#3470,
#3471,#3472,#3473,#3474,#3475,#3476,#3477,#3478,#3479,#3480,#3481,#3482,
#3483,#3484,#3485,#3486,#3487,#3488,#3489,#3490,#3491),#3893,.F.);
#3900=ADVANCED_FACE('',(#3492),#12,.T.);
#3901=ADVANCED_FACE('',(#3493),#13,.T.);
#3902=ADVANCED_FACE('',(#3494),#14,.T.);
#3903=ADVANCED_FACE('',(#3495),#15,.T.);
#3904=ADVANCED_FACE('',(#3496,#3497),#16,.F.);
#3905=ADVANCED_FACE('',(#3498,#3499),#17,.F.);
#3906=ADVANCED_FACE('',(#3500,#3501),#18,.F.);
#3907=ADVANCED_FACE('',(#3502,#3503),#19,.F.);
#3908=ADVANCED_FACE('',(#3504,#3505),#20,.F.);
#3909=ADVANCED_FACE('',(#3506,#3507),#21,.F.);
#3910=ADVANCED_FACE('',(#3508,#3509),#22,.F.);
#3911=ADVANCED_FACE('',(#3510,#3511),#23,.F.);
#3912=ADVANCED_FACE('',(#3512,#3513),#24,.F.);
#3913=ADVANCED_FACE('',(#3514,#3515),#25,.F.);
#3914=ADVANCED_FACE('',(#3516,#3517),#26,.F.);
#3915=ADVANCED_FACE('',(#3518,#3519),#27,.F.);
#3916=ADVANCED_FACE('',(#3520,#3521),#28,.F.);
#3917=ADVANCED_FACE('',(#3522,#3523),#29,.F.);
#3918=ADVANCED_FACE('',(#3524,#3525),#30,.F.);
#3919=ADVANCED_FACE('',(#3526,#3527),#31,.F.);
#3920=ADVANCED_FACE('',(#3528,#3529),#32,.F.);
#3921=ADVANCED_FACE('',(#3530,#3531),#33,.F.);
#3922=ADVANCED_FACE('',(#3532,#3533),#34,.F.);
#3923=ADVANCED_FACE('',(#3534,#3535),#35,.F.);
#3924=ADVANCED_FACE('',(#3536,#3537),#36,.F.);
#3925=ADVANCED_FACE('',(#3538,#3539),#37,.F.);
#3926=ADVANCED_FACE('',(#3540,#3541),#38,.F.);
#3927=ADVANCED_FACE('',(#3542,#3543),#39,.F.);
#3928=ADVANCED_FACE('',(#3544,#3545),#40,.F.);
#3929=ADVANCED_FACE('',(#3546,#3547),#41,.F.);
#3930=ADVANCED_FACE('',(#3548,#3549),#42,.F.);
#3931=ADVANCED_FACE('',(#3550,#3551),#43,.F.);
#3932=ADVANCED_FACE('',(#3552,#3553),#44,.F.);
#3933=ADVANCED_FACE('',(#3554,#3555),#45,.F.);
#3934=ADVANCED_FACE('',(#3556,#3557),#46,.F.);
#3935=ADVANCED_FACE('',(#3558,#3559),#47,.F.);
#3936=ADVANCED_FACE('',(#3560,#3561),#48,.F.);
#3937=ADVANCED_FACE('',(#3562,#3563),#49,.F.);
#3938=ADVANCED_FACE('',(#3564,#3565),#50,.F.);
#3939=ADVANCED_FACE('',(#3566,#3567),#51,.F.);
#3940=ADVANCED_FACE('',(#3568,#3569),#52,.F.);
#3941=ADVANCED_FACE('',(#3570,#3571),#53,.F.);
#3942=ADVANCED_FACE('',(#3572,#3573),#54,.F.);
#3943=ADVANCED_FACE('',(#3574,#3575),#55,.F.);
#3944=ADVANCED_FACE('',(#3576,#3577),#56,.F.);
#3945=ADVANCED_FACE('',(#3578,#3579),#57,.F.);
#3946=ADVANCED_FACE('',(#3580,#3581),#58,.F.);
#3947=ADVANCED_FACE('',(#3582,#3583),#59,.F.);
#3948=ADVANCED_FACE('',(#3584,#3585),#60,.F.);
#3949=ADVANCED_FACE('',(#3586,#3587),#61,.F.);
#3950=ADVANCED_FACE('',(#3588,#3589),#62,.F.);
#3951=ADVANCED_FACE('',(#3590,#3591),#63,.F.);
#3952=ADVANCED_FACE('',(#3592,#3593),#64,.F.);
#3953=ADVANCED_FACE('',(#3594,#3595),#65,.F.);
#3954=ADVANCED_FACE('',(#3596,#3597),#66,.F.);
#3955=ADVANCED_FACE('',(#3598,#3599),#67,.F.);
#3956=ADVANCED_FACE('',(#3600,#3601),#68,.F.);
#3957=ADVANCED_FACE('',(#3602,#3603),#69,.F.);
#3958=ADVANCED_FACE('',(#3604,#3605),#70,.F.);
#3959=ADVANCED_FACE('',(#3606,#3607),#71,.F.);
#3960=ADVANCED_FACE('',(#3608,#3609),#72,.F.);
#3961=ADVANCED_FACE('',(#3610,#3611),#73,.F.);
#3962=ADVANCED_FACE('',(#3612,#3613),#74,.F.);
#3963=ADVANCED_FACE('',(#3614,#3615),#75,.F.);
#3964=ADVANCED_FACE('',(#3616,#3617),#76,.F.);
#3965=ADVANCED_FACE('',(#3618,#3619),#77,.F.);
#3966=ADVANCED_FACE('',(#3620,#3621),#78,.F.);
#3967=ADVANCED_FACE('',(#3622,#3623),#79,.F.);
#3968=ADVANCED_FACE('',(#3624,#3625),#80,.F.);
#3969=ADVANCED_FACE('',(#3626,#3627),#81,.F.);
#3970=ADVANCED_FACE('',(#3628,#3629),#82,.F.);
#3971=ADVANCED_FACE('',(#3630,#3631),#83,.F.);
#3972=ADVANCED_FACE('',(#3632,#3633),#84,.F.);
#3973=ADVANCED_FACE('',(#3634,#3635),#85,.F.);
#3974=ADVANCED_FACE('',(#3636,#3637),#86,.F.);
#3975=ADVANCED_FACE('',(#3638,#3639),#87,.F.);
#3976=ADVANCED_FACE('',(#3640,#3641),#88,.F.);
#3977=ADVANCED_FACE('',(#3642,#3643),#89,.F.);
#3978=ADVANCED_FACE('',(#3644,#3645),#90,.F.);
#3979=ADVANCED_FACE('',(#3646,#3647),#91,.F.);
#3980=ADVANCED_FACE('',(#3648,#3649),#92,.F.);
#3981=ADVANCED_FACE('',(#3650,#3651),#93,.F.);
#3982=ADVANCED_FACE('',(#3652,#3653),#94,.F.);
#3983=ADVANCED_FACE('',(#3654,#3655),#95,.F.);
#3984=ADVANCED_FACE('',(#3656,#3657),#96,.F.);
#3985=ADVANCED_FACE('',(#3658,#3659),#97,.F.);
#3986=ADVANCED_FACE('',(#3660,#3661),#98,.F.);
#3987=ADVANCED_FACE('',(#3662,#3663),#99,.F.);
#3988=ADVANCED_FACE('',(#3664,#3665),#100,.F.);
#3989=ADVANCED_FACE('',(#3666,#3667),#101,.F.);
#3990=ADVANCED_FACE('',(#3668,#3669),#102,.F.);
#3991=ADVANCED_FACE('',(#3670,#3671),#103,.F.);
#3992=ADVANCED_FACE('',(#3672,#3673),#104,.F.);
#3993=ADVANCED_FACE('',(#3674,#3675),#105,.F.);
#3994=ADVANCED_FACE('',(#3676,#3677),#106,.F.);
#3995=ADVANCED_FACE('',(#3678,#3679),#107,.F.);
#3996=ADVANCED_FACE('',(#3680,#3681),#108,.F.);
#3997=ADVANCED_FACE('',(#3682,#3683),#109,.F.);
#3998=ADVANCED_FACE('',(#3684,#3685),#110,.F.);
#3999=ADVANCED_FACE('',(#3686,#3687),#111,.F.);
#4000=ADVANCED_FACE('',(#3688,#3689),#112,.F.);
#4001=ADVANCED_FACE('',(#3690,#3691),#113,.F.);
#4002=ADVANCED_FACE('',(#3692,#3693),#114,.F.);
#4003=ADVANCED_FACE('',(#3694,#3695),#115,.F.);
#4004=ADVANCED_FACE('',(#3696,#3697),#116,.F.);
#4005=ADVANCED_FACE('',(#3698,#3699),#117,.F.);
#4006=ADVANCED_FACE('',(#3700,#3701),#118,.F.);
#4007=ADVANCED_FACE('',(#3702,#3703),#119,.F.);
#4008=ADVANCED_FACE('',(#3704,#3705),#120,.F.);
#4009=ADVANCED_FACE('',(#3706,#3707),#121,.F.);
#4010=ADVANCED_FACE('',(#3708,#3709),#122,.F.);
#4011=ADVANCED_FACE('',(#3710,#3711),#123,.F.);
#4012=ADVANCED_FACE('',(#3712,#3713),#124,.F.);
#4013=ADVANCED_FACE('',(#3714,#3715),#125,.F.);
#4014=ADVANCED_FACE('',(#3716,#3717),#126,.F.);
#4015=ADVANCED_FACE('',(#3718,#3719),#127,.F.);
#4016=ADVANCED_FACE('',(#3720,#3721),#128,.F.);
#4017=ADVANCED_FACE('',(#3722,#3723),#129,.F.);
#4018=ADVANCED_FACE('',(#3724,#3725),#130,.F.);
#4019=ADVANCED_FACE('',(#3726,#3727),#131,.F.);
#4020=ADVANCED_FACE('',(#3728,#3729),#132,.F.);
#4021=ADVANCED_FACE('',(#3730,#3731),#133,.F.);
#4022=ADVANCED_FACE('',(#3732,#3733),#134,.F.);
#4023=ADVANCED_FACE('',(#3734,#3735),#135,.F.);
#4024=ADVANCED_FACE('',(#3736,#3737),#136,.F.);
#4025=ADVANCED_FACE('',(#3738,#3739),#137,.F.);
#4026=ADVANCED_FACE('',(#3740,#3741),#138,.F.);
#4027=ADVANCED_FACE('',(#3742,#3743),#139,.F.);
#4028=ADVANCED_FACE('',(#3744,#3745),#140,.F.);
#4029=ADVANCED_FACE('',(#3746,#3747),#141,.F.);
#4030=ADVANCED_FACE('',(#3748,#3749),#142,.F.);
#4031=ADVANCED_FACE('',(#3750,#3751),#143,.F.);
#4032=ADVANCED_FACE('',(#3752,#3753),#144,.F.);
#4033=ADVANCED_FACE('',(#3754,#3755),#145,.F.);
#4034=ADVANCED_FACE('',(#3756,#3757),#146,.F.);
#4035=ADVANCED_FACE('',(#3758,#3759),#147,.F.);
#4036=ADVANCED_FACE('',(#3760,#3761),#148,.F.);
#4037=ADVANCED_FACE('',(#3762,#3763),#149,.F.);
#4038=ADVANCED_FACE('',(#3764,#3765),#150,.F.);
#4039=ADVANCED_FACE('',(#3766,#3767),#151,.F.);
#4040=ADVANCED_FACE('',(#3768,#3769),#152,.F.);
#4041=ADVANCED_FACE('',(#3770,#3771),#153,.F.);
#4042=ADVANCED_FACE('',(#3772,#3773),#154,.F.);
#4043=ADVANCED_FACE('',(#3774,#3775),#155,.F.);
#4044=ADVANCED_FACE('',(#3776,#3777),#156,.F.);
#4045=ADVANCED_FACE('',(#3778,#3779),#157,.F.);
#4046=ADVANCED_FACE('',(#3780,#3781),#158,.F.);
#4047=ADVANCED_FACE('',(#3782,#3783),#159,.F.);
#4048=ADVANCED_FACE('',(#3784,#3785),#160,.F.);
#4049=ADVANCED_FACE('',(#3786,#3787),#161,.F.);
#4050=ADVANCED_FACE('',(#3788,#3789),#162,.F.);
#4051=ADVANCED_FACE('',(#3790,#3791),#163,.F.);
#4052=ADVANCED_FACE('',(#3792,#3793),#164,.F.);
#4053=ADVANCED_FACE('',(#3794,#3795),#165,.F.);
#4054=ADVANCED_FACE('',(#3796,#3797),#166,.F.);
#4055=ADVANCED_FACE('',(#3798,#3799),#167,.F.);
#4056=ADVANCED_FACE('',(#3800,#3801),#168,.F.);
#4057=ADVANCED_FACE('',(#3802,#3803),#169,.F.);
#4058=ADVANCED_FACE('',(#3804,#3805),#170,.F.);
#4059=ADVANCED_FACE('',(#3806,#3807),#171,.F.);
#4060=ADVANCED_FACE('',(#3808,#3809),#172,.F.);
#4061=ADVANCED_FACE('',(#3810,#3811),#173,.F.);
#4062=ADVANCED_FACE('',(#3812,#3813),#174,.F.);
#4063=ADVANCED_FACE('',(#3814,#3815),#175,.F.);
#4064=ADVANCED_FACE('',(#3816,#3817),#176,.F.);
#4065=ADVANCED_FACE('',(#3818,#3819),#177,.F.);
#4066=ADVANCED_FACE('',(#3820,#3821),#178,.F.);
#4067=ADVANCED_FACE('',(#3822,#3823),#179,.F.);
#4068=ADVANCED_FACE('',(#3824,#3825),#180,.F.);
#4069=ADVANCED_FACE('',(#3826,#3827),#181,.F.);
#4070=ADVANCED_FACE('',(#3828,#3829),#182,.F.);
#4071=ADVANCED_FACE('',(#3830,#3831),#183,.F.);
#4072=ADVANCED_FACE('',(#3832,#3833),#184,.F.);
#4073=ADVANCED_FACE('',(#3834,#3835),#185,.F.);
#4074=ADVANCED_FACE('',(#3836,#3837),#186,.F.);
#4075=ADVANCED_FACE('',(#3838,#3839),#187,.F.);
#4076=ADVANCED_FACE('',(#3840,#3841),#188,.F.);
#4077=ADVANCED_FACE('',(#3842,#3843),#189,.F.);
#4078=ADVANCED_FACE('',(#3844,#3845),#190,.F.);
#4079=ADVANCED_FACE('',(#3846,#3847),#191,.F.);
#4080=ADVANCED_FACE('',(#3848,#3849),#192,.F.);
#4081=ADVANCED_FACE('',(#3850,#3851),#193,.F.);
#4082=ADVANCED_FACE('',(#3852,#3853),#194,.F.);
#4083=ADVANCED_FACE('',(#3854,#3855),#195,.F.);
#4084=ADVANCED_FACE('',(#3856,#3857),#196,.F.);
#4085=ADVANCED_FACE('',(#3858,#3859),#197,.F.);
#4086=ADVANCED_FACE('',(#3860,#3861),#198,.F.);
#4087=ADVANCED_FACE('',(#3862,#3863),#199,.F.);
#4088=ADVANCED_FACE('',(#3864,#3865),#200,.F.);
#4089=ADVANCED_FACE('',(#3866,#3867),#201,.F.);
#4090=ADVANCED_FACE('',(#3868,#3869),#202,.F.);
#4091=ADVANCED_FACE('',(#3870,#3871),#203,.F.);
#4092=ADVANCED_FACE('',(#3872,#3873),#204,.F.);
#4093=ADVANCED_FACE('',(#3874,#3875),#205,.F.);
#4094=ADVANCED_FACE('',(#3876,#3877),#206,.F.);
#4095=ADVANCED_FACE('',(#3878,#3879),#207,.F.);
#4096=ADVANCED_FACE('',(#3880,#3881),#208,.F.);
#4097=ADVANCED_FACE('',(#3882,#3883),#209,.F.);
#4098=ADVANCED_FACE('',(#3884,#3885),#210,.F.);
#4099=ADVANCED_FACE('',(#3886,#3887),#211,.F.);
#4100=CLOSED_SHELL('',(#3894,#3895,#3896,#3897,#3898,#3899,#3900,#3901,
#3902,#3903,#3904,#3905,#3906,#3907,#3908,#3909,#3910,#3911,#3912,#3913,
#3914,#3915,#3916,#3917,#3918,#3919,#3920,#3921,#3922,#3923,#3924,#3925,
#3926,#3927,#3928,#3929,#3930,#3931,#3932,#3933,#3934,#3935,#3936,#3937,
#3938,#3939,#3940,#3941,#3942,#3943,#3944,#3945,#3946,#3947,#3948,#3949,
#3950,#3951,#3952,#3953,#3954,#3955,#3956,#3957,#3958,#3959,#3960,#3961,
#3962,#3963,#3964,#3965,#3966,#3967,#3968,#3969,#3970,#3971,#3972,#3973,
#3974,#3975,#3976,#3977,#3978,#3979,#3980,#3981,#3982,#3983,#3984,#3985,
#3986,#3987,#3988,#3989,#3990,#3991,#3992,#3993,#3994,#3995,#3996,#3997,
#3998,#3999,#4000,#4001,#4002,#4003,#4004,#4005,#4006,#4007,#4008,#4009,
#4010,#4011,#4012,#4013,#4014,#4015,#4016,#4017,#4018,#4019,#4020,#4021,
#4022,#4023,#4024,#4025,#4026,#4027,#4028,#4029,#4030,#4031,#4032,#4033,
#4034,#4035,#4036,#4037,#4038,#4039,#4040,#4041,#4042,#4043,#4044,#4045,
#4046,#4047,#4048,#4049,#4050,#4051,#4052,#4053,#4054,#4055,#4056,#4057,
#4058,#4059,#4060,#4061,#4062,#4063,#4064,#4065,#4066,#4067,#4068,#4069,
#4070,#4071,#4072,#4073,#4074,#4075,#4076,#4077,#4078,#4079,#4080,#4081,
#4082,#4083,#4084,#4085,#4086,#4087,#4088,#4089,#4090,#4091,#4092,#4093,
#4094,#4095,#4096,#4097,#4098,#4099));
#4101=STYLED_ITEM('',(#4102),#4109);
#4102=PRESENTATION_STYLE_ASSIGNMENT((#4103));
#4103=SURFACE_STYLE_USAGE(.BOTH.,#4104);
#4104=SURFACE_SIDE_STYLE('',(#4105));
#4105=SURFACE_STYLE_FILL_AREA(#4106);
#4106=FILL_AREA_STYLE('',(#4107));
#4107=FILL_AREA_STYLE_COLOUR('',#4108);
#4108=COLOUR_RGB('',0.149019607843137,0.149019607843137,0.149019607843137);
#4109=MANIFOLD_SOLID_BREP('Baseplate',#4100);
#4110=SHAPE_DEFINITION_REPRESENTATION(#6986,#4111);
#4111=SHAPE_REPRESENTATION('Baseplate',(#4112),#6981);
#4112=AXIS2_PLACEMENT_3D('',#5949,#4719,#4720);
#4113=AXIS2_PLACEMENT_3D('',#5950,#4721,#4722);
#4114=AXIS2_PLACEMENT_3D('',#5959,#4727,#4728);
#4115=AXIS2_PLACEMENT_3D('',#5968,#4733,#4734);
#4116=AXIS2_PLACEMENT_3D('',#5977,#4739,#4740);
#4117=AXIS2_PLACEMENT_3D('',#5986,#4745,#4746);
#4118=AXIS2_PLACEMENT_3D('',#5987,#4747,#4748);
#4119=AXIS2_PLACEMENT_3D('',#5989,#4749,#4750);
#4120=AXIS2_PLACEMENT_3D('',#5991,#4751,#4752);
#4121=AXIS2_PLACEMENT_3D('',#5993,#4753,#4754);
#4122=AXIS2_PLACEMENT_3D('',#5995,#4755,#4756);
#4123=AXIS2_PLACEMENT_3D('',#5997,#4757,#4758);
#4124=AXIS2_PLACEMENT_3D('',#5999,#4759,#4760);
#4125=AXIS2_PLACEMENT_3D('',#6001,#4761,#4762);
#4126=AXIS2_PLACEMENT_3D('',#6003,#4763,#4764);
#4127=AXIS2_PLACEMENT_3D('',#6005,#4765,#4766);
#4128=AXIS2_PLACEMENT_3D('',#6007,#4767,#4768);
#4129=AXIS2_PLACEMENT_3D('',#6009,#4769,#4770);
#4130=AXIS2_PLACEMENT_3D('',#6011,#4771,#4772);
#4131=AXIS2_PLACEMENT_3D('',#6013,#4773,#4774);
#4132=AXIS2_PLACEMENT_3D('',#6015,#4775,#4776);
#4133=AXIS2_PLACEMENT_3D('',#6017,#4777,#4778);
#4134=AXIS2_PLACEMENT_3D('',#6019,#4779,#4780);
#4135=AXIS2_PLACEMENT_3D('',#6021,#4781,#4782);
#4136=AXIS2_PLACEMENT_3D('',#6023,#4783,#4784);
#4137=AXIS2_PLACEMENT_3D('',#6025,#4785,#4786);
#4138=AXIS2_PLACEMENT_3D('',#6027,#4787,#4788);
#4139=AXIS2_PLACEMENT_3D('',#6029,#4789,#4790);
#4140=AXIS2_PLACEMENT_3D('',#6031,#4791,#4792);
#4141=AXIS2_PLACEMENT_3D('',#6033,#4793,#4794);
#4142=AXIS2_PLACEMENT_3D('',#6035,#4795,#4796);
#4143=AXIS2_PLACEMENT_3D('',#6037,#4797,#4798);
#4144=AXIS2_PLACEMENT_3D('',#6039,#4799,#4800);
#4145=AXIS2_PLACEMENT_3D('',#6041,#4801,#4802);
#4146=AXIS2_PLACEMENT_3D('',#6043,#4803,#4804);
#4147=AXIS2_PLACEMENT_3D('',#6045,#4805,#4806);
#4148=AXIS2_PLACEMENT_3D('',#6047,#4807,#4808);
#4149=AXIS2_PLACEMENT_3D('',#6049,#4809,#4810);
#4150=AXIS2_PLACEMENT_3D('',#6051,#4811,#4812);
#4151=AXIS2_PLACEMENT_3D('',#6053,#4813,#4814);
#4152=AXIS2_PLACEMENT_3D('',#6055,#4815,#4816);
#4153=AXIS2_PLACEMENT_3D('',#6057,#4817,#4818);
#4154=AXIS2_PLACEMENT_3D('',#6059,#4819,#4820);
#4155=AXIS2_PLACEMENT_3D('',#6061,#4821,#4822);
#4156=AXIS2_PLACEMENT_3D('',#6063,#4823,#4824);
#4157=AXIS2_PLACEMENT_3D('',#6065,#4825,#4826);
#4158=AXIS2_PLACEMENT_3D('',#6067,#4827,#4828);
#4159=AXIS2_PLACEMENT_3D('',#6069,#4829,#4830);
#4160=AXIS2_PLACEMENT_3D('',#6071,#4831,#4832);
#4161=AXIS2_PLACEMENT_3D('',#6073,#4833,#4834);
#4162=AXIS2_PLACEMENT_3D('',#6075,#4835,#4836);
#4163=AXIS2_PLACEMENT_3D('',#6077,#4837,#4838);
#4164=AXIS2_PLACEMENT_3D('',#6079,#4839,#4840);
#4165=AXIS2_PLACEMENT_3D('',#6081,#4841,#4842);
#4166=AXIS2_PLACEMENT_3D('',#6083,#4843,#4844);
#4167=AXIS2_PLACEMENT_3D('',#6085,#4845,#4846);
#4168=AXIS2_PLACEMENT_3D('',#6087,#4847,#4848);
#4169=AXIS2_PLACEMENT_3D('',#6089,#4849,#4850);
#4170=AXIS2_PLACEMENT_3D('',#6091,#4851,#4852);
#4171=AXIS2_PLACEMENT_3D('',#6093,#4853,#4854);
#4172=AXIS2_PLACEMENT_3D('',#6095,#4855,#4856);
#4173=AXIS2_PLACEMENT_3D('',#6097,#4857,#4858);
#4174=AXIS2_PLACEMENT_3D('',#6099,#4859,#4860);
#4175=AXIS2_PLACEMENT_3D('',#6101,#4861,#4862);
#4176=AXIS2_PLACEMENT_3D('',#6103,#4863,#4864);
#4177=AXIS2_PLACEMENT_3D('',#6105,#4865,#4866);
#4178=AXIS2_PLACEMENT_3D('',#6107,#4867,#4868);
#4179=AXIS2_PLACEMENT_3D('',#6109,#4869,#4870);
#4180=AXIS2_PLACEMENT_3D('',#6111,#4871,#4872);
#4181=AXIS2_PLACEMENT_3D('',#6113,#4873,#4874);
#4182=AXIS2_PLACEMENT_3D('',#6115,#4875,#4876);
#4183=AXIS2_PLACEMENT_3D('',#6117,#4877,#4878);
#4184=AXIS2_PLACEMENT_3D('',#6119,#4879,#4880);
#4185=AXIS2_PLACEMENT_3D('',#6121,#4881,#4882);
#4186=AXIS2_PLACEMENT_3D('',#6123,#4883,#4884);
#4187=AXIS2_PLACEMENT_3D('',#6125,#4885,#4886);
#4188=AXIS2_PLACEMENT_3D('',#6127,#4887,#4888);
#4189=AXIS2_PLACEMENT_3D('',#6129,#4889,#4890);
#4190=AXIS2_PLACEMENT_3D('',#6131,#4891,#4892);
#4191=AXIS2_PLACEMENT_3D('',#6133,#4893,#4894);
#4192=AXIS2_PLACEMENT_3D('',#6135,#4895,#4896);
#4193=AXIS2_PLACEMENT_3D('',#6137,#4897,#4898);
#4194=AXIS2_PLACEMENT_3D('',#6139,#4899,#4900);
#4195=AXIS2_PLACEMENT_3D('',#6141,#4901,#4902);
#4196=AXIS2_PLACEMENT_3D('',#6143,#4903,#4904);
#4197=AXIS2_PLACEMENT_3D('',#6145,#4905,#4906);
#4198=AXIS2_PLACEMENT_3D('',#6147,#4907,#4908);
#4199=AXIS2_PLACEMENT_3D('',#6149,#4909,#4910);
#4200=AXIS2_PLACEMENT_3D('',#6151,#4911,#4912);
#4201=AXIS2_PLACEMENT_3D('',#6153,#4913,#4914);
#4202=AXIS2_PLACEMENT_3D('',#6155,#4915,#4916);
#4203=AXIS2_PLACEMENT_3D('',#6157,#4917,#4918);
#4204=AXIS2_PLACEMENT_3D('',#6159,#4919,#4920);
#4205=AXIS2_PLACEMENT_3D('',#6161,#4921,#4922);
#4206=AXIS2_PLACEMENT_3D('',#6163,#4923,#4924);
#4207=AXIS2_PLACEMENT_3D('',#6165,#4925,#4926);
#4208=AXIS2_PLACEMENT_3D('',#6167,#4927,#4928);
#4209=AXIS2_PLACEMENT_3D('',#6169,#4929,#4930);
#4210=AXIS2_PLACEMENT_3D('',#6171,#4931,#4932);
#4211=AXIS2_PLACEMENT_3D('',#6173,#4933,#4934);
#4212=AXIS2_PLACEMENT_3D('',#6175,#4935,#4936);
#4213=AXIS2_PLACEMENT_3D('',#6177,#4937,#4938);
#4214=AXIS2_PLACEMENT_3D('',#6179,#4939,#4940);
#4215=AXIS2_PLACEMENT_3D('',#6181,#4941,#4942);
#4216=AXIS2_PLACEMENT_3D('',#6183,#4943,#4944);
#4217=AXIS2_PLACEMENT_3D('',#6185,#4945,#4946);
#4218=AXIS2_PLACEMENT_3D('',#6187,#4947,#4948);
#4219=AXIS2_PLACEMENT_3D('',#6189,#4949,#4950);
#4220=AXIS2_PLACEMENT_3D('',#6191,#4951,#4952);
#4221=AXIS2_PLACEMENT_3D('',#6193,#4953,#4954);
#4222=AXIS2_PLACEMENT_3D('',#6195,#4955,#4956);
#4223=AXIS2_PLACEMENT_3D('',#6197,#4957,#4958);
#4224=AXIS2_PLACEMENT_3D('',#6199,#4959,#4960);
#4225=AXIS2_PLACEMENT_3D('',#6201,#4961,#4962);
#4226=AXIS2_PLACEMENT_3D('',#6203,#4963,#4964);
#4227=AXIS2_PLACEMENT_3D('',#6205,#4965,#4966);
#4228=AXIS2_PLACEMENT_3D('',#6207,#4967,#4968);
#4229=AXIS2_PLACEMENT_3D('',#6209,#4969,#4970);
#4230=AXIS2_PLACEMENT_3D('',#6211,#4971,#4972);
#4231=AXIS2_PLACEMENT_3D('',#6213,#4973,#4974);
#4232=AXIS2_PLACEMENT_3D('',#6215,#4975,#4976);
#4233=AXIS2_PLACEMENT_3D('',#6217,#4977,#4978);
#4234=AXIS2_PLACEMENT_3D('',#6219,#4979,#4980);
#4235=AXIS2_PLACEMENT_3D('',#6221,#4981,#4982);
#4236=AXIS2_PLACEMENT_3D('',#6223,#4983,#4984);
#4237=AXIS2_PLACEMENT_3D('',#6225,#4985,#4986);
#4238=AXIS2_PLACEMENT_3D('',#6227,#4987,#4988);
#4239=AXIS2_PLACEMENT_3D('',#6229,#4989,#4990);
#4240=AXIS2_PLACEMENT_3D('',#6231,#4991,#4992);
#4241=AXIS2_PLACEMENT_3D('',#6233,#4993,#4994);
#4242=AXIS2_PLACEMENT_3D('',#6235,#4995,#4996);
#4243=AXIS2_PLACEMENT_3D('',#6237,#4997,#4998);
#4244=AXIS2_PLACEMENT_3D('',#6239,#4999,#5000);
#4245=AXIS2_PLACEMENT_3D('',#6241,#5001,#5002);
#4246=AXIS2_PLACEMENT_3D('',#6243,#5003,#5004);
#4247=AXIS2_PLACEMENT_3D('',#6245,#5005,#5006);
#4248=AXIS2_PLACEMENT_3D('',#6247,#5007,#5008);
#4249=AXIS2_PLACEMENT_3D('',#6249,#5009,#5010);
#4250=AXIS2_PLACEMENT_3D('',#6251,#5011,#5012);
#4251=AXIS2_PLACEMENT_3D('',#6253,#5013,#5014);
#4252=AXIS2_PLACEMENT_3D('',#6255,#5015,#5016);
#4253=AXIS2_PLACEMENT_3D('',#6257,#5017,#5018);
#4254=AXIS2_PLACEMENT_3D('',#6259,#5019,#5020);
#4255=AXIS2_PLACEMENT_3D('',#6261,#5021,#5022);
#4256=AXIS2_PLACEMENT_3D('',#6263,#5023,#5024);
#4257=AXIS2_PLACEMENT_3D('',#6265,#5025,#5026);
#4258=AXIS2_PLACEMENT_3D('',#6267,#5027,#5028);
#4259=AXIS2_PLACEMENT_3D('',#6269,#5029,#5030);
#4260=AXIS2_PLACEMENT_3D('',#6271,#5031,#5032);
#4261=AXIS2_PLACEMENT_3D('',#6273,#5033,#5034);
#4262=AXIS2_PLACEMENT_3D('',#6275,#5035,#5036);
#4263=AXIS2_PLACEMENT_3D('',#6277,#5037,#5038);
#4264=AXIS2_PLACEMENT_3D('',#6279,#5039,#5040);
#4265=AXIS2_PLACEMENT_3D('',#6281,#5041,#5042);
#4266=AXIS2_PLACEMENT_3D('',#6283,#5043,#5044);
#4267=AXIS2_PLACEMENT_3D('',#6285,#5045,#5046);
#4268=AXIS2_PLACEMENT_3D('',#6287,#5047,#5048);
#4269=AXIS2_PLACEMENT_3D('',#6289,#5049,#5050);
#4270=AXIS2_PLACEMENT_3D('',#6291,#5051,#5052);
#4271=AXIS2_PLACEMENT_3D('',#6293,#5053,#5054);
#4272=AXIS2_PLACEMENT_3D('',#6295,#5055,#5056);
#4273=AXIS2_PLACEMENT_3D('',#6297,#5057,#5058);
#4274=AXIS2_PLACEMENT_3D('',#6299,#5059,#5060);
#4275=AXIS2_PLACEMENT_3D('',#6301,#5061,#5062);
#4276=AXIS2_PLACEMENT_3D('',#6303,#5063,#5064);
#4277=AXIS2_PLACEMENT_3D('',#6305,#5065,#5066);
#4278=AXIS2_PLACEMENT_3D('',#6307,#5067,#5068);
#4279=AXIS2_PLACEMENT_3D('',#6309,#5069,#5070);
#4280=AXIS2_PLACEMENT_3D('',#6311,#5071,#5072);
#4281=AXIS2_PLACEMENT_3D('',#6313,#5073,#5074);
#4282=AXIS2_PLACEMENT_3D('',#6315,#5075,#5076);
#4283=AXIS2_PLACEMENT_3D('',#6317,#5077,#5078);
#4284=AXIS2_PLACEMENT_3D('',#6319,#5079,#5080);
#4285=AXIS2_PLACEMENT_3D('',#6321,#5081,#5082);
#4286=AXIS2_PLACEMENT_3D('',#6323,#5083,#5084);
#4287=AXIS2_PLACEMENT_3D('',#6325,#5085,#5086);
#4288=AXIS2_PLACEMENT_3D('',#6327,#5087,#5088);
#4289=AXIS2_PLACEMENT_3D('',#6329,#5089,#5090);
#4290=AXIS2_PLACEMENT_3D('',#6331,#5091,#5092);
#4291=AXIS2_PLACEMENT_3D('',#6333,#5093,#5094);
#4292=AXIS2_PLACEMENT_3D('',#6335,#5095,#5096);
#4293=AXIS2_PLACEMENT_3D('',#6337,#5097,#5098);
#4294=AXIS2_PLACEMENT_3D('',#6339,#5099,#5100);
#4295=AXIS2_PLACEMENT_3D('',#6341,#5101,#5102);
#4296=AXIS2_PLACEMENT_3D('',#6343,#5103,#5104);
#4297=AXIS2_PLACEMENT_3D('',#6345,#5105,#5106);
#4298=AXIS2_PLACEMENT_3D('',#6347,#5107,#5108);
#4299=AXIS2_PLACEMENT_3D('',#6349,#5109,#5110);
#4300=AXIS2_PLACEMENT_3D('',#6351,#5111,#5112);
#4301=AXIS2_PLACEMENT_3D('',#6353,#5113,#5114);
#4302=AXIS2_PLACEMENT_3D('',#6355,#5115,#5116);
#4303=AXIS2_PLACEMENT_3D('',#6357,#5117,#5118);
#4304=AXIS2_PLACEMENT_3D('',#6359,#5119,#5120);
#4305=AXIS2_PLACEMENT_3D('',#6361,#5121,#5122);
#4306=AXIS2_PLACEMENT_3D('',#6363,#5123,#5124);
#4307=AXIS2_PLACEMENT_3D('',#6365,#5125,#5126);
#4308=AXIS2_PLACEMENT_3D('',#6367,#5127,#5128);
#4309=AXIS2_PLACEMENT_3D('',#6369,#5129,#5130);
#4310=AXIS2_PLACEMENT_3D('',#6371,#5131,#5132);
#4311=AXIS2_PLACEMENT_3D('',#6373,#5133,#5134);
#4312=AXIS2_PLACEMENT_3D('',#6375,#5135,#5136);
#4313=AXIS2_PLACEMENT_3D('',#6377,#5137,#5138);
#4314=AXIS2_PLACEMENT_3D('',#6379,#5139,#5140);
#4315=AXIS2_PLACEMENT_3D('',#6380,#5141,#5142);
#4316=AXIS2_PLACEMENT_3D('',#6381,#5143,#5144);
#4317=AXIS2_PLACEMENT_3D('',#6382,#5145,#5146);
#4318=AXIS2_PLACEMENT_3D('',#6383,#5147,#5148);
#4319=AXIS2_PLACEMENT_3D('',#6384,#5149,#5150);
#4320=AXIS2_PLACEMENT_3D('',#6386,#5151,#5152);
#4321=AXIS2_PLACEMENT_3D('',#6388,#5153,#5154);
#4322=AXIS2_PLACEMENT_3D('',#6390,#5155,#5156);
#4323=AXIS2_PLACEMENT_3D('',#6392,#5157,#5158);
#4324=AXIS2_PLACEMENT_3D('',#6394,#5159,#5160);
#4325=AXIS2_PLACEMENT_3D('',#6396,#5161,#5162);
#4326=AXIS2_PLACEMENT_3D('',#6398,#5163,#5164);
#4327=AXIS2_PLACEMENT_3D('',#6400,#5165,#5166);
#4328=AXIS2_PLACEMENT_3D('',#6402,#5167,#5168);
#4329=AXIS2_PLACEMENT_3D('',#6404,#5169,#5170);
#4330=AXIS2_PLACEMENT_3D('',#6406,#5171,#5172);
#4331=AXIS2_PLACEMENT_3D('',#6408,#5173,#5174);
#4332=AXIS2_PLACEMENT_3D('',#6410,#5175,#5176);
#4333=AXIS2_PLACEMENT_3D('',#6412,#5177,#5178);
#4334=AXIS2_PLACEMENT_3D('',#6414,#5179,#5180);
#4335=AXIS2_PLACEMENT_3D('',#6416,#5181,#5182);
#4336=AXIS2_PLACEMENT_3D('',#6418,#5183,#5184);
#4337=AXIS2_PLACEMENT_3D('',#6420,#5185,#5186);
#4338=AXIS2_PLACEMENT_3D('',#6422,#5187,#5188);
#4339=AXIS2_PLACEMENT_3D('',#6424,#5189,#5190);
#4340=AXIS2_PLACEMENT_3D('',#6426,#5191,#5192);
#4341=AXIS2_PLACEMENT_3D('',#6428,#5193,#5194);
#4342=AXIS2_PLACEMENT_3D('',#6430,#5195,#5196);
#4343=AXIS2_PLACEMENT_3D('',#6432,#5197,#5198);
#4344=AXIS2_PLACEMENT_3D('',#6434,#5199,#5200);
#4345=AXIS2_PLACEMENT_3D('',#6436,#5201,#5202);
#4346=AXIS2_PLACEMENT_3D('',#6438,#5203,#5204);
#4347=AXIS2_PLACEMENT_3D('',#6440,#5205,#5206);
#4348=AXIS2_PLACEMENT_3D('',#6442,#5207,#5208);
#4349=AXIS2_PLACEMENT_3D('',#6444,#5209,#5210);
#4350=AXIS2_PLACEMENT_3D('',#6446,#5211,#5212);
#4351=AXIS2_PLACEMENT_3D('',#6448,#5213,#5214);
#4352=AXIS2_PLACEMENT_3D('',#6450,#5215,#5216);
#4353=AXIS2_PLACEMENT_3D('',#6452,#5217,#5218);
#4354=AXIS2_PLACEMENT_3D('',#6454,#5219,#5220);
#4355=AXIS2_PLACEMENT_3D('',#6456,#5221,#5222);
#4356=AXIS2_PLACEMENT_3D('',#6458,#5223,#5224);
#4357=AXIS2_PLACEMENT_3D('',#6460,#5225,#5226);
#4358=AXIS2_PLACEMENT_3D('',#6462,#5227,#5228);
#4359=AXIS2_PLACEMENT_3D('',#6464,#5229,#5230);
#4360=AXIS2_PLACEMENT_3D('',#6466,#5231,#5232);
#4361=AXIS2_PLACEMENT_3D('',#6468,#5233,#5234);
#4362=AXIS2_PLACEMENT_3D('',#6470,#5235,#5236);
#4363=AXIS2_PLACEMENT_3D('',#6472,#5237,#5238);
#4364=AXIS2_PLACEMENT_3D('',#6474,#5239,#5240);
#4365=AXIS2_PLACEMENT_3D('',#6476,#5241,#5242);
#4366=AXIS2_PLACEMENT_3D('',#6478,#5243,#5244);
#4367=AXIS2_PLACEMENT_3D('',#6480,#5245,#5246);
#4368=AXIS2_PLACEMENT_3D('',#6482,#5247,#5248);
#4369=AXIS2_PLACEMENT_3D('',#6484,#5249,#5250);
#4370=AXIS2_PLACEMENT_3D('',#6486,#5251,#5252);
#4371=AXIS2_PLACEMENT_3D('',#6488,#5253,#5254);
#4372=AXIS2_PLACEMENT_3D('',#6490,#5255,#5256);
#4373=AXIS2_PLACEMENT_3D('',#6492,#5257,#5258);
#4374=AXIS2_PLACEMENT_3D('',#6494,#5259,#5260);
#4375=AXIS2_PLACEMENT_3D('',#6496,#5261,#5262);
#4376=AXIS2_PLACEMENT_3D('',#6498,#5263,#5264);
#4377=AXIS2_PLACEMENT_3D('',#6500,#5265,#5266);
#4378=AXIS2_PLACEMENT_3D('',#6502,#5267,#5268);
#4379=AXIS2_PLACEMENT_3D('',#6504,#5269,#5270);
#4380=AXIS2_PLACEMENT_3D('',#6506,#5271,#5272);
#4381=AXIS2_PLACEMENT_3D('',#6508,#5273,#5274);
#4382=AXIS2_PLACEMENT_3D('',#6510,#5275,#5276);
#4383=AXIS2_PLACEMENT_3D('',#6512,#5277,#5278);
#4384=AXIS2_PLACEMENT_3D('',#6514,#5279,#5280);
#4385=AXIS2_PLACEMENT_3D('',#6516,#5281,#5282);
#4386=AXIS2_PLACEMENT_3D('',#6518,#5283,#5284);
#4387=AXIS2_PLACEMENT_3D('',#6520,#5285,#5286);
#4388=AXIS2_PLACEMENT_3D('',#6522,#5287,#5288);
#4389=AXIS2_PLACEMENT_3D('',#6524,#5289,#5290);
#4390=AXIS2_PLACEMENT_3D('',#6526,#5291,#5292);
#4391=AXIS2_PLACEMENT_3D('',#6528,#5293,#5294);
#4392=AXIS2_PLACEMENT_3D('',#6530,#5295,#5296);
#4393=AXIS2_PLACEMENT_3D('',#6532,#5297,#5298);
#4394=AXIS2_PLACEMENT_3D('',#6534,#5299,#5300);
#4395=AXIS2_PLACEMENT_3D('',#6536,#5301,#5302);
#4396=AXIS2_PLACEMENT_3D('',#6538,#5303,#5304);
#4397=AXIS2_PLACEMENT_3D('',#6540,#5305,#5306);
#4398=AXIS2_PLACEMENT_3D('',#6542,#5307,#5308);
#4399=AXIS2_PLACEMENT_3D('',#6544,#5309,#5310);
#4400=AXIS2_PLACEMENT_3D('',#6546,#5311,#5312);
#4401=AXIS2_PLACEMENT_3D('',#6548,#5313,#5314);
#4402=AXIS2_PLACEMENT_3D('',#6550,#5315,#5316);
#4403=AXIS2_PLACEMENT_3D('',#6552,#5317,#5318);
#4404=AXIS2_PLACEMENT_3D('',#6554,#5319,#5320);
#4405=AXIS2_PLACEMENT_3D('',#6556,#5321,#5322);
#4406=AXIS2_PLACEMENT_3D('',#6558,#5323,#5324);
#4407=AXIS2_PLACEMENT_3D('',#6560,#5325,#5326);
#4408=AXIS2_PLACEMENT_3D('',#6562,#5327,#5328);
#4409=AXIS2_PLACEMENT_3D('',#6564,#5329,#5330);
#4410=AXIS2_PLACEMENT_3D('',#6566,#5331,#5332);
#4411=AXIS2_PLACEMENT_3D('',#6568,#5333,#5334);
#4412=AXIS2_PLACEMENT_3D('',#6570,#5335,#5336);
#4413=AXIS2_PLACEMENT_3D('',#6572,#5337,#5338);
#4414=AXIS2_PLACEMENT_3D('',#6574,#5339,#5340);
#4415=AXIS2_PLACEMENT_3D('',#6576,#5341,#5342);
#4416=AXIS2_PLACEMENT_3D('',#6578,#5343,#5344);
#4417=AXIS2_PLACEMENT_3D('',#6580,#5345,#5346);
#4418=AXIS2_PLACEMENT_3D('',#6582,#5347,#5348);
#4419=AXIS2_PLACEMENT_3D('',#6584,#5349,#5350);
#4420=AXIS2_PLACEMENT_3D('',#6586,#5351,#5352);
#4421=AXIS2_PLACEMENT_3D('',#6588,#5353,#5354);
#4422=AXIS2_PLACEMENT_3D('',#6590,#5355,#5356);
#4423=AXIS2_PLACEMENT_3D('',#6592,#5357,#5358);
#4424=AXIS2_PLACEMENT_3D('',#6594,#5359,#5360);
#4425=AXIS2_PLACEMENT_3D('',#6596,#5361,#5362);
#4426=AXIS2_PLACEMENT_3D('',#6598,#5363,#5364);
#4427=AXIS2_PLACEMENT_3D('',#6600,#5365,#5366);
#4428=AXIS2_PLACEMENT_3D('',#6602,#5367,#5368);
#4429=AXIS2_PLACEMENT_3D('',#6604,#5369,#5370);
#4430=AXIS2_PLACEMENT_3D('',#6606,#5371,#5372);
#4431=AXIS2_PLACEMENT_3D('',#6608,#5373,#5374);
#4432=AXIS2_PLACEMENT_3D('',#6610,#5375,#5376);
#4433=AXIS2_PLACEMENT_3D('',#6612,#5377,#5378);
#4434=AXIS2_PLACEMENT_3D('',#6614,#5379,#5380);
#4435=AXIS2_PLACEMENT_3D('',#6616,#5381,#5382);
#4436=AXIS2_PLACEMENT_3D('',#6618,#5383,#5384);
#4437=AXIS2_PLACEMENT_3D('',#6620,#5385,#5386);
#4438=AXIS2_PLACEMENT_3D('',#6622,#5387,#5388);
#4439=AXIS2_PLACEMENT_3D('',#6624,#5389,#5390);
#4440=AXIS2_PLACEMENT_3D('',#6626,#5391,#5392);
#4441=AXIS2_PLACEMENT_3D('',#6628,#5393,#5394);
#4442=AXIS2_PLACEMENT_3D('',#6630,#5395,#5396);
#4443=AXIS2_PLACEMENT_3D('',#6632,#5397,#5398);
#4444=AXIS2_PLACEMENT_3D('',#6634,#5399,#5400);
#4445=AXIS2_PLACEMENT_3D('',#6636,#5401,#5402);
#4446=AXIS2_PLACEMENT_3D('',#6638,#5403,#5404);
#4447=AXIS2_PLACEMENT_3D('',#6640,#5405,#5406);
#4448=AXIS2_PLACEMENT_3D('',#6642,#5407,#5408);
#4449=AXIS2_PLACEMENT_3D('',#6644,#5409,#5410);
#4450=AXIS2_PLACEMENT_3D('',#6646,#5411,#5412);
#4451=AXIS2_PLACEMENT_3D('',#6648,#5413,#5414);
#4452=AXIS2_PLACEMENT_3D('',#6650,#5415,#5416);
#4453=AXIS2_PLACEMENT_3D('',#6652,#5417,#5418);
#4454=AXIS2_PLACEMENT_3D('',#6654,#5419,#5420);
#4455=AXIS2_PLACEMENT_3D('',#6656,#5421,#5422);
#4456=AXIS2_PLACEMENT_3D('',#6658,#5423,#5424);
#4457=AXIS2_PLACEMENT_3D('',#6660,#5425,#5426);
#4458=AXIS2_PLACEMENT_3D('',#6662,#5427,#5428);
#4459=AXIS2_PLACEMENT_3D('',#6664,#5429,#5430);
#4460=AXIS2_PLACEMENT_3D('',#6666,#5431,#5432);
#4461=AXIS2_PLACEMENT_3D('',#6668,#5433,#5434);
#4462=AXIS2_PLACEMENT_3D('',#6670,#5435,#5436);
#4463=AXIS2_PLACEMENT_3D('',#6672,#5437,#5438);
#4464=AXIS2_PLACEMENT_3D('',#6674,#5439,#5440);
#4465=AXIS2_PLACEMENT_3D('',#6676,#5441,#5442);
#4466=AXIS2_PLACEMENT_3D('',#6678,#5443,#5444);
#4467=AXIS2_PLACEMENT_3D('',#6680,#5445,#5446);
#4468=AXIS2_PLACEMENT_3D('',#6682,#5447,#5448);
#4469=AXIS2_PLACEMENT_3D('',#6684,#5449,#5450);
#4470=AXIS2_PLACEMENT_3D('',#6686,#5451,#5452);
#4471=AXIS2_PLACEMENT_3D('',#6688,#5453,#5454);
#4472=AXIS2_PLACEMENT_3D('',#6690,#5455,#5456);
#4473=AXIS2_PLACEMENT_3D('',#6692,#5457,#5458);
#4474=AXIS2_PLACEMENT_3D('',#6694,#5459,#5460);
#4475=AXIS2_PLACEMENT_3D('',#6696,#5461,#5462);
#4476=AXIS2_PLACEMENT_3D('',#6698,#5463,#5464);
#4477=AXIS2_PLACEMENT_3D('',#6700,#5465,#5466);
#4478=AXIS2_PLACEMENT_3D('',#6702,#5467,#5468);
#4479=AXIS2_PLACEMENT_3D('',#6704,#5469,#5470);
#4480=AXIS2_PLACEMENT_3D('',#6706,#5471,#5472);
#4481=AXIS2_PLACEMENT_3D('',#6708,#5473,#5474);
#4482=AXIS2_PLACEMENT_3D('',#6710,#5475,#5476);
#4483=AXIS2_PLACEMENT_3D('',#6712,#5477,#5478);
#4484=AXIS2_PLACEMENT_3D('',#6714,#5479,#5480);
#4485=AXIS2_PLACEMENT_3D('',#6716,#5481,#5482);
#4486=AXIS2_PLACEMENT_3D('',#6718,#5483,#5484);
#4487=AXIS2_PLACEMENT_3D('',#6720,#5485,#5486);
#4488=AXIS2_PLACEMENT_3D('',#6722,#5487,#5488);
#4489=AXIS2_PLACEMENT_3D('',#6724,#5489,#5490);
#4490=AXIS2_PLACEMENT_3D('',#6726,#5491,#5492);
#4491=AXIS2_PLACEMENT_3D('',#6728,#5493,#5494);
#4492=AXIS2_PLACEMENT_3D('',#6730,#5495,#5496);
#4493=AXIS2_PLACEMENT_3D('',#6732,#5497,#5498);
#4494=AXIS2_PLACEMENT_3D('',#6734,#5499,#5500);
#4495=AXIS2_PLACEMENT_3D('',#6736,#5501,#5502);
#4496=AXIS2_PLACEMENT_3D('',#6738,#5503,#5504);
#4497=AXIS2_PLACEMENT_3D('',#6740,#5505,#5506);
#4498=AXIS2_PLACEMENT_3D('',#6742,#5507,#5508);
#4499=AXIS2_PLACEMENT_3D('',#6744,#5509,#5510);
#4500=AXIS2_PLACEMENT_3D('',#6746,#5511,#5512);
#4501=AXIS2_PLACEMENT_3D('',#6748,#5513,#5514);
#4502=AXIS2_PLACEMENT_3D('',#6750,#5515,#5516);
#4503=AXIS2_PLACEMENT_3D('',#6752,#5517,#5518);
#4504=AXIS2_PLACEMENT_3D('',#6754,#5519,#5520);
#4505=AXIS2_PLACEMENT_3D('',#6756,#5521,#5522);
#4506=AXIS2_PLACEMENT_3D('',#6758,#5523,#5524);
#4507=AXIS2_PLACEMENT_3D('',#6760,#5525,#5526);
#4508=AXIS2_PLACEMENT_3D('',#6762,#5527,#5528);
#4509=AXIS2_PLACEMENT_3D('',#6764,#5529,#5530);
#4510=AXIS2_PLACEMENT_3D('',#6766,#5531,#5532);
#4511=AXIS2_PLACEMENT_3D('',#6768,#5533,#5534);
#4512=AXIS2_PLACEMENT_3D('',#6770,#5535,#5536);
#4513=AXIS2_PLACEMENT_3D('',#6772,#5537,#5538);
#4514=AXIS2_PLACEMENT_3D('',#6774,#5539,#5540);
#4515=AXIS2_PLACEMENT_3D('',#6776,#5541,#5542);
#4516=AXIS2_PLACEMENT_3D('',#6777,#5543,#5544);
#4517=AXIS2_PLACEMENT_3D('',#6778,#5545,#5546);
#4518=AXIS2_PLACEMENT_3D('',#6779,#5547,#5548);
#4519=AXIS2_PLACEMENT_3D('',#6780,#5549,#5550);
#4520=AXIS2_PLACEMENT_3D('',#6781,#5551,#5552);
#4521=AXIS2_PLACEMENT_3D('',#6782,#5553,#5554);
#4522=AXIS2_PLACEMENT_3D('',#6783,#5555,#5556);
#4523=AXIS2_PLACEMENT_3D('',#6784,#5557,#5558);
#4524=AXIS2_PLACEMENT_3D('',#6785,#5559,#5560);
#4525=AXIS2_PLACEMENT_3D('',#6786,#5561,#5562);
#4526=AXIS2_PLACEMENT_3D('',#6787,#5563,#5564);
#4527=AXIS2_PLACEMENT_3D('',#6788,#5565,#5566);
#4528=AXIS2_PLACEMENT_3D('',#6789,#5567,#5568);
#4529=AXIS2_PLACEMENT_3D('',#6790,#5569,#5570);
#4530=AXIS2_PLACEMENT_3D('',#6791,#5571,#5572);
#4531=AXIS2_PLACEMENT_3D('',#6792,#5573,#5574);
#4532=AXIS2_PLACEMENT_3D('',#6793,#5575,#5576);
#4533=AXIS2_PLACEMENT_3D('',#6794,#5577,#5578);
#4534=AXIS2_PLACEMENT_3D('',#6795,#5579,#5580);
#4535=AXIS2_PLACEMENT_3D('',#6796,#5581,#5582);
#4536=AXIS2_PLACEMENT_3D('',#6797,#5583,#5584);
#4537=AXIS2_PLACEMENT_3D('',#6798,#5585,#5586);
#4538=AXIS2_PLACEMENT_3D('',#6799,#5587,#5588);
#4539=AXIS2_PLACEMENT_3D('',#6800,#5589,#5590);
#4540=AXIS2_PLACEMENT_3D('',#6801,#5591,#5592);
#4541=AXIS2_PLACEMENT_3D('',#6802,#5593,#5594);
#4542=AXIS2_PLACEMENT_3D('',#6803,#5595,#5596);
#4543=AXIS2_PLACEMENT_3D('',#6804,#5597,#5598);
#4544=AXIS2_PLACEMENT_3D('',#6805,#5599,#5600);
#4545=AXIS2_PLACEMENT_3D('',#6806,#5601,#5602);
#4546=AXIS2_PLACEMENT_3D('',#6807,#5603,#5604);
#4547=AXIS2_PLACEMENT_3D('',#6808,#5605,#5606);
#4548=AXIS2_PLACEMENT_3D('',#6809,#5607,#5608);
#4549=AXIS2_PLACEMENT_3D('',#6810,#5609,#5610);
#4550=AXIS2_PLACEMENT_3D('',#6811,#5611,#5612);
#4551=AXIS2_PLACEMENT_3D('',#6812,#5613,#5614);
#4552=AXIS2_PLACEMENT_3D('',#6813,#5615,#5616);
#4553=AXIS2_PLACEMENT_3D('',#6814,#5617,#5618);
#4554=AXIS2_PLACEMENT_3D('',#6815,#5619,#5620);
#4555=AXIS2_PLACEMENT_3D('',#6816,#5621,#5622);
#4556=AXIS2_PLACEMENT_3D('',#6817,#5623,#5624);
#4557=AXIS2_PLACEMENT_3D('',#6818,#5625,#5626);
#4558=AXIS2_PLACEMENT_3D('',#6819,#5627,#5628);
#4559=AXIS2_PLACEMENT_3D('',#6820,#5629,#5630);
#4560=AXIS2_PLACEMENT_3D('',#6821,#5631,#5632);
#4561=AXIS2_PLACEMENT_3D('',#6822,#5633,#5634);
#4562=AXIS2_PLACEMENT_3D('',#6823,#5635,#5636);
#4563=AXIS2_PLACEMENT_3D('',#6824,#5637,#5638);
#4564=AXIS2_PLACEMENT_3D('',#6825,#5639,#5640);
#4565=AXIS2_PLACEMENT_3D('',#6826,#5641,#5642);
#4566=AXIS2_PLACEMENT_3D('',#6827,#5643,#5644);
#4567=AXIS2_PLACEMENT_3D('',#6828,#5645,#5646);
#4568=AXIS2_PLACEMENT_3D('',#6829,#5647,#5648);
#4569=AXIS2_PLACEMENT_3D('',#6830,#5649,#5650);
#4570=AXIS2_PLACEMENT_3D('',#6831,#5651,#5652);
#4571=AXIS2_PLACEMENT_3D('',#6832,#5653,#5654);
#4572=AXIS2_PLACEMENT_3D('',#6833,#5655,#5656);
#4573=AXIS2_PLACEMENT_3D('',#6834,#5657,#5658);
#4574=AXIS2_PLACEMENT_3D('',#6835,#5659,#5660);
#4575=AXIS2_PLACEMENT_3D('',#6836,#5661,#5662);
#4576=AXIS2_PLACEMENT_3D('',#6837,#5663,#5664);
#4577=AXIS2_PLACEMENT_3D('',#6838,#5665,#5666);
#4578=AXIS2_PLACEMENT_3D('',#6839,#5667,#5668);
#4579=AXIS2_PLACEMENT_3D('',#6840,#5669,#5670);
#4580=AXIS2_PLACEMENT_3D('',#6841,#5671,#5672);
#4581=AXIS2_PLACEMENT_3D('',#6842,#5673,#5674);
#4582=AXIS2_PLACEMENT_3D('',#6843,#5675,#5676);
#4583=AXIS2_PLACEMENT_3D('',#6844,#5677,#5678);
#4584=AXIS2_PLACEMENT_3D('',#6845,#5679,#5680);
#4585=AXIS2_PLACEMENT_3D('',#6846,#5681,#5682);
#4586=AXIS2_PLACEMENT_3D('',#6847,#5683,#5684);
#4587=AXIS2_PLACEMENT_3D('',#6848,#5685,#5686);
#4588=AXIS2_PLACEMENT_3D('',#6849,#5687,#5688);
#4589=AXIS2_PLACEMENT_3D('',#6850,#5689,#5690);
#4590=AXIS2_PLACEMENT_3D('',#6851,#5691,#5692);
#4591=AXIS2_PLACEMENT_3D('',#6852,#5693,#5694);
#4592=AXIS2_PLACEMENT_3D('',#6853,#5695,#5696);
#4593=AXIS2_PLACEMENT_3D('',#6854,#5697,#5698);
#4594=AXIS2_PLACEMENT_3D('',#6855,#5699,#5700);
#4595=AXIS2_PLACEMENT_3D('',#6856,#5701,#5702);
#4596=AXIS2_PLACEMENT_3D('',#6857,#5703,#5704);
#4597=AXIS2_PLACEMENT_3D('',#6858,#5705,#5706);
#4598=AXIS2_PLACEMENT_3D('',#6859,#5707,#5708);
#4599=AXIS2_PLACEMENT_3D('',#6860,#5709,#5710);
#4600=AXIS2_PLACEMENT_3D('',#6861,#5711,#5712);
#4601=AXIS2_PLACEMENT_3D('',#6862,#5713,#5714);
#4602=AXIS2_PLACEMENT_3D('',#6863,#5715,#5716);
#4603=AXIS2_PLACEMENT_3D('',#6864,#5717,#5718);
#4604=AXIS2_PLACEMENT_3D('',#6865,#5719,#5720);
#4605=AXIS2_PLACEMENT_3D('',#6866,#5721,#5722);
#4606=AXIS2_PLACEMENT_3D('',#6867,#5723,#5724);
#4607=AXIS2_PLACEMENT_3D('',#6868,#5725,#5726);
#4608=AXIS2_PLACEMENT_3D('',#6869,#5727,#5728);
#4609=AXIS2_PLACEMENT_3D('',#6870,#5729,#5730);
#4610=AXIS2_PLACEMENT_3D('',#6871,#5731,#5732);
#4611=AXIS2_PLACEMENT_3D('',#6872,#5733,#5734);
#4612=AXIS2_PLACEMENT_3D('',#6873,#5735,#5736);
#4613=AXIS2_PLACEMENT_3D('',#6874,#5737,#5738);
#4614=AXIS2_PLACEMENT_3D('',#6875,#5739,#5740);
#4615=AXIS2_PLACEMENT_3D('',#6876,#5741,#5742);
#4616=AXIS2_PLACEMENT_3D('',#6877,#5743,#5744);
#4617=AXIS2_PLACEMENT_3D('',#6878,#5745,#5746);
#4618=AXIS2_PLACEMENT_3D('',#6879,#5747,#5748);
#4619=AXIS2_PLACEMENT_3D('',#6880,#5749,#5750);
#4620=AXIS2_PLACEMENT_3D('',#6881,#5751,#5752);
#4621=AXIS2_PLACEMENT_3D('',#6882,#5753,#5754);
#4622=AXIS2_PLACEMENT_3D('',#6883,#5755,#5756);
#4623=AXIS2_PLACEMENT_3D('',#6884,#5757,#5758);
#4624=AXIS2_PLACEMENT_3D('',#6885,#5759,#5760);
#4625=AXIS2_PLACEMENT_3D('',#6886,#5761,#5762);
#4626=AXIS2_PLACEMENT_3D('',#6887,#5763,#5764);
#4627=AXIS2_PLACEMENT_3D('',#6888,#5765,#5766);
#4628=AXIS2_PLACEMENT_3D('',#6889,#5767,#5768);
#4629=AXIS2_PLACEMENT_3D('',#6890,#5769,#5770);
#4630=AXIS2_PLACEMENT_3D('',#6891,#5771,#5772);
#4631=AXIS2_PLACEMENT_3D('',#6892,#5773,#5774);
#4632=AXIS2_PLACEMENT_3D('',#6893,#5775,#5776);
#4633=AXIS2_PLACEMENT_3D('',#6894,#5777,#5778);
#4634=AXIS2_PLACEMENT_3D('',#6895,#5779,#5780);
#4635=AXIS2_PLACEMENT_3D('',#6896,#5781,#5782);
#4636=AXIS2_PLACEMENT_3D('',#6897,#5783,#5784);
#4637=AXIS2_PLACEMENT_3D('',#6898,#5785,#5786);
#4638=AXIS2_PLACEMENT_3D('',#6899,#5787,#5788);
#4639=AXIS2_PLACEMENT_3D('',#6900,#5789,#5790);
#4640=AXIS2_PLACEMENT_3D('',#6901,#5791,#5792);
#4641=AXIS2_PLACEMENT_3D('',#6902,#5793,#5794);
#4642=AXIS2_PLACEMENT_3D('',#6903,#5795,#5796);
#4643=AXIS2_PLACEMENT_3D('',#6904,#5797,#5798);
#4644=AXIS2_PLACEMENT_3D('',#6905,#5799,#5800);
#4645=AXIS2_PLACEMENT_3D('',#6906,#5801,#5802);
#4646=AXIS2_PLACEMENT_3D('',#6907,#5803,#5804);
#4647=AXIS2_PLACEMENT_3D('',#6908,#5805,#5806);
#4648=AXIS2_PLACEMENT_3D('',#6909,#5807,#5808);
#4649=AXIS2_PLACEMENT_3D('',#6910,#5809,#5810);
#4650=AXIS2_PLACEMENT_3D('',#6911,#5811,#5812);
#4651=AXIS2_PLACEMENT_3D('',#6912,#5813,#5814);
#4652=AXIS2_PLACEMENT_3D('',#6913,#5815,#5816);
#4653=AXIS2_PLACEMENT_3D('',#6914,#5817,#5818);
#4654=AXIS2_PLACEMENT_3D('',#6915,#5819,#5820);
#4655=AXIS2_PLACEMENT_3D('',#6916,#5821,#5822);
#4656=AXIS2_PLACEMENT_3D('',#6917,#5823,#5824);
#4657=AXIS2_PLACEMENT_3D('',#6918,#5825,#5826);
#4658=AXIS2_PLACEMENT_3D('',#6919,#5827,#5828);
#4659=AXIS2_PLACEMENT_3D('',#6920,#5829,#5830);
#4660=AXIS2_PLACEMENT_3D('',#6921,#5831,#5832);
#4661=AXIS2_PLACEMENT_3D('',#6922,#5833,#5834);
#4662=AXIS2_PLACEMENT_3D('',#6923,#5835,#5836);
#4663=AXIS2_PLACEMENT_3D('',#6924,#5837,#5838);
#4664=AXIS2_PLACEMENT_3D('',#6925,#5839,#5840);
#4665=AXIS2_PLACEMENT_3D('',#6926,#5841,#5842);
#4666=AXIS2_PLACEMENT_3D('',#6927,#5843,#5844);
#4667=AXIS2_PLACEMENT_3D('',#6928,#5845,#5846);
#4668=AXIS2_PLACEMENT_3D('',#6929,#5847,#5848);
#4669=AXIS2_PLACEMENT_3D('',#6930,#5849,#5850);
#4670=AXIS2_PLACEMENT_3D('',#6931,#5851,#5852);
#4671=AXIS2_PLACEMENT_3D('',#6932,#5853,#5854);
#4672=AXIS2_PLACEMENT_3D('',#6933,#5855,#5856);
#4673=AXIS2_PLACEMENT_3D('',#6934,#5857,#5858);
#4674=AXIS2_PLACEMENT_3D('',#6935,#5859,#5860);
#4675=AXIS2_PLACEMENT_3D('',#6936,#5861,#5862);
#4676=AXIS2_PLACEMENT_3D('',#6937,#5863,#5864);
#4677=AXIS2_PLACEMENT_3D('',#6938,#5865,#5866);
#4678=AXIS2_PLACEMENT_3D('',#6939,#5867,#5868);
#4679=AXIS2_PLACEMENT_3D('',#6940,#5869,#5870);
#4680=AXIS2_PLACEMENT_3D('',#6941,#5871,#5872);
#4681=AXIS2_PLACEMENT_3D('',#6942,#5873,#5874);
#4682=AXIS2_PLACEMENT_3D('',#6943,#5875,#5876);
#4683=AXIS2_PLACEMENT_3D('',#6944,#5877,#5878);
#4684=AXIS2_PLACEMENT_3D('',#6945,#5879,#5880);
#4685=AXIS2_PLACEMENT_3D('',#6946,#5881,#5882);
#4686=AXIS2_PLACEMENT_3D('',#6947,#5883,#5884);
#4687=AXIS2_PLACEMENT_3D('',#6948,#5885,#5886);
#4688=AXIS2_PLACEMENT_3D('',#6949,#5887,#5888);
#4689=AXIS2_PLACEMENT_3D('',#6950,#5889,#5890);
#4690=AXIS2_PLACEMENT_3D('',#6951,#5891,#5892);
#4691=AXIS2_PLACEMENT_3D('',#6952,#5893,#5894);
#4692=AXIS2_PLACEMENT_3D('',#6953,#5895,#5896);
#4693=AXIS2_PLACEMENT_3D('',#6954,#5897,#5898);
#4694=AXIS2_PLACEMENT_3D('',#6955,#5899,#5900);
#4695=AXIS2_PLACEMENT_3D('',#6956,#5901,#5902);
#4696=AXIS2_PLACEMENT_3D('',#6957,#5903,#5904);
#4697=AXIS2_PLACEMENT_3D('',#6958,#5905,#5906);
#4698=AXIS2_PLACEMENT_3D('',#6959,#5907,#5908);
#4699=AXIS2_PLACEMENT_3D('',#6960,#5909,#5910);
#4700=AXIS2_PLACEMENT_3D('',#6961,#5911,#5912);
#4701=AXIS2_PLACEMENT_3D('',#6962,#5913,#5914);
#4702=AXIS2_PLACEMENT_3D('',#6963,#5915,#5916);
#4703=AXIS2_PLACEMENT_3D('',#6964,#5917,#5918);
#4704=AXIS2_PLACEMENT_3D('',#6965,#5919,#5920);
#4705=AXIS2_PLACEMENT_3D('',#6966,#5921,#5922);
#4706=AXIS2_PLACEMENT_3D('',#6967,#5923,#5924);
#4707=AXIS2_PLACEMENT_3D('',#6968,#5925,#5926);
#4708=AXIS2_PLACEMENT_3D('',#6969,#5927,#5928);
#4709=AXIS2_PLACEMENT_3D('',#6970,#5929,#5930);
#4710=AXIS2_PLACEMENT_3D('',#6971,#5931,#5932);
#4711=AXIS2_PLACEMENT_3D('',#6972,#5933,#5934);
#4712=AXIS2_PLACEMENT_3D('',#6973,#5935,#5936);
#4713=AXIS2_PLACEMENT_3D('',#6974,#5937,#5938);
#4714=AXIS2_PLACEMENT_3D('',#6975,#5939,#5940);
#4715=AXIS2_PLACEMENT_3D('',#6976,#5941,#5942);
#4716=AXIS2_PLACEMENT_3D('',#6977,#5943,#5944);
#4717=AXIS2_PLACEMENT_3D('',#6978,#5945,#5946);
#4718=AXIS2_PLACEMENT_3D('',#6979,#5947,#5948);
#4719=DIRECTION('',(0.,0.,1.));
#4720=DIRECTION('',(1.,0.,0.));
#4721=DIRECTION('',(1.,0.,0.));
#4722=DIRECTION('',(0.,0.,-1.));
#4723=DIRECTION('',(0.,-1.,0.));
#4724=DIRECTION('',(0.,0.,-1.));
#4725=DIRECTION('',(0.,-1.,0.));
#4726=DIRECTION('',(0.,0.,-1.));
#4727=DIRECTION('',(0.,-1.,0.));
#4728=DIRECTION('',(0.,0.,-1.));
#4729=DIRECTION('',(-1.,0.,0.));
#4730=DIRECTION('',(0.,0.,-1.));
#4731=DIRECTION('',(-1.,0.,0.));
#4732=DIRECTION('',(0.,0.,-1.));
#4733=DIRECTION('',(1.,0.,0.));
#4734=DIRECTION('',(0.,0.,-1.));
#4735=DIRECTION('',(0.,-1.,0.));
#4736=DIRECTION('',(0.,0.,-1.));
#4737=DIRECTION('',(0.,-1.,0.));
#4738=DIRECTION('',(0.,0.,-1.));
#4739=DIRECTION('',(0.,-1.,0.));
#4740=DIRECTION('',(0.,0.,-1.));
#4741=DIRECTION('',(-1.,0.,0.));
#4742=DIRECTION('',(0.,0.,-1.));
#4743=DIRECTION('',(-1.,0.,0.));
#4744=DIRECTION('',(0.,0.,-1.));
#4745=DIRECTION('',(0.,0.,1.));
#4746=DIRECTION('',(1.,0.,0.));
#4747=DIRECTION('',(0.,0.,1.));
#4748=DIRECTION('',(1.,0.,0.));
#4749=DIRECTION('',(0.,0.,1.));
#4750=DIRECTION('',(1.,0.,0.));
#4751=DIRECTION('',(0.,0.,1.));
#4752=DIRECTION('',(1.,0.,0.));
#4753=DIRECTION('',(0.,0.,1.));
#4754=DIRECTION('',(1.,0.,0.));
#4755=DIRECTION('',(0.,0.,1.));
#4756=DIRECTION('',(1.,0.,0.));
#4757=DIRECTION('',(0.,0.,1.));
#4758=DIRECTION('',(1.,0.,0.));
#4759=DIRECTION('',(0.,0.,1.));
#4760=DIRECTION('',(1.,0.,0.));
#4761=DIRECTION('',(0.,0.,1.));
#4762=DIRECTION('',(1.,0.,0.));
#4763=DIRECTION('',(0.,0.,1.));
#4764=DIRECTION('',(1.,0.,0.));
#4765=DIRECTION('',(0.,0.,1.));
#4766=DIRECTION('',(1.,0.,0.));
#4767=DIRECTION('',(0.,0.,1.));
#4768=DIRECTION('',(1.,0.,0.));
#4769=DIRECTION('',(0.,0.,1.));
#4770=DIRECTION('',(1.,0.,0.));
#4771=DIRECTION('',(0.,0.,1.));
#4772=DIRECTION('',(1.,0.,0.));
#4773=DIRECTION('',(0.,0.,1.));
#4774=DIRECTION('',(1.,0.,0.));
#4775=DIRECTION('',(0.,0.,1.));
#4776=DIRECTION('',(1.,0.,0.));
#4777=DIRECTION('',(0.,0.,1.));
#4778=DIRECTION('',(1.,0.,0.));
#4779=DIRECTION('',(0.,0.,1.));
#4780=DIRECTION('',(1.,0.,0.));
#4781=DIRECTION('',(0.,0.,1.));
#4782=DIRECTION('',(1.,0.,0.));
#4783=DIRECTION('',(0.,0.,1.));
#4784=DIRECTION('',(1.,0.,0.));
#4785=DIRECTION('',(0.,0.,1.));
#4786=DIRECTION('',(1.,0.,0.));
#4787=DIRECTION('',(0.,0.,1.));
#4788=DIRECTION('',(1.,0.,0.));
#4789=DIRECTION('',(0.,0.,1.));
#4790=DIRECTION('',(1.,0.,0.));
#4791=DIRECTION('',(0.,0.,1.));
#4792=DIRECTION('',(1.,0.,0.));
#4793=DIRECTION('',(0.,0.,1.));
#4794=DIRECTION('',(1.,0.,0.));
#4795=DIRECTION('',(0.,0.,1.));
#4796=DIRECTION('',(1.,0.,0.));
#4797=DIRECTION('',(0.,0.,1.));
#4798=DIRECTION('',(1.,0.,0.));
#4799=DIRECTION('',(0.,0.,1.));
#4800=DIRECTION('',(1.,0.,0.));
#4801=DIRECTION('',(0.,0.,1.));
#4802=DIRECTION('',(1.,0.,0.));
#4803=DIRECTION('',(0.,0.,1.));
#4804=DIRECTION('',(1.,0.,0.));
#4805=DIRECTION('',(0.,0.,1.));
#4806=DIRECTION('',(1.,0.,0.));
#4807=DIRECTION('',(0.,0.,1.));
#4808=DIRECTION('',(1.,0.,0.));
#4809=DIRECTION('',(0.,0.,1.));
#4810=DIRECTION('',(1.,0.,0.));
#4811=DIRECTION('',(0.,0.,1.));
#4812=DIRECTION('',(1.,0.,0.));
#4813=DIRECTION('',(0.,0.,1.));
#4814=DIRECTION('',(1.,0.,0.));
#4815=DIRECTION('',(0.,0.,1.));
#4816=DIRECTION('',(1.,0.,0.));
#4817=DIRECTION('',(0.,0.,1.));
#4818=DIRECTION('',(1.,0.,0.));
#4819=DIRECTION('',(0.,0.,1.));
#4820=DIRECTION('',(1.,0.,0.));
#4821=DIRECTION('',(0.,0.,1.));
#4822=DIRECTION('',(1.,0.,0.));
#4823=DIRECTION('',(0.,0.,1.));
#4824=DIRECTION('',(1.,0.,0.));
#4825=DIRECTION('',(0.,0.,1.));
#4826=DIRECTION('',(1.,0.,0.));
#4827=DIRECTION('',(0.,0.,1.));
#4828=DIRECTION('',(1.,0.,0.));
#4829=DIRECTION('',(0.,0.,1.));
#4830=DIRECTION('',(1.,0.,0.));
#4831=DIRECTION('',(0.,0.,1.));
#4832=DIRECTION('',(1.,0.,0.));
#4833=DIRECTION('',(0.,0.,1.));
#4834=DIRECTION('',(1.,0.,0.));
#4835=DIRECTION('',(0.,0.,1.));
#4836=DIRECTION('',(1.,0.,0.));
#4837=DIRECTION('',(0.,0.,1.));
#4838=DIRECTION('',(1.,0.,0.));
#4839=DIRECTION('',(0.,0.,1.));
#4840=DIRECTION('',(1.,0.,0.));
#4841=DIRECTION('',(0.,0.,1.));
#4842=DIRECTION('',(1.,0.,0.));
#4843=DIRECTION('',(0.,0.,1.));
#4844=DIRECTION('',(1.,0.,0.));
#4845=DIRECTION('',(0.,0.,1.));
#4846=DIRECTION('',(1.,0.,0.));
#4847=DIRECTION('',(0.,0.,1.));
#4848=DIRECTION('',(1.,0.,0.));
#4849=DIRECTION('',(0.,0.,1.));
#4850=DIRECTION('',(1.,0.,0.));
#4851=DIRECTION('',(0.,0.,1.));
#4852=DIRECTION('',(1.,0.,0.));
#4853=DIRECTION('',(0.,0.,1.));
#4854=DIRECTION('',(1.,0.,0.));
#4855=DIRECTION('',(0.,0.,1.));
#4856=DIRECTION('',(1.,0.,0.));
#4857=DIRECTION('',(0.,0.,1.));
#4858=DIRECTION('',(1.,0.,0.));
#4859=DIRECTION('',(0.,0.,1.));
#4860=DIRECTION('',(1.,0.,0.));
#4861=DIRECTION('',(0.,0.,1.));
#4862=DIRECTION('',(1.,0.,0.));
#4863=DIRECTION('',(0.,0.,1.));
#4864=DIRECTION('',(1.,0.,0.));
#4865=DIRECTION('',(0.,0.,1.));
#4866=DIRECTION('',(1.,0.,0.));
#4867=DIRECTION('',(0.,0.,1.));
#4868=DIRECTION('',(1.,0.,0.));
#4869=DIRECTION('',(0.,0.,1.));
#4870=DIRECTION('',(1.,0.,0.));
#4871=DIRECTION('',(0.,0.,1.));
#4872=DIRECTION('',(1.,0.,0.));
#4873=DIRECTION('',(0.,0.,1.));
#4874=DIRECTION('',(1.,0.,0.));
#4875=DIRECTION('',(0.,0.,1.));
#4876=DIRECTION('',(1.,0.,0.));
#4877=DIRECTION('',(0.,0.,1.));
#4878=DIRECTION('',(1.,0.,0.));
#4879=DIRECTION('',(0.,0.,1.));
#4880=DIRECTION('',(1.,0.,0.));
#4881=DIRECTION('',(0.,0.,1.));
#4882=DIRECTION('',(1.,0.,0.));
#4883=DIRECTION('',(0.,0.,1.));
#4884=DIRECTION('',(1.,0.,0.));
#4885=DIRECTION('',(0.,0.,1.));
#4886=DIRECTION('',(1.,0.,0.));
#4887=DIRECTION('',(0.,0.,1.));
#4888=DIRECTION('',(1.,0.,0.));
#4889=DIRECTION('',(0.,0.,1.));
#4890=DIRECTION('',(1.,0.,0.));
#4891=DIRECTION('',(0.,0.,1.));
#4892=DIRECTION('',(1.,0.,0.));
#4893=DIRECTION('',(0.,0.,1.));
#4894=DIRECTION('',(1.,0.,0.));
#4895=DIRECTION('',(0.,0.,1.));
#4896=DIRECTION('',(1.,0.,0.));
#4897=DIRECTION('',(0.,0.,1.));
#4898=DIRECTION('',(1.,0.,0.));
#4899=DIRECTION('',(0.,0.,1.));
#4900=DIRECTION('',(1.,0.,0.));
#4901=DIRECTION('',(0.,0.,1.));
#4902=DIRECTION('',(1.,0.,0.));
#4903=DIRECTION('',(0.,0.,1.));
#4904=DIRECTION('',(1.,0.,0.));
#4905=DIRECTION('',(0.,0.,1.));
#4906=DIRECTION('',(1.,0.,0.));
#4907=DIRECTION('',(0.,0.,1.));
#4908=DIRECTION('',(1.,0.,0.));
#4909=DIRECTION('',(0.,0.,1.));
#4910=DIRECTION('',(1.,0.,0.));
#4911=DIRECTION('',(0.,0.,1.));
#4912=DIRECTION('',(1.,0.,0.));
#4913=DIRECTION('',(0.,0.,1.));
#4914=DIRECTION('',(1.,0.,0.));
#4915=DIRECTION('',(0.,0.,1.));
#4916=DIRECTION('',(1.,0.,0.));
#4917=DIRECTION('',(0.,0.,1.));
#4918=DIRECTION('',(1.,0.,0.));
#4919=DIRECTION('',(0.,0.,1.));
#4920=DIRECTION('',(1.,0.,0.));
#4921=DIRECTION('',(0.,0.,1.));
#4922=DIRECTION('',(1.,0.,0.));
#4923=DIRECTION('',(0.,0.,1.));
#4924=DIRECTION('',(1.,0.,0.));
#4925=DIRECTION('',(0.,0.,1.));
#4926=DIRECTION('',(1.,0.,0.));
#4927=DIRECTION('',(0.,0.,1.));
#4928=DIRECTION('',(1.,0.,0.));
#4929=DIRECTION('',(0.,0.,1.));
#4930=DIRECTION('',(1.,0.,0.));
#4931=DIRECTION('',(0.,0.,1.));
#4932=DIRECTION('',(1.,0.,0.));
#4933=DIRECTION('',(0.,0.,1.));
#4934=DIRECTION('',(1.,0.,0.));
#4935=DIRECTION('',(0.,0.,1.));
#4936=DIRECTION('',(1.,0.,0.));
#4937=DIRECTION('',(0.,0.,1.));
#4938=DIRECTION('',(1.,0.,0.));
#4939=DIRECTION('',(0.,0.,1.));
#4940=DIRECTION('',(1.,0.,0.));
#4941=DIRECTION('',(0.,0.,1.));
#4942=DIRECTION('',(1.,0.,0.));
#4943=DIRECTION('',(0.,0.,1.));
#4944=DIRECTION('',(1.,0.,0.));
#4945=DIRECTION('',(0.,0.,1.));
#4946=DIRECTION('',(1.,0.,0.));
#4947=DIRECTION('',(0.,0.,1.));
#4948=DIRECTION('',(1.,0.,0.));
#4949=DIRECTION('',(0.,0.,1.));
#4950=DIRECTION('',(1.,0.,0.));
#4951=DIRECTION('',(0.,0.,1.));
#4952=DIRECTION('',(1.,0.,0.));
#4953=DIRECTION('',(0.,0.,1.));
#4954=DIRECTION('',(1.,0.,0.));
#4955=DIRECTION('',(0.,0.,1.));
#4956=DIRECTION('',(1.,0.,0.));
#4957=DIRECTION('',(0.,0.,1.));
#4958=DIRECTION('',(1.,0.,0.));
#4959=DIRECTION('',(0.,0.,1.));
#4960=DIRECTION('',(1.,0.,0.));
#4961=DIRECTION('',(0.,0.,1.));
#4962=DIRECTION('',(1.,0.,0.));
#4963=DIRECTION('',(0.,0.,1.));
#4964=DIRECTION('',(1.,0.,0.));
#4965=DIRECTION('',(0.,0.,1.));
#4966=DIRECTION('',(1.,0.,0.));
#4967=DIRECTION('',(0.,0.,1.));
#4968=DIRECTION('',(1.,0.,0.));
#4969=DIRECTION('',(0.,0.,1.));
#4970=DIRECTION('',(1.,0.,0.));
#4971=DIRECTION('',(0.,0.,1.));
#4972=DIRECTION('',(1.,0.,0.));
#4973=DIRECTION('',(0.,0.,1.));
#4974=DIRECTION('',(1.,0.,0.));
#4975=DIRECTION('',(0.,0.,1.));
#4976=DIRECTION('',(1.,0.,0.));
#4977=DIRECTION('',(0.,0.,1.));
#4978=DIRECTION('',(1.,0.,0.));
#4979=DIRECTION('',(0.,0.,1.));
#4980=DIRECTION('',(1.,0.,0.));
#4981=DIRECTION('',(0.,0.,1.));
#4982=DIRECTION('',(1.,0.,0.));
#4983=DIRECTION('',(0.,0.,1.));
#4984=DIRECTION('',(1.,0.,0.));
#4985=DIRECTION('',(0.,0.,1.));
#4986=DIRECTION('',(1.,0.,0.));
#4987=DIRECTION('',(0.,0.,1.));
#4988=DIRECTION('',(1.,0.,0.));
#4989=DIRECTION('',(0.,0.,1.));
#4990=DIRECTION('',(1.,0.,0.));
#4991=DIRECTION('',(0.,0.,1.));
#4992=DIRECTION('',(1.,0.,0.));
#4993=DIRECTION('',(0.,0.,1.));
#4994=DIRECTION('',(1.,0.,0.));
#4995=DIRECTION('',(0.,0.,1.));
#4996=DIRECTION('',(1.,0.,0.));
#4997=DIRECTION('',(0.,0.,1.));
#4998=DIRECTION('',(1.,0.,0.));
#4999=DIRECTION('',(0.,0.,1.));
#5000=DIRECTION('',(1.,0.,0.));
#5001=DIRECTION('',(0.,0.,1.));
#5002=DIRECTION('',(1.,0.,0.));
#5003=DIRECTION('',(0.,0.,1.));
#5004=DIRECTION('',(1.,0.,0.));
#5005=DIRECTION('',(0.,0.,1.));
#5006=DIRECTION('',(1.,0.,0.));
#5007=DIRECTION('',(0.,0.,1.));
#5008=DIRECTION('',(1.,0.,0.));
#5009=DIRECTION('',(0.,0.,1.));
#5010=DIRECTION('',(1.,0.,0.));
#5011=DIRECTION('',(0.,0.,1.));
#5012=DIRECTION('',(1.,0.,0.));
#5013=DIRECTION('',(0.,0.,1.));
#5014=DIRECTION('',(1.,0.,0.));
#5015=DIRECTION('',(0.,0.,1.));
#5016=DIRECTION('',(1.,0.,0.));
#5017=DIRECTION('',(0.,0.,1.));
#5018=DIRECTION('',(1.,0.,0.));
#5019=DIRECTION('',(0.,0.,1.));
#5020=DIRECTION('',(1.,0.,0.));
#5021=DIRECTION('',(0.,0.,1.));
#5022=DIRECTION('',(1.,0.,0.));
#5023=DIRECTION('',(0.,0.,1.));
#5024=DIRECTION('',(1.,0.,0.));
#5025=DIRECTION('',(0.,0.,1.));
#5026=DIRECTION('',(1.,0.,0.));
#5027=DIRECTION('',(0.,0.,1.));
#5028=DIRECTION('',(1.,0.,0.));
#5029=DIRECTION('',(0.,0.,1.));
#5030=DIRECTION('',(1.,0.,0.));
#5031=DIRECTION('',(0.,0.,1.));
#5032=DIRECTION('',(1.,0.,0.));
#5033=DIRECTION('',(0.,0.,1.));
#5034=DIRECTION('',(1.,0.,0.));
#5035=DIRECTION('',(0.,0.,1.));
#5036=DIRECTION('',(1.,0.,0.));
#5037=DIRECTION('',(0.,0.,1.));
#5038=DIRECTION('',(1.,0.,0.));
#5039=DIRECTION('',(0.,0.,1.));
#5040=DIRECTION('',(1.,0.,0.));
#5041=DIRECTION('',(0.,0.,1.));
#5042=DIRECTION('',(1.,0.,0.));
#5043=DIRECTION('',(0.,0.,1.));
#5044=DIRECTION('',(1.,0.,0.));
#5045=DIRECTION('',(0.,0.,1.));
#5046=DIRECTION('',(1.,0.,0.));
#5047=DIRECTION('',(0.,0.,1.));
#5048=DIRECTION('',(1.,0.,0.));
#5049=DIRECTION('',(0.,0.,1.));
#5050=DIRECTION('',(1.,0.,0.));
#5051=DIRECTION('',(0.,0.,1.));
#5052=DIRECTION('',(1.,0.,0.));
#5053=DIRECTION('',(0.,0.,1.));
#5054=DIRECTION('',(1.,0.,0.));
#5055=DIRECTION('',(0.,0.,1.));
#5056=DIRECTION('',(1.,0.,0.));
#5057=DIRECTION('',(0.,0.,1.));
#5058=DIRECTION('',(1.,0.,0.));
#5059=DIRECTION('',(0.,0.,1.));
#5060=DIRECTION('',(1.,0.,0.));
#5061=DIRECTION('',(0.,0.,1.));
#5062=DIRECTION('',(1.,0.,0.));
#5063=DIRECTION('',(0.,0.,1.));
#5064=DIRECTION('',(1.,0.,0.));
#5065=DIRECTION('',(0.,0.,1.));
#5066=DIRECTION('',(1.,0.,0.));
#5067=DIRECTION('',(0.,0.,1.));
#5068=DIRECTION('',(1.,0.,0.));
#5069=DIRECTION('',(0.,0.,1.));
#5070=DIRECTION('',(1.,0.,0.));
#5071=DIRECTION('',(0.,0.,1.));
#5072=DIRECTION('',(1.,0.,0.));
#5073=DIRECTION('',(0.,0.,1.));
#5074=DIRECTION('',(1.,0.,0.));
#5075=DIRECTION('',(0.,0.,1.));
#5076=DIRECTION('',(1.,0.,0.));
#5077=DIRECTION('',(0.,0.,1.));
#5078=DIRECTION('',(1.,0.,0.));
#5079=DIRECTION('',(0.,0.,1.));
#5080=DIRECTION('',(1.,0.,0.));
#5081=DIRECTION('',(0.,0.,1.));
#5082=DIRECTION('',(1.,0.,0.));
#5083=DIRECTION('',(0.,0.,1.));
#5084=DIRECTION('',(1.,0.,0.));
#5085=DIRECTION('',(0.,0.,1.));
#5086=DIRECTION('',(1.,0.,0.));
#5087=DIRECTION('',(0.,0.,1.));
#5088=DIRECTION('',(1.,0.,0.));
#5089=DIRECTION('',(0.,0.,1.));
#5090=DIRECTION('',(1.,0.,0.));
#5091=DIRECTION('',(0.,0.,1.));
#5092=DIRECTION('',(1.,0.,0.));
#5093=DIRECTION('',(0.,0.,1.));
#5094=DIRECTION('',(1.,0.,0.));
#5095=DIRECTION('',(0.,0.,1.));
#5096=DIRECTION('',(1.,0.,0.));
#5097=DIRECTION('',(0.,0.,1.));
#5098=DIRECTION('',(1.,0.,0.));
#5099=DIRECTION('',(0.,0.,1.));
#5100=DIRECTION('',(1.,0.,0.));
#5101=DIRECTION('',(0.,0.,1.));
#5102=DIRECTION('',(1.,0.,0.));
#5103=DIRECTION('',(0.,0.,1.));
#5104=DIRECTION('',(1.,0.,0.));
#5105=DIRECTION('',(0.,0.,1.));
#5106=DIRECTION('',(1.,0.,0.));
#5107=DIRECTION('',(0.,0.,1.));
#5108=DIRECTION('',(1.,0.,0.));
#5109=DIRECTION('',(0.,0.,1.));
#5110=DIRECTION('',(1.,0.,0.));
#5111=DIRECTION('',(0.,0.,1.));
#5112=DIRECTION('',(1.,0.,0.));
#5113=DIRECTION('',(0.,0.,1.));
#5114=DIRECTION('',(1.,0.,0.));
#5115=DIRECTION('',(0.,0.,1.));
#5116=DIRECTION('',(1.,0.,0.));
#5117=DIRECTION('',(0.,0.,1.));
#5118=DIRECTION('',(1.,0.,0.));
#5119=DIRECTION('',(0.,0.,1.));
#5120=DIRECTION('',(1.,0.,0.));
#5121=DIRECTION('',(0.,0.,1.));
#5122=DIRECTION('',(1.,0.,0.));
#5123=DIRECTION('',(0.,0.,1.));
#5124=DIRECTION('',(1.,0.,0.));
#5125=DIRECTION('',(0.,0.,1.));
#5126=DIRECTION('',(1.,0.,0.));
#5127=DIRECTION('',(0.,0.,1.));
#5128=DIRECTION('',(1.,0.,0.));
#5129=DIRECTION('',(0.,0.,1.));
#5130=DIRECTION('',(1.,0.,0.));
#5131=DIRECTION('',(0.,0.,1.));
#5132=DIRECTION('',(1.,0.,0.));
#5133=DIRECTION('',(0.,0.,1.));
#5134=DIRECTION('',(1.,0.,0.));
#5135=DIRECTION('',(0.,0.,1.));
#5136=DIRECTION('',(1.,0.,0.));
#5137=DIRECTION('',(0.,0.,1.));
#5138=DIRECTION('',(1.,0.,0.));
#5139=DIRECTION('',(0.,0.,1.));
#5140=DIRECTION('',(1.,0.,0.));
#5141=DIRECTION('',(0.,0.,1.));
#5142=DIRECTION('',(1.,0.,0.));
#5143=DIRECTION('',(0.,0.,1.));
#5144=DIRECTION('',(1.,0.,0.));
#5145=DIRECTION('',(0.,0.,1.));
#5146=DIRECTION('',(1.,0.,0.));
#5147=DIRECTION('',(0.,0.,1.));
#5148=DIRECTION('',(1.,0.,0.));
#5149=DIRECTION('',(0.,0.,1.));
#5150=DIRECTION('',(1.,0.,0.));
#5151=DIRECTION('',(0.,0.,1.));
#5152=DIRECTION('',(1.,0.,0.));
#5153=DIRECTION('',(0.,0.,1.));
#5154=DIRECTION('',(1.,0.,0.));
#5155=DIRECTION('',(0.,0.,1.));
#5156=DIRECTION('',(1.,0.,0.));
#5157=DIRECTION('',(0.,0.,1.));
#5158=DIRECTION('',(1.,0.,0.));
#5159=DIRECTION('',(0.,0.,1.));
#5160=DIRECTION('',(1.,0.,0.));
#5161=DIRECTION('',(0.,0.,1.));
#5162=DIRECTION('',(1.,0.,0.));
#5163=DIRECTION('',(0.,0.,1.));
#5164=DIRECTION('',(1.,0.,0.));
#5165=DIRECTION('',(0.,0.,1.));
#5166=DIRECTION('',(1.,0.,0.));
#5167=DIRECTION('',(0.,0.,1.));
#5168=DIRECTION('',(1.,0.,0.));
#5169=DIRECTION('',(0.,0.,1.));
#5170=DIRECTION('',(1.,0.,0.));
#5171=DIRECTION('',(0.,0.,1.));
#5172=DIRECTION('',(1.,0.,0.));
#5173=DIRECTION('',(0.,0.,1.));
#5174=DIRECTION('',(1.,0.,0.));
#5175=DIRECTION('',(0.,0.,1.));
#5176=DIRECTION('',(1.,0.,0.));
#5177=DIRECTION('',(0.,0.,1.));
#5178=DIRECTION('',(1.,0.,0.));
#5179=DIRECTION('',(0.,0.,1.));
#5180=DIRECTION('',(1.,0.,0.));
#5181=DIRECTION('',(0.,0.,1.));
#5182=DIRECTION('',(1.,0.,0.));
#5183=DIRECTION('',(0.,0.,1.));
#5184=DIRECTION('',(1.,0.,0.));
#5185=DIRECTION('',(0.,0.,1.));
#5186=DIRECTION('',(1.,0.,0.));
#5187=DIRECTION('',(0.,0.,1.));
#5188=DIRECTION('',(1.,0.,0.));
#5189=DIRECTION('',(0.,0.,1.));
#5190=DIRECTION('',(1.,0.,0.));
#5191=DIRECTION('',(0.,0.,1.));
#5192=DIRECTION('',(1.,0.,0.));
#5193=DIRECTION('',(0.,0.,1.));
#5194=DIRECTION('',(1.,0.,0.));
#5195=DIRECTION('',(0.,0.,1.));
#5196=DIRECTION('',(1.,0.,0.));
#5197=DIRECTION('',(0.,0.,1.));
#5198=DIRECTION('',(1.,0.,0.));
#5199=DIRECTION('',(0.,0.,1.));
#5200=DIRECTION('',(1.,0.,0.));
#5201=DIRECTION('',(0.,0.,1.));
#5202=DIRECTION('',(1.,0.,0.));
#5203=DIRECTION('',(0.,0.,1.));
#5204=DIRECTION('',(1.,0.,0.));
#5205=DIRECTION('',(0.,0.,1.));
#5206=DIRECTION('',(1.,0.,0.));
#5207=DIRECTION('',(0.,0.,1.));
#5208=DIRECTION('',(1.,0.,0.));
#5209=DIRECTION('',(0.,0.,1.));
#5210=DIRECTION('',(1.,0.,0.));
#5211=DIRECTION('',(0.,0.,1.));
#5212=DIRECTION('',(1.,0.,0.));
#5213=DIRECTION('',(0.,0.,1.));
#5214=DIRECTION('',(1.,0.,0.));
#5215=DIRECTION('',(0.,0.,1.));
#5216=DIRECTION('',(1.,0.,0.));
#5217=DIRECTION('',(0.,0.,1.));
#5218=DIRECTION('',(1.,0.,0.));
#5219=DIRECTION('',(0.,0.,1.));
#5220=DIRECTION('',(1.,0.,0.));
#5221=DIRECTION('',(0.,0.,1.));
#5222=DIRECTION('',(1.,0.,0.));
#5223=DIRECTION('',(0.,0.,1.));
#5224=DIRECTION('',(1.,0.,0.));
#5225=DIRECTION('',(0.,0.,1.));
#5226=DIRECTION('',(1.,0.,0.));
#5227=DIRECTION('',(0.,0.,1.));
#5228=DIRECTION('',(1.,0.,0.));
#5229=DIRECTION('',(0.,0.,1.));
#5230=DIRECTION('',(1.,0.,0.));
#5231=DIRECTION('',(0.,0.,1.));
#5232=DIRECTION('',(1.,0.,0.));
#5233=DIRECTION('',(0.,0.,1.));
#5234=DIRECTION('',(1.,0.,0.));
#5235=DIRECTION('',(0.,0.,1.));
#5236=DIRECTION('',(1.,0.,0.));
#5237=DIRECTION('',(0.,0.,1.));
#5238=DIRECTION('',(1.,0.,0.));
#5239=DIRECTION('',(0.,0.,1.));
#5240=DIRECTION('',(1.,0.,0.));
#5241=DIRECTION('',(0.,0.,1.));
#5242=DIRECTION('',(1.,0.,0.));
#5243=DIRECTION('',(0.,0.,1.));
#5244=DIRECTION('',(1.,0.,0.));
#5245=DIRECTION('',(0.,0.,1.));
#5246=DIRECTION('',(1.,0.,0.));
#5247=DIRECTION('',(0.,0.,1.));
#5248=DIRECTION('',(1.,0.,0.));
#5249=DIRECTION('',(0.,0.,1.));
#5250=DIRECTION('',(1.,0.,0.));
#5251=DIRECTION('',(0.,0.,1.));
#5252=DIRECTION('',(1.,0.,0.));
#5253=DIRECTION('',(0.,0.,1.));
#5254=DIRECTION('',(1.,0.,0.));
#5255=DIRECTION('',(0.,0.,1.));
#5256=DIRECTION('',(1.,0.,0.));
#5257=DIRECTION('',(0.,0.,1.));
#5258=DIRECTION('',(1.,0.,0.));
#5259=DIRECTION('',(0.,0.,1.));
#5260=DIRECTION('',(1.,0.,0.));
#5261=DIRECTION('',(0.,0.,1.));
#5262=DIRECTION('',(1.,0.,0.));
#5263=DIRECTION('',(0.,0.,1.));
#5264=DIRECTION('',(1.,0.,0.));
#5265=DIRECTION('',(0.,0.,1.));
#5266=DIRECTION('',(1.,0.,0.));
#5267=DIRECTION('',(0.,0.,1.));
#5268=DIRECTION('',(1.,0.,0.));
#5269=DIRECTION('',(0.,0.,1.));
#5270=DIRECTION('',(1.,0.,0.));
#5271=DIRECTION('',(0.,0.,1.));
#5272=DIRECTION('',(1.,0.,0.));
#5273=DIRECTION('',(0.,0.,1.));
#5274=DIRECTION('',(1.,0.,0.));
#5275=DIRECTION('',(0.,0.,1.));
#5276=DIRECTION('',(1.,0.,0.));
#5277=DIRECTION('',(0.,0.,1.));
#5278=DIRECTION('',(1.,0.,0.));
#5279=DIRECTION('',(0.,0.,1.));
#5280=DIRECTION('',(1.,0.,0.));
#5281=DIRECTION('',(0.,0.,1.));
#5282=DIRECTION('',(1.,0.,0.));
#5283=DIRECTION('',(0.,0.,1.));
#5284=DIRECTION('',(1.,0.,0.));
#5285=DIRECTION('',(0.,0.,1.));
#5286=DIRECTION('',(1.,0.,0.));
#5287=DIRECTION('',(0.,0.,1.));
#5288=DIRECTION('',(1.,0.,0.));
#5289=DIRECTION('',(0.,0.,1.));
#5290=DIRECTION('',(1.,0.,0.));
#5291=DIRECTION('',(0.,0.,1.));
#5292=DIRECTION('',(1.,0.,0.));
#5293=DIRECTION('',(0.,0.,1.));
#5294=DIRECTION('',(1.,0.,0.));
#5295=DIRECTION('',(0.,0.,1.));
#5296=DIRECTION('',(1.,0.,0.));
#5297=DIRECTION('',(0.,0.,1.));
#5298=DIRECTION('',(1.,0.,0.));
#5299=DIRECTION('',(0.,0.,1.));
#5300=DIRECTION('',(1.,0.,0.));
#5301=DIRECTION('',(0.,0.,1.));
#5302=DIRECTION('',(1.,0.,0.));
#5303=DIRECTION('',(0.,0.,1.));
#5304=DIRECTION('',(1.,0.,0.));
#5305=DIRECTION('',(0.,0.,1.));
#5306=DIRECTION('',(1.,0.,0.));
#5307=DIRECTION('',(0.,0.,1.));
#5308=DIRECTION('',(1.,0.,0.));
#5309=DIRECTION('',(0.,0.,1.));
#5310=DIRECTION('',(1.,0.,0.));
#5311=DIRECTION('',(0.,0.,1.));
#5312=DIRECTION('',(1.,0.,0.));
#5313=DIRECTION('',(0.,0.,1.));
#5314=DIRECTION('',(1.,0.,0.));
#5315=DIRECTION('',(0.,0.,1.));
#5316=DIRECTION('',(1.,0.,0.));
#5317=DIRECTION('',(0.,0.,1.));
#5318=DIRECTION('',(1.,0.,0.));
#5319=DIRECTION('',(0.,0.,1.));
#5320=DIRECTION('',(1.,0.,0.));
#5321=DIRECTION('',(0.,0.,1.));
#5322=DIRECTION('',(1.,0.,0.));
#5323=DIRECTION('',(0.,0.,1.));
#5324=DIRECTION('',(1.,0.,0.));
#5325=DIRECTION('',(0.,0.,1.));
#5326=DIRECTION('',(1.,0.,0.));
#5327=DIRECTION('',(0.,0.,1.));
#5328=DIRECTION('',(1.,0.,0.));
#5329=DIRECTION('',(0.,0.,1.));
#5330=DIRECTION('',(1.,0.,0.));
#5331=DIRECTION('',(0.,0.,1.));
#5332=DIRECTION('',(1.,0.,0.));
#5333=DIRECTION('',(0.,0.,1.));
#5334=DIRECTION('',(1.,0.,0.));
#5335=DIRECTION('',(0.,0.,1.));
#5336=DIRECTION('',(1.,0.,0.));
#5337=DIRECTION('',(0.,0.,1.));
#5338=DIRECTION('',(1.,0.,0.));
#5339=DIRECTION('',(0.,0.,1.));
#5340=DIRECTION('',(1.,0.,0.));
#5341=DIRECTION('',(0.,0.,1.));
#5342=DIRECTION('',(1.,0.,0.));
#5343=DIRECTION('',(0.,0.,1.));
#5344=DIRECTION('',(1.,0.,0.));
#5345=DIRECTION('',(0.,0.,1.));
#5346=DIRECTION('',(1.,0.,0.));
#5347=DIRECTION('',(0.,0.,1.));
#5348=DIRECTION('',(1.,0.,0.));
#5349=DIRECTION('',(0.,0.,1.));
#5350=DIRECTION('',(1.,0.,0.));
#5351=DIRECTION('',(0.,0.,1.));
#5352=DIRECTION('',(1.,0.,0.));
#5353=DIRECTION('',(0.,0.,1.));
#5354=DIRECTION('',(1.,0.,0.));
#5355=DIRECTION('',(0.,0.,1.));
#5356=DIRECTION('',(1.,0.,0.));
#5357=DIRECTION('',(0.,0.,1.));
#5358=DIRECTION('',(1.,0.,0.));
#5359=DIRECTION('',(0.,0.,1.));
#5360=DIRECTION('',(1.,0.,0.));
#5361=DIRECTION('',(0.,0.,1.));
#5362=DIRECTION('',(1.,0.,0.));
#5363=DIRECTION('',(0.,0.,1.));
#5364=DIRECTION('',(1.,0.,0.));
#5365=DIRECTION('',(0.,0.,1.));
#5366=DIRECTION('',(1.,0.,0.));
#5367=DIRECTION('',(0.,0.,1.));
#5368=DIRECTION('',(1.,0.,0.));
#5369=DIRECTION('',(0.,0.,1.));
#5370=DIRECTION('',(1.,0.,0.));
#5371=DIRECTION('',(0.,0.,1.));
#5372=DIRECTION('',(1.,0.,0.));
#5373=DIRECTION('',(0.,0.,1.));
#5374=DIRECTION('',(1.,0.,0.));
#5375=DIRECTION('',(0.,0.,1.));
#5376=DIRECTION('',(1.,0.,0.));
#5377=DIRECTION('',(0.,0.,1.));
#5378=DIRECTION('',(1.,0.,0.));
#5379=DIRECTION('',(0.,0.,1.));
#5380=DIRECTION('',(1.,0.,0.));
#5381=DIRECTION('',(0.,0.,1.));
#5382=DIRECTION('',(1.,0.,0.));
#5383=DIRECTION('',(0.,0.,1.));
#5384=DIRECTION('',(1.,0.,0.));
#5385=DIRECTION('',(0.,0.,1.));
#5386=DIRECTION('',(1.,0.,0.));
#5387=DIRECTION('',(0.,0.,1.));
#5388=DIRECTION('',(1.,0.,0.));
#5389=DIRECTION('',(0.,0.,1.));
#5390=DIRECTION('',(1.,0.,0.));
#5391=DIRECTION('',(0.,0.,1.));
#5392=DIRECTION('',(1.,0.,0.));
#5393=DIRECTION('',(0.,0.,1.));
#5394=DIRECTION('',(1.,0.,0.));
#5395=DIRECTION('',(0.,0.,1.));
#5396=DIRECTION('',(1.,0.,0.));
#5397=DIRECTION('',(0.,0.,1.));
#5398=DIRECTION('',(1.,0.,0.));
#5399=DIRECTION('',(0.,0.,1.));
#5400=DIRECTION('',(1.,0.,0.));
#5401=DIRECTION('',(0.,0.,1.));
#5402=DIRECTION('',(1.,0.,0.));
#5403=DIRECTION('',(0.,0.,1.));
#5404=DIRECTION('',(1.,0.,0.));
#5405=DIRECTION('',(0.,0.,1.));
#5406=DIRECTION('',(1.,0.,0.));
#5407=DIRECTION('',(0.,0.,1.));
#5408=DIRECTION('',(1.,0.,0.));
#5409=DIRECTION('',(0.,0.,1.));
#5410=DIRECTION('',(1.,0.,0.));
#5411=DIRECTION('',(0.,0.,1.));
#5412=DIRECTION('',(1.,0.,0.));
#5413=DIRECTION('',(0.,0.,1.));
#5414=DIRECTION('',(1.,0.,0.));
#5415=DIRECTION('',(0.,0.,1.));
#5416=DIRECTION('',(1.,0.,0.));
#5417=DIRECTION('',(0.,0.,1.));
#5418=DIRECTION('',(1.,0.,0.));
#5419=DIRECTION('',(0.,0.,1.));
#5420=DIRECTION('',(1.,0.,0.));
#5421=DIRECTION('',(0.,0.,1.));
#5422=DIRECTION('',(1.,0.,0.));
#5423=DIRECTION('',(0.,0.,1.));
#5424=DIRECTION('',(1.,0.,0.));
#5425=DIRECTION('',(0.,0.,1.));
#5426=DIRECTION('',(1.,0.,0.));
#5427=DIRECTION('',(0.,0.,1.));
#5428=DIRECTION('',(1.,0.,0.));
#5429=DIRECTION('',(0.,0.,1.));
#5430=DIRECTION('',(1.,0.,0.));
#5431=DIRECTION('',(0.,0.,1.));
#5432=DIRECTION('',(1.,0.,0.));
#5433=DIRECTION('',(0.,0.,1.));
#5434=DIRECTION('',(1.,0.,0.));
#5435=DIRECTION('',(0.,0.,1.));
#5436=DIRECTION('',(1.,0.,0.));
#5437=DIRECTION('',(0.,0.,1.));
#5438=DIRECTION('',(1.,0.,0.));
#5439=DIRECTION('',(0.,0.,1.));
#5440=DIRECTION('',(1.,0.,0.));
#5441=DIRECTION('',(0.,0.,1.));
#5442=DIRECTION('',(1.,0.,0.));
#5443=DIRECTION('',(0.,0.,1.));
#5444=DIRECTION('',(1.,0.,0.));
#5445=DIRECTION('',(0.,0.,1.));
#5446=DIRECTION('',(1.,0.,0.));
#5447=DIRECTION('',(0.,0.,1.));
#5448=DIRECTION('',(1.,0.,0.));
#5449=DIRECTION('',(0.,0.,1.));
#5450=DIRECTION('',(1.,0.,0.));
#5451=DIRECTION('',(0.,0.,1.));
#5452=DIRECTION('',(1.,0.,0.));
#5453=DIRECTION('',(0.,0.,1.));
#5454=DIRECTION('',(1.,0.,0.));
#5455=DIRECTION('',(0.,0.,1.));
#5456=DIRECTION('',(1.,0.,0.));
#5457=DIRECTION('',(0.,0.,1.));
#5458=DIRECTION('',(1.,0.,0.));
#5459=DIRECTION('',(0.,0.,1.));
#5460=DIRECTION('',(1.,0.,0.));
#5461=DIRECTION('',(0.,0.,1.));
#5462=DIRECTION('',(1.,0.,0.));
#5463=DIRECTION('',(0.,0.,1.));
#5464=DIRECTION('',(1.,0.,0.));
#5465=DIRECTION('',(0.,0.,1.));
#5466=DIRECTION('',(1.,0.,0.));
#5467=DIRECTION('',(0.,0.,1.));
#5468=DIRECTION('',(1.,0.,0.));
#5469=DIRECTION('',(0.,0.,1.));
#5470=DIRECTION('',(1.,0.,0.));
#5471=DIRECTION('',(0.,0.,1.));
#5472=DIRECTION('',(1.,0.,0.));
#5473=DIRECTION('',(0.,0.,1.));
#5474=DIRECTION('',(1.,0.,0.));
#5475=DIRECTION('',(0.,0.,1.));
#5476=DIRECTION('',(1.,0.,0.));
#5477=DIRECTION('',(0.,0.,1.));
#5478=DIRECTION('',(1.,0.,0.));
#5479=DIRECTION('',(0.,0.,1.));
#5480=DIRECTION('',(1.,0.,0.));
#5481=DIRECTION('',(0.,0.,1.));
#5482=DIRECTION('',(1.,0.,0.));
#5483=DIRECTION('',(0.,0.,1.));
#5484=DIRECTION('',(1.,0.,0.));
#5485=DIRECTION('',(0.,0.,1.));
#5486=DIRECTION('',(1.,0.,0.));
#5487=DIRECTION('',(0.,0.,1.));
#5488=DIRECTION('',(1.,0.,0.));
#5489=DIRECTION('',(0.,0.,1.));
#5490=DIRECTION('',(1.,0.,0.));
#5491=DIRECTION('',(0.,0.,1.));
#5492=DIRECTION('',(1.,0.,0.));
#5493=DIRECTION('',(0.,0.,1.));
#5494=DIRECTION('',(1.,0.,0.));
#5495=DIRECTION('',(0.,0.,1.));
#5496=DIRECTION('',(1.,0.,0.));
#5497=DIRECTION('',(0.,0.,1.));
#5498=DIRECTION('',(1.,0.,0.));
#5499=DIRECTION('',(0.,0.,1.));
#5500=DIRECTION('',(1.,0.,0.));
#5501=DIRECTION('',(0.,0.,1.));
#5502=DIRECTION('',(1.,0.,0.));
#5503=DIRECTION('',(0.,0.,1.));
#5504=DIRECTION('',(1.,0.,0.));
#5505=DIRECTION('',(0.,0.,1.));
#5506=DIRECTION('',(1.,0.,0.));
#5507=DIRECTION('',(0.,0.,1.));
#5508=DIRECTION('',(1.,0.,0.));
#5509=DIRECTION('',(0.,0.,1.));
#5510=DIRECTION('',(1.,0.,0.));
#5511=DIRECTION('',(0.,0.,1.));
#5512=DIRECTION('',(1.,0.,0.));
#5513=DIRECTION('',(0.,0.,1.));
#5514=DIRECTION('',(1.,0.,0.));
#5515=DIRECTION('',(0.,0.,1.));
#5516=DIRECTION('',(1.,0.,0.));
#5517=DIRECTION('',(0.,0.,1.));
#5518=DIRECTION('',(1.,0.,0.));
#5519=DIRECTION('',(0.,0.,1.));
#5520=DIRECTION('',(1.,0.,0.));
#5521=DIRECTION('',(0.,0.,1.));
#5522=DIRECTION('',(1.,0.,0.));
#5523=DIRECTION('',(0.,0.,1.));
#5524=DIRECTION('',(1.,0.,0.));
#5525=DIRECTION('',(0.,0.,1.));
#5526=DIRECTION('',(1.,0.,0.));
#5527=DIRECTION('',(0.,0.,1.));
#5528=DIRECTION('',(1.,0.,0.));
#5529=DIRECTION('',(0.,0.,1.));
#5530=DIRECTION('',(1.,0.,0.));
#5531=DIRECTION('',(0.,0.,1.));
#5532=DIRECTION('',(1.,0.,0.));
#5533=DIRECTION('',(0.,0.,1.));
#5534=DIRECTION('',(1.,0.,0.));
#5535=DIRECTION('',(0.,0.,1.));
#5536=DIRECTION('',(1.,0.,0.));
#5537=DIRECTION('',(0.,0.,1.));
#5538=DIRECTION('',(1.,0.,0.));
#5539=DIRECTION('',(0.,0.,1.));
#5540=DIRECTION('',(1.,0.,0.));
#5541=DIRECTION('',(0.,0.,1.));
#5542=DIRECTION('',(1.,0.,0.));
#5543=DIRECTION('',(0.,0.,1.));
#5544=DIRECTION('',(1.,0.,0.));
#5545=DIRECTION('',(0.,0.,1.));
#5546=DIRECTION('',(1.,0.,0.));
#5547=DIRECTION('',(0.,0.,1.));
#5548=DIRECTION('',(1.,0.,0.));
#5549=DIRECTION('',(0.,0.,-1.));
#5550=DIRECTION('',(-1.,0.,0.));
#5551=DIRECTION('',(0.,0.,1.));
#5552=DIRECTION('',(1.,0.,0.));
#5553=DIRECTION('',(0.,0.,-1.));
#5554=DIRECTION('',(-1.,0.,0.));
#5555=DIRECTION('',(0.,0.,1.));
#5556=DIRECTION('',(1.,0.,0.));
#5557=DIRECTION('',(0.,0.,1.));
#5558=DIRECTION('',(1.,0.,0.));
#5559=DIRECTION('',(0.,0.,1.));
#5560=DIRECTION('',(1.,0.,0.));
#5561=DIRECTION('',(0.,0.,1.));
#5562=DIRECTION('',(1.,0.,0.));
#5563=DIRECTION('',(0.,0.,1.));
#5564=DIRECTION('',(1.,0.,0.));
#5565=DIRECTION('',(0.,0.,1.));
#5566=DIRECTION('',(1.,0.,0.));
#5567=DIRECTION('',(0.,0.,1.));
#5568=DIRECTION('',(1.,0.,0.));
#5569=DIRECTION('',(0.,0.,1.));
#5570=DIRECTION('',(1.,0.,0.));
#5571=DIRECTION('',(0.,0.,1.));
#5572=DIRECTION('',(1.,0.,0.));
#5573=DIRECTION('',(0.,0.,1.));
#5574=DIRECTION('',(1.,0.,0.));
#5575=DIRECTION('',(0.,0.,1.));
#5576=DIRECTION('',(1.,0.,0.));
#5577=DIRECTION('',(0.,0.,1.));
#5578=DIRECTION('',(1.,0.,0.));
#5579=DIRECTION('',(0.,0.,1.));
#5580=DIRECTION('',(1.,0.,0.));
#5581=DIRECTION('',(0.,0.,1.));
#5582=DIRECTION('',(1.,0.,0.));
#5583=DIRECTION('',(0.,0.,1.));
#5584=DIRECTION('',(1.,0.,0.));
#5585=DIRECTION('',(0.,0.,1.));
#5586=DIRECTION('',(1.,0.,0.));
#5587=DIRECTION('',(0.,0.,1.));
#5588=DIRECTION('',(1.,0.,0.));
#5589=DIRECTION('',(0.,0.,1.));
#5590=DIRECTION('',(1.,0.,0.));
#5591=DIRECTION('',(0.,0.,1.));
#5592=DIRECTION('',(1.,0.,0.));
#5593=DIRECTION('',(0.,0.,1.));
#5594=DIRECTION('',(1.,0.,0.));
#5595=DIRECTION('',(0.,0.,1.));
#5596=DIRECTION('',(1.,0.,0.));
#5597=DIRECTION('',(0.,0.,1.));
#5598=DIRECTION('',(1.,0.,0.));
#5599=DIRECTION('',(0.,0.,1.));
#5600=DIRECTION('',(1.,0.,0.));
#5601=DIRECTION('',(0.,0.,1.));
#5602=DIRECTION('',(1.,0.,0.));
#5603=DIRECTION('',(0.,0.,1.));
#5604=DIRECTION('',(1.,0.,0.));
#5605=DIRECTION('',(0.,0.,1.));
#5606=DIRECTION('',(1.,0.,0.));
#5607=DIRECTION('',(0.,0.,1.));
#5608=DIRECTION('',(1.,0.,0.));
#5609=DIRECTION('',(0.,0.,1.));
#5610=DIRECTION('',(1.,0.,0.));
#5611=DIRECTION('',(0.,0.,1.));
#5612=DIRECTION('',(1.,0.,0.));
#5613=DIRECTION('',(0.,0.,1.));
#5614=DIRECTION('',(1.,0.,0.));
#5615=DIRECTION('',(0.,0.,1.));
#5616=DIRECTION('',(1.,0.,0.));
#5617=DIRECTION('',(0.,0.,1.));
#5618=DIRECTION('',(1.,0.,0.));
#5619=DIRECTION('',(0.,0.,1.));
#5620=DIRECTION('',(1.,0.,0.));
#5621=DIRECTION('',(0.,0.,1.));
#5622=DIRECTION('',(1.,0.,0.));
#5623=DIRECTION('',(0.,0.,1.));
#5624=DIRECTION('',(1.,0.,0.));
#5625=DIRECTION('',(0.,0.,1.));
#5626=DIRECTION('',(1.,0.,0.));
#5627=DIRECTION('',(0.,0.,1.));
#5628=DIRECTION('',(1.,0.,0.));
#5629=DIRECTION('',(0.,0.,1.));
#5630=DIRECTION('',(1.,0.,0.));
#5631=DIRECTION('',(0.,0.,1.));
#5632=DIRECTION('',(1.,0.,0.));
#5633=DIRECTION('',(0.,0.,1.));
#5634=DIRECTION('',(1.,0.,0.));
#5635=DIRECTION('',(0.,0.,1.));
#5636=DIRECTION('',(1.,0.,0.));
#5637=DIRECTION('',(0.,0.,1.));
#5638=DIRECTION('',(1.,0.,0.));
#5639=DIRECTION('',(0.,0.,1.));
#5640=DIRECTION('',(1.,0.,0.));
#5641=DIRECTION('',(0.,0.,1.));
#5642=DIRECTION('',(1.,0.,0.));
#5643=DIRECTION('',(0.,0.,1.));
#5644=DIRECTION('',(1.,0.,0.));
#5645=DIRECTION('',(0.,0.,1.));
#5646=DIRECTION('',(1.,0.,0.));
#5647=DIRECTION('',(0.,0.,1.));
#5648=DIRECTION('',(1.,0.,0.));
#5649=DIRECTION('',(0.,0.,1.));
#5650=DIRECTION('',(1.,0.,0.));
#5651=DIRECTION('',(0.,0.,1.));
#5652=DIRECTION('',(1.,0.,0.));
#5653=DIRECTION('',(0.,0.,1.));
#5654=DIRECTION('',(1.,0.,0.));
#5655=DIRECTION('',(0.,0.,1.));
#5656=DIRECTION('',(1.,0.,0.));
#5657=DIRECTION('',(0.,0.,1.));
#5658=DIRECTION('',(1.,0.,0.));
#5659=DIRECTION('',(0.,0.,1.));
#5660=DIRECTION('',(1.,0.,0.));
#5661=DIRECTION('',(0.,0.,1.));
#5662=DIRECTION('',(1.,0.,0.));
#5663=DIRECTION('',(0.,0.,1.));
#5664=DIRECTION('',(1.,0.,0.));
#5665=DIRECTION('',(0.,0.,1.));
#5666=DIRECTION('',(1.,0.,0.));
#5667=DIRECTION('',(0.,0.,1.));
#5668=DIRECTION('',(1.,0.,0.));
#5669=DIRECTION('',(0.,0.,1.));
#5670=DIRECTION('',(1.,0.,0.));
#5671=DIRECTION('',(0.,0.,1.));
#5672=DIRECTION('',(1.,0.,0.));
#5673=DIRECTION('',(0.,0.,1.));
#5674=DIRECTION('',(1.,0.,0.));
#5675=DIRECTION('',(0.,0.,1.));
#5676=DIRECTION('',(1.,0.,0.));
#5677=DIRECTION('',(0.,0.,1.));
#5678=DIRECTION('',(1.,0.,0.));
#5679=DIRECTION('',(0.,0.,1.));
#5680=DIRECTION('',(1.,0.,0.));
#5681=DIRECTION('',(0.,0.,1.));
#5682=DIRECTION('',(1.,0.,0.));
#5683=DIRECTION('',(0.,0.,1.));
#5684=DIRECTION('',(1.,0.,0.));
#5685=DIRECTION('',(0.,0.,1.));
#5686=DIRECTION('',(1.,0.,0.));
#5687=DIRECTION('',(0.,0.,1.));
#5688=DIRECTION('',(1.,0.,0.));
#5689=DIRECTION('',(0.,0.,1.));
#5690=DIRECTION('',(1.,0.,0.));
#5691=DIRECTION('',(0.,0.,1.));
#5692=DIRECTION('',(1.,0.,0.));
#5693=DIRECTION('',(0.,0.,1.));
#5694=DIRECTION('',(1.,0.,0.));
#5695=DIRECTION('',(0.,0.,1.));
#5696=DIRECTION('',(1.,0.,0.));
#5697=DIRECTION('',(0.,0.,1.));
#5698=DIRECTION('',(1.,0.,0.));
#5699=DIRECTION('',(0.,0.,1.));
#5700=DIRECTION('',(1.,0.,0.));
#5701=DIRECTION('',(0.,0.,1.));
#5702=DIRECTION('',(1.,0.,0.));
#5703=DIRECTION('',(0.,0.,1.));
#5704=DIRECTION('',(1.,0.,0.));
#5705=DIRECTION('',(0.,0.,1.));
#5706=DIRECTION('',(1.,0.,0.));
#5707=DIRECTION('',(0.,0.,1.));
#5708=DIRECTION('',(1.,0.,0.));
#5709=DIRECTION('',(0.,0.,1.));
#5710=DIRECTION('',(1.,0.,0.));
#5711=DIRECTION('',(0.,0.,1.));
#5712=DIRECTION('',(1.,0.,0.));
#5713=DIRECTION('',(0.,0.,1.));
#5714=DIRECTION('',(1.,0.,0.));
#5715=DIRECTION('',(0.,0.,1.));
#5716=DIRECTION('',(1.,0.,0.));
#5717=DIRECTION('',(0.,0.,1.));
#5718=DIRECTION('',(1.,0.,0.));
#5719=DIRECTION('',(0.,0.,1.));
#5720=DIRECTION('',(1.,0.,0.));
#5721=DIRECTION('',(0.,0.,1.));
#5722=DIRECTION('',(1.,0.,0.));
#5723=DIRECTION('',(0.,0.,1.));
#5724=DIRECTION('',(1.,0.,0.));
#5725=DIRECTION('',(0.,0.,1.));
#5726=DIRECTION('',(1.,0.,0.));
#5727=DIRECTION('',(0.,0.,1.));
#5728=DIRECTION('',(1.,0.,0.));
#5729=DIRECTION('',(0.,0.,1.));
#5730=DIRECTION('',(1.,0.,0.));
#5731=DIRECTION('',(0.,0.,1.));
#5732=DIRECTION('',(1.,0.,0.));
#5733=DIRECTION('',(0.,0.,1.));
#5734=DIRECTION('',(1.,0.,0.));
#5735=DIRECTION('',(0.,0.,1.));
#5736=DIRECTION('',(1.,0.,0.));
#5737=DIRECTION('',(0.,0.,1.));
#5738=DIRECTION('',(1.,0.,0.));
#5739=DIRECTION('',(0.,0.,1.));
#5740=DIRECTION('',(1.,0.,0.));
#5741=DIRECTION('',(0.,0.,1.));
#5742=DIRECTION('',(1.,0.,0.));
#5743=DIRECTION('',(0.,0.,1.));
#5744=DIRECTION('',(1.,0.,0.));
#5745=DIRECTION('',(0.,0.,1.));
#5746=DIRECTION('',(1.,0.,0.));
#5747=DIRECTION('',(0.,0.,1.));
#5748=DIRECTION('',(1.,0.,0.));
#5749=DIRECTION('',(0.,0.,1.));
#5750=DIRECTION('',(1.,0.,0.));
#5751=DIRECTION('',(0.,0.,1.));
#5752=DIRECTION('',(1.,0.,0.));
#5753=DIRECTION('',(0.,0.,1.));
#5754=DIRECTION('',(1.,0.,0.));
#5755=DIRECTION('',(0.,0.,1.));
#5756=DIRECTION('',(1.,0.,0.));
#5757=DIRECTION('',(0.,0.,1.));
#5758=DIRECTION('',(1.,0.,0.));
#5759=DIRECTION('',(0.,0.,1.));
#5760=DIRECTION('',(1.,0.,0.));
#5761=DIRECTION('',(0.,0.,1.));
#5762=DIRECTION('',(1.,0.,0.));
#5763=DIRECTION('',(0.,0.,1.));
#5764=DIRECTION('',(1.,0.,0.));
#5765=DIRECTION('',(0.,0.,1.));
#5766=DIRECTION('',(1.,0.,0.));
#5767=DIRECTION('',(0.,0.,1.));
#5768=DIRECTION('',(1.,0.,0.));
#5769=DIRECTION('',(0.,0.,1.));
#5770=DIRECTION('',(1.,0.,0.));
#5771=DIRECTION('',(0.,0.,1.));
#5772=DIRECTION('',(1.,0.,0.));
#5773=DIRECTION('',(0.,0.,1.));
#5774=DIRECTION('',(1.,0.,0.));
#5775=DIRECTION('',(0.,0.,1.));
#5776=DIRECTION('',(1.,0.,0.));
#5777=DIRECTION('',(0.,0.,1.));
#5778=DIRECTION('',(1.,0.,0.));
#5779=DIRECTION('',(0.,0.,1.));
#5780=DIRECTION('',(1.,0.,0.));
#5781=DIRECTION('',(0.,0.,1.));
#5782=DIRECTION('',(1.,0.,0.));
#5783=DIRECTION('',(0.,0.,1.));
#5784=DIRECTION('',(1.,0.,0.));
#5785=DIRECTION('',(0.,0.,1.));
#5786=DIRECTION('',(1.,0.,0.));
#5787=DIRECTION('',(0.,0.,1.));
#5788=DIRECTION('',(1.,0.,0.));
#5789=DIRECTION('',(0.,0.,1.));
#5790=DIRECTION('',(1.,0.,0.));
#5791=DIRECTION('',(0.,0.,1.));
#5792=DIRECTION('',(1.,0.,0.));
#5793=DIRECTION('',(0.,0.,1.));
#5794=DIRECTION('',(1.,0.,0.));
#5795=DIRECTION('',(0.,0.,1.));
#5796=DIRECTION('',(1.,0.,0.));
#5797=DIRECTION('',(0.,0.,1.));
#5798=DIRECTION('',(1.,0.,0.));
#5799=DIRECTION('',(0.,0.,1.));
#5800=DIRECTION('',(1.,0.,0.));
#5801=DIRECTION('',(0.,0.,1.));
#5802=DIRECTION('',(1.,0.,0.));
#5803=DIRECTION('',(0.,0.,1.));
#5804=DIRECTION('',(1.,0.,0.));
#5805=DIRECTION('',(0.,0.,1.));
#5806=DIRECTION('',(1.,0.,0.));
#5807=DIRECTION('',(0.,0.,1.));
#5808=DIRECTION('',(1.,0.,0.));
#5809=DIRECTION('',(0.,0.,1.));
#5810=DIRECTION('',(1.,0.,0.));
#5811=DIRECTION('',(0.,0.,1.));
#5812=DIRECTION('',(1.,0.,0.));
#5813=DIRECTION('',(0.,0.,1.));
#5814=DIRECTION('',(1.,0.,0.));
#5815=DIRECTION('',(0.,0.,1.));
#5816=DIRECTION('',(1.,0.,0.));
#5817=DIRECTION('',(0.,0.,1.));
#5818=DIRECTION('',(1.,0.,0.));
#5819=DIRECTION('',(0.,0.,1.));
#5820=DIRECTION('',(1.,0.,0.));
#5821=DIRECTION('',(0.,0.,1.));
#5822=DIRECTION('',(1.,0.,0.));
#5823=DIRECTION('',(0.,0.,1.));
#5824=DIRECTION('',(1.,0.,0.));
#5825=DIRECTION('',(0.,0.,1.));
#5826=DIRECTION('',(1.,0.,0.));
#5827=DIRECTION('',(0.,0.,1.));
#5828=DIRECTION('',(1.,0.,0.));
#5829=DIRECTION('',(0.,0.,1.));
#5830=DIRECTION('',(1.,0.,0.));
#5831=DIRECTION('',(0.,0.,1.));
#5832=DIRECTION('',(1.,0.,0.));
#5833=DIRECTION('',(0.,0.,1.));
#5834=DIRECTION('',(1.,0.,0.));
#5835=DIRECTION('',(0.,0.,1.));
#5836=DIRECTION('',(1.,0.,0.));
#5837=DIRECTION('',(0.,0.,1.));
#5838=DIRECTION('',(1.,0.,0.));
#5839=DIRECTION('',(0.,0.,1.));
#5840=DIRECTION('',(1.,0.,0.));
#5841=DIRECTION('',(0.,0.,1.));
#5842=DIRECTION('',(1.,0.,0.));
#5843=DIRECTION('',(0.,0.,1.));
#5844=DIRECTION('',(1.,0.,0.));
#5845=DIRECTION('',(0.,0.,1.));
#5846=DIRECTION('',(1.,0.,0.));
#5847=DIRECTION('',(0.,0.,1.));
#5848=DIRECTION('',(1.,0.,0.));
#5849=DIRECTION('',(0.,0.,1.));
#5850=DIRECTION('',(1.,0.,0.));
#5851=DIRECTION('',(0.,0.,1.));
#5852=DIRECTION('',(1.,0.,0.));
#5853=DIRECTION('',(0.,0.,1.));
#5854=DIRECTION('',(1.,0.,0.));
#5855=DIRECTION('',(0.,0.,1.));
#5856=DIRECTION('',(1.,0.,0.));
#5857=DIRECTION('',(0.,0.,1.));
#5858=DIRECTION('',(1.,0.,0.));
#5859=DIRECTION('',(0.,0.,1.));
#5860=DIRECTION('',(1.,0.,0.));
#5861=DIRECTION('',(0.,0.,1.));
#5862=DIRECTION('',(1.,0.,0.));
#5863=DIRECTION('',(0.,0.,1.));
#5864=DIRECTION('',(1.,0.,0.));
#5865=DIRECTION('',(0.,0.,1.));
#5866=DIRECTION('',(1.,0.,0.));
#5867=DIRECTION('',(0.,0.,1.));
#5868=DIRECTION('',(1.,0.,0.));
#5869=DIRECTION('',(0.,0.,1.));
#5870=DIRECTION('',(1.,0.,0.));
#5871=DIRECTION('',(0.,0.,1.));
#5872=DIRECTION('',(1.,0.,0.));
#5873=DIRECTION('',(0.,0.,1.));
#5874=DIRECTION('',(1.,0.,0.));
#5875=DIRECTION('',(0.,0.,1.));
#5876=DIRECTION('',(1.,0.,0.));
#5877=DIRECTION('',(0.,0.,1.));
#5878=DIRECTION('',(1.,0.,0.));
#5879=DIRECTION('',(0.,0.,1.));
#5880=DIRECTION('',(1.,0.,0.));
#5881=DIRECTION('',(0.,0.,1.));
#5882=DIRECTION('',(1.,0.,0.));
#5883=DIRECTION('',(0.,0.,1.));
#5884=DIRECTION('',(1.,0.,0.));
#5885=DIRECTION('',(0.,0.,1.));
#5886=DIRECTION('',(1.,0.,0.));
#5887=DIRECTION('',(0.,0.,1.));
#5888=DIRECTION('',(1.,0.,0.));
#5889=DIRECTION('',(0.,0.,1.));
#5890=DIRECTION('',(1.,0.,0.));
#5891=DIRECTION('',(0.,0.,1.));
#5892=DIRECTION('',(1.,0.,0.));
#5893=DIRECTION('',(0.,0.,1.));
#5894=DIRECTION('',(1.,0.,0.));
#5895=DIRECTION('',(0.,0.,1.));
#5896=DIRECTION('',(1.,0.,0.));
#5897=DIRECTION('',(0.,0.,1.));
#5898=DIRECTION('',(1.,0.,0.));
#5899=DIRECTION('',(0.,0.,1.));
#5900=DIRECTION('',(1.,0.,0.));
#5901=DIRECTION('',(0.,0.,1.));
#5902=DIRECTION('',(1.,0.,0.));
#5903=DIRECTION('',(0.,0.,1.));
#5904=DIRECTION('',(1.,0.,0.));
#5905=DIRECTION('',(0.,0.,1.));
#5906=DIRECTION('',(1.,0.,0.));
#5907=DIRECTION('',(0.,0.,1.));
#5908=DIRECTION('',(1.,0.,0.));
#5909=DIRECTION('',(0.,0.,1.));
#5910=DIRECTION('',(1.,0.,0.));
#5911=DIRECTION('',(0.,0.,1.));
#5912=DIRECTION('',(1.,0.,0.));
#5913=DIRECTION('',(0.,0.,1.));
#5914=DIRECTION('',(1.,0.,0.));
#5915=DIRECTION('',(0.,0.,1.));
#5916=DIRECTION('',(1.,0.,0.));
#5917=DIRECTION('',(0.,0.,1.));
#5918=DIRECTION('',(1.,0.,0.));
#5919=DIRECTION('',(0.,0.,1.));
#5920=DIRECTION('',(1.,0.,0.));
#5921=DIRECTION('',(0.,0.,1.));
#5922=DIRECTION('',(1.,0.,0.));
#5923=DIRECTION('',(0.,0.,1.));
#5924=DIRECTION('',(1.,0.,0.));
#5925=DIRECTION('',(0.,0.,1.));
#5926=DIRECTION('',(1.,0.,0.));
#5927=DIRECTION('',(0.,0.,1.));
#5928=DIRECTION('',(1.,0.,0.));
#5929=DIRECTION('',(0.,0.,1.));
#5930=DIRECTION('',(1.,0.,0.));
#5931=DIRECTION('',(0.,0.,1.));
#5932=DIRECTION('',(1.,0.,0.));
#5933=DIRECTION('',(0.,0.,1.));
#5934=DIRECTION('',(1.,0.,0.));
#5935=DIRECTION('',(0.,0.,1.));
#5936=DIRECTION('',(1.,0.,0.));
#5937=DIRECTION('',(0.,0.,1.));
#5938=DIRECTION('',(1.,0.,0.));
#5939=DIRECTION('',(0.,0.,1.));
#5940=DIRECTION('',(1.,0.,0.));
#5941=DIRECTION('',(0.,0.,1.));
#5942=DIRECTION('',(1.,0.,0.));
#5943=DIRECTION('',(0.,0.,1.));
#5944=DIRECTION('',(1.,0.,0.));
#5945=DIRECTION('',(0.,0.,1.));
#5946=DIRECTION('',(1.,0.,0.));
#5947=DIRECTION('',(0.,0.,1.));
#5948=DIRECTION('',(1.,0.,0.));
#5949=CARTESIAN_POINT('',(0.,0.,0.));
#5950=CARTESIAN_POINT('',(0.174625,0.,0.00635));
#5951=CARTESIAN_POINT('',(0.174625,0.,0.));
#5952=CARTESIAN_POINT('',(0.174625,0.161925,0.));
#5953=CARTESIAN_POINT('',(0.174625,-0.161925,0.));
#5954=CARTESIAN_POINT('',(0.174625,0.161925,0.00635));
#5955=CARTESIAN_POINT('',(0.174625,0.161925,0.00635));
#5956=CARTESIAN_POINT('',(0.174625,0.,0.00635));
#5957=CARTESIAN_POINT('',(0.174625,-0.161925,0.00635));
#5958=CARTESIAN_POINT('',(0.174625,-0.161925,0.00635));
#5959=CARTESIAN_POINT('',(0.,0.174625,0.00635));
#5960=CARTESIAN_POINT('',(0.,0.174625,0.));
#5961=CARTESIAN_POINT('',(0.161925,0.174625,0.));
#5962=CARTESIAN_POINT('',(-0.161925,0.174625,0.));
#5963=CARTESIAN_POINT('',(-0.161925,0.174625,0.00635));
#5964=CARTESIAN_POINT('',(-0.161925,0.174625,0.00635));
#5965=CARTESIAN_POINT('',(0.,0.174625,0.00635));
#5966=CARTESIAN_POINT('',(0.161925,0.174625,0.00635));
#5967=CARTESIAN_POINT('',(0.161925,0.174625,0.));
#5968=CARTESIAN_POINT('',(-0.174625,2.77555756156289E-17,0.00635));
#5969=CARTESIAN_POINT('',(-0.174625,2.77555756156289E-17,0.00635));
#5970=CARTESIAN_POINT('',(-0.174625,0.161925,0.00635));
#5971=CARTESIAN_POINT('',(-0.174625,-0.161925,0.00635));
#5972=CARTESIAN_POINT('',(-0.174625,0.161925,0.00635));
#5973=CARTESIAN_POINT('',(-0.174625,0.161925,0.));
#5974=CARTESIAN_POINT('',(-0.174625,2.77555756156289E-17,0.));
#5975=CARTESIAN_POINT('',(-0.174625,-0.161925,0.));
#5976=CARTESIAN_POINT('',(-0.174625,-0.161925,0.00635));
#5977=CARTESIAN_POINT('',(0.,-0.174625,0.00635));
#5978=CARTESIAN_POINT('',(0.,-0.174625,0.));
#5979=CARTESIAN_POINT('',(0.161925,-0.174625,0.));
#5980=CARTESIAN_POINT('',(-0.161925,-0.174625,0.));
#5981=CARTESIAN_POINT('',(0.161925,-0.174625,0.00635));
#5982=CARTESIAN_POINT('',(0.161925,-0.174625,0.00635));
#5983=CARTESIAN_POINT('',(0.,-0.174625,0.00635));
#5984=CARTESIAN_POINT('',(-0.161925,-0.174625,0.00635));
#5985=CARTESIAN_POINT('',(-0.161925,-0.174625,0.));
#5986=CARTESIAN_POINT('',(0.,0.,0.00635));
#5987=CARTESIAN_POINT('',(0.0127,-0.0635,0.00635));
#5988=CARTESIAN_POINT('',(0.015875,-0.0635,0.00635));
#5989=CARTESIAN_POINT('',(0.0127,-0.0889,0.00635));
#5990=CARTESIAN_POINT('',(0.015875,-0.0889,0.00635));
#5991=CARTESIAN_POINT('',(0.0127,-0.1143,0.00635));
#5992=CARTESIAN_POINT('',(0.015875,-0.1143,0.00635));
#5993=CARTESIAN_POINT('',(0.0127,-0.1397,0.00635));
#5994=CARTESIAN_POINT('',(0.015875,-0.1397,0.00635));
#5995=CARTESIAN_POINT('',(-0.0127,0.0635,0.00635));
#5996=CARTESIAN_POINT('',(-0.009525,0.0635,0.00635));
#5997=CARTESIAN_POINT('',(-0.0127,0.0889,0.00635));
#5998=CARTESIAN_POINT('',(-0.009525,0.0889,0.00635));
#5999=CARTESIAN_POINT('',(-0.0127,0.1143,0.00635));
#6000=CARTESIAN_POINT('',(-0.009525,0.1143,0.00635));
#6001=CARTESIAN_POINT('',(0.0127,-0.1651,0.00635));
#6002=CARTESIAN_POINT('',(0.015875,-0.1651,0.00635));
#6003=CARTESIAN_POINT('',(0.0127,0.0635,0.00635));
#6004=CARTESIAN_POINT('',(0.015875,0.0635,0.00635));
#6005=CARTESIAN_POINT('',(0.0127,0.0889,0.00635));
#6006=CARTESIAN_POINT('',(0.015875,0.0889,0.00635));
#6007=CARTESIAN_POINT('',(0.0127,0.1143,0.00635));
#6008=CARTESIAN_POINT('',(0.015875,0.1143,0.00635));
#6009=CARTESIAN_POINT('',(0.0381,-0.1651,0.00635));
#6010=CARTESIAN_POINT('',(0.041275,-0.1651,0.00635));
#6011=CARTESIAN_POINT('',(0.0127,0.0381,0.00635));
#6012=CARTESIAN_POINT('',(0.015875,0.0381,0.00635));
#6013=CARTESIAN_POINT('',(0.0127,0.0127,0.00635));
#6014=CARTESIAN_POINT('',(0.015875,0.0127,0.00635));
#6015=CARTESIAN_POINT('',(0.0127,-0.0127,0.00635));
#6016=CARTESIAN_POINT('',(0.015875,-0.0127,0.00635));
#6017=CARTESIAN_POINT('',(0.0127,-0.0381,0.00635));
#6018=CARTESIAN_POINT('',(0.015875,-0.0381,0.00635));
#6019=CARTESIAN_POINT('',(-0.0381,0.0635,0.00635));
#6020=CARTESIAN_POINT('',(-0.034925,0.0635,0.00635));
#6021=CARTESIAN_POINT('',(-0.0381,0.0889,0.00635));
#6022=CARTESIAN_POINT('',(-0.034925,0.0889,0.00635));
#6023=CARTESIAN_POINT('',(-0.0381,0.1143,0.00635));
#6024=CARTESIAN_POINT('',(-0.034925,0.1143,0.00635));
#6025=CARTESIAN_POINT('',(-0.0127,-0.1651,0.00635));
#6026=CARTESIAN_POINT('',(-0.009525,-0.1651,0.00635));
#6027=CARTESIAN_POINT('',(-0.0381,0.0381,0.00635));
#6028=CARTESIAN_POINT('',(-0.034925,0.0381,0.00635));
#6029=CARTESIAN_POINT('',(-0.0381,0.0127,0.00635));
#6030=CARTESIAN_POINT('',(-0.034925,0.0127,0.00635));
#6031=CARTESIAN_POINT('',(-0.0381,-0.0127,0.00635));
#6032=CARTESIAN_POINT('',(-0.034925,-0.0127,0.00635));
#6033=CARTESIAN_POINT('',(-0.0381,-0.0381,0.00635));
#6034=CARTESIAN_POINT('',(-0.034925,-0.0381,0.00635));
#6035=CARTESIAN_POINT('',(-0.0127,-0.1397,0.00635));
#6036=CARTESIAN_POINT('',(-0.009525,-0.1397,0.00635));
#6037=CARTESIAN_POINT('',(-0.0127,-0.1143,0.00635));
#6038=CARTESIAN_POINT('',(-0.009525,-0.1143,0.00635));
#6039=CARTESIAN_POINT('',(-0.0127,-0.0889,0.00635));
#6040=CARTESIAN_POINT('',(-0.009525,-0.0889,0.00635));
#6041=CARTESIAN_POINT('',(-0.0127,-0.0635,0.00635));
#6042=CARTESIAN_POINT('',(-0.009525,-0.0635,0.00635));
#6043=CARTESIAN_POINT('',(-0.0127,-0.0381,0.00635));
#6044=CARTESIAN_POINT('',(-0.009525,-0.0381,0.00635));
#6045=CARTESIAN_POINT('',(-0.0127,-0.0127,0.00635));
#6046=CARTESIAN_POINT('',(-0.009525,-0.0127,0.00635));
#6047=CARTESIAN_POINT('',(-0.0127,0.0127,0.00635));
#6048=CARTESIAN_POINT('',(-0.009525,0.0127,0.00635));
#6049=CARTESIAN_POINT('',(-0.0127,0.0381,0.00635));
#6050=CARTESIAN_POINT('',(-0.009525,0.0381,0.00635));
#6051=CARTESIAN_POINT('',(0.0635,0.0635,0.00635));
#6052=CARTESIAN_POINT('',(0.066675,0.0635,0.00635));
#6053=CARTESIAN_POINT('',(0.0635,0.0889,0.00635));
#6054=CARTESIAN_POINT('',(0.066675,0.0889,0.00635));
#6055=CARTESIAN_POINT('',(0.0635,0.1143,0.00635));
#6056=CARTESIAN_POINT('',(0.066675,0.1143,0.00635));
#6057=CARTESIAN_POINT('',(0.0889,-0.1651,0.00635));
#6058=CARTESIAN_POINT('',(0.092075,-0.1651,0.00635));
#6059=CARTESIAN_POINT('',(0.0635,0.0381,0.00635));
#6060=CARTESIAN_POINT('',(0.066675,0.0381,0.00635));
#6061=CARTESIAN_POINT('',(0.0635,0.0127,0.00635));
#6062=CARTESIAN_POINT('',(0.066675,0.0127,0.00635));
#6063=CARTESIAN_POINT('',(0.0635,-0.0127,0.00635));
#6064=CARTESIAN_POINT('',(0.066675,-0.0127,0.00635));
#6065=CARTESIAN_POINT('',(0.0635,-0.0381,0.00635));
#6066=CARTESIAN_POINT('',(0.066675,-0.0381,0.00635));
#6067=CARTESIAN_POINT('',(0.0889,-0.1397,0.00635));
#6068=CARTESIAN_POINT('',(0.092075,-0.1397,0.00635));
#6069=CARTESIAN_POINT('',(0.0889,-0.1143,0.00635));
#6070=CARTESIAN_POINT('',(0.092075,-0.1143,0.00635));
#6071=CARTESIAN_POINT('',(0.0889,-0.0889,0.00635));
#6072=CARTESIAN_POINT('',(0.092075,-0.0889,0.00635));
#6073=CARTESIAN_POINT('',(0.0889,-0.0635,0.00635));
#6074=CARTESIAN_POINT('',(0.092075,-0.0635,0.00635));
#6075=CARTESIAN_POINT('',(0.0889,-0.0381,0.00635));
#6076=CARTESIAN_POINT('',(0.092075,-0.0381,0.00635));
#6077=CARTESIAN_POINT('',(0.0889,-0.0127,0.00635));
#6078=CARTESIAN_POINT('',(0.092075,-0.0127,0.00635));
#6079=CARTESIAN_POINT('',(0.0889,0.0127,0.00635));
#6080=CARTESIAN_POINT('',(0.092075,0.0127,0.00635));
#6081=CARTESIAN_POINT('',(0.0889,0.0381,0.00635));
#6082=CARTESIAN_POINT('',(0.092075,0.0381,0.00635));
#6083=CARTESIAN_POINT('',(0.0381,-0.1397,0.00635));
#6084=CARTESIAN_POINT('',(0.041275,-0.1397,0.00635));
#6085=CARTESIAN_POINT('',(0.0381,-0.1143,0.00635));
#6086=CARTESIAN_POINT('',(0.041275,-0.1143,0.00635));
#6087=CARTESIAN_POINT('',(0.0381,-0.0889,0.00635));
#6088=CARTESIAN_POINT('',(0.041275,-0.0889,0.00635));
#6089=CARTESIAN_POINT('',(0.0381,-0.0635,0.00635));
#6090=CARTESIAN_POINT('',(0.041275,-0.0635,0.00635));
#6091=CARTESIAN_POINT('',(0.0381,-0.0381,0.00635));
#6092=CARTESIAN_POINT('',(0.041275,-0.0381,0.00635));
#6093=CARTESIAN_POINT('',(0.0381,-0.0127,0.00635));
#6094=CARTESIAN_POINT('',(0.041275,-0.0127,0.00635));
#6095=CARTESIAN_POINT('',(0.0381,0.0127,0.00635));
#6096=CARTESIAN_POINT('',(0.041275,0.0127,0.00635));
#6097=CARTESIAN_POINT('',(0.0381,0.0381,0.00635));
#6098=CARTESIAN_POINT('',(0.041275,0.0381,0.00635));
#6099=CARTESIAN_POINT('',(0.0635,-0.0635,0.00635));
#6100=CARTESIAN_POINT('',(0.066675,-0.0635,0.00635));
#6101=CARTESIAN_POINT('',(0.0635,-0.0889,0.00635));
#6102=CARTESIAN_POINT('',(0.066675,-0.0889,0.00635));
#6103=CARTESIAN_POINT('',(0.0635,-0.1143,0.00635));
#6104=CARTESIAN_POINT('',(0.066675,-0.1143,0.00635));
#6105=CARTESIAN_POINT('',(0.0635,-0.1397,0.00635));
#6106=CARTESIAN_POINT('',(0.066675,-0.1397,0.00635));
#6107=CARTESIAN_POINT('',(0.0381,0.0635,0.00635));
#6108=CARTESIAN_POINT('',(0.041275,0.0635,0.00635));
#6109=CARTESIAN_POINT('',(0.0381,0.0889,0.00635));
#6110=CARTESIAN_POINT('',(0.041275,0.0889,0.00635));
#6111=CARTESIAN_POINT('',(0.0381,0.1143,0.00635));
#6112=CARTESIAN_POINT('',(0.041275,0.1143,0.00635));
#6113=CARTESIAN_POINT('',(0.0635,-0.1651,0.00635));
#6114=CARTESIAN_POINT('',(0.066675,-0.1651,0.00635));
#6115=CARTESIAN_POINT('',(-0.1397,0.0635,0.00635));
#6116=CARTESIAN_POINT('',(-0.136525,0.0635,0.00635));
#6117=CARTESIAN_POINT('',(-0.1397,0.0889,0.00635));
#6118=CARTESIAN_POINT('',(-0.136525,0.0889,0.00635));
#6119=CARTESIAN_POINT('',(-0.1397,0.1143,0.00635));
#6120=CARTESIAN_POINT('',(-0.136525,0.1143,0.00635));
#6121=CARTESIAN_POINT('',(-0.1143,-0.1651,0.00635));
#6122=CARTESIAN_POINT('',(-0.111125,-0.1651,0.00635));
#6123=CARTESIAN_POINT('',(-0.1397,0.0381,0.00635));
#6124=CARTESIAN_POINT('',(-0.136525,0.0381,0.00635));
#6125=CARTESIAN_POINT('',(-0.1397,0.0127,0.00635));
#6126=CARTESIAN_POINT('',(-0.136525,0.0127,0.00635));
#6127=CARTESIAN_POINT('',(-0.1397,-0.0127,0.00635));
#6128=CARTESIAN_POINT('',(-0.136525,-0.0127,0.00635));
#6129=CARTESIAN_POINT('',(-0.1397,-0.0381,0.00635));
#6130=CARTESIAN_POINT('',(-0.136525,-0.0381,0.00635));
#6131=CARTESIAN_POINT('',(-0.1143,-0.1397,0.00635));
#6132=CARTESIAN_POINT('',(-0.111125,-0.1397,0.00635));
#6133=CARTESIAN_POINT('',(-0.1143,-0.1143,0.00635));
#6134=CARTESIAN_POINT('',(-0.111125,-0.1143,0.00635));
#6135=CARTESIAN_POINT('',(-0.1143,-0.0889,0.00635));
#6136=CARTESIAN_POINT('',(-0.111125,-0.0889,0.00635));
#6137=CARTESIAN_POINT('',(-0.1143,-0.0635,0.00635));
#6138=CARTESIAN_POINT('',(-0.111125,-0.0635,0.00635));
#6139=CARTESIAN_POINT('',(-0.1143,-0.0381,0.00635));
#6140=CARTESIAN_POINT('',(-0.111125,-0.0381,0.00635));
#6141=CARTESIAN_POINT('',(-0.1143,-0.0127,0.00635));
#6142=CARTESIAN_POINT('',(-0.111125,-0.0127,0.00635));
#6143=CARTESIAN_POINT('',(-0.1143,0.0127,0.00635));
#6144=CARTESIAN_POINT('',(-0.111125,0.0127,0.00635));
#6145=CARTESIAN_POINT('',(-0.1143,0.0381,0.00635));
#6146=CARTESIAN_POINT('',(-0.111125,0.0381,0.00635));
#6147=CARTESIAN_POINT('',(-0.1651,-0.1397,0.00635));
#6148=CARTESIAN_POINT('',(-0.161925,-0.1397,0.00635));
#6149=CARTESIAN_POINT('',(-0.1651,-0.1143,0.00635));
#6150=CARTESIAN_POINT('',(-0.161925,-0.1143,0.00635));
#6151=CARTESIAN_POINT('',(-0.1651,-0.0889,0.00635));
#6152=CARTESIAN_POINT('',(-0.161925,-0.0889,0.00635));
#6153=CARTESIAN_POINT('',(-0.1651,-0.0635,0.00635));
#6154=CARTESIAN_POINT('',(-0.161925,-0.0635,0.00635));
#6155=CARTESIAN_POINT('',(-0.1651,-0.0381,0.00635));
#6156=CARTESIAN_POINT('',(-0.161925,-0.0381,0.00635));
#6157=CARTESIAN_POINT('',(-0.1651,-0.0127,0.00635));
#6158=CARTESIAN_POINT('',(-0.161925,-0.0127,0.00635));
#6159=CARTESIAN_POINT('',(-0.1651,0.0127,0.00635));
#6160=CARTESIAN_POINT('',(-0.161925,0.0127,0.00635));
#6161=CARTESIAN_POINT('',(-0.1651,0.0381,0.00635));
#6162=CARTESIAN_POINT('',(-0.161925,0.0381,0.00635));
#6163=CARTESIAN_POINT('',(-0.1397,-0.0635,0.00635));
#6164=CARTESIAN_POINT('',(-0.136525,-0.0635,0.00635));
#6165=CARTESIAN_POINT('',(-0.1397,-0.0889,0.00635));
#6166=CARTESIAN_POINT('',(-0.136525,-0.0889,0.00635));
#6167=CARTESIAN_POINT('',(-0.1397,-0.1143,0.00635));
#6168=CARTESIAN_POINT('',(-0.136525,-0.1143,0.00635));
#6169=CARTESIAN_POINT('',(-0.1397,-0.1397,0.00635));
#6170=CARTESIAN_POINT('',(-0.136525,-0.1397,0.00635));
#6171=CARTESIAN_POINT('',(-0.1651,0.0635,0.00635));
#6172=CARTESIAN_POINT('',(-0.161925,0.0635,0.00635));
#6173=CARTESIAN_POINT('',(-0.1651,0.0889,0.00635));
#6174=CARTESIAN_POINT('',(-0.161925,0.0889,0.00635));
#6175=CARTESIAN_POINT('',(-0.1651,0.1143,0.00635));
#6176=CARTESIAN_POINT('',(-0.161925,0.1143,0.00635));
#6177=CARTESIAN_POINT('',(-0.1397,-0.1651,0.00635));
#6178=CARTESIAN_POINT('',(-0.136525,-0.1651,0.00635));
#6179=CARTESIAN_POINT('',(-0.0635,-0.1397,0.00635));
#6180=CARTESIAN_POINT('',(-0.060325,-0.1397,0.00635));
#6181=CARTESIAN_POINT('',(-0.0635,-0.1143,0.00635));
#6182=CARTESIAN_POINT('',(-0.060325,-0.1143,0.00635));
#6183=CARTESIAN_POINT('',(-0.0635,-0.0889,0.00635));
#6184=CARTESIAN_POINT('',(-0.060325,-0.0889,0.00635));
#6185=CARTESIAN_POINT('',(-0.0635,-0.0635,0.00635));
#6186=CARTESIAN_POINT('',(-0.060325,-0.0635,0.00635));
#6187=CARTESIAN_POINT('',(-0.0635,-0.0381,0.00635));
#6188=CARTESIAN_POINT('',(-0.060325,-0.0381,0.00635));
#6189=CARTESIAN_POINT('',(-0.0635,-0.0127,0.00635));
#6190=CARTESIAN_POINT('',(-0.060325,-0.0127,0.00635));
#6191=CARTESIAN_POINT('',(-0.0635,0.0127,0.00635));
#6192=CARTESIAN_POINT('',(-0.060325,0.0127,0.00635));
#6193=CARTESIAN_POINT('',(-0.0635,0.0381,0.00635));
#6194=CARTESIAN_POINT('',(-0.060325,0.0381,0.00635));
#6195=CARTESIAN_POINT('',(-0.0381,-0.0635,0.00635));
#6196=CARTESIAN_POINT('',(-0.034925,-0.0635,0.00635));
#6197=CARTESIAN_POINT('',(-0.0381,-0.0889,0.00635));
#6198=CARTESIAN_POINT('',(-0.034925,-0.0889,0.00635));
#6199=CARTESIAN_POINT('',(-0.0381,-0.1143,0.00635));
#6200=CARTESIAN_POINT('',(-0.034925,-0.1143,0.00635));
#6201=CARTESIAN_POINT('',(-0.0381,-0.1397,0.00635));
#6202=CARTESIAN_POINT('',(-0.034925,-0.1397,0.00635));
#6203=CARTESIAN_POINT('',(-0.0635,0.0635,0.00635));
#6204=CARTESIAN_POINT('',(-0.060325,0.0635,0.00635));
#6205=CARTESIAN_POINT('',(-0.0635,0.0889,0.00635));
#6206=CARTESIAN_POINT('',(-0.060325,0.0889,0.00635));
#6207=CARTESIAN_POINT('',(-0.0635,0.1143,0.00635));
#6208=CARTESIAN_POINT('',(-0.060325,0.1143,0.00635));
#6209=CARTESIAN_POINT('',(-0.0381,-0.1651,0.00635));
#6210=CARTESIAN_POINT('',(-0.034925,-0.1651,0.00635));
#6211=CARTESIAN_POINT('',(-0.0889,-0.0635,0.00635));
#6212=CARTESIAN_POINT('',(-0.085725,-0.0635,0.00635));
#6213=CARTESIAN_POINT('',(-0.0889,-0.0889,0.00635));
#6214=CARTESIAN_POINT('',(-0.085725,-0.0889,0.00635));
#6215=CARTESIAN_POINT('',(-0.0889,-0.1143,0.00635));
#6216=CARTESIAN_POINT('',(-0.085725,-0.1143,0.00635));
#6217=CARTESIAN_POINT('',(-0.0889,-0.1397,0.00635));
#6218=CARTESIAN_POINT('',(-0.085725,-0.1397,0.00635));
#6219=CARTESIAN_POINT('',(-0.1143,0.0635,0.00635));
#6220=CARTESIAN_POINT('',(-0.111125,0.0635,0.00635));
#6221=CARTESIAN_POINT('',(-0.1143,0.0889,0.00635));
#6222=CARTESIAN_POINT('',(-0.111125,0.0889,0.00635));
#6223=CARTESIAN_POINT('',(-0.1143,0.1143,0.00635));
#6224=CARTESIAN_POINT('',(-0.111125,0.1143,0.00635));
#6225=CARTESIAN_POINT('',(-0.0889,-0.1651,0.00635));
#6226=CARTESIAN_POINT('',(-0.085725,-0.1651,0.00635));
#6227=CARTESIAN_POINT('',(-0.0889,0.0635,0.00635));
#6228=CARTESIAN_POINT('',(-0.085725,0.0635,0.00635));
#6229=CARTESIAN_POINT('',(-0.0889,0.0889,0.00635));
#6230=CARTESIAN_POINT('',(-0.085725,0.0889,0.00635));
#6231=CARTESIAN_POINT('',(-0.0889,0.1143,0.00635));
#6232=CARTESIAN_POINT('',(-0.085725,0.1143,0.00635));
#6233=CARTESIAN_POINT('',(-0.0635,-0.1651,0.00635));
#6234=CARTESIAN_POINT('',(-0.060325,-0.1651,0.00635));
#6235=CARTESIAN_POINT('',(-0.0889,0.0381,0.00635));
#6236=CARTESIAN_POINT('',(-0.085725,0.0381,0.00635));
#6237=CARTESIAN_POINT('',(-0.0889,0.0127,0.00635));
#6238=CARTESIAN_POINT('',(-0.085725,0.0127,0.00635));
#6239=CARTESIAN_POINT('',(-0.0889,-0.0127,0.00635));
#6240=CARTESIAN_POINT('',(-0.085725,-0.0127,0.00635));
#6241=CARTESIAN_POINT('',(-0.0889,-0.0381,0.00635));
#6242=CARTESIAN_POINT('',(-0.085725,-0.0381,0.00635));
#6243=CARTESIAN_POINT('',(0.1397,0.1651,0.00635));
#6244=CARTESIAN_POINT('',(0.142875,0.1651,0.00635));
#6245=CARTESIAN_POINT('',(0.1651,0.1397,0.00635));
#6246=CARTESIAN_POINT('',(0.168275,0.1397,0.00635));
#6247=CARTESIAN_POINT('',(0.1651,0.1651,0.00635));
#6248=CARTESIAN_POINT('',(0.168275,0.1651,0.00635));
#6249=CARTESIAN_POINT('',(0.1397,-0.1397,0.00635));
#6250=CARTESIAN_POINT('',(0.142875,-0.1397,0.00635));
#6251=CARTESIAN_POINT('',(0.1397,-0.1143,0.00635));
#6252=CARTESIAN_POINT('',(0.142875,-0.1143,0.00635));
#6253=CARTESIAN_POINT('',(0.1397,-0.0889,0.00635));
#6254=CARTESIAN_POINT('',(0.142875,-0.0889,0.00635));
#6255=CARTESIAN_POINT('',(0.1397,-0.0635,0.00635));
#6256=CARTESIAN_POINT('',(0.142875,-0.0635,0.00635));
#6257=CARTESIAN_POINT('',(0.1397,-0.0381,0.00635));
#6258=CARTESIAN_POINT('',(0.142875,-0.0381,0.00635));
#6259=CARTESIAN_POINT('',(0.1397,-0.0127,0.00635));
#6260=CARTESIAN_POINT('',(0.142875,-0.0127,0.00635));
#6261=CARTESIAN_POINT('',(0.1397,0.0127,0.00635));
#6262=CARTESIAN_POINT('',(0.142875,0.0127,0.00635));
#6263=CARTESIAN_POINT('',(0.1397,0.0381,0.00635));
#6264=CARTESIAN_POINT('',(0.142875,0.0381,0.00635));
#6265=CARTESIAN_POINT('',(0.1651,-0.0635,0.00635));
#6266=CARTESIAN_POINT('',(0.168275,-0.0635,0.00635));
#6267=CARTESIAN_POINT('',(0.1651,-0.0889,0.00635));
#6268=CARTESIAN_POINT('',(0.168275,-0.0889,0.00635));
#6269=CARTESIAN_POINT('',(0.1651,-0.1143,0.00635));
#6270=CARTESIAN_POINT('',(0.168275,-0.1143,0.00635));
#6271=CARTESIAN_POINT('',(0.1651,-0.1397,0.00635));
#6272=CARTESIAN_POINT('',(0.168275,-0.1397,0.00635));
#6273=CARTESIAN_POINT('',(0.1397,0.0635,0.00635));
#6274=CARTESIAN_POINT('',(0.142875,0.0635,0.00635));
#6275=CARTESIAN_POINT('',(0.1397,0.0889,0.00635));
#6276=CARTESIAN_POINT('',(0.142875,0.0889,0.00635));
#6277=CARTESIAN_POINT('',(0.1397,0.1143,0.00635));
#6278=CARTESIAN_POINT('',(0.142875,0.1143,0.00635));
#6279=CARTESIAN_POINT('',(0.1651,-0.1651,0.00635));
#6280=CARTESIAN_POINT('',(0.168275,-0.1651,0.00635));
#6281=CARTESIAN_POINT('',(0.1143,-0.0635,0.00635));
#6282=CARTESIAN_POINT('',(0.117475,-0.0635,0.00635));
#6283=CARTESIAN_POINT('',(0.1143,-0.0889,0.00635));
#6284=CARTESIAN_POINT('',(0.117475,-0.0889,0.00635));
#6285=CARTESIAN_POINT('',(0.1143,-0.1143,0.00635));
#6286=CARTESIAN_POINT('',(0.117475,-0.1143,0.00635));
#6287=CARTESIAN_POINT('',(0.1143,-0.1397,0.00635));
#6288=CARTESIAN_POINT('',(0.117475,-0.1397,0.00635));
#6289=CARTESIAN_POINT('',(0.0889,0.0635,0.00635));
#6290=CARTESIAN_POINT('',(0.092075,0.0635,0.00635));
#6291=CARTESIAN_POINT('',(0.0889,0.0889,0.00635));
#6292=CARTESIAN_POINT('',(0.092075,0.0889,0.00635));
#6293=CARTESIAN_POINT('',(0.0889,0.1143,0.00635));
#6294=CARTESIAN_POINT('',(0.092075,0.1143,0.00635));
#6295=CARTESIAN_POINT('',(0.1143,-0.1651,0.00635));
#6296=CARTESIAN_POINT('',(0.117475,-0.1651,0.00635));
#6297=CARTESIAN_POINT('',(0.1143,0.0635,0.00635));
#6298=CARTESIAN_POINT('',(0.117475,0.0635,0.00635));
#6299=CARTESIAN_POINT('',(0.1143,0.0889,0.00635));
#6300=CARTESIAN_POINT('',(0.117475,0.0889,0.00635));
#6301=CARTESIAN_POINT('',(0.1143,0.1143,0.00635));
#6302=CARTESIAN_POINT('',(0.117475,0.1143,0.00635));
#6303=CARTESIAN_POINT('',(0.1397,-0.1651,0.00635));
#6304=CARTESIAN_POINT('',(0.142875,-0.1651,0.00635));
#6305=CARTESIAN_POINT('',(0.1143,0.0381,0.00635));
#6306=CARTESIAN_POINT('',(0.117475,0.0381,0.00635));
#6307=CARTESIAN_POINT('',(0.1143,0.0127,0.00635));
#6308=CARTESIAN_POINT('',(0.117475,0.0127,0.00635));
#6309=CARTESIAN_POINT('',(0.1143,-0.0127,0.00635));
#6310=CARTESIAN_POINT('',(0.117475,-0.0127,0.00635));
#6311=CARTESIAN_POINT('',(0.1143,-0.0381,0.00635));
#6312=CARTESIAN_POINT('',(0.117475,-0.0381,0.00635));
#6313=CARTESIAN_POINT('',(-0.0127,0.1651,0.00635));
#6314=CARTESIAN_POINT('',(-0.009525,0.1651,0.00635));
#6315=CARTESIAN_POINT('',(0.0127,0.1397,0.00635));
#6316=CARTESIAN_POINT('',(0.015875,0.1397,0.00635));
#6317=CARTESIAN_POINT('',(0.0127,0.1651,0.00635));
#6318=CARTESIAN_POINT('',(0.015875,0.1651,0.00635));
#6319=CARTESIAN_POINT('',(0.0381,0.1397,0.00635));
#6320=CARTESIAN_POINT('',(0.041275,0.1397,0.00635));
#6321=CARTESIAN_POINT('',(-0.0635,0.1651,0.00635));
#6322=CARTESIAN_POINT('',(-0.060325,0.1651,0.00635));
#6323=CARTESIAN_POINT('',(-0.0381,0.1397,0.00635));
#6324=CARTESIAN_POINT('',(-0.034925,0.1397,0.00635));
#6325=CARTESIAN_POINT('',(-0.0381,0.1651,0.00635));
#6326=CARTESIAN_POINT('',(-0.034925,0.1651,0.00635));
#6327=CARTESIAN_POINT('',(-0.0127,0.1397,0.00635));
#6328=CARTESIAN_POINT('',(-0.009525,0.1397,0.00635));
#6329=CARTESIAN_POINT('',(0.0889,0.1651,0.00635));
#6330=CARTESIAN_POINT('',(0.092075,0.1651,0.00635));
#6331=CARTESIAN_POINT('',(0.1143,0.1397,0.00635));
#6332=CARTESIAN_POINT('',(0.117475,0.1397,0.00635));
#6333=CARTESIAN_POINT('',(0.1143,0.1651,0.00635));
#6334=CARTESIAN_POINT('',(0.117475,0.1651,0.00635));
#6335=CARTESIAN_POINT('',(0.1397,0.1397,0.00635));
#6336=CARTESIAN_POINT('',(0.142875,0.1397,0.00635));
#6337=CARTESIAN_POINT('',(0.0381,0.1651,0.00635));
#6338=CARTESIAN_POINT('',(0.041275,0.1651,0.00635));
#6339=CARTESIAN_POINT('',(0.0635,0.1397,0.00635));
#6340=CARTESIAN_POINT('',(0.066675,0.1397,0.00635));
#6341=CARTESIAN_POINT('',(0.0635,0.1651,0.00635));
#6342=CARTESIAN_POINT('',(0.066675,0.1651,0.00635));
#6343=CARTESIAN_POINT('',(0.0889,0.1397,0.00635));
#6344=CARTESIAN_POINT('',(0.092075,0.1397,0.00635));
#6345=CARTESIAN_POINT('',(0.1651,-0.0381,0.00635));
#6346=CARTESIAN_POINT('',(0.168275,-0.0381,0.00635));
#6347=CARTESIAN_POINT('',(0.1651,-0.0127,0.00635));
#6348=CARTESIAN_POINT('',(0.168275,-0.0127,0.00635));
#6349=CARTESIAN_POINT('',(0.1651,0.0127,0.00635));
#6350=CARTESIAN_POINT('',(0.168275,0.0127,0.00635));
#6351=CARTESIAN_POINT('',(0.1651,0.0381,0.00635));
#6352=CARTESIAN_POINT('',(0.168275,0.0381,0.00635));
#6353=CARTESIAN_POINT('',(0.1651,0.0635,0.00635));
#6354=CARTESIAN_POINT('',(0.168275,0.0635,0.00635));
#6355=CARTESIAN_POINT('',(0.1651,0.0889,0.00635));
#6356=CARTESIAN_POINT('',(0.168275,0.0889,0.00635));
#6357=CARTESIAN_POINT('',(0.1651,0.1143,0.00635));
#6358=CARTESIAN_POINT('',(0.168275,0.1143,0.00635));
#6359=CARTESIAN_POINT('',(-0.1651,0.1397,0.00635));
#6360=CARTESIAN_POINT('',(-0.161925,0.1397,0.00635));
#6361=CARTESIAN_POINT('',(-0.1143,0.1651,0.00635));
#6362=CARTESIAN_POINT('',(-0.111125,0.1651,0.00635));
#6363=CARTESIAN_POINT('',(-0.0889,0.1397,0.00635));
#6364=CARTESIAN_POINT('',(-0.085725,0.1397,0.00635));
#6365=CARTESIAN_POINT('',(-0.0889,0.1651,0.00635));
#6366=CARTESIAN_POINT('',(-0.085725,0.1651,0.00635));
#6367=CARTESIAN_POINT('',(-0.0635,0.1397,0.00635));
#6368=CARTESIAN_POINT('',(-0.060325,0.1397,0.00635));
#6369=CARTESIAN_POINT('',(-0.1651,0.1651,0.00635));
#6370=CARTESIAN_POINT('',(-0.161925,0.1651,0.00635));
#6371=CARTESIAN_POINT('',(-0.1397,0.1397,0.00635));
#6372=CARTESIAN_POINT('',(-0.136525,0.1397,0.00635));
#6373=CARTESIAN_POINT('',(-0.1397,0.1651,0.00635));
#6374=CARTESIAN_POINT('',(-0.136525,0.1651,0.00635));
#6375=CARTESIAN_POINT('',(-0.1143,0.1397,0.00635));
#6376=CARTESIAN_POINT('',(-0.111125,0.1397,0.00635));
#6377=CARTESIAN_POINT('',(-0.1651,-0.1651,0.00635));
#6378=CARTESIAN_POINT('',(-0.161925,-0.1651,0.00635));
#6379=CARTESIAN_POINT('',(-0.161925,0.161925,0.00635));
#6380=CARTESIAN_POINT('',(-0.161925,-0.161925,0.00635));
#6381=CARTESIAN_POINT('',(0.161925,-0.161925,0.00635));
#6382=CARTESIAN_POINT('',(0.161925,0.161925,0.00635));
#6383=CARTESIAN_POINT('',(0.,0.,0.));
#6384=CARTESIAN_POINT('',(0.0127,-0.0635,0.));
#6385=CARTESIAN_POINT('',(0.015875,-0.0635,0.));
#6386=CARTESIAN_POINT('',(0.0127,-0.0889,0.));
#6387=CARTESIAN_POINT('',(0.015875,-0.0889,0.));
#6388=CARTESIAN_POINT('',(0.0127,-0.1143,0.));
#6389=CARTESIAN_POINT('',(0.015875,-0.1143,0.));
#6390=CARTESIAN_POINT('',(0.0127,-0.1397,0.));
#6391=CARTESIAN_POINT('',(0.015875,-0.1397,0.));
#6392=CARTESIAN_POINT('',(-0.0127,0.0635,0.));
#6393=CARTESIAN_POINT('',(-0.009525,0.0635,0.));
#6394=CARTESIAN_POINT('',(-0.0127,0.0889,0.));
#6395=CARTESIAN_POINT('',(-0.009525,0.0889,0.));
#6396=CARTESIAN_POINT('',(-0.0127,0.1143,0.));
#6397=CARTESIAN_POINT('',(-0.009525,0.1143,0.));
#6398=CARTESIAN_POINT('',(0.0127,-0.1651,0.));
#6399=CARTESIAN_POINT('',(0.015875,-0.1651,0.));
#6400=CARTESIAN_POINT('',(0.0127,0.0635,0.));
#6401=CARTESIAN_POINT('',(0.015875,0.0635,0.));
#6402=CARTESIAN_POINT('',(0.0127,0.0889,0.));
#6403=CARTESIAN_POINT('',(0.015875,0.0889,0.));
#6404=CARTESIAN_POINT('',(0.0127,0.1143,0.));
#6405=CARTESIAN_POINT('',(0.015875,0.1143,0.));
#6406=CARTESIAN_POINT('',(0.0381,-0.1651,0.));
#6407=CARTESIAN_POINT('',(0.041275,-0.1651,0.));
#6408=CARTESIAN_POINT('',(0.0127,0.0381,0.));
#6409=CARTESIAN_POINT('',(0.015875,0.0381,0.));
#6410=CARTESIAN_POINT('',(0.0127,0.0127,0.));
#6411=CARTESIAN_POINT('',(0.015875,0.0127,0.));
#6412=CARTESIAN_POINT('',(0.0127,-0.0127,0.));
#6413=CARTESIAN_POINT('',(0.015875,-0.0127,0.));
#6414=CARTESIAN_POINT('',(0.0127,-0.0381,0.));
#6415=CARTESIAN_POINT('',(0.015875,-0.0381,0.));
#6416=CARTESIAN_POINT('',(-0.0381,0.0635,0.));
#6417=CARTESIAN_POINT('',(-0.034925,0.0635,0.));
#6418=CARTESIAN_POINT('',(-0.0381,0.0889,0.));
#6419=CARTESIAN_POINT('',(-0.034925,0.0889,0.));
#6420=CARTESIAN_POINT('',(-0.0381,0.1143,0.));
#6421=CARTESIAN_POINT('',(-0.034925,0.1143,0.));
#6422=CARTESIAN_POINT('',(-0.0127,-0.1651,0.));
#6423=CARTESIAN_POINT('',(-0.009525,-0.1651,0.));
#6424=CARTESIAN_POINT('',(-0.0381,0.0381,0.));
#6425=CARTESIAN_POINT('',(-0.034925,0.0381,0.));
#6426=CARTESIAN_POINT('',(-0.0381,0.0127,0.));
#6427=CARTESIAN_POINT('',(-0.034925,0.0127,0.));
#6428=CARTESIAN_POINT('',(-0.0381,-0.0127,0.));
#6429=CARTESIAN_POINT('',(-0.034925,-0.0127,0.));
#6430=CARTESIAN_POINT('',(-0.0381,-0.0381,0.));
#6431=CARTESIAN_POINT('',(-0.034925,-0.0381,0.));
#6432=CARTESIAN_POINT('',(-0.0127,-0.1397,0.));
#6433=CARTESIAN_POINT('',(-0.009525,-0.1397,0.));
#6434=CARTESIAN_POINT('',(-0.0127,-0.1143,0.));
#6435=CARTESIAN_POINT('',(-0.009525,-0.1143,0.));
#6436=CARTESIAN_POINT('',(-0.0127,-0.0889,0.));
#6437=CARTESIAN_POINT('',(-0.009525,-0.0889,0.));
#6438=CARTESIAN_POINT('',(-0.0127,-0.0635,0.));
#6439=CARTESIAN_POINT('',(-0.009525,-0.0635,0.));
#6440=CARTESIAN_POINT('',(-0.0127,-0.0381,0.));
#6441=CARTESIAN_POINT('',(-0.009525,-0.0381,0.));
#6442=CARTESIAN_POINT('',(-0.0127,-0.0127,0.));
#6443=CARTESIAN_POINT('',(-0.009525,-0.0127,0.));
#6444=CARTESIAN_POINT('',(-0.0127,0.0127,0.));
#6445=CARTESIAN_POINT('',(-0.009525,0.0127,0.));
#6446=CARTESIAN_POINT('',(-0.0127,0.0381,0.));
#6447=CARTESIAN_POINT('',(-0.009525,0.0381,0.));
#6448=CARTESIAN_POINT('',(0.0635,0.0635,0.));
#6449=CARTESIAN_POINT('',(0.066675,0.0635,0.));
#6450=CARTESIAN_POINT('',(0.0635,0.0889,0.));
#6451=CARTESIAN_POINT('',(0.066675,0.0889,0.));
#6452=CARTESIAN_POINT('',(0.0635,0.1143,0.));
#6453=CARTESIAN_POINT('',(0.066675,0.1143,0.));
#6454=CARTESIAN_POINT('',(0.0889,-0.1651,0.));
#6455=CARTESIAN_POINT('',(0.092075,-0.1651,0.));
#6456=CARTESIAN_POINT('',(0.0635,0.0381,0.));
#6457=CARTESIAN_POINT('',(0.066675,0.0381,0.));
#6458=CARTESIAN_POINT('',(0.0635,0.0127,0.));
#6459=CARTESIAN_POINT('',(0.066675,0.0127,0.));
#6460=CARTESIAN_POINT('',(0.0635,-0.0127,0.));
#6461=CARTESIAN_POINT('',(0.066675,-0.0127,0.));
#6462=CARTESIAN_POINT('',(0.0635,-0.0381,0.));
#6463=CARTESIAN_POINT('',(0.066675,-0.0381,0.));
#6464=CARTESIAN_POINT('',(0.0889,-0.1397,0.));
#6465=CARTESIAN_POINT('',(0.092075,-0.1397,0.));
#6466=CARTESIAN_POINT('',(0.0889,-0.1143,0.));
#6467=CARTESIAN_POINT('',(0.092075,-0.1143,0.));
#6468=CARTESIAN_POINT('',(0.0889,-0.0889,0.));
#6469=CARTESIAN_POINT('',(0.092075,-0.0889,0.));
#6470=CARTESIAN_POINT('',(0.0889,-0.0635,0.));
#6471=CARTESIAN_POINT('',(0.092075,-0.0635,0.));
#6472=CARTESIAN_POINT('',(0.0889,-0.0381,0.));
#6473=CARTESIAN_POINT('',(0.092075,-0.0381,0.));
#6474=CARTESIAN_POINT('',(0.0889,-0.0127,0.));
#6475=CARTESIAN_POINT('',(0.092075,-0.0127,0.));
#6476=CARTESIAN_POINT('',(0.0889,0.0127,0.));
#6477=CARTESIAN_POINT('',(0.092075,0.0127,0.));
#6478=CARTESIAN_POINT('',(0.0889,0.0381,0.));
#6479=CARTESIAN_POINT('',(0.092075,0.0381,0.));
#6480=CARTESIAN_POINT('',(0.0381,-0.1397,0.));
#6481=CARTESIAN_POINT('',(0.041275,-0.1397,0.));
#6482=CARTESIAN_POINT('',(0.0381,-0.1143,0.));
#6483=CARTESIAN_POINT('',(0.041275,-0.1143,0.));
#6484=CARTESIAN_POINT('',(0.0381,-0.0889,0.));
#6485=CARTESIAN_POINT('',(0.041275,-0.0889,0.));
#6486=CARTESIAN_POINT('',(0.0381,-0.0635,0.));
#6487=CARTESIAN_POINT('',(0.041275,-0.0635,0.));
#6488=CARTESIAN_POINT('',(0.0381,-0.0381,0.));
#6489=CARTESIAN_POINT('',(0.041275,-0.0381,0.));
#6490=CARTESIAN_POINT('',(0.0381,-0.0127,0.));
#6491=CARTESIAN_POINT('',(0.041275,-0.0127,0.));
#6492=CARTESIAN_POINT('',(0.0381,0.0127,0.));
#6493=CARTESIAN_POINT('',(0.041275,0.0127,0.));
#6494=CARTESIAN_POINT('',(0.0381,0.0381,0.));
#6495=CARTESIAN_POINT('',(0.041275,0.0381,0.));
#6496=CARTESIAN_POINT('',(0.0635,-0.0635,0.));
#6497=CARTESIAN_POINT('',(0.066675,-0.0635,0.));
#6498=CARTESIAN_POINT('',(0.0635,-0.0889,0.));
#6499=CARTESIAN_POINT('',(0.066675,-0.0889,0.));
#6500=CARTESIAN_POINT('',(0.0635,-0.1143,0.));
#6501=CARTESIAN_POINT('',(0.066675,-0.1143,0.));
#6502=CARTESIAN_POINT('',(0.0635,-0.1397,0.));
#6503=CARTESIAN_POINT('',(0.066675,-0.1397,0.));
#6504=CARTESIAN_POINT('',(0.0381,0.0635,0.));
#6505=CARTESIAN_POINT('',(0.041275,0.0635,0.));
#6506=CARTESIAN_POINT('',(0.0381,0.0889,0.));
#6507=CARTESIAN_POINT('',(0.041275,0.0889,0.));
#6508=CARTESIAN_POINT('',(0.0381,0.1143,0.));
#6509=CARTESIAN_POINT('',(0.041275,0.1143,0.));
#6510=CARTESIAN_POINT('',(0.0635,-0.1651,0.));
#6511=CARTESIAN_POINT('',(0.066675,-0.1651,0.));
#6512=CARTESIAN_POINT('',(-0.1397,0.0635,0.));
#6513=CARTESIAN_POINT('',(-0.136525,0.0635,0.));
#6514=CARTESIAN_POINT('',(-0.1397,0.0889,0.));
#6515=CARTESIAN_POINT('',(-0.136525,0.0889,0.));
#6516=CARTESIAN_POINT('',(-0.1397,0.1143,0.));
#6517=CARTESIAN_POINT('',(-0.136525,0.1143,0.));
#6518=CARTESIAN_POINT('',(-0.1143,-0.1651,0.));
#6519=CARTESIAN_POINT('',(-0.111125,-0.1651,0.));
#6520=CARTESIAN_POINT('',(-0.1397,0.0381,0.));
#6521=CARTESIAN_POINT('',(-0.136525,0.0381,0.));
#6522=CARTESIAN_POINT('',(-0.1397,0.0127,0.));
#6523=CARTESIAN_POINT('',(-0.136525,0.0127,0.));
#6524=CARTESIAN_POINT('',(-0.1397,-0.0127,0.));
#6525=CARTESIAN_POINT('',(-0.136525,-0.0127,0.));
#6526=CARTESIAN_POINT('',(-0.1397,-0.0381,0.));
#6527=CARTESIAN_POINT('',(-0.136525,-0.0381,0.));
#6528=CARTESIAN_POINT('',(-0.1143,-0.1397,0.));
#6529=CARTESIAN_POINT('',(-0.111125,-0.1397,0.));
#6530=CARTESIAN_POINT('',(-0.1143,-0.1143,0.));
#6531=CARTESIAN_POINT('',(-0.111125,-0.1143,0.));
#6532=CARTESIAN_POINT('',(-0.1143,-0.0889,0.));
#6533=CARTESIAN_POINT('',(-0.111125,-0.0889,0.));
#6534=CARTESIAN_POINT('',(-0.1143,-0.0635,0.));
#6535=CARTESIAN_POINT('',(-0.111125,-0.0635,0.));
#6536=CARTESIAN_POINT('',(-0.1143,-0.0381,0.));
#6537=CARTESIAN_POINT('',(-0.111125,-0.0381,0.));
#6538=CARTESIAN_POINT('',(-0.1143,-0.0127,0.));
#6539=CARTESIAN_POINT('',(-0.111125,-0.0127,0.));
#6540=CARTESIAN_POINT('',(-0.1143,0.0127,0.));
#6541=CARTESIAN_POINT('',(-0.111125,0.0127,0.));
#6542=CARTESIAN_POINT('',(-0.1143,0.0381,0.));
#6543=CARTESIAN_POINT('',(-0.111125,0.0381,0.));
#6544=CARTESIAN_POINT('',(-0.1651,-0.1397,0.));
#6545=CARTESIAN_POINT('',(-0.161925,-0.1397,0.));
#6546=CARTESIAN_POINT('',(-0.1651,-0.1143,0.));
#6547=CARTESIAN_POINT('',(-0.161925,-0.1143,0.));
#6548=CARTESIAN_POINT('',(-0.1651,-0.0889,0.));
#6549=CARTESIAN_POINT('',(-0.161925,-0.0889,0.));
#6550=CARTESIAN_POINT('',(-0.1651,-0.0635,0.));
#6551=CARTESIAN_POINT('',(-0.161925,-0.0635,0.));
#6552=CARTESIAN_POINT('',(-0.1651,-0.0381,0.));
#6553=CARTESIAN_POINT('',(-0.161925,-0.0381,0.));
#6554=CARTESIAN_POINT('',(-0.1651,-0.0127,0.));
#6555=CARTESIAN_POINT('',(-0.161925,-0.0127,0.));
#6556=CARTESIAN_POINT('',(-0.1651,0.0127,0.));
#6557=CARTESIAN_POINT('',(-0.161925,0.0127,0.));
#6558=CARTESIAN_POINT('',(-0.1651,0.0381,0.));
#6559=CARTESIAN_POINT('',(-0.161925,0.0381,0.));
#6560=CARTESIAN_POINT('',(-0.1397,-0.0635,0.));
#6561=CARTESIAN_POINT('',(-0.136525,-0.0635,0.));
#6562=CARTESIAN_POINT('',(-0.1397,-0.0889,0.));
#6563=CARTESIAN_POINT('',(-0.136525,-0.0889,0.));
#6564=CARTESIAN_POINT('',(-0.1397,-0.1143,0.));
#6565=CARTESIAN_POINT('',(-0.136525,-0.1143,0.));
#6566=CARTESIAN_POINT('',(-0.1397,-0.1397,0.));
#6567=CARTESIAN_POINT('',(-0.136525,-0.1397,0.));
#6568=CARTESIAN_POINT('',(-0.1651,0.0635,0.));
#6569=CARTESIAN_POINT('',(-0.161925,0.0635,0.));
#6570=CARTESIAN_POINT('',(-0.1651,0.0889,0.));
#6571=CARTESIAN_POINT('',(-0.161925,0.0889,0.));
#6572=CARTESIAN_POINT('',(-0.1651,0.1143,0.));
#6573=CARTESIAN_POINT('',(-0.161925,0.1143,0.));
#6574=CARTESIAN_POINT('',(-0.1397,-0.1651,0.));
#6575=CARTESIAN_POINT('',(-0.136525,-0.1651,0.));
#6576=CARTESIAN_POINT('',(-0.0635,-0.1397,0.));
#6577=CARTESIAN_POINT('',(-0.060325,-0.1397,0.));
#6578=CARTESIAN_POINT('',(-0.0635,-0.1143,0.));
#6579=CARTESIAN_POINT('',(-0.060325,-0.1143,0.));
#6580=CARTESIAN_POINT('',(-0.0635,-0.0889,0.));
#6581=CARTESIAN_POINT('',(-0.060325,-0.0889,0.));
#6582=CARTESIAN_POINT('',(-0.0635,-0.0635,0.));
#6583=CARTESIAN_POINT('',(-0.060325,-0.0635,0.));
#6584=CARTESIAN_POINT('',(-0.0635,-0.0381,0.));
#6585=CARTESIAN_POINT('',(-0.060325,-0.0381,0.));
#6586=CARTESIAN_POINT('',(-0.0635,-0.0127,0.));
#6587=CARTESIAN_POINT('',(-0.060325,-0.0127,0.));
#6588=CARTESIAN_POINT('',(-0.0635,0.0127,0.));
#6589=CARTESIAN_POINT('',(-0.060325,0.0127,0.));
#6590=CARTESIAN_POINT('',(-0.0635,0.0381,0.));
#6591=CARTESIAN_POINT('',(-0.060325,0.0381,0.));
#6592=CARTESIAN_POINT('',(-0.0381,-0.0635,0.));
#6593=CARTESIAN_POINT('',(-0.034925,-0.0635,0.));
#6594=CARTESIAN_POINT('',(-0.0381,-0.0889,0.));
#6595=CARTESIAN_POINT('',(-0.034925,-0.0889,0.));
#6596=CARTESIAN_POINT('',(-0.0381,-0.1143,0.));
#6597=CARTESIAN_POINT('',(-0.034925,-0.1143,0.));
#6598=CARTESIAN_POINT('',(-0.0381,-0.1397,0.));
#6599=CARTESIAN_POINT('',(-0.034925,-0.1397,0.));
#6600=CARTESIAN_POINT('',(-0.0635,0.0635,0.));
#6601=CARTESIAN_POINT('',(-0.060325,0.0635,0.));
#6602=CARTESIAN_POINT('',(-0.0635,0.0889,0.));
#6603=CARTESIAN_POINT('',(-0.060325,0.0889,0.));
#6604=CARTESIAN_POINT('',(-0.0635,0.1143,0.));
#6605=CARTESIAN_POINT('',(-0.060325,0.1143,0.));
#6606=CARTESIAN_POINT('',(-0.0381,-0.1651,0.));
#6607=CARTESIAN_POINT('',(-0.034925,-0.1651,0.));
#6608=CARTESIAN_POINT('',(-0.0889,-0.0635,0.));
#6609=CARTESIAN_POINT('',(-0.085725,-0.0635,0.));
#6610=CARTESIAN_POINT('',(-0.0889,-0.0889,0.));
#6611=CARTESIAN_POINT('',(-0.085725,-0.0889,0.));
#6612=CARTESIAN_POINT('',(-0.0889,-0.1143,0.));
#6613=CARTESIAN_POINT('',(-0.085725,-0.1143,0.));
#6614=CARTESIAN_POINT('',(-0.0889,-0.1397,0.));
#6615=CARTESIAN_POINT('',(-0.085725,-0.1397,0.));
#6616=CARTESIAN_POINT('',(-0.1143,0.0635,0.));
#6617=CARTESIAN_POINT('',(-0.111125,0.0635,0.));
#6618=CARTESIAN_POINT('',(-0.1143,0.0889,0.));
#6619=CARTESIAN_POINT('',(-0.111125,0.0889,0.));
#6620=CARTESIAN_POINT('',(-0.1143,0.1143,0.));
#6621=CARTESIAN_POINT('',(-0.111125,0.1143,0.));
#6622=CARTESIAN_POINT('',(-0.0889,-0.1651,0.));
#6623=CARTESIAN_POINT('',(-0.085725,-0.1651,0.));
#6624=CARTESIAN_POINT('',(-0.0889,0.0635,0.));
#6625=CARTESIAN_POINT('',(-0.085725,0.0635,0.));
#6626=CARTESIAN_POINT('',(-0.0889,0.0889,0.));
#6627=CARTESIAN_POINT('',(-0.085725,0.0889,0.));
#6628=CARTESIAN_POINT('',(-0.0889,0.1143,0.));
#6629=CARTESIAN_POINT('',(-0.085725,0.1143,0.));
#6630=CARTESIAN_POINT('',(-0.0635,-0.1651,0.));
#6631=CARTESIAN_POINT('',(-0.060325,-0.1651,0.));
#6632=CARTESIAN_POINT('',(-0.0889,0.0381,0.));
#6633=CARTESIAN_POINT('',(-0.085725,0.0381,0.));
#6634=CARTESIAN_POINT('',(-0.0889,0.0127,0.));
#6635=CARTESIAN_POINT('',(-0.085725,0.0127,0.));
#6636=CARTESIAN_POINT('',(-0.0889,-0.0127,0.));
#6637=CARTESIAN_POINT('',(-0.085725,-0.0127,0.));
#6638=CARTESIAN_POINT('',(-0.0889,-0.0381,0.));
#6639=CARTESIAN_POINT('',(-0.085725,-0.0381,0.));
#6640=CARTESIAN_POINT('',(0.1397,0.1651,0.));
#6641=CARTESIAN_POINT('',(0.142875,0.1651,0.));
#6642=CARTESIAN_POINT('',(0.1651,0.1397,0.));
#6643=CARTESIAN_POINT('',(0.168275,0.1397,0.));
#6644=CARTESIAN_POINT('',(0.1651,0.1651,0.));
#6645=CARTESIAN_POINT('',(0.168275,0.1651,0.));
#6646=CARTESIAN_POINT('',(0.1397,-0.1397,0.));
#6647=CARTESIAN_POINT('',(0.142875,-0.1397,0.));
#6648=CARTESIAN_POINT('',(0.1397,-0.1143,0.));
#6649=CARTESIAN_POINT('',(0.142875,-0.1143,0.));
#6650=CARTESIAN_POINT('',(0.1397,-0.0889,0.));
#6651=CARTESIAN_POINT('',(0.142875,-0.0889,0.));
#6652=CARTESIAN_POINT('',(0.1397,-0.0635,0.));
#6653=CARTESIAN_POINT('',(0.142875,-0.0635,0.));
#6654=CARTESIAN_POINT('',(0.1397,-0.0381,0.));
#6655=CARTESIAN_POINT('',(0.142875,-0.0381,0.));
#6656=CARTESIAN_POINT('',(0.1397,-0.0127,0.));
#6657=CARTESIAN_POINT('',(0.142875,-0.0127,0.));
#6658=CARTESIAN_POINT('',(0.1397,0.0127,0.));
#6659=CARTESIAN_POINT('',(0.142875,0.0127,0.));
#6660=CARTESIAN_POINT('',(0.1397,0.0381,0.));
#6661=CARTESIAN_POINT('',(0.142875,0.0381,0.));
#6662=CARTESIAN_POINT('',(0.1651,-0.0635,0.));
#6663=CARTESIAN_POINT('',(0.168275,-0.0635,0.));
#6664=CARTESIAN_POINT('',(0.1651,-0.0889,0.));
#6665=CARTESIAN_POINT('',(0.168275,-0.0889,0.));
#6666=CARTESIAN_POINT('',(0.1651,-0.1143,0.));
#6667=CARTESIAN_POINT('',(0.168275,-0.1143,0.));
#6668=CARTESIAN_POINT('',(0.1651,-0.1397,0.));
#6669=CARTESIAN_POINT('',(0.168275,-0.1397,0.));
#6670=CARTESIAN_POINT('',(0.1397,0.0635,0.));
#6671=CARTESIAN_POINT('',(0.142875,0.0635,0.));
#6672=CARTESIAN_POINT('',(0.1397,0.0889,0.));
#6673=CARTESIAN_POINT('',(0.142875,0.0889,0.));
#6674=CARTESIAN_POINT('',(0.1397,0.1143,0.));
#6675=CARTESIAN_POINT('',(0.142875,0.1143,0.));
#6676=CARTESIAN_POINT('',(0.1651,-0.1651,0.));
#6677=CARTESIAN_POINT('',(0.168275,-0.1651,0.));
#6678=CARTESIAN_POINT('',(0.1143,-0.0635,0.));
#6679=CARTESIAN_POINT('',(0.117475,-0.0635,0.));
#6680=CARTESIAN_POINT('',(0.1143,-0.0889,0.));
#6681=CARTESIAN_POINT('',(0.117475,-0.0889,0.));
#6682=CARTESIAN_POINT('',(0.1143,-0.1143,0.));
#6683=CARTESIAN_POINT('',(0.117475,-0.1143,0.));
#6684=CARTESIAN_POINT('',(0.1143,-0.1397,0.));
#6685=CARTESIAN_POINT('',(0.117475,-0.1397,0.));
#6686=CARTESIAN_POINT('',(0.0889,0.0635,0.));
#6687=CARTESIAN_POINT('',(0.092075,0.0635,0.));
#6688=CARTESIAN_POINT('',(0.0889,0.0889,0.));
#6689=CARTESIAN_POINT('',(0.092075,0.0889,0.));
#6690=CARTESIAN_POINT('',(0.0889,0.1143,0.));
#6691=CARTESIAN_POINT('',(0.092075,0.1143,0.));
#6692=CARTESIAN_POINT('',(0.1143,-0.1651,0.));
#6693=CARTESIAN_POINT('',(0.117475,-0.1651,0.));
#6694=CARTESIAN_POINT('',(0.1143,0.0635,0.));
#6695=CARTESIAN_POINT('',(0.117475,0.0635,0.));
#6696=CARTESIAN_POINT('',(0.1143,0.0889,0.));
#6697=CARTESIAN_POINT('',(0.117475,0.0889,0.));
#6698=CARTESIAN_POINT('',(0.1143,0.1143,0.));
#6699=CARTESIAN_POINT('',(0.117475,0.1143,0.));
#6700=CARTESIAN_POINT('',(0.1397,-0.1651,0.));
#6701=CARTESIAN_POINT('',(0.142875,-0.1651,0.));
#6702=CARTESIAN_POINT('',(0.1143,0.0381,0.));
#6703=CARTESIAN_POINT('',(0.117475,0.0381,0.));
#6704=CARTESIAN_POINT('',(0.1143,0.0127,0.));
#6705=CARTESIAN_POINT('',(0.117475,0.0127,0.));
#6706=CARTESIAN_POINT('',(0.1143,-0.0127,0.));
#6707=CARTESIAN_POINT('',(0.117475,-0.0127,0.));
#6708=CARTESIAN_POINT('',(0.1143,-0.0381,0.));
#6709=CARTESIAN_POINT('',(0.117475,-0.0381,0.));
#6710=CARTESIAN_POINT('',(-0.0127,0.1651,0.));
#6711=CARTESIAN_POINT('',(-0.009525,0.1651,0.));
#6712=CARTESIAN_POINT('',(0.0127,0.1397,0.));
#6713=CARTESIAN_POINT('',(0.015875,0.1397,0.));
#6714=CARTESIAN_POINT('',(0.0127,0.1651,0.));
#6715=CARTESIAN_POINT('',(0.015875,0.1651,0.));
#6716=CARTESIAN_POINT('',(0.0381,0.1397,0.));
#6717=CARTESIAN_POINT('',(0.041275,0.1397,0.));
#6718=CARTESIAN_POINT('',(-0.0635,0.1651,0.));
#6719=CARTESIAN_POINT('',(-0.060325,0.1651,0.));
#6720=CARTESIAN_POINT('',(-0.0381,0.1397,0.));
#6721=CARTESIAN_POINT('',(-0.034925,0.1397,0.));
#6722=CARTESIAN_POINT('',(-0.0381,0.1651,0.));
#6723=CARTESIAN_POINT('',(-0.034925,0.1651,0.));
#6724=CARTESIAN_POINT('',(-0.0127,0.1397,0.));
#6725=CARTESIAN_POINT('',(-0.009525,0.1397,0.));
#6726=CARTESIAN_POINT('',(0.0889,0.1651,0.));
#6727=CARTESIAN_POINT('',(0.092075,0.1651,0.));
#6728=CARTESIAN_POINT('',(0.1143,0.1397,0.));
#6729=CARTESIAN_POINT('',(0.117475,0.1397,0.));
#6730=CARTESIAN_POINT('',(0.1143,0.1651,0.));
#6731=CARTESIAN_POINT('',(0.117475,0.1651,0.));
#6732=CARTESIAN_POINT('',(0.1397,0.1397,0.));
#6733=CARTESIAN_POINT('',(0.142875,0.1397,0.));
#6734=CARTESIAN_POINT('',(0.0381,0.1651,0.));
#6735=CARTESIAN_POINT('',(0.041275,0.1651,0.));
#6736=CARTESIAN_POINT('',(0.0635,0.1397,0.));
#6737=CARTESIAN_POINT('',(0.066675,0.1397,0.));
#6738=CARTESIAN_POINT('',(0.0635,0.1651,0.));
#6739=CARTESIAN_POINT('',(0.066675,0.1651,0.));
#6740=CARTESIAN_POINT('',(0.0889,0.1397,0.));
#6741=CARTESIAN_POINT('',(0.092075,0.1397,0.));
#6742=CARTESIAN_POINT('',(0.1651,-0.0381,0.));
#6743=CARTESIAN_POINT('',(0.168275,-0.0381,0.));
#6744=CARTESIAN_POINT('',(0.1651,-0.0127,0.));
#6745=CARTESIAN_POINT('',(0.168275,-0.0127,0.));
#6746=CARTESIAN_POINT('',(0.1651,0.0127,0.));
#6747=CARTESIAN_POINT('',(0.168275,0.0127,0.));
#6748=CARTESIAN_POINT('',(0.1651,0.0381,0.));
#6749=CARTESIAN_POINT('',(0.168275,0.0381,0.));
#6750=CARTESIAN_POINT('',(0.1651,0.0635,0.));
#6751=CARTESIAN_POINT('',(0.168275,0.0635,0.));
#6752=CARTESIAN_POINT('',(0.1651,0.0889,0.));
#6753=CARTESIAN_POINT('',(0.168275,0.0889,0.));
#6754=CARTESIAN_POINT('',(0.1651,0.1143,0.));
#6755=CARTESIAN_POINT('',(0.168275,0.1143,0.));
#6756=CARTESIAN_POINT('',(-0.1651,0.1397,0.));
#6757=CARTESIAN_POINT('',(-0.161925,0.1397,0.));
#6758=CARTESIAN_POINT('',(-0.1143,0.1651,0.));
#6759=CARTESIAN_POINT('',(-0.111125,0.1651,0.));
#6760=CARTESIAN_POINT('',(-0.0889,0.1397,0.));
#6761=CARTESIAN_POINT('',(-0.085725,0.1397,0.));
#6762=CARTESIAN_POINT('',(-0.0889,0.1651,0.));
#6763=CARTESIAN_POINT('',(-0.085725,0.1651,0.));
#6764=CARTESIAN_POINT('',(-0.0635,0.1397,0.));
#6765=CARTESIAN_POINT('',(-0.060325,0.1397,0.));
#6766=CARTESIAN_POINT('',(-0.1651,0.1651,0.));
#6767=CARTESIAN_POINT('',(-0.161925,0.1651,0.));
#6768=CARTESIAN_POINT('',(-0.1397,0.1397,0.));
#6769=CARTESIAN_POINT('',(-0.136525,0.1397,0.));
#6770=CARTESIAN_POINT('',(-0.1397,0.1651,0.));
#6771=CARTESIAN_POINT('',(-0.136525,0.1651,0.));
#6772=CARTESIAN_POINT('',(-0.1143,0.1397,0.));
#6773=CARTESIAN_POINT('',(-0.111125,0.1397,0.));
#6774=CARTESIAN_POINT('',(-0.1651,-0.1651,0.));
#6775=CARTESIAN_POINT('',(-0.161925,-0.1651,0.));
#6776=CARTESIAN_POINT('',(-0.161925,0.161925,0.));
#6777=CARTESIAN_POINT('',(0.161925,0.161925,0.));
#6778=CARTESIAN_POINT('',(0.161925,-0.161925,0.));
#6779=CARTESIAN_POINT('',(-0.161925,-0.161925,0.));
#6780=CARTESIAN_POINT('',(-0.161925,0.161925,0.00635));
#6781=CARTESIAN_POINT('',(0.161925,0.161925,0.00635));
#6782=CARTESIAN_POINT('',(0.161925,-0.161925,0.00635));
#6783=CARTESIAN_POINT('',(-0.161925,-0.161925,0.00635));
#6784=CARTESIAN_POINT('',(-0.1651,-0.1651,-2.00000000000027E-6));
#6785=CARTESIAN_POINT('',(-0.1143,0.1397,-2.00000000000027E-6));
#6786=CARTESIAN_POINT('',(-0.1397,0.1651,-2.00000000000027E-6));
#6787=CARTESIAN_POINT('',(-0.1397,0.1397,-2.00000000000027E-6));
#6788=CARTESIAN_POINT('',(-0.1651,0.1651,-2.00000000000027E-6));
#6789=CARTESIAN_POINT('',(-0.0635,0.1397,-2.00000000000027E-6));
#6790=CARTESIAN_POINT('',(-0.0889,0.1651,-2.00000000000027E-6));
#6791=CARTESIAN_POINT('',(-0.0889,0.1397,-2.00000000000027E-6));
#6792=CARTESIAN_POINT('',(-0.1143,0.1651,-2.00000000000027E-6));
#6793=CARTESIAN_POINT('',(-0.1651,0.1397,-2.00000000000027E-6));
#6794=CARTESIAN_POINT('',(0.1651,0.1143,-2.00000000000027E-6));
#6795=CARTESIAN_POINT('',(0.1651,0.0889,-2.00000000000027E-6));
#6796=CARTESIAN_POINT('',(0.1651,0.0635,-2.00000000000027E-6));
#6797=CARTESIAN_POINT('',(0.1651,0.0381,-2.00000000000027E-6));
#6798=CARTESIAN_POINT('',(0.1651,0.0127,-2.00000000000027E-6));
#6799=CARTESIAN_POINT('',(0.1651,-0.0127,-2.00000000000027E-6));
#6800=CARTESIAN_POINT('',(0.1651,-0.0381,-2.00000000000027E-6));
#6801=CARTESIAN_POINT('',(0.0889,0.1397,-2.00000000000027E-6));
#6802=CARTESIAN_POINT('',(0.0635,0.1651,-2.00000000000027E-6));
#6803=CARTESIAN_POINT('',(0.0635,0.1397,-2.00000000000027E-6));
#6804=CARTESIAN_POINT('',(0.0381,0.1651,-2.00000000000027E-6));
#6805=CARTESIAN_POINT('',(0.1397,0.1397,-2.00000000000027E-6));
#6806=CARTESIAN_POINT('',(0.1143,0.1651,-2.00000000000027E-6));
#6807=CARTESIAN_POINT('',(0.1143,0.1397,-2.00000000000027E-6));
#6808=CARTESIAN_POINT('',(0.0889,0.1651,-2.00000000000027E-6));
#6809=CARTESIAN_POINT('',(-0.0127,0.1397,-2.00000000000027E-6));
#6810=CARTESIAN_POINT('',(-0.0381,0.1651,-2.00000000000027E-6));
#6811=CARTESIAN_POINT('',(-0.0381,0.1397,-2.00000000000027E-6));
#6812=CARTESIAN_POINT('',(-0.0635,0.1651,-2.00000000000027E-6));
#6813=CARTESIAN_POINT('',(0.0381,0.1397,-2.00000000000027E-6));
#6814=CARTESIAN_POINT('',(0.0127,0.1651,-2.00000000000027E-6));
#6815=CARTESIAN_POINT('',(0.0127,0.1397,-2.00000000000027E-6));
#6816=CARTESIAN_POINT('',(-0.0127,0.1651,-2.00000000000027E-6));
#6817=CARTESIAN_POINT('',(0.1143,-0.0381,-2.00000000000027E-6));
#6818=CARTESIAN_POINT('',(0.1143,-0.0127,-2.00000000000027E-6));
#6819=CARTESIAN_POINT('',(0.1143,0.0127,-2.00000000000027E-6));
#6820=CARTESIAN_POINT('',(0.1143,0.0381,-2.00000000000027E-6));
#6821=CARTESIAN_POINT('',(0.1397,-0.1651,-2.00000000000027E-6));
#6822=CARTESIAN_POINT('',(0.1143,0.1143,-2.00000000000027E-6));
#6823=CARTESIAN_POINT('',(0.1143,0.0889,-2.00000000000027E-6));
#6824=CARTESIAN_POINT('',(0.1143,0.0635,-2.00000000000027E-6));
#6825=CARTESIAN_POINT('',(0.1143,-0.1651,-2.00000000000027E-6));
#6826=CARTESIAN_POINT('',(0.0889,0.1143,-2.00000000000027E-6));
#6827=CARTESIAN_POINT('',(0.0889,0.0889,-2.00000000000027E-6));
#6828=CARTESIAN_POINT('',(0.0889,0.0635,-2.00000000000027E-6));
#6829=CARTESIAN_POINT('',(0.1143,-0.1397,-2.00000000000027E-6));
#6830=CARTESIAN_POINT('',(0.1143,-0.1143,-2.00000000000027E-6));
#6831=CARTESIAN_POINT('',(0.1143,-0.0889,-2.00000000000027E-6));
#6832=CARTESIAN_POINT('',(0.1143,-0.0635,-2.00000000000027E-6));
#6833=CARTESIAN_POINT('',(0.1651,-0.1651,-2.00000000000027E-6));
#6834=CARTESIAN_POINT('',(0.1397,0.1143,-2.00000000000027E-6));
#6835=CARTESIAN_POINT('',(0.1397,0.0889,-2.00000000000027E-6));
#6836=CARTESIAN_POINT('',(0.1397,0.0635,-2.00000000000027E-6));
#6837=CARTESIAN_POINT('',(0.1651,-0.1397,-2.00000000000027E-6));
#6838=CARTESIAN_POINT('',(0.1651,-0.1143,-2.00000000000027E-6));
#6839=CARTESIAN_POINT('',(0.1651,-0.0889,-2.00000000000027E-6));
#6840=CARTESIAN_POINT('',(0.1651,-0.0635,-2.00000000000027E-6));
#6841=CARTESIAN_POINT('',(0.1397,0.0381,-2.00000000000027E-6));
#6842=CARTESIAN_POINT('',(0.1397,0.0127,-2.00000000000027E-6));
#6843=CARTESIAN_POINT('',(0.1397,-0.0127,-2.00000000000027E-6));
#6844=CARTESIAN_POINT('',(0.1397,-0.0381,-2.00000000000027E-6));
#6845=CARTESIAN_POINT('',(0.1397,-0.0635,-2.00000000000027E-6));
#6846=CARTESIAN_POINT('',(0.1397,-0.0889,-2.00000000000027E-6));
#6847=CARTESIAN_POINT('',(0.1397,-0.1143,-2.00000000000027E-6));
#6848=CARTESIAN_POINT('',(0.1397,-0.1397,-2.00000000000027E-6));
#6849=CARTESIAN_POINT('',(0.1651,0.1651,-2.00000000000027E-6));
#6850=CARTESIAN_POINT('',(0.1651,0.1397,-2.00000000000027E-6));
#6851=CARTESIAN_POINT('',(0.1397,0.1651,-2.00000000000027E-6));
#6852=CARTESIAN_POINT('',(-0.0889,-0.0381,-2.00000000000027E-6));
#6853=CARTESIAN_POINT('',(-0.0889,-0.0127,-2.00000000000027E-6));
#6854=CARTESIAN_POINT('',(-0.0889,0.0127,-2.00000000000027E-6));
#6855=CARTESIAN_POINT('',(-0.0889,0.0381,-2.00000000000027E-6));
#6856=CARTESIAN_POINT('',(-0.0635,-0.1651,-2.00000000000027E-6));
#6857=CARTESIAN_POINT('',(-0.0889,0.1143,-2.00000000000027E-6));
#6858=CARTESIAN_POINT('',(-0.0889,0.0889,-2.00000000000027E-6));
#6859=CARTESIAN_POINT('',(-0.0889,0.0635,-2.00000000000027E-6));
#6860=CARTESIAN_POINT('',(-0.0889,-0.1651,-2.00000000000027E-6));
#6861=CARTESIAN_POINT('',(-0.1143,0.1143,-2.00000000000027E-6));
#6862=CARTESIAN_POINT('',(-0.1143,0.0889,-2.00000000000027E-6));
#6863=CARTESIAN_POINT('',(-0.1143,0.0635,-2.00000000000027E-6));
#6864=CARTESIAN_POINT('',(-0.0889,-0.1397,-2.00000000000027E-6));
#6865=CARTESIAN_POINT('',(-0.0889,-0.1143,-2.00000000000027E-6));
#6866=CARTESIAN_POINT('',(-0.0889,-0.0889,-2.00000000000027E-6));
#6867=CARTESIAN_POINT('',(-0.0889,-0.0635,-2.00000000000027E-6));
#6868=CARTESIAN_POINT('',(-0.0381,-0.1651,-2.00000000000027E-6));
#6869=CARTESIAN_POINT('',(-0.0635,0.1143,-2.00000000000027E-6));
#6870=CARTESIAN_POINT('',(-0.0635,0.0889,-2.00000000000027E-6));
#6871=CARTESIAN_POINT('',(-0.0635,0.0635,-2.00000000000027E-6));
#6872=CARTESIAN_POINT('',(-0.0381,-0.1397,-2.00000000000027E-6));
#6873=CARTESIAN_POINT('',(-0.0381,-0.1143,-2.00000000000027E-6));
#6874=CARTESIAN_POINT('',(-0.0381,-0.0889,-2.00000000000027E-6));
#6875=CARTESIAN_POINT('',(-0.0381,-0.0635,-2.00000000000027E-6));
#6876=CARTESIAN_POINT('',(-0.0635,0.0381,-2.00000000000027E-6));
#6877=CARTESIAN_POINT('',(-0.0635,0.0127,-2.00000000000027E-6));
#6878=CARTESIAN_POINT('',(-0.0635,-0.0127,-2.00000000000027E-6));
#6879=CARTESIAN_POINT('',(-0.0635,-0.0381,-2.00000000000027E-6));
#6880=CARTESIAN_POINT('',(-0.0635,-0.0635,-2.00000000000027E-6));
#6881=CARTESIAN_POINT('',(-0.0635,-0.0889,-2.00000000000027E-6));
#6882=CARTESIAN_POINT('',(-0.0635,-0.1143,-2.00000000000027E-6));
#6883=CARTESIAN_POINT('',(-0.0635,-0.1397,-2.00000000000027E-6));
#6884=CARTESIAN_POINT('',(-0.1397,-0.1651,-2.00000000000027E-6));
#6885=CARTESIAN_POINT('',(-0.1651,0.1143,-2.00000000000027E-6));
#6886=CARTESIAN_POINT('',(-0.1651,0.0889,-2.00000000000027E-6));
#6887=CARTESIAN_POINT('',(-0.1651,0.0635,-2.00000000000027E-6));
#6888=CARTESIAN_POINT('',(-0.1397,-0.1397,-2.00000000000027E-6));
#6889=CARTESIAN_POINT('',(-0.1397,-0.1143,-2.00000000000027E-6));
#6890=CARTESIAN_POINT('',(-0.1397,-0.0889,-2.00000000000027E-6));
#6891=CARTESIAN_POINT('',(-0.1397,-0.0635,-2.00000000000027E-6));
#6892=CARTESIAN_POINT('',(-0.1651,0.0381,-2.00000000000027E-6));
#6893=CARTESIAN_POINT('',(-0.1651,0.0127,-2.00000000000027E-6));
#6894=CARTESIAN_POINT('',(-0.1651,-0.0127,-2.00000000000027E-6));
#6895=CARTESIAN_POINT('',(-0.1651,-0.0381,-2.00000000000027E-6));
#6896=CARTESIAN_POINT('',(-0.1651,-0.0635,-2.00000000000027E-6));
#6897=CARTESIAN_POINT('',(-0.1651,-0.0889,-2.00000000000027E-6));
#6898=CARTESIAN_POINT('',(-0.1651,-0.1143,-2.00000000000027E-6));
#6899=CARTESIAN_POINT('',(-0.1651,-0.1397,-2.00000000000027E-6));
#6900=CARTESIAN_POINT('',(-0.1143,0.0381,-2.00000000000027E-6));
#6901=CARTESIAN_POINT('',(-0.1143,0.0127,-2.00000000000027E-6));
#6902=CARTESIAN_POINT('',(-0.1143,-0.0127,-2.00000000000027E-6));
#6903=CARTESIAN_POINT('',(-0.1143,-0.0381,-2.00000000000027E-6));
#6904=CARTESIAN_POINT('',(-0.1143,-0.0635,-2.00000000000027E-6));
#6905=CARTESIAN_POINT('',(-0.1143,-0.0889,-2.00000000000027E-6));
#6906=CARTESIAN_POINT('',(-0.1143,-0.1143,-2.00000000000027E-6));
#6907=CARTESIAN_POINT('',(-0.1143,-0.1397,-2.00000000000027E-6));
#6908=CARTESIAN_POINT('',(-0.1397,-0.0381,-2.00000000000027E-6));
#6909=CARTESIAN_POINT('',(-0.1397,-0.0127,-2.00000000000027E-6));
#6910=CARTESIAN_POINT('',(-0.1397,0.0127,-2.00000000000027E-6));
#6911=CARTESIAN_POINT('',(-0.1397,0.0381,-2.00000000000027E-6));
#6912=CARTESIAN_POINT('',(-0.1143,-0.1651,-2.00000000000027E-6));
#6913=CARTESIAN_POINT('',(-0.1397,0.1143,-2.00000000000027E-6));
#6914=CARTESIAN_POINT('',(-0.1397,0.0889,-2.00000000000027E-6));
#6915=CARTESIAN_POINT('',(-0.1397,0.0635,-2.00000000000027E-6));
#6916=CARTESIAN_POINT('',(0.0635,-0.1651,-2.00000000000027E-6));
#6917=CARTESIAN_POINT('',(0.0381,0.1143,-2.00000000000027E-6));
#6918=CARTESIAN_POINT('',(0.0381,0.0889,-2.00000000000027E-6));
#6919=CARTESIAN_POINT('',(0.0381,0.0635,-2.00000000000027E-6));
#6920=CARTESIAN_POINT('',(0.0635,-0.1397,-2.00000000000027E-6));
#6921=CARTESIAN_POINT('',(0.0635,-0.1143,-2.00000000000027E-6));
#6922=CARTESIAN_POINT('',(0.0635,-0.0889,-2.00000000000027E-6));
#6923=CARTESIAN_POINT('',(0.0635,-0.0635,-2.00000000000027E-6));
#6924=CARTESIAN_POINT('',(0.0381,0.0381,-2.00000000000027E-6));
#6925=CARTESIAN_POINT('',(0.0381,0.0127,-2.00000000000027E-6));
#6926=CARTESIAN_POINT('',(0.0381,-0.0127,-2.00000000000027E-6));
#6927=CARTESIAN_POINT('',(0.0381,-0.0381,-2.00000000000027E-6));
#6928=CARTESIAN_POINT('',(0.0381,-0.0635,-2.00000000000027E-6));
#6929=CARTESIAN_POINT('',(0.0381,-0.0889,-2.00000000000027E-6));
#6930=CARTESIAN_POINT('',(0.0381,-0.1143,-2.00000000000027E-6));
#6931=CARTESIAN_POINT('',(0.0381,-0.1397,-2.00000000000027E-6));
#6932=CARTESIAN_POINT('',(0.0889,0.0381,-2.00000000000027E-6));
#6933=CARTESIAN_POINT('',(0.0889,0.0127,-2.00000000000027E-6));
#6934=CARTESIAN_POINT('',(0.0889,-0.0127,-2.00000000000027E-6));
#6935=CARTESIAN_POINT('',(0.0889,-0.0381,-2.00000000000027E-6));
#6936=CARTESIAN_POINT('',(0.0889,-0.0635,-2.00000000000027E-6));
#6937=CARTESIAN_POINT('',(0.0889,-0.0889,-2.00000000000027E-6));
#6938=CARTESIAN_POINT('',(0.0889,-0.1143,-2.00000000000027E-6));
#6939=CARTESIAN_POINT('',(0.0889,-0.1397,-2.00000000000027E-6));
#6940=CARTESIAN_POINT('',(0.0635,-0.0381,-2.00000000000027E-6));
#6941=CARTESIAN_POINT('',(0.0635,-0.0127,-2.00000000000027E-6));
#6942=CARTESIAN_POINT('',(0.0635,0.0127,-2.00000000000027E-6));
#6943=CARTESIAN_POINT('',(0.0635,0.0381,-2.00000000000027E-6));
#6944=CARTESIAN_POINT('',(0.0889,-0.1651,-2.00000000000027E-6));
#6945=CARTESIAN_POINT('',(0.0635,0.1143,-2.00000000000027E-6));
#6946=CARTESIAN_POINT('',(0.0635,0.0889,-2.00000000000027E-6));
#6947=CARTESIAN_POINT('',(0.0635,0.0635,-2.00000000000027E-6));
#6948=CARTESIAN_POINT('',(-0.0127,0.0381,-2.00000000000027E-6));
#6949=CARTESIAN_POINT('',(-0.0127,0.0127,-2.00000000000027E-6));
#6950=CARTESIAN_POINT('',(-0.0127,-0.0127,-2.00000000000027E-6));
#6951=CARTESIAN_POINT('',(-0.0127,-0.0381,-2.00000000000027E-6));
#6952=CARTESIAN_POINT('',(-0.0127,-0.0635,-2.00000000000027E-6));
#6953=CARTESIAN_POINT('',(-0.0127,-0.0889,-2.00000000000027E-6));
#6954=CARTESIAN_POINT('',(-0.0127,-0.1143,-2.00000000000027E-6));
#6955=CARTESIAN_POINT('',(-0.0127,-0.1397,-2.00000000000027E-6));
#6956=CARTESIAN_POINT('',(-0.0381,-0.0381,-2.00000000000027E-6));
#6957=CARTESIAN_POINT('',(-0.0381,-0.0127,-2.00000000000027E-6));
#6958=CARTESIAN_POINT('',(-0.0381,0.0127,-2.00000000000027E-6));
#6959=CARTESIAN_POINT('',(-0.0381,0.0381,-2.00000000000027E-6));
#6960=CARTESIAN_POINT('',(-0.0127,-0.1651,-2.00000000000027E-6));
#6961=CARTESIAN_POINT('',(-0.0381,0.1143,-2.00000000000027E-6));
#6962=CARTESIAN_POINT('',(-0.0381,0.0889,-2.00000000000027E-6));
#6963=CARTESIAN_POINT('',(-0.0381,0.0635,-2.00000000000027E-6));
#6964=CARTESIAN_POINT('',(0.0127,-0.0381,-2.00000000000027E-6));
#6965=CARTESIAN_POINT('',(0.0127,-0.0127,-2.00000000000027E-6));
#6966=CARTESIAN_POINT('',(0.0127,0.0127,-2.00000000000027E-6));
#6967=CARTESIAN_POINT('',(0.0127,0.0381,-2.00000000000027E-6));
#6968=CARTESIAN_POINT('',(0.0381,-0.1651,-2.00000000000027E-6));
#6969=CARTESIAN_POINT('',(0.0127,0.1143,-2.00000000000027E-6));
#6970=CARTESIAN_POINT('',(0.0127,0.0889,-2.00000000000027E-6));
#6971=CARTESIAN_POINT('',(0.0127,0.0635,-2.00000000000027E-6));
#6972=CARTESIAN_POINT('',(0.0127,-0.1651,-2.00000000000027E-6));
#6973=CARTESIAN_POINT('',(-0.0127,0.1143,-2.00000000000027E-6));
#6974=CARTESIAN_POINT('',(-0.0127,0.0889,-2.00000000000027E-6));
#6975=CARTESIAN_POINT('',(-0.0127,0.0635,-2.00000000000027E-6));
#6976=CARTESIAN_POINT('',(0.0127,-0.1397,-2.00000000000027E-6));
#6977=CARTESIAN_POINT('',(0.0127,-0.1143,-2.00000000000027E-6));
#6978=CARTESIAN_POINT('',(0.0127,-0.0889,-2.00000000000027E-6));
#6979=CARTESIAN_POINT('',(0.0127,-0.0635,-2.00000000000027E-6));
#6980=MECHANICAL_DESIGN_GEOMETRIC_PRESENTATION_REPRESENTATION('',(#4101),
#6981);
#6981=(
GEOMETRIC_REPRESENTATION_CONTEXT(3)
GLOBAL_UNCERTAINTY_ASSIGNED_CONTEXT((#6982))
GLOBAL_UNIT_ASSIGNED_CONTEXT((#6985,#6984,#6983))
REPRESENTATION_CONTEXT('Baseplate','TOP_LEVEL_ASSEMBLY_PART')
);
#6982=UNCERTAINTY_MEASURE_WITH_UNIT(LENGTH_MEASURE(1.E-8),#6985,
'DISTANCE_ACCURACY_VALUE','Maximum Tolerance applied to model');
#6983=(
NAMED_UNIT(*)
SI_UNIT($,.STERADIAN.)
SOLID_ANGLE_UNIT()
);
#6984=(
NAMED_UNIT(*)
PLANE_ANGLE_UNIT()
SI_UNIT($,.RADIAN.)
);
#6985=(
LENGTH_UNIT()
NAMED_UNIT(*)
SI_UNIT($,.METRE.)
);
#6986=PRODUCT_DEFINITION_SHAPE('','',#6987);
#6987=PRODUCT_DEFINITION('','',#6989,#6988);
#6988=PRODUCT_DEFINITION_CONTEXT('',#6995,'design');
#6989=PRODUCT_DEFINITION_FORMATION_WITH_SPECIFIED_SOURCE('','',#6991,
 .NOT_KNOWN.);
#6990=PRODUCT_RELATED_PRODUCT_CATEGORY('','',(#6991));
#6991=PRODUCT('Baseplate','Baseplate','Baseplate',(#6993));
#6992=PRODUCT_CATEGORY('','');
#6993=PRODUCT_CONTEXT('',#6995,'mechanical');
#6994=APPLICATION_PROTOCOL_DEFINITION('international standard',
'ap242_managed_model_based_3d_engineering',2020,#6995);
#6995=APPLICATION_CONTEXT('managed model based 3d engineering');
ENDSEC;
END-ISO-10303-21;
