ISO-10303-21;
HEADER;
/* Generated by software containing ST-Developer
 * from STEP Tools, Inc. (www.steptools.com) 
 */
/* OPTION: using custom renumber hook */

FILE_DESCRIPTION(
/* description */ ('STEP AP242 Edition 2',
'CAx-IF Rec.Pracs.---Representation and Presentation of Product Manufa
cturing Information (PMI)---4.0---2014-10-13',
'CAx-IF Rec.Pracs.---3D Tessellated Geometry---0.4---2014-09-14','2;1',
'CAx-IF Rec.Pracs.---User Defined Attributes---1.5---2016-08-15'),
/* implementation_level */ '2;1');

FILE_NAME(
/* name */ 'N-Metheus - Electronics Casing Inner Ring',
/* time_stamp */ '2026-01-30T20:52:39Z',
/* author */ (''),
/* organization */ (''),
/* preprocessor_version */ 'ST-DEVELOPER v20',
/* originating_system */ 'ONSHAPE BY PTC INC, 1.210',
/* authorisation */ '  ');

FILE_SCHEMA (('AP242_MANAGED_MODEL_BASED_3D_ENGINEERING_MIM_LF { 1 0 10303 442 3 1 4 }'));
ENDSEC;

DATA;
#10=SHAPE_REPRESENTATION_RELATIONSHIP('','',#1451,#11);
#11=ADVANCED_BREP_SHAPE_REPRESENTATION('',(#1449),#2591);
#12=TOROIDAL_SURFACE('',#1589,0.006,0.001);
#13=TOROIDAL_SURFACE('',#1591,0.006,0.001);
#14=TOROIDAL_SURFACE('',#1593,0.006,0.001);
#15=TOROIDAL_SURFACE('',#1595,0.006,0.001);
#16=TOROIDAL_SURFACE('',#1597,0.006,0.001);
#17=TOROIDAL_SURFACE('',#1599,0.006,0.001);
#18=TOROIDAL_SURFACE('',#1601,0.006,0.001);
#19=TOROIDAL_SURFACE('',#1603,0.006,0.001);
#20=TOROIDAL_SURFACE('',#1605,0.0264,0.001);
#21=(
BOUNDED_SURFACE()
B_SPLINE_SURFACE(3,2,((#2453,#2454,#2455),(#2456,#2457,#2458),(#2459,#2460,
#2461),(#2462,#2463,#2464),(#2465,#2466,#2467),(#2468,#2469,#2470),(#2471,
#2472,#2473),(#2474,#2475,#2476)),.UNSPECIFIED.,.F.,.F.,.F.)
B_SPLINE_SURFACE_WITH_KNOTS((4,1,1,1,1,4),(3,3),(3.46944695195361E-18,0.00196983089213638,
0.00393966178427276,0.00787932356854552,0.0118189853528183,0.015758647137091),
(0.,1.),.UNSPECIFIED.)
GEOMETRIC_REPRESENTATION_ITEM()
RATIONAL_B_SPLINE_SURFACE(((1.,0.707106781186548,1.),(1.,0.707106781186548,
1.),(1.,0.707106781186547,1.),(1.,0.707106781186548,1.),(1.,0.707106781186548,
1.),(1.,0.707106781186547,1.),(1.,0.707106781186548,1.),(1.,0.707106781186548,
1.)))
REPRESENTATION_ITEM('')
SURFACE()
);
#22=(
BOUNDED_SURFACE()
B_SPLINE_SURFACE(3,2,((#2479,#2480,#2481),(#2482,#2483,#2484),(#2485,#2486,
#2487),(#2488,#2489,#2490),(#2491,#2492,#2493),(#2494,#2495,#2496),(#2497,
#2498,#2499),(#2500,#2501,#2502)),.UNSPECIFIED.,.F.,.F.,.F.)
B_SPLINE_SURFACE_WITH_KNOTS((4,1,1,1,1,4),(3,3),(9.54097911787244E-18,0.0019698308921364,
0.00393966178427279,0.00787932356854557,0.0118189853528183,0.0157586471370911),
(0.,1.),.UNSPECIFIED.)
GEOMETRIC_REPRESENTATION_ITEM()
RATIONAL_B_SPLINE_SURFACE(((1.,0.707106781186548,1.),(1.,0.707106781186548,
1.),(1.,0.707106781186549,1.),(1.,0.707106781186546,1.),(1.,0.707106781186549,
1.),(1.,0.707106781186545,1.),(1.,0.707106781186548,1.),(1.,0.707106781186548,
1.)))
REPRESENTATION_ITEM('')
SURFACE()
);
#23=(
BOUNDED_SURFACE()
B_SPLINE_SURFACE(3,2,((#2505,#2506,#2507),(#2508,#2509,#2510),(#2511,#2512,
#2513),(#2514,#2515,#2516),(#2517,#2518,#2519),(#2520,#2521,#2522),(#2523,
#2524,#2525),(#2526,#2527,#2528)),.UNSPECIFIED.,.F.,.F.,.F.)
B_SPLINE_SURFACE_WITH_KNOTS((4,1,1,1,1,4),(3,3),(1.12757025938492E-17,0.00196983089213637,
0.00393966178427272,0.00787932356854544,0.0118189853528181,0.0157586471370909),
(0.,1.),.UNSPECIFIED.)
GEOMETRIC_REPRESENTATION_ITEM()
RATIONAL_B_SPLINE_SURFACE(((1.,0.707106781186548,1.),(1.,0.707106781186548,
1.),(1.,0.707106781186547,1.),(1.,0.707106781186548,1.),(1.,0.707106781186548,
1.),(1.,0.707106781186547,1.),(1.,0.707106781186549,1.),(1.,0.707106781186549,
1.)))
REPRESENTATION_ITEM('')
SURFACE()
);
#24=(
BOUNDED_SURFACE()
B_SPLINE_SURFACE(3,2,((#2531,#2532,#2533),(#2534,#2535,#2536),(#2537,#2538,
#2539),(#2540,#2541,#2542),(#2543,#2544,#2545),(#2546,#2547,#2548),(#2549,
#2550,#2551),(#2552,#2553,#2554)),.UNSPECIFIED.,.F.,.F.,.F.)
B_SPLINE_SURFACE_WITH_KNOTS((4,1,1,1,1,4),(3,3),(-6.93889390390723E-18,
0.00196983089213636,0.00393966178427272,0.00787932356854544,0.0118189853528182,
0.0157586471370909),(0.,1.),.UNSPECIFIED.)
GEOMETRIC_REPRESENTATION_ITEM()
RATIONAL_B_SPLINE_SURFACE(((1.,0.707106781186548,1.),(1.,0.707106781186548,
1.),(1.,0.707106781186546,1.),(1.,0.707106781186548,1.),(1.,0.707106781186547,
1.),(1.,0.707106781186548,1.),(1.,0.707106781186548,1.),(1.,0.707106781186548,
1.)))
REPRESENTATION_ITEM('')
SURFACE()
);
#25=CYLINDRICAL_SURFACE('',#1472,0.0274);
#26=CYLINDRICAL_SURFACE('',#1476,0.00604145188432737);
#27=CYLINDRICAL_SURFACE('',#1479,0.0274);
#28=CYLINDRICAL_SURFACE('',#1483,0.00604145188432743);
#29=CYLINDRICAL_SURFACE('',#1486,0.0274);
#30=CYLINDRICAL_SURFACE('',#1490,0.00604145188432735);
#31=CYLINDRICAL_SURFACE('',#1493,0.0274);
#32=CYLINDRICAL_SURFACE('',#1497,0.0021);
#33=CYLINDRICAL_SURFACE('',#1499,0.0021);
#34=CYLINDRICAL_SURFACE('',#1501,0.0021);
#35=CYLINDRICAL_SURFACE('',#1504,0.0254);
#36=CYLINDRICAL_SURFACE('',#1507,0.00604145188432739);
#37=CYLINDRICAL_SURFACE('',#1509,0.0021);
#38=CYLINDRICAL_SURFACE('',#1549,0.005);
#39=CYLINDRICAL_SURFACE('',#1551,0.005);
#40=CYLINDRICAL_SURFACE('',#1553,0.005);
#41=CYLINDRICAL_SURFACE('',#1555,0.005);
#42=CYLINDRICAL_SURFACE('',#1557,0.005);
#43=CYLINDRICAL_SURFACE('',#1559,0.005);
#44=CYLINDRICAL_SURFACE('',#1561,0.005);
#45=CYLINDRICAL_SURFACE('',#1563,0.005);
#46=CYLINDRICAL_SURFACE('',#1573,0.001);
#47=CYLINDRICAL_SURFACE('',#1575,0.001);
#48=CYLINDRICAL_SURFACE('',#1577,0.001);
#49=CYLINDRICAL_SURFACE('',#1579,0.001);
#50=CYLINDRICAL_SURFACE('',#1581,0.001);
#51=CYLINDRICAL_SURFACE('',#1583,0.001);
#52=CYLINDRICAL_SURFACE('',#1585,0.001);
#53=CYLINDRICAL_SURFACE('',#1587,0.001);
#54=B_SPLINE_CURVE_WITH_KNOTS('',3,(#2045,#2046,#2047,#2048,#2049,#2050,
#2051),.UNSPECIFIED.,.F.,.F.,(4,1,1,1,4),(4.9065389333868E-18,0.00399084984803347,
0.00798169969606694,0.0119725495441004,0.0159633993921339),
 .UNSPECIFIED.);
#55=B_SPLINE_CURVE_WITH_KNOTS('',3,(#2076,#2077,#2078,#2079,#2080,#2081,
#2082),.UNSPECIFIED.,.F.,.F.,(4,1,1,1,4),(3.68807269888147E-17,0.00399084984803353,
0.00798169969606703,0.0119725495441005,0.015963399392134),.UNSPECIFIED.);
#56=B_SPLINE_CURVE_WITH_KNOTS('',3,(#2107,#2108,#2109,#2110,#2111,#2112,
#2113),.UNSPECIFIED.,.F.,.F.,(4,1,1,1,4),(4.9065389333868E-18,0.00399084984803352,
0.00798169969606704,0.0119725495441006,0.0159633993921341),
 .UNSPECIFIED.);
#57=B_SPLINE_CURVE_WITH_KNOTS('',3,(#2204,#2205,#2206,#2207,#2208,#2209,
#2210),.UNSPECIFIED.,.F.,.F.,(4,1,1,1,4),(-5.99999999725561E-8,0.00472105937102589,
0.00944217874205175,0.0141632981130776,0.0188844174841035),
 .UNSPECIFIED.);
#58=B_SPLINE_CURVE_WITH_KNOTS('',3,(#2240,#2241,#2242,#2243,#2244,#2245,
#2246),.UNSPECIFIED.,.F.,.F.,(4,1,1,1,4),(-6.0000000006902E-8,0.0047210593710259,
0.00944217874205182,0.0141632981130777,0.0188844174841036),
 .UNSPECIFIED.);
#59=B_SPLINE_CURVE_WITH_KNOTS('',3,(#2276,#2277,#2278,#2279,#2280,#2281,
#2282),.UNSPECIFIED.,.F.,.F.,(4,1,1,1,4),(-6.00000000069017E-8,0.00472105937102591,
0.00944217874205182,0.0141632981130777,0.0188844174841036),
 .UNSPECIFIED.);
#60=B_SPLINE_CURVE_WITH_KNOTS('',3,(#2325,#2326,#2327,#2328,#2329,#2330,
#2331),.UNSPECIFIED.,.F.,.F.,(4,1,1,1,4),(-6.00000000044487E-8,0.00472105937102585,
0.0094421787420517,0.0141632981130776,0.0188844174841034),.UNSPECIFIED.);
#61=B_SPLINE_CURVE_WITH_KNOTS('',3,(#2428,#2429,#2430,#2431,#2432,#2433,
#2434),.UNSPECIFIED.,.F.,.F.,(4,1,1,1,4),(7.75791922889773E-18,0.00399084984803348,
0.00798169969606695,0.0119725495441004,0.0159633993921339),
 .UNSPECIFIED.);
#62=LINE('',#2043,#182);
#63=LINE('',#2053,#183);
#64=LINE('',#2054,#184);
#65=LINE('',#2057,#185);
#66=LINE('',#2059,#186);
#67=LINE('',#2061,#187);
#68=LINE('',#2063,#188);
#69=LINE('',#2065,#189);
#70=LINE('',#2074,#190);
#71=LINE('',#2084,#191);
#72=LINE('',#2085,#192);
#73=LINE('',#2088,#193);
#74=LINE('',#2090,#194);
#75=LINE('',#2092,#195);
#76=LINE('',#2094,#196);
#77=LINE('',#2096,#197);
#78=LINE('',#2105,#198);
#79=LINE('',#2115,#199);
#80=LINE('',#2116,#200);
#81=LINE('',#2119,#201);
#82=LINE('',#2121,#202);
#83=LINE('',#2123,#203);
#84=LINE('',#2125,#204);
#85=LINE('',#2127,#205);
#86=LINE('',#2129,#206);
#87=LINE('',#2132,#207);
#88=LINE('',#2134,#208);
#89=LINE('',#2136,#209);
#90=LINE('',#2138,#210);
#91=LINE('',#2140,#211);
#92=LINE('',#2144,#212);
#93=LINE('',#2147,#213);
#94=LINE('',#2149,#214);
#95=LINE('',#2151,#215);
#96=LINE('',#2153,#216);
#97=LINE('',#2155,#217);
#98=LINE('',#2159,#218);
#99=LINE('',#2162,#219);
#100=LINE('',#2164,#220);
#101=LINE('',#2166,#221);
#102=LINE('',#2168,#222);
#103=LINE('',#2170,#223);
#104=LINE('',#2174,#224);
#105=LINE('',#2177,#225);
#106=LINE('',#2179,#226);
#107=LINE('',#2181,#227);
#108=LINE('',#2183,#228);
#109=LINE('',#2188,#229);
#110=LINE('',#2192,#230);
#111=LINE('',#2195,#231);
#112=LINE('',#2197,#232);
#113=LINE('',#2199,#233);
#114=LINE('',#2201,#234);
#115=LINE('',#2213,#235);
#116=LINE('',#2216,#236);
#117=LINE('',#2217,#237);
#118=LINE('',#2219,#238);
#119=LINE('',#2224,#239);
#120=LINE('',#2228,#240);
#121=LINE('',#2231,#241);
#122=LINE('',#2233,#242);
#123=LINE('',#2235,#243);
#124=LINE('',#2237,#244);
#125=LINE('',#2249,#245);
#126=LINE('',#2252,#246);
#127=LINE('',#2253,#247);
#128=LINE('',#2255,#248);
#129=LINE('',#2260,#249);
#130=LINE('',#2264,#250);
#131=LINE('',#2267,#251);
#132=LINE('',#2269,#252);
#133=LINE('',#2271,#253);
#134=LINE('',#2273,#254);
#135=LINE('',#2285,#255);
#136=LINE('',#2288,#256);
#137=LINE('',#2289,#257);
#138=LINE('',#2291,#258);
#139=LINE('',#2296,#259);
#140=LINE('',#2300,#260);
#141=LINE('',#2303,#261);
#142=LINE('',#2305,#262);
#143=LINE('',#2307,#263);
#144=LINE('',#2337,#264);
#145=LINE('',#2340,#265);
#146=LINE('',#2342,#266);
#147=LINE('',#2344,#267);
#148=LINE('',#2346,#268);
#149=LINE('',#2348,#269);
#150=LINE('',#2359,#270);
#151=LINE('',#2360,#271);
#152=LINE('',#2362,#272);
#153=LINE('',#2364,#273);
#154=LINE('',#2366,#274);
#155=LINE('',#2368,#275);
#156=LINE('',#2370,#276);
#157=LINE('',#2371,#277);
#158=LINE('',#2373,#278);
#159=LINE('',#2375,#279);
#160=LINE('',#2377,#280);
#161=LINE('',#2379,#281);
#162=LINE('',#2381,#282);
#163=LINE('',#2382,#283);
#164=LINE('',#2384,#284);
#165=LINE('',#2386,#285);
#166=LINE('',#2388,#286);
#167=LINE('',#2390,#287);
#168=LINE('',#2392,#288);
#169=LINE('',#2394,#289);
#170=LINE('',#2396,#290);
#171=LINE('',#2398,#291);
#172=LINE('',#2400,#292);
#173=LINE('',#2402,#293);
#174=LINE('',#2404,#294);
#175=LINE('',#2406,#295);
#176=LINE('',#2408,#296);
#177=LINE('',#2410,#297);
#178=LINE('',#2412,#298);
#179=LINE('',#2416,#299);
#180=LINE('',#2426,#300);
#181=LINE('',#2436,#301);
#182=VECTOR('',#1616,1.);
#183=VECTOR('',#1617,1.);
#184=VECTOR('',#1618,1.);
#185=VECTOR('',#1619,1.);
#186=VECTOR('',#1620,1.);
#187=VECTOR('',#1621,1.);
#188=VECTOR('',#1622,1.);
#189=VECTOR('',#1623,1.);
#190=VECTOR('',#1632,1.);
#191=VECTOR('',#1633,1.);
#192=VECTOR('',#1634,1.);
#193=VECTOR('',#1635,1.);
#194=VECTOR('',#1636,1.);
#195=VECTOR('',#1637,1.);
#196=VECTOR('',#1638,1.);
#197=VECTOR('',#1639,1.);
#198=VECTOR('',#1648,1.);
#199=VECTOR('',#1649,1.);
#200=VECTOR('',#1650,1.);
#201=VECTOR('',#1651,1.);
#202=VECTOR('',#1652,1.);
#203=VECTOR('',#1653,1.);
#204=VECTOR('',#1654,1.);
#205=VECTOR('',#1655,1.);
#206=VECTOR('',#1658,1.);
#207=VECTOR('',#1659,1.);
#208=VECTOR('',#1660,1.);
#209=VECTOR('',#1661,1.);
#210=VECTOR('',#1662,1.);
#211=VECTOR('',#1663,1.);
#212=VECTOR('',#1668,1.);
#213=VECTOR('',#1669,1.);
#214=VECTOR('',#1670,1.);
#215=VECTOR('',#1671,1.);
#216=VECTOR('',#1672,1.);
#217=VECTOR('',#1673,1.);
#218=VECTOR('',#1678,1.);
#219=VECTOR('',#1679,1.);
#220=VECTOR('',#1680,1.);
#221=VECTOR('',#1681,1.);
#222=VECTOR('',#1682,1.);
#223=VECTOR('',#1683,1.);
#224=VECTOR('',#1688,1.);
#225=VECTOR('',#1689,1.);
#226=VECTOR('',#1690,1.);
#227=VECTOR('',#1691,1.);
#228=VECTOR('',#1694,1.);
#229=VECTOR('',#1697,1.);
#230=VECTOR('',#1702,1.);
#231=VECTOR('',#1703,1.);
#232=VECTOR('',#1704,1.);
#233=VECTOR('',#1705,1.);
#234=VECTOR('',#1708,1.);
#235=VECTOR('',#1713,1.);
#236=VECTOR('',#1714,1.);
#237=VECTOR('',#1715,1.);
#238=VECTOR('',#1718,1.);
#239=VECTOR('',#1721,1.);
#240=VECTOR('',#1726,1.);
#241=VECTOR('',#1727,1.);
#242=VECTOR('',#1728,1.);
#243=VECTOR('',#1729,1.);
#244=VECTOR('',#1732,1.);
#245=VECTOR('',#1737,1.);
#246=VECTOR('',#1738,1.);
#247=VECTOR('',#1739,1.);
#248=VECTOR('',#1742,1.);
#249=VECTOR('',#1745,1.);
#250=VECTOR('',#1750,1.);
#251=VECTOR('',#1751,1.);
#252=VECTOR('',#1752,1.);
#253=VECTOR('',#1753,1.);
#254=VECTOR('',#1756,1.);
#255=VECTOR('',#1761,1.);
#256=VECTOR('',#1762,1.);
#257=VECTOR('',#1763,1.);
#258=VECTOR('',#1766,1.);
#259=VECTOR('',#1769,1.);
#260=VECTOR('',#1774,1.);
#261=VECTOR('',#1775,1.);
#262=VECTOR('',#1776,1.);
#263=VECTOR('',#1777,1.);
#264=VECTOR('',#1808,1.);
#265=VECTOR('',#1809,1.);
#266=VECTOR('',#1810,1.);
#267=VECTOR('',#1811,1.);
#268=VECTOR('',#1812,1.);
#269=VECTOR('',#1813,1.);
#270=VECTOR('',#1834,1.);
#271=VECTOR('',#1835,1.);
#272=VECTOR('',#1838,1.);
#273=VECTOR('',#1841,1.);
#274=VECTOR('',#1844,1.);
#275=VECTOR('',#1847,1.);
#276=VECTOR('',#1850,1.);
#277=VECTOR('',#1851,1.);
#278=VECTOR('',#1854,1.);
#279=VECTOR('',#1857,1.);
#280=VECTOR('',#1860,1.);
#281=VECTOR('',#1863,1.);
#282=VECTOR('',#1866,1.);
#283=VECTOR('',#1867,1.);
#284=VECTOR('',#1870,1.);
#285=VECTOR('',#1873,1.);
#286=VECTOR('',#1876,1.);
#287=VECTOR('',#1879,1.);
#288=VECTOR('',#1882,1.);
#289=VECTOR('',#1883,1.);
#290=VECTOR('',#1884,1.);
#291=VECTOR('',#1887,1.);
#292=VECTOR('',#1888,1.);
#293=VECTOR('',#1891,1.);
#294=VECTOR('',#1892,1.);
#295=VECTOR('',#1895,1.);
#296=VECTOR('',#1896,1.);
#297=VECTOR('',#1899,1.);
#298=VECTOR('',#1900,1.);
#299=VECTOR('',#1907,1.);
#300=VECTOR('',#1918,1.);
#301=VECTOR('',#1919,1.);
#302=ORIENTED_EDGE('',*,*,#706,.T.);
#303=ORIENTED_EDGE('',*,*,#707,.T.);
#304=ORIENTED_EDGE('',*,*,#708,.T.);
#305=ORIENTED_EDGE('',*,*,#709,.T.);
#306=ORIENTED_EDGE('',*,*,#710,.T.);
#307=ORIENTED_EDGE('',*,*,#711,.T.);
#308=ORIENTED_EDGE('',*,*,#712,.F.);
#309=ORIENTED_EDGE('',*,*,#713,.F.);
#310=ORIENTED_EDGE('',*,*,#714,.F.);
#311=ORIENTED_EDGE('',*,*,#715,.F.);
#312=ORIENTED_EDGE('',*,*,#716,.F.);
#313=ORIENTED_EDGE('',*,*,#717,.F.);
#314=ORIENTED_EDGE('',*,*,#718,.T.);
#315=ORIENTED_EDGE('',*,*,#719,.T.);
#316=ORIENTED_EDGE('',*,*,#720,.T.);
#317=ORIENTED_EDGE('',*,*,#721,.T.);
#318=ORIENTED_EDGE('',*,*,#722,.T.);
#319=ORIENTED_EDGE('',*,*,#723,.T.);
#320=ORIENTED_EDGE('',*,*,#724,.F.);
#321=ORIENTED_EDGE('',*,*,#725,.F.);
#322=ORIENTED_EDGE('',*,*,#726,.F.);
#323=ORIENTED_EDGE('',*,*,#727,.F.);
#324=ORIENTED_EDGE('',*,*,#728,.F.);
#325=ORIENTED_EDGE('',*,*,#729,.F.);
#326=ORIENTED_EDGE('',*,*,#730,.T.);
#327=ORIENTED_EDGE('',*,*,#731,.T.);
#328=ORIENTED_EDGE('',*,*,#732,.T.);
#329=ORIENTED_EDGE('',*,*,#733,.T.);
#330=ORIENTED_EDGE('',*,*,#734,.T.);
#331=ORIENTED_EDGE('',*,*,#735,.T.);
#332=ORIENTED_EDGE('',*,*,#736,.F.);
#333=ORIENTED_EDGE('',*,*,#737,.F.);
#334=ORIENTED_EDGE('',*,*,#738,.F.);
#335=ORIENTED_EDGE('',*,*,#739,.F.);
#336=ORIENTED_EDGE('',*,*,#740,.F.);
#337=ORIENTED_EDGE('',*,*,#741,.F.);
#338=ORIENTED_EDGE('',*,*,#742,.T.);
#339=ORIENTED_EDGE('',*,*,#743,.T.);
#340=ORIENTED_EDGE('',*,*,#744,.T.);
#341=ORIENTED_EDGE('',*,*,#745,.T.);
#342=ORIENTED_EDGE('',*,*,#746,.T.);
#343=ORIENTED_EDGE('',*,*,#747,.T.);
#344=ORIENTED_EDGE('',*,*,#748,.F.);
#345=ORIENTED_EDGE('',*,*,#749,.T.);
#346=ORIENTED_EDGE('',*,*,#750,.T.);
#347=ORIENTED_EDGE('',*,*,#751,.T.);
#348=ORIENTED_EDGE('',*,*,#752,.T.);
#349=ORIENTED_EDGE('',*,*,#753,.T.);
#350=ORIENTED_EDGE('',*,*,#754,.T.);
#351=ORIENTED_EDGE('',*,*,#755,.F.);
#352=ORIENTED_EDGE('',*,*,#756,.T.);
#353=ORIENTED_EDGE('',*,*,#757,.T.);
#354=ORIENTED_EDGE('',*,*,#758,.T.);
#355=ORIENTED_EDGE('',*,*,#759,.T.);
#356=ORIENTED_EDGE('',*,*,#760,.T.);
#357=ORIENTED_EDGE('',*,*,#761,.T.);
#358=ORIENTED_EDGE('',*,*,#762,.F.);
#359=ORIENTED_EDGE('',*,*,#763,.T.);
#360=ORIENTED_EDGE('',*,*,#764,.T.);
#361=ORIENTED_EDGE('',*,*,#765,.T.);
#362=ORIENTED_EDGE('',*,*,#766,.F.);
#363=ORIENTED_EDGE('',*,*,#767,.T.);
#364=ORIENTED_EDGE('',*,*,#768,.T.);
#365=ORIENTED_EDGE('',*,*,#769,.T.);
#366=ORIENTED_EDGE('',*,*,#770,.T.);
#367=ORIENTED_EDGE('',*,*,#771,.F.);
#368=ORIENTED_EDGE('',*,*,#772,.T.);
#369=ORIENTED_EDGE('',*,*,#773,.T.);
#370=ORIENTED_EDGE('',*,*,#774,.T.);
#371=ORIENTED_EDGE('',*,*,#775,.F.);
#372=ORIENTED_EDGE('',*,*,#776,.T.);
#373=ORIENTED_EDGE('',*,*,#771,.T.);
#374=ORIENTED_EDGE('',*,*,#777,.T.);
#375=ORIENTED_EDGE('',*,*,#778,.T.);
#376=ORIENTED_EDGE('',*,*,#779,.T.);
#377=ORIENTED_EDGE('',*,*,#775,.T.);
#378=ORIENTED_EDGE('',*,*,#780,.F.);
#379=ORIENTED_EDGE('',*,*,#781,.T.);
#380=ORIENTED_EDGE('',*,*,#782,.T.);
#381=ORIENTED_EDGE('',*,*,#783,.T.);
#382=ORIENTED_EDGE('',*,*,#784,.T.);
#383=ORIENTED_EDGE('',*,*,#785,.F.);
#384=ORIENTED_EDGE('',*,*,#786,.T.);
#385=ORIENTED_EDGE('',*,*,#787,.T.);
#386=ORIENTED_EDGE('',*,*,#788,.T.);
#387=ORIENTED_EDGE('',*,*,#789,.F.);
#388=ORIENTED_EDGE('',*,*,#790,.T.);
#389=ORIENTED_EDGE('',*,*,#785,.T.);
#390=ORIENTED_EDGE('',*,*,#791,.T.);
#391=ORIENTED_EDGE('',*,*,#792,.T.);
#392=ORIENTED_EDGE('',*,*,#793,.T.);
#393=ORIENTED_EDGE('',*,*,#789,.T.);
#394=ORIENTED_EDGE('',*,*,#794,.F.);
#395=ORIENTED_EDGE('',*,*,#795,.T.);
#396=ORIENTED_EDGE('',*,*,#796,.T.);
#397=ORIENTED_EDGE('',*,*,#797,.T.);
#398=ORIENTED_EDGE('',*,*,#798,.T.);
#399=ORIENTED_EDGE('',*,*,#799,.F.);
#400=ORIENTED_EDGE('',*,*,#800,.T.);
#401=ORIENTED_EDGE('',*,*,#801,.T.);
#402=ORIENTED_EDGE('',*,*,#802,.T.);
#403=ORIENTED_EDGE('',*,*,#803,.F.);
#404=ORIENTED_EDGE('',*,*,#804,.T.);
#405=ORIENTED_EDGE('',*,*,#799,.T.);
#406=ORIENTED_EDGE('',*,*,#805,.T.);
#407=ORIENTED_EDGE('',*,*,#806,.T.);
#408=ORIENTED_EDGE('',*,*,#807,.T.);
#409=ORIENTED_EDGE('',*,*,#803,.T.);
#410=ORIENTED_EDGE('',*,*,#808,.F.);
#411=ORIENTED_EDGE('',*,*,#809,.T.);
#412=ORIENTED_EDGE('',*,*,#810,.T.);
#413=ORIENTED_EDGE('',*,*,#811,.T.);
#414=ORIENTED_EDGE('',*,*,#812,.T.);
#415=ORIENTED_EDGE('',*,*,#813,.F.);
#416=ORIENTED_EDGE('',*,*,#814,.T.);
#417=ORIENTED_EDGE('',*,*,#815,.T.);
#418=ORIENTED_EDGE('',*,*,#816,.T.);
#419=ORIENTED_EDGE('',*,*,#762,.T.);
#420=ORIENTED_EDGE('',*,*,#817,.F.);
#421=ORIENTED_EDGE('',*,*,#755,.T.);
#422=ORIENTED_EDGE('',*,*,#818,.F.);
#423=ORIENTED_EDGE('',*,*,#819,.T.);
#424=ORIENTED_EDGE('',*,*,#820,.F.);
#425=ORIENTED_EDGE('',*,*,#821,.T.);
#426=ORIENTED_EDGE('',*,*,#822,.F.);
#427=ORIENTED_EDGE('',*,*,#765,.F.);
#428=ORIENTED_EDGE('',*,*,#823,.T.);
#429=ORIENTED_EDGE('',*,*,#813,.T.);
#430=ORIENTED_EDGE('',*,*,#824,.T.);
#431=ORIENTED_EDGE('',*,*,#748,.T.);
#432=ORIENTED_EDGE('',*,*,#825,.F.);
#433=ORIENTED_EDGE('',*,*,#826,.T.);
#434=ORIENTED_EDGE('',*,*,#827,.T.);
#435=ORIENTED_EDGE('',*,*,#828,.T.);
#436=ORIENTED_EDGE('',*,*,#829,.T.);
#437=ORIENTED_EDGE('',*,*,#830,.T.);
#438=ORIENTED_EDGE('',*,*,#831,.T.);
#439=ORIENTED_EDGE('',*,*,#819,.F.);
#440=ORIENTED_EDGE('',*,*,#770,.F.);
#441=ORIENTED_EDGE('',*,*,#832,.T.);
#442=ORIENTED_EDGE('',*,*,#766,.T.);
#443=ORIENTED_EDGE('',*,*,#824,.F.);
#444=ORIENTED_EDGE('',*,*,#816,.F.);
#445=ORIENTED_EDGE('',*,*,#833,.T.);
#446=ORIENTED_EDGE('',*,*,#812,.F.);
#447=ORIENTED_EDGE('',*,*,#834,.T.);
#448=ORIENTED_EDGE('',*,*,#808,.T.);
#449=ORIENTED_EDGE('',*,*,#805,.F.);
#450=ORIENTED_EDGE('',*,*,#802,.F.);
#451=ORIENTED_EDGE('',*,*,#835,.T.);
#452=ORIENTED_EDGE('',*,*,#798,.F.);
#453=ORIENTED_EDGE('',*,*,#836,.T.);
#454=ORIENTED_EDGE('',*,*,#794,.T.);
#455=ORIENTED_EDGE('',*,*,#791,.F.);
#456=ORIENTED_EDGE('',*,*,#788,.F.);
#457=ORIENTED_EDGE('',*,*,#837,.T.);
#458=ORIENTED_EDGE('',*,*,#784,.F.);
#459=ORIENTED_EDGE('',*,*,#838,.T.);
#460=ORIENTED_EDGE('',*,*,#780,.T.);
#461=ORIENTED_EDGE('',*,*,#777,.F.);
#462=ORIENTED_EDGE('',*,*,#774,.F.);
#463=ORIENTED_EDGE('',*,*,#839,.T.);
#464=ORIENTED_EDGE('',*,*,#822,.T.);
#465=ORIENTED_EDGE('',*,*,#820,.T.);
#466=ORIENTED_EDGE('',*,*,#818,.T.);
#467=ORIENTED_EDGE('',*,*,#817,.T.);
#468=ORIENTED_EDGE('',*,*,#825,.T.);
#469=ORIENTED_EDGE('',*,*,#826,.F.);
#470=ORIENTED_EDGE('',*,*,#840,.F.);
#471=ORIENTED_EDGE('',*,*,#724,.T.);
#472=ORIENTED_EDGE('',*,*,#841,.T.);
#473=ORIENTED_EDGE('',*,*,#831,.F.);
#474=ORIENTED_EDGE('',*,*,#842,.F.);
#475=ORIENTED_EDGE('',*,*,#725,.T.);
#476=ORIENTED_EDGE('',*,*,#840,.T.);
#477=ORIENTED_EDGE('',*,*,#830,.F.);
#478=ORIENTED_EDGE('',*,*,#843,.F.);
#479=ORIENTED_EDGE('',*,*,#726,.T.);
#480=ORIENTED_EDGE('',*,*,#842,.T.);
#481=ORIENTED_EDGE('',*,*,#829,.F.);
#482=ORIENTED_EDGE('',*,*,#844,.F.);
#483=ORIENTED_EDGE('',*,*,#727,.T.);
#484=ORIENTED_EDGE('',*,*,#843,.T.);
#485=ORIENTED_EDGE('',*,*,#828,.F.);
#486=ORIENTED_EDGE('',*,*,#845,.F.);
#487=ORIENTED_EDGE('',*,*,#728,.T.);
#488=ORIENTED_EDGE('',*,*,#844,.T.);
#489=ORIENTED_EDGE('',*,*,#742,.F.);
#490=ORIENTED_EDGE('',*,*,#846,.F.);
#491=ORIENTED_EDGE('',*,*,#712,.T.);
#492=ORIENTED_EDGE('',*,*,#847,.T.);
#493=ORIENTED_EDGE('',*,*,#747,.F.);
#494=ORIENTED_EDGE('',*,*,#848,.F.);
#495=ORIENTED_EDGE('',*,*,#713,.T.);
#496=ORIENTED_EDGE('',*,*,#846,.T.);
#497=ORIENTED_EDGE('',*,*,#746,.F.);
#498=ORIENTED_EDGE('',*,*,#849,.F.);
#499=ORIENTED_EDGE('',*,*,#714,.T.);
#500=ORIENTED_EDGE('',*,*,#848,.T.);
#501=ORIENTED_EDGE('',*,*,#745,.F.);
#502=ORIENTED_EDGE('',*,*,#850,.F.);
#503=ORIENTED_EDGE('',*,*,#715,.T.);
#504=ORIENTED_EDGE('',*,*,#849,.T.);
#505=ORIENTED_EDGE('',*,*,#744,.F.);
#506=ORIENTED_EDGE('',*,*,#851,.F.);
#507=ORIENTED_EDGE('',*,*,#716,.T.);
#508=ORIENTED_EDGE('',*,*,#850,.T.);
#509=ORIENTED_EDGE('',*,*,#749,.F.);
#510=ORIENTED_EDGE('',*,*,#852,.F.);
#511=ORIENTED_EDGE('',*,*,#736,.T.);
#512=ORIENTED_EDGE('',*,*,#853,.T.);
#513=ORIENTED_EDGE('',*,*,#754,.F.);
#514=ORIENTED_EDGE('',*,*,#854,.F.);
#515=ORIENTED_EDGE('',*,*,#737,.T.);
#516=ORIENTED_EDGE('',*,*,#852,.T.);
#517=ORIENTED_EDGE('',*,*,#753,.F.);
#518=ORIENTED_EDGE('',*,*,#855,.F.);
#519=ORIENTED_EDGE('',*,*,#738,.T.);
#520=ORIENTED_EDGE('',*,*,#854,.T.);
#521=ORIENTED_EDGE('',*,*,#752,.F.);
#522=ORIENTED_EDGE('',*,*,#856,.F.);
#523=ORIENTED_EDGE('',*,*,#739,.T.);
#524=ORIENTED_EDGE('',*,*,#855,.T.);
#525=ORIENTED_EDGE('',*,*,#751,.F.);
#526=ORIENTED_EDGE('',*,*,#857,.F.);
#527=ORIENTED_EDGE('',*,*,#740,.T.);
#528=ORIENTED_EDGE('',*,*,#856,.T.);
#529=ORIENTED_EDGE('',*,*,#756,.F.);
#530=ORIENTED_EDGE('',*,*,#858,.F.);
#531=ORIENTED_EDGE('',*,*,#859,.T.);
#532=ORIENTED_EDGE('',*,*,#860,.T.);
#533=ORIENTED_EDGE('',*,*,#761,.F.);
#534=ORIENTED_EDGE('',*,*,#861,.F.);
#535=ORIENTED_EDGE('',*,*,#862,.T.);
#536=ORIENTED_EDGE('',*,*,#858,.T.);
#537=ORIENTED_EDGE('',*,*,#760,.F.);
#538=ORIENTED_EDGE('',*,*,#863,.F.);
#539=ORIENTED_EDGE('',*,*,#864,.T.);
#540=ORIENTED_EDGE('',*,*,#861,.T.);
#541=ORIENTED_EDGE('',*,*,#759,.F.);
#542=ORIENTED_EDGE('',*,*,#865,.F.);
#543=ORIENTED_EDGE('',*,*,#866,.T.);
#544=ORIENTED_EDGE('',*,*,#863,.T.);
#545=ORIENTED_EDGE('',*,*,#758,.F.);
#546=ORIENTED_EDGE('',*,*,#867,.F.);
#547=ORIENTED_EDGE('',*,*,#868,.T.);
#548=ORIENTED_EDGE('',*,*,#865,.T.);
#549=ORIENTED_EDGE('',*,*,#743,.F.);
#550=ORIENTED_EDGE('',*,*,#847,.F.);
#551=ORIENTED_EDGE('',*,*,#717,.T.);
#552=ORIENTED_EDGE('',*,*,#851,.T.);
#553=ORIENTED_EDGE('',*,*,#750,.F.);
#554=ORIENTED_EDGE('',*,*,#853,.F.);
#555=ORIENTED_EDGE('',*,*,#741,.T.);
#556=ORIENTED_EDGE('',*,*,#857,.T.);
#557=ORIENTED_EDGE('',*,*,#757,.F.);
#558=ORIENTED_EDGE('',*,*,#860,.F.);
#559=ORIENTED_EDGE('',*,*,#869,.T.);
#560=ORIENTED_EDGE('',*,*,#867,.T.);
#561=ORIENTED_EDGE('',*,*,#827,.F.);
#562=ORIENTED_EDGE('',*,*,#841,.F.);
#563=ORIENTED_EDGE('',*,*,#729,.T.);
#564=ORIENTED_EDGE('',*,*,#845,.T.);
#565=ORIENTED_EDGE('',*,*,#870,.T.);
#566=ORIENTED_EDGE('',*,*,#871,.T.);
#567=ORIENTED_EDGE('',*,*,#872,.T.);
#568=ORIENTED_EDGE('',*,*,#873,.T.);
#569=ORIENTED_EDGE('',*,*,#874,.T.);
#570=ORIENTED_EDGE('',*,*,#875,.T.);
#571=ORIENTED_EDGE('',*,*,#859,.F.);
#572=ORIENTED_EDGE('',*,*,#862,.F.);
#573=ORIENTED_EDGE('',*,*,#864,.F.);
#574=ORIENTED_EDGE('',*,*,#866,.F.);
#575=ORIENTED_EDGE('',*,*,#868,.F.);
#576=ORIENTED_EDGE('',*,*,#869,.F.);
#577=ORIENTED_EDGE('',*,*,#787,.F.);
#578=ORIENTED_EDGE('',*,*,#876,.T.);
#579=ORIENTED_EDGE('',*,*,#781,.F.);
#580=ORIENTED_EDGE('',*,*,#837,.F.);
#581=ORIENTED_EDGE('',*,*,#783,.F.);
#582=ORIENTED_EDGE('',*,*,#877,.T.);
#583=ORIENTED_EDGE('',*,*,#778,.F.);
#584=ORIENTED_EDGE('',*,*,#838,.F.);
#585=ORIENTED_EDGE('',*,*,#773,.F.);
#586=ORIENTED_EDGE('',*,*,#878,.T.);
#587=ORIENTED_EDGE('',*,*,#767,.F.);
#588=ORIENTED_EDGE('',*,*,#839,.F.);
#589=ORIENTED_EDGE('',*,*,#769,.F.);
#590=ORIENTED_EDGE('',*,*,#879,.T.);
#591=ORIENTED_EDGE('',*,*,#763,.F.);
#592=ORIENTED_EDGE('',*,*,#832,.F.);
#593=ORIENTED_EDGE('',*,*,#815,.F.);
#594=ORIENTED_EDGE('',*,*,#880,.T.);
#595=ORIENTED_EDGE('',*,*,#809,.F.);
#596=ORIENTED_EDGE('',*,*,#833,.F.);
#597=ORIENTED_EDGE('',*,*,#811,.F.);
#598=ORIENTED_EDGE('',*,*,#881,.T.);
#599=ORIENTED_EDGE('',*,*,#806,.F.);
#600=ORIENTED_EDGE('',*,*,#834,.F.);
#601=ORIENTED_EDGE('',*,*,#801,.F.);
#602=ORIENTED_EDGE('',*,*,#882,.T.);
#603=ORIENTED_EDGE('',*,*,#795,.F.);
#604=ORIENTED_EDGE('',*,*,#835,.F.);
#605=ORIENTED_EDGE('',*,*,#797,.F.);
#606=ORIENTED_EDGE('',*,*,#883,.T.);
#607=ORIENTED_EDGE('',*,*,#792,.F.);
#608=ORIENTED_EDGE('',*,*,#836,.F.);
#609=ORIENTED_EDGE('',*,*,#884,.F.);
#610=ORIENTED_EDGE('',*,*,#804,.F.);
#611=ORIENTED_EDGE('',*,*,#885,.F.);
#612=ORIENTED_EDGE('',*,*,#722,.F.);
#613=ORIENTED_EDGE('',*,*,#886,.F.);
#614=ORIENTED_EDGE('',*,*,#790,.F.);
#615=ORIENTED_EDGE('',*,*,#887,.F.);
#616=ORIENTED_EDGE('',*,*,#734,.F.);
#617=ORIENTED_EDGE('',*,*,#888,.F.);
#618=ORIENTED_EDGE('',*,*,#776,.F.);
#619=ORIENTED_EDGE('',*,*,#889,.F.);
#620=ORIENTED_EDGE('',*,*,#874,.F.);
#621=ORIENTED_EDGE('',*,*,#890,.F.);
#622=ORIENTED_EDGE('',*,*,#710,.F.);
#623=ORIENTED_EDGE('',*,*,#891,.F.);
#624=ORIENTED_EDGE('',*,*,#823,.F.);
#625=ORIENTED_EDGE('',*,*,#891,.T.);
#626=ORIENTED_EDGE('',*,*,#709,.F.);
#627=ORIENTED_EDGE('',*,*,#892,.F.);
#628=ORIENTED_EDGE('',*,*,#814,.F.);
#629=ORIENTED_EDGE('',*,*,#885,.T.);
#630=ORIENTED_EDGE('',*,*,#807,.F.);
#631=ORIENTED_EDGE('',*,*,#893,.F.);
#632=ORIENTED_EDGE('',*,*,#723,.F.);
#633=ORIENTED_EDGE('',*,*,#884,.T.);
#634=ORIENTED_EDGE('',*,*,#721,.F.);
#635=ORIENTED_EDGE('',*,*,#894,.F.);
#636=ORIENTED_EDGE('',*,*,#800,.F.);
#637=ORIENTED_EDGE('',*,*,#887,.T.);
#638=ORIENTED_EDGE('',*,*,#793,.F.);
#639=ORIENTED_EDGE('',*,*,#895,.F.);
#640=ORIENTED_EDGE('',*,*,#735,.F.);
#641=ORIENTED_EDGE('',*,*,#886,.T.);
#642=ORIENTED_EDGE('',*,*,#733,.F.);
#643=ORIENTED_EDGE('',*,*,#896,.F.);
#644=ORIENTED_EDGE('',*,*,#786,.F.);
#645=ORIENTED_EDGE('',*,*,#889,.T.);
#646=ORIENTED_EDGE('',*,*,#779,.F.);
#647=ORIENTED_EDGE('',*,*,#897,.F.);
#648=ORIENTED_EDGE('',*,*,#875,.F.);
#649=ORIENTED_EDGE('',*,*,#888,.T.);
#650=ORIENTED_EDGE('',*,*,#873,.F.);
#651=ORIENTED_EDGE('',*,*,#898,.F.);
#652=ORIENTED_EDGE('',*,*,#772,.F.);
#653=ORIENTED_EDGE('',*,*,#890,.T.);
#654=ORIENTED_EDGE('',*,*,#764,.F.);
#655=ORIENTED_EDGE('',*,*,#899,.F.);
#656=ORIENTED_EDGE('',*,*,#711,.F.);
#657=ORIENTED_EDGE('',*,*,#892,.T.);
#658=ORIENTED_EDGE('',*,*,#708,.F.);
#659=ORIENTED_EDGE('',*,*,#900,.F.);
#660=ORIENTED_EDGE('',*,*,#880,.F.);
#661=ORIENTED_EDGE('',*,*,#893,.T.);
#662=ORIENTED_EDGE('',*,*,#881,.F.);
#663=ORIENTED_EDGE('',*,*,#901,.F.);
#664=ORIENTED_EDGE('',*,*,#718,.F.);
#665=ORIENTED_EDGE('',*,*,#894,.T.);
#666=ORIENTED_EDGE('',*,*,#720,.F.);
#667=ORIENTED_EDGE('',*,*,#902,.F.);
#668=ORIENTED_EDGE('',*,*,#882,.F.);
#669=ORIENTED_EDGE('',*,*,#895,.T.);
#670=ORIENTED_EDGE('',*,*,#883,.F.);
#671=ORIENTED_EDGE('',*,*,#903,.F.);
#672=ORIENTED_EDGE('',*,*,#730,.F.);
#673=ORIENTED_EDGE('',*,*,#896,.T.);
#674=ORIENTED_EDGE('',*,*,#732,.F.);
#675=ORIENTED_EDGE('',*,*,#904,.F.);
#676=ORIENTED_EDGE('',*,*,#876,.F.);
#677=ORIENTED_EDGE('',*,*,#897,.T.);
#678=ORIENTED_EDGE('',*,*,#877,.F.);
#679=ORIENTED_EDGE('',*,*,#905,.F.);
#680=ORIENTED_EDGE('',*,*,#870,.F.);
#681=ORIENTED_EDGE('',*,*,#898,.T.);
#682=ORIENTED_EDGE('',*,*,#872,.F.);
#683=ORIENTED_EDGE('',*,*,#906,.F.);
#684=ORIENTED_EDGE('',*,*,#878,.F.);
#685=ORIENTED_EDGE('',*,*,#899,.T.);
#686=ORIENTED_EDGE('',*,*,#879,.F.);
#687=ORIENTED_EDGE('',*,*,#907,.F.);
#688=ORIENTED_EDGE('',*,*,#706,.F.);
#689=ORIENTED_EDGE('',*,*,#810,.F.);
#690=ORIENTED_EDGE('',*,*,#900,.T.);
#691=ORIENTED_EDGE('',*,*,#707,.F.);
#692=ORIENTED_EDGE('',*,*,#907,.T.);
#693=ORIENTED_EDGE('',*,*,#768,.F.);
#694=ORIENTED_EDGE('',*,*,#906,.T.);
#695=ORIENTED_EDGE('',*,*,#871,.F.);
#696=ORIENTED_EDGE('',*,*,#905,.T.);
#697=ORIENTED_EDGE('',*,*,#782,.F.);
#698=ORIENTED_EDGE('',*,*,#904,.T.);
#699=ORIENTED_EDGE('',*,*,#731,.F.);
#700=ORIENTED_EDGE('',*,*,#903,.T.);
#701=ORIENTED_EDGE('',*,*,#796,.F.);
#702=ORIENTED_EDGE('',*,*,#902,.T.);
#703=ORIENTED_EDGE('',*,*,#719,.F.);
#704=ORIENTED_EDGE('',*,*,#901,.T.);
#705=ORIENTED_EDGE('',*,*,#821,.F.);
#706=EDGE_CURVE('',#908,#909,#1038,.F.);
#707=EDGE_CURVE('',#909,#910,#1039,.F.);
#708=EDGE_CURVE('',#910,#911,#1040,.F.);
#709=EDGE_CURVE('',#911,#912,#62,.T.);
#710=EDGE_CURVE('',#912,#913,#54,.T.);
#711=EDGE_CURVE('',#913,#908,#63,.F.);
#712=EDGE_CURVE('',#914,#915,#64,.T.);
#713=EDGE_CURVE('',#916,#914,#65,.T.);
#714=EDGE_CURVE('',#917,#916,#66,.T.);
#715=EDGE_CURVE('',#918,#917,#67,.T.);
#716=EDGE_CURVE('',#919,#918,#68,.T.);
#717=EDGE_CURVE('',#915,#919,#69,.T.);
#718=EDGE_CURVE('',#920,#921,#1041,.F.);
#719=EDGE_CURVE('',#921,#922,#1042,.F.);
#720=EDGE_CURVE('',#922,#923,#1043,.F.);
#721=EDGE_CURVE('',#923,#924,#70,.T.);
#722=EDGE_CURVE('',#924,#925,#55,.T.);
#723=EDGE_CURVE('',#925,#920,#71,.F.);
#724=EDGE_CURVE('',#926,#927,#72,.T.);
#725=EDGE_CURVE('',#928,#926,#73,.T.);
#726=EDGE_CURVE('',#929,#928,#74,.T.);
#727=EDGE_CURVE('',#930,#929,#75,.T.);
#728=EDGE_CURVE('',#931,#930,#76,.T.);
#729=EDGE_CURVE('',#927,#931,#77,.T.);
#730=EDGE_CURVE('',#932,#933,#1044,.F.);
#731=EDGE_CURVE('',#933,#934,#1045,.F.);
#732=EDGE_CURVE('',#934,#935,#1046,.F.);
#733=EDGE_CURVE('',#935,#936,#78,.T.);
#734=EDGE_CURVE('',#936,#937,#56,.T.);
#735=EDGE_CURVE('',#937,#932,#79,.F.);
#736=EDGE_CURVE('',#938,#939,#80,.T.);
#737=EDGE_CURVE('',#940,#938,#81,.T.);
#738=EDGE_CURVE('',#941,#940,#82,.T.);
#739=EDGE_CURVE('',#942,#941,#83,.T.);
#740=EDGE_CURVE('',#943,#942,#84,.T.);
#741=EDGE_CURVE('',#939,#943,#85,.T.);
#742=EDGE_CURVE('',#944,#945,#86,.T.);
#743=EDGE_CURVE('',#945,#946,#87,.T.);
#744=EDGE_CURVE('',#946,#947,#88,.T.);
#745=EDGE_CURVE('',#947,#948,#89,.T.);
#746=EDGE_CURVE('',#948,#949,#90,.T.);
#747=EDGE_CURVE('',#949,#944,#91,.T.);
#748=EDGE_CURVE('',#950,#950,#1047,.T.);
#749=EDGE_CURVE('',#951,#952,#92,.T.);
#750=EDGE_CURVE('',#952,#953,#93,.T.);
#751=EDGE_CURVE('',#953,#954,#94,.T.);
#752=EDGE_CURVE('',#954,#955,#95,.T.);
#753=EDGE_CURVE('',#955,#956,#96,.T.);
#754=EDGE_CURVE('',#956,#951,#97,.T.);
#755=EDGE_CURVE('',#957,#957,#1048,.T.);
#756=EDGE_CURVE('',#958,#959,#98,.T.);
#757=EDGE_CURVE('',#959,#960,#99,.T.);
#758=EDGE_CURVE('',#960,#961,#100,.T.);
#759=EDGE_CURVE('',#961,#962,#101,.T.);
#760=EDGE_CURVE('',#962,#963,#102,.T.);
#761=EDGE_CURVE('',#963,#958,#103,.T.);
#762=EDGE_CURVE('',#964,#964,#1049,.T.);
#763=EDGE_CURVE('',#965,#966,#104,.F.);
#764=EDGE_CURVE('',#966,#967,#105,.T.);
#765=EDGE_CURVE('',#967,#968,#106,.T.);
#766=EDGE_CURVE('',#965,#968,#107,.T.);
#767=EDGE_CURVE('',#969,#970,#108,.F.);
#768=EDGE_CURVE('',#970,#971,#1050,.F.);
#769=EDGE_CURVE('',#971,#972,#109,.T.);
#770=EDGE_CURVE('',#972,#969,#1051,.T.);
#771=EDGE_CURVE('',#973,#974,#110,.T.);
#772=EDGE_CURVE('',#973,#975,#111,.F.);
#773=EDGE_CURVE('',#975,#976,#112,.F.);
#774=EDGE_CURVE('',#976,#974,#113,.T.);
#775=EDGE_CURVE('',#977,#978,#114,.T.);
#776=EDGE_CURVE('',#977,#973,#57,.T.);
#777=EDGE_CURVE('',#974,#978,#1052,.T.);
#778=EDGE_CURVE('',#979,#980,#115,.F.);
#779=EDGE_CURVE('',#980,#977,#116,.T.);
#780=EDGE_CURVE('',#979,#978,#117,.T.);
#781=EDGE_CURVE('',#981,#982,#118,.F.);
#782=EDGE_CURVE('',#982,#983,#1053,.F.);
#783=EDGE_CURVE('',#983,#984,#119,.T.);
#784=EDGE_CURVE('',#984,#981,#1054,.T.);
#785=EDGE_CURVE('',#985,#986,#120,.T.);
#786=EDGE_CURVE('',#985,#987,#121,.F.);
#787=EDGE_CURVE('',#987,#988,#122,.F.);
#788=EDGE_CURVE('',#988,#986,#123,.T.);
#789=EDGE_CURVE('',#989,#990,#124,.T.);
#790=EDGE_CURVE('',#989,#985,#58,.T.);
#791=EDGE_CURVE('',#986,#990,#1055,.T.);
#792=EDGE_CURVE('',#991,#992,#125,.F.);
#793=EDGE_CURVE('',#992,#989,#126,.T.);
#794=EDGE_CURVE('',#991,#990,#127,.T.);
#795=EDGE_CURVE('',#993,#994,#128,.F.);
#796=EDGE_CURVE('',#994,#995,#1056,.F.);
#797=EDGE_CURVE('',#995,#996,#129,.T.);
#798=EDGE_CURVE('',#996,#993,#1057,.T.);
#799=EDGE_CURVE('',#997,#998,#130,.T.);
#800=EDGE_CURVE('',#997,#999,#131,.F.);
#801=EDGE_CURVE('',#999,#1000,#132,.F.);
#802=EDGE_CURVE('',#1000,#998,#133,.T.);
#803=EDGE_CURVE('',#1001,#1002,#134,.T.);
#804=EDGE_CURVE('',#1001,#997,#59,.T.);
#805=EDGE_CURVE('',#998,#1002,#1058,.T.);
#806=EDGE_CURVE('',#1003,#1004,#135,.F.);
#807=EDGE_CURVE('',#1004,#1001,#136,.T.);
#808=EDGE_CURVE('',#1003,#1002,#137,.T.);
#809=EDGE_CURVE('',#1005,#1006,#138,.F.);
#810=EDGE_CURVE('',#1006,#1007,#1059,.F.);
#811=EDGE_CURVE('',#1007,#1008,#139,.T.);
#812=EDGE_CURVE('',#1008,#1005,#1060,.T.);
#813=EDGE_CURVE('',#1009,#1010,#140,.T.);
#814=EDGE_CURVE('',#1009,#1011,#141,.F.);
#815=EDGE_CURVE('',#1011,#1012,#142,.F.);
#816=EDGE_CURVE('',#1012,#1010,#143,.T.);
#817=EDGE_CURVE('',#1013,#1013,#1061,.T.);
#818=EDGE_CURVE('',#1014,#1014,#1062,.T.);
#819=EDGE_CURVE('',#1015,#1015,#1063,.T.);
#820=EDGE_CURVE('',#1016,#1016,#1064,.T.);
#821=EDGE_CURVE('',#1017,#1017,#1065,.T.);
#822=EDGE_CURVE('',#1018,#1018,#1066,.T.);
#823=EDGE_CURVE('',#967,#1009,#60,.T.);
#824=EDGE_CURVE('',#1010,#968,#1067,.T.);
#825=EDGE_CURVE('',#1019,#1019,#1068,.T.);
#826=EDGE_CURVE('',#1020,#1021,#144,.T.);
#827=EDGE_CURVE('',#1021,#1022,#145,.T.);
#828=EDGE_CURVE('',#1022,#1023,#146,.T.);
#829=EDGE_CURVE('',#1023,#1024,#147,.T.);
#830=EDGE_CURVE('',#1024,#1025,#148,.T.);
#831=EDGE_CURVE('',#1025,#1020,#149,.T.);
#832=EDGE_CURVE('',#972,#965,#1069,.T.);
#833=EDGE_CURVE('',#1012,#1005,#1070,.T.);
#834=EDGE_CURVE('',#1008,#1003,#1071,.T.);
#835=EDGE_CURVE('',#1000,#993,#1072,.T.);
#836=EDGE_CURVE('',#996,#991,#1073,.T.);
#837=EDGE_CURVE('',#988,#981,#1074,.T.);
#838=EDGE_CURVE('',#984,#979,#1075,.T.);
#839=EDGE_CURVE('',#976,#969,#1076,.T.);
#840=EDGE_CURVE('',#926,#1020,#150,.T.);
#841=EDGE_CURVE('',#927,#1021,#151,.T.);
#842=EDGE_CURVE('',#928,#1025,#152,.T.);
#843=EDGE_CURVE('',#929,#1024,#153,.T.);
#844=EDGE_CURVE('',#930,#1023,#154,.T.);
#845=EDGE_CURVE('',#931,#1022,#155,.T.);
#846=EDGE_CURVE('',#914,#944,#156,.T.);
#847=EDGE_CURVE('',#915,#945,#157,.T.);
#848=EDGE_CURVE('',#916,#949,#158,.T.);
#849=EDGE_CURVE('',#917,#948,#159,.T.);
#850=EDGE_CURVE('',#918,#947,#160,.T.);
#851=EDGE_CURVE('',#919,#946,#161,.T.);
#852=EDGE_CURVE('',#938,#951,#162,.T.);
#853=EDGE_CURVE('',#939,#952,#163,.T.);
#854=EDGE_CURVE('',#940,#956,#164,.T.);
#855=EDGE_CURVE('',#941,#955,#165,.T.);
#856=EDGE_CURVE('',#942,#954,#166,.T.);
#857=EDGE_CURVE('',#943,#953,#167,.T.);
#858=EDGE_CURVE('',#1026,#958,#168,.T.);
#859=EDGE_CURVE('',#1026,#1027,#169,.T.);
#860=EDGE_CURVE('',#1027,#959,#170,.T.);
#861=EDGE_CURVE('',#1028,#963,#171,.T.);
#862=EDGE_CURVE('',#1028,#1026,#172,.T.);
#863=EDGE_CURVE('',#1029,#962,#173,.T.);
#864=EDGE_CURVE('',#1029,#1028,#174,.T.);
#865=EDGE_CURVE('',#1030,#961,#175,.T.);
#866=EDGE_CURVE('',#1030,#1029,#176,.T.);
#867=EDGE_CURVE('',#1031,#960,#177,.T.);
#868=EDGE_CURVE('',#1031,#1030,#178,.T.);
#869=EDGE_CURVE('',#1027,#1031,#179,.T.);
#870=EDGE_CURVE('',#1032,#1033,#1077,.F.);
#871=EDGE_CURVE('',#1033,#1034,#1078,.F.);
#872=EDGE_CURVE('',#1034,#1035,#1079,.F.);
#873=EDGE_CURVE('',#1035,#1036,#180,.T.);
#874=EDGE_CURVE('',#1036,#1037,#61,.T.);
#875=EDGE_CURVE('',#1037,#1032,#181,.F.);
#876=EDGE_CURVE('',#987,#982,#1080,.T.);
#877=EDGE_CURVE('',#983,#980,#1081,.T.);
#878=EDGE_CURVE('',#975,#970,#1082,.T.);
#879=EDGE_CURVE('',#971,#966,#1083,.T.);
#880=EDGE_CURVE('',#1011,#1006,#1084,.T.);
#881=EDGE_CURVE('',#1007,#1004,#1085,.T.);
#882=EDGE_CURVE('',#999,#994,#1086,.T.);
#883=EDGE_CURVE('',#995,#992,#1087,.T.);
#884=EDGE_CURVE('',#997,#924,#1088,.T.);
#885=EDGE_CURVE('',#925,#1001,#1089,.T.);
#886=EDGE_CURVE('',#985,#936,#1090,.T.);
#887=EDGE_CURVE('',#937,#989,#1091,.T.);
#888=EDGE_CURVE('',#973,#1036,#1092,.T.);
#889=EDGE_CURVE('',#1037,#977,#1093,.T.);
#890=EDGE_CURVE('',#913,#967,#1094,.T.);
#891=EDGE_CURVE('',#1009,#912,#1095,.T.);
#892=EDGE_CURVE('',#1011,#911,#1096,.T.);
#893=EDGE_CURVE('',#920,#1004,#1097,.T.);
#894=EDGE_CURVE('',#999,#923,#1098,.T.);
#895=EDGE_CURVE('',#932,#992,#1099,.T.);
#896=EDGE_CURVE('',#987,#935,#1100,.T.);
#897=EDGE_CURVE('',#1032,#980,#1101,.T.);
#898=EDGE_CURVE('',#975,#1035,#1102,.T.);
#899=EDGE_CURVE('',#908,#966,#1103,.T.);
#900=EDGE_CURVE('',#1006,#910,#1104,.T.);
#901=EDGE_CURVE('',#921,#1007,#1105,.T.);
#902=EDGE_CURVE('',#994,#922,#1106,.T.);
#903=EDGE_CURVE('',#933,#995,#1107,.T.);
#904=EDGE_CURVE('',#982,#934,#1108,.T.);
#905=EDGE_CURVE('',#1033,#983,#1109,.T.);
#906=EDGE_CURVE('',#970,#1034,#1110,.T.);
#907=EDGE_CURVE('',#909,#971,#1111,.T.);
#908=VERTEX_POINT('',#2037);
#909=VERTEX_POINT('',#2038);
#910=VERTEX_POINT('',#2040);
#911=VERTEX_POINT('',#2042);
#912=VERTEX_POINT('',#2044);
#913=VERTEX_POINT('',#2052);
#914=VERTEX_POINT('',#2055);
#915=VERTEX_POINT('',#2056);
#916=VERTEX_POINT('',#2058);
#917=VERTEX_POINT('',#2060);
#918=VERTEX_POINT('',#2062);
#919=VERTEX_POINT('',#2064);
#920=VERTEX_POINT('',#2068);
#921=VERTEX_POINT('',#2069);
#922=VERTEX_POINT('',#2071);
#923=VERTEX_POINT('',#2073);
#924=VERTEX_POINT('',#2075);
#925=VERTEX_POINT('',#2083);
#926=VERTEX_POINT('',#2086);
#927=VERTEX_POINT('',#2087);
#928=VERTEX_POINT('',#2089);
#929=VERTEX_POINT('',#2091);
#930=VERTEX_POINT('',#2093);
#931=VERTEX_POINT('',#2095);
#932=VERTEX_POINT('',#2099);
#933=VERTEX_POINT('',#2100);
#934=VERTEX_POINT('',#2102);
#935=VERTEX_POINT('',#2104);
#936=VERTEX_POINT('',#2106);
#937=VERTEX_POINT('',#2114);
#938=VERTEX_POINT('',#2117);
#939=VERTEX_POINT('',#2118);
#940=VERTEX_POINT('',#2120);
#941=VERTEX_POINT('',#2122);
#942=VERTEX_POINT('',#2124);
#943=VERTEX_POINT('',#2126);
#944=VERTEX_POINT('',#2130);
#945=VERTEX_POINT('',#2131);
#946=VERTEX_POINT('',#2133);
#947=VERTEX_POINT('',#2135);
#948=VERTEX_POINT('',#2137);
#949=VERTEX_POINT('',#2139);
#950=VERTEX_POINT('',#2142);
#951=VERTEX_POINT('',#2145);
#952=VERTEX_POINT('',#2146);
#953=VERTEX_POINT('',#2148);
#954=VERTEX_POINT('',#2150);
#955=VERTEX_POINT('',#2152);
#956=VERTEX_POINT('',#2154);
#957=VERTEX_POINT('',#2157);
#958=VERTEX_POINT('',#2160);
#959=VERTEX_POINT('',#2161);
#960=VERTEX_POINT('',#2163);
#961=VERTEX_POINT('',#2165);
#962=VERTEX_POINT('',#2167);
#963=VERTEX_POINT('',#2169);
#964=VERTEX_POINT('',#2172);
#965=VERTEX_POINT('',#2175);
#966=VERTEX_POINT('',#2176);
#967=VERTEX_POINT('',#2178);
#968=VERTEX_POINT('',#2180);
#969=VERTEX_POINT('',#2184);
#970=VERTEX_POINT('',#2185);
#971=VERTEX_POINT('',#2187);
#972=VERTEX_POINT('',#2189);
#973=VERTEX_POINT('',#2193);
#974=VERTEX_POINT('',#2194);
#975=VERTEX_POINT('',#2196);
#976=VERTEX_POINT('',#2198);
#977=VERTEX_POINT('',#2202);
#978=VERTEX_POINT('',#2203);
#979=VERTEX_POINT('',#2214);
#980=VERTEX_POINT('',#2215);
#981=VERTEX_POINT('',#2220);
#982=VERTEX_POINT('',#2221);
#983=VERTEX_POINT('',#2223);
#984=VERTEX_POINT('',#2225);
#985=VERTEX_POINT('',#2229);
#986=VERTEX_POINT('',#2230);
#987=VERTEX_POINT('',#2232);
#988=VERTEX_POINT('',#2234);
#989=VERTEX_POINT('',#2238);
#990=VERTEX_POINT('',#2239);
#991=VERTEX_POINT('',#2250);
#992=VERTEX_POINT('',#2251);
#993=VERTEX_POINT('',#2256);
#994=VERTEX_POINT('',#2257);
#995=VERTEX_POINT('',#2259);
#996=VERTEX_POINT('',#2261);
#997=VERTEX_POINT('',#2265);
#998=VERTEX_POINT('',#2266);
#999=VERTEX_POINT('',#2268);
#1000=VERTEX_POINT('',#2270);
#1001=VERTEX_POINT('',#2274);
#1002=VERTEX_POINT('',#2275);
#1003=VERTEX_POINT('',#2286);
#1004=VERTEX_POINT('',#2287);
#1005=VERTEX_POINT('',#2292);
#1006=VERTEX_POINT('',#2293);
#1007=VERTEX_POINT('',#2295);
#1008=VERTEX_POINT('',#2297);
#1009=VERTEX_POINT('',#2301);
#1010=VERTEX_POINT('',#2302);
#1011=VERTEX_POINT('',#2304);
#1012=VERTEX_POINT('',#2306);
#1013=VERTEX_POINT('',#2310);
#1014=VERTEX_POINT('',#2313);
#1015=VERTEX_POINT('',#2316);
#1016=VERTEX_POINT('',#2318);
#1017=VERTEX_POINT('',#2321);
#1018=VERTEX_POINT('',#2323);
#1019=VERTEX_POINT('',#2335);
#1020=VERTEX_POINT('',#2338);
#1021=VERTEX_POINT('',#2339);
#1022=VERTEX_POINT('',#2341);
#1023=VERTEX_POINT('',#2343);
#1024=VERTEX_POINT('',#2345);
#1025=VERTEX_POINT('',#2347);
#1026=VERTEX_POINT('',#2393);
#1027=VERTEX_POINT('',#2395);
#1028=VERTEX_POINT('',#2399);
#1029=VERTEX_POINT('',#2403);
#1030=VERTEX_POINT('',#2407);
#1031=VERTEX_POINT('',#2411);
#1032=VERTEX_POINT('',#2420);
#1033=VERTEX_POINT('',#2421);
#1034=VERTEX_POINT('',#2423);
#1035=VERTEX_POINT('',#2425);
#1036=VERTEX_POINT('',#2427);
#1037=VERTEX_POINT('',#2435);
#1038=CIRCLE('',#1454,0.006);
#1039=CIRCLE('',#1455,0.0264);
#1040=CIRCLE('',#1456,0.006);
#1041=CIRCLE('',#1458,0.006);
#1042=CIRCLE('',#1459,0.0264);
#1043=CIRCLE('',#1460,0.006);
#1044=CIRCLE('',#1462,0.006);
#1045=CIRCLE('',#1463,0.0264);
#1046=CIRCLE('',#1464,0.006);
#1047=CIRCLE('',#1466,0.0021);
#1048=CIRCLE('',#1468,0.0021);
#1049=CIRCLE('',#1470,0.0021);
#1050=CIRCLE('',#1473,0.0274);
#1051=CIRCLE('',#1474,0.0274);
#1052=CIRCLE('',#1477,0.00604145188432737);
#1053=CIRCLE('',#1480,0.0274);
#1054=CIRCLE('',#1481,0.0274);
#1055=CIRCLE('',#1484,0.00604145188432742);
#1056=CIRCLE('',#1487,0.0274);
#1057=CIRCLE('',#1488,0.0274);
#1058=CIRCLE('',#1491,0.00604145188432735);
#1059=CIRCLE('',#1494,0.0274);
#1060=CIRCLE('',#1495,0.0274);
#1061=CIRCLE('',#1498,0.0021);
#1062=CIRCLE('',#1500,0.0021);
#1063=CIRCLE('',#1502,0.0021);
#1064=CIRCLE('',#1503,0.0021);
#1065=CIRCLE('',#1505,0.0254);
#1066=CIRCLE('',#1506,0.0254);
#1067=CIRCLE('',#1508,0.00604145188432739);
#1068=CIRCLE('',#1510,0.0021);
#1069=CIRCLE('',#1513,0.005);
#1070=CIRCLE('',#1514,0.005);
#1071=CIRCLE('',#1515,0.005);
#1072=CIRCLE('',#1516,0.005);
#1073=CIRCLE('',#1517,0.005);
#1074=CIRCLE('',#1518,0.005);
#1075=CIRCLE('',#1519,0.005);
#1076=CIRCLE('',#1520,0.005);
#1077=CIRCLE('',#1546,0.006);
#1078=CIRCLE('',#1547,0.0264);
#1079=CIRCLE('',#1548,0.006);
#1080=CIRCLE('',#1550,0.005);
#1081=CIRCLE('',#1552,0.005);
#1082=CIRCLE('',#1554,0.005);
#1083=CIRCLE('',#1556,0.005);
#1084=CIRCLE('',#1558,0.005);
#1085=CIRCLE('',#1560,0.005);
#1086=CIRCLE('',#1562,0.005);
#1087=CIRCLE('',#1564,0.005);
#1088=CIRCLE('',#1565,0.001);
#1089=CIRCLE('',#1566,0.001);
#1090=CIRCLE('',#1567,0.001);
#1091=CIRCLE('',#1568,0.001);
#1092=CIRCLE('',#1569,0.001);
#1093=CIRCLE('',#1570,0.001);
#1094=CIRCLE('',#1571,0.001);
#1095=CIRCLE('',#1572,0.001);
#1096=CIRCLE('',#1574,0.001);
#1097=CIRCLE('',#1576,0.001);
#1098=CIRCLE('',#1578,0.001);
#1099=CIRCLE('',#1580,0.001);
#1100=CIRCLE('',#1582,0.001);
#1101=CIRCLE('',#1584,0.001);
#1102=CIRCLE('',#1586,0.001);
#1103=CIRCLE('',#1588,0.001);
#1104=CIRCLE('',#1590,0.001);
#1105=CIRCLE('',#1592,0.001);
#1106=CIRCLE('',#1594,0.001);
#1107=CIRCLE('',#1596,0.001);
#1108=CIRCLE('',#1598,0.001);
#1109=CIRCLE('',#1600,0.001);
#1110=CIRCLE('',#1602,0.001);
#1111=CIRCLE('',#1604,0.001);
#1112=EDGE_LOOP('',(#302,#303,#304,#305,#306,#307));
#1113=EDGE_LOOP('',(#308,#309,#310,#311,#312,#313));
#1114=EDGE_LOOP('',(#314,#315,#316,#317,#318,#319));
#1115=EDGE_LOOP('',(#320,#321,#322,#323,#324,#325));
#1116=EDGE_LOOP('',(#326,#327,#328,#329,#330,#331));
#1117=EDGE_LOOP('',(#332,#333,#334,#335,#336,#337));
#1118=EDGE_LOOP('',(#338,#339,#340,#341,#342,#343));
#1119=EDGE_LOOP('',(#344));
#1120=EDGE_LOOP('',(#345,#346,#347,#348,#349,#350));
#1121=EDGE_LOOP('',(#351));
#1122=EDGE_LOOP('',(#352,#353,#354,#355,#356,#357));
#1123=EDGE_LOOP('',(#358));
#1124=EDGE_LOOP('',(#359,#360,#361,#362));
#1125=EDGE_LOOP('',(#363,#364,#365,#366));
#1126=EDGE_LOOP('',(#367,#368,#369,#370));
#1127=EDGE_LOOP('',(#371,#372,#373,#374));
#1128=EDGE_LOOP('',(#375,#376,#377,#378));
#1129=EDGE_LOOP('',(#379,#380,#381,#382));
#1130=EDGE_LOOP('',(#383,#384,#385,#386));
#1131=EDGE_LOOP('',(#387,#388,#389,#390));
#1132=EDGE_LOOP('',(#391,#392,#393,#394));
#1133=EDGE_LOOP('',(#395,#396,#397,#398));
#1134=EDGE_LOOP('',(#399,#400,#401,#402));
#1135=EDGE_LOOP('',(#403,#404,#405,#406));
#1136=EDGE_LOOP('',(#407,#408,#409,#410));
#1137=EDGE_LOOP('',(#411,#412,#413,#414));
#1138=EDGE_LOOP('',(#415,#416,#417,#418));
#1139=EDGE_LOOP('',(#419));
#1140=EDGE_LOOP('',(#420));
#1141=EDGE_LOOP('',(#421));
#1142=EDGE_LOOP('',(#422));
#1143=EDGE_LOOP('',(#423));
#1144=EDGE_LOOP('',(#424));
#1145=EDGE_LOOP('',(#425));
#1146=EDGE_LOOP('',(#426));
#1147=EDGE_LOOP('',(#427,#428,#429,#430));
#1148=EDGE_LOOP('',(#431));
#1149=EDGE_LOOP('',(#432));
#1150=EDGE_LOOP('',(#433,#434,#435,#436,#437,#438));
#1151=EDGE_LOOP('',(#439));
#1152=EDGE_LOOP('',(#440,#441,#442,#443,#444,#445,#446,#447,#448,#449,#450,
#451,#452,#453,#454,#455,#456,#457,#458,#459,#460,#461,#462,#463));
#1153=EDGE_LOOP('',(#464));
#1154=EDGE_LOOP('',(#465));
#1155=EDGE_LOOP('',(#466));
#1156=EDGE_LOOP('',(#467));
#1157=EDGE_LOOP('',(#468));
#1158=EDGE_LOOP('',(#469,#470,#471,#472));
#1159=EDGE_LOOP('',(#473,#474,#475,#476));
#1160=EDGE_LOOP('',(#477,#478,#479,#480));
#1161=EDGE_LOOP('',(#481,#482,#483,#484));
#1162=EDGE_LOOP('',(#485,#486,#487,#488));
#1163=EDGE_LOOP('',(#489,#490,#491,#492));
#1164=EDGE_LOOP('',(#493,#494,#495,#496));
#1165=EDGE_LOOP('',(#497,#498,#499,#500));
#1166=EDGE_LOOP('',(#501,#502,#503,#504));
#1167=EDGE_LOOP('',(#505,#506,#507,#508));
#1168=EDGE_LOOP('',(#509,#510,#511,#512));
#1169=EDGE_LOOP('',(#513,#514,#515,#516));
#1170=EDGE_LOOP('',(#517,#518,#519,#520));
#1171=EDGE_LOOP('',(#521,#522,#523,#524));
#1172=EDGE_LOOP('',(#525,#526,#527,#528));
#1173=EDGE_LOOP('',(#529,#530,#531,#532));
#1174=EDGE_LOOP('',(#533,#534,#535,#536));
#1175=EDGE_LOOP('',(#537,#538,#539,#540));
#1176=EDGE_LOOP('',(#541,#542,#543,#544));
#1177=EDGE_LOOP('',(#545,#546,#547,#548));
#1178=EDGE_LOOP('',(#549,#550,#551,#552));
#1179=EDGE_LOOP('',(#553,#554,#555,#556));
#1180=EDGE_LOOP('',(#557,#558,#559,#560));
#1181=EDGE_LOOP('',(#561,#562,#563,#564));
#1182=EDGE_LOOP('',(#565,#566,#567,#568,#569,#570));
#1183=EDGE_LOOP('',(#571,#572,#573,#574,#575,#576));
#1184=EDGE_LOOP('',(#577,#578,#579,#580));
#1185=EDGE_LOOP('',(#581,#582,#583,#584));
#1186=EDGE_LOOP('',(#585,#586,#587,#588));
#1187=EDGE_LOOP('',(#589,#590,#591,#592));
#1188=EDGE_LOOP('',(#593,#594,#595,#596));
#1189=EDGE_LOOP('',(#597,#598,#599,#600));
#1190=EDGE_LOOP('',(#601,#602,#603,#604));
#1191=EDGE_LOOP('',(#605,#606,#607,#608));
#1192=EDGE_LOOP('',(#609,#610,#611,#612));
#1193=EDGE_LOOP('',(#613,#614,#615,#616));
#1194=EDGE_LOOP('',(#617,#618,#619,#620));
#1195=EDGE_LOOP('',(#621,#622,#623,#624));
#1196=EDGE_LOOP('',(#625,#626,#627,#628));
#1197=EDGE_LOOP('',(#629,#630,#631,#632));
#1198=EDGE_LOOP('',(#633,#634,#635,#636));
#1199=EDGE_LOOP('',(#637,#638,#639,#640));
#1200=EDGE_LOOP('',(#641,#642,#643,#644));
#1201=EDGE_LOOP('',(#645,#646,#647,#648));
#1202=EDGE_LOOP('',(#649,#650,#651,#652));
#1203=EDGE_LOOP('',(#653,#654,#655,#656));
#1204=EDGE_LOOP('',(#657,#658,#659,#660));
#1205=EDGE_LOOP('',(#661,#662,#663,#664));
#1206=EDGE_LOOP('',(#665,#666,#667,#668));
#1207=EDGE_LOOP('',(#669,#670,#671,#672));
#1208=EDGE_LOOP('',(#673,#674,#675,#676));
#1209=EDGE_LOOP('',(#677,#678,#679,#680));
#1210=EDGE_LOOP('',(#681,#682,#683,#684));
#1211=EDGE_LOOP('',(#685,#686,#687,#688));
#1212=EDGE_LOOP('',(#689,#690,#691,#692,#693,#694,#695,#696,#697,#698,#699,
#700,#701,#702,#703,#704));
#1213=EDGE_LOOP('',(#705));
#1214=FACE_BOUND('',#1112,.T.);
#1215=FACE_BOUND('',#1113,.T.);
#1216=FACE_BOUND('',#1114,.T.);
#1217=FACE_BOUND('',#1115,.T.);
#1218=FACE_BOUND('',#1116,.T.);
#1219=FACE_BOUND('',#1117,.T.);
#1220=FACE_BOUND('',#1118,.T.);
#1221=FACE_BOUND('',#1119,.T.);
#1222=FACE_BOUND('',#1120,.T.);
#1223=FACE_BOUND('',#1121,.T.);
#1224=FACE_BOUND('',#1122,.T.);
#1225=FACE_BOUND('',#1123,.T.);
#1226=FACE_BOUND('',#1124,.T.);
#1227=FACE_BOUND('',#1125,.T.);
#1228=FACE_BOUND('',#1126,.T.);
#1229=FACE_BOUND('',#1127,.T.);
#1230=FACE_BOUND('',#1128,.T.);
#1231=FACE_BOUND('',#1129,.T.);
#1232=FACE_BOUND('',#1130,.T.);
#1233=FACE_BOUND('',#1131,.T.);
#1234=FACE_BOUND('',#1132,.T.);
#1235=FACE_BOUND('',#1133,.T.);
#1236=FACE_BOUND('',#1134,.T.);
#1237=FACE_BOUND('',#1135,.T.);
#1238=FACE_BOUND('',#1136,.T.);
#1239=FACE_BOUND('',#1137,.T.);
#1240=FACE_BOUND('',#1138,.T.);
#1241=FACE_BOUND('',#1139,.T.);
#1242=FACE_BOUND('',#1140,.T.);
#1243=FACE_BOUND('',#1141,.T.);
#1244=FACE_BOUND('',#1142,.T.);
#1245=FACE_BOUND('',#1143,.T.);
#1246=FACE_BOUND('',#1144,.T.);
#1247=FACE_BOUND('',#1145,.T.);
#1248=FACE_BOUND('',#1146,.T.);
#1249=FACE_BOUND('',#1147,.T.);
#1250=FACE_BOUND('',#1148,.T.);
#1251=FACE_BOUND('',#1149,.T.);
#1252=FACE_BOUND('',#1150,.T.);
#1253=FACE_BOUND('',#1151,.T.);
#1254=FACE_BOUND('',#1152,.T.);
#1255=FACE_BOUND('',#1153,.T.);
#1256=FACE_BOUND('',#1154,.T.);
#1257=FACE_BOUND('',#1155,.T.);
#1258=FACE_BOUND('',#1156,.T.);
#1259=FACE_BOUND('',#1157,.T.);
#1260=FACE_BOUND('',#1158,.T.);
#1261=FACE_BOUND('',#1159,.T.);
#1262=FACE_BOUND('',#1160,.T.);
#1263=FACE_BOUND('',#1161,.T.);
#1264=FACE_BOUND('',#1162,.T.);
#1265=FACE_BOUND('',#1163,.T.);
#1266=FACE_BOUND('',#1164,.T.);
#1267=FACE_BOUND('',#1165,.T.);
#1268=FACE_BOUND('',#1166,.T.);
#1269=FACE_BOUND('',#1167,.T.);
#1270=FACE_BOUND('',#1168,.T.);
#1271=FACE_BOUND('',#1169,.T.);
#1272=FACE_BOUND('',#1170,.T.);
#1273=FACE_BOUND('',#1171,.T.);
#1274=FACE_BOUND('',#1172,.T.);
#1275=FACE_BOUND('',#1173,.T.);
#1276=FACE_BOUND('',#1174,.T.);
#1277=FACE_BOUND('',#1175,.T.);
#1278=FACE_BOUND('',#1176,.T.);
#1279=FACE_BOUND('',#1177,.T.);
#1280=FACE_BOUND('',#1178,.T.);
#1281=FACE_BOUND('',#1179,.T.);
#1282=FACE_BOUND('',#1180,.T.);
#1283=FACE_BOUND('',#1181,.T.);
#1284=FACE_BOUND('',#1182,.T.);
#1285=FACE_BOUND('',#1183,.T.);
#1286=FACE_BOUND('',#1184,.T.);
#1287=FACE_BOUND('',#1185,.T.);
#1288=FACE_BOUND('',#1186,.T.);
#1289=FACE_BOUND('',#1187,.T.);
#1290=FACE_BOUND('',#1188,.T.);
#1291=FACE_BOUND('',#1189,.T.);
#1292=FACE_BOUND('',#1190,.T.);
#1293=FACE_BOUND('',#1191,.T.);
#1294=FACE_BOUND('',#1192,.T.);
#1295=FACE_BOUND('',#1193,.T.);
#1296=FACE_BOUND('',#1194,.T.);
#1297=FACE_BOUND('',#1195,.T.);
#1298=FACE_BOUND('',#1196,.T.);
#1299=FACE_BOUND('',#1197,.T.);
#1300=FACE_BOUND('',#1198,.T.);
#1301=FACE_BOUND('',#1199,.T.);
#1302=FACE_BOUND('',#1200,.T.);
#1303=FACE_BOUND('',#1201,.T.);
#1304=FACE_BOUND('',#1202,.T.);
#1305=FACE_BOUND('',#1203,.T.);
#1306=FACE_BOUND('',#1204,.T.);
#1307=FACE_BOUND('',#1205,.T.);
#1308=FACE_BOUND('',#1206,.T.);
#1309=FACE_BOUND('',#1207,.T.);
#1310=FACE_BOUND('',#1208,.T.);
#1311=FACE_BOUND('',#1209,.T.);
#1312=FACE_BOUND('',#1210,.T.);
#1313=FACE_BOUND('',#1211,.T.);
#1314=FACE_BOUND('',#1212,.T.);
#1315=FACE_BOUND('',#1213,.T.);
#1316=PLANE('',#1453);
#1317=PLANE('',#1457);
#1318=PLANE('',#1461);
#1319=PLANE('',#1465);
#1320=PLANE('',#1467);
#1321=PLANE('',#1469);
#1322=PLANE('',#1471);
#1323=PLANE('',#1475);
#1324=PLANE('',#1478);
#1325=PLANE('',#1482);
#1326=PLANE('',#1485);
#1327=PLANE('',#1489);
#1328=PLANE('',#1492);
#1329=PLANE('',#1496);
#1330=PLANE('',#1511);
#1331=PLANE('',#1512);
#1332=PLANE('',#1521);
#1333=PLANE('',#1522);
#1334=PLANE('',#1523);
#1335=PLANE('',#1524);
#1336=PLANE('',#1525);
#1337=PLANE('',#1526);
#1338=PLANE('',#1527);
#1339=PLANE('',#1528);
#1340=PLANE('',#1529);
#1341=PLANE('',#1530);
#1342=PLANE('',#1531);
#1343=PLANE('',#1532);
#1344=PLANE('',#1533);
#1345=PLANE('',#1534);
#1346=PLANE('',#1535);
#1347=PLANE('',#1536);
#1348=PLANE('',#1537);
#1349=PLANE('',#1538);
#1350=PLANE('',#1539);
#1351=PLANE('',#1540);
#1352=PLANE('',#1541);
#1353=PLANE('',#1542);
#1354=PLANE('',#1543);
#1355=PLANE('',#1544);
#1356=PLANE('',#1545);
#1357=ADVANCED_FACE('',(#1214,#1215),#1316,.T.);
#1358=ADVANCED_FACE('',(#1216,#1217),#1317,.T.);
#1359=ADVANCED_FACE('',(#1218,#1219),#1318,.T.);
#1360=ADVANCED_FACE('',(#1220,#1221),#1319,.T.);
#1361=ADVANCED_FACE('',(#1222,#1223),#1320,.T.);
#1362=ADVANCED_FACE('',(#1224,#1225),#1321,.T.);
#1363=ADVANCED_FACE('',(#1226),#1322,.T.);
#1364=ADVANCED_FACE('',(#1227),#25,.T.);
#1365=ADVANCED_FACE('',(#1228),#1323,.F.);
#1366=ADVANCED_FACE('',(#1229),#26,.T.);
#1367=ADVANCED_FACE('',(#1230),#1324,.T.);
#1368=ADVANCED_FACE('',(#1231),#27,.T.);
#1369=ADVANCED_FACE('',(#1232),#1325,.F.);
#1370=ADVANCED_FACE('',(#1233),#28,.T.);
#1371=ADVANCED_FACE('',(#1234),#1326,.T.);
#1372=ADVANCED_FACE('',(#1235),#29,.T.);
#1373=ADVANCED_FACE('',(#1236),#1327,.F.);
#1374=ADVANCED_FACE('',(#1237),#30,.T.);
#1375=ADVANCED_FACE('',(#1238),#1328,.T.);
#1376=ADVANCED_FACE('',(#1239),#31,.T.);
#1377=ADVANCED_FACE('',(#1240),#1329,.F.);
#1378=ADVANCED_FACE('',(#1241,#1242),#32,.F.);
#1379=ADVANCED_FACE('',(#1243,#1244),#33,.F.);
#1380=ADVANCED_FACE('',(#1245,#1246),#34,.F.);
#1381=ADVANCED_FACE('',(#1247,#1248),#35,.F.);
#1382=ADVANCED_FACE('',(#1249),#36,.T.);
#1383=ADVANCED_FACE('',(#1250,#1251),#37,.F.);
#1384=ADVANCED_FACE('',(#1252,#1253),#1330,.T.);
#1385=ADVANCED_FACE('',(#1254,#1255,#1256,#1257,#1258,#1259),#1331,.F.);
#1386=ADVANCED_FACE('',(#1260),#1332,.T.);
#1387=ADVANCED_FACE('',(#1261),#1333,.T.);
#1388=ADVANCED_FACE('',(#1262),#1334,.T.);
#1389=ADVANCED_FACE('',(#1263),#1335,.T.);
#1390=ADVANCED_FACE('',(#1264),#1336,.T.);
#1391=ADVANCED_FACE('',(#1265),#1337,.T.);
#1392=ADVANCED_FACE('',(#1266),#1338,.T.);
#1393=ADVANCED_FACE('',(#1267),#1339,.T.);
#1394=ADVANCED_FACE('',(#1268),#1340,.T.);
#1395=ADVANCED_FACE('',(#1269),#1341,.T.);
#1396=ADVANCED_FACE('',(#1270),#1342,.T.);
#1397=ADVANCED_FACE('',(#1271),#1343,.T.);
#1398=ADVANCED_FACE('',(#1272),#1344,.T.);
#1399=ADVANCED_FACE('',(#1273),#1345,.T.);
#1400=ADVANCED_FACE('',(#1274),#1346,.T.);
#1401=ADVANCED_FACE('',(#1275),#1347,.T.);
#1402=ADVANCED_FACE('',(#1276),#1348,.T.);
#1403=ADVANCED_FACE('',(#1277),#1349,.T.);
#1404=ADVANCED_FACE('',(#1278),#1350,.T.);
#1405=ADVANCED_FACE('',(#1279),#1351,.T.);
#1406=ADVANCED_FACE('',(#1280),#1352,.T.);
#1407=ADVANCED_FACE('',(#1281),#1353,.T.);
#1408=ADVANCED_FACE('',(#1282),#1354,.T.);
#1409=ADVANCED_FACE('',(#1283),#1355,.T.);
#1410=ADVANCED_FACE('',(#1284,#1285),#1356,.T.);
#1411=ADVANCED_FACE('',(#1286),#38,.F.);
#1412=ADVANCED_FACE('',(#1287),#39,.F.);
#1413=ADVANCED_FACE('',(#1288),#40,.F.);
#1414=ADVANCED_FACE('',(#1289),#41,.F.);
#1415=ADVANCED_FACE('',(#1290),#42,.F.);
#1416=ADVANCED_FACE('',(#1291),#43,.F.);
#1417=ADVANCED_FACE('',(#1292),#44,.F.);
#1418=ADVANCED_FACE('',(#1293),#45,.F.);
#1419=ADVANCED_FACE('',(#1294),#21,.T.);
#1420=ADVANCED_FACE('',(#1295),#22,.T.);
#1421=ADVANCED_FACE('',(#1296),#23,.T.);
#1422=ADVANCED_FACE('',(#1297),#24,.T.);
#1423=ADVANCED_FACE('',(#1298),#46,.T.);
#1424=ADVANCED_FACE('',(#1299),#47,.T.);
#1425=ADVANCED_FACE('',(#1300),#48,.T.);
#1426=ADVANCED_FACE('',(#1301),#49,.T.);
#1427=ADVANCED_FACE('',(#1302),#50,.T.);
#1428=ADVANCED_FACE('',(#1303),#51,.T.);
#1429=ADVANCED_FACE('',(#1304),#52,.T.);
#1430=ADVANCED_FACE('',(#1305),#53,.T.);
#1431=ADVANCED_FACE('',(#1306),#12,.T.);
#1432=ADVANCED_FACE('',(#1307),#13,.T.);
#1433=ADVANCED_FACE('',(#1308),#14,.T.);
#1434=ADVANCED_FACE('',(#1309),#15,.T.);
#1435=ADVANCED_FACE('',(#1310),#16,.T.);
#1436=ADVANCED_FACE('',(#1311),#17,.T.);
#1437=ADVANCED_FACE('',(#1312),#18,.T.);
#1438=ADVANCED_FACE('',(#1313),#19,.T.);
#1439=ADVANCED_FACE('',(#1314,#1315),#20,.T.);
#1440=CLOSED_SHELL('',(#1357,#1358,#1359,#1360,#1361,#1362,#1363,#1364,
#1365,#1366,#1367,#1368,#1369,#1370,#1371,#1372,#1373,#1374,#1375,#1376,
#1377,#1378,#1379,#1380,#1381,#1382,#1383,#1384,#1385,#1386,#1387,#1388,
#1389,#1390,#1391,#1392,#1393,#1394,#1395,#1396,#1397,#1398,#1399,#1400,
#1401,#1402,#1403,#1404,#1405,#1406,#1407,#1408,#1409,#1410,#1411,#1412,
#1413,#1414,#1415,#1416,#1417,#1418,#1419,#1420,#1421,#1422,#1423,#1424,
#1425,#1426,#1427,#1428,#1429,#1430,#1431,#1432,#1433,#1434,#1435,#1436,
#1437,#1438,#1439));
#1441=STYLED_ITEM('',(#1442),#1449);
#1442=PRESENTATION_STYLE_ASSIGNMENT((#1443));
#1443=SURFACE_STYLE_USAGE(.BOTH.,#1444);
#1444=SURFACE_SIDE_STYLE('',(#1445));
#1445=SURFACE_STYLE_FILL_AREA(#1446);
#1446=FILL_AREA_STYLE('',(#1447));
#1447=FILL_AREA_STYLE_COLOUR('',#1448);
#1448=COLOUR_RGB('',0.615686274509804,0.811764705882353,0.929411764705882);
#1449=MANIFOLD_SOLID_BREP('Electronics Casing Inner Ring',#1440);
#1450=SHAPE_DEFINITION_REPRESENTATION(#2596,#1451);
#1451=SHAPE_REPRESENTATION('Electronics Casing Inner Ring',(#1452),#2591);
#1452=AXIS2_PLACEMENT_3D('',#2034,#1606,#1607);
#1453=AXIS2_PLACEMENT_3D('',#2035,#1608,#1609);
#1454=AXIS2_PLACEMENT_3D('',#2036,#1610,#1611);
#1455=AXIS2_PLACEMENT_3D('',#2039,#1612,#1613);
#1456=AXIS2_PLACEMENT_3D('',#2041,#1614,#1615);
#1457=AXIS2_PLACEMENT_3D('',#2066,#1624,#1625);
#1458=AXIS2_PLACEMENT_3D('',#2067,#1626,#1627);
#1459=AXIS2_PLACEMENT_3D('',#2070,#1628,#1629);
#1460=AXIS2_PLACEMENT_3D('',#2072,#1630,#1631);
#1461=AXIS2_PLACEMENT_3D('',#2097,#1640,#1641);
#1462=AXIS2_PLACEMENT_3D('',#2098,#1642,#1643);
#1463=AXIS2_PLACEMENT_3D('',#2101,#1644,#1645);
#1464=AXIS2_PLACEMENT_3D('',#2103,#1646,#1647);
#1465=AXIS2_PLACEMENT_3D('',#2128,#1656,#1657);
#1466=AXIS2_PLACEMENT_3D('',#2141,#1664,#1665);
#1467=AXIS2_PLACEMENT_3D('',#2143,#1666,#1667);
#1468=AXIS2_PLACEMENT_3D('',#2156,#1674,#1675);
#1469=AXIS2_PLACEMENT_3D('',#2158,#1676,#1677);
#1470=AXIS2_PLACEMENT_3D('',#2171,#1684,#1685);
#1471=AXIS2_PLACEMENT_3D('',#2173,#1686,#1687);
#1472=AXIS2_PLACEMENT_3D('',#2182,#1692,#1693);
#1473=AXIS2_PLACEMENT_3D('',#2186,#1695,#1696);
#1474=AXIS2_PLACEMENT_3D('',#2190,#1698,#1699);
#1475=AXIS2_PLACEMENT_3D('',#2191,#1700,#1701);
#1476=AXIS2_PLACEMENT_3D('',#2200,#1706,#1707);
#1477=AXIS2_PLACEMENT_3D('',#2211,#1709,#1710);
#1478=AXIS2_PLACEMENT_3D('',#2212,#1711,#1712);
#1479=AXIS2_PLACEMENT_3D('',#2218,#1716,#1717);
#1480=AXIS2_PLACEMENT_3D('',#2222,#1719,#1720);
#1481=AXIS2_PLACEMENT_3D('',#2226,#1722,#1723);
#1482=AXIS2_PLACEMENT_3D('',#2227,#1724,#1725);
#1483=AXIS2_PLACEMENT_3D('',#2236,#1730,#1731);
#1484=AXIS2_PLACEMENT_3D('',#2247,#1733,#1734);
#1485=AXIS2_PLACEMENT_3D('',#2248,#1735,#1736);
#1486=AXIS2_PLACEMENT_3D('',#2254,#1740,#1741);
#1487=AXIS2_PLACEMENT_3D('',#2258,#1743,#1744);
#1488=AXIS2_PLACEMENT_3D('',#2262,#1746,#1747);
#1489=AXIS2_PLACEMENT_3D('',#2263,#1748,#1749);
#1490=AXIS2_PLACEMENT_3D('',#2272,#1754,#1755);
#1491=AXIS2_PLACEMENT_3D('',#2283,#1757,#1758);
#1492=AXIS2_PLACEMENT_3D('',#2284,#1759,#1760);
#1493=AXIS2_PLACEMENT_3D('',#2290,#1764,#1765);
#1494=AXIS2_PLACEMENT_3D('',#2294,#1767,#1768);
#1495=AXIS2_PLACEMENT_3D('',#2298,#1770,#1771);
#1496=AXIS2_PLACEMENT_3D('',#2299,#1772,#1773);
#1497=AXIS2_PLACEMENT_3D('',#2308,#1778,#1779);
#1498=AXIS2_PLACEMENT_3D('',#2309,#1780,#1781);
#1499=AXIS2_PLACEMENT_3D('',#2311,#1782,#1783);
#1500=AXIS2_PLACEMENT_3D('',#2312,#1784,#1785);
#1501=AXIS2_PLACEMENT_3D('',#2314,#1786,#1787);
#1502=AXIS2_PLACEMENT_3D('',#2315,#1788,#1789);
#1503=AXIS2_PLACEMENT_3D('',#2317,#1790,#1791);
#1504=AXIS2_PLACEMENT_3D('',#2319,#1792,#1793);
#1505=AXIS2_PLACEMENT_3D('',#2320,#1794,#1795);
#1506=AXIS2_PLACEMENT_3D('',#2322,#1796,#1797);
#1507=AXIS2_PLACEMENT_3D('',#2324,#1798,#1799);
#1508=AXIS2_PLACEMENT_3D('',#2332,#1800,#1801);
#1509=AXIS2_PLACEMENT_3D('',#2333,#1802,#1803);
#1510=AXIS2_PLACEMENT_3D('',#2334,#1804,#1805);
#1511=AXIS2_PLACEMENT_3D('',#2336,#1806,#1807);
#1512=AXIS2_PLACEMENT_3D('',#2349,#1814,#1815);
#1513=AXIS2_PLACEMENT_3D('',#2350,#1816,#1817);
#1514=AXIS2_PLACEMENT_3D('',#2351,#1818,#1819);
#1515=AXIS2_PLACEMENT_3D('',#2352,#1820,#1821);
#1516=AXIS2_PLACEMENT_3D('',#2353,#1822,#1823);
#1517=AXIS2_PLACEMENT_3D('',#2354,#1824,#1825);
#1518=AXIS2_PLACEMENT_3D('',#2355,#1826,#1827);
#1519=AXIS2_PLACEMENT_3D('',#2356,#1828,#1829);
#1520=AXIS2_PLACEMENT_3D('',#2357,#1830,#1831);
#1521=AXIS2_PLACEMENT_3D('',#2358,#1832,#1833);
#1522=AXIS2_PLACEMENT_3D('',#2361,#1836,#1837);
#1523=AXIS2_PLACEMENT_3D('',#2363,#1839,#1840);
#1524=AXIS2_PLACEMENT_3D('',#2365,#1842,#1843);
#1525=AXIS2_PLACEMENT_3D('',#2367,#1845,#1846);
#1526=AXIS2_PLACEMENT_3D('',#2369,#1848,#1849);
#1527=AXIS2_PLACEMENT_3D('',#2372,#1852,#1853);
#1528=AXIS2_PLACEMENT_3D('',#2374,#1855,#1856);
#1529=AXIS2_PLACEMENT_3D('',#2376,#1858,#1859);
#1530=AXIS2_PLACEMENT_3D('',#2378,#1861,#1862);
#1531=AXIS2_PLACEMENT_3D('',#2380,#1864,#1865);
#1532=AXIS2_PLACEMENT_3D('',#2383,#1868,#1869);
#1533=AXIS2_PLACEMENT_3D('',#2385,#1871,#1872);
#1534=AXIS2_PLACEMENT_3D('',#2387,#1874,#1875);
#1535=AXIS2_PLACEMENT_3D('',#2389,#1877,#1878);
#1536=AXIS2_PLACEMENT_3D('',#2391,#1880,#1881);
#1537=AXIS2_PLACEMENT_3D('',#2397,#1885,#1886);
#1538=AXIS2_PLACEMENT_3D('',#2401,#1889,#1890);
#1539=AXIS2_PLACEMENT_3D('',#2405,#1893,#1894);
#1540=AXIS2_PLACEMENT_3D('',#2409,#1897,#1898);
#1541=AXIS2_PLACEMENT_3D('',#2413,#1901,#1902);
#1542=AXIS2_PLACEMENT_3D('',#2414,#1903,#1904);
#1543=AXIS2_PLACEMENT_3D('',#2415,#1905,#1906);
#1544=AXIS2_PLACEMENT_3D('',#2417,#1908,#1909);
#1545=AXIS2_PLACEMENT_3D('',#2418,#1910,#1911);
#1546=AXIS2_PLACEMENT_3D('',#2419,#1912,#1913);
#1547=AXIS2_PLACEMENT_3D('',#2422,#1914,#1915);
#1548=AXIS2_PLACEMENT_3D('',#2424,#1916,#1917);
#1549=AXIS2_PLACEMENT_3D('',#2437,#1920,#1921);
#1550=AXIS2_PLACEMENT_3D('',#2438,#1922,#1923);
#1551=AXIS2_PLACEMENT_3D('',#2439,#1924,#1925);
#1552=AXIS2_PLACEMENT_3D('',#2440,#1926,#1927);
#1553=AXIS2_PLACEMENT_3D('',#2441,#1928,#1929);
#1554=AXIS2_PLACEMENT_3D('',#2442,#1930,#1931);
#1555=AXIS2_PLACEMENT_3D('',#2443,#1932,#1933);
#1556=AXIS2_PLACEMENT_3D('',#2444,#1934,#1935);
#1557=AXIS2_PLACEMENT_3D('',#2445,#1936,#1937);
#1558=AXIS2_PLACEMENT_3D('',#2446,#1938,#1939);
#1559=AXIS2_PLACEMENT_3D('',#2447,#1940,#1941);
#1560=AXIS2_PLACEMENT_3D('',#2448,#1942,#1943);
#1561=AXIS2_PLACEMENT_3D('',#2449,#1944,#1945);
#1562=AXIS2_PLACEMENT_3D('',#2450,#1946,#1947);
#1563=AXIS2_PLACEMENT_3D('',#2451,#1948,#1949);
#1564=AXIS2_PLACEMENT_3D('',#2452,#1950,#1951);
#1565=AXIS2_PLACEMENT_3D('',#2477,#1952,#1953);
#1566=AXIS2_PLACEMENT_3D('',#2478,#1954,#1955);
#1567=AXIS2_PLACEMENT_3D('',#2503,#1956,#1957);
#1568=AXIS2_PLACEMENT_3D('',#2504,#1958,#1959);
#1569=AXIS2_PLACEMENT_3D('',#2529,#1960,#1961);
#1570=AXIS2_PLACEMENT_3D('',#2530,#1962,#1963);
#1571=AXIS2_PLACEMENT_3D('',#2555,#1964,#1965);
#1572=AXIS2_PLACEMENT_3D('',#2556,#1966,#1967);
#1573=AXIS2_PLACEMENT_3D('',#2557,#1968,#1969);
#1574=AXIS2_PLACEMENT_3D('',#2558,#1970,#1971);
#1575=AXIS2_PLACEMENT_3D('',#2559,#1972,#1973);
#1576=AXIS2_PLACEMENT_3D('',#2560,#1974,#1975);
#1577=AXIS2_PLACEMENT_3D('',#2561,#1976,#1977);
#1578=AXIS2_PLACEMENT_3D('',#2562,#1978,#1979);
#1579=AXIS2_PLACEMENT_3D('',#2563,#1980,#1981);
#1580=AXIS2_PLACEMENT_3D('',#2564,#1982,#1983);
#1581=AXIS2_PLACEMENT_3D('',#2565,#1984,#1985);
#1582=AXIS2_PLACEMENT_3D('',#2566,#1986,#1987);
#1583=AXIS2_PLACEMENT_3D('',#2567,#1988,#1989);
#1584=AXIS2_PLACEMENT_3D('',#2568,#1990,#1991);
#1585=AXIS2_PLACEMENT_3D('',#2569,#1992,#1993);
#1586=AXIS2_PLACEMENT_3D('',#2570,#1994,#1995);
#1587=AXIS2_PLACEMENT_3D('',#2571,#1996,#1997);
#1588=AXIS2_PLACEMENT_3D('',#2572,#1998,#1999);
#1589=AXIS2_PLACEMENT_3D('',#2573,#2000,#2001);
#1590=AXIS2_PLACEMENT_3D('',#2574,#2002,#2003);
#1591=AXIS2_PLACEMENT_3D('',#2575,#2004,#2005);
#1592=AXIS2_PLACEMENT_3D('',#2576,#2006,#2007);
#1593=AXIS2_PLACEMENT_3D('',#2577,#2008,#2009);
#1594=AXIS2_PLACEMENT_3D('',#2578,#2010,#2011);
#1595=AXIS2_PLACEMENT_3D('',#2579,#2012,#2013);
#1596=AXIS2_PLACEMENT_3D('',#2580,#2014,#2015);
#1597=AXIS2_PLACEMENT_3D('',#2581,#2016,#2017);
#1598=AXIS2_PLACEMENT_3D('',#2582,#2018,#2019);
#1599=AXIS2_PLACEMENT_3D('',#2583,#2020,#2021);
#1600=AXIS2_PLACEMENT_3D('',#2584,#2022,#2023);
#1601=AXIS2_PLACEMENT_3D('',#2585,#2024,#2025);
#1602=AXIS2_PLACEMENT_3D('',#2586,#2026,#2027);
#1603=AXIS2_PLACEMENT_3D('',#2587,#2028,#2029);
#1604=AXIS2_PLACEMENT_3D('',#2588,#2030,#2031);
#1605=AXIS2_PLACEMENT_3D('',#2589,#2032,#2033);
#1606=DIRECTION('',(0.,0.,1.));
#1607=DIRECTION('',(1.,0.,0.));
#1608=DIRECTION('',(0.,0.,1.));
#1609=DIRECTION('',(1.,0.,0.));
#1610=DIRECTION('',(0.,0.,1.));
#1611=DIRECTION('',(1.,0.,0.));
#1612=DIRECTION('',(0.,0.,1.));
#1613=DIRECTION('',(1.,0.,0.));
#1614=DIRECTION('',(0.,0.,1.));
#1615=DIRECTION('',(1.,0.,0.));
#1616=DIRECTION('',(0.707106781186549,0.707106781186546,0.));
#1617=DIRECTION('',(0.707106781186549,0.707106781186546,0.));
#1618=DIRECTION('',(0.965925826289069,0.25881904510252,0.));
#1619=DIRECTION('',(0.707106781186547,-0.707106781186549,0.));
#1620=DIRECTION('',(-0.258819045102521,-0.965925826289068,0.));
#1621=DIRECTION('',(-0.965925826289069,-0.25881904510252,0.));
#1622=DIRECTION('',(-0.707106781186547,0.707106781186548,0.));
#1623=DIRECTION('',(0.258819045102521,0.965925826289068,0.));
#1624=DIRECTION('',(0.,0.,1.));
#1625=DIRECTION('',(1.,0.,0.));
#1626=DIRECTION('',(0.,0.,1.));
#1627=DIRECTION('',(1.,0.,0.));
#1628=DIRECTION('',(0.,0.,1.));
#1629=DIRECTION('',(1.,0.,0.));
#1630=DIRECTION('',(0.,0.,1.));
#1631=DIRECTION('',(1.,0.,0.));
#1632=DIRECTION('',(0.707106781186547,-0.707106781186549,0.));
#1633=DIRECTION('',(0.707106781186548,-0.707106781186548,0.));
#1634=DIRECTION('',(-0.707106781186548,-0.707106781186547,0.));
#1635=DIRECTION('',(-0.965925826289068,0.258819045102522,0.));
#1636=DIRECTION('',(-0.25881904510252,0.965925826289069,0.));
#1637=DIRECTION('',(0.707106781186548,0.707106781186548,0.));
#1638=DIRECTION('',(0.965925826289068,-0.258819045102522,0.));
#1639=DIRECTION('',(0.25881904510252,-0.965925826289069,0.));
#1640=DIRECTION('',(0.,0.,1.));
#1641=DIRECTION('',(1.,0.,0.));
#1642=DIRECTION('',(0.,0.,1.));
#1643=DIRECTION('',(1.,0.,0.));
#1644=DIRECTION('',(0.,0.,1.));
#1645=DIRECTION('',(1.,0.,0.));
#1646=DIRECTION('',(0.,0.,1.));
#1647=DIRECTION('',(1.,0.,0.));
#1648=DIRECTION('',(-0.707106781186549,-0.707106781186547,0.));
#1649=DIRECTION('',(-0.707106781186549,-0.707106781186546,0.));
#1650=DIRECTION('',(-0.965925826289068,-0.258819045102521,0.));
#1651=DIRECTION('',(-0.707106781186548,0.707106781186547,0.));
#1652=DIRECTION('',(0.258819045102522,0.965925826289068,0.));
#1653=DIRECTION('',(0.965925826289069,0.25881904510252,0.));
#1654=DIRECTION('',(0.707106781186548,-0.707106781186547,0.));
#1655=DIRECTION('',(-0.258819045102521,-0.965925826289068,0.));
#1656=DIRECTION('',(0.,0.,1.));
#1657=DIRECTION('',(1.,0.,0.));
#1658=DIRECTION('',(0.965925826289069,0.25881904510252,0.));
#1659=DIRECTION('',(0.258819045102521,0.965925826289068,0.));
#1660=DIRECTION('',(-0.707106781186547,0.707106781186548,0.));
#1661=DIRECTION('',(-0.965925826289069,-0.25881904510252,0.));
#1662=DIRECTION('',(-0.258819045102521,-0.965925826289068,0.));
#1663=DIRECTION('',(0.707106781186547,-0.707106781186549,0.));
#1664=DIRECTION('',(0.,0.,1.));
#1665=DIRECTION('',(1.,0.,0.));
#1666=DIRECTION('',(0.,0.,1.));
#1667=DIRECTION('',(1.,0.,0.));
#1668=DIRECTION('',(-0.965925826289068,-0.258819045102521,0.));
#1669=DIRECTION('',(-0.258819045102521,-0.965925826289068,0.));
#1670=DIRECTION('',(0.707106781186548,-0.707106781186547,0.));
#1671=DIRECTION('',(0.965925826289069,0.25881904510252,0.));
#1672=DIRECTION('',(0.258819045102522,0.965925826289068,0.));
#1673=DIRECTION('',(-0.707106781186548,0.707106781186547,0.));
#1674=DIRECTION('',(0.,0.,1.));
#1675=DIRECTION('',(1.,0.,0.));
#1676=DIRECTION('',(0.,0.,1.));
#1677=DIRECTION('',(1.,0.,0.));
#1678=DIRECTION('',(-0.25881904510252,0.965925826289069,0.));
#1679=DIRECTION('',(-0.965925826289068,0.258819045102521,0.));
#1680=DIRECTION('',(-0.707106781186548,-0.707106781186548,0.));
#1681=DIRECTION('',(0.258819045102521,-0.965925826289068,0.));
#1682=DIRECTION('',(0.965925826289068,-0.258819045102521,0.));
#1683=DIRECTION('',(0.707106781186548,0.707106781186547,0.));
#1684=DIRECTION('',(0.,0.,1.));
#1685=DIRECTION('',(1.,0.,0.));
#1686=DIRECTION('',(-0.707106781186546,0.707106781186549,0.));
#1687=DIRECTION('',(-0.707106781186549,-0.707106781186546,0.));
#1688=DIRECTION('',(0.,0.,-1.));
#1689=DIRECTION('',(0.707106781186549,0.707106781186546,0.));
#1690=DIRECTION('',(0.,0.,-1.));
#1691=DIRECTION('',(0.707106781186549,0.707106781186546,0.));
#1692=DIRECTION('',(0.,0.,-1.));
#1693=DIRECTION('',(-1.,0.,0.));
#1694=DIRECTION('',(0.,0.,-1.));
#1695=DIRECTION('',(0.,0.,1.));
#1696=DIRECTION('',(1.,0.,0.));
#1697=DIRECTION('',(0.,0.,-1.));
#1698=DIRECTION('',(0.,0.,1.));
#1699=DIRECTION('',(1.,0.,0.));
#1700=DIRECTION('',(-0.707106781186549,-0.707106781186546,0.));
#1701=DIRECTION('',(0.707106781186546,-0.707106781186549,0.));
#1702=DIRECTION('',(0.,0.,-1.));
#1703=DIRECTION('',(-0.707106781186546,0.707106781186549,0.));
#1704=DIRECTION('',(0.,0.,1.));
#1705=DIRECTION('',(-0.707106781186546,0.707106781186549,0.));
#1706=DIRECTION('',(0.,0.,-1.));
#1707=DIRECTION('',(-0.707106781186546,0.707106781186549,0.));
#1708=DIRECTION('',(0.,0.,-1.));
#1709=DIRECTION('',(4.32978028117746E-17,-4.32978028117748E-17,1.));
#1710=DIRECTION('',(0.707106718844751,0.707106843528339,5.39852554388913E-24));
#1711=DIRECTION('',(-0.707106781186547,-0.707106781186548,0.));
#1712=DIRECTION('',(0.707106781186548,-0.707106781186547,0.));
#1713=DIRECTION('',(0.,0.,-1.));
#1714=DIRECTION('',(-0.707106781186548,0.707106781186547,0.));
#1715=DIRECTION('',(-0.707106781186548,0.707106781186547,0.));
#1716=DIRECTION('',(0.,0.,-1.));
#1717=DIRECTION('',(-1.,0.,0.));
#1718=DIRECTION('',(0.,0.,-1.));
#1719=DIRECTION('',(0.,0.,1.));
#1720=DIRECTION('',(1.,0.,0.));
#1721=DIRECTION('',(0.,0.,-1.));
#1722=DIRECTION('',(0.,0.,1.));
#1723=DIRECTION('',(1.,0.,0.));
#1724=DIRECTION('',(0.707106781186547,-0.707106781186549,0.));
#1725=DIRECTION('',(0.707106781186549,0.707106781186547,0.));
#1726=DIRECTION('',(0.,0.,-1.));
#1727=DIRECTION('',(-0.707106781186549,-0.707106781186547,0.));
#1728=DIRECTION('',(0.,0.,1.));
#1729=DIRECTION('',(-0.707106781186549,-0.707106781186547,0.));
#1730=DIRECTION('',(0.,0.,-1.));
#1731=DIRECTION('',(-0.707106781186546,-0.707106781186549,0.));
#1732=DIRECTION('',(0.,0.,-1.));
#1733=DIRECTION('',(4.32978028117747E-17,4.32978028117747E-17,1.));
#1734=DIRECTION('',(-0.707106843528338,0.707106718844752,5.39852530878445E-24));
#1735=DIRECTION('',(0.707106781186546,-0.707106781186549,0.));
#1736=DIRECTION('',(0.707106781186549,0.707106781186546,0.));
#1737=DIRECTION('',(0.,0.,-1.));
#1738=DIRECTION('',(-0.707106781186549,-0.707106781186546,0.));
#1739=DIRECTION('',(-0.707106781186549,-0.707106781186546,0.));
#1740=DIRECTION('',(0.,0.,-1.));
#1741=DIRECTION('',(-1.,0.,0.));
#1742=DIRECTION('',(0.,0.,-1.));
#1743=DIRECTION('',(0.,0.,1.));
#1744=DIRECTION('',(1.,0.,0.));
#1745=DIRECTION('',(0.,0.,-1.));
#1746=DIRECTION('',(0.,0.,1.));
#1747=DIRECTION('',(1.,0.,0.));
#1748=DIRECTION('',(0.707106781186549,0.707106781186547,0.));
#1749=DIRECTION('',(-0.707106781186547,0.707106781186549,0.));
#1750=DIRECTION('',(0.,0.,-1.));
#1751=DIRECTION('',(0.707106781186547,-0.707106781186549,0.));
#1752=DIRECTION('',(0.,0.,1.));
#1753=DIRECTION('',(0.707106781186547,-0.707106781186549,0.));
#1754=DIRECTION('',(0.,0.,-1.));
#1755=DIRECTION('',(0.707106781186548,-0.707106781186548,0.));
#1756=DIRECTION('',(0.,0.,-1.));
#1757=DIRECTION('',(-4.32978028117747E-17,4.32978028117747E-17,1.));
#1758=DIRECTION('',(-0.707106718844757,-0.707106843528332,5.39852483459042E-24));
#1759=DIRECTION('',(0.707106781186548,0.707106781186548,0.));
#1760=DIRECTION('',(-0.707106781186548,0.707106781186548,0.));
#1761=DIRECTION('',(0.,0.,-1.));
#1762=DIRECTION('',(0.707106781186548,-0.707106781186548,0.));
#1763=DIRECTION('',(0.707106781186548,-0.707106781186548,0.));
#1764=DIRECTION('',(0.,0.,-1.));
#1765=DIRECTION('',(-1.,0.,0.));
#1766=DIRECTION('',(0.,0.,-1.));
#1767=DIRECTION('',(0.,0.,1.));
#1768=DIRECTION('',(1.,0.,0.));
#1769=DIRECTION('',(0.,0.,-1.));
#1770=DIRECTION('',(0.,0.,1.));
#1771=DIRECTION('',(1.,0.,0.));
#1772=DIRECTION('',(-0.707106781186546,0.707106781186549,0.));
#1773=DIRECTION('',(-0.707106781186549,-0.707106781186546,0.));
#1774=DIRECTION('',(0.,0.,-1.));
#1775=DIRECTION('',(0.707106781186549,0.707106781186546,0.));
#1776=DIRECTION('',(0.,0.,1.));
#1777=DIRECTION('',(0.707106781186549,0.707106781186546,0.));
#1778=DIRECTION('',(0.,0.,-1.));
#1779=DIRECTION('',(-1.,0.,0.));
#1780=DIRECTION('',(0.,0.,1.));
#1781=DIRECTION('',(1.,0.,0.));
#1782=DIRECTION('',(0.,0.,-1.));
#1783=DIRECTION('',(-1.,0.,0.));
#1784=DIRECTION('',(0.,0.,1.));
#1785=DIRECTION('',(1.,0.,0.));
#1786=DIRECTION('',(0.,0.,-1.));
#1787=DIRECTION('',(-1.,0.,0.));
#1788=DIRECTION('',(0.,0.,1.));
#1789=DIRECTION('',(1.,0.,0.));
#1790=DIRECTION('',(0.,0.,1.));
#1791=DIRECTION('',(1.,0.,0.));
#1792=DIRECTION('',(0.,0.,-1.));
#1793=DIRECTION('',(-1.,0.,0.));
#1794=DIRECTION('',(0.,0.,1.));
#1795=DIRECTION('',(1.,0.,0.));
#1796=DIRECTION('',(0.,0.,1.));
#1797=DIRECTION('',(1.,0.,0.));
#1798=DIRECTION('',(0.,0.,-1.));
#1799=DIRECTION('',(0.707106781186547,0.707106781186548,0.));
#1800=DIRECTION('',(-4.32978028117747E-17,-4.32978028117747E-17,1.));
#1801=DIRECTION('',(0.707106843528345,-0.707106718844745,5.39852594237155E-24));
#1802=DIRECTION('',(0.,0.,-1.));
#1803=DIRECTION('',(-1.,0.,0.));
#1804=DIRECTION('',(0.,0.,1.));
#1805=DIRECTION('',(1.,0.,0.));
#1806=DIRECTION('',(0.,0.,1.));
#1807=DIRECTION('',(1.,0.,0.));
#1808=DIRECTION('',(-0.707106781186548,-0.707106781186547,0.));
#1809=DIRECTION('',(0.25881904510252,-0.965925826289069,0.));
#1810=DIRECTION('',(0.965925826289068,-0.258819045102522,0.));
#1811=DIRECTION('',(0.707106781186548,0.707106781186548,0.));
#1812=DIRECTION('',(-0.25881904510252,0.965925826289069,0.));
#1813=DIRECTION('',(-0.965925826289068,0.258819045102522,0.));
#1814=DIRECTION('',(0.,0.,1.));
#1815=DIRECTION('',(1.,0.,0.));
#1816=DIRECTION('',(0.,0.,1.));
#1817=DIRECTION('',(1.,0.,0.));
#1818=DIRECTION('',(0.,0.,1.));
#1819=DIRECTION('',(1.,0.,0.));
#1820=DIRECTION('',(0.,0.,1.));
#1821=DIRECTION('',(1.,0.,0.));
#1822=DIRECTION('',(0.,0.,1.));
#1823=DIRECTION('',(1.,0.,0.));
#1824=DIRECTION('',(0.,0.,1.));
#1825=DIRECTION('',(1.,0.,0.));
#1826=DIRECTION('',(0.,0.,1.));
#1827=DIRECTION('',(1.,0.,0.));
#1828=DIRECTION('',(0.,0.,1.));
#1829=DIRECTION('',(1.,0.,0.));
#1830=DIRECTION('',(0.,0.,1.));
#1831=DIRECTION('',(1.,0.,0.));
#1832=DIRECTION('',(0.707106781186547,-0.707106781186548,0.));
#1833=DIRECTION('',(0.707106781186548,0.707106781186547,0.));
#1834=DIRECTION('',(0.,0.,-1.));
#1835=DIRECTION('',(0.,0.,-1.));
#1836=DIRECTION('',(-0.258819045102522,-0.965925826289068,0.));
#1837=DIRECTION('',(0.965925826289068,-0.258819045102522,0.));
#1838=DIRECTION('',(0.,0.,-1.));
#1839=DIRECTION('',(-0.965925826289069,-0.25881904510252,0.));
#1840=DIRECTION('',(0.25881904510252,-0.965925826289069,0.));
#1841=DIRECTION('',(0.,0.,-1.));
#1842=DIRECTION('',(-0.707106781186548,0.707106781186548,0.));
#1843=DIRECTION('',(-0.707106781186548,-0.707106781186548,0.));
#1844=DIRECTION('',(0.,0.,-1.));
#1845=DIRECTION('',(0.258819045102521,0.965925826289068,0.));
#1846=DIRECTION('',(-0.965925826289068,0.258819045102522,0.));
#1847=DIRECTION('',(0.,0.,-1.));
#1848=DIRECTION('',(-0.25881904510252,0.965925826289069,0.));
#1849=DIRECTION('',(-0.965925826289069,-0.25881904510252,0.));
#1850=DIRECTION('',(0.,0.,-1.));
#1851=DIRECTION('',(0.,0.,-1.));
#1852=DIRECTION('',(0.707106781186548,0.707106781186547,0.));
#1853=DIRECTION('',(-0.707106781186547,0.707106781186548,0.));
#1854=DIRECTION('',(0.,0.,-1.));
#1855=DIRECTION('',(0.965925826289068,-0.258819045102521,0.));
#1856=DIRECTION('',(0.258819045102521,0.965925826289068,0.));
#1857=DIRECTION('',(0.,0.,-1.));
#1858=DIRECTION('',(0.25881904510252,-0.965925826289069,0.));
#1859=DIRECTION('',(0.965925826289069,0.25881904510252,0.));
#1860=DIRECTION('',(0.,0.,-1.));
#1861=DIRECTION('',(-0.707106781186548,-0.707106781186547,0.));
#1862=DIRECTION('',(0.707106781186547,-0.707106781186548,0.));
#1863=DIRECTION('',(0.,0.,-1.));
#1864=DIRECTION('',(0.258819045102521,-0.965925826289068,0.));
#1865=DIRECTION('',(0.965925826289068,0.258819045102521,0.));
#1866=DIRECTION('',(0.,0.,-1.));
#1867=DIRECTION('',(0.,0.,-1.));
#1868=DIRECTION('',(-0.707106781186547,-0.707106781186548,0.));
#1869=DIRECTION('',(0.707106781186548,-0.707106781186547,0.));
#1870=DIRECTION('',(0.,0.,-1.));
#1871=DIRECTION('',(-0.965925826289068,0.258819045102522,0.));
#1872=DIRECTION('',(-0.258819045102522,-0.965925826289068,0.));
#1873=DIRECTION('',(0.,0.,-1.));
#1874=DIRECTION('',(-0.25881904510252,0.965925826289069,0.));
#1875=DIRECTION('',(-0.965925826289069,-0.25881904510252,0.));
#1876=DIRECTION('',(0.,0.,-1.));
#1877=DIRECTION('',(0.707106781186547,0.707106781186548,0.));
#1878=DIRECTION('',(-0.707106781186548,0.707106781186547,0.));
#1879=DIRECTION('',(0.,0.,-1.));
#1880=DIRECTION('',(-0.965925826289069,-0.25881904510252,0.));
#1881=DIRECTION('',(0.25881904510252,-0.965925826289069,0.));
#1882=DIRECTION('',(0.,0.,-1.));
#1883=DIRECTION('',(-0.25881904510252,0.965925826289069,0.));
#1884=DIRECTION('',(0.,0.,-1.));
#1885=DIRECTION('',(-0.707106781186547,0.707106781186548,0.));
#1886=DIRECTION('',(-0.707106781186548,-0.707106781186547,0.));
#1887=DIRECTION('',(0.,0.,-1.));
#1888=DIRECTION('',(0.707106781186548,0.707106781186547,0.));
#1889=DIRECTION('',(0.258819045102521,0.965925826289068,0.));
#1890=DIRECTION('',(-0.965925826289068,0.258819045102521,0.));
#1891=DIRECTION('',(0.,0.,-1.));
#1892=DIRECTION('',(0.965925826289068,-0.258819045102521,0.));
#1893=DIRECTION('',(0.965925826289068,0.258819045102521,0.));
#1894=DIRECTION('',(-0.258819045102521,0.965925826289068,0.));
#1895=DIRECTION('',(0.,0.,-1.));
#1896=DIRECTION('',(0.258819045102521,-0.965925826289068,0.));
#1897=DIRECTION('',(0.707106781186548,-0.707106781186548,0.));
#1898=DIRECTION('',(0.707106781186548,0.707106781186548,0.));
#1899=DIRECTION('',(0.,0.,-1.));
#1900=DIRECTION('',(-0.707106781186548,-0.707106781186548,0.));
#1901=DIRECTION('',(-0.965925826289068,0.258819045102521,0.));
#1902=DIRECTION('',(-0.258819045102521,-0.965925826289068,0.));
#1903=DIRECTION('',(0.965925826289068,-0.258819045102521,0.));
#1904=DIRECTION('',(0.258819045102521,0.965925826289068,0.));
#1905=DIRECTION('',(-0.258819045102521,-0.965925826289068,0.));
#1906=DIRECTION('',(0.965925826289068,-0.258819045102521,0.));
#1907=DIRECTION('',(-0.965925826289068,0.258819045102521,0.));
#1908=DIRECTION('',(0.965925826289069,0.25881904510252,0.));
#1909=DIRECTION('',(-0.25881904510252,0.965925826289069,0.));
#1910=DIRECTION('',(0.,0.,1.));
#1911=DIRECTION('',(1.,0.,0.));
#1912=DIRECTION('',(0.,0.,1.));
#1913=DIRECTION('',(1.,0.,0.));
#1914=DIRECTION('',(0.,0.,1.));
#1915=DIRECTION('',(1.,0.,0.));
#1916=DIRECTION('',(0.,0.,1.));
#1917=DIRECTION('',(1.,0.,0.));
#1918=DIRECTION('',(-0.707106781186546,0.707106781186549,0.));
#1919=DIRECTION('',(-0.707106781186548,0.707106781186547,0.));
#1920=DIRECTION('',(0.,0.,-1.));
#1921=DIRECTION('',(-1.,0.,0.));
#1922=DIRECTION('',(0.,0.,1.));
#1923=DIRECTION('',(1.,0.,0.));
#1924=DIRECTION('',(0.,0.,-1.));
#1925=DIRECTION('',(-1.,0.,0.));
#1926=DIRECTION('',(0.,0.,1.));
#1927=DIRECTION('',(1.,0.,0.));
#1928=DIRECTION('',(0.,0.,-1.));
#1929=DIRECTION('',(-1.,0.,0.));
#1930=DIRECTION('',(0.,0.,1.));
#1931=DIRECTION('',(1.,0.,0.));
#1932=DIRECTION('',(0.,0.,-1.));
#1933=DIRECTION('',(-1.,0.,0.));
#1934=DIRECTION('',(0.,0.,1.));
#1935=DIRECTION('',(1.,0.,0.));
#1936=DIRECTION('',(0.,0.,-1.));
#1937=DIRECTION('',(-1.,0.,0.));
#1938=DIRECTION('',(0.,0.,1.));
#1939=DIRECTION('',(1.,0.,0.));
#1940=DIRECTION('',(0.,0.,-1.));
#1941=DIRECTION('',(-1.,0.,0.));
#1942=DIRECTION('',(0.,0.,1.));
#1943=DIRECTION('',(1.,0.,0.));
#1944=DIRECTION('',(0.,0.,-1.));
#1945=DIRECTION('',(-1.,0.,0.));
#1946=DIRECTION('',(0.,0.,1.));
#1947=DIRECTION('',(1.,0.,0.));
#1948=DIRECTION('',(0.,0.,-1.));
#1949=DIRECTION('',(-1.,0.,0.));
#1950=DIRECTION('',(0.,0.,1.));
#1951=DIRECTION('',(1.,0.,0.));
#1952=DIRECTION('',(-0.707106843528333,0.707106718844757,0.));
#1953=DIRECTION('',(-0.707106718844757,-0.707106843528333,0.));
#1954=DIRECTION('',(-0.707106781186548,0.707106781186548,0.));
#1955=DIRECTION('',(-0.707106781186548,-0.707106781186548,0.));
#1956=DIRECTION('',(0.707106718844753,0.707106843528336,0.));
#1957=DIRECTION('',(-0.707106843528336,0.707106718844753,0.));
#1958=DIRECTION('',(0.707106781186551,0.707106781186544,0.));
#1959=DIRECTION('',(-0.707106781186544,0.707106781186551,0.));
#1960=DIRECTION('',(0.70710684352834,-0.70710671884475,0.));
#1961=DIRECTION('',(0.70710671884475,0.70710684352834,0.));
#1962=DIRECTION('',(0.707106781186548,-0.707106781186548,0.));
#1963=DIRECTION('',(0.707106781186548,0.707106781186548,0.));
#1964=DIRECTION('',(-0.707106781186548,-0.707106781186548,0.));
#1965=DIRECTION('',(0.707106781186548,-0.707106781186548,0.));
#1966=DIRECTION('',(-0.707106718844745,-0.707106843528345,0.));
#1967=DIRECTION('',(0.707106843528345,-0.707106718844745,0.));
#1968=DIRECTION('',(-0.707106781186549,-0.707106781186546,0.));
#1969=DIRECTION('',(0.707106781186546,-0.707106781186549,0.));
#1970=DIRECTION('',(-0.707106781186549,-0.707106781186546,0.));
#1971=DIRECTION('',(0.707106781186546,-0.707106781186549,0.));
#1972=DIRECTION('',(0.707106781186548,-0.707106781186548,0.));
#1973=DIRECTION('',(0.707106781186548,0.707106781186548,0.));
#1974=DIRECTION('',(-0.707106781186548,0.707106781186548,0.));
#1975=DIRECTION('',(-0.707106781186548,-0.707106781186548,0.));
#1976=DIRECTION('',(-0.707106781186547,0.707106781186549,0.));
#1977=DIRECTION('',(-0.707106781186549,-0.707106781186547,0.));
#1978=DIRECTION('',(-0.707106781186546,0.707106781186549,1.20370621524202E-29));
#1979=DIRECTION('',(-0.707106781186549,-0.707106781186546,0.));
#1980=DIRECTION('',(-0.707106781186549,-0.707106781186546,0.));
#1981=DIRECTION('',(0.707106781186546,-0.707106781186549,0.));
#1982=DIRECTION('',(0.707106781186549,0.707106781186546,0.));
#1983=DIRECTION('',(-0.707106781186546,0.707106781186549,0.));
#1984=DIRECTION('',(0.707106781186549,0.707106781186547,0.));
#1985=DIRECTION('',(-0.707106781186547,0.707106781186549,0.));
#1986=DIRECTION('',(0.707106781186549,0.707106781186546,0.));
#1987=DIRECTION('',(-0.707106781186546,0.707106781186549,0.));
#1988=DIRECTION('',(-0.707106781186548,0.707106781186547,0.));
#1989=DIRECTION('',(-0.707106781186547,-0.707106781186548,0.));
#1990=DIRECTION('',(0.707106781186548,-0.707106781186548,0.));
#1991=DIRECTION('',(0.707106781186548,0.707106781186548,0.));
#1992=DIRECTION('',(0.707106781186546,-0.707106781186549,0.));
#1993=DIRECTION('',(0.707106781186549,0.707106781186546,0.));
#1994=DIRECTION('',(0.707106781186546,-0.707106781186549,0.));
#1995=DIRECTION('',(0.707106781186549,0.707106781186546,0.));
#1996=DIRECTION('',(0.707106781186549,0.707106781186546,0.));
#1997=DIRECTION('',(-0.707106781186546,0.707106781186549,0.));
#1998=DIRECTION('',(-0.707106781186549,-0.707106781186546,0.));
#1999=DIRECTION('',(0.707106781186546,-0.707106781186549,0.));
#2000=DIRECTION('',(0.,0.,1.));
#2001=DIRECTION('',(1.,0.,0.));
#2002=DIRECTION('',(0.42380834212568,-0.905751891604253,0.));
#2003=DIRECTION('',(0.905751891604253,0.42380834212568,0.));
#2004=DIRECTION('',(0.,0.,1.));
#2005=DIRECTION('',(1.,0.,0.));
#2006=DIRECTION('',(0.42380834212568,0.905751891604253,0.));
#2007=DIRECTION('',(-0.905751891604253,0.423808342125681,0.));
#2008=DIRECTION('',(0.,0.,1.));
#2009=DIRECTION('',(1.,0.,0.));
#2010=DIRECTION('',(-0.905751891604253,-0.42380834212568,0.));
#2011=DIRECTION('',(0.42380834212568,-0.905751891604253,0.));
#2012=DIRECTION('',(0.,0.,1.));
#2013=DIRECTION('',(1.,0.,0.));
#2014=DIRECTION('',(0.905751891604254,-0.423808342125678,0.));
#2015=DIRECTION('',(0.423808342125678,0.905751891604254,0.));
#2016=DIRECTION('',(0.,0.,1.));
#2017=DIRECTION('',(1.,0.,0.));
#2018=DIRECTION('',(-0.423808342125682,0.905751891604252,0.));
#2019=DIRECTION('',(-0.905751891604253,-0.423808342125682,0.));
#2020=DIRECTION('',(0.,0.,1.));
#2021=DIRECTION('',(1.,0.,0.));
#2022=DIRECTION('',(-0.42380834212568,-0.905751891604253,0.));
#2023=DIRECTION('',(0.905751891604253,-0.423808342125681,0.));
#2024=DIRECTION('',(0.,0.,1.));
#2025=DIRECTION('',(1.,0.,0.));
#2026=DIRECTION('',(0.905751891604252,0.423808342125682,0.));
#2027=DIRECTION('',(-0.423808342125682,0.905751891604253,0.));
#2028=DIRECTION('',(0.,0.,1.));
#2029=DIRECTION('',(1.,0.,0.));
#2030=DIRECTION('',(-0.905751891604253,0.42380834212568,0.));
#2031=DIRECTION('',(-0.423808342125681,-0.905751891604253,0.));
#2032=DIRECTION('',(0.,0.,1.));
#2033=DIRECTION('',(1.,0.,0.));
#2034=CARTESIAN_POINT('',(0.,0.,0.));
#2035=CARTESIAN_POINT('',(-2.77555756156289E-17,-1.7347234759768E-17,0.0052));
#2036=CARTESIAN_POINT('',(0.0137313902848721,0.0293463612879778,0.0052));
#2037=CARTESIAN_POINT('',(0.0179740309719914,0.0251037206008585,0.0052));
#2038=CARTESIAN_POINT('',(0.011188540232118,0.0239118499383523,0.0052));
#2039=CARTESIAN_POINT('',(0.,1.55530143491714E-18,0.0052));
#2040=CARTESIAN_POINT('',(0.0239118499383523,0.011188540232118,0.0052));
#2041=CARTESIAN_POINT('',(0.0293463612879778,0.013731390284872,0.0052));
#2042=CARTESIAN_POINT('',(0.0251037206008585,0.0179740309719914,0.0052));
#2043=CARTESIAN_POINT('',(0.0265458155796313,0.0194161259507641,0.0052));
#2044=CARTESIAN_POINT('',(0.0265458155172895,0.0194161258884223,0.0052));
#2045=CARTESIAN_POINT('',(0.0265458155172895,0.0194161258884223,0.0052));
#2046=CARTESIAN_POINT('',(0.0274877723098213,0.0203580828470487,0.0052));
#2047=CARTESIAN_POINT('',(0.0285636899880376,0.0229812269288288,0.0052));
#2048=CARTESIAN_POINT('',(0.0269299520866709,0.0269365783728435,0.0052));
#2049=CARTESIAN_POINT('',(0.0229769348499794,0.0285617990646818,0.0052));
#2050=CARTESIAN_POINT('',(0.0203580829258636,0.0274877723556905,0.0052));
#2051=CARTESIAN_POINT('',(0.0194161259507641,0.0265458155796313,0.0052));
#2052=CARTESIAN_POINT('',(0.0194161259507641,0.0265458155796313,0.0052));
#2053=CARTESIAN_POINT('',(-0.00356484481443364,0.0035648448144336,0.0052));
#2054=CARTESIAN_POINT('',(0.0238868370464216,0.0196002299965506,0.0052));
#2055=CARTESIAN_POINT('',(0.0219349656710333,0.0190772276377863,0.0052));
#2056=CARTESIAN_POINT('',(0.0258387084218095,0.0201232323553158,0.0052));
#2057=CARTESIAN_POINT('',(0.0205060966544098,0.0205060966544099,0.0052));
#2058=CARTESIAN_POINT('',(0.019077227637786,0.0219349656710334,0.0052));
#2059=CARTESIAN_POINT('',(0.0196002299965507,0.0238868370464216,0.0052));
#2060=CARTESIAN_POINT('',(0.0201232323553158,0.0258387084218094,0.0052));
#2061=CARTESIAN_POINT('',(0.022075103730704,0.0263617107805741,0.0052));
#2062=CARTESIAN_POINT('',(0.0240269751060921,0.0268847131393392,0.0052));
#2063=CARTESIAN_POINT('',(0.0254558441227156,0.0254558441227157,0.0052));
#2064=CARTESIAN_POINT('',(0.0268847131393389,0.0240269751060922,0.0052));
#2065=CARTESIAN_POINT('',(0.0263617107805742,0.022075103730704,0.0052));
#2066=CARTESIAN_POINT('',(-2.77555756156289E-17,-1.7347234759768E-17,0.0052));
#2067=CARTESIAN_POINT('',(0.0293463612879778,-0.013731390284872,0.0052));
#2068=CARTESIAN_POINT('',(0.0251037206008585,-0.0179740309719914,0.0052));
#2069=CARTESIAN_POINT('',(0.0239118499383523,-0.011188540232118,0.0052));
#2070=CARTESIAN_POINT('',(0.,1.55530143491714E-18,0.0052));
#2071=CARTESIAN_POINT('',(0.011188540232118,-0.0239118499383522,0.0052));
#2072=CARTESIAN_POINT('',(0.013731390284872,-0.0293463612879778,0.0052));
#2073=CARTESIAN_POINT('',(0.0179740309719914,-0.0251037206008585,0.0052));
#2074=CARTESIAN_POINT('',(0.0194161259507641,-0.0265458155796313,0.0052));
#2075=CARTESIAN_POINT('',(0.0194161258884223,-0.0265458155172895,0.0052));
#2076=CARTESIAN_POINT('',(0.0194161258884223,-0.0265458155172895,0.0052));
#2077=CARTESIAN_POINT('',(0.0203580828470487,-0.0274877723098213,0.0052));
#2078=CARTESIAN_POINT('',(0.0229812269288288,-0.0285636899880377,0.0052));
#2079=CARTESIAN_POINT('',(0.0269365783728436,-0.026929952086671,0.0052));
#2080=CARTESIAN_POINT('',(0.0285617990646818,-0.0229769348499794,0.0052));
#2081=CARTESIAN_POINT('',(0.0274877723556905,-0.0203580829258636,0.0052));
#2082=CARTESIAN_POINT('',(0.0265458155796313,-0.0194161259507642,0.0052));
#2083=CARTESIAN_POINT('',(0.0265458155796313,-0.0194161259507642,0.0052));
#2084=CARTESIAN_POINT('',(0.00356484481443359,0.00356484481443359,0.0052));
#2085=CARTESIAN_POINT('',(0.0205060966544093,-0.0205060966544094,0.0052));
#2086=CARTESIAN_POINT('',(0.0219349656710334,-0.019077227637786,0.0052));
#2087=CARTESIAN_POINT('',(0.0190772276377859,-0.0219349656710335,0.0052));
#2088=CARTESIAN_POINT('',(0.0238868370464217,-0.0196002299965507,0.0052));
#2089=CARTESIAN_POINT('',(0.0258387084218099,-0.0201232323553154,0.0052));
#2090=CARTESIAN_POINT('',(0.0263617107805741,-0.0220751037307041,0.0052));
#2091=CARTESIAN_POINT('',(0.0268847131393388,-0.0240269751060923,0.0052));
#2092=CARTESIAN_POINT('',(0.0254558441227152,-0.0254558441227151,0.0052));
#2093=CARTESIAN_POINT('',(0.0240269751060917,-0.0268847131393387,0.0052));
#2094=CARTESIAN_POINT('',(0.022075103730704,-0.0263617107805742,0.0052));
#2095=CARTESIAN_POINT('',(0.0201232323553158,-0.0258387084218095,0.0052));
#2096=CARTESIAN_POINT('',(0.0196002299965506,-0.0238868370464217,0.0052));
#2097=CARTESIAN_POINT('',(-2.77555756156289E-17,-1.7347234759768E-17,0.0052));
#2098=CARTESIAN_POINT('',(-0.013731390284872,-0.0293463612879779,0.0052));
#2099=CARTESIAN_POINT('',(-0.0179740309719912,-0.0251037206008585,0.0052));
#2100=CARTESIAN_POINT('',(-0.0111885402321179,-0.0239118499383523,0.0052));
#2101=CARTESIAN_POINT('',(0.,1.55530143491714E-18,0.0052));
#2102=CARTESIAN_POINT('',(-0.0239118499383523,-0.011188540232118,0.0052));
#2103=CARTESIAN_POINT('',(-0.0293463612879778,-0.013731390284872,0.0052));
#2104=CARTESIAN_POINT('',(-0.0251037206008585,-0.0179740309719914,0.0052));
#2105=CARTESIAN_POINT('',(-0.0265458155796313,-0.0194161259507641,0.0052));
#2106=CARTESIAN_POINT('',(-0.0265458155172895,-0.0194161258884223,0.0052));
#2107=CARTESIAN_POINT('',(-0.0265458155172895,-0.0194161258884222,0.0052));
#2108=CARTESIAN_POINT('',(-0.0274877723098214,-0.0203580828470486,0.0052));
#2109=CARTESIAN_POINT('',(-0.0285636899880378,-0.0229812269288287,0.0052));
#2110=CARTESIAN_POINT('',(-0.0269299520866711,-0.0269365783728435,0.0052));
#2111=CARTESIAN_POINT('',(-0.0229769348499794,-0.0285617990646818,0.0052));
#2112=CARTESIAN_POINT('',(-0.0203580829258636,-0.0274877723556905,0.0052));
#2113=CARTESIAN_POINT('',(-0.0194161259507642,-0.0265458155796312,0.0052));
#2114=CARTESIAN_POINT('',(-0.0194161259507642,-0.0265458155796312,0.0052));
#2115=CARTESIAN_POINT('',(0.00356484481443366,-0.00356484481443372,0.0052));
#2116=CARTESIAN_POINT('',(-0.0238868370464217,-0.0196002299965506,0.0052));
#2117=CARTESIAN_POINT('',(-0.0219349656710331,-0.0190772276377862,0.0052));
#2118=CARTESIAN_POINT('',(-0.0258387084218096,-0.0201232323553159,0.0052));
#2119=CARTESIAN_POINT('',(-0.0205060966544096,-0.0205060966544098,0.0052));
#2120=CARTESIAN_POINT('',(-0.019077227637786,-0.0219349656710335,0.0052));
#2121=CARTESIAN_POINT('',(-0.0196002299965507,-0.0238868370464217,0.0052));
#2122=CARTESIAN_POINT('',(-0.0201232323553158,-0.0258387084218094,0.0052));
#2123=CARTESIAN_POINT('',(-0.0220751037307041,-0.0263617107805741,0.0052));
#2124=CARTESIAN_POINT('',(-0.0240269751060919,-0.0268847131393391,0.0052));
#2125=CARTESIAN_POINT('',(-0.0254558441227154,-0.0254558441227156,0.0052));
#2126=CARTESIAN_POINT('',(-0.0268847131393389,-0.0240269751060923,0.0052));
#2127=CARTESIAN_POINT('',(-0.0263617107805742,-0.0220751037307041,0.0052));
#2128=CARTESIAN_POINT('',(-2.77555756156289E-17,-1.7347234759768E-17,0.002));
#2129=CARTESIAN_POINT('',(0.0238868370464216,0.0196002299965506,0.002));
#2130=CARTESIAN_POINT('',(0.0219349656710333,0.0190772276377863,0.002));
#2131=CARTESIAN_POINT('',(0.0258387084218095,0.0201232323553158,0.002));
#2132=CARTESIAN_POINT('',(0.0263617107805742,0.022075103730704,0.002));
#2133=CARTESIAN_POINT('',(0.0268847131393389,0.0240269751060922,0.002));
#2134=CARTESIAN_POINT('',(0.0254558441227156,0.0254558441227157,0.002));
#2135=CARTESIAN_POINT('',(0.0240269751060921,0.0268847131393392,0.002));
#2136=CARTESIAN_POINT('',(0.022075103730704,0.0263617107805741,0.002));
#2137=CARTESIAN_POINT('',(0.0201232323553158,0.0258387084218094,0.002));
#2138=CARTESIAN_POINT('',(0.0196002299965507,0.0238868370464216,0.002));
#2139=CARTESIAN_POINT('',(0.019077227637786,0.0219349656710334,0.002));
#2140=CARTESIAN_POINT('',(0.0205060966544098,0.0205060966544099,0.002));
#2141=CARTESIAN_POINT('',(0.0229809703885628,0.0229809703885628,0.002));
#2142=CARTESIAN_POINT('',(0.0250809703885628,0.0229809703885628,0.002));
#2143=CARTESIAN_POINT('',(-2.77555756156289E-17,-1.7347234759768E-17,0.002));
#2144=CARTESIAN_POINT('',(-0.0238868370464217,-0.0196002299965506,0.002));
#2145=CARTESIAN_POINT('',(-0.0219349656710331,-0.0190772276377862,0.002));
#2146=CARTESIAN_POINT('',(-0.0258387084218096,-0.0201232323553159,0.002));
#2147=CARTESIAN_POINT('',(-0.0263617107805742,-0.0220751037307041,0.002));
#2148=CARTESIAN_POINT('',(-0.0268847131393389,-0.0240269751060923,0.002));
#2149=CARTESIAN_POINT('',(-0.0254558441227154,-0.0254558441227156,0.002));
#2150=CARTESIAN_POINT('',(-0.0240269751060919,-0.0268847131393391,0.002));
#2151=CARTESIAN_POINT('',(-0.0220751037307041,-0.0263617107805741,0.002));
#2152=CARTESIAN_POINT('',(-0.0201232323553158,-0.0258387084218094,0.002));
#2153=CARTESIAN_POINT('',(-0.0196002299965507,-0.0238868370464217,0.002));
#2154=CARTESIAN_POINT('',(-0.019077227637786,-0.0219349656710335,0.002));
#2155=CARTESIAN_POINT('',(-0.0205060966544096,-0.0205060966544098,0.002));
#2156=CARTESIAN_POINT('',(-0.0229809703885628,-0.0229809703885628,0.002));
#2157=CARTESIAN_POINT('',(-0.0208809703885628,-0.0229809703885628,0.002));
#2158=CARTESIAN_POINT('',(-2.77555756156289E-17,-1.7347234759768E-17,0.002));
#2159=CARTESIAN_POINT('',(-0.0196002299965506,0.0238868370464216,0.002));
#2160=CARTESIAN_POINT('',(-0.0190772276377864,0.0219349656710332,0.002));
#2161=CARTESIAN_POINT('',(-0.0201232323553158,0.0258387084218095,0.002));
#2162=CARTESIAN_POINT('',(-0.0220751037307041,0.0263617107805742,0.002));
#2163=CARTESIAN_POINT('',(-0.0240269751060923,0.0268847131393389,0.002));
#2164=CARTESIAN_POINT('',(-0.0254558441227156,0.0254558441227154,0.002));
#2165=CARTESIAN_POINT('',(-0.0268847131393391,0.0240269751060919,0.002));
#2166=CARTESIAN_POINT('',(-0.0263617107805741,0.022075103730704,0.002));
#2167=CARTESIAN_POINT('',(-0.0258387084218094,0.0201232323553157,0.002));
#2168=CARTESIAN_POINT('',(-0.0238868370464217,0.0196002299965507,0.002));
#2169=CARTESIAN_POINT('',(-0.0219349656710334,0.019077227637786,0.002));
#2170=CARTESIAN_POINT('',(-0.0205060966544099,0.0205060966544097,0.002));
#2171=CARTESIAN_POINT('',(-0.0229809703885628,0.0229809703885628,0.002));
#2172=CARTESIAN_POINT('',(-0.0208809703885628,0.0229809703885628,0.002));
#2173=CARTESIAN_POINT('',(0.0166674812093729,0.0252113844006131,0.002));
#2174=CARTESIAN_POINT('',(0.0172669241908048,0.025810827382045,0.002));
#2175=CARTESIAN_POINT('',(0.0172669241908048,0.025810827382045,0.));
#2176=CARTESIAN_POINT('',(0.0172669241908048,0.025810827382045,0.0042));
#2177=CARTESIAN_POINT('',(0.0166674812093729,0.0252113844006131,0.0042));
#2178=CARTESIAN_POINT('',(0.0187090191695776,0.0272529223608179,0.0042));
#2179=CARTESIAN_POINT('',(0.0187090191695776,0.0272529223608179,0.002));
#2180=CARTESIAN_POINT('',(0.0187090191695776,0.0272529223608179,0.));
#2181=CARTESIAN_POINT('',(0.0166674812093729,0.0252113844006131,0.));
#2182=CARTESIAN_POINT('',(-2.60208521396521E-18,6.93889390390723E-18,0.002));
#2183=CARTESIAN_POINT('',(-0.0116123485742436,0.0248176018299565,0.002));
#2184=CARTESIAN_POINT('',(-0.0116123485742436,0.0248176018299565,0.));
#2185=CARTESIAN_POINT('',(-0.0116123485742436,0.0248176018299565,0.0042));
#2186=CARTESIAN_POINT('',(-2.60208521396521E-18,6.93889390390723E-18,0.0042));
#2187=CARTESIAN_POINT('',(0.0116123485742436,0.0248176018299565,0.0042));
#2188=CARTESIAN_POINT('',(0.0116123485742436,0.0248176018299565,0.002));
#2189=CARTESIAN_POINT('',(0.0116123485742436,0.0248176018299565,0.));
#2190=CARTESIAN_POINT('',(-2.60208521396521E-18,6.93889390390723E-18,0.));
#2191=CARTESIAN_POINT('',(-0.0166674812093729,0.0252113844006131,0.002));
#2192=CARTESIAN_POINT('',(-0.0187090191695777,0.0272529223608177,0.002));
#2193=CARTESIAN_POINT('',(-0.0187090191695777,0.0272529223608177,0.0042));
#2194=CARTESIAN_POINT('',(-0.0187090191695777,0.0272529223608177,0.));
#2195=CARTESIAN_POINT('',(-0.0172669241908048,0.025810827382045,0.0042));
#2196=CARTESIAN_POINT('',(-0.0172669241908048,0.025810827382045,0.0042));
#2197=CARTESIAN_POINT('',(-0.0172669241908048,0.025810827382045,0.));
#2198=CARTESIAN_POINT('',(-0.0172669241908048,0.025810827382045,0.));
#2199=CARTESIAN_POINT('',(-0.0166674812093729,0.0252113844006131,0.));
#2200=CARTESIAN_POINT('',(-0.0229809703885628,0.0229809703885626,0.002));
#2201=CARTESIAN_POINT('',(-0.0272529223608179,0.0187090191695776,0.002));
#2202=CARTESIAN_POINT('',(-0.0272529223608179,0.0187090191695776,0.0042));
#2203=CARTESIAN_POINT('',(-0.0272529223608179,0.0187090191695776,0.));
#2204=CARTESIAN_POINT('',(-0.0272529223608179,0.0187090191695775,0.0042));
#2205=CARTESIAN_POINT('',(-0.0283656952447822,0.0198218033002805,0.0042));
#2206=CARTESIAN_POINT('',(-0.0296762283524206,0.022983570986201,0.00419999999999999));
#2207=CARTESIAN_POINT('',(-0.0277191915311532,0.0277112528177846,0.0042));
#2208=CARTESIAN_POINT('',(-0.022981849982727,0.0296716253916823,0.0042));
#2209=CARTESIAN_POINT('',(-0.0198378184808063,0.0283817214730061,0.0042));
#2210=CARTESIAN_POINT('',(-0.0187090191695777,0.0272529223608177,0.0042));
#2211=CARTESIAN_POINT('',(-0.0229809703885628,0.0229809703885626,-3.26149324024947E-26));
#2212=CARTESIAN_POINT('',(-0.0252113844006131,0.0166674812093729,0.002));
#2213=CARTESIAN_POINT('',(-0.025810827382045,0.0172669241908048,0.002));
#2214=CARTESIAN_POINT('',(-0.025810827382045,0.0172669241908048,0.));
#2215=CARTESIAN_POINT('',(-0.025810827382045,0.0172669241908048,0.0042));
#2216=CARTESIAN_POINT('',(-0.0252113844006131,0.0166674812093729,0.0042));
#2217=CARTESIAN_POINT('',(-0.0252113844006131,0.0166674812093729,0.));
#2218=CARTESIAN_POINT('',(3.46944695195361E-18,3.46944695195361E-18,0.002));
#2219=CARTESIAN_POINT('',(-0.0248176018299565,-0.0116123485742436,0.002));
#2220=CARTESIAN_POINT('',(-0.0248176018299565,-0.0116123485742436,0.));
#2221=CARTESIAN_POINT('',(-0.0248176018299565,-0.0116123485742436,0.0042));
#2222=CARTESIAN_POINT('',(3.46944695195361E-18,3.46944695195361E-18,0.0042));
#2223=CARTESIAN_POINT('',(-0.0248176018299565,0.0116123485742436,0.0042));
#2224=CARTESIAN_POINT('',(-0.0248176018299565,0.0116123485742436,0.002));
#2225=CARTESIAN_POINT('',(-0.0248176018299565,0.0116123485742436,0.));
#2226=CARTESIAN_POINT('',(3.46944695195361E-18,3.46944695195361E-18,0.));
#2227=CARTESIAN_POINT('',(-0.0252113844006131,-0.0166674812093729,0.002));
#2228=CARTESIAN_POINT('',(-0.0272529223608179,-0.0187090191695775,0.002));
#2229=CARTESIAN_POINT('',(-0.0272529223608179,-0.0187090191695775,0.0042));
#2230=CARTESIAN_POINT('',(-0.0272529223608179,-0.0187090191695775,0.));
#2231=CARTESIAN_POINT('',(-0.025810827382045,-0.0172669241908048,0.0042));
#2232=CARTESIAN_POINT('',(-0.025810827382045,-0.0172669241908048,0.0042));
#2233=CARTESIAN_POINT('',(-0.025810827382045,-0.0172669241908048,0.));
#2234=CARTESIAN_POINT('',(-0.025810827382045,-0.0172669241908048,0.));
#2235=CARTESIAN_POINT('',(-0.0252113844006131,-0.0166674812093729,0.));
#2236=CARTESIAN_POINT('',(-0.0229809703885628,-0.0229809703885627,0.002));
#2237=CARTESIAN_POINT('',(-0.0187090191695775,-0.0272529223608179,0.002));
#2238=CARTESIAN_POINT('',(-0.0187090191695775,-0.0272529223608179,0.0042));
#2239=CARTESIAN_POINT('',(-0.0187090191695775,-0.0272529223608179,0.));
#2240=CARTESIAN_POINT('',(-0.0187090191695776,-0.0272529223608178,0.0042));
#2241=CARTESIAN_POINT('',(-0.0198218033009175,-0.0283656952441452,0.0042));
#2242=CARTESIAN_POINT('',(-0.0229835709859054,-0.0296762283527163,0.0042));
#2243=CARTESIAN_POINT('',(-0.0277112528178644,-0.0277191915310735,0.0042));
#2244=CARTESIAN_POINT('',(-0.0296716253916598,-0.0229818499827496,0.0042));
#2245=CARTESIAN_POINT('',(-0.0283817214730063,-0.0198378184808062,0.0042));
#2246=CARTESIAN_POINT('',(-0.0272529223608179,-0.0187090191695775,0.0042));
#2247=CARTESIAN_POINT('',(-0.0229809703885628,-0.0229809703885627,-3.2614930775673E-26));
#2248=CARTESIAN_POINT('',(-0.0166674812093729,-0.0252113844006132,0.002));
#2249=CARTESIAN_POINT('',(-0.0172669241908047,-0.0258108273820451,0.002));
#2250=CARTESIAN_POINT('',(-0.0172669241908047,-0.0258108273820451,0.));
#2251=CARTESIAN_POINT('',(-0.0172669241908047,-0.0258108273820451,0.0042));
#2252=CARTESIAN_POINT('',(-0.0166674812093729,-0.0252113844006132,0.0042));
#2253=CARTESIAN_POINT('',(-0.0166674812093729,-0.0252113844006132,0.));
#2254=CARTESIAN_POINT('',(-1.7347234759768E-18,1.56125112837912E-17,0.002));
#2255=CARTESIAN_POINT('',(0.0116123485742436,-0.0248176018299565,0.002));
#2256=CARTESIAN_POINT('',(0.0116123485742436,-0.0248176018299565,0.));
#2257=CARTESIAN_POINT('',(0.0116123485742436,-0.0248176018299565,0.0042));
#2258=CARTESIAN_POINT('',(-1.7347234759768E-18,1.56125112837912E-17,0.0042));
#2259=CARTESIAN_POINT('',(-0.0116123485742436,-0.0248176018299565,0.0042));
#2260=CARTESIAN_POINT('',(-0.0116123485742436,-0.0248176018299565,0.002));
#2261=CARTESIAN_POINT('',(-0.0116123485742436,-0.0248176018299565,0.));
#2262=CARTESIAN_POINT('',(-1.7347234759768E-18,1.56125112837912E-17,0.));
#2263=CARTESIAN_POINT('',(0.0166674812093729,-0.0252113844006131,0.002));
#2264=CARTESIAN_POINT('',(0.0187090191695776,-0.0272529223608178,0.002));
#2265=CARTESIAN_POINT('',(0.0187090191695776,-0.0272529223608178,0.0042));
#2266=CARTESIAN_POINT('',(0.0187090191695776,-0.0272529223608178,0.));
#2267=CARTESIAN_POINT('',(0.0172669241908048,-0.025810827382045,0.0042));
#2268=CARTESIAN_POINT('',(0.0172669241908048,-0.025810827382045,0.0042));
#2269=CARTESIAN_POINT('',(0.0172669241908048,-0.025810827382045,0.));
#2270=CARTESIAN_POINT('',(0.0172669241908048,-0.025810827382045,0.));
#2271=CARTESIAN_POINT('',(0.0166674812093729,-0.0252113844006131,0.));
#2272=CARTESIAN_POINT('',(0.0229809703885628,-0.0229809703885628,0.002));
#2273=CARTESIAN_POINT('',(0.0272529223608179,-0.0187090191695776,0.002));
#2274=CARTESIAN_POINT('',(0.0272529223608179,-0.0187090191695776,0.0042));
#2275=CARTESIAN_POINT('',(0.0272529223608179,-0.0187090191695776,0.));
#2276=CARTESIAN_POINT('',(0.0272529223608178,-0.0187090191695776,0.0042));
#2277=CARTESIAN_POINT('',(0.0283656952454191,-0.0198218032996436,0.0042));
#2278=CARTESIAN_POINT('',(0.0296762283521248,-0.0229835709864969,0.0042));
#2279=CARTESIAN_POINT('',(0.0277191915312328,-0.0277112528177051,0.0042));
#2280=CARTESIAN_POINT('',(0.0229818499827042,-0.0296716253917052,0.0042));
#2281=CARTESIAN_POINT('',(0.0198378184808063,-0.0283817214730062,0.0042));
#2282=CARTESIAN_POINT('',(0.0187090191695776,-0.0272529223608178,0.0042));
#2283=CARTESIAN_POINT('',(0.0229809703885628,-0.0229809703885628,-3.26149283124602E-26));
#2284=CARTESIAN_POINT('',(0.0252113844006131,-0.0166674812093729,0.002));
#2285=CARTESIAN_POINT('',(0.025810827382045,-0.0172669241908048,0.002));
#2286=CARTESIAN_POINT('',(0.025810827382045,-0.0172669241908048,0.));
#2287=CARTESIAN_POINT('',(0.025810827382045,-0.0172669241908048,0.0042));
#2288=CARTESIAN_POINT('',(0.0252113844006131,-0.0166674812093729,0.0042));
#2289=CARTESIAN_POINT('',(0.0252113844006131,-0.0166674812093729,0.));
#2290=CARTESIAN_POINT('',(-1.7347234759768E-18,4.33680868994202E-18,0.002));
#2291=CARTESIAN_POINT('',(0.0248176018299565,0.0116123485742436,0.002));
#2292=CARTESIAN_POINT('',(0.0248176018299565,0.0116123485742436,0.));
#2293=CARTESIAN_POINT('',(0.0248176018299565,0.0116123485742436,0.0042));
#2294=CARTESIAN_POINT('',(-1.7347234759768E-18,4.33680868994202E-18,0.0042));
#2295=CARTESIAN_POINT('',(0.0248176018299565,-0.0116123485742436,0.0042));
#2296=CARTESIAN_POINT('',(0.0248176018299565,-0.0116123485742436,0.002));
#2297=CARTESIAN_POINT('',(0.0248176018299565,-0.0116123485742436,0.));
#2298=CARTESIAN_POINT('',(-1.7347234759768E-18,4.33680868994202E-18,0.));
#2299=CARTESIAN_POINT('',(0.0252113844006131,0.0166674812093729,0.002));
#2300=CARTESIAN_POINT('',(0.0272529223608178,0.0187090191695776,0.002));
#2301=CARTESIAN_POINT('',(0.0272529223608178,0.0187090191695776,0.0042));
#2302=CARTESIAN_POINT('',(0.0272529223608178,0.0187090191695776,0.));
#2303=CARTESIAN_POINT('',(0.025810827382045,0.0172669241908048,0.0042));
#2304=CARTESIAN_POINT('',(0.025810827382045,0.0172669241908048,0.0042));
#2305=CARTESIAN_POINT('',(0.025810827382045,0.0172669241908048,0.));
#2306=CARTESIAN_POINT('',(0.025810827382045,0.0172669241908048,0.));
#2307=CARTESIAN_POINT('',(0.0252113844006131,0.0166674812093729,0.));
#2308=CARTESIAN_POINT('',(-0.0229809703885628,0.0229809703885628,0.002));
#2309=CARTESIAN_POINT('',(-0.0229809703885628,0.0229809703885628,0.));
#2310=CARTESIAN_POINT('',(-0.0208809703885628,0.0229809703885628,0.));
#2311=CARTESIAN_POINT('',(-0.0229809703885628,-0.0229809703885628,0.002));
#2312=CARTESIAN_POINT('',(-0.0229809703885628,-0.0229809703885628,0.));
#2313=CARTESIAN_POINT('',(-0.0208809703885628,-0.0229809703885628,0.));
#2314=CARTESIAN_POINT('',(0.0229809703885628,-0.0229809703885628,0.002));
#2315=CARTESIAN_POINT('',(0.0229809703885628,-0.0229809703885628,0.002));
#2316=CARTESIAN_POINT('',(0.0250809703885628,-0.0229809703885628,0.002));
#2317=CARTESIAN_POINT('',(0.0229809703885628,-0.0229809703885628,0.));
#2318=CARTESIAN_POINT('',(0.0250809703885628,-0.0229809703885628,0.));
#2319=CARTESIAN_POINT('',(0.,1.55530143491714E-18,0.002));
#2320=CARTESIAN_POINT('',(0.,1.55530143491714E-18,0.0042));
#2321=CARTESIAN_POINT('',(0.0254,1.55530143491714E-18,0.0042));
#2322=CARTESIAN_POINT('',(0.,1.55530143491714E-18,0.));
#2323=CARTESIAN_POINT('',(0.0254,1.55530143491714E-18,0.));
#2324=CARTESIAN_POINT('',(0.0229809703885627,0.0229809703885627,0.002));
#2325=CARTESIAN_POINT('',(0.0187090191695776,0.0272529223608179,0.0042));
#2326=CARTESIAN_POINT('',(0.019821803300963,0.0283656952440997,0.0042));
#2327=CARTESIAN_POINT('',(0.0229835709858842,0.0296762283527374,0.0042));
#2328=CARTESIAN_POINT('',(0.02771125281787,0.0277191915310678,0.0042));
#2329=CARTESIAN_POINT('',(0.029671625391658,0.0229818499827513,0.0042));
#2330=CARTESIAN_POINT('',(0.0283817214730062,0.0198378184808063,0.0042));
#2331=CARTESIAN_POINT('',(0.0272529223608178,0.0187090191695776,0.0042));
#2332=CARTESIAN_POINT('',(0.0229809703885627,0.0229809703885627,-3.26149345892594E-26));
#2333=CARTESIAN_POINT('',(0.0229809703885628,0.0229809703885628,0.002));
#2334=CARTESIAN_POINT('',(0.0229809703885628,0.0229809703885628,0.));
#2335=CARTESIAN_POINT('',(0.0250809703885628,0.0229809703885628,0.));
#2336=CARTESIAN_POINT('',(-2.77555756156289E-17,-1.7347234759768E-17,0.002));
#2337=CARTESIAN_POINT('',(0.0205060966544093,-0.0205060966544094,0.002));
#2338=CARTESIAN_POINT('',(0.0219349656710334,-0.019077227637786,0.002));
#2339=CARTESIAN_POINT('',(0.0190772276377859,-0.0219349656710335,0.002));
#2340=CARTESIAN_POINT('',(0.0196002299965506,-0.0238868370464217,0.002));
#2341=CARTESIAN_POINT('',(0.0201232323553153,-0.0258387084218095,0.002));
#2342=CARTESIAN_POINT('',(0.022075103730704,-0.0263617107805742,0.002));
#2343=CARTESIAN_POINT('',(0.0240269751060917,-0.0268847131393387,0.002));
#2344=CARTESIAN_POINT('',(0.0254558441227152,-0.0254558441227151,0.002));
#2345=CARTESIAN_POINT('',(0.0268847131393381,-0.0240269751060923,0.002));
#2346=CARTESIAN_POINT('',(0.0263617107805741,-0.0220751037307041,0.002));
#2347=CARTESIAN_POINT('',(0.0258387084218093,-0.0201232323553154,0.002));
#2348=CARTESIAN_POINT('',(0.0238868370464217,-0.0196002299965507,0.002));
#2349=CARTESIAN_POINT('',(-2.77555756156289E-17,-1.7347234759768E-17,0.));
#2350=CARTESIAN_POINT('',(0.0137313902848721,0.0293463612879778,0.));
#2351=CARTESIAN_POINT('',(0.0293463612879778,0.013731390284872,0.));
#2352=CARTESIAN_POINT('',(0.0293463612879778,-0.013731390284872,0.));
#2353=CARTESIAN_POINT('',(0.013731390284872,-0.0293463612879778,0.));
#2354=CARTESIAN_POINT('',(-0.013731390284872,-0.0293463612879779,0.));
#2355=CARTESIAN_POINT('',(-0.0293463612879778,-0.013731390284872,0.));
#2356=CARTESIAN_POINT('',(-0.0293463612879778,0.013731390284872,0.));
#2357=CARTESIAN_POINT('',(-0.013731390284872,0.0293463612879778,0.));
#2358=CARTESIAN_POINT('',(0.0205060966544093,-0.0205060966544094,0.0052));
#2359=CARTESIAN_POINT('',(0.0219349656710334,-0.019077227637786,0.0052));
#2360=CARTESIAN_POINT('',(0.0190772276377859,-0.0219349656710335,0.0052));
#2361=CARTESIAN_POINT('',(0.0238868370464217,-0.0196002299965507,0.0052));
#2362=CARTESIAN_POINT('',(0.0258387084218099,-0.0201232323553154,0.0052));
#2363=CARTESIAN_POINT('',(0.0263617107805741,-0.0220751037307041,0.0052));
#2364=CARTESIAN_POINT('',(0.0268847131393388,-0.0240269751060923,0.0052));
#2365=CARTESIAN_POINT('',(0.0254558441227152,-0.0254558441227151,0.0052));
#2366=CARTESIAN_POINT('',(0.0240269751060917,-0.0268847131393387,0.0052));
#2367=CARTESIAN_POINT('',(0.022075103730704,-0.0263617107805742,0.0052));
#2368=CARTESIAN_POINT('',(0.0201232323553158,-0.0258387084218095,0.0052));
#2369=CARTESIAN_POINT('',(0.0238868370464216,0.0196002299965506,0.0052));
#2370=CARTESIAN_POINT('',(0.0219349656710333,0.0190772276377863,0.0052));
#2371=CARTESIAN_POINT('',(0.0258387084218095,0.0201232323553158,0.0052));
#2372=CARTESIAN_POINT('',(0.0205060966544098,0.0205060966544099,0.0052));
#2373=CARTESIAN_POINT('',(0.019077227637786,0.0219349656710334,0.0052));
#2374=CARTESIAN_POINT('',(0.0196002299965507,0.0238868370464216,0.0052));
#2375=CARTESIAN_POINT('',(0.0201232323553158,0.0258387084218094,0.0052));
#2376=CARTESIAN_POINT('',(0.022075103730704,0.0263617107805741,0.0052));
#2377=CARTESIAN_POINT('',(0.0240269751060921,0.0268847131393392,0.0052));
#2378=CARTESIAN_POINT('',(0.0254558441227156,0.0254558441227157,0.0052));
#2379=CARTESIAN_POINT('',(0.0268847131393389,0.0240269751060922,0.0052));
#2380=CARTESIAN_POINT('',(-0.0238868370464217,-0.0196002299965506,0.0052));
#2381=CARTESIAN_POINT('',(-0.0219349656710331,-0.0190772276377862,0.0052));
#2382=CARTESIAN_POINT('',(-0.0258387084218096,-0.0201232323553159,0.0052));
#2383=CARTESIAN_POINT('',(-0.0205060966544096,-0.0205060966544098,0.0052));
#2384=CARTESIAN_POINT('',(-0.019077227637786,-0.0219349656710335,0.0052));
#2385=CARTESIAN_POINT('',(-0.0196002299965507,-0.0238868370464217,0.0052));
#2386=CARTESIAN_POINT('',(-0.0201232323553158,-0.0258387084218094,0.0052));
#2387=CARTESIAN_POINT('',(-0.0220751037307041,-0.0263617107805741,0.0052));
#2388=CARTESIAN_POINT('',(-0.0240269751060919,-0.0268847131393391,0.0052));
#2389=CARTESIAN_POINT('',(-0.0254558441227154,-0.0254558441227156,0.0052));
#2390=CARTESIAN_POINT('',(-0.0268847131393389,-0.0240269751060923,0.0052));
#2391=CARTESIAN_POINT('',(-0.0196002299965506,0.0238868370464216,0.0052));
#2392=CARTESIAN_POINT('',(-0.0190772276377864,0.0219349656710332,0.0052));
#2393=CARTESIAN_POINT('',(-0.0190772276377864,0.0219349656710332,0.0052));
#2394=CARTESIAN_POINT('',(-0.0196002299965506,0.0238868370464216,0.0052));
#2395=CARTESIAN_POINT('',(-0.0201232323553158,0.0258387084218095,0.0052));
#2396=CARTESIAN_POINT('',(-0.0201232323553158,0.0258387084218095,0.0052));
#2397=CARTESIAN_POINT('',(-0.0205060966544099,0.0205060966544097,0.0052));
#2398=CARTESIAN_POINT('',(-0.0219349656710334,0.019077227637786,0.0052));
#2399=CARTESIAN_POINT('',(-0.0219349656710334,0.019077227637786,0.0052));
#2400=CARTESIAN_POINT('',(-0.0205060966544099,0.0205060966544097,0.0052));
#2401=CARTESIAN_POINT('',(-0.0238868370464217,0.0196002299965507,0.0052));
#2402=CARTESIAN_POINT('',(-0.0258387084218094,0.0201232323553157,0.0052));
#2403=CARTESIAN_POINT('',(-0.0258387084218094,0.0201232323553157,0.0052));
#2404=CARTESIAN_POINT('',(-0.0238868370464217,0.0196002299965507,0.0052));
#2405=CARTESIAN_POINT('',(-0.0263617107805741,0.022075103730704,0.0052));
#2406=CARTESIAN_POINT('',(-0.0268847131393391,0.0240269751060919,0.0052));
#2407=CARTESIAN_POINT('',(-0.0268847131393391,0.0240269751060919,0.0052));
#2408=CARTESIAN_POINT('',(-0.0263617107805741,0.022075103730704,0.0052));
#2409=CARTESIAN_POINT('',(-0.0254558441227156,0.0254558441227154,0.0052));
#2410=CARTESIAN_POINT('',(-0.0240269751060923,0.0268847131393389,0.0052));
#2411=CARTESIAN_POINT('',(-0.0240269751060923,0.0268847131393389,0.0052));
#2412=CARTESIAN_POINT('',(-0.0254558441227156,0.0254558441227154,0.0052));
#2413=CARTESIAN_POINT('',(0.0263617107805742,0.022075103730704,0.0052));
#2414=CARTESIAN_POINT('',(-0.0263617107805742,-0.0220751037307041,0.0052));
#2415=CARTESIAN_POINT('',(-0.0220751037307041,0.0263617107805742,0.0052));
#2416=CARTESIAN_POINT('',(-0.0220751037307041,0.0263617107805742,0.0052));
#2417=CARTESIAN_POINT('',(0.0196002299965506,-0.0238868370464217,0.0052));
#2418=CARTESIAN_POINT('',(-2.77555756156289E-17,-1.7347234759768E-17,0.0052));
#2419=CARTESIAN_POINT('',(-0.0293463612879778,0.013731390284872,0.0052));
#2420=CARTESIAN_POINT('',(-0.0251037206008585,0.0179740309719914,0.0052));
#2421=CARTESIAN_POINT('',(-0.0239118499383523,0.011188540232118,0.0052));
#2422=CARTESIAN_POINT('',(0.,1.55530143491714E-18,0.0052));
#2423=CARTESIAN_POINT('',(-0.011188540232118,0.0239118499383523,0.0052));
#2424=CARTESIAN_POINT('',(-0.013731390284872,0.0293463612879778,0.0052));
#2425=CARTESIAN_POINT('',(-0.0179740309719914,0.0251037206008585,0.0052));
#2426=CARTESIAN_POINT('',(-0.0194161259507641,0.0265458155796313,0.0052));
#2427=CARTESIAN_POINT('',(-0.0194161258884223,0.0265458155172895,0.0052));
#2428=CARTESIAN_POINT('',(-0.0194161258884224,0.0265458155172894,0.0052));
#2429=CARTESIAN_POINT('',(-0.0203580828470488,0.0274877723098212,0.0052));
#2430=CARTESIAN_POINT('',(-0.0229812269288288,0.0285636899880376,0.0052));
#2431=CARTESIAN_POINT('',(-0.0269365783728436,0.0269299520866708,0.0052));
#2432=CARTESIAN_POINT('',(-0.0285617990646818,0.0229769348499793,0.0052));
#2433=CARTESIAN_POINT('',(-0.0274877723556905,0.0203580829258635,0.0052));
#2434=CARTESIAN_POINT('',(-0.0265458155796314,0.0194161259507641,0.0052));
#2435=CARTESIAN_POINT('',(-0.0265458155796314,0.0194161259507641,0.0052));
#2436=CARTESIAN_POINT('',(-0.00356484481443358,-0.00356484481443357,0.0052));
#2437=CARTESIAN_POINT('',(-0.0293463612879778,-0.013731390284872,0.002));
#2438=CARTESIAN_POINT('',(-0.0293463612879778,-0.013731390284872,0.0042));
#2439=CARTESIAN_POINT('',(-0.0293463612879778,0.013731390284872,0.002));
#2440=CARTESIAN_POINT('',(-0.0293463612879778,0.013731390284872,0.0042));
#2441=CARTESIAN_POINT('',(-0.013731390284872,0.0293463612879778,0.002));
#2442=CARTESIAN_POINT('',(-0.013731390284872,0.0293463612879778,0.0042));
#2443=CARTESIAN_POINT('',(0.0137313902848721,0.0293463612879778,0.002));
#2444=CARTESIAN_POINT('',(0.0137313902848721,0.0293463612879778,0.0042));
#2445=CARTESIAN_POINT('',(0.0293463612879778,0.013731390284872,0.002));
#2446=CARTESIAN_POINT('',(0.0293463612879778,0.013731390284872,0.0042));
#2447=CARTESIAN_POINT('',(0.0293463612879778,-0.013731390284872,0.002));
#2448=CARTESIAN_POINT('',(0.0293463612879778,-0.013731390284872,0.0042));
#2449=CARTESIAN_POINT('',(0.013731390284872,-0.0293463612879778,0.002));
#2450=CARTESIAN_POINT('',(0.013731390284872,-0.0293463612879778,0.0042));
#2451=CARTESIAN_POINT('',(-0.013731390284872,-0.0293463612879779,0.002));
#2452=CARTESIAN_POINT('',(-0.013731390284872,-0.0293463612879779,0.0042));
#2453=CARTESIAN_POINT('',(0.0265458155172895,-0.0194161258884223,0.0052));
#2454=CARTESIAN_POINT('',(0.0272529223608178,-0.0187090191695776,0.0052));
#2455=CARTESIAN_POINT('',(0.0272529223608178,-0.0187090191695776,0.0042));
#2456=CARTESIAN_POINT('',(0.0270167939125079,-0.0198871043730393,0.0052));
#2457=CARTESIAN_POINT('',(0.0278173219382803,-0.0192734188541633,0.00519999999999755));
#2458=CARTESIAN_POINT('',(0.0278173219420929,-0.0192734188503728,0.00419999999999913));
#2459=CARTESIAN_POINT('',(0.0277576873917868,-0.0210006720190223,0.0052));
#2460=CARTESIAN_POINT('',(0.0287051757568064,-0.0206078688315723,0.00520000000000113));
#2461=CARTESIAN_POINT('',(0.0287051757550745,-0.0206078688332939,0.00420000000000039));
#2462=CARTESIAN_POINT('',(0.0282901156666683,-0.0236427720642467,0.0052));
#2463=CARTESIAN_POINT('',(0.0293432141390776,-0.0237740441046944,0.00519999999999926));
#2464=CARTESIAN_POINT('',(0.0293432141401116,-0.023774044103668,0.00419999999999977));
#2465=CARTESIAN_POINT('',(0.0269368561229827,-0.0269275614448324,0.0052));
#2466=CARTESIAN_POINT('',(0.0277215280439359,-0.0277103897147233,0.005200000000001));
#2467=CARTESIAN_POINT('',(0.0277215280432883,-0.0277103897153538,0.00420000000000008));
#2468=CARTESIAN_POINT('',(0.0229811476073945,-0.0285643730271393,0.0052));
#2469=CARTESIAN_POINT('',(0.0229811827596971,-0.0296718719711746,0.00519999999999709));
#2470=CARTESIAN_POINT('',(0.022981182760917,-0.0296718719700104,0.00419999999999998));
#2471=CARTESIAN_POINT('',(0.0203580828542669,-0.0274877723130768,0.0052));
#2472=CARTESIAN_POINT('',(0.0198378185347679,-0.028381721522257,0.00520000000000613));
#2473=CARTESIAN_POINT('',(0.0198378185323532,-0.0283817215245532,0.0042));
#2474=CARTESIAN_POINT('',(0.0194161258884223,-0.0265458155172895,0.0052));
#2475=CARTESIAN_POINT('',(0.0187090191695776,-0.0272529223608178,0.0052));
#2476=CARTESIAN_POINT('',(0.0187090191695776,-0.0272529223608178,0.0042));
#2477=CARTESIAN_POINT('',(0.0194161258884223,-0.0265458155172895,0.0042));
#2478=CARTESIAN_POINT('',(0.0265458155796313,-0.0194161259507642,0.0042));
#2479=CARTESIAN_POINT('',(-0.0194161258884223,-0.0265458155172895,0.0052));
#2480=CARTESIAN_POINT('',(-0.0187090191695776,-0.0272529223608178,0.0052));
#2481=CARTESIAN_POINT('',(-0.0187090191695776,-0.0272529223608178,0.0042));
#2482=CARTESIAN_POINT('',(-0.0198871043730115,-0.0270167939125403,0.0052));
#2483=CARTESIAN_POINT('',(-0.0192734188541119,-0.0278173219382852,0.00519999999999755));
#2484=CARTESIAN_POINT('',(-0.0192734188503491,-0.0278173219420692,0.00419999999999913));
#2485=CARTESIAN_POINT('',(-0.0210006720190349,-0.027757687391772,0.0052));
#2486=CARTESIAN_POINT('',(-0.0206078688315949,-0.0287051757568035,0.00520000000000104));
#2487=CARTESIAN_POINT('',(-0.0206078688333044,-0.0287051757550851,0.00420000000000038));
#2488=CARTESIAN_POINT('',(-0.023642772064239,-0.0282901156666773,0.0052));
#2489=CARTESIAN_POINT('',(-0.0237740441046845,-0.0293432141390823,0.00519999999999965));
#2490=CARTESIAN_POINT('',(-0.0237740441036628,-0.0293432141401063,0.00419999999999985));
#2491=CARTESIAN_POINT('',(-0.026927561444839,-0.0269368561229754,0.0052));
#2492=CARTESIAN_POINT('',(-0.0277103897147004,-0.027721528043908,0.00519999999999788));
#2493=CARTESIAN_POINT('',(-0.0277103897153488,-0.0277215280432834,0.00419999999999949));
#2494=CARTESIAN_POINT('',(-0.0285643730271237,-0.0229811476074113,0.0052));
#2495=CARTESIAN_POINT('',(-0.0296718719712737,-0.0229811827597974,0.00520000000000849));
#2496=CARTESIAN_POINT('',(-0.0296718719700357,-0.0229811827609421,0.00420000000000213));
#2497=CARTESIAN_POINT('',(-0.0274877723131092,-0.0203580828542322,0.0052));
#2498=CARTESIAN_POINT('',(-0.0283817215220414,-0.0198378185345521,0.00519999999998162));
#2499=CARTESIAN_POINT('',(-0.0283817215244978,-0.0198378185322977,0.00419999999999538));
#2500=CARTESIAN_POINT('',(-0.0265458155172895,-0.0194161258884222,0.0052));
#2501=CARTESIAN_POINT('',(-0.0272529223608179,-0.0187090191695775,0.0052));
#2502=CARTESIAN_POINT('',(-0.0272529223608179,-0.0187090191695775,0.0042));
#2503=CARTESIAN_POINT('',(-0.0265458155172895,-0.0194161258884222,0.0042));
#2504=CARTESIAN_POINT('',(-0.0194161259507642,-0.0265458155796312,0.0042));
#2505=CARTESIAN_POINT('',(-0.0265458155172895,0.0194161258884222,0.0052));
#2506=CARTESIAN_POINT('',(-0.0272529223608179,0.0187090191695775,0.0052));
#2507=CARTESIAN_POINT('',(-0.0272529223608179,0.0187090191695775,0.0042));
#2508=CARTESIAN_POINT('',(-0.0270167939125265,0.0198871043730033,0.0052));
#2509=CARTESIAN_POINT('',(-0.0278173219382788,0.0192734188541085,0.00519999999999632));
#2510=CARTESIAN_POINT('',(-0.0278173219420641,0.0192734188503438,0.00419999999999827));
#2511=CARTESIAN_POINT('',(-0.0277576873917785,0.0210006720190384,0.0052));
#2512=CARTESIAN_POINT('',(-0.0287051757568069,0.0206078688315966,0.00520000000000164));
#2513=CARTESIAN_POINT('',(-0.0287051757550877,0.0206078688333068,0.00420000000000078));
#2514=CARTESIAN_POINT('',(-0.0282901156666731,0.0236427720642372,0.0052));
#2515=CARTESIAN_POINT('',(-0.0293432141390787,0.0237740441046821,0.00519999999999916));
#2516=CARTESIAN_POINT('',(-0.029343214140104,0.0237740441036602,0.00419999999999955));
#2517=CARTESIAN_POINT('',(-0.0269368561229817,0.0269275614448357,0.0052));
#2518=CARTESIAN_POINT('',(-0.0277215280439238,0.0277103897147121,0.00519999999999939));
#2519=CARTESIAN_POINT('',(-0.0277215280432922,0.0277103897153573,0.00420000000000015));
#2520=CARTESIAN_POINT('',(-0.0229811476073928,0.0285643730271372,0.0052));
#2521=CARTESIAN_POINT('',(-0.022981182759742,0.0296718719712309,0.00520000000000333));
#2522=CARTESIAN_POINT('',(-0.022981182760912,0.0296718719700052,0.00419999999999996));
#2523=CARTESIAN_POINT('',(-0.0203580828542716,0.027487772313079,0.0052));
#2524=CARTESIAN_POINT('',(-0.0198378185346715,0.0283817215221327,0.00519999999999264));
#2525=CARTESIAN_POINT('',(-0.0198378185323625,0.0283817215245624,0.0042));
#2526=CARTESIAN_POINT('',(-0.0194161258884224,0.0265458155172894,0.0052));
#2527=CARTESIAN_POINT('',(-0.0187090191695776,0.0272529223608177,0.0052));
#2528=CARTESIAN_POINT('',(-0.0187090191695776,0.0272529223608177,0.0042));
#2529=CARTESIAN_POINT('',(-0.0194161258884224,0.0265458155172894,0.0042));
#2530=CARTESIAN_POINT('',(-0.0265458155796314,0.0194161259507641,0.0042));
#2531=CARTESIAN_POINT('',(0.0194161258884223,0.0265458155172895,0.0052));
#2532=CARTESIAN_POINT('',(0.0187090191695776,0.0272529223608178,0.0052));
#2533=CARTESIAN_POINT('',(0.0187090191695776,0.0272529223608178,0.0042));
#2534=CARTESIAN_POINT('',(0.0198871043730184,0.0270167939125322,0.0052));
#2535=CARTESIAN_POINT('',(0.0192734188541175,0.0278173219382787,0.00519999999999449));
#2536=CARTESIAN_POINT('',(0.0192734188503601,0.0278173219420802,0.00419999999999769));
#2537=CARTESIAN_POINT('',(0.0210006720190319,0.0277576873917757,0.0052));
#2538=CARTESIAN_POINT('',(0.0206078688315927,0.0287051757568068,0.00520000000000248));
#2539=CARTESIAN_POINT('',(0.0206078688332995,0.0287051757550803,0.00420000000000104));
#2540=CARTESIAN_POINT('',(0.0236427720642403,0.0282901156666749,0.0052));
#2541=CARTESIAN_POINT('',(0.0237740441046836,0.0293432141390789,0.00519999999999862));
#2542=CARTESIAN_POINT('',(0.0237740441036648,0.0293432141401085,0.00419999999999942));
#2543=CARTESIAN_POINT('',(0.0269275614448415,0.0269368561229778,0.0052));
#2544=CARTESIAN_POINT('',(0.0277103897147181,0.0277215280439216,0.00519999999999997));
#2545=CARTESIAN_POINT('',(0.0277103897153537,0.0277215280432882,0.00420000000000006));
#2546=CARTESIAN_POINT('',(0.0285643730271119,0.0229811476074047,0.0052));
#2547=CARTESIAN_POINT('',(0.0296718719712068,0.0229811827597495,0.00520000000000176));
#2548=CARTESIAN_POINT('',(0.0296718719700143,0.0229811827609209,0.00420000000000048));
#2549=CARTESIAN_POINT('',(0.0274877723131346,0.0203580828542461,0.0052));
#2550=CARTESIAN_POINT('',(0.0283817215221851,0.0198378185346551,0.00519999999999591));
#2551=CARTESIAN_POINT('',(0.0283817215245439,0.019837818532344,0.00419999999999885));
#2552=CARTESIAN_POINT('',(0.0265458155172895,0.0194161258884223,0.0052));
#2553=CARTESIAN_POINT('',(0.0272529223608178,0.0187090191695776,0.0052));
#2554=CARTESIAN_POINT('',(0.0272529223608178,0.0187090191695776,0.0042));
#2555=CARTESIAN_POINT('',(0.0194161259507641,0.0265458155796313,0.0042));
#2556=CARTESIAN_POINT('',(0.0265458155172895,0.0194161258884223,0.0042));
#2557=CARTESIAN_POINT('',(0.00356484481443351,-0.00356484481443358,0.0042));
#2558=CARTESIAN_POINT('',(0.0251037206008585,0.0179740309719914,0.0042));
#2559=CARTESIAN_POINT('',(0.0245042776194266,-0.0173745879905594,0.0042));
#2560=CARTESIAN_POINT('',(0.0251037206008585,-0.0179740309719914,0.0042));
#2561=CARTESIAN_POINT('',(-0.00356484481443357,-0.00356484481443355,0.0042));
#2562=CARTESIAN_POINT('',(0.0179740309719914,-0.0251037206008585,0.0042));
#2563=CARTESIAN_POINT('',(-0.0173745879905594,-0.0245042776194267,0.0042));
#2564=CARTESIAN_POINT('',(-0.0179740309719912,-0.0251037206008585,0.0042));
#2565=CARTESIAN_POINT('',(-0.00356484481443358,0.00356484481443354,0.0042));
#2566=CARTESIAN_POINT('',(-0.0251037206008585,-0.0179740309719914,0.0042));
#2567=CARTESIAN_POINT('',(-0.0245042776194266,0.0173745879905594,0.0042));
#2568=CARTESIAN_POINT('',(-0.0251037206008585,0.0179740309719914,0.0042));
#2569=CARTESIAN_POINT('',(0.00356484481443356,0.00356484481443355,0.0042));
#2570=CARTESIAN_POINT('',(-0.0179740309719914,0.0251037206008585,0.0042));
#2571=CARTESIAN_POINT('',(0.0173745879905594,0.0245042776194265,0.0042));
#2572=CARTESIAN_POINT('',(0.0179740309719914,0.0251037206008585,0.0042));
#2573=CARTESIAN_POINT('',(0.0293463612879778,0.013731390284872,0.0042));
#2574=CARTESIAN_POINT('',(0.0239118499383523,0.011188540232118,0.0042));
#2575=CARTESIAN_POINT('',(0.0293463612879778,-0.013731390284872,0.0042));
#2576=CARTESIAN_POINT('',(0.0239118499383523,-0.011188540232118,0.0042));
#2577=CARTESIAN_POINT('',(0.013731390284872,-0.0293463612879778,0.0042));
#2578=CARTESIAN_POINT('',(0.011188540232118,-0.0239118499383522,0.0042));
#2579=CARTESIAN_POINT('',(-0.013731390284872,-0.0293463612879779,0.0042));
#2580=CARTESIAN_POINT('',(-0.0111885402321179,-0.0239118499383523,0.0042));
#2581=CARTESIAN_POINT('',(-0.0293463612879778,-0.013731390284872,0.0042));
#2582=CARTESIAN_POINT('',(-0.0239118499383523,-0.011188540232118,0.0042));
#2583=CARTESIAN_POINT('',(-0.0293463612879778,0.013731390284872,0.0042));
#2584=CARTESIAN_POINT('',(-0.0239118499383523,0.011188540232118,0.0042));
#2585=CARTESIAN_POINT('',(-0.013731390284872,0.0293463612879778,0.0042));
#2586=CARTESIAN_POINT('',(-0.011188540232118,0.0239118499383523,0.0042));
#2587=CARTESIAN_POINT('',(0.0137313902848721,0.0293463612879778,0.0042));
#2588=CARTESIAN_POINT('',(0.011188540232118,0.0239118499383523,0.0042));
#2589=CARTESIAN_POINT('',(-1.7347234759768E-18,4.33680868994202E-18,0.0042));
#2590=MECHANICAL_DESIGN_GEOMETRIC_PRESENTATION_REPRESENTATION('',(#1441),
#2591);
#2591=(
GEOMETRIC_REPRESENTATION_CONTEXT(3)
GLOBAL_UNCERTAINTY_ASSIGNED_CONTEXT((#2592))
GLOBAL_UNIT_ASSIGNED_CONTEXT((#2595,#2594,#2593))
REPRESENTATION_CONTEXT('Electronics Casing Inner Ring',
'TOP_LEVEL_ASSEMBLY_PART')
);
#2592=UNCERTAINTY_MEASURE_WITH_UNIT(LENGTH_MEASURE(2.E-5),#2595,
'DISTANCE_ACCURACY_VALUE','Maximum Tolerance applied to model');
#2593=(
NAMED_UNIT(*)
SI_UNIT($,.STERADIAN.)
SOLID_ANGLE_UNIT()
);
#2594=(
NAMED_UNIT(*)
PLANE_ANGLE_UNIT()
SI_UNIT($,.RADIAN.)
);
#2595=(
LENGTH_UNIT()
NAMED_UNIT(*)
SI_UNIT($,.METRE.)
);
#2596=PRODUCT_DEFINITION_SHAPE('','',#2597);
#2597=PRODUCT_DEFINITION('','',#2599,#2598);
#2598=PRODUCT_DEFINITION_CONTEXT('',#2605,'design');
#2599=PRODUCT_DEFINITION_FORMATION_WITH_SPECIFIED_SOURCE('','',#2601,
 .NOT_KNOWN.);
#2600=PRODUCT_RELATED_PRODUCT_CATEGORY('','',(#2601));
#2601=PRODUCT('Electronics Casing Inner Ring',
'Electronics Casing Inner Ring','Electronics Casing Inner Ring',(#2603));
#2602=PRODUCT_CATEGORY('','');
#2603=PRODUCT_CONTEXT('',#2605,'mechanical');
#2604=APPLICATION_PROTOCOL_DEFINITION('international standard',
'ap242_managed_model_based_3d_engineering',2020,#2605);
#2605=APPLICATION_CONTEXT('managed model based 3d engineering');
ENDSEC;
END-ISO-10303-21;
