ISO-10303-21;
HEADER;
/* Generated by software containing ST-Developer
 * from STEP Tools, Inc. (www.steptools.com) 
 */
/* OPTION: using custom renumber hook */

FILE_DESCRIPTION(
/* description */ ('STEP AP242 Edition 2',
'CAx-IF Rec.Pracs.---Representation and Presentation of Product Manufa
cturing Information (PMI)---4.0---2014-10-13',
'CAx-IF Rec.Pracs.---3D Tessellated Geometry---0.4---2014-09-14','2;1',
'CAx-IF Rec.Pracs.---User Defined Attributes---1.5---2016-08-15'),
/* implementation_level */ '2;1');

FILE_NAME(
/* name */ 'N-Metheus - Visible Light Holder',
/* time_stamp */ '2026-01-30T20:52:42Z',
/* author */ (''),
/* organization */ (''),
/* preprocessor_version */ 'ST-DEVELOPER v20',
/* originating_system */ 'ONSHAPE BY PTC INC, 1.210',
/* authorisation */ '  ');

FILE_SCHEMA (('AP242_MANAGED_MODEL_BASED_3D_ENGINEERING_MIM_LF { 1 0 10303 442 3 1 4 }'));
ENDSEC;

DATA;
#10=SHAPE_REPRESENTATION_RELATIONSHIP('','',#2920,#11);
#11=ADVANCED_BREP_SHAPE_REPRESENTATION('',(#2918),#5475);
#12=TOROIDAL_SURFACE('',#3131,0.00155000000000051,0.001);
#13=TOROIDAL_SURFACE('',#3133,0.00155000000000051,0.001);
#14=(
BOUNDED_SURFACE()
B_SPLINE_SURFACE(3,2,((#5418,#5419,#5420),(#5421,#5422,#5423),(#5424,#5425,
#5426),(#5427,#5428,#5429)),.UNSPECIFIED.,.F.,.F.,.F.)
B_SPLINE_SURFACE_WITH_KNOTS((4,4),(3,3),(0.0300678286100639,0.0311449640602214),
(0.,1.),.PIECEWISE_BEZIER_KNOTS.)
GEOMETRIC_REPRESENTATION_ITEM()
RATIONAL_B_SPLINE_SURFACE(((1.,0.707106781186548,1.),(1.,0.707106781186548,
1.),(1.,0.707106781186546,1.),(1.,0.707106781186546,1.)))
REPRESENTATION_ITEM('')
SURFACE()
);
#15=(
BOUNDED_SURFACE()
B_SPLINE_SURFACE(3,2,((#5430,#5431,#5432),(#5433,#5434,#5435),(#5436,#5437,
#5438),(#5439,#5440,#5441)),.UNSPECIFIED.,.F.,.F.,.F.)
B_SPLINE_SURFACE_WITH_KNOTS((4,4),(3,3),(0.0305723962136968,0.031653454006046),
(0.,1.),.PIECEWISE_BEZIER_KNOTS.)
GEOMETRIC_REPRESENTATION_ITEM()
RATIONAL_B_SPLINE_SURFACE(((1.,0.707106781186546,1.),(1.,0.707106781186546,
1.),(1.,0.707106781186547,1.),(1.,0.707106781186547,1.)))
REPRESENTATION_ITEM('')
SURFACE()
);
#16=CYLINDRICAL_SURFACE('',#2977,0.0242881091597522);
#17=CYLINDRICAL_SURFACE('',#2980,0.0162881091597522);
#18=CYLINDRICAL_SURFACE('',#2982,0.00355000000000053);
#19=CYLINDRICAL_SURFACE('',#2985,0.00355000000000052);
#20=CYLINDRICAL_SURFACE('',#2988,0.0162881091597522);
#21=CYLINDRICAL_SURFACE('',#2991,0.0242881091597522);
#22=CYLINDRICAL_SURFACE('',#3011,0.01);
#23=CYLINDRICAL_SURFACE('',#3014,0.01);
#24=CYLINDRICAL_SURFACE('',#3017,0.01);
#25=CYLINDRICAL_SURFACE('',#3020,0.01);
#26=CYLINDRICAL_SURFACE('',#3022,0.0016);
#27=CYLINDRICAL_SURFACE('',#3024,0.0016);
#28=CYLINDRICAL_SURFACE('',#3026,0.0016);
#29=CYLINDRICAL_SURFACE('',#3029,0.0016);
#30=CYLINDRICAL_SURFACE('',#3074,0.00140500663454102);
#31=CYLINDRICAL_SURFACE('',#3081,0.00255000000000052);
#32=CYLINDRICAL_SURFACE('',#3087,0.00255000000000052);
#33=CYLINDRICAL_SURFACE('',#3106,0.001);
#34=CYLINDRICAL_SURFACE('',#3107,0.001);
#35=CYLINDRICAL_SURFACE('',#3108,0.001);
#36=CYLINDRICAL_SURFACE('',#3109,0.001);
#37=CYLINDRICAL_SURFACE('',#3110,0.001);
#38=CYLINDRICAL_SURFACE('',#3111,0.001);
#39=CYLINDRICAL_SURFACE('',#3112,0.001);
#40=CYLINDRICAL_SURFACE('',#3113,0.001);
#41=CYLINDRICAL_SURFACE('',#3114,0.001);
#42=CYLINDRICAL_SURFACE('',#3115,0.001);
#43=CYLINDRICAL_SURFACE('',#3116,0.001);
#44=CYLINDRICAL_SURFACE('',#3117,0.001);
#45=CYLINDRICAL_SURFACE('',#3118,0.001);
#46=CYLINDRICAL_SURFACE('',#3119,0.001);
#47=CYLINDRICAL_SURFACE('',#3120,0.001);
#48=CYLINDRICAL_SURFACE('',#3121,0.001);
#49=CYLINDRICAL_SURFACE('',#3122,0.001);
#50=CYLINDRICAL_SURFACE('',#3123,0.001);
#51=CYLINDRICAL_SURFACE('',#3124,0.001);
#52=CYLINDRICAL_SURFACE('',#3125,0.001);
#53=CYLINDRICAL_SURFACE('',#3126,0.001);
#54=CYLINDRICAL_SURFACE('',#3127,0.001);
#55=CYLINDRICAL_SURFACE('',#3129,0.001);
#56=CYLINDRICAL_SURFACE('',#3135,0.001);
#57=CYLINDRICAL_SURFACE('',#3137,0.001);
#58=CYLINDRICAL_SURFACE('',#3139,0.001);
#59=B_SPLINE_SURFACE_WITH_KNOTS('',3,1,((#4183,#4184),(#4185,#4186),(#4187,
#4188),(#4189,#4190)),.SURF_OF_LINEAR_EXTRUSION.,.F.,.F.,.F.,(4,4),(2,2),
(1.25496766967229,1.55089611845992),(0.,1.),.PIECEWISE_BEZIER_KNOTS.);
#60=B_SPLINE_SURFACE_WITH_KNOTS('',3,1,((#4208,#4209),(#4210,#4211),(#4212,
#4213),(#4214,#4215),(#4216,#4217),(#4218,#4219),(#4220,#4221),(#4222,#4223),
(#4224,#4225),(#4226,#4227),(#4228,#4229)),.SURF_OF_LINEAR_EXTRUSION.,.F.,
 .F.,.F.,(4,1,1,1,1,1,1,1,4),(2,2),(2.33173960218315,2.60855440772224,2.88536921326132,
3.1621840188004,3.43899882433948,3.71581362987856,3.99262843541764,4.26944324095672,
4.5462580464958),(0.,1.),.UNSPECIFIED.);
#61=B_SPLINE_SURFACE_WITH_KNOTS('',3,1,((#4424,#4425),(#4426,#4427),(#4428,
#4429),(#4430,#4431),(#4432,#4433),(#4434,#4435),(#4436,#4437),(#4438,#4439),
(#4440,#4441),(#4442,#4443),(#4444,#4445)),.SURF_OF_LINEAR_EXTRUSION.,.F.,
 .F.,.F.,(4,1,1,1,1,1,1,1,4),(2,2),(4.87851991427358,5.32897310016154,5.77942628604949,
6.22987947193745,6.68033265782541,7.13078584371337,7.58123902960132,8.03169221548928,
8.48214540137724),(0.,1.),.UNSPECIFIED.);
#62=B_SPLINE_SURFACE_WITH_KNOTS('',3,1,((#4481,#4482),(#4483,#4484),(#4485,
#4486),(#4487,#4488)),.SURF_OF_LINEAR_EXTRUSION.,.F.,.F.,.F.,(4,4),(2,2),
(4.73228918871967,5.02821763750729),(0.,1.),.PIECEWISE_BEZIER_KNOTS.);
#63=B_SPLINE_SURFACE_WITH_KNOTS('',3,1,((#4590,#4591),(#4592,#4593),(#4594,
#4595),(#4596,#4597),(#4598,#4599),(#4600,#4601),(#4602,#4603),(#4604,#4605),
(#4606,#4607),(#4608,#4609),(#4610,#4611)),.SURF_OF_LINEAR_EXTRUSION.,.F.,
 .F.,.F.,(4,1,1,1,1,1,1,1,4),(2,2),(4.8773490894386,5.32374309583031,5.77013710222202,
6.21653110861372,6.66292511500543,7.10931912139714,7.55571312778885,8.00210713418055,
8.44850114057226),(0.,1.),.UNSPECIFIED.);
#64=B_SPLINE_SURFACE_WITH_KNOTS('',3,1,((#4653,#4654),(#4655,#4656),(#4657,
#4658),(#4659,#4660),(#4661,#4662),(#4663,#4664),(#4665,#4666),(#4667,#4668),
(#4669,#4670),(#4671,#4672),(#4673,#4674)),.SURF_OF_LINEAR_EXTRUSION.,.F.,
 .F.,.F.,(4,1,1,1,1,1,1,1,4),(2,2),(2.35989063127749,2.63333291128564,2.90677519129379,
3.18021747130195,3.4536597513101,3.72710203131825,4.00054431132641,4.27398659133456,
4.54742887134271),(0.,1.),.UNSPECIFIED.);
#65=B_SPLINE_SURFACE_WITH_KNOTS('',3,1,((#4726,#4727),(#4728,#4729),(#4730,
#4731),(#4732,#4733)),.SURF_OF_LINEAR_EXTRUSION.,.F.,.F.,.F.,(4,4),(2,2),
(0.,1.),(0.,1.),.PIECEWISE_BEZIER_KNOTS.);
#66=B_SPLINE_SURFACE_WITH_KNOTS('',3,1,((#4743,#4744),(#4745,#4746),(#4747,
#4748),(#4749,#4750)),.SURF_OF_LINEAR_EXTRUSION.,.F.,.F.,.F.,(4,4),(2,2),
(0.,1.),(0.,1.),.PIECEWISE_BEZIER_KNOTS.);
#67=B_SPLINE_SURFACE_WITH_KNOTS('',3,1,((#4760,#4761),(#4762,#4763),(#4764,
#4765),(#4766,#4767)),.SURF_OF_LINEAR_EXTRUSION.,.F.,.F.,.F.,(4,4),(2,2),
(0.,1.),(0.,1.),.PIECEWISE_BEZIER_KNOTS.);
#68=B_SPLINE_SURFACE_WITH_KNOTS('',3,1,((#4799,#4800),(#4801,#4802),(#4803,
#4804),(#4805,#4806)),.SURF_OF_LINEAR_EXTRUSION.,.F.,.F.,.F.,(4,4),(2,2),
(0.,1.),(0.,1.),.PIECEWISE_BEZIER_KNOTS.);
#69=B_SPLINE_SURFACE_WITH_KNOTS('',3,1,((#4812,#4813),(#4814,#4815),(#4816,
#4817),(#4818,#4819)),.SURF_OF_LINEAR_EXTRUSION.,.F.,.F.,.F.,(4,4),(2,2),
(0.,1.),(0.,1.),.PIECEWISE_BEZIER_KNOTS.);
#70=B_SPLINE_SURFACE_WITH_KNOTS('',3,1,((#4825,#4826),(#4827,#4828),(#4829,
#4830),(#4831,#4832)),.SURF_OF_LINEAR_EXTRUSION.,.F.,.F.,.F.,(4,4),(2,2),
(0.,1.),(0.,1.),.PIECEWISE_BEZIER_KNOTS.);
#71=B_SPLINE_SURFACE_WITH_KNOTS('',3,1,((#4838,#4839),(#4840,#4841),(#4842,
#4843),(#4844,#4845)),.SURF_OF_LINEAR_EXTRUSION.,.F.,.F.,.F.,(4,4),(2,2),
(0.,1.),(0.,1.),.PIECEWISE_BEZIER_KNOTS.);
#72=B_SPLINE_SURFACE_WITH_KNOTS('',3,1,((#4865,#4866),(#4867,#4868),(#4869,
#4870),(#4871,#4872)),.SURF_OF_LINEAR_EXTRUSION.,.F.,.F.,.F.,(4,4),(2,2),
(0.,1.),(0.,1.),.PIECEWISE_BEZIER_KNOTS.);
#73=B_SPLINE_SURFACE_WITH_KNOTS('',3,1,((#4902,#4903),(#4904,#4905),(#4906,
#4907),(#4908,#4909)),.SURF_OF_LINEAR_EXTRUSION.,.F.,.F.,.F.,(4,4),(2,2),
(0.,1.),(0.,1.),.PIECEWISE_BEZIER_KNOTS.);
#74=B_SPLINE_SURFACE_WITH_KNOTS('',3,1,((#4919,#4920),(#4921,#4922),(#4923,
#4924),(#4925,#4926)),.SURF_OF_LINEAR_EXTRUSION.,.F.,.F.,.F.,(4,4),(2,2),
(0.,1.),(0.,1.),.PIECEWISE_BEZIER_KNOTS.);
#75=B_SPLINE_SURFACE_WITH_KNOTS('',3,1,((#4936,#4937),(#4938,#4939),(#4940,
#4941),(#4942,#4943)),.SURF_OF_LINEAR_EXTRUSION.,.F.,.F.,.F.,(4,4),(2,2),
(0.,1.),(0.,1.),.PIECEWISE_BEZIER_KNOTS.);
#76=B_SPLINE_SURFACE_WITH_KNOTS('',3,1,((#4968,#4969),(#4970,#4971),(#4972,
#4973),(#4974,#4975)),.SURF_OF_LINEAR_EXTRUSION.,.F.,.F.,.F.,(4,4),(2,2),
(0.,1.),(0.,1.),.PIECEWISE_BEZIER_KNOTS.);
#77=B_SPLINE_SURFACE_WITH_KNOTS('',3,1,((#4985,#4986),(#4987,#4988),(#4989,
#4990),(#4991,#4992)),.SURF_OF_LINEAR_EXTRUSION.,.F.,.F.,.F.,(4,4),(2,2),
(0.,1.),(0.,1.),.PIECEWISE_BEZIER_KNOTS.);
#78=B_SPLINE_SURFACE_WITH_KNOTS('',3,1,((#5002,#5003),(#5004,#5005),(#5006,
#5007),(#5008,#5009)),.SURF_OF_LINEAR_EXTRUSION.,.F.,.F.,.F.,(4,4),(2,2),
(0.,1.),(0.,1.),.PIECEWISE_BEZIER_KNOTS.);
#79=B_SPLINE_SURFACE_WITH_KNOTS('',3,1,((#5029,#5030),(#5031,#5032),(#5033,
#5034),(#5035,#5036)),.SURF_OF_LINEAR_EXTRUSION.,.F.,.F.,.F.,(4,4),(2,2),
(0.,1.),(0.,1.),.PIECEWISE_BEZIER_KNOTS.);
#80=B_SPLINE_SURFACE_WITH_KNOTS('',3,1,((#5042,#5043),(#5044,#5045),(#5046,
#5047),(#5048,#5049)),.SURF_OF_LINEAR_EXTRUSION.,.F.,.F.,.F.,(4,4),(2,2),
(0.,1.),(0.,1.),.PIECEWISE_BEZIER_KNOTS.);
#81=B_SPLINE_SURFACE_WITH_KNOTS('',3,1,((#5055,#5056),(#5057,#5058),(#5059,
#5060),(#5061,#5062)),.SURF_OF_LINEAR_EXTRUSION.,.F.,.F.,.F.,(4,4),(2,2),
(0.,1.),(0.,1.),.PIECEWISE_BEZIER_KNOTS.);
#82=B_SPLINE_SURFACE_WITH_KNOTS('',3,1,((#5068,#5069),(#5070,#5071),(#5072,
#5073),(#5074,#5075)),.SURF_OF_LINEAR_EXTRUSION.,.F.,.F.,.F.,(4,4),(2,2),
(0.,1.),(0.,1.),.PIECEWISE_BEZIER_KNOTS.);
#83=B_SPLINE_SURFACE_WITH_KNOTS('',3,1,((#5081,#5082),(#5083,#5084),(#5085,
#5086),(#5087,#5088)),.SURF_OF_LINEAR_EXTRUSION.,.F.,.F.,.F.,(4,4),(2,2),
(0.,1.),(0.,1.),.PIECEWISE_BEZIER_KNOTS.);
#84=B_SPLINE_SURFACE_WITH_KNOTS('',3,1,((#5098,#5099),(#5100,#5101),(#5102,
#5103),(#5104,#5105)),.SURF_OF_LINEAR_EXTRUSION.,.F.,.F.,.F.,(4,4),(2,2),
(0.,1.),(0.,1.),.PIECEWISE_BEZIER_KNOTS.);
#85=B_SPLINE_SURFACE_WITH_KNOTS('',3,1,((#5111,#5112),(#5113,#5114),(#5115,
#5116),(#5117,#5118)),.SURF_OF_LINEAR_EXTRUSION.,.F.,.F.,.F.,(4,4),(2,2),
(0.,1.),(0.,1.),.PIECEWISE_BEZIER_KNOTS.);
#86=B_SPLINE_SURFACE_WITH_KNOTS('',3,1,((#5129,#5130),(#5131,#5132),(#5133,
#5134),(#5135,#5136)),.SURF_OF_LINEAR_EXTRUSION.,.F.,.F.,.F.,(4,4),(2,2),
(0.,1.),(0.,1.),.PIECEWISE_BEZIER_KNOTS.);
#87=B_SPLINE_SURFACE_WITH_KNOTS('',1,3,((#5214,#5215,#5216,#5217,#5218,
#5219,#5220,#5221,#5222,#5223,#5224,#5225,#5226,#5227,#5228,#5229,#5230,
#5231,#5232,#5233,#5234,#5235,#5236,#5237,#5238,#5239,#5240,#5241,#5242,
#5243,#5244,#5245,#5246,#5247,#5248,#5249),(#5250,#5251,#5252,#5253,#5254,
#5255,#5256,#5257,#5258,#5259,#5260,#5261,#5262,#5263,#5264,#5265,#5266,
#5267,#5268,#5269,#5270,#5271,#5272,#5273,#5274,#5275,#5276,#5277,#5278,
#5279,#5280,#5281,#5282,#5283,#5284,#5285)),.RULED_SURF.,.F.,.F.,.F.,(2,
2),(4,2,2,2,2,2,2,2,2,2,2,2,2,2,2,2,2,4),(0.,1.),(0.153238404371508,0.157699563736504,
0.167829531589681,0.177959499442856,0.188089467296031,0.193154451222619,
0.198219435149208,0.208349403002383,0.218479370855559,0.228609338708734,
0.23873930656191,0.248869274415085,0.258999242268261,0.269129210121437,
0.279259177974613,0.289389145827788,0.299519113680964,0.303170170875024),
 .UNSPECIFIED.);
#88=B_SPLINE_SURFACE_WITH_KNOTS('',1,3,((#5291,#5292,#5293,#5294,#5295,
#5296,#5297,#5298,#5299,#5300,#5301,#5302,#5303,#5304,#5305,#5306,#5307,
#5308,#5309,#5310,#5311,#5312,#5313,#5314,#5315,#5316,#5317,#5318,#5319,
#5320,#5321,#5322,#5323,#5324,#5325,#5326,#5327,#5328,#5329,#5330,#5331,
#5332,#5333,#5334,#5335,#5336,#5337,#5338,#5339,#5340,#5341,#5342,#5343,
#5344,#5345,#5346,#5347,#5348,#5349,#5350),(#5351,#5352,#5353,#5354,#5355,
#5356,#5357,#5358,#5359,#5360,#5361,#5362,#5363,#5364,#5365,#5366,#5367,
#5368,#5369,#5370,#5371,#5372,#5373,#5374,#5375,#5376,#5377,#5378,#5379,
#5380,#5381,#5382,#5383,#5384,#5385,#5386,#5387,#5388,#5389,#5390,#5391,
#5392,#5393,#5394,#5395,#5396,#5397,#5398,#5399,#5400,#5401,#5402,#5403,
#5404,#5405,#5406,#5407,#5408,#5409,#5410)),.RULED_SURF.,.F.,.F.,.F.,(2,
2),(4,2,2,2,2,2,2,2,2,2,2,2,2,2,2,2,2,2,2,2,2,2,2,2,2,2,2,2,2,4),(0.,1.),
(0.102239961496291,0.108407127328334,0.125520397150403,0.134077032061438,
0.142633666972473,0.151190301883507,0.159746936794542,0.168303571705576,
0.17686020661661,0.185416841527646,0.19397347643868,0.202530111349715,0.211086746260749,
0.219643381171784,0.228200016082818,0.236756650993853,0.245313285904887,
0.253869920815922,0.262426555726956,0.27098319063799,0.279539825549025,
0.288096460460059,0.296653095371094,0.305209730282128,0.313766365193163,
0.322323000104198,0.330879635015232,0.339436269926267,0.347992904837301,
0.355183970142662),.UNSPECIFIED.);
#89=B_SPLINE_CURVE_WITH_KNOTS('',3,(#3844,#3845,#3846,#3847,#3848,#3849,
#3850,#3851,#3852,#3853,#3854,#3855,#3856,#3857,#3858,#3859,#3860,#3861,
#3862,#3863,#3864,#3865,#3866,#3867,#3868,#3869,#3870,#3871,#3872),
 .UNSPECIFIED.,.F.,.F.,(4,1,1,1,1,1,1,1,1,1,1,1,1,1,1,1,1,1,1,1,1,1,1,1,
1,1,4),(0.,0.125,0.1875,0.21875,0.234375,0.25,0.265625,0.28125,0.3125,0.375,
0.4375,0.46875,0.5,0.53125,0.5625,0.59375,0.625,0.65625,0.6875,0.71875,
0.75,0.78125,0.8125,0.875,0.90625,0.9375,1.),.UNSPECIFIED.);
#90=B_SPLINE_CURVE_WITH_KNOTS('',3,(#3891,#3892,#3893,#3894,#3895,#3896,
#3897,#3898,#3899,#3900,#3901,#3902,#3903,#3904,#3905,#3906,#3907,#3908,
#3909,#3910,#3911,#3912,#3913,#3914,#3915,#3916,#3917,#3918,#3919,#3920),
 .UNSPECIFIED.,.F.,.F.,(4,1,1,1,1,1,1,1,1,1,1,1,1,1,1,1,1,1,1,1,1,1,1,1,
1,1,1,4),(0.,0.0625,0.09375,0.125,0.15625,0.1875,0.21875,0.25,0.28125,0.3125,
0.34375,0.375,0.40625,0.4375,0.46875,0.5,0.53125,0.5625,0.59375,0.625,0.65625,
0.6875,0.71875,0.75,0.78125,0.8125,0.875,1.),.UNSPECIFIED.);
#91=B_SPLINE_CURVE_WITH_KNOTS('',2,(#3962,#3963,#3964),.UNSPECIFIED.,.F.,
 .F.,(3,3),(0.,1.),.PIECEWISE_BEZIER_KNOTS.);
#92=B_SPLINE_CURVE_WITH_KNOTS('',2,(#3966,#3967,#3968),.UNSPECIFIED.,.F.,
 .F.,(3,3),(0.,1.),.PIECEWISE_BEZIER_KNOTS.);
#93=B_SPLINE_CURVE_WITH_KNOTS('',2,(#3970,#3971,#3972),.UNSPECIFIED.,.F.,
 .F.,(3,3),(0.,1.),.PIECEWISE_BEZIER_KNOTS.);
#94=B_SPLINE_CURVE_WITH_KNOTS('',2,(#3974,#3975,#3976),.UNSPECIFIED.,.F.,
 .F.,(3,3),(0.,1.),.PIECEWISE_BEZIER_KNOTS.);
#95=B_SPLINE_CURVE_WITH_KNOTS('',3,(#3993,#3994,#3995,#3996),
 .UNSPECIFIED.,.F.,.F.,(4,4),(0.,0.00100488719115844),.UNSPECIFIED.);
#96=B_SPLINE_CURVE_WITH_KNOTS('',3,(#4020,#4021,#4022,#4023),
 .UNSPECIFIED.,.F.,.F.,(4,4),(0.,0.00103810552203594),.UNSPECIFIED.);
#97=B_SPLINE_CURVE_WITH_KNOTS('',3,(#4027,#4028,#4029,#4030),
 .UNSPECIFIED.,.F.,.F.,(4,4),(0.,1.),.UNSPECIFIED.);
#98=B_SPLINE_CURVE_WITH_KNOTS('',3,(#4032,#4033,#4034,#4035,#4036,#4037,
#4038,#4039,#4040,#4041,#4042,#4043,#4044,#4045,#4046,#4047,#4048,#4049,
#4050,#4051,#4052,#4053,#4054,#4055,#4056,#4057,#4058,#4059,#4060,#4061,
#4062,#4063,#4064,#4065,#4066,#4067,#4068,#4069,#4070,#4071,#4072),
 .UNSPECIFIED.,.F.,.F.,(4,1,1,1,1,1,1,1,1,1,1,1,1,1,1,1,1,1,1,1,1,1,1,1,
1,1,1,1,1,1,1,1,1,1,1,1,1,1,4),(0.,0.0625,0.09375,0.109375,0.125,0.140625,
0.15625,0.1875,0.21875,0.25,0.3125,0.375,0.4375,0.46875,0.484375,0.5,0.515625,
0.53125,0.5625,0.59375,0.609375,0.625,0.640625,0.65625,0.6875,0.71875,0.734375,
0.75,0.765625,0.78125,0.8125,0.84375,0.859375,0.875,0.890625,0.90625,0.9375,
0.96875,1.),.UNSPECIFIED.);
#99=B_SPLINE_CURVE_WITH_KNOTS('',3,(#4084,#4085,#4086,#4087,#4088,#4089,
#4090,#4091,#4092,#4093,#4094,#4095,#4096,#4097,#4098),.UNSPECIFIED.,.F.,
 .F.,(4,1,1,1,1,1,1,1,1,1,1,1,4),(0.,0.125,0.1875,0.25,0.3125,0.375,0.5,
0.625,0.6875,0.75,0.8125,0.875,1.),.UNSPECIFIED.);
#100=B_SPLINE_CURVE_WITH_KNOTS('',3,(#4100,#4101,#4102,#4103),
 .UNSPECIFIED.,.F.,.F.,(4,4),(0.,1.),.UNSPECIFIED.);
#101=B_SPLINE_CURVE_WITH_KNOTS('',2,(#4126,#4127,#4128),.UNSPECIFIED.,.F.,
 .F.,(3,3),(0.,1.),.PIECEWISE_BEZIER_KNOTS.);
#102=B_SPLINE_CURVE_WITH_KNOTS('',2,(#4130,#4131,#4132),.UNSPECIFIED.,.F.,
 .F.,(3,3),(0.,1.),.PIECEWISE_BEZIER_KNOTS.);
#103=B_SPLINE_CURVE_WITH_KNOTS('',2,(#4136,#4137,#4138),.UNSPECIFIED.,.F.,
 .F.,(3,3),(0.,1.),.PIECEWISE_BEZIER_KNOTS.);
#104=B_SPLINE_CURVE_WITH_KNOTS('',2,(#4140,#4141,#4142),.UNSPECIFIED.,.F.,
 .F.,(3,3),(0.,1.),.PIECEWISE_BEZIER_KNOTS.);
#105=B_SPLINE_CURVE_WITH_KNOTS('',2,(#4144,#4145,#4146),.UNSPECIFIED.,.F.,
 .F.,(3,3),(0.,1.),.PIECEWISE_BEZIER_KNOTS.);
#106=B_SPLINE_CURVE_WITH_KNOTS('',2,(#4148,#4149,#4150),.UNSPECIFIED.,.F.,
 .F.,(3,3),(0.,1.),.PIECEWISE_BEZIER_KNOTS.);
#107=B_SPLINE_CURVE_WITH_KNOTS('',2,(#4152,#4153,#4154),.UNSPECIFIED.,.F.,
 .F.,(3,3),(0.,1.),.PIECEWISE_BEZIER_KNOTS.);
#108=B_SPLINE_CURVE_WITH_KNOTS('',3,(#4197,#4198,#4199,#4200),
 .UNSPECIFIED.,.F.,.F.,(4,4),(0.,0.00100125428672667),.UNSPECIFIED.);
#109=B_SPLINE_CURVE_WITH_KNOTS('',3,(#4204,#4205,#4206,#4207),
 .UNSPECIFIED.,.F.,.F.,(4,4),(0.,0.00283142819352163),.UNSPECIFIED.);
#110=B_SPLINE_CURVE_WITH_KNOTS('',3,(#4233,#4234,#4235,#4236,#4237),
 .UNSPECIFIED.,.F.,.F.,(4,1,4),(0.,0.000781816645892799,0.0015636332917856),
 .UNSPECIFIED.);
#111=B_SPLINE_CURVE_WITH_KNOTS('',3,(#4246,#4247,#4248,#4249,#4250),
 .UNSPECIFIED.,.F.,.F.,(4,1,4),(0.,0.000783039716999101,0.0015660794339982),
 .UNSPECIFIED.);
#112=B_SPLINE_CURVE_WITH_KNOTS('',3,(#4254,#4255,#4256,#4257,#4258),
 .UNSPECIFIED.,.F.,.F.,(4,1,4),(0.,0.000782423759098419,0.00156484751819684),
 .UNSPECIFIED.);
#113=B_SPLINE_CURVE_WITH_KNOTS('',3,(#4449,#4450,#4451,#4452,#4453),
 .UNSPECIFIED.,.F.,.F.,(4,1,4),(0.,0.000781814976304498,0.001563629952609),
 .UNSPECIFIED.);
#114=B_SPLINE_CURVE_WITH_KNOTS('',3,(#4457,#4458,#4459,#4460,#4461),
 .UNSPECIFIED.,.F.,.F.,(4,1,4),(0.,0.0007978046716098,0.0015956093432196),
 .UNSPECIFIED.);
#115=B_SPLINE_CURVE_WITH_KNOTS('',3,(#4465,#4466,#4467,#4468,#4469),
 .UNSPECIFIED.,.F.,.F.,(4,1,4),(0.,0.000795930376945836,0.00159186075389167),
 .UNSPECIFIED.);
#116=B_SPLINE_CURVE_WITH_KNOTS('',3,(#4492,#4493,#4494,#4495),
 .UNSPECIFIED.,.F.,.F.,(4,4),(0.,0.00283142541172614),.UNSPECIFIED.);
#117=B_SPLINE_CURVE_WITH_KNOTS('',3,(#4499,#4500,#4501,#4502),
 .UNSPECIFIED.,.F.,.F.,(4,4),(0.,0.00100125429319785),.UNSPECIFIED.);
#118=B_SPLINE_CURVE_WITH_KNOTS('',3,(#4517,#4518,#4519,#4520,#4521),
 .UNSPECIFIED.,.F.,.F.,(4,1,4),(0.,0.010343943422812,0.020687886845624),
 .UNSPECIFIED.);
#119=B_SPLINE_CURVE_WITH_KNOTS('',3,(#4538,#4539,#4540,#4541,#4542),
 .UNSPECIFIED.,.F.,.F.,(4,1,4),(0.,0.0103439939367766,0.0206879878735532),
 .UNSPECIFIED.);
#120=B_SPLINE_CURVE_WITH_KNOTS('',3,(#4580,#4581,#4582,#4583),
 .UNSPECIFIED.,.F.,.F.,(4,4),(0.,0.00144130390107239),.UNSPECIFIED.);
#121=B_SPLINE_CURVE_WITH_KNOTS('',3,(#4615,#4616,#4617,#4618,#4619),
 .UNSPECIFIED.,.F.,.F.,(4,1,4),(0.,0.00078194513464217,0.00156389026928434),
 .UNSPECIFIED.);
#122=B_SPLINE_CURVE_WITH_KNOTS('',3,(#4620,#4621,#4622,#4623,#4624,#4625,
#4626,#4627,#4628,#4629,#4630),.UNSPECIFIED.,.F.,.F.,(4,1,1,1,1,1,1,1,4),
(0.,0.125,0.25,0.375,0.5,0.625,0.75,0.875,1.),.UNSPECIFIED.);
#123=B_SPLINE_CURVE_WITH_KNOTS('',3,(#4631,#4632,#4633,#4634,#4635),
 .UNSPECIFIED.,.F.,.F.,(4,1,4),(6.93889390390723E-18,0.00079732098835377,
0.00159464197670753),.UNSPECIFIED.);
#124=B_SPLINE_CURVE_WITH_KNOTS('',3,(#4637,#4638,#4639,#4640),
 .UNSPECIFIED.,.F.,.F.,(4,4),(0.,0.00100188680880634),.UNSPECIFIED.);
#125=B_SPLINE_CURVE_WITH_KNOTS('',3,(#4645,#4646,#4647,#4648),
 .UNSPECIFIED.,.F.,.F.,(4,4),(0.00141701338719448,0.00283399952742339),
 .UNSPECIFIED.);
#126=B_SPLINE_CURVE_WITH_KNOTS('',3,(#4675,#4676,#4677,#4678,#4679),
 .UNSPECIFIED.,.F.,.F.,(4,1,4),(0.,0.000781943256738235,0.00156388651347647),
 .UNSPECIFIED.);
#127=B_SPLINE_CURVE_WITH_KNOTS('',3,(#4683,#4684,#4685,#4686,#4687),
 .UNSPECIFIED.,.F.,.F.,(4,1,4),(0.,0.000782385189457427,0.00156477037891485),
 .UNSPECIFIED.);
#128=B_SPLINE_CURVE_WITH_KNOTS('',3,(#4688,#4689,#4690,#4691,#4692,#4693,
#4694,#4695,#4696,#4697,#4698),.UNSPECIFIED.,.F.,.F.,(4,1,1,1,1,1,1,1,4),
(0.,0.125,0.25,0.375,0.5,0.625,0.75,0.875,1.),.UNSPECIFIED.);
#129=B_SPLINE_CURVE_WITH_KNOTS('',3,(#4700,#4701,#4702,#4703),
 .UNSPECIFIED.,.F.,.F.,(4,4),(0.,0.00100188734342396),.UNSPECIFIED.);
#130=B_SPLINE_CURVE_WITH_KNOTS('',2,(#4734,#4735,#4736),.UNSPECIFIED.,.F.,
 .F.,(3,3),(0.,1.),.PIECEWISE_BEZIER_KNOTS.);
#131=B_SPLINE_CURVE_WITH_KNOTS('',2,(#4740,#4741,#4742),.UNSPECIFIED.,.F.,
 .F.,(3,3),(0.,1.),.PIECEWISE_BEZIER_KNOTS.);
#132=B_SPLINE_CURVE_WITH_KNOTS('',2,(#4751,#4752,#4753),.UNSPECIFIED.,.F.,
 .F.,(3,3),(0.,1.),.PIECEWISE_BEZIER_KNOTS.);
#133=B_SPLINE_CURVE_WITH_KNOTS('',2,(#4757,#4758,#4759),.UNSPECIFIED.,.F.,
 .F.,(3,3),(0.,1.),.PIECEWISE_BEZIER_KNOTS.);
#134=B_SPLINE_CURVE_WITH_KNOTS('',2,(#4768,#4769,#4770),.UNSPECIFIED.,.F.,
 .F.,(3,3),(0.,1.),.PIECEWISE_BEZIER_KNOTS.);
#135=B_SPLINE_CURVE_WITH_KNOTS('',2,(#4774,#4775,#4776),.UNSPECIFIED.,.F.,
 .F.,(3,3),(0.,1.),.PIECEWISE_BEZIER_KNOTS.);
#136=B_SPLINE_CURVE_WITH_KNOTS('',2,(#4809,#4810,#4811),.UNSPECIFIED.,.F.,
 .F.,(3,3),(0.,1.),.PIECEWISE_BEZIER_KNOTS.);
#137=B_SPLINE_CURVE_WITH_KNOTS('',2,(#4822,#4823,#4824),.UNSPECIFIED.,.F.,
 .F.,(3,3),(0.,1.),.PIECEWISE_BEZIER_KNOTS.);
#138=B_SPLINE_CURVE_WITH_KNOTS('',2,(#4835,#4836,#4837),.UNSPECIFIED.,.F.,
 .F.,(3,3),(0.,1.),.PIECEWISE_BEZIER_KNOTS.);
#139=B_SPLINE_CURVE_WITH_KNOTS('',2,(#4848,#4849,#4850),.UNSPECIFIED.,.F.,
 .F.,(3,3),(0.,1.),.PIECEWISE_BEZIER_KNOTS.);
#140=B_SPLINE_CURVE_WITH_KNOTS('',2,(#4873,#4874,#4875),.UNSPECIFIED.,.F.,
 .F.,(3,3),(0.,1.),.PIECEWISE_BEZIER_KNOTS.);
#141=B_SPLINE_CURVE_WITH_KNOTS('',2,(#4876,#4877,#4878),.UNSPECIFIED.,.F.,
 .F.,(3,3),(0.,1.),.PIECEWISE_BEZIER_KNOTS.);
#142=B_SPLINE_CURVE_WITH_KNOTS('',2,(#4910,#4911,#4912),.UNSPECIFIED.,.F.,
 .F.,(3,3),(0.,1.),.PIECEWISE_BEZIER_KNOTS.);
#143=B_SPLINE_CURVE_WITH_KNOTS('',2,(#4916,#4917,#4918),.UNSPECIFIED.,.F.,
 .F.,(3,3),(0.,1.),.PIECEWISE_BEZIER_KNOTS.);
#144=B_SPLINE_CURVE_WITH_KNOTS('',2,(#4927,#4928,#4929),.UNSPECIFIED.,.F.,
 .F.,(3,3),(0.,1.),.PIECEWISE_BEZIER_KNOTS.);
#145=B_SPLINE_CURVE_WITH_KNOTS('',2,(#4933,#4934,#4935),.UNSPECIFIED.,.F.,
 .F.,(3,3),(0.,1.),.PIECEWISE_BEZIER_KNOTS.);
#146=B_SPLINE_CURVE_WITH_KNOTS('',2,(#4944,#4945,#4946),.UNSPECIFIED.,.F.,
 .F.,(3,3),(0.,1.),.PIECEWISE_BEZIER_KNOTS.);
#147=B_SPLINE_CURVE_WITH_KNOTS('',2,(#4950,#4951,#4952),.UNSPECIFIED.,.F.,
 .F.,(3,3),(0.,1.),.PIECEWISE_BEZIER_KNOTS.);
#148=B_SPLINE_CURVE_WITH_KNOTS('',2,(#4976,#4977,#4978),.UNSPECIFIED.,.F.,
 .F.,(3,3),(0.,1.),.PIECEWISE_BEZIER_KNOTS.);
#149=B_SPLINE_CURVE_WITH_KNOTS('',2,(#4982,#4983,#4984),.UNSPECIFIED.,.F.,
 .F.,(3,3),(0.,1.),.PIECEWISE_BEZIER_KNOTS.);
#150=B_SPLINE_CURVE_WITH_KNOTS('',2,(#4993,#4994,#4995),.UNSPECIFIED.,.F.,
 .F.,(3,3),(0.,1.),.PIECEWISE_BEZIER_KNOTS.);
#151=B_SPLINE_CURVE_WITH_KNOTS('',2,(#4999,#5000,#5001),.UNSPECIFIED.,.F.,
 .F.,(3,3),(0.,1.),.PIECEWISE_BEZIER_KNOTS.);
#152=B_SPLINE_CURVE_WITH_KNOTS('',2,(#5010,#5011,#5012),.UNSPECIFIED.,.F.,
 .F.,(3,3),(0.,1.),.PIECEWISE_BEZIER_KNOTS.);
#153=B_SPLINE_CURVE_WITH_KNOTS('',2,(#5016,#5017,#5018),.UNSPECIFIED.,.F.,
 .F.,(3,3),(0.,1.),.PIECEWISE_BEZIER_KNOTS.);
#154=B_SPLINE_CURVE_WITH_KNOTS('',2,(#5039,#5040,#5041),.UNSPECIFIED.,.F.,
 .F.,(3,3),(0.,1.),.PIECEWISE_BEZIER_KNOTS.);
#155=B_SPLINE_CURVE_WITH_KNOTS('',2,(#5052,#5053,#5054),.UNSPECIFIED.,.F.,
 .F.,(3,3),(0.,1.),.PIECEWISE_BEZIER_KNOTS.);
#156=B_SPLINE_CURVE_WITH_KNOTS('',2,(#5065,#5066,#5067),.UNSPECIFIED.,.F.,
 .F.,(3,3),(0.,1.),.PIECEWISE_BEZIER_KNOTS.);
#157=B_SPLINE_CURVE_WITH_KNOTS('',2,(#5078,#5079,#5080),.UNSPECIFIED.,.F.,
 .F.,(3,3),(0.,1.),.PIECEWISE_BEZIER_KNOTS.);
#158=B_SPLINE_CURVE_WITH_KNOTS('',2,(#5091,#5092,#5093),.UNSPECIFIED.,.F.,
 .F.,(3,3),(0.,1.),.PIECEWISE_BEZIER_KNOTS.);
#159=B_SPLINE_CURVE_WITH_KNOTS('',2,(#5108,#5109,#5110),.UNSPECIFIED.,.F.,
 .F.,(3,3),(0.,1.),.PIECEWISE_BEZIER_KNOTS.);
#160=B_SPLINE_CURVE_WITH_KNOTS('',2,(#5121,#5122,#5123),.UNSPECIFIED.,.F.,
 .F.,(3,3),(0.,1.),.PIECEWISE_BEZIER_KNOTS.);
#161=B_SPLINE_CURVE_WITH_KNOTS('',2,(#5137,#5138,#5139),.UNSPECIFIED.,.F.,
 .F.,(3,3),(0.,1.),.PIECEWISE_BEZIER_KNOTS.);
#162=B_SPLINE_CURVE_WITH_KNOTS('',2,(#5140,#5141,#5142),.UNSPECIFIED.,.F.,
 .F.,(3,3),(0.,1.),.PIECEWISE_BEZIER_KNOTS.);
#163=B_SPLINE_CURVE_WITH_KNOTS('',3,(#5286,#5287,#5288,#5289,#5290),
 .UNSPECIFIED.,.F.,.F.,(4,1,4),(0.,0.000929666108818372,0.00185933221763674),
 .UNSPECIFIED.);
#164=B_SPLINE_CURVE_WITH_KNOTS('',3,(#5411,#5412,#5413,#5414,#5415),
 .UNSPECIFIED.,.F.,.F.,(4,1,4),(0.,0.0010293541874156,0.00205870837483119),
 .UNSPECIFIED.);
#165=ELLIPSE('',#2925,0.05,0.0127);
#166=ELLIPSE('',#2929,0.05,0.0127);
#167=ELLIPSE('',#2934,0.073,0.0603);
#168=ELLIPSE('',#2960,0.073,0.0603);
#169=ELLIPSE('',#2964,0.073,0.0603);
#170=ELLIPSE('',#2966,0.05,0.0127);
#171=ELLIPSE('',#2967,0.073,0.0603);
#172=ELLIPSE('',#2968,0.073,0.0603);
#173=ELLIPSE('',#2969,0.073,0.0603);
#174=ELLIPSE('',#3005,0.073,0.0603);
#175=ELLIPSE('',#3006,0.073,0.0603);
#176=ELLIPSE('',#3007,0.073,0.0603);
#177=ELLIPSE('',#3008,0.073,0.0603);
#178=ELLIPSE('',#3009,0.05,0.0127);
#179=ELLIPSE('',#3048,0.074,0.0613);
#180=ELLIPSE('',#3051,0.074,0.0613);
#181=ELLIPSE('',#3136,0.00141421356237309,0.001);
#182=ELLIPSE('',#3138,0.00141421356237309,0.001);
#183=LINE('',#3837,#438);
#184=LINE('',#3874,#439);
#185=LINE('',#3885,#440);
#186=LINE('',#3889,#441);
#187=LINE('',#3922,#442);
#188=LINE('',#3925,#443);
#189=LINE('',#3927,#444);
#190=LINE('',#3935,#445);
#191=LINE('',#3944,#446);
#192=LINE('',#3951,#447);
#193=LINE('',#3954,#448);
#194=LINE('',#3956,#449);
#195=LINE('',#3958,#450);
#196=LINE('',#3960,#451);
#197=LINE('',#3978,#452);
#198=LINE('',#3980,#453);
#199=LINE('',#3982,#454);
#200=LINE('',#3984,#455);
#201=LINE('',#3990,#456);
#202=LINE('',#3998,#457);
#203=LINE('',#4000,#458);
#204=LINE('',#4002,#459);
#205=LINE('',#4006,#460);
#206=LINE('',#4008,#461);
#207=LINE('',#4010,#462);
#208=LINE('',#4014,#463);
#209=LINE('',#4016,#464);
#210=LINE('',#4018,#465);
#211=LINE('',#4025,#466);
#212=LINE('',#4074,#467);
#213=LINE('',#4078,#468);
#214=LINE('',#4082,#469);
#215=LINE('',#4105,#470);
#216=LINE('',#4114,#471);
#217=LINE('',#4121,#472);
#218=LINE('',#4124,#473);
#219=LINE('',#4156,#474);
#220=LINE('',#4158,#475);
#221=LINE('',#4161,#476);
#222=LINE('',#4169,#477);
#223=LINE('',#4171,#478);
#224=LINE('',#4174,#479);
#225=LINE('',#4182,#480);
#226=LINE('',#4191,#481);
#227=LINE('',#4195,#482);
#228=LINE('',#4202,#483);
#229=LINE('',#4240,#484);
#230=LINE('',#4241,#485);
#231=LINE('',#4245,#486);
#232=LINE('',#4252,#487);
#233=LINE('',#4260,#488);
#234=LINE('',#4262,#489);
#235=LINE('',#4264,#490);
#236=LINE('',#4266,#491);
#237=LINE('',#4268,#492);
#238=LINE('',#4270,#493);
#239=LINE('',#4272,#494);
#240=LINE('',#4274,#495);
#241=LINE('',#4276,#496);
#242=LINE('',#4278,#497);
#243=LINE('',#4280,#498);
#244=LINE('',#4282,#499);
#245=LINE('',#4283,#500);
#246=LINE('',#4285,#501);
#247=LINE('',#4287,#502);
#248=LINE('',#4289,#503);
#249=LINE('',#4291,#504);
#250=LINE('',#4296,#505);
#251=LINE('',#4297,#506);
#252=LINE('',#4299,#507);
#253=LINE('',#4300,#508);
#254=LINE('',#4302,#509);
#255=LINE('',#4306,#510);
#256=LINE('',#4308,#511);
#257=LINE('',#4311,#512);
#258=LINE('',#4312,#513);
#259=LINE('',#4314,#514);
#260=LINE('',#4318,#515);
#261=LINE('',#4322,#516);
#262=LINE('',#4329,#517);
#263=LINE('',#4333,#518);
#264=LINE('',#4334,#519);
#265=LINE('',#4338,#520);
#266=LINE('',#4340,#521);
#267=LINE('',#4343,#522);
#268=LINE('',#4344,#523);
#269=LINE('',#4349,#524);
#270=LINE('',#4350,#525);
#271=LINE('',#4352,#526);
#272=LINE('',#4356,#527);
#273=LINE('',#4357,#528);
#274=LINE('',#4359,#529);
#275=LINE('',#4361,#530);
#276=LINE('',#4363,#531);
#277=LINE('',#4365,#532);
#278=LINE('',#4367,#533);
#279=LINE('',#4369,#534);
#280=LINE('',#4371,#535);
#281=LINE('',#4373,#536);
#282=LINE('',#4375,#537);
#283=LINE('',#4377,#538);
#284=LINE('',#4379,#539);
#285=LINE('',#4381,#540);
#286=LINE('',#4383,#541);
#287=LINE('',#4385,#542);
#288=LINE('',#4386,#543);
#289=LINE('',#4388,#544);
#290=LINE('',#4390,#545);
#291=LINE('',#4392,#546);
#292=LINE('',#4394,#547);
#293=LINE('',#4396,#548);
#294=LINE('',#4398,#549);
#295=LINE('',#4400,#550);
#296=LINE('',#4402,#551);
#297=LINE('',#4404,#552);
#298=LINE('',#4406,#553);
#299=LINE('',#4408,#554);
#300=LINE('',#4410,#555);
#301=LINE('',#4412,#556);
#302=LINE('',#4414,#557);
#303=LINE('',#4416,#558);
#304=LINE('',#4417,#559);
#305=LINE('',#4419,#560);
#306=LINE('',#4421,#561);
#307=LINE('',#4423,#562);
#308=LINE('',#4446,#563);
#309=LINE('',#4463,#564);
#310=LINE('',#4472,#565);
#311=LINE('',#4473,#566);
#312=LINE('',#4477,#567);
#313=LINE('',#4478,#568);
#314=LINE('',#4491,#569);
#315=LINE('',#4497,#570);
#316=LINE('',#4504,#571);
#317=LINE('',#4506,#572);
#318=LINE('',#4508,#573);
#319=LINE('',#4512,#574);
#320=LINE('',#4514,#575);
#321=LINE('',#4516,#576);
#322=LINE('',#4525,#577);
#323=LINE('',#4527,#578);
#324=LINE('',#4529,#579);
#325=LINE('',#4533,#580);
#326=LINE('',#4535,#581);
#327=LINE('',#4537,#582);
#328=LINE('',#4546,#583);
#329=LINE('',#4557,#584);
#330=LINE('',#4559,#585);
#331=LINE('',#4586,#586);
#332=LINE('',#4587,#587);
#333=LINE('',#4589,#588);
#334=LINE('',#4641,#589);
#335=LINE('',#4643,#590);
#336=LINE('',#4650,#591);
#337=LINE('',#4652,#592);
#338=LINE('',#4704,#593);
#339=LINE('',#4706,#594);
#340=LINE('',#4709,#595);
#341=LINE('',#4711,#596);
#342=LINE('',#4713,#597);
#343=LINE('',#4715,#598);
#344=LINE('',#4717,#599);
#345=LINE('',#4719,#600);
#346=LINE('',#4721,#601);
#347=LINE('',#4723,#602);
#348=LINE('',#4725,#603);
#349=LINE('',#4738,#604);
#350=LINE('',#4755,#605);
#351=LINE('',#4772,#606);
#352=LINE('',#4778,#607);
#353=LINE('',#4780,#608);
#354=LINE('',#4782,#609);
#355=LINE('',#4784,#610);
#356=LINE('',#4786,#611);
#357=LINE('',#4788,#612);
#358=LINE('',#4790,#613);
#359=LINE('',#4792,#614);
#360=LINE('',#4794,#615);
#361=LINE('',#4796,#616);
#362=LINE('',#4798,#617);
#363=LINE('',#4807,#618);
#364=LINE('',#4820,#619);
#365=LINE('',#4833,#620);
#366=LINE('',#4846,#621);
#367=LINE('',#4852,#622);
#368=LINE('',#4854,#623);
#369=LINE('',#4856,#624);
#370=LINE('',#4858,#625);
#371=LINE('',#4860,#626);
#372=LINE('',#4862,#627);
#373=LINE('',#4864,#628);
#374=LINE('',#4882,#629);
#375=LINE('',#4885,#630);
#376=LINE('',#4887,#631);
#377=LINE('',#4889,#632);
#378=LINE('',#4891,#633);
#379=LINE('',#4893,#634);
#380=LINE('',#4895,#635);
#381=LINE('',#4897,#636);
#382=LINE('',#4899,#637);
#383=LINE('',#4901,#638);
#384=LINE('',#4914,#639);
#385=LINE('',#4931,#640);
#386=LINE('',#4948,#641);
#387=LINE('',#4954,#642);
#388=LINE('',#4957,#643);
#389=LINE('',#4959,#644);
#390=LINE('',#4961,#645);
#391=LINE('',#4963,#646);
#392=LINE('',#4965,#647);
#393=LINE('',#4967,#648);
#394=LINE('',#4980,#649);
#395=LINE('',#4997,#650);
#396=LINE('',#5014,#651);
#397=LINE('',#5020,#652);
#398=LINE('',#5022,#653);
#399=LINE('',#5024,#654);
#400=LINE('',#5026,#655);
#401=LINE('',#5028,#656);
#402=LINE('',#5037,#657);
#403=LINE('',#5050,#658);
#404=LINE('',#5063,#659);
#405=LINE('',#5076,#660);
#406=LINE('',#5089,#661);
#407=LINE('',#5095,#662);
#408=LINE('',#5106,#663);
#409=LINE('',#5119,#664);
#410=LINE('',#5125,#665);
#411=LINE('',#5126,#666);
#412=LINE('',#5128,#667);
#413=LINE('',#5147,#668);
#414=LINE('',#5152,#669);
#415=LINE('',#5156,#670);
#416=LINE('',#5158,#671);
#417=LINE('',#5160,#672);
#418=LINE('',#5162,#673);
#419=LINE('',#5164,#674);
#420=LINE('',#5166,#675);
#421=LINE('',#5168,#676);
#422=LINE('',#5170,#677);
#423=LINE('',#5172,#678);
#424=LINE('',#5176,#679);
#425=LINE('',#5180,#680);
#426=LINE('',#5185,#681);
#427=LINE('',#5186,#682);
#428=LINE('',#5188,#683);
#429=LINE('',#5191,#684);
#430=LINE('',#5194,#685);
#431=LINE('',#5197,#686);
#432=LINE('',#5200,#687);
#433=LINE('',#5202,#688);
#434=LINE('',#5204,#689);
#435=LINE('',#5206,#690);
#436=LINE('',#5209,#691);
#437=LINE('',#5212,#692);
#438=VECTOR('',#3146,1.);
#439=VECTOR('',#3151,1.);
#440=VECTOR('',#3162,1.);
#441=VECTOR('',#3165,1.);
#442=VECTOR('',#3168,1.);
#443=VECTOR('',#3169,1.);
#444=VECTOR('',#3170,1.);
#445=VECTOR('',#3179,1.);
#446=VECTOR('',#3186,1.);
#447=VECTOR('',#3193,1.);
#448=VECTOR('',#3194,1.);
#449=VECTOR('',#3195,1.);
#450=VECTOR('',#3196,1.);
#451=VECTOR('',#3197,1.);
#452=VECTOR('',#3198,1.);
#453=VECTOR('',#3199,1.);
#454=VECTOR('',#3200,1.);
#455=VECTOR('',#3201,1.);
#456=VECTOR('',#3208,1.);
#457=VECTOR('',#3209,1.);
#458=VECTOR('',#3210,1.);
#459=VECTOR('',#3211,1.);
#460=VECTOR('',#3214,1.);
#461=VECTOR('',#3215,1.);
#462=VECTOR('',#3216,1.);
#463=VECTOR('',#3219,1.);
#464=VECTOR('',#3220,1.);
#465=VECTOR('',#3221,1.);
#466=VECTOR('',#3222,1.);
#467=VECTOR('',#3223,1.);
#468=VECTOR('',#3226,1.);
#469=VECTOR('',#3229,1.);
#470=VECTOR('',#3232,1.);
#471=VECTOR('',#3239,1.);
#472=VECTOR('',#3246,1.);
#473=VECTOR('',#3247,1.);
#474=VECTOR('',#3250,1.);
#475=VECTOR('',#3253,1.);
#476=VECTOR('',#3254,1.);
#477=VECTOR('',#3261,1.);
#478=VECTOR('',#3264,1.);
#479=VECTOR('',#3265,1.);
#480=VECTOR('',#3272,1.);
#481=VECTOR('',#3273,1.);
#482=VECTOR('',#3276,1.);
#483=VECTOR('',#3277,1.);
#484=VECTOR('',#3282,1.);
#485=VECTOR('',#3283,1.);
#486=VECTOR('',#3286,1.);
#487=VECTOR('',#3287,1.);
#488=VECTOR('',#3290,1.);
#489=VECTOR('',#3291,1.);
#490=VECTOR('',#3292,1.);
#491=VECTOR('',#3295,1.);
#492=VECTOR('',#3296,1.);
#493=VECTOR('',#3297,1.);
#494=VECTOR('',#3298,1.);
#495=VECTOR('',#3301,1.);
#496=VECTOR('',#3302,1.);
#497=VECTOR('',#3303,1.);
#498=VECTOR('',#3306,1.);
#499=VECTOR('',#3307,1.);
#500=VECTOR('',#3308,1.);
#501=VECTOR('',#3309,1.);
#502=VECTOR('',#3312,1.);
#503=VECTOR('',#3313,1.);
#504=VECTOR('',#3316,1.);
#505=VECTOR('',#3319,1.);
#506=VECTOR('',#3320,1.);
#507=VECTOR('',#3321,1.);
#508=VECTOR('',#3322,1.);
#509=VECTOR('',#3325,1.);
#510=VECTOR('',#3328,1.);
#511=VECTOR('',#3331,1.);
#512=VECTOR('',#3332,1.);
#513=VECTOR('',#3333,1.);
#514=VECTOR('',#3336,1.);
#515=VECTOR('',#3339,1.);
#516=VECTOR('',#3344,1.);
#517=VECTOR('',#3351,1.);
#518=VECTOR('',#3354,1.);
#519=VECTOR('',#3355,1.);
#520=VECTOR('',#3360,1.);
#521=VECTOR('',#3363,1.);
#522=VECTOR('',#3364,1.);
#523=VECTOR('',#3365,1.);
#524=VECTOR('',#3370,1.);
#525=VECTOR('',#3371,1.);
#526=VECTOR('',#3374,1.);
#527=VECTOR('',#3377,1.);
#528=VECTOR('',#3378,1.);
#529=VECTOR('',#3379,1.);
#530=VECTOR('',#3380,1.);
#531=VECTOR('',#3383,1.);
#532=VECTOR('',#3384,1.);
#533=VECTOR('',#3385,1.);
#534=VECTOR('',#3388,1.);
#535=VECTOR('',#3389,1.);
#536=VECTOR('',#3390,1.);
#537=VECTOR('',#3391,1.);
#538=VECTOR('',#3394,1.);
#539=VECTOR('',#3395,1.);
#540=VECTOR('',#3396,1.);
#541=VECTOR('',#3399,1.);
#542=VECTOR('',#3400,1.);
#543=VECTOR('',#3401,1.);
#544=VECTOR('',#3402,1.);
#545=VECTOR('',#3405,1.);
#546=VECTOR('',#3406,1.);
#547=VECTOR('',#3409,1.);
#548=VECTOR('',#3410,1.);
#549=VECTOR('',#3411,1.);
#550=VECTOR('',#3414,1.);
#551=VECTOR('',#3415,1.);
#552=VECTOR('',#3416,1.);
#553=VECTOR('',#3417,1.);
#554=VECTOR('',#3420,1.);
#555=VECTOR('',#3421,1.);
#556=VECTOR('',#3422,1.);
#557=VECTOR('',#3425,1.);
#558=VECTOR('',#3426,1.);
#559=VECTOR('',#3427,1.);
#560=VECTOR('',#3428,1.);
#561=VECTOR('',#3431,1.);
#562=VECTOR('',#3432,1.);
#563=VECTOR('',#3433,1.);
#564=VECTOR('',#3436,1.);
#565=VECTOR('',#3439,1.);
#566=VECTOR('',#3440,1.);
#567=VECTOR('',#3443,1.);
#568=VECTOR('',#3444,1.);
#569=VECTOR('',#3449,1.);
#570=VECTOR('',#3450,1.);
#571=VECTOR('',#3453,1.);
#572=VECTOR('',#3454,1.);
#573=VECTOR('',#3455,1.);
#574=VECTOR('',#3460,1.);
#575=VECTOR('',#3463,1.);
#576=VECTOR('',#3464,1.);
#577=VECTOR('',#3469,1.);
#578=VECTOR('',#3472,1.);
#579=VECTOR('',#3473,1.);
#580=VECTOR('',#3478,1.);
#581=VECTOR('',#3481,1.);
#582=VECTOR('',#3482,1.);
#583=VECTOR('',#3487,1.);
#584=VECTOR('',#3502,1.);
#585=VECTOR('',#3503,1.);
#586=VECTOR('',#3542,1.);
#587=VECTOR('',#3543,1.);
#588=VECTOR('',#3544,1.);
#589=VECTOR('',#3549,1.);
#590=VECTOR('',#3552,1.);
#591=VECTOR('',#3553,1.);
#592=VECTOR('',#3554,1.);
#593=VECTOR('',#3559,1.);
#594=VECTOR('',#3562,1.);
#595=VECTOR('',#3563,1.);
#596=VECTOR('',#3564,1.);
#597=VECTOR('',#3565,1.);
#598=VECTOR('',#3568,1.);
#599=VECTOR('',#3569,1.);
#600=VECTOR('',#3570,1.);
#601=VECTOR('',#3573,1.);
#602=VECTOR('',#3574,1.);
#603=VECTOR('',#3575,1.);
#604=VECTOR('',#3576,1.);
#605=VECTOR('',#3577,1.);
#606=VECTOR('',#3578,1.);
#607=VECTOR('',#3581,1.);
#608=VECTOR('',#3582,1.);
#609=VECTOR('',#3583,1.);
#610=VECTOR('',#3586,1.);
#611=VECTOR('',#3587,1.);
#612=VECTOR('',#3590,1.);
#613=VECTOR('',#3591,1.);
#614=VECTOR('',#3594,1.);
#615=VECTOR('',#3595,1.);
#616=VECTOR('',#3598,1.);
#617=VECTOR('',#3599,1.);
#618=VECTOR('',#3600,1.);
#619=VECTOR('',#3601,1.);
#620=VECTOR('',#3602,1.);
#621=VECTOR('',#3603,1.);
#622=VECTOR('',#3606,1.);
#623=VECTOR('',#3607,1.);
#624=VECTOR('',#3610,1.);
#625=VECTOR('',#3611,1.);
#626=VECTOR('',#3614,1.);
#627=VECTOR('',#3615,1.);
#628=VECTOR('',#3618,1.);
#629=VECTOR('',#3625,1.);
#630=VECTOR('',#3626,1.);
#631=VECTOR('',#3627,1.);
#632=VECTOR('',#3628,1.);
#633=VECTOR('',#3631,1.);
#634=VECTOR('',#3632,1.);
#635=VECTOR('',#3633,1.);
#636=VECTOR('',#3636,1.);
#637=VECTOR('',#3637,1.);
#638=VECTOR('',#3638,1.);
#639=VECTOR('',#3639,1.);
#640=VECTOR('',#3640,1.);
#641=VECTOR('',#3641,1.);
#642=VECTOR('',#3644,1.);
#643=VECTOR('',#3645,1.);
#644=VECTOR('',#3646,1.);
#645=VECTOR('',#3647,1.);
#646=VECTOR('',#3650,1.);
#647=VECTOR('',#3651,1.);
#648=VECTOR('',#3652,1.);
#649=VECTOR('',#3653,1.);
#650=VECTOR('',#3654,1.);
#651=VECTOR('',#3655,1.);
#652=VECTOR('',#3658,1.);
#653=VECTOR('',#3659,1.);
#654=VECTOR('',#3660,1.);
#655=VECTOR('',#3663,1.);
#656=VECTOR('',#3664,1.);
#657=VECTOR('',#3665,1.);
#658=VECTOR('',#3666,1.);
#659=VECTOR('',#3667,1.);
#660=VECTOR('',#3668,1.);
#661=VECTOR('',#3669,1.);
#662=VECTOR('',#3672,1.);
#663=VECTOR('',#3675,1.);
#664=VECTOR('',#3676,1.);
#665=VECTOR('',#3679,1.);
#666=VECTOR('',#3680,1.);
#667=VECTOR('',#3683,1.);
#668=VECTOR('',#3692,1.);
#669=VECTOR('',#3695,1.);
#670=VECTOR('',#3700,1.);
#671=VECTOR('',#3701,1.);
#672=VECTOR('',#3702,1.);
#673=VECTOR('',#3705,1.);
#674=VECTOR('',#3706,1.);
#675=VECTOR('',#3707,1.);
#676=VECTOR('',#3710,1.);
#677=VECTOR('',#3711,1.);
#678=VECTOR('',#3712,1.);
#679=VECTOR('',#3717,1.);
#680=VECTOR('',#3722,1.);
#681=VECTOR('',#3725,1.);
#682=VECTOR('',#3726,1.);
#683=VECTOR('',#3729,1.);
#684=VECTOR('',#3734,1.);
#685=VECTOR('',#3735,1.);
#686=VECTOR('',#3740,1.);
#687=VECTOR('',#3743,1.);
#688=VECTOR('',#3746,1.);
#689=VECTOR('',#3749,1.);
#690=VECTOR('',#3752,1.);
#691=VECTOR('',#3757,1.);
#692=VECTOR('',#3762,1.);
#693=ORIENTED_EDGE('',*,*,#1547,.T.);
#694=ORIENTED_EDGE('',*,*,#1548,.F.);
#695=ORIENTED_EDGE('',*,*,#1549,.T.);
#696=ORIENTED_EDGE('',*,*,#1550,.F.);
#697=ORIENTED_EDGE('',*,*,#1551,.T.);
#698=ORIENTED_EDGE('',*,*,#1552,.T.);
#699=ORIENTED_EDGE('',*,*,#1553,.T.);
#700=ORIENTED_EDGE('',*,*,#1554,.F.);
#701=ORIENTED_EDGE('',*,*,#1555,.F.);
#702=ORIENTED_EDGE('',*,*,#1556,.T.);
#703=ORIENTED_EDGE('',*,*,#1557,.F.);
#704=ORIENTED_EDGE('',*,*,#1558,.T.);
#705=ORIENTED_EDGE('',*,*,#1559,.F.);
#706=ORIENTED_EDGE('',*,*,#1560,.T.);
#707=ORIENTED_EDGE('',*,*,#1561,.F.);
#708=ORIENTED_EDGE('',*,*,#1562,.T.);
#709=ORIENTED_EDGE('',*,*,#1563,.F.);
#710=ORIENTED_EDGE('',*,*,#1564,.T.);
#711=ORIENTED_EDGE('',*,*,#1565,.F.);
#712=ORIENTED_EDGE('',*,*,#1566,.T.);
#713=ORIENTED_EDGE('',*,*,#1567,.T.);
#714=ORIENTED_EDGE('',*,*,#1568,.T.);
#715=ORIENTED_EDGE('',*,*,#1569,.F.);
#716=ORIENTED_EDGE('',*,*,#1570,.T.);
#717=ORIENTED_EDGE('',*,*,#1571,.F.);
#718=ORIENTED_EDGE('',*,*,#1572,.T.);
#719=ORIENTED_EDGE('',*,*,#1573,.T.);
#720=ORIENTED_EDGE('',*,*,#1574,.T.);
#721=ORIENTED_EDGE('',*,*,#1575,.T.);
#722=ORIENTED_EDGE('',*,*,#1576,.T.);
#723=ORIENTED_EDGE('',*,*,#1577,.T.);
#724=ORIENTED_EDGE('',*,*,#1578,.T.);
#725=ORIENTED_EDGE('',*,*,#1579,.T.);
#726=ORIENTED_EDGE('',*,*,#1580,.T.);
#727=ORIENTED_EDGE('',*,*,#1581,.T.);
#728=ORIENTED_EDGE('',*,*,#1582,.T.);
#729=ORIENTED_EDGE('',*,*,#1583,.T.);
#730=ORIENTED_EDGE('',*,*,#1584,.T.);
#731=ORIENTED_EDGE('',*,*,#1585,.T.);
#732=ORIENTED_EDGE('',*,*,#1586,.T.);
#733=ORIENTED_EDGE('',*,*,#1587,.T.);
#734=ORIENTED_EDGE('',*,*,#1588,.F.);
#735=ORIENTED_EDGE('',*,*,#1589,.T.);
#736=ORIENTED_EDGE('',*,*,#1590,.T.);
#737=ORIENTED_EDGE('',*,*,#1591,.T.);
#738=ORIENTED_EDGE('',*,*,#1592,.F.);
#739=ORIENTED_EDGE('',*,*,#1593,.T.);
#740=ORIENTED_EDGE('',*,*,#1594,.T.);
#741=ORIENTED_EDGE('',*,*,#1595,.T.);
#742=ORIENTED_EDGE('',*,*,#1596,.T.);
#743=ORIENTED_EDGE('',*,*,#1597,.T.);
#744=ORIENTED_EDGE('',*,*,#1598,.T.);
#745=ORIENTED_EDGE('',*,*,#1599,.T.);
#746=ORIENTED_EDGE('',*,*,#1600,.T.);
#747=ORIENTED_EDGE('',*,*,#1601,.F.);
#748=ORIENTED_EDGE('',*,*,#1602,.T.);
#749=ORIENTED_EDGE('',*,*,#1603,.T.);
#750=ORIENTED_EDGE('',*,*,#1604,.T.);
#751=ORIENTED_EDGE('',*,*,#1605,.T.);
#752=ORIENTED_EDGE('',*,*,#1606,.T.);
#753=ORIENTED_EDGE('',*,*,#1607,.F.);
#754=ORIENTED_EDGE('',*,*,#1608,.T.);
#755=ORIENTED_EDGE('',*,*,#1609,.T.);
#756=ORIENTED_EDGE('',*,*,#1610,.T.);
#757=ORIENTED_EDGE('',*,*,#1611,.T.);
#758=ORIENTED_EDGE('',*,*,#1612,.T.);
#759=ORIENTED_EDGE('',*,*,#1613,.T.);
#760=ORIENTED_EDGE('',*,*,#1614,.F.);
#761=ORIENTED_EDGE('',*,*,#1615,.T.);
#762=ORIENTED_EDGE('',*,*,#1616,.F.);
#763=ORIENTED_EDGE('',*,*,#1617,.T.);
#764=ORIENTED_EDGE('',*,*,#1618,.T.);
#765=ORIENTED_EDGE('',*,*,#1619,.F.);
#766=ORIENTED_EDGE('',*,*,#1620,.T.);
#767=ORIENTED_EDGE('',*,*,#1621,.T.);
#768=ORIENTED_EDGE('',*,*,#1622,.T.);
#769=ORIENTED_EDGE('',*,*,#1623,.T.);
#770=ORIENTED_EDGE('',*,*,#1624,.T.);
#771=ORIENTED_EDGE('',*,*,#1625,.T.);
#772=ORIENTED_EDGE('',*,*,#1626,.T.);
#773=ORIENTED_EDGE('',*,*,#1627,.T.);
#774=ORIENTED_EDGE('',*,*,#1628,.T.);
#775=ORIENTED_EDGE('',*,*,#1629,.T.);
#776=ORIENTED_EDGE('',*,*,#1630,.T.);
#777=ORIENTED_EDGE('',*,*,#1631,.T.);
#778=ORIENTED_EDGE('',*,*,#1632,.T.);
#779=ORIENTED_EDGE('',*,*,#1633,.F.);
#780=ORIENTED_EDGE('',*,*,#1634,.T.);
#781=ORIENTED_EDGE('',*,*,#1635,.T.);
#782=ORIENTED_EDGE('',*,*,#1636,.F.);
#783=ORIENTED_EDGE('',*,*,#1637,.T.);
#784=ORIENTED_EDGE('',*,*,#1638,.T.);
#785=ORIENTED_EDGE('',*,*,#1639,.F.);
#786=ORIENTED_EDGE('',*,*,#1640,.T.);
#787=ORIENTED_EDGE('',*,*,#1641,.T.);
#788=ORIENTED_EDGE('',*,*,#1642,.F.);
#789=ORIENTED_EDGE('',*,*,#1643,.T.);
#790=ORIENTED_EDGE('',*,*,#1644,.T.);
#791=ORIENTED_EDGE('',*,*,#1550,.T.);
#792=ORIENTED_EDGE('',*,*,#1645,.T.);
#793=ORIENTED_EDGE('',*,*,#1646,.F.);
#794=ORIENTED_EDGE('',*,*,#1647,.F.);
#795=ORIENTED_EDGE('',*,*,#1648,.T.);
#796=ORIENTED_EDGE('',*,*,#1649,.T.);
#797=ORIENTED_EDGE('',*,*,#1650,.T.);
#798=ORIENTED_EDGE('',*,*,#1651,.T.);
#799=ORIENTED_EDGE('',*,*,#1652,.T.);
#800=ORIENTED_EDGE('',*,*,#1647,.T.);
#801=ORIENTED_EDGE('',*,*,#1653,.F.);
#802=ORIENTED_EDGE('',*,*,#1654,.T.);
#803=ORIENTED_EDGE('',*,*,#1642,.T.);
#804=ORIENTED_EDGE('',*,*,#1655,.T.);
#805=ORIENTED_EDGE('',*,*,#1656,.F.);
#806=ORIENTED_EDGE('',*,*,#1657,.F.);
#807=ORIENTED_EDGE('',*,*,#1591,.F.);
#808=ORIENTED_EDGE('',*,*,#1658,.T.);
#809=ORIENTED_EDGE('',*,*,#1659,.F.);
#810=ORIENTED_EDGE('',*,*,#1660,.T.);
#811=ORIENTED_EDGE('',*,*,#1644,.F.);
#812=ORIENTED_EDGE('',*,*,#1661,.T.);
#813=ORIENTED_EDGE('',*,*,#1662,.T.);
#814=ORIENTED_EDGE('',*,*,#1663,.F.);
#815=ORIENTED_EDGE('',*,*,#1664,.T.);
#816=ORIENTED_EDGE('',*,*,#1665,.F.);
#817=ORIENTED_EDGE('',*,*,#1666,.F.);
#818=ORIENTED_EDGE('',*,*,#1667,.T.);
#819=ORIENTED_EDGE('',*,*,#1663,.T.);
#820=ORIENTED_EDGE('',*,*,#1668,.T.);
#821=ORIENTED_EDGE('',*,*,#1669,.F.);
#822=ORIENTED_EDGE('',*,*,#1670,.F.);
#823=ORIENTED_EDGE('',*,*,#1665,.T.);
#824=ORIENTED_EDGE('',*,*,#1671,.T.);
#825=ORIENTED_EDGE('',*,*,#1672,.F.);
#826=ORIENTED_EDGE('',*,*,#1673,.F.);
#827=ORIENTED_EDGE('',*,*,#1674,.F.);
#828=ORIENTED_EDGE('',*,*,#1669,.T.);
#829=ORIENTED_EDGE('',*,*,#1675,.T.);
#830=ORIENTED_EDGE('',*,*,#1676,.T.);
#831=ORIENTED_EDGE('',*,*,#1640,.F.);
#832=ORIENTED_EDGE('',*,*,#1672,.T.);
#833=ORIENTED_EDGE('',*,*,#1677,.T.);
#834=ORIENTED_EDGE('',*,*,#1678,.T.);
#835=ORIENTED_EDGE('',*,*,#1679,.T.);
#836=ORIENTED_EDGE('',*,*,#1592,.T.);
#837=ORIENTED_EDGE('',*,*,#1657,.T.);
#838=ORIENTED_EDGE('',*,*,#1680,.F.);
#839=ORIENTED_EDGE('',*,*,#1681,.T.);
#840=ORIENTED_EDGE('',*,*,#1571,.T.);
#841=ORIENTED_EDGE('',*,*,#1682,.F.);
#842=ORIENTED_EDGE('',*,*,#1573,.F.);
#843=ORIENTED_EDGE('',*,*,#1683,.T.);
#844=ORIENTED_EDGE('',*,*,#1684,.T.);
#845=ORIENTED_EDGE('',*,*,#1685,.T.);
#846=ORIENTED_EDGE('',*,*,#1686,.T.);
#847=ORIENTED_EDGE('',*,*,#1687,.T.);
#848=ORIENTED_EDGE('',*,*,#1567,.F.);
#849=ORIENTED_EDGE('',*,*,#1688,.T.);
#850=ORIENTED_EDGE('',*,*,#1569,.T.);
#851=ORIENTED_EDGE('',*,*,#1689,.T.);
#852=ORIENTED_EDGE('',*,*,#1690,.F.);
#853=ORIENTED_EDGE('',*,*,#1691,.F.);
#854=ORIENTED_EDGE('',*,*,#1692,.T.);
#855=ORIENTED_EDGE('',*,*,#1693,.T.);
#856=ORIENTED_EDGE('',*,*,#1694,.F.);
#857=ORIENTED_EDGE('',*,*,#1682,.T.);
#858=ORIENTED_EDGE('',*,*,#1570,.F.);
#859=ORIENTED_EDGE('',*,*,#1691,.T.);
#860=ORIENTED_EDGE('',*,*,#1695,.T.);
#861=ORIENTED_EDGE('',*,*,#1696,.T.);
#862=ORIENTED_EDGE('',*,*,#1697,.F.);
#863=ORIENTED_EDGE('',*,*,#1698,.F.);
#864=ORIENTED_EDGE('',*,*,#1619,.T.);
#865=ORIENTED_EDGE('',*,*,#1699,.F.);
#866=ORIENTED_EDGE('',*,*,#1700,.T.);
#867=ORIENTED_EDGE('',*,*,#1701,.T.);
#868=ORIENTED_EDGE('',*,*,#1620,.F.);
#869=ORIENTED_EDGE('',*,*,#1698,.T.);
#870=ORIENTED_EDGE('',*,*,#1702,.F.);
#871=ORIENTED_EDGE('',*,*,#1703,.T.);
#872=ORIENTED_EDGE('',*,*,#1614,.T.);
#873=ORIENTED_EDGE('',*,*,#1704,.T.);
#874=ORIENTED_EDGE('',*,*,#1705,.F.);
#875=ORIENTED_EDGE('',*,*,#1706,.T.);
#876=ORIENTED_EDGE('',*,*,#1616,.T.);
#877=ORIENTED_EDGE('',*,*,#1707,.T.);
#878=ORIENTED_EDGE('',*,*,#1708,.F.);
#879=ORIENTED_EDGE('',*,*,#1709,.T.);
#880=ORIENTED_EDGE('',*,*,#1710,.F.);
#881=ORIENTED_EDGE('',*,*,#1699,.T.);
#882=ORIENTED_EDGE('',*,*,#1618,.F.);
#883=ORIENTED_EDGE('',*,*,#1711,.T.);
#884=ORIENTED_EDGE('',*,*,#1712,.T.);
#885=ORIENTED_EDGE('',*,*,#1713,.F.);
#886=ORIENTED_EDGE('',*,*,#1602,.F.);
#887=ORIENTED_EDGE('',*,*,#1638,.F.);
#888=ORIENTED_EDGE('',*,*,#1714,.T.);
#889=ORIENTED_EDGE('',*,*,#1715,.T.);
#890=ORIENTED_EDGE('',*,*,#1716,.F.);
#891=ORIENTED_EDGE('',*,*,#1717,.T.);
#892=ORIENTED_EDGE('',*,*,#1718,.F.);
#893=ORIENTED_EDGE('',*,*,#1719,.F.);
#894=ORIENTED_EDGE('',*,*,#1720,.T.);
#895=ORIENTED_EDGE('',*,*,#1716,.T.);
#896=ORIENTED_EDGE('',*,*,#1721,.T.);
#897=ORIENTED_EDGE('',*,*,#1722,.F.);
#898=ORIENTED_EDGE('',*,*,#1723,.F.);
#899=ORIENTED_EDGE('',*,*,#1718,.T.);
#900=ORIENTED_EDGE('',*,*,#1724,.T.);
#901=ORIENTED_EDGE('',*,*,#1725,.F.);
#902=ORIENTED_EDGE('',*,*,#1726,.F.);
#903=ORIENTED_EDGE('',*,*,#1727,.F.);
#904=ORIENTED_EDGE('',*,*,#1722,.T.);
#905=ORIENTED_EDGE('',*,*,#1728,.T.);
#906=ORIENTED_EDGE('',*,*,#1729,.T.);
#907=ORIENTED_EDGE('',*,*,#1634,.F.);
#908=ORIENTED_EDGE('',*,*,#1725,.T.);
#909=ORIENTED_EDGE('',*,*,#1561,.T.);
#910=ORIENTED_EDGE('',*,*,#1730,.T.);
#911=ORIENTED_EDGE('',*,*,#1731,.F.);
#912=ORIENTED_EDGE('',*,*,#1732,.F.);
#913=ORIENTED_EDGE('',*,*,#1733,.F.);
#914=ORIENTED_EDGE('',*,*,#1734,.F.);
#915=ORIENTED_EDGE('',*,*,#1735,.T.);
#916=ORIENTED_EDGE('',*,*,#1736,.T.);
#917=ORIENTED_EDGE('',*,*,#1732,.T.);
#918=ORIENTED_EDGE('',*,*,#1737,.F.);
#919=ORIENTED_EDGE('',*,*,#1738,.F.);
#920=ORIENTED_EDGE('',*,*,#1739,.T.);
#921=ORIENTED_EDGE('',*,*,#1734,.T.);
#922=ORIENTED_EDGE('',*,*,#1740,.F.);
#923=ORIENTED_EDGE('',*,*,#1741,.F.);
#924=ORIENTED_EDGE('',*,*,#1742,.F.);
#925=ORIENTED_EDGE('',*,*,#1743,.T.);
#926=ORIENTED_EDGE('',*,*,#1738,.T.);
#927=ORIENTED_EDGE('',*,*,#1744,.F.);
#928=ORIENTED_EDGE('',*,*,#1745,.T.);
#929=ORIENTED_EDGE('',*,*,#1563,.T.);
#930=ORIENTED_EDGE('',*,*,#1741,.T.);
#931=ORIENTED_EDGE('',*,*,#1746,.F.);
#932=ORIENTED_EDGE('',*,*,#1747,.T.);
#933=ORIENTED_EDGE('',*,*,#1748,.T.);
#934=ORIENTED_EDGE('',*,*,#1749,.T.);
#935=ORIENTED_EDGE('',*,*,#1750,.T.);
#936=ORIENTED_EDGE('',*,*,#1751,.T.);
#937=ORIENTED_EDGE('',*,*,#1603,.F.);
#938=ORIENTED_EDGE('',*,*,#1713,.T.);
#939=ORIENTED_EDGE('',*,*,#1752,.F.);
#940=ORIENTED_EDGE('',*,*,#1753,.T.);
#941=ORIENTED_EDGE('',*,*,#1636,.T.);
#942=ORIENTED_EDGE('',*,*,#1754,.T.);
#943=ORIENTED_EDGE('',*,*,#1755,.F.);
#944=ORIENTED_EDGE('',*,*,#1756,.T.);
#945=ORIENTED_EDGE('',*,*,#1565,.T.);
#946=ORIENTED_EDGE('',*,*,#1757,.T.);
#947=ORIENTED_EDGE('',*,*,#1758,.F.);
#948=ORIENTED_EDGE('',*,*,#1759,.F.);
#949=ORIENTED_EDGE('',*,*,#1760,.T.);
#950=ORIENTED_EDGE('',*,*,#1555,.T.);
#951=ORIENTED_EDGE('',*,*,#1761,.T.);
#952=ORIENTED_EDGE('',*,*,#1762,.F.);
#953=ORIENTED_EDGE('',*,*,#1763,.T.);
#954=ORIENTED_EDGE('',*,*,#1746,.T.);
#955=ORIENTED_EDGE('',*,*,#1557,.T.);
#956=ORIENTED_EDGE('',*,*,#1764,.T.);
#957=ORIENTED_EDGE('',*,*,#1765,.F.);
#958=ORIENTED_EDGE('',*,*,#1766,.F.);
#959=ORIENTED_EDGE('',*,*,#1767,.T.);
#960=ORIENTED_EDGE('',*,*,#1768,.F.);
#961=ORIENTED_EDGE('',*,*,#1558,.F.);
#962=ORIENTED_EDGE('',*,*,#1766,.T.);
#963=ORIENTED_EDGE('',*,*,#1769,.F.);
#964=ORIENTED_EDGE('',*,*,#1770,.F.);
#965=ORIENTED_EDGE('',*,*,#1607,.T.);
#966=ORIENTED_EDGE('',*,*,#1771,.T.);
#967=ORIENTED_EDGE('',*,*,#1559,.T.);
#968=ORIENTED_EDGE('',*,*,#1768,.T.);
#969=ORIENTED_EDGE('',*,*,#1772,.T.);
#970=ORIENTED_EDGE('',*,*,#1773,.F.);
#971=ORIENTED_EDGE('',*,*,#1608,.F.);
#972=ORIENTED_EDGE('',*,*,#1770,.T.);
#973=ORIENTED_EDGE('',*,*,#1774,.T.);
#974=ORIENTED_EDGE('',*,*,#1775,.F.);
#975=ORIENTED_EDGE('',*,*,#1609,.F.);
#976=ORIENTED_EDGE('',*,*,#1773,.T.);
#977=ORIENTED_EDGE('',*,*,#1776,.T.);
#978=ORIENTED_EDGE('',*,*,#1777,.F.);
#979=ORIENTED_EDGE('',*,*,#1610,.F.);
#980=ORIENTED_EDGE('',*,*,#1775,.T.);
#981=ORIENTED_EDGE('',*,*,#1778,.T.);
#982=ORIENTED_EDGE('',*,*,#1779,.F.);
#983=ORIENTED_EDGE('',*,*,#1552,.F.);
#984=ORIENTED_EDGE('',*,*,#1780,.T.);
#985=ORIENTED_EDGE('',*,*,#1611,.F.);
#986=ORIENTED_EDGE('',*,*,#1777,.T.);
#987=ORIENTED_EDGE('',*,*,#1781,.T.);
#988=ORIENTED_EDGE('',*,*,#1782,.F.);
#989=ORIENTED_EDGE('',*,*,#1553,.F.);
#990=ORIENTED_EDGE('',*,*,#1779,.T.);
#991=ORIENTED_EDGE('',*,*,#1554,.T.);
#992=ORIENTED_EDGE('',*,*,#1783,.F.);
#993=ORIENTED_EDGE('',*,*,#1547,.F.);
#994=ORIENTED_EDGE('',*,*,#1784,.T.);
#995=ORIENTED_EDGE('',*,*,#1588,.T.);
#996=ORIENTED_EDGE('',*,*,#1785,.F.);
#997=ORIENTED_EDGE('',*,*,#1786,.F.);
#998=ORIENTED_EDGE('',*,*,#1787,.T.);
#999=ORIENTED_EDGE('',*,*,#1548,.T.);
#1000=ORIENTED_EDGE('',*,*,#1782,.T.);
#1001=ORIENTED_EDGE('',*,*,#1589,.F.);
#1002=ORIENTED_EDGE('',*,*,#1788,.T.);
#1003=ORIENTED_EDGE('',*,*,#1765,.T.);
#1004=ORIENTED_EDGE('',*,*,#1789,.T.);
#1005=ORIENTED_EDGE('',*,*,#1759,.T.);
#1006=ORIENTED_EDGE('',*,*,#1758,.T.);
#1007=ORIENTED_EDGE('',*,*,#1790,.T.);
#1008=ORIENTED_EDGE('',*,*,#1744,.T.);
#1009=ORIENTED_EDGE('',*,*,#1740,.T.);
#1010=ORIENTED_EDGE('',*,*,#1737,.T.);
#1011=ORIENTED_EDGE('',*,*,#1733,.T.);
#1012=ORIENTED_EDGE('',*,*,#1731,.T.);
#1013=ORIENTED_EDGE('',*,*,#1791,.T.);
#1014=ORIENTED_EDGE('',*,*,#1755,.T.);
#1015=ORIENTED_EDGE('',*,*,#1792,.T.);
#1016=ORIENTED_EDGE('',*,*,#1728,.F.);
#1017=ORIENTED_EDGE('',*,*,#1724,.F.);
#1018=ORIENTED_EDGE('',*,*,#1721,.F.);
#1019=ORIENTED_EDGE('',*,*,#1717,.F.);
#1020=ORIENTED_EDGE('',*,*,#1715,.F.);
#1021=ORIENTED_EDGE('',*,*,#1793,.T.);
#1022=ORIENTED_EDGE('',*,*,#1752,.T.);
#1023=ORIENTED_EDGE('',*,*,#1712,.F.);
#1024=ORIENTED_EDGE('',*,*,#1794,.T.);
#1025=ORIENTED_EDGE('',*,*,#1705,.T.);
#1026=ORIENTED_EDGE('',*,*,#1795,.T.);
#1027=ORIENTED_EDGE('',*,*,#1702,.T.);
#1028=ORIENTED_EDGE('',*,*,#1796,.T.);
#1029=ORIENTED_EDGE('',*,*,#1700,.F.);
#1030=ORIENTED_EDGE('',*,*,#1697,.T.);
#1031=ORIENTED_EDGE('',*,*,#1797,.T.);
#1032=ORIENTED_EDGE('',*,*,#1692,.F.);
#1033=ORIENTED_EDGE('',*,*,#1690,.T.);
#1034=ORIENTED_EDGE('',*,*,#1798,.T.);
#1035=ORIENTED_EDGE('',*,*,#1686,.F.);
#1036=ORIENTED_EDGE('',*,*,#1799,.T.);
#1037=ORIENTED_EDGE('',*,*,#1684,.F.);
#1038=ORIENTED_EDGE('',*,*,#1800,.T.);
#1039=ORIENTED_EDGE('',*,*,#1680,.T.);
#1040=ORIENTED_EDGE('',*,*,#1656,.T.);
#1041=ORIENTED_EDGE('',*,*,#1801,.T.);
#1042=ORIENTED_EDGE('',*,*,#1675,.F.);
#1043=ORIENTED_EDGE('',*,*,#1671,.F.);
#1044=ORIENTED_EDGE('',*,*,#1668,.F.);
#1045=ORIENTED_EDGE('',*,*,#1664,.F.);
#1046=ORIENTED_EDGE('',*,*,#1662,.F.);
#1047=ORIENTED_EDGE('',*,*,#1802,.T.);
#1048=ORIENTED_EDGE('',*,*,#1653,.T.);
#1049=ORIENTED_EDGE('',*,*,#1646,.T.);
#1050=ORIENTED_EDGE('',*,*,#1803,.T.);
#1051=ORIENTED_EDGE('',*,*,#1786,.T.);
#1052=ORIENTED_EDGE('',*,*,#1781,.F.);
#1053=ORIENTED_EDGE('',*,*,#1778,.F.);
#1054=ORIENTED_EDGE('',*,*,#1776,.F.);
#1055=ORIENTED_EDGE('',*,*,#1774,.F.);
#1056=ORIENTED_EDGE('',*,*,#1772,.F.);
#1057=ORIENTED_EDGE('',*,*,#1769,.T.);
#1058=ORIENTED_EDGE('',*,*,#1767,.F.);
#1059=ORIENTED_EDGE('',*,*,#1788,.F.);
#1060=ORIENTED_EDGE('',*,*,#1783,.T.);
#1061=ORIENTED_EDGE('',*,*,#1784,.F.);
#1062=ORIENTED_EDGE('',*,*,#1785,.T.);
#1063=ORIENTED_EDGE('',*,*,#1804,.T.);
#1064=ORIENTED_EDGE('',*,*,#1805,.T.);
#1065=ORIENTED_EDGE('',*,*,#1750,.F.);
#1066=ORIENTED_EDGE('',*,*,#1806,.T.);
#1067=ORIENTED_EDGE('',*,*,#1807,.T.);
#1068=ORIENTED_EDGE('',*,*,#1808,.F.);
#1069=ORIENTED_EDGE('',*,*,#1809,.T.);
#1070=ORIENTED_EDGE('',*,*,#1762,.T.);
#1071=ORIENTED_EDGE('',*,*,#1810,.T.);
#1072=ORIENTED_EDGE('',*,*,#1807,.F.);
#1073=ORIENTED_EDGE('',*,*,#1811,.T.);
#1074=ORIENTED_EDGE('',*,*,#1748,.F.);
#1075=ORIENTED_EDGE('',*,*,#1812,.T.);
#1076=ORIENTED_EDGE('',*,*,#1808,.T.);
#1077=ORIENTED_EDGE('',*,*,#1813,.T.);
#1078=ORIENTED_EDGE('',*,*,#1659,.T.);
#1079=ORIENTED_EDGE('',*,*,#1814,.T.);
#1080=ORIENTED_EDGE('',*,*,#1815,.T.);
#1081=ORIENTED_EDGE('',*,*,#1816,.F.);
#1082=ORIENTED_EDGE('',*,*,#1817,.T.);
#1083=ORIENTED_EDGE('',*,*,#1649,.F.);
#1084=ORIENTED_EDGE('',*,*,#1818,.T.);
#1085=ORIENTED_EDGE('',*,*,#1819,.F.);
#1086=ORIENTED_EDGE('',*,*,#1820,.T.);
#1087=ORIENTED_EDGE('',*,*,#1816,.T.);
#1088=ORIENTED_EDGE('',*,*,#1821,.T.);
#1089=ORIENTED_EDGE('',*,*,#1819,.T.);
#1090=ORIENTED_EDGE('',*,*,#1822,.T.);
#1091=ORIENTED_EDGE('',*,*,#1651,.F.);
#1092=ORIENTED_EDGE('',*,*,#1823,.T.);
#1093=ORIENTED_EDGE('',*,*,#1824,.F.);
#1094=ORIENTED_EDGE('',*,*,#1825,.F.);
#1095=ORIENTED_EDGE('',*,*,#1826,.T.);
#1096=ORIENTED_EDGE('',*,*,#1827,.T.);
#1097=ORIENTED_EDGE('',*,*,#1828,.F.);
#1098=ORIENTED_EDGE('',*,*,#1829,.F.);
#1099=ORIENTED_EDGE('',*,*,#1830,.T.);
#1100=ORIENTED_EDGE('',*,*,#1825,.T.);
#1101=ORIENTED_EDGE('',*,*,#1831,.F.);
#1102=ORIENTED_EDGE('',*,*,#1832,.F.);
#1103=ORIENTED_EDGE('',*,*,#1833,.T.);
#1104=ORIENTED_EDGE('',*,*,#1829,.T.);
#1105=ORIENTED_EDGE('',*,*,#1834,.F.);
#1106=ORIENTED_EDGE('',*,*,#1835,.F.);
#1107=ORIENTED_EDGE('',*,*,#1836,.T.);
#1108=ORIENTED_EDGE('',*,*,#1832,.T.);
#1109=ORIENTED_EDGE('',*,*,#1837,.F.);
#1110=ORIENTED_EDGE('',*,*,#1838,.F.);
#1111=ORIENTED_EDGE('',*,*,#1839,.T.);
#1112=ORIENTED_EDGE('',*,*,#1835,.T.);
#1113=ORIENTED_EDGE('',*,*,#1840,.F.);
#1114=ORIENTED_EDGE('',*,*,#1841,.F.);
#1115=ORIENTED_EDGE('',*,*,#1842,.T.);
#1116=ORIENTED_EDGE('',*,*,#1838,.T.);
#1117=ORIENTED_EDGE('',*,*,#1575,.F.);
#1118=ORIENTED_EDGE('',*,*,#1843,.F.);
#1119=ORIENTED_EDGE('',*,*,#1844,.T.);
#1120=ORIENTED_EDGE('',*,*,#1845,.T.);
#1121=ORIENTED_EDGE('',*,*,#1587,.F.);
#1122=ORIENTED_EDGE('',*,*,#1846,.F.);
#1123=ORIENTED_EDGE('',*,*,#1847,.T.);
#1124=ORIENTED_EDGE('',*,*,#1843,.T.);
#1125=ORIENTED_EDGE('',*,*,#1586,.F.);
#1126=ORIENTED_EDGE('',*,*,#1848,.F.);
#1127=ORIENTED_EDGE('',*,*,#1849,.T.);
#1128=ORIENTED_EDGE('',*,*,#1846,.T.);
#1129=ORIENTED_EDGE('',*,*,#1585,.F.);
#1130=ORIENTED_EDGE('',*,*,#1850,.F.);
#1131=ORIENTED_EDGE('',*,*,#1851,.T.);
#1132=ORIENTED_EDGE('',*,*,#1848,.T.);
#1133=ORIENTED_EDGE('',*,*,#1584,.F.);
#1134=ORIENTED_EDGE('',*,*,#1852,.F.);
#1135=ORIENTED_EDGE('',*,*,#1853,.T.);
#1136=ORIENTED_EDGE('',*,*,#1850,.T.);
#1137=ORIENTED_EDGE('',*,*,#1583,.F.);
#1138=ORIENTED_EDGE('',*,*,#1854,.F.);
#1139=ORIENTED_EDGE('',*,*,#1855,.T.);
#1140=ORIENTED_EDGE('',*,*,#1852,.T.);
#1141=ORIENTED_EDGE('',*,*,#1582,.F.);
#1142=ORIENTED_EDGE('',*,*,#1856,.F.);
#1143=ORIENTED_EDGE('',*,*,#1857,.T.);
#1144=ORIENTED_EDGE('',*,*,#1854,.T.);
#1145=ORIENTED_EDGE('',*,*,#1581,.F.);
#1146=ORIENTED_EDGE('',*,*,#1858,.F.);
#1147=ORIENTED_EDGE('',*,*,#1859,.T.);
#1148=ORIENTED_EDGE('',*,*,#1856,.T.);
#1149=ORIENTED_EDGE('',*,*,#1580,.F.);
#1150=ORIENTED_EDGE('',*,*,#1860,.F.);
#1151=ORIENTED_EDGE('',*,*,#1861,.T.);
#1152=ORIENTED_EDGE('',*,*,#1858,.T.);
#1153=ORIENTED_EDGE('',*,*,#1579,.F.);
#1154=ORIENTED_EDGE('',*,*,#1862,.F.);
#1155=ORIENTED_EDGE('',*,*,#1863,.T.);
#1156=ORIENTED_EDGE('',*,*,#1860,.T.);
#1157=ORIENTED_EDGE('',*,*,#1578,.F.);
#1158=ORIENTED_EDGE('',*,*,#1864,.F.);
#1159=ORIENTED_EDGE('',*,*,#1865,.T.);
#1160=ORIENTED_EDGE('',*,*,#1862,.T.);
#1161=ORIENTED_EDGE('',*,*,#1577,.F.);
#1162=ORIENTED_EDGE('',*,*,#1866,.F.);
#1163=ORIENTED_EDGE('',*,*,#1867,.T.);
#1164=ORIENTED_EDGE('',*,*,#1864,.T.);
#1165=ORIENTED_EDGE('',*,*,#1576,.F.);
#1166=ORIENTED_EDGE('',*,*,#1845,.F.);
#1167=ORIENTED_EDGE('',*,*,#1868,.T.);
#1168=ORIENTED_EDGE('',*,*,#1866,.T.);
#1169=ORIENTED_EDGE('',*,*,#1869,.F.);
#1170=ORIENTED_EDGE('',*,*,#1827,.F.);
#1171=ORIENTED_EDGE('',*,*,#1870,.T.);
#1172=ORIENTED_EDGE('',*,*,#1841,.T.);
#1173=ORIENTED_EDGE('',*,*,#1844,.F.);
#1174=ORIENTED_EDGE('',*,*,#1847,.F.);
#1175=ORIENTED_EDGE('',*,*,#1849,.F.);
#1176=ORIENTED_EDGE('',*,*,#1851,.F.);
#1177=ORIENTED_EDGE('',*,*,#1853,.F.);
#1178=ORIENTED_EDGE('',*,*,#1855,.F.);
#1179=ORIENTED_EDGE('',*,*,#1857,.F.);
#1180=ORIENTED_EDGE('',*,*,#1859,.F.);
#1181=ORIENTED_EDGE('',*,*,#1861,.F.);
#1182=ORIENTED_EDGE('',*,*,#1863,.F.);
#1183=ORIENTED_EDGE('',*,*,#1865,.F.);
#1184=ORIENTED_EDGE('',*,*,#1867,.F.);
#1185=ORIENTED_EDGE('',*,*,#1868,.F.);
#1186=ORIENTED_EDGE('',*,*,#1826,.F.);
#1187=ORIENTED_EDGE('',*,*,#1830,.F.);
#1188=ORIENTED_EDGE('',*,*,#1833,.F.);
#1189=ORIENTED_EDGE('',*,*,#1836,.F.);
#1190=ORIENTED_EDGE('',*,*,#1839,.F.);
#1191=ORIENTED_EDGE('',*,*,#1842,.F.);
#1192=ORIENTED_EDGE('',*,*,#1870,.F.);
#1193=ORIENTED_EDGE('',*,*,#1824,.T.);
#1194=ORIENTED_EDGE('',*,*,#1869,.T.);
#1195=ORIENTED_EDGE('',*,*,#1840,.T.);
#1196=ORIENTED_EDGE('',*,*,#1837,.T.);
#1197=ORIENTED_EDGE('',*,*,#1834,.T.);
#1198=ORIENTED_EDGE('',*,*,#1831,.T.);
#1199=ORIENTED_EDGE('',*,*,#1828,.T.);
#1200=ORIENTED_EDGE('',*,*,#1871,.F.);
#1201=ORIENTED_EDGE('',*,*,#1872,.F.);
#1202=ORIENTED_EDGE('',*,*,#1873,.T.);
#1203=ORIENTED_EDGE('',*,*,#1874,.T.);
#1204=ORIENTED_EDGE('',*,*,#1875,.F.);
#1205=ORIENTED_EDGE('',*,*,#1876,.F.);
#1206=ORIENTED_EDGE('',*,*,#1877,.T.);
#1207=ORIENTED_EDGE('',*,*,#1872,.T.);
#1208=ORIENTED_EDGE('',*,*,#1878,.F.);
#1209=ORIENTED_EDGE('',*,*,#1879,.F.);
#1210=ORIENTED_EDGE('',*,*,#1880,.T.);
#1211=ORIENTED_EDGE('',*,*,#1876,.T.);
#1212=ORIENTED_EDGE('',*,*,#1881,.F.);
#1213=ORIENTED_EDGE('',*,*,#1882,.F.);
#1214=ORIENTED_EDGE('',*,*,#1883,.T.);
#1215=ORIENTED_EDGE('',*,*,#1879,.T.);
#1216=ORIENTED_EDGE('',*,*,#1884,.F.);
#1217=ORIENTED_EDGE('',*,*,#1885,.F.);
#1218=ORIENTED_EDGE('',*,*,#1886,.T.);
#1219=ORIENTED_EDGE('',*,*,#1882,.T.);
#1220=ORIENTED_EDGE('',*,*,#1887,.F.);
#1221=ORIENTED_EDGE('',*,*,#1888,.F.);
#1222=ORIENTED_EDGE('',*,*,#1889,.T.);
#1223=ORIENTED_EDGE('',*,*,#1885,.T.);
#1224=ORIENTED_EDGE('',*,*,#1890,.F.);
#1225=ORIENTED_EDGE('',*,*,#1891,.F.);
#1226=ORIENTED_EDGE('',*,*,#1892,.T.);
#1227=ORIENTED_EDGE('',*,*,#1893,.T.);
#1228=ORIENTED_EDGE('',*,*,#1894,.F.);
#1229=ORIENTED_EDGE('',*,*,#1895,.F.);
#1230=ORIENTED_EDGE('',*,*,#1896,.T.);
#1231=ORIENTED_EDGE('',*,*,#1891,.T.);
#1232=ORIENTED_EDGE('',*,*,#1897,.F.);
#1233=ORIENTED_EDGE('',*,*,#1898,.F.);
#1234=ORIENTED_EDGE('',*,*,#1899,.T.);
#1235=ORIENTED_EDGE('',*,*,#1895,.T.);
#1236=ORIENTED_EDGE('',*,*,#1900,.F.);
#1237=ORIENTED_EDGE('',*,*,#1901,.F.);
#1238=ORIENTED_EDGE('',*,*,#1902,.T.);
#1239=ORIENTED_EDGE('',*,*,#1898,.T.);
#1240=ORIENTED_EDGE('',*,*,#1903,.F.);
#1241=ORIENTED_EDGE('',*,*,#1904,.F.);
#1242=ORIENTED_EDGE('',*,*,#1905,.T.);
#1243=ORIENTED_EDGE('',*,*,#1901,.T.);
#1244=ORIENTED_EDGE('',*,*,#1622,.F.);
#1245=ORIENTED_EDGE('',*,*,#1906,.F.);
#1246=ORIENTED_EDGE('',*,*,#1907,.T.);
#1247=ORIENTED_EDGE('',*,*,#1908,.T.);
#1248=ORIENTED_EDGE('',*,*,#1632,.F.);
#1249=ORIENTED_EDGE('',*,*,#1909,.F.);
#1250=ORIENTED_EDGE('',*,*,#1910,.T.);
#1251=ORIENTED_EDGE('',*,*,#1906,.T.);
#1252=ORIENTED_EDGE('',*,*,#1631,.F.);
#1253=ORIENTED_EDGE('',*,*,#1911,.F.);
#1254=ORIENTED_EDGE('',*,*,#1912,.T.);
#1255=ORIENTED_EDGE('',*,*,#1909,.T.);
#1256=ORIENTED_EDGE('',*,*,#1630,.F.);
#1257=ORIENTED_EDGE('',*,*,#1913,.F.);
#1258=ORIENTED_EDGE('',*,*,#1914,.T.);
#1259=ORIENTED_EDGE('',*,*,#1911,.T.);
#1260=ORIENTED_EDGE('',*,*,#1629,.F.);
#1261=ORIENTED_EDGE('',*,*,#1915,.F.);
#1262=ORIENTED_EDGE('',*,*,#1916,.T.);
#1263=ORIENTED_EDGE('',*,*,#1913,.T.);
#1264=ORIENTED_EDGE('',*,*,#1628,.F.);
#1265=ORIENTED_EDGE('',*,*,#1917,.F.);
#1266=ORIENTED_EDGE('',*,*,#1918,.T.);
#1267=ORIENTED_EDGE('',*,*,#1915,.T.);
#1268=ORIENTED_EDGE('',*,*,#1627,.F.);
#1269=ORIENTED_EDGE('',*,*,#1919,.F.);
#1270=ORIENTED_EDGE('',*,*,#1920,.T.);
#1271=ORIENTED_EDGE('',*,*,#1917,.T.);
#1272=ORIENTED_EDGE('',*,*,#1626,.F.);
#1273=ORIENTED_EDGE('',*,*,#1921,.F.);
#1274=ORIENTED_EDGE('',*,*,#1922,.T.);
#1275=ORIENTED_EDGE('',*,*,#1919,.T.);
#1276=ORIENTED_EDGE('',*,*,#1625,.F.);
#1277=ORIENTED_EDGE('',*,*,#1923,.F.);
#1278=ORIENTED_EDGE('',*,*,#1924,.T.);
#1279=ORIENTED_EDGE('',*,*,#1921,.T.);
#1280=ORIENTED_EDGE('',*,*,#1624,.F.);
#1281=ORIENTED_EDGE('',*,*,#1925,.F.);
#1282=ORIENTED_EDGE('',*,*,#1926,.T.);
#1283=ORIENTED_EDGE('',*,*,#1923,.T.);
#1284=ORIENTED_EDGE('',*,*,#1927,.F.);
#1285=ORIENTED_EDGE('',*,*,#1893,.F.);
#1286=ORIENTED_EDGE('',*,*,#1928,.T.);
#1287=ORIENTED_EDGE('',*,*,#1904,.T.);
#1288=ORIENTED_EDGE('',*,*,#1623,.F.);
#1289=ORIENTED_EDGE('',*,*,#1908,.F.);
#1290=ORIENTED_EDGE('',*,*,#1929,.T.);
#1291=ORIENTED_EDGE('',*,*,#1925,.T.);
#1292=ORIENTED_EDGE('',*,*,#1930,.F.);
#1293=ORIENTED_EDGE('',*,*,#1874,.F.);
#1294=ORIENTED_EDGE('',*,*,#1931,.T.);
#1295=ORIENTED_EDGE('',*,*,#1888,.T.);
#1296=ORIENTED_EDGE('',*,*,#1907,.F.);
#1297=ORIENTED_EDGE('',*,*,#1910,.F.);
#1298=ORIENTED_EDGE('',*,*,#1912,.F.);
#1299=ORIENTED_EDGE('',*,*,#1914,.F.);
#1300=ORIENTED_EDGE('',*,*,#1916,.F.);
#1301=ORIENTED_EDGE('',*,*,#1918,.F.);
#1302=ORIENTED_EDGE('',*,*,#1920,.F.);
#1303=ORIENTED_EDGE('',*,*,#1922,.F.);
#1304=ORIENTED_EDGE('',*,*,#1924,.F.);
#1305=ORIENTED_EDGE('',*,*,#1926,.F.);
#1306=ORIENTED_EDGE('',*,*,#1929,.F.);
#1307=ORIENTED_EDGE('',*,*,#1892,.F.);
#1308=ORIENTED_EDGE('',*,*,#1896,.F.);
#1309=ORIENTED_EDGE('',*,*,#1899,.F.);
#1310=ORIENTED_EDGE('',*,*,#1902,.F.);
#1311=ORIENTED_EDGE('',*,*,#1905,.F.);
#1312=ORIENTED_EDGE('',*,*,#1928,.F.);
#1313=ORIENTED_EDGE('',*,*,#1873,.F.);
#1314=ORIENTED_EDGE('',*,*,#1877,.F.);
#1315=ORIENTED_EDGE('',*,*,#1880,.F.);
#1316=ORIENTED_EDGE('',*,*,#1883,.F.);
#1317=ORIENTED_EDGE('',*,*,#1886,.F.);
#1318=ORIENTED_EDGE('',*,*,#1889,.F.);
#1319=ORIENTED_EDGE('',*,*,#1931,.F.);
#1320=ORIENTED_EDGE('',*,*,#1871,.T.);
#1321=ORIENTED_EDGE('',*,*,#1930,.T.);
#1322=ORIENTED_EDGE('',*,*,#1887,.T.);
#1323=ORIENTED_EDGE('',*,*,#1884,.T.);
#1324=ORIENTED_EDGE('',*,*,#1881,.T.);
#1325=ORIENTED_EDGE('',*,*,#1878,.T.);
#1326=ORIENTED_EDGE('',*,*,#1875,.T.);
#1327=ORIENTED_EDGE('',*,*,#1890,.T.);
#1328=ORIENTED_EDGE('',*,*,#1927,.T.);
#1329=ORIENTED_EDGE('',*,*,#1903,.T.);
#1330=ORIENTED_EDGE('',*,*,#1900,.T.);
#1331=ORIENTED_EDGE('',*,*,#1897,.T.);
#1332=ORIENTED_EDGE('',*,*,#1894,.T.);
#1333=ORIENTED_EDGE('',*,*,#1932,.T.);
#1334=ORIENTED_EDGE('',*,*,#1933,.T.);
#1335=ORIENTED_EDGE('',*,*,#1934,.F.);
#1336=ORIENTED_EDGE('',*,*,#1935,.F.);
#1337=ORIENTED_EDGE('',*,*,#1934,.T.);
#1338=ORIENTED_EDGE('',*,*,#1936,.T.);
#1339=ORIENTED_EDGE('',*,*,#1937,.F.);
#1340=ORIENTED_EDGE('',*,*,#1938,.F.);
#1341=ORIENTED_EDGE('',*,*,#1937,.T.);
#1342=ORIENTED_EDGE('',*,*,#1939,.T.);
#1343=ORIENTED_EDGE('',*,*,#1940,.F.);
#1344=ORIENTED_EDGE('',*,*,#1941,.F.);
#1345=ORIENTED_EDGE('',*,*,#1940,.T.);
#1346=ORIENTED_EDGE('',*,*,#1942,.T.);
#1347=ORIENTED_EDGE('',*,*,#1943,.F.);
#1348=ORIENTED_EDGE('',*,*,#1944,.T.);
#1349=ORIENTED_EDGE('',*,*,#1943,.T.);
#1350=ORIENTED_EDGE('',*,*,#1945,.T.);
#1351=ORIENTED_EDGE('',*,*,#1946,.F.);
#1352=ORIENTED_EDGE('',*,*,#1947,.T.);
#1353=ORIENTED_EDGE('',*,*,#1948,.F.);
#1354=ORIENTED_EDGE('',*,*,#1949,.T.);
#1355=ORIENTED_EDGE('',*,*,#1950,.F.);
#1356=ORIENTED_EDGE('',*,*,#1946,.T.);
#1357=ORIENTED_EDGE('',*,*,#1951,.T.);
#1358=ORIENTED_EDGE('',*,*,#1679,.F.);
#1359=ORIENTED_EDGE('',*,*,#1952,.T.);
#1360=ORIENTED_EDGE('',*,*,#1948,.T.);
#1361=ORIENTED_EDGE('',*,*,#1953,.T.);
#1362=ORIENTED_EDGE('',*,*,#1593,.F.);
#1363=ORIENTED_EDGE('',*,*,#1954,.F.);
#1364=ORIENTED_EDGE('',*,*,#1955,.T.);
#1365=ORIENTED_EDGE('',*,*,#1708,.T.);
#1366=ORIENTED_EDGE('',*,*,#1601,.T.);
#1367=ORIENTED_EDGE('',*,*,#1956,.T.);
#1368=ORIENTED_EDGE('',*,*,#1957,.T.);
#1369=ORIENTED_EDGE('',*,*,#1958,.T.);
#1370=ORIENTED_EDGE('',*,*,#1954,.T.);
#1371=ORIENTED_EDGE('',*,*,#1959,.T.);
#1372=ORIENTED_EDGE('',*,*,#1932,.F.);
#1373=ORIENTED_EDGE('',*,*,#1950,.T.);
#1374=ORIENTED_EDGE('',*,*,#1960,.T.);
#1375=ORIENTED_EDGE('',*,*,#1677,.F.);
#1376=ORIENTED_EDGE('',*,*,#1694,.T.);
#1377=ORIENTED_EDGE('',*,*,#1961,.T.);
#1378=ORIENTED_EDGE('',*,*,#1695,.F.);
#1379=ORIENTED_EDGE('',*,*,#1710,.T.);
#1380=ORIENTED_EDGE('',*,*,#1962,.T.);
#1381=ORIENTED_EDGE('',*,*,#1957,.F.);
#1382=ORIENTED_EDGE('',*,*,#1935,.T.);
#1383=ORIENTED_EDGE('',*,*,#1938,.T.);
#1384=ORIENTED_EDGE('',*,*,#1941,.T.);
#1385=ORIENTED_EDGE('',*,*,#1944,.F.);
#1386=ORIENTED_EDGE('',*,*,#1947,.F.);
#1387=ORIENTED_EDGE('',*,*,#1673,.T.);
#1388=ORIENTED_EDGE('',*,*,#1639,.T.);
#1389=ORIENTED_EDGE('',*,*,#1667,.F.);
#1390=ORIENTED_EDGE('',*,*,#1963,.T.);
#1391=ORIENTED_EDGE('',*,*,#1963,.F.);
#1392=ORIENTED_EDGE('',*,*,#1666,.T.);
#1393=ORIENTED_EDGE('',*,*,#1670,.T.);
#1394=ORIENTED_EDGE('',*,*,#1674,.T.);
#1395=ORIENTED_EDGE('',*,*,#1562,.F.);
#1396=ORIENTED_EDGE('',*,*,#1736,.F.);
#1397=ORIENTED_EDGE('',*,*,#1964,.F.);
#1398=ORIENTED_EDGE('',*,*,#1742,.T.);
#1399=ORIENTED_EDGE('',*,*,#1743,.F.);
#1400=ORIENTED_EDGE('',*,*,#1964,.T.);
#1401=ORIENTED_EDGE('',*,*,#1735,.F.);
#1402=ORIENTED_EDGE('',*,*,#1739,.F.);
#1403=ORIENTED_EDGE('',*,*,#1726,.T.);
#1404=ORIENTED_EDGE('',*,*,#1633,.T.);
#1405=ORIENTED_EDGE('',*,*,#1720,.F.);
#1406=ORIENTED_EDGE('',*,*,#1965,.T.);
#1407=ORIENTED_EDGE('',*,*,#1965,.F.);
#1408=ORIENTED_EDGE('',*,*,#1719,.T.);
#1409=ORIENTED_EDGE('',*,*,#1723,.T.);
#1410=ORIENTED_EDGE('',*,*,#1727,.T.);
#1411=ORIENTED_EDGE('',*,*,#1650,.F.);
#1412=ORIENTED_EDGE('',*,*,#1821,.F.);
#1413=ORIENTED_EDGE('',*,*,#1815,.F.);
#1414=ORIENTED_EDGE('',*,*,#1966,.T.);
#1415=ORIENTED_EDGE('',*,*,#1613,.F.);
#1416=ORIENTED_EDGE('',*,*,#1612,.F.);
#1417=ORIENTED_EDGE('',*,*,#1780,.F.);
#1418=ORIENTED_EDGE('',*,*,#1551,.F.);
#1419=ORIENTED_EDGE('',*,*,#1804,.F.);
#1420=ORIENTED_EDGE('',*,*,#1810,.F.);
#1421=ORIENTED_EDGE('',*,*,#1761,.F.);
#1422=ORIENTED_EDGE('',*,*,#1560,.F.);
#1423=ORIENTED_EDGE('',*,*,#1771,.F.);
#1424=ORIENTED_EDGE('',*,*,#1606,.F.);
#1425=ORIENTED_EDGE('',*,*,#1605,.F.);
#1426=ORIENTED_EDGE('',*,*,#1967,.T.);
#1427=ORIENTED_EDGE('',*,*,#1556,.F.);
#1428=ORIENTED_EDGE('',*,*,#1760,.F.);
#1429=ORIENTED_EDGE('',*,*,#1789,.F.);
#1430=ORIENTED_EDGE('',*,*,#1764,.F.);
#1431=ORIENTED_EDGE('',*,*,#1549,.F.);
#1432=ORIENTED_EDGE('',*,*,#1787,.F.);
#1433=ORIENTED_EDGE('',*,*,#1803,.F.);
#1434=ORIENTED_EDGE('',*,*,#1645,.F.);
#1435=ORIENTED_EDGE('',*,*,#1809,.F.);
#1436=ORIENTED_EDGE('',*,*,#1812,.F.);
#1437=ORIENTED_EDGE('',*,*,#1747,.F.);
#1438=ORIENTED_EDGE('',*,*,#1763,.F.);
#1439=ORIENTED_EDGE('',*,*,#1652,.F.);
#1440=ORIENTED_EDGE('',*,*,#1822,.F.);
#1441=ORIENTED_EDGE('',*,*,#1818,.F.);
#1442=ORIENTED_EDGE('',*,*,#1648,.F.);
#1443=ORIENTED_EDGE('',*,*,#1643,.F.);
#1444=ORIENTED_EDGE('',*,*,#1654,.F.);
#1445=ORIENTED_EDGE('',*,*,#1802,.F.);
#1446=ORIENTED_EDGE('',*,*,#1661,.F.);
#1447=ORIENTED_EDGE('',*,*,#1641,.F.);
#1448=ORIENTED_EDGE('',*,*,#1676,.F.);
#1449=ORIENTED_EDGE('',*,*,#1801,.F.);
#1450=ORIENTED_EDGE('',*,*,#1655,.F.);
#1451=ORIENTED_EDGE('',*,*,#1564,.F.);
#1452=ORIENTED_EDGE('',*,*,#1745,.F.);
#1453=ORIENTED_EDGE('',*,*,#1790,.F.);
#1454=ORIENTED_EDGE('',*,*,#1757,.F.);
#1455=ORIENTED_EDGE('',*,*,#1566,.F.);
#1456=ORIENTED_EDGE('',*,*,#1756,.F.);
#1457=ORIENTED_EDGE('',*,*,#1791,.F.);
#1458=ORIENTED_EDGE('',*,*,#1730,.F.);
#1459=ORIENTED_EDGE('',*,*,#1635,.F.);
#1460=ORIENTED_EDGE('',*,*,#1729,.F.);
#1461=ORIENTED_EDGE('',*,*,#1792,.F.);
#1462=ORIENTED_EDGE('',*,*,#1754,.F.);
#1463=ORIENTED_EDGE('',*,*,#1637,.F.);
#1464=ORIENTED_EDGE('',*,*,#1753,.F.);
#1465=ORIENTED_EDGE('',*,*,#1793,.F.);
#1466=ORIENTED_EDGE('',*,*,#1714,.F.);
#1467=ORIENTED_EDGE('',*,*,#1966,.F.);
#1468=ORIENTED_EDGE('',*,*,#1814,.F.);
#1469=ORIENTED_EDGE('',*,*,#1658,.F.);
#1470=ORIENTED_EDGE('',*,*,#1590,.F.);
#1471=ORIENTED_EDGE('',*,*,#1967,.F.);
#1472=ORIENTED_EDGE('',*,*,#1604,.F.);
#1473=ORIENTED_EDGE('',*,*,#1751,.F.);
#1474=ORIENTED_EDGE('',*,*,#1805,.F.);
#1475=ORIENTED_EDGE('',*,*,#1749,.F.);
#1476=ORIENTED_EDGE('',*,*,#1813,.F.);
#1477=ORIENTED_EDGE('',*,*,#1811,.F.);
#1478=ORIENTED_EDGE('',*,*,#1806,.F.);
#1479=ORIENTED_EDGE('',*,*,#1660,.F.);
#1480=ORIENTED_EDGE('',*,*,#1817,.F.);
#1481=ORIENTED_EDGE('',*,*,#1820,.F.);
#1482=ORIENTED_EDGE('',*,*,#1823,.F.);
#1483=ORIENTED_EDGE('',*,*,#1949,.F.);
#1484=ORIENTED_EDGE('',*,*,#1952,.F.);
#1485=ORIENTED_EDGE('',*,*,#1678,.F.);
#1486=ORIENTED_EDGE('',*,*,#1960,.F.);
#1487=ORIENTED_EDGE('',*,*,#1958,.F.);
#1488=ORIENTED_EDGE('',*,*,#1962,.F.);
#1489=ORIENTED_EDGE('',*,*,#1709,.F.);
#1490=ORIENTED_EDGE('',*,*,#1955,.F.);
#1491=ORIENTED_EDGE('',*,*,#1617,.F.);
#1492=ORIENTED_EDGE('',*,*,#1706,.F.);
#1493=ORIENTED_EDGE('',*,*,#1794,.F.);
#1494=ORIENTED_EDGE('',*,*,#1711,.F.);
#1495=ORIENTED_EDGE('',*,*,#1961,.F.);
#1496=ORIENTED_EDGE('',*,*,#1693,.F.);
#1497=ORIENTED_EDGE('',*,*,#1797,.F.);
#1498=ORIENTED_EDGE('',*,*,#1696,.F.);
#1499=ORIENTED_EDGE('',*,*,#1572,.F.);
#1500=ORIENTED_EDGE('',*,*,#1681,.F.);
#1501=ORIENTED_EDGE('',*,*,#1800,.F.);
#1502=ORIENTED_EDGE('',*,*,#1683,.F.);
#1503=ORIENTED_EDGE('',*,*,#1615,.F.);
#1504=ORIENTED_EDGE('',*,*,#1703,.F.);
#1505=ORIENTED_EDGE('',*,*,#1795,.F.);
#1506=ORIENTED_EDGE('',*,*,#1707,.F.);
#1507=ORIENTED_EDGE('',*,*,#1621,.F.);
#1508=ORIENTED_EDGE('',*,*,#1701,.F.);
#1509=ORIENTED_EDGE('',*,*,#1796,.F.);
#1510=ORIENTED_EDGE('',*,*,#1704,.F.);
#1511=ORIENTED_EDGE('',*,*,#1568,.F.);
#1512=ORIENTED_EDGE('',*,*,#1687,.F.);
#1513=ORIENTED_EDGE('',*,*,#1798,.F.);
#1514=ORIENTED_EDGE('',*,*,#1689,.F.);
#1515=ORIENTED_EDGE('',*,*,#1574,.F.);
#1516=ORIENTED_EDGE('',*,*,#1685,.F.);
#1517=ORIENTED_EDGE('',*,*,#1799,.F.);
#1518=ORIENTED_EDGE('',*,*,#1688,.F.);
#1519=ORIENTED_EDGE('',*,*,#1953,.F.);
#1520=ORIENTED_EDGE('',*,*,#1951,.F.);
#1521=ORIENTED_EDGE('',*,*,#1968,.F.);
#1522=ORIENTED_EDGE('',*,*,#1594,.F.);
#1523=ORIENTED_EDGE('',*,*,#1956,.F.);
#1524=ORIENTED_EDGE('',*,*,#1600,.F.);
#1525=ORIENTED_EDGE('',*,*,#1969,.F.);
#1526=ORIENTED_EDGE('',*,*,#1959,.F.);
#1527=ORIENTED_EDGE('',*,*,#1968,.T.);
#1528=ORIENTED_EDGE('',*,*,#1945,.F.);
#1529=ORIENTED_EDGE('',*,*,#1970,.F.);
#1530=ORIENTED_EDGE('',*,*,#1595,.F.);
#1531=ORIENTED_EDGE('',*,*,#1969,.T.);
#1532=ORIENTED_EDGE('',*,*,#1599,.F.);
#1533=ORIENTED_EDGE('',*,*,#1971,.F.);
#1534=ORIENTED_EDGE('',*,*,#1933,.F.);
#1535=ORIENTED_EDGE('',*,*,#1970,.T.);
#1536=ORIENTED_EDGE('',*,*,#1942,.F.);
#1537=ORIENTED_EDGE('',*,*,#1972,.F.);
#1538=ORIENTED_EDGE('',*,*,#1596,.F.);
#1539=ORIENTED_EDGE('',*,*,#1971,.T.);
#1540=ORIENTED_EDGE('',*,*,#1598,.F.);
#1541=ORIENTED_EDGE('',*,*,#1973,.F.);
#1542=ORIENTED_EDGE('',*,*,#1936,.F.);
#1543=ORIENTED_EDGE('',*,*,#1972,.T.);
#1544=ORIENTED_EDGE('',*,*,#1939,.F.);
#1545=ORIENTED_EDGE('',*,*,#1973,.T.);
#1546=ORIENTED_EDGE('',*,*,#1597,.F.);
#1547=EDGE_CURVE('',#1974,#1974,#2258,.T.);
#1548=EDGE_CURVE('',#1975,#1976,#183,.T.);
#1549=EDGE_CURVE('',#1975,#1977,#2259,.T.);
#1550=EDGE_CURVE('',#1978,#1977,#165,.T.);
#1551=EDGE_CURVE('',#1978,#1979,#89,.T.);
#1552=EDGE_CURVE('',#1979,#1980,#184,.T.);
#1553=EDGE_CURVE('',#1980,#1976,#2260,.T.);
#1554=EDGE_CURVE('',#1981,#1981,#2261,.T.);
#1555=EDGE_CURVE('',#1982,#1983,#166,.T.);
#1556=EDGE_CURVE('',#1982,#1984,#2262,.T.);
#1557=EDGE_CURVE('',#1985,#1984,#185,.T.);
#1558=EDGE_CURVE('',#1985,#1986,#2263,.T.);
#1559=EDGE_CURVE('',#1987,#1986,#186,.T.);
#1560=EDGE_CURVE('',#1987,#1983,#90,.T.);
#1561=EDGE_CURVE('',#1988,#1989,#187,.T.);
#1562=EDGE_CURVE('',#1988,#1990,#188,.T.);
#1563=EDGE_CURVE('',#1991,#1990,#189,.T.);
#1564=EDGE_CURVE('',#1991,#1992,#2264,.F.);
#1565=EDGE_CURVE('',#1993,#1992,#167,.F.);
#1566=EDGE_CURVE('',#1993,#1989,#2265,.F.);
#1567=EDGE_CURVE('',#1994,#1995,#190,.T.);
#1568=EDGE_CURVE('',#1995,#1996,#2266,.T.);
#1569=EDGE_CURVE('',#1997,#1996,#2267,.T.);
#1570=EDGE_CURVE('',#1997,#1998,#2268,.F.);
#1571=EDGE_CURVE('',#1999,#1998,#191,.T.);
#1572=EDGE_CURVE('',#1999,#2000,#2269,.F.);
#1573=EDGE_CURVE('',#2000,#2001,#2270,.T.);
#1574=EDGE_CURVE('',#2001,#1994,#2271,.T.);
#1575=EDGE_CURVE('',#2002,#2003,#192,.T.);
#1576=EDGE_CURVE('',#2003,#2004,#193,.T.);
#1577=EDGE_CURVE('',#2004,#2005,#194,.T.);
#1578=EDGE_CURVE('',#2005,#2006,#195,.T.);
#1579=EDGE_CURVE('',#2006,#2007,#196,.T.);
#1580=EDGE_CURVE('',#2007,#2008,#91,.T.);
#1581=EDGE_CURVE('',#2008,#2009,#92,.T.);
#1582=EDGE_CURVE('',#2009,#2010,#93,.T.);
#1583=EDGE_CURVE('',#2010,#2011,#94,.T.);
#1584=EDGE_CURVE('',#2011,#2012,#197,.T.);
#1585=EDGE_CURVE('',#2012,#2013,#198,.T.);
#1586=EDGE_CURVE('',#2013,#2014,#199,.T.);
#1587=EDGE_CURVE('',#2014,#2002,#200,.T.);
#1588=EDGE_CURVE('',#2015,#2015,#2272,.T.);
#1589=EDGE_CURVE('',#2016,#2016,#2273,.T.);
#1590=EDGE_CURVE('',#2017,#2018,#201,.T.);
#1591=EDGE_CURVE('',#2018,#2019,#95,.T.);
#1592=EDGE_CURVE('',#2020,#2019,#202,.T.);
#1593=EDGE_CURVE('',#2020,#2021,#203,.T.);
#1594=EDGE_CURVE('',#2021,#2022,#204,.T.);
#1595=EDGE_CURVE('',#2022,#2023,#2274,.T.);
#1596=EDGE_CURVE('',#2023,#2024,#205,.F.);
#1597=EDGE_CURVE('',#2024,#2025,#206,.T.);
#1598=EDGE_CURVE('',#2025,#2026,#207,.T.);
#1599=EDGE_CURVE('',#2026,#2027,#2275,.T.);
#1600=EDGE_CURVE('',#2027,#2028,#208,.F.);
#1601=EDGE_CURVE('',#2029,#2028,#209,.T.);
#1602=EDGE_CURVE('',#2029,#2030,#210,.T.);
#1603=EDGE_CURVE('',#2030,#2031,#96,.T.);
#1604=EDGE_CURVE('',#2031,#2032,#211,.F.);
#1605=EDGE_CURVE('',#2032,#2033,#97,.T.);
#1606=EDGE_CURVE('',#2033,#2034,#98,.T.);
#1607=EDGE_CURVE('',#2035,#2034,#212,.T.);
#1608=EDGE_CURVE('',#2035,#2036,#2276,.T.);
#1609=EDGE_CURVE('',#2036,#2037,#213,.T.);
#1610=EDGE_CURVE('',#2037,#2038,#2277,.T.);
#1611=EDGE_CURVE('',#2038,#2039,#214,.T.);
#1612=EDGE_CURVE('',#2039,#2040,#99,.T.);
#1613=EDGE_CURVE('',#2040,#2017,#100,.T.);
#1614=EDGE_CURVE('',#2041,#2042,#215,.T.);
#1615=EDGE_CURVE('',#2041,#2043,#2278,.T.);
#1616=EDGE_CURVE('',#2044,#2043,#2279,.T.);
#1617=EDGE_CURVE('',#2044,#2045,#2280,.F.);
#1618=EDGE_CURVE('',#2045,#2046,#216,.T.);
#1619=EDGE_CURVE('',#2047,#2046,#2281,.T.);
#1620=EDGE_CURVE('',#2047,#2048,#2282,.T.);
#1621=EDGE_CURVE('',#2048,#2042,#2283,.T.);
#1622=EDGE_CURVE('',#2049,#2050,#217,.T.);
#1623=EDGE_CURVE('',#2050,#2051,#218,.T.);
#1624=EDGE_CURVE('',#2051,#2052,#101,.T.);
#1625=EDGE_CURVE('',#2052,#2053,#102,.T.);
#1626=EDGE_CURVE('',#2053,#2054,#2284,.T.);
#1627=EDGE_CURVE('',#2054,#2055,#103,.T.);
#1628=EDGE_CURVE('',#2055,#2056,#104,.T.);
#1629=EDGE_CURVE('',#2056,#2057,#105,.T.);
#1630=EDGE_CURVE('',#2057,#2058,#106,.T.);
#1631=EDGE_CURVE('',#2058,#2059,#107,.T.);
#1632=EDGE_CURVE('',#2059,#2049,#219,.T.);
#1633=EDGE_CURVE('',#2060,#2061,#220,.T.);
#1634=EDGE_CURVE('',#2060,#2062,#221,.T.);
#1635=EDGE_CURVE('',#2062,#2063,#2285,.F.);
#1636=EDGE_CURVE('',#2064,#2063,#168,.F.);
#1637=EDGE_CURVE('',#2064,#2065,#2286,.F.);
#1638=EDGE_CURVE('',#2065,#2061,#222,.T.);
#1639=EDGE_CURVE('',#2066,#2067,#223,.T.);
#1640=EDGE_CURVE('',#2066,#2068,#224,.T.);
#1641=EDGE_CURVE('',#2068,#2069,#2287,.F.);
#1642=EDGE_CURVE('',#2070,#2069,#169,.F.);
#1643=EDGE_CURVE('',#2070,#2071,#2288,.F.);
#1644=EDGE_CURVE('',#2071,#2067,#225,.T.);
#1645=EDGE_CURVE('',#1977,#2072,#226,.T.);
#1646=EDGE_CURVE('',#2073,#2072,#170,.T.);
#1647=EDGE_CURVE('',#2074,#2073,#227,.T.);
#1648=EDGE_CURVE('',#2074,#2075,#108,.T.);
#1649=EDGE_CURVE('',#2075,#2076,#228,.T.);
#1650=EDGE_CURVE('',#2076,#1978,#109,.T.);
#1651=EDGE_CURVE('',#2077,#2078,#171,.T.);
#1652=EDGE_CURVE('',#2078,#2074,#110,.T.);
#1653=EDGE_CURVE('',#2079,#2073,#172,.T.);
#1654=EDGE_CURVE('',#2079,#2070,#229,.F.);
#1655=EDGE_CURVE('',#2069,#2080,#230,.T.);
#1656=EDGE_CURVE('',#2081,#2080,#173,.T.);
#1657=EDGE_CURVE('',#2019,#2081,#231,.T.);
#1658=EDGE_CURVE('',#2018,#2082,#111,.T.);
#1659=EDGE_CURVE('',#2083,#2082,#232,.T.);
#1660=EDGE_CURVE('',#2083,#2077,#112,.T.);
#1661=EDGE_CURVE('',#2071,#2084,#233,.T.);
#1662=EDGE_CURVE('',#2084,#2085,#234,.T.);
#1663=EDGE_CURVE('',#2067,#2085,#235,.T.);
#1664=EDGE_CURVE('',#2085,#2086,#236,.T.);
#1665=EDGE_CURVE('',#2087,#2086,#237,.T.);
#1666=EDGE_CURVE('',#2088,#2087,#238,.T.);
#1667=EDGE_CURVE('',#2088,#2067,#239,.T.);
#1668=EDGE_CURVE('',#2086,#2089,#240,.T.);
#1669=EDGE_CURVE('',#2090,#2089,#241,.T.);
#1670=EDGE_CURVE('',#2087,#2090,#242,.T.);
#1671=EDGE_CURVE('',#2089,#2091,#243,.T.);
#1672=EDGE_CURVE('',#2066,#2091,#244,.T.);
#1673=EDGE_CURVE('',#2092,#2066,#245,.T.);
#1674=EDGE_CURVE('',#2090,#2092,#246,.T.);
#1675=EDGE_CURVE('',#2091,#2093,#247,.T.);
#1676=EDGE_CURVE('',#2093,#2068,#248,.F.);
#1677=EDGE_CURVE('',#2094,#2095,#249,.T.);
#1678=EDGE_CURVE('',#2095,#2096,#2289,.T.);
#1679=EDGE_CURVE('',#2096,#2020,#250,.T.);
#1680=EDGE_CURVE('',#2097,#2081,#251,.T.);
#1681=EDGE_CURVE('',#2097,#1999,#252,.F.);
#1682=EDGE_CURVE('',#2094,#1998,#253,.T.);
#1683=EDGE_CURVE('',#2000,#2098,#254,.T.);
#1684=EDGE_CURVE('',#2098,#2099,#2290,.T.);
#1685=EDGE_CURVE('',#2099,#2001,#255,.F.);
#1686=EDGE_CURVE('',#2100,#2101,#256,.T.);
#1687=EDGE_CURVE('',#2101,#1995,#257,.T.);
#1688=EDGE_CURVE('',#1994,#2100,#258,.T.);
#1689=EDGE_CURVE('',#1996,#2102,#259,.T.);
#1690=EDGE_CURVE('',#2103,#2102,#2291,.T.);
#1691=EDGE_CURVE('',#1997,#2103,#260,.T.);
#1692=EDGE_CURVE('',#2103,#2104,#2292,.T.);
#1693=EDGE_CURVE('',#2104,#2105,#261,.F.);
#1694=EDGE_CURVE('',#2094,#2105,#2293,.T.);
#1695=EDGE_CURVE('',#2106,#2107,#2294,.T.);
#1696=EDGE_CURVE('',#2107,#2108,#262,.T.);
#1697=EDGE_CURVE('',#2109,#2108,#2295,.T.);
#1698=EDGE_CURVE('',#2047,#2109,#263,.T.);
#1699=EDGE_CURVE('',#2106,#2046,#264,.T.);
#1700=EDGE_CURVE('',#2109,#2110,#2296,.T.);
#1701=EDGE_CURVE('',#2110,#2048,#265,.F.);
#1702=EDGE_CURVE('',#2111,#2112,#266,.T.);
#1703=EDGE_CURVE('',#2111,#2041,#267,.F.);
#1704=EDGE_CURVE('',#2042,#2112,#268,.F.);
#1705=EDGE_CURVE('',#2113,#2114,#2297,.T.);
#1706=EDGE_CURVE('',#2113,#2044,#269,.F.);
#1707=EDGE_CURVE('',#2043,#2114,#270,.T.);
#1708=EDGE_CURVE('',#2115,#2029,#271,.T.);
#1709=EDGE_CURVE('',#2115,#2116,#2298,.F.);
#1710=EDGE_CURVE('',#2106,#2116,#272,.T.);
#1711=EDGE_CURVE('',#2045,#2117,#273,.T.);
#1712=EDGE_CURVE('',#2117,#2118,#274,.T.);
#1713=EDGE_CURVE('',#2030,#2118,#275,.T.);
#1714=EDGE_CURVE('',#2065,#2119,#276,.T.);
#1715=EDGE_CURVE('',#2119,#2120,#277,.T.);
#1716=EDGE_CURVE('',#2061,#2120,#278,.T.);
#1717=EDGE_CURVE('',#2120,#2121,#279,.T.);
#1718=EDGE_CURVE('',#2122,#2121,#280,.T.);
#1719=EDGE_CURVE('',#2123,#2122,#281,.T.);
#1720=EDGE_CURVE('',#2123,#2061,#282,.T.);
#1721=EDGE_CURVE('',#2121,#2124,#283,.T.);
#1722=EDGE_CURVE('',#2125,#2124,#284,.T.);
#1723=EDGE_CURVE('',#2122,#2125,#285,.T.);
#1724=EDGE_CURVE('',#2124,#2126,#286,.T.);
#1725=EDGE_CURVE('',#2060,#2126,#287,.T.);
#1726=EDGE_CURVE('',#2127,#2060,#288,.T.);
#1727=EDGE_CURVE('',#2125,#2127,#289,.T.);
#1728=EDGE_CURVE('',#2126,#2128,#290,.T.);
#1729=EDGE_CURVE('',#2128,#2062,#291,.F.);
#1730=EDGE_CURVE('',#1989,#2129,#292,.F.);
#1731=EDGE_CURVE('',#2130,#2129,#293,.T.);
#1732=EDGE_CURVE('',#1988,#2130,#294,.T.);
#1733=EDGE_CURVE('',#2131,#2130,#295,.T.);
#1734=EDGE_CURVE('',#2132,#2131,#296,.T.);
#1735=EDGE_CURVE('',#2132,#2133,#297,.T.);
#1736=EDGE_CURVE('',#2133,#1988,#298,.T.);
#1737=EDGE_CURVE('',#2134,#2131,#299,.T.);
#1738=EDGE_CURVE('',#2135,#2134,#300,.T.);
#1739=EDGE_CURVE('',#2135,#2132,#301,.T.);
#1740=EDGE_CURVE('',#2136,#2134,#302,.T.);
#1741=EDGE_CURVE('',#1990,#2136,#303,.T.);
#1742=EDGE_CURVE('',#2137,#1990,#304,.T.);
#1743=EDGE_CURVE('',#2137,#2135,#305,.T.);
#1744=EDGE_CURVE('',#2138,#2136,#306,.T.);
#1745=EDGE_CURVE('',#2138,#1991,#307,.T.);
#1746=EDGE_CURVE('',#2139,#2140,#308,.T.);
#1747=EDGE_CURVE('',#2139,#2141,#113,.T.);
#1748=EDGE_CURVE('',#2141,#2142,#174,.T.);
#1749=EDGE_CURVE('',#2142,#2143,#114,.T.);
#1750=EDGE_CURVE('',#2143,#2144,#309,.T.);
#1751=EDGE_CURVE('',#2144,#2031,#115,.T.);
#1752=EDGE_CURVE('',#2145,#2118,#175,.T.);
#1753=EDGE_CURVE('',#2145,#2064,#310,.F.);
#1754=EDGE_CURVE('',#2063,#2146,#311,.T.);
#1755=EDGE_CURVE('',#2147,#2146,#176,.T.);
#1756=EDGE_CURVE('',#2147,#1993,#312,.F.);
#1757=EDGE_CURVE('',#1992,#2148,#313,.T.);
#1758=EDGE_CURVE('',#2140,#2148,#177,.T.);
#1759=EDGE_CURVE('',#2149,#2140,#178,.T.);
#1760=EDGE_CURVE('',#2149,#1982,#314,.F.);
#1761=EDGE_CURVE('',#1983,#2150,#116,.T.);
#1762=EDGE_CURVE('',#2151,#2150,#315,.T.);
#1763=EDGE_CURVE('',#2151,#2139,#117,.T.);
#1764=EDGE_CURVE('',#1984,#2152,#316,.T.);
#1765=EDGE_CURVE('',#2153,#2152,#317,.T.);
#1766=EDGE_CURVE('',#1985,#2153,#318,.T.);
#1767=EDGE_CURVE('',#2153,#2154,#2299,.T.);
#1768=EDGE_CURVE('',#1986,#2154,#319,.T.);
#1769=EDGE_CURVE('',#2155,#2154,#320,.T.);
#1770=EDGE_CURVE('',#2035,#2155,#321,.T.);
#1771=EDGE_CURVE('',#2034,#1987,#118,.T.);
#1772=EDGE_CURVE('',#2155,#2156,#2300,.T.);
#1773=EDGE_CURVE('',#2036,#2156,#322,.T.);
#1774=EDGE_CURVE('',#2156,#2157,#323,.T.);
#1775=EDGE_CURVE('',#2037,#2157,#324,.T.);
#1776=EDGE_CURVE('',#2157,#2158,#2301,.T.);
#1777=EDGE_CURVE('',#2038,#2158,#325,.T.);
#1778=EDGE_CURVE('',#2158,#2159,#326,.T.);
#1779=EDGE_CURVE('',#1980,#2159,#327,.T.);
#1780=EDGE_CURVE('',#1979,#2039,#119,.T.);
#1781=EDGE_CURVE('',#2159,#2160,#2302,.T.);
#1782=EDGE_CURVE('',#1976,#2160,#328,.T.);
#1783=EDGE_CURVE('',#2161,#2161,#2303,.T.);
#1784=EDGE_CURVE('',#2162,#2162,#2304,.T.);
#1785=EDGE_CURVE('',#2163,#2163,#2305,.T.);
#1786=EDGE_CURVE('',#2164,#2160,#329,.T.);
#1787=EDGE_CURVE('',#2164,#1975,#330,.F.);
#1788=EDGE_CURVE('',#2165,#2165,#2306,.T.);
#1789=EDGE_CURVE('',#2152,#2149,#2307,.F.);
#1790=EDGE_CURVE('',#2148,#2138,#2308,.T.);
#1791=EDGE_CURVE('',#2129,#2147,#2309,.T.);
#1792=EDGE_CURVE('',#2146,#2128,#2310,.T.);
#1793=EDGE_CURVE('',#2119,#2145,#2311,.T.);
#1794=EDGE_CURVE('',#2117,#2113,#2312,.T.);
#1795=EDGE_CURVE('',#2114,#2111,#2313,.F.);
#1796=EDGE_CURVE('',#2112,#2110,#2314,.F.);
#1797=EDGE_CURVE('',#2108,#2104,#2315,.T.);
#1798=EDGE_CURVE('',#2102,#2101,#2316,.F.);
#1799=EDGE_CURVE('',#2100,#2099,#2317,.F.);
#1800=EDGE_CURVE('',#2098,#2097,#2318,.T.);
#1801=EDGE_CURVE('',#2080,#2093,#2319,.T.);
#1802=EDGE_CURVE('',#2084,#2079,#2320,.T.);
#1803=EDGE_CURVE('',#2072,#2164,#2321,.F.);
#1804=EDGE_CURVE('',#2166,#2167,#120,.T.);
#1805=EDGE_CURVE('',#2167,#2144,#331,.T.);
#1806=EDGE_CURVE('',#2143,#2168,#332,.T.);
#1807=EDGE_CURVE('',#2168,#2166,#333,.T.);
#1808=EDGE_CURVE('',#2169,#2170,#179,.T.);
#1809=EDGE_CURVE('',#2169,#2151,#121,.T.);
#1810=EDGE_CURVE('',#2150,#2166,#122,.T.);
#1811=EDGE_CURVE('',#2168,#2170,#123,.T.);
#1812=EDGE_CURVE('',#2141,#2169,#124,.T.);
#1813=EDGE_CURVE('',#2170,#2142,#334,.F.);
#1814=EDGE_CURVE('',#2082,#2171,#335,.F.);
#1815=EDGE_CURVE('',#2171,#2172,#125,.T.);
#1816=EDGE_CURVE('',#2173,#2172,#336,.T.);
#1817=EDGE_CURVE('',#2173,#2083,#337,.F.);
#1818=EDGE_CURVE('',#2075,#2174,#126,.T.);
#1819=EDGE_CURVE('',#2175,#2174,#180,.T.);
#1820=EDGE_CURVE('',#2175,#2173,#127,.T.);
#1821=EDGE_CURVE('',#2172,#2076,#128,.T.);
#1822=EDGE_CURVE('',#2174,#2078,#129,.T.);
#1823=EDGE_CURVE('',#2077,#2175,#338,.T.);
#1824=EDGE_CURVE('',#2176,#2177,#339,.T.);
#1825=EDGE_CURVE('',#2178,#2176,#340,.T.);
#1826=EDGE_CURVE('',#2178,#2179,#341,.T.);
#1827=EDGE_CURVE('',#2179,#2177,#342,.T.);
#1828=EDGE_CURVE('',#2180,#2176,#343,.T.);
#1829=EDGE_CURVE('',#2181,#2180,#344,.T.);
#1830=EDGE_CURVE('',#2181,#2178,#345,.T.);
#1831=EDGE_CURVE('',#2182,#2180,#346,.T.);
#1832=EDGE_CURVE('',#2183,#2182,#347,.T.);
#1833=EDGE_CURVE('',#2183,#2181,#348,.T.);
#1834=EDGE_CURVE('',#2184,#2182,#130,.T.);
#1835=EDGE_CURVE('',#2185,#2184,#349,.T.);
#1836=EDGE_CURVE('',#2185,#2183,#131,.T.);
#1837=EDGE_CURVE('',#2186,#2184,#132,.T.);
#1838=EDGE_CURVE('',#2187,#2186,#350,.T.);
#1839=EDGE_CURVE('',#2187,#2185,#133,.T.);
#1840=EDGE_CURVE('',#2188,#2186,#134,.T.);
#1841=EDGE_CURVE('',#2189,#2188,#351,.T.);
#1842=EDGE_CURVE('',#2189,#2187,#135,.T.);
#1843=EDGE_CURVE('',#2190,#2002,#352,.T.);
#1844=EDGE_CURVE('',#2190,#2191,#353,.T.);
#1845=EDGE_CURVE('',#2191,#2003,#354,.T.);
#1846=EDGE_CURVE('',#2192,#2014,#355,.T.);
#1847=EDGE_CURVE('',#2192,#2190,#356,.T.);
#1848=EDGE_CURVE('',#2193,#2013,#357,.T.);
#1849=EDGE_CURVE('',#2193,#2192,#358,.T.);
#1850=EDGE_CURVE('',#2194,#2012,#359,.T.);
#1851=EDGE_CURVE('',#2194,#2193,#360,.T.);
#1852=EDGE_CURVE('',#2195,#2011,#361,.T.);
#1853=EDGE_CURVE('',#2195,#2194,#362,.T.);
#1854=EDGE_CURVE('',#2196,#2010,#363,.T.);
#1855=EDGE_CURVE('',#2196,#2195,#136,.T.);
#1856=EDGE_CURVE('',#2197,#2009,#364,.T.);
#1857=EDGE_CURVE('',#2197,#2196,#137,.T.);
#1858=EDGE_CURVE('',#2198,#2008,#365,.T.);
#1859=EDGE_CURVE('',#2198,#2197,#138,.T.);
#1860=EDGE_CURVE('',#2199,#2007,#366,.T.);
#1861=EDGE_CURVE('',#2199,#2198,#139,.T.);
#1862=EDGE_CURVE('',#2200,#2006,#367,.T.);
#1863=EDGE_CURVE('',#2200,#2199,#368,.T.);
#1864=EDGE_CURVE('',#2201,#2005,#369,.T.);
#1865=EDGE_CURVE('',#2201,#2200,#370,.T.);
#1866=EDGE_CURVE('',#2202,#2004,#371,.T.);
#1867=EDGE_CURVE('',#2202,#2201,#372,.T.);
#1868=EDGE_CURVE('',#2191,#2202,#373,.T.);
#1869=EDGE_CURVE('',#2177,#2188,#140,.T.);
#1870=EDGE_CURVE('',#2179,#2189,#141,.T.);
#1871=EDGE_CURVE('',#2203,#2204,#374,.T.);
#1872=EDGE_CURVE('',#2205,#2203,#375,.T.);
#1873=EDGE_CURVE('',#2205,#2206,#376,.T.);
#1874=EDGE_CURVE('',#2206,#2204,#377,.T.);
#1875=EDGE_CURVE('',#2207,#2203,#378,.T.);
#1876=EDGE_CURVE('',#2208,#2207,#379,.T.);
#1877=EDGE_CURVE('',#2208,#2205,#380,.T.);
#1878=EDGE_CURVE('',#2209,#2207,#381,.T.);
#1879=EDGE_CURVE('',#2210,#2209,#382,.T.);
#1880=EDGE_CURVE('',#2210,#2208,#383,.T.);
#1881=EDGE_CURVE('',#2211,#2209,#142,.T.);
#1882=EDGE_CURVE('',#2212,#2211,#384,.T.);
#1883=EDGE_CURVE('',#2212,#2210,#143,.T.);
#1884=EDGE_CURVE('',#2213,#2211,#144,.T.);
#1885=EDGE_CURVE('',#2214,#2213,#385,.T.);
#1886=EDGE_CURVE('',#2214,#2212,#145,.T.);
#1887=EDGE_CURVE('',#2215,#2213,#146,.T.);
#1888=EDGE_CURVE('',#2216,#2215,#386,.T.);
#1889=EDGE_CURVE('',#2216,#2214,#147,.T.);
#1890=EDGE_CURVE('',#2217,#2218,#387,.T.);
#1891=EDGE_CURVE('',#2219,#2217,#388,.T.);
#1892=EDGE_CURVE('',#2219,#2220,#389,.T.);
#1893=EDGE_CURVE('',#2220,#2218,#390,.T.);
#1894=EDGE_CURVE('',#2221,#2217,#391,.T.);
#1895=EDGE_CURVE('',#2222,#2221,#392,.T.);
#1896=EDGE_CURVE('',#2222,#2219,#393,.T.);
#1897=EDGE_CURVE('',#2223,#2221,#148,.T.);
#1898=EDGE_CURVE('',#2224,#2223,#394,.T.);
#1899=EDGE_CURVE('',#2224,#2222,#149,.T.);
#1900=EDGE_CURVE('',#2225,#2223,#150,.T.);
#1901=EDGE_CURVE('',#2226,#2225,#395,.T.);
#1902=EDGE_CURVE('',#2226,#2224,#151,.T.);
#1903=EDGE_CURVE('',#2227,#2225,#152,.T.);
#1904=EDGE_CURVE('',#2228,#2227,#396,.T.);
#1905=EDGE_CURVE('',#2228,#2226,#153,.T.);
#1906=EDGE_CURVE('',#2229,#2049,#397,.T.);
#1907=EDGE_CURVE('',#2229,#2230,#398,.T.);
#1908=EDGE_CURVE('',#2230,#2050,#399,.T.);
#1909=EDGE_CURVE('',#2231,#2059,#400,.T.);
#1910=EDGE_CURVE('',#2231,#2229,#401,.T.);
#1911=EDGE_CURVE('',#2232,#2058,#402,.T.);
#1912=EDGE_CURVE('',#2232,#2231,#154,.T.);
#1913=EDGE_CURVE('',#2233,#2057,#403,.T.);
#1914=EDGE_CURVE('',#2233,#2232,#155,.T.);
#1915=EDGE_CURVE('',#2234,#2056,#404,.T.);
#1916=EDGE_CURVE('',#2234,#2233,#156,.T.);
#1917=EDGE_CURVE('',#2235,#2055,#405,.T.);
#1918=EDGE_CURVE('',#2235,#2234,#157,.T.);
#1919=EDGE_CURVE('',#2236,#2054,#406,.T.);
#1920=EDGE_CURVE('',#2236,#2235,#158,.T.);
#1921=EDGE_CURVE('',#2237,#2053,#407,.T.);
#1922=EDGE_CURVE('',#2237,#2236,#2322,.T.);
#1923=EDGE_CURVE('',#2238,#2052,#408,.T.);
#1924=EDGE_CURVE('',#2238,#2237,#159,.T.);
#1925=EDGE_CURVE('',#2239,#2051,#409,.T.);
#1926=EDGE_CURVE('',#2239,#2238,#160,.T.);
#1927=EDGE_CURVE('',#2218,#2227,#410,.T.);
#1928=EDGE_CURVE('',#2220,#2228,#411,.T.);
#1929=EDGE_CURVE('',#2230,#2239,#412,.T.);
#1930=EDGE_CURVE('',#2204,#2215,#161,.T.);
#1931=EDGE_CURVE('',#2206,#2216,#162,.T.);
#1932=EDGE_CURVE('',#2240,#2241,#413,.T.);
#1933=EDGE_CURVE('',#2241,#2242,#2323,.F.);
#1934=EDGE_CURVE('',#2243,#2242,#414,.T.);
#1935=EDGE_CURVE('',#2240,#2243,#2324,.T.);
#1936=EDGE_CURVE('',#2242,#2244,#415,.F.);
#1937=EDGE_CURVE('',#2245,#2244,#416,.T.);
#1938=EDGE_CURVE('',#2243,#2245,#417,.T.);
#1939=EDGE_CURVE('',#2244,#2246,#418,.F.);
#1940=EDGE_CURVE('',#2247,#2246,#419,.T.);
#1941=EDGE_CURVE('',#2245,#2247,#420,.T.);
#1942=EDGE_CURVE('',#2246,#2248,#421,.T.);
#1943=EDGE_CURVE('',#2249,#2248,#422,.T.);
#1944=EDGE_CURVE('',#2249,#2247,#423,.T.);
#1945=EDGE_CURVE('',#2248,#2250,#2325,.F.);
#1946=EDGE_CURVE('',#2251,#2250,#424,.T.);
#1947=EDGE_CURVE('',#2251,#2249,#2326,.T.);
#1948=EDGE_CURVE('',#2252,#2253,#425,.T.);
#1949=EDGE_CURVE('',#2252,#2254,#2327,.F.);
#1950=EDGE_CURVE('',#2251,#2254,#426,.T.);
#1951=EDGE_CURVE('',#2250,#2253,#427,.F.);
#1952=EDGE_CURVE('',#2096,#2252,#428,.F.);
#1953=EDGE_CURVE('',#2253,#2021,#2328,.T.);
#1954=EDGE_CURVE('',#2255,#2256,#429,.T.);
#1955=EDGE_CURVE('',#2255,#2115,#430,.T.);
#1956=EDGE_CURVE('',#2028,#2256,#2329,.F.);
#1957=EDGE_CURVE('',#2240,#2257,#431,.T.);
#1958=EDGE_CURVE('',#2257,#2255,#2330,.T.);
#1959=EDGE_CURVE('',#2256,#2241,#432,.T.);
#1960=EDGE_CURVE('',#2254,#2095,#433,.T.);
#1961=EDGE_CURVE('',#2105,#2107,#2331,.F.);
#1962=EDGE_CURVE('',#2116,#2257,#434,.F.);
#1963=EDGE_CURVE('',#2088,#2092,#435,.T.);
#1964=EDGE_CURVE('',#2137,#2133,#436,.T.);
#1965=EDGE_CURVE('',#2123,#2127,#437,.T.);
#1966=EDGE_CURVE('',#2171,#2017,#163,.T.);
#1967=EDGE_CURVE('',#2032,#2167,#164,.T.);
#1968=EDGE_CURVE('',#2022,#2250,#2332,.T.);
#1969=EDGE_CURVE('',#2241,#2027,#2333,.T.);
#1970=EDGE_CURVE('',#2023,#2248,#2334,.T.);
#1971=EDGE_CURVE('',#2242,#2026,#2335,.T.);
#1972=EDGE_CURVE('',#2024,#2246,#181,.F.);
#1973=EDGE_CURVE('',#2244,#2025,#182,.T.);
#1974=VERTEX_POINT('',#3836);
#1975=VERTEX_POINT('',#3838);
#1976=VERTEX_POINT('',#3839);
#1977=VERTEX_POINT('',#3841);
#1978=VERTEX_POINT('',#3843);
#1979=VERTEX_POINT('',#3873);
#1980=VERTEX_POINT('',#3875);
#1981=VERTEX_POINT('',#3879);
#1982=VERTEX_POINT('',#3881);
#1983=VERTEX_POINT('',#3882);
#1984=VERTEX_POINT('',#3884);
#1985=VERTEX_POINT('',#3886);
#1986=VERTEX_POINT('',#3888);
#1987=VERTEX_POINT('',#3890);
#1988=VERTEX_POINT('',#3923);
#1989=VERTEX_POINT('',#3924);
#1990=VERTEX_POINT('',#3926);
#1991=VERTEX_POINT('',#3928);
#1992=VERTEX_POINT('',#3930);
#1993=VERTEX_POINT('',#3932);
#1994=VERTEX_POINT('',#3936);
#1995=VERTEX_POINT('',#3937);
#1996=VERTEX_POINT('',#3939);
#1997=VERTEX_POINT('',#3941);
#1998=VERTEX_POINT('',#3943);
#1999=VERTEX_POINT('',#3945);
#2000=VERTEX_POINT('',#3947);
#2001=VERTEX_POINT('',#3949);
#2002=VERTEX_POINT('',#3952);
#2003=VERTEX_POINT('',#3953);
#2004=VERTEX_POINT('',#3955);
#2005=VERTEX_POINT('',#3957);
#2006=VERTEX_POINT('',#3959);
#2007=VERTEX_POINT('',#3961);
#2008=VERTEX_POINT('',#3965);
#2009=VERTEX_POINT('',#3969);
#2010=VERTEX_POINT('',#3973);
#2011=VERTEX_POINT('',#3977);
#2012=VERTEX_POINT('',#3979);
#2013=VERTEX_POINT('',#3981);
#2014=VERTEX_POINT('',#3983);
#2015=VERTEX_POINT('',#3987);
#2016=VERTEX_POINT('',#3989);
#2017=VERTEX_POINT('',#3991);
#2018=VERTEX_POINT('',#3992);
#2019=VERTEX_POINT('',#3997);
#2020=VERTEX_POINT('',#3999);
#2021=VERTEX_POINT('',#4001);
#2022=VERTEX_POINT('',#4003);
#2023=VERTEX_POINT('',#4005);
#2024=VERTEX_POINT('',#4007);
#2025=VERTEX_POINT('',#4009);
#2026=VERTEX_POINT('',#4011);
#2027=VERTEX_POINT('',#4013);
#2028=VERTEX_POINT('',#4015);
#2029=VERTEX_POINT('',#4017);
#2030=VERTEX_POINT('',#4019);
#2031=VERTEX_POINT('',#4024);
#2032=VERTEX_POINT('',#4026);
#2033=VERTEX_POINT('',#4031);
#2034=VERTEX_POINT('',#4073);
#2035=VERTEX_POINT('',#4075);
#2036=VERTEX_POINT('',#4077);
#2037=VERTEX_POINT('',#4079);
#2038=VERTEX_POINT('',#4081);
#2039=VERTEX_POINT('',#4083);
#2040=VERTEX_POINT('',#4099);
#2041=VERTEX_POINT('',#4106);
#2042=VERTEX_POINT('',#4107);
#2043=VERTEX_POINT('',#4109);
#2044=VERTEX_POINT('',#4111);
#2045=VERTEX_POINT('',#4113);
#2046=VERTEX_POINT('',#4115);
#2047=VERTEX_POINT('',#4117);
#2048=VERTEX_POINT('',#4119);
#2049=VERTEX_POINT('',#4122);
#2050=VERTEX_POINT('',#4123);
#2051=VERTEX_POINT('',#4125);
#2052=VERTEX_POINT('',#4129);
#2053=VERTEX_POINT('',#4133);
#2054=VERTEX_POINT('',#4135);
#2055=VERTEX_POINT('',#4139);
#2056=VERTEX_POINT('',#4143);
#2057=VERTEX_POINT('',#4147);
#2058=VERTEX_POINT('',#4151);
#2059=VERTEX_POINT('',#4155);
#2060=VERTEX_POINT('',#4159);
#2061=VERTEX_POINT('',#4160);
#2062=VERTEX_POINT('',#4162);
#2063=VERTEX_POINT('',#4164);
#2064=VERTEX_POINT('',#4166);
#2065=VERTEX_POINT('',#4168);
#2066=VERTEX_POINT('',#4172);
#2067=VERTEX_POINT('',#4173);
#2068=VERTEX_POINT('',#4175);
#2069=VERTEX_POINT('',#4177);
#2070=VERTEX_POINT('',#4179);
#2071=VERTEX_POINT('',#4181);
#2072=VERTEX_POINT('',#4192);
#2073=VERTEX_POINT('',#4194);
#2074=VERTEX_POINT('',#4196);
#2075=VERTEX_POINT('',#4201);
#2076=VERTEX_POINT('',#4203);
#2077=VERTEX_POINT('',#4231);
#2078=VERTEX_POINT('',#4232);
#2079=VERTEX_POINT('',#4239);
#2080=VERTEX_POINT('',#4242);
#2081=VERTEX_POINT('',#4244);
#2082=VERTEX_POINT('',#4251);
#2083=VERTEX_POINT('',#4253);
#2084=VERTEX_POINT('',#4261);
#2085=VERTEX_POINT('',#4263);
#2086=VERTEX_POINT('',#4267);
#2087=VERTEX_POINT('',#4269);
#2088=VERTEX_POINT('',#4271);
#2089=VERTEX_POINT('',#4275);
#2090=VERTEX_POINT('',#4277);
#2091=VERTEX_POINT('',#4281);
#2092=VERTEX_POINT('',#4284);
#2093=VERTEX_POINT('',#4288);
#2094=VERTEX_POINT('',#4292);
#2095=VERTEX_POINT('',#4293);
#2096=VERTEX_POINT('',#4295);
#2097=VERTEX_POINT('',#4298);
#2098=VERTEX_POINT('',#4303);
#2099=VERTEX_POINT('',#4305);
#2100=VERTEX_POINT('',#4309);
#2101=VERTEX_POINT('',#4310);
#2102=VERTEX_POINT('',#4315);
#2103=VERTEX_POINT('',#4317);
#2104=VERTEX_POINT('',#4321);
#2105=VERTEX_POINT('',#4323);
#2106=VERTEX_POINT('',#4327);
#2107=VERTEX_POINT('',#4328);
#2108=VERTEX_POINT('',#4330);
#2109=VERTEX_POINT('',#4332);
#2110=VERTEX_POINT('',#4337);
#2111=VERTEX_POINT('',#4341);
#2112=VERTEX_POINT('',#4342);
#2113=VERTEX_POINT('',#4347);
#2114=VERTEX_POINT('',#4348);
#2115=VERTEX_POINT('',#4353);
#2116=VERTEX_POINT('',#4355);
#2117=VERTEX_POINT('',#4358);
#2118=VERTEX_POINT('',#4360);
#2119=VERTEX_POINT('',#4364);
#2120=VERTEX_POINT('',#4366);
#2121=VERTEX_POINT('',#4370);
#2122=VERTEX_POINT('',#4372);
#2123=VERTEX_POINT('',#4374);
#2124=VERTEX_POINT('',#4378);
#2125=VERTEX_POINT('',#4380);
#2126=VERTEX_POINT('',#4384);
#2127=VERTEX_POINT('',#4387);
#2128=VERTEX_POINT('',#4391);
#2129=VERTEX_POINT('',#4395);
#2130=VERTEX_POINT('',#4397);
#2131=VERTEX_POINT('',#4401);
#2132=VERTEX_POINT('',#4403);
#2133=VERTEX_POINT('',#4405);
#2134=VERTEX_POINT('',#4409);
#2135=VERTEX_POINT('',#4411);
#2136=VERTEX_POINT('',#4415);
#2137=VERTEX_POINT('',#4418);
#2138=VERTEX_POINT('',#4422);
#2139=VERTEX_POINT('',#4447);
#2140=VERTEX_POINT('',#4448);
#2141=VERTEX_POINT('',#4454);
#2142=VERTEX_POINT('',#4456);
#2143=VERTEX_POINT('',#4462);
#2144=VERTEX_POINT('',#4464);
#2145=VERTEX_POINT('',#4471);
#2146=VERTEX_POINT('',#4474);
#2147=VERTEX_POINT('',#4476);
#2148=VERTEX_POINT('',#4479);
#2149=VERTEX_POINT('',#4490);
#2150=VERTEX_POINT('',#4496);
#2151=VERTEX_POINT('',#4498);
#2152=VERTEX_POINT('',#4505);
#2153=VERTEX_POINT('',#4507);
#2154=VERTEX_POINT('',#4511);
#2155=VERTEX_POINT('',#4515);
#2156=VERTEX_POINT('',#4524);
#2157=VERTEX_POINT('',#4528);
#2158=VERTEX_POINT('',#4532);
#2159=VERTEX_POINT('',#4536);
#2160=VERTEX_POINT('',#4545);
#2161=VERTEX_POINT('',#4549);
#2162=VERTEX_POINT('',#4552);
#2163=VERTEX_POINT('',#4555);
#2164=VERTEX_POINT('',#4558);
#2165=VERTEX_POINT('',#4562);
#2166=VERTEX_POINT('',#4584);
#2167=VERTEX_POINT('',#4585);
#2168=VERTEX_POINT('',#4588);
#2169=VERTEX_POINT('',#4613);
#2170=VERTEX_POINT('',#4614);
#2171=VERTEX_POINT('',#4644);
#2172=VERTEX_POINT('',#4649);
#2173=VERTEX_POINT('',#4651);
#2174=VERTEX_POINT('',#4680);
#2175=VERTEX_POINT('',#4682);
#2176=VERTEX_POINT('',#4707);
#2177=VERTEX_POINT('',#4708);
#2178=VERTEX_POINT('',#4710);
#2179=VERTEX_POINT('',#4712);
#2180=VERTEX_POINT('',#4716);
#2181=VERTEX_POINT('',#4718);
#2182=VERTEX_POINT('',#4722);
#2183=VERTEX_POINT('',#4724);
#2184=VERTEX_POINT('',#4737);
#2185=VERTEX_POINT('',#4739);
#2186=VERTEX_POINT('',#4754);
#2187=VERTEX_POINT('',#4756);
#2188=VERTEX_POINT('',#4771);
#2189=VERTEX_POINT('',#4773);
#2190=VERTEX_POINT('',#4779);
#2191=VERTEX_POINT('',#4781);
#2192=VERTEX_POINT('',#4785);
#2193=VERTEX_POINT('',#4789);
#2194=VERTEX_POINT('',#4793);
#2195=VERTEX_POINT('',#4797);
#2196=VERTEX_POINT('',#4808);
#2197=VERTEX_POINT('',#4821);
#2198=VERTEX_POINT('',#4834);
#2199=VERTEX_POINT('',#4847);
#2200=VERTEX_POINT('',#4853);
#2201=VERTEX_POINT('',#4857);
#2202=VERTEX_POINT('',#4861);
#2203=VERTEX_POINT('',#4883);
#2204=VERTEX_POINT('',#4884);
#2205=VERTEX_POINT('',#4886);
#2206=VERTEX_POINT('',#4888);
#2207=VERTEX_POINT('',#4892);
#2208=VERTEX_POINT('',#4894);
#2209=VERTEX_POINT('',#4898);
#2210=VERTEX_POINT('',#4900);
#2211=VERTEX_POINT('',#4913);
#2212=VERTEX_POINT('',#4915);
#2213=VERTEX_POINT('',#4930);
#2214=VERTEX_POINT('',#4932);
#2215=VERTEX_POINT('',#4947);
#2216=VERTEX_POINT('',#4949);
#2217=VERTEX_POINT('',#4955);
#2218=VERTEX_POINT('',#4956);
#2219=VERTEX_POINT('',#4958);
#2220=VERTEX_POINT('',#4960);
#2221=VERTEX_POINT('',#4964);
#2222=VERTEX_POINT('',#4966);
#2223=VERTEX_POINT('',#4979);
#2224=VERTEX_POINT('',#4981);
#2225=VERTEX_POINT('',#4996);
#2226=VERTEX_POINT('',#4998);
#2227=VERTEX_POINT('',#5013);
#2228=VERTEX_POINT('',#5015);
#2229=VERTEX_POINT('',#5021);
#2230=VERTEX_POINT('',#5023);
#2231=VERTEX_POINT('',#5027);
#2232=VERTEX_POINT('',#5038);
#2233=VERTEX_POINT('',#5051);
#2234=VERTEX_POINT('',#5064);
#2235=VERTEX_POINT('',#5077);
#2236=VERTEX_POINT('',#5090);
#2237=VERTEX_POINT('',#5096);
#2238=VERTEX_POINT('',#5107);
#2239=VERTEX_POINT('',#5120);
#2240=VERTEX_POINT('',#5148);
#2241=VERTEX_POINT('',#5149);
#2242=VERTEX_POINT('',#5151);
#2243=VERTEX_POINT('',#5153);
#2244=VERTEX_POINT('',#5157);
#2245=VERTEX_POINT('',#5159);
#2246=VERTEX_POINT('',#5163);
#2247=VERTEX_POINT('',#5165);
#2248=VERTEX_POINT('',#5169);
#2249=VERTEX_POINT('',#5171);
#2250=VERTEX_POINT('',#5175);
#2251=VERTEX_POINT('',#5177);
#2252=VERTEX_POINT('',#5181);
#2253=VERTEX_POINT('',#5182);
#2254=VERTEX_POINT('',#5184);
#2255=VERTEX_POINT('',#5192);
#2256=VERTEX_POINT('',#5193);
#2257=VERTEX_POINT('',#5198);
#2258=CIRCLE('',#2923,0.0016);
#2259=CIRCLE('',#2924,0.001);
#2260=CIRCLE('',#2926,0.01);
#2261=CIRCLE('',#2928,0.0016);
#2262=CIRCLE('',#2930,0.001);
#2263=CIRCLE('',#2931,0.01);
#2264=CIRCLE('',#2933,0.001);
#2265=CIRCLE('',#2935,0.001);
#2266=CIRCLE('',#2937,0.001);
#2267=CIRCLE('',#2938,0.0162881091597522);
#2268=CIRCLE('',#2939,0.00355000000000052);
#2269=CIRCLE('',#2940,0.001);
#2270=CIRCLE('',#2941,0.0242881091597522);
#2271=CIRCLE('',#2942,0.001);
#2272=CIRCLE('',#2944,0.0016);
#2273=CIRCLE('',#2945,0.0016);
#2274=CIRCLE('',#2946,0.00155000000000051);
#2275=CIRCLE('',#2947,0.00155000000000051);
#2276=CIRCLE('',#2948,0.01);
#2277=CIRCLE('',#2949,0.01);
#2278=CIRCLE('',#2951,0.001);
#2279=CIRCLE('',#2952,0.0242881091597522);
#2280=CIRCLE('',#2953,0.001);
#2281=CIRCLE('',#2954,0.00355000000000052);
#2282=CIRCLE('',#2955,0.0162881091597522);
#2283=CIRCLE('',#2956,0.001);
#2284=CIRCLE('',#2957,0.00140500663454102);
#2285=CIRCLE('',#2959,0.001);
#2286=CIRCLE('',#2961,0.001);
#2287=CIRCLE('',#2963,0.001);
#2288=CIRCLE('',#2965,0.001);
#2289=CIRCLE('',#2976,0.001);
#2290=CIRCLE('',#2978,0.0242881091597522);
#2291=CIRCLE('',#2981,0.0162881091597522);
#2292=CIRCLE('',#2983,0.00355000000000053);
#2293=CIRCLE('',#2984,0.00355000000000052);
#2294=CIRCLE('',#2986,0.00355000000000052);
#2295=CIRCLE('',#2987,0.00355000000000052);
#2296=CIRCLE('',#2989,0.0162881091597522);
#2297=CIRCLE('',#2992,0.0242881091597522);
#2298=CIRCLE('',#2994,0.001);
#2299=CIRCLE('',#3012,0.01);
#2300=CIRCLE('',#3015,0.01);
#2301=CIRCLE('',#3018,0.01);
#2302=CIRCLE('',#3021,0.01);
#2303=CIRCLE('',#3023,0.0016);
#2304=CIRCLE('',#3025,0.0016);
#2305=CIRCLE('',#3027,0.0016);
#2306=CIRCLE('',#3030,0.0016);
#2307=CIRCLE('',#3032,0.001);
#2308=CIRCLE('',#3033,0.001);
#2309=CIRCLE('',#3034,0.001);
#2310=CIRCLE('',#3035,0.001);
#2311=CIRCLE('',#3036,0.001);
#2312=CIRCLE('',#3037,0.001);
#2313=CIRCLE('',#3038,0.001);
#2314=CIRCLE('',#3039,0.001);
#2315=CIRCLE('',#3040,0.001);
#2316=CIRCLE('',#3041,0.001);
#2317=CIRCLE('',#3042,0.001);
#2318=CIRCLE('',#3043,0.001);
#2319=CIRCLE('',#3044,0.001);
#2320=CIRCLE('',#3045,0.001);
#2321=CIRCLE('',#3046,0.001);
#2322=CIRCLE('',#3075,0.00140500663454102);
#2323=CIRCLE('',#3082,0.00255000000000052);
#2324=CIRCLE('',#3083,0.00255000000000052);
#2325=CIRCLE('',#3088,0.00255000000000052);
#2326=CIRCLE('',#3089,0.00255000000000052);
#2327=CIRCLE('',#3091,0.001);
#2328=CIRCLE('',#3093,0.001);
#2329=CIRCLE('',#3095,0.001);
#2330=CIRCLE('',#3097,0.001);
#2331=CIRCLE('',#3099,0.001);
#2332=CIRCLE('',#3128,0.001);
#2333=CIRCLE('',#3130,0.001);
#2334=CIRCLE('',#3132,0.001);
#2335=CIRCLE('',#3134,0.001);
#2336=EDGE_LOOP('',(#693));
#2337=EDGE_LOOP('',(#694,#695,#696,#697,#698,#699));
#2338=EDGE_LOOP('',(#700));
#2339=EDGE_LOOP('',(#701,#702,#703,#704,#705,#706));
#2340=EDGE_LOOP('',(#707,#708,#709,#710,#711,#712));
#2341=EDGE_LOOP('',(#713,#714,#715,#716,#717,#718,#719,#720));
#2342=EDGE_LOOP('',(#721,#722,#723,#724,#725,#726,#727,#728,#729,#730,#731,
#732,#733));
#2343=EDGE_LOOP('',(#734));
#2344=EDGE_LOOP('',(#735));
#2345=EDGE_LOOP('',(#736,#737,#738,#739,#740,#741,#742,#743,#744,#745,#746,
#747,#748,#749,#750,#751,#752,#753,#754,#755,#756,#757,#758,#759));
#2346=EDGE_LOOP('',(#760,#761,#762,#763,#764,#765,#766,#767));
#2347=EDGE_LOOP('',(#768,#769,#770,#771,#772,#773,#774,#775,#776,#777,#778));
#2348=EDGE_LOOP('',(#779,#780,#781,#782,#783,#784));
#2349=EDGE_LOOP('',(#785,#786,#787,#788,#789,#790));
#2350=EDGE_LOOP('',(#791,#792,#793,#794,#795,#796,#797));
#2351=EDGE_LOOP('',(#798,#799,#800,#801,#802,#803,#804,#805,#806,#807,#808,
#809,#810));
#2352=EDGE_LOOP('',(#811,#812,#813,#814));
#2353=EDGE_LOOP('',(#815,#816,#817,#818,#819));
#2354=EDGE_LOOP('',(#820,#821,#822,#823));
#2355=EDGE_LOOP('',(#824,#825,#826,#827,#828));
#2356=EDGE_LOOP('',(#829,#830,#831,#832));
#2357=EDGE_LOOP('',(#833,#834,#835,#836,#837,#838,#839,#840,#841));
#2358=EDGE_LOOP('',(#842,#843,#844,#845));
#2359=EDGE_LOOP('',(#846,#847,#848,#849));
#2360=EDGE_LOOP('',(#850,#851,#852,#853));
#2361=EDGE_LOOP('',(#854,#855,#856,#857,#858,#859));
#2362=EDGE_LOOP('',(#860,#861,#862,#863,#864,#865));
#2363=EDGE_LOOP('',(#866,#867,#868,#869));
#2364=EDGE_LOOP('',(#870,#871,#872,#873));
#2365=EDGE_LOOP('',(#874,#875,#876,#877));
#2366=EDGE_LOOP('',(#878,#879,#880,#881,#882,#883,#884,#885,#886));
#2367=EDGE_LOOP('',(#887,#888,#889,#890));
#2368=EDGE_LOOP('',(#891,#892,#893,#894,#895));
#2369=EDGE_LOOP('',(#896,#897,#898,#899));
#2370=EDGE_LOOP('',(#900,#901,#902,#903,#904));
#2371=EDGE_LOOP('',(#905,#906,#907,#908));
#2372=EDGE_LOOP('',(#909,#910,#911,#912));
#2373=EDGE_LOOP('',(#913,#914,#915,#916,#917));
#2374=EDGE_LOOP('',(#918,#919,#920,#921));
#2375=EDGE_LOOP('',(#922,#923,#924,#925,#926));
#2376=EDGE_LOOP('',(#927,#928,#929,#930));
#2377=EDGE_LOOP('',(#931,#932,#933,#934,#935,#936,#937,#938,#939,#940,#941,
#942,#943,#944,#945,#946,#947));
#2378=EDGE_LOOP('',(#948,#949,#950,#951,#952,#953,#954));
#2379=EDGE_LOOP('',(#955,#956,#957,#958));
#2380=EDGE_LOOP('',(#959,#960,#961,#962));
#2381=EDGE_LOOP('',(#963,#964,#965,#966,#967,#968));
#2382=EDGE_LOOP('',(#969,#970,#971,#972));
#2383=EDGE_LOOP('',(#973,#974,#975,#976));
#2384=EDGE_LOOP('',(#977,#978,#979,#980));
#2385=EDGE_LOOP('',(#981,#982,#983,#984,#985,#986));
#2386=EDGE_LOOP('',(#987,#988,#989,#990));
#2387=EDGE_LOOP('',(#991));
#2388=EDGE_LOOP('',(#992));
#2389=EDGE_LOOP('',(#993));
#2390=EDGE_LOOP('',(#994));
#2391=EDGE_LOOP('',(#995));
#2392=EDGE_LOOP('',(#996));
#2393=EDGE_LOOP('',(#997,#998,#999,#1000));
#2394=EDGE_LOOP('',(#1001));
#2395=EDGE_LOOP('',(#1002));
#2396=EDGE_LOOP('',(#1003,#1004,#1005,#1006,#1007,#1008,#1009,#1010,#1011,
#1012,#1013,#1014,#1015,#1016,#1017,#1018,#1019,#1020,#1021,#1022,#1023,
#1024,#1025,#1026,#1027,#1028,#1029,#1030,#1031,#1032,#1033,#1034,#1035,
#1036,#1037,#1038,#1039,#1040,#1041,#1042,#1043,#1044,#1045,#1046,#1047,
#1048,#1049,#1050,#1051,#1052,#1053,#1054,#1055,#1056,#1057,#1058));
#2397=EDGE_LOOP('',(#1059));
#2398=EDGE_LOOP('',(#1060));
#2399=EDGE_LOOP('',(#1061));
#2400=EDGE_LOOP('',(#1062));
#2401=EDGE_LOOP('',(#1063,#1064,#1065,#1066,#1067));
#2402=EDGE_LOOP('',(#1068,#1069,#1070,#1071,#1072,#1073));
#2403=EDGE_LOOP('',(#1074,#1075,#1076,#1077));
#2404=EDGE_LOOP('',(#1078,#1079,#1080,#1081,#1082));
#2405=EDGE_LOOP('',(#1083,#1084,#1085,#1086,#1087,#1088));
#2406=EDGE_LOOP('',(#1089,#1090,#1091,#1092));
#2407=EDGE_LOOP('',(#1093,#1094,#1095,#1096));
#2408=EDGE_LOOP('',(#1097,#1098,#1099,#1100));
#2409=EDGE_LOOP('',(#1101,#1102,#1103,#1104));
#2410=EDGE_LOOP('',(#1105,#1106,#1107,#1108));
#2411=EDGE_LOOP('',(#1109,#1110,#1111,#1112));
#2412=EDGE_LOOP('',(#1113,#1114,#1115,#1116));
#2413=EDGE_LOOP('',(#1117,#1118,#1119,#1120));
#2414=EDGE_LOOP('',(#1121,#1122,#1123,#1124));
#2415=EDGE_LOOP('',(#1125,#1126,#1127,#1128));
#2416=EDGE_LOOP('',(#1129,#1130,#1131,#1132));
#2417=EDGE_LOOP('',(#1133,#1134,#1135,#1136));
#2418=EDGE_LOOP('',(#1137,#1138,#1139,#1140));
#2419=EDGE_LOOP('',(#1141,#1142,#1143,#1144));
#2420=EDGE_LOOP('',(#1145,#1146,#1147,#1148));
#2421=EDGE_LOOP('',(#1149,#1150,#1151,#1152));
#2422=EDGE_LOOP('',(#1153,#1154,#1155,#1156));
#2423=EDGE_LOOP('',(#1157,#1158,#1159,#1160));
#2424=EDGE_LOOP('',(#1161,#1162,#1163,#1164));
#2425=EDGE_LOOP('',(#1165,#1166,#1167,#1168));
#2426=EDGE_LOOP('',(#1169,#1170,#1171,#1172));
#2427=EDGE_LOOP('',(#1173,#1174,#1175,#1176,#1177,#1178,#1179,#1180,#1181,
#1182,#1183,#1184,#1185));
#2428=EDGE_LOOP('',(#1186,#1187,#1188,#1189,#1190,#1191,#1192));
#2429=EDGE_LOOP('',(#1193,#1194,#1195,#1196,#1197,#1198,#1199));
#2430=EDGE_LOOP('',(#1200,#1201,#1202,#1203));
#2431=EDGE_LOOP('',(#1204,#1205,#1206,#1207));
#2432=EDGE_LOOP('',(#1208,#1209,#1210,#1211));
#2433=EDGE_LOOP('',(#1212,#1213,#1214,#1215));
#2434=EDGE_LOOP('',(#1216,#1217,#1218,#1219));
#2435=EDGE_LOOP('',(#1220,#1221,#1222,#1223));
#2436=EDGE_LOOP('',(#1224,#1225,#1226,#1227));
#2437=EDGE_LOOP('',(#1228,#1229,#1230,#1231));
#2438=EDGE_LOOP('',(#1232,#1233,#1234,#1235));
#2439=EDGE_LOOP('',(#1236,#1237,#1238,#1239));
#2440=EDGE_LOOP('',(#1240,#1241,#1242,#1243));
#2441=EDGE_LOOP('',(#1244,#1245,#1246,#1247));
#2442=EDGE_LOOP('',(#1248,#1249,#1250,#1251));
#2443=EDGE_LOOP('',(#1252,#1253,#1254,#1255));
#2444=EDGE_LOOP('',(#1256,#1257,#1258,#1259));
#2445=EDGE_LOOP('',(#1260,#1261,#1262,#1263));
#2446=EDGE_LOOP('',(#1264,#1265,#1266,#1267));
#2447=EDGE_LOOP('',(#1268,#1269,#1270,#1271));
#2448=EDGE_LOOP('',(#1272,#1273,#1274,#1275));
#2449=EDGE_LOOP('',(#1276,#1277,#1278,#1279));
#2450=EDGE_LOOP('',(#1280,#1281,#1282,#1283));
#2451=EDGE_LOOP('',(#1284,#1285,#1286,#1287));
#2452=EDGE_LOOP('',(#1288,#1289,#1290,#1291));
#2453=EDGE_LOOP('',(#1292,#1293,#1294,#1295));
#2454=EDGE_LOOP('',(#1296,#1297,#1298,#1299,#1300,#1301,#1302,#1303,#1304,
#1305,#1306));
#2455=EDGE_LOOP('',(#1307,#1308,#1309,#1310,#1311,#1312));
#2456=EDGE_LOOP('',(#1313,#1314,#1315,#1316,#1317,#1318,#1319));
#2457=EDGE_LOOP('',(#1320,#1321,#1322,#1323,#1324,#1325,#1326));
#2458=EDGE_LOOP('',(#1327,#1328,#1329,#1330,#1331,#1332));
#2459=EDGE_LOOP('',(#1333,#1334,#1335,#1336));
#2460=EDGE_LOOP('',(#1337,#1338,#1339,#1340));
#2461=EDGE_LOOP('',(#1341,#1342,#1343,#1344));
#2462=EDGE_LOOP('',(#1345,#1346,#1347,#1348));
#2463=EDGE_LOOP('',(#1349,#1350,#1351,#1352));
#2464=EDGE_LOOP('',(#1353,#1354,#1355,#1356,#1357));
#2465=EDGE_LOOP('',(#1358,#1359,#1360,#1361,#1362));
#2466=EDGE_LOOP('',(#1363,#1364,#1365,#1366,#1367));
#2467=EDGE_LOOP('',(#1368,#1369,#1370,#1371,#1372));
#2468=EDGE_LOOP('',(#1373,#1374,#1375,#1376,#1377,#1378,#1379,#1380,#1381,
#1382,#1383,#1384,#1385,#1386));
#2469=EDGE_LOOP('',(#1387,#1388,#1389,#1390));
#2470=EDGE_LOOP('',(#1391,#1392,#1393,#1394));
#2471=EDGE_LOOP('',(#1395,#1396,#1397,#1398));
#2472=EDGE_LOOP('',(#1399,#1400,#1401,#1402));
#2473=EDGE_LOOP('',(#1403,#1404,#1405,#1406));
#2474=EDGE_LOOP('',(#1407,#1408,#1409,#1410));
#2475=EDGE_LOOP('',(#1411,#1412,#1413,#1414,#1415,#1416,#1417,#1418));
#2476=EDGE_LOOP('',(#1419,#1420,#1421,#1422,#1423,#1424,#1425,#1426));
#2477=EDGE_LOOP('',(#1427,#1428,#1429,#1430));
#2478=EDGE_LOOP('',(#1431,#1432,#1433,#1434));
#2479=EDGE_LOOP('',(#1435,#1436,#1437,#1438));
#2480=EDGE_LOOP('',(#1439,#1440,#1441,#1442));
#2481=EDGE_LOOP('',(#1443,#1444,#1445,#1446));
#2482=EDGE_LOOP('',(#1447,#1448,#1449,#1450));
#2483=EDGE_LOOP('',(#1451,#1452,#1453,#1454));
#2484=EDGE_LOOP('',(#1455,#1456,#1457,#1458));
#2485=EDGE_LOOP('',(#1459,#1460,#1461,#1462));
#2486=EDGE_LOOP('',(#1463,#1464,#1465,#1466));
#2487=EDGE_LOOP('',(#1467,#1468,#1469,#1470));
#2488=EDGE_LOOP('',(#1471,#1472,#1473,#1474));
#2489=EDGE_LOOP('',(#1475,#1476,#1477,#1478));
#2490=EDGE_LOOP('',(#1479,#1480,#1481,#1482));
#2491=EDGE_LOOP('',(#1483,#1484,#1485,#1486));
#2492=EDGE_LOOP('',(#1487,#1488,#1489,#1490));
#2493=EDGE_LOOP('',(#1491,#1492,#1493,#1494));
#2494=EDGE_LOOP('',(#1495,#1496,#1497,#1498));
#2495=EDGE_LOOP('',(#1499,#1500,#1501,#1502));
#2496=EDGE_LOOP('',(#1503,#1504,#1505,#1506));
#2497=EDGE_LOOP('',(#1507,#1508,#1509,#1510));
#2498=EDGE_LOOP('',(#1511,#1512,#1513,#1514));
#2499=EDGE_LOOP('',(#1515,#1516,#1517,#1518));
#2500=EDGE_LOOP('',(#1519,#1520,#1521,#1522));
#2501=EDGE_LOOP('',(#1523,#1524,#1525,#1526));
#2502=EDGE_LOOP('',(#1527,#1528,#1529,#1530));
#2503=EDGE_LOOP('',(#1531,#1532,#1533,#1534));
#2504=EDGE_LOOP('',(#1535,#1536,#1537,#1538));
#2505=EDGE_LOOP('',(#1539,#1540,#1541,#1542));
#2506=EDGE_LOOP('',(#1543,#1544,#1545,#1546));
#2507=FACE_BOUND('',#2336,.T.);
#2508=FACE_BOUND('',#2337,.T.);
#2509=FACE_BOUND('',#2338,.T.);
#2510=FACE_BOUND('',#2339,.T.);
#2511=FACE_BOUND('',#2340,.T.);
#2512=FACE_BOUND('',#2341,.T.);
#2513=FACE_BOUND('',#2342,.T.);
#2514=FACE_BOUND('',#2343,.T.);
#2515=FACE_BOUND('',#2344,.T.);
#2516=FACE_BOUND('',#2345,.T.);
#2517=FACE_BOUND('',#2346,.T.);
#2518=FACE_BOUND('',#2347,.T.);
#2519=FACE_BOUND('',#2348,.T.);
#2520=FACE_BOUND('',#2349,.T.);
#2521=FACE_BOUND('',#2350,.T.);
#2522=FACE_BOUND('',#2351,.T.);
#2523=FACE_BOUND('',#2352,.T.);
#2524=FACE_BOUND('',#2353,.T.);
#2525=FACE_BOUND('',#2354,.T.);
#2526=FACE_BOUND('',#2355,.T.);
#2527=FACE_BOUND('',#2356,.T.);
#2528=FACE_BOUND('',#2357,.T.);
#2529=FACE_BOUND('',#2358,.T.);
#2530=FACE_BOUND('',#2359,.T.);
#2531=FACE_BOUND('',#2360,.T.);
#2532=FACE_BOUND('',#2361,.T.);
#2533=FACE_BOUND('',#2362,.T.);
#2534=FACE_BOUND('',#2363,.T.);
#2535=FACE_BOUND('',#2364,.T.);
#2536=FACE_BOUND('',#2365,.T.);
#2537=FACE_BOUND('',#2366,.T.);
#2538=FACE_BOUND('',#2367,.T.);
#2539=FACE_BOUND('',#2368,.T.);
#2540=FACE_BOUND('',#2369,.T.);
#2541=FACE_BOUND('',#2370,.T.);
#2542=FACE_BOUND('',#2371,.T.);
#2543=FACE_BOUND('',#2372,.T.);
#2544=FACE_BOUND('',#2373,.T.);
#2545=FACE_BOUND('',#2374,.T.);
#2546=FACE_BOUND('',#2375,.T.);
#2547=FACE_BOUND('',#2376,.T.);
#2548=FACE_BOUND('',#2377,.T.);
#2549=FACE_BOUND('',#2378,.T.);
#2550=FACE_BOUND('',#2379,.T.);
#2551=FACE_BOUND('',#2380,.T.);
#2552=FACE_BOUND('',#2381,.T.);
#2553=FACE_BOUND('',#2382,.T.);
#2554=FACE_BOUND('',#2383,.T.);
#2555=FACE_BOUND('',#2384,.T.);
#2556=FACE_BOUND('',#2385,.T.);
#2557=FACE_BOUND('',#2386,.T.);
#2558=FACE_BOUND('',#2387,.T.);
#2559=FACE_BOUND('',#2388,.T.);
#2560=FACE_BOUND('',#2389,.T.);
#2561=FACE_BOUND('',#2390,.T.);
#2562=FACE_BOUND('',#2391,.T.);
#2563=FACE_BOUND('',#2392,.T.);
#2564=FACE_BOUND('',#2393,.T.);
#2565=FACE_BOUND('',#2394,.T.);
#2566=FACE_BOUND('',#2395,.T.);
#2567=FACE_BOUND('',#2396,.T.);
#2568=FACE_BOUND('',#2397,.T.);
#2569=FACE_BOUND('',#2398,.T.);
#2570=FACE_BOUND('',#2399,.T.);
#2571=FACE_BOUND('',#2400,.T.);
#2572=FACE_BOUND('',#2401,.T.);
#2573=FACE_BOUND('',#2402,.T.);
#2574=FACE_BOUND('',#2403,.T.);
#2575=FACE_BOUND('',#2404,.T.);
#2576=FACE_BOUND('',#2405,.T.);
#2577=FACE_BOUND('',#2406,.T.);
#2578=FACE_BOUND('',#2407,.T.);
#2579=FACE_BOUND('',#2408,.T.);
#2580=FACE_BOUND('',#2409,.T.);
#2581=FACE_BOUND('',#2410,.T.);
#2582=FACE_BOUND('',#2411,.T.);
#2583=FACE_BOUND('',#2412,.T.);
#2584=FACE_BOUND('',#2413,.T.);
#2585=FACE_BOUND('',#2414,.T.);
#2586=FACE_BOUND('',#2415,.T.);
#2587=FACE_BOUND('',#2416,.T.);
#2588=FACE_BOUND('',#2417,.T.);
#2589=FACE_BOUND('',#2418,.T.);
#2590=FACE_BOUND('',#2419,.T.);
#2591=FACE_BOUND('',#2420,.T.);
#2592=FACE_BOUND('',#2421,.T.);
#2593=FACE_BOUND('',#2422,.T.);
#2594=FACE_BOUND('',#2423,.T.);
#2595=FACE_BOUND('',#2424,.T.);
#2596=FACE_BOUND('',#2425,.T.);
#2597=FACE_BOUND('',#2426,.T.);
#2598=FACE_BOUND('',#2427,.T.);
#2599=FACE_BOUND('',#2428,.T.);
#2600=FACE_BOUND('',#2429,.T.);
#2601=FACE_BOUND('',#2430,.T.);
#2602=FACE_BOUND('',#2431,.T.);
#2603=FACE_BOUND('',#2432,.T.);
#2604=FACE_BOUND('',#2433,.T.);
#2605=FACE_BOUND('',#2434,.T.);
#2606=FACE_BOUND('',#2435,.T.);
#2607=FACE_BOUND('',#2436,.T.);
#2608=FACE_BOUND('',#2437,.T.);
#2609=FACE_BOUND('',#2438,.T.);
#2610=FACE_BOUND('',#2439,.T.);
#2611=FACE_BOUND('',#2440,.T.);
#2612=FACE_BOUND('',#2441,.T.);
#2613=FACE_BOUND('',#2442,.T.);
#2614=FACE_BOUND('',#2443,.T.);
#2615=FACE_BOUND('',#2444,.T.);
#2616=FACE_BOUND('',#2445,.T.);
#2617=FACE_BOUND('',#2446,.T.);
#2618=FACE_BOUND('',#2447,.T.);
#2619=FACE_BOUND('',#2448,.T.);
#2620=FACE_BOUND('',#2449,.T.);
#2621=FACE_BOUND('',#2450,.T.);
#2622=FACE_BOUND('',#2451,.T.);
#2623=FACE_BOUND('',#2452,.T.);
#2624=FACE_BOUND('',#2453,.T.);
#2625=FACE_BOUND('',#2454,.T.);
#2626=FACE_BOUND('',#2455,.T.);
#2627=FACE_BOUND('',#2456,.T.);
#2628=FACE_BOUND('',#2457,.T.);
#2629=FACE_BOUND('',#2458,.T.);
#2630=FACE_BOUND('',#2459,.T.);
#2631=FACE_BOUND('',#2460,.T.);
#2632=FACE_BOUND('',#2461,.T.);
#2633=FACE_BOUND('',#2462,.T.);
#2634=FACE_BOUND('',#2463,.T.);
#2635=FACE_BOUND('',#2464,.T.);
#2636=FACE_BOUND('',#2465,.T.);
#2637=FACE_BOUND('',#2466,.T.);
#2638=FACE_BOUND('',#2467,.T.);
#2639=FACE_BOUND('',#2468,.T.);
#2640=FACE_BOUND('',#2469,.T.);
#2641=FACE_BOUND('',#2470,.T.);
#2642=FACE_BOUND('',#2471,.T.);
#2643=FACE_BOUND('',#2472,.T.);
#2644=FACE_BOUND('',#2473,.T.);
#2645=FACE_BOUND('',#2474,.T.);
#2646=FACE_BOUND('',#2475,.T.);
#2647=FACE_BOUND('',#2476,.T.);
#2648=FACE_BOUND('',#2477,.T.);
#2649=FACE_BOUND('',#2478,.T.);
#2650=FACE_BOUND('',#2479,.T.);
#2651=FACE_BOUND('',#2480,.T.);
#2652=FACE_BOUND('',#2481,.T.);
#2653=FACE_BOUND('',#2482,.T.);
#2654=FACE_BOUND('',#2483,.T.);
#2655=FACE_BOUND('',#2484,.T.);
#2656=FACE_BOUND('',#2485,.T.);
#2657=FACE_BOUND('',#2486,.T.);
#2658=FACE_BOUND('',#2487,.T.);
#2659=FACE_BOUND('',#2488,.T.);
#2660=FACE_BOUND('',#2489,.T.);
#2661=FACE_BOUND('',#2490,.T.);
#2662=FACE_BOUND('',#2491,.T.);
#2663=FACE_BOUND('',#2492,.T.);
#2664=FACE_BOUND('',#2493,.T.);
#2665=FACE_BOUND('',#2494,.T.);
#2666=FACE_BOUND('',#2495,.T.);
#2667=FACE_BOUND('',#2496,.T.);
#2668=FACE_BOUND('',#2497,.T.);
#2669=FACE_BOUND('',#2498,.T.);
#2670=FACE_BOUND('',#2499,.T.);
#2671=FACE_BOUND('',#2500,.T.);
#2672=FACE_BOUND('',#2501,.T.);
#2673=FACE_BOUND('',#2502,.T.);
#2674=FACE_BOUND('',#2503,.T.);
#2675=FACE_BOUND('',#2504,.T.);
#2676=FACE_BOUND('',#2505,.T.);
#2677=FACE_BOUND('',#2506,.T.);
#2678=PLANE('',#2922);
#2679=PLANE('',#2927);
#2680=PLANE('',#2932);
#2681=PLANE('',#2936);
#2682=PLANE('',#2943);
#2683=PLANE('',#2950);
#2684=PLANE('',#2958);
#2685=PLANE('',#2962);
#2686=PLANE('',#2970);
#2687=PLANE('',#2971);
#2688=PLANE('',#2972);
#2689=PLANE('',#2973);
#2690=PLANE('',#2974);
#2691=PLANE('',#2975);
#2692=PLANE('',#2979);
#2693=PLANE('',#2990);
#2694=PLANE('',#2993);
#2695=PLANE('',#2995);
#2696=PLANE('',#2996);
#2697=PLANE('',#2997);
#2698=PLANE('',#2998);
#2699=PLANE('',#2999);
#2700=PLANE('',#3000);
#2701=PLANE('',#3001);
#2702=PLANE('',#3002);
#2703=PLANE('',#3003);
#2704=PLANE('',#3004);
#2705=PLANE('',#3010);
#2706=PLANE('',#3013);
#2707=PLANE('',#3016);
#2708=PLANE('',#3019);
#2709=PLANE('',#3028);
#2710=PLANE('',#3031);
#2711=PLANE('',#3047);
#2712=PLANE('',#3049);
#2713=PLANE('',#3050);
#2714=PLANE('',#3052);
#2715=PLANE('',#3053);
#2716=PLANE('',#3054);
#2717=PLANE('',#3055);
#2718=PLANE('',#3056);
#2719=PLANE('',#3057);
#2720=PLANE('',#3058);
#2721=PLANE('',#3059);
#2722=PLANE('',#3060);
#2723=PLANE('',#3061);
#2724=PLANE('',#3062);
#2725=PLANE('',#3063);
#2726=PLANE('',#3064);
#2727=PLANE('',#3065);
#2728=PLANE('',#3066);
#2729=PLANE('',#3067);
#2730=PLANE('',#3068);
#2731=PLANE('',#3069);
#2732=PLANE('',#3070);
#2733=PLANE('',#3071);
#2734=PLANE('',#3072);
#2735=PLANE('',#3073);
#2736=PLANE('',#3076);
#2737=PLANE('',#3077);
#2738=PLANE('',#3078);
#2739=PLANE('',#3079);
#2740=PLANE('',#3080);
#2741=PLANE('',#3084);
#2742=PLANE('',#3085);
#2743=PLANE('',#3086);
#2744=PLANE('',#3090);
#2745=PLANE('',#3092);
#2746=PLANE('',#3094);
#2747=PLANE('',#3096);
#2748=PLANE('',#3098);
#2749=PLANE('',#3100);
#2750=PLANE('',#3101);
#2751=PLANE('',#3102);
#2752=PLANE('',#3103);
#2753=PLANE('',#3104);
#2754=PLANE('',#3105);
#2755=ADVANCED_FACE('',(#2507,#2508),#2678,.T.);
#2756=ADVANCED_FACE('',(#2509,#2510),#2679,.T.);
#2757=ADVANCED_FACE('',(#2511),#2680,.T.);
#2758=ADVANCED_FACE('',(#2512,#2513),#2681,.T.);
#2759=ADVANCED_FACE('',(#2514,#2515,#2516),#2682,.T.);
#2760=ADVANCED_FACE('',(#2517,#2518),#2683,.T.);
#2761=ADVANCED_FACE('',(#2519),#2684,.T.);
#2762=ADVANCED_FACE('',(#2520),#2685,.T.);
#2763=ADVANCED_FACE('',(#2521),#59,.T.);
#2764=ADVANCED_FACE('',(#2522),#60,.T.);
#2765=ADVANCED_FACE('',(#2523),#2686,.F.);
#2766=ADVANCED_FACE('',(#2524),#2687,.F.);
#2767=ADVANCED_FACE('',(#2525),#2688,.F.);
#2768=ADVANCED_FACE('',(#2526),#2689,.F.);
#2769=ADVANCED_FACE('',(#2527),#2690,.F.);
#2770=ADVANCED_FACE('',(#2528),#2691,.T.);
#2771=ADVANCED_FACE('',(#2529),#16,.T.);
#2772=ADVANCED_FACE('',(#2530),#2692,.F.);
#2773=ADVANCED_FACE('',(#2531),#17,.F.);
#2774=ADVANCED_FACE('',(#2532),#18,.T.);
#2775=ADVANCED_FACE('',(#2533),#19,.T.);
#2776=ADVANCED_FACE('',(#2534),#20,.F.);
#2777=ADVANCED_FACE('',(#2535),#2693,.T.);
#2778=ADVANCED_FACE('',(#2536),#21,.T.);
#2779=ADVANCED_FACE('',(#2537),#2694,.F.);
#2780=ADVANCED_FACE('',(#2538),#2695,.F.);
#2781=ADVANCED_FACE('',(#2539),#2696,.F.);
#2782=ADVANCED_FACE('',(#2540),#2697,.F.);
#2783=ADVANCED_FACE('',(#2541),#2698,.F.);
#2784=ADVANCED_FACE('',(#2542),#2699,.F.);
#2785=ADVANCED_FACE('',(#2543),#2700,.T.);
#2786=ADVANCED_FACE('',(#2544),#2701,.T.);
#2787=ADVANCED_FACE('',(#2545),#2702,.T.);
#2788=ADVANCED_FACE('',(#2546),#2703,.T.);
#2789=ADVANCED_FACE('',(#2547),#2704,.T.);
#2790=ADVANCED_FACE('',(#2548),#61,.T.);
#2791=ADVANCED_FACE('',(#2549),#62,.T.);
#2792=ADVANCED_FACE('',(#2550),#2705,.T.);
#2793=ADVANCED_FACE('',(#2551),#22,.T.);
#2794=ADVANCED_FACE('',(#2552),#2706,.T.);
#2795=ADVANCED_FACE('',(#2553),#23,.T.);
#2796=ADVANCED_FACE('',(#2554),#2707,.F.);
#2797=ADVANCED_FACE('',(#2555),#24,.T.);
#2798=ADVANCED_FACE('',(#2556),#2708,.F.);
#2799=ADVANCED_FACE('',(#2557),#25,.T.);
#2800=ADVANCED_FACE('',(#2558,#2559),#26,.F.);
#2801=ADVANCED_FACE('',(#2560,#2561),#27,.F.);
#2802=ADVANCED_FACE('',(#2562,#2563),#28,.F.);
#2803=ADVANCED_FACE('',(#2564),#2709,.T.);
#2804=ADVANCED_FACE('',(#2565,#2566),#29,.F.);
#2805=ADVANCED_FACE('',(#2567,#2568,#2569,#2570,#2571),#2710,.F.);
#2806=ADVANCED_FACE('',(#2572),#2711,.T.);
#2807=ADVANCED_FACE('',(#2573),#63,.F.);
#2808=ADVANCED_FACE('',(#2574),#2712,.T.);
#2809=ADVANCED_FACE('',(#2575),#2713,.F.);
#2810=ADVANCED_FACE('',(#2576),#64,.F.);
#2811=ADVANCED_FACE('',(#2577),#2714,.T.);
#2812=ADVANCED_FACE('',(#2578),#2715,.T.);
#2813=ADVANCED_FACE('',(#2579),#2716,.T.);
#2814=ADVANCED_FACE('',(#2580),#2717,.T.);
#2815=ADVANCED_FACE('',(#2581),#65,.T.);
#2816=ADVANCED_FACE('',(#2582),#66,.T.);
#2817=ADVANCED_FACE('',(#2583),#67,.T.);
#2818=ADVANCED_FACE('',(#2584),#2718,.T.);
#2819=ADVANCED_FACE('',(#2585),#2719,.T.);
#2820=ADVANCED_FACE('',(#2586),#2720,.T.);
#2821=ADVANCED_FACE('',(#2587),#2721,.T.);
#2822=ADVANCED_FACE('',(#2588),#2722,.T.);
#2823=ADVANCED_FACE('',(#2589),#68,.T.);
#2824=ADVANCED_FACE('',(#2590),#69,.T.);
#2825=ADVANCED_FACE('',(#2591),#70,.T.);
#2826=ADVANCED_FACE('',(#2592),#71,.T.);
#2827=ADVANCED_FACE('',(#2593),#2723,.T.);
#2828=ADVANCED_FACE('',(#2594),#2724,.T.);
#2829=ADVANCED_FACE('',(#2595),#2725,.T.);
#2830=ADVANCED_FACE('',(#2596),#2726,.T.);
#2831=ADVANCED_FACE('',(#2597),#72,.T.);
#2832=ADVANCED_FACE('',(#2598,#2599),#2727,.T.);
#2833=ADVANCED_FACE('',(#2600),#2728,.T.);
#2834=ADVANCED_FACE('',(#2601),#2729,.T.);
#2835=ADVANCED_FACE('',(#2602),#2730,.T.);
#2836=ADVANCED_FACE('',(#2603),#2731,.T.);
#2837=ADVANCED_FACE('',(#2604),#73,.T.);
#2838=ADVANCED_FACE('',(#2605),#74,.T.);
#2839=ADVANCED_FACE('',(#2606),#75,.T.);
#2840=ADVANCED_FACE('',(#2607),#2732,.T.);
#2841=ADVANCED_FACE('',(#2608),#2733,.T.);
#2842=ADVANCED_FACE('',(#2609),#76,.T.);
#2843=ADVANCED_FACE('',(#2610),#77,.T.);
#2844=ADVANCED_FACE('',(#2611),#78,.T.);
#2845=ADVANCED_FACE('',(#2612),#2734,.T.);
#2846=ADVANCED_FACE('',(#2613),#2735,.T.);
#2847=ADVANCED_FACE('',(#2614),#79,.T.);
#2848=ADVANCED_FACE('',(#2615),#80,.T.);
#2849=ADVANCED_FACE('',(#2616),#81,.T.);
#2850=ADVANCED_FACE('',(#2617),#82,.T.);
#2851=ADVANCED_FACE('',(#2618),#83,.T.);
#2852=ADVANCED_FACE('',(#2619),#30,.T.);
#2853=ADVANCED_FACE('',(#2620),#84,.T.);
#2854=ADVANCED_FACE('',(#2621),#85,.T.);
#2855=ADVANCED_FACE('',(#2622),#2736,.T.);
#2856=ADVANCED_FACE('',(#2623),#2737,.T.);
#2857=ADVANCED_FACE('',(#2624),#86,.T.);
#2858=ADVANCED_FACE('',(#2625,#2626,#2627),#2738,.T.);
#2859=ADVANCED_FACE('',(#2628),#2739,.T.);
#2860=ADVANCED_FACE('',(#2629),#2740,.T.);
#2861=ADVANCED_FACE('',(#2630),#31,.F.);
#2862=ADVANCED_FACE('',(#2631),#2741,.F.);
#2863=ADVANCED_FACE('',(#2632),#2742,.F.);
#2864=ADVANCED_FACE('',(#2633),#2743,.T.);
#2865=ADVANCED_FACE('',(#2634),#32,.F.);
#2866=ADVANCED_FACE('',(#2635),#2744,.F.);
#2867=ADVANCED_FACE('',(#2636),#2745,.F.);
#2868=ADVANCED_FACE('',(#2637),#2746,.T.);
#2869=ADVANCED_FACE('',(#2638),#2747,.T.);
#2870=ADVANCED_FACE('',(#2639),#2748,.T.);
#2871=ADVANCED_FACE('',(#2640),#2749,.T.);
#2872=ADVANCED_FACE('',(#2641),#2750,.T.);
#2873=ADVANCED_FACE('',(#2642),#2751,.F.);
#2874=ADVANCED_FACE('',(#2643),#2752,.T.);
#2875=ADVANCED_FACE('',(#2644),#2753,.T.);
#2876=ADVANCED_FACE('',(#2645),#2754,.T.);
#2877=ADVANCED_FACE('',(#2646),#87,.T.);
#2878=ADVANCED_FACE('',(#2647),#88,.T.);
#2879=ADVANCED_FACE('',(#2648),#33,.T.);
#2880=ADVANCED_FACE('',(#2649),#34,.T.);
#2881=ADVANCED_FACE('',(#2650),#14,.T.);
#2882=ADVANCED_FACE('',(#2651),#15,.T.);
#2883=ADVANCED_FACE('',(#2652),#35,.F.);
#2884=ADVANCED_FACE('',(#2653),#36,.F.);
#2885=ADVANCED_FACE('',(#2654),#37,.F.);
#2886=ADVANCED_FACE('',(#2655),#38,.F.);
#2887=ADVANCED_FACE('',(#2656),#39,.F.);
#2888=ADVANCED_FACE('',(#2657),#40,.F.);
#2889=ADVANCED_FACE('',(#2658),#41,.F.);
#2890=ADVANCED_FACE('',(#2659),#42,.F.);
#2891=ADVANCED_FACE('',(#2660),#43,.T.);
#2892=ADVANCED_FACE('',(#2661),#44,.T.);
#2893=ADVANCED_FACE('',(#2662),#45,.T.);
#2894=ADVANCED_FACE('',(#2663),#46,.T.);
#2895=ADVANCED_FACE('',(#2664),#47,.F.);
#2896=ADVANCED_FACE('',(#2665),#48,.F.);
#2897=ADVANCED_FACE('',(#2666),#49,.F.);
#2898=ADVANCED_FACE('',(#2667),#50,.T.);
#2899=ADVANCED_FACE('',(#2668),#51,.T.);
#2900=ADVANCED_FACE('',(#2669),#52,.T.);
#2901=ADVANCED_FACE('',(#2670),#53,.T.);
#2902=ADVANCED_FACE('',(#2671),#54,.F.);
#2903=ADVANCED_FACE('',(#2672),#55,.F.);
#2904=ADVANCED_FACE('',(#2673),#12,.F.);
#2905=ADVANCED_FACE('',(#2674),#13,.F.);
#2906=ADVANCED_FACE('',(#2675),#56,.F.);
#2907=ADVANCED_FACE('',(#2676),#57,.F.);
#2908=ADVANCED_FACE('',(#2677),#58,.F.);
#2909=CLOSED_SHELL('',(#2755,#2756,#2757,#2758,#2759,#2760,#2761,#2762,
#2763,#2764,#2765,#2766,#2767,#2768,#2769,#2770,#2771,#2772,#2773,#2774,
#2775,#2776,#2777,#2778,#2779,#2780,#2781,#2782,#2783,#2784,#2785,#2786,
#2787,#2788,#2789,#2790,#2791,#2792,#2793,#2794,#2795,#2796,#2797,#2798,
#2799,#2800,#2801,#2802,#2803,#2804,#2805,#2806,#2807,#2808,#2809,#2810,
#2811,#2812,#2813,#2814,#2815,#2816,#2817,#2818,#2819,#2820,#2821,#2822,
#2823,#2824,#2825,#2826,#2827,#2828,#2829,#2830,#2831,#2832,#2833,#2834,
#2835,#2836,#2837,#2838,#2839,#2840,#2841,#2842,#2843,#2844,#2845,#2846,
#2847,#2848,#2849,#2850,#2851,#2852,#2853,#2854,#2855,#2856,#2857,#2858,
#2859,#2860,#2861,#2862,#2863,#2864,#2865,#2866,#2867,#2868,#2869,#2870,
#2871,#2872,#2873,#2874,#2875,#2876,#2877,#2878,#2879,#2880,#2881,#2882,
#2883,#2884,#2885,#2886,#2887,#2888,#2889,#2890,#2891,#2892,#2893,#2894,
#2895,#2896,#2897,#2898,#2899,#2900,#2901,#2902,#2903,#2904,#2905,#2906,
#2907,#2908));
#2910=STYLED_ITEM('',(#2911),#2918);
#2911=PRESENTATION_STYLE_ASSIGNMENT((#2912));
#2912=SURFACE_STYLE_USAGE(.BOTH.,#2913);
#2913=SURFACE_SIDE_STYLE('',(#2914));
#2914=SURFACE_STYLE_FILL_AREA(#2915);
#2915=FILL_AREA_STYLE('',(#2916));
#2916=FILL_AREA_STYLE_COLOUR('',#2917);
#2917=COLOUR_RGB('',0.615686274509804,0.811764705882353,0.929411764705882);
#2918=MANIFOLD_SOLID_BREP('Visible Light Holder',#2909);
#2919=SHAPE_DEFINITION_REPRESENTATION(#5480,#2920);
#2920=SHAPE_REPRESENTATION('Visible Light Holder',(#2921),#5475);
#2921=AXIS2_PLACEMENT_3D('',#3833,#3140,#3141);
#2922=AXIS2_PLACEMENT_3D('',#3834,#3142,#3143);
#2923=AXIS2_PLACEMENT_3D('',#3835,#3144,#3145);
#2924=AXIS2_PLACEMENT_3D('',#3840,#3147,#3148);
#2925=AXIS2_PLACEMENT_3D('',#3842,#3149,#3150);
#2926=AXIS2_PLACEMENT_3D('',#3876,#3152,#3153);
#2927=AXIS2_PLACEMENT_3D('',#3877,#3154,#3155);
#2928=AXIS2_PLACEMENT_3D('',#3878,#3156,#3157);
#2929=AXIS2_PLACEMENT_3D('',#3880,#3158,#3159);
#2930=AXIS2_PLACEMENT_3D('',#3883,#3160,#3161);
#2931=AXIS2_PLACEMENT_3D('',#3887,#3163,#3164);
#2932=AXIS2_PLACEMENT_3D('',#3921,#3166,#3167);
#2933=AXIS2_PLACEMENT_3D('',#3929,#3171,#3172);
#2934=AXIS2_PLACEMENT_3D('',#3931,#3173,#3174);
#2935=AXIS2_PLACEMENT_3D('',#3933,#3175,#3176);
#2936=AXIS2_PLACEMENT_3D('',#3934,#3177,#3178);
#2937=AXIS2_PLACEMENT_3D('',#3938,#3180,#3181);
#2938=AXIS2_PLACEMENT_3D('',#3940,#3182,#3183);
#2939=AXIS2_PLACEMENT_3D('',#3942,#3184,#3185);
#2940=AXIS2_PLACEMENT_3D('',#3946,#3187,#3188);
#2941=AXIS2_PLACEMENT_3D('',#3948,#3189,#3190);
#2942=AXIS2_PLACEMENT_3D('',#3950,#3191,#3192);
#2943=AXIS2_PLACEMENT_3D('',#3985,#3202,#3203);
#2944=AXIS2_PLACEMENT_3D('',#3986,#3204,#3205);
#2945=AXIS2_PLACEMENT_3D('',#3988,#3206,#3207);
#2946=AXIS2_PLACEMENT_3D('',#4004,#3212,#3213);
#2947=AXIS2_PLACEMENT_3D('',#4012,#3217,#3218);
#2948=AXIS2_PLACEMENT_3D('',#4076,#3224,#3225);
#2949=AXIS2_PLACEMENT_3D('',#4080,#3227,#3228);
#2950=AXIS2_PLACEMENT_3D('',#4104,#3230,#3231);
#2951=AXIS2_PLACEMENT_3D('',#4108,#3233,#3234);
#2952=AXIS2_PLACEMENT_3D('',#4110,#3235,#3236);
#2953=AXIS2_PLACEMENT_3D('',#4112,#3237,#3238);
#2954=AXIS2_PLACEMENT_3D('',#4116,#3240,#3241);
#2955=AXIS2_PLACEMENT_3D('',#4118,#3242,#3243);
#2956=AXIS2_PLACEMENT_3D('',#4120,#3244,#3245);
#2957=AXIS2_PLACEMENT_3D('',#4134,#3248,#3249);
#2958=AXIS2_PLACEMENT_3D('',#4157,#3251,#3252);
#2959=AXIS2_PLACEMENT_3D('',#4163,#3255,#3256);
#2960=AXIS2_PLACEMENT_3D('',#4165,#3257,#3258);
#2961=AXIS2_PLACEMENT_3D('',#4167,#3259,#3260);
#2962=AXIS2_PLACEMENT_3D('',#4170,#3262,#3263);
#2963=AXIS2_PLACEMENT_3D('',#4176,#3266,#3267);
#2964=AXIS2_PLACEMENT_3D('',#4178,#3268,#3269);
#2965=AXIS2_PLACEMENT_3D('',#4180,#3270,#3271);
#2966=AXIS2_PLACEMENT_3D('',#4193,#3274,#3275);
#2967=AXIS2_PLACEMENT_3D('',#4230,#3278,#3279);
#2968=AXIS2_PLACEMENT_3D('',#4238,#3280,#3281);
#2969=AXIS2_PLACEMENT_3D('',#4243,#3284,#3285);
#2970=AXIS2_PLACEMENT_3D('',#4259,#3288,#3289);
#2971=AXIS2_PLACEMENT_3D('',#4265,#3293,#3294);
#2972=AXIS2_PLACEMENT_3D('',#4273,#3299,#3300);
#2973=AXIS2_PLACEMENT_3D('',#4279,#3304,#3305);
#2974=AXIS2_PLACEMENT_3D('',#4286,#3310,#3311);
#2975=AXIS2_PLACEMENT_3D('',#4290,#3314,#3315);
#2976=AXIS2_PLACEMENT_3D('',#4294,#3317,#3318);
#2977=AXIS2_PLACEMENT_3D('',#4301,#3323,#3324);
#2978=AXIS2_PLACEMENT_3D('',#4304,#3326,#3327);
#2979=AXIS2_PLACEMENT_3D('',#4307,#3329,#3330);
#2980=AXIS2_PLACEMENT_3D('',#4313,#3334,#3335);
#2981=AXIS2_PLACEMENT_3D('',#4316,#3337,#3338);
#2982=AXIS2_PLACEMENT_3D('',#4319,#3340,#3341);
#2983=AXIS2_PLACEMENT_3D('',#4320,#3342,#3343);
#2984=AXIS2_PLACEMENT_3D('',#4324,#3345,#3346);
#2985=AXIS2_PLACEMENT_3D('',#4325,#3347,#3348);
#2986=AXIS2_PLACEMENT_3D('',#4326,#3349,#3350);
#2987=AXIS2_PLACEMENT_3D('',#4331,#3352,#3353);
#2988=AXIS2_PLACEMENT_3D('',#4335,#3356,#3357);
#2989=AXIS2_PLACEMENT_3D('',#4336,#3358,#3359);
#2990=AXIS2_PLACEMENT_3D('',#4339,#3361,#3362);
#2991=AXIS2_PLACEMENT_3D('',#4345,#3366,#3367);
#2992=AXIS2_PLACEMENT_3D('',#4346,#3368,#3369);
#2993=AXIS2_PLACEMENT_3D('',#4351,#3372,#3373);
#2994=AXIS2_PLACEMENT_3D('',#4354,#3375,#3376);
#2995=AXIS2_PLACEMENT_3D('',#4362,#3381,#3382);
#2996=AXIS2_PLACEMENT_3D('',#4368,#3386,#3387);
#2997=AXIS2_PLACEMENT_3D('',#4376,#3392,#3393);
#2998=AXIS2_PLACEMENT_3D('',#4382,#3397,#3398);
#2999=AXIS2_PLACEMENT_3D('',#4389,#3403,#3404);
#3000=AXIS2_PLACEMENT_3D('',#4393,#3407,#3408);
#3001=AXIS2_PLACEMENT_3D('',#4399,#3412,#3413);
#3002=AXIS2_PLACEMENT_3D('',#4407,#3418,#3419);
#3003=AXIS2_PLACEMENT_3D('',#4413,#3423,#3424);
#3004=AXIS2_PLACEMENT_3D('',#4420,#3429,#3430);
#3005=AXIS2_PLACEMENT_3D('',#4455,#3434,#3435);
#3006=AXIS2_PLACEMENT_3D('',#4470,#3437,#3438);
#3007=AXIS2_PLACEMENT_3D('',#4475,#3441,#3442);
#3008=AXIS2_PLACEMENT_3D('',#4480,#3445,#3446);
#3009=AXIS2_PLACEMENT_3D('',#4489,#3447,#3448);
#3010=AXIS2_PLACEMENT_3D('',#4503,#3451,#3452);
#3011=AXIS2_PLACEMENT_3D('',#4509,#3456,#3457);
#3012=AXIS2_PLACEMENT_3D('',#4510,#3458,#3459);
#3013=AXIS2_PLACEMENT_3D('',#4513,#3461,#3462);
#3014=AXIS2_PLACEMENT_3D('',#4522,#3465,#3466);
#3015=AXIS2_PLACEMENT_3D('',#4523,#3467,#3468);
#3016=AXIS2_PLACEMENT_3D('',#4526,#3470,#3471);
#3017=AXIS2_PLACEMENT_3D('',#4530,#3474,#3475);
#3018=AXIS2_PLACEMENT_3D('',#4531,#3476,#3477);
#3019=AXIS2_PLACEMENT_3D('',#4534,#3479,#3480);
#3020=AXIS2_PLACEMENT_3D('',#4543,#3483,#3484);
#3021=AXIS2_PLACEMENT_3D('',#4544,#3485,#3486);
#3022=AXIS2_PLACEMENT_3D('',#4547,#3488,#3489);
#3023=AXIS2_PLACEMENT_3D('',#4548,#3490,#3491);
#3024=AXIS2_PLACEMENT_3D('',#4550,#3492,#3493);
#3025=AXIS2_PLACEMENT_3D('',#4551,#3494,#3495);
#3026=AXIS2_PLACEMENT_3D('',#4553,#3496,#3497);
#3027=AXIS2_PLACEMENT_3D('',#4554,#3498,#3499);
#3028=AXIS2_PLACEMENT_3D('',#4556,#3500,#3501);
#3029=AXIS2_PLACEMENT_3D('',#4560,#3504,#3505);
#3030=AXIS2_PLACEMENT_3D('',#4561,#3506,#3507);
#3031=AXIS2_PLACEMENT_3D('',#4563,#3508,#3509);
#3032=AXIS2_PLACEMENT_3D('',#4564,#3510,#3511);
#3033=AXIS2_PLACEMENT_3D('',#4565,#3512,#3513);
#3034=AXIS2_PLACEMENT_3D('',#4566,#3514,#3515);
#3035=AXIS2_PLACEMENT_3D('',#4567,#3516,#3517);
#3036=AXIS2_PLACEMENT_3D('',#4568,#3518,#3519);
#3037=AXIS2_PLACEMENT_3D('',#4569,#3520,#3521);
#3038=AXIS2_PLACEMENT_3D('',#4570,#3522,#3523);
#3039=AXIS2_PLACEMENT_3D('',#4571,#3524,#3525);
#3040=AXIS2_PLACEMENT_3D('',#4572,#3526,#3527);
#3041=AXIS2_PLACEMENT_3D('',#4573,#3528,#3529);
#3042=AXIS2_PLACEMENT_3D('',#4574,#3530,#3531);
#3043=AXIS2_PLACEMENT_3D('',#4575,#3532,#3533);
#3044=AXIS2_PLACEMENT_3D('',#4576,#3534,#3535);
#3045=AXIS2_PLACEMENT_3D('',#4577,#3536,#3537);
#3046=AXIS2_PLACEMENT_3D('',#4578,#3538,#3539);
#3047=AXIS2_PLACEMENT_3D('',#4579,#3540,#3541);
#3048=AXIS2_PLACEMENT_3D('',#4612,#3545,#3546);
#3049=AXIS2_PLACEMENT_3D('',#4636,#3547,#3548);
#3050=AXIS2_PLACEMENT_3D('',#4642,#3550,#3551);
#3051=AXIS2_PLACEMENT_3D('',#4681,#3555,#3556);
#3052=AXIS2_PLACEMENT_3D('',#4699,#3557,#3558);
#3053=AXIS2_PLACEMENT_3D('',#4705,#3560,#3561);
#3054=AXIS2_PLACEMENT_3D('',#4714,#3566,#3567);
#3055=AXIS2_PLACEMENT_3D('',#4720,#3571,#3572);
#3056=AXIS2_PLACEMENT_3D('',#4777,#3579,#3580);
#3057=AXIS2_PLACEMENT_3D('',#4783,#3584,#3585);
#3058=AXIS2_PLACEMENT_3D('',#4787,#3588,#3589);
#3059=AXIS2_PLACEMENT_3D('',#4791,#3592,#3593);
#3060=AXIS2_PLACEMENT_3D('',#4795,#3596,#3597);
#3061=AXIS2_PLACEMENT_3D('',#4851,#3604,#3605);
#3062=AXIS2_PLACEMENT_3D('',#4855,#3608,#3609);
#3063=AXIS2_PLACEMENT_3D('',#4859,#3612,#3613);
#3064=AXIS2_PLACEMENT_3D('',#4863,#3616,#3617);
#3065=AXIS2_PLACEMENT_3D('',#4879,#3619,#3620);
#3066=AXIS2_PLACEMENT_3D('',#4880,#3621,#3622);
#3067=AXIS2_PLACEMENT_3D('',#4881,#3623,#3624);
#3068=AXIS2_PLACEMENT_3D('',#4890,#3629,#3630);
#3069=AXIS2_PLACEMENT_3D('',#4896,#3634,#3635);
#3070=AXIS2_PLACEMENT_3D('',#4953,#3642,#3643);
#3071=AXIS2_PLACEMENT_3D('',#4962,#3648,#3649);
#3072=AXIS2_PLACEMENT_3D('',#5019,#3656,#3657);
#3073=AXIS2_PLACEMENT_3D('',#5025,#3661,#3662);
#3074=AXIS2_PLACEMENT_3D('',#5094,#3670,#3671);
#3075=AXIS2_PLACEMENT_3D('',#5097,#3673,#3674);
#3076=AXIS2_PLACEMENT_3D('',#5124,#3677,#3678);
#3077=AXIS2_PLACEMENT_3D('',#5127,#3681,#3682);
#3078=AXIS2_PLACEMENT_3D('',#5143,#3684,#3685);
#3079=AXIS2_PLACEMENT_3D('',#5144,#3686,#3687);
#3080=AXIS2_PLACEMENT_3D('',#5145,#3688,#3689);
#3081=AXIS2_PLACEMENT_3D('',#5146,#3690,#3691);
#3082=AXIS2_PLACEMENT_3D('',#5150,#3693,#3694);
#3083=AXIS2_PLACEMENT_3D('',#5154,#3696,#3697);
#3084=AXIS2_PLACEMENT_3D('',#5155,#3698,#3699);
#3085=AXIS2_PLACEMENT_3D('',#5161,#3703,#3704);
#3086=AXIS2_PLACEMENT_3D('',#5167,#3708,#3709);
#3087=AXIS2_PLACEMENT_3D('',#5173,#3713,#3714);
#3088=AXIS2_PLACEMENT_3D('',#5174,#3715,#3716);
#3089=AXIS2_PLACEMENT_3D('',#5178,#3718,#3719);
#3090=AXIS2_PLACEMENT_3D('',#5179,#3720,#3721);
#3091=AXIS2_PLACEMENT_3D('',#5183,#3723,#3724);
#3092=AXIS2_PLACEMENT_3D('',#5187,#3727,#3728);
#3093=AXIS2_PLACEMENT_3D('',#5189,#3730,#3731);
#3094=AXIS2_PLACEMENT_3D('',#5190,#3732,#3733);
#3095=AXIS2_PLACEMENT_3D('',#5195,#3736,#3737);
#3096=AXIS2_PLACEMENT_3D('',#5196,#3738,#3739);
#3097=AXIS2_PLACEMENT_3D('',#5199,#3741,#3742);
#3098=AXIS2_PLACEMENT_3D('',#5201,#3744,#3745);
#3099=AXIS2_PLACEMENT_3D('',#5203,#3747,#3748);
#3100=AXIS2_PLACEMENT_3D('',#5205,#3750,#3751);
#3101=AXIS2_PLACEMENT_3D('',#5207,#3753,#3754);
#3102=AXIS2_PLACEMENT_3D('',#5208,#3755,#3756);
#3103=AXIS2_PLACEMENT_3D('',#5210,#3758,#3759);
#3104=AXIS2_PLACEMENT_3D('',#5211,#3760,#3761);
#3105=AXIS2_PLACEMENT_3D('',#5213,#3763,#3764);
#3106=AXIS2_PLACEMENT_3D('',#5416,#3765,#3766);
#3107=AXIS2_PLACEMENT_3D('',#5417,#3767,#3768);
#3108=AXIS2_PLACEMENT_3D('',#5442,#3769,#3770);
#3109=AXIS2_PLACEMENT_3D('',#5443,#3771,#3772);
#3110=AXIS2_PLACEMENT_3D('',#5444,#3773,#3774);
#3111=AXIS2_PLACEMENT_3D('',#5445,#3775,#3776);
#3112=AXIS2_PLACEMENT_3D('',#5446,#3777,#3778);
#3113=AXIS2_PLACEMENT_3D('',#5447,#3779,#3780);
#3114=AXIS2_PLACEMENT_3D('',#5448,#3781,#3782);
#3115=AXIS2_PLACEMENT_3D('',#5449,#3783,#3784);
#3116=AXIS2_PLACEMENT_3D('',#5450,#3785,#3786);
#3117=AXIS2_PLACEMENT_3D('',#5451,#3787,#3788);
#3118=AXIS2_PLACEMENT_3D('',#5452,#3789,#3790);
#3119=AXIS2_PLACEMENT_3D('',#5453,#3791,#3792);
#3120=AXIS2_PLACEMENT_3D('',#5454,#3793,#3794);
#3121=AXIS2_PLACEMENT_3D('',#5455,#3795,#3796);
#3122=AXIS2_PLACEMENT_3D('',#5456,#3797,#3798);
#3123=AXIS2_PLACEMENT_3D('',#5457,#3799,#3800);
#3124=AXIS2_PLACEMENT_3D('',#5458,#3801,#3802);
#3125=AXIS2_PLACEMENT_3D('',#5459,#3803,#3804);
#3126=AXIS2_PLACEMENT_3D('',#5460,#3805,#3806);
#3127=AXIS2_PLACEMENT_3D('',#5461,#3807,#3808);
#3128=AXIS2_PLACEMENT_3D('',#5462,#3809,#3810);
#3129=AXIS2_PLACEMENT_3D('',#5463,#3811,#3812);
#3130=AXIS2_PLACEMENT_3D('',#5464,#3813,#3814);
#3131=AXIS2_PLACEMENT_3D('',#5465,#3815,#3816);
#3132=AXIS2_PLACEMENT_3D('',#5466,#3817,#3818);
#3133=AXIS2_PLACEMENT_3D('',#5467,#3819,#3820);
#3134=AXIS2_PLACEMENT_3D('',#5468,#3821,#3822);
#3135=AXIS2_PLACEMENT_3D('',#5469,#3823,#3824);
#3136=AXIS2_PLACEMENT_3D('',#5470,#3825,#3826);
#3137=AXIS2_PLACEMENT_3D('',#5471,#3827,#3828);
#3138=AXIS2_PLACEMENT_3D('',#5472,#3829,#3830);
#3139=AXIS2_PLACEMENT_3D('',#5473,#3831,#3832);
#3140=DIRECTION('',(0.,0.,1.));
#3141=DIRECTION('',(1.,0.,0.));
#3142=DIRECTION('',(0.,0.,1.));
#3143=DIRECTION('',(1.,0.,0.));
#3144=DIRECTION('',(0.,0.,-1.));
#3145=DIRECTION('',(1.,0.,0.));
#3146=DIRECTION('',(-1.,-2.65349671277523E-16,0.));
#3147=DIRECTION('',(0.,0.,1.));
#3148=DIRECTION('',(1.,0.,0.));
#3149=DIRECTION('',(0.,0.,1.));
#3150=DIRECTION('',(0.,1.,0.));
#3151=DIRECTION('',(0.,-1.,0.));
#3152=DIRECTION('',(0.,0.,1.));
#3153=DIRECTION('',(1.,0.,0.));
#3154=DIRECTION('',(0.,0.,1.));
#3155=DIRECTION('',(1.,0.,0.));
#3156=DIRECTION('',(0.,0.,1.));
#3157=DIRECTION('',(1.,0.,0.));
#3158=DIRECTION('',(0.,0.,1.));
#3159=DIRECTION('',(0.,1.,0.));
#3160=DIRECTION('',(0.,0.,1.));
#3161=DIRECTION('',(1.,0.,0.));
#3162=DIRECTION('',(-1.,-2.65349671277523E-16,0.));
#3163=DIRECTION('',(0.,0.,1.));
#3164=DIRECTION('',(1.,0.,0.));
#3165=DIRECTION('',(0.,-1.,0.));
#3166=DIRECTION('',(0.,0.,1.));
#3167=DIRECTION('',(1.,0.,0.));
#3168=DIRECTION('',(0.9984088558513,0.056389330176011,0.));
#3169=DIRECTION('',(0.,-1.,0.));
#3170=DIRECTION('',(-0.998408855851299,0.0563893301760116,0.));
#3171=DIRECTION('',(0.,0.,1.));
#3172=DIRECTION('',(1.,0.,0.));
#3173=DIRECTION('',(0.,0.,1.));
#3174=DIRECTION('',(1.,0.,0.));
#3175=DIRECTION('',(0.,0.,1.));
#3176=DIRECTION('',(1.,0.,0.));
#3177=DIRECTION('',(0.,0.,1.));
#3178=DIRECTION('',(1.,0.,0.));
#3179=DIRECTION('',(0.99809895046268,-0.0616318512239972,0.));
#3180=DIRECTION('',(0.,0.,1.));
#3181=DIRECTION('',(1.,0.,0.));
#3182=DIRECTION('',(0.,0.,1.));
#3183=DIRECTION('',(1.,0.,0.));
#3184=DIRECTION('',(0.,0.,1.));
#3185=DIRECTION('',(1.,0.,0.));
#3186=DIRECTION('',(0.707106781186548,-0.707106781186548,0.));
#3187=DIRECTION('',(0.,0.,1.));
#3188=DIRECTION('',(1.,0.,0.));
#3189=DIRECTION('',(0.,0.,1.));
#3190=DIRECTION('',(1.,0.,0.));
#3191=DIRECTION('',(0.,0.,1.));
#3192=DIRECTION('',(1.,0.,0.));
#3193=DIRECTION('',(0.237903859717138,0.971288707610507,0.));
#3194=DIRECTION('',(-0.971288707610507,0.237903859717138,0.));
#3195=DIRECTION('',(0.237903859717135,0.971288707610507,0.));
#3196=DIRECTION('',(0.971288707610507,-0.237903859717138,0.));
#3197=DIRECTION('',(-0.237903859717138,-0.971288707610507,0.));
#3198=DIRECTION('',(-0.964988941647263,-0.262290568832537,0.));
#3199=DIRECTION('',(-0.971288707610507,0.237903859717136,0.));
#3200=DIRECTION('',(0.237903859717141,0.971288707610506,0.));
#3201=DIRECTION('',(0.968435997245927,0.249262350222185,0.));
#3202=DIRECTION('',(0.,0.,1.));
#3203=DIRECTION('',(1.,0.,0.));
#3204=DIRECTION('',(0.,0.,1.));
#3205=DIRECTION('',(1.,0.,0.));
#3206=DIRECTION('',(0.,0.,-1.));
#3207=DIRECTION('',(1.,0.,0.));
#3208=DIRECTION('',(0.707106781186544,-0.707106781186551,0.));
#3209=DIRECTION('',(-0.707106781186548,0.707106781186547,0.));
#3210=DIRECTION('',(0.707106781186548,0.707106781186548,0.));
#3211=DIRECTION('',(0.707106781186548,-0.707106781186548,0.));
#3212=DIRECTION('',(0.,0.,1.));
#3213=DIRECTION('',(1.,0.,0.));
#3214=DIRECTION('',(0.707106781186548,-0.707106781186547,0.));
#3215=DIRECTION('',(0.707106781186548,0.707106781186548,0.));
#3216=DIRECTION('',(0.707106781186548,-0.707106781186548,0.));
#3217=DIRECTION('',(0.,0.,1.));
#3218=DIRECTION('',(1.,0.,0.));
#3219=DIRECTION('',(0.707106781186548,-0.707106781186548,0.));
#3220=DIRECTION('',(-0.707106781186548,-0.707106781186548,0.));
#3221=DIRECTION('',(-0.707106781186548,0.707106781186548,0.));
#3222=DIRECTION('',(0.707106781186548,-0.707106781186548,0.));
#3223=DIRECTION('',(0.,-1.,0.));
#3224=DIRECTION('',(0.,0.,1.));
#3225=DIRECTION('',(1.,0.,0.));
#3226=DIRECTION('',(-1.,-2.1350442781253E-16,0.));
#3227=DIRECTION('',(0.,0.,1.));
#3228=DIRECTION('',(1.,0.,0.));
#3229=DIRECTION('',(0.,-1.,0.));
#3230=DIRECTION('',(0.,0.,1.));
#3231=DIRECTION('',(1.,0.,0.));
#3232=DIRECTION('',(0.0616318512239979,-0.99809895046268,0.));
#3233=DIRECTION('',(0.,0.,1.));
#3234=DIRECTION('',(1.,0.,0.));
#3235=DIRECTION('',(0.,0.,-1.));
#3236=DIRECTION('',(1.,0.,0.));
#3237=DIRECTION('',(0.,0.,1.));
#3238=DIRECTION('',(1.,0.,0.));
#3239=DIRECTION('',(0.707106781186548,-0.707106781186547,0.));
#3240=DIRECTION('',(0.,0.,1.));
#3241=DIRECTION('',(1.,0.,0.));
#3242=DIRECTION('',(0.,0.,-1.));
#3243=DIRECTION('',(1.,0.,0.));
#3244=DIRECTION('',(0.,0.,1.));
#3245=DIRECTION('',(1.,0.,0.));
#3246=DIRECTION('',(0.230377956916643,-0.973101226474879,0.));
#3247=DIRECTION('',(-0.973101226474879,-0.230377956916643,0.));
#3248=DIRECTION('',(0.,0.,-1.));
#3249=DIRECTION('',(-1.,0.,0.));
#3250=DIRECTION('',(0.973101226474879,0.230377956916642,0.));
#3251=DIRECTION('',(0.,0.,1.));
#3252=DIRECTION('',(1.,0.,0.));
#3253=DIRECTION('',(-1.,0.,0.));
#3254=DIRECTION('',(0.0301728048311699,0.999544697274024,0.));
#3255=DIRECTION('',(0.,0.,1.));
#3256=DIRECTION('',(1.,0.,0.));
#3257=DIRECTION('',(0.,0.,1.));
#3258=DIRECTION('',(1.,0.,0.));
#3259=DIRECTION('',(0.,0.,1.));
#3260=DIRECTION('',(1.,0.,0.));
#3261=DIRECTION('',(0.0301728048311698,-0.999544697274024,0.));
#3262=DIRECTION('',(0.,0.,1.));
#3263=DIRECTION('',(1.,0.,0.));
#3264=DIRECTION('',(-2.7755575615629E-15,-1.,0.));
#3265=DIRECTION('',(-0.998408855851299,0.056389330176011,0.));
#3266=DIRECTION('',(0.,0.,1.));
#3267=DIRECTION('',(1.,0.,0.));
#3268=DIRECTION('',(0.,0.,1.));
#3269=DIRECTION('',(1.,0.,0.));
#3270=DIRECTION('',(0.,0.,1.));
#3271=DIRECTION('',(1.,0.,0.));
#3272=DIRECTION('',(0.998408855851299,0.0563893301760115,0.));
#3273=DIRECTION('',(0.,0.,-1.));
#3274=DIRECTION('',(0.,0.,1.));
#3275=DIRECTION('',(0.,1.,0.));
#3276=DIRECTION('',(0.,0.,-1.));
#3277=DIRECTION('',(0.,0.,-1.));
#3278=DIRECTION('',(0.,0.,1.));
#3279=DIRECTION('',(1.,0.,0.));
#3280=DIRECTION('',(0.,0.,1.));
#3281=DIRECTION('',(1.,0.,0.));
#3282=DIRECTION('',(0.,0.,-1.));
#3283=DIRECTION('',(0.,0.,-1.));
#3284=DIRECTION('',(0.,0.,1.));
#3285=DIRECTION('',(1.,0.,0.));
#3286=DIRECTION('',(0.,0.,-1.));
#3287=DIRECTION('',(0.,0.,-1.));
#3288=DIRECTION('',(-0.0563893301760115,0.998408855851299,0.));
#3289=DIRECTION('',(-0.998408855851299,-0.0563893301760115,0.));
#3290=DIRECTION('',(0.,0.,-1.));
#3291=DIRECTION('',(0.998408855851299,0.0563893301760115,0.));
#3292=DIRECTION('',(0.,0.,-1.));
#3293=DIRECTION('',(2.16840434497098E-15,1.,0.));
#3294=DIRECTION('',(-1.,2.16840434497098E-15,0.));
#3295=DIRECTION('',(1.,-2.16840434497098E-15,0.));
#3296=DIRECTION('',(0.,0.,-1.));
#3297=DIRECTION('',(1.,-2.16840434497098E-15,0.));
#3298=DIRECTION('',(0.,0.,-1.));
#3299=DIRECTION('',(-1.,2.77555756156289E-15,0.));
#3300=DIRECTION('',(-2.77555756156289E-15,-1.,0.));
#3301=DIRECTION('',(2.77555756156289E-15,1.,0.));
#3302=DIRECTION('',(0.,0.,-1.));
#3303=DIRECTION('',(2.77555756156289E-15,1.,0.));
#3304=DIRECTION('',(-2.60208521396517E-15,-1.,0.));
#3305=DIRECTION('',(1.,-2.60208521396517E-15,0.));
#3306=DIRECTION('',(-1.,2.60208521396517E-15,0.));
#3307=DIRECTION('',(0.,0.,-1.));
#3308=DIRECTION('',(0.,0.,-1.));
#3309=DIRECTION('',(-1.,2.60208521396517E-15,0.));
#3310=DIRECTION('',(-0.056389330176011,-0.998408855851299,0.));
#3311=DIRECTION('',(0.998408855851299,-0.056389330176011,0.));
#3312=DIRECTION('',(-0.998408855851299,0.056389330176011,0.));
#3313=DIRECTION('',(0.,0.,-1.));
#3314=DIRECTION('',(-0.707106781186547,-0.707106781186548,0.));
#3315=DIRECTION('',(0.707106781186548,-0.707106781186547,0.));
#3316=DIRECTION('',(-0.707106781186548,0.707106781186548,0.));
#3317=DIRECTION('',(-0.707106781186547,-0.707106781186548,0.));
#3318=DIRECTION('',(0.707106781186548,-0.707106781186547,0.));
#3319=DIRECTION('',(0.,0.,-1.));
#3320=DIRECTION('',(-0.707106781186548,0.707106781186547,0.));
#3321=DIRECTION('',(0.,0.,-1.));
#3322=DIRECTION('',(0.,0.,-1.));
#3323=DIRECTION('',(0.,0.,-1.));
#3324=DIRECTION('',(-1.,0.,0.));
#3325=DIRECTION('',(0.,0.,-1.));
#3326=DIRECTION('',(0.,0.,1.));
#3327=DIRECTION('',(1.,0.,0.));
#3328=DIRECTION('',(0.,0.,-1.));
#3329=DIRECTION('',(0.0616318512239972,0.99809895046268,0.));
#3330=DIRECTION('',(-0.99809895046268,0.0616318512239972,0.));
#3331=DIRECTION('',(0.99809895046268,-0.0616318512239972,0.));
#3332=DIRECTION('',(0.,0.,1.));
#3333=DIRECTION('',(0.,0.,-1.));
#3334=DIRECTION('',(0.,0.,-1.));
#3335=DIRECTION('',(-1.,0.,0.));
#3336=DIRECTION('',(0.,0.,-1.));
#3337=DIRECTION('',(0.,0.,1.));
#3338=DIRECTION('',(1.,0.,0.));
#3339=DIRECTION('',(0.,0.,-1.));
#3340=DIRECTION('',(0.,0.,-1.));
#3341=DIRECTION('',(-1.,0.,0.));
#3342=DIRECTION('',(0.,0.,1.));
#3343=DIRECTION('',(1.,0.,0.));
#3344=DIRECTION('',(0.,0.,-1.));
#3345=DIRECTION('',(0.,0.,1.));
#3346=DIRECTION('',(1.,0.,0.));
#3347=DIRECTION('',(0.,0.,-1.));
#3348=DIRECTION('',(-1.,0.,0.));
#3349=DIRECTION('',(0.,0.,-1.));
#3350=DIRECTION('',(1.,0.,0.));
#3351=DIRECTION('',(0.,0.,-1.));
#3352=DIRECTION('',(0.,0.,-1.));
#3353=DIRECTION('',(1.,0.,0.));
#3354=DIRECTION('',(0.,0.,-1.));
#3355=DIRECTION('',(0.,0.,-1.));
#3356=DIRECTION('',(0.,0.,-1.));
#3357=DIRECTION('',(-1.,0.,0.));
#3358=DIRECTION('',(0.,0.,-1.));
#3359=DIRECTION('',(1.,0.,0.));
#3360=DIRECTION('',(0.,0.,-1.));
#3361=DIRECTION('',(0.99809895046268,0.0616318512239979,0.));
#3362=DIRECTION('',(-0.0616318512239979,0.99809895046268,0.));
#3363=DIRECTION('',(0.0616318512239979,-0.99809895046268,0.));
#3364=DIRECTION('',(0.,0.,-1.));
#3365=DIRECTION('',(0.,0.,1.));
#3366=DIRECTION('',(0.,0.,-1.));
#3367=DIRECTION('',(-1.,0.,0.));
#3368=DIRECTION('',(0.,0.,-1.));
#3369=DIRECTION('',(1.,0.,0.));
#3370=DIRECTION('',(0.,0.,-1.));
#3371=DIRECTION('',(0.,0.,-1.));
#3372=DIRECTION('',(-0.707106781186548,-0.707106781186548,0.));
#3373=DIRECTION('',(0.707106781186548,-0.707106781186548,0.));
#3374=DIRECTION('',(0.,0.,-1.));
#3375=DIRECTION('',(-0.707106781186548,-0.707106781186548,0.));
#3376=DIRECTION('',(0.707106781186548,-0.707106781186548,0.));
#3377=DIRECTION('',(-0.707106781186548,0.707106781186547,0.));
#3378=DIRECTION('',(0.,0.,-1.));
#3379=DIRECTION('',(-0.707106781186548,0.707106781186548,0.));
#3380=DIRECTION('',(0.,0.,-1.));
#3381=DIRECTION('',(0.999544697274024,0.0301728048311698,0.));
#3382=DIRECTION('',(-0.0301728048311698,0.999544697274024,0.));
#3383=DIRECTION('',(0.,0.,-1.));
#3384=DIRECTION('',(0.0301728048311698,-0.999544697274024,0.));
#3385=DIRECTION('',(0.,0.,-1.));
#3386=DIRECTION('',(1.,-8.67361737988391E-16,0.));
#3387=DIRECTION('',(8.67361737988391E-16,1.,0.));
#3388=DIRECTION('',(-8.67361737988391E-16,-1.,0.));
#3389=DIRECTION('',(0.,0.,-1.));
#3390=DIRECTION('',(-8.67361737988391E-16,-1.,0.));
#3391=DIRECTION('',(0.,0.,-1.));
#3392=DIRECTION('',(0.,1.,0.));
#3393=DIRECTION('',(0.,0.,1.));
#3394=DIRECTION('',(1.,0.,0.));
#3395=DIRECTION('',(0.,0.,-1.));
#3396=DIRECTION('',(1.,0.,0.));
#3397=DIRECTION('',(-1.,8.67361737988397E-16,0.));
#3398=DIRECTION('',(-8.67361737988397E-16,-1.,0.));
#3399=DIRECTION('',(8.67361737988397E-16,1.,0.));
#3400=DIRECTION('',(0.,0.,-1.));
#3401=DIRECTION('',(0.,0.,-1.));
#3402=DIRECTION('',(8.67361737988397E-16,1.,0.));
#3403=DIRECTION('',(-0.999544697274024,0.0301728048311699,0.));
#3404=DIRECTION('',(-0.0301728048311699,-0.999544697274024,0.));
#3405=DIRECTION('',(0.0301728048311699,0.999544697274024,0.));
#3406=DIRECTION('',(0.,0.,-1.));
#3407=DIRECTION('',(-0.056389330176011,0.998408855851299,0.));
#3408=DIRECTION('',(-0.998408855851299,-0.056389330176011,0.));
#3409=DIRECTION('',(0.,0.,1.));
#3410=DIRECTION('',(0.9984088558513,0.056389330176011,0.));
#3411=DIRECTION('',(0.,0.,-1.));
#3412=DIRECTION('',(1.73472347597678E-15,1.,0.));
#3413=DIRECTION('',(-1.,1.73472347597678E-15,0.));
#3414=DIRECTION('',(1.,-1.73472347597678E-15,0.));
#3415=DIRECTION('',(0.,0.,-1.));
#3416=DIRECTION('',(1.,-1.73472347597678E-15,0.));
#3417=DIRECTION('',(0.,0.,-1.));
#3418=DIRECTION('',(-1.,0.,0.));
#3419=DIRECTION('',(0.,0.,1.));
#3420=DIRECTION('',(0.,1.,0.));
#3421=DIRECTION('',(0.,0.,-1.));
#3422=DIRECTION('',(0.,1.,0.));
#3423=DIRECTION('',(-1.73472347597678E-15,-1.,0.));
#3424=DIRECTION('',(1.,-1.73472347597678E-15,0.));
#3425=DIRECTION('',(-1.,1.73472347597678E-15,0.));
#3426=DIRECTION('',(0.,0.,-1.));
#3427=DIRECTION('',(0.,0.,-1.));
#3428=DIRECTION('',(-1.,1.73472347597678E-15,0.));
#3429=DIRECTION('',(-0.0563893301760116,-0.998408855851299,0.));
#3430=DIRECTION('',(0.998408855851299,-0.0563893301760116,0.));
#3431=DIRECTION('',(-0.998408855851299,0.0563893301760116,0.));
#3432=DIRECTION('',(0.,0.,1.));
#3433=DIRECTION('',(0.,0.,-1.));
#3434=DIRECTION('',(0.,0.,1.));
#3435=DIRECTION('',(1.,0.,0.));
#3436=DIRECTION('',(0.,0.,-1.));
#3437=DIRECTION('',(0.,0.,1.));
#3438=DIRECTION('',(1.,0.,0.));
#3439=DIRECTION('',(0.,0.,-1.));
#3440=DIRECTION('',(0.,0.,-1.));
#3441=DIRECTION('',(0.,0.,1.));
#3442=DIRECTION('',(1.,0.,0.));
#3443=DIRECTION('',(0.,0.,-1.));
#3444=DIRECTION('',(0.,0.,-1.));
#3445=DIRECTION('',(0.,0.,1.));
#3446=DIRECTION('',(1.,0.,0.));
#3447=DIRECTION('',(0.,0.,1.));
#3448=DIRECTION('',(0.,1.,0.));
#3449=DIRECTION('',(0.,0.,-1.));
#3450=DIRECTION('',(0.,0.,-1.));
#3451=DIRECTION('',(2.65349671277523E-16,-1.,0.));
#3452=DIRECTION('',(1.,2.65349671277523E-16,0.));
#3453=DIRECTION('',(0.,0.,-1.));
#3454=DIRECTION('',(-1.,-2.65349671277523E-16,0.));
#3455=DIRECTION('',(0.,0.,-1.));
#3456=DIRECTION('',(0.,0.,-1.));
#3457=DIRECTION('',(-1.,0.,0.));
#3458=DIRECTION('',(0.,0.,1.));
#3459=DIRECTION('',(1.,0.,0.));
#3460=DIRECTION('',(0.,0.,-1.));
#3461=DIRECTION('',(1.,0.,0.));
#3462=DIRECTION('',(0.,0.,-1.));
#3463=DIRECTION('',(0.,-1.,0.));
#3464=DIRECTION('',(0.,0.,-1.));
#3465=DIRECTION('',(0.,0.,-1.));
#3466=DIRECTION('',(-1.,0.,0.));
#3467=DIRECTION('',(0.,0.,1.));
#3468=DIRECTION('',(1.,0.,0.));
#3469=DIRECTION('',(0.,0.,-1.));
#3470=DIRECTION('',(2.1350442781253E-16,-1.,0.));
#3471=DIRECTION('',(1.,2.1350442781253E-16,0.));
#3472=DIRECTION('',(-1.,-2.1350442781253E-16,0.));
#3473=DIRECTION('',(0.,0.,-1.));
#3474=DIRECTION('',(0.,0.,-1.));
#3475=DIRECTION('',(-1.,0.,0.));
#3476=DIRECTION('',(0.,0.,1.));
#3477=DIRECTION('',(1.,0.,0.));
#3478=DIRECTION('',(0.,0.,-1.));
#3479=DIRECTION('',(1.,0.,0.));
#3480=DIRECTION('',(0.,0.,-1.));
#3481=DIRECTION('',(0.,-1.,0.));
#3482=DIRECTION('',(0.,0.,-1.));
#3483=DIRECTION('',(0.,0.,-1.));
#3484=DIRECTION('',(-1.,0.,0.));
#3485=DIRECTION('',(0.,0.,1.));
#3486=DIRECTION('',(1.,0.,0.));
#3487=DIRECTION('',(0.,0.,-1.));
#3488=DIRECTION('',(0.,0.,-1.));
#3489=DIRECTION('',(-1.,0.,0.));
#3490=DIRECTION('',(0.,0.,1.));
#3491=DIRECTION('',(1.,0.,0.));
#3492=DIRECTION('',(0.,0.,-1.));
#3493=DIRECTION('',(-1.,0.,0.));
#3494=DIRECTION('',(0.,0.,-1.));
#3495=DIRECTION('',(1.,0.,0.));
#3496=DIRECTION('',(0.,0.,-1.));
#3497=DIRECTION('',(-1.,0.,0.));
#3498=DIRECTION('',(0.,0.,1.));
#3499=DIRECTION('',(1.,0.,0.));
#3500=DIRECTION('',(2.65349671277523E-16,-1.,0.));
#3501=DIRECTION('',(1.,2.65349671277523E-16,0.));
#3502=DIRECTION('',(-1.,-2.65349671277523E-16,0.));
#3503=DIRECTION('',(0.,0.,-1.));
#3504=DIRECTION('',(0.,0.,-1.));
#3505=DIRECTION('',(-1.,0.,0.));
#3506=DIRECTION('',(0.,0.,-1.));
#3507=DIRECTION('',(1.,0.,0.));
#3508=DIRECTION('',(0.,0.,1.));
#3509=DIRECTION('',(1.,0.,0.));
#3510=DIRECTION('',(0.,0.,1.));
#3511=DIRECTION('',(1.,0.,0.));
#3512=DIRECTION('',(0.,0.,1.));
#3513=DIRECTION('',(1.,0.,0.));
#3514=DIRECTION('',(0.,0.,1.));
#3515=DIRECTION('',(1.,0.,0.));
#3516=DIRECTION('',(0.,0.,1.));
#3517=DIRECTION('',(1.,0.,0.));
#3518=DIRECTION('',(0.,0.,1.));
#3519=DIRECTION('',(1.,0.,0.));
#3520=DIRECTION('',(0.,0.,1.));
#3521=DIRECTION('',(1.,0.,0.));
#3522=DIRECTION('',(0.,0.,1.));
#3523=DIRECTION('',(1.,0.,0.));
#3524=DIRECTION('',(0.,0.,1.));
#3525=DIRECTION('',(1.,0.,0.));
#3526=DIRECTION('',(0.,0.,1.));
#3527=DIRECTION('',(1.,0.,0.));
#3528=DIRECTION('',(0.,0.,1.));
#3529=DIRECTION('',(1.,0.,0.));
#3530=DIRECTION('',(0.,0.,1.));
#3531=DIRECTION('',(1.,0.,0.));
#3532=DIRECTION('',(0.,0.,1.));
#3533=DIRECTION('',(1.,0.,0.));
#3534=DIRECTION('',(0.,0.,1.));
#3535=DIRECTION('',(1.,0.,0.));
#3536=DIRECTION('',(0.,0.,1.));
#3537=DIRECTION('',(1.,0.,0.));
#3538=DIRECTION('',(0.,0.,1.));
#3539=DIRECTION('',(1.,0.,0.));
#3540=DIRECTION('',(-0.707106781186548,-0.707106781186548,0.));
#3541=DIRECTION('',(0.707106781186548,-0.707106781186548,0.));
#3542=DIRECTION('',(0.707106781186548,-0.707106781186548,0.));
#3543=DIRECTION('',(-0.707106781186548,0.707106781186548,0.));
#3544=DIRECTION('',(0.,0.,-1.));
#3545=DIRECTION('',(0.,0.,1.));
#3546=DIRECTION('',(1.,0.,0.));
#3547=DIRECTION('',(0.,0.,1.));
#3548=DIRECTION('',(1.,0.,0.));
#3549=DIRECTION('',(-0.707106781186548,0.707106781186548,0.));
#3550=DIRECTION('',(-0.707106781186551,-0.707106781186544,0.));
#3551=DIRECTION('',(0.707106781186544,-0.707106781186551,0.));
#3552=DIRECTION('',(0.707106781186544,-0.707106781186551,0.));
#3553=DIRECTION('',(0.,0.,-1.));
#3554=DIRECTION('',(-0.707106781186544,0.707106781186551,0.));
#3555=DIRECTION('',(0.,0.,1.));
#3556=DIRECTION('',(1.,0.,0.));
#3557=DIRECTION('',(0.,0.,1.));
#3558=DIRECTION('',(1.,0.,0.));
#3559=DIRECTION('',(-0.707106781186544,0.707106781186551,0.));
#3560=DIRECTION('',(0.971288707610507,-0.237903859717138,0.));
#3561=DIRECTION('',(0.237903859717138,0.971288707610507,0.));
#3562=DIRECTION('',(-0.237903859717138,-0.971288707610507,0.));
#3563=DIRECTION('',(0.,0.,-1.));
#3564=DIRECTION('',(-0.237903859717138,-0.971288707610507,0.));
#3565=DIRECTION('',(0.,0.,-1.));
#3566=DIRECTION('',(-0.237903859717138,-0.971288707610507,0.));
#3567=DIRECTION('',(0.971288707610507,-0.237903859717138,0.));
#3568=DIRECTION('',(-0.971288707610507,0.237903859717138,0.));
#3569=DIRECTION('',(0.,0.,-1.));
#3570=DIRECTION('',(-0.971288707610507,0.237903859717138,0.));
#3571=DIRECTION('',(-0.971288707610506,0.237903859717141,0.));
#3572=DIRECTION('',(-0.237903859717141,-0.971288707610506,0.));
#3573=DIRECTION('',(0.237903859717141,0.971288707610506,0.));
#3574=DIRECTION('',(0.,0.,-1.));
#3575=DIRECTION('',(0.237903859717141,0.971288707610506,0.));
#3576=DIRECTION('',(0.,0.,-1.));
#3577=DIRECTION('',(0.,0.,-1.));
#3578=DIRECTION('',(0.,0.,-1.));
#3579=DIRECTION('',(-0.971288707610507,0.237903859717138,0.));
#3580=DIRECTION('',(-0.237903859717138,-0.971288707610507,0.));
#3581=DIRECTION('',(0.,0.,-1.));
#3582=DIRECTION('',(0.237903859717138,0.971288707610507,0.));
#3583=DIRECTION('',(0.,0.,-1.));
#3584=DIRECTION('',(-0.249262350222185,0.968435997245927,0.));
#3585=DIRECTION('',(-0.968435997245927,-0.249262350222185,0.));
#3586=DIRECTION('',(0.,0.,-1.));
#3587=DIRECTION('',(0.968435997245927,0.249262350222185,0.));
#3588=DIRECTION('',(-0.971288707610506,0.237903859717141,0.));
#3589=DIRECTION('',(-0.237903859717141,-0.971288707610506,0.));
#3590=DIRECTION('',(0.,0.,-1.));
#3591=DIRECTION('',(0.237903859717141,0.971288707610506,0.));
#3592=DIRECTION('',(-0.237903859717136,-0.971288707610507,0.));
#3593=DIRECTION('',(0.971288707610507,-0.237903859717136,0.));
#3594=DIRECTION('',(0.,0.,-1.));
#3595=DIRECTION('',(-0.971288707610507,0.237903859717136,0.));
#3596=DIRECTION('',(0.262290568832537,-0.964988941647263,0.));
#3597=DIRECTION('',(0.964988941647263,0.262290568832537,0.));
#3598=DIRECTION('',(0.,0.,-1.));
#3599=DIRECTION('',(-0.964988941647263,-0.262290568832537,0.));
#3600=DIRECTION('',(0.,0.,-1.));
#3601=DIRECTION('',(0.,0.,-1.));
#3602=DIRECTION('',(0.,0.,-1.));
#3603=DIRECTION('',(0.,0.,-1.));
#3604=DIRECTION('',(0.971288707610507,-0.237903859717138,0.));
#3605=DIRECTION('',(0.237903859717138,0.971288707610507,0.));
#3606=DIRECTION('',(0.,0.,-1.));
#3607=DIRECTION('',(-0.237903859717138,-0.971288707610507,0.));
#3608=DIRECTION('',(0.237903859717138,0.971288707610507,0.));
#3609=DIRECTION('',(-0.971288707610507,0.237903859717138,0.));
#3610=DIRECTION('',(0.,0.,-1.));
#3611=DIRECTION('',(0.971288707610507,-0.237903859717138,0.));
#3612=DIRECTION('',(-0.971288707610507,0.237903859717135,0.));
#3613=DIRECTION('',(-0.237903859717135,-0.971288707610507,0.));
#3614=DIRECTION('',(0.,0.,-1.));
#3615=DIRECTION('',(0.237903859717135,0.971288707610507,0.));
#3616=DIRECTION('',(-0.237903859717138,-0.971288707610507,0.));
#3617=DIRECTION('',(0.971288707610507,-0.237903859717138,0.));
#3618=DIRECTION('',(-0.971288707610507,0.237903859717138,0.));
#3619=DIRECTION('',(0.,0.,1.));
#3620=DIRECTION('',(-0.707106781186548,-0.707106781186548,0.));
#3621=DIRECTION('',(0.,0.,1.));
#3622=DIRECTION('',(1.,0.,0.));
#3623=DIRECTION('',(0.230377956916643,-0.973101226474879,0.));
#3624=DIRECTION('',(0.973101226474879,0.230377956916643,0.));
#3625=DIRECTION('',(-0.973101226474879,-0.230377956916643,0.));
#3626=DIRECTION('',(0.,0.,-1.));
#3627=DIRECTION('',(-0.973101226474879,-0.230377956916643,0.));
#3628=DIRECTION('',(0.,0.,-1.));
#3629=DIRECTION('',(-0.973101226474879,-0.230377956916642,0.));
#3630=DIRECTION('',(0.230377956916642,-0.973101226474879,0.));
#3631=DIRECTION('',(-0.230377956916642,0.973101226474879,0.));
#3632=DIRECTION('',(0.,0.,-1.));
#3633=DIRECTION('',(-0.230377956916642,0.973101226474879,0.));
#3634=DIRECTION('',(-0.230377956916642,0.973101226474879,0.));
#3635=DIRECTION('',(-0.973101226474879,-0.230377956916642,0.));
#3636=DIRECTION('',(0.973101226474879,0.230377956916642,0.));
#3637=DIRECTION('',(0.,0.,-1.));
#3638=DIRECTION('',(0.973101226474879,0.230377956916642,0.));
#3639=DIRECTION('',(0.,0.,-1.));
#3640=DIRECTION('',(0.,0.,-1.));
#3641=DIRECTION('',(0.,0.,-1.));
#3642=DIRECTION('',(-0.973101226474879,-0.230377956916643,0.));
#3643=DIRECTION('',(0.230377956916643,-0.973101226474879,0.));
#3644=DIRECTION('',(-0.230377956916643,0.973101226474879,0.));
#3645=DIRECTION('',(0.,0.,-1.));
#3646=DIRECTION('',(-0.230377956916643,0.973101226474879,0.));
#3647=DIRECTION('',(0.,0.,-1.));
#3648=DIRECTION('',(-0.230377956916644,0.973101226474879,0.));
#3649=DIRECTION('',(-0.973101226474879,-0.230377956916644,0.));
#3650=DIRECTION('',(0.973101226474879,0.230377956916644,0.));
#3651=DIRECTION('',(0.,0.,-1.));
#3652=DIRECTION('',(0.973101226474879,0.230377956916644,0.));
#3653=DIRECTION('',(0.,0.,-1.));
#3654=DIRECTION('',(0.,0.,-1.));
#3655=DIRECTION('',(0.,0.,-1.));
#3656=DIRECTION('',(0.973101226474879,0.230377956916643,0.));
#3657=DIRECTION('',(-0.230377956916643,0.973101226474879,0.));
#3658=DIRECTION('',(0.,0.,-1.));
#3659=DIRECTION('',(0.230377956916643,-0.973101226474879,0.));
#3660=DIRECTION('',(0.,0.,-1.));
#3661=DIRECTION('',(-0.230377956916642,0.973101226474879,0.));
#3662=DIRECTION('',(-0.973101226474879,-0.230377956916642,0.));
#3663=DIRECTION('',(0.,0.,-1.));
#3664=DIRECTION('',(0.973101226474879,0.230377956916642,0.));
#3665=DIRECTION('',(0.,0.,-1.));
#3666=DIRECTION('',(0.,0.,-1.));
#3667=DIRECTION('',(0.,0.,-1.));
#3668=DIRECTION('',(0.,0.,-1.));
#3669=DIRECTION('',(0.,0.,-1.));
#3670=DIRECTION('',(0.,0.,-1.));
#3671=DIRECTION('',(-0.996766024551701,0.0803585235018464,0.));
#3672=DIRECTION('',(0.,0.,-1.));
#3673=DIRECTION('',(0.,0.,-1.));
#3674=DIRECTION('',(-1.,0.,0.));
#3675=DIRECTION('',(0.,0.,-1.));
#3676=DIRECTION('',(0.,0.,-1.));
#3677=DIRECTION('',(0.230377956916641,-0.97310122647488,0.));
#3678=DIRECTION('',(0.97310122647488,0.230377956916641,0.));
#3679=DIRECTION('',(-0.97310122647488,-0.230377956916641,0.));
#3680=DIRECTION('',(-0.97310122647488,-0.230377956916641,0.));
#3681=DIRECTION('',(0.230377956916643,-0.973101226474879,0.));
#3682=DIRECTION('',(0.973101226474879,0.230377956916643,0.));
#3683=DIRECTION('',(-0.973101226474879,-0.230377956916643,0.));
#3684=DIRECTION('',(0.,0.,1.));
#3685=DIRECTION('',(-0.707106781186548,-0.707106781186548,0.));
#3686=DIRECTION('',(0.,0.,1.));
#3687=DIRECTION('',(1.,0.,0.));
#3688=DIRECTION('',(0.,0.,1.));
#3689=DIRECTION('',(1.,0.,0.));
#3690=DIRECTION('',(0.,0.,-1.));
#3691=DIRECTION('',(-1.,0.,0.));
#3692=DIRECTION('',(0.,0.,-1.));
#3693=DIRECTION('',(0.,0.,1.));
#3694=DIRECTION('',(1.,0.,0.));
#3695=DIRECTION('',(0.,0.,-1.));
#3696=DIRECTION('',(0.,0.,-1.));
#3697=DIRECTION('',(1.,0.,0.));
#3698=DIRECTION('',(-0.707106781186548,-0.707106781186548,0.));
#3699=DIRECTION('',(0.707106781186548,-0.707106781186548,0.));
#3700=DIRECTION('',(0.707106781186548,-0.707106781186548,0.));
#3701=DIRECTION('',(0.,0.,-1.));
#3702=DIRECTION('',(-0.707106781186548,0.707106781186548,0.));
#3703=DIRECTION('',(0.707106781186548,-0.707106781186548,0.));
#3704=DIRECTION('',(0.707106781186548,0.707106781186548,0.));
#3705=DIRECTION('',(0.707106781186548,0.707106781186548,0.));
#3706=DIRECTION('',(0.,0.,-1.));
#3707=DIRECTION('',(-0.707106781186548,-0.707106781186548,0.));
#3708=DIRECTION('',(-0.707106781186547,-0.707106781186548,0.));
#3709=DIRECTION('',(0.707106781186548,-0.707106781186547,0.));
#3710=DIRECTION('',(0.707106781186548,-0.707106781186547,0.));
#3711=DIRECTION('',(0.,0.,-1.));
#3712=DIRECTION('',(-0.707106781186548,0.707106781186547,0.));
#3713=DIRECTION('',(0.,0.,-1.));
#3714=DIRECTION('',(-1.,0.,0.));
#3715=DIRECTION('',(0.,0.,1.));
#3716=DIRECTION('',(1.,0.,0.));
#3717=DIRECTION('',(0.,0.,-1.));
#3718=DIRECTION('',(0.,0.,1.));
#3719=DIRECTION('',(1.,0.,0.));
#3720=DIRECTION('',(-0.707106781186548,-0.707106781186548,0.));
#3721=DIRECTION('',(0.707106781186548,-0.707106781186548,0.));
#3722=DIRECTION('',(0.,0.,-1.));
#3723=DIRECTION('',(-0.707106781186548,-0.707106781186548,0.));
#3724=DIRECTION('',(0.707106781186548,-0.707106781186548,0.));
#3725=DIRECTION('',(-0.707106781186548,0.707106781186548,0.));
#3726=DIRECTION('',(0.707106781186548,-0.707106781186548,0.));
#3727=DIRECTION('',(0.707106781186548,-0.707106781186548,0.));
#3728=DIRECTION('',(0.707106781186548,0.707106781186548,0.));
#3729=DIRECTION('',(-0.707106781186548,-0.707106781186548,0.));
#3730=DIRECTION('',(0.707106781186548,-0.707106781186548,0.));
#3731=DIRECTION('',(0.707106781186548,0.707106781186548,0.));
#3732=DIRECTION('',(-0.707106781186548,0.707106781186548,0.));
#3733=DIRECTION('',(-0.707106781186548,-0.707106781186548,0.));
#3734=DIRECTION('',(0.,0.,-1.));
#3735=DIRECTION('',(0.707106781186548,0.707106781186548,0.));
#3736=DIRECTION('',(-0.707106781186548,0.707106781186548,0.));
#3737=DIRECTION('',(-0.707106781186548,-0.707106781186548,0.));
#3738=DIRECTION('',(-0.707106781186548,-0.707106781186548,0.));
#3739=DIRECTION('',(0.707106781186548,-0.707106781186548,0.));
#3740=DIRECTION('',(-0.707106781186548,0.707106781186548,0.));
#3741=DIRECTION('',(-0.707106781186548,-0.707106781186548,0.));
#3742=DIRECTION('',(0.707106781186548,-0.707106781186548,0.));
#3743=DIRECTION('',(0.707106781186548,-0.707106781186548,0.));
#3744=DIRECTION('',(0.,0.,1.));
#3745=DIRECTION('',(1.,0.,0.));
#3746=DIRECTION('',(-0.707106781186548,-0.707106781186548,0.));
#3747=DIRECTION('',(0.,0.,1.));
#3748=DIRECTION('',(1.,0.,0.));
#3749=DIRECTION('',(0.707106781186548,0.707106781186548,0.));
#3750=DIRECTION('',(-1.,2.7755575615629E-15,0.));
#3751=DIRECTION('',(-2.7755575615629E-15,-1.,0.));
#3752=DIRECTION('',(2.7755575615629E-15,1.,0.));
#3753=DIRECTION('',(0.,0.,1.));
#3754=DIRECTION('',(1.,0.,0.));
#3755=DIRECTION('',(-1.,0.,0.));
#3756=DIRECTION('',(0.,0.,1.));
#3757=DIRECTION('',(0.,1.,0.));
#3758=DIRECTION('',(0.,0.,1.));
#3759=DIRECTION('',(1.,0.,0.));
#3760=DIRECTION('',(0.,1.,0.));
#3761=DIRECTION('',(0.,0.,1.));
#3762=DIRECTION('',(1.,0.,0.));
#3763=DIRECTION('',(0.,0.,1.));
#3764=DIRECTION('',(1.,0.,0.));
#3765=DIRECTION('',(0.,0.,-1.));
#3766=DIRECTION('',(-1.,0.,0.));
#3767=DIRECTION('',(0.,0.,-1.));
#3768=DIRECTION('',(-1.,0.,0.));
#3769=DIRECTION('',(0.,0.,-1.));
#3770=DIRECTION('',(-1.,0.,0.));
#3771=DIRECTION('',(0.,0.,-1.));
#3772=DIRECTION('',(-1.,0.,0.));
#3773=DIRECTION('',(0.,0.,-1.));
#3774=DIRECTION('',(-1.,0.,0.));
#3775=DIRECTION('',(0.,0.,-1.));
#3776=DIRECTION('',(-1.,0.,0.));
#3777=DIRECTION('',(0.,0.,-1.));
#3778=DIRECTION('',(-1.,0.,0.));
#3779=DIRECTION('',(0.,0.,-1.));
#3780=DIRECTION('',(-1.,0.,0.));
#3781=DIRECTION('',(0.707106781186544,-0.707106781186551,0.));
#3782=DIRECTION('',(0.707106781186551,0.707106781186544,0.));
#3783=DIRECTION('',(-0.707106781186548,0.707106781186548,0.));
#3784=DIRECTION('',(-0.707106781186548,-0.707106781186548,0.));
#3785=DIRECTION('',(-0.707106781186548,0.707106781186548,0.));
#3786=DIRECTION('',(-0.707106781186548,-0.707106781186548,0.));
#3787=DIRECTION('',(0.707106781186544,-0.707106781186551,0.));
#3788=DIRECTION('',(0.707106781186551,0.707106781186544,0.));
#3789=DIRECTION('',(0.707106781186548,0.707106781186548,0.));
#3790=DIRECTION('',(-0.707106781186548,0.707106781186548,0.));
#3791=DIRECTION('',(0.707106781186548,0.707106781186548,0.));
#3792=DIRECTION('',(-0.707106781186548,0.707106781186548,0.));
#3793=DIRECTION('',(0.,0.,-1.));
#3794=DIRECTION('',(-1.,0.,0.));
#3795=DIRECTION('',(0.,0.,1.));
#3796=DIRECTION('',(1.,0.,0.));
#3797=DIRECTION('',(0.,0.,-1.));
#3798=DIRECTION('',(-1.,0.,0.));
#3799=DIRECTION('',(0.,0.,-1.));
#3800=DIRECTION('',(-1.,0.,0.));
#3801=DIRECTION('',(0.,0.,-1.));
#3802=DIRECTION('',(-1.,0.,0.));
#3803=DIRECTION('',(0.,0.,-1.));
#3804=DIRECTION('',(-1.,0.,0.));
#3805=DIRECTION('',(0.,0.,-1.));
#3806=DIRECTION('',(-1.,0.,0.));
#3807=DIRECTION('',(0.707106781186548,-0.707106781186548,0.));
#3808=DIRECTION('',(0.707106781186548,0.707106781186548,0.));
#3809=DIRECTION('',(-0.707106781186549,0.707106781186546,0.));
#3810=DIRECTION('',(-0.707106781186546,-0.707106781186549,0.));
#3811=DIRECTION('',(-0.707106781186548,0.707106781186548,0.));
#3812=DIRECTION('',(-0.707106781186548,-0.707106781186548,0.));
#3813=DIRECTION('',(-0.707106781186548,0.707106781186548,0.));
#3814=DIRECTION('',(-0.707106781186548,-0.707106781186548,0.));
#3815=DIRECTION('',(0.,0.,1.));
#3816=DIRECTION('',(1.,0.,0.));
#3817=DIRECTION('',(0.707106781186548,-0.707106781186547,0.));
#3818=DIRECTION('',(0.707106781186547,0.707106781186548,0.));
#3819=DIRECTION('',(0.,0.,1.));
#3820=DIRECTION('',(1.,0.,0.));
#3821=DIRECTION('',(0.707106781186548,-0.707106781186548,0.));
#3822=DIRECTION('',(0.707106781186548,0.707106781186548,0.));
#3823=DIRECTION('',(-0.707106781186548,0.707106781186547,0.));
#3824=DIRECTION('',(-0.707106781186547,-0.707106781186548,0.));
#3825=DIRECTION('',(-7.85046229341888E-17,1.,0.));
#3826=DIRECTION('',(-1.,-1.57009245868377E-16,0.));
#3827=DIRECTION('',(0.707106781186548,-0.707106781186548,0.));
#3828=DIRECTION('',(0.707106781186548,0.707106781186548,0.));
#3829=DIRECTION('',(1.,0.,0.));
#3830=DIRECTION('',(0.,-1.,0.));
#3831=DIRECTION('',(0.707106781186548,0.707106781186548,0.));
#3832=DIRECTION('',(-0.707106781186548,0.707106781186548,0.));
#3833=CARTESIAN_POINT('',(0.,0.,0.));
#3834=CARTESIAN_POINT('',(0.,0.,0.001));
#3835=CARTESIAN_POINT('',(-0.0635,-0.0635,0.001));
#3836=CARTESIAN_POINT('',(-0.0619,-0.0635,0.001));
#3837=CARTESIAN_POINT('',(-0.03885,-0.075,0.001));
#3838=CARTESIAN_POINT('',(-0.013697472588949,-0.075,0.001));
#3839=CARTESIAN_POINT('',(-0.065,-0.075,0.001));
#3840=CARTESIAN_POINT('',(-0.013697472588949,-0.074,0.001));
#3841=CARTESIAN_POINT('',(-0.0126974853668356,-0.0740050552556715,0.001));
#3842=CARTESIAN_POINT('',(0.,-0.075,0.001));
#3843=CARTESIAN_POINT('',(-0.0122945555221481,-0.0624670101691437,0.001));
#3844=CARTESIAN_POINT('',(-0.0122945572274594,-0.0624670100569902,0.001));
#3845=CARTESIAN_POINT('',(-0.0159326770418495,-0.0619708395121952,0.001));
#3846=CARTESIAN_POINT('',(-0.021268127209246,-0.0609111326386546,0.001));
#3847=CARTESIAN_POINT('',(-0.0272860071459228,-0.0591201909721809,0.001));
#3848=CARTESIAN_POINT('',(-0.0302370293383955,-0.0580886435258424,0.001));
#3849=CARTESIAN_POINT('',(-0.031916545903845,-0.0574562582452282,0.001));
#3850=CARTESIAN_POINT('',(-0.0331452697512542,-0.0569719197139989,0.001));
#3851=CARTESIAN_POINT('',(-0.0344558341515749,-0.0564307660016336,0.001));
#3852=CARTESIAN_POINT('',(-0.0361490442151293,-0.0556977115631167,0.001));
#3853=CARTESIAN_POINT('',(-0.0390743406950065,-0.0543436368878974,0.001));
#3854=CARTESIAN_POINT('',(-0.0430938543410701,-0.0522251060590993,0.001));
#3855=CARTESIAN_POINT('',(-0.0469074045857208,-0.0498616549693039,0.001));
#3856=CARTESIAN_POINT('',(-0.0498473988431059,-0.0478122942195532,0.001));
#3857=CARTESIAN_POINT('',(-0.0519589530205903,-0.0462277360079744,0.001));
#3858=CARTESIAN_POINT('',(-0.0541333246485212,-0.0444657687060109,0.001));
#3859=CARTESIAN_POINT('',(-0.0561799514121857,-0.0426677403828405,0.001));
#3860=CARTESIAN_POINT('',(-0.0581555359211062,-0.0407894026657317,0.001));
#3861=CARTESIAN_POINT('',(-0.0600238300519061,-0.0388664009764331,0.001));
#3862=CARTESIAN_POINT('',(-0.0618731236885693,-0.0368004020006813,0.001));
#3863=CARTESIAN_POINT('',(-0.0635944365198173,-0.0347045238970426,0.001));
#3864=CARTESIAN_POINT('',(-0.06522423538966,-0.0325367211487464,0.001));
#3865=CARTESIAN_POINT('',(-0.0667256332333361,-0.0303520576643089,0.001));
#3866=CARTESIAN_POINT('',(-0.068209711465881,-0.0279723233264353,0.001));
#3867=CARTESIAN_POINT('',(-0.0699920483573072,-0.0247871650550339,0.001));
#3868=CARTESIAN_POINT('',(-0.0715298252650268,-0.02152916890608,0.001));
#3869=CARTESIAN_POINT('',(-0.0728552548995129,-0.0180967798730776,0.001));
#3870=CARTESIAN_POINT('',(-0.0739941389700272,-0.0146475197148608,0.001));
#3871=CARTESIAN_POINT('',(-0.0746510890895805,-0.0120136409185394,0.001));
#3872=CARTESIAN_POINT('',(-0.0749999999960087,-0.0102399682711205,0.001));
#3873=CARTESIAN_POINT('',(-0.075,-0.0102399682711205,0.001));
#3874=CARTESIAN_POINT('',(-0.075,-1.38777878078145E-17,0.001));
#3875=CARTESIAN_POINT('',(-0.075,-0.065,0.001));
#3876=CARTESIAN_POINT('',(-0.065,-0.065,0.001));
#3877=CARTESIAN_POINT('',(0.,0.,0.001));
#3878=CARTESIAN_POINT('',(0.0635,-0.0635,0.001));
#3879=CARTESIAN_POINT('',(0.0651,-0.0635,0.001));
#3880=CARTESIAN_POINT('',(0.,-0.075,0.001));
#3881=CARTESIAN_POINT('',(0.0126974853668356,-0.0740050552556716,0.001));
#3882=CARTESIAN_POINT('',(0.0122945529520771,-0.0624669710908943,0.001));
#3883=CARTESIAN_POINT('',(0.013697472588949,-0.074,0.001));
#3884=CARTESIAN_POINT('',(0.013697472588949,-0.075,0.001));
#3885=CARTESIAN_POINT('',(0.03885,-0.075,0.001));
#3886=CARTESIAN_POINT('',(0.065,-0.075,0.001));
#3887=CARTESIAN_POINT('',(0.065,-0.065,0.001));
#3888=CARTESIAN_POINT('',(0.075,-0.065,0.001));
#3889=CARTESIAN_POINT('',(0.075,1.38777878078145E-17,0.001));
#3890=CARTESIAN_POINT('',(0.075,-0.0102386248069573,0.001));
#3891=CARTESIAN_POINT('',(0.0749999999974236,-0.0102386248069573,0.001));
#3892=CARTESIAN_POINT('',(0.0746515771517712,-0.0120109960602535,0.001));
#3893=CARTESIAN_POINT('',(0.0739951641057286,-0.0146436147724868,0.001));
#3894=CARTESIAN_POINT('',(0.0728593534045142,-0.0180862995724908,0.001));
#3895=CARTESIAN_POINT('',(0.0718632702280832,-0.0206657707261106,0.001));
#3896=CARTESIAN_POINT('',(0.0707786758902309,-0.0231179222529327,0.001));
#3897=CARTESIAN_POINT('',(0.0695642385066653,-0.0255499652631728,0.001));
#3898=CARTESIAN_POINT('',(0.0682382482356614,-0.0279227021556179,0.001));
#3899=CARTESIAN_POINT('',(0.0667688763284106,-0.0302857122249042,0.001));
#3900=CARTESIAN_POINT('',(0.0652651476218727,-0.0324798758937,0.001));
#3901=CARTESIAN_POINT('',(0.0636376481534892,-0.0346496297228027,0.001));
#3902=CARTESIAN_POINT('',(0.0619180223539645,-0.0367483682100473,0.001));
#3903=CARTESIAN_POINT('',(0.0600691064630396,-0.0388180768032968,0.001));
#3904=CARTESIAN_POINT('',(0.0582079110910462,-0.040737419213264,0.001));
#3905=CARTESIAN_POINT('',(0.0562368084768836,-0.0426155248016897,0.001));
#3906=CARTESIAN_POINT('',(0.054193277040991,-0.0444146656006541,0.001));
#3907=CARTESIAN_POINT('',(0.0520250308627119,-0.0461766241200954,0.001));
#3908=CARTESIAN_POINT('',(0.0499037352042333,-0.0477719982881809,0.001));
#3909=CARTESIAN_POINT('',(0.0476800690716455,-0.0493225930792709,0.001));
#3910=CARTESIAN_POINT('',(0.0454013738430674,-0.0507917626384882,0.001));
#3911=CARTESIAN_POINT('',(0.0430276049999324,-0.0522042854109816,0.001));
#3912=CARTESIAN_POINT('',(0.0406715992383882,-0.0534976934710333,0.001));
#3913=CARTESIAN_POINT('',(0.0382421291384305,-0.0547264138804949,0.001));
#3914=CARTESIAN_POINT('',(0.0357731967661758,-0.0558722638232902,0.001));
#3915=CARTESIAN_POINT('',(0.0332200212771622,-0.0569535475018722,0.001));
#3916=CARTESIAN_POINT('',(0.030727723983121,-0.0579152309225049,0.001));
#3917=CARTESIAN_POINT('',(0.0273327056454114,-0.0591053779438802,0.001));
#3918=CARTESIAN_POINT('',(0.0213007969290147,-0.0609031504462073,0.001));
#3919=CARTESIAN_POINT('',(0.015944604287428,-0.06196902685372,0.001));
#3920=CARTESIAN_POINT('',(0.0122945519218776,-0.0624669711586479,0.001));
#3921=CARTESIAN_POINT('',(0.,0.,0.001));
#3922=CARTESIAN_POINT('',(0.0701750615183749,0.00265507065798402,0.001));
#3923=CARTESIAN_POINT('',(0.0674294371647839,0.0025,0.001));
#3924=CARTESIAN_POINT('',(0.07191206829999,0.00275317540570578,0.001));
#3925=CARTESIAN_POINT('',(0.0674294371647839,0.,0.001));
#3926=CARTESIAN_POINT('',(0.0674294371647839,-0.0025,0.001));
#3927=CARTESIAN_POINT('',(0.0701750615183749,-0.00265507065798404,0.001));
#3928=CARTESIAN_POINT('',(0.07191206829999,-0.0027531754057058,0.001));
#3929=CARTESIAN_POINT('',(0.0718556789698139,-0.0037515842615571,0.001));
#3930=CARTESIAN_POINT('',(0.0728527263860879,-0.0038283726050825,0.001));
#3931=CARTESIAN_POINT('',(9.31245564737786E-23,4.33680868994202E-18,0.001));
#3932=CARTESIAN_POINT('',(0.0728527263860879,0.00382837260508249,0.001));
#3933=CARTESIAN_POINT('',(0.0718556789698139,0.00375158426155708,0.001));
#3934=CARTESIAN_POINT('',(0.,0.,0.001));
#3935=CARTESIAN_POINT('',(-0.0202495404592207,0.00125039372534983,0.001));
#3936=CARTESIAN_POINT('',(-0.0232223980546184,0.00143396542126709,0.001));
#3937=CARTESIAN_POINT('',(-0.017226352790151,0.00106371418565493,0.001));
#3938=CARTESIAN_POINT('',(-0.017164720938927,0.00206181313611762,0.001));
#3939=CARTESIAN_POINT('',(-0.0161718581116326,0.00194255121354035,0.001));
#3940=CARTESIAN_POINT('',(4.07660016854549E-17,-2.4828229749918E-17,0.001));
#3941=CARTESIAN_POINT('',(-0.0134703841816035,0.00915703281636625,0.001));
#3942=CARTESIAN_POINT('',(-0.0159806132548162,0.0116672618895778,0.001));
#3943=CARTESIAN_POINT('',(-0.0184908423280288,0.00915703281636523,0.001));
#3944=CARTESIAN_POINT('',(-0.00466690475583141,-0.00466690475583141,0.001));
#3945=CARTESIAN_POINT('',(-0.0217216469830762,0.0123878374714135,0.001));
#3946=CARTESIAN_POINT('',(-0.0224287537642628,0.0116807306902269,0.001));
#3947=CARTESIAN_POINT('',(-0.0215418249068075,0.0112188246372106,0.001));
#3948=CARTESIAN_POINT('',(5.72458747072346E-17,-1.76724954115137E-17,0.001));
#3949=CARTESIAN_POINT('',(-0.0241552980498623,0.00253649811321759,0.001));
#3950=CARTESIAN_POINT('',(-0.0231607662033944,0.00243206437172977,0.001));
#3951=CARTESIAN_POINT('',(-0.0198588990894195,0.0055671839918717,0.001));
#3952=CARTESIAN_POINT('',(-0.0200520669043353,0.00477853887478734,0.001));
#3953=CARTESIAN_POINT('',(-0.0196657312745038,0.00635582910895605,0.001));
#3954=CARTESIAN_POINT('',(-0.021023912434983,0.00668849697355835,0.001));
#3955=CARTESIAN_POINT('',(-0.0223820935954623,0.00702116483816065,0.001));
#3956=CARTESIAN_POINT('',(-0.022273131769088,0.00746602265443929,0.001));
#3957=CARTESIAN_POINT('',(-0.0221641699427136,0.00791088047071793,0.001));
#3958=CARTESIAN_POINT('',(-0.0188074484434303,0.00708869753538906,0.001));
#3959=CARTESIAN_POINT('',(-0.0154507269441471,0.00626651460006019,0.001));
#3960=CARTESIAN_POINT('',(-0.0157228604607636,0.00515547667084687,0.001));
#3961=CARTESIAN_POINT('',(-0.0159949939773801,0.00404443874163354,0.001));
#3962=CARTESIAN_POINT('',(-0.0159949939773801,0.00404443874163354,0.001));
#3963=CARTESIAN_POINT('',(-0.0162729098794759,0.00290979310077691,0.001));
#3964=CARTESIAN_POINT('',(-0.0169389477959485,0.00242543324436453,0.001));
#3965=CARTESIAN_POINT('',(-0.0169389477959485,0.00242543324436453,0.001));
#3966=CARTESIAN_POINT('',(-0.0169389477959485,0.00242543324436453,0.001));
#3967=CARTESIAN_POINT('',(-0.0176049857124212,0.00194107338795214,0.001));
#3968=CARTESIAN_POINT('',(-0.0185920831555072,0.0021828493808027,0.001));
#3969=CARTESIAN_POINT('',(-0.0185920831555072,0.0021828493808027,0.001));
#3970=CARTESIAN_POINT('',(-0.0185920831555072,0.0021828493808027,0.001));
#3971=CARTESIAN_POINT('',(-0.0192191629960326,0.00233644399509491,0.001));
#3972=CARTESIAN_POINT('',(-0.0196017364682814,0.00278908852264734,0.001));
#3973=CARTESIAN_POINT('',(-0.0196017364682814,0.00278908852264734,0.001));
#3974=CARTESIAN_POINT('',(-0.0196017364682814,0.00278908852264734,0.001));
#3975=CARTESIAN_POINT('',(-0.0199843099405301,0.00324173305019976,0.001));
#3976=CARTESIAN_POINT('',(-0.020066311501147,0.00390305891948215,0.001));
#3977=CARTESIAN_POINT('',(-0.020066311501147,0.00390305891948215,0.001));
#3978=CARTESIAN_POINT('',(-0.0216840571655388,0.00346334462616044,0.001));
#3979=CARTESIAN_POINT('',(-0.0233018028299305,0.00302363033283873,0.001));
#3980=CARTESIAN_POINT('',(-0.023329836987507,0.00303049691559533,0.001));
#3981=CARTESIAN_POINT('',(-0.0233578711450834,0.00303736349835193,0.001));
#3982=CARTESIAN_POINT('',(-0.0232415006373137,0.00351246869517356,0.001));
#3983=CARTESIAN_POINT('',(-0.0231251301295441,0.00398757389199519,0.001));
#3984=CARTESIAN_POINT('',(-0.0215885985169397,0.00438305638339126,0.001));
#3985=CARTESIAN_POINT('',(0.,0.,0.001));
#3986=CARTESIAN_POINT('',(-0.0635,0.0635,0.001));
#3987=CARTESIAN_POINT('',(-0.0619,0.0635,0.001));
#3988=CARTESIAN_POINT('',(0.0635,0.0635,0.001));
#3989=CARTESIAN_POINT('',(0.0651,0.0635,0.001));
#3990=CARTESIAN_POINT('',(-0.00395979797464511,-0.00395979797464507,0.001));
#3991=CARTESIAN_POINT('',(-0.0531645108373393,0.0452449148880496,0.001));
#3992=CARTESIAN_POINT('',(-0.0510349846728368,0.0431153887235471,0.001));
#3993=CARTESIAN_POINT('',(-0.0510349846728368,0.0431153887235471,0.001));
#3994=CARTESIAN_POINT('',(-0.0512955778018602,0.0429049200096058,0.001));
#3995=CARTESIAN_POINT('',(-0.0515546157494785,0.042692554406973,0.001));
#3996=CARTESIAN_POINT('',(-0.0518120852643007,0.0424782757526379,0.001));
#3997=CARTESIAN_POINT('',(-0.0518120852643007,0.0424782757526379,0.001));
#3998=CARTESIAN_POINT('',(-0.0498675416160377,0.0405337321043749,0.001));
#3999=CARTESIAN_POINT('',(-0.0479229979677747,0.0385891884561119,0.001));
#4000=CARTESIAN_POINT('',(-0.0432560932119433,0.0432560932119433,0.001));
#4001=CARTESIAN_POINT('',(-0.0465087844054015,0.0400034020184852,0.001));
#4002=CARTESIAN_POINT('',(-0.00325269119345814,-0.00325269119345814,0.001));
#4003=CARTESIAN_POINT('',(-0.0170766287656552,0.0105712463787389,0.001));
#4004=CARTESIAN_POINT('',(-0.0159806132548162,0.0116672618895778,0.001));
#4005=CARTESIAN_POINT('',(-0.0148845977439766,0.0127632774004173,0.001));
#4006=CARTESIAN_POINT('',(-0.0183847763108505,0.0162634559672904,0.001));
#4007=CARTESIAN_POINT('',(-0.019091883092037,0.0169705627484769,0.001));
#4008=CARTESIAN_POINT('',(-0.018031222920257,0.018031222920257,0.001));
#4009=CARTESIAN_POINT('',(-0.0169705627484768,0.0190918830920371,0.001));
#4010=CARTESIAN_POINT('',(0.00106066017178015,0.00106066017178015,0.001));
#4011=CARTESIAN_POINT('',(-0.0127632774004169,0.0148845977439771,0.001));
#4012=CARTESIAN_POINT('',(-0.0116672618895782,0.0159806132548158,0.001));
#4013=CARTESIAN_POINT('',(-0.0105712463787387,0.0170766287656553,0.001));
#4014=CARTESIAN_POINT('',(-0.0382408653947157,0.044746247781632,0.001));
#4015=CARTESIAN_POINT('',(-0.0382408653947157,0.044746247781632,0.001));
#4016=CARTESIAN_POINT('',(-0.0414935565881739,0.0414935565881739,0.001));
#4017=CARTESIAN_POINT('',(-0.0368266518323428,0.0461604613440049,0.001));
#4018=CARTESIAN_POINT('',(-0.0387711954806059,0.0481050049922679,0.001));
#4019=CARTESIAN_POINT('',(-0.040715739128869,0.050049548640531,0.001));
#4020=CARTESIAN_POINT('',(-0.040715739128869,0.050049548640531,0.001));
#4021=CARTESIAN_POINT('',(-0.0410182972619288,0.0498816064190471,0.001));
#4022=CARTESIAN_POINT('',(-0.0413196881454778,0.0497115950164834,0.001));
#4023=CARTESIAN_POINT('',(-0.0416199031033795,0.0495394990526685,0.001));
#4024=CARTESIAN_POINT('',(-0.0416199031033795,0.0495394990526685,0.001));
#4025=CARTESIAN_POINT('',(-0.0436233300727639,0.0515429260220529,0.001));
#4026=CARTESIAN_POINT('',(-0.0438121751936458,0.0517317711429347,0.001));
#4027=CARTESIAN_POINT('',(-0.0438121751936458,0.0517317711429347,0.001));
#4028=CARTESIAN_POINT('',(-0.0435135283436426,0.0519045288137204,0.001));
#4029=CARTESIAN_POINT('',(-0.0432148814936394,0.0520772864845062,0.001));
#4030=CARTESIAN_POINT('',(-0.0429162346436361,0.0522500441552919,0.001));
#4031=CARTESIAN_POINT('',(-0.0429161818894737,0.0522500742053432,0.001));
#4032=CARTESIAN_POINT('',(-0.0429161818894737,0.0522500742053432,0.001));
#4033=CARTESIAN_POINT('',(-0.0403381149293311,0.0537186023873393,0.001));
#4034=CARTESIAN_POINT('',(-0.0363400627793199,0.0557089404415472,0.001));
#4035=CARTESIAN_POINT('',(-0.0314359342510733,0.0576623100448676,0.001));
#4036=CARTESIAN_POINT('',(-0.0285771582609666,0.0586696340605542,0.001));
#4037=CARTESIAN_POINT('',(-0.0263716514322688,0.059380437094212,0.001));
#4038=CARTESIAN_POINT('',(-0.0242406051243041,0.0600066489974969,0.001));
#4039=CARTESIAN_POINT('',(-0.0213466338289783,0.0607782898155866,0.001));
#4040=CARTESIAN_POINT('',(-0.0176990175596237,0.061601454108805,0.001));
#4041=CARTESIAN_POINT('',(-0.0132594857040126,0.0623696571981895,0.001));
#4042=CARTESIAN_POINT('',(-0.00722877229119945,0.0631010094412836,0.001));
#4043=CARTESIAN_POINT('',(0.000271896538507237,0.0634503641619753,0.001));
#4044=CARTESIAN_POINT('',(0.00929873421560532,0.0629749712791069,0.001));
#4045=CARTESIAN_POINT('',(0.0167540535676311,0.0618354604603782,0.001));
#4046=CARTESIAN_POINT('',(0.0218253075533455,0.0606600981681664,0.001));
#4047=CARTESIAN_POINT('',(0.0247028200626059,0.0598758076911256,0.001));
#4048=CARTESIAN_POINT('',(0.0268174965951852,0.059241893256564,0.001));
#4049=CARTESIAN_POINT('',(0.0290184228187957,0.0585193746663499,0.001));
#4050=CARTESIAN_POINT('',(0.0318665052732892,0.0574981803529682,0.001));
#4051=CARTESIAN_POINT('',(0.0353588948456889,0.0560844866250668,0.001));
#4052=CARTESIAN_POINT('',(0.0387295126099826,0.0544994088097057,0.001));
#4053=CARTESIAN_POINT('',(0.0413718434810121,0.0531184428974379,0.001));
#4054=CARTESIAN_POINT('',(0.043288704883039,0.0520487702915331,0.001));
#4055=CARTESIAN_POINT('',(0.045291901722033,0.0508543491330229,0.001));
#4056=CARTESIAN_POINT('',(0.0478453486704791,0.0492250557394909,0.001));
#4057=CARTESIAN_POINT('',(0.0509257390072412,0.0470581399392793,0.001));
#4058=CARTESIAN_POINT('',(0.0538219594189779,0.0447406758771208,0.001));
#4059=CARTESIAN_POINT('',(0.0560487214210863,0.0427781322577458,0.001));
#4060=CARTESIAN_POINT('',(0.0576339202397422,0.0412916750256085,0.001));
#4061=CARTESIAN_POINT('',(0.0592930385405507,0.0396306383262402,0.001));
#4062=CARTESIAN_POINT('',(0.0613593556104336,0.0374118901263702,0.001));
#4063=CARTESIAN_POINT('',(0.0637822756667486,0.0345238598638352,0.001));
#4064=CARTESIAN_POINT('',(0.0659584191182583,0.0315179622168637,0.001));
#4065=CARTESIAN_POINT('',(0.0675643927081332,0.0290227712831986,0.001));
#4066=CARTESIAN_POINT('',(0.0686803728416492,0.0271447440502053,0.001));
#4067=CARTESIAN_POINT('',(0.0697902307725436,0.0251059740817871,0.001));
#4068=CARTESIAN_POINT('',(0.0711276357830067,0.0223949888884487,0.001));
#4069=CARTESIAN_POINT('',(0.0725877205583167,0.0189373097383459,0.001));
#4070=CARTESIAN_POINT('',(0.0740154313063211,0.0146093888564394,0.001));
#4071=CARTESIAN_POINT('',(0.074712166271887,0.0117054607867359,0.001));
#4072=CARTESIAN_POINT('',(0.0750000000001322,0.010240460732602,0.001));
#4073=CARTESIAN_POINT('',(0.075,0.010240460732602,0.001));
#4074=CARTESIAN_POINT('',(0.075,1.38777878078145E-17,0.001));
#4075=CARTESIAN_POINT('',(0.075,0.065,0.001));
#4076=CARTESIAN_POINT('',(0.065,0.065,0.001));
#4077=CARTESIAN_POINT('',(0.065,0.075,0.001));
#4078=CARTESIAN_POINT('',(1.38777878078145E-17,0.075,0.001));
#4079=CARTESIAN_POINT('',(-0.065,0.075,0.001));
#4080=CARTESIAN_POINT('',(-0.065,0.065,0.001));
#4081=CARTESIAN_POINT('',(-0.075,0.065,0.001));
#4082=CARTESIAN_POINT('',(-0.075,-1.38777878078145E-17,0.001));
#4083=CARTESIAN_POINT('',(-0.075,0.0102400556428236,0.001));
#4084=CARTESIAN_POINT('',(-0.0750000000002088,0.0102400556428236,0.001));
#4085=CARTESIAN_POINT('',(-0.0746703983471027,0.0119160260767098,0.001));
#4086=CARTESIAN_POINT('',(-0.0740559111632721,0.0144080673786544,0.001));
#4087=CARTESIAN_POINT('',(-0.0730035703102,0.0176702673198501,0.001));
#4088=CARTESIAN_POINT('',(-0.0720835127656572,0.0201200425723043,0.001));
#4089=CARTESIAN_POINT('',(-0.0710898117194013,0.0224393983456251,0.001));
#4090=CARTESIAN_POINT('',(-0.0696138744807344,0.0255069464117232,0.001));
#4091=CARTESIAN_POINT('',(-0.0674810973619321,0.0292684686255291,0.001));
#4092=CARTESIAN_POINT('',(-0.0650840125107173,0.0327668913833904,0.001));
#4093=CARTESIAN_POINT('',(-0.0629755578098307,0.0354762126296014,0.001));
#4094=CARTESIAN_POINT('',(-0.0612772405008189,0.0374813684196654,0.001));
#4095=CARTESIAN_POINT('',(-0.0595769408134594,0.0393366094692158,0.001));
#4096=CARTESIAN_POINT('',(-0.0571779729303562,0.0417647236878655,0.001));
#4097=CARTESIAN_POINT('',(-0.0552667116230596,0.0434911665154016,0.001));
#4098=CARTESIAN_POINT('',(-0.0539387045823774,0.0446048882240149,0.001));
#4099=CARTESIAN_POINT('',(-0.0539387011590275,0.0446048916473647,0.001));
#4100=CARTESIAN_POINT('',(-0.0539387008870558,0.0446048913230643,0.001));
#4101=CARTESIAN_POINT('',(-0.0536806375371503,0.0448182325113928,0.001));
#4102=CARTESIAN_POINT('',(-0.0534225741872448,0.0450315736997212,0.001));
#4103=CARTESIAN_POINT('',(-0.0531645108373393,0.0452449148880496,0.001));
#4104=CARTESIAN_POINT('',(0.,0.,0.001));
#4105=CARTESIAN_POINT('',(-0.00125039372534984,0.0202495404592207,0.001));
#4106=CARTESIAN_POINT('',(-0.00143396542126711,0.0232223980546184,0.001));
#4107=CARTESIAN_POINT('',(-0.00106371418565494,0.017226352790151,0.001));
#4108=CARTESIAN_POINT('',(-0.00243206437172979,0.0231607662033944,0.001));
#4109=CARTESIAN_POINT('',(-0.00253649811321761,0.0241552980498623,0.001));
#4110=CARTESIAN_POINT('',(2.3635607360184E-17,-4.33680868994202E-17,0.001));
#4111=CARTESIAN_POINT('',(-0.0112188246372111,0.0215418249068073,0.001));
#4112=CARTESIAN_POINT('',(-0.0116807306902274,0.0224287537642626,0.001));
#4113=CARTESIAN_POINT('',(-0.0123878374714139,0.021721646983076,0.001));
#4114=CARTESIAN_POINT('',(0.00466690475583103,0.00466690475583103,0.001));
#4115=CARTESIAN_POINT('',(-0.00915703281636635,0.0184908423280284,0.001));
#4116=CARTESIAN_POINT('',(-0.0116672618895782,0.0159806132548158,0.001));
#4117=CARTESIAN_POINT('',(-0.00915703281636625,0.0134703841816035,0.001));
#4118=CARTESIAN_POINT('',(-7.04731412115578E-18,6.07153216591882E-18,0.001));
#4119=CARTESIAN_POINT('',(-0.00194255121354036,0.0161718581116326,0.001));
#4120=CARTESIAN_POINT('',(-0.00206181313611762,0.017164720938927,0.001));
#4121=CARTESIAN_POINT('',(-0.00244724260337744,0.0201124989247524,0.001));
#4122=CARTESIAN_POINT('',(-0.0032434164236677,0.0234754843916821,0.001));
#4123=CARTESIAN_POINT('',(-0.00165106878308718,0.0167495134578226,0.001));
#4124=CARTESIAN_POINT('',(-0.00275087589842598,0.0164891383710991,0.001));
#4125=CARTESIAN_POINT('',(-0.00385068301376477,0.0162287632843756,0.001));
#4126=CARTESIAN_POINT('',(-0.00385068301376477,0.0162287632843756,0.001));
#4127=CARTESIAN_POINT('',(-0.00494457718762325,0.0159697880637098,0.001));
#4128=CARTESIAN_POINT('',(-0.00560378785175824,0.0162914155938206,0.001));
#4129=CARTESIAN_POINT('',(-0.00560378785175824,0.0162914155938206,0.001));
#4130=CARTESIAN_POINT('',(-0.00560378785175824,0.0162914155938206,0.001));
#4131=CARTESIAN_POINT('',(-0.00626299851589322,0.0166130431239313,0.001));
#4132=CARTESIAN_POINT('',(-0.0064729784245412,0.0174999843459788,0.001));
#4133=CARTESIAN_POINT('',(-0.0064729784245412,0.0174999843459788,0.001));
#4134=CARTESIAN_POINT('',(-0.00511062802824314,0.0178472939684983,0.001));
#4135=CARTESIAN_POINT('',(-0.00640297391994321,0.0183977921514972,0.001));
#4136=CARTESIAN_POINT('',(-0.00640297391994321,0.0183977921514972,0.001));
#4137=CARTESIAN_POINT('',(-0.00622133009724737,0.0188240428739604,0.001));
#4138=CARTESIAN_POINT('',(-0.00580553793934402,0.0191316659325623,0.001));
#4139=CARTESIAN_POINT('',(-0.00580553793934402,0.0191316659325623,0.001));
#4140=CARTESIAN_POINT('',(-0.00580553793934402,0.0191316659325623,0.001));
#4141=CARTESIAN_POINT('',(-0.00638705334188775,0.019154786531862,0.001));
#4142=CARTESIAN_POINT('',(-0.0068045360337501,0.0195071037197304,0.001));
#4143=CARTESIAN_POINT('',(-0.0068045360337501,0.0195071037197304,0.001));
#4144=CARTESIAN_POINT('',(-0.0068045360337501,0.0195071037197304,0.001));
#4145=CARTESIAN_POINT('',(-0.00722201872561246,0.0198594209075988,0.001));
#4146=CARTESIAN_POINT('',(-0.00736200533137778,0.0204507150556304,0.001));
#4147=CARTESIAN_POINT('',(-0.00736200533137778,0.0204507150556304,0.001));
#4148=CARTESIAN_POINT('',(-0.00736200533137778,0.0204507150556304,0.001));
#4149=CARTESIAN_POINT('',(-0.00757653480471314,0.0213568733374888,0.001));
#4150=CARTESIAN_POINT('',(-0.00711216364283642,0.0220131924232385,0.001));
#4151=CARTESIAN_POINT('',(-0.00711216364283642,0.0220131924232385,0.001));
#4152=CARTESIAN_POINT('',(-0.00711216364283642,0.0220131924232385,0.001));
#4153=CARTESIAN_POINT('',(-0.0066477924809597,0.0226695115089883,0.001));
#4154=CARTESIAN_POINT('',(-0.00557607183765241,0.0229232372319379,0.001));
#4155=CARTESIAN_POINT('',(-0.00557607183765241,0.0229232372319379,0.001));
#4156=CARTESIAN_POINT('',(-0.00440974413066005,0.02319936081181,0.001));
#4157=CARTESIAN_POINT('',(0.,0.,0.001));
#4158=CARTESIAN_POINT('',(0.,0.0547622796688934,0.001));
#4159=CARTESIAN_POINT('',(0.0025,0.0547622796688934,0.001));
#4160=CARTESIAN_POINT('',(-0.0025,0.0547622796688934,0.001));
#4161=CARTESIAN_POINT('',(0.00258297521328571,0.0575110275863969,0.001));
#4162=CARTESIAN_POINT('',(0.00263560481116722,0.059254506052402,0.001));
#4163=CARTESIAN_POINT('',(0.00363514950844124,0.0592243332475708,0.001));
#4164=CARTESIAN_POINT('',(0.00367677057359497,0.0602234667155997,0.001));
#4165=CARTESIAN_POINT('',(9.31245564737786E-23,4.33680868994202E-18,0.001));
#4166=CARTESIAN_POINT('',(-0.00367677057359494,0.0602234667155997,0.001));
#4167=CARTESIAN_POINT('',(-0.00363514950844123,0.0592243332475708,0.001));
#4168=CARTESIAN_POINT('',(-0.00263560481116722,0.059254506052402,0.001));
#4169=CARTESIAN_POINT('',(-0.00258297521328571,0.0575110275863969,0.001));
#4170=CARTESIAN_POINT('',(0.,0.,0.001));
#4171=CARTESIAN_POINT('',(-0.0674294371647839,1.87154284194646E-16,0.001));
#4172=CARTESIAN_POINT('',(-0.0674294371647839,0.0025,0.001));
#4173=CARTESIAN_POINT('',(-0.0674294371647839,-0.0025,0.001));
#4174=CARTESIAN_POINT('',(-0.0701750615183749,0.00265507065798401,0.001));
#4175=CARTESIAN_POINT('',(-0.07191206829999,0.00275317540570577,0.001));
#4176=CARTESIAN_POINT('',(-0.0718556789698139,0.00375158426155707,0.001));
#4177=CARTESIAN_POINT('',(-0.0728527263860879,0.00382837260508248,0.001));
#4178=CARTESIAN_POINT('',(9.31245564737786E-23,4.33680868994202E-18,0.001));
#4179=CARTESIAN_POINT('',(-0.0728527263860879,-0.00382837260508249,0.001));
#4180=CARTESIAN_POINT('',(-0.0718556789698139,-0.00375158426155711,0.001));
#4181=CARTESIAN_POINT('',(-0.07191206829999,-0.00275317540570579,0.001));
#4182=CARTESIAN_POINT('',(-0.0701750615183749,-0.00265507065798403,0.001));
#4183=CARTESIAN_POINT('',(-0.0120718493751118,-0.0594697875521137,0.011));
#4184=CARTESIAN_POINT('',(-0.0120718493751118,-0.0594697875521137,0.));
#4185=CARTESIAN_POINT('',(-0.0124609631239377,-0.0641579813310831,0.011));
#4186=CARTESIAN_POINT('',(-0.0124609631239377,-0.0641579813310831,0.));
#4187=CARTESIAN_POINT('',(-0.0126725567523276,-0.0690738910193051,0.011));
#4188=CARTESIAN_POINT('',(-0.0126725567523276,-0.0690738910193051,0.));
#4189=CARTESIAN_POINT('',(-0.0126974853668356,-0.0740050552556715,0.011));
#4190=CARTESIAN_POINT('',(-0.0126974853668356,-0.0740050552556715,0.));
#4191=CARTESIAN_POINT('',(-0.0126974853668356,-0.0740050552556715,0.001));
#4192=CARTESIAN_POINT('',(-0.0126974853668356,-0.0740050552556715,0.));
#4193=CARTESIAN_POINT('',(0.,-0.075,0.));
#4194=CARTESIAN_POINT('',(-0.0120718493751118,-0.0594697875521137,0.));
#4195=CARTESIAN_POINT('',(-0.0120718493751118,-0.0594697875521137,0.001));
#4196=CARTESIAN_POINT('',(-0.0120718493751118,-0.0594697875521137,0.011));
#4197=CARTESIAN_POINT('',(-0.0120718493751118,-0.0594697875521137,0.011));
#4198=CARTESIAN_POINT('',(-0.0120994553995423,-0.0598023956709158,0.011));
#4199=CARTESIAN_POINT('',(-0.0121260866775949,-0.0601350839582187,0.011));
#4200=CARTESIAN_POINT('',(-0.0121517606457066,-0.0604678467833044,0.011));
#4201=CARTESIAN_POINT('',(-0.0121517606457066,-0.0604678467833044,0.011));
#4202=CARTESIAN_POINT('',(-0.0121517606457066,-0.0604678467833044,0.012));
#4203=CARTESIAN_POINT('',(-0.0121517616762506,-0.060467860140299,0.0030000000241314));
#4204=CARTESIAN_POINT('',(-0.0121517627067945,-0.0604678734972937,0.00300000004826199));
#4205=CARTESIAN_POINT('',(-0.0122031468455552,-0.0611338697093511,0.00233322736122314));
#4206=CARTESIAN_POINT('',(-0.0122507053165556,-0.0618002612073064,0.00166655835147311));
#4207=CARTESIAN_POINT('',(-0.0122945555260631,-0.0624670102286719,0.00100000005980279));
#4208=CARTESIAN_POINT('',(-0.0503411546696496,0.043668406497252,0.012));
#4209=CARTESIAN_POINT('',(-0.0503411546696496,0.043668406497252,0.));
#4210=CARTESIAN_POINT('',(-0.0552191451950775,0.0398314605177467,0.012));
#4211=CARTESIAN_POINT('',(-0.0552191451950775,0.0398314605177467,0.));
#4212=CARTESIAN_POINT('',(-0.0636805173834892,0.0310354809253628,0.012));
#4213=CARTESIAN_POINT('',(-0.0636805173834892,0.0310354809253628,-1.73472347597681E-18));
#4214=CARTESIAN_POINT('',(-0.0715244857092675,0.0154781729576554,0.012));
#4215=CARTESIAN_POINT('',(-0.0715244857092675,0.0154781729576554,0.));
#4216=CARTESIAN_POINT('',(-0.0739225761681695,-0.00125752515090751,0.012));
#4217=CARTESIAN_POINT('',(-0.0739225761681695,-0.00125752515090751,0.));
#4218=CARTESIAN_POINT('',(-0.0706923559526361,-0.0178975018294653,0.012));
#4219=CARTESIAN_POINT('',(-0.0706923559526361,-0.0178975018294653,0.));
#4220=CARTESIAN_POINT('',(-0.0620797139524577,-0.0331747865671557,0.012));
#4221=CARTESIAN_POINT('',(-0.0620797139524577,-0.0331747865671557,0.));
#4222=CARTESIAN_POINT('',(-0.0487404683113562,-0.0459261924867656,0.012));
#4223=CARTESIAN_POINT('',(-0.0487404683113562,-0.0459261924867656,1.73472347597681E-18));
#4224=CARTESIAN_POINT('',(-0.031690040480814,-0.0551808741698198,0.012));
#4225=CARTESIAN_POINT('',(-0.031690040480814,-0.0551808741698198,3.46944695195361E-18));
#4226=CARTESIAN_POINT('',(-0.0187149372158982,-0.0585496848204825,0.012));
#4227=CARTESIAN_POINT('',(-0.0187149372158982,-0.0585496848204825,-1.73472347597681E-18));
#4228=CARTESIAN_POINT('',(-0.0120718493751117,-0.059469787552114,0.012));
#4229=CARTESIAN_POINT('',(-0.0120718493751117,-0.059469787552114,0.));
#4230=CARTESIAN_POINT('',(9.31245564737786E-23,4.33680868994202E-18,0.012));
#4231=CARTESIAN_POINT('',(-0.0525786607778429,0.041830637703807,0.012));
#4232=CARTESIAN_POINT('',(-0.0130633961123993,-0.0593266406869008,0.012));
#4233=CARTESIAN_POINT('',(-0.0130633961123993,-0.0593266406869008,0.012));
#4234=CARTESIAN_POINT('',(-0.0128019773358893,-0.059365917118172,0.012));
#4235=CARTESIAN_POINT('',(-0.0122890409547723,-0.0594400768444156,0.0117832576072649));
#4236=CARTESIAN_POINT('',(-0.0120718493751119,-0.0594697875521137,0.0112643673817812));
#4237=CARTESIAN_POINT('',(-0.0120718493751119,-0.0594697875521137,0.011));
#4238=CARTESIAN_POINT('',(9.31245564737786E-23,4.33680868994202E-18,0.));
#4239=CARTESIAN_POINT('',(-0.0728527263860879,-0.00382837260508249,0.));
#4240=CARTESIAN_POINT('',(-0.0728527263860879,-0.00382837260508251,0.));
#4241=CARTESIAN_POINT('',(-0.0728527263860879,0.00382837260508248,0.001));
#4242=CARTESIAN_POINT('',(-0.0728527263860879,0.00382837260508248,0.));
#4243=CARTESIAN_POINT('',(9.31245564737786E-23,4.33680868994202E-18,0.));
#4244=CARTESIAN_POINT('',(-0.0518120852643007,0.0424782757526379,0.));
#4245=CARTESIAN_POINT('',(-0.0518120852643007,0.0424782757526379,0.001));
#4246=CARTESIAN_POINT('',(-0.0510349846728368,0.0431153887235471,0.001));
#4247=CARTESIAN_POINT('',(-0.0512409559099783,0.0429490355217089,0.000999999999999999));
#4248=CARTESIAN_POINT('',(-0.0516427512721644,0.0426198175538,0.00121579016124615));
#4249=CARTESIAN_POINT('',(-0.0518120852643007,0.0424782757526379,0.00173520192838046));
#4250=CARTESIAN_POINT('',(-0.0518120852643007,0.0424782757526379,0.002));
#4251=CARTESIAN_POINT('',(-0.0518120852643007,0.0424782757526379,0.002));
#4252=CARTESIAN_POINT('',(-0.0518120852643007,0.0424782757526379,0.012));
#4253=CARTESIAN_POINT('',(-0.0518120852643007,0.0424782757526379,0.011));
#4254=CARTESIAN_POINT('',(-0.0518120852643007,0.0424782757526379,0.011));
#4255=CARTESIAN_POINT('',(-0.0518120852643007,0.0424782757526379,0.0112645702005121));
#4256=CARTESIAN_POINT('',(-0.0519809066272356,0.042338395080351,0.0117825415451688));
#4257=CARTESIAN_POINT('',(-0.0523778527620024,0.0420028582584896,0.012));
#4258=CARTESIAN_POINT('',(-0.0525786607778429,0.041830637703807,0.012));
#4259=CARTESIAN_POINT('',(-0.0701750615183749,-0.00265507065798403,0.001));
#4260=CARTESIAN_POINT('',(-0.07191206829999,-0.00275317540570579,0.001));
#4261=CARTESIAN_POINT('',(-0.07191206829999,-0.00275317540570579,0.));
#4262=CARTESIAN_POINT('',(-0.0701750615183749,-0.00265507065798403,0.));
#4263=CARTESIAN_POINT('',(-0.0674294371647839,-0.0025,0.));
#4264=CARTESIAN_POINT('',(-0.0674294371647839,-0.0025,0.001));
#4265=CARTESIAN_POINT('',(-0.0669294371647839,-0.0025,0.001));
#4266=CARTESIAN_POINT('',(-0.0669294371647839,-0.0025,0.));
#4267=CARTESIAN_POINT('',(-0.0664294371647839,-0.0025,0.));
#4268=CARTESIAN_POINT('',(-0.0664294371647839,-0.0025,0.001));
#4269=CARTESIAN_POINT('',(-0.0664294371647839,-0.0025,0.004));
#4270=CARTESIAN_POINT('',(-0.0669294371647839,-0.0025,0.004));
#4271=CARTESIAN_POINT('',(-0.0674294371647839,-0.0025,0.004));
#4272=CARTESIAN_POINT('',(-0.0674294371647839,-0.0025,0.004));
#4273=CARTESIAN_POINT('',(-0.0664294371647839,-1.3010426069826E-18,0.001));
#4274=CARTESIAN_POINT('',(-0.0664294371647839,-1.3010426069826E-18,0.));
#4275=CARTESIAN_POINT('',(-0.0664294371647839,0.0025,0.));
#4276=CARTESIAN_POINT('',(-0.0664294371647839,0.0025,0.001));
#4277=CARTESIAN_POINT('',(-0.0664294371647839,0.0025,0.004));
#4278=CARTESIAN_POINT('',(-0.0664294371647839,-1.3010426069826E-18,0.004));
#4279=CARTESIAN_POINT('',(-0.0669294371647839,0.0025,0.001));
#4280=CARTESIAN_POINT('',(-0.0669294371647839,0.0025,0.));
#4281=CARTESIAN_POINT('',(-0.0674294371647839,0.0025,0.));
#4282=CARTESIAN_POINT('',(-0.0674294371647839,0.0025,0.001));
#4283=CARTESIAN_POINT('',(-0.0674294371647839,0.0025,0.004));
#4284=CARTESIAN_POINT('',(-0.0674294371647839,0.0025,0.004));
#4285=CARTESIAN_POINT('',(-0.0669294371647839,0.0025,0.004));
#4286=CARTESIAN_POINT('',(-0.0701750615183749,0.00265507065798401,0.001));
#4287=CARTESIAN_POINT('',(-0.0701750615183749,0.00265507065798401,0.));
#4288=CARTESIAN_POINT('',(-0.07191206829999,0.00275317540570577,0.));
#4289=CARTESIAN_POINT('',(-0.07191206829999,0.00275317540570577,0.001));
#4290=CARTESIAN_POINT('',(-0.0498675416160377,0.0405337321043749,0.001));
#4291=CARTESIAN_POINT('',(-0.0345589716194927,0.0252251621078299,0.005));
#4292=CARTESIAN_POINT('',(-0.0184908423280288,0.00915703281636523,0.005));
#4293=CARTESIAN_POINT('',(-0.0472158911865882,0.0378820816749253,0.005));
#4294=CARTESIAN_POINT('',(-0.0472158911865882,0.0378820816749253,0.004));
#4295=CARTESIAN_POINT('',(-0.0479229979677747,0.0385891884561119,0.004));
#4296=CARTESIAN_POINT('',(-0.0479229979677747,0.0385891884561119,0.005));
#4297=CARTESIAN_POINT('',(-0.0498675416160377,0.0405337321043749,0.));
#4298=CARTESIAN_POINT('',(-0.0217216469830762,0.0123878374714135,0.));
#4299=CARTESIAN_POINT('',(-0.0217216469830762,0.0123878374714135,0.001));
#4300=CARTESIAN_POINT('',(-0.0184908423280288,0.00915703281636523,0.005));
#4301=CARTESIAN_POINT('',(5.72458747072346E-17,-1.76724954115137E-17,0.001));
#4302=CARTESIAN_POINT('',(-0.0215418249068076,0.0112188246372106,0.001));
#4303=CARTESIAN_POINT('',(-0.0215418249068075,0.0112188246372106,0.));
#4304=CARTESIAN_POINT('',(5.72458747072346E-17,-1.76724954115137E-17,0.));
#4305=CARTESIAN_POINT('',(-0.0241552980498623,0.00253649811321759,0.));
#4306=CARTESIAN_POINT('',(-0.0241552980498623,0.00253649811321759,0.001));
#4307=CARTESIAN_POINT('',(-0.0202495404592207,0.00125039372534983,0.001));
#4308=CARTESIAN_POINT('',(-0.0202495404592207,0.00125039372534983,0.));
#4309=CARTESIAN_POINT('',(-0.0232223980546184,0.00143396542126709,0.));
#4310=CARTESIAN_POINT('',(-0.017226352790151,0.00106371418565493,0.));
#4311=CARTESIAN_POINT('',(-0.017226352790151,0.00106371418565493,0.001));
#4312=CARTESIAN_POINT('',(-0.0232223980546184,0.00143396542126709,0.001));
#4313=CARTESIAN_POINT('',(4.07660016854549E-17,-2.4828229749918E-17,0.001));
#4314=CARTESIAN_POINT('',(-0.0161718581116326,0.00194255121354035,0.001));
#4315=CARTESIAN_POINT('',(-0.0161718581116326,0.00194255121354035,0.));
#4316=CARTESIAN_POINT('',(4.07660016854549E-17,-2.4828229749918E-17,0.));
#4317=CARTESIAN_POINT('',(-0.0134703841816035,0.00915703281636625,0.));
#4318=CARTESIAN_POINT('',(-0.0134703841816035,0.00915703281636625,0.001));
#4319=CARTESIAN_POINT('',(-0.0159806132548162,0.0116672618895778,0.001));
#4320=CARTESIAN_POINT('',(-0.0159806132548162,0.0116672618895778,0.));
#4321=CARTESIAN_POINT('',(-0.0124351830333695,0.011487193722328,0.));
#4322=CARTESIAN_POINT('',(-0.0124351830333695,0.011487193722328,0.001));
#4323=CARTESIAN_POINT('',(-0.0124351830333695,0.011487193722328,0.005));
#4324=CARTESIAN_POINT('',(-0.0159806132548162,0.0116672618895778,0.005));
#4325=CARTESIAN_POINT('',(-0.0116672618895782,0.0159806132548158,0.001));
#4326=CARTESIAN_POINT('',(-0.0116672618895782,0.0159806132548158,0.005));
#4327=CARTESIAN_POINT('',(-0.00915703281636561,0.0184908423280284,0.005));
#4328=CARTESIAN_POINT('',(-0.0114871937223284,0.0124351830333692,0.005));
#4329=CARTESIAN_POINT('',(-0.0114871937223284,0.0124351830333692,0.001));
#4330=CARTESIAN_POINT('',(-0.0114871937223284,0.0124351830333692,0.));
#4331=CARTESIAN_POINT('',(-0.0116672618895782,0.0159806132548158,0.));
#4332=CARTESIAN_POINT('',(-0.00915703281636625,0.0134703841816035,0.));
#4333=CARTESIAN_POINT('',(-0.00915703281636625,0.0134703841816035,0.001));
#4334=CARTESIAN_POINT('',(-0.00915703281636561,0.0184908423280284,0.005));
#4335=CARTESIAN_POINT('',(-7.04731412115578E-18,6.07153216591882E-18,0.001));
#4336=CARTESIAN_POINT('',(-7.04731412115578E-18,6.07153216591882E-18,0.));
#4337=CARTESIAN_POINT('',(-0.00194255121354036,0.0161718581116326,0.));
#4338=CARTESIAN_POINT('',(-0.00194255121354036,0.0161718581116326,0.001));
#4339=CARTESIAN_POINT('',(-0.00125039372534984,0.0202495404592207,0.001));
#4340=CARTESIAN_POINT('',(-0.00125039372534984,0.0202495404592207,0.));
#4341=CARTESIAN_POINT('',(-0.00143396542126711,0.0232223980546184,0.));
#4342=CARTESIAN_POINT('',(-0.00106371418565494,0.017226352790151,0.));
#4343=CARTESIAN_POINT('',(-0.00143396542126711,0.0232223980546184,0.001));
#4344=CARTESIAN_POINT('',(-0.00106371418565494,0.017226352790151,0.));
#4345=CARTESIAN_POINT('',(2.3635607360184E-17,-4.33680868994202E-17,0.001));
#4346=CARTESIAN_POINT('',(2.3635607360184E-17,-4.33680868994202E-17,0.));
#4347=CARTESIAN_POINT('',(-0.0112188246372111,0.0215418249068073,0.));
#4348=CARTESIAN_POINT('',(-0.00253649811321761,0.0241552980498623,0.));
#4349=CARTESIAN_POINT('',(-0.0112188246372111,0.0215418249068073,0.001));
#4350=CARTESIAN_POINT('',(-0.00253649811321761,0.0241552980498623,0.001));
#4351=CARTESIAN_POINT('',(-0.0387711954806059,0.0481050049922679,0.001));
#4352=CARTESIAN_POINT('',(-0.0368266518323424,0.0461604613440052,0.005));
#4353=CARTESIAN_POINT('',(-0.0368266518323424,0.0461604613440052,0.004));
#4354=CARTESIAN_POINT('',(-0.0361195450511563,0.0454533545628183,0.004));
#4355=CARTESIAN_POINT('',(-0.0361195450511563,0.0454533545628183,0.005));
#4356=CARTESIAN_POINT('',(-0.0105090842879571,0.0198428937996191,0.005));
#4357=CARTESIAN_POINT('',(-0.012387837471414,0.021721646983076,0.001));
#4358=CARTESIAN_POINT('',(-0.0123878374714139,0.021721646983076,0.));
#4359=CARTESIAN_POINT('',(-0.0387711954806059,0.0481050049922679,0.));
#4360=CARTESIAN_POINT('',(-0.040715739128869,0.050049548640531,0.));
#4361=CARTESIAN_POINT('',(-0.040715739128869,0.050049548640531,0.001));
#4362=CARTESIAN_POINT('',(-0.00258297521328571,0.0575110275863969,0.001));
#4363=CARTESIAN_POINT('',(-0.00263560481116722,0.059254506052402,0.001));
#4364=CARTESIAN_POINT('',(-0.00263560481116722,0.059254506052402,0.));
#4365=CARTESIAN_POINT('',(-0.00258297521328571,0.0575110275863969,0.));
#4366=CARTESIAN_POINT('',(-0.0025,0.0547622796688934,0.));
#4367=CARTESIAN_POINT('',(-0.0025,0.0547622796688934,0.001));
#4368=CARTESIAN_POINT('',(-0.0025,0.0542622796688934,0.001));
#4369=CARTESIAN_POINT('',(-0.0025,0.0542622796688934,0.));
#4370=CARTESIAN_POINT('',(-0.0025,0.0537622796688934,0.));
#4371=CARTESIAN_POINT('',(-0.0025,0.0537622796688934,0.001));
#4372=CARTESIAN_POINT('',(-0.0025,0.0537622796688934,0.004));
#4373=CARTESIAN_POINT('',(-0.0025,0.0542622796688934,0.004));
#4374=CARTESIAN_POINT('',(-0.0025,0.0547622796688934,0.004));
#4375=CARTESIAN_POINT('',(-0.0025,0.0547622796688934,0.004));
#4376=CARTESIAN_POINT('',(-4.33680868994202E-19,0.0537622796688934,0.001));
#4377=CARTESIAN_POINT('',(-4.33680868994202E-19,0.0537622796688934,0.));
#4378=CARTESIAN_POINT('',(0.0025,0.0537622796688934,0.));
#4379=CARTESIAN_POINT('',(0.0025,0.0537622796688934,0.001));
#4380=CARTESIAN_POINT('',(0.0025,0.0537622796688934,0.004));
#4381=CARTESIAN_POINT('',(-4.33680868994202E-19,0.0537622796688934,0.004));
#4382=CARTESIAN_POINT('',(0.0025,0.0542622796688934,0.001));
#4383=CARTESIAN_POINT('',(0.0025,0.0542622796688934,0.));
#4384=CARTESIAN_POINT('',(0.0025,0.0547622796688934,0.));
#4385=CARTESIAN_POINT('',(0.0025,0.0547622796688934,0.001));
#4386=CARTESIAN_POINT('',(0.0025,0.0547622796688934,0.004));
#4387=CARTESIAN_POINT('',(0.0025,0.0547622796688934,0.004));
#4388=CARTESIAN_POINT('',(0.0025,0.0542622796688934,0.004));
#4389=CARTESIAN_POINT('',(0.00258297521328571,0.0575110275863969,0.001));
#4390=CARTESIAN_POINT('',(0.00258297521328571,0.0575110275863969,0.));
#4391=CARTESIAN_POINT('',(0.00263560481116722,0.059254506052402,0.));
#4392=CARTESIAN_POINT('',(0.00263560481116722,0.059254506052402,0.001));
#4393=CARTESIAN_POINT('',(0.0701750615183749,0.00265507065798402,0.001));
#4394=CARTESIAN_POINT('',(0.07191206829999,0.00275317540570578,0.));
#4395=CARTESIAN_POINT('',(0.07191206829999,0.00275317540570578,0.));
#4396=CARTESIAN_POINT('',(0.0701750615183749,0.00265507065798402,0.));
#4397=CARTESIAN_POINT('',(0.0674294371647839,0.0025,0.));
#4398=CARTESIAN_POINT('',(0.0674294371647839,0.0025,0.001));
#4399=CARTESIAN_POINT('',(0.0669294371647839,0.0025,0.001));
#4400=CARTESIAN_POINT('',(0.0669294371647839,0.0025,0.));
#4401=CARTESIAN_POINT('',(0.0664294371647839,0.0025,0.));
#4402=CARTESIAN_POINT('',(0.0664294371647839,0.0025,0.001));
#4403=CARTESIAN_POINT('',(0.0664294371647839,0.0025,0.004));
#4404=CARTESIAN_POINT('',(0.0669294371647839,0.0025,0.004));
#4405=CARTESIAN_POINT('',(0.0674294371647839,0.0025,0.004));
#4406=CARTESIAN_POINT('',(0.0674294371647839,0.0025,0.004));
#4407=CARTESIAN_POINT('',(0.0664294371647839,-2.03830008427275E-17,0.001));
#4408=CARTESIAN_POINT('',(0.0664294371647839,-2.03830008427275E-17,0.));
#4409=CARTESIAN_POINT('',(0.0664294371647839,-0.0025,0.));
#4410=CARTESIAN_POINT('',(0.0664294371647839,-0.0025,0.001));
#4411=CARTESIAN_POINT('',(0.0664294371647839,-0.0025,0.004));
#4412=CARTESIAN_POINT('',(0.0664294371647839,-2.03830008427275E-17,0.004));
#4413=CARTESIAN_POINT('',(0.0669294371647839,-0.0025,0.001));
#4414=CARTESIAN_POINT('',(0.0669294371647839,-0.0025,0.));
#4415=CARTESIAN_POINT('',(0.0674294371647839,-0.0025,0.));
#4416=CARTESIAN_POINT('',(0.0674294371647839,-0.0025,0.001));
#4417=CARTESIAN_POINT('',(0.0674294371647839,-0.0025,0.004));
#4418=CARTESIAN_POINT('',(0.0674294371647839,-0.0025,0.004));
#4419=CARTESIAN_POINT('',(0.0669294371647839,-0.0025,0.004));
#4420=CARTESIAN_POINT('',(0.0701750615183749,-0.00265507065798404,0.001));
#4421=CARTESIAN_POINT('',(0.0701750615183749,-0.00265507065798404,0.));
#4422=CARTESIAN_POINT('',(0.07191206829999,-0.0027531754057058,0.));
#4423=CARTESIAN_POINT('',(0.07191206829999,-0.0027531754057058,0.001));
#4424=CARTESIAN_POINT('',(0.0120718493751117,-0.059469787552114,0.012));
#4425=CARTESIAN_POINT('',(0.0120718493751117,-0.059469787552114,0.));
#4426=CARTESIAN_POINT('',(0.0228819650991906,-0.0579725294628999,0.012));
#4427=CARTESIAN_POINT('',(0.0228819650991906,-0.0579725294628999,0.));
#4428=CARTESIAN_POINT('',(0.0436630320794029,-0.0508884655849046,0.012));
#4429=CARTESIAN_POINT('',(0.0436630320794029,-0.0508884655849046,-1.73472347597681E-18));
#4430=CARTESIAN_POINT('',(0.0661306692534055,-0.0301091638511215,0.012));
#4431=CARTESIAN_POINT('',(0.0661306692534055,-0.0301091638511215,1.73472347597681E-18));
#4432=CARTESIAN_POINT('',(0.0754033883983948,-0.00332333501386995,0.012));
#4433=CARTESIAN_POINT('',(0.0754033883983948,-0.00332333501386995,-3.46944695195361E-18));
#4434=CARTESIAN_POINT('',(0.0696336333495233,0.0241255850096343,0.012));
#4435=CARTESIAN_POINT('',(0.0696336333495233,0.0241255850096343,3.46944695195361E-18));
#4436=CARTESIAN_POINT('',(0.0499717142662348,0.0467613627589481,0.012));
#4437=CARTESIAN_POINT('',(0.0499717142662348,0.0467613627589481,0.));
#4438=CARTESIAN_POINT('',(0.0203408639786023,0.0600684841616211,0.012));
#4439=CARTESIAN_POINT('',(0.0203408639786023,0.0600684841616211,-1.73472347597681E-18));
#4440=CARTESIAN_POINT('',(-0.0133495016299794,0.061391029082185,0.012));
#4441=CARTESIAN_POINT('',(-0.0133495016299794,0.061391029082185,3.46944695195361E-18));
#4442=CARTESIAN_POINT('',(-0.0340305283201771,0.0541099475928267,0.012));
#4443=CARTESIAN_POINT('',(-0.0340305283201771,0.0541099475928267,0.));
#4444=CARTESIAN_POINT('',(-0.0428991828544199,0.048789209522496,0.012));
#4445=CARTESIAN_POINT('',(-0.0428991828544199,0.048789209522496,0.));
#4446=CARTESIAN_POINT('',(0.0120718493751118,-0.0594697875521137,0.001));
#4447=CARTESIAN_POINT('',(0.0120718493751118,-0.0594697875521137,0.011));
#4448=CARTESIAN_POINT('',(0.0120718493751118,-0.0594697875521137,0.));
#4449=CARTESIAN_POINT('',(0.0120718493751118,-0.0594697875521137,0.011));
#4450=CARTESIAN_POINT('',(0.0120718493751118,-0.0594697875521137,0.0112643590909635));
#4451=CARTESIAN_POINT('',(0.0122880300303058,-0.0594402203652615,0.0117822471272144));
#4452=CARTESIAN_POINT('',(0.0128019846246337,-0.0593659160230866,0.012));
#4453=CARTESIAN_POINT('',(0.0130633961123992,-0.0593266406869008,0.012));
#4454=CARTESIAN_POINT('',(0.0130633961123992,-0.0593266406869008,0.012));
#4455=CARTESIAN_POINT('',(9.31245564737786E-23,4.33680868994202E-18,0.012));
#4456=CARTESIAN_POINT('',(-0.0398010500764366,0.0505490731504717,0.012));
#4457=CARTESIAN_POINT('',(-0.0398010500764366,0.0505490731504717,0.012));
#4458=CARTESIAN_POINT('',(-0.0400386319533239,0.0504214341054211,0.012));
#4459=CARTESIAN_POINT('',(-0.0405063240286454,0.0501662881862641,0.0117947361169293));
#4460=CARTESIAN_POINT('',(-0.040715739128869,0.050049548640531,0.0112700387266325));
#4461=CARTESIAN_POINT('',(-0.040715739128869,0.050049548640531,0.011));
#4462=CARTESIAN_POINT('',(-0.040715739128869,0.050049548640531,0.011));
#4463=CARTESIAN_POINT('',(-0.040715739128869,0.050049548640531,0.012));
#4464=CARTESIAN_POINT('',(-0.040715739128869,0.050049548640531,0.002));
#4465=CARTESIAN_POINT('',(-0.040715739128869,0.050049548640531,0.002));
#4466=CARTESIAN_POINT('',(-0.040715739128869,0.050049548640531,0.00173080308346379));
#4467=CARTESIAN_POINT('',(-0.0409233608650105,0.0499348060985612,0.00120810734081839));
#4468=CARTESIAN_POINT('',(-0.0413865903255612,0.049673243845565,0.00100000000000001));
#4469=CARTESIAN_POINT('',(-0.0416199031033795,0.0495394990526685,0.001));
#4470=CARTESIAN_POINT('',(9.31245564737786E-23,4.33680868994202E-18,0.));
#4471=CARTESIAN_POINT('',(-0.00367677057359494,0.0602234667155997,0.));
#4472=CARTESIAN_POINT('',(-0.00367677057359494,0.0602234667155997,0.));
#4473=CARTESIAN_POINT('',(0.00367677057359497,0.0602234667155997,0.001));
#4474=CARTESIAN_POINT('',(0.00367677057359497,0.0602234667155997,0.));
#4475=CARTESIAN_POINT('',(9.31245564737786E-23,4.33680868994202E-18,0.));
#4476=CARTESIAN_POINT('',(0.0728527263860879,0.00382837260508249,0.));
#4477=CARTESIAN_POINT('',(0.0728527263860879,0.00382837260508249,0.));
#4478=CARTESIAN_POINT('',(0.0728527263860879,-0.0038283726050825,0.001));
#4479=CARTESIAN_POINT('',(0.0728527263860879,-0.0038283726050825,0.));
#4480=CARTESIAN_POINT('',(9.31245564737786E-23,4.33680868994202E-18,0.));
#4481=CARTESIAN_POINT('',(0.0126974853668356,-0.0740050552556716,0.011));
#4482=CARTESIAN_POINT('',(0.0126974853668356,-0.0740050552556716,0.));
#4483=CARTESIAN_POINT('',(0.0126725567523276,-0.0690738910193052,0.011));
#4484=CARTESIAN_POINT('',(0.0126725567523276,-0.0690738910193052,0.));
#4485=CARTESIAN_POINT('',(0.0124609631239377,-0.0641579813310833,0.011));
#4486=CARTESIAN_POINT('',(0.0124609631239377,-0.0641579813310833,0.));
#4487=CARTESIAN_POINT('',(0.0120718493751118,-0.0594697875521138,0.011));
#4488=CARTESIAN_POINT('',(0.0120718493751118,-0.0594697875521138,0.));
#4489=CARTESIAN_POINT('',(0.,-0.075,0.));
#4490=CARTESIAN_POINT('',(0.0126974853668356,-0.0740050552556716,0.));
#4491=CARTESIAN_POINT('',(0.0126974853668356,-0.0740050552556716,0.));
#4492=CARTESIAN_POINT('',(0.0122945529497107,-0.0624669710549125,0.000999999963852068));
#4493=CARTESIAN_POINT('',(0.0122507025834852,-0.0618002218743712,0.00166655677195905));
#4494=CARTESIAN_POINT('',(0.0122031439624399,-0.0611338303743851,0.00233322436119858));
#4495=CARTESIAN_POINT('',(0.0121517596756685,-0.0604678342105508,0.002999995773878));
#4496=CARTESIAN_POINT('',(0.0121517594972477,-0.0604678384553581,0.003));
#4497=CARTESIAN_POINT('',(0.0121517606457066,-0.0604678467833044,0.012));
#4498=CARTESIAN_POINT('',(0.0121517606457066,-0.0604678467833044,0.011));
#4499=CARTESIAN_POINT('',(0.0121517606457066,-0.0604678467833044,0.011));
#4500=CARTESIAN_POINT('',(0.0121260866775949,-0.0601350839582187,0.011));
#4501=CARTESIAN_POINT('',(0.0120994553995423,-0.0598023956709158,0.011));
#4502=CARTESIAN_POINT('',(0.0120718493751118,-0.0594697875521137,0.011));
#4503=CARTESIAN_POINT('',(0.03885,-0.075,0.001));
#4504=CARTESIAN_POINT('',(0.013697472588949,-0.075,0.001));
#4505=CARTESIAN_POINT('',(0.013697472588949,-0.075,0.));
#4506=CARTESIAN_POINT('',(0.03885,-0.075,0.));
#4507=CARTESIAN_POINT('',(0.065,-0.075,0.));
#4508=CARTESIAN_POINT('',(0.065,-0.075,0.001));
#4509=CARTESIAN_POINT('',(0.065,-0.065,0.001));
#4510=CARTESIAN_POINT('',(0.065,-0.065,0.));
#4511=CARTESIAN_POINT('',(0.075,-0.065,0.));
#4512=CARTESIAN_POINT('',(0.075,-0.065,0.001));
#4513=CARTESIAN_POINT('',(0.075,1.38777878078145E-17,0.001));
#4514=CARTESIAN_POINT('',(0.075,1.38777878078145E-17,0.));
#4515=CARTESIAN_POINT('',(0.075,0.065,0.));
#4516=CARTESIAN_POINT('',(0.075,0.065,0.001));
#4517=CARTESIAN_POINT('',(0.0750000000000015,0.0102404607326263,0.00100000000012404));
#4518=CARTESIAN_POINT('',(0.0750000000000015,0.00685058585892987,0.00165352632016147));
#4519=CARTESIAN_POINT('',(0.0749999999999993,-4.82883483040571E-5,0.00234585128785375));
#4520=CARTESIAN_POINT('',(0.075,-0.00685092956332345,0.00165347145131439));
#4521=CARTESIAN_POINT('',(0.075,-0.0102386248064871,0.000999999997562692));
#4522=CARTESIAN_POINT('',(0.065,0.065,0.001));
#4523=CARTESIAN_POINT('',(0.065,0.065,0.));
#4524=CARTESIAN_POINT('',(0.065,0.075,0.));
#4525=CARTESIAN_POINT('',(0.065,0.075,0.001));
#4526=CARTESIAN_POINT('',(1.38777878078145E-17,0.075,0.001));
#4527=CARTESIAN_POINT('',(1.38777878078145E-17,0.075,0.));
#4528=CARTESIAN_POINT('',(-0.065,0.075,0.));
#4529=CARTESIAN_POINT('',(-0.065,0.075,0.001));
#4530=CARTESIAN_POINT('',(-0.065,0.065,0.001));
#4531=CARTESIAN_POINT('',(-0.065,0.065,0.));
#4532=CARTESIAN_POINT('',(-0.075,0.065,0.));
#4533=CARTESIAN_POINT('',(-0.075,0.065,0.001));
#4534=CARTESIAN_POINT('',(-0.075,-1.38777878078145E-17,0.001));
#4535=CARTESIAN_POINT('',(-0.075,-1.38777878078145E-17,0.));
#4536=CARTESIAN_POINT('',(-0.075,-0.065,0.));
#4537=CARTESIAN_POINT('',(-0.075,-0.065,0.001));
#4538=CARTESIAN_POINT('',(-0.075,-0.0102399682703912,0.000999999996224442));
#4539=CARTESIAN_POINT('',(-0.075,-0.00685019412168529,0.00165428826728397));
#4540=CARTESIAN_POINT('',(-0.075,4.90554077825821E-5,0.00234604935769932));
#4541=CARTESIAN_POINT('',(-0.075,0.00685215763109246,0.00165375291652277));
#4542=CARTESIAN_POINT('',(-0.075,0.0102400556428617,0.00100000000019752));
#4543=CARTESIAN_POINT('',(-0.065,-0.065,0.001));
#4544=CARTESIAN_POINT('',(-0.065,-0.065,0.));
#4545=CARTESIAN_POINT('',(-0.065,-0.075,0.));
#4546=CARTESIAN_POINT('',(-0.065,-0.075,0.001));
#4547=CARTESIAN_POINT('',(0.0635,-0.0635,0.001));
#4548=CARTESIAN_POINT('',(0.0635,-0.0635,0.));
#4549=CARTESIAN_POINT('',(0.0651,-0.0635,0.));
#4550=CARTESIAN_POINT('',(-0.0635,-0.0635,0.001));
#4551=CARTESIAN_POINT('',(-0.0635,-0.0635,0.));
#4552=CARTESIAN_POINT('',(-0.0619,-0.0635,0.));
#4553=CARTESIAN_POINT('',(-0.0635,0.0635,0.001));
#4554=CARTESIAN_POINT('',(-0.0635,0.0635,0.));
#4555=CARTESIAN_POINT('',(-0.0619,0.0635,0.));
#4556=CARTESIAN_POINT('',(-0.03885,-0.075,0.001));
#4557=CARTESIAN_POINT('',(-0.03885,-0.075,0.));
#4558=CARTESIAN_POINT('',(-0.013697472588949,-0.075,0.));
#4559=CARTESIAN_POINT('',(-0.013697472588949,-0.075,0.001));
#4560=CARTESIAN_POINT('',(0.0635,0.0635,0.001));
#4561=CARTESIAN_POINT('',(0.0635,0.0635,0.));
#4562=CARTESIAN_POINT('',(0.0651,0.0635,0.));
#4563=CARTESIAN_POINT('',(0.,0.,0.));
#4564=CARTESIAN_POINT('',(0.013697472588949,-0.074,0.));
#4565=CARTESIAN_POINT('',(0.0718556789698139,-0.0037515842615571,0.));
#4566=CARTESIAN_POINT('',(0.0718556789698139,0.00375158426155708,0.));
#4567=CARTESIAN_POINT('',(0.00363514950844124,0.0592243332475708,0.));
#4568=CARTESIAN_POINT('',(-0.00363514950844123,0.0592243332475708,0.));
#4569=CARTESIAN_POINT('',(-0.0116807306902274,0.0224287537642626,0.));
#4570=CARTESIAN_POINT('',(-0.00243206437172979,0.0231607662033944,0.));
#4571=CARTESIAN_POINT('',(-0.00206181313611762,0.017164720938927,0.));
#4572=CARTESIAN_POINT('',(-0.011436470294934,0.0114364702949337,0.));
#4573=CARTESIAN_POINT('',(-0.017164720938927,0.00206181313611762,0.));
#4574=CARTESIAN_POINT('',(-0.0231607662033944,0.00243206437172977,0.));
#4575=CARTESIAN_POINT('',(-0.0224287537642628,0.0116807306902269,0.));
#4576=CARTESIAN_POINT('',(-0.0718556789698139,0.00375158426155707,0.));
#4577=CARTESIAN_POINT('',(-0.0718556789698139,-0.00375158426155711,0.));
#4578=CARTESIAN_POINT('',(-0.013697472588949,-0.074,0.));
#4579=CARTESIAN_POINT('',(-0.0410819680498086,0.0504157775614706,0.012));
#4580=CARTESIAN_POINT('',(-0.0414483587104528,0.0507821682221148,0.00300000875135891));
#4581=CARTESIAN_POINT('',(-0.0416931254229951,0.0510269349346571,0.00266684818140788));
#4582=CARTESIAN_POINT('',(-0.0419378307736786,0.0512716402853406,0.00233359749506714));
#4583=CARTESIAN_POINT('',(-0.0421824770899858,0.0515162866016478,0.00200026011049445));
#4584=CARTESIAN_POINT('',(-0.0414482778406006,0.0507820873522626,0.00300000437568019));
#4585=CARTESIAN_POINT('',(-0.0421809269063955,0.0515173145049451,0.00199987679330394));
#4586=CARTESIAN_POINT('',(-0.040715739128869,0.050049548640531,0.002));
#4587=CARTESIAN_POINT('',(-0.0410819680498086,0.0504157775614706,0.011));
#4588=CARTESIAN_POINT('',(-0.0414481969707483,0.0507820064824103,0.011));
#4589=CARTESIAN_POINT('',(-0.0414481969707483,0.0507820064824103,0.012));
#4590=CARTESIAN_POINT('',(0.0121517606456794,-0.0604678467833084,0.012));
#4591=CARTESIAN_POINT('',(0.0121517606456794,-0.0604678467833084,0.003));
#4592=CARTESIAN_POINT('',(0.0230133367434368,-0.0589700080345903,0.012));
#4593=CARTESIAN_POINT('',(0.0230133367434368,-0.0589700080345903,0.003));
#4594=CARTESIAN_POINT('',(0.0439073480810553,-0.0518919460234615,0.012));
#4595=CARTESIAN_POINT('',(0.0439073480810553,-0.0518919460234615,0.003));
#4596=CARTESIAN_POINT('',(0.0666499902707626,-0.0311041285209223,0.012));
#4597=CARTESIAN_POINT('',(0.0666499902707626,-0.0311041285209223,0.003));
#4598=CARTESIAN_POINT('',(0.0763287524723263,-0.00422075548600504,0.012));
#4599=CARTESIAN_POINT('',(0.0763287524723263,-0.00422075548600504,0.003));
#4600=CARTESIAN_POINT('',(0.0710490672992662,0.0234898849746773,0.012));
#4601=CARTESIAN_POINT('',(0.0710490672992662,0.0234898849746773,0.003));
#4602=CARTESIAN_POINT('',(0.0518449132767288,0.046596887639102,0.012));
#4603=CARTESIAN_POINT('',(0.0518449132767288,0.046596887639102,0.003));
#4604=CARTESIAN_POINT('',(0.0224805974783347,0.0605720347656712,0.012));
#4605=CARTESIAN_POINT('',(0.0224805974783347,0.0605720347656712,0.003));
#4606=CARTESIAN_POINT('',(-0.0112909744496599,0.062675407285035,0.012));
#4607=CARTESIAN_POINT('',(-0.0112909744496599,0.062675407285035,0.003));
#4608=CARTESIAN_POINT('',(-0.0323264462069736,0.0558909546652675,0.012));
#4609=CARTESIAN_POINT('',(-0.0323264462069736,0.0558909546652675,0.003));
#4610=CARTESIAN_POINT('',(-0.0414481969741451,0.0507820064805081,0.012));
#4611=CARTESIAN_POINT('',(-0.0414481969741451,0.0507820064805081,0.003));
#4612=CARTESIAN_POINT('',(9.31245564737786E-23,4.33680868994202E-18,0.012));
#4613=CARTESIAN_POINT('',(0.0131437222395551,-0.0603253014376832,0.012));
#4614=CARTESIAN_POINT('',(-0.0405365052729955,0.0512845283470306,0.012));
#4615=CARTESIAN_POINT('',(0.0131437222395551,-0.0603253014376832,0.012));
#4616=CARTESIAN_POINT('',(0.0128822331017761,-0.0603643972314144,0.012));
#4617=CARTESIAN_POINT('',(0.0123691278401674,-0.0604382387439512,0.0117833550182817));
#4618=CARTESIAN_POINT('',(0.0121517606457066,-0.0604678467833044,0.0112644126950033));
#4619=CARTESIAN_POINT('',(0.0121517606457066,-0.0604678467833044,0.011));
#4620=CARTESIAN_POINT('',(0.0121517606456794,-0.0604678467833084,0.003));
#4621=CARTESIAN_POINT('',(0.0230133367434368,-0.0589700080345903,0.003));
#4622=CARTESIAN_POINT('',(0.0439073480810553,-0.0518919460234615,0.003));
#4623=CARTESIAN_POINT('',(0.0666499902707628,-0.031104128520922,0.003));
#4624=CARTESIAN_POINT('',(0.0763287524723262,-0.00422075548600503,0.003));
#4625=CARTESIAN_POINT('',(0.0710490672992663,0.0234898849746771,0.003));
#4626=CARTESIAN_POINT('',(0.0518449132767287,0.0465968876391021,0.003));
#4627=CARTESIAN_POINT('',(0.0224805974783346,0.0605720347656712,0.003));
#4628=CARTESIAN_POINT('',(-0.0112909744496597,0.062675407285035,0.003));
#4629=CARTESIAN_POINT('',(-0.0323264462069737,0.0558909546652675,0.003));
#4630=CARTESIAN_POINT('',(-0.0414481969741451,0.0507820064805081,0.003));
#4631=CARTESIAN_POINT('',(-0.0414481969707483,0.0507820064824103,0.011));
#4632=CARTESIAN_POINT('',(-0.0414481969707483,0.0507820064824103,0.0112696607225379));
#4633=CARTESIAN_POINT('',(-0.041240786140548,0.0508986741081981,0.0117934905748557));
#4634=CARTESIAN_POINT('',(-0.0407732876507618,0.0511560982454996,0.012));
#4635=CARTESIAN_POINT('',(-0.0405365052729955,0.0512845283470306,0.012));
#4636=CARTESIAN_POINT('',(0.,0.,0.012));
#4637=CARTESIAN_POINT('',(0.0130633961123993,-0.0593266406869008,0.012));
#4638=CARTESIAN_POINT('',(0.0130911371182169,-0.0596594492392691,0.012));
#4639=CARTESIAN_POINT('',(0.0131179067352972,-0.0599923379972326,0.012));
#4640=CARTESIAN_POINT('',(0.0131437222395551,-0.0603253014376832,0.012));
#4641=CARTESIAN_POINT('',(0.00537401153701756,0.00537401153701756,0.012));
#4642=CARTESIAN_POINT('',(-0.0521655165617796,0.0428317070501167,0.012));
#4643=CARTESIAN_POINT('',(-0.0521655165617796,0.0428317070501167,0.002));
#4644=CARTESIAN_POINT('',(-0.0532283395319055,0.0438954251231617,0.00199998600660724));
#4645=CARTESIAN_POINT('',(-0.0532288171046808,0.0438950075930179,0.00200002809855079));
#4646=CARTESIAN_POINT('',(-0.0529921871203097,0.0436583776086468,0.00233335513697844));
#4647=CARTESIAN_POINT('',(-0.0527555504799543,0.0434217409682914,0.00266667272465347));
#4648=CARTESIAN_POINT('',(-0.0525189068971043,0.0431850973854414,0.00299998045476328));
#4649=CARTESIAN_POINT('',(-0.0525189231181546,0.0431851086934642,0.003));
#4650=CARTESIAN_POINT('',(-0.0525189478592584,0.0431851383475956,0.012));
#4651=CARTESIAN_POINT('',(-0.0525189478592584,0.0431851383475956,0.011));
#4652=CARTESIAN_POINT('',(-0.0518120852643007,0.0424782757526379,0.011));
#4653=CARTESIAN_POINT('',(-0.0525189478592585,0.0431851383475957,0.012));
#4654=CARTESIAN_POINT('',(-0.0525189478592585,0.0431851383475957,0.003));
#4655=CARTESIAN_POINT('',(-0.0572706583498802,0.0392197184292352,0.012));
#4656=CARTESIAN_POINT('',(-0.0572706583498802,0.0392197184292352,0.003));
#4657=CARTESIAN_POINT('',(-0.0654564281662457,0.0302062585916272,0.012));
#4658=CARTESIAN_POINT('',(-0.0654564281662457,0.0302062585916272,0.003));
#4659=CARTESIAN_POINT('',(-0.0728716903983097,0.0144412223180638,0.012));
#4660=CARTESIAN_POINT('',(-0.0728716903983097,0.0144412223180638,0.003));
#4661=CARTESIAN_POINT('',(-0.0748720417634158,-0.00239679127157413,0.012));
#4662=CARTESIAN_POINT('',(-0.0748720417634158,-0.00239679127157413,0.003));
#4663=CARTESIAN_POINT('',(-0.0713089871287366,-0.0190567331317085,0.012));
#4664=CARTESIAN_POINT('',(-0.0713089871287366,-0.0190567331317085,0.003));
#4665=CARTESIAN_POINT('',(-0.0624472313945833,-0.0343006412370078,0.012));
#4666=CARTESIAN_POINT('',(-0.0624472313945833,-0.0343006412370078,0.003));
#4667=CARTESIAN_POINT('',(-0.0489453179474508,-0.0469958036186968,0.012));
#4668=CARTESIAN_POINT('',(-0.0489453179474508,-0.0469958036186968,0.003));
#4669=CARTESIAN_POINT('',(-0.0318063218364803,-0.0561989187750037,0.012));
#4670=CARTESIAN_POINT('',(-0.0318063218364803,-0.0561989187750037,0.003));
#4671=CARTESIAN_POINT('',(-0.0188051074418813,-0.0595503334731237,0.012));
#4672=CARTESIAN_POINT('',(-0.0188051074418813,-0.0595503334731237,0.003));
#4673=CARTESIAN_POINT('',(-0.0121517606448085,-0.0604678467834285,0.012));
#4674=CARTESIAN_POINT('',(-0.0121517606448085,-0.0604678467834285,0.003));
#4675=CARTESIAN_POINT('',(-0.0121517606457066,-0.0604678467833044,0.011));
#4676=CARTESIAN_POINT('',(-0.0121517606457066,-0.0604678467833044,0.0112644028989804));
#4677=CARTESIAN_POINT('',(-0.012368115428016,-0.0604383818338947,0.0117823450816423));
#4678=CARTESIAN_POINT('',(-0.0128822417959353,-0.0603643959315323,0.012));
#4679=CARTESIAN_POINT('',(-0.0131437222395551,-0.0603253014376832,0.012));
#4680=CARTESIAN_POINT('',(-0.0131437222395551,-0.0603253014376832,0.012));
#4681=CARTESIAN_POINT('',(9.31245564737786E-23,4.33680868994202E-18,0.012));
#4682=CARTESIAN_POINT('',(-0.0532846426597647,0.0425366195857287,0.012));
#4683=CARTESIAN_POINT('',(-0.0532846426597647,0.0425366195857287,0.012));
#4684=CARTESIAN_POINT('',(-0.0530840262202659,0.0427090695514285,0.012));
#4685=CARTESIAN_POINT('',(-0.0526883111897618,0.043044407164511,0.0117835102067959));
#4686=CARTESIAN_POINT('',(-0.0525189478592584,0.0431851383475956,0.0112645723706134));
#4687=CARTESIAN_POINT('',(-0.0525189478592584,0.0431851383475956,0.011));
#4688=CARTESIAN_POINT('',(-0.0525189478663347,0.0431851383416905,0.003));
#4689=CARTESIAN_POINT('',(-0.0572706583560117,0.0392197184230417,0.003));
#4690=CARTESIAN_POINT('',(-0.0654564281704754,0.0302062585851403,0.003));
#4691=CARTESIAN_POINT('',(-0.0728716903999717,0.0144412223118962,0.003));
#4692=CARTESIAN_POINT('',(-0.0748720417630545,-0.00239679127683194,0.003));
#4693=CARTESIAN_POINT('',(-0.0713089871270651,-0.0190567331356879,0.003));
#4694=CARTESIAN_POINT('',(-0.0624472313923791,-0.0343006412395879,0.003));
#4695=CARTESIAN_POINT('',(-0.0489453179454498,-0.04699580362,0.003));
#4696=CARTESIAN_POINT('',(-0.0318063218352805,-0.0561989187753637,0.003));
#4697=CARTESIAN_POINT('',(-0.0188051074414684,-0.0595503334731807,0.003));
#4698=CARTESIAN_POINT('',(-0.0121517606448085,-0.0604678467834285,0.003));
#4699=CARTESIAN_POINT('',(0.,0.,0.012));
#4700=CARTESIAN_POINT('',(-0.0131437222395551,-0.0603253014376832,0.012));
#4701=CARTESIAN_POINT('',(-0.0131179067352972,-0.0599923379972326,0.012));
#4702=CARTESIAN_POINT('',(-0.0130911371182169,-0.0596594492392691,0.012));
#4703=CARTESIAN_POINT('',(-0.0130633961123993,-0.0593266406869008,0.012));
#4704=CARTESIAN_POINT('',(-0.053226054640445,0.0424780315664091,0.012));
#4705=CARTESIAN_POINT('',(-0.0191093500870479,0.00549854636193155,0.002));
#4706=CARTESIAN_POINT('',(-0.0191093500870479,0.00549854636193155,0.001));
#4707=CARTESIAN_POINT('',(-0.0189427451054274,0.00617874355365445,0.001));
#4708=CARTESIAN_POINT('',(-0.0192759550686684,0.00481834917020866,0.001));
#4709=CARTESIAN_POINT('',(-0.0189427451054274,0.00617874355365445,0.002));
#4710=CARTESIAN_POINT('',(-0.0189427451054274,0.00617874355365445,0.002));
#4711=CARTESIAN_POINT('',(-0.0191093500870479,0.00549854636193155,0.002));
#4712=CARTESIAN_POINT('',(-0.0192759550686684,0.00481834917020866,0.002));
#4713=CARTESIAN_POINT('',(-0.0192759550686684,0.00481834917020866,0.002));
#4714=CARTESIAN_POINT('',(-0.0176701418996552,0.00586703683641438,0.002));
#4715=CARTESIAN_POINT('',(-0.0176701418996552,0.00586703683641438,0.001));
#4716=CARTESIAN_POINT('',(-0.016397538693883,0.00555533011917432,0.001));
#4717=CARTESIAN_POINT('',(-0.016397538693883,0.00555533011917432,0.002));
#4718=CARTESIAN_POINT('',(-0.016397538693883,0.00555533011917432,0.002));
#4719=CARTESIAN_POINT('',(-0.0176701418996552,0.00586703683641438,0.002));
#4720=CARTESIAN_POINT('',(-0.0165636015768648,0.00487734615041798,0.002));
#4721=CARTESIAN_POINT('',(-0.0165636015768648,0.00487734615041798,0.001));
#4722=CARTESIAN_POINT('',(-0.0167296644598466,0.00419936218166164,0.001));
#4723=CARTESIAN_POINT('',(-0.0167296644598466,0.00419936218166164,0.002));
#4724=CARTESIAN_POINT('',(-0.0167296644598466,0.00419936218166164,0.002));
#4725=CARTESIAN_POINT('',(-0.0165636015768648,0.00487734615041798,0.002));
#4726=CARTESIAN_POINT('',(-0.0173286307914303,0.00320982351793667,0.002));
#4727=CARTESIAN_POINT('',(-0.0173286307914303,0.00320982351793667,0.001));
#4728=CARTESIAN_POINT('',(-0.0170467139136065,0.0034030027989977,0.002));
#4729=CARTESIAN_POINT('',(-0.0170467139136065,0.0034030027989977,0.001));
#4730=CARTESIAN_POINT('',(-0.0168470584697452,0.00373284902023935,0.002));
#4731=CARTESIAN_POINT('',(-0.0168470584697452,0.00373284902023935,0.001));
#4732=CARTESIAN_POINT('',(-0.0167296644598466,0.00419936218166164,0.002));
#4733=CARTESIAN_POINT('',(-0.0167296644598466,0.00419936218166164,0.001));
#4734=CARTESIAN_POINT('',(-0.0173286307914303,0.00320982351793667,0.001));
#4735=CARTESIAN_POINT('',(-0.0169057554746945,0.00349959243952821,0.001));
#4736=CARTESIAN_POINT('',(-0.0167296644598466,0.00419936218166164,0.001));
#4737=CARTESIAN_POINT('',(-0.0173286307914303,0.00320982351793667,0.001));
#4738=CARTESIAN_POINT('',(-0.0173286307914303,0.00320982351793667,0.002));
#4739=CARTESIAN_POINT('',(-0.0173286307914303,0.00320982351793667,0.002));
#4740=CARTESIAN_POINT('',(-0.0173286307914303,0.00320982351793667,0.002));
#4741=CARTESIAN_POINT('',(-0.0169057554746945,0.00349959243952821,0.002));
#4742=CARTESIAN_POINT('',(-0.0167296644598466,0.00419936218166164,0.002));
#4743=CARTESIAN_POINT('',(-0.0183741595027585,0.00307256501335999,0.002));
#4744=CARTESIAN_POINT('',(-0.0183741595027585,0.00307256501335999,0.001));
#4745=CARTESIAN_POINT('',(-0.0179590572396969,0.00297089140201675,0.002));
#4746=CARTESIAN_POINT('',(-0.0179590572396969,0.00297089140201675,0.001));
#4747=CARTESIAN_POINT('',(-0.0176105476692542,0.00301664423687565,0.002));
#4748=CARTESIAN_POINT('',(-0.0176105476692542,0.00301664423687565,0.001));
#4749=CARTESIAN_POINT('',(-0.0173286307914303,0.00320982351793667,0.002));
#4750=CARTESIAN_POINT('',(-0.0173286307914303,0.00320982351793667,0.001));
#4751=CARTESIAN_POINT('',(-0.0183741595027585,0.00307256501335999,0.001));
#4752=CARTESIAN_POINT('',(-0.0177515061081661,0.00292005459634513,0.001));
#4753=CARTESIAN_POINT('',(-0.0173286307914303,0.00320982351793667,0.001));
#4754=CARTESIAN_POINT('',(-0.0183741595027585,0.00307256501335999,0.001));
#4755=CARTESIAN_POINT('',(-0.0183741595027585,0.00307256501335999,0.002));
#4756=CARTESIAN_POINT('',(-0.0183741595027585,0.00307256501335999,0.002));
#4757=CARTESIAN_POINT('',(-0.0183741595027585,0.00307256501335999,0.002));
#4758=CARTESIAN_POINT('',(-0.0177515061081661,0.00292005459634513,0.002));
#4759=CARTESIAN_POINT('',(-0.0173286307914303,0.00320982351793667,0.002));
#4760=CARTESIAN_POINT('',(-0.0191913357455628,0.00368561759415633,0.002));
#4761=CARTESIAN_POINT('',(-0.0191913357455628,0.00368561759415633,0.001));
#4762=CARTESIAN_POINT('',(-0.0190272259339416,0.00337015683947811,0.002));
#4763=CARTESIAN_POINT('',(-0.0190272259339416,0.00337015683947811,0.001));
#4764=CARTESIAN_POINT('',(-0.0187548338530069,0.00316580597921266,0.002));
#4765=CARTESIAN_POINT('',(-0.0187548338530069,0.00316580597921266,0.001));
#4766=CARTESIAN_POINT('',(-0.0183741595027585,0.00307256501335999,0.002));
#4767=CARTESIAN_POINT('',(-0.0183741595027585,0.00307256501335999,0.001));
#4768=CARTESIAN_POINT('',(-0.0191913357455628,0.00368561759415633,0.001));
#4769=CARTESIAN_POINT('',(-0.018945171028131,0.00321242646213901,0.001));
#4770=CARTESIAN_POINT('',(-0.0183741595027585,0.00307256501335999,0.001));
#4771=CARTESIAN_POINT('',(-0.0191913357455628,0.00368561759415633,0.001));
#4772=CARTESIAN_POINT('',(-0.0191913357455628,0.00368561759415633,0.002));
#4773=CARTESIAN_POINT('',(-0.0191913357455628,0.00368561759415633,0.002));
#4774=CARTESIAN_POINT('',(-0.0191913357455628,0.00368561759415633,0.002));
#4775=CARTESIAN_POINT('',(-0.018945171028131,0.00321242646213901,0.002));
#4776=CARTESIAN_POINT('',(-0.0183741595027585,0.00307256501335999,0.002));
#4777=CARTESIAN_POINT('',(-0.0198588990894195,0.0055671839918717,0.002));
#4778=CARTESIAN_POINT('',(-0.0200520669043353,0.00477853887478734,0.002));
#4779=CARTESIAN_POINT('',(-0.0200520669043353,0.00477853887478734,0.002));
#4780=CARTESIAN_POINT('',(-0.0198588990894195,0.0055671839918717,0.002));
#4781=CARTESIAN_POINT('',(-0.0196657312745038,0.00635582910895605,0.002));
#4782=CARTESIAN_POINT('',(-0.0196657312745038,0.00635582910895605,0.002));
#4783=CARTESIAN_POINT('',(-0.0215885985169397,0.00438305638339126,0.002));
#4784=CARTESIAN_POINT('',(-0.0231251301295441,0.00398757389199519,0.002));
#4785=CARTESIAN_POINT('',(-0.0231251301295441,0.00398757389199519,0.002));
#4786=CARTESIAN_POINT('',(-0.0215885985169397,0.00438305638339126,0.002));
#4787=CARTESIAN_POINT('',(-0.0232415006373137,0.00351246869517356,0.002));
#4788=CARTESIAN_POINT('',(-0.0233578711450834,0.00303736349835192,0.002));
#4789=CARTESIAN_POINT('',(-0.0233578711450834,0.00303736349835192,0.002));
#4790=CARTESIAN_POINT('',(-0.0232415006373137,0.00351246869517356,0.002));
#4791=CARTESIAN_POINT('',(-0.023329836987507,0.00303049691559533,0.002));
#4792=CARTESIAN_POINT('',(-0.0233018028299305,0.00302363033283874,0.002));
#4793=CARTESIAN_POINT('',(-0.0233018028299305,0.00302363033283874,0.002));
#4794=CARTESIAN_POINT('',(-0.023329836987507,0.00303049691559533,0.002));
#4795=CARTESIAN_POINT('',(-0.0216840571655388,0.00346334462616044,0.002));
#4796=CARTESIAN_POINT('',(-0.020066311501147,0.00390305891948215,0.002));
#4797=CARTESIAN_POINT('',(-0.020066311501147,0.00390305891948215,0.002));
#4798=CARTESIAN_POINT('',(-0.0216840571655388,0.00346334462616044,0.002));
#4799=CARTESIAN_POINT('',(-0.0196017364682814,0.00278908852264734,0.002));
#4800=CARTESIAN_POINT('',(-0.0196017364682814,0.00278908852264734,0.001));
#4801=CARTESIAN_POINT('',(-0.0198567854497805,0.00309085154101562,0.002));
#4802=CARTESIAN_POINT('',(-0.0198567854497805,0.00309085154101562,0.001));
#4803=CARTESIAN_POINT('',(-0.0200116437940691,0.00346217500662722,0.002));
#4804=CARTESIAN_POINT('',(-0.0200116437940691,0.00346217500662722,0.001));
#4805=CARTESIAN_POINT('',(-0.020066311501147,0.00390305891948215,0.002));
#4806=CARTESIAN_POINT('',(-0.020066311501147,0.00390305891948215,0.001));
#4807=CARTESIAN_POINT('',(-0.0196017364682814,0.00278908852264734,0.002));
#4808=CARTESIAN_POINT('',(-0.0196017364682814,0.00278908852264734,0.002));
#4809=CARTESIAN_POINT('',(-0.0196017364682814,0.00278908852264734,0.002));
#4810=CARTESIAN_POINT('',(-0.0199843099405301,0.00324173305019976,0.002));
#4811=CARTESIAN_POINT('',(-0.020066311501147,0.00390305891948215,0.002));
#4812=CARTESIAN_POINT('',(-0.0185920831555072,0.0021828493808027,0.002));
#4813=CARTESIAN_POINT('',(-0.0185920831555072,0.0021828493808027,0.001));
#4814=CARTESIAN_POINT('',(-0.0190101363825241,0.00228524579033084,0.002));
#4815=CARTESIAN_POINT('',(-0.0190101363825241,0.00228524579033084,0.001));
#4816=CARTESIAN_POINT('',(-0.0193466874867822,0.00248732550427905,0.002));
#4817=CARTESIAN_POINT('',(-0.0193466874867822,0.00248732550427905,0.001));
#4818=CARTESIAN_POINT('',(-0.0196017364682814,0.00278908852264734,0.002));
#4819=CARTESIAN_POINT('',(-0.0196017364682814,0.00278908852264734,0.001));
#4820=CARTESIAN_POINT('',(-0.0185920831555072,0.0021828493808027,0.002));
#4821=CARTESIAN_POINT('',(-0.0185920831555072,0.0021828493808027,0.002));
#4822=CARTESIAN_POINT('',(-0.0185920831555072,0.0021828493808027,0.002));
#4823=CARTESIAN_POINT('',(-0.0192191629960326,0.00233644399509491,0.002));
#4824=CARTESIAN_POINT('',(-0.0196017364682814,0.00278908852264734,0.002));
#4825=CARTESIAN_POINT('',(-0.0169389477959485,0.00242543324436453,0.002));
#4826=CARTESIAN_POINT('',(-0.0169389477959485,0.00242543324436453,0.001));
#4827=CARTESIAN_POINT('',(-0.017382973073597,0.00210252667342294,0.002));
#4828=CARTESIAN_POINT('',(-0.017382973073597,0.00210252667342294,0.001));
#4829=CARTESIAN_POINT('',(-0.0179340181934498,0.002021665385569,0.002));
#4830=CARTESIAN_POINT('',(-0.0179340181934498,0.002021665385569,0.001));
#4831=CARTESIAN_POINT('',(-0.0185920831555072,0.0021828493808027,0.002));
#4832=CARTESIAN_POINT('',(-0.0185920831555072,0.0021828493808027,0.001));
#4833=CARTESIAN_POINT('',(-0.0169389477959485,0.00242543324436453,0.002));
#4834=CARTESIAN_POINT('',(-0.0169389477959485,0.00242543324436453,0.002));
#4835=CARTESIAN_POINT('',(-0.0169389477959485,0.00242543324436453,0.002));
#4836=CARTESIAN_POINT('',(-0.0176049857124212,0.00194107338795214,0.002));
#4837=CARTESIAN_POINT('',(-0.0185920831555072,0.0021828493808027,0.002));
#4838=CARTESIAN_POINT('',(-0.0159949939773801,0.00404443874163354,0.002));
#4839=CARTESIAN_POINT('',(-0.0159949939773801,0.00404443874163354,0.001));
#4840=CARTESIAN_POINT('',(-0.016180271245444,0.00328800831439579,0.002));
#4841=CARTESIAN_POINT('',(-0.016180271245444,0.00328800831439579,0.001));
#4842=CARTESIAN_POINT('',(-0.0164949225183001,0.00274833981530612,0.002));
#4843=CARTESIAN_POINT('',(-0.0164949225183001,0.00274833981530612,0.001));
#4844=CARTESIAN_POINT('',(-0.0169389477959485,0.00242543324436453,0.002));
#4845=CARTESIAN_POINT('',(-0.0169389477959485,0.00242543324436453,0.001));
#4846=CARTESIAN_POINT('',(-0.0159949939773801,0.00404443874163354,0.002));
#4847=CARTESIAN_POINT('',(-0.0159949939773801,0.00404443874163354,0.002));
#4848=CARTESIAN_POINT('',(-0.0159949939773801,0.00404443874163354,0.002));
#4849=CARTESIAN_POINT('',(-0.0162729098794759,0.00290979310077691,0.002));
#4850=CARTESIAN_POINT('',(-0.0169389477959485,0.00242543324436453,0.002));
#4851=CARTESIAN_POINT('',(-0.0157228604607636,0.00515547667084687,0.002));
#4852=CARTESIAN_POINT('',(-0.0154507269441471,0.00626651460006019,0.002));
#4853=CARTESIAN_POINT('',(-0.0154507269441471,0.00626651460006019,0.002));
#4854=CARTESIAN_POINT('',(-0.0157228604607636,0.00515547667084687,0.002));
#4855=CARTESIAN_POINT('',(-0.0188074484434303,0.00708869753538906,0.002));
#4856=CARTESIAN_POINT('',(-0.0221641699427136,0.00791088047071793,0.002));
#4857=CARTESIAN_POINT('',(-0.0221641699427136,0.00791088047071793,0.002));
#4858=CARTESIAN_POINT('',(-0.0188074484434303,0.00708869753538906,0.002));
#4859=CARTESIAN_POINT('',(-0.022273131769088,0.00746602265443929,0.002));
#4860=CARTESIAN_POINT('',(-0.0223820935954623,0.00702116483816065,0.002));
#4861=CARTESIAN_POINT('',(-0.0223820935954623,0.00702116483816065,0.002));
#4862=CARTESIAN_POINT('',(-0.022273131769088,0.00746602265443929,0.002));
#4863=CARTESIAN_POINT('',(-0.021023912434983,0.00668849697355835,0.002));
#4864=CARTESIAN_POINT('',(-0.021023912434983,0.00668849697355835,0.002));
#4865=CARTESIAN_POINT('',(-0.0192759550686684,0.00481834917020866,0.002));
#4866=CARTESIAN_POINT('',(-0.0192759550686684,0.00481834917020866,0.001));
#4867=CARTESIAN_POINT('',(-0.0193836519982192,0.00437865554085199,0.002));
#4868=CARTESIAN_POINT('',(-0.0193836519982192,0.00437865554085199,0.001));
#4869=CARTESIAN_POINT('',(-0.019355445557184,0.00400107834883455,0.002));
#4870=CARTESIAN_POINT('',(-0.019355445557184,0.00400107834883455,0.001));
#4871=CARTESIAN_POINT('',(-0.0191913357455628,0.00368561759415633,0.002));
#4872=CARTESIAN_POINT('',(-0.0191913357455628,0.00368561759415633,0.001));
#4873=CARTESIAN_POINT('',(-0.0192759550686684,0.00481834917020866,0.001));
#4874=CARTESIAN_POINT('',(-0.0194375004629945,0.00415880872617366,0.001));
#4875=CARTESIAN_POINT('',(-0.0191913357455628,0.00368561759415633,0.001));
#4876=CARTESIAN_POINT('',(-0.0192759550686684,0.00481834917020866,0.002));
#4877=CARTESIAN_POINT('',(-0.0194375004629945,0.00415880872617366,0.002));
#4878=CARTESIAN_POINT('',(-0.0191913357455628,0.00368561759415633,0.002));
#4879=CARTESIAN_POINT('',(-0.0117504925928472,0.0118301333556462,0.002));
#4880=CARTESIAN_POINT('',(0.,0.,0.001));
#4881=CARTESIAN_POINT('',(-0.00388693563225661,0.0192502535714687,0.002));
#4882=CARTESIAN_POINT('',(-0.00388693563225661,0.0192502535714687,0.001));
#4883=CARTESIAN_POINT('',(-0.00321729500961081,0.019408788402498,0.001));
#4884=CARTESIAN_POINT('',(-0.00455657625490241,0.0190917187404396,0.001));
#4885=CARTESIAN_POINT('',(-0.00321729500961081,0.019408788402498,0.002));
#4886=CARTESIAN_POINT('',(-0.00321729500961081,0.019408788402498,0.002));
#4887=CARTESIAN_POINT('',(-0.00388693563225661,0.0192502535714687,0.002));
#4888=CARTESIAN_POINT('',(-0.00455657625490241,0.0190917187404396,0.002));
#4889=CARTESIAN_POINT('',(-0.00455657625490241,0.0190917187404396,0.002));
#4890=CARTESIAN_POINT('',(-0.00296409423643279,0.0183392851122458,0.002));
#4891=CARTESIAN_POINT('',(-0.00296409423643279,0.0183392851122458,0.001));
#4892=CARTESIAN_POINT('',(-0.00271089346325477,0.0172697818219936,0.001));
#4893=CARTESIAN_POINT('',(-0.00271089346325477,0.0172697818219936,0.002));
#4894=CARTESIAN_POINT('',(-0.00271089346325477,0.0172697818219936,0.002));
#4895=CARTESIAN_POINT('',(-0.00296409423643279,0.0183392851122458,0.002));
#4896=CARTESIAN_POINT('',(-0.00336722996756985,0.0171143966895941,0.002));
#4897=CARTESIAN_POINT('',(-0.00336722996756985,0.0171143966895941,0.001));
#4898=CARTESIAN_POINT('',(-0.00402356647188494,0.0169590115571946,0.001));
#4899=CARTESIAN_POINT('',(-0.00402356647188494,0.0169590115571946,0.002));
#4900=CARTESIAN_POINT('',(-0.00402356647188494,0.0169590115571946,0.002));
#4901=CARTESIAN_POINT('',(-0.00336722996756985,0.0171143966895941,0.002));
#4902=CARTESIAN_POINT('',(-0.00506682641812279,0.016977408854766,0.002));
#4903=CARTESIAN_POINT('',(-0.00506682641812279,0.016977408854766,0.001));
#4904=CARTESIAN_POINT('',(-0.00481183392758111,0.0168608539684232,0.002));
#4905=CARTESIAN_POINT('',(-0.00481183392758111,0.0168608539684232,0.001));
#4906=CARTESIAN_POINT('',(-0.00446408061216849,0.0168547215358994,0.002));
#4907=CARTESIAN_POINT('',(-0.00446408061216849,0.0168547215358994,0.001));
#4908=CARTESIAN_POINT('',(-0.00402356647188494,0.0169590115571946,0.002));
#4909=CARTESIAN_POINT('',(-0.00402356647188494,0.0169590115571946,0.001));
#4910=CARTESIAN_POINT('',(-0.00506682641812279,0.016977408854766,0.001));
#4911=CARTESIAN_POINT('',(-0.00468433768231027,0.0168025765252519,0.001));
#4912=CARTESIAN_POINT('',(-0.00402356647188494,0.0169590115571946,0.001));
#4913=CARTESIAN_POINT('',(-0.00506682641812279,0.016977408854766,0.001));
#4914=CARTESIAN_POINT('',(-0.00506682641812279,0.016977408854766,0.002));
#4915=CARTESIAN_POINT('',(-0.00506682641812279,0.016977408854766,0.002));
#4916=CARTESIAN_POINT('',(-0.00506682641812279,0.016977408854766,0.002));
#4917=CARTESIAN_POINT('',(-0.00468433768231027,0.0168025765252519,0.002));
#4918=CARTESIAN_POINT('',(-0.00402356647188494,0.0169590115571946,0.002));
#4919=CARTESIAN_POINT('',(-0.00558055259684031,0.0177065794480597,0.002));
#4920=CARTESIAN_POINT('',(-0.00558055259684031,0.0177065794480597,0.001));
#4921=CARTESIAN_POINT('',(-0.00549306096823698,0.01733702060554,0.002));
#4922=CARTESIAN_POINT('',(-0.00549306096823698,0.01733702060554,0.001));
#4923=CARTESIAN_POINT('',(-0.00532181890866448,0.0170939637411088,0.002));
#4924=CARTESIAN_POINT('',(-0.00532181890866448,0.0170939637411088,0.001));
#4925=CARTESIAN_POINT('',(-0.00506682641812279,0.016977408854766,0.002));
#4926=CARTESIAN_POINT('',(-0.00506682641812279,0.016977408854766,0.001));
#4927=CARTESIAN_POINT('',(-0.00558055259684031,0.0177065794480597,0.001));
#4928=CARTESIAN_POINT('',(-0.00544931515393532,0.0171522411842801,0.001));
#4929=CARTESIAN_POINT('',(-0.00506682641812279,0.016977408854766,0.001));
#4930=CARTESIAN_POINT('',(-0.00558055259684031,0.0177065794480597,0.001));
#4931=CARTESIAN_POINT('',(-0.00558055259684031,0.0177065794480597,0.002));
#4932=CARTESIAN_POINT('',(-0.00558055259684031,0.0177065794480597,0.002));
#4933=CARTESIAN_POINT('',(-0.00558055259684031,0.0177065794480597,0.002));
#4934=CARTESIAN_POINT('',(-0.00544931515393532,0.0171522411842801,0.002));
#4935=CARTESIAN_POINT('',(-0.00506682641812279,0.016977408854766,0.002));
#4936=CARTESIAN_POINT('',(-0.00541892113471278,0.0185800274684536,0.002));
#4937=CARTESIAN_POINT('',(-0.00541892113471278,0.0185800274684536,0.001));
#4938=CARTESIAN_POINT('',(-0.0056055345640456,0.0183308244915822,0.002));
#4939=CARTESIAN_POINT('',(-0.0056055345640456,0.0183308244915822,0.001));
#4940=CARTESIAN_POINT('',(-0.00565941171808811,0.0180396751514509,0.002));
#4941=CARTESIAN_POINT('',(-0.00565941171808811,0.0180396751514509,0.001));
#4942=CARTESIAN_POINT('',(-0.00558055259684031,0.0177065794480597,0.002));
#4943=CARTESIAN_POINT('',(-0.00558055259684031,0.0177065794480597,0.001));
#4944=CARTESIAN_POINT('',(-0.00541892113471278,0.0185800274684536,0.001));
#4945=CARTESIAN_POINT('',(-0.00569884127871201,0.0182062230031464,0.001));
#4946=CARTESIAN_POINT('',(-0.00558055259684031,0.0177065794480597,0.001));
#4947=CARTESIAN_POINT('',(-0.00541892113471278,0.0185800274684536,0.001));
#4948=CARTESIAN_POINT('',(-0.00541892113471278,0.0185800274684536,0.002));
#4949=CARTESIAN_POINT('',(-0.00541892113471278,0.0185800274684536,0.002));
#4950=CARTESIAN_POINT('',(-0.00541892113471278,0.0185800274684536,0.002));
#4951=CARTESIAN_POINT('',(-0.00569884127871201,0.0182062230031464,0.002));
#4952=CARTESIAN_POINT('',(-0.00558055259684031,0.0177065794480597,0.002));
#4953=CARTESIAN_POINT('',(-0.0036720764950909,0.0213297552659156,0.002));
#4954=CARTESIAN_POINT('',(-0.0036720764950909,0.0213297552659156,0.001));
#4955=CARTESIAN_POINT('',(-0.00338562890304362,0.020119819615506,0.001));
#4956=CARTESIAN_POINT('',(-0.00395852408713819,0.0225396909163254,0.001));
#4957=CARTESIAN_POINT('',(-0.00338562890304362,0.020119819615506,0.002));
#4958=CARTESIAN_POINT('',(-0.00338562890304362,0.020119819615506,0.002));
#4959=CARTESIAN_POINT('',(-0.0036720764950909,0.0213297552659156,0.002));
#4960=CARTESIAN_POINT('',(-0.00395852408713819,0.0225396909163254,0.002));
#4961=CARTESIAN_POINT('',(-0.00395852408713819,0.0225396909163254,0.002));
#4962=CARTESIAN_POINT('',(-0.00412474658808313,0.0199448363582994,0.002));
#4963=CARTESIAN_POINT('',(-0.00412474658808313,0.0199448363582994,0.001));
#4964=CARTESIAN_POINT('',(-0.00486386427312264,0.0197698531010927,0.001));
#4965=CARTESIAN_POINT('',(-0.00486386427312264,0.0197698531010927,0.002));
#4966=CARTESIAN_POINT('',(-0.00486386427312264,0.0197698531010927,0.002));
#4967=CARTESIAN_POINT('',(-0.00412474658808313,0.0199448363582994,0.002));
#4968=CARTESIAN_POINT('',(-0.00647307916882102,0.0206720925114122,0.002));
#4969=CARTESIAN_POINT('',(-0.00647307916882102,0.0206720925114122,0.001));
#4970=CARTESIAN_POINT('',(-0.00628129751892253,0.0198620195286088,0.002));
#4971=CARTESIAN_POINT('',(-0.00628129751892253,0.0198620195286088,0.001));
#4972=CARTESIAN_POINT('',(-0.00574489255368974,0.0195612730585024,0.002));
#4973=CARTESIAN_POINT('',(-0.00574489255368974,0.0195612730585024,0.001));
#4974=CARTESIAN_POINT('',(-0.00486386427312264,0.0197698531010927,0.002));
#4975=CARTESIAN_POINT('',(-0.00486386427312264,0.0197698531010927,0.001));
#4976=CARTESIAN_POINT('',(-0.00647307916882102,0.0206720925114122,0.001));
#4977=CARTESIAN_POINT('',(-0.00618540669397329,0.0194569830372072,0.001));
#4978=CARTESIAN_POINT('',(-0.00486386427312264,0.0197698531010927,0.001));
#4979=CARTESIAN_POINT('',(-0.00647307916882102,0.0206720925114122,0.001));
#4980=CARTESIAN_POINT('',(-0.00647307916882102,0.0206720925114122,0.002));
#4981=CARTESIAN_POINT('',(-0.00647307916882102,0.0206720925114122,0.002));
#4982=CARTESIAN_POINT('',(-0.00647307916882102,0.0206720925114122,0.002));
#4983=CARTESIAN_POINT('',(-0.00618540669397329,0.0194569830372072,0.002));
#4984=CARTESIAN_POINT('',(-0.00486386427312264,0.0197698531010927,0.002));
#4985=CARTESIAN_POINT('',(-0.00632462618488105,0.0216407691592074,0.002));
#4986=CARTESIAN_POINT('',(-0.00632462618488105,0.0216407691592074,0.001));
#4987=CARTESIAN_POINT('',(-0.00651248633550201,0.021370456511344,0.002));
#4988=CARTESIAN_POINT('',(-0.00651248633550201,0.021370456511344,0.001));
#4989=CARTESIAN_POINT('',(-0.006561970663482,0.0210475642954122,0.002));
#4990=CARTESIAN_POINT('',(-0.006561970663482,0.0210475642954122,0.001));
#4991=CARTESIAN_POINT('',(-0.00647307916882102,0.0206720925114122,0.002));
#4992=CARTESIAN_POINT('',(-0.00647307916882102,0.0206720925114122,0.001));
#4993=CARTESIAN_POINT('',(-0.00632462618488105,0.0216407691592074,0.001));
#4994=CARTESIAN_POINT('',(-0.00660641641081249,0.0212353001874123,0.001));
#4995=CARTESIAN_POINT('',(-0.00647307916882102,0.0206720925114122,0.001));
#4996=CARTESIAN_POINT('',(-0.00632462618488105,0.0216407691592074,0.001));
#4997=CARTESIAN_POINT('',(-0.00632462618488105,0.0216407691592074,0.002));
#4998=CARTESIAN_POINT('',(-0.00632462618488105,0.0216407691592074,0.002));
#4999=CARTESIAN_POINT('',(-0.00632462618488105,0.0216407691592074,0.002));
#5000=CARTESIAN_POINT('',(-0.00660641641081249,0.0212353001874123,0.002));
#5001=CARTESIAN_POINT('',(-0.00647307916882102,0.0206720925114122,0.002));
#5002=CARTESIAN_POINT('',(-0.0054234553388865,0.0221928741005418,0.002));
#5003=CARTESIAN_POINT('',(-0.0054234553388865,0.0221928741005418,0.001));
#5004=CARTESIAN_POINT('',(-0.00583637575226191,0.0220951167875157,0.002));
#5005=CARTESIAN_POINT('',(-0.00583637575226191,0.0220951167875157,0.001));
#5006=CARTESIAN_POINT('',(-0.00613676603426009,0.0219110818070709,0.002));
#5007=CARTESIAN_POINT('',(-0.00613676603426009,0.0219110818070709,0.001));
#5008=CARTESIAN_POINT('',(-0.00632462618488105,0.0216407691592074,0.002));
#5009=CARTESIAN_POINT('',(-0.00632462618488105,0.0216407691592074,0.001));
#5010=CARTESIAN_POINT('',(-0.0054234553388865,0.0221928741005418,0.001));
#5011=CARTESIAN_POINT('',(-0.00604283595894961,0.0220462381310026,0.001));
#5012=CARTESIAN_POINT('',(-0.00632462618488105,0.0216407691592074,0.001));
#5013=CARTESIAN_POINT('',(-0.0054234553388865,0.0221928741005418,0.001));
#5014=CARTESIAN_POINT('',(-0.0054234553388865,0.0221928741005418,0.002));
#5015=CARTESIAN_POINT('',(-0.0054234553388865,0.0221928741005418,0.002));
#5016=CARTESIAN_POINT('',(-0.0054234553388865,0.0221928741005418,0.002));
#5017=CARTESIAN_POINT('',(-0.00604283595894961,0.0220462381310026,0.002));
#5018=CARTESIAN_POINT('',(-0.00632462618488105,0.0216407691592074,0.002));
#5019=CARTESIAN_POINT('',(-0.00244724260337744,0.0201124989247524,0.002));
#5020=CARTESIAN_POINT('',(-0.0032434164236677,0.0234754843916821,0.002));
#5021=CARTESIAN_POINT('',(-0.0032434164236677,0.0234754843916821,0.002));
#5022=CARTESIAN_POINT('',(-0.00244724260337744,0.0201124989247524,0.002));
#5023=CARTESIAN_POINT('',(-0.00165106878308718,0.0167495134578226,0.002));
#5024=CARTESIAN_POINT('',(-0.00165106878308718,0.0167495134578226,0.002));
#5025=CARTESIAN_POINT('',(-0.00440974413066005,0.02319936081181,0.002));
#5026=CARTESIAN_POINT('',(-0.00557607183765241,0.0229232372319379,0.002));
#5027=CARTESIAN_POINT('',(-0.00557607183765241,0.0229232372319379,0.002));
#5028=CARTESIAN_POINT('',(-0.00440974413066005,0.02319936081181,0.002));
#5029=CARTESIAN_POINT('',(-0.00711216364283642,0.0220131924232385,0.002));
#5030=CARTESIAN_POINT('',(-0.00711216364283642,0.0220131924232385,0.001));
#5031=CARTESIAN_POINT('',(-0.00680258286825194,0.0224507384804051,0.002));
#5032=CARTESIAN_POINT('',(-0.00680258286825194,0.0224507384804051,0.001));
#5033=CARTESIAN_POINT('',(-0.00629055226652394,0.0227540867499715,0.002));
#5034=CARTESIAN_POINT('',(-0.00629055226652394,0.0227540867499715,0.001));
#5035=CARTESIAN_POINT('',(-0.00557607183765241,0.0229232372319379,0.002));
#5036=CARTESIAN_POINT('',(-0.00557607183765241,0.0229232372319379,0.001));
#5037=CARTESIAN_POINT('',(-0.00711216364283642,0.0220131924232385,0.002));
#5038=CARTESIAN_POINT('',(-0.00711216364283642,0.0220131924232385,0.002));
#5039=CARTESIAN_POINT('',(-0.00711216364283642,0.0220131924232385,0.002));
#5040=CARTESIAN_POINT('',(-0.0066477924809597,0.0226695115089883,0.002));
#5041=CARTESIAN_POINT('',(-0.00557607183765241,0.0229232372319379,0.002));
#5042=CARTESIAN_POINT('',(-0.00736200533137778,0.0204507150556304,0.002));
#5043=CARTESIAN_POINT('',(-0.00736200533137778,0.0204507150556304,0.001));
#5044=CARTESIAN_POINT('',(-0.00750502498026802,0.0210548205768693,0.002));
#5045=CARTESIAN_POINT('',(-0.00750502498026802,0.0210548205768693,0.001));
#5046=CARTESIAN_POINT('',(-0.0074217444174209,0.0215756463660721,0.002));
#5047=CARTESIAN_POINT('',(-0.0074217444174209,0.0215756463660721,0.001));
#5048=CARTESIAN_POINT('',(-0.00711216364283642,0.0220131924232385,0.002));
#5049=CARTESIAN_POINT('',(-0.00711216364283642,0.0220131924232385,0.001));
#5050=CARTESIAN_POINT('',(-0.00736200533137778,0.0204507150556304,0.002));
#5051=CARTESIAN_POINT('',(-0.00736200533137778,0.0204507150556304,0.002));
#5052=CARTESIAN_POINT('',(-0.00736200533137778,0.0204507150556304,0.002));
#5053=CARTESIAN_POINT('',(-0.00757653480471314,0.0213568733374888,0.002));
#5054=CARTESIAN_POINT('',(-0.00711216364283642,0.0220131924232385,0.002));
#5055=CARTESIAN_POINT('',(-0.0068045360337501,0.0195071037197304,0.002));
#5056=CARTESIAN_POINT('',(-0.0068045360337501,0.0195071037197304,0.001));
#5057=CARTESIAN_POINT('',(-0.00708285782832501,0.019741981844976,0.002));
#5058=CARTESIAN_POINT('',(-0.00708285782832501,0.019741981844976,0.001));
#5059=CARTESIAN_POINT('',(-0.00726868092753423,0.0200565189569426,0.002));
#5060=CARTESIAN_POINT('',(-0.00726868092753423,0.0200565189569426,0.001));
#5061=CARTESIAN_POINT('',(-0.00736200533137778,0.0204507150556304,0.002));
#5062=CARTESIAN_POINT('',(-0.00736200533137778,0.0204507150556304,0.001));
#5063=CARTESIAN_POINT('',(-0.0068045360337501,0.0195071037197304,0.002));
#5064=CARTESIAN_POINT('',(-0.0068045360337501,0.0195071037197304,0.002));
#5065=CARTESIAN_POINT('',(-0.0068045360337501,0.0195071037197304,0.002));
#5066=CARTESIAN_POINT('',(-0.00722201872561246,0.0198594209075988,0.002));
#5067=CARTESIAN_POINT('',(-0.00736200533137778,0.0204507150556304,0.002));
#5068=CARTESIAN_POINT('',(-0.00580553793934402,0.0191316659325623,0.002));
#5069=CARTESIAN_POINT('',(-0.00580553793934402,0.0191316659325623,0.001));
#5070=CARTESIAN_POINT('',(-0.00619321487437317,0.0191470796654288,0.002));
#5071=CARTESIAN_POINT('',(-0.00619321487437317,0.0191470796654288,0.001));
#5072=CARTESIAN_POINT('',(-0.0065262142391752,0.0192722255944848,0.002));
#5073=CARTESIAN_POINT('',(-0.0065262142391752,0.0192722255944848,0.001));
#5074=CARTESIAN_POINT('',(-0.0068045360337501,0.0195071037197304,0.002));
#5075=CARTESIAN_POINT('',(-0.0068045360337501,0.0195071037197304,0.001));
#5076=CARTESIAN_POINT('',(-0.00580553793934402,0.0191316659325623,0.002));
#5077=CARTESIAN_POINT('',(-0.00580553793934402,0.0191316659325623,0.002));
#5078=CARTESIAN_POINT('',(-0.00580553793934402,0.0191316659325623,0.002));
#5079=CARTESIAN_POINT('',(-0.00638705334188775,0.019154786531862,0.002));
#5080=CARTESIAN_POINT('',(-0.0068045360337501,0.0195071037197304,0.002));
#5081=CARTESIAN_POINT('',(-0.00640297391994321,0.0183977921514972,0.002));
#5082=CARTESIAN_POINT('',(-0.00640297391994321,0.0183977921514972,0.001));
#5083=CARTESIAN_POINT('',(-0.00628187803814598,0.018681959299806,0.002));
#5084=CARTESIAN_POINT('',(-0.00628187803814598,0.018681959299806,0.001));
#5085=CARTESIAN_POINT('',(-0.00608273271127959,0.0189265838934944,0.002));
#5086=CARTESIAN_POINT('',(-0.00608273271127959,0.0189265838934944,0.001));
#5087=CARTESIAN_POINT('',(-0.00580553793934402,0.0191316659325623,0.002));
#5088=CARTESIAN_POINT('',(-0.00580553793934402,0.0191316659325623,0.001));
#5089=CARTESIAN_POINT('',(-0.00640297391994321,0.0183977921514972,0.002));
#5090=CARTESIAN_POINT('',(-0.00640297391994321,0.0183977921514972,0.002));
#5091=CARTESIAN_POINT('',(-0.00640297391994321,0.0183977921514972,0.002));
#5092=CARTESIAN_POINT('',(-0.00622133009724737,0.0188240428739604,0.002));
#5093=CARTESIAN_POINT('',(-0.00580553793934402,0.0191316659325623,0.002));
#5094=CARTESIAN_POINT('',(-0.00511062802824314,0.0178472939684983,0.002));
#5095=CARTESIAN_POINT('',(-0.0064729784245412,0.0174999843459788,0.002));
#5096=CARTESIAN_POINT('',(-0.0064729784245412,0.0174999843459788,0.002));
#5097=CARTESIAN_POINT('',(-0.00511062802824314,0.0178472939684983,0.002));
#5098=CARTESIAN_POINT('',(-0.00560378785175824,0.0162914155938206,0.002));
#5099=CARTESIAN_POINT('',(-0.00560378785175824,0.0162914155938206,0.001));
#5100=CARTESIAN_POINT('',(-0.00604326162784823,0.0165058339472277,0.002));
#5101=CARTESIAN_POINT('',(-0.00604326162784823,0.0165058339472277,0.001));
#5102=CARTESIAN_POINT('',(-0.00633299181877588,0.0169086901979472,0.002));
#5103=CARTESIAN_POINT('',(-0.00633299181877588,0.0169086901979472,0.001));
#5104=CARTESIAN_POINT('',(-0.0064729784245412,0.0174999843459788,0.002));
#5105=CARTESIAN_POINT('',(-0.0064729784245412,0.0174999843459788,0.001));
#5106=CARTESIAN_POINT('',(-0.00560378785175824,0.0162914155938206,0.002));
#5107=CARTESIAN_POINT('',(-0.00560378785175824,0.0162914155938206,0.002));
#5108=CARTESIAN_POINT('',(-0.00560378785175824,0.0162914155938206,0.002));
#5109=CARTESIAN_POINT('',(-0.00626299851589322,0.0166130431239313,0.002));
#5110=CARTESIAN_POINT('',(-0.0064729784245412,0.0174999843459788,0.002));
#5111=CARTESIAN_POINT('',(-0.00385068301376477,0.0162287632843756,0.002));
#5112=CARTESIAN_POINT('',(-0.00385068301376477,0.0162287632843756,0.001));
#5113=CARTESIAN_POINT('',(-0.00457994579633709,0.016056113137265,0.002));
#5114=CARTESIAN_POINT('',(-0.00457994579633709,0.016056113137265,0.001));
#5115=CARTESIAN_POINT('',(-0.00516431407566825,0.0160769972404134,0.002));
#5116=CARTESIAN_POINT('',(-0.00516431407566825,0.0160769972404134,0.001));
#5117=CARTESIAN_POINT('',(-0.00560378785175824,0.0162914155938206,0.002));
#5118=CARTESIAN_POINT('',(-0.00560378785175824,0.0162914155938206,0.001));
#5119=CARTESIAN_POINT('',(-0.00385068301376477,0.0162287632843756,0.002));
#5120=CARTESIAN_POINT('',(-0.00385068301376477,0.0162287632843756,0.002));
#5121=CARTESIAN_POINT('',(-0.00385068301376477,0.0162287632843756,0.002));
#5122=CARTESIAN_POINT('',(-0.00494457718762325,0.0159697880637098,0.002));
#5123=CARTESIAN_POINT('',(-0.00560378785175824,0.0162914155938206,0.002));
#5124=CARTESIAN_POINT('',(-0.00469098971301235,0.0223662825084335,0.002));
#5125=CARTESIAN_POINT('',(-0.00469098971301235,0.0223662825084335,0.001));
#5126=CARTESIAN_POINT('',(-0.00469098971301235,0.0223662825084335,0.002));
#5127=CARTESIAN_POINT('',(-0.00275087589842598,0.0164891383710991,0.002));
#5128=CARTESIAN_POINT('',(-0.00275087589842598,0.0164891383710991,0.002));
#5129=CARTESIAN_POINT('',(-0.00455657625490241,0.0190917187404396,0.002));
#5130=CARTESIAN_POINT('',(-0.00455657625490241,0.0190917187404396,0.001));
#5131=CARTESIAN_POINT('',(-0.00494485941210984,0.0189997942026537,0.002));
#5132=CARTESIAN_POINT('',(-0.00494485941210984,0.0189997942026537,0.001));
#5133=CARTESIAN_POINT('',(-0.00523230770537996,0.018829230445325,0.002));
#5134=CARTESIAN_POINT('',(-0.00523230770537996,0.018829230445325,0.001));
#5135=CARTESIAN_POINT('',(-0.00541892113471278,0.0185800274684536,0.002));
#5136=CARTESIAN_POINT('',(-0.00541892113471278,0.0185800274684536,0.001));
#5137=CARTESIAN_POINT('',(-0.00455657625490241,0.0190917187404396,0.001));
#5138=CARTESIAN_POINT('',(-0.00513900099071355,0.0189538319337607,0.001));
#5139=CARTESIAN_POINT('',(-0.00541892113471278,0.0185800274684536,0.001));
#5140=CARTESIAN_POINT('',(-0.00455657625490241,0.0190917187404396,0.002));
#5141=CARTESIAN_POINT('',(-0.00513900099071355,0.0189538319337607,0.002));
#5142=CARTESIAN_POINT('',(-0.00541892113471278,0.0185800274684536,0.002));
#5143=CARTESIAN_POINT('',(-0.0117504925928472,0.0118301333556462,0.002));
#5144=CARTESIAN_POINT('',(0.,0.,0.001));
#5145=CARTESIAN_POINT('',(0.,0.,0.001));
#5146=CARTESIAN_POINT('',(-0.0116672618895782,0.0159806132548158,0.005));
#5147=CARTESIAN_POINT('',(-0.00986413959755216,0.0177837355468419,0.005));
#5148=CARTESIAN_POINT('',(-0.00986413959755216,0.0177837355468419,0.005));
#5149=CARTESIAN_POINT('',(-0.00986413959755216,0.0177837355468419,0.002));
#5150=CARTESIAN_POINT('',(-0.0116672618895782,0.0159806132548158,0.002));
#5151=CARTESIAN_POINT('',(-0.0134703841816034,0.0141774909627906,0.002));
#5152=CARTESIAN_POINT('',(-0.0134703841816034,0.0141774909627906,0.005));
#5153=CARTESIAN_POINT('',(-0.0134703841816034,0.0141774909627906,0.005));
#5154=CARTESIAN_POINT('',(-0.0116672618895782,0.0159806132548158,0.005));
#5155=CARTESIAN_POINT('',(-0.0152204734650401,0.0159275802462273,0.005));
#5156=CARTESIAN_POINT('',(-0.0152204734650401,0.0159275802462273,0.002));
#5157=CARTESIAN_POINT('',(-0.0169705627484769,0.0176776695296639,0.002));
#5158=CARTESIAN_POINT('',(-0.0169705627484769,0.0176776695296639,0.005));
#5159=CARTESIAN_POINT('',(-0.0169705627484769,0.0176776695296639,0.005));
#5160=CARTESIAN_POINT('',(-0.0152204734650401,0.0159275802462273,0.005));
#5161=CARTESIAN_POINT('',(-0.0173241161390704,0.0173241161390704,0.005));
#5162=CARTESIAN_POINT('',(-0.0173241161390704,0.0173241161390704,0.002));
#5163=CARTESIAN_POINT('',(-0.0176776695296639,0.0169705627484769,0.002));
#5164=CARTESIAN_POINT('',(-0.0176776695296639,0.0169705627484769,0.005));
#5165=CARTESIAN_POINT('',(-0.0176776695296639,0.0169705627484769,0.005));
#5166=CARTESIAN_POINT('',(-0.0173241161390704,0.0173241161390704,0.005));
#5167=CARTESIAN_POINT('',(-0.0159275802462272,0.0152204734650402,0.005));
#5168=CARTESIAN_POINT('',(-0.0141774909627908,0.0134703841816039,0.002));
#5169=CARTESIAN_POINT('',(-0.0141774909627901,0.0134703841816039,0.002));
#5170=CARTESIAN_POINT('',(-0.0141774909627901,0.0134703841816039,0.005));
#5171=CARTESIAN_POINT('',(-0.0141774909627901,0.0134703841816039,0.005));
#5172=CARTESIAN_POINT('',(-0.0159275802462272,0.0152204734650402,0.005));
#5173=CARTESIAN_POINT('',(-0.0159806132548162,0.0116672618895778,0.005));
#5174=CARTESIAN_POINT('',(-0.0159806132548162,0.0116672618895778,0.002));
#5175=CARTESIAN_POINT('',(-0.0177837355468417,0.00986413959755231,0.002));
#5176=CARTESIAN_POINT('',(-0.0177837355468417,0.00986413959755231,0.005));
#5177=CARTESIAN_POINT('',(-0.0177837355468417,0.00986413959755231,0.005));
#5178=CARTESIAN_POINT('',(-0.0159806132548162,0.0116672618895778,0.005));
#5179=CARTESIAN_POINT('',(-0.0324998133667148,0.0245802174174254,0.005));
#5180=CARTESIAN_POINT('',(-0.0472158911865871,0.0392962952372995,0.005));
#5181=CARTESIAN_POINT('',(-0.0472158911865871,0.0392962952372995,0.004));
#5182=CARTESIAN_POINT('',(-0.0472158911865871,0.0392962952372995,0.002));
#5183=CARTESIAN_POINT('',(-0.0465087844054015,0.0385891884561121,0.004));
#5184=CARTESIAN_POINT('',(-0.0465087844054015,0.0385891884561121,0.005));
#5185=CARTESIAN_POINT('',(-0.0324998133667148,0.0245802174174254,0.005));
#5186=CARTESIAN_POINT('',(-0.0324998133667148,0.0245802174174254,0.002));
#5187=CARTESIAN_POINT('',(-0.0475694445771809,0.0389427418467057,0.005));
#5188=CARTESIAN_POINT('',(-0.0472158911865871,0.0392962952372995,0.004));
#5189=CARTESIAN_POINT('',(-0.0465087844054015,0.0400034020184852,0.002));
#5190=CARTESIAN_POINT('',(-0.0371802052229362,0.0458069079534114,0.005));
#5191=CARTESIAN_POINT('',(-0.0375337586135292,0.0454533545628186,0.005));
#5192=CARTESIAN_POINT('',(-0.0375337586135292,0.0454533545628186,0.004));
#5193=CARTESIAN_POINT('',(-0.0375337586135292,0.0454533545628186,0.002));
#5194=CARTESIAN_POINT('',(-0.0371802052229362,0.0458069079534114,0.004));
#5195=CARTESIAN_POINT('',(-0.0382408653947157,0.044746247781632,0.002));
#5196=CARTESIAN_POINT('',(-0.0236989491055407,0.0316185450548301,0.005));
#5197=CARTESIAN_POINT('',(-0.0236989491055407,0.0316185450548301,0.005));
#5198=CARTESIAN_POINT('',(-0.0368266518323426,0.044746247781632,0.005));
#5199=CARTESIAN_POINT('',(-0.0368266518323426,0.044746247781632,0.004));
#5200=CARTESIAN_POINT('',(-0.00986413959755229,0.0177837355468417,0.002));
#5201=CARTESIAN_POINT('',(0.,0.,0.005));
#5202=CARTESIAN_POINT('',(-0.0472158911865882,0.0378820816749253,0.005));
#5203=CARTESIAN_POINT('',(-0.011436470294934,0.0114364702949337,0.005));
#5204=CARTESIAN_POINT('',(-0.0407864498069873,0.0407864498069873,0.005));
#5205=CARTESIAN_POINT('',(-0.0674294371647839,-5.42101086242752E-18,0.004));
#5206=CARTESIAN_POINT('',(-0.0674294371647839,-5.42101086242752E-18,0.004));
#5207=CARTESIAN_POINT('',(0.,0.,0.004));
#5208=CARTESIAN_POINT('',(0.0674294371647839,-6.07153216591882E-18,0.004));
#5209=CARTESIAN_POINT('',(0.0674294371647839,-6.07153216591882E-18,0.004));
#5210=CARTESIAN_POINT('',(0.,0.,0.004));
#5211=CARTESIAN_POINT('',(0.,0.0547622796688934,0.004));
#5212=CARTESIAN_POINT('',(0.,0.0547622796688934,0.004));
#5213=CARTESIAN_POINT('',(0.,0.,0.004));
#5214=CARTESIAN_POINT('',(-0.0512163125322934,0.044245446990432,0.003));
#5215=CARTESIAN_POINT('',(-0.0523675826051734,0.0433310046273537,0.003));
#5216=CARTESIAN_POINT('',(-0.0534892172482186,0.0423812703182408,0.003));
#5217=CARTESIAN_POINT('',(-0.0570293970382916,0.0391778681474923,0.003));
#5218=CARTESIAN_POINT('',(-0.0593121742092954,0.0367850232301252,0.003));
#5219=CARTESIAN_POINT('',(-0.0634857333890892,0.0316486271524858,0.003));
#5220=CARTESIAN_POINT('',(-0.0653855071712154,0.0288802410622932,0.003));
#5221=CARTESIAN_POINT('',(-0.0686242188187525,0.0231521649427916,0.003));
#5222=CARTESIAN_POINT('',(-0.0699919116767829,0.0201644575745494,0.003));
#5223=CARTESIAN_POINT('',(-0.0716312898360963,0.0154720087022829,0.003));
#5224=CARTESIAN_POINT('',(-0.0721059499819014,0.0138769253056067,0.003));
#5225=CARTESIAN_POINT('',(-0.0728939877696278,0.0106830345072188,0.003));
#5226=CARTESIAN_POINT('',(-0.073211607427447,0.00907257772954847,0.003));
#5227=CARTESIAN_POINT('',(-0.0739288477252611,0.00422057778692946,0.003));
#5228=CARTESIAN_POINT('',(-0.0740996407670406,0.000935810345849297,0.003));
#5229=CARTESIAN_POINT('',(-0.0737889400183723,-0.00569215047260636,0.003));
#5230=CARTESIAN_POINT('',(-0.0733139230246518,-0.00893354427407088,0.003));
#5231=CARTESIAN_POINT('',(-0.0717675319261152,-0.0152938175222518,0.003));
#5232=CARTESIAN_POINT('',(-0.070682948781758,-0.0184342075402026,0.003));
#5233=CARTESIAN_POINT('',(-0.0679447259822618,-0.0245007947627536,0.003));
#5234=CARTESIAN_POINT('',(-0.0663045289160291,-0.0273988950532681,0.003));
#5235=CARTESIAN_POINT('',(-0.0626029486211745,-0.0328331697854616,0.003));
#5236=CARTESIAN_POINT('',(-0.0605312369283901,-0.0353937996298012,0.003));
#5237=CARTESIAN_POINT('',(-0.0559704790267495,-0.0402174558369408,0.003));
#5238=CARTESIAN_POINT('',(-0.0534815108548631,-0.0424711908914012,0.003));
#5239=CARTESIAN_POINT('',(-0.0482846951261011,-0.0465463023185489,0.003));
#5240=CARTESIAN_POINT('',(-0.0455439448669899,-0.0484009807333716,0.003));
#5241=CARTESIAN_POINT('',(-0.0398327269137586,-0.0517431608898674,0.003));
#5242=CARTESIAN_POINT('',(-0.036830487327867,-0.0532454513714739,0.003));
#5243=CARTESIAN_POINT('',(-0.0306814920079751,-0.0558558890441465,0.003));
#5244=CARTESIAN_POINT('',(-0.0275605416975716,-0.0569579890529673,0.003));
#5245=CARTESIAN_POINT('',(-0.0212108929111965,-0.0587939132382411,0.003));
#5246=CARTESIAN_POINT('',(-0.0179834186184877,-0.0595262153310011,0.003));
#5247=CARTESIAN_POINT('',(-0.0135343196175214,-0.0602743561585627,0.003));
#5248=CARTESIAN_POINT('',(-0.0123470109321451,-0.0604489993785484,0.003));
#5249=CARTESIAN_POINT('',(-0.0111537583295193,-0.0605996708206104,0.003));
#5250=CARTESIAN_POINT('',(-0.0524602778600617,0.0458115058310661,0.001));
#5251=CARTESIAN_POINT('',(-0.053644456796837,0.0448709241695103,0.001));
#5252=CARTESIAN_POINT('',(-0.0547987347836165,0.0438935764438197,0.001));
#5253=CARTESIAN_POINT('',(-0.0584438670025751,0.0405952089964502,0.001));
#5254=CARTESIAN_POINT('',(-0.0607973919652828,0.0381286717483132,0.001));
#5255=CARTESIAN_POINT('',(-0.0651055461045014,0.0328266419289668,0.001));
#5256=CARTESIAN_POINT('',(-0.0670695301309741,0.0299653384663362,0.001));
#5257=CARTESIAN_POINT('',(-0.0704215447127,0.0240368924443679,0.001));
#5258=CARTESIAN_POINT('',(-0.0718392027262872,0.02094085477024,0.001));
#5259=CARTESIAN_POINT('',(-0.0735398804999789,0.0160729704411817,0.001));
#5260=CARTESIAN_POINT('',(-0.0740325717054645,0.014417411969909,0.001));
#5261=CARTESIAN_POINT('',(-0.0748508130950805,0.011101108752557,0.001));
#5262=CARTESIAN_POINT('',(-0.0751807590350265,0.00942828261762677,0.001));
#5263=CARTESIAN_POINT('',(-0.0759259668236296,0.00438709850920531,0.001));
#5264=CARTESIAN_POINT('',(-0.0761035619098778,0.000972575827148278,0.001));
#5265=CARTESIAN_POINT('',(-0.0757806327937584,-0.00591618425474644,0.001));
#5266=CARTESIAN_POINT('',(-0.0752868702744361,-0.00928447057151729,0.001));
#5267=CARTESIAN_POINT('',(-0.0736811570981036,-0.0158887003019009,0.001));
#5268=CARTESIAN_POINT('',(-0.0725555710444569,-0.0191468894989946,0.001));
#5269=CARTESIAN_POINT('',(-0.0697179589350029,-0.0254336339214345,0.001));
#5270=CARTESIAN_POINT('',(-0.0680199759365621,-0.0284330948626331,0.001));
#5271=CARTESIAN_POINT('',(-0.0641938021036189,-0.0340502755937352,0.001));
#5272=CARTESIAN_POINT('',(-0.0620549034685086,-0.0366933970232812,0.001));
#5273=CARTESIAN_POINT('',(-0.0573529063903452,-0.0416664250194774,0.001));
#5274=CARTESIAN_POINT('',(-0.0547899698865444,-0.0439867302497643,0.001));
#5275=CARTESIAN_POINT('',(-0.0494451333861673,-0.048177911854471,0.001));
#5276=CARTESIAN_POINT('',(-0.0466292981450481,-0.0500831226875171,0.001));
#5277=CARTESIAN_POINT('',(-0.0407672026494852,-0.0535135963432644,0.001));
#5278=CARTESIAN_POINT('',(-0.0376883546880072,-0.0550540250644623,0.001));
#5279=CARTESIAN_POINT('',(-0.0313870259275163,-0.0577291323534941,0.001));
#5280=CARTESIAN_POINT('',(-0.0281909249221488,-0.0588576434654568,0.001));
#5281=CARTESIAN_POINT('',(-0.021691527523981,-0.0607368672321683,0.001));
#5282=CARTESIAN_POINT('',(-0.0183894896727302,-0.0614860112894764,0.001));
#5283=CARTESIAN_POINT('',(-0.0138388971677685,-0.0622512189623291,0.001));
#5284=CARTESIAN_POINT('',(-0.0126246267816821,-0.0624298273661689,0.001));
#5285=CARTESIAN_POINT('',(-0.0114043709187901,-0.0625839088794067,0.001));
#5286=CARTESIAN_POINT('',(-0.0532288169162008,0.0438950074051069,0.00200002836361539));
#5287=CARTESIAN_POINT('',(-0.0533862620284473,0.0440524436213861,0.00177825132003084));
#5288=CARTESIAN_POINT('',(-0.0536111650050714,0.0444516139987409,0.00132824201285537));
#5289=CARTESIAN_POINT('',(-0.0534103806377342,0.0450445446372124,0.001));
#5290=CARTESIAN_POINT('',(-0.0531645108373393,0.0452449148880496,0.001));
#5291=CARTESIAN_POINT('',(0.0105451430699012,-0.0606744220464921,0.003));
#5292=CARTESIAN_POINT('',(0.0125731530229893,-0.060432488340331,0.003));
#5293=CARTESIAN_POINT('',(0.0146007959752646,-0.0601193839924197,0.003));
#5294=CARTESIAN_POINT('',(0.0221733690292742,-0.0586738055466141,0.003));
#5295=CARTESIAN_POINT('',(0.0275602107270944,-0.0570936258027267,0.003));
#5296=CARTESIAN_POINT('',(0.035403042666204,-0.0538841948733191,0.003));
#5297=CARTESIAN_POINT('',(0.0379805203562808,-0.0526675793046124,0.003));
#5298=CARTESIAN_POINT('',(0.0429390645575392,-0.0499845826150175,0.003));
#5299=CARTESIAN_POINT('',(0.0453345097756202,-0.048513839072347,0.003));
#5300=CARTESIAN_POINT('',(0.0499395607099355,-0.0453047263946683,0.003));
#5301=CARTESIAN_POINT('',(0.0521507150305904,-0.0435662481642603,0.003));
#5302=CARTESIAN_POINT('',(0.0563729164008021,-0.0397943921663547,0.003));
#5303=CARTESIAN_POINT('',(0.0583452759422218,-0.037795277724643,0.003));
#5304=CARTESIAN_POINT('',(0.0620014520846423,-0.0335639546204499,0.003));
#5305=CARTESIAN_POINT('',(0.0636830087870939,-0.0313355588327064,0.003));
#5306=CARTESIAN_POINT('',(0.0667434190734916,-0.0266091796061549,0.003));
#5307=CARTESIAN_POINT('',(0.0680988646149683,-0.0241406578850239,0.003));
#5308=CARTESIAN_POINT('',(0.0704011990266633,-0.0190760284581396,0.003));
#5309=CARTESIAN_POINT('',(0.0713578804092754,-0.0164674187084656,0.003));
#5310=CARTESIAN_POINT('',(0.0728605947515059,-0.0110695460398346,0.003));
#5311=CARTESIAN_POINT('',(0.0733942359279316,-0.00830438460855945,0.003));
#5312=CARTESIAN_POINT('',(0.0739974906354216,-0.00279956146662101,0.003));
#5313=CARTESIAN_POINT('',(0.0740756633508189,-2.95792397139476E-5,0.003));
#5314=CARTESIAN_POINT('',(0.0737750133959652,0.00553548482451896,0.003));
#5315=CARTESIAN_POINT('',(0.0733881832956007,0.00833946819026903,0.003));
#5316=CARTESIAN_POINT('',(0.0721883995122313,0.0137560175080861,0.003));
#5317=CARTESIAN_POINT('',(0.0713726682435367,0.0164147366312143,0.003));
#5318=CARTESIAN_POINT('',(0.0693332923913051,0.0215990104973815,0.003));
#5319=CARTESIAN_POINT('',(0.0680903532846136,0.0241543792048607,0.003));
#5320=CARTESIAN_POINT('',(0.0652943480591908,0.0289686513610848,0.003));
#5321=CARTESIAN_POINT('',(0.0637299118979711,0.0312637758857429,0.003));
#5322=CARTESIAN_POINT('',(0.0602993507420324,0.0356286989133998,0.003));
#5323=CARTESIAN_POINT('',(0.0584356663479703,0.0376979368059079,0.003));
#5324=CARTESIAN_POINT('',(0.0543981720561747,0.0416385937858344,0.003));
#5325=CARTESIAN_POINT('',(0.0522549483778149,0.0434762288287737,0.003));
#5326=CARTESIAN_POINT('',(0.0478173006161797,0.0468494786597062,0.003));
#5327=CARTESIAN_POINT('',(0.045507958398231,0.0483993287430123,0.003));
#5328=CARTESIAN_POINT('',(0.0407292761042467,0.0512375439045024,0.003));
#5329=CARTESIAN_POINT('',(0.0382557610915282,0.0525279161716933,0.003));
#5330=CARTESIAN_POINT('',(0.033162274028437,0.0548532628430048,0.003));
#5331=CARTESIAN_POINT('',(0.0305160074318888,0.0558965705492,0.003));
#5332=CARTESIAN_POINT('',(0.0251630859478769,0.0576965451372139,0.003));
#5333=CARTESIAN_POINT('',(0.0224624102954407,0.0584547088445611,0.003));
#5334=CARTESIAN_POINT('',(0.0170061101416858,0.0597053755490446,0.003));
#5335=CARTESIAN_POINT('',(0.0142521899978177,0.0601974492882923,0.003));
#5336=CARTESIAN_POINT('',(0.00869451228774763,0.0609199935091083,0.003));
#5337=CARTESIAN_POINT('',(0.00589397092424324,0.0611502754405729,0.003));
#5338=CARTESIAN_POINT('',(0.000229956510073598,0.0613447260516351,0.003));
#5339=CARTESIAN_POINT('',(-0.00260696647417172,0.0613064363444828,0.003));
#5340=CARTESIAN_POINT('',(-0.00822220459342159,0.0609649315942915,0.003));
#5341=CARTESIAN_POINT('',(-0.0110141632095158,0.0606622441557575,0.003));
#5342=CARTESIAN_POINT('',(-0.0165583076158774,0.0597913749735637,0.003));
#5343=CARTESIAN_POINT('',(-0.0193110374732824,0.059223263508535,0.003));
#5344=CARTESIAN_POINT('',(-0.0247796793388215,0.0578099466911305,0.003));
#5345=CARTESIAN_POINT('',(-0.0274966838094543,0.0569616282030868,0.003));
#5346=CARTESIAN_POINT('',(-0.0327727589074115,0.0550123160308778,0.003));
#5347=CARTESIAN_POINT('',(-0.0353559715623967,0.0539048829373995,0.003));
#5348=CARTESIAN_POINT('',(-0.0399809483618661,0.0516233453445403,0.003));
#5349=CARTESIAN_POINT('',(-0.0420488398419733,0.0504852949193357,0.003));
#5350=CARTESIAN_POINT('',(-0.0440698295648849,0.0492440001490755,0.003));
#5351=CARTESIAN_POINT('',(0.0107819902011101,-0.0626603500420611,0.001));
#5352=CARTESIAN_POINT('',(0.0128558427120277,-0.0624129488653,0.001));
#5353=CARTESIAN_POINT('',(0.0149295745640914,-0.0620927368802977,0.001));
#5354=CARTESIAN_POINT('',(0.0226757865543522,-0.060614010643858,0.001));
#5355=CARTESIAN_POINT('',(0.0281892645908662,-0.0589971908567167,0.001));
#5356=CARTESIAN_POINT('',(0.0362252286642155,-0.0557087199148414,0.001));
#5357=CARTESIAN_POINT('',(0.0388677390385882,-0.0544615218717553,0.001));
#5358=CARTESIAN_POINT('',(0.043954981052472,-0.0517088891148333,0.001));
#5359=CARTESIAN_POINT('',(0.0464144406248211,-0.0501989949063409,0.001));
#5360=CARTESIAN_POINT('',(0.0511465507778131,-0.0469013372676532,0.001));
#5361=CARTESIAN_POINT('',(0.0534207933219089,-0.0451134674741446,0.001));
#5362=CARTESIAN_POINT('',(0.0577677162186759,-0.0412301955957658,0.001));
#5363=CARTESIAN_POINT('',(0.0598005725672919,-0.039170045830988,0.001));
#5364=CARTESIAN_POINT('',(0.0635727700162792,-0.0348044502341022,0.001));
#5365=CARTESIAN_POINT('',(0.0653097793765979,-0.0325029343855011,0.001));
#5366=CARTESIAN_POINT('',(0.0684743649509165,-0.027615680804172,0.001));
#5367=CARTESIAN_POINT('',(0.0698777419501035,-0.0250603326740912,0.001));
#5368=CARTESIAN_POINT('',(0.0722635482474353,-0.0198120919239183,0.001));
#5369=CARTESIAN_POINT('',(0.0732560800343442,-0.0171062777616392,0.001));
#5370=CARTESIAN_POINT('',(0.0748159955309615,-0.0115029574386718,0.001));
#5371=CARTESIAN_POINT('',(0.07537047600684,-0.0086304488883925,0.001));
#5372=CARTESIAN_POINT('',(0.0759973603955059,-0.00291001814650256,0.001));
#5373=CARTESIAN_POINT('',(0.0760786384256582,-3.06491818984479E-5,0.001));
#5374=CARTESIAN_POINT('',(0.0757661611561227,0.00575330987959022,0.001));
#5375=CARTESIAN_POINT('',(0.0753640976773461,0.0086670670425096,0.001));
#5376=CARTESIAN_POINT('',(0.0741180897994241,0.0142922775389818,0.001));
#5377=CARTESIAN_POINT('',(0.0732712926193177,0.0170516852791231,0.001));
#5378=CARTESIAN_POINT('',(0.071156599305323,0.0224274039508338,0.001));
#5379=CARTESIAN_POINT('',(0.0698687818233954,0.0250745431203304,0.001));
#5380=CARTESIAN_POINT('',(0.0669754597877215,0.0300563672076649,0.001));
#5381=CARTESIAN_POINT('',(0.0653581543292166,0.0324286685287689,0.001));
#5382=CARTESIAN_POINT('',(0.0618160196416162,0.0369355531670497,0.001));
#5383=CARTESIAN_POINT('',(0.0598936933479776,0.039069595956359,0.001));
#5384=CARTESIAN_POINT('',(0.055733926589178,0.043129588080321,0.001));
#5385=CARTESIAN_POINT('',(0.0535280356581773,0.0450207240587184,0.001));
#5386=CARTESIAN_POINT('',(0.048965062882186,0.0484892396182382,0.001));
#5387=CARTESIAN_POINT('',(0.0465926010529628,0.0500812842722994,0.001));
#5388=CARTESIAN_POINT('',(0.0416872356413394,0.0529947418009814,0.001));
#5389=CARTESIAN_POINT('',(0.0391500435621276,0.0543182121135362,0.001));
#5390=CARTESIAN_POINT('',(0.0339287677773694,0.0567018983856286,0.001));
#5391=CARTESIAN_POINT('',(0.0312177605431815,0.0577706426141749,0.001));
#5392=CARTESIAN_POINT('',(0.0257365490040817,0.0596137556686908,0.001));
#5393=CARTESIAN_POINT('',(0.0229724294866193,0.0603896714713524,0.001));
#5394=CARTESIAN_POINT('',(0.0173897639212572,0.0616693036133803,0.001));
#5395=CARTESIAN_POINT('',(0.0145729617613991,0.0621725775425652,0.001));
#5396=CARTESIAN_POINT('',(0.00888943384240438,0.062911483512436,0.001));
#5397=CARTESIAN_POINT('',(0.00602599787837576,0.0631469211237108,0.001));
#5398=CARTESIAN_POINT('',(0.000235072592073534,0.0633457286506308,0.001));
#5399=CARTESIAN_POINT('',(-0.00266527582279793,0.0633065854677306,0.001));
#5400=CARTESIAN_POINT('',(-0.00840654918938533,0.0629574155700375,0.001));
#5401=CARTESIAN_POINT('',(-0.0112614215800928,0.0626479287105566,0.001));
#5402=CARTESIAN_POINT('',(-0.0169317476515012,0.0617572386581949,0.001));
#5403=CARTESIAN_POINT('',(-0.0197477570135066,0.0611761094114495,0.001));
#5404=CARTESIAN_POINT('',(-0.0253441286227272,0.0597297821571897,0.001));
#5405=CARTESIAN_POINT('',(-0.0281256347050833,0.0588613919123681,0.001));
#5406=CARTESIAN_POINT('',(-0.0335296969357049,0.0568647932374432,0.001));
#5407=CARTESIAN_POINT('',(-0.0361769670104147,0.0557299958009466,0.001));
#5408=CARTESIAN_POINT('',(-0.0409196919094191,0.0533903686415983,0.001));
#5409=CARTESIAN_POINT('',(-0.0430414511484948,0.0522227566723026,0.001));
#5410=CARTESIAN_POINT('',(-0.0451164482919651,0.0509482880192471,0.001));
#5411=CARTESIAN_POINT('',(-0.0438121751936458,0.0517317711429347,0.001));
#5412=CARTESIAN_POINT('',(-0.0435105920198872,0.051908919974156,0.000999999999999999));
#5413=CARTESIAN_POINT('',(-0.0428312498504407,0.0519421726918989,0.00131049401513497));
#5414=CARTESIAN_POINT('',(-0.0423587580787377,0.0516926559216945,0.00175999547135129));
#5415=CARTESIAN_POINT('',(-0.042182477126267,0.0515162865900909,0.00200026010271153));
#5416=CARTESIAN_POINT('',(0.013697472588949,-0.074,0.0005));
#5417=CARTESIAN_POINT('',(-0.013697472588949,-0.074,0.0005));
#5418=CARTESIAN_POINT('',(0.0131492901390365,-0.0603973080892731,0.012));
#5419=CARTESIAN_POINT('',(0.0121522504677104,-0.0604741969298281,0.012));
#5420=CARTESIAN_POINT('',(0.0121522504677104,-0.0604741969298281,0.011));
#5421=CARTESIAN_POINT('',(0.0131215995936598,-0.0600382368368579,0.012));
#5422=CARTESIAN_POINT('',(0.012124718150868,-0.0601171774722667,0.0119999999999965));
#5423=CARTESIAN_POINT('',(0.0121247181508575,-0.0601171774722871,0.011));
#5424=CARTESIAN_POINT('',(0.0130927901443965,-0.0596791202060492,0.012));
#5425=CARTESIAN_POINT('',(0.0120960748113051,-0.0597601322353996,0.0120000000000088));
#5426=CARTESIAN_POINT('',(0.0120960748113081,-0.0597601322353499,0.011));
#5427=CARTESIAN_POINT('',(0.0130628639464397,-0.0593202577365262,0.012));
#5428=CARTESIAN_POINT('',(0.012066323014215,-0.0594033611083039,0.012));
#5429=CARTESIAN_POINT('',(0.012066323014215,-0.0594033611083039,0.011));
#5430=CARTESIAN_POINT('',(-0.013062863929648,-0.0593202575351674,0.012));
#5431=CARTESIAN_POINT('',(-0.0120663229975212,-0.0594033609081186,0.012));
#5432=CARTESIAN_POINT('',(-0.0120663229975212,-0.0594033609081186,0.011));
#5433=CARTESIAN_POINT('',(-0.0130927910779862,-0.0596791313961622,0.012));
#5434=CARTESIAN_POINT('',(-0.0120960757394584,-0.0597601433603145,0.0120000000000124));
#5435=CARTESIAN_POINT('',(-0.0120960757394561,-0.05976014336024,0.011));
#5436=CARTESIAN_POINT('',(-0.013121600371057,-0.0600382469224885,0.012));
#5437=CARTESIAN_POINT('',(-0.0121247189238262,-0.0601171875002998,0.012));
#5438=CARTESIAN_POINT('',(-0.0121247189238151,-0.0601171875002978,0.011));
#5439=CARTESIAN_POINT('',(-0.0131492901250317,-0.0603973079076692,0.012));
#5440=CARTESIAN_POINT('',(-0.0121522504537856,-0.0604741967492618,0.012));
#5441=CARTESIAN_POINT('',(-0.0121522504537856,-0.0604741967492618,0.011));
#5442=CARTESIAN_POINT('',(-0.0718556789698139,-0.00375158426155711,0.0005));
#5443=CARTESIAN_POINT('',(-0.0718556789698139,0.00375158426155707,0.0005));
#5444=CARTESIAN_POINT('',(0.0718556789698139,-0.0037515842615571,0.0005));
#5445=CARTESIAN_POINT('',(0.0718556789698139,0.00375158426155708,0.0005));
#5446=CARTESIAN_POINT('',(0.00363514950844124,0.0592243332475708,0.0005));
#5447=CARTESIAN_POINT('',(-0.00363514950844123,0.0592243332475708,0.0005));
#5448=CARTESIAN_POINT('',(-0.0039597979746451,-0.00395979797464506,0.002));
#5449=CARTESIAN_POINT('',(-0.0417890748309952,0.0497086707802841,0.002));
#5450=CARTESIAN_POINT('',(-0.0403748612686221,0.0511228843426572,0.011));
#5451=CARTESIAN_POINT('',(-0.00537401153701821,-0.00537401153701816,0.011));
#5452=CARTESIAN_POINT('',(-0.0425489864307568,0.0425489864307568,0.004));
#5453=CARTESIAN_POINT('',(-0.0364730984417497,0.0450998011722249,0.004));
#5454=CARTESIAN_POINT('',(-0.0116807306902274,0.0224287537642626,0.001));
#5455=CARTESIAN_POINT('',(-0.011436470294934,0.0114364702949337,0.001));
#5456=CARTESIAN_POINT('',(-0.0224287537642628,0.0116807306902269,0.001));
#5457=CARTESIAN_POINT('',(-0.00243206437172979,0.0231607662033944,0.001));
#5458=CARTESIAN_POINT('',(-0.00206181313611762,0.017164720938927,0.001));
#5459=CARTESIAN_POINT('',(-0.017164720938927,0.00206181313611762,0.001));
#5460=CARTESIAN_POINT('',(-0.0231607662033944,0.00243206437172977,0.001));
#5461=CARTESIAN_POINT('',(-0.00325269119345814,-0.00325269119345814,0.002));
#5462=CARTESIAN_POINT('',(-0.0170766287656552,0.0105712463787389,0.002));
#5463=CARTESIAN_POINT('',(-0.0244060558867273,0.0309114382736436,0.002));
#5464=CARTESIAN_POINT('',(-0.0105712463787388,0.0170766287656552,0.002));
#5465=CARTESIAN_POINT('',(-0.0159806132548162,0.0116672618895778,0.002));
#5466=CARTESIAN_POINT('',(-0.0148845977439766,0.0127632774004173,0.002));
#5467=CARTESIAN_POINT('',(-0.0116672618895782,0.0159806132548158,0.002));
#5468=CARTESIAN_POINT('',(-0.0127632774004177,0.0148845977439763,0.002));
#5469=CARTESIAN_POINT('',(-0.0166346870274137,0.0145133666838537,0.002));
#5470=CARTESIAN_POINT('',(-0.019091883092037,0.0169705627484769,0.002));
#5471=CARTESIAN_POINT('',(0.00106066017178015,0.00106066017178015,0.002));
#5472=CARTESIAN_POINT('',(-0.0169705627484768,0.0190918830920371,0.002));
#5473=CARTESIAN_POINT('',(-0.018031222920257,0.018031222920257,0.002));
#5474=MECHANICAL_DESIGN_GEOMETRIC_PRESENTATION_REPRESENTATION('',(#2910),
#5475);
#5475=(
GEOMETRIC_REPRESENTATION_CONTEXT(3)
GLOBAL_UNCERTAINTY_ASSIGNED_CONTEXT((#5476))
GLOBAL_UNIT_ASSIGNED_CONTEXT((#5479,#5478,#5477))
REPRESENTATION_CONTEXT('Visible Light Holder','TOP_LEVEL_ASSEMBLY_PART')
);
#5476=UNCERTAINTY_MEASURE_WITH_UNIT(LENGTH_MEASURE(2.E-5),#5479,
'DISTANCE_ACCURACY_VALUE','Maximum Tolerance applied to model');
#5477=(
NAMED_UNIT(*)
SI_UNIT($,.STERADIAN.)
SOLID_ANGLE_UNIT()
);
#5478=(
NAMED_UNIT(*)
PLANE_ANGLE_UNIT()
SI_UNIT($,.RADIAN.)
);
#5479=(
LENGTH_UNIT()
NAMED_UNIT(*)
SI_UNIT($,.METRE.)
);
#5480=PRODUCT_DEFINITION_SHAPE('','',#5481);
#5481=PRODUCT_DEFINITION('','',#5483,#5482);
#5482=PRODUCT_DEFINITION_CONTEXT('',#5489,'design');
#5483=PRODUCT_DEFINITION_FORMATION_WITH_SPECIFIED_SOURCE('','',#5485,
 .NOT_KNOWN.);
#5484=PRODUCT_RELATED_PRODUCT_CATEGORY('','',(#5485));
#5485=PRODUCT('Visible Light Holder','Visible Light Holder',
'Visible Light Holder',(#5487));
#5486=PRODUCT_CATEGORY('','');
#5487=PRODUCT_CONTEXT('',#5489,'mechanical');
#5488=APPLICATION_PROTOCOL_DEFINITION('international standard',
'ap242_managed_model_based_3d_engineering',2020,#5489);
#5489=APPLICATION_CONTEXT('managed model based 3d engineering');
ENDSEC;
END-ISO-10303-21;
