ISO-10303-21;
HEADER;
/* Generated by software containing ST-Developer
 * from STEP Tools, Inc. (www.steptools.com) 
 */
/* OPTION: using custom renumber hook */

FILE_DESCRIPTION(
/* description */ ('STEP AP242 Edition 2',
'CAx-IF Rec.Pracs.---Representation and Presentation of Product Manufa
cturing Information (PMI)---4.0---2014-10-13',
'CAx-IF Rec.Pracs.---3D Tessellated Geometry---0.4---2014-09-14','2;1',
'CAx-IF Rec.Pracs.---User Defined Attributes---1.5---2016-08-15'),
/* implementation_level */ '2;1');

FILE_NAME(
/* name */ 'N-Metheus - Arena Holder',
/* time_stamp */ '2026-01-30T20:52:37Z',
/* author */ (''),
/* organization */ (''),
/* preprocessor_version */ 'ST-DEVELOPER v20',
/* originating_system */ 'ONSHAPE BY PTC INC, 1.210',
/* authorisation */ '  ');

FILE_SCHEMA (('AP242_MANAGED_MODEL_BASED_3D_ENGINEERING_MIM_LF { 1 0 10303 442 3 1 4 }'));
ENDSEC;

DATA;
#10=SHAPE_REPRESENTATION_RELATIONSHIP('','',#2832,#11);
#11=ADVANCED_BREP_SHAPE_REPRESENTATION('',(#2830),#7145);
#12=CONICAL_SURFACE('',#3006,0.00146696030715818,0.784656103305302);
#13=CONICAL_SURFACE('',#3009,0.00146696030715818,0.784656103305309);
#14=CONICAL_SURFACE('',#3012,0.00146696030715818,0.784656103305304);
#15=CONICAL_SURFACE('',#3015,0.00146696030715818,0.784656103305308);
#16=CONICAL_SURFACE('',#3016,0.00146696030715818,0.784656103305304);
#17=CONICAL_SURFACE('',#3019,0.00146696030715818,0.784656103305304);
#18=CONICAL_SURFACE('',#3022,0.00146696030715818,0.784656103305309);
#19=CONICAL_SURFACE('',#3025,0.00146696030715818,0.784656103305304);
#20=TOROIDAL_SURFACE('',#2963,0.007,0.002);
#21=TOROIDAL_SURFACE('',#2967,0.0047625,0.002);
#22=TOROIDAL_SURFACE('',#2971,0.007,0.002);
#23=TOROIDAL_SURFACE('',#2978,0.007,0.002);
#24=TOROIDAL_SURFACE('',#2982,0.0047625,0.002);
#25=TOROIDAL_SURFACE('',#2986,0.007,0.002);
#26=(
BOUNDED_CURVE()
B_SPLINE_CURVE(3,(#5048,#5049,#5050,#5051,#5052,#5053,#5054,#5055,#5056,
#5057,#5058,#5059,#5060,#5061,#5062,#5063,#5064,#5065,#5066,#5067,#5068,
#5069,#5070,#5071,#5072,#5073,#5074,#5075,#5076,#5077,#5078,#5079,#5080,
#5081,#5082,#5083,#5084,#5085,#5086,#5087,#5088,#5089,#5090,#5091,#5092,
#5093),.UNSPECIFIED.,.F.,.F.)
B_SPLINE_CURVE_WITH_KNOTS((4,2,2,2,2,2,2,2,2,2,2,2,2,2,2,2,2,2,2,2,2,2,
4),(0.0421340035644139,0.046166975312939,0.0481834611872015,0.050199947061464,
0.0522164329357265,0.0542329188099891,0.0562494046842516,0.0572576476213829,
0.0582658905585141,0.0592741334956454,0.0602823764327766,0.0622988623070392,
0.0643153481813017,0.0663318340555642,0.0703648058040893,0.0723812916783518,
0.0733895346154831,0.0738936560840487,0.0741457168183315,0.0742717471854729,
0.0743347623690436,0.074366269960829,0.0743977775526143),.UNSPECIFIED.)
CURVE()
GEOMETRIC_REPRESENTATION_ITEM()
RATIONAL_B_SPLINE_CURVE((1.,1.,1.,1.,1.,1.,1.,1.,1.,1.,1.,1.,1.,1.,1.,1.,
1.,1.,1.,1.,1.,1.,1.,1.,1.,1.,1.,1.,1.,1.,1.,1.,1.,1.,1.,1.,1.,1.,1.,1.,
1.,1.,1.,1.,1.,1.))
REPRESENTATION_ITEM('')
);
#27=(
BOUNDED_CURVE()
B_SPLINE_CURVE(3,(#5472,#5473,#5474,#5475,#5476,#5477,#5478,#5479,#5480,
#5481,#5482,#5483,#5484,#5485,#5486,#5487,#5488,#5489,#5490,#5491,#5492,
#5493,#5494,#5495,#5496,#5497,#5498,#5499,#5500,#5501,#5502,#5503,#5504,
#5505,#5506,#5507,#5508,#5509),.UNSPECIFIED.,.F.,.F.)
B_SPLINE_CURVE_WITH_KNOTS((4,2,2,2,2,2,2,2,2,2,2,2,2,2,2,2,2,2,4),(0.0421337226196922,
0.0461670806672196,0.0481837596909833,0.050200438714747,0.0522171177385107,
0.0542337967622744,0.0562504757860381,0.05725881529792,0.0582671548098018,
0.0592754943216837,0.0602838338335655,0.0623005128573292,0.0643171918810929,
0.0663338709048567,0.0703672289523841,0.0723839079761478,0.0733922474880296,
0.0738964172439706,0.0744005869999115),.UNSPECIFIED.)
CURVE()
GEOMETRIC_REPRESENTATION_ITEM()
RATIONAL_B_SPLINE_CURVE((1.,1.,1.,1.,1.,1.,1.,1.,1.,1.,1.,1.,1.,1.,1.,1.,
1.,1.,1.,1.,1.,1.,1.,1.,1.,1.,1.,1.,1.,1.,1.,1.,1.,1.,1.,1.,1.,1.))
REPRESENTATION_ITEM('')
);
#28=(
BOUNDED_SURFACE()
B_SPLINE_SURFACE(3,2,((#4455,#4456,#4457),(#4458,#4459,#4460),(#4461,#4462,
#4463),(#4464,#4465,#4466),(#4467,#4468,#4469),(#4470,#4471,#4472),(#4473,
#4474,#4475),(#4476,#4477,#4478),(#4479,#4480,#4481),(#4482,#4483,#4484),
(#4485,#4486,#4487),(#4488,#4489,#4490),(#4491,#4492,#4493),(#4494,#4495,
#4496),(#4497,#4498,#4499),(#4500,#4501,#4502),(#4503,#4504,#4505),(#4506,
#4507,#4508),(#4509,#4510,#4511),(#4512,#4513,#4514),(#4515,#4516,#4517),
(#4518,#4519,#4520),(#4521,#4522,#4523)),.UNSPECIFIED.,.F.,.F.,.F.)
B_SPLINE_SURFACE_WITH_KNOTS((4,1,1,1,1,1,1,1,1,1,1,1,1,1,1,1,1,1,1,1,4),
(3,3),(0.0778194778534396,0.0821262140927929,0.0864329503321463,0.0907396865714996,
0.095046422810853,0.0993531590502063,0.101506527169883,0.10365989528956,
0.105813263409236,0.106889947469075,0.107966631528913,0.109043315588751,
0.11011999964859,0.110658341678509,0.111196683708428,0.111465854723388,
0.111735025738347,0.112004196753307,0.112138782260787,0.112206075014526,
0.112273367768266),(0.,1.),.UNSPECIFIED.)
GEOMETRIC_REPRESENTATION_ITEM()
RATIONAL_B_SPLINE_SURFACE(((1.,0.967201265778329,1.),(1.,0.970923052675362,
1.),(1.,0.976665289711649,1.),(1.,0.984347880040466,1.),(1.,0.991164971599563,
1.),(1.,0.996468272514856,1.),(1.,0.998693096642062,1.),(1.,0.999511210143493,
1.),(1.,0.999823576296705,1.),(1.,0.999931320182278,1.),(1.,0.999973567884947,
1.),(1.,0.999989950787055,1.),(1.,0.999997244073564,1.),(1.,0.999999255601359,
1.),(1.,0.999999836062907,1.),(1.,0.99999995578708,1.),(1.,0.999999990457901,
1.),(1.,0.999999997034629,1.),(1.,1.00000000473854,1.),(1.,0.999999993234975,
1.),(1.,1.00000001185719,1.),(1.,0.999999973737075,1.),(1.,1.,1.)))
REPRESENTATION_ITEM('')
SURFACE()
);
#29=(
BOUNDED_SURFACE()
B_SPLINE_SURFACE(3,2,((#4528,#4529,#4530),(#4531,#4532,#4533),(#4534,#4535,
#4536),(#4537,#4538,#4539),(#4540,#4541,#4542),(#4543,#4544,#4545),(#4546,
#4547,#4548),(#4549,#4550,#4551),(#4552,#4553,#4554),(#4555,#4556,#4557),
(#4558,#4559,#4560),(#4561,#4562,#4563),(#4564,#4565,#4566),(#4567,#4568,
#4569),(#4570,#4571,#4572),(#4573,#4574,#4575),(#4576,#4577,#4578),(#4579,
#4580,#4581),(#4582,#4583,#4584),(#4585,#4586,#4587),(#4588,#4589,#4590),
(#4591,#4592,#4593),(#4594,#4595,#4596)),.UNSPECIFIED.,.F.,.F.,.F.)
B_SPLINE_SURFACE_WITH_KNOTS((4,1,1,1,1,1,1,1,1,1,1,1,1,1,1,1,1,1,1,1,4),
(3,3),(0.0778502588856651,0.0821531474959533,0.0864560361062414,0.0907589247165296,
0.0950618133268177,0.0993647019371059,0.10151614624225,0.103667590547394,
0.105819034852538,0.10689475700511,0.107970479157682,0.109046201310254,
0.110121923462826,0.110659784539112,0.111197645615398,0.111466576153541,
0.111735506691684,0.112004437229827,0.112138902498899,0.112206135133435,
0.11227336776797),(0.,1.),.UNSPECIFIED.)
GEOMETRIC_REPRESENTATION_ITEM()
RATIONAL_B_SPLINE_SURFACE(((1.,0.967280911259658,1.),(1.,0.970984919166195,
1.),(1.,0.976716103453597,1.),(1.,0.984386348228988,1.),(1.,0.991192596518457,
1.),(1.,0.99648196451734,1.),(1.,0.998698086518919,1.),(1.,0.999513101335866,
1.),(1.,0.999824236257659,1.),(1.,0.999931575337598,1.),(1.,0.999973665330107,
1.),(1.,0.999989987374589,1.),(1.,0.999997254063467,1.),(1.,0.99999925839364,
1.),(1.,0.999999836494193,1.),(1.,0.999999956446663,1.),(1.,0.999999989629481,
1.),(1.,1.00000000033471,1.),(1.,0.999999995023652,1.),(1.,1.00000000674553,
1.),(1.,0.999999988154112,1.),(1.,1.00000002623951,1.),(1.,1.,1.)))
REPRESENTATION_ITEM('')
SURFACE()
);
#30=(
BOUNDED_SURFACE()
B_SPLINE_SURFACE(3,2,((#5534,#5535,#5536),(#5537,#5538,#5539),(#5540,#5541,
#5542),(#5543,#5544,#5545),(#5546,#5547,#5548),(#5549,#5550,#5551),(#5552,
#5553,#5554),(#5555,#5556,#5557),(#5558,#5559,#5560),(#5561,#5562,#5563),
(#5564,#5565,#5566),(#5567,#5568,#5569),(#5570,#5571,#5572),(#5573,#5574,
#5575),(#5576,#5577,#5578),(#5579,#5580,#5581),(#5582,#5583,#5584),(#5585,
#5586,#5587)),.UNSPECIFIED.,.F.,.F.,.F.)
B_SPLINE_SURFACE_WITH_KNOTS((4,1,1,1,1,1,1,1,1,1,1,1,1,1,1,4),(3,3),(-3.67563361402682E-5,
0.00178423427389989,0.00360522488394005,0.00542621549398022,0.00724720610402038,
0.00815770140904046,0.00906819671406054,0.00997869201908062,0.0108891873241007,
0.0117996826291208,0.0127101779341409,0.0131654255866509,0.0136206732391609,
0.014075920891671,0.014303544717926,0.014531168544181),(0.,1.),
 .UNSPECIFIED.)
GEOMETRIC_REPRESENTATION_ITEM()
RATIONAL_B_SPLINE_SURFACE(((1.,1.,1.),(1.,1.00000000004289,1.),(1.,0.999355028537989,
1.),(1.,0.994989852592169,1.),(1.,0.983681057015915,1.),(1.,0.967729054166059,
1.),(1.,0.955129566145982,1.),(1.,0.946329151729361,1.),(1.,0.938339407320375,
1.),(1.,0.931312161108479,1.),(1.,0.925463064217751,1.),(1.,0.921876900049444,
1.),(1.,0.920337004962246,1.),(1.,0.92012570696002,1.),(1.,0.921178243812723,
1.),(1.,0.922930554055855,1.),(1.,0.923879522265515,1.),(1.,0.923879532511285,
1.)))
REPRESENTATION_ITEM('')
SURFACE()
);
#31=(
BOUNDED_SURFACE()
B_SPLINE_SURFACE(3,2,((#5588,#5589,#5590),(#5591,#5592,#5593),(#5594,#5595,
#5596),(#5597,#5598,#5599),(#5600,#5601,#5602),(#5603,#5604,#5605),(#5606,
#5607,#5608)),.UNSPECIFIED.,.F.,.F.,.F.)
B_SPLINE_SURFACE_WITH_KNOTS((4,1,1,1,4),(3,3),(-3.85109299438668E-5,0.00399766082610053,
0.00803383258214493,0.0120700043381893,0.0161061760942337),(0.,1.),
 .UNSPECIFIED.)
GEOMETRIC_REPRESENTATION_ITEM()
RATIONAL_B_SPLINE_SURFACE(((1.,1.,1.),(1.,1.00000000001352,1.),(1.,0.99815565921095,
1.),(1.,0.98727931905605,1.),(1.,0.966031591242782,1.),(1.,0.948812672181467,
1.),(1.,0.94124468090749,1.)))
REPRESENTATION_ITEM('')
SURFACE()
);
#32=(
BOUNDED_SURFACE()
B_SPLINE_SURFACE(3,2,((#5616,#5617,#5618),(#5619,#5620,#5621),(#5622,#5623,
#5624),(#5625,#5626,#5627),(#5628,#5629,#5630),(#5631,#5632,#5633),(#5634,
#5635,#5636),(#5637,#5638,#5639),(#5640,#5641,#5642),(#5643,#5644,#5645),
(#5646,#5647,#5648),(#5649,#5650,#5651),(#5652,#5653,#5654),(#5655,#5656,
#5657),(#5658,#5659,#5660),(#5661,#5662,#5663),(#5664,#5665,#5666),(#5667,
#5668,#5669)),.UNSPECIFIED.,.F.,.F.,.F.)
B_SPLINE_SURFACE_WITH_KNOTS((4,1,1,1,1,1,1,1,1,1,1,1,1,1,1,4),(3,3),(-3.67563361407819E-5,
0.00178423427390001,0.0036052248839408,0.00542621549398158,0.00724720610402237,
0.00815770140904277,0.00906819671406316,0.00997869201908356,0.010889187324104,
0.0117996826291243,0.0127101779341447,0.0131654255866549,0.0136206732391651,
0.0140759208916753,0.0143035447179304,0.0145311685441855),(0.,1.),
 .UNSPECIFIED.)
GEOMETRIC_REPRESENTATION_ITEM()
RATIONAL_B_SPLINE_SURFACE(((1.,1.,1.),(1.,1.00000000004289,1.),(1.,0.999355028537995,
1.),(1.,0.994989852592174,1.),(1.,0.983681057015921,1.),(1.,0.967729054166064,
1.),(1.,0.955129566145989,1.),(1.,0.94632915172937,1.),(1.,0.938339407320381,
1.),(1.,0.931312161108485,1.),(1.,0.92546306421775,1.),(1.,0.921876900049448,
1.),(1.,0.920337004962253,1.),(1.,0.920125706960024,1.),(1.,0.921178243812736,
1.),(1.,0.922930554055847,1.),(1.,0.923879522265544,1.),(1.,0.92387953251129,
1.)))
REPRESENTATION_ITEM('')
SURFACE()
);
#33=(
BOUNDED_SURFACE()
B_SPLINE_SURFACE(3,2,((#5670,#5671,#5672),(#5673,#5674,#5675),(#5676,#5677,
#5678),(#5679,#5680,#5681),(#5682,#5683,#5684),(#5685,#5686,#5687),(#5688,
#5689,#5690)),.UNSPECIFIED.,.F.,.F.,.F.)
B_SPLINE_SURFACE_WITH_KNOTS((4,1,1,1,4),(3,3),(-3.85109299438017E-5,0.00399738638061758,
0.00803328369117895,0.0120691810017403,0.0161050783123017),(0.,1.),
 .UNSPECIFIED.)
GEOMETRIC_REPRESENTATION_ITEM()
RATIONAL_B_SPLINE_SURFACE(((1.,1.,1.),(1.,1.00000000001352,1.),(1.,0.998155901350638,
1.),(1.,0.987281245229824,1.),(1.,0.966036702096314,1.),(1.,0.948818728215005,
1.),(1.,0.941250856230218,1.)))
REPRESENTATION_ITEM('')
SURFACE()
);
#34=(
BOUNDED_SURFACE()
B_SPLINE_SURFACE(2,3,((#5696,#5697,#5698,#5699,#5700,#5701,#5702,#5703,
#5704,#5705,#5706,#5707,#5708,#5709,#5710,#5711,#5712,#5713,#5714,#5715,
#5716,#5717,#5718,#5719,#5720,#5721,#5722,#5723,#5724,#5725,#5726,#5727,
#5728,#5729,#5730,#5731,#5732,#5733),(#5734,#5735,#5736,#5737,#5738,#5739,
#5740,#5741,#5742,#5743,#5744,#5745,#5746,#5747,#5748,#5749,#5750,#5751,
#5752,#5753,#5754,#5755,#5756,#5757,#5758,#5759,#5760,#5761,#5762,#5763,
#5764,#5765,#5766,#5767,#5768,#5769,#5770,#5771),(#5772,#5773,#5774,#5775,
#5776,#5777,#5778,#5779,#5780,#5781,#5782,#5783,#5784,#5785,#5786,#5787,
#5788,#5789,#5790,#5791,#5792,#5793,#5794,#5795,#5796,#5797,#5798,#5799,
#5800,#5801,#5802,#5803,#5804,#5805,#5806,#5807,#5808,#5809)),
 .UNSPECIFIED.,.F.,.F.,.F.)
B_SPLINE_SURFACE_WITH_KNOTS((3,3),(4,2,2,2,2,2,2,2,2,2,2,2,2,2,2,2,2,2,
4),(0.,1.),(0.0454508126654411,0.0461670806672196,0.0481837596909833,0.050200438714747,
0.0522171177385107,0.0542337967622744,0.0562504757860381,0.05725881529792,
0.0582671548098018,0.0592754943216837,0.0602838338335655,0.0623005128573292,
0.0643171918810929,0.0663338709048567,0.0703672289523841,0.0723839079761478,
0.0733922474880296,0.0738964172439706,0.0744005869999115),.UNSPECIFIED.)
GEOMETRIC_REPRESENTATION_ITEM()
RATIONAL_B_SPLINE_SURFACE(((1.,1.,1.,1.,1.,1.,1.,1.,1.,1.,1.,1.,1.,1.,1.,
1.,1.,1.,1.,1.,1.,1.,1.,1.,1.,1.,1.,1.,1.,1.,1.,1.,1.,1.,1.,1.,1.,1.),(0.690151421718539,
0.693439939287213,0.696806647981491,0.709963034912607,0.720329182446004,
0.742529875034314,0.754356781010631,0.779534496583743,0.792891868764388,
0.821061532773369,0.835894951831861,0.866439891578184,0.882178997142786,
0.904864211379381,0.91225329482688,0.926278375705375,0.93290822291422,0.945070861745082,
0.950601001109485,0.960447777295339,0.964767297398922,0.976065327500981,
0.981373250544632,0.989255819597206,0.991856315740507,0.995653107055413,
0.996839437555345,0.999349562698417,0.999691277641362,0.999956968697062,
0.999980918215683,0.999997258562107,0.999998799678805,0.999999828006439,
0.99999992514589,1.00000001060793,1.,1.),(1.,1.,1.,1.,1.,1.,1.,1.,1.,1.,
1.,1.,1.,1.,1.,1.,1.,1.,1.,1.,1.,1.,1.,1.,1.,1.,1.,1.,1.,1.,1.,1.,1.,1.,
1.,1.,1.,1.)))
REPRESENTATION_ITEM('')
SURFACE()
);
#35=(
BOUNDED_SURFACE()
B_SPLINE_SURFACE(2,3,((#5829,#5830,#5831,#5832,#5833,#5834,#5835,#5836,
#5837,#5838,#5839,#5840,#5841,#5842,#5843,#5844,#5845,#5846,#5847,#5848,
#5849,#5850,#5851,#5852,#5853,#5854,#5855,#5856,#5857,#5858,#5859,#5860,
#5861,#5862,#5863,#5864,#5865,#5866,#5867,#5868,#5869,#5870,#5871,#5872,
#5873,#5874),(#5875,#5876,#5877,#5878,#5879,#5880,#5881,#5882,#5883,#5884,
#5885,#5886,#5887,#5888,#5889,#5890,#5891,#5892,#5893,#5894,#5895,#5896,
#5897,#5898,#5899,#5900,#5901,#5902,#5903,#5904,#5905,#5906,#5907,#5908,
#5909,#5910,#5911,#5912,#5913,#5914,#5915,#5916,#5917,#5918,#5919,#5920),
(#5921,#5922,#5923,#5924,#5925,#5926,#5927,#5928,#5929,#5930,#5931,#5932,
#5933,#5934,#5935,#5936,#5937,#5938,#5939,#5940,#5941,#5942,#5943,#5944,
#5945,#5946,#5947,#5948,#5949,#5950,#5951,#5952,#5953,#5954,#5955,#5956,
#5957,#5958,#5959,#5960,#5961,#5962,#5963,#5964,#5965,#5966)),
 .UNSPECIFIED.,.F.,.F.,.F.)
B_SPLINE_SURFACE_WITH_KNOTS((3,3),(4,2,2,2,2,2,2,2,2,2,2,2,2,2,2,2,2,2,
2,2,2,2,4),(0.,1.),(0.0454508290283586,0.046166975312939,0.0481834611872015,
0.050199947061464,0.0522164329357265,0.0542329188099891,0.0562494046842516,
0.0572576476213829,0.0582658905585141,0.0592741334956454,0.0602823764327766,
0.0622988623070392,0.0643153481813017,0.0663318340555642,0.0703648058040893,
0.0723812916783518,0.0733895346154831,0.0738936560840487,0.0741457168183315,
0.0742717471854729,0.0743347623690436,0.074366269960829,0.0743977775526143),
 .UNSPECIFIED.)
GEOMETRIC_REPRESENTATION_ITEM()
RATIONAL_B_SPLINE_SURFACE(((1.,1.,1.,1.,1.,1.,1.,1.,1.,1.,1.,1.,1.,1.,1.,
1.,1.,1.,1.,1.,1.,1.,1.,1.,1.,1.,1.,1.,1.,1.,1.,1.,1.,1.,1.,1.,1.,1.,1.,
1.,1.,1.,1.,1.,1.,1.),(0.690151647106279,0.693439609414857,0.69680573635117,
0.709960516156736,0.720325530778928,0.742523668523918,0.754349149409325,
0.77952371396392,0.792879354835357,0.821045350516774,0.835876805259648,
0.866418145777655,0.882155609322852,0.904839758584799,0.912228731466321,
0.926254212097776,0.932884572515689,0.945048758665767,0.950579925751876,
0.960428979354306,0.964749742947859,0.976051437380945,0.981361707962848,
0.989248002220903,0.991849955805526,0.995649049961433,0.996836239395712,
0.999348349953683,0.999690647575796,0.999956804424107,0.999980834407278,
0.999997236746229,0.999998788659564,0.999999825179782,0.999999923526401,
0.999999988996975,0.999999995187053,0.999999999308859,1.00000000004291,
0.999999999783874,0.999999999991833,0.999999999991833,0.999999999999484,
0.999999999999484,1.,1.),(1.,1.,1.,1.,1.,1.,1.,1.,1.,1.,1.,1.,1.,1.,1.,
1.,1.,1.,1.,1.,1.,1.,1.,1.,1.,1.,1.,1.,1.,1.,1.,1.,1.,1.,1.,1.,1.,1.,1.,
1.,1.,1.,1.,1.,1.,1.)))
REPRESENTATION_ITEM('')
SURFACE()
);
#36=(
BOUNDED_SURFACE()
B_SPLINE_SURFACE(3,2,((#5988,#5989,#5990),(#5991,#5992,#5993),(#5994,#5995,
#5996),(#5997,#5998,#5999),(#6000,#6001,#6002),(#6003,#6004,#6005),(#6006,
#6007,#6008),(#6009,#6010,#6011),(#6012,#6013,#6014),(#6015,#6016,#6017),
(#6018,#6019,#6020),(#6021,#6022,#6023)),.UNSPECIFIED.,.F.,.F.,.F.)
B_SPLINE_SURFACE_WITH_KNOTS((4,1,1,1,1,1,1,1,1,4),(3,3),(6.93889390390723E-18,
0.00273008349286415,0.0054601669857283,0.00819025047859245,0.0109203339714566,
0.0163805009571849,0.0218406679429132,0.0273008349286415,0.0327610019143698,
0.0436813358858264),(0.,1.),.UNSPECIFIED.)
GEOMETRIC_REPRESENTATION_ITEM()
RATIONAL_B_SPLINE_SURFACE(((1.,0.923879532511287,1.),(1.,0.923879532198556,
1.),(1.,0.91225203492654,1.),(1.,0.88290747091097,1.),(1.,0.856508301576984,
1.),(1.,0.827930323954449,1.),(1.,0.801636859350305,1.),(1.,0.779147728856244,
1.),(1.,0.762502712270791,1.),(1.,0.745577720713387,1.),(1.,0.736893282594861,
1.),(1.,0.731636343252909,1.)))
REPRESENTATION_ITEM('')
SURFACE()
);
#37=(
BOUNDED_SURFACE()
B_SPLINE_SURFACE(3,2,((#6033,#6034,#6035),(#6036,#6037,#6038),(#6039,#6040,
#6041),(#6042,#6043,#6044),(#6045,#6046,#6047),(#6048,#6049,#6050),(#6051,
#6052,#6053),(#6054,#6055,#6056),(#6057,#6058,#6059),(#6060,#6061,#6062),
(#6063,#6064,#6065),(#6066,#6067,#6068)),.UNSPECIFIED.,.F.,.F.,.F.)
B_SPLINE_SURFACE_WITH_KNOTS((4,1,1,1,1,1,1,1,1,4),(3,3),(-1.73472347597681E-17,
0.00273008362862789,0.00546016725725579,0.0081902508858837,0.0109203345145116,
0.0163805017717674,0.0218406690290232,0.027300836286279,0.0327610035435349,
0.0436813380580465),(0.,1.),.UNSPECIFIED.)
GEOMETRIC_REPRESENTATION_ITEM()
RATIONAL_B_SPLINE_SURFACE(((1.,0.923879532511286,1.),(1.,0.923879532198812,
1.),(1.,0.912252033885263,1.),(1.,0.882907470278368,1.),(1.,0.856508303407299,
1.),(1.,0.827930327000228,1.),(1.,0.801636861055859,1.),(1.,0.779147728816332,
1.),(1.,0.76250271261206,1.),(1.,0.745577720741354,1.),(1.,0.736893282644752,
1.),(1.,0.731636343250396,1.)))
REPRESENTATION_ITEM('')
SURFACE()
);
#38=(
BOUNDED_SURFACE()
B_SPLINE_SURFACE(3,2,((#6084,#6085,#6086),(#6087,#6088,#6089),(#6090,#6091,
#6092),(#6093,#6094,#6095),(#6096,#6097,#6098),(#6099,#6100,#6101),(#6102,
#6103,#6104),(#6105,#6106,#6107),(#6108,#6109,#6110),(#6111,#6112,#6113),
(#6114,#6115,#6116),(#6117,#6118,#6119)),.UNSPECIFIED.,.F.,.F.,.F.)
B_SPLINE_SURFACE_WITH_KNOTS((4,1,1,1,1,1,1,1,1,4),(3,3),(5.20417042793042E-18,
0.00273008362862675,0.0054601672572535,0.00819025088588025,0.010920334514507,
0.0163805017717605,0.021840669029014,0.0273008362862675,0.032761003543521,
0.043681338058028),(0.,1.),.UNSPECIFIED.)
GEOMETRIC_REPRESENTATION_ITEM()
RATIONAL_B_SPLINE_SURFACE(((1.,0.923879532511288,1.),(1.,0.923879532199327,
1.),(1.,0.912252033885037,1.),(1.,0.882907470278453,1.),(1.,0.856508303407316,
1.),(1.,0.827930327000268,1.),(1.,0.801636861055941,1.),(1.,0.779147728816197,
1.),(1.,0.762502712612737,1.),(1.,0.74557772073799,1.),(1.,0.736893282659826,
1.),(1.,0.731636343250423,1.)))
REPRESENTATION_ITEM('')
SURFACE()
);
#39=(
BOUNDED_SURFACE()
B_SPLINE_SURFACE(3,2,((#6129,#6130,#6131),(#6132,#6133,#6134),(#6135,#6136,
#6137),(#6138,#6139,#6140),(#6141,#6142,#6143),(#6144,#6145,#6146),(#6147,
#6148,#6149),(#6150,#6151,#6152),(#6153,#6154,#6155),(#6156,#6157,#6158),
(#6159,#6160,#6161),(#6162,#6163,#6164)),.UNSPECIFIED.,.F.,.F.,.F.)
B_SPLINE_SURFACE_WITH_KNOTS((4,1,1,1,1,1,1,1,1,4),(3,3),(1.73472347597681E-18,
0.00273008362862832,0.00546016725725664,0.00819025088588496,0.0109203345145133,
0.0163805017717699,0.0218406690290266,0.0273008362862832,0.0327610035435398,
0.0436813380580531),(0.,1.),.UNSPECIFIED.)
GEOMETRIC_REPRESENTATION_ITEM()
RATIONAL_B_SPLINE_SURFACE(((1.,0.923879532511287,1.),(1.,0.923879532200456,
1.),(1.,0.912252033884499,1.),(1.,0.882907470278555,1.),(1.,0.856508303407239,
1.),(1.,0.827930327000242,1.),(1.,0.801636861055858,1.),(1.,0.779147728816228,
1.),(1.,0.762502712612394,1.),(1.,0.745577720739531,1.),(1.,0.736893282652768,
1.),(1.,0.731636343250385,1.)))
REPRESENTATION_ITEM('')
SURFACE()
);
#40=(
BOUNDED_SURFACE()
B_SPLINE_SURFACE(3,2,((#6174,#6175,#6176),(#6177,#6178,#6179),(#6180,#6181,
#6182),(#6183,#6184,#6185),(#6186,#6187,#6188),(#6189,#6190,#6191),(#6192,
#6193,#6194),(#6195,#6196,#6197),(#6198,#6199,#6200),(#6201,#6202,#6203),
(#6204,#6205,#6206),(#6207,#6208,#6209)),.UNSPECIFIED.,.F.,.F.,.F.)
B_SPLINE_SURFACE_WITH_KNOTS((4,1,1,1,1,1,1,1,1,4),(3,3),(1.73472347597681E-18,
0.00273008349286524,0.00546016698573048,0.00819025047859572,0.010920333971461,
0.0163805009571914,0.0218406679429219,0.0273008349286524,0.0327610019143829,
0.0436813358858439),(0.,1.),.UNSPECIFIED.)
GEOMETRIC_REPRESENTATION_ITEM()
RATIONAL_B_SPLINE_SURFACE(((1.,0.923879532511287,1.),(1.,0.923879532200199,
1.),(1.,0.912252034925769,1.),(1.,0.882907470911151,1.),(1.,0.856508301576897,
1.),(1.,0.827930323954443,1.),(1.,0.801636859350319,1.),(1.,0.779147728855979,
1.),(1.,0.762502712271609,1.),(1.,0.745577720708869,1.),(1.,0.7368932826147,
1.),(1.,0.731636343252881,1.)))
REPRESENTATION_ITEM('')
SURFACE()
);
#41=(
BOUNDED_SURFACE()
B_SPLINE_SURFACE(3,2,((#6219,#6220,#6221),(#6222,#6223,#6224),(#6225,#6226,
#6227),(#6228,#6229,#6230),(#6231,#6232,#6233),(#6234,#6235,#6236),(#6237,
#6238,#6239),(#6240,#6241,#6242),(#6243,#6244,#6245),(#6246,#6247,#6248),
(#6249,#6250,#6251),(#6252,#6253,#6254)),.UNSPECIFIED.,.F.,.F.,.F.)
B_SPLINE_SURFACE_WITH_KNOTS((4,1,1,1,1,1,1,1,1,4),(3,3),(-6.93889390390723E-18,
0.00273008362862674,0.00546016725725348,0.00819025088588023,0.010920334514507,
0.0163805017717605,0.021840669029014,0.0273008362862674,0.0327610035435209,
0.0436813380580279),(0.,1.),.UNSPECIFIED.)
GEOMETRIC_REPRESENTATION_ITEM()
RATIONAL_B_SPLINE_SURFACE(((1.,0.923879532511288,1.),(1.,0.923879532199481,
1.),(1.,0.912252033884965,1.),(1.,0.882907470278475,1.),(1.,0.856508303407307,
1.),(1.,0.827930327000283,1.),(1.,0.801636861055876,1.),(1.,0.779147728816395,
1.),(1.,0.762502712612007,1.),(1.,0.745577720741796,1.),(1.,0.736893282642974,
1.),(1.,0.731636343250426,1.)))
REPRESENTATION_ITEM('')
SURFACE()
);
#42=(
BOUNDED_SURFACE()
B_SPLINE_SURFACE(3,2,((#6381,#6382,#6383),(#6384,#6385,#6386),(#6387,#6388,
#6389),(#6390,#6391,#6392)),.UNSPECIFIED.,.F.,.F.,.F.)
B_SPLINE_SURFACE_WITH_KNOTS((4,4),(3,3),(0.0168896807854496,0.0291719823217722),
(0.,1.),.PIECEWISE_BEZIER_KNOTS.)
GEOMETRIC_REPRESENTATION_ITEM()
RATIONAL_B_SPLINE_SURFACE(((1.,0.707122848128352,1.),(1.,0.707165886156838,
1.),(1.,0.707215499241218,1.),(1.,0.70725668160343,1.)))
REPRESENTATION_ITEM('')
SURFACE()
);
#43=(
BOUNDED_SURFACE()
B_SPLINE_SURFACE(3,2,((#6405,#6406,#6407),(#6408,#6409,#6410),(#6411,#6412,
#6413),(#6414,#6415,#6416)),.UNSPECIFIED.,.F.,.F.,.F.)
B_SPLINE_SURFACE_WITH_KNOTS((4,4),(3,3),(0.,0.0125619158135973),(0.,1.),
 .PIECEWISE_BEZIER_KNOTS.)
GEOMETRIC_REPRESENTATION_ITEM()
RATIONAL_B_SPLINE_SURFACE(((1.,0.333268480338235,1.),(1.,0.333265735698673,
1.),(1.,0.333324104785737,1.),(1.,0.333372838364033,1.)))
REPRESENTATION_ITEM('')
SURFACE()
);
#44=(
BOUNDED_SURFACE()
B_SPLINE_SURFACE(3,2,((#6429,#6430,#6431),(#6432,#6433,#6434),(#6435,#6436,
#6437),(#6438,#6439,#6440),(#6441,#6442,#6443)),.UNSPECIFIED.,.F.,.F.,.F.)
B_SPLINE_SURFACE_WITH_KNOTS((4,1,4),(3,3),(2.68882138776405E-17,0.00226474590888651,
0.00452949181777298),(0.,1.),.UNSPECIFIED.)
GEOMETRIC_REPRESENTATION_ITEM()
RATIONAL_B_SPLINE_SURFACE(((1.,0.333268480338233,1.),(1.,0.33073080860657,
1.),(1.,0.339947594524284,1.),(1.,0.369514304427059,1.),(1.,0.38635362556128,
1.)))
REPRESENTATION_ITEM('')
SURFACE()
);
#45=(
BOUNDED_SURFACE()
B_SPLINE_SURFACE(3,2,((#6445,#6446,#6447),(#6448,#6449,#6450),(#6451,#6452,
#6453),(#6454,#6455,#6456),(#6457,#6458,#6459),(#6460,#6461,#6462),(#6463,
#6464,#6465),(#6466,#6467,#6468),(#6469,#6470,#6471),(#6472,#6473,#6474),
(#6475,#6476,#6477)),.UNSPECIFIED.,.F.,.F.,.F.)
B_SPLINE_SURFACE_WITH_KNOTS((4,1,1,1,1,1,1,1,4),(3,3),(-3.98986399474666E-17,
0.00388170020461528,0.00776340040923059,0.0116451006138459,0.0155268008184612,
0.0194085010230765,0.0232902012276919,0.0271719014323072,0.0310536016369225),
(0.,1.),.UNSPECIFIED.)
GEOMETRIC_REPRESENTATION_ITEM()
RATIONAL_B_SPLINE_SURFACE(((1.,0.386353625561269,1.),(1.,0.389079728563895,
1.),(1.,0.388664663473245,1.),(1.,0.375036877323637,1.),(1.,0.355829188805662,
1.),(1.,0.344497348386789,1.),(1.,0.355686280364195,1.),(1.,0.374942258946271,
1.),(1.,0.388618719702847,1.),(1.,0.389080184498682,1.),(1.,0.386353625561283,
1.)))
REPRESENTATION_ITEM('')
SURFACE()
);
#46=(
BOUNDED_SURFACE()
B_SPLINE_SURFACE(3,2,((#6479,#6480,#6481),(#6482,#6483,#6484),(#6485,#6486,
#6487),(#6488,#6489,#6490),(#6491,#6492,#6493)),.UNSPECIFIED.,.F.,.F.,.F.)
B_SPLINE_SURFACE_WITH_KNOTS((4,1,4),(3,3),(4.25007251614318E-17,0.00227072338217087,
0.00454144676434169),(0.,1.),.UNSPECIFIED.)
GEOMETRIC_REPRESENTATION_ITEM()
RATIONAL_B_SPLINE_SURFACE(((1.,0.386353625561392,1.),(1.,0.369542031000367,
1.),(1.,0.340013693385704,1.),(1.,0.330734579537557,1.),(1.,0.333268480338235,
1.)))
REPRESENTATION_ITEM('')
SURFACE()
);
#47=(
BOUNDED_SURFACE()
B_SPLINE_SURFACE(3,2,((#6495,#6496,#6497),(#6498,#6499,#6500),(#6501,#6502,
#6503),(#6504,#6505,#6506)),.UNSPECIFIED.,.F.,.F.,.F.)
B_SPLINE_SURFACE_WITH_KNOTS((4,4),(3,3),(1.04083408558608E-17,0.0125619158135699),
(0.,1.),.PIECEWISE_BEZIER_KNOTS.)
GEOMETRIC_REPRESENTATION_ITEM()
RATIONAL_B_SPLINE_SURFACE(((1.,0.333268480338235,1.),(1.,0.333265735700881,
1.),(1.,0.333324104763189,1.),(1.,0.333372838364033,1.)))
REPRESENTATION_ITEM('')
SURFACE()
);
#48=(
BOUNDED_SURFACE()
B_SPLINE_SURFACE(3,2,((#6518,#6519,#6520),(#6521,#6522,#6523),(#6524,#6525,
#6526),(#6527,#6528,#6529)),.UNSPECIFIED.,.F.,.F.,.F.)
B_SPLINE_SURFACE_WITH_KNOTS((4,4),(3,3),(0.0168779679605486,0.0291602580485771),
(0.,1.),.PIECEWISE_BEZIER_KNOTS.)
GEOMETRIC_REPRESENTATION_ITEM()
RATIONAL_B_SPLINE_SURFACE(((1.,0.707122848129068,1.),(1.,0.707165886132438,
1.),(1.,0.707215499151588,1.),(1.,0.707256681605156,1.)))
REPRESENTATION_ITEM('')
SURFACE()
);
#49=(
BOUNDED_SURFACE()
B_SPLINE_SURFACE(3,2,((#6542,#6543,#6544),(#6545,#6546,#6547),(#6548,#6549,
#6550),(#6551,#6552,#6553),(#6554,#6555,#6556),(#6557,#6558,#6559),(#6560,
#6561,#6562),(#6563,#6564,#6565),(#6566,#6567,#6568),(#6569,#6570,#6571),
(#6572,#6573,#6574)),.UNSPECIFIED.,.F.,.F.,.F.)
B_SPLINE_SURFACE_WITH_KNOTS((4,1,1,1,1,1,1,1,4),(3,3),(-8.94445271266672E-6,
0.00075129258085787,0.00151152961442841,0.00227176664799894,0.00303200368156948,
0.00379224071514001,0.00455247774871055,0.00531271478228109,0.00607295181585162),
(0.,1.),.UNSPECIFIED.)
GEOMETRIC_REPRESENTATION_ITEM()
RATIONAL_B_SPLINE_SURFACE(((1.,1.,1.),(1.,0.999999999987579,1.),(1.,0.987786398715814,
1.),(1.,0.932286532163706,1.),(1.,0.845899786462152,1.),(1.,0.742165074895237,
1.),(1.,0.688005976928412,1.),(1.,0.750128668905902,1.),(1.,0.853123569343467,
1.),(1.,0.909318626004413,1.),(1.,0.932071556565228,1.)))
REPRESENTATION_ITEM('')
SURFACE()
);
#50=(
BOUNDED_SURFACE()
B_SPLINE_SURFACE(3,2,((#6575,#6576,#6577),(#6578,#6579,#6580),(#6581,#6582,
#6583),(#6584,#6585,#6586),(#6587,#6588,#6589),(#6590,#6591,#6592),(#6593,
#6594,#6595),(#6596,#6597,#6598),(#6599,#6600,#6601),(#6602,#6603,#6604),
(#6605,#6606,#6607)),.UNSPECIFIED.,.F.,.F.,.F.)
B_SPLINE_SURFACE_WITH_KNOTS((4,1,1,1,1,1,1,1,4),(3,3),(-8.94445271266347E-6,
0.000751292580862388,0.00151152961443744,0.00227176664801249,0.00303200368158754,
0.0037922407151626,0.00455247774873765,0.0053127147823127,0.00607295181588775),
(0.,1.),.UNSPECIFIED.)
GEOMETRIC_REPRESENTATION_ITEM()
RATIONAL_B_SPLINE_SURFACE(((1.,1.,1.),(1.,0.999999999987579,1.),(1.,0.987786398715674,
1.),(1.,0.932286532162909,1.),(1.,0.845899786460359,1.),(1.,0.74216507489315,
1.),(1.,0.688005976927104,1.),(1.,0.750128668913991,1.),(1.,0.853123569330356,
1.),(1.,0.909318626045169,1.),(1.,0.932071556568367,1.)))
REPRESENTATION_ITEM('')
SURFACE()
);
#51=B_SPLINE_SURFACE_WITH_KNOTS('',3,3,((#4103,#4104,#4105,#4106),(#4107,
#4108,#4109,#4110),(#4111,#4112,#4113,#4114),(#4115,#4116,#4117,#4118),
(#4119,#4120,#4121,#4122),(#4123,#4124,#4125,#4126),(#4127,#4128,#4129,
#4130)),.UNSPECIFIED.,.F.,.F.,.F.,(4,3,4),(4,4),(0.,1.,1.00606972669622),
(0.,0.971381884202196),.PIECEWISE_BEZIER_KNOTS.);
#52=B_SPLINE_SURFACE_WITH_KNOTS('',3,3,((#4172,#4173,#4174,#4175,#4176,
#4177,#4178,#4179,#4180,#4181),(#4182,#4183,#4184,#4185,#4186,#4187,#4188,
#4189,#4190,#4191),(#4192,#4193,#4194,#4195,#4196,#4197,#4198,#4199,#4200,
#4201),(#4202,#4203,#4204,#4205,#4206,#4207,#4208,#4209,#4210,#4211),(#4212,
#4213,#4214,#4215,#4216,#4217,#4218,#4219,#4220,#4221),(#4222,#4223,#4224,
#4225,#4226,#4227,#4228,#4229,#4230,#4231),(#4232,#4233,#4234,#4235,#4236,
#4237,#4238,#4239,#4240,#4241),(#4242,#4243,#4244,#4245,#4246,#4247,#4248,
#4249,#4250,#4251),(#4252,#4253,#4254,#4255,#4256,#4257,#4258,#4259,#4260,
#4261),(#4262,#4263,#4264,#4265,#4266,#4267,#4268,#4269,#4270,#4271),(#4272,
#4273,#4274,#4275,#4276,#4277,#4278,#4279,#4280,#4281),(#4282,#4283,#4284,
#4285,#4286,#4287,#4288,#4289,#4290,#4291),(#4292,#4293,#4294,#4295,#4296,
#4297,#4298,#4299,#4300,#4301),(#4302,#4303,#4304,#4305,#4306,#4307,#4308,
#4309,#4310,#4311),(#4312,#4313,#4314,#4315,#4316,#4317,#4318,#4319,#4320,
#4321),(#4322,#4323,#4324,#4325,#4326,#4327,#4328,#4329,#4330,#4331),(#4332,
#4333,#4334,#4335,#4336,#4337,#4338,#4339,#4340,#4341),(#4342,#4343,#4344,
#4345,#4346,#4347,#4348,#4349,#4350,#4351)),.UNSPECIFIED.,.F.,.F.,.F.,(4,
2,2,2,2,2,2,2,4),(4,2,2,2,4),(0.,0.125,0.25,0.375,0.5,0.625,0.75,0.875,
1.),(0.,0.375,0.625,0.6875,0.710678433801014),.UNSPECIFIED.);
#53=B_SPLINE_SURFACE_WITH_KNOTS('',3,3,((#4386,#4387,#4388,#4389),(#4390,
#4391,#4392,#4393),(#4394,#4395,#4396,#4397),(#4398,#4399,#4400,#4401),
(#4402,#4403,#4404,#4405),(#4406,#4407,#4408,#4409),(#4410,#4411,#4412,
#4413)),.UNSPECIFIED.,.F.,.F.,.F.,(4,3,4),(4,4),(-0.00606972669627884,0.,
1.),(0.,0.971404619255434),.PIECEWISE_BEZIER_KNOTS.);
#54=B_SPLINE_SURFACE_WITH_KNOTS('',3,3,((#4985,#4986,#4987,#4988),(#4989,
#4990,#4991,#4992),(#4993,#4994,#4995,#4996),(#4997,#4998,#4999,#5000),
(#5001,#5002,#5003,#5004),(#5005,#5006,#5007,#5008),(#5009,#5010,#5011,
#5012),(#5013,#5014,#5015,#5016),(#5017,#5018,#5019,#5020),(#5021,#5022,
#5023,#5024),(#5025,#5026,#5027,#5028),(#5029,#5030,#5031,#5032),(#5033,
#5034,#5035,#5036)),.UNSPECIFIED.,.F.,.F.,.F.,(4,3,2,2,2,4),(4,4),(-0.00600451523296804,
0.,0.25,0.5,0.75,1.),(0.,0.981242004492134),.UNSPECIFIED.);
#55=B_SPLINE_SURFACE_WITH_KNOTS('',3,3,((#5105,#5106,#5107,#5108),(#5109,
#5110,#5111,#5112),(#5113,#5114,#5115,#5116),(#5117,#5118,#5119,#5120),
(#5121,#5122,#5123,#5124),(#5125,#5126,#5127,#5128),(#5129,#5130,#5131,
#5132),(#5133,#5134,#5135,#5136),(#5137,#5138,#5139,#5140),(#5141,#5142,
#5143,#5144),(#5145,#5146,#5147,#5148),(#5149,#5150,#5151,#5152),(#5153,
#5154,#5155,#5156),(#5157,#5158,#5159,#5160),(#5161,#5162,#5163,#5164),
(#5165,#5166,#5167,#5168),(#5169,#5170,#5171,#5172),(#5173,#5174,#5175,
#5176)),.UNSPECIFIED.,.F.,.F.,.F.,(4,2,2,2,2,2,2,2,4),(4,4),(0.,0.125,0.25,
0.375,0.5,0.625,0.75,0.875,1.),(0.,1.),.UNSPECIFIED.);
#56=B_SPLINE_SURFACE_WITH_KNOTS('',3,3,((#5217,#5218,#5219,#5220),(#5221,
#5222,#5223,#5224),(#5225,#5226,#5227,#5228),(#5229,#5230,#5231,#5232),
(#5233,#5234,#5235,#5236),(#5237,#5238,#5239,#5240),(#5241,#5242,#5243,
#5244),(#5245,#5246,#5247,#5248),(#5249,#5250,#5251,#5252),(#5253,#5254,
#5255,#5256),(#5257,#5258,#5259,#5260),(#5261,#5262,#5263,#5264),(#5265,
#5266,#5267,#5268),(#5269,#5270,#5271,#5272),(#5273,#5274,#5275,#5276),
(#5277,#5278,#5279,#5280),(#5281,#5282,#5283,#5284),(#5285,#5286,#5287,
#5288)),.UNSPECIFIED.,.F.,.F.,.F.,(4,2,2,2,2,2,2,2,4),(4,4),(0.,0.125,0.25,
0.375,0.5,0.625,0.75,0.875,1.),(0.,1.),.UNSPECIFIED.);
#57=B_SPLINE_SURFACE_WITH_KNOTS('',3,3,((#5329,#5330,#5331,#5332),(#5333,
#5334,#5335,#5336),(#5337,#5338,#5339,#5340),(#5341,#5342,#5343,#5344),
(#5345,#5346,#5347,#5348),(#5349,#5350,#5351,#5352),(#5353,#5354,#5355,
#5356),(#5357,#5358,#5359,#5360),(#5361,#5362,#5363,#5364),(#5365,#5366,
#5367,#5368),(#5369,#5370,#5371,#5372),(#5373,#5374,#5375,#5376),(#5377,
#5378,#5379,#5380),(#5381,#5382,#5383,#5384),(#5385,#5386,#5387,#5388),
(#5389,#5390,#5391,#5392),(#5393,#5394,#5395,#5396),(#5397,#5398,#5399,
#5400)),.UNSPECIFIED.,.F.,.F.,.F.,(4,2,2,2,2,2,2,2,4),(4,4),(0.,0.125,0.25,
0.375,0.5,0.625,0.75,0.875,1.),(0.,1.),.UNSPECIFIED.);
#58=B_SPLINE_SURFACE_WITH_KNOTS('',3,3,((#5432,#5433,#5434,#5435),(#5436,
#5437,#5438,#5439),(#5440,#5441,#5442,#5443),(#5444,#5445,#5446,#5447),
(#5448,#5449,#5450,#5451),(#5452,#5453,#5454,#5455),(#5456,#5457,#5458,
#5459),(#5460,#5461,#5462,#5463),(#5464,#5465,#5466,#5467),(#5468,#5469,
#5470,#5471)),.UNSPECIFIED.,.F.,.F.,.F.,(4,2,2,2,4),(4,4),(0.,0.25,0.5,
0.75,1.),(0.,0.981242002159838),.UNSPECIFIED.);
#59=B_SPLINE_SURFACE_WITH_KNOTS('',1,3,((#6639,#6640,#6641,#6642,#6643,
#6644,#6645,#6646,#6647,#6648),(#6649,#6650,#6651,#6652,#6653,#6654,#6655,
#6656,#6657,#6658)),.RULED_SURF.,.F.,.F.,.F.,(2,2),(4,2,2,2,4),(0.,1.),
(0.,0.00293546685080045,0.00587093370160089,0.00880640055240133,0.0117418674032018),
 .UNSPECIFIED.);
#60=B_SPLINE_SURFACE_WITH_KNOTS('',1,3,((#6665,#6666,#6667,#6668,#6669,
#6670,#6671,#6672,#6673,#6674,#6675,#6676,#6677,#6678,#6679,#6680,#6681,
#6682),(#6683,#6684,#6685,#6686,#6687,#6688,#6689,#6690,#6691,#6692,#6693,
#6694,#6695,#6696,#6697,#6698,#6699,#6700)),.RULED_SURF.,.F.,.F.,.F.,(2,
2),(4,2,2,2,2,2,2,2,4),(0.,1.),(0.,0.00903970391359078,0.0180794078271816,
0.0271191117407724,0.0361588156543632,0.0451985195679539,0.0542382234815447,
0.0632779273951355,0.0723176313087263),.UNSPECIFIED.);
#61=B_SPLINE_SURFACE_WITH_KNOTS('',1,3,((#6710,#6711,#6712,#6713,#6714,
#6715,#6716,#6717,#6718,#6719),(#6720,#6721,#6722,#6723,#6724,#6725,#6726,
#6727,#6728,#6729)),.RULED_SURF.,.F.,.F.,.F.,(2,2),(4,2,2,2,4),(0.,1.),
(0.,0.00290140784350629,0.00580281568701257,0.00870422353051886,0.0116056313740251),
 .UNSPECIFIED.);
#62=B_SPLINE_SURFACE_WITH_KNOTS('',1,3,((#6734,#6735,#6736,#6737,#6738,
#6739,#6740,#6741,#6742,#6743),(#6744,#6745,#6746,#6747,#6748,#6749,#6750,
#6751,#6752,#6753)),.RULED_SURF.,.F.,.F.,.F.,(2,2),(4,2,2,2,4),(0.,1.),
(0.,0.00290140784350629,0.00580281568701257,0.00870422353051885,0.0116056313740251),
 .UNSPECIFIED.);
#63=B_SPLINE_SURFACE_WITH_KNOTS('',1,3,((#6760,#6761,#6762,#6763,#6764,
#6765,#6766,#6767,#6768,#6769,#6770,#6771,#6772,#6773,#6774,#6775,#6776,
#6777),(#6778,#6779,#6780,#6781,#6782,#6783,#6784,#6785,#6786,#6787,#6788,
#6789,#6790,#6791,#6792,#6793,#6794,#6795)),.RULED_SURF.,.F.,.F.,.F.,(2,
2),(4,2,2,2,2,2,2,2,4),(0.,1.),(0.,0.00903970691246557,0.0180794138249312,
0.0271191207373967,0.0361588276498623,0.0451985345623278,0.0542382414747934,
0.063277948387259,0.0723176552997245),.UNSPECIFIED.);
#64=B_SPLINE_SURFACE_WITH_KNOTS('',1,3,((#6802,#6803,#6804,#6805,#6806,
#6807,#6808,#6809,#6810,#6811),(#6812,#6813,#6814,#6815,#6816,#6817,#6818,
#6819,#6820,#6821)),.RULED_SURF.,.F.,.F.,.F.,(2,2),(4,2,2,2,4),(0.,1.),
(0.,0.00293546685080381,0.00587093370160763,0.00880640055241145,0.0117418674032153),
 .UNSPECIFIED.);
#65=B_SPLINE_SURFACE_WITH_KNOTS('',1,3,((#6841,#6842,#6843,#6844,#6845,
#6846,#6847,#6848,#6849,#6850),(#6851,#6852,#6853,#6854,#6855,#6856,#6857,
#6858,#6859,#6860)),.RULED_SURF.,.F.,.F.,.F.,(2,2),(4,2,2,2,4),(0.,1.),
(0.,0.00293546685080256,0.00587093370160511,0.00880640055240766,0.0117418674032102),
 .UNSPECIFIED.);
#66=B_SPLINE_SURFACE_WITH_KNOTS('',1,3,((#6867,#6868,#6869,#6870,#6871,
#6872,#6873,#6874,#6875,#6876,#6877,#6878,#6879,#6880,#6881,#6882,#6883,
#6884),(#6885,#6886,#6887,#6888,#6889,#6890,#6891,#6892,#6893,#6894,#6895,
#6896,#6897,#6898,#6899,#6900,#6901,#6902)),.RULED_SURF.,.F.,.F.,.F.,(2,
2),(4,2,2,2,2,2,2,2,4),(0.,1.),(0.,0.00903971707452383,0.0180794341490477,
0.0271191512235715,0.0361588682980953,0.0451985853726191,0.054238302447143,
0.0632780195216668,0.0723177365961906),.UNSPECIFIED.);
#67=B_SPLINE_SURFACE_WITH_KNOTS('',1,3,((#6912,#6913,#6914,#6915,#6916,
#6917,#6918,#6919,#6920,#6921),(#6922,#6923,#6924,#6925,#6926,#6927,#6928,
#6929,#6930,#6931)),.RULED_SURF.,.F.,.F.,.F.,(2,2),(4,2,2,2,4),(0.,1.),
(0.,0.00290140784350629,0.00580281568701258,0.00870422353051887,0.0116056313740252),
 .UNSPECIFIED.);
#68=B_SPLINE_SURFACE_WITH_KNOTS('',1,3,((#6936,#6937,#6938,#6939,#6940,
#6941),(#6942,#6943,#6944,#6945,#6946,#6947)),.RULED_SURF.,.F.,.F.,.F.,
(2,2),(4,2,4),(0.,1.),(9.62886787243549E-8,0.00433158213081198,0.00866313618004287),
 .UNSPECIFIED.);
#69=B_SPLINE_SURFACE_WITH_KNOTS('',1,3,((#6954,#6955,#6956,#6957),(#6958,
#6959,#6960,#6961)),.RULED_SURF.,.F.,.F.,.F.,(2,2),(4,4),(0.,1.),(0.,0.00839739123246566),
 .PIECEWISE_BEZIER_KNOTS.);
#70=B_SPLINE_SURFACE_WITH_KNOTS('',1,3,((#6968,#6969,#6970,#6971,#6972,
#6973),(#6974,#6975,#6976,#6977,#6978,#6979)),.RULED_SURF.,.F.,.F.,.F.,
(2,2),(4,2,4),(0.,1.),(0.,0.00309660306877044,0.00619320613754089),
 .UNSPECIFIED.);
#71=B_SPLINE_SURFACE_WITH_KNOTS('',1,3,((#6993,#6994,#6995,#6996,#6997,
#6998),(#6999,#7000,#7001,#7002,#7003,#7004)),.RULED_SURF.,.F.,.F.,.F.,
(2,2),(4,2,4),(0.,1.),(0.,0.000495302975523487,0.000990605951046974),
 .UNSPECIFIED.);
#72=B_SPLINE_SURFACE_WITH_KNOTS('',1,3,((#7016,#7017,#7018,#7019,#7020,
#7021),(#7022,#7023,#7024,#7025,#7026,#7027)),.RULED_SURF.,.F.,.F.,.F.,
(2,2),(4,2,4),(0.,1.),(0.,0.00433146763050483,0.00866275107027194),
 .UNSPECIFIED.);
#73=B_SPLINE_SURFACE_WITH_KNOTS('',1,3,((#7034,#7035,#7036,#7037),(#7038,
#7039,#7040,#7041)),.RULED_SURF.,.F.,.F.,.F.,(2,2),(4,4),(0.,1.),(0.,0.00839747894344252),
 .PIECEWISE_BEZIER_KNOTS.);
#74=B_SPLINE_SURFACE_WITH_KNOTS('',1,3,((#7051,#7052,#7053,#7054,#7055,
#7056),(#7057,#7058,#7059,#7060,#7061,#7062)),.RULED_SURF.,.F.,.F.,.F.,
(2,2),(4,2,4),(0.,1.),(0.,0.0030890904525862,0.0061781809051724),
 .UNSPECIFIED.);
#75=B_SPLINE_SURFACE_WITH_KNOTS('',1,3,((#7067,#7068,#7069,#7070,#7071,
#7072),(#7073,#7074,#7075,#7076,#7077,#7078)),.RULED_SURF.,.F.,.F.,.F.,
(2,2),(4,2,4),(0.,1.),(0.,0.000498939686276484,0.000997879372552968),
 .UNSPECIFIED.);
#76=B_SPLINE_CURVE_WITH_KNOTS('',3,(#3812,#3813,#3814,#3815,#3816,#3817,
#3818,#3819,#3820,#3821,#3822),.UNSPECIFIED.,.F.,.F.,(4,1,1,1,1,1,1,1,4),
(0.,0.25,0.375,0.4375,0.5,0.5625,0.625,0.75,1.),.UNSPECIFIED.);
#77=B_SPLINE_CURVE_WITH_KNOTS('',3,(#3827,#3828,#3829,#3830,#3831,#3832,
#3833,#3834),.UNSPECIFIED.,.F.,.F.,(4,1,1,1,1,4),(0.,0.25,0.375,0.5,0.75,
1.),.UNSPECIFIED.);
#78=B_SPLINE_CURVE_WITH_KNOTS('',3,(#3842,#3843,#3844,#3845,#3846,#3847,
#3848,#3849),.UNSPECIFIED.,.F.,.F.,(4,1,1,1,1,4),(0.,0.25,0.5,0.625,0.75,
1.),.UNSPECIFIED.);
#79=B_SPLINE_CURVE_WITH_KNOTS('',3,(#3853,#3854,#3855,#3856,#3857,#3858,
#3859,#3860,#3861,#3862,#3863),.UNSPECIFIED.,.F.,.F.,(4,1,1,1,1,1,1,1,4),
(0.,0.25,0.375,0.4375,0.5,0.5625,0.625,0.75,1.),.UNSPECIFIED.);
#80=B_SPLINE_CURVE_WITH_KNOTS('',3,(#3865,#3866,#3867,#3868),
 .UNSPECIFIED.,.F.,.F.,(4,4),(0.,1.),.UNSPECIFIED.);
#81=B_SPLINE_CURVE_WITH_KNOTS('',3,(#3870,#3871,#3872,#3873,#3874),
 .UNSPECIFIED.,.F.,.F.,(4,1,4),(0.,0.5,1.),.UNSPECIFIED.);
#82=B_SPLINE_CURVE_WITH_KNOTS('',3,(#3886,#3887,#3888,#3889,#3890,#3891,
#3892,#3893,#3894,#3895,#3896,#3897,#3898,#3899,#3900,#3901,#3902,#3903,
#3904,#3905),.UNSPECIFIED.,.F.,.F.,(4,1,1,1,1,1,1,1,1,1,1,1,1,1,1,1,1,4),
(0.,0.125,0.25,0.3125,0.375,0.4375,0.46875,0.5,0.53125,0.5625,0.625,0.6875,
0.71875,0.75,0.78125,0.8125,0.875,1.),.UNSPECIFIED.);
#83=B_SPLINE_CURVE_WITH_KNOTS('',3,(#3907,#3908,#3909,#3910,#3911,#3912,
#3913,#3914,#3915,#3916,#3917,#3918,#3919,#3920,#3921),.UNSPECIFIED.,.F.,
 .F.,(4,1,1,1,1,1,1,1,1,1,1,1,4),(0.,0.125,0.1875,0.25,0.3125,0.375,0.4375,
0.5,0.625,0.75,0.8125,0.875,1.),.UNSPECIFIED.);
#84=B_SPLINE_CURVE_WITH_KNOTS('',3,(#3923,#3924,#3925,#3926,#3927,#3928,
#3929,#3930,#3931,#3932,#3933,#3934,#3935,#3936,#3937,#3938,#3939,#3940,
#3941,#3942,#3943),.UNSPECIFIED.,.F.,.F.,(4,1,1,1,1,1,1,1,1,1,1,1,1,1,1,
1,1,1,4),(0.,0.125,0.1875,0.21875,0.25,0.28125,0.3125,0.375,0.4375,0.46875,
0.5,0.53125,0.5625,0.625,0.6875,0.75,0.8125,0.875,1.),.UNSPECIFIED.);
#85=B_SPLINE_CURVE_WITH_KNOTS('',3,(#3955,#3956,#3957,#3958,#3959,#3960,
#3961,#3962,#3963,#3964,#3965,#3966,#3967,#3968,#3969,#3970,#3971,#3972,
#3973,#3974),.UNSPECIFIED.,.F.,.F.,(4,1,1,1,1,1,1,1,1,1,1,1,1,1,1,1,1,4),
(0.,0.125,0.25,0.3125,0.375,0.4375,0.46875,0.5,0.53125,0.5625,0.625,0.6875,
0.71875,0.75,0.78125,0.8125,0.875,1.),.UNSPECIFIED.);
#86=B_SPLINE_CURVE_WITH_KNOTS('',3,(#3976,#3977,#3978,#3979,#3980,#3981,
#3982,#3983,#3984,#3985,#3986,#3987,#3988,#3989,#3990),.UNSPECIFIED.,.F.,
 .F.,(4,1,1,1,1,1,1,1,1,1,1,1,4),(0.,0.125,0.1875,0.25,0.3125,0.375,0.4375,
0.5,0.625,0.75,0.8125,0.875,1.),.UNSPECIFIED.);
#87=B_SPLINE_CURVE_WITH_KNOTS('',3,(#3992,#3993,#3994,#3995,#3996,#3997,
#3998,#3999,#4000,#4001,#4002,#4003,#4004,#4005,#4006,#4007,#4008,#4009,
#4010,#4011,#4012),.UNSPECIFIED.,.F.,.F.,(4,1,1,1,1,1,1,1,1,1,1,1,1,1,1,
1,1,1,4),(0.,0.125,0.1875,0.21875,0.25,0.28125,0.3125,0.375,0.4375,0.46875,
0.5,0.53125,0.5625,0.625,0.6875,0.75,0.8125,0.875,1.),.UNSPECIFIED.);
#88=B_SPLINE_CURVE_WITH_KNOTS('',3,(#4024,#4025,#4026,#4027,#4028,#4029,
#4030,#4031,#4032,#4033,#4034,#4035,#4036,#4037,#4038,#4039,#4040,#4041,
#4042,#4043),.UNSPECIFIED.,.F.,.F.,(4,1,1,1,1,1,1,1,1,1,1,1,1,1,1,1,1,4),
(0.,0.125,0.25,0.3125,0.375,0.4375,0.46875,0.5,0.53125,0.5625,0.625,0.6875,
0.71875,0.75,0.78125,0.8125,0.875,1.),.UNSPECIFIED.);
#89=B_SPLINE_CURVE_WITH_KNOTS('',3,(#4045,#4046,#4047,#4048,#4049,#4050,
#4051,#4052,#4053,#4054,#4055,#4056,#4057,#4058,#4059),.UNSPECIFIED.,.F.,
 .F.,(4,1,1,1,1,1,1,1,1,1,1,1,4),(0.,0.125,0.1875,0.25,0.3125,0.375,0.4375,
0.5,0.625,0.75,0.8125,0.875,1.),.UNSPECIFIED.);
#90=B_SPLINE_CURVE_WITH_KNOTS('',3,(#4061,#4062,#4063,#4064,#4065,#4066,
#4067,#4068,#4069,#4070,#4071,#4072,#4073,#4074,#4075,#4076,#4077,#4078,
#4079,#4080,#4081),.UNSPECIFIED.,.F.,.F.,(4,1,1,1,1,1,1,1,1,1,1,1,1,1,1,
1,1,1,4),(0.,0.125,0.1875,0.21875,0.25,0.28125,0.3125,0.375,0.4375,0.46875,
0.5,0.53125,0.5625,0.625,0.6875,0.75,0.8125,0.875,1.),.UNSPECIFIED.);
#91=B_SPLINE_CURVE_WITH_KNOTS('',3,(#4093,#4094,#4095,#4096,#4097),
 .UNSPECIFIED.,.F.,.F.,(4,1,4),(0.,0.5,1.),.UNSPECIFIED.);
#92=B_SPLINE_CURVE_WITH_KNOTS('',3,(#4099,#4100,#4101,#4102),
 .UNSPECIFIED.,.F.,.F.,(4,4),(0.,1.),.UNSPECIFIED.);
#93=B_SPLINE_CURVE_WITH_KNOTS('',3,(#4131,#4132,#4133,#4134),
 .UNSPECIFIED.,.F.,.F.,(4,4),(1.73472347597681E-17,0.0120816553205739),
 .UNSPECIFIED.);
#94=B_SPLINE_CURVE_WITH_KNOTS('',3,(#4137,#4138,#4139,#4140),
 .UNSPECIFIED.,.F.,.F.,(4,4),(0.,1.),.UNSPECIFIED.);
#95=B_SPLINE_CURVE_WITH_KNOTS('',3,(#4142,#4143,#4144,#4145,#4146),
 .UNSPECIFIED.,.F.,.F.,(4,1,4),(0.00164802054813237,0.00931933384573789,
0.0169906471433434),.UNSPECIFIED.);
#96=B_SPLINE_CURVE_WITH_KNOTS('',3,(#4148,#4149,#4150,#4151,#4152,#4153,
#4154),.UNSPECIFIED.,.F.,.F.,(4,1,1,1,4),(-3.84352840558961E-5,0.00572650988166654,
0.011491455047389,0.0172564002131114,0.0230213453788339),.UNSPECIFIED.);
#97=B_SPLINE_CURVE_WITH_KNOTS('',3,(#4158,#4159,#4160,#4161,#4162,#4163,
#4164,#4165,#4166),.UNSPECIFIED.,.F.,.F.,(4,1,1,1,1,1,4),(-0.00102450910011256,
0.00222568231697122,0.00547587373405501,0.0087260651511388,0.0119762565682226,
0.0184766394023902,0.0249770222365577),.UNSPECIFIED.);
#98=B_SPLINE_CURVE_WITH_KNOTS('',3,(#4168,#4169,#4170,#4171),
 .UNSPECIFIED.,.F.,.F.,(4,4),(0.,0.0124867540559978),.UNSPECIFIED.);
#99=B_SPLINE_CURVE_WITH_KNOTS('',3,(#4352,#4353,#4354,#4355,#4356,#4357,
#4358,#4359,#4360,#4361),.UNSPECIFIED.,.F.,.F.,(4,1,1,1,1,1,1,4),(-0.00102455774952511,
0.000572168647746788,0.00216889504501868,0.00536234783956247,0.00855580063410626,
0.0117492534286501,0.0181361590177376,0.0245230646068252),.UNSPECIFIED.);
#100=B_SPLINE_CURVE_WITH_KNOTS('',3,(#4364,#4365,#4366,#4367,#4368,#4369,
#4370,#4371,#4372,#4373),.UNSPECIFIED.,.F.,.F.,(4,1,1,1,1,1,1,4),(0.,0.0075205573879329,
0.0112808360818994,0.0150411147758658,0.0188013934698323,0.0225616721637987,
0.0263219508577652,0.0300822295517316),.UNSPECIFIED.);
#101=B_SPLINE_CURVE_WITH_KNOTS('',3,(#4375,#4376,#4377,#4378,#4379,#4380,
#4381,#4382,#4383,#4384),.UNSPECIFIED.,.F.,.F.,(4,1,1,1,1,1,1,4),(0.0107769207828095,
0.0169961708335405,0.0232154208842715,0.0263250459096369,0.0294346709350024,
0.0325442959603679,0.0340991084730507,0.0356539209857334),.UNSPECIFIED.);
#102=B_SPLINE_CURVE_WITH_KNOTS('',3,(#4414,#4415,#4416,#4417,#4418),
 .UNSPECIFIED.,.F.,.F.,(4,1,4),(-3.65687604069285E-5,0.00763695224081083,
0.0153104732420286),.UNSPECIFIED.);
#103=B_SPLINE_CURVE_WITH_KNOTS('',3,(#4421,#4422,#4423,#4424),
 .UNSPECIFIED.,.F.,.F.,(4,4),(0.,1.),.UNSPECIFIED.);
#104=B_SPLINE_CURVE_WITH_KNOTS('',3,(#4426,#4427,#4428,#4429),
 .UNSPECIFIED.,.F.,.F.,(4,4),(0.00162691403379594,0.0137100918433842),
 .UNSPECIFIED.);
#105=B_SPLINE_CURVE_WITH_KNOTS('',3,(#4431,#4432,#4433,#4434),
 .UNSPECIFIED.,.F.,.F.,(4,4),(0.,0.0124867541375929),.UNSPECIFIED.);
#106=B_SPLINE_CURVE_WITH_KNOTS('',3,(#4436,#4437,#4438,#4439,#4440,#4441,
#4442,#4443,#4444),.UNSPECIFIED.,.F.,.F.,(4,1,1,1,1,1,4),(0.0137349954965462,
0.0201043296388303,0.0264736637811145,0.0296583308522565,0.0328429979233986,
0.0360276649945406,0.0392123320656827),.UNSPECIFIED.);
#107=B_SPLINE_CURVE_WITH_KNOTS('',3,(#4447,#4448,#4449,#4450,#4451,#4452,
#4453,#4454),.UNSPECIFIED.,.F.,.F.,(4,1,1,1,1,4),(-5.99999999998542E-8,
0.00287701417504461,0.00575408835008921,0.0115082367001784,0.0172623850502676,
0.0230165334003568),.UNSPECIFIED.);
#108=B_SPLINE_CURVE_WITH_KNOTS('',3,(#4524,#4525,#4526,#4527),
 .UNSPECIFIED.,.F.,.F.,(4,4),(6.93889390390723E-18,0.00499947932457886),
 .UNSPECIFIED.);
#109=B_SPLINE_CURVE_WITH_KNOTS('',3,(#4597,#4598,#4599,#4600,#4601),
 .UNSPECIFIED.,.F.,.F.,(4,1,4),(3.97556877665063E-15,0.00250483727489995,
0.00500967454979593),.UNSPECIFIED.);
#110=B_SPLINE_CURVE_WITH_KNOTS('',3,(#4623,#4624,#4625,#4626,#4627,#4628,
#4629,#4630,#4631,#4632,#4633,#4634,#4635,#4636,#4637,#4638,#4639,#4640,
#4641,#4642,#4643,#4644,#4645,#4646,#4647,#4648,#4649,#4650,#4651,#4652,
#4653,#4654,#4655,#4656,#4657,#4658,#4659,#4660,#4661,#4662,#4663,#4664,
#4665,#4666,#4667,#4668,#4669,#4670,#4671,#4672,#4673),.UNSPECIFIED.,.F.,
 .F.,(4,1,1,1,1,1,1,1,1,1,1,1,1,1,1,1,1,1,1,1,1,1,1,1,1,1,1,1,1,1,1,1,1,
1,1,1,1,1,1,1,1,1,1,1,1,1,1,1,4),(0.,0.00766368814352765,0.0114955322152915,
0.0153273762870553,0.0191592203588191,0.022991064430583,0.0306547525741106,
0.0459821288611659,0.0613095051482212,0.0766368814352765,0.0919642577223318,
0.122619010296442,0.153273762870553,0.183928515444664,0.214583268018774,
0.245238020592885,0.306547525741106,0.367857030889327,0.429166536037549,
0.49047604118577,0.52113079375988,0.551785546333991,0.567112922621046,0.582440298908102,
0.597767675195157,0.613095051482212,0.62075873962574,0.624590583697504,
0.628422427769267,0.636086115912795,0.643749804056323,0.674404556630433,
0.689731932917489,0.697395621061016,0.705059309204544,0.720386685491599,
0.735714061778655,0.743377749922182,0.75104143806571,0.758705126209237,
0.766368814352765,0.781696190639821,0.797023566926876,0.812350943213931,
0.827678319500986,0.858333072075097,0.888987824649208,0.919642577223318,
0.980952082371539),.UNSPECIFIED.);
#111=B_SPLINE_CURVE_WITH_KNOTS('',3,(#4697,#4698,#4699,#4700,#4701,#4702,
#4703,#4704,#4705,#4706,#4707,#4708,#4709,#4710,#4711,#4712,#4713,#4714,
#4715,#4716,#4717,#4718,#4719,#4720,#4721,#4722,#4723,#4724,#4725,#4726,
#4727,#4728,#4729,#4730,#4731,#4732,#4733,#4734,#4735,#4736,#4737,#4738,
#4739,#4740,#4741),.UNSPECIFIED.,.F.,.F.,(4,1,1,1,1,1,1,1,1,1,1,1,1,1,1,
1,1,1,1,1,1,1,1,1,1,1,1,1,1,1,1,1,1,1,1,1,1,1,1,1,1,1,4),(0.0190507121077102,
0.0803600426009783,0.111014707847612,0.141669373094246,0.17232403834088,
0.187651370964197,0.202978703587514,0.218306036210832,0.233633368834149,
0.241297035145807,0.248960701457466,0.256624367769124,0.264288034080783,
0.2796153667041,0.294942699327417,0.302606365639075,0.310270031950734,0.325597364574051,
0.356252029820685,0.363915696132343,0.371579362444002,0.375411195599831,
0.37924302875566,0.386906695067319,0.402234027690636,0.417561360313953,
0.43288869293727,0.448216025560587,0.478870690807221,0.509525356053855,
0.570834686547123,0.632144017040391,0.69345334753366,0.754762678026928,
0.785417343273562,0.816072008520196,0.877381339013464,0.908036004260098,
0.938690669506732,0.954018002130049,0.969345334753366,0.984672667376683,
1.),.UNSPECIFIED.);
#112=B_SPLINE_CURVE_WITH_KNOTS('',3,(#4749,#4750,#4751,#4752,#4753,#4754,
#4755,#4756,#4757,#4758,#4759,#4760),.UNSPECIFIED.,.F.,.F.,(4,1,1,1,1,1,
1,1,1,4),(0.,0.00271378221389628,0.00542756442779256,0.00814134664168884,
0.0108551288555851,0.0162826932833777,0.0217102577111702,0.0271378221389628,
0.0325653865667554,0.0434205154223405),.UNSPECIFIED.);
#113=B_SPLINE_CURVE_WITH_KNOTS('',3,(#4785,#4786,#4787,#4788,#4789,#4790,
#4791,#4792,#4793,#4794,#4795,#4796),.UNSPECIFIED.,.F.,.F.,(4,1,1,1,1,1,
1,1,1,4),(0.000949983052165153,0.0117291167052162,0.0171186835317417,0.0225082503582672,
0.0278978171847927,0.0332873840113182,0.0359821674245809,0.0386769508378437,
0.0413717342511064,0.0440665176643691),.UNSPECIFIED.);
#114=B_SPLINE_CURVE_WITH_KNOTS('',3,(#4814,#4815,#4816,#4817,#4818,#4819,
#4820,#4821,#4822,#4823,#4824,#4825),.UNSPECIFIED.,.F.,.F.,(4,1,1,1,1,1,
1,1,1,4),(0.,0.00271378221397705,0.00542756442795411,0.00814134664193116,
0.0108551288559082,0.0162826932838623,0.0217102577118164,0.0271378221397705,
0.0325653865677246,0.0434205154236329),.UNSPECIFIED.);
#115=B_SPLINE_CURVE_WITH_KNOTS('',3,(#4853,#4854,#4855,#4856,#4857,#4858,
#4859,#4860,#4861,#4862,#4863,#4864),.UNSPECIFIED.,.F.,.F.,(4,1,1,1,1,1,
1,1,1,4),(0.000949983052290722,0.011729116637124,0.0171186834295406,0.0225082502219572,
0.0278978170143738,0.0332873838067904,0.0359821672029987,0.038676950599207,
0.0413717339954153,0.0440665173916236),.UNSPECIFIED.);
#116=B_SPLINE_CURVE_WITH_KNOTS('',3,(#4882,#4883,#4884,#4885,#4886,#4887,
#4888,#4889,#4890,#4891,#4892,#4893),.UNSPECIFIED.,.F.,.F.,(4,1,1,1,1,1,
1,1,1,4),(0.,0.0027137820790422,0.0054275641580844,0.0081413462371266,0.0108551283161688,
0.0162826924742532,0.0217102566323376,0.027137820790422,0.0325653849485064,
0.0434205132646752),.UNSPECIFIED.);
#117=B_SPLINE_CURVE_WITH_KNOTS('',3,(#4921,#4922,#4923,#4924,#4925,#4926,
#4927,#4928,#4929,#4930,#4931,#4932),.UNSPECIFIED.,.F.,.F.,(4,1,1,1,1,1,
1,1,1,4),(0.000949983052165133,0.0117291167052161,0.0171186835317416,0.0225082503582671,
0.0278978171847926,0.0332873840113181,0.0359821674245809,0.0386769508378436,
0.0413717342511064,0.0440665176643691),.UNSPECIFIED.);
#118=B_SPLINE_CURVE_WITH_KNOTS('',3,(#5037,#5038,#5039,#5040,#5041),
 .UNSPECIFIED.,.F.,.F.,(4,1,4),(-3.49187962023817E-5,0.00674532799978631,
0.013525574795775),.UNSPECIFIED.);
#119=B_SPLINE_CURVE_WITH_KNOTS('',3,(#5043,#5044,#5045,#5046),
 .UNSPECIFIED.,.F.,.F.,(4,4),(2.5138286148924E-5,0.999990133150341),
 .UNSPECIFIED.);
#120=B_SPLINE_CURVE_WITH_KNOTS('',3,(#5094,#5095,#5096,#5097,#5098,#5099,
#5100,#5101,#5102,#5103,#5104),.UNSPECIFIED.,.F.,.F.,(4,1,1,1,1,1,1,1,4),
(-6.00000000010704E-8,0.00134322880142683,0.00268651760285366,0.00537309520570732,
0.00805967280856099,0.0107462504114147,0.0134328280142683,0.016119405617122,
0.0214925608228293),.UNSPECIFIED.);
#121=B_SPLINE_CURVE_WITH_KNOTS('',3,(#5177,#5178,#5179,#5180,#5181,#5182,
#5183,#5184,#5185,#5186,#5187),.UNSPECIFIED.,.F.,.F.,(4,1,1,1,1,1,1,1,4),
(-5.99999999963359E-8,0.00495539583761165,0.00743312375641748,0.0099108516752233,
0.014866307512835,0.0198217633504466,0.0247772191880583,0.0297326750256699,
0.0396435867008932),.UNSPECIFIED.);
#122=B_SPLINE_CURVE_WITH_KNOTS('',3,(#5189,#5190,#5191,#5192,#5193,#5194,
#5195),.UNSPECIFIED.,.F.,.F.,(4,1,1,1,4),(0.,0.25,0.5,0.75,1.),
 .UNSPECIFIED.);
#123=B_SPLINE_CURVE_WITH_KNOTS('',3,(#5197,#5198,#5199,#5200,#5201,#5202,
#5203,#5204,#5205,#5206,#5207),.UNSPECIFIED.,.F.,.F.,(4,1,1,1,1,1,1,1,4),
(0.00173884305354913,0.0115030955605841,0.0163852218141016,0.0212673480676191,
0.0261494743211366,0.0310316005746541,0.0334726637014129,0.0359137268281716,
0.0407958530816891),.UNSPECIFIED.);
#124=B_SPLINE_CURVE_WITH_KNOTS('',3,(#5289,#5290,#5291,#5292,#5293,#5294,
#5295,#5296,#5297,#5298,#5299),.UNSPECIFIED.,.F.,.F.,(4,1,1,1,1,1,1,1,4),
(-5.99999999963359E-8,0.00495539578889713,0.0074331236833457,0.00991085157779427,
0.0148663073666914,0.0198217631555885,0.0247772189444857,0.0297326747333828,
0.0396435863111771),.UNSPECIFIED.);
#125=B_SPLINE_CURVE_WITH_KNOTS('',3,(#5301,#5302,#5303,#5304,#5305,#5306,
#5307),.UNSPECIFIED.,.F.,.F.,(4,1,1,1,4),(0.,0.25,0.5,0.75,1.),
 .UNSPECIFIED.);
#126=B_SPLINE_CURVE_WITH_KNOTS('',3,(#5309,#5310,#5311,#5312,#5313,#5314,
#5315,#5316,#5317,#5318,#5319),.UNSPECIFIED.,.F.,.F.,(4,1,1,1,1,1,1,1,4),
(0.00173884305190875,0.0115030957821606,0.0163852221472866,0.0212673485124125,
0.0261494748775385,0.0310316012426644,0.0334726644252274,0.0359137276077904,
0.0407958539729163),.UNSPECIFIED.);
#127=B_SPLINE_CURVE_WITH_KNOTS('',3,(#5401,#5402,#5403,#5404,#5405,#5406,
#5407,#5408,#5409,#5410,#5411),.UNSPECIFIED.,.F.,.F.,(4,1,1,1,1,1,1,1,4),
(-5.99999999963359E-8,0.00495539583761156,0.00743312375641734,0.00991085167522312,
0.0148663075128347,0.0198217633504462,0.0247772191880578,0.0297326750256693,
0.0396435867008924),.UNSPECIFIED.);
#128=B_SPLINE_CURVE_WITH_KNOTS('',3,(#5413,#5414,#5415,#5416,#5417,#5418,
#5419),.UNSPECIFIED.,.F.,.F.,(4,1,1,1,4),(0.,0.25,0.5,0.75,1.),
 .UNSPECIFIED.);
#129=B_SPLINE_CURVE_WITH_KNOTS('',3,(#5421,#5422,#5423,#5424,#5425,#5426,
#5427,#5428,#5429,#5430,#5431),.UNSPECIFIED.,.F.,.F.,(4,1,1,1,1,1,1,1,4),
(0.00173884305193123,0.0115030957821775,0.0163852221473006,0.0212673485124238,
0.0261494748775469,0.03103160124267,0.0334726644252316,0.0359137276077932,
0.0407958539729163),.UNSPECIFIED.);
#130=B_SPLINE_CURVE_WITH_KNOTS('',3,(#5511,#5512,#5513,#5514),
 .UNSPECIFIED.,.F.,.F.,(4,4),(9.85584796500925E-6,1.),.UNSPECIFIED.);
#131=B_SPLINE_CURVE_WITH_KNOTS('',3,(#5516,#5517,#5518,#5519,#5520),
 .UNSPECIFIED.,.F.,.F.,(4,1,4),(0.00115118267342832,0.00792524424750716,
0.014699305821586),.UNSPECIFIED.);
#132=B_SPLINE_CURVE_WITH_KNOTS('',3,(#5521,#5522,#5523,#5524,#5525,#5526,
#5527,#5528,#5529,#5530,#5531),.UNSPECIFIED.,.F.,.F.,(4,1,1,1,1,1,1,1,4),
(-3.1982452054694E-5,0.00530088444695409,0.00796731789645848,0.0106337513459629,
0.0133001847954673,0.0159666182449717,0.0186330516944761,0.0199662684192282,
0.0212994851439804),.UNSPECIFIED.);
#133=B_SPLINE_CURVE_WITH_KNOTS('',3,(#5609,#5610,#5611,#5612,#5613),
 .UNSPECIFIED.,.F.,.F.,(4,1,4),(0.,0.5,1.),.UNSPECIFIED.);
#134=B_SPLINE_CURVE_WITH_KNOTS('',3,(#5691,#5692,#5693,#5694,#5695),
 .UNSPECIFIED.,.F.,.F.,(4,1,4),(0.,0.5,1.),.UNSPECIFIED.);
#135=B_SPLINE_CURVE_WITH_KNOTS('',3,(#5810,#5811,#5812,#5813,#5814,#5815,
#5816,#5817,#5818,#5819,#5820,#5821,#5822,#5823,#5824,#5825,#5826,#5827,
#5828),.UNSPECIFIED.,.F.,.F.,(4,1,1,1,1,1,1,1,1,1,1,1,1,1,1,1,4),(7.80396838798884E-6,
0.0625065174659102,0.125005230963432,0.187503944460955,0.218753301209716,
0.250002657958477,0.281252014707238,0.312501371455999,0.375000084953521,
0.437498798451043,0.468748155199804,0.499997511948565,0.531246868697327,
0.562496225446088,0.62499493894361,0.749992365938654,0.999987219928743),
 .UNSPECIFIED.);
#136=B_SPLINE_CURVE_WITH_KNOTS('',3,(#5967,#5968,#5969,#5970,#5971,#5972,
#5973,#5974,#5975,#5976,#5977,#5978,#5979,#5980,#5981,#5982,#5983,#5984,
#5985),.UNSPECIFIED.,.F.,.F.,(4,1,1,1,1,1,1,1,1,1,1,1,1,1,1,1,4),(1.28007210692249E-5,
0.250007665585878,0.375005098018282,0.437503814234484,0.468753172342585,
0.500002530450686,0.531251888558787,0.562501246666888,0.62499996288309,
0.687498679099293,0.718748037207394,0.749997395315495,0.781246753423596,
0.812496111531697,0.874994827747899,0.937493543964101,0.999992260180303),
 .UNSPECIFIED.);
#137=B_SPLINE_CURVE_WITH_KNOTS('',3,(#6024,#6025,#6026,#6027,#6028,#6029,
#6030),.UNSPECIFIED.,.F.,.F.,(4,1,1,1,4),(0.,0.25,0.5,0.75,1.),
 .UNSPECIFIED.);
#138=B_SPLINE_CURVE_WITH_KNOTS('',3,(#6069,#6070,#6071,#6072,#6073,#6074,
#6075),.UNSPECIFIED.,.F.,.F.,(4,1,1,1,4),(0.,0.25,0.5,0.75,1.),
 .UNSPECIFIED.);
#139=B_SPLINE_CURVE_WITH_KNOTS('',3,(#6120,#6121,#6122,#6123,#6124,#6125,
#6126),.UNSPECIFIED.,.F.,.F.,(4,1,1,1,4),(0.,0.25,0.5,0.75,1.),
 .UNSPECIFIED.);
#140=B_SPLINE_CURVE_WITH_KNOTS('',3,(#6165,#6166,#6167,#6168,#6169,#6170,
#6171),.UNSPECIFIED.,.F.,.F.,(4,1,1,1,4),(0.,0.25,0.5,0.75,1.),
 .UNSPECIFIED.);
#141=B_SPLINE_CURVE_WITH_KNOTS('',3,(#6210,#6211,#6212,#6213,#6214,#6215,
#6216),.UNSPECIFIED.,.F.,.F.,(4,1,1,1,4),(0.,0.25,0.5,0.75,1.),
 .UNSPECIFIED.);
#142=B_SPLINE_CURVE_WITH_KNOTS('',3,(#6255,#6256,#6257,#6258,#6259,#6260,
#6261),.UNSPECIFIED.,.F.,.F.,(4,1,1,1,4),(0.,0.25,0.5,0.75,1.),
 .UNSPECIFIED.);
#143=B_SPLINE_CURVE_WITH_KNOTS('',3,(#6301,#6302,#6303,#6304),
 .UNSPECIFIED.,.F.,.F.,(4,4),(0.000396942331619404,0.00989154757122849),
 .UNSPECIFIED.);
#144=B_SPLINE_CURVE_WITH_KNOTS('',3,(#6313,#6314,#6315,#6316,#6317),
 .UNSPECIFIED.,.F.,.F.,(4,1,4),(0.,0.000831832528122391,0.00166366505624478),
 .UNSPECIFIED.);
#145=B_SPLINE_CURVE_WITH_KNOTS('',3,(#6327,#6328,#6329,#6330),
 .UNSPECIFIED.,.F.,.F.,(4,4),(0.000900912276290325,0.0103958771657888),
 .UNSPECIFIED.);
#146=B_SPLINE_CURVE_WITH_KNOTS('',3,(#6332,#6333,#6334,#6335,#6336),
 .UNSPECIFIED.,.F.,.F.,(4,1,4),(0.,0.000830970308871393,0.00166194061774279),
 .UNSPECIFIED.);
#147=B_SPLINE_CURVE_WITH_KNOTS('',3,(#6340,#6341,#6342,#6343),
 .UNSPECIFIED.,.F.,.F.,(4,4),(0.,0.000261991827372506),.UNSPECIFIED.);
#148=B_SPLINE_CURVE_WITH_KNOTS('',3,(#6345,#6346,#6347,#6348),
 .UNSPECIFIED.,.F.,.F.,(4,4),(0.000249678736664461,0.0114869937029734),
 .UNSPECIFIED.);
#149=B_SPLINE_CURVE_WITH_KNOTS('',3,(#6350,#6351,#6352,#6353,#6354),
 .UNSPECIFIED.,.F.,.F.,(4,1,4),(0.,0.00230001803502962,0.00460003607005924),
 .UNSPECIFIED.);
#150=B_SPLINE_CURVE_WITH_KNOTS('',3,(#6356,#6357,#6358,#6359,#6360,#6361,
#6362,#6363,#6364,#6365),.UNSPECIFIED.,.F.,.F.,(4,1,1,1,1,1,1,4),(0.,0.00393047302014644,
0.00786094604029289,0.0117914190604393,0.0157218920805858,0.0196523651007322,
0.0235828381208787,0.0314437841611716),.UNSPECIFIED.);
#151=B_SPLINE_CURVE_WITH_KNOTS('',3,(#6367,#6368,#6369,#6370),
 .UNSPECIFIED.,.F.,.F.,(4,4),(0.,0.00459601173048187),.UNSPECIFIED.);
#152=B_SPLINE_CURVE_WITH_KNOTS('',3,(#6372,#6373,#6374,#6375),
 .UNSPECIFIED.,.F.,.F.,(4,4),(0.,0.0112373148813707),.UNSPECIFIED.);
#153=B_SPLINE_CURVE_WITH_KNOTS('',3,(#6377,#6378,#6379,#6380),
 .UNSPECIFIED.,.F.,.F.,(4,4),(0.,0.000261991827382718),.UNSPECIFIED.);
#154=B_SPLINE_CURVE_WITH_KNOTS('',3,(#6393,#6394,#6395,#6396,#6397),
 .UNSPECIFIED.,.F.,.F.,(4,1,4),(5.1196409407631E-5,0.50002552433534,0.999999852261273),
 .UNSPECIFIED.);
#155=B_SPLINE_CURVE_WITH_KNOTS('',3,(#6398,#6399,#6400,#6401,#6402,#6403,
#6404),.UNSPECIFIED.,.F.,.F.,(4,1,1,1,4),(4.17776736080521E-17,0.000669413269484101,
0.00133882653896816,0.00200823980845222,0.00267765307793628),
 .UNSPECIFIED.);
#156=B_SPLINE_CURVE_WITH_KNOTS('',3,(#6417,#6418,#6419,#6420,#6421,#6422,
#6423,#6424,#6425,#6426,#6427),.UNSPECIFIED.,.F.,.F.,(4,1,1,1,1,1,1,1,4),
(6.70312953795123E-16,0.000481916507735186,0.000963833015469701,0.00120479126933696,
0.00144574952320422,0.00192766603093873,0.00240958253867325,0.00289149904640776,
0.00385533206187679),.UNSPECIFIED.);
#157=B_SPLINE_CURVE_WITH_KNOTS('',3,(#6507,#6508,#6509,#6510,#6511,#6512,
#6513,#6514,#6515,#6516,#6517),.UNSPECIFIED.,.F.,.F.,(4,1,1,1,1,1,1,1,4),
(6.70312953795123E-16,0.000481916507735506,0.000963833015470342,0.00120479126933776,
0.00144574952320518,0.00192766603094001,0.00240958253867485,0.00289149904640968,
0.00385533206187936),.UNSPECIFIED.);
#158=B_SPLINE_CURVE_WITH_KNOTS('',3,(#6530,#6531,#6532,#6533,#6534),
 .UNSPECIFIED.,.F.,.F.,(4,1,4),(1.55991511485399E-7,0.500000077995756,1.),
 .UNSPECIFIED.);
#159=B_SPLINE_CURVE_WITH_KNOTS('',3,(#6535,#6536,#6537,#6538,#6539,#6540,
#6541),.UNSPECIFIED.,.F.,.F.,(4,1,1,1,4),(0.,0.000669413269483985,0.00133882653896797,
0.00200823980845195,0.00267765307793594),.UNSPECIFIED.);
#160=B_SPLINE_CURVE_WITH_KNOTS('',3,(#6633,#6634,#6635,#6636),
 .UNSPECIFIED.,.F.,.F.,(4,4),(0.,1.),.UNSPECIFIED.);
#161=B_SPLINE_CURVE_WITH_KNOTS('',3,(#6659,#6660,#6661,#6662),
 .UNSPECIFIED.,.F.,.F.,(4,4),(0.,1.),.UNSPECIFIED.);
#162=B_SPLINE_CURVE_WITH_KNOTS('',3,(#6701,#6702,#6703,#6704),
 .UNSPECIFIED.,.F.,.F.,(4,4),(0.,1.),.UNSPECIFIED.);
#163=B_SPLINE_CURVE_WITH_KNOTS('',3,(#6706,#6707,#6708,#6709),
 .UNSPECIFIED.,.F.,.F.,(4,4),(0.,1.),.UNSPECIFIED.);
#164=B_SPLINE_CURVE_WITH_KNOTS('',3,(#6730,#6731,#6732,#6733),
 .UNSPECIFIED.,.F.,.F.,(4,4),(0.,1.),.UNSPECIFIED.);
#165=B_SPLINE_CURVE_WITH_KNOTS('',3,(#6754,#6755,#6756,#6757),
 .UNSPECIFIED.,.F.,.F.,(4,4),(0.,1.),.UNSPECIFIED.);
#166=B_SPLINE_CURVE_WITH_KNOTS('',3,(#6796,#6797,#6798,#6799),
 .UNSPECIFIED.,.F.,.F.,(4,4),(0.,1.),.UNSPECIFIED.);
#167=B_SPLINE_CURVE_WITH_KNOTS('',3,(#6822,#6823,#6824,#6825),
 .UNSPECIFIED.,.F.,.F.,(4,4),(0.,1.),.UNSPECIFIED.);
#168=B_SPLINE_CURVE_WITH_KNOTS('',3,(#6835,#6836,#6837,#6838),
 .UNSPECIFIED.,.F.,.F.,(4,4),(0.,1.),.UNSPECIFIED.);
#169=B_SPLINE_CURVE_WITH_KNOTS('',3,(#6861,#6862,#6863,#6864),
 .UNSPECIFIED.,.F.,.F.,(4,4),(0.,1.),.UNSPECIFIED.);
#170=B_SPLINE_CURVE_WITH_KNOTS('',3,(#6903,#6904,#6905,#6906),
 .UNSPECIFIED.,.F.,.F.,(4,4),(0.,1.),.UNSPECIFIED.);
#171=B_SPLINE_CURVE_WITH_KNOTS('',3,(#6908,#6909,#6910,#6911),
 .UNSPECIFIED.,.F.,.F.,(4,4),(0.,0.99999309793885),.UNSPECIFIED.);
#172=B_SPLINE_CURVE_WITH_KNOTS('',3,(#6932,#6933,#6934,#6935),
 .UNSPECIFIED.,.F.,.F.,(4,4),(0.,1.),.UNSPECIFIED.);
#173=B_SPLINE_CURVE_WITH_KNOTS('',3,(#6948,#6949,#6950,#6951),
 .UNSPECIFIED.,.F.,.F.,(4,4),(2.75370682968126E-7,0.999980943554617),
 .UNSPECIFIED.);
#174=B_SPLINE_CURVE_WITH_KNOTS('',3,(#6962,#6963,#6964,#6965),
 .UNSPECIFIED.,.F.,.F.,(4,4),(0.,1.),.UNSPECIFIED.);
#175=B_SPLINE_CURVE_WITH_KNOTS('',3,(#6980,#6981,#6982,#6983),
 .UNSPECIFIED.,.F.,.F.,(4,4),(0.,1.),.UNSPECIFIED.);
#176=B_SPLINE_CURVE_WITH_KNOTS('',3,(#6987,#6988,#6989,#6990),
 .UNSPECIFIED.,.F.,.F.,(4,4),(0.,1.),.UNSPECIFIED.);
#177=B_SPLINE_CURVE_WITH_KNOTS('',3,(#7005,#7006,#7007,#7008),
 .UNSPECIFIED.,.F.,.F.,(4,4),(0.,1.),.UNSPECIFIED.);
#178=B_SPLINE_CURVE_WITH_KNOTS('',3,(#7010,#7011,#7012,#7013),
 .UNSPECIFIED.,.F.,.F.,(4,4),(7.22254731412805E-6,1.),.UNSPECIFIED.);
#179=B_SPLINE_CURVE_WITH_KNOTS('',3,(#7028,#7029,#7030,#7031),
 .UNSPECIFIED.,.F.,.F.,(4,4),(1.88015304125963E-5,1.),.UNSPECIFIED.);
#180=B_SPLINE_CURVE_WITH_KNOTS('',3,(#7042,#7043,#7044,#7045),
 .UNSPECIFIED.,.F.,.F.,(4,4),(0.,1.),.UNSPECIFIED.);
#181=B_SPLINE_CURVE_WITH_KNOTS('',3,(#7047,#7048,#7049,#7050),
 .UNSPECIFIED.,.F.,.F.,(4,4),(0.,1.),.UNSPECIFIED.);
#182=B_SPLINE_CURVE_WITH_KNOTS('',3,(#7063,#7064,#7065,#7066),
 .UNSPECIFIED.,.F.,.F.,(4,4),(0.,1.),.UNSPECIFIED.);
#183=B_SPLINE_CURVE_WITH_KNOTS('',3,(#7079,#7080,#7081,#7082),
 .UNSPECIFIED.,.F.,.F.,(4,4),(0.,1.),.UNSPECIFIED.);
#184=LINE('',#3701,#391);
#185=LINE('',#3704,#392);
#186=LINE('',#3706,#393);
#187=LINE('',#3708,#394);
#188=LINE('',#3710,#395);
#189=LINE('',#3713,#396);
#190=LINE('',#3715,#397);
#191=LINE('',#3717,#398);
#192=LINE('',#3719,#399);
#193=LINE('',#3722,#400);
#194=LINE('',#3724,#401);
#195=LINE('',#3726,#402);
#196=LINE('',#3739,#403);
#197=LINE('',#3742,#404);
#198=LINE('',#3744,#405);
#199=LINE('',#3746,#406);
#200=LINE('',#3748,#407);
#201=LINE('',#3751,#408);
#202=LINE('',#3753,#409);
#203=LINE('',#3755,#410);
#204=LINE('',#3763,#411);
#205=LINE('',#3765,#412);
#206=LINE('',#3767,#413);
#207=LINE('',#3769,#414);
#208=LINE('',#3771,#415);
#209=LINE('',#3773,#416);
#210=LINE('',#3775,#417);
#211=LINE('',#3777,#418);
#212=LINE('',#3780,#419);
#213=LINE('',#3781,#420);
#214=LINE('',#3783,#421);
#215=LINE('',#3785,#422);
#216=LINE('',#3787,#423);
#217=LINE('',#3789,#424);
#218=LINE('',#3790,#425);
#219=LINE('',#3792,#426);
#220=LINE('',#3794,#427);
#221=LINE('',#3795,#428);
#222=LINE('',#3798,#429);
#223=LINE('',#3801,#430);
#224=LINE('',#3803,#431);
#225=LINE('',#3805,#432);
#226=LINE('',#3806,#433);
#227=LINE('',#3808,#434);
#228=LINE('',#3810,#435);
#229=LINE('',#3825,#436);
#230=LINE('',#3836,#437);
#231=LINE('',#3838,#438);
#232=LINE('',#3840,#439);
#233=LINE('',#3851,#440);
#234=LINE('',#3876,#441);
#235=LINE('',#3880,#442);
#236=LINE('',#3884,#443);
#237=LINE('',#3945,#444);
#238=LINE('',#3949,#445);
#239=LINE('',#3953,#446);
#240=LINE('',#4014,#447);
#241=LINE('',#4018,#448);
#242=LINE('',#4022,#449);
#243=LINE('',#4083,#450);
#244=LINE('',#4087,#451);
#245=LINE('',#4091,#452);
#246=LINE('',#4156,#453);
#247=LINE('',#4385,#454);
#248=LINE('',#4445,#455);
#249=LINE('',#4606,#456);
#250=LINE('',#4608,#457);
#251=LINE('',#4610,#458);
#252=LINE('',#4613,#459);
#253=LINE('',#4619,#460);
#254=LINE('',#4621,#461);
#255=LINE('',#4676,#462);
#256=LINE('',#4678,#463);
#257=LINE('',#4680,#464);
#258=LINE('',#4682,#465);
#259=LINE('',#4684,#466);
#260=LINE('',#4686,#467);
#261=LINE('',#4689,#468);
#262=LINE('',#4690,#469);
#263=LINE('',#4692,#470);
#264=LINE('',#4695,#471);
#265=LINE('',#4743,#472);
#266=LINE('',#4745,#473);
#267=LINE('',#4747,#474);
#268=LINE('',#4763,#475);
#269=LINE('',#4765,#476);
#270=LINE('',#4767,#477);
#271=LINE('',#4769,#478);
#272=LINE('',#4771,#479);
#273=LINE('',#4774,#480);
#274=LINE('',#4776,#481);
#275=LINE('',#4778,#482);
#276=LINE('',#4780,#483);
#277=LINE('',#4783,#484);
#278=LINE('',#4798,#485);
#279=LINE('',#4800,#486);
#280=LINE('',#4802,#487);
#281=LINE('',#4804,#488);
#282=LINE('',#4808,#489);
#283=LINE('',#4828,#490);
#284=LINE('',#4830,#491);
#285=LINE('',#4834,#492);
#286=LINE('',#4835,#493);
#287=LINE('',#4837,#494);
#288=LINE('',#4839,#495);
#289=LINE('',#4842,#496);
#290=LINE('',#4844,#497);
#291=LINE('',#4846,#498);
#292=LINE('',#4848,#499);
#293=LINE('',#4851,#500);
#294=LINE('',#4866,#501);
#295=LINE('',#4868,#502);
#296=LINE('',#4870,#503);
#297=LINE('',#4872,#504);
#298=LINE('',#4876,#505);
#299=LINE('',#4896,#506);
#300=LINE('',#4898,#507);
#301=LINE('',#4902,#508);
#302=LINE('',#4903,#509);
#303=LINE('',#4905,#510);
#304=LINE('',#4907,#511);
#305=LINE('',#4910,#512);
#306=LINE('',#4912,#513);
#307=LINE('',#4914,#514);
#308=LINE('',#4916,#515);
#309=LINE('',#4919,#516);
#310=LINE('',#4934,#517);
#311=LINE('',#4936,#518);
#312=LINE('',#4948,#519);
#313=LINE('',#4951,#520);
#314=LINE('',#4953,#521);
#315=LINE('',#4955,#522);
#316=LINE('',#4957,#523);
#317=LINE('',#4959,#524);
#318=LINE('',#5209,#525);
#319=LINE('',#5212,#526);
#320=LINE('',#5214,#527);
#321=LINE('',#5216,#528);
#322=LINE('',#5321,#529);
#323=LINE('',#5324,#530);
#324=LINE('',#5326,#531);
#325=LINE('',#5328,#532);
#326=LINE('',#6307,#533);
#327=LINE('',#6309,#534);
#328=LINE('',#6311,#535);
#329=LINE('',#6319,#536);
#330=LINE('',#6321,#537);
#331=LINE('',#6323,#538);
#332=LINE('',#6325,#539);
#333=LINE('',#6338,#540);
#334=LINE('',#6609,#541);
#335=LINE('',#6610,#542);
#336=LINE('',#6611,#543);
#337=LINE('',#6613,#544);
#338=LINE('',#6615,#545);
#339=LINE('',#6617,#546);
#340=LINE('',#6618,#547);
#341=LINE('',#6619,#548);
#342=LINE('',#6623,#549);
#343=LINE('',#6630,#550);
#344=LINE('',#6631,#551);
#345=LINE('',#6638,#552);
#346=LINE('',#6664,#553);
#347=LINE('',#6759,#554);
#348=LINE('',#6801,#555);
#349=LINE('',#6827,#556);
#350=LINE('',#6829,#557);
#351=LINE('',#6831,#558);
#352=LINE('',#6833,#559);
#353=LINE('',#6840,#560);
#354=LINE('',#6866,#561);
#355=LINE('',#6953,#562);
#356=LINE('',#6967,#563);
#357=LINE('',#6985,#564);
#358=LINE('',#6992,#565);
#359=LINE('',#7015,#566);
#360=LINE('',#7033,#567);
#361=LINE('',#7085,#568);
#362=LINE('',#7087,#569);
#363=LINE('',#7088,#570);
#364=LINE('',#7090,#571);
#365=LINE('',#7092,#572);
#366=LINE('',#7094,#573);
#367=LINE('',#7095,#574);
#368=LINE('',#7097,#575);
#369=LINE('',#7099,#576);
#370=LINE('',#7100,#577);
#371=LINE('',#7102,#578);
#372=LINE('',#7103,#579);
#373=LINE('',#7109,#580);
#374=LINE('',#7111,#581);
#375=LINE('',#7113,#582);
#376=LINE('',#7114,#583);
#377=LINE('',#7116,#584);
#378=LINE('',#7118,#585);
#379=LINE('',#7120,#586);
#380=LINE('',#7122,#587);
#381=LINE('',#7124,#588);
#382=LINE('',#7125,#589);
#383=LINE('',#7127,#590);
#384=LINE('',#7129,#591);
#385=LINE('',#7131,#592);
#386=LINE('',#7133,#593);
#387=LINE('',#7135,#594);
#388=LINE('',#7136,#595);
#389=LINE('',#7138,#596);
#390=LINE('',#7139,#597);
#391=VECTOR('',#3065,1.);
#392=VECTOR('',#3066,1.);
#393=VECTOR('',#3067,1.);
#394=VECTOR('',#3068,1.);
#395=VECTOR('',#3071,1.);
#396=VECTOR('',#3072,1.);
#397=VECTOR('',#3073,1.);
#398=VECTOR('',#3074,1.);
#399=VECTOR('',#3077,1.);
#400=VECTOR('',#3078,1.);
#401=VECTOR('',#3079,1.);
#402=VECTOR('',#3080,1.);
#403=VECTOR('',#3095,1.);
#404=VECTOR('',#3096,1.);
#405=VECTOR('',#3097,1.);
#406=VECTOR('',#3098,1.);
#407=VECTOR('',#3101,1.);
#408=VECTOR('',#3102,1.);
#409=VECTOR('',#3103,1.);
#410=VECTOR('',#3104,1.);
#411=VECTOR('',#3115,1.);
#412=VECTOR('',#3116,1.);
#413=VECTOR('',#3117,1.);
#414=VECTOR('',#3118,1.);
#415=VECTOR('',#3119,1.);
#416=VECTOR('',#3120,1.);
#417=VECTOR('',#3121,1.);
#418=VECTOR('',#3124,1.);
#419=VECTOR('',#3125,1.);
#420=VECTOR('',#3126,1.);
#421=VECTOR('',#3129,1.);
#422=VECTOR('',#3130,1.);
#423=VECTOR('',#3131,1.);
#424=VECTOR('',#3132,1.);
#425=VECTOR('',#3133,1.);
#426=VECTOR('',#3134,1.);
#427=VECTOR('',#3137,1.);
#428=VECTOR('',#3138,1.);
#429=VECTOR('',#3143,1.);
#430=VECTOR('',#3144,1.);
#431=VECTOR('',#3145,1.);
#432=VECTOR('',#3146,1.);
#433=VECTOR('',#3147,1.);
#434=VECTOR('',#3148,1.);
#435=VECTOR('',#3149,1.);
#436=VECTOR('',#3152,1.);
#437=VECTOR('',#3153,1.);
#438=VECTOR('',#3154,1.);
#439=VECTOR('',#3155,1.);
#440=VECTOR('',#3156,1.);
#441=VECTOR('',#3157,1.);
#442=VECTOR('',#3160,1.);
#443=VECTOR('',#3163,1.);
#444=VECTOR('',#3164,1.);
#445=VECTOR('',#3167,1.);
#446=VECTOR('',#3170,1.);
#447=VECTOR('',#3171,1.);
#448=VECTOR('',#3174,1.);
#449=VECTOR('',#3177,1.);
#450=VECTOR('',#3178,1.);
#451=VECTOR('',#3181,1.);
#452=VECTOR('',#3184,1.);
#453=VECTOR('',#3185,1.);
#454=VECTOR('',#3186,1.);
#455=VECTOR('',#3187,1.);
#456=VECTOR('',#3192,1.);
#457=VECTOR('',#3193,1.);
#458=VECTOR('',#3196,1.);
#459=VECTOR('',#3197,1.);
#460=VECTOR('',#3204,1.);
#461=VECTOR('',#3205,1.);
#462=VECTOR('',#3208,1.);
#463=VECTOR('',#3209,1.);
#464=VECTOR('',#3210,1.);
#465=VECTOR('',#3211,1.);
#466=VECTOR('',#3212,1.);
#467=VECTOR('',#3215,1.);
#468=VECTOR('',#3216,1.);
#469=VECTOR('',#3217,1.);
#470=VECTOR('',#3220,1.);
#471=VECTOR('',#3221,1.);
#472=VECTOR('',#3222,1.);
#473=VECTOR('',#3223,1.);
#474=VECTOR('',#3224,1.);
#475=VECTOR('',#3227,1.);
#476=VECTOR('',#3228,1.);
#477=VECTOR('',#3229,1.);
#478=VECTOR('',#3230,1.);
#479=VECTOR('',#3233,1.);
#480=VECTOR('',#3234,1.);
#481=VECTOR('',#3235,1.);
#482=VECTOR('',#3236,1.);
#483=VECTOR('',#3239,1.);
#484=VECTOR('',#3240,1.);
#485=VECTOR('',#3241,1.);
#486=VECTOR('',#3242,1.);
#487=VECTOR('',#3243,1.);
#488=VECTOR('',#3244,1.);
#489=VECTOR('',#3249,1.);
#490=VECTOR('',#3256,1.);
#491=VECTOR('',#3257,1.);
#492=VECTOR('',#3260,1.);
#493=VECTOR('',#3261,1.);
#494=VECTOR('',#3262,1.);
#495=VECTOR('',#3265,1.);
#496=VECTOR('',#3266,1.);
#497=VECTOR('',#3267,1.);
#498=VECTOR('',#3268,1.);
#499=VECTOR('',#3271,1.);
#500=VECTOR('',#3272,1.);
#501=VECTOR('',#3273,1.);
#502=VECTOR('',#3274,1.);
#503=VECTOR('',#3275,1.);
#504=VECTOR('',#3276,1.);
#505=VECTOR('',#3281,1.);
#506=VECTOR('',#3288,1.);
#507=VECTOR('',#3289,1.);
#508=VECTOR('',#3292,1.);
#509=VECTOR('',#3293,1.);
#510=VECTOR('',#3294,1.);
#511=VECTOR('',#3297,1.);
#512=VECTOR('',#3298,1.);
#513=VECTOR('',#3299,1.);
#514=VECTOR('',#3300,1.);
#515=VECTOR('',#3303,1.);
#516=VECTOR('',#3304,1.);
#517=VECTOR('',#3305,1.);
#518=VECTOR('',#3306,1.);
#519=VECTOR('',#3323,1.);
#520=VECTOR('',#3324,1.);
#521=VECTOR('',#3325,1.);
#522=VECTOR('',#3326,1.);
#523=VECTOR('',#3329,1.);
#524=VECTOR('',#3330,1.);
#525=VECTOR('',#3375,1.);
#526=VECTOR('',#3376,1.);
#527=VECTOR('',#3377,1.);
#528=VECTOR('',#3378,1.);
#529=VECTOR('',#3381,1.);
#530=VECTOR('',#3382,1.);
#531=VECTOR('',#3383,1.);
#532=VECTOR('',#3384,1.);
#533=VECTOR('',#3507,1.);
#534=VECTOR('',#3508,1.);
#535=VECTOR('',#3509,1.);
#536=VECTOR('',#3512,1.);
#537=VECTOR('',#3513,1.);
#538=VECTOR('',#3514,1.);
#539=VECTOR('',#3517,1.);
#540=VECTOR('',#3518,1.);
#541=VECTOR('',#3531,1.);
#542=VECTOR('',#3532,1.);
#543=VECTOR('',#3533,1.);
#544=VECTOR('',#3534,1.);
#545=VECTOR('',#3537,1.);
#546=VECTOR('',#3538,1.);
#547=VECTOR('',#3539,1.);
#548=VECTOR('',#3540,1.);
#549=VECTOR('',#3545,1.);
#550=VECTOR('',#3556,1.);
#551=VECTOR('',#3557,1.);
#552=VECTOR('',#3562,1.);
#553=VECTOR('',#3565,1.);
#554=VECTOR('',#3570,1.);
#555=VECTOR('',#3573,1.);
#556=VECTOR('',#3576,1.);
#557=VECTOR('',#3579,1.);
#558=VECTOR('',#3582,1.);
#559=VECTOR('',#3585,1.);
#560=VECTOR('',#3590,1.);
#561=VECTOR('',#3593,1.);
#562=VECTOR('',#3598,1.);
#563=VECTOR('',#3601,1.);
#564=VECTOR('',#3604,1.);
#565=VECTOR('',#3609,1.);
#566=VECTOR('',#3614,1.);
#567=VECTOR('',#3617,1.);
#568=VECTOR('',#3624,1.);
#569=VECTOR('',#3625,1.);
#570=VECTOR('',#3626,1.);
#571=VECTOR('',#3627,1.);
#572=VECTOR('',#3630,1.);
#573=VECTOR('',#3631,1.);
#574=VECTOR('',#3632,1.);
#575=VECTOR('',#3633,1.);
#576=VECTOR('',#3636,1.);
#577=VECTOR('',#3637,1.);
#578=VECTOR('',#3640,1.);
#579=VECTOR('',#3641,1.);
#580=VECTOR('',#3652,1.);
#581=VECTOR('',#3653,1.);
#582=VECTOR('',#3654,1.);
#583=VECTOR('',#3655,1.);
#584=VECTOR('',#3656,1.);
#585=VECTOR('',#3657,1.);
#586=VECTOR('',#3660,1.);
#587=VECTOR('',#3661,1.);
#588=VECTOR('',#3662,1.);
#589=VECTOR('',#3663,1.);
#590=VECTOR('',#3664,1.);
#591=VECTOR('',#3665,1.);
#592=VECTOR('',#3668,1.);
#593=VECTOR('',#3671,1.);
#594=VECTOR('',#3674,1.);
#595=VECTOR('',#3675,1.);
#596=VECTOR('',#3678,1.);
#597=VECTOR('',#3679,1.);
#598=PLANE('',#2840);
#599=PLANE('',#2841);
#600=PLANE('',#2842);
#601=PLANE('',#2849);
#602=PLANE('',#2850);
#603=PLANE('',#2854);
#604=PLANE('',#2855);
#605=PLANE('',#2856);
#606=PLANE('',#2857);
#607=PLANE('',#2858);
#608=PLANE('',#2859);
#609=PLANE('',#2860);
#610=PLANE('',#2861);
#611=PLANE('',#2870);
#612=PLANE('',#2872);
#613=PLANE('',#2874);
#614=PLANE('',#2876);
#615=PLANE('',#2877);
#616=PLANE('',#2878);
#617=PLANE('',#2879);
#618=PLANE('',#2880);
#619=PLANE('',#2881);
#620=PLANE('',#2886);
#621=PLANE('',#2888);
#622=PLANE('',#2889);
#623=PLANE('',#2894);
#624=PLANE('',#2896);
#625=PLANE('',#2897);
#626=PLANE('',#2905);
#627=PLANE('',#2906);
#628=PLANE('',#2907);
#629=PLANE('',#2924);
#630=PLANE('',#2927);
#631=PLANE('',#2928);
#632=PLANE('',#2929);
#633=PLANE('',#2990);
#634=PLANE('',#2991);
#635=PLANE('',#2992);
#636=PLANE('',#2993);
#637=PLANE('',#2998);
#638=PLANE('',#2999);
#639=PLANE('',#3000);
#640=PLANE('',#3002);
#641=PLANE('',#3003);
#642=PLANE('',#3007);
#643=PLANE('',#3008);
#644=PLANE('',#3010);
#645=PLANE('',#3011);
#646=PLANE('',#3013);
#647=PLANE('',#3014);
#648=PLANE('',#3017);
#649=PLANE('',#3018);
#650=PLANE('',#3020);
#651=PLANE('',#3021);
#652=PLANE('',#3023);
#653=PLANE('',#3024);
#654=PLANE('',#3026);
#655=PLANE('',#3027);
#656=PLANE('',#3028);
#657=PLANE('',#3029);
#658=PLANE('',#3030);
#659=PLANE('',#3031);
#660=PLANE('',#3032);
#661=PLANE('',#3033);
#662=PLANE('',#3034);
#663=PLANE('',#3035);
#664=PLANE('',#3036);
#665=PLANE('',#3037);
#666=PLANE('',#3038);
#667=PLANE('',#3039);
#668=PLANE('',#3040);
#669=PLANE('',#3041);
#670=PLANE('',#3042);
#671=PLANE('',#3043);
#672=PLANE('',#3044);
#673=PLANE('',#3045);
#674=PLANE('',#3046);
#675=PLANE('',#3047);
#676=PLANE('',#3048);
#677=ORIENTED_EDGE('',*,*,#1491,.F.);
#678=ORIENTED_EDGE('',*,*,#1492,.F.);
#679=ORIENTED_EDGE('',*,*,#1493,.F.);
#680=ORIENTED_EDGE('',*,*,#1494,.F.);
#681=ORIENTED_EDGE('',*,*,#1495,.F.);
#682=ORIENTED_EDGE('',*,*,#1496,.F.);
#683=ORIENTED_EDGE('',*,*,#1497,.T.);
#684=ORIENTED_EDGE('',*,*,#1498,.T.);
#685=ORIENTED_EDGE('',*,*,#1499,.F.);
#686=ORIENTED_EDGE('',*,*,#1500,.T.);
#687=ORIENTED_EDGE('',*,*,#1501,.T.);
#688=ORIENTED_EDGE('',*,*,#1502,.T.);
#689=ORIENTED_EDGE('',*,*,#1503,.T.);
#690=ORIENTED_EDGE('',*,*,#1504,.T.);
#691=ORIENTED_EDGE('',*,*,#1505,.T.);
#692=ORIENTED_EDGE('',*,*,#1506,.T.);
#693=ORIENTED_EDGE('',*,*,#1507,.F.);
#694=ORIENTED_EDGE('',*,*,#1508,.T.);
#695=ORIENTED_EDGE('',*,*,#1509,.F.);
#696=ORIENTED_EDGE('',*,*,#1510,.F.);
#697=ORIENTED_EDGE('',*,*,#1511,.F.);
#698=ORIENTED_EDGE('',*,*,#1512,.F.);
#699=ORIENTED_EDGE('',*,*,#1513,.F.);
#700=ORIENTED_EDGE('',*,*,#1514,.F.);
#701=ORIENTED_EDGE('',*,*,#1515,.F.);
#702=ORIENTED_EDGE('',*,*,#1516,.T.);
#703=ORIENTED_EDGE('',*,*,#1517,.F.);
#704=ORIENTED_EDGE('',*,*,#1518,.T.);
#705=ORIENTED_EDGE('',*,*,#1519,.T.);
#706=ORIENTED_EDGE('',*,*,#1520,.F.);
#707=ORIENTED_EDGE('',*,*,#1521,.F.);
#708=ORIENTED_EDGE('',*,*,#1522,.T.);
#709=ORIENTED_EDGE('',*,*,#1522,.F.);
#710=ORIENTED_EDGE('',*,*,#1523,.T.);
#711=ORIENTED_EDGE('',*,*,#1524,.F.);
#712=ORIENTED_EDGE('',*,*,#1525,.F.);
#713=ORIENTED_EDGE('',*,*,#1526,.T.);
#714=ORIENTED_EDGE('',*,*,#1527,.F.);
#715=ORIENTED_EDGE('',*,*,#1528,.T.);
#716=ORIENTED_EDGE('',*,*,#1529,.T.);
#717=ORIENTED_EDGE('',*,*,#1496,.T.);
#718=ORIENTED_EDGE('',*,*,#1530,.T.);
#719=ORIENTED_EDGE('',*,*,#1531,.T.);
#720=ORIENTED_EDGE('',*,*,#1526,.F.);
#721=ORIENTED_EDGE('',*,*,#1532,.T.);
#722=ORIENTED_EDGE('',*,*,#1533,.F.);
#723=ORIENTED_EDGE('',*,*,#1498,.F.);
#724=ORIENTED_EDGE('',*,*,#1534,.F.);
#725=ORIENTED_EDGE('',*,*,#1535,.F.);
#726=ORIENTED_EDGE('',*,*,#1536,.T.);
#727=ORIENTED_EDGE('',*,*,#1530,.F.);
#728=ORIENTED_EDGE('',*,*,#1537,.T.);
#729=ORIENTED_EDGE('',*,*,#1538,.T.);
#730=ORIENTED_EDGE('',*,*,#1521,.T.);
#731=ORIENTED_EDGE('',*,*,#1539,.T.);
#732=ORIENTED_EDGE('',*,*,#1538,.F.);
#733=ORIENTED_EDGE('',*,*,#1540,.F.);
#734=ORIENTED_EDGE('',*,*,#1524,.T.);
#735=ORIENTED_EDGE('',*,*,#1525,.T.);
#736=ORIENTED_EDGE('',*,*,#1540,.T.);
#737=ORIENTED_EDGE('',*,*,#1537,.F.);
#738=ORIENTED_EDGE('',*,*,#1532,.F.);
#739=ORIENTED_EDGE('',*,*,#1541,.T.);
#740=ORIENTED_EDGE('',*,*,#1542,.T.);
#741=ORIENTED_EDGE('',*,*,#1543,.T.);
#742=ORIENTED_EDGE('',*,*,#1544,.F.);
#743=ORIENTED_EDGE('',*,*,#1519,.F.);
#744=ORIENTED_EDGE('',*,*,#1545,.T.);
#745=ORIENTED_EDGE('',*,*,#1546,.T.);
#746=ORIENTED_EDGE('',*,*,#1547,.F.);
#747=ORIENTED_EDGE('',*,*,#1548,.T.);
#748=ORIENTED_EDGE('',*,*,#1549,.T.);
#749=ORIENTED_EDGE('',*,*,#1550,.T.);
#750=ORIENTED_EDGE('',*,*,#1551,.T.);
#751=ORIENTED_EDGE('',*,*,#1552,.T.);
#752=ORIENTED_EDGE('',*,*,#1553,.T.);
#753=ORIENTED_EDGE('',*,*,#1554,.T.);
#754=ORIENTED_EDGE('',*,*,#1555,.T.);
#755=ORIENTED_EDGE('',*,*,#1556,.T.);
#756=ORIENTED_EDGE('',*,*,#1557,.T.);
#757=ORIENTED_EDGE('',*,*,#1558,.T.);
#758=ORIENTED_EDGE('',*,*,#1559,.T.);
#759=ORIENTED_EDGE('',*,*,#1560,.T.);
#760=ORIENTED_EDGE('',*,*,#1561,.T.);
#761=ORIENTED_EDGE('',*,*,#1562,.T.);
#762=ORIENTED_EDGE('',*,*,#1563,.T.);
#763=ORIENTED_EDGE('',*,*,#1564,.T.);
#764=ORIENTED_EDGE('',*,*,#1565,.T.);
#765=ORIENTED_EDGE('',*,*,#1566,.T.);
#766=ORIENTED_EDGE('',*,*,#1567,.T.);
#767=ORIENTED_EDGE('',*,*,#1568,.T.);
#768=ORIENTED_EDGE('',*,*,#1569,.T.);
#769=ORIENTED_EDGE('',*,*,#1570,.T.);
#770=ORIENTED_EDGE('',*,*,#1571,.T.);
#771=ORIENTED_EDGE('',*,*,#1572,.T.);
#772=ORIENTED_EDGE('',*,*,#1573,.T.);
#773=ORIENTED_EDGE('',*,*,#1574,.T.);
#774=ORIENTED_EDGE('',*,*,#1575,.T.);
#775=ORIENTED_EDGE('',*,*,#1576,.T.);
#776=ORIENTED_EDGE('',*,*,#1577,.T.);
#777=ORIENTED_EDGE('',*,*,#1578,.T.);
#778=ORIENTED_EDGE('',*,*,#1579,.T.);
#779=ORIENTED_EDGE('',*,*,#1580,.T.);
#780=ORIENTED_EDGE('',*,*,#1581,.T.);
#781=ORIENTED_EDGE('',*,*,#1582,.T.);
#782=ORIENTED_EDGE('',*,*,#1583,.T.);
#783=ORIENTED_EDGE('',*,*,#1584,.T.);
#784=ORIENTED_EDGE('',*,*,#1585,.T.);
#785=ORIENTED_EDGE('',*,*,#1586,.T.);
#786=ORIENTED_EDGE('',*,*,#1587,.T.);
#787=ORIENTED_EDGE('',*,*,#1588,.T.);
#788=ORIENTED_EDGE('',*,*,#1589,.T.);
#789=ORIENTED_EDGE('',*,*,#1491,.T.);
#790=ORIENTED_EDGE('',*,*,#1508,.F.);
#791=ORIENTED_EDGE('',*,*,#1590,.T.);
#792=ORIENTED_EDGE('',*,*,#1591,.T.);
#793=ORIENTED_EDGE('',*,*,#1592,.T.);
#794=ORIENTED_EDGE('',*,*,#1593,.T.);
#795=ORIENTED_EDGE('',*,*,#1594,.T.);
#796=ORIENTED_EDGE('',*,*,#1595,.T.);
#797=ORIENTED_EDGE('',*,*,#1596,.T.);
#798=ORIENTED_EDGE('',*,*,#1597,.T.);
#799=ORIENTED_EDGE('',*,*,#1598,.T.);
#800=ORIENTED_EDGE('',*,*,#1599,.T.);
#801=ORIENTED_EDGE('',*,*,#1600,.T.);
#802=ORIENTED_EDGE('',*,*,#1601,.T.);
#803=ORIENTED_EDGE('',*,*,#1602,.T.);
#804=ORIENTED_EDGE('',*,*,#1603,.T.);
#805=ORIENTED_EDGE('',*,*,#1604,.T.);
#806=ORIENTED_EDGE('',*,*,#1605,.T.);
#807=ORIENTED_EDGE('',*,*,#1606,.T.);
#808=ORIENTED_EDGE('',*,*,#1607,.T.);
#809=ORIENTED_EDGE('',*,*,#1605,.F.);
#810=ORIENTED_EDGE('',*,*,#1608,.T.);
#811=ORIENTED_EDGE('',*,*,#1597,.F.);
#812=ORIENTED_EDGE('',*,*,#1599,.F.);
#813=ORIENTED_EDGE('',*,*,#1609,.T.);
#814=ORIENTED_EDGE('',*,*,#1595,.F.);
#815=ORIENTED_EDGE('',*,*,#1610,.F.);
#816=ORIENTED_EDGE('',*,*,#1611,.T.);
#817=ORIENTED_EDGE('',*,*,#1612,.T.);
#818=ORIENTED_EDGE('',*,*,#1613,.T.);
#819=ORIENTED_EDGE('',*,*,#1614,.T.);
#820=ORIENTED_EDGE('',*,*,#1615,.F.);
#821=ORIENTED_EDGE('',*,*,#1616,.F.);
#822=ORIENTED_EDGE('',*,*,#1617,.T.);
#823=ORIENTED_EDGE('',*,*,#1618,.T.);
#824=ORIENTED_EDGE('',*,*,#1619,.T.);
#825=ORIENTED_EDGE('',*,*,#1620,.T.);
#826=ORIENTED_EDGE('',*,*,#1621,.T.);
#827=ORIENTED_EDGE('',*,*,#1622,.T.);
#828=ORIENTED_EDGE('',*,*,#1623,.T.);
#829=ORIENTED_EDGE('',*,*,#1624,.F.);
#830=ORIENTED_EDGE('',*,*,#1625,.T.);
#831=ORIENTED_EDGE('',*,*,#1626,.T.);
#832=ORIENTED_EDGE('',*,*,#1606,.F.);
#833=ORIENTED_EDGE('',*,*,#1600,.F.);
#834=ORIENTED_EDGE('',*,*,#1594,.F.);
#835=ORIENTED_EDGE('',*,*,#1627,.T.);
#836=ORIENTED_EDGE('',*,*,#1628,.T.);
#837=ORIENTED_EDGE('',*,*,#1629,.T.);
#838=ORIENTED_EDGE('',*,*,#1630,.T.);
#839=ORIENTED_EDGE('',*,*,#1631,.F.);
#840=ORIENTED_EDGE('',*,*,#1632,.T.);
#841=ORIENTED_EDGE('',*,*,#1633,.F.);
#842=ORIENTED_EDGE('',*,*,#1634,.T.);
#843=ORIENTED_EDGE('',*,*,#1635,.T.);
#844=ORIENTED_EDGE('',*,*,#1636,.T.);
#845=ORIENTED_EDGE('',*,*,#1637,.T.);
#846=ORIENTED_EDGE('',*,*,#1638,.T.);
#847=ORIENTED_EDGE('',*,*,#1639,.T.);
#848=ORIENTED_EDGE('',*,*,#1640,.T.);
#849=ORIENTED_EDGE('',*,*,#1641,.F.);
#850=ORIENTED_EDGE('',*,*,#1642,.T.);
#851=ORIENTED_EDGE('',*,*,#1643,.T.);
#852=ORIENTED_EDGE('',*,*,#1644,.T.);
#853=ORIENTED_EDGE('',*,*,#1645,.T.);
#854=ORIENTED_EDGE('',*,*,#1646,.T.);
#855=ORIENTED_EDGE('',*,*,#1647,.F.);
#856=ORIENTED_EDGE('',*,*,#1648,.F.);
#857=ORIENTED_EDGE('',*,*,#1649,.T.);
#858=ORIENTED_EDGE('',*,*,#1650,.T.);
#859=ORIENTED_EDGE('',*,*,#1651,.F.);
#860=ORIENTED_EDGE('',*,*,#1652,.T.);
#861=ORIENTED_EDGE('',*,*,#1648,.T.);
#862=ORIENTED_EDGE('',*,*,#1653,.T.);
#863=ORIENTED_EDGE('',*,*,#1654,.T.);
#864=ORIENTED_EDGE('',*,*,#1655,.T.);
#865=ORIENTED_EDGE('',*,*,#1656,.T.);
#866=ORIENTED_EDGE('',*,*,#1657,.T.);
#867=ORIENTED_EDGE('',*,*,#1658,.T.);
#868=ORIENTED_EDGE('',*,*,#1651,.T.);
#869=ORIENTED_EDGE('',*,*,#1659,.T.);
#870=ORIENTED_EDGE('',*,*,#1660,.T.);
#871=ORIENTED_EDGE('',*,*,#1661,.T.);
#872=ORIENTED_EDGE('',*,*,#1662,.T.);
#873=ORIENTED_EDGE('',*,*,#1663,.F.);
#874=ORIENTED_EDGE('',*,*,#1664,.T.);
#875=ORIENTED_EDGE('',*,*,#1665,.T.);
#876=ORIENTED_EDGE('',*,*,#1666,.T.);
#877=ORIENTED_EDGE('',*,*,#1667,.T.);
#878=ORIENTED_EDGE('',*,*,#1668,.T.);
#879=ORIENTED_EDGE('',*,*,#1669,.F.);
#880=ORIENTED_EDGE('',*,*,#1670,.F.);
#881=ORIENTED_EDGE('',*,*,#1671,.T.);
#882=ORIENTED_EDGE('',*,*,#1672,.T.);
#883=ORIENTED_EDGE('',*,*,#1673,.F.);
#884=ORIENTED_EDGE('',*,*,#1674,.T.);
#885=ORIENTED_EDGE('',*,*,#1670,.T.);
#886=ORIENTED_EDGE('',*,*,#1675,.T.);
#887=ORIENTED_EDGE('',*,*,#1676,.T.);
#888=ORIENTED_EDGE('',*,*,#1677,.T.);
#889=ORIENTED_EDGE('',*,*,#1678,.T.);
#890=ORIENTED_EDGE('',*,*,#1679,.T.);
#891=ORIENTED_EDGE('',*,*,#1680,.T.);
#892=ORIENTED_EDGE('',*,*,#1673,.T.);
#893=ORIENTED_EDGE('',*,*,#1681,.T.);
#894=ORIENTED_EDGE('',*,*,#1682,.T.);
#895=ORIENTED_EDGE('',*,*,#1683,.F.);
#896=ORIENTED_EDGE('',*,*,#1684,.T.);
#897=ORIENTED_EDGE('',*,*,#1685,.T.);
#898=ORIENTED_EDGE('',*,*,#1686,.T.);
#899=ORIENTED_EDGE('',*,*,#1687,.T.);
#900=ORIENTED_EDGE('',*,*,#1688,.T.);
#901=ORIENTED_EDGE('',*,*,#1689,.T.);
#902=ORIENTED_EDGE('',*,*,#1690,.T.);
#903=ORIENTED_EDGE('',*,*,#1691,.F.);
#904=ORIENTED_EDGE('',*,*,#1692,.F.);
#905=ORIENTED_EDGE('',*,*,#1615,.T.);
#906=ORIENTED_EDGE('',*,*,#1693,.T.);
#907=ORIENTED_EDGE('',*,*,#1616,.T.);
#908=ORIENTED_EDGE('',*,*,#1694,.F.);
#909=ORIENTED_EDGE('',*,*,#1695,.T.);
#910=ORIENTED_EDGE('',*,*,#1696,.T.);
#911=ORIENTED_EDGE('',*,*,#1610,.T.);
#912=ORIENTED_EDGE('',*,*,#1499,.T.);
#913=ORIENTED_EDGE('',*,*,#1533,.T.);
#914=ORIENTED_EDGE('',*,*,#1539,.F.);
#915=ORIENTED_EDGE('',*,*,#1523,.F.);
#916=ORIENTED_EDGE('',*,*,#1697,.T.);
#917=ORIENTED_EDGE('',*,*,#1698,.T.);
#918=ORIENTED_EDGE('',*,*,#1699,.T.);
#919=ORIENTED_EDGE('',*,*,#1700,.F.);
#920=ORIENTED_EDGE('',*,*,#1701,.T.);
#921=ORIENTED_EDGE('',*,*,#1702,.T.);
#922=ORIENTED_EDGE('',*,*,#1695,.F.);
#923=ORIENTED_EDGE('',*,*,#1637,.F.);
#924=ORIENTED_EDGE('',*,*,#1703,.T.);
#925=ORIENTED_EDGE('',*,*,#1544,.T.);
#926=ORIENTED_EDGE('',*,*,#1704,.T.);
#927=ORIENTED_EDGE('',*,*,#1633,.T.);
#928=ORIENTED_EDGE('',*,*,#1705,.T.);
#929=ORIENTED_EDGE('',*,*,#1625,.F.);
#930=ORIENTED_EDGE('',*,*,#1706,.T.);
#931=ORIENTED_EDGE('',*,*,#1622,.F.);
#932=ORIENTED_EDGE('',*,*,#1707,.T.);
#933=ORIENTED_EDGE('',*,*,#1700,.T.);
#934=ORIENTED_EDGE('',*,*,#1708,.T.);
#935=ORIENTED_EDGE('',*,*,#1691,.T.);
#936=ORIENTED_EDGE('',*,*,#1709,.T.);
#937=ORIENTED_EDGE('',*,*,#1685,.F.);
#938=ORIENTED_EDGE('',*,*,#1710,.T.);
#939=ORIENTED_EDGE('',*,*,#1681,.F.);
#940=ORIENTED_EDGE('',*,*,#1675,.F.);
#941=ORIENTED_EDGE('',*,*,#1669,.T.);
#942=ORIENTED_EDGE('',*,*,#1711,.T.);
#943=ORIENTED_EDGE('',*,*,#1661,.F.);
#944=ORIENTED_EDGE('',*,*,#1712,.T.);
#945=ORIENTED_EDGE('',*,*,#1659,.F.);
#946=ORIENTED_EDGE('',*,*,#1653,.F.);
#947=ORIENTED_EDGE('',*,*,#1647,.T.);
#948=ORIENTED_EDGE('',*,*,#1713,.T.);
#949=ORIENTED_EDGE('',*,*,#1639,.F.);
#950=ORIENTED_EDGE('',*,*,#1714,.T.);
#951=ORIENTED_EDGE('',*,*,#1715,.T.);
#952=ORIENTED_EDGE('',*,*,#1716,.T.);
#953=ORIENTED_EDGE('',*,*,#1717,.T.);
#954=ORIENTED_EDGE('',*,*,#1715,.F.);
#955=ORIENTED_EDGE('',*,*,#1717,.F.);
#956=ORIENTED_EDGE('',*,*,#1694,.T.);
#957=ORIENTED_EDGE('',*,*,#1718,.T.);
#958=ORIENTED_EDGE('',*,*,#1716,.F.);
#959=ORIENTED_EDGE('',*,*,#1718,.F.);
#960=ORIENTED_EDGE('',*,*,#1692,.T.);
#961=ORIENTED_EDGE('',*,*,#1719,.T.);
#962=ORIENTED_EDGE('',*,*,#1720,.T.);
#963=ORIENTED_EDGE('',*,*,#1721,.T.);
#964=ORIENTED_EDGE('',*,*,#1624,.T.);
#965=ORIENTED_EDGE('',*,*,#1722,.T.);
#966=ORIENTED_EDGE('',*,*,#1723,.T.);
#967=ORIENTED_EDGE('',*,*,#1724,.T.);
#968=ORIENTED_EDGE('',*,*,#1725,.T.);
#969=ORIENTED_EDGE('',*,*,#1683,.T.);
#970=ORIENTED_EDGE('',*,*,#1726,.T.);
#971=ORIENTED_EDGE('',*,*,#1727,.T.);
#972=ORIENTED_EDGE('',*,*,#1728,.T.);
#973=ORIENTED_EDGE('',*,*,#1729,.T.);
#974=ORIENTED_EDGE('',*,*,#1730,.T.);
#975=ORIENTED_EDGE('',*,*,#1731,.T.);
#976=ORIENTED_EDGE('',*,*,#1732,.T.);
#977=ORIENTED_EDGE('',*,*,#1663,.T.);
#978=ORIENTED_EDGE('',*,*,#1733,.T.);
#979=ORIENTED_EDGE('',*,*,#1734,.T.);
#980=ORIENTED_EDGE('',*,*,#1735,.T.);
#981=ORIENTED_EDGE('',*,*,#1736,.T.);
#982=ORIENTED_EDGE('',*,*,#1737,.T.);
#983=ORIENTED_EDGE('',*,*,#1738,.T.);
#984=ORIENTED_EDGE('',*,*,#1739,.T.);
#985=ORIENTED_EDGE('',*,*,#1641,.T.);
#986=ORIENTED_EDGE('',*,*,#1740,.T.);
#987=ORIENTED_EDGE('',*,*,#1741,.T.);
#988=ORIENTED_EDGE('',*,*,#1742,.T.);
#989=ORIENTED_EDGE('',*,*,#1743,.T.);
#990=ORIENTED_EDGE('',*,*,#1631,.T.);
#991=ORIENTED_EDGE('',*,*,#1705,.F.);
#992=ORIENTED_EDGE('',*,*,#1632,.F.);
#993=ORIENTED_EDGE('',*,*,#1744,.F.);
#994=ORIENTED_EDGE('',*,*,#1626,.F.);
#995=ORIENTED_EDGE('',*,*,#1744,.T.);
#996=ORIENTED_EDGE('',*,*,#1743,.F.);
#997=ORIENTED_EDGE('',*,*,#1607,.F.);
#998=ORIENTED_EDGE('',*,*,#1742,.F.);
#999=ORIENTED_EDGE('',*,*,#1745,.T.);
#1000=ORIENTED_EDGE('',*,*,#1601,.F.);
#1001=ORIENTED_EDGE('',*,*,#1706,.F.);
#1002=ORIENTED_EDGE('',*,*,#1627,.F.);
#1003=ORIENTED_EDGE('',*,*,#1746,.F.);
#1004=ORIENTED_EDGE('',*,*,#1623,.F.);
#1005=ORIENTED_EDGE('',*,*,#1746,.T.);
#1006=ORIENTED_EDGE('',*,*,#1593,.F.);
#1007=ORIENTED_EDGE('',*,*,#1722,.F.);
#1008=ORIENTED_EDGE('',*,*,#1592,.F.);
#1009=ORIENTED_EDGE('',*,*,#1747,.T.);
#1010=ORIENTED_EDGE('',*,*,#1719,.F.);
#1011=ORIENTED_EDGE('',*,*,#1630,.F.);
#1012=ORIENTED_EDGE('',*,*,#1748,.T.);
#1013=ORIENTED_EDGE('',*,*,#1740,.F.);
#1014=ORIENTED_EDGE('',*,*,#1721,.F.);
#1015=ORIENTED_EDGE('',*,*,#1749,.T.);
#1016=ORIENTED_EDGE('',*,*,#1619,.F.);
#1017=ORIENTED_EDGE('',*,*,#1711,.F.);
#1018=ORIENTED_EDGE('',*,*,#1668,.F.);
#1019=ORIENTED_EDGE('',*,*,#1750,.F.);
#1020=ORIENTED_EDGE('',*,*,#1662,.F.);
#1021=ORIENTED_EDGE('',*,*,#1667,.F.);
#1022=ORIENTED_EDGE('',*,*,#1751,.T.);
#1023=ORIENTED_EDGE('',*,*,#1730,.F.);
#1024=ORIENTED_EDGE('',*,*,#1750,.T.);
#1025=ORIENTED_EDGE('',*,*,#1712,.F.);
#1026=ORIENTED_EDGE('',*,*,#1664,.F.);
#1027=ORIENTED_EDGE('',*,*,#1752,.F.);
#1028=ORIENTED_EDGE('',*,*,#1660,.F.);
#1029=ORIENTED_EDGE('',*,*,#1732,.F.);
#1030=ORIENTED_EDGE('',*,*,#1753,.T.);
#1031=ORIENTED_EDGE('',*,*,#1654,.F.);
#1032=ORIENTED_EDGE('',*,*,#1752,.T.);
#1033=ORIENTED_EDGE('',*,*,#1729,.F.);
#1034=ORIENTED_EDGE('',*,*,#1754,.T.);
#1035=ORIENTED_EDGE('',*,*,#1613,.F.);
#1036=ORIENTED_EDGE('',*,*,#1618,.F.);
#1037=ORIENTED_EDGE('',*,*,#1755,.T.);
#1038=ORIENTED_EDGE('',*,*,#1612,.F.);
#1039=ORIENTED_EDGE('',*,*,#1756,.T.);
#1040=ORIENTED_EDGE('',*,*,#1736,.F.);
#1041=ORIENTED_EDGE('',*,*,#1757,.T.);
#1042=ORIENTED_EDGE('',*,*,#1701,.F.);
#1043=ORIENTED_EDGE('',*,*,#1713,.F.);
#1044=ORIENTED_EDGE('',*,*,#1646,.F.);
#1045=ORIENTED_EDGE('',*,*,#1758,.F.);
#1046=ORIENTED_EDGE('',*,*,#1640,.F.);
#1047=ORIENTED_EDGE('',*,*,#1645,.F.);
#1048=ORIENTED_EDGE('',*,*,#1759,.T.);
#1049=ORIENTED_EDGE('',*,*,#1737,.F.);
#1050=ORIENTED_EDGE('',*,*,#1758,.T.);
#1051=ORIENTED_EDGE('',*,*,#1714,.F.);
#1052=ORIENTED_EDGE('',*,*,#1642,.F.);
#1053=ORIENTED_EDGE('',*,*,#1760,.F.);
#1054=ORIENTED_EDGE('',*,*,#1638,.F.);
#1055=ORIENTED_EDGE('',*,*,#1739,.F.);
#1056=ORIENTED_EDGE('',*,*,#1761,.T.);
#1057=ORIENTED_EDGE('',*,*,#1634,.F.);
#1058=ORIENTED_EDGE('',*,*,#1760,.T.);
#1059=ORIENTED_EDGE('',*,*,#1710,.F.);
#1060=ORIENTED_EDGE('',*,*,#1684,.F.);
#1061=ORIENTED_EDGE('',*,*,#1762,.F.);
#1062=ORIENTED_EDGE('',*,*,#1682,.F.);
#1063=ORIENTED_EDGE('',*,*,#1725,.F.);
#1064=ORIENTED_EDGE('',*,*,#1763,.T.);
#1065=ORIENTED_EDGE('',*,*,#1676,.F.);
#1066=ORIENTED_EDGE('',*,*,#1762,.T.);
#1067=ORIENTED_EDGE('',*,*,#1709,.F.);
#1068=ORIENTED_EDGE('',*,*,#1690,.F.);
#1069=ORIENTED_EDGE('',*,*,#1764,.F.);
#1070=ORIENTED_EDGE('',*,*,#1686,.F.);
#1071=ORIENTED_EDGE('',*,*,#1689,.F.);
#1072=ORIENTED_EDGE('',*,*,#1765,.T.);
#1073=ORIENTED_EDGE('',*,*,#1723,.F.);
#1074=ORIENTED_EDGE('',*,*,#1764,.T.);
#1075=ORIENTED_EDGE('',*,*,#1636,.F.);
#1076=ORIENTED_EDGE('',*,*,#1766,.T.);
#1077=ORIENTED_EDGE('',*,*,#1541,.F.);
#1078=ORIENTED_EDGE('',*,*,#1703,.F.);
#1079=ORIENTED_EDGE('',*,*,#1543,.F.);
#1080=ORIENTED_EDGE('',*,*,#1767,.T.);
#1081=ORIENTED_EDGE('',*,*,#1628,.F.);
#1082=ORIENTED_EDGE('',*,*,#1704,.F.);
#1083=ORIENTED_EDGE('',*,*,#1621,.F.);
#1084=ORIENTED_EDGE('',*,*,#1768,.T.);
#1085=ORIENTED_EDGE('',*,*,#1697,.F.);
#1086=ORIENTED_EDGE('',*,*,#1707,.F.);
#1087=ORIENTED_EDGE('',*,*,#1699,.F.);
#1088=ORIENTED_EDGE('',*,*,#1769,.T.);
#1089=ORIENTED_EDGE('',*,*,#1687,.F.);
#1090=ORIENTED_EDGE('',*,*,#1708,.F.);
#1091=ORIENTED_EDGE('',*,*,#1678,.F.);
#1092=ORIENTED_EDGE('',*,*,#1770,.T.);
#1093=ORIENTED_EDGE('',*,*,#1726,.F.);
#1094=ORIENTED_EDGE('',*,*,#1771,.F.);
#1095=ORIENTED_EDGE('',*,*,#1771,.T.);
#1096=ORIENTED_EDGE('',*,*,#1755,.F.);
#1097=ORIENTED_EDGE('',*,*,#1772,.F.);
#1098=ORIENTED_EDGE('',*,*,#1679,.F.);
#1099=ORIENTED_EDGE('',*,*,#1772,.T.);
#1100=ORIENTED_EDGE('',*,*,#1617,.F.);
#1101=ORIENTED_EDGE('',*,*,#1773,.F.);
#1102=ORIENTED_EDGE('',*,*,#1680,.F.);
#1103=ORIENTED_EDGE('',*,*,#1773,.T.);
#1104=ORIENTED_EDGE('',*,*,#1693,.F.);
#1105=ORIENTED_EDGE('',*,*,#1774,.F.);
#1106=ORIENTED_EDGE('',*,*,#1674,.F.);
#1107=ORIENTED_EDGE('',*,*,#1774,.T.);
#1108=ORIENTED_EDGE('',*,*,#1614,.F.);
#1109=ORIENTED_EDGE('',*,*,#1775,.F.);
#1110=ORIENTED_EDGE('',*,*,#1671,.F.);
#1111=ORIENTED_EDGE('',*,*,#1775,.T.);
#1112=ORIENTED_EDGE('',*,*,#1754,.F.);
#1113=ORIENTED_EDGE('',*,*,#1776,.F.);
#1114=ORIENTED_EDGE('',*,*,#1672,.F.);
#1115=ORIENTED_EDGE('',*,*,#1728,.F.);
#1116=ORIENTED_EDGE('',*,*,#1777,.T.);
#1117=ORIENTED_EDGE('',*,*,#1665,.F.);
#1118=ORIENTED_EDGE('',*,*,#1776,.T.);
#1119=ORIENTED_EDGE('',*,*,#1735,.F.);
#1120=ORIENTED_EDGE('',*,*,#1778,.T.);
#1121=ORIENTED_EDGE('',*,*,#1643,.F.);
#1122=ORIENTED_EDGE('',*,*,#1779,.F.);
#1123=ORIENTED_EDGE('',*,*,#1779,.T.);
#1124=ORIENTED_EDGE('',*,*,#1650,.F.);
#1125=ORIENTED_EDGE('',*,*,#1780,.F.);
#1126=ORIENTED_EDGE('',*,*,#1757,.F.);
#1127=ORIENTED_EDGE('',*,*,#1780,.T.);
#1128=ORIENTED_EDGE('',*,*,#1649,.F.);
#1129=ORIENTED_EDGE('',*,*,#1781,.F.);
#1130=ORIENTED_EDGE('',*,*,#1702,.F.);
#1131=ORIENTED_EDGE('',*,*,#1781,.T.);
#1132=ORIENTED_EDGE('',*,*,#1652,.F.);
#1133=ORIENTED_EDGE('',*,*,#1782,.F.);
#1134=ORIENTED_EDGE('',*,*,#1696,.F.);
#1135=ORIENTED_EDGE('',*,*,#1782,.T.);
#1136=ORIENTED_EDGE('',*,*,#1658,.F.);
#1137=ORIENTED_EDGE('',*,*,#1783,.F.);
#1138=ORIENTED_EDGE('',*,*,#1611,.F.);
#1139=ORIENTED_EDGE('',*,*,#1783,.T.);
#1140=ORIENTED_EDGE('',*,*,#1657,.F.);
#1141=ORIENTED_EDGE('',*,*,#1784,.F.);
#1142=ORIENTED_EDGE('',*,*,#1756,.F.);
#1143=ORIENTED_EDGE('',*,*,#1656,.F.);
#1144=ORIENTED_EDGE('',*,*,#1785,.T.);
#1145=ORIENTED_EDGE('',*,*,#1733,.F.);
#1146=ORIENTED_EDGE('',*,*,#1784,.T.);
#1147=ORIENTED_EDGE('',*,*,#1786,.T.);
#1148=ORIENTED_EDGE('',*,*,#1787,.T.);
#1149=ORIENTED_EDGE('',*,*,#1788,.F.);
#1150=ORIENTED_EDGE('',*,*,#1789,.T.);
#1151=ORIENTED_EDGE('',*,*,#1790,.T.);
#1152=ORIENTED_EDGE('',*,*,#1788,.T.);
#1153=ORIENTED_EDGE('',*,*,#1791,.T.);
#1154=ORIENTED_EDGE('',*,*,#1792,.F.);
#1155=ORIENTED_EDGE('',*,*,#1793,.T.);
#1156=ORIENTED_EDGE('',*,*,#1792,.T.);
#1157=ORIENTED_EDGE('',*,*,#1794,.T.);
#1158=ORIENTED_EDGE('',*,*,#1795,.T.);
#1159=ORIENTED_EDGE('',*,*,#1796,.T.);
#1160=ORIENTED_EDGE('',*,*,#1797,.T.);
#1161=ORIENTED_EDGE('',*,*,#1797,.F.);
#1162=ORIENTED_EDGE('',*,*,#1798,.T.);
#1163=ORIENTED_EDGE('',*,*,#1799,.T.);
#1164=ORIENTED_EDGE('',*,*,#1800,.T.);
#1165=ORIENTED_EDGE('',*,*,#1801,.T.);
#1166=ORIENTED_EDGE('',*,*,#1802,.T.);
#1167=ORIENTED_EDGE('',*,*,#1803,.T.);
#1168=ORIENTED_EDGE('',*,*,#1804,.T.);
#1169=ORIENTED_EDGE('',*,*,#1789,.F.);
#1170=ORIENTED_EDGE('',*,*,#1793,.F.);
#1171=ORIENTED_EDGE('',*,*,#1603,.F.);
#1172=ORIENTED_EDGE('',*,*,#1805,.T.);
#1173=ORIENTED_EDGE('',*,*,#1786,.F.);
#1174=ORIENTED_EDGE('',*,*,#1806,.T.);
#1175=ORIENTED_EDGE('',*,*,#1604,.F.);
#1176=ORIENTED_EDGE('',*,*,#1807,.T.);
#1177=ORIENTED_EDGE('',*,*,#1803,.F.);
#1178=ORIENTED_EDGE('',*,*,#1808,.F.);
#1179=ORIENTED_EDGE('',*,*,#1808,.T.);
#1180=ORIENTED_EDGE('',*,*,#1802,.F.);
#1181=ORIENTED_EDGE('',*,*,#1809,.F.);
#1182=ORIENTED_EDGE('',*,*,#1608,.F.);
#1183=ORIENTED_EDGE('',*,*,#1809,.T.);
#1184=ORIENTED_EDGE('',*,*,#1801,.F.);
#1185=ORIENTED_EDGE('',*,*,#1810,.F.);
#1186=ORIENTED_EDGE('',*,*,#1598,.F.);
#1187=ORIENTED_EDGE('',*,*,#1810,.T.);
#1188=ORIENTED_EDGE('',*,*,#1800,.F.);
#1189=ORIENTED_EDGE('',*,*,#1811,.F.);
#1190=ORIENTED_EDGE('',*,*,#1609,.F.);
#1191=ORIENTED_EDGE('',*,*,#1799,.F.);
#1192=ORIENTED_EDGE('',*,*,#1812,.T.);
#1193=ORIENTED_EDGE('',*,*,#1596,.F.);
#1194=ORIENTED_EDGE('',*,*,#1811,.T.);
#1195=ORIENTED_EDGE('',*,*,#1795,.F.);
#1196=ORIENTED_EDGE('',*,*,#1813,.T.);
#1197=ORIENTED_EDGE('',*,*,#1590,.F.);
#1198=ORIENTED_EDGE('',*,*,#1814,.T.);
#1199=ORIENTED_EDGE('',*,*,#1814,.F.);
#1200=ORIENTED_EDGE('',*,*,#1812,.F.);
#1201=ORIENTED_EDGE('',*,*,#1798,.F.);
#1202=ORIENTED_EDGE('',*,*,#1796,.F.);
#1203=ORIENTED_EDGE('',*,*,#1807,.F.);
#1204=ORIENTED_EDGE('',*,*,#1806,.F.);
#1205=ORIENTED_EDGE('',*,*,#1790,.F.);
#1206=ORIENTED_EDGE('',*,*,#1804,.F.);
#1207=ORIENTED_EDGE('',*,*,#1545,.F.);
#1208=ORIENTED_EDGE('',*,*,#1518,.F.);
#1209=ORIENTED_EDGE('',*,*,#1815,.F.);
#1210=ORIENTED_EDGE('',*,*,#1503,.F.);
#1211=ORIENTED_EDGE('',*,*,#1816,.T.);
#1212=ORIENTED_EDGE('',*,*,#1516,.F.);
#1213=ORIENTED_EDGE('',*,*,#1817,.T.);
#1214=ORIENTED_EDGE('',*,*,#1818,.T.);
#1215=ORIENTED_EDGE('',*,*,#1547,.T.);
#1216=ORIENTED_EDGE('',*,*,#1819,.F.);
#1217=ORIENTED_EDGE('',*,*,#1820,.F.);
#1218=ORIENTED_EDGE('',*,*,#1514,.T.);
#1219=ORIENTED_EDGE('',*,*,#1821,.F.);
#1220=ORIENTED_EDGE('',*,*,#1507,.T.);
#1221=ORIENTED_EDGE('',*,*,#1822,.T.);
#1222=ORIENTED_EDGE('',*,*,#1520,.T.);
#1223=ORIENTED_EDGE('',*,*,#1823,.F.);
#1224=ORIENTED_EDGE('',*,*,#1546,.F.);
#1225=ORIENTED_EDGE('',*,*,#1818,.F.);
#1226=ORIENTED_EDGE('',*,*,#1824,.T.);
#1227=ORIENTED_EDGE('',*,*,#1819,.T.);
#1228=ORIENTED_EDGE('',*,*,#1817,.F.);
#1229=ORIENTED_EDGE('',*,*,#1515,.T.);
#1230=ORIENTED_EDGE('',*,*,#1820,.T.);
#1231=ORIENTED_EDGE('',*,*,#1824,.F.);
#1232=ORIENTED_EDGE('',*,*,#1825,.T.);
#1233=ORIENTED_EDGE('',*,*,#1823,.T.);
#1234=ORIENTED_EDGE('',*,*,#1825,.F.);
#1235=ORIENTED_EDGE('',*,*,#1826,.F.);
#1236=ORIENTED_EDGE('',*,*,#1785,.F.);
#1237=ORIENTED_EDGE('',*,*,#1827,.F.);
#1238=ORIENTED_EDGE('',*,*,#1570,.F.);
#1239=ORIENTED_EDGE('',*,*,#1827,.T.);
#1240=ORIENTED_EDGE('',*,*,#1655,.F.);
#1241=ORIENTED_EDGE('',*,*,#1828,.F.);
#1242=ORIENTED_EDGE('',*,*,#1571,.F.);
#1243=ORIENTED_EDGE('',*,*,#1826,.T.);
#1244=ORIENTED_EDGE('',*,*,#1569,.F.);
#1245=ORIENTED_EDGE('',*,*,#1829,.F.);
#1246=ORIENTED_EDGE('',*,*,#1734,.F.);
#1247=ORIENTED_EDGE('',*,*,#1828,.T.);
#1248=ORIENTED_EDGE('',*,*,#1753,.F.);
#1249=ORIENTED_EDGE('',*,*,#1830,.F.);
#1250=ORIENTED_EDGE('',*,*,#1572,.F.);
#1251=ORIENTED_EDGE('',*,*,#1829,.T.);
#1252=ORIENTED_EDGE('',*,*,#1568,.F.);
#1253=ORIENTED_EDGE('',*,*,#1831,.F.);
#1254=ORIENTED_EDGE('',*,*,#1778,.F.);
#1255=ORIENTED_EDGE('',*,*,#1830,.T.);
#1256=ORIENTED_EDGE('',*,*,#1731,.F.);
#1257=ORIENTED_EDGE('',*,*,#1832,.F.);
#1258=ORIENTED_EDGE('',*,*,#1573,.F.);
#1259=ORIENTED_EDGE('',*,*,#1831,.T.);
#1260=ORIENTED_EDGE('',*,*,#1567,.F.);
#1261=ORIENTED_EDGE('',*,*,#1833,.F.);
#1262=ORIENTED_EDGE('',*,*,#1644,.F.);
#1263=ORIENTED_EDGE('',*,*,#1832,.T.);
#1264=ORIENTED_EDGE('',*,*,#1751,.F.);
#1265=ORIENTED_EDGE('',*,*,#1834,.F.);
#1266=ORIENTED_EDGE('',*,*,#1574,.F.);
#1267=ORIENTED_EDGE('',*,*,#1833,.T.);
#1268=ORIENTED_EDGE('',*,*,#1566,.F.);
#1269=ORIENTED_EDGE('',*,*,#1835,.F.);
#1270=ORIENTED_EDGE('',*,*,#1759,.F.);
#1271=ORIENTED_EDGE('',*,*,#1834,.T.);
#1272=ORIENTED_EDGE('',*,*,#1666,.F.);
#1273=ORIENTED_EDGE('',*,*,#1836,.F.);
#1274=ORIENTED_EDGE('',*,*,#1575,.F.);
#1275=ORIENTED_EDGE('',*,*,#1835,.T.);
#1276=ORIENTED_EDGE('',*,*,#1565,.F.);
#1277=ORIENTED_EDGE('',*,*,#1837,.F.);
#1278=ORIENTED_EDGE('',*,*,#1738,.F.);
#1279=ORIENTED_EDGE('',*,*,#1836,.T.);
#1280=ORIENTED_EDGE('',*,*,#1777,.F.);
#1281=ORIENTED_EDGE('',*,*,#1838,.F.);
#1282=ORIENTED_EDGE('',*,*,#1576,.F.);
#1283=ORIENTED_EDGE('',*,*,#1837,.T.);
#1284=ORIENTED_EDGE('',*,*,#1564,.F.);
#1285=ORIENTED_EDGE('',*,*,#1839,.F.);
#1286=ORIENTED_EDGE('',*,*,#1761,.F.);
#1287=ORIENTED_EDGE('',*,*,#1838,.T.);
#1288=ORIENTED_EDGE('',*,*,#1727,.F.);
#1289=ORIENTED_EDGE('',*,*,#1840,.F.);
#1290=ORIENTED_EDGE('',*,*,#1577,.F.);
#1291=ORIENTED_EDGE('',*,*,#1839,.T.);
#1292=ORIENTED_EDGE('',*,*,#1563,.F.);
#1293=ORIENTED_EDGE('',*,*,#1841,.F.);
#1294=ORIENTED_EDGE('',*,*,#1635,.F.);
#1295=ORIENTED_EDGE('',*,*,#1840,.T.);
#1296=ORIENTED_EDGE('',*,*,#1770,.F.);
#1297=ORIENTED_EDGE('',*,*,#1842,.F.);
#1298=ORIENTED_EDGE('',*,*,#1578,.F.);
#1299=ORIENTED_EDGE('',*,*,#1841,.T.);
#1300=ORIENTED_EDGE('',*,*,#1562,.F.);
#1301=ORIENTED_EDGE('',*,*,#1843,.F.);
#1302=ORIENTED_EDGE('',*,*,#1766,.F.);
#1303=ORIENTED_EDGE('',*,*,#1842,.T.);
#1304=ORIENTED_EDGE('',*,*,#1677,.F.);
#1305=ORIENTED_EDGE('',*,*,#1844,.F.);
#1306=ORIENTED_EDGE('',*,*,#1579,.F.);
#1307=ORIENTED_EDGE('',*,*,#1843,.T.);
#1308=ORIENTED_EDGE('',*,*,#1561,.F.);
#1309=ORIENTED_EDGE('',*,*,#1845,.F.);
#1310=ORIENTED_EDGE('',*,*,#1542,.F.);
#1311=ORIENTED_EDGE('',*,*,#1844,.T.);
#1312=ORIENTED_EDGE('',*,*,#1763,.F.);
#1313=ORIENTED_EDGE('',*,*,#1846,.F.);
#1314=ORIENTED_EDGE('',*,*,#1580,.F.);
#1315=ORIENTED_EDGE('',*,*,#1845,.T.);
#1316=ORIENTED_EDGE('',*,*,#1560,.F.);
#1317=ORIENTED_EDGE('',*,*,#1847,.F.);
#1318=ORIENTED_EDGE('',*,*,#1767,.F.);
#1319=ORIENTED_EDGE('',*,*,#1846,.T.);
#1320=ORIENTED_EDGE('',*,*,#1724,.F.);
#1321=ORIENTED_EDGE('',*,*,#1848,.F.);
#1322=ORIENTED_EDGE('',*,*,#1581,.F.);
#1323=ORIENTED_EDGE('',*,*,#1847,.T.);
#1324=ORIENTED_EDGE('',*,*,#1559,.F.);
#1325=ORIENTED_EDGE('',*,*,#1849,.F.);
#1326=ORIENTED_EDGE('',*,*,#1629,.F.);
#1327=ORIENTED_EDGE('',*,*,#1848,.T.);
#1328=ORIENTED_EDGE('',*,*,#1765,.F.);
#1329=ORIENTED_EDGE('',*,*,#1850,.F.);
#1330=ORIENTED_EDGE('',*,*,#1582,.F.);
#1331=ORIENTED_EDGE('',*,*,#1849,.T.);
#1332=ORIENTED_EDGE('',*,*,#1558,.F.);
#1333=ORIENTED_EDGE('',*,*,#1851,.F.);
#1334=ORIENTED_EDGE('',*,*,#1748,.F.);
#1335=ORIENTED_EDGE('',*,*,#1850,.T.);
#1336=ORIENTED_EDGE('',*,*,#1688,.F.);
#1337=ORIENTED_EDGE('',*,*,#1852,.F.);
#1338=ORIENTED_EDGE('',*,*,#1583,.F.);
#1339=ORIENTED_EDGE('',*,*,#1851,.T.);
#1340=ORIENTED_EDGE('',*,*,#1557,.F.);
#1341=ORIENTED_EDGE('',*,*,#1853,.F.);
#1342=ORIENTED_EDGE('',*,*,#1741,.F.);
#1343=ORIENTED_EDGE('',*,*,#1852,.T.);
#1344=ORIENTED_EDGE('',*,*,#1769,.F.);
#1345=ORIENTED_EDGE('',*,*,#1854,.F.);
#1346=ORIENTED_EDGE('',*,*,#1584,.F.);
#1347=ORIENTED_EDGE('',*,*,#1853,.T.);
#1348=ORIENTED_EDGE('',*,*,#1556,.F.);
#1349=ORIENTED_EDGE('',*,*,#1855,.F.);
#1350=ORIENTED_EDGE('',*,*,#1745,.F.);
#1351=ORIENTED_EDGE('',*,*,#1854,.T.);
#1352=ORIENTED_EDGE('',*,*,#1698,.F.);
#1353=ORIENTED_EDGE('',*,*,#1856,.F.);
#1354=ORIENTED_EDGE('',*,*,#1585,.F.);
#1355=ORIENTED_EDGE('',*,*,#1855,.T.);
#1356=ORIENTED_EDGE('',*,*,#1555,.F.);
#1357=ORIENTED_EDGE('',*,*,#1857,.F.);
#1358=ORIENTED_EDGE('',*,*,#1602,.F.);
#1359=ORIENTED_EDGE('',*,*,#1856,.T.);
#1360=ORIENTED_EDGE('',*,*,#1768,.F.);
#1361=ORIENTED_EDGE('',*,*,#1858,.F.);
#1362=ORIENTED_EDGE('',*,*,#1586,.F.);
#1363=ORIENTED_EDGE('',*,*,#1857,.T.);
#1364=ORIENTED_EDGE('',*,*,#1554,.F.);
#1365=ORIENTED_EDGE('',*,*,#1859,.F.);
#1366=ORIENTED_EDGE('',*,*,#1805,.F.);
#1367=ORIENTED_EDGE('',*,*,#1858,.T.);
#1368=ORIENTED_EDGE('',*,*,#1620,.F.);
#1369=ORIENTED_EDGE('',*,*,#1860,.F.);
#1370=ORIENTED_EDGE('',*,*,#1587,.F.);
#1371=ORIENTED_EDGE('',*,*,#1859,.T.);
#1372=ORIENTED_EDGE('',*,*,#1553,.F.);
#1373=ORIENTED_EDGE('',*,*,#1861,.F.);
#1374=ORIENTED_EDGE('',*,*,#1787,.F.);
#1375=ORIENTED_EDGE('',*,*,#1860,.T.);
#1376=ORIENTED_EDGE('',*,*,#1749,.F.);
#1377=ORIENTED_EDGE('',*,*,#1862,.F.);
#1378=ORIENTED_EDGE('',*,*,#1588,.F.);
#1379=ORIENTED_EDGE('',*,*,#1861,.T.);
#1380=ORIENTED_EDGE('',*,*,#1552,.F.);
#1381=ORIENTED_EDGE('',*,*,#1863,.F.);
#1382=ORIENTED_EDGE('',*,*,#1791,.F.);
#1383=ORIENTED_EDGE('',*,*,#1862,.T.);
#1384=ORIENTED_EDGE('',*,*,#1720,.F.);
#1385=ORIENTED_EDGE('',*,*,#1864,.F.);
#1386=ORIENTED_EDGE('',*,*,#1589,.F.);
#1387=ORIENTED_EDGE('',*,*,#1863,.T.);
#1388=ORIENTED_EDGE('',*,*,#1551,.F.);
#1389=ORIENTED_EDGE('',*,*,#1865,.F.);
#1390=ORIENTED_EDGE('',*,*,#1794,.F.);
#1391=ORIENTED_EDGE('',*,*,#1864,.T.);
#1392=ORIENTED_EDGE('',*,*,#1747,.F.);
#1393=ORIENTED_EDGE('',*,*,#1866,.F.);
#1394=ORIENTED_EDGE('',*,*,#1548,.F.);
#1395=ORIENTED_EDGE('',*,*,#1865,.T.);
#1396=ORIENTED_EDGE('',*,*,#1550,.F.);
#1397=ORIENTED_EDGE('',*,*,#1867,.F.);
#1398=ORIENTED_EDGE('',*,*,#1813,.F.);
#1399=ORIENTED_EDGE('',*,*,#1866,.T.);
#1400=ORIENTED_EDGE('',*,*,#1591,.F.);
#1401=ORIENTED_EDGE('',*,*,#1867,.T.);
#1402=ORIENTED_EDGE('',*,*,#1549,.F.);
#1403=ORIENTED_EDGE('',*,*,#1504,.F.);
#1404=ORIENTED_EDGE('',*,*,#1821,.T.);
#1405=ORIENTED_EDGE('',*,*,#1513,.T.);
#1406=ORIENTED_EDGE('',*,*,#1816,.F.);
#1407=ORIENTED_EDGE('',*,*,#1502,.F.);
#1408=ORIENTED_EDGE('',*,*,#1868,.F.);
#1409=ORIENTED_EDGE('',*,*,#1869,.F.);
#1410=ORIENTED_EDGE('',*,*,#1870,.F.);
#1411=ORIENTED_EDGE('',*,*,#1871,.T.);
#1412=ORIENTED_EDGE('',*,*,#1500,.F.);
#1413=ORIENTED_EDGE('',*,*,#1815,.T.);
#1414=ORIENTED_EDGE('',*,*,#1517,.T.);
#1415=ORIENTED_EDGE('',*,*,#1822,.F.);
#1416=ORIENTED_EDGE('',*,*,#1506,.F.);
#1417=ORIENTED_EDGE('',*,*,#1872,.F.);
#1418=ORIENTED_EDGE('',*,*,#1873,.F.);
#1419=ORIENTED_EDGE('',*,*,#1874,.F.);
#1420=ORIENTED_EDGE('',*,*,#1875,.T.);
#1421=ORIENTED_EDGE('',*,*,#1876,.T.);
#1422=ORIENTED_EDGE('',*,*,#1877,.T.);
#1423=ORIENTED_EDGE('',*,*,#1872,.T.);
#1424=ORIENTED_EDGE('',*,*,#1505,.F.);
#1425=ORIENTED_EDGE('',*,*,#1871,.F.);
#1426=ORIENTED_EDGE('',*,*,#1878,.T.);
#1427=ORIENTED_EDGE('',*,*,#1879,.T.);
#1428=ORIENTED_EDGE('',*,*,#1868,.T.);
#1429=ORIENTED_EDGE('',*,*,#1501,.F.);
#1430=ORIENTED_EDGE('',*,*,#1875,.F.);
#1431=ORIENTED_EDGE('',*,*,#1509,.T.);
#1432=ORIENTED_EDGE('',*,*,#1873,.T.);
#1433=ORIENTED_EDGE('',*,*,#1877,.F.);
#1434=ORIENTED_EDGE('',*,*,#1512,.T.);
#1435=ORIENTED_EDGE('',*,*,#1878,.F.);
#1436=ORIENTED_EDGE('',*,*,#1874,.T.);
#1437=ORIENTED_EDGE('',*,*,#1511,.T.);
#1438=ORIENTED_EDGE('',*,*,#1869,.T.);
#1439=ORIENTED_EDGE('',*,*,#1879,.F.);
#1440=ORIENTED_EDGE('',*,*,#1510,.T.);
#1441=ORIENTED_EDGE('',*,*,#1876,.F.);
#1442=ORIENTED_EDGE('',*,*,#1870,.T.);
#1443=ORIENTED_EDGE('',*,*,#1880,.T.);
#1444=ORIENTED_EDGE('',*,*,#1881,.F.);
#1445=ORIENTED_EDGE('',*,*,#1882,.T.);
#1446=ORIENTED_EDGE('',*,*,#1883,.T.);
#1447=ORIENTED_EDGE('',*,*,#1884,.T.);
#1448=ORIENTED_EDGE('',*,*,#1885,.T.);
#1449=ORIENTED_EDGE('',*,*,#1534,.T.);
#1450=ORIENTED_EDGE('',*,*,#1497,.F.);
#1451=ORIENTED_EDGE('',*,*,#1529,.F.);
#1452=ORIENTED_EDGE('',*,*,#1886,.T.);
#1453=ORIENTED_EDGE('',*,*,#1887,.F.);
#1454=ORIENTED_EDGE('',*,*,#1888,.T.);
#1455=ORIENTED_EDGE('',*,*,#1889,.T.);
#1456=ORIENTED_EDGE('',*,*,#1890,.T.);
#1457=ORIENTED_EDGE('',*,*,#1891,.T.);
#1458=ORIENTED_EDGE('',*,*,#1527,.T.);
#1459=ORIENTED_EDGE('',*,*,#1531,.F.);
#1460=ORIENTED_EDGE('',*,*,#1536,.F.);
#1461=ORIENTED_EDGE('',*,*,#1892,.F.);
#1462=ORIENTED_EDGE('',*,*,#1886,.F.);
#1463=ORIENTED_EDGE('',*,*,#1535,.T.);
#1464=ORIENTED_EDGE('',*,*,#1885,.F.);
#1465=ORIENTED_EDGE('',*,*,#1893,.F.);
#1466=ORIENTED_EDGE('',*,*,#1880,.F.);
#1467=ORIENTED_EDGE('',*,*,#1528,.F.);
#1468=ORIENTED_EDGE('',*,*,#1891,.F.);
#1469=ORIENTED_EDGE('',*,*,#1894,.F.);
#1470=ORIENTED_EDGE('',*,*,#1887,.T.);
#1471=ORIENTED_EDGE('',*,*,#1892,.T.);
#1472=ORIENTED_EDGE('',*,*,#1884,.F.);
#1473=ORIENTED_EDGE('',*,*,#1895,.F.);
#1474=ORIENTED_EDGE('',*,*,#1896,.F.);
#1475=ORIENTED_EDGE('',*,*,#1881,.T.);
#1476=ORIENTED_EDGE('',*,*,#1893,.T.);
#1477=ORIENTED_EDGE('',*,*,#1890,.F.);
#1478=ORIENTED_EDGE('',*,*,#1897,.F.);
#1479=ORIENTED_EDGE('',*,*,#1492,.T.);
#1480=ORIENTED_EDGE('',*,*,#1895,.T.);
#1481=ORIENTED_EDGE('',*,*,#1883,.F.);
#1482=ORIENTED_EDGE('',*,*,#1495,.T.);
#1483=ORIENTED_EDGE('',*,*,#1888,.F.);
#1484=ORIENTED_EDGE('',*,*,#1894,.T.);
#1485=ORIENTED_EDGE('',*,*,#1494,.T.);
#1486=ORIENTED_EDGE('',*,*,#1897,.T.);
#1487=ORIENTED_EDGE('',*,*,#1889,.F.);
#1488=ORIENTED_EDGE('',*,*,#1493,.T.);
#1489=ORIENTED_EDGE('',*,*,#1882,.F.);
#1490=ORIENTED_EDGE('',*,*,#1896,.T.);
#1491=EDGE_CURVE('',#1898,#1898,#2144,.T.);
#1492=EDGE_CURVE('',#1899,#1900,#2145,.F.);
#1493=EDGE_CURVE('',#1901,#1899,#2146,.F.);
#1494=EDGE_CURVE('',#1902,#1901,#2147,.F.);
#1495=EDGE_CURVE('',#1900,#1902,#2148,.F.);
#1496=EDGE_CURVE('',#1903,#1904,#184,.T.);
#1497=EDGE_CURVE('',#1903,#1905,#185,.T.);
#1498=EDGE_CURVE('',#1905,#1906,#186,.T.);
#1499=EDGE_CURVE('',#1904,#1906,#187,.T.);
#1500=EDGE_CURVE('',#1907,#1908,#188,.T.);
#1501=EDGE_CURVE('',#1908,#1909,#189,.T.);
#1502=EDGE_CURVE('',#1909,#1910,#190,.T.);
#1503=EDGE_CURVE('',#1910,#1907,#191,.T.);
#1504=EDGE_CURVE('',#1911,#1912,#192,.T.);
#1505=EDGE_CURVE('',#1912,#1913,#193,.T.);
#1506=EDGE_CURVE('',#1913,#1914,#194,.T.);
#1507=EDGE_CURVE('',#1911,#1914,#195,.T.);
#1508=EDGE_CURVE('',#1915,#1915,#2149,.T.);
#1509=EDGE_CURVE('',#1916,#1917,#2150,.F.);
#1510=EDGE_CURVE('',#1918,#1916,#2151,.F.);
#1511=EDGE_CURVE('',#1919,#1918,#2152,.F.);
#1512=EDGE_CURVE('',#1917,#1919,#2153,.F.);
#1513=EDGE_CURVE('',#1920,#1921,#196,.T.);
#1514=EDGE_CURVE('',#1922,#1920,#197,.T.);
#1515=EDGE_CURVE('',#1923,#1922,#198,.T.);
#1516=EDGE_CURVE('',#1923,#1921,#199,.T.);
#1517=EDGE_CURVE('',#1924,#1925,#200,.T.);
#1518=EDGE_CURVE('',#1924,#1926,#201,.T.);
#1519=EDGE_CURVE('',#1926,#1927,#202,.T.);
#1520=EDGE_CURVE('',#1925,#1927,#203,.T.);
#1521=EDGE_CURVE('',#1928,#1928,#2154,.T.);
#1522=EDGE_CURVE('',#1929,#1929,#2155,.T.);
#1523=EDGE_CURVE('',#1904,#1930,#204,.T.);
#1524=EDGE_CURVE('',#1931,#1930,#205,.T.);
#1525=EDGE_CURVE('',#1932,#1931,#206,.T.);
#1526=EDGE_CURVE('',#1932,#1933,#207,.T.);
#1527=EDGE_CURVE('',#1934,#1933,#208,.T.);
#1528=EDGE_CURVE('',#1934,#1935,#209,.T.);
#1529=EDGE_CURVE('',#1935,#1903,#210,.T.);
#1530=EDGE_CURVE('',#1936,#1937,#211,.T.);
#1531=EDGE_CURVE('',#1937,#1933,#212,.T.);
#1532=EDGE_CURVE('',#1932,#1936,#213,.T.);
#1533=EDGE_CURVE('',#1906,#1938,#214,.T.);
#1534=EDGE_CURVE('',#1939,#1905,#215,.T.);
#1535=EDGE_CURVE('',#1940,#1939,#216,.T.);
#1536=EDGE_CURVE('',#1940,#1937,#217,.T.);
#1537=EDGE_CURVE('',#1936,#1941,#218,.T.);
#1538=EDGE_CURVE('',#1941,#1938,#219,.T.);
#1539=EDGE_CURVE('',#1930,#1938,#220,.T.);
#1540=EDGE_CURVE('',#1931,#1941,#221,.T.);
#1541=EDGE_CURVE('',#1942,#1943,#222,.F.);
#1542=EDGE_CURVE('',#1943,#1944,#223,.T.);
#1543=EDGE_CURVE('',#1944,#1945,#224,.T.);
#1544=EDGE_CURVE('',#1942,#1945,#225,.T.);
#1545=EDGE_CURVE('',#1926,#1946,#226,.T.);
#1546=EDGE_CURVE('',#1946,#1947,#227,.T.);
#1547=EDGE_CURVE('',#1927,#1947,#228,.T.);
#1548=EDGE_CURVE('',#1948,#1949,#76,.T.);
#1549=EDGE_CURVE('',#1949,#1950,#229,.T.);
#1550=EDGE_CURVE('',#1950,#1951,#77,.T.);
#1551=EDGE_CURVE('',#1951,#1952,#230,.T.);
#1552=EDGE_CURVE('',#1952,#1953,#231,.T.);
#1553=EDGE_CURVE('',#1953,#1954,#232,.T.);
#1554=EDGE_CURVE('',#1954,#1955,#78,.T.);
#1555=EDGE_CURVE('',#1955,#1956,#233,.T.);
#1556=EDGE_CURVE('',#1956,#1957,#79,.T.);
#1557=EDGE_CURVE('',#1957,#1958,#80,.T.);
#1558=EDGE_CURVE('',#1958,#1959,#81,.T.);
#1559=EDGE_CURVE('',#1959,#1960,#234,.T.);
#1560=EDGE_CURVE('',#1960,#1961,#2156,.T.);
#1561=EDGE_CURVE('',#1961,#1962,#235,.T.);
#1562=EDGE_CURVE('',#1962,#1963,#2157,.T.);
#1563=EDGE_CURVE('',#1963,#1964,#236,.T.);
#1564=EDGE_CURVE('',#1964,#1965,#82,.T.);
#1565=EDGE_CURVE('',#1965,#1966,#83,.T.);
#1566=EDGE_CURVE('',#1966,#1967,#84,.T.);
#1567=EDGE_CURVE('',#1967,#1968,#237,.T.);
#1568=EDGE_CURVE('',#1968,#1969,#2158,.T.);
#1569=EDGE_CURVE('',#1969,#1970,#238,.T.);
#1570=EDGE_CURVE('',#1970,#1971,#2159,.T.);
#1571=EDGE_CURVE('',#1971,#1972,#239,.T.);
#1572=EDGE_CURVE('',#1972,#1973,#85,.T.);
#1573=EDGE_CURVE('',#1973,#1974,#86,.T.);
#1574=EDGE_CURVE('',#1974,#1975,#87,.T.);
#1575=EDGE_CURVE('',#1975,#1976,#240,.T.);
#1576=EDGE_CURVE('',#1976,#1977,#2160,.T.);
#1577=EDGE_CURVE('',#1977,#1978,#241,.T.);
#1578=EDGE_CURVE('',#1978,#1979,#2161,.T.);
#1579=EDGE_CURVE('',#1979,#1980,#242,.T.);
#1580=EDGE_CURVE('',#1980,#1981,#88,.T.);
#1581=EDGE_CURVE('',#1981,#1982,#89,.T.);
#1582=EDGE_CURVE('',#1982,#1983,#90,.T.);
#1583=EDGE_CURVE('',#1983,#1984,#243,.T.);
#1584=EDGE_CURVE('',#1984,#1985,#2162,.T.);
#1585=EDGE_CURVE('',#1985,#1986,#244,.T.);
#1586=EDGE_CURVE('',#1986,#1987,#2163,.T.);
#1587=EDGE_CURVE('',#1987,#1988,#245,.T.);
#1588=EDGE_CURVE('',#1988,#1989,#91,.T.);
#1589=EDGE_CURVE('',#1989,#1948,#92,.T.);
#1590=EDGE_CURVE('',#1990,#1991,#93,.T.);
#1591=EDGE_CURVE('',#1991,#1992,#94,.F.);
#1592=EDGE_CURVE('',#1992,#1993,#95,.T.);
#1593=EDGE_CURVE('',#1993,#1994,#96,.T.);
#1594=EDGE_CURVE('',#1994,#1995,#246,.T.);
#1595=EDGE_CURVE('',#1995,#1996,#97,.T.);
#1596=EDGE_CURVE('',#1996,#1990,#98,.T.);
#1597=EDGE_CURVE('',#1997,#1998,#99,.T.);
#1598=EDGE_CURVE('',#1998,#1999,#100,.T.);
#1599=EDGE_CURVE('',#1999,#1995,#101,.T.);
#1600=EDGE_CURVE('',#1995,#1997,#247,.T.);
#1601=EDGE_CURVE('',#2000,#2001,#102,.T.);
#1602=EDGE_CURVE('',#2001,#2002,#103,.F.);
#1603=EDGE_CURVE('',#2002,#2003,#104,.T.);
#1604=EDGE_CURVE('',#2003,#2004,#105,.T.);
#1605=EDGE_CURVE('',#2004,#1997,#106,.T.);
#1606=EDGE_CURVE('',#1997,#2005,#248,.T.);
#1607=EDGE_CURVE('',#2005,#2000,#107,.T.);
#1608=EDGE_CURVE('',#2004,#1998,#108,.T.);
#1609=EDGE_CURVE('',#1999,#1996,#109,.T.);
#1610=EDGE_CURVE('',#2006,#2007,#2164,.T.);
#1611=EDGE_CURVE('',#2006,#2008,#249,.T.);
#1612=EDGE_CURVE('',#2008,#2007,#250,.F.);
#1613=EDGE_CURVE('',#2009,#2010,#251,.F.);
#1614=EDGE_CURVE('',#2010,#2011,#252,.F.);
#1615=EDGE_CURVE('',#2009,#2011,#2165,.T.);
#1616=EDGE_CURVE('',#2012,#2009,#2166,.T.);
#1617=EDGE_CURVE('',#2012,#2013,#253,.T.);
#1618=EDGE_CURVE('',#2013,#2009,#254,.F.);
#1619=EDGE_CURVE('',#2014,#2015,#110,.T.);
#1620=EDGE_CURVE('',#2015,#2016,#255,.T.);
#1621=EDGE_CURVE('',#2016,#2017,#256,.T.);
#1622=EDGE_CURVE('',#2017,#2018,#257,.T.);
#1623=EDGE_CURVE('',#2018,#2019,#258,.F.);
#1624=EDGE_CURVE('',#2014,#2019,#259,.T.);
#1625=EDGE_CURVE('',#2020,#2021,#260,.T.);
#1626=EDGE_CURVE('',#2021,#2005,#261,.F.);
#1627=EDGE_CURVE('',#1994,#2020,#262,.T.);
#1628=EDGE_CURVE('',#2022,#2023,#263,.F.);
#1629=EDGE_CURVE('',#2023,#2024,#264,.T.);
#1630=EDGE_CURVE('',#2024,#2025,#111,.T.);
#1631=EDGE_CURVE('',#2026,#2025,#265,.F.);
#1632=EDGE_CURVE('',#2026,#2027,#266,.T.);
#1633=EDGE_CURVE('',#2022,#2027,#267,.T.);
#1634=EDGE_CURVE('',#2028,#2029,#112,.T.);
#1635=EDGE_CURVE('',#2029,#2030,#268,.T.);
#1636=EDGE_CURVE('',#2030,#2031,#269,.T.);
#1637=EDGE_CURVE('',#2031,#2032,#270,.T.);
#1638=EDGE_CURVE('',#2032,#2028,#271,.F.);
#1639=EDGE_CURVE('',#2033,#2034,#272,.T.);
#1640=EDGE_CURVE('',#2034,#2035,#273,.F.);
#1641=EDGE_CURVE('',#2036,#2035,#274,.T.);
#1642=EDGE_CURVE('',#2036,#2033,#275,.T.);
#1643=EDGE_CURVE('',#2037,#2038,#276,.T.);
#1644=EDGE_CURVE('',#2038,#2039,#277,.T.);
#1645=EDGE_CURVE('',#2039,#2040,#113,.T.);
#1646=EDGE_CURVE('',#2040,#2041,#278,.T.);
#1647=EDGE_CURVE('',#2042,#2041,#279,.T.);
#1648=EDGE_CURVE('',#2043,#2042,#280,.T.);
#1649=EDGE_CURVE('',#2043,#2044,#281,.T.);
#1650=EDGE_CURVE('',#2044,#2037,#2167,.F.);
#1651=EDGE_CURVE('',#2045,#2046,#282,.T.);
#1652=EDGE_CURVE('',#2045,#2043,#2168,.F.);
#1653=EDGE_CURVE('',#2042,#2046,#2169,.T.);
#1654=EDGE_CURVE('',#2047,#2048,#114,.T.);
#1655=EDGE_CURVE('',#2048,#2049,#283,.T.);
#1656=EDGE_CURVE('',#2049,#2050,#284,.F.);
#1657=EDGE_CURVE('',#2050,#2051,#2170,.T.);
#1658=EDGE_CURVE('',#2051,#2045,#285,.F.);
#1659=EDGE_CURVE('',#2046,#2052,#286,.T.);
#1660=EDGE_CURVE('',#2052,#2047,#287,.F.);
#1661=EDGE_CURVE('',#2053,#2054,#288,.T.);
#1662=EDGE_CURVE('',#2054,#2055,#289,.F.);
#1663=EDGE_CURVE('',#2056,#2055,#290,.T.);
#1664=EDGE_CURVE('',#2056,#2053,#291,.T.);
#1665=EDGE_CURVE('',#2057,#2058,#292,.T.);
#1666=EDGE_CURVE('',#2058,#2059,#293,.T.);
#1667=EDGE_CURVE('',#2059,#2060,#115,.T.);
#1668=EDGE_CURVE('',#2060,#2061,#294,.T.);
#1669=EDGE_CURVE('',#2062,#2061,#295,.T.);
#1670=EDGE_CURVE('',#2063,#2062,#296,.T.);
#1671=EDGE_CURVE('',#2063,#2064,#297,.T.);
#1672=EDGE_CURVE('',#2064,#2057,#2171,.F.);
#1673=EDGE_CURVE('',#2065,#2066,#298,.T.);
#1674=EDGE_CURVE('',#2065,#2063,#2172,.F.);
#1675=EDGE_CURVE('',#2062,#2066,#2173,.T.);
#1676=EDGE_CURVE('',#2067,#2068,#116,.T.);
#1677=EDGE_CURVE('',#2068,#2069,#299,.T.);
#1678=EDGE_CURVE('',#2069,#2070,#300,.F.);
#1679=EDGE_CURVE('',#2070,#2071,#2174,.T.);
#1680=EDGE_CURVE('',#2071,#2065,#301,.F.);
#1681=EDGE_CURVE('',#2066,#2072,#302,.T.);
#1682=EDGE_CURVE('',#2072,#2067,#303,.F.);
#1683=EDGE_CURVE('',#2073,#2074,#304,.T.);
#1684=EDGE_CURVE('',#2073,#2075,#305,.T.);
#1685=EDGE_CURVE('',#2075,#2076,#306,.T.);
#1686=EDGE_CURVE('',#2076,#2074,#307,.F.);
#1687=EDGE_CURVE('',#2077,#2078,#308,.F.);
#1688=EDGE_CURVE('',#2078,#2079,#309,.T.);
#1689=EDGE_CURVE('',#2079,#2080,#117,.T.);
#1690=EDGE_CURVE('',#2080,#2081,#310,.T.);
#1691=EDGE_CURVE('',#2077,#2081,#311,.T.);
#1692=EDGE_CURVE('',#2082,#2082,#2175,.T.);
#1693=EDGE_CURVE('',#2011,#2012,#2176,.T.);
#1694=EDGE_CURVE('',#2083,#2083,#2177,.T.);
#1695=EDGE_CURVE('',#2007,#2084,#2178,.T.);
#1696=EDGE_CURVE('',#2084,#2006,#2179,.T.);
#1697=EDGE_CURVE('',#2085,#2086,#312,.F.);
#1698=EDGE_CURVE('',#2086,#2087,#313,.T.);
#1699=EDGE_CURVE('',#2087,#2088,#314,.T.);
#1700=EDGE_CURVE('',#2085,#2088,#315,.T.);
#1701=EDGE_CURVE('',#2007,#2089,#316,.F.);
#1702=EDGE_CURVE('',#2089,#2084,#317,.F.);
#1703=EDGE_CURVE('',#2031,#1942,#2180,.F.);
#1704=EDGE_CURVE('',#1945,#2022,#2181,.F.);
#1705=EDGE_CURVE('',#2027,#2021,#2182,.T.);
#1706=EDGE_CURVE('',#2020,#2018,#2183,.T.);
#1707=EDGE_CURVE('',#2017,#2085,#2184,.F.);
#1708=EDGE_CURVE('',#2088,#2077,#2185,.F.);
#1709=EDGE_CURVE('',#2081,#2076,#2186,.T.);
#1710=EDGE_CURVE('',#2075,#2072,#2187,.T.);
#1711=EDGE_CURVE('',#2061,#2054,#2188,.T.);
#1712=EDGE_CURVE('',#2053,#2052,#2189,.T.);
#1713=EDGE_CURVE('',#2041,#2034,#2190,.T.);
#1714=EDGE_CURVE('',#2033,#2032,#2191,.T.);
#1715=EDGE_CURVE('',#2090,#2090,#2192,.T.);
#1716=EDGE_CURVE('',#2091,#2091,#2193,.T.);
#1717=EDGE_CURVE('',#2092,#2092,#2194,.T.);
#1718=EDGE_CURVE('',#2093,#2093,#2195,.T.);
#1719=EDGE_CURVE('',#1993,#2094,#118,.T.);
#1720=EDGE_CURVE('',#2094,#2095,#119,.T.);
#1721=EDGE_CURVE('',#2095,#2014,#26,.T.);
#1722=EDGE_CURVE('',#2019,#1993,#120,.T.);
#1723=EDGE_CURVE('',#2074,#2096,#121,.T.);
#1724=EDGE_CURVE('',#2096,#2097,#122,.T.);
#1725=EDGE_CURVE('',#2097,#2073,#123,.T.);
#1726=EDGE_CURVE('',#2098,#2099,#318,.T.);
#1727=EDGE_CURVE('',#2099,#2100,#319,.T.);
#1728=EDGE_CURVE('',#2100,#2101,#320,.F.);
#1729=EDGE_CURVE('',#2101,#2098,#321,.T.);
#1730=EDGE_CURVE('',#2055,#2102,#124,.T.);
#1731=EDGE_CURVE('',#2102,#2103,#125,.T.);
#1732=EDGE_CURVE('',#2103,#2056,#126,.T.);
#1733=EDGE_CURVE('',#2104,#2105,#322,.T.);
#1734=EDGE_CURVE('',#2105,#2106,#323,.T.);
#1735=EDGE_CURVE('',#2106,#2107,#324,.F.);
#1736=EDGE_CURVE('',#2107,#2104,#325,.T.);
#1737=EDGE_CURVE('',#2035,#2108,#127,.T.);
#1738=EDGE_CURVE('',#2108,#2109,#128,.T.);
#1739=EDGE_CURVE('',#2109,#2036,#129,.T.);
#1740=EDGE_CURVE('',#2025,#2110,#27,.F.);
#1741=EDGE_CURVE('',#2110,#2111,#130,.T.);
#1742=EDGE_CURVE('',#2111,#2000,#131,.T.);
#1743=EDGE_CURVE('',#2000,#2026,#132,.T.);
#1744=EDGE_CURVE('',#2005,#2026,#2196,.T.);
#1745=EDGE_CURVE('',#2111,#2001,#133,.F.);
#1746=EDGE_CURVE('',#2019,#1994,#2197,.T.);
#1747=EDGE_CURVE('',#1992,#2094,#134,.F.);
#1748=EDGE_CURVE('',#2024,#2110,#135,.T.);
#1749=EDGE_CURVE('',#2095,#2015,#136,.T.);
#1750=EDGE_CURVE('',#2055,#2060,#2198,.T.);
#1751=EDGE_CURVE('',#2059,#2102,#137,.F.);
#1752=EDGE_CURVE('',#2047,#2056,#2199,.T.);
#1753=EDGE_CURVE('',#2103,#2048,#138,.F.);
#1754=EDGE_CURVE('',#2101,#2010,#2200,.T.);
#1755=EDGE_CURVE('',#2013,#2098,#2201,.F.);
#1756=EDGE_CURVE('',#2008,#2104,#2202,.F.);
#1757=EDGE_CURVE('',#2107,#2089,#2203,.T.);
#1758=EDGE_CURVE('',#2035,#2040,#2204,.T.);
#1759=EDGE_CURVE('',#2039,#2108,#139,.F.);
#1760=EDGE_CURVE('',#2028,#2036,#2205,.T.);
#1761=EDGE_CURVE('',#2109,#2029,#140,.F.);
#1762=EDGE_CURVE('',#2067,#2073,#2206,.T.);
#1763=EDGE_CURVE('',#2097,#2068,#141,.F.);
#1764=EDGE_CURVE('',#2074,#2080,#2207,.T.);
#1765=EDGE_CURVE('',#2079,#2096,#142,.F.);
#1766=EDGE_CURVE('',#2030,#1943,#2208,.F.);
#1767=EDGE_CURVE('',#1944,#2023,#2209,.F.);
#1768=EDGE_CURVE('',#2016,#2086,#2210,.F.);
#1769=EDGE_CURVE('',#2087,#2078,#2211,.F.);
#1770=EDGE_CURVE('',#2069,#2099,#2212,.F.);
#1771=EDGE_CURVE('',#2070,#2098,#2213,.T.);
#1772=EDGE_CURVE('',#2071,#2013,#2214,.T.);
#1773=EDGE_CURVE('',#2065,#2012,#2215,.T.);
#1774=EDGE_CURVE('',#2063,#2011,#2216,.T.);
#1775=EDGE_CURVE('',#2064,#2010,#2217,.T.);
#1776=EDGE_CURVE('',#2057,#2101,#2218,.T.);
#1777=EDGE_CURVE('',#2100,#2058,#2219,.F.);
#1778=EDGE_CURVE('',#2106,#2038,#2220,.F.);
#1779=EDGE_CURVE('',#2107,#2037,#2221,.T.);
#1780=EDGE_CURVE('',#2089,#2044,#2222,.T.);
#1781=EDGE_CURVE('',#2084,#2043,#2223,.T.);
#1782=EDGE_CURVE('',#2006,#2045,#2224,.T.);
#1783=EDGE_CURVE('',#2008,#2051,#2225,.T.);
#1784=EDGE_CURVE('',#2104,#2050,#2226,.T.);
#1785=EDGE_CURVE('',#2049,#2105,#2227,.F.);
#1786=EDGE_CURVE('',#2112,#2113,#143,.T.);
#1787=EDGE_CURVE('',#2113,#2114,#326,.T.);
#1788=EDGE_CURVE('',#2115,#2114,#327,.T.);
#1789=EDGE_CURVE('',#2115,#2116,#328,.T.);
#1790=EDGE_CURVE('',#2116,#2112,#144,.T.);
#1791=EDGE_CURVE('',#2114,#2117,#329,.T.);
#1792=EDGE_CURVE('',#2118,#2117,#330,.T.);
#1793=EDGE_CURVE('',#2118,#2115,#331,.T.);
#1794=EDGE_CURVE('',#2117,#2119,#332,.T.);
#1795=EDGE_CURVE('',#2119,#2120,#145,.T.);
#1796=EDGE_CURVE('',#2120,#2121,#146,.F.);
#1797=EDGE_CURVE('',#2121,#2118,#333,.T.);
#1798=EDGE_CURVE('',#2121,#2122,#147,.T.);
#1799=EDGE_CURVE('',#2122,#2123,#148,.T.);
#1800=EDGE_CURVE('',#2123,#2124,#149,.T.);
#1801=EDGE_CURVE('',#2124,#2125,#150,.T.);
#1802=EDGE_CURVE('',#2125,#2126,#151,.T.);
#1803=EDGE_CURVE('',#2126,#2127,#152,.T.);
#1804=EDGE_CURVE('',#2127,#2116,#153,.F.);
#1805=EDGE_CURVE('',#2002,#2113,#154,.F.);
#1806=EDGE_CURVE('',#2112,#2003,#155,.T.);
#1807=EDGE_CURVE('',#2003,#2127,#156,.F.);
#1808=EDGE_CURVE('',#2004,#2126,#2228,.T.);
#1809=EDGE_CURVE('',#1998,#2125,#2229,.T.);
#1810=EDGE_CURVE('',#1999,#2124,#2230,.T.);
#1811=EDGE_CURVE('',#1996,#2123,#2231,.T.);
#1812=EDGE_CURVE('',#2122,#1990,#157,.T.);
#1813=EDGE_CURVE('',#2119,#1991,#158,.F.);
#1814=EDGE_CURVE('',#1990,#2120,#159,.F.);
#1815=EDGE_CURVE('',#1907,#1924,#334,.T.);
#1816=EDGE_CURVE('',#1910,#1921,#335,.T.);
#1817=EDGE_CURVE('',#1923,#2128,#336,.T.);
#1818=EDGE_CURVE('',#2128,#1946,#337,.T.);
#1819=EDGE_CURVE('',#2129,#1947,#338,.T.);
#1820=EDGE_CURVE('',#1922,#2129,#339,.T.);
#1821=EDGE_CURVE('',#1911,#1920,#340,.T.);
#1822=EDGE_CURVE('',#1914,#1925,#341,.T.);
#1823=EDGE_CURVE('',#2130,#2130,#2232,.T.);
#1824=EDGE_CURVE('',#2128,#2129,#342,.T.);
#1825=EDGE_CURVE('',#2131,#2131,#2233,.T.);
#1826=EDGE_CURVE('',#2105,#1970,#343,.T.);
#1827=EDGE_CURVE('',#1971,#2049,#344,.T.);
#1828=EDGE_CURVE('',#1972,#2048,#160,.F.);
#1829=EDGE_CURVE('',#2106,#1969,#345,.T.);
#1830=EDGE_CURVE('',#1973,#2103,#161,.F.);
#1831=EDGE_CURVE('',#2038,#1968,#346,.T.);
#1832=EDGE_CURVE('',#1974,#2102,#162,.F.);
#1833=EDGE_CURVE('',#2039,#1967,#163,.F.);
#1834=EDGE_CURVE('',#1975,#2059,#164,.T.);
#1835=EDGE_CURVE('',#2108,#1966,#165,.F.);
#1836=EDGE_CURVE('',#1976,#2058,#347,.T.);
#1837=EDGE_CURVE('',#2109,#1965,#166,.F.);
#1838=EDGE_CURVE('',#1977,#2100,#348,.T.);
#1839=EDGE_CURVE('',#2029,#1964,#167,.T.);
#1840=EDGE_CURVE('',#1978,#2099,#349,.T.);
#1841=EDGE_CURVE('',#2030,#1963,#350,.T.);
#1842=EDGE_CURVE('',#1979,#2069,#351,.T.);
#1843=EDGE_CURVE('',#1943,#1962,#352,.T.);
#1844=EDGE_CURVE('',#1980,#2068,#168,.F.);
#1845=EDGE_CURVE('',#1944,#1961,#353,.T.);
#1846=EDGE_CURVE('',#1981,#2097,#169,.F.);
#1847=EDGE_CURVE('',#2023,#1960,#354,.T.);
#1848=EDGE_CURVE('',#1982,#2096,#170,.F.);
#1849=EDGE_CURVE('',#2024,#1959,#171,.F.);
#1850=EDGE_CURVE('',#1983,#2079,#172,.T.);
#1851=EDGE_CURVE('',#2110,#1958,#173,.F.);
#1852=EDGE_CURVE('',#1984,#2078,#355,.T.);
#1853=EDGE_CURVE('',#2111,#1957,#174,.F.);
#1854=EDGE_CURVE('',#1985,#2087,#356,.T.);
#1855=EDGE_CURVE('',#2001,#1956,#175,.T.);
#1856=EDGE_CURVE('',#1986,#2086,#357,.T.);
#1857=EDGE_CURVE('',#2002,#1955,#176,.F.);
#1858=EDGE_CURVE('',#1987,#2016,#358,.T.);
#1859=EDGE_CURVE('',#2113,#1954,#177,.T.);
#1860=EDGE_CURVE('',#1988,#2015,#178,.F.);
#1861=EDGE_CURVE('',#2114,#1953,#359,.T.);
#1862=EDGE_CURVE('',#1989,#2095,#179,.F.);
#1863=EDGE_CURVE('',#2117,#1952,#360,.T.);
#1864=EDGE_CURVE('',#1948,#2094,#180,.F.);
#1865=EDGE_CURVE('',#2119,#1951,#181,.F.);
#1866=EDGE_CURVE('',#1949,#1992,#182,.T.);
#1867=EDGE_CURVE('',#1991,#1950,#183,.T.);
#1868=EDGE_CURVE('',#2132,#1909,#361,.T.);
#1869=EDGE_CURVE('',#1918,#2132,#362,.T.);
#1870=EDGE_CURVE('',#2133,#1918,#363,.T.);
#1871=EDGE_CURVE('',#2133,#1912,#364,.T.);
#1872=EDGE_CURVE('',#2134,#1913,#365,.T.);
#1873=EDGE_CURVE('',#1917,#2134,#366,.T.);
#1874=EDGE_CURVE('',#2135,#1917,#367,.T.);
#1875=EDGE_CURVE('',#2135,#1908,#368,.T.);
#1876=EDGE_CURVE('',#2133,#1916,#369,.T.);
#1877=EDGE_CURVE('',#1916,#2134,#370,.T.);
#1878=EDGE_CURVE('',#2135,#1919,#371,.T.);
#1879=EDGE_CURVE('',#1919,#2132,#372,.T.);
#1880=EDGE_CURVE('',#1935,#2136,#373,.T.);
#1881=EDGE_CURVE('',#2137,#2136,#374,.T.);
#1882=EDGE_CURVE('',#2137,#1899,#375,.T.);
#1883=EDGE_CURVE('',#1899,#2138,#376,.T.);
#1884=EDGE_CURVE('',#2138,#2139,#377,.T.);
#1885=EDGE_CURVE('',#2139,#1939,#378,.T.);
#1886=EDGE_CURVE('',#1940,#2140,#379,.T.);
#1887=EDGE_CURVE('',#2141,#2140,#380,.T.);
#1888=EDGE_CURVE('',#2141,#1902,#381,.T.);
#1889=EDGE_CURVE('',#1902,#2142,#382,.T.);
#1890=EDGE_CURVE('',#2142,#2143,#383,.T.);
#1891=EDGE_CURVE('',#2143,#1934,#384,.T.);
#1892=EDGE_CURVE('',#2140,#2139,#385,.T.);
#1893=EDGE_CURVE('',#2136,#2143,#386,.T.);
#1894=EDGE_CURVE('',#2141,#1900,#387,.T.);
#1895=EDGE_CURVE('',#1900,#2138,#388,.T.);
#1896=EDGE_CURVE('',#2137,#1901,#389,.T.);
#1897=EDGE_CURVE('',#1901,#2142,#390,.T.);
#1898=VERTEX_POINT('',#3691);
#1899=VERTEX_POINT('',#3693);
#1900=VERTEX_POINT('',#3694);
#1901=VERTEX_POINT('',#3696);
#1902=VERTEX_POINT('',#3698);
#1903=VERTEX_POINT('',#3702);
#1904=VERTEX_POINT('',#3703);
#1905=VERTEX_POINT('',#3705);
#1906=VERTEX_POINT('',#3707);
#1907=VERTEX_POINT('',#3711);
#1908=VERTEX_POINT('',#3712);
#1909=VERTEX_POINT('',#3714);
#1910=VERTEX_POINT('',#3716);
#1911=VERTEX_POINT('',#3720);
#1912=VERTEX_POINT('',#3721);
#1913=VERTEX_POINT('',#3723);
#1914=VERTEX_POINT('',#3725);
#1915=VERTEX_POINT('',#3729);
#1916=VERTEX_POINT('',#3731);
#1917=VERTEX_POINT('',#3732);
#1918=VERTEX_POINT('',#3734);
#1919=VERTEX_POINT('',#3736);
#1920=VERTEX_POINT('',#3740);
#1921=VERTEX_POINT('',#3741);
#1922=VERTEX_POINT('',#3743);
#1923=VERTEX_POINT('',#3745);
#1924=VERTEX_POINT('',#3749);
#1925=VERTEX_POINT('',#3750);
#1926=VERTEX_POINT('',#3752);
#1927=VERTEX_POINT('',#3754);
#1928=VERTEX_POINT('',#3758);
#1929=VERTEX_POINT('',#3760);
#1930=VERTEX_POINT('',#3764);
#1931=VERTEX_POINT('',#3766);
#1932=VERTEX_POINT('',#3768);
#1933=VERTEX_POINT('',#3770);
#1934=VERTEX_POINT('',#3772);
#1935=VERTEX_POINT('',#3774);
#1936=VERTEX_POINT('',#3778);
#1937=VERTEX_POINT('',#3779);
#1938=VERTEX_POINT('',#3784);
#1939=VERTEX_POINT('',#3786);
#1940=VERTEX_POINT('',#3788);
#1941=VERTEX_POINT('',#3791);
#1942=VERTEX_POINT('',#3799);
#1943=VERTEX_POINT('',#3800);
#1944=VERTEX_POINT('',#3802);
#1945=VERTEX_POINT('',#3804);
#1946=VERTEX_POINT('',#3807);
#1947=VERTEX_POINT('',#3809);
#1948=VERTEX_POINT('',#3823);
#1949=VERTEX_POINT('',#3824);
#1950=VERTEX_POINT('',#3826);
#1951=VERTEX_POINT('',#3835);
#1952=VERTEX_POINT('',#3837);
#1953=VERTEX_POINT('',#3839);
#1954=VERTEX_POINT('',#3841);
#1955=VERTEX_POINT('',#3850);
#1956=VERTEX_POINT('',#3852);
#1957=VERTEX_POINT('',#3864);
#1958=VERTEX_POINT('',#3869);
#1959=VERTEX_POINT('',#3875);
#1960=VERTEX_POINT('',#3877);
#1961=VERTEX_POINT('',#3879);
#1962=VERTEX_POINT('',#3881);
#1963=VERTEX_POINT('',#3883);
#1964=VERTEX_POINT('',#3885);
#1965=VERTEX_POINT('',#3906);
#1966=VERTEX_POINT('',#3922);
#1967=VERTEX_POINT('',#3944);
#1968=VERTEX_POINT('',#3946);
#1969=VERTEX_POINT('',#3948);
#1970=VERTEX_POINT('',#3950);
#1971=VERTEX_POINT('',#3952);
#1972=VERTEX_POINT('',#3954);
#1973=VERTEX_POINT('',#3975);
#1974=VERTEX_POINT('',#3991);
#1975=VERTEX_POINT('',#4013);
#1976=VERTEX_POINT('',#4015);
#1977=VERTEX_POINT('',#4017);
#1978=VERTEX_POINT('',#4019);
#1979=VERTEX_POINT('',#4021);
#1980=VERTEX_POINT('',#4023);
#1981=VERTEX_POINT('',#4044);
#1982=VERTEX_POINT('',#4060);
#1983=VERTEX_POINT('',#4082);
#1984=VERTEX_POINT('',#4084);
#1985=VERTEX_POINT('',#4086);
#1986=VERTEX_POINT('',#4088);
#1987=VERTEX_POINT('',#4090);
#1988=VERTEX_POINT('',#4092);
#1989=VERTEX_POINT('',#4098);
#1990=VERTEX_POINT('',#4135);
#1991=VERTEX_POINT('',#4136);
#1992=VERTEX_POINT('',#4141);
#1993=VERTEX_POINT('',#4147);
#1994=VERTEX_POINT('',#4155);
#1995=VERTEX_POINT('',#4157);
#1996=VERTEX_POINT('',#4167);
#1997=VERTEX_POINT('',#4362);
#1998=VERTEX_POINT('',#4363);
#1999=VERTEX_POINT('',#4374);
#2000=VERTEX_POINT('',#4419);
#2001=VERTEX_POINT('',#4420);
#2002=VERTEX_POINT('',#4425);
#2003=VERTEX_POINT('',#4430);
#2004=VERTEX_POINT('',#4435);
#2005=VERTEX_POINT('',#4446);
#2006=VERTEX_POINT('',#4604);
#2007=VERTEX_POINT('',#4605);
#2008=VERTEX_POINT('',#4607);
#2009=VERTEX_POINT('',#4611);
#2010=VERTEX_POINT('',#4612);
#2011=VERTEX_POINT('',#4614);
#2012=VERTEX_POINT('',#4618);
#2013=VERTEX_POINT('',#4620);
#2014=VERTEX_POINT('',#4674);
#2015=VERTEX_POINT('',#4675);
#2016=VERTEX_POINT('',#4677);
#2017=VERTEX_POINT('',#4679);
#2018=VERTEX_POINT('',#4681);
#2019=VERTEX_POINT('',#4683);
#2020=VERTEX_POINT('',#4687);
#2021=VERTEX_POINT('',#4688);
#2022=VERTEX_POINT('',#4693);
#2023=VERTEX_POINT('',#4694);
#2024=VERTEX_POINT('',#4696);
#2025=VERTEX_POINT('',#4742);
#2026=VERTEX_POINT('',#4744);
#2027=VERTEX_POINT('',#4746);
#2028=VERTEX_POINT('',#4761);
#2029=VERTEX_POINT('',#4762);
#2030=VERTEX_POINT('',#4764);
#2031=VERTEX_POINT('',#4766);
#2032=VERTEX_POINT('',#4768);
#2033=VERTEX_POINT('',#4772);
#2034=VERTEX_POINT('',#4773);
#2035=VERTEX_POINT('',#4775);
#2036=VERTEX_POINT('',#4777);
#2037=VERTEX_POINT('',#4781);
#2038=VERTEX_POINT('',#4782);
#2039=VERTEX_POINT('',#4784);
#2040=VERTEX_POINT('',#4797);
#2041=VERTEX_POINT('',#4799);
#2042=VERTEX_POINT('',#4801);
#2043=VERTEX_POINT('',#4803);
#2044=VERTEX_POINT('',#4805);
#2045=VERTEX_POINT('',#4809);
#2046=VERTEX_POINT('',#4810);
#2047=VERTEX_POINT('',#4826);
#2048=VERTEX_POINT('',#4827);
#2049=VERTEX_POINT('',#4829);
#2050=VERTEX_POINT('',#4831);
#2051=VERTEX_POINT('',#4833);
#2052=VERTEX_POINT('',#4836);
#2053=VERTEX_POINT('',#4840);
#2054=VERTEX_POINT('',#4841);
#2055=VERTEX_POINT('',#4843);
#2056=VERTEX_POINT('',#4845);
#2057=VERTEX_POINT('',#4849);
#2058=VERTEX_POINT('',#4850);
#2059=VERTEX_POINT('',#4852);
#2060=VERTEX_POINT('',#4865);
#2061=VERTEX_POINT('',#4867);
#2062=VERTEX_POINT('',#4869);
#2063=VERTEX_POINT('',#4871);
#2064=VERTEX_POINT('',#4873);
#2065=VERTEX_POINT('',#4877);
#2066=VERTEX_POINT('',#4878);
#2067=VERTEX_POINT('',#4894);
#2068=VERTEX_POINT('',#4895);
#2069=VERTEX_POINT('',#4897);
#2070=VERTEX_POINT('',#4899);
#2071=VERTEX_POINT('',#4901);
#2072=VERTEX_POINT('',#4904);
#2073=VERTEX_POINT('',#4908);
#2074=VERTEX_POINT('',#4909);
#2075=VERTEX_POINT('',#4911);
#2076=VERTEX_POINT('',#4913);
#2077=VERTEX_POINT('',#4917);
#2078=VERTEX_POINT('',#4918);
#2079=VERTEX_POINT('',#4920);
#2080=VERTEX_POINT('',#4933);
#2081=VERTEX_POINT('',#4935);
#2082=VERTEX_POINT('',#4939);
#2083=VERTEX_POINT('',#4943);
#2084=VERTEX_POINT('',#4945);
#2085=VERTEX_POINT('',#4949);
#2086=VERTEX_POINT('',#4950);
#2087=VERTEX_POINT('',#4952);
#2088=VERTEX_POINT('',#4954);
#2089=VERTEX_POINT('',#4958);
#2090=VERTEX_POINT('',#4974);
#2091=VERTEX_POINT('',#4976);
#2092=VERTEX_POINT('',#4979);
#2093=VERTEX_POINT('',#4983);
#2094=VERTEX_POINT('',#5042);
#2095=VERTEX_POINT('',#5047);
#2096=VERTEX_POINT('',#5188);
#2097=VERTEX_POINT('',#5196);
#2098=VERTEX_POINT('',#5210);
#2099=VERTEX_POINT('',#5211);
#2100=VERTEX_POINT('',#5213);
#2101=VERTEX_POINT('',#5215);
#2102=VERTEX_POINT('',#5300);
#2103=VERTEX_POINT('',#5308);
#2104=VERTEX_POINT('',#5322);
#2105=VERTEX_POINT('',#5323);
#2106=VERTEX_POINT('',#5325);
#2107=VERTEX_POINT('',#5327);
#2108=VERTEX_POINT('',#5412);
#2109=VERTEX_POINT('',#5420);
#2110=VERTEX_POINT('',#5510);
#2111=VERTEX_POINT('',#5515);
#2112=VERTEX_POINT('',#6305);
#2113=VERTEX_POINT('',#6306);
#2114=VERTEX_POINT('',#6308);
#2115=VERTEX_POINT('',#6310);
#2116=VERTEX_POINT('',#6312);
#2117=VERTEX_POINT('',#6320);
#2118=VERTEX_POINT('',#6322);
#2119=VERTEX_POINT('',#6326);
#2120=VERTEX_POINT('',#6331);
#2121=VERTEX_POINT('',#6337);
#2122=VERTEX_POINT('',#6344);
#2123=VERTEX_POINT('',#6349);
#2124=VERTEX_POINT('',#6355);
#2125=VERTEX_POINT('',#6366);
#2126=VERTEX_POINT('',#6371);
#2127=VERTEX_POINT('',#6376);
#2128=VERTEX_POINT('',#6612);
#2129=VERTEX_POINT('',#6616);
#2130=VERTEX_POINT('',#6622);
#2131=VERTEX_POINT('',#6627);
#2132=VERTEX_POINT('',#7086);
#2133=VERTEX_POINT('',#7089);
#2134=VERTEX_POINT('',#7093);
#2135=VERTEX_POINT('',#7096);
#2136=VERTEX_POINT('',#7110);
#2137=VERTEX_POINT('',#7112);
#2138=VERTEX_POINT('',#7115);
#2139=VERTEX_POINT('',#7117);
#2140=VERTEX_POINT('',#7121);
#2141=VERTEX_POINT('',#7123);
#2142=VERTEX_POINT('',#7126);
#2143=VERTEX_POINT('',#7128);
#2144=CIRCLE('',#2835,0.0016);
#2145=CIRCLE('',#2836,0.0016);
#2146=CIRCLE('',#2837,0.0016);
#2147=CIRCLE('',#2838,0.0016);
#2148=CIRCLE('',#2839,0.0016);
#2149=CIRCLE('',#2844,0.0016);
#2150=CIRCLE('',#2845,0.0016);
#2151=CIRCLE('',#2846,0.0016);
#2152=CIRCLE('',#2847,0.0016);
#2153=CIRCLE('',#2848,0.0016);
#2154=CIRCLE('',#2852,0.0016);
#2155=CIRCLE('',#2853,0.0016);
#2156=CIRCLE('',#2862,0.00146696030715818);
#2157=CIRCLE('',#2863,0.00146696030715818);
#2158=CIRCLE('',#2864,0.00146696030715818);
#2159=CIRCLE('',#2865,0.00146696030715818);
#2160=CIRCLE('',#2866,0.0014669603071582);
#2161=CIRCLE('',#2867,0.00146696030715818);
#2162=CIRCLE('',#2868,0.00146696030715818);
#2163=CIRCLE('',#2869,0.00146696030715818);
#2164=CIRCLE('',#2871,0.0047625);
#2165=CIRCLE('',#2873,0.0047625);
#2166=CIRCLE('',#2875,0.0047625);
#2167=CIRCLE('',#2882,0.007);
#2168=CIRCLE('',#2884,0.0067625);
#2169=CIRCLE('',#2885,0.0067625);
#2170=CIRCLE('',#2887,0.007);
#2171=CIRCLE('',#2890,0.007);
#2172=CIRCLE('',#2892,0.0067625);
#2173=CIRCLE('',#2893,0.0067625);
#2174=CIRCLE('',#2895,0.007);
#2175=CIRCLE('',#2899,0.0047625);
#2176=CIRCLE('',#2900,0.0047625);
#2177=CIRCLE('',#2902,0.0047625);
#2178=CIRCLE('',#2903,0.0047625);
#2179=CIRCLE('',#2904,0.0047625);
#2180=CIRCLE('',#2908,0.002);
#2181=CIRCLE('',#2909,0.002);
#2182=CIRCLE('',#2910,0.01);
#2183=CIRCLE('',#2911,0.01);
#2184=CIRCLE('',#2912,0.002);
#2185=CIRCLE('',#2913,0.002);
#2186=CIRCLE('',#2914,0.005);
#2187=CIRCLE('',#2915,0.005);
#2188=CIRCLE('',#2916,0.005);
#2189=CIRCLE('',#2917,0.005);
#2190=CIRCLE('',#2918,0.005);
#2191=CIRCLE('',#2919,0.005);
#2192=CIRCLE('',#2920,0.003175);
#2193=CIRCLE('',#2921,0.003175);
#2194=CIRCLE('',#2923,0.003175);
#2195=CIRCLE('',#2926,0.003175);
#2196=CIRCLE('',#2931,0.01);
#2197=CIRCLE('',#2933,0.01);
#2198=CIRCLE('',#2935,0.005);
#2199=CIRCLE('',#2937,0.005);
#2200=CIRCLE('',#2939,0.005);
#2201=CIRCLE('',#2940,0.005);
#2202=CIRCLE('',#2942,0.005);
#2203=CIRCLE('',#2943,0.005);
#2204=CIRCLE('',#2945,0.005);
#2205=CIRCLE('',#2947,0.005);
#2206=CIRCLE('',#2949,0.005);
#2207=CIRCLE('',#2951,0.005);
#2208=CIRCLE('',#2953,0.002);
#2209=CIRCLE('',#2955,0.002);
#2210=CIRCLE('',#2957,0.002);
#2211=CIRCLE('',#2959,0.002);
#2212=CIRCLE('',#2961,0.002);
#2213=CIRCLE('',#2962,0.002);
#2214=CIRCLE('',#2964,0.002);
#2215=CIRCLE('',#2966,0.002);
#2216=CIRCLE('',#2968,0.002);
#2217=CIRCLE('',#2970,0.002);
#2218=CIRCLE('',#2972,0.002);
#2219=CIRCLE('',#2974,0.002);
#2220=CIRCLE('',#2976,0.002);
#2221=CIRCLE('',#2977,0.002);
#2222=CIRCLE('',#2979,0.002);
#2223=CIRCLE('',#2981,0.002);
#2224=CIRCLE('',#2983,0.002);
#2225=CIRCLE('',#2985,0.002);
#2226=CIRCLE('',#2987,0.002);
#2227=CIRCLE('',#2989,0.002);
#2228=CIRCLE('',#2994,0.001);
#2229=CIRCLE('',#2995,0.001);
#2230=CIRCLE('',#2996,0.001);
#2231=CIRCLE('',#2997,0.001);
#2232=CIRCLE('',#3001,0.0016);
#2233=CIRCLE('',#3004,0.0016);
#2234=EDGE_LOOP('',(#677));
#2235=EDGE_LOOP('',(#678,#679,#680,#681));
#2236=EDGE_LOOP('',(#682,#683,#684,#685));
#2237=EDGE_LOOP('',(#686,#687,#688,#689));
#2238=EDGE_LOOP('',(#690,#691,#692,#693));
#2239=EDGE_LOOP('',(#694));
#2240=EDGE_LOOP('',(#695,#696,#697,#698));
#2241=EDGE_LOOP('',(#699,#700,#701,#702));
#2242=EDGE_LOOP('',(#703,#704,#705,#706));
#2243=EDGE_LOOP('',(#707));
#2244=EDGE_LOOP('',(#708));
#2245=EDGE_LOOP('',(#709));
#2246=EDGE_LOOP('',(#710,#711,#712,#713,#714,#715,#716,#717));
#2247=EDGE_LOOP('',(#718,#719,#720,#721));
#2248=EDGE_LOOP('',(#722,#723,#724,#725,#726,#727,#728,#729));
#2249=EDGE_LOOP('',(#730));
#2250=EDGE_LOOP('',(#731,#732,#733,#734));
#2251=EDGE_LOOP('',(#735,#736,#737,#738));
#2252=EDGE_LOOP('',(#739,#740,#741,#742));
#2253=EDGE_LOOP('',(#743,#744,#745,#746));
#2254=EDGE_LOOP('',(#747,#748,#749,#750,#751,#752,#753,#754,#755,#756,#757,
#758,#759,#760,#761,#762,#763,#764,#765,#766,#767,#768,#769,#770,#771,#772,
#773,#774,#775,#776,#777,#778,#779,#780,#781,#782,#783,#784,#785,#786,#787,
#788));
#2255=EDGE_LOOP('',(#789));
#2256=EDGE_LOOP('',(#790));
#2257=EDGE_LOOP('',(#791,#792,#793,#794,#795,#796,#797));
#2258=EDGE_LOOP('',(#798,#799,#800,#801));
#2259=EDGE_LOOP('',(#802,#803,#804,#805,#806,#807,#808));
#2260=EDGE_LOOP('',(#809,#810,#811));
#2261=EDGE_LOOP('',(#812,#813,#814));
#2262=EDGE_LOOP('',(#815,#816,#817));
#2263=EDGE_LOOP('',(#818,#819,#820));
#2264=EDGE_LOOP('',(#821,#822,#823));
#2265=EDGE_LOOP('',(#824,#825,#826,#827,#828,#829));
#2266=EDGE_LOOP('',(#830,#831,#832,#833,#834,#835));
#2267=EDGE_LOOP('',(#836,#837,#838,#839,#840,#841));
#2268=EDGE_LOOP('',(#842,#843,#844,#845,#846));
#2269=EDGE_LOOP('',(#847,#848,#849,#850));
#2270=EDGE_LOOP('',(#851,#852,#853,#854,#855,#856,#857,#858));
#2271=EDGE_LOOP('',(#859,#860,#861,#862));
#2272=EDGE_LOOP('',(#863,#864,#865,#866,#867,#868,#869,#870));
#2273=EDGE_LOOP('',(#871,#872,#873,#874));
#2274=EDGE_LOOP('',(#875,#876,#877,#878,#879,#880,#881,#882));
#2275=EDGE_LOOP('',(#883,#884,#885,#886));
#2276=EDGE_LOOP('',(#887,#888,#889,#890,#891,#892,#893,#894));
#2277=EDGE_LOOP('',(#895,#896,#897,#898));
#2278=EDGE_LOOP('',(#899,#900,#901,#902,#903));
#2279=EDGE_LOOP('',(#904));
#2280=EDGE_LOOP('',(#905,#906,#907));
#2281=EDGE_LOOP('',(#908));
#2282=EDGE_LOOP('',(#909,#910,#911));
#2283=EDGE_LOOP('',(#912,#913,#914,#915));
#2284=EDGE_LOOP('',(#916,#917,#918,#919));
#2285=EDGE_LOOP('',(#920,#921,#922));
#2286=EDGE_LOOP('',(#923,#924,#925,#926,#927,#928,#929,#930,#931,#932,#933,
#934,#935,#936,#937,#938,#939,#940,#941,#942,#943,#944,#945,#946,#947,#948,
#949,#950));
#2287=EDGE_LOOP('',(#951));
#2288=EDGE_LOOP('',(#952));
#2289=EDGE_LOOP('',(#953));
#2290=EDGE_LOOP('',(#954));
#2291=EDGE_LOOP('',(#955));
#2292=EDGE_LOOP('',(#956));
#2293=EDGE_LOOP('',(#957));
#2294=EDGE_LOOP('',(#958));
#2295=EDGE_LOOP('',(#959));
#2296=EDGE_LOOP('',(#960));
#2297=EDGE_LOOP('',(#961,#962,#963,#964,#965));
#2298=EDGE_LOOP('',(#966,#967,#968,#969));
#2299=EDGE_LOOP('',(#970,#971,#972,#973));
#2300=EDGE_LOOP('',(#974,#975,#976,#977));
#2301=EDGE_LOOP('',(#978,#979,#980,#981));
#2302=EDGE_LOOP('',(#982,#983,#984,#985));
#2303=EDGE_LOOP('',(#986,#987,#988,#989,#990));
#2304=EDGE_LOOP('',(#991,#992,#993,#994));
#2305=EDGE_LOOP('',(#995,#996,#997));
#2306=EDGE_LOOP('',(#998,#999,#1000));
#2307=EDGE_LOOP('',(#1001,#1002,#1003,#1004));
#2308=EDGE_LOOP('',(#1005,#1006,#1007));
#2309=EDGE_LOOP('',(#1008,#1009,#1010));
#2310=EDGE_LOOP('',(#1011,#1012,#1013));
#2311=EDGE_LOOP('',(#1014,#1015,#1016));
#2312=EDGE_LOOP('',(#1017,#1018,#1019,#1020));
#2313=EDGE_LOOP('',(#1021,#1022,#1023,#1024));
#2314=EDGE_LOOP('',(#1025,#1026,#1027,#1028));
#2315=EDGE_LOOP('',(#1029,#1030,#1031,#1032));
#2316=EDGE_LOOP('',(#1033,#1034,#1035,#1036,#1037));
#2317=EDGE_LOOP('',(#1038,#1039,#1040,#1041,#1042));
#2318=EDGE_LOOP('',(#1043,#1044,#1045,#1046));
#2319=EDGE_LOOP('',(#1047,#1048,#1049,#1050));
#2320=EDGE_LOOP('',(#1051,#1052,#1053,#1054));
#2321=EDGE_LOOP('',(#1055,#1056,#1057,#1058));
#2322=EDGE_LOOP('',(#1059,#1060,#1061,#1062));
#2323=EDGE_LOOP('',(#1063,#1064,#1065,#1066));
#2324=EDGE_LOOP('',(#1067,#1068,#1069,#1070));
#2325=EDGE_LOOP('',(#1071,#1072,#1073,#1074));
#2326=EDGE_LOOP('',(#1075,#1076,#1077,#1078));
#2327=EDGE_LOOP('',(#1079,#1080,#1081,#1082));
#2328=EDGE_LOOP('',(#1083,#1084,#1085,#1086));
#2329=EDGE_LOOP('',(#1087,#1088,#1089,#1090));
#2330=EDGE_LOOP('',(#1091,#1092,#1093,#1094));
#2331=EDGE_LOOP('',(#1095,#1096,#1097,#1098));
#2332=EDGE_LOOP('',(#1099,#1100,#1101,#1102));
#2333=EDGE_LOOP('',(#1103,#1104,#1105,#1106));
#2334=EDGE_LOOP('',(#1107,#1108,#1109,#1110));
#2335=EDGE_LOOP('',(#1111,#1112,#1113,#1114));
#2336=EDGE_LOOP('',(#1115,#1116,#1117,#1118));
#2337=EDGE_LOOP('',(#1119,#1120,#1121,#1122));
#2338=EDGE_LOOP('',(#1123,#1124,#1125,#1126));
#2339=EDGE_LOOP('',(#1127,#1128,#1129,#1130));
#2340=EDGE_LOOP('',(#1131,#1132,#1133,#1134));
#2341=EDGE_LOOP('',(#1135,#1136,#1137,#1138));
#2342=EDGE_LOOP('',(#1139,#1140,#1141,#1142));
#2343=EDGE_LOOP('',(#1143,#1144,#1145,#1146));
#2344=EDGE_LOOP('',(#1147,#1148,#1149,#1150,#1151));
#2345=EDGE_LOOP('',(#1152,#1153,#1154,#1155));
#2346=EDGE_LOOP('',(#1156,#1157,#1158,#1159,#1160));
#2347=EDGE_LOOP('',(#1161,#1162,#1163,#1164,#1165,#1166,#1167,#1168,#1169,
#1170));
#2348=EDGE_LOOP('',(#1171,#1172,#1173,#1174));
#2349=EDGE_LOOP('',(#1175,#1176,#1177,#1178));
#2350=EDGE_LOOP('',(#1179,#1180,#1181,#1182));
#2351=EDGE_LOOP('',(#1183,#1184,#1185,#1186));
#2352=EDGE_LOOP('',(#1187,#1188,#1189,#1190));
#2353=EDGE_LOOP('',(#1191,#1192,#1193,#1194));
#2354=EDGE_LOOP('',(#1195,#1196,#1197,#1198));
#2355=EDGE_LOOP('',(#1199,#1200,#1201,#1202));
#2356=EDGE_LOOP('',(#1203,#1204,#1205,#1206));
#2357=EDGE_LOOP('',(#1207,#1208,#1209,#1210,#1211,#1212,#1213,#1214));
#2358=EDGE_LOOP('',(#1215,#1216,#1217,#1218,#1219,#1220,#1221,#1222));
#2359=EDGE_LOOP('',(#1223));
#2360=EDGE_LOOP('',(#1224,#1225,#1226,#1227));
#2361=EDGE_LOOP('',(#1228,#1229,#1230,#1231));
#2362=EDGE_LOOP('',(#1232));
#2363=EDGE_LOOP('',(#1233));
#2364=EDGE_LOOP('',(#1234));
#2365=EDGE_LOOP('',(#1235,#1236,#1237,#1238));
#2366=EDGE_LOOP('',(#1239,#1240,#1241,#1242));
#2367=EDGE_LOOP('',(#1243,#1244,#1245,#1246));
#2368=EDGE_LOOP('',(#1247,#1248,#1249,#1250));
#2369=EDGE_LOOP('',(#1251,#1252,#1253,#1254));
#2370=EDGE_LOOP('',(#1255,#1256,#1257,#1258));
#2371=EDGE_LOOP('',(#1259,#1260,#1261,#1262));
#2372=EDGE_LOOP('',(#1263,#1264,#1265,#1266));
#2373=EDGE_LOOP('',(#1267,#1268,#1269,#1270));
#2374=EDGE_LOOP('',(#1271,#1272,#1273,#1274));
#2375=EDGE_LOOP('',(#1275,#1276,#1277,#1278));
#2376=EDGE_LOOP('',(#1279,#1280,#1281,#1282));
#2377=EDGE_LOOP('',(#1283,#1284,#1285,#1286));
#2378=EDGE_LOOP('',(#1287,#1288,#1289,#1290));
#2379=EDGE_LOOP('',(#1291,#1292,#1293,#1294));
#2380=EDGE_LOOP('',(#1295,#1296,#1297,#1298));
#2381=EDGE_LOOP('',(#1299,#1300,#1301,#1302));
#2382=EDGE_LOOP('',(#1303,#1304,#1305,#1306));
#2383=EDGE_LOOP('',(#1307,#1308,#1309,#1310));
#2384=EDGE_LOOP('',(#1311,#1312,#1313,#1314));
#2385=EDGE_LOOP('',(#1315,#1316,#1317,#1318));
#2386=EDGE_LOOP('',(#1319,#1320,#1321,#1322));
#2387=EDGE_LOOP('',(#1323,#1324,#1325,#1326));
#2388=EDGE_LOOP('',(#1327,#1328,#1329,#1330));
#2389=EDGE_LOOP('',(#1331,#1332,#1333,#1334));
#2390=EDGE_LOOP('',(#1335,#1336,#1337,#1338));
#2391=EDGE_LOOP('',(#1339,#1340,#1341,#1342));
#2392=EDGE_LOOP('',(#1343,#1344,#1345,#1346));
#2393=EDGE_LOOP('',(#1347,#1348,#1349,#1350));
#2394=EDGE_LOOP('',(#1351,#1352,#1353,#1354));
#2395=EDGE_LOOP('',(#1355,#1356,#1357,#1358));
#2396=EDGE_LOOP('',(#1359,#1360,#1361,#1362));
#2397=EDGE_LOOP('',(#1363,#1364,#1365,#1366));
#2398=EDGE_LOOP('',(#1367,#1368,#1369,#1370));
#2399=EDGE_LOOP('',(#1371,#1372,#1373,#1374));
#2400=EDGE_LOOP('',(#1375,#1376,#1377,#1378));
#2401=EDGE_LOOP('',(#1379,#1380,#1381,#1382));
#2402=EDGE_LOOP('',(#1383,#1384,#1385,#1386));
#2403=EDGE_LOOP('',(#1387,#1388,#1389,#1390));
#2404=EDGE_LOOP('',(#1391,#1392,#1393,#1394));
#2405=EDGE_LOOP('',(#1395,#1396,#1397,#1398));
#2406=EDGE_LOOP('',(#1399,#1400,#1401,#1402));
#2407=EDGE_LOOP('',(#1403,#1404,#1405,#1406,#1407,#1408,#1409,#1410,#1411));
#2408=EDGE_LOOP('',(#1412,#1413,#1414,#1415,#1416,#1417,#1418,#1419,#1420));
#2409=EDGE_LOOP('',(#1421,#1422,#1423,#1424,#1425));
#2410=EDGE_LOOP('',(#1426,#1427,#1428,#1429,#1430));
#2411=EDGE_LOOP('',(#1431,#1432,#1433));
#2412=EDGE_LOOP('',(#1434,#1435,#1436));
#2413=EDGE_LOOP('',(#1437,#1438,#1439));
#2414=EDGE_LOOP('',(#1440,#1441,#1442));
#2415=EDGE_LOOP('',(#1443,#1444,#1445,#1446,#1447,#1448,#1449,#1450,#1451));
#2416=EDGE_LOOP('',(#1452,#1453,#1454,#1455,#1456,#1457,#1458,#1459,#1460));
#2417=EDGE_LOOP('',(#1461,#1462,#1463,#1464));
#2418=EDGE_LOOP('',(#1465,#1466,#1467,#1468));
#2419=EDGE_LOOP('',(#1469,#1470,#1471,#1472,#1473));
#2420=EDGE_LOOP('',(#1474,#1475,#1476,#1477,#1478));
#2421=EDGE_LOOP('',(#1479,#1480,#1481));
#2422=EDGE_LOOP('',(#1482,#1483,#1484));
#2423=EDGE_LOOP('',(#1485,#1486,#1487));
#2424=EDGE_LOOP('',(#1488,#1489,#1490));
#2425=FACE_BOUND('',#2234,.T.);
#2426=FACE_BOUND('',#2235,.T.);
#2427=FACE_BOUND('',#2236,.T.);
#2428=FACE_BOUND('',#2237,.T.);
#2429=FACE_BOUND('',#2238,.T.);
#2430=FACE_BOUND('',#2239,.T.);
#2431=FACE_BOUND('',#2240,.T.);
#2432=FACE_BOUND('',#2241,.T.);
#2433=FACE_BOUND('',#2242,.T.);
#2434=FACE_BOUND('',#2243,.T.);
#2435=FACE_BOUND('',#2244,.T.);
#2436=FACE_BOUND('',#2245,.T.);
#2437=FACE_BOUND('',#2246,.T.);
#2438=FACE_BOUND('',#2247,.T.);
#2439=FACE_BOUND('',#2248,.T.);
#2440=FACE_BOUND('',#2249,.T.);
#2441=FACE_BOUND('',#2250,.T.);
#2442=FACE_BOUND('',#2251,.T.);
#2443=FACE_BOUND('',#2252,.T.);
#2444=FACE_BOUND('',#2253,.T.);
#2445=FACE_BOUND('',#2254,.T.);
#2446=FACE_BOUND('',#2255,.T.);
#2447=FACE_BOUND('',#2256,.T.);
#2448=FACE_BOUND('',#2257,.T.);
#2449=FACE_BOUND('',#2258,.T.);
#2450=FACE_BOUND('',#2259,.T.);
#2451=FACE_BOUND('',#2260,.T.);
#2452=FACE_BOUND('',#2261,.T.);
#2453=FACE_BOUND('',#2262,.T.);
#2454=FACE_BOUND('',#2263,.T.);
#2455=FACE_BOUND('',#2264,.T.);
#2456=FACE_BOUND('',#2265,.T.);
#2457=FACE_BOUND('',#2266,.T.);
#2458=FACE_BOUND('',#2267,.T.);
#2459=FACE_BOUND('',#2268,.T.);
#2460=FACE_BOUND('',#2269,.T.);
#2461=FACE_BOUND('',#2270,.T.);
#2462=FACE_BOUND('',#2271,.T.);
#2463=FACE_BOUND('',#2272,.T.);
#2464=FACE_BOUND('',#2273,.T.);
#2465=FACE_BOUND('',#2274,.T.);
#2466=FACE_BOUND('',#2275,.T.);
#2467=FACE_BOUND('',#2276,.T.);
#2468=FACE_BOUND('',#2277,.T.);
#2469=FACE_BOUND('',#2278,.T.);
#2470=FACE_BOUND('',#2279,.T.);
#2471=FACE_BOUND('',#2280,.T.);
#2472=FACE_BOUND('',#2281,.T.);
#2473=FACE_BOUND('',#2282,.T.);
#2474=FACE_BOUND('',#2283,.T.);
#2475=FACE_BOUND('',#2284,.T.);
#2476=FACE_BOUND('',#2285,.T.);
#2477=FACE_BOUND('',#2286,.T.);
#2478=FACE_BOUND('',#2287,.T.);
#2479=FACE_BOUND('',#2288,.T.);
#2480=FACE_BOUND('',#2289,.T.);
#2481=FACE_BOUND('',#2290,.T.);
#2482=FACE_BOUND('',#2291,.T.);
#2483=FACE_BOUND('',#2292,.T.);
#2484=FACE_BOUND('',#2293,.T.);
#2485=FACE_BOUND('',#2294,.T.);
#2486=FACE_BOUND('',#2295,.T.);
#2487=FACE_BOUND('',#2296,.T.);
#2488=FACE_BOUND('',#2297,.T.);
#2489=FACE_BOUND('',#2298,.T.);
#2490=FACE_BOUND('',#2299,.T.);
#2491=FACE_BOUND('',#2300,.T.);
#2492=FACE_BOUND('',#2301,.T.);
#2493=FACE_BOUND('',#2302,.T.);
#2494=FACE_BOUND('',#2303,.T.);
#2495=FACE_BOUND('',#2304,.T.);
#2496=FACE_BOUND('',#2305,.T.);
#2497=FACE_BOUND('',#2306,.T.);
#2498=FACE_BOUND('',#2307,.T.);
#2499=FACE_BOUND('',#2308,.T.);
#2500=FACE_BOUND('',#2309,.T.);
#2501=FACE_BOUND('',#2310,.T.);
#2502=FACE_BOUND('',#2311,.T.);
#2503=FACE_BOUND('',#2312,.T.);
#2504=FACE_BOUND('',#2313,.T.);
#2505=FACE_BOUND('',#2314,.T.);
#2506=FACE_BOUND('',#2315,.T.);
#2507=FACE_BOUND('',#2316,.T.);
#2508=FACE_BOUND('',#2317,.T.);
#2509=FACE_BOUND('',#2318,.T.);
#2510=FACE_BOUND('',#2319,.T.);
#2511=FACE_BOUND('',#2320,.T.);
#2512=FACE_BOUND('',#2321,.T.);
#2513=FACE_BOUND('',#2322,.T.);
#2514=FACE_BOUND('',#2323,.T.);
#2515=FACE_BOUND('',#2324,.T.);
#2516=FACE_BOUND('',#2325,.T.);
#2517=FACE_BOUND('',#2326,.T.);
#2518=FACE_BOUND('',#2327,.T.);
#2519=FACE_BOUND('',#2328,.T.);
#2520=FACE_BOUND('',#2329,.T.);
#2521=FACE_BOUND('',#2330,.T.);
#2522=FACE_BOUND('',#2331,.T.);
#2523=FACE_BOUND('',#2332,.T.);
#2524=FACE_BOUND('',#2333,.T.);
#2525=FACE_BOUND('',#2334,.T.);
#2526=FACE_BOUND('',#2335,.T.);
#2527=FACE_BOUND('',#2336,.T.);
#2528=FACE_BOUND('',#2337,.T.);
#2529=FACE_BOUND('',#2338,.T.);
#2530=FACE_BOUND('',#2339,.T.);
#2531=FACE_BOUND('',#2340,.T.);
#2532=FACE_BOUND('',#2341,.T.);
#2533=FACE_BOUND('',#2342,.T.);
#2534=FACE_BOUND('',#2343,.T.);
#2535=FACE_BOUND('',#2344,.T.);
#2536=FACE_BOUND('',#2345,.T.);
#2537=FACE_BOUND('',#2346,.T.);
#2538=FACE_BOUND('',#2347,.T.);
#2539=FACE_BOUND('',#2348,.T.);
#2540=FACE_BOUND('',#2349,.T.);
#2541=FACE_BOUND('',#2350,.T.);
#2542=FACE_BOUND('',#2351,.T.);
#2543=FACE_BOUND('',#2352,.T.);
#2544=FACE_BOUND('',#2353,.T.);
#2545=FACE_BOUND('',#2354,.T.);
#2546=FACE_BOUND('',#2355,.T.);
#2547=FACE_BOUND('',#2356,.T.);
#2548=FACE_BOUND('',#2357,.T.);
#2549=FACE_BOUND('',#2358,.T.);
#2550=FACE_BOUND('',#2359,.T.);
#2551=FACE_BOUND('',#2360,.T.);
#2552=FACE_BOUND('',#2361,.T.);
#2553=FACE_BOUND('',#2362,.T.);
#2554=FACE_BOUND('',#2363,.T.);
#2555=FACE_BOUND('',#2364,.T.);
#2556=FACE_BOUND('',#2365,.T.);
#2557=FACE_BOUND('',#2366,.T.);
#2558=FACE_BOUND('',#2367,.T.);
#2559=FACE_BOUND('',#2368,.T.);
#2560=FACE_BOUND('',#2369,.T.);
#2561=FACE_BOUND('',#2370,.T.);
#2562=FACE_BOUND('',#2371,.T.);
#2563=FACE_BOUND('',#2372,.T.);
#2564=FACE_BOUND('',#2373,.T.);
#2565=FACE_BOUND('',#2374,.T.);
#2566=FACE_BOUND('',#2375,.T.);
#2567=FACE_BOUND('',#2376,.T.);
#2568=FACE_BOUND('',#2377,.T.);
#2569=FACE_BOUND('',#2378,.T.);
#2570=FACE_BOUND('',#2379,.T.);
#2571=FACE_BOUND('',#2380,.T.);
#2572=FACE_BOUND('',#2381,.T.);
#2573=FACE_BOUND('',#2382,.T.);
#2574=FACE_BOUND('',#2383,.T.);
#2575=FACE_BOUND('',#2384,.T.);
#2576=FACE_BOUND('',#2385,.T.);
#2577=FACE_BOUND('',#2386,.T.);
#2578=FACE_BOUND('',#2387,.T.);
#2579=FACE_BOUND('',#2388,.T.);
#2580=FACE_BOUND('',#2389,.T.);
#2581=FACE_BOUND('',#2390,.T.);
#2582=FACE_BOUND('',#2391,.T.);
#2583=FACE_BOUND('',#2392,.T.);
#2584=FACE_BOUND('',#2393,.T.);
#2585=FACE_BOUND('',#2394,.T.);
#2586=FACE_BOUND('',#2395,.T.);
#2587=FACE_BOUND('',#2396,.T.);
#2588=FACE_BOUND('',#2397,.T.);
#2589=FACE_BOUND('',#2398,.T.);
#2590=FACE_BOUND('',#2399,.T.);
#2591=FACE_BOUND('',#2400,.T.);
#2592=FACE_BOUND('',#2401,.T.);
#2593=FACE_BOUND('',#2402,.T.);
#2594=FACE_BOUND('',#2403,.T.);
#2595=FACE_BOUND('',#2404,.T.);
#2596=FACE_BOUND('',#2405,.T.);
#2597=FACE_BOUND('',#2406,.T.);
#2598=FACE_BOUND('',#2407,.T.);
#2599=FACE_BOUND('',#2408,.T.);
#2600=FACE_BOUND('',#2409,.T.);
#2601=FACE_BOUND('',#2410,.T.);
#2602=FACE_BOUND('',#2411,.T.);
#2603=FACE_BOUND('',#2412,.T.);
#2604=FACE_BOUND('',#2413,.T.);
#2605=FACE_BOUND('',#2414,.T.);
#2606=FACE_BOUND('',#2415,.T.);
#2607=FACE_BOUND('',#2416,.T.);
#2608=FACE_BOUND('',#2417,.T.);
#2609=FACE_BOUND('',#2418,.T.);
#2610=FACE_BOUND('',#2419,.T.);
#2611=FACE_BOUND('',#2420,.T.);
#2612=FACE_BOUND('',#2421,.T.);
#2613=FACE_BOUND('',#2422,.T.);
#2614=FACE_BOUND('',#2423,.T.);
#2615=FACE_BOUND('',#2424,.T.);
#2616=CYLINDRICAL_SURFACE('',#2834,0.0016);
#2617=CYLINDRICAL_SURFACE('',#2843,0.0016);
#2618=CYLINDRICAL_SURFACE('',#2851,0.0016);
#2619=CYLINDRICAL_SURFACE('',#2883,0.0067625);
#2620=CYLINDRICAL_SURFACE('',#2891,0.0067625);
#2621=CYLINDRICAL_SURFACE('',#2898,0.0047625);
#2622=CYLINDRICAL_SURFACE('',#2901,0.0047625);
#2623=CYLINDRICAL_SURFACE('',#2922,0.003175);
#2624=CYLINDRICAL_SURFACE('',#2925,0.003175);
#2625=CYLINDRICAL_SURFACE('',#2930,0.01);
#2626=CYLINDRICAL_SURFACE('',#2932,0.01);
#2627=CYLINDRICAL_SURFACE('',#2934,0.005);
#2628=CYLINDRICAL_SURFACE('',#2936,0.005);
#2629=CYLINDRICAL_SURFACE('',#2938,0.005);
#2630=CYLINDRICAL_SURFACE('',#2941,0.005);
#2631=CYLINDRICAL_SURFACE('',#2944,0.005);
#2632=CYLINDRICAL_SURFACE('',#2946,0.005);
#2633=CYLINDRICAL_SURFACE('',#2948,0.005);
#2634=CYLINDRICAL_SURFACE('',#2950,0.005);
#2635=CYLINDRICAL_SURFACE('',#2952,0.002);
#2636=CYLINDRICAL_SURFACE('',#2954,0.002);
#2637=CYLINDRICAL_SURFACE('',#2956,0.002);
#2638=CYLINDRICAL_SURFACE('',#2958,0.002);
#2639=CYLINDRICAL_SURFACE('',#2960,0.002);
#2640=CYLINDRICAL_SURFACE('',#2965,0.002);
#2641=CYLINDRICAL_SURFACE('',#2969,0.002);
#2642=CYLINDRICAL_SURFACE('',#2973,0.002);
#2643=CYLINDRICAL_SURFACE('',#2975,0.002);
#2644=CYLINDRICAL_SURFACE('',#2980,0.002);
#2645=CYLINDRICAL_SURFACE('',#2984,0.002);
#2646=CYLINDRICAL_SURFACE('',#2988,0.002);
#2647=CYLINDRICAL_SURFACE('',#3005,0.0016);
#2648=ADVANCED_FACE('',(#2425,#2426),#2616,.F.);
#2649=ADVANCED_FACE('',(#2427),#598,.F.);
#2650=ADVANCED_FACE('',(#2428),#599,.T.);
#2651=ADVANCED_FACE('',(#2429),#600,.T.);
#2652=ADVANCED_FACE('',(#2430,#2431),#2617,.F.);
#2653=ADVANCED_FACE('',(#2432),#601,.F.);
#2654=ADVANCED_FACE('',(#2433),#602,.F.);
#2655=ADVANCED_FACE('',(#2434,#2435),#2618,.F.);
#2656=ADVANCED_FACE('',(#2436),#603,.T.);
#2657=ADVANCED_FACE('',(#2437),#604,.T.);
#2658=ADVANCED_FACE('',(#2438),#605,.F.);
#2659=ADVANCED_FACE('',(#2439),#606,.F.);
#2660=ADVANCED_FACE('',(#2440,#2441),#607,.T.);
#2661=ADVANCED_FACE('',(#2442),#608,.T.);
#2662=ADVANCED_FACE('',(#2443,#2444),#609,.T.);
#2663=ADVANCED_FACE('',(#2445,#2446,#2447),#610,.T.);
#2664=ADVANCED_FACE('',(#2448),#51,.T.);
#2665=ADVANCED_FACE('',(#2449),#52,.T.);
#2666=ADVANCED_FACE('',(#2450),#53,.T.);
#2667=ADVANCED_FACE('',(#2451),#28,.T.);
#2668=ADVANCED_FACE('',(#2452),#29,.T.);
#2669=ADVANCED_FACE('',(#2453),#611,.T.);
#2670=ADVANCED_FACE('',(#2454),#612,.T.);
#2671=ADVANCED_FACE('',(#2455),#613,.T.);
#2672=ADVANCED_FACE('',(#2456),#614,.F.);
#2673=ADVANCED_FACE('',(#2457),#615,.F.);
#2674=ADVANCED_FACE('',(#2458),#616,.T.);
#2675=ADVANCED_FACE('',(#2459),#617,.F.);
#2676=ADVANCED_FACE('',(#2460),#618,.F.);
#2677=ADVANCED_FACE('',(#2461),#619,.T.);
#2678=ADVANCED_FACE('',(#2462),#2619,.T.);
#2679=ADVANCED_FACE('',(#2463),#620,.F.);
#2680=ADVANCED_FACE('',(#2464),#621,.F.);
#2681=ADVANCED_FACE('',(#2465),#622,.T.);
#2682=ADVANCED_FACE('',(#2466),#2620,.T.);
#2683=ADVANCED_FACE('',(#2467),#623,.F.);
#2684=ADVANCED_FACE('',(#2468),#624,.F.);
#2685=ADVANCED_FACE('',(#2469),#625,.T.);
#2686=ADVANCED_FACE('',(#2470,#2471),#2621,.F.);
#2687=ADVANCED_FACE('',(#2472,#2473),#2622,.F.);
#2688=ADVANCED_FACE('',(#2474,#2475),#626,.T.);
#2689=ADVANCED_FACE('',(#2476),#627,.T.);
#2690=ADVANCED_FACE('',(#2477,#2478,#2479),#628,.F.);
#2691=ADVANCED_FACE('',(#2480,#2481),#2623,.F.);
#2692=ADVANCED_FACE('',(#2482,#2483),#629,.T.);
#2693=ADVANCED_FACE('',(#2484,#2485),#2624,.F.);
#2694=ADVANCED_FACE('',(#2486,#2487),#630,.T.);
#2695=ADVANCED_FACE('',(#2488),#54,.T.);
#2696=ADVANCED_FACE('',(#2489),#55,.T.);
#2697=ADVANCED_FACE('',(#2490),#631,.T.);
#2698=ADVANCED_FACE('',(#2491),#56,.T.);
#2699=ADVANCED_FACE('',(#2492),#632,.T.);
#2700=ADVANCED_FACE('',(#2493),#57,.T.);
#2701=ADVANCED_FACE('',(#2494),#58,.T.);
#2702=ADVANCED_FACE('',(#2495),#2625,.F.);
#2703=ADVANCED_FACE('',(#2496),#30,.F.);
#2704=ADVANCED_FACE('',(#2497),#31,.T.);
#2705=ADVANCED_FACE('',(#2498),#2626,.F.);
#2706=ADVANCED_FACE('',(#2499),#32,.F.);
#2707=ADVANCED_FACE('',(#2500),#33,.T.);
#2708=ADVANCED_FACE('',(#2501),#34,.T.);
#2709=ADVANCED_FACE('',(#2502),#35,.T.);
#2710=ADVANCED_FACE('',(#2503),#2627,.F.);
#2711=ADVANCED_FACE('',(#2504),#36,.F.);
#2712=ADVANCED_FACE('',(#2505),#2628,.F.);
#2713=ADVANCED_FACE('',(#2506),#37,.F.);
#2714=ADVANCED_FACE('',(#2507),#2629,.F.);
#2715=ADVANCED_FACE('',(#2508),#2630,.F.);
#2716=ADVANCED_FACE('',(#2509),#2631,.F.);
#2717=ADVANCED_FACE('',(#2510),#38,.F.);
#2718=ADVANCED_FACE('',(#2511),#2632,.F.);
#2719=ADVANCED_FACE('',(#2512),#39,.F.);
#2720=ADVANCED_FACE('',(#2513),#2633,.F.);
#2721=ADVANCED_FACE('',(#2514),#40,.F.);
#2722=ADVANCED_FACE('',(#2515),#2634,.F.);
#2723=ADVANCED_FACE('',(#2516),#41,.F.);
#2724=ADVANCED_FACE('',(#2517),#2635,.T.);
#2725=ADVANCED_FACE('',(#2518),#2636,.T.);
#2726=ADVANCED_FACE('',(#2519),#2637,.T.);
#2727=ADVANCED_FACE('',(#2520),#2638,.T.);
#2728=ADVANCED_FACE('',(#2521),#2639,.T.);
#2729=ADVANCED_FACE('',(#2522),#20,.T.);
#2730=ADVANCED_FACE('',(#2523),#2640,.T.);
#2731=ADVANCED_FACE('',(#2524),#21,.T.);
#2732=ADVANCED_FACE('',(#2525),#2641,.T.);
#2733=ADVANCED_FACE('',(#2526),#22,.T.);
#2734=ADVANCED_FACE('',(#2527),#2642,.T.);
#2735=ADVANCED_FACE('',(#2528),#2643,.T.);
#2736=ADVANCED_FACE('',(#2529),#23,.T.);
#2737=ADVANCED_FACE('',(#2530),#2644,.T.);
#2738=ADVANCED_FACE('',(#2531),#24,.T.);
#2739=ADVANCED_FACE('',(#2532),#2645,.T.);
#2740=ADVANCED_FACE('',(#2533),#25,.T.);
#2741=ADVANCED_FACE('',(#2534),#2646,.T.);
#2742=ADVANCED_FACE('',(#2535),#633,.T.);
#2743=ADVANCED_FACE('',(#2536),#634,.T.);
#2744=ADVANCED_FACE('',(#2537),#635,.T.);
#2745=ADVANCED_FACE('',(#2538),#636,.T.);
#2746=ADVANCED_FACE('',(#2539),#42,.T.);
#2747=ADVANCED_FACE('',(#2540),#43,.T.);
#2748=ADVANCED_FACE('',(#2541),#44,.T.);
#2749=ADVANCED_FACE('',(#2542),#45,.T.);
#2750=ADVANCED_FACE('',(#2543),#46,.T.);
#2751=ADVANCED_FACE('',(#2544),#47,.T.);
#2752=ADVANCED_FACE('',(#2545),#48,.T.);
#2753=ADVANCED_FACE('',(#2546),#49,.F.);
#2754=ADVANCED_FACE('',(#2547),#50,.F.);
#2755=ADVANCED_FACE('',(#2548),#637,.T.);
#2756=ADVANCED_FACE('',(#2549),#638,.F.);
#2757=ADVANCED_FACE('',(#2550,#2551),#639,.T.);
#2758=ADVANCED_FACE('',(#2552),#640,.T.);
#2759=ADVANCED_FACE('',(#2553),#641,.T.);
#2760=ADVANCED_FACE('',(#2554,#2555),#2647,.F.);
#2761=ADVANCED_FACE('',(#2556),#12,.T.);
#2762=ADVANCED_FACE('',(#2557),#642,.T.);
#2763=ADVANCED_FACE('',(#2558),#643,.F.);
#2764=ADVANCED_FACE('',(#2559),#59,.T.);
#2765=ADVANCED_FACE('',(#2560),#13,.T.);
#2766=ADVANCED_FACE('',(#2561),#60,.T.);
#2767=ADVANCED_FACE('',(#2562),#644,.F.);
#2768=ADVANCED_FACE('',(#2563),#61,.T.);
#2769=ADVANCED_FACE('',(#2564),#62,.T.);
#2770=ADVANCED_FACE('',(#2565),#645,.F.);
#2771=ADVANCED_FACE('',(#2566),#63,.T.);
#2772=ADVANCED_FACE('',(#2567),#14,.T.);
#2773=ADVANCED_FACE('',(#2568),#64,.T.);
#2774=ADVANCED_FACE('',(#2569),#646,.F.);
#2775=ADVANCED_FACE('',(#2570),#647,.T.);
#2776=ADVANCED_FACE('',(#2571),#15,.T.);
#2777=ADVANCED_FACE('',(#2572),#16,.T.);
#2778=ADVANCED_FACE('',(#2573),#648,.T.);
#2779=ADVANCED_FACE('',(#2574),#649,.F.);
#2780=ADVANCED_FACE('',(#2575),#65,.T.);
#2781=ADVANCED_FACE('',(#2576),#17,.T.);
#2782=ADVANCED_FACE('',(#2577),#66,.T.);
#2783=ADVANCED_FACE('',(#2578),#650,.F.);
#2784=ADVANCED_FACE('',(#2579),#67,.T.);
#2785=ADVANCED_FACE('',(#2580),#68,.T.);
#2786=ADVANCED_FACE('',(#2581),#651,.F.);
#2787=ADVANCED_FACE('',(#2582),#69,.T.);
#2788=ADVANCED_FACE('',(#2583),#18,.T.);
#2789=ADVANCED_FACE('',(#2584),#70,.T.);
#2790=ADVANCED_FACE('',(#2585),#652,.F.);
#2791=ADVANCED_FACE('',(#2586),#653,.T.);
#2792=ADVANCED_FACE('',(#2587),#19,.T.);
#2793=ADVANCED_FACE('',(#2588),#71,.T.);
#2794=ADVANCED_FACE('',(#2589),#654,.T.);
#2795=ADVANCED_FACE('',(#2590),#655,.F.);
#2796=ADVANCED_FACE('',(#2591),#72,.T.);
#2797=ADVANCED_FACE('',(#2592),#656,.F.);
#2798=ADVANCED_FACE('',(#2593),#73,.T.);
#2799=ADVANCED_FACE('',(#2594),#657,.F.);
#2800=ADVANCED_FACE('',(#2595),#74,.T.);
#2801=ADVANCED_FACE('',(#2596),#75,.T.);
#2802=ADVANCED_FACE('',(#2597),#658,.T.);
#2803=ADVANCED_FACE('',(#2598),#659,.F.);
#2804=ADVANCED_FACE('',(#2599),#660,.F.);
#2805=ADVANCED_FACE('',(#2600),#661,.T.);
#2806=ADVANCED_FACE('',(#2601),#662,.T.);
#2807=ADVANCED_FACE('',(#2602),#663,.T.);
#2808=ADVANCED_FACE('',(#2603),#664,.T.);
#2809=ADVANCED_FACE('',(#2604),#665,.T.);
#2810=ADVANCED_FACE('',(#2605),#666,.T.);
#2811=ADVANCED_FACE('',(#2606),#667,.T.);
#2812=ADVANCED_FACE('',(#2607),#668,.T.);
#2813=ADVANCED_FACE('',(#2608),#669,.T.);
#2814=ADVANCED_FACE('',(#2609),#670,.T.);
#2815=ADVANCED_FACE('',(#2610),#671,.F.);
#2816=ADVANCED_FACE('',(#2611),#672,.F.);
#2817=ADVANCED_FACE('',(#2612),#673,.T.);
#2818=ADVANCED_FACE('',(#2613),#674,.T.);
#2819=ADVANCED_FACE('',(#2614),#675,.T.);
#2820=ADVANCED_FACE('',(#2615),#676,.T.);
#2821=CLOSED_SHELL('',(#2648,#2649,#2650,#2651,#2652,#2653,#2654,#2655,
#2656,#2657,#2658,#2659,#2660,#2661,#2662,#2663,#2664,#2665,#2666,#2667,
#2668,#2669,#2670,#2671,#2672,#2673,#2674,#2675,#2676,#2677,#2678,#2679,
#2680,#2681,#2682,#2683,#2684,#2685,#2686,#2687,#2688,#2689,#2690,#2691,
#2692,#2693,#2694,#2695,#2696,#2697,#2698,#2699,#2700,#2701,#2702,#2703,
#2704,#2705,#2706,#2707,#2708,#2709,#2710,#2711,#2712,#2713,#2714,#2715,
#2716,#2717,#2718,#2719,#2720,#2721,#2722,#2723,#2724,#2725,#2726,#2727,
#2728,#2729,#2730,#2731,#2732,#2733,#2734,#2735,#2736,#2737,#2738,#2739,
#2740,#2741,#2742,#2743,#2744,#2745,#2746,#2747,#2748,#2749,#2750,#2751,
#2752,#2753,#2754,#2755,#2756,#2757,#2758,#2759,#2760,#2761,#2762,#2763,
#2764,#2765,#2766,#2767,#2768,#2769,#2770,#2771,#2772,#2773,#2774,#2775,
#2776,#2777,#2778,#2779,#2780,#2781,#2782,#2783,#2784,#2785,#2786,#2787,
#2788,#2789,#2790,#2791,#2792,#2793,#2794,#2795,#2796,#2797,#2798,#2799,
#2800,#2801,#2802,#2803,#2804,#2805,#2806,#2807,#2808,#2809,#2810,#2811,
#2812,#2813,#2814,#2815,#2816,#2817,#2818,#2819,#2820));
#2822=STYLED_ITEM('',(#2823),#2830);
#2823=PRESENTATION_STYLE_ASSIGNMENT((#2824));
#2824=SURFACE_STYLE_USAGE(.BOTH.,#2825);
#2825=SURFACE_SIDE_STYLE('',(#2826));
#2826=SURFACE_STYLE_FILL_AREA(#2827);
#2827=FILL_AREA_STYLE('',(#2828));
#2828=FILL_AREA_STYLE_COLOUR('',#2829);
#2829=COLOUR_RGB('',0.615686274509804,0.811764705882353,0.929411764705882);
#2830=MANIFOLD_SOLID_BREP('Arena Holder',#2821);
#2831=SHAPE_DEFINITION_REPRESENTATION(#7150,#2832);
#2832=SHAPE_REPRESENTATION('Arena Holder',(#2833),#7145);
#2833=AXIS2_PLACEMENT_3D('',#3688,#3049,#3050);
#2834=AXIS2_PLACEMENT_3D('',#3689,#3051,#3052);
#2835=AXIS2_PLACEMENT_3D('',#3690,#3053,#3054);
#2836=AXIS2_PLACEMENT_3D('',#3692,#3055,#3056);
#2837=AXIS2_PLACEMENT_3D('',#3695,#3057,#3058);
#2838=AXIS2_PLACEMENT_3D('',#3697,#3059,#3060);
#2839=AXIS2_PLACEMENT_3D('',#3699,#3061,#3062);
#2840=AXIS2_PLACEMENT_3D('',#3700,#3063,#3064);
#2841=AXIS2_PLACEMENT_3D('',#3709,#3069,#3070);
#2842=AXIS2_PLACEMENT_3D('',#3718,#3075,#3076);
#2843=AXIS2_PLACEMENT_3D('',#3727,#3081,#3082);
#2844=AXIS2_PLACEMENT_3D('',#3728,#3083,#3084);
#2845=AXIS2_PLACEMENT_3D('',#3730,#3085,#3086);
#2846=AXIS2_PLACEMENT_3D('',#3733,#3087,#3088);
#2847=AXIS2_PLACEMENT_3D('',#3735,#3089,#3090);
#2848=AXIS2_PLACEMENT_3D('',#3737,#3091,#3092);
#2849=AXIS2_PLACEMENT_3D('',#3738,#3093,#3094);
#2850=AXIS2_PLACEMENT_3D('',#3747,#3099,#3100);
#2851=AXIS2_PLACEMENT_3D('',#3756,#3105,#3106);
#2852=AXIS2_PLACEMENT_3D('',#3757,#3107,#3108);
#2853=AXIS2_PLACEMENT_3D('',#3759,#3109,#3110);
#2854=AXIS2_PLACEMENT_3D('',#3761,#3111,#3112);
#2855=AXIS2_PLACEMENT_3D('',#3762,#3113,#3114);
#2856=AXIS2_PLACEMENT_3D('',#3776,#3122,#3123);
#2857=AXIS2_PLACEMENT_3D('',#3782,#3127,#3128);
#2858=AXIS2_PLACEMENT_3D('',#3793,#3135,#3136);
#2859=AXIS2_PLACEMENT_3D('',#3796,#3139,#3140);
#2860=AXIS2_PLACEMENT_3D('',#3797,#3141,#3142);
#2861=AXIS2_PLACEMENT_3D('',#3811,#3150,#3151);
#2862=AXIS2_PLACEMENT_3D('',#3878,#3158,#3159);
#2863=AXIS2_PLACEMENT_3D('',#3882,#3161,#3162);
#2864=AXIS2_PLACEMENT_3D('',#3947,#3165,#3166);
#2865=AXIS2_PLACEMENT_3D('',#3951,#3168,#3169);
#2866=AXIS2_PLACEMENT_3D('',#4016,#3172,#3173);
#2867=AXIS2_PLACEMENT_3D('',#4020,#3175,#3176);
#2868=AXIS2_PLACEMENT_3D('',#4085,#3179,#3180);
#2869=AXIS2_PLACEMENT_3D('',#4089,#3182,#3183);
#2870=AXIS2_PLACEMENT_3D('',#4602,#3188,#3189);
#2871=AXIS2_PLACEMENT_3D('',#4603,#3190,#3191);
#2872=AXIS2_PLACEMENT_3D('',#4609,#3194,#3195);
#2873=AXIS2_PLACEMENT_3D('',#4615,#3198,#3199);
#2874=AXIS2_PLACEMENT_3D('',#4616,#3200,#3201);
#2875=AXIS2_PLACEMENT_3D('',#4617,#3202,#3203);
#2876=AXIS2_PLACEMENT_3D('',#4622,#3206,#3207);
#2877=AXIS2_PLACEMENT_3D('',#4685,#3213,#3214);
#2878=AXIS2_PLACEMENT_3D('',#4691,#3218,#3219);
#2879=AXIS2_PLACEMENT_3D('',#4748,#3225,#3226);
#2880=AXIS2_PLACEMENT_3D('',#4770,#3231,#3232);
#2881=AXIS2_PLACEMENT_3D('',#4779,#3237,#3238);
#2882=AXIS2_PLACEMENT_3D('',#4806,#3245,#3246);
#2883=AXIS2_PLACEMENT_3D('',#4807,#3247,#3248);
#2884=AXIS2_PLACEMENT_3D('',#4811,#3250,#3251);
#2885=AXIS2_PLACEMENT_3D('',#4812,#3252,#3253);
#2886=AXIS2_PLACEMENT_3D('',#4813,#3254,#3255);
#2887=AXIS2_PLACEMENT_3D('',#4832,#3258,#3259);
#2888=AXIS2_PLACEMENT_3D('',#4838,#3263,#3264);
#2889=AXIS2_PLACEMENT_3D('',#4847,#3269,#3270);
#2890=AXIS2_PLACEMENT_3D('',#4874,#3277,#3278);
#2891=AXIS2_PLACEMENT_3D('',#4875,#3279,#3280);
#2892=AXIS2_PLACEMENT_3D('',#4879,#3282,#3283);
#2893=AXIS2_PLACEMENT_3D('',#4880,#3284,#3285);
#2894=AXIS2_PLACEMENT_3D('',#4881,#3286,#3287);
#2895=AXIS2_PLACEMENT_3D('',#4900,#3290,#3291);
#2896=AXIS2_PLACEMENT_3D('',#4906,#3295,#3296);
#2897=AXIS2_PLACEMENT_3D('',#4915,#3301,#3302);
#2898=AXIS2_PLACEMENT_3D('',#4937,#3307,#3308);
#2899=AXIS2_PLACEMENT_3D('',#4938,#3309,#3310);
#2900=AXIS2_PLACEMENT_3D('',#4940,#3311,#3312);
#2901=AXIS2_PLACEMENT_3D('',#4941,#3313,#3314);
#2902=AXIS2_PLACEMENT_3D('',#4942,#3315,#3316);
#2903=AXIS2_PLACEMENT_3D('',#4944,#3317,#3318);
#2904=AXIS2_PLACEMENT_3D('',#4946,#3319,#3320);
#2905=AXIS2_PLACEMENT_3D('',#4947,#3321,#3322);
#2906=AXIS2_PLACEMENT_3D('',#4956,#3327,#3328);
#2907=AXIS2_PLACEMENT_3D('',#4960,#3331,#3332);
#2908=AXIS2_PLACEMENT_3D('',#4961,#3333,#3334);
#2909=AXIS2_PLACEMENT_3D('',#4962,#3335,#3336);
#2910=AXIS2_PLACEMENT_3D('',#4963,#3337,#3338);
#2911=AXIS2_PLACEMENT_3D('',#4964,#3339,#3340);
#2912=AXIS2_PLACEMENT_3D('',#4965,#3341,#3342);
#2913=AXIS2_PLACEMENT_3D('',#4966,#3343,#3344);
#2914=AXIS2_PLACEMENT_3D('',#4967,#3345,#3346);
#2915=AXIS2_PLACEMENT_3D('',#4968,#3347,#3348);
#2916=AXIS2_PLACEMENT_3D('',#4969,#3349,#3350);
#2917=AXIS2_PLACEMENT_3D('',#4970,#3351,#3352);
#2918=AXIS2_PLACEMENT_3D('',#4971,#3353,#3354);
#2919=AXIS2_PLACEMENT_3D('',#4972,#3355,#3356);
#2920=AXIS2_PLACEMENT_3D('',#4973,#3357,#3358);
#2921=AXIS2_PLACEMENT_3D('',#4975,#3359,#3360);
#2922=AXIS2_PLACEMENT_3D('',#4977,#3361,#3362);
#2923=AXIS2_PLACEMENT_3D('',#4978,#3363,#3364);
#2924=AXIS2_PLACEMENT_3D('',#4980,#3365,#3366);
#2925=AXIS2_PLACEMENT_3D('',#4981,#3367,#3368);
#2926=AXIS2_PLACEMENT_3D('',#4982,#3369,#3370);
#2927=AXIS2_PLACEMENT_3D('',#4984,#3371,#3372);
#2928=AXIS2_PLACEMENT_3D('',#5208,#3373,#3374);
#2929=AXIS2_PLACEMENT_3D('',#5320,#3379,#3380);
#2930=AXIS2_PLACEMENT_3D('',#5532,#3385,#3386);
#2931=AXIS2_PLACEMENT_3D('',#5533,#3387,#3388);
#2932=AXIS2_PLACEMENT_3D('',#5614,#3389,#3390);
#2933=AXIS2_PLACEMENT_3D('',#5615,#3391,#3392);
#2934=AXIS2_PLACEMENT_3D('',#5986,#3393,#3394);
#2935=AXIS2_PLACEMENT_3D('',#5987,#3395,#3396);
#2936=AXIS2_PLACEMENT_3D('',#6031,#3397,#3398);
#2937=AXIS2_PLACEMENT_3D('',#6032,#3399,#3400);
#2938=AXIS2_PLACEMENT_3D('',#6076,#3401,#3402);
#2939=AXIS2_PLACEMENT_3D('',#6077,#3403,#3404);
#2940=AXIS2_PLACEMENT_3D('',#6078,#3405,#3406);
#2941=AXIS2_PLACEMENT_3D('',#6079,#3407,#3408);
#2942=AXIS2_PLACEMENT_3D('',#6080,#3409,#3410);
#2943=AXIS2_PLACEMENT_3D('',#6081,#3411,#3412);
#2944=AXIS2_PLACEMENT_3D('',#6082,#3413,#3414);
#2945=AXIS2_PLACEMENT_3D('',#6083,#3415,#3416);
#2946=AXIS2_PLACEMENT_3D('',#6127,#3417,#3418);
#2947=AXIS2_PLACEMENT_3D('',#6128,#3419,#3420);
#2948=AXIS2_PLACEMENT_3D('',#6172,#3421,#3422);
#2949=AXIS2_PLACEMENT_3D('',#6173,#3423,#3424);
#2950=AXIS2_PLACEMENT_3D('',#6217,#3425,#3426);
#2951=AXIS2_PLACEMENT_3D('',#6218,#3427,#3428);
#2952=AXIS2_PLACEMENT_3D('',#6262,#3429,#3430);
#2953=AXIS2_PLACEMENT_3D('',#6263,#3431,#3432);
#2954=AXIS2_PLACEMENT_3D('',#6264,#3433,#3434);
#2955=AXIS2_PLACEMENT_3D('',#6265,#3435,#3436);
#2956=AXIS2_PLACEMENT_3D('',#6266,#3437,#3438);
#2957=AXIS2_PLACEMENT_3D('',#6267,#3439,#3440);
#2958=AXIS2_PLACEMENT_3D('',#6268,#3441,#3442);
#2959=AXIS2_PLACEMENT_3D('',#6269,#3443,#3444);
#2960=AXIS2_PLACEMENT_3D('',#6270,#3445,#3446);
#2961=AXIS2_PLACEMENT_3D('',#6271,#3447,#3448);
#2962=AXIS2_PLACEMENT_3D('',#6272,#3449,#3450);
#2963=AXIS2_PLACEMENT_3D('',#6273,#3451,#3452);
#2964=AXIS2_PLACEMENT_3D('',#6274,#3453,#3454);
#2965=AXIS2_PLACEMENT_3D('',#6275,#3455,#3456);
#2966=AXIS2_PLACEMENT_3D('',#6276,#3457,#3458);
#2967=AXIS2_PLACEMENT_3D('',#6277,#3459,#3460);
#2968=AXIS2_PLACEMENT_3D('',#6278,#3461,#3462);
#2969=AXIS2_PLACEMENT_3D('',#6279,#3463,#3464);
#2970=AXIS2_PLACEMENT_3D('',#6280,#3465,#3466);
#2971=AXIS2_PLACEMENT_3D('',#6281,#3467,#3468);
#2972=AXIS2_PLACEMENT_3D('',#6282,#3469,#3470);
#2973=AXIS2_PLACEMENT_3D('',#6283,#3471,#3472);
#2974=AXIS2_PLACEMENT_3D('',#6284,#3473,#3474);
#2975=AXIS2_PLACEMENT_3D('',#6285,#3475,#3476);
#2976=AXIS2_PLACEMENT_3D('',#6286,#3477,#3478);
#2977=AXIS2_PLACEMENT_3D('',#6287,#3479,#3480);
#2978=AXIS2_PLACEMENT_3D('',#6288,#3481,#3482);
#2979=AXIS2_PLACEMENT_3D('',#6289,#3483,#3484);
#2980=AXIS2_PLACEMENT_3D('',#6290,#3485,#3486);
#2981=AXIS2_PLACEMENT_3D('',#6291,#3487,#3488);
#2982=AXIS2_PLACEMENT_3D('',#6292,#3489,#3490);
#2983=AXIS2_PLACEMENT_3D('',#6293,#3491,#3492);
#2984=AXIS2_PLACEMENT_3D('',#6294,#3493,#3494);
#2985=AXIS2_PLACEMENT_3D('',#6295,#3495,#3496);
#2986=AXIS2_PLACEMENT_3D('',#6296,#3497,#3498);
#2987=AXIS2_PLACEMENT_3D('',#6297,#3499,#3500);
#2988=AXIS2_PLACEMENT_3D('',#6298,#3501,#3502);
#2989=AXIS2_PLACEMENT_3D('',#6299,#3503,#3504);
#2990=AXIS2_PLACEMENT_3D('',#6300,#3505,#3506);
#2991=AXIS2_PLACEMENT_3D('',#6318,#3510,#3511);
#2992=AXIS2_PLACEMENT_3D('',#6324,#3515,#3516);
#2993=AXIS2_PLACEMENT_3D('',#6339,#3519,#3520);
#2994=AXIS2_PLACEMENT_3D('',#6428,#3521,#3522);
#2995=AXIS2_PLACEMENT_3D('',#6444,#3523,#3524);
#2996=AXIS2_PLACEMENT_3D('',#6478,#3525,#3526);
#2997=AXIS2_PLACEMENT_3D('',#6494,#3527,#3528);
#2998=AXIS2_PLACEMENT_3D('',#6608,#3529,#3530);
#2999=AXIS2_PLACEMENT_3D('',#6614,#3535,#3536);
#3000=AXIS2_PLACEMENT_3D('',#6620,#3541,#3542);
#3001=AXIS2_PLACEMENT_3D('',#6621,#3543,#3544);
#3002=AXIS2_PLACEMENT_3D('',#6624,#3546,#3547);
#3003=AXIS2_PLACEMENT_3D('',#6625,#3548,#3549);
#3004=AXIS2_PLACEMENT_3D('',#6626,#3550,#3551);
#3005=AXIS2_PLACEMENT_3D('',#6628,#3552,#3553);
#3006=AXIS2_PLACEMENT_3D('',#6629,#3554,#3555);
#3007=AXIS2_PLACEMENT_3D('',#6632,#3558,#3559);
#3008=AXIS2_PLACEMENT_3D('',#6637,#3560,#3561);
#3009=AXIS2_PLACEMENT_3D('',#6663,#3563,#3564);
#3010=AXIS2_PLACEMENT_3D('',#6705,#3566,#3567);
#3011=AXIS2_PLACEMENT_3D('',#6758,#3568,#3569);
#3012=AXIS2_PLACEMENT_3D('',#6800,#3571,#3572);
#3013=AXIS2_PLACEMENT_3D('',#6826,#3574,#3575);
#3014=AXIS2_PLACEMENT_3D('',#6828,#3577,#3578);
#3015=AXIS2_PLACEMENT_3D('',#6830,#3580,#3581);
#3016=AXIS2_PLACEMENT_3D('',#6832,#3583,#3584);
#3017=AXIS2_PLACEMENT_3D('',#6834,#3586,#3587);
#3018=AXIS2_PLACEMENT_3D('',#6839,#3588,#3589);
#3019=AXIS2_PLACEMENT_3D('',#6865,#3591,#3592);
#3020=AXIS2_PLACEMENT_3D('',#6907,#3594,#3595);
#3021=AXIS2_PLACEMENT_3D('',#6952,#3596,#3597);
#3022=AXIS2_PLACEMENT_3D('',#6966,#3599,#3600);
#3023=AXIS2_PLACEMENT_3D('',#6984,#3602,#3603);
#3024=AXIS2_PLACEMENT_3D('',#6986,#3605,#3606);
#3025=AXIS2_PLACEMENT_3D('',#6991,#3607,#3608);
#3026=AXIS2_PLACEMENT_3D('',#7009,#3610,#3611);
#3027=AXIS2_PLACEMENT_3D('',#7014,#3612,#3613);
#3028=AXIS2_PLACEMENT_3D('',#7032,#3615,#3616);
#3029=AXIS2_PLACEMENT_3D('',#7046,#3618,#3619);
#3030=AXIS2_PLACEMENT_3D('',#7083,#3620,#3621);
#3031=AXIS2_PLACEMENT_3D('',#7084,#3622,#3623);
#3032=AXIS2_PLACEMENT_3D('',#7091,#3628,#3629);
#3033=AXIS2_PLACEMENT_3D('',#7098,#3634,#3635);
#3034=AXIS2_PLACEMENT_3D('',#7101,#3638,#3639);
#3035=AXIS2_PLACEMENT_3D('',#7104,#3642,#3643);
#3036=AXIS2_PLACEMENT_3D('',#7105,#3644,#3645);
#3037=AXIS2_PLACEMENT_3D('',#7106,#3646,#3647);
#3038=AXIS2_PLACEMENT_3D('',#7107,#3648,#3649);
#3039=AXIS2_PLACEMENT_3D('',#7108,#3650,#3651);
#3040=AXIS2_PLACEMENT_3D('',#7119,#3658,#3659);
#3041=AXIS2_PLACEMENT_3D('',#7130,#3666,#3667);
#3042=AXIS2_PLACEMENT_3D('',#7132,#3669,#3670);
#3043=AXIS2_PLACEMENT_3D('',#7134,#3672,#3673);
#3044=AXIS2_PLACEMENT_3D('',#7137,#3676,#3677);
#3045=AXIS2_PLACEMENT_3D('',#7140,#3680,#3681);
#3046=AXIS2_PLACEMENT_3D('',#7141,#3682,#3683);
#3047=AXIS2_PLACEMENT_3D('',#7142,#3684,#3685);
#3048=AXIS2_PLACEMENT_3D('',#7143,#3686,#3687);
#3049=DIRECTION('',(0.,0.,1.));
#3050=DIRECTION('',(1.,0.,0.));
#3051=DIRECTION('',(0.,0.,1.));
#3052=DIRECTION('',(-1.,0.,0.));
#3053=DIRECTION('',(0.,0.,-1.));
#3054=DIRECTION('',(-1.,0.,0.));
#3055=DIRECTION('',(0.,0.,-1.));
#3056=DIRECTION('',(-1.,0.,0.));
#3057=DIRECTION('',(0.,0.,-1.));
#3058=DIRECTION('',(-1.,0.,0.));
#3059=DIRECTION('',(0.,0.,-1.));
#3060=DIRECTION('',(-1.,0.,0.));
#3061=DIRECTION('',(0.,0.,-1.));
#3062=DIRECTION('',(-1.,0.,0.));
#3063=DIRECTION('',(0.,0.,1.));
#3064=DIRECTION('',(-1.,0.,0.));
#3065=DIRECTION('',(-0.707106781186548,-0.707106781186548,0.));
#3066=DIRECTION('',(0.707106781186548,-0.707106781186548,0.));
#3067=DIRECTION('',(-0.707106781186548,-0.707106781186548,0.));
#3068=DIRECTION('',(0.707106781186548,-0.707106781186548,0.));
#3069=DIRECTION('',(0.,0.,-1.));
#3070=DIRECTION('',(1.,0.,0.));
#3071=DIRECTION('',(-0.707106781186548,-0.707106781186548,0.));
#3072=DIRECTION('',(-0.707106781186544,0.707106781186551,0.));
#3073=DIRECTION('',(0.707106781186548,0.707106781186547,0.));
#3074=DIRECTION('',(0.707106781186548,-0.707106781186548,0.));
#3075=DIRECTION('',(0.,0.,-1.));
#3076=DIRECTION('',(1.,0.,0.));
#3077=DIRECTION('',(0.707106781186548,0.707106781186547,0.));
#3078=DIRECTION('',(0.707106781186544,-0.707106781186551,0.));
#3079=DIRECTION('',(-0.707106781186548,-0.707106781186548,0.));
#3080=DIRECTION('',(0.707106781186548,-0.707106781186548,0.));
#3081=DIRECTION('',(0.,0.,1.));
#3082=DIRECTION('',(1.,0.,0.));
#3083=DIRECTION('',(0.,0.,1.));
#3084=DIRECTION('',(1.,0.,0.));
#3085=DIRECTION('',(0.,0.,-1.));
#3086=DIRECTION('',(-1.,0.,0.));
#3087=DIRECTION('',(0.,0.,-1.));
#3088=DIRECTION('',(-1.,0.,0.));
#3089=DIRECTION('',(0.,0.,-1.));
#3090=DIRECTION('',(-1.,0.,0.));
#3091=DIRECTION('',(0.,0.,-1.));
#3092=DIRECTION('',(-1.,0.,0.));
#3093=DIRECTION('',(0.,0.,1.));
#3094=DIRECTION('',(1.,0.,0.));
#3095=DIRECTION('',(0.707106781186548,0.707106781186547,0.));
#3096=DIRECTION('',(0.707106781186548,-0.707106781186548,0.));
#3097=DIRECTION('',(-0.707106781186548,-0.707106781186548,0.));
#3098=DIRECTION('',(0.707106781186548,-0.707106781186548,0.));
#3099=DIRECTION('',(0.,0.,1.));
#3100=DIRECTION('',(1.,0.,0.));
#3101=DIRECTION('',(-0.707106781186548,-0.707106781186548,0.));
#3102=DIRECTION('',(0.707106781186548,-0.707106781186548,0.));
#3103=DIRECTION('',(-0.707106781186548,-0.707106781186548,0.));
#3104=DIRECTION('',(0.707106781186548,-0.707106781186548,0.));
#3105=DIRECTION('',(0.,0.,1.));
#3106=DIRECTION('',(-1.,0.,0.));
#3107=DIRECTION('',(0.,0.,-1.));
#3108=DIRECTION('',(-1.,0.,0.));
#3109=DIRECTION('',(0.,0.,-1.));
#3110=DIRECTION('',(-1.,0.,0.));
#3111=DIRECTION('',(0.,0.,1.));
#3112=DIRECTION('',(-1.,0.,0.));
#3113=DIRECTION('',(0.707106781186548,-0.707106781186548,0.));
#3114=DIRECTION('',(-0.707106781186548,-0.707106781186548,0.));
#3115=DIRECTION('',(0.,0.,-1.));
#3116=DIRECTION('',(-0.707106781186548,-0.707106781186548,0.));
#3117=DIRECTION('',(0.,0.,-1.));
#3118=DIRECTION('',(-0.707106781186548,-0.707106781186548,0.));
#3119=DIRECTION('',(0.,0.,-1.));
#3120=DIRECTION('',(-0.707106781186548,-0.707106781186548,0.));
#3121=DIRECTION('',(0.,0.,-1.));
#3122=DIRECTION('',(0.,0.,1.));
#3123=DIRECTION('',(-1.,0.,0.));
#3124=DIRECTION('',(-0.707106781186548,-0.707106781186548,0.));
#3125=DIRECTION('',(-0.707106781186548,0.707106781186547,0.));
#3126=DIRECTION('',(0.707106781186548,-0.707106781186548,0.));
#3127=DIRECTION('',(0.707106781186548,-0.707106781186548,0.));
#3128=DIRECTION('',(-0.707106781186548,-0.707106781186548,0.));
#3129=DIRECTION('',(0.,0.,-1.));
#3130=DIRECTION('',(0.,0.,-1.));
#3131=DIRECTION('',(-0.707106781186548,-0.707106781186548,0.));
#3132=DIRECTION('',(0.,0.,-1.));
#3133=DIRECTION('',(0.,0.,-1.));
#3134=DIRECTION('',(-0.707106781186548,-0.707106781186548,0.));
#3135=DIRECTION('',(0.,0.,1.));
#3136=DIRECTION('',(-1.,0.,0.));
#3137=DIRECTION('',(0.707106781186548,-0.707106781186548,0.));
#3138=DIRECTION('',(0.707106781186548,-0.707106781186548,0.));
#3139=DIRECTION('',(-0.707106781186548,-0.707106781186548,0.));
#3140=DIRECTION('',(-0.707106781186548,0.707106781186548,0.));
#3141=DIRECTION('',(0.707106781186548,-0.707106781186548,0.));
#3142=DIRECTION('',(0.707106781186548,0.707106781186548,0.));
#3143=DIRECTION('',(0.,0.,-1.));
#3144=DIRECTION('',(-0.707106781186548,-0.707106781186548,0.));
#3145=DIRECTION('',(0.,0.,-1.));
#3146=DIRECTION('',(-0.707106781186548,-0.707106781186548,0.));
#3147=DIRECTION('',(0.,0.,-1.));
#3148=DIRECTION('',(-0.707106781186548,-0.707106781186548,0.));
#3149=DIRECTION('',(0.,0.,-1.));
#3150=DIRECTION('',(0.,0.,1.));
#3151=DIRECTION('',(1.,0.,0.));
#3152=DIRECTION('',(0.999999997623857,6.89368227380237E-5,0.));
#3153=DIRECTION('',(6.59277330537504E-17,1.,0.));
#3154=DIRECTION('',(1.,0.,0.));
#3155=DIRECTION('',(-1.64819332634376E-16,-1.,0.));
#3156=DIRECTION('',(0.999999997623857,-6.89368227309273E-5,0.));
#3157=DIRECTION('',(0.707106781186548,-0.707106781186547,0.));
#3158=DIRECTION('',(0.,0.,1.));
#3159=DIRECTION('',(1.,0.,0.));
#3160=DIRECTION('',(0.707106781186548,0.707106781186548,0.));
#3161=DIRECTION('',(0.,0.,1.));
#3162=DIRECTION('',(1.,0.,0.));
#3163=DIRECTION('',(-0.707106781186548,0.707106781186548,0.));
#3164=DIRECTION('',(0.707106781186547,0.707106781186548,0.));
#3165=DIRECTION('',(0.,0.,1.));
#3166=DIRECTION('',(1.,0.,0.));
#3167=DIRECTION('',(-0.707106781186548,0.707106781186547,0.));
#3168=DIRECTION('',(0.,0.,1.));
#3169=DIRECTION('',(1.,0.,0.));
#3170=DIRECTION('',(-0.707106781186547,-0.707106781186548,0.));
#3171=DIRECTION('',(-0.707106781186548,0.707106781186547,0.));
#3172=DIRECTION('',(0.,0.,1.));
#3173=DIRECTION('',(1.,0.,0.));
#3174=DIRECTION('',(-0.707106781186547,-0.707106781186548,0.));
#3175=DIRECTION('',(0.,0.,1.));
#3176=DIRECTION('',(1.,0.,0.));
#3177=DIRECTION('',(0.707106781186548,-0.707106781186547,0.));
#3178=DIRECTION('',(-0.707106781186547,-0.707106781186548,0.));
#3179=DIRECTION('',(0.,0.,1.));
#3180=DIRECTION('',(1.,0.,0.));
#3181=DIRECTION('',(0.707106781186548,-0.707106781186548,0.));
#3182=DIRECTION('',(0.,0.,1.));
#3183=DIRECTION('',(1.,0.,0.));
#3184=DIRECTION('',(0.707106781186547,0.707106781186548,0.));
#3185=DIRECTION('',(1.,0.,0.));
#3186=DIRECTION('',(1.,0.,0.));
#3187=DIRECTION('',(1.,0.,0.));
#3188=DIRECTION('',(0.,0.,1.));
#3189=DIRECTION('',(1.,0.,0.));
#3190=DIRECTION('',(0.,0.,1.));
#3191=DIRECTION('',(1.,0.,0.));
#3192=DIRECTION('',(-0.707106781186547,-0.707106781186548,0.));
#3193=DIRECTION('',(-0.707106781186548,0.707106781186547,0.));
#3194=DIRECTION('',(0.,0.,1.));
#3195=DIRECTION('',(1.,0.,0.));
#3196=DIRECTION('',(-0.707106781186547,-0.707106781186548,0.));
#3197=DIRECTION('',(0.707106781186548,-0.707106781186547,0.));
#3198=DIRECTION('',(0.,0.,1.));
#3199=DIRECTION('',(1.,0.,0.));
#3200=DIRECTION('',(0.,0.,1.));
#3201=DIRECTION('',(1.,0.,0.));
#3202=DIRECTION('',(0.,0.,1.));
#3203=DIRECTION('',(1.,0.,0.));
#3204=DIRECTION('',(0.707106781186548,-0.707106781186547,0.));
#3205=DIRECTION('',(-0.707106781186547,-0.707106781186548,0.));
#3206=DIRECTION('',(-0.707106781186548,0.707106781186547,0.));
#3207=DIRECTION('',(-0.707106781186547,-0.707106781186548,0.));
#3208=DIRECTION('',(-0.707106781186547,-0.707106781186548,0.));
#3209=DIRECTION('',(0.,0.,-1.));
#3210=DIRECTION('',(0.707106781186547,0.707106781186548,0.));
#3211=DIRECTION('',(0.,0.,-1.));
#3212=DIRECTION('',(0.707106781186547,0.707106781186548,0.));
#3213=DIRECTION('',(0.,1.,0.));
#3214=DIRECTION('',(0.,0.,1.));
#3215=DIRECTION('',(1.,0.,0.));
#3216=DIRECTION('',(0.,0.,-1.));
#3217=DIRECTION('',(0.,0.,-1.));
#3218=DIRECTION('',(-0.707106781186547,-0.707106781186548,0.));
#3219=DIRECTION('',(0.707106781186548,-0.707106781186547,0.));
#3220=DIRECTION('',(0.,0.,-1.));
#3221=DIRECTION('',(-0.707106781186548,0.707106781186547,0.));
#3222=DIRECTION('',(-0.707106781186548,0.707106781186547,0.));
#3223=DIRECTION('',(0.,0.,-1.));
#3224=DIRECTION('',(-0.707106781186548,0.707106781186547,0.));
#3225=DIRECTION('',(-0.707106781186548,-0.707106781186548,0.));
#3226=DIRECTION('',(0.707106781186548,-0.707106781186548,0.));
#3227=DIRECTION('',(0.707106781186548,-0.707106781186548,0.));
#3228=DIRECTION('',(0.,0.,-1.));
#3229=DIRECTION('',(-0.707106781186548,0.707106781186548,0.));
#3230=DIRECTION('',(0.,0.,-1.));
#3231=DIRECTION('',(-1.,-3.3953633850796E-16,0.));
#3232=DIRECTION('',(3.3953633850796E-16,-1.,0.));
#3233=DIRECTION('',(-3.3953633850796E-16,1.,0.));
#3234=DIRECTION('',(0.,0.,-1.));
#3235=DIRECTION('',(-3.3953633850796E-16,1.,0.));
#3236=DIRECTION('',(0.,0.,-1.));
#3237=DIRECTION('',(0.707106781186548,-0.707106781186547,0.));
#3238=DIRECTION('',(0.707106781186547,0.707106781186548,0.));
#3239=DIRECTION('',(-1.21841859594508E-16,-1.21841859594508E-16,1.));
#3240=DIRECTION('',(-0.707106781186547,-0.707106781186548,0.));
#3241=DIRECTION('',(0.,0.,-1.));
#3242=DIRECTION('',(-0.707106781186547,-0.707106781186548,0.));
#3243=DIRECTION('',(0.,0.,-1.));
#3244=DIRECTION('',(-0.707106781186547,-0.707106781186548,0.));
#3245=DIRECTION('',(0.707106781186548,-0.707106781186547,0.));
#3246=DIRECTION('',(0.707106781186547,0.707106781186548,0.));
#3247=DIRECTION('',(0.,0.,-1.));
#3248=DIRECTION('',(-1.,0.,0.));
#3249=DIRECTION('',(0.,0.,-1.));
#3250=DIRECTION('',(0.,0.,1.));
#3251=DIRECTION('',(1.,0.,0.));
#3252=DIRECTION('',(0.,0.,1.));
#3253=DIRECTION('',(1.,0.,0.));
#3254=DIRECTION('',(0.707106781186548,-0.707106781186547,0.));
#3255=DIRECTION('',(0.707106781186547,0.707106781186548,0.));
#3256=DIRECTION('',(0.707106781186547,0.707106781186548,0.));
#3257=DIRECTION('',(-1.21841859594508E-16,-1.21841859594508E-16,1.));
#3258=DIRECTION('',(0.707106781186548,-0.707106781186547,0.));
#3259=DIRECTION('',(0.707106781186547,0.707106781186548,0.));
#3260=DIRECTION('',(-0.707106781186547,-0.707106781186548,0.));
#3261=DIRECTION('',(-0.707106781186547,-0.707106781186548,0.));
#3262=DIRECTION('',(0.,0.,-1.));
#3263=DIRECTION('',(1.6976816925398E-16,-1.,0.));
#3264=DIRECTION('',(1.,1.6976816925398E-16,0.));
#3265=DIRECTION('',(-1.,-1.6976816925398E-16,0.));
#3266=DIRECTION('',(0.,0.,-1.));
#3267=DIRECTION('',(-1.,-1.6976816925398E-16,0.));
#3268=DIRECTION('',(0.,0.,-1.));
#3269=DIRECTION('',(0.707106781186547,0.707106781186548,0.));
#3270=DIRECTION('',(-0.707106781186548,0.707106781186547,0.));
#3271=DIRECTION('',(1.21841859594508E-16,-1.21841859594508E-16,1.));
#3272=DIRECTION('',(0.707106781186548,-0.707106781186547,0.));
#3273=DIRECTION('',(0.,0.,-1.));
#3274=DIRECTION('',(0.707106781186548,-0.707106781186547,0.));
#3275=DIRECTION('',(0.,0.,-1.));
#3276=DIRECTION('',(0.707106781186548,-0.707106781186547,0.));
#3277=DIRECTION('',(0.707106781186547,0.707106781186548,0.));
#3278=DIRECTION('',(-0.707106781186548,0.707106781186547,0.));
#3279=DIRECTION('',(0.,0.,-1.));
#3280=DIRECTION('',(-1.,0.,0.));
#3281=DIRECTION('',(0.,0.,-1.));
#3282=DIRECTION('',(0.,0.,1.));
#3283=DIRECTION('',(1.,0.,0.));
#3284=DIRECTION('',(0.,0.,1.));
#3285=DIRECTION('',(1.,0.,0.));
#3286=DIRECTION('',(0.707106781186547,0.707106781186548,0.));
#3287=DIRECTION('',(-0.707106781186548,0.707106781186547,0.));
#3288=DIRECTION('',(-0.707106781186548,0.707106781186547,0.));
#3289=DIRECTION('',(1.21841859594508E-16,-1.21841859594508E-16,1.));
#3290=DIRECTION('',(0.707106781186547,0.707106781186548,0.));
#3291=DIRECTION('',(-0.707106781186548,0.707106781186547,0.));
#3292=DIRECTION('',(0.707106781186548,-0.707106781186547,0.));
#3293=DIRECTION('',(0.707106781186548,-0.707106781186547,0.));
#3294=DIRECTION('',(0.,0.,-1.));
#3295=DIRECTION('',(1.,1.6976816925398E-16,0.));
#3296=DIRECTION('',(-1.6976816925398E-16,1.,0.));
#3297=DIRECTION('',(1.6976816925398E-16,-1.,0.));
#3298=DIRECTION('',(0.,0.,-1.));
#3299=DIRECTION('',(1.6976816925398E-16,-1.,0.));
#3300=DIRECTION('',(0.,0.,-1.));
#3301=DIRECTION('',(-0.707106781186548,0.707106781186547,0.));
#3302=DIRECTION('',(-0.707106781186547,-0.707106781186548,0.));
#3303=DIRECTION('',(0.,0.,-1.));
#3304=DIRECTION('',(0.707106781186547,0.707106781186548,0.));
#3305=DIRECTION('',(0.,0.,-1.));
#3306=DIRECTION('',(0.707106781186547,0.707106781186548,0.));
#3307=DIRECTION('',(0.,0.,-1.));
#3308=DIRECTION('',(-1.,0.,0.));
#3309=DIRECTION('',(0.,0.,1.));
#3310=DIRECTION('',(1.,0.,0.));
#3311=DIRECTION('',(0.,0.,1.));
#3312=DIRECTION('',(1.,0.,0.));
#3313=DIRECTION('',(0.,0.,-1.));
#3314=DIRECTION('',(-1.,0.,0.));
#3315=DIRECTION('',(0.,0.,1.));
#3316=DIRECTION('',(1.,0.,0.));
#3317=DIRECTION('',(0.,0.,1.));
#3318=DIRECTION('',(1.,0.,0.));
#3319=DIRECTION('',(0.,0.,1.));
#3320=DIRECTION('',(1.,0.,0.));
#3321=DIRECTION('',(-0.707106781186548,-0.707106781186548,0.));
#3322=DIRECTION('',(0.707106781186548,-0.707106781186548,0.));
#3323=DIRECTION('',(0.,0.,-1.));
#3324=DIRECTION('',(-0.707106781186548,0.707106781186548,0.));
#3325=DIRECTION('',(0.,0.,-1.));
#3326=DIRECTION('',(-0.707106781186548,0.707106781186548,0.));
#3327=DIRECTION('',(0.,0.,1.));
#3328=DIRECTION('',(1.,0.,0.));
#3329=DIRECTION('',(-0.707106781186548,0.707106781186547,0.));
#3330=DIRECTION('',(-0.707106781186547,-0.707106781186548,0.));
#3331=DIRECTION('',(0.,0.,1.));
#3332=DIRECTION('',(1.,0.,0.));
#3333=DIRECTION('',(0.,0.,1.));
#3334=DIRECTION('',(1.,0.,0.));
#3335=DIRECTION('',(0.,0.,1.));
#3336=DIRECTION('',(1.,0.,0.));
#3337=DIRECTION('',(0.,0.,1.));
#3338=DIRECTION('',(1.,0.,0.));
#3339=DIRECTION('',(0.,0.,1.));
#3340=DIRECTION('',(1.,0.,0.));
#3341=DIRECTION('',(0.,0.,1.));
#3342=DIRECTION('',(1.,0.,0.));
#3343=DIRECTION('',(0.,0.,1.));
#3344=DIRECTION('',(1.,0.,0.));
#3345=DIRECTION('',(0.,0.,1.));
#3346=DIRECTION('',(1.,0.,0.));
#3347=DIRECTION('',(0.,0.,1.));
#3348=DIRECTION('',(1.,0.,0.));
#3349=DIRECTION('',(0.,0.,1.));
#3350=DIRECTION('',(1.,0.,0.));
#3351=DIRECTION('',(0.,0.,1.));
#3352=DIRECTION('',(1.,0.,0.));
#3353=DIRECTION('',(0.,0.,1.));
#3354=DIRECTION('',(1.,0.,0.));
#3355=DIRECTION('',(0.,0.,1.));
#3356=DIRECTION('',(1.,0.,0.));
#3357=DIRECTION('',(0.,0.,1.));
#3358=DIRECTION('',(1.,0.,0.));
#3359=DIRECTION('',(0.,0.,1.));
#3360=DIRECTION('',(1.,0.,0.));
#3361=DIRECTION('',(0.,0.,-1.));
#3362=DIRECTION('',(-1.,0.,0.));
#3363=DIRECTION('',(0.,0.,1.));
#3364=DIRECTION('',(1.,0.,0.));
#3365=DIRECTION('',(0.,0.,1.));
#3366=DIRECTION('',(1.,0.,0.));
#3367=DIRECTION('',(0.,0.,-1.));
#3368=DIRECTION('',(-1.,0.,0.));
#3369=DIRECTION('',(0.,0.,1.));
#3370=DIRECTION('',(1.,0.,0.));
#3371=DIRECTION('',(0.,0.,1.));
#3372=DIRECTION('',(1.,0.,0.));
#3373=DIRECTION('',(-0.707106781186548,0.707106781186547,1.72310410303311E-16));
#3374=DIRECTION('',(-0.707106781186547,-0.707106781186548,0.));
#3375=DIRECTION('',(1.21841859594508E-16,-1.21841859594508E-16,1.));
#3376=DIRECTION('',(0.707106781186547,0.707106781186548,0.));
#3377=DIRECTION('',(1.21841859594508E-16,-1.21841859594508E-16,1.));
#3378=DIRECTION('',(-0.707106781186547,-0.707106781186548,0.));
#3379=DIRECTION('',(0.707106781186547,0.707106781186548,1.72310410303311E-16));
#3380=DIRECTION('',(-0.707106781186548,0.707106781186547,0.));
#3381=DIRECTION('',(-1.21841859594508E-16,-1.21841859594508E-16,1.));
#3382=DIRECTION('',(0.707106781186548,-0.707106781186547,0.));
#3383=DIRECTION('',(-1.21841859594508E-16,-1.21841859594508E-16,1.));
#3384=DIRECTION('',(-0.707106781186548,0.707106781186547,0.));
#3385=DIRECTION('',(0.,0.,-1.));
#3386=DIRECTION('',(-1.,0.,0.));
#3387=DIRECTION('',(0.,0.,-1.));
#3388=DIRECTION('',(-1.,0.,0.));
#3389=DIRECTION('',(0.,0.,1.));
#3390=DIRECTION('',(1.,0.,0.));
#3391=DIRECTION('',(0.,0.,-1.));
#3392=DIRECTION('',(-1.,0.,0.));
#3393=DIRECTION('',(0.,0.,-1.));
#3394=DIRECTION('',(-1.,0.,0.));
#3395=DIRECTION('',(0.,0.,-1.));
#3396=DIRECTION('',(-1.,0.,0.));
#3397=DIRECTION('',(0.,0.,1.));
#3398=DIRECTION('',(1.,0.,0.));
#3399=DIRECTION('',(0.,0.,-1.));
#3400=DIRECTION('',(-1.,0.,0.));
#3401=DIRECTION('',(0.707106781186547,0.707106781186548,0.));
#3402=DIRECTION('',(-0.707106781186548,0.707106781186547,0.));
#3403=DIRECTION('',(0.707106781186547,0.707106781186548,0.));
#3404=DIRECTION('',(-0.707106781186548,0.707106781186547,0.));
#3405=DIRECTION('',(0.707106781186547,0.707106781186548,0.));
#3406=DIRECTION('',(-0.707106781186548,0.707106781186547,0.));
#3407=DIRECTION('',(0.707106781186548,-0.707106781186547,0.));
#3408=DIRECTION('',(0.707106781186547,0.707106781186548,0.));
#3409=DIRECTION('',(0.707106781186548,-0.707106781186547,0.));
#3410=DIRECTION('',(0.707106781186547,0.707106781186548,0.));
#3411=DIRECTION('',(0.707106781186548,-0.707106781186547,0.));
#3412=DIRECTION('',(0.707106781186547,0.707106781186548,0.));
#3413=DIRECTION('',(0.,0.,-1.));
#3414=DIRECTION('',(-1.,0.,0.));
#3415=DIRECTION('',(0.,0.,-1.));
#3416=DIRECTION('',(-1.,0.,0.));
#3417=DIRECTION('',(0.,0.,1.));
#3418=DIRECTION('',(1.,0.,0.));
#3419=DIRECTION('',(0.,0.,-1.));
#3420=DIRECTION('',(-1.,0.,0.));
#3421=DIRECTION('',(0.,0.,1.));
#3422=DIRECTION('',(1.,0.,0.));
#3423=DIRECTION('',(0.,0.,-1.));
#3424=DIRECTION('',(-1.,0.,0.));
#3425=DIRECTION('',(0.,0.,-1.));
#3426=DIRECTION('',(-1.,0.,0.));
#3427=DIRECTION('',(0.,0.,-1.));
#3428=DIRECTION('',(-1.,0.,0.));
#3429=DIRECTION('',(0.,0.,1.));
#3430=DIRECTION('',(1.,0.,0.));
#3431=DIRECTION('',(0.,0.,1.));
#3432=DIRECTION('',(1.,0.,0.));
#3433=DIRECTION('',(0.,0.,-1.));
#3434=DIRECTION('',(-1.,0.,0.));
#3435=DIRECTION('',(0.,0.,1.));
#3436=DIRECTION('',(1.,0.,0.));
#3437=DIRECTION('',(0.,0.,1.));
#3438=DIRECTION('',(1.,0.,0.));
#3439=DIRECTION('',(0.,0.,1.));
#3440=DIRECTION('',(1.,0.,0.));
#3441=DIRECTION('',(0.,0.,-1.));
#3442=DIRECTION('',(-1.,0.,0.));
#3443=DIRECTION('',(0.,0.,1.));
#3444=DIRECTION('',(1.,0.,0.));
#3445=DIRECTION('',(-1.21841859594508E-16,1.21841859594508E-16,-1.));
#3446=DIRECTION('',(-1.,0.,1.21841859594508E-16));
#3447=DIRECTION('',(0.,0.,1.));
#3448=DIRECTION('',(1.,0.,0.));
#3449=DIRECTION('',(0.,0.,-1.));
#3450=DIRECTION('',(-1.,0.,0.));
#3451=DIRECTION('',(0.707106781186547,0.707106781186548,0.));
#3452=DIRECTION('',(-0.707106781186548,0.707106781186547,0.));
#3453=DIRECTION('',(-0.707106781186549,0.707106781186546,0.));
#3454=DIRECTION('',(-0.707106781186546,-0.707106781186549,0.));
#3455=DIRECTION('',(-0.707106781186548,0.707106781186547,0.));
#3456=DIRECTION('',(-0.707106781186547,-0.707106781186548,0.));
#3457=DIRECTION('',(-0.707106781186549,0.707106781186546,1.96261557335472E-14));
#3458=DIRECTION('',(-0.707106781186546,-0.707106781186549,0.));
#3459=DIRECTION('',(0.,0.,1.));
#3460=DIRECTION('',(1.,0.,0.));
#3461=DIRECTION('',(0.707106781186546,-0.707106781186549,0.));
#3462=DIRECTION('',(0.707106781186549,0.707106781186546,0.));
#3463=DIRECTION('',(0.707106781186548,-0.707106781186547,0.));
#3464=DIRECTION('',(0.707106781186547,0.707106781186548,0.));
#3465=DIRECTION('',(0.707106781186546,-0.707106781186549,-2.4532694666934E-15));
#3466=DIRECTION('',(0.707106781186549,0.707106781186546,0.));
#3467=DIRECTION('',(0.707106781186547,0.707106781186548,0.));
#3468=DIRECTION('',(-0.707106781186548,0.707106781186547,0.));
#3469=DIRECTION('',(0.,0.,1.));
#3470=DIRECTION('',(1.,0.,0.));
#3471=DIRECTION('',(1.21841859594508E-16,-1.21841859594508E-16,1.));
#3472=DIRECTION('',(1.,0.,-1.21841859594508E-16));
#3473=DIRECTION('',(1.29982878925265E-14,0.,1.));
#3474=DIRECTION('',(1.,0.,-1.29982878925265E-14));
#3475=DIRECTION('',(-1.21841859594508E-16,-1.21841859594508E-16,1.));
#3476=DIRECTION('',(0.,-1.,-1.21841859594508E-16));
#3477=DIRECTION('',(0.,0.,1.));
#3478=DIRECTION('',(1.,0.,0.));
#3479=DIRECTION('',(0.,0.,-1.));
#3480=DIRECTION('',(-1.,0.,0.));
#3481=DIRECTION('',(0.707106781186548,-0.707106781186547,0.));
#3482=DIRECTION('',(0.707106781186547,0.707106781186548,0.));
#3483=DIRECTION('',(0.707106781186544,0.707106781186551,0.));
#3484=DIRECTION('',(-0.707106781186551,0.707106781186544,0.));
#3485=DIRECTION('',(-0.707106781186547,-0.707106781186548,0.));
#3486=DIRECTION('',(0.707106781186548,-0.707106781186547,0.));
#3487=DIRECTION('',(0.707106781186548,0.707106781186548,0.));
#3488=DIRECTION('',(-0.707106781186548,0.707106781186548,0.));
#3489=DIRECTION('',(0.,0.,1.));
#3490=DIRECTION('',(1.,0.,0.));
#3491=DIRECTION('',(-0.707106781186546,-0.707106781186549,0.));
#3492=DIRECTION('',(0.707106781186549,-0.707106781186546,0.));
#3493=DIRECTION('',(0.707106781186547,0.707106781186548,0.));
#3494=DIRECTION('',(-0.707106781186548,0.707106781186547,0.));
#3495=DIRECTION('',(-0.707106781186548,-0.707106781186548,0.));
#3496=DIRECTION('',(0.707106781186548,-0.707106781186548,0.));
#3497=DIRECTION('',(0.707106781186548,-0.707106781186547,0.));
#3498=DIRECTION('',(0.707106781186547,0.707106781186548,0.));
#3499=DIRECTION('',(0.,0.,1.));
#3500=DIRECTION('',(1.,0.,0.));
#3501=DIRECTION('',(1.21841859594508E-16,1.21841859594508E-16,-1.));
#3502=DIRECTION('',(0.,1.,1.21841859594508E-16));
#3503=DIRECTION('',(0.,0.,1.));
#3504=DIRECTION('',(1.,0.,0.));
#3505=DIRECTION('',(-1.,1.64819332634376E-16,0.));
#3506=DIRECTION('',(-1.64819332634376E-16,-1.,0.));
#3507=DIRECTION('',(1.64819332634376E-16,1.,0.));
#3508=DIRECTION('',(0.,0.,1.));
#3509=DIRECTION('',(-1.64819332634376E-16,-1.,0.));
#3510=DIRECTION('',(0.,-1.,0.));
#3511=DIRECTION('',(0.,0.,-1.));
#3512=DIRECTION('',(-1.,0.,0.));
#3513=DIRECTION('',(0.,0.,1.));
#3514=DIRECTION('',(1.,0.,0.));
#3515=DIRECTION('',(1.,-6.59277330537504E-17,0.));
#3516=DIRECTION('',(6.59277330537504E-17,1.,0.));
#3517=DIRECTION('',(-6.59277330537504E-17,-1.,0.));
#3518=DIRECTION('',(6.59277330537504E-17,1.,0.));
#3519=DIRECTION('',(0.,0.,1.));
#3520=DIRECTION('',(1.,0.,0.));
#3521=DIRECTION('',(-0.999999958035263,0.00028970583764357,4.02047614150257E-18));
#3522=DIRECTION('',(-0.00028970583764357,-0.999999958035263,0.));
#3523=DIRECTION('',(-0.754284732956552,0.65654744050119,-1.43453278003617E-14));
#3524=DIRECTION('',(-0.65654744050119,-0.754284732956552,0.));
#3525=DIRECTION('',(-0.754284732956638,-0.65654744050109,1.99765623630108E-13));
#3526=DIRECTION('',(0.656547440501091,-0.754284732956638,0.));
#3527=DIRECTION('',(-0.999999958035263,-0.000289705837614089,-1.04405042282063E-14));
#3528=DIRECTION('',(0.00028970583761409,-0.999999958035263,0.));
#3529=DIRECTION('',(-0.707106781186548,-0.707106781186548,0.));
#3530=DIRECTION('',(0.707106781186548,-0.707106781186548,0.));
#3531=DIRECTION('',(0.,0.,-1.));
#3532=DIRECTION('',(0.,0.,-1.));
#3533=DIRECTION('',(0.,0.,-1.));
#3534=DIRECTION('',(0.707106781186548,-0.707106781186548,0.));
#3535=DIRECTION('',(-0.707106781186548,-0.707106781186548,0.));
#3536=DIRECTION('',(0.707106781186548,-0.707106781186548,0.));
#3537=DIRECTION('',(0.707106781186548,-0.707106781186548,0.));
#3538=DIRECTION('',(0.,0.,-1.));
#3539=DIRECTION('',(0.,0.,-1.));
#3540=DIRECTION('',(0.,0.,-1.));
#3541=DIRECTION('',(0.,0.,1.));
#3542=DIRECTION('',(1.,0.,0.));
#3543=DIRECTION('',(0.,0.,1.));
#3544=DIRECTION('',(1.,0.,0.));
#3545=DIRECTION('',(-0.707106781186548,-0.707106781186548,0.));
#3546=DIRECTION('',(0.707106781186548,-0.707106781186548,0.));
#3547=DIRECTION('',(0.707106781186548,0.707106781186548,0.));
#3548=DIRECTION('',(0.,0.,1.));
#3549=DIRECTION('',(1.,0.,0.));
#3550=DIRECTION('',(0.,0.,1.));
#3551=DIRECTION('',(1.,0.,0.));
#3552=DIRECTION('',(0.,0.,1.));
#3553=DIRECTION('',(1.,0.,0.));
#3554=DIRECTION('',(0.,0.,-1.));
#3555=DIRECTION('',(-1.,0.,0.));
#3556=DIRECTION('',(-0.499628832324693,-0.499628832324693,0.707631302176301));
#3557=DIRECTION('',(-0.499628832324689,0.499628832324689,-0.707631302176307));
#3558=DIRECTION('',(-0.500370892348728,0.500370892348728,0.706581870826216));
#3559=DIRECTION('',(0.707106781186547,0.707106781186548,0.));
#3560=DIRECTION('',(-0.50037089234873,-0.500370892348731,-0.706581870826212));
#3561=DIRECTION('',(-0.707106781186548,0.707106781186547,0.));
#3562=DIRECTION('',(-0.499628832324692,-0.499628832324692,0.707631302176303));
#3563=DIRECTION('',(0.,0.,-1.));
#3564=DIRECTION('',(-1.,0.,0.));
#3565=DIRECTION('',(-0.499628832324699,0.49962883232469,0.7076313021763));
#3566=DIRECTION('',(-0.500370892348732,0.500370892348731,-0.706581870826211));
#3567=DIRECTION('',(0.707106781186547,0.707106781186548,0.));
#3568=DIRECTION('',(-0.500370892348728,-0.500370892348728,-0.706581870826216));
#3569=DIRECTION('',(-0.707106781186548,0.707106781186547,0.));
#3570=DIRECTION('',(0.49962883232469,0.499628832324699,-0.7076313021763));
#3571=DIRECTION('',(-1.29982878925265E-14,0.,-1.));
#3572=DIRECTION('',(-1.,0.,1.29982878925265E-14));
#3573=DIRECTION('',(-0.499628832324689,0.499628832324689,-0.707631302176307));
#3574=DIRECTION('',(0.500370892348736,-0.500370892348736,-0.706581870826205));
#3575=DIRECTION('',(-0.707106781186547,-0.707106781186548,0.));
#3576=DIRECTION('',(-0.499628832324684,0.499628832324684,-0.707631302176314));
#3577=DIRECTION('',(0.500370892348731,0.500370892348731,0.706581870826211));
#3578=DIRECTION('',(0.707106781186548,-0.707106781186548,0.));
#3579=DIRECTION('',(-0.499628832324687,-0.499628832324687,0.707631302176309));
#3580=DIRECTION('',(0.,0.,-1.));
#3581=DIRECTION('',(-1.,0.,0.));
#3582=DIRECTION('',(-0.499628832324689,-0.499628832324689,-0.707631302176307));
#3583=DIRECTION('',(0.,0.,-1.));
#3584=DIRECTION('',(-1.,0.,0.));
#3585=DIRECTION('',(-0.499628832324687,0.499628832324687,0.707631302176309));
#3586=DIRECTION('',(-0.500370892348731,-0.500370892348732,0.706581870826211));
#3587=DIRECTION('',(-0.707106781186548,0.707106781186547,0.));
#3588=DIRECTION('',(-0.500370892348731,0.500370892348731,-0.706581870826212));
#3589=DIRECTION('',(0.707106781186548,0.707106781186548,0.));
#3590=DIRECTION('',(-0.499628832324687,0.499628832324687,0.707631302176309));
#3591=DIRECTION('',(0.,0.,-1.));
#3592=DIRECTION('',(-1.,0.,0.));
#3593=DIRECTION('',(0.499628832324683,0.499628832324701,0.707631302176303));
#3594=DIRECTION('',(0.500370892348731,0.500370892348732,-0.706581870826211));
#3595=DIRECTION('',(0.707106781186548,-0.707106781186547,0.));
#3596=DIRECTION('',(0.50037089234873,-0.500370892348729,-0.706581870826214));
#3597=DIRECTION('',(-0.707106781186547,-0.707106781186548,0.));
#3598=DIRECTION('',(-0.499628832324686,0.499628832324704,-0.707631302176298));
#3599=DIRECTION('',(0.,0.,-1.));
#3600=DIRECTION('',(-1.,0.,0.));
#3601=DIRECTION('',(-0.499628832324687,-0.499628832324687,-0.707631302176309));
#3602=DIRECTION('',(0.500370892348735,0.500370892348735,-0.706581870826206));
#3603=DIRECTION('',(0.707106781186548,-0.707106781186548,0.));
#3604=DIRECTION('',(-0.499628832324687,-0.499628832324687,-0.707631302176309));
#3605=DIRECTION('',(-6.55058174983992E-5,-0.95022971392849,0.311550134771867));
#3606=DIRECTION('',(0.,-0.3115501354403,-0.950229715967213));
#3607=DIRECTION('',(0.,0.,-1.));
#3608=DIRECTION('',(-1.,0.,0.));
#3609=DIRECTION('',(0.499628832324701,-0.499628832324683,-0.707631302176303));
#3610=DIRECTION('',(0.500370892348732,-0.500370892348731,0.706581870826211));
#3611=DIRECTION('',(-0.707106781186547,-0.707106781186548,0.));
#3612=DIRECTION('',(0.707631302176303,-1.16631318975893E-16,-0.706581870826212));
#3613=DIRECTION('',(-1.64819332634376E-16,-1.,0.));
#3614=DIRECTION('',(0.577064438110577,0.577064438110576,0.577921507244927));
#3615=DIRECTION('',(0.,0.707631302176304,-0.706581870826211));
#3616=DIRECTION('',(1.,0.,0.));
#3617=DIRECTION('',(-0.577064438110577,0.577064438110576,0.577921507244927));
#3618=DIRECTION('',(-0.707631302176303,4.66525275903571E-17,-0.706581870826212));
#3619=DIRECTION('',(6.59277330537504E-17,1.,0.));
#3620=DIRECTION('',(6.55058175051427E-5,-0.950229713928493,0.311550134771857));
#3621=DIRECTION('',(0.,-0.311550135440289,-0.950229715967217));
#3622=DIRECTION('',(-0.707106781186547,0.707106781186548,0.));
#3623=DIRECTION('',(-0.707106781186548,-0.707106781186547,0.));
#3624=DIRECTION('',(0.,0.,-1.));
#3625=DIRECTION('',(0.707106781186548,0.707106781186547,0.));
#3626=DIRECTION('',(0.707106781186548,0.707106781186547,0.));
#3627=DIRECTION('',(0.,0.,-1.));
#3628=DIRECTION('',(0.707106781186548,-0.707106781186548,0.));
#3629=DIRECTION('',(0.707106781186548,0.707106781186548,0.));
#3630=DIRECTION('',(0.,0.,-1.));
#3631=DIRECTION('',(-0.707106781186548,-0.707106781186548,0.));
#3632=DIRECTION('',(-0.707106781186548,-0.707106781186548,0.));
#3633=DIRECTION('',(0.,0.,-1.));
#3634=DIRECTION('',(0.707106781186551,0.707106781186544,0.));
#3635=DIRECTION('',(-0.707106781186544,0.707106781186551,0.));
#3636=DIRECTION('',(0.707106781186544,-0.707106781186551,0.));
#3637=DIRECTION('',(0.707106781186544,-0.707106781186551,0.));
#3638=DIRECTION('',(-0.707106781186551,-0.707106781186544,0.));
#3639=DIRECTION('',(0.707106781186544,-0.707106781186551,0.));
#3640=DIRECTION('',(-0.707106781186544,0.707106781186551,0.));
#3641=DIRECTION('',(-0.707106781186544,0.707106781186551,0.));
#3642=DIRECTION('',(0.,0.,-1.));
#3643=DIRECTION('',(1.,0.,0.));
#3644=DIRECTION('',(0.,0.,-1.));
#3645=DIRECTION('',(1.,0.,0.));
#3646=DIRECTION('',(0.,0.,-1.));
#3647=DIRECTION('',(1.,0.,0.));
#3648=DIRECTION('',(0.,0.,-1.));
#3649=DIRECTION('',(1.,0.,0.));
#3650=DIRECTION('',(0.707106781186548,0.707106781186548,0.));
#3651=DIRECTION('',(-0.707106781186548,0.707106781186548,0.));
#3652=DIRECTION('',(0.707106781186548,-0.707106781186548,0.));
#3653=DIRECTION('',(0.,0.,-1.));
#3654=DIRECTION('',(0.707106781186548,-0.707106781186548,0.));
#3655=DIRECTION('',(0.707106781186548,-0.707106781186548,0.));
#3656=DIRECTION('',(0.,0.,-1.));
#3657=DIRECTION('',(0.707106781186548,-0.707106781186548,0.));
#3658=DIRECTION('',(-0.707106781186547,-0.707106781186548,0.));
#3659=DIRECTION('',(0.707106781186548,-0.707106781186547,0.));
#3660=DIRECTION('',(-0.707106781186548,0.707106781186547,0.));
#3661=DIRECTION('',(0.,0.,-1.));
#3662=DIRECTION('',(-0.707106781186548,0.707106781186547,0.));
#3663=DIRECTION('',(-0.707106781186548,0.707106781186547,0.));
#3664=DIRECTION('',(0.,0.,-1.));
#3665=DIRECTION('',(-0.707106781186548,0.707106781186547,0.));
#3666=DIRECTION('',(0.,0.,-1.));
#3667=DIRECTION('',(-1.,0.,0.));
#3668=DIRECTION('',(-0.707106781186544,-0.707106781186551,0.));
#3669=DIRECTION('',(0.,0.,-1.));
#3670=DIRECTION('',(-1.,0.,0.));
#3671=DIRECTION('',(0.707106781186544,0.707106781186551,0.));
#3672=DIRECTION('',(0.707106781186551,-0.707106781186544,0.));
#3673=DIRECTION('',(0.707106781186544,0.707106781186551,0.));
#3674=DIRECTION('',(-0.707106781186544,-0.707106781186551,0.));
#3675=DIRECTION('',(-0.707106781186544,-0.707106781186551,0.));
#3676=DIRECTION('',(-0.707106781186551,0.707106781186544,0.));
#3677=DIRECTION('',(-0.707106781186544,-0.707106781186551,0.));
#3678=DIRECTION('',(0.707106781186544,0.707106781186551,0.));
#3679=DIRECTION('',(0.707106781186544,0.707106781186551,0.));
#3680=DIRECTION('',(0.,0.,-1.));
#3681=DIRECTION('',(-1.,0.,0.));
#3682=DIRECTION('',(0.,0.,-1.));
#3683=DIRECTION('',(-1.,0.,0.));
#3684=DIRECTION('',(0.,0.,-1.));
#3685=DIRECTION('',(-1.,0.,0.));
#3686=DIRECTION('',(0.,0.,-1.));
#3687=DIRECTION('',(-1.,0.,0.));
#3688=CARTESIAN_POINT('',(0.,0.,0.));
#3689=CARTESIAN_POINT('',(-0.0635,-0.0635,0.021825));
#3690=CARTESIAN_POINT('',(-0.0635,-0.0635,0.036825));
#3691=CARTESIAN_POINT('',(-0.0651,-0.0635,0.036825));
#3692=CARTESIAN_POINT('',(-0.0635,-0.0635,0.035225));
#3693=CARTESIAN_POINT('',(-0.0646313708498985,-0.0646313708498985,0.035225));
#3694=CARTESIAN_POINT('',(-0.0623686291501015,-0.0646313708498985,0.035225));
#3695=CARTESIAN_POINT('',(-0.0635,-0.0635,0.035225));
#3696=CARTESIAN_POINT('',(-0.0646313708498985,-0.0623686291501016,0.035225));
#3697=CARTESIAN_POINT('',(-0.0635,-0.0635,0.035225));
#3698=CARTESIAN_POINT('',(-0.0623686291501015,-0.0623686291501015,0.035225));
#3699=CARTESIAN_POINT('',(-0.0635,-0.0635,0.035225));
#3700=CARTESIAN_POINT('',(-0.061449390334559,-0.061449390334559,0.034825));
#3701=CARTESIAN_POINT('',(-0.0635,-0.059398780669118,0.034825));
#3702=CARTESIAN_POINT('',(-0.0666819805153395,-0.0625807611844575,0.034825));
#3703=CARTESIAN_POINT('',(-0.070332419273215,-0.0662311999423331,0.034825));
#3704=CARTESIAN_POINT('',(-0.0646313708498985,-0.0646313708498985,0.034825));
#3705=CARTESIAN_POINT('',(-0.0625807611844575,-0.0666819805153395,0.034825));
#3706=CARTESIAN_POINT('',(-0.059398780669118,-0.0635,0.034825));
#3707=CARTESIAN_POINT('',(-0.0662311999423331,-0.070332419273215,0.034825));
#3708=CARTESIAN_POINT('',(-0.068281809607774,-0.068281809607774,0.034825));
#3709=CARTESIAN_POINT('',(0.0648655999711665,-0.0648655999711665,0.035025));
#3710=CARTESIAN_POINT('',(0.0646313708498985,-0.0646313708498985,0.035025));
#3711=CARTESIAN_POINT('',(0.0666819805153395,-0.0625807611844575,0.035025));
#3712=CARTESIAN_POINT('',(0.0657627416997969,-0.0635,0.035025));
#3713=CARTESIAN_POINT('',(0.0646313708498985,-0.0623686291501015,0.035025));
#3714=CARTESIAN_POINT('',(0.0635,-0.0612372583002031,0.035025));
#3715=CARTESIAN_POINT('',(0.0623686291501015,-0.0623686291501015,0.035025));
#3716=CARTESIAN_POINT('',(0.0644192388155425,-0.0603180194846606,0.035025));
#3717=CARTESIAN_POINT('',(0.0635,-0.059398780669118,0.035025));
#3718=CARTESIAN_POINT('',(0.0648655999711665,-0.0648655999711665,0.035025));
#3719=CARTESIAN_POINT('',(0.0623686291501015,-0.0623686291501015,0.035025));
#3720=CARTESIAN_POINT('',(0.0603180194846606,-0.0644192388155425,0.035025));
#3721=CARTESIAN_POINT('',(0.0612372583002031,-0.0635,0.035025));
#3722=CARTESIAN_POINT('',(0.0623686291501015,-0.0646313708498985,0.035025));
#3723=CARTESIAN_POINT('',(0.0635,-0.065762741699797,0.035025));
#3724=CARTESIAN_POINT('',(0.0646313708498985,-0.0646313708498985,0.035025));
#3725=CARTESIAN_POINT('',(0.0625807611844575,-0.0666819805153395,0.035025));
#3726=CARTESIAN_POINT('',(0.059398780669118,-0.0635,0.035025));
#3727=CARTESIAN_POINT('',(0.0635,-0.0635,0.021825));
#3728=CARTESIAN_POINT('',(0.0635,-0.0635,0.036825));
#3729=CARTESIAN_POINT('',(0.0651,-0.0635,0.036825));
#3730=CARTESIAN_POINT('',(0.0635,-0.0635,0.035225));
#3731=CARTESIAN_POINT('',(0.0623686291501015,-0.0646313708498985,0.035225));
#3732=CARTESIAN_POINT('',(0.0646313708498985,-0.0646313708498985,0.035225));
#3733=CARTESIAN_POINT('',(0.0635,-0.0635,0.035225));
#3734=CARTESIAN_POINT('',(0.0623686291501015,-0.0623686291501015,0.035225));
#3735=CARTESIAN_POINT('',(0.0635,-0.0635,0.035225));
#3736=CARTESIAN_POINT('',(0.0646313708498985,-0.0623686291501016,0.035225));
#3737=CARTESIAN_POINT('',(0.0635,-0.0635,0.035225));
#3738=CARTESIAN_POINT('',(0.061449390334559,-0.061449390334559,0.034825));
#3739=CARTESIAN_POINT('',(0.0623686291501015,-0.0623686291501015,0.034825));
#3740=CARTESIAN_POINT('',(0.0603180194846606,-0.0644192388155425,0.034825));
#3741=CARTESIAN_POINT('',(0.0644192388155425,-0.0603180194846606,0.034825));
#3742=CARTESIAN_POINT('',(0.059398780669118,-0.0635,0.034825));
#3743=CARTESIAN_POINT('',(0.059398780669118,-0.0635,0.034825));
#3744=CARTESIAN_POINT('',(0.061449390334559,-0.061449390334559,0.034825));
#3745=CARTESIAN_POINT('',(0.0635,-0.059398780669118,0.034825));
#3746=CARTESIAN_POINT('',(0.0635,-0.059398780669118,0.034825));
#3747=CARTESIAN_POINT('',(0.061449390334559,-0.061449390334559,0.034825));
#3748=CARTESIAN_POINT('',(0.0646313708498985,-0.0646313708498985,0.034825));
#3749=CARTESIAN_POINT('',(0.0666819805153395,-0.0625807611844575,0.034825));
#3750=CARTESIAN_POINT('',(0.0625807611844575,-0.0666819805153395,0.034825));
#3751=CARTESIAN_POINT('',(0.0635,-0.059398780669118,0.034825));
#3752=CARTESIAN_POINT('',(0.070332419273215,-0.0662311999423331,0.034825));
#3753=CARTESIAN_POINT('',(0.068281809607774,-0.068281809607774,0.034825));
#3754=CARTESIAN_POINT('',(0.0662311999423331,-0.070332419273215,0.034825));
#3755=CARTESIAN_POINT('',(0.059398780669118,-0.0635,0.034825));
#3756=CARTESIAN_POINT('',(-0.0635,-0.0635,0.021825));
#3757=CARTESIAN_POINT('',(-0.0635,-0.0635,0.032025));
#3758=CARTESIAN_POINT('',(-0.0651,-0.0635,0.032025));
#3759=CARTESIAN_POINT('',(-0.0635,-0.0635,0.021825));
#3760=CARTESIAN_POINT('',(-0.0651,-0.0635,0.021825));
#3761=CARTESIAN_POINT('',(-1.38777878078145E-17,-0.00678373955048839,0.021825));
#3762=CARTESIAN_POINT('',(-0.0635,-0.059398780669118,0.033425));
#3763=CARTESIAN_POINT('',(-0.070332419273215,-0.0662311999423331,0.033425));
#3764=CARTESIAN_POINT('',(-0.070332419273215,-0.0662311999423331,0.032025));
#3765=CARTESIAN_POINT('',(-0.0635,-0.059398780669118,0.032025));
#3766=CARTESIAN_POINT('',(-0.0635,-0.059398780669118,0.032025));
#3767=CARTESIAN_POINT('',(-0.0635,-0.059398780669118,0.033425));
#3768=CARTESIAN_POINT('',(-0.0635,-0.059398780669118,0.034825));
#3769=CARTESIAN_POINT('',(-0.0635,-0.059398780669118,0.034825));
#3770=CARTESIAN_POINT('',(-0.0644192388155425,-0.0603180194846606,0.034825));
#3771=CARTESIAN_POINT('',(-0.0644192388155425,-0.0603180194846606,0.035025));
#3772=CARTESIAN_POINT('',(-0.0644192388155425,-0.0603180194846606,0.035025));
#3773=CARTESIAN_POINT('',(-0.0635,-0.059398780669118,0.035025));
#3774=CARTESIAN_POINT('',(-0.0666819805153395,-0.0625807611844575,0.035025));
#3775=CARTESIAN_POINT('',(-0.0666819805153395,-0.0625807611844575,0.035025));
#3776=CARTESIAN_POINT('',(-0.061449390334559,-0.061449390334559,0.034825));
#3777=CARTESIAN_POINT('',(-0.059398780669118,-0.0635,0.034825));
#3778=CARTESIAN_POINT('',(-0.059398780669118,-0.0635,0.034825));
#3779=CARTESIAN_POINT('',(-0.0603180194846606,-0.0644192388155425,0.034825));
#3780=CARTESIAN_POINT('',(-0.0623686291501015,-0.0623686291501015,0.034825));
#3781=CARTESIAN_POINT('',(-0.061449390334559,-0.061449390334559,0.034825));
#3782=CARTESIAN_POINT('',(-0.059398780669118,-0.0635,0.033425));
#3783=CARTESIAN_POINT('',(-0.0662311999423331,-0.070332419273215,0.033425));
#3784=CARTESIAN_POINT('',(-0.066231199942333,-0.070332419273215,0.032025));
#3785=CARTESIAN_POINT('',(-0.0625807611844575,-0.0666819805153395,0.035025));
#3786=CARTESIAN_POINT('',(-0.0625807611844575,-0.0666819805153395,0.035025));
#3787=CARTESIAN_POINT('',(-0.059398780669118,-0.0635,0.035025));
#3788=CARTESIAN_POINT('',(-0.0603180194846606,-0.0644192388155425,0.035025));
#3789=CARTESIAN_POINT('',(-0.0603180194846606,-0.0644192388155425,0.035025));
#3790=CARTESIAN_POINT('',(-0.059398780669118,-0.0635,0.033425));
#3791=CARTESIAN_POINT('',(-0.059398780669118,-0.0635,0.032025));
#3792=CARTESIAN_POINT('',(-0.059398780669118,-0.0635,0.032025));
#3793=CARTESIAN_POINT('',(-0.061449390334559,-0.061449390334559,0.032025));
#3794=CARTESIAN_POINT('',(-0.068281809607774,-0.068281809607774,0.032025));
#3795=CARTESIAN_POINT('',(-0.061449390334559,-0.061449390334559,0.032025));
#3796=CARTESIAN_POINT('',(-0.061449390334559,-0.061449390334559,0.0184125));
#3797=CARTESIAN_POINT('',(0.068281809607774,-0.068281809607774,0.00835));
#3798=CARTESIAN_POINT('',(0.0716494056531749,-0.0649142135623731,0.036825));
#3799=CARTESIAN_POINT('',(0.0716494056531749,-0.0649142135623731,0.));
#3800=CARTESIAN_POINT('',(0.0716494056531749,-0.0649142135623731,0.0362911686245697));
#3801=CARTESIAN_POINT('',(0.068281809607774,-0.068281809607774,0.0362911686245697));
#3802=CARTESIAN_POINT('',(0.0649142135623731,-0.0716494056531749,0.0362911686245697));
#3803=CARTESIAN_POINT('',(0.0649142135623731,-0.0716494056531749,0.00835));
#3804=CARTESIAN_POINT('',(0.0649142135623731,-0.0716494056531749,0.));
#3805=CARTESIAN_POINT('',(0.068281809607774,-0.068281809607774,0.));
#3806=CARTESIAN_POINT('',(0.070332419273215,-0.0662311999423331,0.033425));
#3807=CARTESIAN_POINT('',(0.070332419273215,-0.0662311999423331,0.032025));
#3808=CARTESIAN_POINT('',(0.068281809607774,-0.068281809607774,0.032025));
#3809=CARTESIAN_POINT('',(0.066231199942333,-0.070332419273215,0.032025));
#3810=CARTESIAN_POINT('',(0.0662311999423331,-0.070332419273215,0.033425));
#3811=CARTESIAN_POINT('',(5.55111512312578E-17,-0.00635,0.036825));
#3812=CARTESIAN_POINT('',(-0.0426251797919691,-0.0708606333433081,0.036825));
#3813=CARTESIAN_POINT('',(-0.042210246483714,-0.0712386971131949,0.036825));
#3814=CARTESIAN_POINT('',(-0.0415801751769565,-0.0717439761969921,0.036825));
#3815=CARTESIAN_POINT('',(-0.0408413482764654,-0.072220857081075,0.036825));
#3816=CARTESIAN_POINT('',(-0.0404070276810987,-0.0724662513416395,0.036825));
#3817=CARTESIAN_POINT('',(-0.0401056467876591,-0.0726228121457694,0.036825));
#3818=CARTESIAN_POINT('',(-0.0397041536038249,-0.0728088758148255,0.036825));
#3819=CARTESIAN_POINT('',(-0.0392058435277159,-0.0730073877392144,0.036825));
#3820=CARTESIAN_POINT('',(-0.0383215607034886,-0.0732817052276442,0.036825));
#3821=CARTESIAN_POINT('',(-0.0375767202569464,-0.0733737752576838,0.036825));
#3822=CARTESIAN_POINT('',(-0.0370822005809383,-0.0733735491711719,0.036825));
#3823=CARTESIAN_POINT('',(-0.0426251797919691,-0.0708606333433081,0.036825));
#3824=CARTESIAN_POINT('',(-0.0370822005809384,-0.0733735491711719,0.036825));
#3825=CARTESIAN_POINT('',(4.62021806689362E-6,-0.0733710472771241,0.036825));
#3826=CARTESIAN_POINT('',(-0.0311999777673205,-0.0733731886236535,0.036825));
#3827=CARTESIAN_POINT('',(-0.0311999777673204,-0.0733731886236535,0.036825));
#3828=CARTESIAN_POINT('',(-0.0311234341085754,-0.0733721094007896,0.036825));
#3829=CARTESIAN_POINT('',(-0.0310194700007998,-0.0733317279093549,0.036825));
#3830=CARTESIAN_POINT('',(-0.0309062262782825,-0.073211247732081,0.036825));
#3831=CARTESIAN_POINT('',(-0.0308001064085559,-0.0730173097607875,0.036825));
#3832=CARTESIAN_POINT('',(-0.0307542603387007,-0.0728548964445601,0.036825));
#3833=CARTESIAN_POINT('',(-0.0307332307313408,-0.0726758424589598,0.036825));
#3834=CARTESIAN_POINT('',(-0.0307330396928418,-0.0725852401683134,0.036825));
#3835=CARTESIAN_POINT('',(-0.0307330396928418,-0.0725852401683134,0.036825));
#3836=CARTESIAN_POINT('',(-0.0307330396928418,-0.00635,0.036825));
#3837=CARTESIAN_POINT('',(-0.0307330396928418,0.0307830396928418,0.036825));
#3838=CARTESIAN_POINT('',(5.55111512312578E-17,0.0307830396928418,0.036825));
#3839=CARTESIAN_POINT('',(0.0307330396928419,0.0307830396928418,0.036825));
#3840=CARTESIAN_POINT('',(0.0307330396928418,-0.00635,0.036825));
#3841=CARTESIAN_POINT('',(0.0307330396928418,-0.072585240168335,0.036825));
#3842=CARTESIAN_POINT('',(0.0307330396928418,-0.072585240168335,0.036825));
#3843=CARTESIAN_POINT('',(0.0307334493747704,-0.0726747424172951,0.036825));
#3844=CARTESIAN_POINT('',(0.0307545017553034,-0.072852292956425,0.036825));
#3845=CARTESIAN_POINT('',(0.0308002225316135,-0.0730163286951289,0.036825));
#3846=CARTESIAN_POINT('',(0.0309045613669309,-0.0732104973937861,0.036825));
#3847=CARTESIAN_POINT('',(0.0310175754491589,-0.0733313637213672,0.036825));
#3848=CARTESIAN_POINT('',(0.0311223611655863,-0.0733719658616502,0.036825));
#3849=CARTESIAN_POINT('',(0.0311999777673205,-0.0733731886236535,0.036825));
#3850=CARTESIAN_POINT('',(0.0311999777673205,-0.0733731886236535,0.036825));
#3851=CARTESIAN_POINT('',(-4.620218066307E-6,-0.0733710472771244,0.036825));
#3852=CARTESIAN_POINT('',(0.0370822005809399,-0.0733735491711719,0.036825));
#3853=CARTESIAN_POINT('',(0.0370822005809398,-0.0733735491711719,0.036825));
#3854=CARTESIAN_POINT('',(0.0375745963187768,-0.0733738412737877,0.036825));
#3855=CARTESIAN_POINT('',(0.0383168203527334,-0.073282314134726,0.036825));
#3856=CARTESIAN_POINT('',(0.0391987521544621,-0.0730095861873385,0.036825));
#3857=CARTESIAN_POINT('',(0.0396962565280417,-0.0728120507329879,0.036825));
#3858=CARTESIAN_POINT('',(0.0400964866686974,-0.0726273173295413,0.036825));
#3859=CARTESIAN_POINT('',(0.0403997406261208,-0.0724703781160088,0.036825));
#3860=CARTESIAN_POINT('',(0.0408354037013501,-0.0722248449549311,0.036825));
#3861=CARTESIAN_POINT('',(0.0415769724269212,-0.0717469843251761,0.036825));
#3862=CARTESIAN_POINT('',(0.0422089994184393,-0.0712401313726455,0.036825));
#3863=CARTESIAN_POINT('',(0.0426251797919694,-0.0708606333433079,0.036825));
#3864=CARTESIAN_POINT('',(0.0426251797919694,-0.0708606333433079,0.036825));
#3865=CARTESIAN_POINT('',(0.0426251797919694,-0.0708606333433079,0.036825));
#3866=CARTESIAN_POINT('',(0.0448828590264976,-0.0687993195389188,0.036825));
#3867=CARTESIAN_POINT('',(0.0469414645503416,-0.0669027144115248,0.036825));
#3868=CARTESIAN_POINT('',(0.0488009963635014,-0.065170817961126,0.036825));
#3869=CARTESIAN_POINT('',(0.0488009963635014,-0.065170817961126,0.036825));
#3870=CARTESIAN_POINT('',(0.0488009704136109,-0.0651707900988106,0.036825));
#3871=CARTESIAN_POINT('',(0.0498602850418623,-0.0641761633972083,0.036825));
#3872=CARTESIAN_POINT('',(0.0528353115406471,-0.0631720345945946,0.036825));
#3873=CARTESIAN_POINT('',(0.0556495848188816,-0.0644558169328881,0.036825));
#3874=CARTESIAN_POINT('',(0.0566783717962702,-0.0654881589106741,0.036825));
#3875=CARTESIAN_POINT('',(0.0566783717962702,-0.0654881589106741,0.036825));
#3876=CARTESIAN_POINT('',(-0.00122989362632398,-0.00757989362632403,0.036825));
#3877=CARTESIAN_POINT('',(0.062462702419077,-0.0712724896717249,0.036825));
#3878=CARTESIAN_POINT('',(0.0635,-0.0702351920908018,0.036825));
#3879=CARTESIAN_POINT('',(0.0645372975809231,-0.0712724896717249,0.036825));
#3880=CARTESIAN_POINT('',(0.064729893626324,-0.0710798936263239,0.036825));
#3881=CARTESIAN_POINT('',(0.0712724896717249,-0.0645372975809231,0.036825));
#3882=CARTESIAN_POINT('',(0.0702351920908019,-0.0635,0.036825));
#3883=CARTESIAN_POINT('',(0.0712724896717249,-0.062462702419077,0.036825));
#3884=CARTESIAN_POINT('',(0.0540107249830936,-0.0452009377304457,0.036825));
#3885=CARTESIAN_POINT('',(0.0534550736812782,-0.0446452864286302,0.036825));
#3886=CARTESIAN_POINT('',(0.0534550736812783,-0.0446452864286303,0.036825));
#3887=CARTESIAN_POINT('',(0.0531028626461173,-0.0442930549566612,0.036825));
#3888=CARTESIAN_POINT('',(0.0524306806888739,-0.0435598388535016,0.036825));
#3889=CARTESIAN_POINT('',(0.0517101173956481,-0.0426298153967753,0.036825));
#3890=CARTESIAN_POINT('',(0.0511351502859267,-0.0417726114082295,0.036825));
#3891=CARTESIAN_POINT('',(0.0507572390004488,-0.0411419957799373,0.036825));
#3892=CARTESIAN_POINT('',(0.050476774836541,-0.0406157509267165,0.036825));
#3893=CARTESIAN_POINT('',(0.0502707140236663,-0.0401862070763835,0.036825));
#3894=CARTESIAN_POINT('',(0.0501363168042879,-0.0398870116816817,0.036825));
#3895=CARTESIAN_POINT('',(0.0499760088242905,-0.0394981599599948,0.036825));
#3896=CARTESIAN_POINT('',(0.0497988985550511,-0.0390189538374288,0.036825));
#3897=CARTESIAN_POINT('',(0.0496133039960455,-0.0384183662957124,0.036825));
#3898=CARTESIAN_POINT('',(0.0494845133534273,-0.0378437703500802,0.036825));
#3899=CARTESIAN_POINT('',(0.0494131321433083,-0.0373779781471019,0.036825));
#3900=CARTESIAN_POINT('',(0.0493780214679647,-0.0370726357316268,0.036825));
#3901=CARTESIAN_POINT('',(0.0493516918743208,-0.0366218443290144,0.036825));
#3902=CARTESIAN_POINT('',(0.049360486719874,-0.0361017312944812,0.036825));
#3903=CARTESIAN_POINT('',(0.0494704606608071,-0.0352276290968041,0.036825));
#3904=CARTESIAN_POINT('',(0.0497333048302716,-0.0345952516653079,0.036825));
#3905=CARTESIAN_POINT('',(0.0499827436758914,-0.034219493073673,0.036825));
#3906=CARTESIAN_POINT('',(0.0499827436758913,-0.034219493073673,0.036825));
#3907=CARTESIAN_POINT('',(0.0499827436758914,-0.034219493073673,0.036825));
#3908=CARTESIAN_POINT('',(0.0516673475814188,-0.0316867306688462,0.036825));
#3909=CARTESIAN_POINT('',(0.0538925959396073,-0.0277402902631457,0.036825));
#3910=CARTESIAN_POINT('',(0.0562533871086927,-0.02219386501778,0.036825));
#3911=CARTESIAN_POINT('',(0.057726660447845,-0.0178716159465626,0.036825));
#3912=CARTESIAN_POINT('',(0.0588794806163172,-0.0134676478780611,0.036825));
#3913=CARTESIAN_POINT('',(0.0597003698483588,-0.00902100680857479,0.036825));
#3914=CARTESIAN_POINT('',(0.0601925484060884,-0.00452881690262751,0.036825));
#3915=CARTESIAN_POINT('',(0.0604086345403466,0.00155822495977667,0.036825));
#3916=CARTESIAN_POINT('',(0.0598594394875218,0.00906713988228222,0.036825));
#3917=CARTESIAN_POINT('',(0.0582241211160376,0.0164062277165414,0.036825));
#3918=CARTESIAN_POINT('',(0.0562585373944601,0.0221824953948133,0.036825));
#3919=CARTESIAN_POINT('',(0.0538974504209749,0.0277313221804516,0.036825));
#3920=CARTESIAN_POINT('',(0.0516696801299909,0.0316832260310579,0.036825));
#3921=CARTESIAN_POINT('',(0.0499827436758897,0.0342194930736754,0.036825));
#3922=CARTESIAN_POINT('',(0.0499827436758897,0.0342194930736754,0.036825));
#3923=CARTESIAN_POINT('',(0.0499827436758897,0.0342194930736754,0.036825));
#3924=CARTESIAN_POINT('',(0.0497335031147462,0.0345943765473959,0.036825));
#3925=CARTESIAN_POINT('',(0.0494708587548813,0.0352266703302772,0.036825));
#3926=CARTESIAN_POINT('',(0.0493609470531545,0.0361030460114572,0.036825));
#3927=CARTESIAN_POINT('',(0.0493521390003405,0.036624883887174,0.036825));
#3928=CARTESIAN_POINT('',(0.0493784341701467,0.0370778740645925,0.036825));
#3929=CARTESIAN_POINT('',(0.0494134864437969,0.0373834883031673,0.036825));
#3930=CARTESIAN_POINT('',(0.0494851098656251,0.0378504496507813,0.036825));
#3931=CARTESIAN_POINT('',(0.0496146372249858,0.0384264645661202,0.036825));
#3932=CARTESIAN_POINT('',(0.0498016072037376,0.0390288230430165,0.036825));
#3933=CARTESIAN_POINT('',(0.0499801574496558,0.0395095875761944,0.036825));
#3934=CARTESIAN_POINT('',(0.0501418080350463,0.0398996862472025,0.036825));
#3935=CARTESIAN_POINT('',(0.0502774373927291,0.0402002213999092,0.036825));
#3936=CARTESIAN_POINT('',(0.0504848286078679,0.0406309501360057,0.036825));
#3937=CARTESIAN_POINT('',(0.0507667579822732,0.0411583322966203,0.036825));
#3938=CARTESIAN_POINT('',(0.051144464805416,0.0417873178623332,0.036825));
#3939=CARTESIAN_POINT('',(0.051579145281044,0.0424337238527909,0.036825));
#3940=CARTESIAN_POINT('',(0.051997384089556,0.0429986034727309,0.036825));
#3941=CARTESIAN_POINT('',(0.0526080338444557,0.0437550227913671,0.036825));
#3942=CARTESIAN_POINT('',(0.0531045726065826,0.0442945041190669,0.036825));
#3943=CARTESIAN_POINT('',(0.0534550736812618,0.0446452864286138,0.036825));
#3944=CARTESIAN_POINT('',(0.0534550736812618,0.0446452864286138,0.036825));
#3945=CARTESIAN_POINT('',(0.00122989362632405,-0.00757989362632399,0.036825));
#3946=CARTESIAN_POINT('',(0.0595875501126172,0.0507777628599693,0.036825));
#3947=CARTESIAN_POINT('',(0.0585502525316942,0.0518150604408923,0.036825));
#3948=CARTESIAN_POINT('',(0.0595875501126172,0.0528523580218154,0.036825));
#3949=CARTESIAN_POINT('',(0.0593949540672163,0.0530449540672163,0.036825));
#3950=CARTESIAN_POINT('',(0.0528523580218154,0.0595875501126172,0.036825));
#3951=CARTESIAN_POINT('',(0.0518150604408923,0.0585502525316942,0.036825));
#3952=CARTESIAN_POINT('',(0.0507777628599693,0.0595875501126172,0.036825));
#3953=CARTESIAN_POINT('',(0.0452009377304457,0.0540107249830936,0.036825));
#3954=CARTESIAN_POINT('',(0.0446452864286245,0.0534550736812725,0.036825));
#3955=CARTESIAN_POINT('',(0.0446452864286246,0.0534550736812725,0.036825));
#3956=CARTESIAN_POINT('',(0.0442930549566642,0.0531028626461206,0.036825));
#3957=CARTESIAN_POINT('',(0.0435598388535207,0.052430680688892,0.036825));
#3958=CARTESIAN_POINT('',(0.0426298153967584,0.0517101173956375,0.036825));
#3959=CARTESIAN_POINT('',(0.0417726114082453,0.0511351502859345,0.036825));
#3960=CARTESIAN_POINT('',(0.0411419957799566,0.0507572390004583,0.036825));
#3961=CARTESIAN_POINT('',(0.0406157509267321,0.0504767748365489,0.036825));
#3962=CARTESIAN_POINT('',(0.040186207076392,0.0502707140236706,0.036825));
#3963=CARTESIAN_POINT('',(0.0398870116816783,0.0501363168042866,0.036825));
#3964=CARTESIAN_POINT('',(0.0394981599599927,0.0499760088242888,0.036825));
#3965=CARTESIAN_POINT('',(0.0390189538374247,0.0497988985550479,0.036825));
#3966=CARTESIAN_POINT('',(0.0384183662957086,0.0496133039960419,0.036825));
#3967=CARTESIAN_POINT('',(0.037843770350078,0.0494845133534244,0.036825));
#3968=CARTESIAN_POINT('',(0.0373779781471014,0.0494131321433069,0.036825));
#3969=CARTESIAN_POINT('',(0.0370726357316302,0.0493780214679649,0.036825));
#3970=CARTESIAN_POINT('',(0.0366218443290143,0.0493516918743225,0.036825));
#3971=CARTESIAN_POINT('',(0.0361017312944801,0.0493604867198769,0.036825));
#3972=CARTESIAN_POINT('',(0.0352276290968019,0.0494704606608104,0.036825));
#3973=CARTESIAN_POINT('',(0.0345952516653089,0.0497333048302718,0.036825));
#3974=CARTESIAN_POINT('',(0.0342194930736777,0.0499827436758882,0.036825));
#3975=CARTESIAN_POINT('',(0.0342194930736776,0.0499827436758882,0.036825));
#3976=CARTESIAN_POINT('',(0.0342194930736777,0.0499827436758882,0.036825));
#3977=CARTESIAN_POINT('',(0.031686730395063,0.0516673477641267,0.036825));
#3978=CARTESIAN_POINT('',(0.0277402926003231,0.0538925954114797,0.036825));
#3979=CARTESIAN_POINT('',(0.0221938646016559,0.0562533873603903,0.036825));
#3980=CARTESIAN_POINT('',(0.0178716349039056,0.0577266547533938,0.036825));
#3981=CARTESIAN_POINT('',(0.0134676094243769,0.0588794920239824,0.036825));
#3982=CARTESIAN_POINT('',(0.00902096660480967,0.0597003833816039,0.036825));
#3983=CARTESIAN_POINT('',(0.00452877759275698,0.0601925596301888,0.036825));
#3984=CARTESIAN_POINT('',(-0.00155815338923005,0.0604086312493601,0.036825));
#3985=CARTESIAN_POINT('',(-0.00906738772716929,0.0598594116796798,0.036825));
#3986=CARTESIAN_POINT('',(-0.0164061651412096,0.0582241540809905,0.036825));
#3987=CARTESIAN_POINT('',(-0.0221825360810724,0.0562585156514526,0.036825));
#3988=CARTESIAN_POINT('',(-0.0277313664670091,0.0538974191597282,0.036825));
#3989=CARTESIAN_POINT('',(-0.0316832548532048,0.0516696604852301,0.036825));
#3990=CARTESIAN_POINT('',(-0.0342194930736755,0.0499827436758897,0.036825));
#3991=CARTESIAN_POINT('',(-0.0342194930736754,0.0499827436758897,0.036825));
#3992=CARTESIAN_POINT('',(-0.0342194930736754,0.0499827436758897,0.036825));
#3993=CARTESIAN_POINT('',(-0.0345943765473918,0.049733503114749,0.036825));
#3994=CARTESIAN_POINT('',(-0.0352266703302699,0.049470858754886,0.036825));
#3995=CARTESIAN_POINT('',(-0.036103046011452,0.0493609470531581,0.036825));
#3996=CARTESIAN_POINT('',(-0.036624883887171,0.0493521390003423,0.036825));
#3997=CARTESIAN_POINT('',(-0.0370778740645932,0.0493784341701466,0.036825));
#3998=CARTESIAN_POINT('',(-0.0373834883031676,0.0494134864437953,0.036825));
#3999=CARTESIAN_POINT('',(-0.0378504496507823,0.049485109865622,0.036825));
#4000=CARTESIAN_POINT('',(-0.0384264645661215,0.049614637224982,0.036825));
#4001=CARTESIAN_POINT('',(-0.0390288230430171,0.0498016072037343,0.036825));
#4002=CARTESIAN_POINT('',(-0.0395095875761955,0.0499801574496544,0.036825));
#4003=CARTESIAN_POINT('',(-0.0398996862472002,0.0501418080350453,0.036825));
#4004=CARTESIAN_POINT('',(-0.0402002213999175,0.0502774373927342,0.036825));
#4005=CARTESIAN_POINT('',(-0.0406309501360199,0.050484828607877,0.036825));
#4006=CARTESIAN_POINT('',(-0.041158332296638,0.0507667579822844,0.036825));
#4007=CARTESIAN_POINT('',(-0.0417873178623487,0.0511444648054259,0.036825));
#4008=CARTESIAN_POINT('',(-0.0424337238527859,0.0515791452810405,0.036825));
#4009=CARTESIAN_POINT('',(-0.0429986034727353,0.0519973840895599,0.036825));
#4010=CARTESIAN_POINT('',(-0.0437550227913705,0.0526080338444593,0.036825));
#4011=CARTESIAN_POINT('',(-0.0442945041190693,0.053104572606585,0.036825));
#4012=CARTESIAN_POINT('',(-0.0446452864286138,0.0534550736812618,0.036825));
#4013=CARTESIAN_POINT('',(-0.0446452864286138,0.0534550736812618,0.036825));
#4014=CARTESIAN_POINT('',(0.00757989362632402,0.00122989362632397,0.036825));
#4015=CARTESIAN_POINT('',(-0.0507777628599693,0.0595875501126172,0.036825));
#4016=CARTESIAN_POINT('',(-0.0518150604408923,0.0585502525316942,0.036825));
#4017=CARTESIAN_POINT('',(-0.0528523580218154,0.0595875501126172,0.036825));
#4018=CARTESIAN_POINT('',(-0.0593949540672163,0.0530449540672163,0.036825));
#4019=CARTESIAN_POINT('',(-0.0595875501126172,0.0528523580218154,0.036825));
#4020=CARTESIAN_POINT('',(-0.0585502525316942,0.0518150604408923,0.036825));
#4021=CARTESIAN_POINT('',(-0.0595875501126172,0.0507777628599693,0.036825));
#4022=CARTESIAN_POINT('',(-0.0540107249830936,0.0452009377304457,0.036825));
#4023=CARTESIAN_POINT('',(-0.0534550736812738,0.0446452864286258,0.036825));
#4024=CARTESIAN_POINT('',(-0.0534550736812737,0.0446452864286258,0.036825));
#4025=CARTESIAN_POINT('',(-0.0531028626461353,0.0442930549566791,0.036825));
#4026=CARTESIAN_POINT('',(-0.0524306806889265,0.0435598388535577,0.036825));
#4027=CARTESIAN_POINT('',(-0.0517101173956297,0.042629815396744,0.036825));
#4028=CARTESIAN_POINT('',(-0.0511351502859409,0.0417726114082622,0.036825));
#4029=CARTESIAN_POINT('',(-0.0507572390004646,0.0411419957799752,0.036825));
#4030=CARTESIAN_POINT('',(-0.0504767748365541,0.040615750926747,0.036825));
#4031=CARTESIAN_POINT('',(-0.0502707140236728,0.0401862070763986,0.036825));
#4032=CARTESIAN_POINT('',(-0.0501363168042858,0.0398870116816765,0.036825));
#4033=CARTESIAN_POINT('',(-0.0499760088242839,0.0394981599599793,0.036825));
#4034=CARTESIAN_POINT('',(-0.0497988985550396,0.0390189538374018,0.036825));
#4035=CARTESIAN_POINT('',(-0.0496133039960319,0.0384183662956799,0.036825));
#4036=CARTESIAN_POINT('',(-0.0494845133534165,0.0378437703500548,0.036825));
#4037=CARTESIAN_POINT('',(-0.0494131321433025,0.0373779781470853,0.036825));
#4038=CARTESIAN_POINT('',(-0.0493780214679648,0.0370726357316301,0.036825));
#4039=CARTESIAN_POINT('',(-0.0493516918743258,0.0366218443290031,0.036825));
#4040=CARTESIAN_POINT('',(-0.0493604867198836,0.036101731294466,0.036825));
#4041=CARTESIAN_POINT('',(-0.0494704606608202,0.0352276290967829,0.036825));
#4042=CARTESIAN_POINT('',(-0.0497333048302793,0.0345952516652959,0.036825));
#4043=CARTESIAN_POINT('',(-0.0499827436758919,0.034219493073672,0.036825));
#4044=CARTESIAN_POINT('',(-0.049982743675892,0.034219493073672,0.036825));
#4045=CARTESIAN_POINT('',(-0.0499827436758919,0.034219493073672,0.036825));
#4046=CARTESIAN_POINT('',(-0.0516673250023094,0.031686763906785,0.036825));
#4047=CARTESIAN_POINT('',(-0.0538925609360124,0.0277403379249696,0.036825));
#4048=CARTESIAN_POINT('',(-0.056253361214615,0.0221939121984798,0.036825));
#4049=CARTESIAN_POINT('',(-0.0577266886493764,0.017871550603776,0.036825));
#4050=CARTESIAN_POINT('',(-0.0588794724740403,0.0134677670737766,0.036825));
#4051=CARTESIAN_POINT('',(-0.0597003600731619,0.00902113652189009,0.036825));
#4052=CARTESIAN_POINT('',(-0.0601925374932453,0.00452893096450219,0.036825));
#4053=CARTESIAN_POINT('',(-0.0604086383872092,-0.00155832709128591,0.036825));
#4054=CARTESIAN_POINT('',(-0.0598594607201017,-0.00906704487360021,0.036825));
#4055=CARTESIAN_POINT('',(-0.0582241135219733,-0.0164062586060983,0.036825));
#4056=CARTESIAN_POINT('',(-0.0562585330551034,-0.0221825045868205,0.036825));
#4057=CARTESIAN_POINT('',(-0.0538974461726966,-0.0277313307293171,0.036825));
#4058=CARTESIAN_POINT('',(-0.0516696782149633,-0.0316832289091975,0.036825));
#4059=CARTESIAN_POINT('',(-0.0499827436758896,-0.0342194930736755,0.036825));
#4060=CARTESIAN_POINT('',(-0.0499827436758897,-0.0342194930736754,0.036825));
#4061=CARTESIAN_POINT('',(-0.0499827436758896,-0.0342194930736755,0.036825));
#4062=CARTESIAN_POINT('',(-0.0497335031147462,-0.0345943765473958,0.036825));
#4063=CARTESIAN_POINT('',(-0.0494708587548812,-0.0352266703302773,0.036825));
#4064=CARTESIAN_POINT('',(-0.0493609470531545,-0.0361030460114568,0.036825));
#4065=CARTESIAN_POINT('',(-0.0493521390003404,-0.0366248838871745,0.036825));
#4066=CARTESIAN_POINT('',(-0.0493784341701464,-0.0370778740645904,0.036825));
#4067=CARTESIAN_POINT('',(-0.0494134864437975,-0.0373834883031754,0.036825));
#4068=CARTESIAN_POINT('',(-0.0494851098656262,-0.0378504496507951,0.036825));
#4069=CARTESIAN_POINT('',(-0.0496146372249873,-0.0384264645661382,0.036825));
#4070=CARTESIAN_POINT('',(-0.0498016072037386,-0.0390288230430302,0.036825));
#4071=CARTESIAN_POINT('',(-0.0499801574496567,-0.0395095875762028,0.036825));
#4072=CARTESIAN_POINT('',(-0.050141808035045,-0.0398996862471993,0.036825));
#4073=CARTESIAN_POINT('',(-0.0502774373927332,-0.0402002213999137,0.036825));
#4074=CARTESIAN_POINT('',(-0.050484828607875,-0.0406309501360122,0.036825));
#4075=CARTESIAN_POINT('',(-0.0507667579822822,-0.0411583322966291,0.036825));
#4076=CARTESIAN_POINT('',(-0.051144464805423,-0.04178731786234,0.036825));
#4077=CARTESIAN_POINT('',(-0.0515791452810441,-0.0424337238527911,0.036825));
#4078=CARTESIAN_POINT('',(-0.0519973840895487,-0.0429986034727236,0.036825));
#4079=CARTESIAN_POINT('',(-0.0526080338444458,-0.0437550227913572,0.036825));
#4080=CARTESIAN_POINT('',(-0.0531045726065769,-0.0442945041190612,0.036825));
#4081=CARTESIAN_POINT('',(-0.0534550736812617,-0.0446452864286139,0.036825));
#4082=CARTESIAN_POINT('',(-0.0534550736812618,-0.0446452864286138,0.036825));
#4083=CARTESIAN_POINT('',(-0.00757989362632397,0.00122989362632402,0.036825));
#4084=CARTESIAN_POINT('',(-0.0712724896717249,-0.062462702419077,0.036825));
#4085=CARTESIAN_POINT('',(-0.0702351920908018,-0.0635,0.036825));
#4086=CARTESIAN_POINT('',(-0.0712724896717249,-0.0645372975809231,0.036825));
#4087=CARTESIAN_POINT('',(-0.064729893626324,-0.071079893626324,0.036825));
#4088=CARTESIAN_POINT('',(-0.064537297580923,-0.0712724896717249,0.036825));
#4089=CARTESIAN_POINT('',(-0.0635,-0.0702351920908019,0.036825));
#4090=CARTESIAN_POINT('',(-0.062462702419077,-0.0712724896717249,0.036825));
#4091=CARTESIAN_POINT('',(-0.0567910611045129,-0.0656008483571609,0.036825));
#4092=CARTESIAN_POINT('',(-0.0566784116923902,-0.0654881989450382,0.036825));
#4093=CARTESIAN_POINT('',(-0.05667841169239,-0.0654881989450384,0.036825));
#4094=CARTESIAN_POINT('',(-0.0556473300219955,-0.0644528557647249,0.036825));
#4095=CARTESIAN_POINT('',(-0.0528328755188771,-0.0631701572662577,0.036825));
#4096=CARTESIAN_POINT('',(-0.049852826489192,-0.0641821267929345,0.036825));
#4097=CARTESIAN_POINT('',(-0.0488010979924334,-0.0651706702083213,0.036825));
#4098=CARTESIAN_POINT('',(-0.0488011112987209,-0.0651706843651115,0.036825));
#4099=CARTESIAN_POINT('',(-0.0488011246050084,-0.0651706985219016,0.036825));
#4100=CARTESIAN_POINT('',(-0.0469415572874685,-0.0669026289564715,0.036825));
#4101=CARTESIAN_POINT('',(-0.0448829090164554,-0.0687992738969403,0.036825));
#4102=CARTESIAN_POINT('',(-0.0426251797919691,-0.0708606333433081,0.036825));
#4103=CARTESIAN_POINT('',(-0.040036380784452,-0.0496,0.00835));
#4104=CARTESIAN_POINT('',(-0.040036380784452,-0.0496,0.0178835432200993));
#4105=CARTESIAN_POINT('',(-0.0400192166438597,-0.0615835011149438,0.0269602792918679));
#4106=CARTESIAN_POINT('',(-0.0400015612979045,-0.0739099474524583,0.0360239424037683));
#4107=CARTESIAN_POINT('',(-0.03336365065371,-0.0496,0.00835));
#4108=CARTESIAN_POINT('',(-0.03336365065371,-0.0496,0.0178837760894919));
#4109=CARTESIAN_POINT('',(-0.032201321505853,-0.0615835011149438,0.0269604057229891));
#4110=CARTESIAN_POINT('',(-0.0310057286878476,-0.0739099474524583,0.036023952686272));
#4111=CARTESIAN_POINT('',(-0.026690920522968,-0.0496,0.00835));
#4112=CARTESIAN_POINT('',(-0.026690920522968,-0.0496,0.0179062920461344));
#4113=CARTESIAN_POINT('',(-0.0243834263678463,-0.0615835011149438,0.026972630247692));
#4114=CARTESIAN_POINT('',(-0.0220098960777908,-0.0739099474524583,0.0360249468933901));
#4115=CARTESIAN_POINT('',(-0.0200181903922259,-0.0496,0.00835));
#4116=CARTESIAN_POINT('',(-0.0200181903922259,-0.0496,0.0179060605597608));
#4117=CARTESIAN_POINT('',(-0.0165655312298397,-0.0615835011149438,0.0269725045674495));
#4118=CARTESIAN_POINT('',(-0.0130140634677339,-0.0739099474524583,0.0360249366719545));
#4119=CARTESIAN_POINT('',(-0.0199776887440147,-0.0496,0.00835));
#4120=CARTESIAN_POINT('',(-0.0199776887440147,-0.0496,0.0179060591547018));
#4121=CARTESIAN_POINT('',(-0.0165180787430123,-0.0615835011149438,0.0269725038046048));
#4122=CARTESIAN_POINT('',(-0.0129594612223859,-0.0739099474524583,0.0360249366099132));
#4123=CARTESIAN_POINT('',(-0.0199371870958035,-0.0496,0.00835));
#4124=CARTESIAN_POINT('',(-0.0199371870958035,-0.0496,0.0179060577496428));
#4125=CARTESIAN_POINT('',(-0.0164706262561849,-0.0615835011149438,0.02697250304176));
#4126=CARTESIAN_POINT('',(-0.012904858977038,-0.0739099474524583,0.0360249365478718));
#4127=CARTESIAN_POINT('',(-0.0198966854475923,-0.0496,0.00835));
#4128=CARTESIAN_POINT('',(-0.0198966854475923,-0.0496,0.0179060563445837));
#4129=CARTESIAN_POINT('',(-0.0164231737693575,-0.0615835011149438,0.0269725022789153));
#4130=CARTESIAN_POINT('',(-0.01285025673169,-0.0739099474524583,0.0360249364858305));
#4131=CARTESIAN_POINT('',(-0.0311995780478443,-0.0640730714805784,0.028547273734601));
#4132=CARTESIAN_POINT('',(-0.0311996941026859,-0.0672059858388575,0.0310794746767239));
#4133=CARTESIAN_POINT('',(-0.0311998323629555,-0.0704440540357236,0.033475600214816));
#4134=CARTESIAN_POINT('',(-0.0311999523865397,-0.0736889175060789,0.0358616961683602));
#4135=CARTESIAN_POINT('',(-0.0311995780478443,-0.0640730714805784,0.0285472737346009));
#4136=CARTESIAN_POINT('',(-0.0311999523865398,-0.0736889175060789,0.0358616961683602));
#4137=CARTESIAN_POINT('',(-0.0370821794800289,-0.0736894115320504,0.035861784965699));
#4138=CARTESIAN_POINT('',(-0.0351214371132902,-0.0736892801296262,0.0358617734826555));
#4139=CARTESIAN_POINT('',(-0.0331606947465516,-0.0736891487272021,0.035861761999612));
#4140=CARTESIAN_POINT('',(-0.0311999523798129,-0.0736890173247779,0.0358617505165685));
#4141=CARTESIAN_POINT('',(-0.037082179477551,-0.0736894338019243,0.0358618107120987));
#4142=CARTESIAN_POINT('',(-0.037082179477551,-0.0736894338019243,0.0358618107120987));
#4143=CARTESIAN_POINT('',(-0.0375123680431004,-0.0716587163061203,0.0343681017455046));
#4144=CARTESIAN_POINT('',(-0.0384993071275338,-0.0676241993255345,0.0313835974275068));
#4145=CARTESIAN_POINT('',(-0.0395152995192348,-0.0636910267201806,0.0282714463938968));
#4146=CARTESIAN_POINT('',(-0.0400189315252183,-0.0617825607662986,0.0266457478417797));
#4147=CARTESIAN_POINT('',(-0.0400189315278714,-0.0617825607616877,0.026645747837852));
#4148=CARTESIAN_POINT('',(-0.0400189315277552,-0.0617825607655738,0.0266457478411623));
#4149=CARTESIAN_POINT('',(-0.0396331970502078,-0.0603494758211147,0.0254250066286873));
#4150=CARTESIAN_POINT('',(-0.0387311334213493,-0.0575677273800854,0.0229193305715878));
#4151=CARTESIAN_POINT('',(-0.0371258326737193,-0.0537968527576385,0.0188372928112613));
#4152=CARTESIAN_POINT('',(-0.0360323043371276,-0.0506272648470872,0.0140710269927347));
#4153=CARTESIAN_POINT('',(-0.0358942451607209,-0.0496,0.0102854883021696));
#4154=CARTESIAN_POINT('',(-0.0358942451607209,-0.0496,0.00835));
#4155=CARTESIAN_POINT('',(-0.035894245160721,-0.0496,0.00835));
#4156=CARTESIAN_POINT('',(2.77555756156289E-17,-0.0496,0.00835));
#4157=CARTESIAN_POINT('',(-0.0200181903922259,-0.0496,0.00835));
#4158=CARTESIAN_POINT('',(-0.0200181903922259,-0.0496,0.00835));
#4159=CARTESIAN_POINT('',(-0.020013784367515,-0.0496,0.00943445612694887));
#4160=CARTESIAN_POINT('',(-0.0199912846512008,-0.0499147175396176,0.0115945847876942));
#4161=CARTESIAN_POINT('',(-0.019879421544828,-0.0511326895395966,0.0146243637288622));
#4162=CARTESIAN_POINT('',(-0.0197409942617333,-0.052797081062691,0.0173467102911853));
#4163=CARTESIAN_POINT('',(-0.0195306157595616,-0.0553947098970498,0.0206751901738329));
#4164=CARTESIAN_POINT('',(-0.0191782687813387,-0.059162476555145,0.0244599060300643));
#4165=CARTESIAN_POINT('',(-0.0188490811425191,-0.0624082460961397,0.0272083802849888));
#4166=CARTESIAN_POINT('',(-0.0187128264054137,-0.0640652983466933,0.0285471357599739));
#4167=CARTESIAN_POINT('',(-0.0187128264054137,-0.0640652983466933,0.0285471357599739));
#4168=CARTESIAN_POINT('',(-0.0187128264054137,-0.0640652983466933,0.0285471357599739));
#4169=CARTESIAN_POINT('',(-0.0228750777905439,-0.0640664996732533,0.0285471321228205));
#4170=CARTESIAN_POINT('',(-0.0270373276520614,-0.0640701974502393,0.0285472089901706));
#4171=CARTESIAN_POINT('',(-0.0311995780478443,-0.0640730714805784,0.0285472737346009));
#4172=CARTESIAN_POINT('',(-0.0200181903922259,-0.0496,0.00835));
#4173=CARTESIAN_POINT('',(-0.0200181903922259,-0.0496,0.0120390977361118));
#4174=CARTESIAN_POINT('',(-0.0195036301302726,-0.0513859375,0.0156552264331606));
#4175=CARTESIAN_POINT('',(-0.0181100294208155,-0.0562228515625,0.0216060981792183));
#4176=CARTESIAN_POINT('',(-0.0174096557309345,-0.0586537109375,0.023966177700124));
#4177=CARTESIAN_POINT('',(-0.0164269885640096,-0.06206435546875,0.0269010752181179));
#4178=CARTESIAN_POINT('',(-0.016225095127896,-0.062765087890625,0.0274872946275597));
#4179=CARTESIAN_POINT('',(-0.015942205358295,-0.0637469426611017,0.0282900480857034));
#4180=CARTESIAN_POINT('',(-0.0158650613776397,-0.0640146942504462,0.0285071284309327));
#4181=CARTESIAN_POINT('',(-0.0157873486453087,-0.0642844198650333,0.0287241281223177));
#4182=CARTESIAN_POINT('',(-0.0183500078595404,-0.0496,0.00835));
#4183=CARTESIAN_POINT('',(-0.0183500078595404,-0.0496,0.0120392977346691));
#4184=CARTESIAN_POINT('',(-0.0179527416819165,-0.0512690270891341,0.0156555139310868));
#4185=CARTESIAN_POINT('',(-0.0168768124508517,-0.0557893087888723,0.0216064143227713));
#4186=CARTESIAN_POINT('',(-0.0163360890424191,-0.0580610401046382,0.023966474052153));
#4187=CARTESIAN_POINT('',(-0.0155774209948734,-0.0612484182262485,0.026901323393411));
#4188=CARTESIAN_POINT('',(-0.015421549196014,-0.0619032795494157,0.0274875319956392));
#4189=CARTESIAN_POINT('',(-0.0152031441893163,-0.0628208604891301,0.0282902692999447));
#4190=CARTESIAN_POINT('',(-0.0151435851899383,-0.0630710846183478,0.028507345140796));
#4191=CARTESIAN_POINT('',(-0.0150835870859093,-0.0633231535498637,0.0287243402034559));
#4192=CARTESIAN_POINT('',(-0.016681825326855,-0.0496,0.00835));
#4193=CARTESIAN_POINT('',(-0.016681825326855,-0.0496,0.0121839765634308));
#4194=CARTESIAN_POINT('',(-0.0163786116471791,-0.0511127185220715,0.0158326999577409));
#4195=CARTESIAN_POINT('',(-0.0155574079313904,-0.0553459081517545,0.0217492883259079));
#4196=CARTESIAN_POINT('',(-0.0151447004229428,-0.0574957562331177,0.0240720265806979));
#4197=CARTESIAN_POINT('',(-0.0145656465207841,-0.0604991417644611,0.0269510555047035));
#4198=CARTESIAN_POINT('',(-0.0144466772645224,-0.0611156246877028,0.0275256365008542));
#4199=CARTESIAN_POINT('',(-0.01427997949494,-0.0619780287602102,0.0283121684418234));
#4200=CARTESIAN_POINT('',(-0.0142345210482451,-0.0622130650105129,0.0285248425263899));
#4201=CARTESIAN_POINT('',(-0.0141887274546273,-0.0624496493801451,0.0287374836628564));
#4202=CARTESIAN_POINT('',(-0.013345460261484,-0.0496,0.00835));
#4203=CARTESIAN_POINT('',(-0.013345460261484,-0.0496,0.0126115945715341));
#4204=CARTESIAN_POINT('',(-0.0131873715258241,-0.0507782763013537,0.0163550314753164));
#4205=CARTESIAN_POINT('',(-0.0127592145334119,-0.0545144158138107,0.0221677644596505));
#4206=CARTESIAN_POINT('',(-0.0125440381987638,-0.0564816611514948,0.0243791734525682));
#4207=CARTESIAN_POINT('',(-0.0122421326271911,-0.059189895003213,0.0270922872426079));
#4208=CARTESIAN_POINT('',(-0.0121801047552134,-0.0597440088145013,0.0276323322523551));
#4209=CARTESIAN_POINT('',(-0.0120931923188788,-0.0605148172617517,0.0283707665223447));
#4210=CARTESIAN_POINT('',(-0.0120694913157752,-0.060724451927809,0.0285703798953589));
#4211=CARTESIAN_POINT('',(-0.0120456155746672,-0.060934893311029,0.0287701078011735));
#4212=CARTESIAN_POINT('',(-0.0116772777287985,-0.0496,0.00835));
#4213=CARTESIAN_POINT('',(-0.0116772777287985,-0.0496,0.0128953516388046));
#4214=CARTESIAN_POINT('',(-0.0115702966391651,-0.0506002487027451,0.0167013526801357));
#4215=CARTESIAN_POINT('',(-0.0112805561880746,-0.0541267174004491,0.0224446594495606));
#4216=CARTESIAN_POINT('',(-0.0111349430382959,-0.0560333875815589,0.0245819797183717));
#4217=CARTESIAN_POINT('',(-0.0109306388740654,-0.0586306648795979,0.0271848017744233));
#4218=CARTESIAN_POINT('',(-0.010888663654869,-0.0591608295907343,0.0277018942080774));
#4219=CARTESIAN_POINT('',(-0.0108298486665464,-0.0598952775858123,0.0284083701098008));
#4220=CARTESIAN_POINT('',(-0.0108138098316044,-0.0600947144465399,0.0285993061070328));
#4221=CARTESIAN_POINT('',(-0.0107976527487555,-0.0602945134224562,0.0287904557793603));
#4222=CARTESIAN_POINT('',(-0.00834091266342749,-0.0496,0.00835));
#4223=CARTESIAN_POINT('',(-0.00834091266342749,-0.0496,0.0134624166633932));
#4224=CARTESIAN_POINT('',(-0.00830321325813284,-0.0502769970311568,0.017393349494218));
#4225=CARTESIAN_POINT('',(-0.00820111070212651,-0.0534729669812663,0.0229977395081799));
#4226=CARTESIAN_POINT('',(-0.00814979762269768,-0.0553031360924446,0.0249869267719503));
#4227=CARTESIAN_POINT('',(-0.00807780223064194,-0.057741145904986,0.0273692735440636));
#4228=CARTESIAN_POINT('',(-0.0080630104500923,-0.0582362832435828,0.0278404850938429));
#4229=CARTESIAN_POINT('',(-0.00804228444992002,-0.0589160447269681,0.028483080533543));
#4230=CARTESIAN_POINT('',(-0.00803663247403341,-0.0591000039521185,0.0286566718940885));
#4231=CARTESIAN_POINT('',(-0.00803093882839202,-0.0592834723467703,0.0288306754935493));
#4232=CARTESIAN_POINT('',(-0.00667273013074199,-0.0496,0.00835));
#4233=CARTESIAN_POINT('',(-0.00667273013074199,-0.0496,0.0137460184330769));
#4234=CARTESIAN_POINT('',(-0.00665326980480227,-0.0501318379992198,0.0177394474587562));
#4235=CARTESIAN_POINT('',(-0.0066005647553822,-0.0532071561693117,0.023274389014665));
#4236=CARTESIAN_POINT('',(-0.00657407708951979,-0.0550214878952187,0.0251895029223192));
#4237=CARTESIAN_POINT('',(-0.00653691327262103,-0.0574113109862661,0.0274615953693682));
#4238=CARTESIAN_POINT('',(-0.00652927779751274,-0.0578953955720509,0.027909862734786));
#4239=CARTESIAN_POINT('',(-0.00651857909508953,-0.0585568667535267,0.0285205123495709));
#4240=CARTESIAN_POINT('',(-0.00651566156118954,-0.0587355558995225,0.0286854298319545));
#4241=CARTESIAN_POINT('',(-0.00651272251748047,-0.0589133459431973,0.0288508587921033));
#4242=CARTESIAN_POINT('',(-0.00333636506537101,-0.0496,0.00835));
#4243=CARTESIAN_POINT('',(-0.00333636506537101,-0.0496,0.0141719813836727));
#4244=CARTESIAN_POINT('',(-0.00333550957782356,-0.0499239158841257,0.0182593998311647));
#4245=CARTESIAN_POINT('',(-0.00333319263238256,-0.0528448425563891,0.0236902489507328));
#4246=CARTESIAN_POINT('',(-0.00333202821877632,-0.0546487794601603,0.0254941973782474));
#4247=CARTESIAN_POINT('',(-0.00333039447519612,-0.0569850691288499,0.0276007733705478));
#4248=CARTESIAN_POINT('',(-0.00333005881515146,-0.0574564261719018,0.028014594183008));
#4249=CARTESIAN_POINT('',(-0.00332958849380508,-0.0580958586802915,0.0285772798054333));
#4250=CARTESIAN_POINT('',(-0.00332946023727287,-0.0582681144082655,0.0287291738515567));
#4251=CARTESIAN_POINT('',(-0.00332933103515661,-0.058438869476445,0.0288817278853615));
#4252=CARTESIAN_POINT('',(-0.00166818253268551,-0.0496,0.00835));
#4253=CARTESIAN_POINT('',(-0.00166818253268551,-0.0496,0.0143141949367612));
#4254=CARTESIAN_POINT('',(-0.00166777778439295,-0.0498611880009273,0.0184330420240385));
#4255=CARTESIAN_POINT('',(-0.00166668159110059,-0.0527484702886011,0.0238292260207091));
#4256=CARTESIAN_POINT('',(-0.00166613068370238,-0.0545578976665626,0.0255960969332037));
#4257=CARTESIAN_POINT('',(-0.00166535772689366,-0.0568889078565316,0.0276474463572093));
#4258=CARTESIAN_POINT('',(-0.00166519891940387,-0.0573586039207574,0.0280497727783584));
#4259=CARTESIAN_POINT('',(-0.00166497640095522,-0.0579943074098501,0.0285964521572052));
#4260=CARTESIAN_POINT('',(-0.00166491572022108,-0.0581654050762103,0.0287439999701118));
#4261=CARTESIAN_POINT('',(-0.0016648545921122,-0.0583348088360319,0.0288922571335522));
#4262=CARTESIAN_POINT('',(0.00166818253268548,-0.0496,0.00835));
#4263=CARTESIAN_POINT('',(0.00166818253268548,-0.0496,0.0143142084861199));
#4264=CARTESIAN_POINT('',(0.00166777778439292,-0.0498611880009273,0.0184330615012416));
#4265=CARTESIAN_POINT('',(0.00166668159110056,-0.0527484702886011,0.0238292474385757));
#4266=CARTESIAN_POINT('',(0.00166613068370235,-0.0545578976665626,0.0255961170102482));
#4267=CARTESIAN_POINT('',(0.00166535772689364,-0.0568889078565316,0.027647463170411));
#4268=CARTESIAN_POINT('',(0.00166519891940384,-0.0573586039207574,0.0280497888594007));
#4269=CARTESIAN_POINT('',(0.00166497640095519,-0.0579943074098501,0.0285964671438689));
#4270=CARTESIAN_POINT('',(0.00166491572022105,-0.0581654050762103,0.0287440146516161));
#4271=CARTESIAN_POINT('',(0.00166485459211217,-0.0583348088360319,0.028892271501473));
#4272=CARTESIAN_POINT('',(0.00333636506537099,-0.0496,0.00835));
#4273=CARTESIAN_POINT('',(0.00333636506537099,-0.0496,0.0141719813836727));
#4274=CARTESIAN_POINT('',(0.00333550957782355,-0.0499239158841257,0.0182593998311647));
#4275=CARTESIAN_POINT('',(0.00333319263238255,-0.0528448425563891,0.0236902489507328));
#4276=CARTESIAN_POINT('',(0.00333202821877629,-0.0546487794601603,0.0254941973782473));
#4277=CARTESIAN_POINT('',(0.0033303944751961,-0.0569850691288499,0.0276007733705478));
#4278=CARTESIAN_POINT('',(0.00333005881515144,-0.0574564261719018,0.028014594183008));
#4279=CARTESIAN_POINT('',(0.00332958849380506,-0.0580958586802915,0.0285772798054333));
#4280=CARTESIAN_POINT('',(0.00332946023727285,-0.0582681144082655,0.0287291738515567));
#4281=CARTESIAN_POINT('',(0.00332933103515659,-0.058438869476445,0.0288817278853615));
#4282=CARTESIAN_POINT('',(0.006672730130742,-0.0496,0.00835));
#4283=CARTESIAN_POINT('',(0.006672730130742,-0.0496,0.0137460184330769));
#4284=CARTESIAN_POINT('',(0.00665326980480228,-0.0501318379992198,0.0177394474587563));
#4285=CARTESIAN_POINT('',(0.00660056475538221,-0.0532071561693117,0.023274389014665));
#4286=CARTESIAN_POINT('',(0.00657407708951981,-0.0550214878952187,0.0251895029223192));
#4287=CARTESIAN_POINT('',(0.00653691327262104,-0.0574113109862661,0.0274615953693682));
#4288=CARTESIAN_POINT('',(0.00652927779751275,-0.0578953955720509,0.027909862734786));
#4289=CARTESIAN_POINT('',(0.00651857909508954,-0.0585568667535267,0.0285205123495709));
#4290=CARTESIAN_POINT('',(0.00651566156118955,-0.0587355558995225,0.0286854298319545));
#4291=CARTESIAN_POINT('',(0.00651272251748048,-0.0589133459431973,0.0288508587921033));
#4292=CARTESIAN_POINT('',(0.00834091266342748,-0.0496,0.00835));
#4293=CARTESIAN_POINT('',(0.00834091266342748,-0.0496,0.0134624166633932));
#4294=CARTESIAN_POINT('',(0.00830321325813283,-0.0502769970311568,0.017393349494218));
#4295=CARTESIAN_POINT('',(0.0082011107021265,-0.0534729669812663,0.0229977395081799));
#4296=CARTESIAN_POINT('',(0.00814979762269768,-0.0553031360924446,0.0249869267719503));
#4297=CARTESIAN_POINT('',(0.00807780223064193,-0.0577411459049859,0.0273692735440636));
#4298=CARTESIAN_POINT('',(0.0080630104500923,-0.0582362832435828,0.0278404850938429));
#4299=CARTESIAN_POINT('',(0.00804228444992002,-0.0589160447269681,0.028483080533543));
#4300=CARTESIAN_POINT('',(0.00803663247403341,-0.0591000039521185,0.0286566718940885));
#4301=CARTESIAN_POINT('',(0.00803093882839202,-0.0592834723467703,0.0288306754935493));
#4302=CARTESIAN_POINT('',(0.0116772777287985,-0.0496,0.00835));
#4303=CARTESIAN_POINT('',(0.0116772777287985,-0.0496,0.0128953516388046));
#4304=CARTESIAN_POINT('',(0.0115702966391651,-0.0506002487027451,0.0167013526801357));
#4305=CARTESIAN_POINT('',(0.0112805561880746,-0.0541267174004491,0.0224446594495606));
#4306=CARTESIAN_POINT('',(0.0111349430382958,-0.0560333875815589,0.0245819797183717));
#4307=CARTESIAN_POINT('',(0.0109306388740654,-0.0586306648795978,0.0271848017744233));
#4308=CARTESIAN_POINT('',(0.010888663654869,-0.0591608295907343,0.0277018942080774));
#4309=CARTESIAN_POINT('',(0.0108298486665464,-0.0598952775858123,0.0284083701098008));
#4310=CARTESIAN_POINT('',(0.0108138098316045,-0.0600947144465399,0.0285993061070328));
#4311=CARTESIAN_POINT('',(0.0107976527487555,-0.0602945134224562,0.0287904557793603));
#4312=CARTESIAN_POINT('',(0.013345460261484,-0.0496,0.00835));
#4313=CARTESIAN_POINT('',(0.013345460261484,-0.0496,0.0126115945715341));
#4314=CARTESIAN_POINT('',(0.0131873715258241,-0.0507782763013537,0.0163550314753164));
#4315=CARTESIAN_POINT('',(0.0127592145334119,-0.0545144158138107,0.0221677644596505));
#4316=CARTESIAN_POINT('',(0.0125440381987638,-0.0564816611514949,0.0243791734525682));
#4317=CARTESIAN_POINT('',(0.0122421326271911,-0.059189895003213,0.0270922872426079));
#4318=CARTESIAN_POINT('',(0.0121801047552134,-0.0597440088145013,0.0276323322523551));
#4319=CARTESIAN_POINT('',(0.0120931923188789,-0.0605148172617517,0.0283707665223446));
#4320=CARTESIAN_POINT('',(0.0120694913157752,-0.060724451927809,0.0285703798953589));
#4321=CARTESIAN_POINT('',(0.0120456155746672,-0.060934893311029,0.0287701078011735));
#4322=CARTESIAN_POINT('',(0.016681825326855,-0.0496,0.00835));
#4323=CARTESIAN_POINT('',(0.016681825326855,-0.0496,0.0121839765634308));
#4324=CARTESIAN_POINT('',(0.0163786116471791,-0.0511127185220715,0.0158326999577409));
#4325=CARTESIAN_POINT('',(0.0155574079313904,-0.0553459081517545,0.0217492883259079));
#4326=CARTESIAN_POINT('',(0.0151447004229428,-0.0574957562331177,0.0240720265806979));
#4327=CARTESIAN_POINT('',(0.0145656465207841,-0.0604991417644611,0.0269510555047035));
#4328=CARTESIAN_POINT('',(0.0144466772645224,-0.0611156246877028,0.0275256365008542));
#4329=CARTESIAN_POINT('',(0.01427997949494,-0.0619780287602102,0.0283121684418234));
#4330=CARTESIAN_POINT('',(0.0142345210482451,-0.0622130650105129,0.0285248425263899));
#4331=CARTESIAN_POINT('',(0.0141887274546273,-0.0624496493801451,0.0287374836628564));
#4332=CARTESIAN_POINT('',(0.0183500078595404,-0.0496,0.00835));
#4333=CARTESIAN_POINT('',(0.0183500078595404,-0.0496,0.0120392977346691));
#4334=CARTESIAN_POINT('',(0.0179527416819165,-0.0512690270891341,0.0156555139310868));
#4335=CARTESIAN_POINT('',(0.0168768124508516,-0.0557893087888723,0.0216064143227713));
#4336=CARTESIAN_POINT('',(0.0163360890424191,-0.0580610401046382,0.023966474052153));
#4337=CARTESIAN_POINT('',(0.0155774209948734,-0.0612484182262485,0.026901323393411));
#4338=CARTESIAN_POINT('',(0.015421549196014,-0.0619032795494157,0.0274875319956392));
#4339=CARTESIAN_POINT('',(0.0152031441893163,-0.0628208604891301,0.0282902692999447));
#4340=CARTESIAN_POINT('',(0.0151435851899383,-0.0630710846183478,0.028507345140796));
#4341=CARTESIAN_POINT('',(0.0150835870859093,-0.0633231535498637,0.0287243402034559));
#4342=CARTESIAN_POINT('',(0.0200181903922259,-0.0496,0.00835));
#4343=CARTESIAN_POINT('',(0.0200181903922259,-0.0496,0.0120390977361118));
#4344=CARTESIAN_POINT('',(0.0195036301302726,-0.0513859375,0.0156552264331606));
#4345=CARTESIAN_POINT('',(0.0181100294208154,-0.0562228515625,0.0216060981792183));
#4346=CARTESIAN_POINT('',(0.0174096557309345,-0.0586537109375,0.023966177700124));
#4347=CARTESIAN_POINT('',(0.0164269885640096,-0.06206435546875,0.0269010752181179));
#4348=CARTESIAN_POINT('',(0.016225095127896,-0.062765087890625,0.0274872946275597));
#4349=CARTESIAN_POINT('',(0.015942205358295,-0.0637469426611017,0.0282900480857034));
#4350=CARTESIAN_POINT('',(0.0158650613776397,-0.0640146942504462,0.0285071284309327));
#4351=CARTESIAN_POINT('',(0.0157873486453087,-0.0642844198650333,0.0287241281223177));
#4352=CARTESIAN_POINT('',(0.0200181903922259,-0.0496,0.00835));
#4353=CARTESIAN_POINT('',(0.0200067012482305,-0.0496,0.00888264209466386));
#4354=CARTESIAN_POINT('',(0.0199871364179558,-0.0496751662414254,0.00994736741831607));
#4355=CARTESIAN_POINT('',(0.0197702527410712,-0.0500981982918428,0.0120262986120376));
#4356=CARTESIAN_POINT('',(0.0192796104628243,-0.0510507431585292,0.0144737553297973));
#4357=CARTESIAN_POINT('',(0.0184182948716813,-0.0525473701192557,0.0171114007774285));
#4358=CARTESIAN_POINT('',(0.0171035556004586,-0.0547827431850156,0.0203894685591451));
#4359=CARTESIAN_POINT('',(0.0155900747204776,-0.0579965948195731,0.0242725880060988));
#4360=CARTESIAN_POINT('',(0.014596638821337,-0.0608635561727016,0.0271835268222592));
#4361=CARTESIAN_POINT('',(0.0141025212878991,-0.0623124504162329,0.0286235382479687));
#4362=CARTESIAN_POINT('',(0.0200181903922259,-0.0496,0.00835));
#4363=CARTESIAN_POINT('',(0.014102521287899,-0.0623124504162328,0.0286235382479687));
#4364=CARTESIAN_POINT('',(0.0141025212878989,-0.0623124504162327,0.0286235382479687));
#4365=CARTESIAN_POINT('',(0.0121795500600174,-0.0606498946855005,0.0286321556488498));
#4366=CARTESIAN_POINT('',(0.00867132984920064,-0.0590704692476937,0.028614949136163));
#4367=CARTESIAN_POINT('',(0.00376799430510214,-0.0581120035583917,0.0285776833089075));
#4368=CARTESIAN_POINT('',(-1.97925693975258E-5,-0.0578853699253476,0.0285625204956529));
#4369=CARTESIAN_POINT('',(-0.00373168968054815,-0.0581098566424916,0.0285775785447673));
#4370=CARTESIAN_POINT('',(-0.00743216564938642,-0.0588244085611069,0.0286053635567893));
#4371=CARTESIAN_POINT('',(-0.0109905185790441,-0.0601210137449418,0.0286268599602018));
#4372=CARTESIAN_POINT('',(-0.013141256710465,-0.0614813636538362,0.0286278459578795));
#4373=CARTESIAN_POINT('',(-0.0141025212878958,-0.0623124504162301,0.0286235382479687));
#4374=CARTESIAN_POINT('',(-0.0141025212878989,-0.0623124504162327,0.0286235382479688));
#4375=CARTESIAN_POINT('',(-0.0141025212878991,-0.0623124504162329,0.0286235382479686));
#4376=CARTESIAN_POINT('',(-0.0145971959573835,-0.0608619224901139,0.0271819031553817));
#4377=CARTESIAN_POINT('',(-0.0155917187216982,-0.057991757366994,0.0242676787890944));
#4378=CARTESIAN_POINT('',(-0.0171076166615702,-0.0547750786955672,0.0203795298183401));
#4379=CARTESIAN_POINT('',(-0.0184236948234918,-0.052538350699565,0.0170975948608811));
#4380=CARTESIAN_POINT('',(-0.0192848144092602,-0.0510412092774402,0.0144537232995693));
#4381=CARTESIAN_POINT('',(-0.0197739006276579,-0.0500911349512624,0.0120067059158479));
#4382=CARTESIAN_POINT('',(-0.0199891198777349,-0.0496707998899038,0.00991413833599759));
#4383=CARTESIAN_POINT('',(-0.0200070028369522,-0.0496,0.00886866030083818));
#4384=CARTESIAN_POINT('',(-0.0200181903922259,-0.0496,0.00835));
#4385=CARTESIAN_POINT('',(2.77555756156289E-17,-0.0496,0.00835));
#4386=CARTESIAN_POINT('',(0.0198966854475911,-0.0496,0.00835));
#4387=CARTESIAN_POINT('',(0.0198966854475911,-0.0496,0.0179062800027076));
#4388=CARTESIAN_POINT('',(0.0164230111733712,-0.0615840620657471,0.0269729266763724));
#4389=CARTESIAN_POINT('',(0.0128500058606974,-0.0739108129491307,0.036025572098568));
#4390=CARTESIAN_POINT('',(0.0199371870958027,-0.0496,0.00835));
#4391=CARTESIAN_POINT('',(0.0199371870958027,-0.0496,0.0179062814077995));
#4392=CARTESIAN_POINT('',(0.0164704639855697,-0.0615840620657471,0.026972927439187));
#4393=CARTESIAN_POINT('',(0.0129046086080635,-0.0739108129491307,0.0360255721605601));
#4394=CARTESIAN_POINT('',(0.0199776887440143,-0.0496,0.00835));
#4395=CARTESIAN_POINT('',(0.0199776887440143,-0.0496,0.0179062828128914));
#4396=CARTESIAN_POINT('',(0.0165179167977681,-0.0615840620657471,0.0269729282020017));
#4397=CARTESIAN_POINT('',(0.0129592113554296,-0.0739108129491307,0.0360255722225522));
#4398=CARTESIAN_POINT('',(0.0200181903922259,-0.0496,0.00835));
#4399=CARTESIAN_POINT('',(0.0200181903922259,-0.0496,0.0179062842179833));
#4400=CARTESIAN_POINT('',(0.0165653696099665,-0.0615840620657471,0.0269729289648164));
#4401=CARTESIAN_POINT('',(0.0130138141027956,-0.0739108129491307,0.0360255722845443));
#4402=CARTESIAN_POINT('',(0.026690920522968,-0.0496,0.00835));
#4403=CARTESIAN_POINT('',(0.026690920522968,-0.0496,0.0179065157097747));
#4404=CARTESIAN_POINT('',(0.024383318353445,-0.0615840620657471,0.026973054640106));
#4405=CARTESIAN_POINT('',(0.0220097294212775,-0.0739108129491307,0.036025582497873));
#4406=CARTESIAN_POINT('',(0.03336365065371,-0.0496,0.00835));
#4407=CARTESIAN_POINT('',(0.03336365065371,-0.0496,0.0178839992261496));
#4408=CARTESIAN_POINT('',(0.0322012670969234,-0.0615840620657471,0.02696083059716));
#4409=CARTESIAN_POINT('',(0.0310056447397593,-0.0739108129491307,0.0360245890792884));
#4410=CARTESIAN_POINT('',(0.0400363807844519,-0.0496,0.00835));
#4411=CARTESIAN_POINT('',(0.0400363807844519,-0.0496,0.0178837663513067));
#4412=CARTESIAN_POINT('',(0.0400192158404018,-0.0615840620657471,0.0269607041710213));
#4413=CARTESIAN_POINT('',(0.0400015600582412,-0.0739108129491307,0.0360245788049401));
#4414=CARTESIAN_POINT('',(0.0400189315252185,-0.0617825607662982,0.0266457478417794));
#4415=CARTESIAN_POINT('',(0.0395151545817874,-0.0636915759519075,0.0282719142488362));
#4416=CARTESIAN_POINT('',(0.0384992509334254,-0.0676244174195628,0.0313837500079823));
#4417=CARTESIAN_POINT('',(0.0375121974213697,-0.0716594301083239,0.034368629246668));
#4418=CARTESIAN_POINT('',(0.0370819972943692,-0.0736902938222769,0.0358624433057791));
#4419=CARTESIAN_POINT('',(0.0400189315278714,-0.0617825607616875,0.0266457478378518));
#4420=CARTESIAN_POINT('',(0.0370819972943693,-0.0736902938222769,0.0358624433057791));
#4421=CARTESIAN_POINT('',(0.0311999523806178,-0.073689017324778,0.0358617505165685));
#4422=CARTESIAN_POINT('',(0.0331606340450966,-0.0736891487234622,0.0358617619982558));
#4423=CARTESIAN_POINT('',(0.0351213157095755,-0.0736892801221464,0.035861773479943));
#4424=CARTESIAN_POINT('',(0.0370819973740543,-0.0736894115208306,0.0358617849616302));
#4425=CARTESIAN_POINT('',(0.0311999523868287,-0.0736889253187732,0.0358617019133902));
#4426=CARTESIAN_POINT('',(0.0311999523868287,-0.0736889253187732,0.0358617019133902));
#4427=CARTESIAN_POINT('',(0.0311998323631722,-0.0704440592272875,0.0334756040677391));
#4428=CARTESIAN_POINT('',(0.031199694102779,-0.0672059883532419,0.0310794767089934));
#4429=CARTESIAN_POINT('',(0.0311995780478443,-0.0640730714805784,0.0285472737346009));
#4430=CARTESIAN_POINT('',(0.0311995780478443,-0.0640730714805784,0.0285472737346009));
#4431=CARTESIAN_POINT('',(0.0311995780478443,-0.0640730714805784,0.0285472737346009));
#4432=CARTESIAN_POINT('',(0.0270373276601235,-0.0640701974502449,0.0285472089901707));
#4433=CARTESIAN_POINT('',(0.02287507767048,-0.0640664996732187,0.0285471321228206));
#4434=CARTESIAN_POINT('',(0.0187128264054137,-0.0640652983466933,0.0285471357599739));
#4435=CARTESIAN_POINT('',(0.0187128264054137,-0.0640652983466933,0.0285471357599739));
#4436=CARTESIAN_POINT('',(0.0187128264054137,-0.0640652983466933,0.0285471357599739));
#4437=CARTESIAN_POINT('',(0.0188491996011717,-0.0624068054697,0.0272072163829255));
#4438=CARTESIAN_POINT('',(0.0191787229824376,-0.0591581836154881,0.0244561969533568));
#4439=CARTESIAN_POINT('',(0.0195312051669784,-0.0553879167935927,0.0206680138633454));
#4440=CARTESIAN_POINT('',(0.0197415526692601,-0.052790120471803,0.0173367238900224));
#4441=CARTESIAN_POINT('',(0.0198797896028642,-0.0511285824588393,0.0146161084455862));
#4442=CARTESIAN_POINT('',(0.0199918263844871,-0.0499083094058306,0.0115781494970646));
#4443=CARTESIAN_POINT('',(0.0200138731936296,-0.0496,0.00941259332894645));
#4444=CARTESIAN_POINT('',(0.020018190392226,-0.0496,0.00835));
#4445=CARTESIAN_POINT('',(2.77555756156289E-17,-0.0496,0.00835));
#4446=CARTESIAN_POINT('',(0.035894245160721,-0.0496,0.00835));
#4447=CARTESIAN_POINT('',(0.0358942451607209,-0.0496,0.00835));
#4448=CARTESIAN_POINT('',(0.0358942465541326,-0.0496000013934117,0.00930902472501418));
#4449=CARTESIAN_POINT('',(0.0359156363493865,-0.0498477562573816,0.0112325608033959));
#4450=CARTESIAN_POINT('',(0.0362217641510226,-0.0511593139292297,0.014861593318891));
#4451=CARTESIAN_POINT('',(0.0371222205825347,-0.0537926731476298,0.0188342146580504));
#4452=CARTESIAN_POINT('',(0.0387293118175509,-0.0575610494165711,0.0229125914004594));
#4453=CARTESIAN_POINT('',(0.0396339194710774,-0.0603521597585177,0.0254272928804634));
#4454=CARTESIAN_POINT('',(0.0400189315277553,-0.0617825607655737,0.0266457478411622));
#4455=CARTESIAN_POINT('',(0.0137929582373719,-0.063215214378692,0.0295208193470363));
#4456=CARTESIAN_POINT('',(0.0160761893498217,-0.0641284915554742,0.0285988811103362));
#4457=CARTESIAN_POINT('',(0.0186979788368521,-0.0642479689578827,0.0286944565401807));
#4458=CARTESIAN_POINT('',(0.0141342702522569,-0.0622295208785645,0.028538792705995));
#4459=CARTESIAN_POINT('',(0.0163171835485533,-0.0630741627698164,0.0277481413755963));
#4460=CARTESIAN_POINT('',(0.0187824185216425,-0.0631964997485576,0.0278479545953329));
#4461=CARTESIAN_POINT('',(0.0147697966334738,-0.0603317355280957,0.0266630770107874));
#4462=CARTESIAN_POINT('',(0.016771841963956,-0.0610465922063851,0.0260604351495754));
#4463=CARTESIAN_POINT('',(0.0189771954944393,-0.061150101697997,0.0261496058851679));
#4464=CARTESIAN_POINT('',(0.0157627932119675,-0.0577068748600333,0.0238685924001623));
#4465=CARTESIAN_POINT('',(0.0174549216036608,-0.0582204640808769,0.0234993360654347));
#4466=CARTESIAN_POINT('',(0.0192584920464288,-0.0582926926731453,0.0235686593876687));
#4467=CARTESIAN_POINT('',(0.0168194471265401,-0.05536517274834,0.0210890528417884));
#4468=CARTESIAN_POINT('',(0.0181362486410034,-0.0556757450607025,0.0209074377924524));
#4469=CARTESIAN_POINT('',(0.0195000429506867,-0.0557138188810458,0.0209501442963681));
#4470=CARTESIAN_POINT('',(0.0179263113731716,-0.0533695930126124,0.0183719214824836));
#4471=CARTESIAN_POINT('',(0.0187988105666864,-0.0535058996578767,0.0183188145388257));
#4472=CARTESIAN_POINT('',(0.019682967145221,-0.0535215200110607,0.0183404776313283));
#4473=CARTESIAN_POINT('',(0.0187373578024363,-0.0520005096833173,0.0161808102857432));
#4474=CARTESIAN_POINT('',(0.0192681788716774,-0.052054248655807,0.0161689969038965));
#4475=CARTESIAN_POINT('',(0.0198016729399625,-0.0520619707645611,0.0161819824994639));
#4476=CARTESIAN_POINT('',(0.0192357372831111,-0.0511107341844212,0.0144634782338621));
#4477=CARTESIAN_POINT('',(0.019558054390024,-0.0511319473653071,0.0144624904674805));
#4478=CARTESIAN_POINT('',(0.0198809768432227,-0.0511352415424464,0.0144694197442202));
#4479=CARTESIAN_POINT('',(0.0195356059713314,-0.0505543774680966,0.0131846125709998));
#4480=CARTESIAN_POINT('',(0.0197333064213837,-0.0505623985951427,0.0131858936493291));
#4481=CARTESIAN_POINT('',(0.0199311387728309,-0.0505637157630839,0.013189416514052));
#4482=CARTESIAN_POINT('',(0.0197204076907851,-0.0501973795116067,0.0121488712264018));
#4483=CARTESIAN_POINT('',(0.0198420012828973,-0.0502005623807686,0.0121499103021948));
#4484=CARTESIAN_POINT('',(0.0199636271603603,-0.0502011015691154,0.0121516990799938));
#4485=CARTESIAN_POINT('',(0.0198342029832276,-0.0499727195196558,0.0113286446050884));
#4486=CARTESIAN_POINT('',(0.0199091569335153,-0.0499739666642543,0.0113293042656117));
#4487=CARTESIAN_POINT('',(0.0199841185235674,-0.0499741819726823,0.0113301977968207));
#4488=CARTESIAN_POINT('',(0.0199026919235381,-0.0498355722499613,0.010719631611661));
#4489=CARTESIAN_POINT('',(0.0199496691477759,-0.0498360521426083,0.0107200070466362));
#4490=CARTESIAN_POINT('',(0.0199966481719983,-0.0498361357637592,0.0107204509830333));
#4491=CARTESIAN_POINT('',(0.0199550026271035,-0.0497295678031743,0.0101172768940039));
#4492=CARTESIAN_POINT('',(0.0199806646526751,-0.0497297008748182,0.0101174407002281));
#4493=CARTESIAN_POINT('',(0.0200063269337907,-0.0497297242687042,0.0101176164684268));
#4494=CARTESIAN_POINT('',(0.0199857637572362,-0.0496667388986682,0.00961842459668662));
#4495=CARTESIAN_POINT('',(0.0199989357530922,-0.0496667749781997,0.00961848740034999));
#4496=CARTESIAN_POINT('',(0.0200121077843917,-0.049666781310553,0.00961855281717842));
#4497=CARTESIAN_POINT('',(0.0200026875645432,-0.0496318458528317,0.00922315983137505));
#4498=CARTESIAN_POINT('',(0.0200089594785422,-0.0496318537353125,0.00922318074244926));
#4499=CARTESIAN_POINT('',(0.0200152313994011,-0.0496318552234932,0.00922320198898975));
#4500=CARTESIAN_POINT('',(0.0200104353968138,-0.0496162606561125,0.00897454626046171));
#4501=CARTESIAN_POINT('',(0.0200136347793134,-0.049616263059896,0.00897455461717046));
#4502=CARTESIAN_POINT('',(0.0200168341524655,-0.0496162632214008,0.00897456306576757));
#4503=CARTESIAN_POINT('',(0.0200141657729295,-0.0496078261057184,0.00878169886907527));
#4504=CARTESIAN_POINT('',(0.0200157051151337,-0.0496078261191705,0.00878170046921355));
#4505=CARTESIAN_POINT('',(0.0200172444745355,-0.0496078265936745,0.00878170205584946));
#4506=CARTESIAN_POINT('',(0.0200162595773389,-0.0496033089750663,0.00863759577649152));
#4507=CARTESIAN_POINT('',(0.0200169102606893,-0.049603309133069,0.00863759558242793));
#4508=CARTESIAN_POINT('',(0.0200175608780815,-0.0496033090128233,0.00863759536491158));
#4509=CARTESIAN_POINT('',(0.0200174088674287,-0.0496010527021038,0.00851765450421369));
#4510=CARTESIAN_POINT('',(0.0200176157325857,-0.0496010524528913,0.00851765419523422));
#4511=CARTESIAN_POINT('',(0.0200178227923029,-0.0496010527005031,0.00851765396834608));
#4512=CARTESIAN_POINT('',(0.0200179031301911,-0.0496002631418131,0.00843379969920178));
#4513=CARTESIAN_POINT('',(0.0200179549947212,-0.0496002634772708,0.00843379966240234));
#4514=CARTESIAN_POINT('',(0.0200180065886779,-0.0496002631410348,0.00843379951166498));
#4515=CARTESIAN_POINT('',(0.0200180968294742,-0.0496000375893883,0.00838590623049638));
#4516=CARTESIAN_POINT('',(0.0200181039809912,-0.0496000370011467,0.00838590611375233));
#4517=CARTESIAN_POINT('',(0.0200181116072105,-0.0496000375893567,0.00838590619585701));
#4518=CARTESIAN_POINT('',(0.0200181641293014,-0.0496,0.00836196749155771));
#4519=CARTESIAN_POINT('',(0.0200181646550369,-0.0496000013026411,0.00836196771116744));
#4520=CARTESIAN_POINT('',(0.0200181641293014,-0.0496,0.00836196749155771));
#4521=CARTESIAN_POINT('',(0.0200181903922259,-0.0496,0.00835));
#4522=CARTESIAN_POINT('',(0.0200181903922259,-0.0496,0.00835));
#4523=CARTESIAN_POINT('',(0.0200181903922259,-0.0496,0.00835));
#4524=CARTESIAN_POINT('',(0.0187128264054137,-0.0640652983466933,0.0285471357599739));
#4525=CARTESIAN_POINT('',(0.0170202476225531,-0.0640565037217646,0.0285404267809855));
#4526=CARTESIAN_POINT('',(0.0154092968712322,-0.0633810689987815,0.0285707884605447));
#4527=CARTESIAN_POINT('',(0.0141025212878989,-0.0623124504162327,0.0286235382479687));
#4528=CARTESIAN_POINT('',(-0.0186997917815835,-0.0642254281910652,0.0286763058286506));
#4529=CARTESIAN_POINT('',(-0.0160813739857294,-0.0641058048823953,0.0285805711561952));
#4530=CARTESIAN_POINT('',(-0.0138002722175129,-0.0631940849988318,0.0294997709136404));
#4531=CARTESIAN_POINT('',(-0.0187843817117198,-0.0631753049608035,0.0278305229500933));
#4532=CARTESIAN_POINT('',(-0.0163219223223115,-0.0630530256510765,0.0277307067656433));
#4533=CARTESIAN_POINT('',(-0.0141408814750526,-0.0622097769593376,0.0285193415136272));
#4534=CARTESIAN_POINT('',(-0.0189790052859427,-0.0611315925033394,0.0261335830693093));
#4535=CARTESIAN_POINT('',(-0.0167761193517164,-0.061028247638978,0.0260445036381978));
#4536=CARTESIAN_POINT('',(-0.0147758740575155,-0.0603146693175942,0.0266455721151337));
#4537=CARTESIAN_POINT('',(-0.0192599137958374,-0.0582781047168465,0.0235546736309826));
#4538=CARTESIAN_POINT('',(-0.017458582606522,-0.0582060525866097,0.0234854730833997));
#4539=CARTESIAN_POINT('',(-0.0157682809955093,-0.0576935663160644,0.0238536325971238));
#4540=CARTESIAN_POINT('',(-0.0195009694547354,-0.0557032363631072,0.0209384618228586));
#4541=CARTESIAN_POINT('',(-0.0181392740009639,-0.0556652839361556,0.0208958593289215));
#4542=CARTESIAN_POINT('',(-0.0168243490114476,-0.0553555919503704,0.0210767726816978));
#4543=CARTESIAN_POINT('',(-0.0196835206117762,-0.0535145728385849,0.0183311773124091));
#4544=CARTESIAN_POINT('',(-0.0188010431624224,-0.0534989968249281,0.0183095593803972));
#4545=CARTESIAN_POINT('',(-0.0179301548957255,-0.0533631750765826,0.018362377882157));
#4546=CARTESIAN_POINT('',(-0.0198020434842787,-0.0520575570350966,0.0161747011619997));
#4547=CARTESIAN_POINT('',(-0.0192695769053778,-0.0520498590862032,0.0161617451273076));
#4548=CARTESIAN_POINT('',(-0.0187397681522642,-0.0519963123722556,0.0161734791842733));
#4549=CARTESIAN_POINT('',(-0.0198812202546195,-0.0511324389984338,0.0144636768487677));
#4550=CARTESIAN_POINT('',(-0.0195589217669371,-0.0511291560609157,0.0144567651930714));
#4551=CARTESIAN_POINT('',(-0.0192372250962104,-0.0511080208985182,0.014457734199708));
#4552=CARTESIAN_POINT('',(-0.0199312948824787,-0.0505619625404963,0.0131849152835074));
#4553=CARTESIAN_POINT('',(-0.0197338363272272,-0.0505606499421842,0.0131814015791214));
#4554=CARTESIAN_POINT('',(-0.01953650894273,-0.0505526579814716,0.0131801197013536));
#4555=CARTESIAN_POINT('',(-0.0199637251147846,-0.0502000131312639,0.0121482003023062));
#4556=CARTESIAN_POINT('',(-0.0198423252502977,-0.050199475855052,0.0121464162936744));
#4557=CARTESIAN_POINT('',(-0.0197209574904371,-0.0501963045428994,0.0121453785892373));
#4558=CARTESIAN_POINT('',(-0.0199841800985743,-0.0499735022153298,0.0113274556478072));
#4559=CARTESIAN_POINT('',(-0.0199093570596472,-0.0499732876781146,0.0113265645267546));
#4560=CARTESIAN_POINT('',(-0.0198345416184223,-0.0499720450671943,0.0113259062223404));
#4561=CARTESIAN_POINT('',(-0.0199966869376646,-0.0498357096130803,0.0107182893865378));
#4562=CARTESIAN_POINT('',(-0.0199497936437121,-0.0498356262901783,0.0107178466441279));
#4563=CARTESIAN_POINT('',(-0.0199029021402119,-0.0498351481290872,0.0107174720955631));
#4564=CARTESIAN_POINT('',(-0.0200063483031512,-0.0497294896952946,0.0101160074658652));
#4565=CARTESIAN_POINT('',(-0.0199807327070688,-0.0497294663874491,0.0101158321732896));
#4566=CARTESIAN_POINT('',(-0.0199551173638671,-0.0497293337961425,0.0101156687880692));
#4567=CARTESIAN_POINT('',(-0.0200121189112328,-0.0496666605117076,0.00961739849060498));
#4568=CARTESIAN_POINT('',(-0.0199989707853029,-0.0496666541963968,0.00961733324955216));
#4569=CARTESIAN_POINT('',(-0.0199858226984193,-0.0496666182529467,0.0096172706115862));
#4570=CARTESIAN_POINT('',(-0.0200152365258799,-0.0496317974920147,0.0092224096309279));
#4571=CARTESIAN_POINT('',(-0.0200089759897291,-0.049631796019015,0.00922238844454574));
#4572=CARTESIAN_POINT('',(-0.0200027154538108,-0.0496317881554686,0.00922236758926821));
#4573=CARTESIAN_POINT('',(-0.0200168373571413,-0.0496162332751804,0.00897398398664526));
#4574=CARTESIAN_POINT('',(-0.0200136438809106,-0.0496162330875907,0.00897397555407888));
#4575=CARTESIAN_POINT('',(-0.0200104504152461,-0.0496162307190851,0.00897396722170008));
#4576=CARTESIAN_POINT('',(-0.0200172449424543,-0.049607812686572,0.0087813190092868));
#4577=CARTESIAN_POINT('',(-0.0200157083181371,-0.0496078122570595,0.00878131743933612));
#4578=CARTESIAN_POINT('',(-0.0200141716764656,-0.0496078122007022,0.00878131584085659));
#4579=CARTESIAN_POINT('',(-0.0200175615433036,-0.0496033030137681,0.00863733709447691));
#4580=CARTESIAN_POINT('',(-0.020016912031962,-0.0496033029703333,0.00863733728389079));
#4581=CARTESIAN_POINT('',(-0.0200162625865786,-0.0496033029761685,0.00863733750674191));
#4582=CARTESIAN_POINT('',(-0.0200178231073496,-0.0496010508170553,0.00851750420867656));
#4583=CARTESIAN_POINT('',(-0.0200176166106084,-0.0496010510513758,0.00851750451808735));
#4584=CARTESIAN_POINT('',(-0.0200174099194735,-0.0496010508186638,0.00851750474409244));
#4585=CARTESIAN_POINT('',(-0.0200180067539803,-0.0496002626692798,0.0084337246098646));
#4586=CARTESIAN_POINT('',(-0.0200179549820685,-0.0496002623353857,0.00843372464650937));
#4587=CARTESIAN_POINT('',(-0.0200179034804895,-0.0496002626700561,0.00843372479710496));
#4588=CARTESIAN_POINT('',(-0.0200181116773801,-0.0496000375223153,0.00838587411615925));
#4589=CARTESIAN_POINT('',(-0.0200181045388283,-0.0496000381097795,0.008385874232796));
#4590=CARTESIAN_POINT('',(-0.0200180969259973,-0.0496000375223469,0.00838587415073874));
#4591=CARTESIAN_POINT('',(-0.0200181641527185,-0.0496,0.00836195679982561));
#4592=CARTESIAN_POINT('',(-0.0200181636274517,-0.0495999986985205,0.00836195658041199));
#4593=CARTESIAN_POINT('',(-0.0200181641527185,-0.0496,0.00836195679982561));
#4594=CARTESIAN_POINT('',(-0.0200181903922259,-0.0496,0.00835));
#4595=CARTESIAN_POINT('',(-0.0200181903922259,-0.0496,0.00835));
#4596=CARTESIAN_POINT('',(-0.0200181903922259,-0.0496,0.00835));
#4597=CARTESIAN_POINT('',(-0.0141025212878958,-0.0623124504162302,0.0286235382479689));
#4598=CARTESIAN_POINT('',(-0.0147549841879365,-0.0628460033753614,0.0285972006887749));
#4599=CARTESIAN_POINT('',(-0.0162006611252492,-0.0637259219882034,0.0285553392219311));
#4600=CARTESIAN_POINT('',(-0.0178676101323933,-0.064060906610143,0.0285437855240654));
#4601=CARTESIAN_POINT('',(-0.0187128264054137,-0.0640652983466932,0.0285471357599739));
#4602=CARTESIAN_POINT('',(0.,0.,0.00835));
#4603=CARTESIAN_POINT('',(0.0635,0.0635,0.00835));
#4604=CARTESIAN_POINT('',(0.0601324039545991,0.066867596045401,0.00835));
#4605=CARTESIAN_POINT('',(0.0601324039545991,0.0601324039545991,0.00835));
#4606=CARTESIAN_POINT('',(0.0567648079091981,0.0635,0.00835));
#4607=CARTESIAN_POINT('',(0.0567648079091981,0.0635,0.00835));
#4608=CARTESIAN_POINT('',(0.0649142135623731,0.0553505943468251,0.00835));
#4609=CARTESIAN_POINT('',(0.,0.,0.00835));
#4610=CARTESIAN_POINT('',(-0.0553505943468251,0.0649142135623731,0.00835));
#4611=CARTESIAN_POINT('',(-0.0601324039545991,0.0601324039545991,0.00835));
#4612=CARTESIAN_POINT('',(-0.0567648079091982,0.0635,0.00835));
#4613=CARTESIAN_POINT('',(0.00336759604540095,0.00336759604540095,0.00835));
#4614=CARTESIAN_POINT('',(-0.0601324039545991,0.0668675960454009,0.00835));
#4615=CARTESIAN_POINT('',(-0.0635,0.0635,0.00835));
#4616=CARTESIAN_POINT('',(0.,0.,0.00835));
#4617=CARTESIAN_POINT('',(-0.0635,0.0635,0.00835));
#4618=CARTESIAN_POINT('',(-0.066867596045401,0.0601324039545991,0.00835));
#4619=CARTESIAN_POINT('',(-0.0635,0.0567648079091981,0.00835));
#4620=CARTESIAN_POINT('',(-0.0635,0.0567648079091981,0.00835));
#4621=CARTESIAN_POINT('',(-0.0553505943468251,0.0649142135623731,0.00835));
#4622=CARTESIAN_POINT('',(-0.049377285588339,-0.058940904803887,0.00835));
#4623=CARTESIAN_POINT('',(-0.0517682430484533,-0.0613318622640013,0.00835018697424895));
#4624=CARTESIAN_POINT('',(-0.0517678847479628,-0.0613315039635108,0.00835478806630476));
#4625=CARTESIAN_POINT('',(-0.0517677629864041,-0.0613313822019521,0.00841858814466761));
#4626=CARTESIAN_POINT('',(-0.0517682899615518,-0.0613319091770998,0.00858820726792557));
#4627=CARTESIAN_POINT('',(-0.0517693139637813,-0.0613329331793294,0.00881618684332442));
#4628=CARTESIAN_POINT('',(-0.0517698303011896,-0.0613334495167376,0.00891097542407208));
#4629=CARTESIAN_POINT('',(-0.051770838683426,-0.061334457898974,0.00906714981316817));
#4630=CARTESIAN_POINT('',(-0.0517730147271985,-0.0613366339427465,0.00932819651648685));
#4631=CARTESIAN_POINT('',(-0.0517774390143762,-0.0613410582299242,0.0097049184588272));
#4632=CARTESIAN_POINT('',(-0.0517848749290851,-0.0613484941446331,0.0101574991326983));
#4633=CARTESIAN_POINT('',(-0.0517943731453995,-0.0613579923609475,0.0106096326902001));
#4634=CARTESIAN_POINT('',(-0.0518098450165455,-0.0613734642320935,0.0112128838617204));
#4635=CARTESIAN_POINT('',(-0.0518340138994305,-0.0613976331149784,0.0119576321541544));
#4636=CARTESIAN_POINT('',(-0.0518728962564938,-0.0614365154720418,0.0128876695025404));
#4637=CARTESIAN_POINT('',(-0.0519195305822352,-0.0614831497977832,0.0137932626263493));
#4638=CARTESIAN_POINT('',(-0.0519749255645993,-0.0615385447801473,0.0146933912567212));
#4639=CARTESIAN_POINT('',(-0.0520573017321134,-0.0616209209476614,0.0158494565321376));
#4640=CARTESIAN_POINT('',(-0.0521974532133343,-0.0617610724288823,0.0174405414177595));
#4641=CARTESIAN_POINT('',(-0.0523878809198915,-0.0619515001354395,0.0191297578183556));
#4642=CARTESIAN_POINT('',(-0.0526464082764493,-0.0622100274919973,0.02096158483856));
#4643=CARTESIAN_POINT('',(-0.0529003226586243,-0.0624639418741723,0.0224002808670528));
#4644=CARTESIAN_POINT('',(-0.0531269355231421,-0.0626905547386901,0.023515872802009));
#4645=CARTESIAN_POINT('',(-0.0532881670192173,-0.0628517862347653,0.0242451848647568));
#4646=CARTESIAN_POINT('',(-0.0534224809034582,-0.0629861001190062,0.0248191191054525));
#4647=CARTESIAN_POINT('',(-0.0535154600398571,-0.0630790792554051,0.0252042427374646));
#4648=CARTESIAN_POINT('',(-0.053619913057777,-0.063183532273325,0.0256263979398708));
#4649=CARTESIAN_POINT('',(-0.0537142131417682,-0.0632778323573162,0.0259982839339339));
#4650=CARTESIAN_POINT('',(-0.0537804612527003,-0.0633440804682483,0.0262557357447062));
#4651=CARTESIAN_POINT('',(-0.053824516143275,-0.063388135358823,0.0264255364034949));
#4652=CARTESIAN_POINT('',(-0.0538495408301025,-0.0634131600456505,0.0265215518299586));
#4653=CARTESIAN_POINT('',(-0.0538871845430786,-0.0634508037586267,0.0266653835586459));
#4654=CARTESIAN_POINT('',(-0.0539820898010938,-0.0635457090166418,0.0270257085064111));
#4655=CARTESIAN_POINT('',(-0.0541171091782177,-0.0636807283937657,0.0275328838061316));
#4656=CARTESIAN_POINT('',(-0.0542779139718154,-0.0638415331873634,0.0281305940800787));
#4657=CARTESIAN_POINT('',(-0.0543906355752969,-0.0639542547908449,0.0285491817544015));
#4658=CARTESIAN_POINT('',(-0.054487290590408,-0.0640509098059561,0.0289083959910121));
#4659=CARTESIAN_POINT('',(-0.0545921235860416,-0.0641557428015896,0.0292983790818858));
#4660=CARTESIAN_POINT('',(-0.0546705391616219,-0.0642341583771699,0.0295906809846683));
#4661=CARTESIAN_POINT('',(-0.0547211070499885,-0.0642847262655365,0.0297797556783932));
#4662=CARTESIAN_POINT('',(-0.0547451108854658,-0.0643087301010138,0.029869648814171));
#4663=CARTESIAN_POINT('',(-0.0548148773184631,-0.0643784965340111,0.0301321518010731));
#4664=CARTESIAN_POINT('',(-0.0548897141821748,-0.0644533333977228,0.0304151903093573));
#4665=CARTESIAN_POINT('',(-0.054985229565459,-0.064548848781007,0.0307786498282613));
#4666=CARTESIAN_POINT('',(-0.055093658472704,-0.064657277688252,0.0311956087666531));
#4667=CARTESIAN_POINT('',(-0.0551916754173955,-0.0647552946329435,0.0315761913556902));
#4668=CARTESIAN_POINT('',(-0.0553434554975226,-0.0649070747130706,0.0321729812195565));
#4669=CARTESIAN_POINT('',(-0.0555170135166462,-0.0650806327321942,0.0328703002314734));
#4670=CARTESIAN_POINT('',(-0.0557207263513902,-0.0652843455669382,0.0337125965457222));
#4671=CARTESIAN_POINT('',(-0.0559893081639754,-0.0655529273795235,0.0348618279604651));
#4672=CARTESIAN_POINT('',(-0.0561791463548854,-0.0657427655704334,0.0357185243133368));
#4673=CARTESIAN_POINT('',(-0.0563014596800983,-0.0658650788956463,0.0362911840203242));
#4674=CARTESIAN_POINT('',(-0.0517682430484532,-0.0613318622640013,0.00835018697424895));
#4675=CARTESIAN_POINT('',(-0.0563014776959337,-0.065865096911482,0.0362911763243864));
#4676=CARTESIAN_POINT('',(-0.0620857864376269,-0.0716494056531749,0.0362911686245697));
#4677=CARTESIAN_POINT('',(-0.0620857864376269,-0.071649405653175,0.0362911686245697));
#4678=CARTESIAN_POINT('',(-0.0620857864376269,-0.071649405653175,0.));
#4679=CARTESIAN_POINT('',(-0.0620857864376269,-0.071649405653175,0.));
#4680=CARTESIAN_POINT('',(-0.049377285588339,-0.058940904803887,0.));
#4681=CARTESIAN_POINT('',(-0.0429653129725864,-0.0525289321881345,0.));
#4682=CARTESIAN_POINT('',(-0.0429653129725864,-0.0525289321881345,0.00835));
#4683=CARTESIAN_POINT('',(-0.0429653129725864,-0.0525289321881345,0.00835));
#4684=CARTESIAN_POINT('',(-0.049377285588339,-0.058940904803887,0.00835));
#4685=CARTESIAN_POINT('',(2.77555756156289E-17,-0.0496,0.00835));
#4686=CARTESIAN_POINT('',(2.77555756156289E-17,-0.0496,0.));
#4687=CARTESIAN_POINT('',(-0.035894245160721,-0.0496,0.));
#4688=CARTESIAN_POINT('',(0.035894245160721,-0.0496,0.));
#4689=CARTESIAN_POINT('',(0.035894245160721,-0.0496,0.00835));
#4690=CARTESIAN_POINT('',(-0.035894245160721,-0.0496,0.));
#4691=CARTESIAN_POINT('',(0.049377285588339,-0.058940904803887,0.00835));
#4692=CARTESIAN_POINT('',(0.0620857864376269,-0.0716494056531749,0.00835));
#4693=CARTESIAN_POINT('',(0.0620857864376269,-0.0716494056531749,0.));
#4694=CARTESIAN_POINT('',(0.0620857864376269,-0.0716494056531749,0.0362911686245697));
#4695=CARTESIAN_POINT('',(0.049377285588339,-0.058940904803887,0.0362911686245697));
#4696=CARTESIAN_POINT('',(0.0563014772997838,-0.0658650965153319,0.0362911759799677));
#4697=CARTESIAN_POINT('',(0.0563014589874524,-0.0658650782030004,0.0362911838026419));
#4698=CARTESIAN_POINT('',(0.0561791573416748,-0.0657427765572227,0.0357185846597894));
#4699=CARTESIAN_POINT('',(0.055989331169475,-0.065552950385023,0.0348619455476505));
#4700=CARTESIAN_POINT('',(0.0557206295567218,-0.0652842487722698,0.0337122049519717));
#4701=CARTESIAN_POINT('',(0.0555170086077539,-0.065080627823302,0.0328702705830131));
#4702=CARTESIAN_POINT('',(0.0553435032432586,-0.0649071224588066,0.0321731742274149));
#4703=CARTESIAN_POINT('',(0.0551914739693083,-0.0647550931848563,0.0315754035959563));
#4704=CARTESIAN_POINT('',(0.055093633310867,-0.064657252526415,0.0311955070520499));
#4705=CARTESIAN_POINT('',(0.0549852040152417,-0.0645488232307897,0.030778550486621));
#4706=CARTESIAN_POINT('',(0.0548896519486748,-0.0644532711642228,0.0304149570197458));
#4707=CARTESIAN_POINT('',(0.0548147677645386,-0.0643783869800866,0.0301317413210378));
#4708=CARTESIAN_POINT('',(0.0547448963977235,-0.0643085156132715,0.0298688435258319));
#4709=CARTESIAN_POINT('',(0.0547209776022094,-0.0642845968177574,0.0297792692151236));
#4710=CARTESIAN_POINT('',(0.0546704465622938,-0.0642340657778418,0.0295903330242674));
#4711=CARTESIAN_POINT('',(0.05459205742856,-0.064155676644108,0.029298131541704));
#4712=CARTESIAN_POINT('',(0.0544871853657968,-0.0640508045813448,0.0289080046198019));
#4713=CARTESIAN_POINT('',(0.0543904802882558,-0.0639540995038038,0.0285486050230607));
#4714=CARTESIAN_POINT('',(0.0542776445391874,-0.0638412637547354,0.0281295939058416));
#4715=CARTESIAN_POINT('',(0.0541170102600577,-0.0636806294756057,0.0275325148289122));
#4716=CARTESIAN_POINT('',(0.0539819697984579,-0.0635455890140059,0.0270252524159016));
#4717=CARTESIAN_POINT('',(0.0538869924412805,-0.0634506116568285,0.0266646461477336));
#4718=CARTESIAN_POINT('',(0.0538493188777874,-0.0634129380933354,0.0265206987300653));
#4719=CARTESIAN_POINT('',(0.0538242317933684,-0.0633878510089165,0.026424443364086));
#4720=CARTESIAN_POINT('',(0.0537802385794975,-0.0633438577950454,0.0262548789411762));
#4721=CARTESIAN_POINT('',(0.0537140257531293,-0.0632776449686774,0.0259975583591735));
#4722=CARTESIAN_POINT('',(0.0536197661828209,-0.0631833853983688,0.0256258118559325));
#4723=CARTESIAN_POINT('',(0.0535153076022557,-0.0630789268178037,0.0252036096669846));
#4724=CARTESIAN_POINT('',(0.0534221984865866,-0.0629858177021346,0.024817920428642));
#4725=CARTESIAN_POINT('',(0.0532879711421756,-0.0628515903577236,0.0242443466683383));
#4726=CARTESIAN_POINT('',(0.0531267843476986,-0.0626904035632466,0.0235151343066593));
#4727=CARTESIAN_POINT('',(0.0528999974873129,-0.0624636167028609,0.02239864104017));
#4728=CARTESIAN_POINT('',(0.0526463169289878,-0.0622099361445358,0.0209609518611623));
#4729=CARTESIAN_POINT('',(0.0523876066901448,-0.0619512259056928,0.0191276857444726));
#4730=CARTESIAN_POINT('',(0.0521973559368829,-0.0617609751524309,0.0174394562896465));
#4731=CARTESIAN_POINT('',(0.0520571270054394,-0.0616207462209874,0.0158475024186544));
#4732=CARTESIAN_POINT('',(0.0519747805306967,-0.0615383997462447,0.0146909471989679));
#4733=CARTESIAN_POINT('',(0.051901126489555,-0.061464745705103,0.0134955261287904));
#4734=CARTESIAN_POINT('',(0.0518436813365768,-0.0614073005521248,0.0122544298655914));
#4735=CARTESIAN_POINT('',(0.0518049874003427,-0.0613686066158907,0.0110647158640421));
#4736=CARTESIAN_POINT('',(0.0517870795606709,-0.0613506987762189,0.0102946611258435));
#4737=CARTESIAN_POINT('',(0.0517778937014087,-0.0613415129169567,0.00972772981266254));
#4738=CARTESIAN_POINT('',(0.051771853295672,-0.06133547251122,0.0092417241247789));
#4739=CARTESIAN_POINT('',(0.0517690508204304,-0.0613326700359784,0.00880173792069342));
#4740=CARTESIAN_POINT('',(0.0517685949014479,-0.0613322141169959,0.00849986708164884));
#4741=CARTESIAN_POINT('',(0.051768190392226,-0.061331809607774,0.00835));
#4742=CARTESIAN_POINT('',(0.051768190392226,-0.061331809607774,0.00835));
#4743=CARTESIAN_POINT('',(0.049377285588339,-0.058940904803887,0.00835));
#4744=CARTESIAN_POINT('',(0.0429653129725864,-0.0525289321881345,0.00835));
#4745=CARTESIAN_POINT('',(0.0429653129725864,-0.0525289321881345,0.00835));
#4746=CARTESIAN_POINT('',(0.0429653129725864,-0.0525289321881345,0.));
#4747=CARTESIAN_POINT('',(0.049377285588339,-0.058940904803887,0.));
#4748=CARTESIAN_POINT('',(0.070672714411661,-0.061109095196113,0.00835));
#4749=CARTESIAN_POINT('',(0.0314644660940673,-0.0219008468785192,0.00835));
#4750=CARTESIAN_POINT('',(0.0314644660940673,-0.0219008468785192,0.00927030137605378));
#4751=CARTESIAN_POINT('',(0.0317608256019566,-0.0221972063864085,0.0110621383936101));
#4752=CARTESIAN_POINT('',(0.0327351859293088,-0.0231715667137608,0.0134240175546433));
#4753=CARTESIAN_POINT('',(0.0339650881541797,-0.0244014689386316,0.0155296143848128));
#4754=CARTESIAN_POINT('',(0.0357538348353055,-0.0261902156197574,0.0180611577613822));
#4755=CARTESIAN_POINT('',(0.0381773114018992,-0.0286136921863513,0.0209384241644459));
#4756=CARTESIAN_POINT('',(0.0412287124821739,-0.0316650932666257,0.0241622070502299));
#4757=CARTESIAN_POINT('',(0.0443532088882647,-0.0347895896727168,0.0272510902694849));
#4758=CARTESIAN_POINT('',(0.0485641596412361,-0.0390005404256878,0.0312715889067997));
#4759=CARTESIAN_POINT('',(0.0517298625632231,-0.0421662433476751,0.0342727857902429));
#4760=CARTESIAN_POINT('',(0.0538318366848889,-0.0442682174693409,0.036291021741033));
#4761=CARTESIAN_POINT('',(0.0314644660940673,-0.0219008468785192,0.00835));
#4762=CARTESIAN_POINT('',(0.0538319131738077,-0.0442682939582596,0.0362910951828013));
#4763=CARTESIAN_POINT('',(0.0716494056531749,-0.0620857864376269,0.0362911686245697));
#4764=CARTESIAN_POINT('',(0.0716494056531749,-0.0620857864376269,0.0362911686245697));
#4765=CARTESIAN_POINT('',(0.0716494056531749,-0.0620857864376269,0.));
#4766=CARTESIAN_POINT('',(0.0716494056531749,-0.0620857864376269,0.));
#4767=CARTESIAN_POINT('',(0.070672714411661,-0.061109095196113,0.));
#4768=CARTESIAN_POINT('',(0.0314644660940673,-0.0219008468785192,0.));
#4769=CARTESIAN_POINT('',(0.0314644660940673,-0.0219008468785192,0.00835));
#4770=CARTESIAN_POINT('',(0.03,3.46944695195361E-18,0.00835));
#4771=CARTESIAN_POINT('',(0.03,3.46944695195361E-18,0.));
#4772=CARTESIAN_POINT('',(0.03,-0.0183653129725865,0.));
#4773=CARTESIAN_POINT('',(0.03,0.0183653129725864,0.));
#4774=CARTESIAN_POINT('',(0.03,0.0183653129725864,0.00835));
#4775=CARTESIAN_POINT('',(0.03,0.0183653129725864,0.00835));
#4776=CARTESIAN_POINT('',(0.03,3.46944695195361E-18,0.00835));
#4777=CARTESIAN_POINT('',(0.03,-0.0183653129725865,0.00835));
#4778=CARTESIAN_POINT('',(0.03,-0.0183653129725865,0.));
#4779=CARTESIAN_POINT('',(0.049140904803887,0.039577285588339,0.00835));
#4780=CARTESIAN_POINT('',(0.0599644660940673,0.0504008468785192,0.00835));
#4781=CARTESIAN_POINT('',(0.0599644660940673,0.0504008468785192,0.01335));
#4782=CARTESIAN_POINT('',(0.0599644660940673,0.0504008468785192,0.0362911686245697));
#4783=CARTESIAN_POINT('',(0.049140904803887,0.039577285588339,0.0362911686245697));
#4784=CARTESIAN_POINT('',(0.0538319896627118,0.0442683704471638,0.0362911686245697));
#4785=CARTESIAN_POINT('',(0.0538319896627118,0.0442683704471638,0.0362911686245696));
#4786=CARTESIAN_POINT('',(0.0517300030111606,0.0421663837956125,0.034272919976829));
#4787=CARTESIAN_POINT('',(0.0485642815013481,0.0390006622857996,0.0312717036640988));
#4788=CARTESIAN_POINT('',(0.044353304169213,0.034789684953665,0.0272511826760775));
#4789=CARTESIAN_POINT('',(0.0412287875488221,0.031665168333274,0.0241622836589698));
#4790=CARTESIAN_POINT('',(0.0381773655576591,0.0286137463421111,0.020938484924133));
#4791=CARTESIAN_POINT('',(0.0357538716705321,0.0261902524549837,0.0180612052356967));
#4792=CARTESIAN_POINT('',(0.0339651114820101,0.024401492266462,0.0155296508583655));
#4793=CARTESIAN_POINT('',(0.0327351992146232,0.023171579999075,0.0134240450298216));
#4794=CARTESIAN_POINT('',(0.0317608292703052,0.022197210054757,0.0110621546008848));
#4795=CARTESIAN_POINT('',(0.0314644660940673,0.0219008468785191,0.00927030695754131));
#4796=CARTESIAN_POINT('',(0.0314644660940673,0.0219008468785191,0.00835));
#4797=CARTESIAN_POINT('',(0.0314644660940673,0.0219008468785191,0.00835));
#4798=CARTESIAN_POINT('',(0.0314644660940673,0.0219008468785191,0.00835));
#4799=CARTESIAN_POINT('',(0.0314644660940673,0.0219008468785191,0.));
#4800=CARTESIAN_POINT('',(0.049140904803887,0.039577285588339,0.));
#4801=CARTESIAN_POINT('',(0.068281809607774,0.058718190392226,0.));
#4802=CARTESIAN_POINT('',(0.068281809607774,0.058718190392226,0.00835));
#4803=CARTESIAN_POINT('',(0.068281809607774,0.058718190392226,0.00635));
#4804=CARTESIAN_POINT('',(0.049140904803887,0.039577285588339,0.00635));
#4805=CARTESIAN_POINT('',(0.0649142135623731,0.0553505943468251,0.00635));
#4806=CARTESIAN_POINT('',(0.0649142135623731,0.0553505943468251,0.01335));
#4807=CARTESIAN_POINT('',(0.0635,0.0635,0.00835));
#4808=CARTESIAN_POINT('',(0.058718190392226,0.068281809607774,0.00835));
#4809=CARTESIAN_POINT('',(0.058718190392226,0.068281809607774,0.00635));
#4810=CARTESIAN_POINT('',(0.058718190392226,0.068281809607774,0.));
#4811=CARTESIAN_POINT('',(0.0635,0.0635,0.00635));
#4812=CARTESIAN_POINT('',(0.0635,0.0635,0.));
#4813=CARTESIAN_POINT('',(0.039577285588339,0.049140904803887,0.00835));
#4814=CARTESIAN_POINT('',(0.0219008468785192,0.0314644660940673,0.00835));
#4815=CARTESIAN_POINT('',(0.0219008468785192,0.0314644660940673,0.00927030137608117));
#4816=CARTESIAN_POINT('',(0.0221972063864266,0.0317608256019746,0.0110621383936897));
#4817=CARTESIAN_POINT('',(0.0231715667138261,0.032735185929374,0.0134240175547782));
#4818=CARTESIAN_POINT('',(0.0244014689387461,0.0339650881542942,0.0155296143849918));
#4819=CARTESIAN_POINT('',(0.0261902156199382,0.0357538348354862,0.0180611577616152));
#4820=CARTESIAN_POINT('',(0.028613692186617,0.038177311402165,0.0209384241647441));
#4821=CARTESIAN_POINT('',(0.0316650932669942,0.0412287124825423,0.0241622070506059));
#4822=CARTESIAN_POINT('',(0.0347895896731844,0.0443532088887322,0.0272510902699384));
#4823=CARTESIAN_POINT('',(0.0390005404262858,0.0485641596418342,0.0312715889073629));
#4824=CARTESIAN_POINT('',(0.0421662433483644,0.0517298625639125,0.0342727857909014));
#4825=CARTESIAN_POINT('',(0.0442682174700916,0.0538318366856397,0.0362910217417538));
#4826=CARTESIAN_POINT('',(0.0219008468785192,0.0314644660940673,0.00835));
#4827=CARTESIAN_POINT('',(0.044268293958633,0.0538319131741811,0.0362910951831669));
#4828=CARTESIAN_POINT('',(0.0504008468785192,0.0599644660940673,0.0362911686245697));
#4829=CARTESIAN_POINT('',(0.0504008468785192,0.0599644660940673,0.0362911686245697));
#4830=CARTESIAN_POINT('',(0.0504008468785192,0.0599644660940673,0.01335));
#4831=CARTESIAN_POINT('',(0.0504008468785192,0.0599644660940673,0.01335));
#4832=CARTESIAN_POINT('',(0.055350594346825,0.0649142135623731,0.01335));
#4833=CARTESIAN_POINT('',(0.055350594346825,0.0649142135623731,0.00635));
#4834=CARTESIAN_POINT('',(0.058718190392226,0.068281809607774,0.00635));
#4835=CARTESIAN_POINT('',(0.039577285588339,0.049140904803887,0.));
#4836=CARTESIAN_POINT('',(0.0219008468785192,0.0314644660940673,0.));
#4837=CARTESIAN_POINT('',(0.0219008468785192,0.0314644660940673,0.00835));
#4838=CARTESIAN_POINT('',(-3.46944695195361E-18,0.03,0.00835));
#4839=CARTESIAN_POINT('',(-3.46944695195361E-18,0.03,0.));
#4840=CARTESIAN_POINT('',(0.0183653129725865,0.03,0.));
#4841=CARTESIAN_POINT('',(-0.0183653129725864,0.03,0.));
#4842=CARTESIAN_POINT('',(-0.0183653129725864,0.03,0.00835));
#4843=CARTESIAN_POINT('',(-0.0183653129725864,0.03,0.00835));
#4844=CARTESIAN_POINT('',(-3.46944695195361E-18,0.03,0.00835));
#4845=CARTESIAN_POINT('',(0.0183653129725865,0.03,0.00835));
#4846=CARTESIAN_POINT('',(0.0183653129725865,0.03,0.));
#4847=CARTESIAN_POINT('',(-0.039577285588339,0.049140904803887,0.00835));
#4848=CARTESIAN_POINT('',(-0.0504008468785192,0.0599644660940673,0.00835));
#4849=CARTESIAN_POINT('',(-0.0504008468785192,0.0599644660940673,0.01335));
#4850=CARTESIAN_POINT('',(-0.0504008468785192,0.0599644660940673,0.0362911686245697));
#4851=CARTESIAN_POINT('',(-0.039577285588339,0.049140904803887,0.0362911686245697));
#4852=CARTESIAN_POINT('',(-0.0442683704471638,0.0538319896627118,0.0362911686245697));
#4853=CARTESIAN_POINT('',(-0.0442683704471638,0.0538319896627118,0.0362911686245696));
#4854=CARTESIAN_POINT('',(-0.0421663838091604,0.0517300030247084,0.0342729199898371));
#4855=CARTESIAN_POINT('',(-0.0390006623114511,0.0485642815269992,0.0312717036872025));
#4856=CARTESIAN_POINT('',(-0.0347896850217152,0.0443533042372634,0.0272511827429416));
#4857=CARTESIAN_POINT('',(-0.0316651683345316,0.0412287875500796,0.0241622836585067));
#4858=CARTESIAN_POINT('',(-0.0286137465668795,0.0381773657824276,0.0209384851635258));
#4859=CARTESIAN_POINT('',(-0.026190252683623,0.035753871899171,0.0180612055335812));
#4860=CARTESIAN_POINT('',(-0.0244014923498829,0.033965111565431,0.0155296509948891));
#4861=CARTESIAN_POINT('',(-0.0231715799697795,0.0327351991853274,0.013424044999677));
#4862=CARTESIAN_POINT('',(-0.0221972100250213,0.0317608292405694,0.0110621544561162));
#4863=CARTESIAN_POINT('',(-0.0219008468785192,0.0314644660940673,0.00927030700036334));
#4864=CARTESIAN_POINT('',(-0.0219008468785192,0.0314644660940673,0.00835));
#4865=CARTESIAN_POINT('',(-0.0219008468785192,0.0314644660940673,0.00835));
#4866=CARTESIAN_POINT('',(-0.0219008468785192,0.0314644660940673,0.00835));
#4867=CARTESIAN_POINT('',(-0.0219008468785192,0.0314644660940673,0.));
#4868=CARTESIAN_POINT('',(-0.039577285588339,0.049140904803887,0.));
#4869=CARTESIAN_POINT('',(-0.058718190392226,0.068281809607774,0.));
#4870=CARTESIAN_POINT('',(-0.058718190392226,0.068281809607774,0.00835));
#4871=CARTESIAN_POINT('',(-0.058718190392226,0.068281809607774,0.00635));
#4872=CARTESIAN_POINT('',(-0.039577285588339,0.049140904803887,0.00635));
#4873=CARTESIAN_POINT('',(-0.0553505943468251,0.0649142135623731,0.00635));
#4874=CARTESIAN_POINT('',(-0.0553505943468251,0.0649142135623731,0.01335));
#4875=CARTESIAN_POINT('',(-0.0635,0.0635,0.00835));
#4876=CARTESIAN_POINT('',(-0.0682818096077741,0.0587181903922261,0.00835));
#4877=CARTESIAN_POINT('',(-0.0682818096077741,0.0587181903922261,0.00635));
#4878=CARTESIAN_POINT('',(-0.0682818096077741,0.0587181903922261,0.));
#4879=CARTESIAN_POINT('',(-0.0635,0.0635,0.00635));
#4880=CARTESIAN_POINT('',(-0.0635,0.0635,0.));
#4881=CARTESIAN_POINT('',(-0.049140904803887,0.039577285588339,0.00835));
#4882=CARTESIAN_POINT('',(-0.0314644660940673,0.0219008468785192,0.00835));
#4883=CARTESIAN_POINT('',(-0.0314644660940673,0.0219008468785192,0.00927030141890897));
#4884=CARTESIAN_POINT('',(-0.031760825572241,0.022197206356693,0.0110621382489332));
#4885=CARTESIAN_POINT('',(-0.0327351859000957,0.0231715666845476,0.0134240175246693));
#4886=CARTESIAN_POINT('',(-0.0339650882377361,0.0244014690221882,0.0155296145215485));
#4887=CARTESIAN_POINT('',(-0.0357538350641647,0.0261902158486165,0.018061158059552));
#4888=CARTESIAN_POINT('',(-0.038177311626995,0.0286136924114471,0.0209384244042062));
#4889=CARTESIAN_POINT('',(-0.0412287124838796,0.0316650932683314,0.0241622070502241));
#4890=CARTESIAN_POINT('',(-0.0443532089568861,0.0347895897413381,0.0272510903369029));
#4891=CARTESIAN_POINT('',(-0.0485641596676178,0.0390005404520694,0.0312715889305911));
#4892=CARTESIAN_POINT('',(-0.0517298625776128,0.0421662433620648,0.0342727858040553));
#4893=CARTESIAN_POINT('',(-0.0538318366858059,0.0442682174702579,0.0362910217419135));
#4894=CARTESIAN_POINT('',(-0.0314644660940673,0.0219008468785192,0.00835));
#4895=CARTESIAN_POINT('',(-0.053831913174264,0.0442682939587159,0.0362910951832463));
#4896=CARTESIAN_POINT('',(-0.0599644660940673,0.0504008468785192,0.0362911686245697));
#4897=CARTESIAN_POINT('',(-0.0599644660940673,0.0504008468785192,0.0362911686245697));
#4898=CARTESIAN_POINT('',(-0.0599644660940673,0.0504008468785192,0.01335));
#4899=CARTESIAN_POINT('',(-0.0599644660940673,0.0504008468785192,0.01335));
#4900=CARTESIAN_POINT('',(-0.0649142135623731,0.0553505943468251,0.01335));
#4901=CARTESIAN_POINT('',(-0.0649142135623731,0.0553505943468251,0.00635));
#4902=CARTESIAN_POINT('',(-0.0682818096077741,0.058718190392226,0.00635));
#4903=CARTESIAN_POINT('',(-0.049140904803887,0.039577285588339,0.));
#4904=CARTESIAN_POINT('',(-0.0314644660940673,0.0219008468785192,0.));
#4905=CARTESIAN_POINT('',(-0.0314644660940673,0.0219008468785192,0.00835));
#4906=CARTESIAN_POINT('',(-0.03,-3.46944695195361E-18,0.00835));
#4907=CARTESIAN_POINT('',(-0.03,-3.46944695195361E-18,0.00835));
#4908=CARTESIAN_POINT('',(-0.03,0.0183653129725865,0.00835));
#4909=CARTESIAN_POINT('',(-0.03,-0.0183653129725864,0.00835));
#4910=CARTESIAN_POINT('',(-0.03,0.0183653129725865,0.));
#4911=CARTESIAN_POINT('',(-0.03,0.0183653129725865,0.));
#4912=CARTESIAN_POINT('',(-0.03,-3.46944695195361E-18,0.));
#4913=CARTESIAN_POINT('',(-0.03,-0.0183653129725864,0.));
#4914=CARTESIAN_POINT('',(-0.03,-0.0183653129725864,0.00835));
#4915=CARTESIAN_POINT('',(-0.049140904803887,-0.039577285588339,0.00835));
#4916=CARTESIAN_POINT('',(-0.0716494056531749,-0.0620857864376269,0.00835));
#4917=CARTESIAN_POINT('',(-0.0716494056531749,-0.0620857864376269,0.));
#4918=CARTESIAN_POINT('',(-0.0716494056531749,-0.0620857864376269,0.0362911686245697));
#4919=CARTESIAN_POINT('',(-0.049140904803887,-0.039577285588339,0.0362911686245697));
#4920=CARTESIAN_POINT('',(-0.0538319896627119,-0.0442683704471638,0.0362911686245697));
#4921=CARTESIAN_POINT('',(-0.0538319896627118,-0.0442683704471639,0.0362911686245697));
#4922=CARTESIAN_POINT('',(-0.0517300030111606,-0.0421663837956126,0.034272919976829));
#4923=CARTESIAN_POINT('',(-0.0485642815013479,-0.0390006622857999,0.0312717036640988));
#4924=CARTESIAN_POINT('',(-0.0443533041692131,-0.0347896849536649,0.0272511826760775));
#4925=CARTESIAN_POINT('',(-0.041228787548822,-0.0316651683332742,0.0241622836589699));
#4926=CARTESIAN_POINT('',(-0.0381773655576591,-0.028613746342111,0.0209384849241331));
#4927=CARTESIAN_POINT('',(-0.0357538716705319,-0.0261902524549841,0.0180612052356967));
#4928=CARTESIAN_POINT('',(-0.0339651114820101,-0.0244014922664621,0.0155296508583655));
#4929=CARTESIAN_POINT('',(-0.0327351992146233,-0.0231715799990752,0.0134240450298216));
#4930=CARTESIAN_POINT('',(-0.0317608292703051,-0.0221972100547572,0.0110621546008848));
#4931=CARTESIAN_POINT('',(-0.0314644660940673,-0.0219008468785192,0.00927030695754131));
#4932=CARTESIAN_POINT('',(-0.0314644660940673,-0.0219008468785192,0.00835));
#4933=CARTESIAN_POINT('',(-0.0314644660940673,-0.0219008468785192,0.00835));
#4934=CARTESIAN_POINT('',(-0.0314644660940673,-0.0219008468785192,0.00835));
#4935=CARTESIAN_POINT('',(-0.0314644660940673,-0.0219008468785192,0.));
#4936=CARTESIAN_POINT('',(-0.049140904803887,-0.039577285588339,0.));
#4937=CARTESIAN_POINT('',(-0.0635,0.0635,0.00835));
#4938=CARTESIAN_POINT('',(-0.0635,0.0635,0.002));
#4939=CARTESIAN_POINT('',(-0.0587375,0.0635,0.002));
#4940=CARTESIAN_POINT('',(-0.0635,0.0635,0.00835));
#4941=CARTESIAN_POINT('',(0.0635,0.0635,0.00835));
#4942=CARTESIAN_POINT('',(0.0635,0.0635,0.002));
#4943=CARTESIAN_POINT('',(0.0682625,0.0635,0.002));
#4944=CARTESIAN_POINT('',(0.0635,0.0635,0.00835));
#4945=CARTESIAN_POINT('',(0.0668675960454009,0.0601324039545991,0.00835));
#4946=CARTESIAN_POINT('',(0.0635,0.0635,0.00835));
#4947=CARTESIAN_POINT('',(-0.068281809607774,-0.068281809607774,0.00835));
#4948=CARTESIAN_POINT('',(-0.0649142135623731,-0.0716494056531749,0.036825));
#4949=CARTESIAN_POINT('',(-0.0649142135623731,-0.0716494056531749,0.));
#4950=CARTESIAN_POINT('',(-0.0649142135623731,-0.0716494056531749,0.0362911686245697));
#4951=CARTESIAN_POINT('',(-0.068281809607774,-0.068281809607774,0.0362911686245697));
#4952=CARTESIAN_POINT('',(-0.0716494056531749,-0.0649142135623731,0.0362911686245697));
#4953=CARTESIAN_POINT('',(-0.0716494056531749,-0.0649142135623731,0.00835));
#4954=CARTESIAN_POINT('',(-0.0716494056531749,-0.0649142135623731,0.));
#4955=CARTESIAN_POINT('',(-0.068281809607774,-0.068281809607774,0.));
#4956=CARTESIAN_POINT('',(0.,0.,0.00835));
#4957=CARTESIAN_POINT('',(0.0649142135623731,0.0553505943468251,0.00835));
#4958=CARTESIAN_POINT('',(0.0635,0.0567648079091982,0.00835));
#4959=CARTESIAN_POINT('',(0.00336759604540096,-0.00336759604540096,0.00835));
#4960=CARTESIAN_POINT('',(0.,0.,0.));
#4961=CARTESIAN_POINT('',(0.0702351920908019,-0.0635,0.));
#4962=CARTESIAN_POINT('',(0.0635,-0.0702351920908018,0.));
#4963=CARTESIAN_POINT('',(0.035894245160721,-0.0596,0.));
#4964=CARTESIAN_POINT('',(-0.035894245160721,-0.0596,0.));
#4965=CARTESIAN_POINT('',(-0.0635,-0.0702351920908019,0.));
#4966=CARTESIAN_POINT('',(-0.0702351920908018,-0.0635,0.));
#4967=CARTESIAN_POINT('',(-0.035,-0.0183653129725864,0.));
#4968=CARTESIAN_POINT('',(-0.035,0.0183653129725865,0.));
#4969=CARTESIAN_POINT('',(-0.0183653129725864,0.035,0.));
#4970=CARTESIAN_POINT('',(0.0183653129725865,0.035,0.));
#4971=CARTESIAN_POINT('',(0.035,0.0183653129725864,0.));
#4972=CARTESIAN_POINT('',(0.035,-0.0183653129725865,0.));
#4973=CARTESIAN_POINT('',(0.0635,0.0635,0.));
#4974=CARTESIAN_POINT('',(0.066675,0.0635,0.));
#4975=CARTESIAN_POINT('',(-0.0635,0.0635,0.));
#4976=CARTESIAN_POINT('',(-0.060325,0.0635,0.));
#4977=CARTESIAN_POINT('',(0.0635,0.0635,0.002));
#4978=CARTESIAN_POINT('',(0.0635,0.0635,0.002));
#4979=CARTESIAN_POINT('',(0.066675,0.0635,0.002));
#4980=CARTESIAN_POINT('',(0.,0.,0.002));
#4981=CARTESIAN_POINT('',(-0.0635,0.0635,0.002));
#4982=CARTESIAN_POINT('',(-0.0635,0.0635,0.002));
#4983=CARTESIAN_POINT('',(-0.060325,0.0635,0.002));
#4984=CARTESIAN_POINT('',(0.,0.,0.002));
#4985=CARTESIAN_POINT('',(-0.0518386342217262,-0.0614022534372741,0.00835));
#4986=CARTESIAN_POINT('',(-0.0518386342217261,-0.0614022534372741,0.0176646062335354));
#4987=CARTESIAN_POINT('',(-0.0522988325731477,-0.0617889233177032,0.026977763848366));
#4988=CARTESIAN_POINT('',(-0.052767663323178,-0.0621828463500123,0.0362908942900136));
#4989=CARTESIAN_POINT('',(-0.0518151529452261,-0.0613787721607741,0.00835));
#4990=CARTESIAN_POINT('',(-0.051815152945226,-0.0613787721607741,0.0176646235271836));
#4991=CARTESIAN_POINT('',(-0.0522744008591422,-0.0617890010940286,0.0269777729817814));
#4992=CARTESIAN_POINT('',(-0.0527422633433647,-0.0622069250997702,0.0362908947857323));
#4993=CARTESIAN_POINT('',(-0.0517916716687261,-0.061355290884274,0.00835));
#4994=CARTESIAN_POINT('',(-0.051791671668726,-0.061355290884274,0.0176646408208319));
#4995=CARTESIAN_POINT('',(-0.0522499691451368,-0.061789078870354,0.0269777821151968));
#4996=CARTESIAN_POINT('',(-0.0527168633635514,-0.0622310038495281,0.036290895281451));
#4997=CARTESIAN_POINT('',(-0.051768190392226,-0.061331809607774,0.00835));
#4998=CARTESIAN_POINT('',(-0.0517681903922259,-0.061331809607774,0.0176646581144801));
#4999=CARTESIAN_POINT('',(-0.0522255374311314,-0.0617891566466794,0.0269777912486122));
#5000=CARTESIAN_POINT('',(-0.0526914633837381,-0.062255082599286,0.0362908957771698));
#5001=CARTESIAN_POINT('',(-0.0507905395915781,-0.0603541588071262,0.00835));
#5002=CARTESIAN_POINT('',(-0.0507905395915781,-0.0603541588071262,0.0176653781413083));
#5003=CARTESIAN_POINT('',(-0.0512083148470623,-0.0617923948899996,0.0269781715214163));
#5004=CARTESIAN_POINT('',(-0.0516339267289121,-0.0632576093988549,0.0362909164165853));
#5005=CARTESIAN_POINT('',(-0.0498128887909303,-0.0593765080064783,0.00835));
#5006=CARTESIAN_POINT('',(-0.0498128887909302,-0.0593765080064783,0.0176883688644697));
#5007=CARTESIAN_POINT('',(-0.0501910922629932,-0.0617956331333199,0.0269903137728197));
#5008=CARTESIAN_POINT('',(-0.0505763900740861,-0.0642601361984238,0.0362915754407644));
#5009=CARTESIAN_POINT('',(-0.0478575871896346,-0.0574212064051826,0.00835));
#5010=CARTESIAN_POINT('',(-0.0478575871896346,-0.0574212064051826,0.0177455928795122));
#5011=CARTESIAN_POINT('',(-0.048156647094855,-0.0618021096199604,0.0270205358920666));
#5012=CARTESIAN_POINT('',(-0.0484613167644341,-0.0662651897975614,0.0362932157549586));
#5013=CARTESIAN_POINT('',(-0.0468799363889868,-0.0564435556045348,0.00835));
#5014=CARTESIAN_POINT('',(-0.0468799363889868,-0.0564435556045348,0.0177830252822981));
#5015=CARTESIAN_POINT('',(-0.0471394245107859,-0.0618053478632807,0.0270403053287246));
#5016=CARTESIAN_POINT('',(-0.0474037801096081,-0.0672677165971303,0.0362942887468059));
#5017=CARTESIAN_POINT('',(-0.0449246347876911,-0.0544882540032392,0.00835));
#5018=CARTESIAN_POINT('',(-0.0449246347876911,-0.0544882540032392,0.0178619473473489));
#5019=CARTESIAN_POINT('',(-0.0451049793426478,-0.0618118243499214,0.0270819869908625));
#5020=CARTESIAN_POINT('',(-0.0452887067999561,-0.069272770196268,0.0362965510309788));
#5021=CARTESIAN_POINT('',(-0.0439469839870432,-0.0535106032025913,0.00835));
#5022=CARTESIAN_POINT('',(-0.0439469839870432,-0.0535106032025913,0.0179034021873442));
#5023=CARTESIAN_POINT('',(-0.0440877567585786,-0.0618150625932416,0.0271038808254137));
#5024=CARTESIAN_POINT('',(-0.0442311701451301,-0.0702752969958369,0.0362977393251313));
#5025=CARTESIAN_POINT('',(-0.0419916823857476,-0.0515553016012957,0.00835));
#5026=CARTESIAN_POINT('',(-0.0419916823857476,-0.0515553016012957,0.0179644515592858));
#5027=CARTESIAN_POINT('',(-0.0420533115904405,-0.0618215390798821,0.0271361232571514));
#5028=CARTESIAN_POINT('',(-0.0421160968354782,-0.0722803505949746,0.0362994892923657));
#5029=CARTESIAN_POINT('',(-0.0410140315850998,-0.0505776508006478,0.00835));
#5030=CARTESIAN_POINT('',(-0.0410140315850998,-0.0505776508006478,0.0179810055506977));
#5031=CARTESIAN_POINT('',(-0.0410360890063714,-0.0618247773232024,0.0271448660324022));
#5032=CARTESIAN_POINT('',(-0.0410585601806521,-0.0732828773945435,0.0362999638090011));
#5033=CARTESIAN_POINT('',(-0.040036380784452,-0.0496,0.00835));
#5034=CARTESIAN_POINT('',(-0.040036380784452,-0.0496,0.017980314515167));
#5035=CARTESIAN_POINT('',(-0.0400188664223023,-0.0618280155665227,0.0271445010709748));
#5036=CARTESIAN_POINT('',(-0.0400010235258262,-0.0742854041941124,0.0362999440006149));
#5037=CARTESIAN_POINT('',(-0.0400189315257659,-0.06178256076555,0.0266457478411421));
#5038=CARTESIAN_POINT('',(-0.0404506754735405,-0.0634713692673395,0.0280843217504622));
#5039=CARTESIAN_POINT('',(-0.0414368162551095,-0.0667863343179675,0.0310009975363383));
#5040=CARTESIAN_POINT('',(-0.0425243144998181,-0.0697183076285015,0.0342724648165625));
#5041=CARTESIAN_POINT('',(-0.0429074322476096,-0.071169410371211,0.0359608323231295));
#5042=CARTESIAN_POINT('',(-0.0429074322476097,-0.0711694103712109,0.0359608323231294));
#5043=CARTESIAN_POINT('',(-0.0429076950112148,-0.0711697158613446,0.0359613436693396));
#5044=CARTESIAN_POINT('',(-0.0448619270529963,-0.0694254958922016,0.0359991672309005));
#5045=CARTESIAN_POINT('',(-0.0469410108759152,-0.0675629696414825,0.0360528572012857));
#5046=CARTESIAN_POINT('',(-0.0491465750165187,-0.0655417902505622,0.0361265895733876));
#5047=CARTESIAN_POINT('',(-0.0491465642388677,-0.065541778865513,0.036126599875154));
#5048=CARTESIAN_POINT('',(-0.0495008408704839,-0.0672466361732755,0.0409027668420472));
#5049=CARTESIAN_POINT('',(-0.0493869364051019,-0.0668604609982478,0.0396723355247805));
#5050=CARTESIAN_POINT('',(-0.0492836776853111,-0.0664392991241771,0.0384556014683366));
#5051=CARTESIAN_POINT('',(-0.0491699149852845,-0.0657487447742214,0.0366403743608112));
#5052=CARTESIAN_POINT('',(-0.0491389361699826,-0.0655085192350873,0.0360363520623927));
#5053=CARTESIAN_POINT('',(-0.0490983071400775,-0.0650086593093563,0.0348223778900318));
#5054=CARTESIAN_POINT('',(-0.0490886607938663,-0.064749178129512,0.0342129567283073));
#5055=CARTESIAN_POINT('',(-0.0491012771624448,-0.0642157018497279,0.0329790838874127));
#5056=CARTESIAN_POINT('',(-0.0491235407443499,-0.0639415383571251,0.0323546718826747));
#5057=CARTESIAN_POINT('',(-0.0492141715628345,-0.0633892988538662,0.0310752483188599));
#5058=CARTESIAN_POINT('',(-0.0492828004182663,-0.0631108838972417,0.0304200568029005));
#5059=CARTESIAN_POINT('',(-0.0494814505902559,-0.0625742792066521,0.0290588885581579));
#5060=CARTESIAN_POINT('',(-0.0496126207272596,-0.0623162208478675,0.0283517808820226));
#5061=CARTESIAN_POINT('',(-0.0498512649277317,-0.0619791670858706,0.0272477200775426));
#5062=CARTESIAN_POINT('',(-0.0499374481762046,-0.0618753611264311,0.026872734194981));
#5063=CARTESIAN_POINT('',(-0.0501170040865927,-0.0616902534861637,0.0261127773913596));
#5064=CARTESIAN_POINT('',(-0.0502102805934873,-0.0616090309326466,0.0257278811381547));
#5065=CARTESIAN_POINT('',(-0.0503954400843428,-0.0614711341162608,0.0249547761052195));
#5066=CARTESIAN_POINT('',(-0.0504872032348704,-0.0614144362385794,0.0245666775356356));
#5067=CARTESIAN_POINT('',(-0.0506619185788403,-0.061322973552527,0.0237934672263913));
#5068=CARTESIAN_POINT('',(-0.0507448434552727,-0.0612881184636424,0.023408389743348));
#5069=CARTESIAN_POINT('',(-0.0509748362985727,-0.061208514989475,0.0222627636915253));
#5070=CARTESIAN_POINT('',(-0.0511019732078414,-0.0611880700379779,0.0215145672952603));
#5071=CARTESIAN_POINT('',(-0.051307748050796,-0.0611740646694077,0.0200494960912678));
#5072=CARTESIAN_POINT('',(-0.0513873422129278,-0.0611805911507079,0.0193315232725301));
#5073=CARTESIAN_POINT('',(-0.0515146923310204,-0.061201158305977,0.0179136415903843));
#5074=CARTESIAN_POINT('',(-0.0515624898830916,-0.0612154621234578,0.0172146771629713));
#5075=CARTESIAN_POINT('',(-0.0516759903263739,-0.0612580746495082,0.0151348072250398));
#5076=CARTESIAN_POINT('',(-0.0517132220105672,-0.0612855901255295,0.0137698116343372));
#5077=CARTESIAN_POINT('',(-0.0517480305790645,-0.061312871635089,0.0117319017381941));
#5078=CARTESIAN_POINT('',(-0.0517557378933987,-0.0613198991901911,0.0110545597798296));
#5079=CARTESIAN_POINT('',(-0.0517632991783506,-0.0613269965508703,0.0100397483437232));
#5080=CARTESIAN_POINT('',(-0.0517651376133997,-0.0613287910907991,0.0097016972623171));
#5081=CARTESIAN_POINT('',(-0.051766971663358,-0.0613305958235778,0.00919479227005154));
#5082=CARTESIAN_POINT('',(-0.0517674281979552,-0.0613310495764966,0.00902585464716562));
#5083=CARTESIAN_POINT('',(-0.0517678851758564,-0.0613315047026204,0.00877246659715689));
#5084=CARTESIAN_POINT('',(-0.0517679994754477,-0.0613316188271256,0.00868800697102133));
#5085=CARTESIAN_POINT('',(-0.0517681139135321,-0.061331733148629,0.00856131856733881));
#5086=CARTESIAN_POINT('',(-0.0517681425585063,-0.0613317617826088,0.00851908927180729));
#5087=CARTESIAN_POINT('',(-0.0517681712195658,-0.0613317904363427,0.00845574582642023));
#5088=CARTESIAN_POINT('',(-0.0517681783891577,-0.0613317976052439,0.00843463139405222));
#5089=CARTESIAN_POINT('',(-0.0517681855866763,-0.0613318048023017,0.0084029597890933));
#5090=CARTESIAN_POINT('',(-0.0517681873881817,-0.0613318066037637,0.00839240259518988));
#5091=CARTESIAN_POINT('',(-0.0517681897776229,-0.0613318089931662,0.00837128821336827));
#5092=CARTESIAN_POINT('',(-0.0517674314366719,-0.0613310506522193,0.00836060890377165));
#5093=CARTESIAN_POINT('',(-0.0517682430482054,-0.0613318622637535,0.00835018697396979));
#5094=CARTESIAN_POINT('',(-0.0429653129725864,-0.0525289321881345,0.00835));
#5095=CARTESIAN_POINT('',(-0.0429653146613851,-0.0525289321881345,0.00879776293381322));
#5096=CARTESIAN_POINT('',(-0.0430261781014922,-0.0526302493334618,0.00969049075731583));
#5097=CARTESIAN_POINT('',(-0.0431522633527403,-0.0529813754116271,0.0114418531478688));
#5098=CARTESIAN_POINT('',(-0.0432666014401344,-0.0536173176717759,0.0135870496899299));
#5099=CARTESIAN_POINT('',(-0.0432235210560226,-0.0545449566504075,0.0161082640916318));
#5100=CARTESIAN_POINT('',(-0.0428848650121791,-0.0555758888525424,0.0185791336018549));
#5101=CARTESIAN_POINT('',(-0.0422009490010396,-0.0567162305629975,0.0208821419413532));
#5102=CARTESIAN_POINT('',(-0.0410943086705085,-0.0585800885142284,0.0236766921981956));
#5103=CARTESIAN_POINT('',(-0.0403901489512695,-0.0604487300672986,0.025509543571348));
#5104=CARTESIAN_POINT('',(-0.0400189315282986,-0.0617825607650474,0.0266457478407139));
#5105=CARTESIAN_POINT('',(-0.03,0.0204363807844519,0.00835));
#5106=CARTESIAN_POINT('',(-0.03,0.0204363807844519,0.0181838526030154));
#5107=CARTESIAN_POINT('',(-0.0392871333425817,0.0297235141270337,0.0275044263015077));
#5108=CARTESIAN_POINT('',(-0.0485742666851635,0.0390106474696155,0.036825));
#5109=CARTESIAN_POINT('',(-0.03,0.0187333490524143,0.00835));
#5110=CARTESIAN_POINT('',(-0.03,0.0187333490524143,0.018183920194589));
#5111=CARTESIAN_POINT('',(-0.040386974739788,0.0275025262628663,0.0275044600972945));
#5112=CARTESIAN_POINT('',(-0.0507739494795761,0.0362717034733184,0.036825));
#5113=CARTESIAN_POINT('',(-0.03,0.0170303173203766,0.00835));
#5114=CARTESIAN_POINT('',(-0.03,0.0170303173203766,0.018193567768437));
#5115=CARTESIAN_POINT('',(-0.0413706833623222,0.0251883294767024,0.0275092838842185));
#5116=CARTESIAN_POINT('',(-0.0527413667246445,0.0333463416330282,0.036825));
#5117=CARTESIAN_POINT('',(-0.03,0.0136242538563013,0.00835));
#5118=CARTESIAN_POINT('',(-0.03,0.0136242538563013,0.0182173047879243));
#5119=CARTESIAN_POINT('',(-0.0430778477889007,0.0204151423885491,0.0275211523939621));
#5120=CARTESIAN_POINT('',(-0.0561556955778014,0.0272060309207968,0.036825));
#5121=CARTESIAN_POINT('',(-0.03,0.0119212221242636,0.00835));
#5122=CARTESIAN_POINT('',(-0.03,0.0119212221242636,0.0182315300912489));
#5123=CARTESIAN_POINT('',(-0.0438012734504039,0.0179562024901346,0.0275282650456244));
#5124=CARTESIAN_POINT('',(-0.0576025469008078,0.0239911828560057,0.036825));
#5125=CARTESIAN_POINT('',(-0.03,0.00851515866018832,0.00835));
#5126=CARTESIAN_POINT('',(-0.03,0.00851515866018832,0.0182559779974834));
#5127=CARTESIAN_POINT('',(-0.044967199451679,0.0129394295416452,0.0275404889987417));
#5128=CARTESIAN_POINT('',(-0.0599343989033579,0.017363700423102,0.036825));
#5129=CARTESIAN_POINT('',(-0.03,0.00681212692815066,0.00835));
#5130=CARTESIAN_POINT('',(-0.03,0.00681212692815066,0.0182663662615478));
#5131=CARTESIAN_POINT('',(-0.0454096839019715,0.0103816416519169,0.0275456831307739));
#5132=CARTESIAN_POINT('',(-0.060819367803943,0.0139511563756832,0.036825));
#5133=CARTESIAN_POINT('',(-0.03,0.00340606346407533,0.00835));
#5134=CARTESIAN_POINT('',(-0.03,0.00340606346407533,0.0182809729512278));
#5135=CARTESIAN_POINT('',(-0.0460010882060217,0.00521587902660853,0.0275529864756139));
#5136=CARTESIAN_POINT('',(-0.0620021764120435,0.00702569458914172,0.036825));
#5137=CARTESIAN_POINT('',(-0.03,0.00170303173203767,0.00835));
#5138=CARTESIAN_POINT('',(-0.03,0.00170303173203767,0.0182851913768434));
#5139=CARTESIAN_POINT('',(-0.04615,0.00260795148183719,0.0275550956884217));
#5140=CARTESIAN_POINT('',(-0.0623,0.00351287123163669,0.036825));
#5141=CARTESIAN_POINT('',(-0.03,-0.00170303173203765,0.00835));
#5142=CARTESIAN_POINT('',(-0.03,-0.00170303173203765,0.0182849599292824));
#5143=CARTESIAN_POINT('',(-0.04615,-0.00260795148183719,0.0275549799646412));
#5144=CARTESIAN_POINT('',(-0.0623,-0.00351287123163673,0.036825));
#5145=CARTESIAN_POINT('',(-0.03,-0.00340606346407531,0.00835));
#5146=CARTESIAN_POINT('',(-0.03,-0.00340606346407531,0.0182812145911874));
#5147=CARTESIAN_POINT('',(-0.0460010882060217,-0.00521587902660856,0.0275531072955937));
#5148=CARTESIAN_POINT('',(-0.0620021764120435,-0.00702569458914181,0.036825));
#5149=CARTESIAN_POINT('',(-0.03,-0.00681212692815063,0.00835));
#5150=CARTESIAN_POINT('',(-0.03,-0.00681212692815063,0.0182667531905549));
#5151=CARTESIAN_POINT('',(-0.0454096839019715,-0.010381641651917,0.0275458765952774));
#5152=CARTESIAN_POINT('',(-0.0608193678039429,-0.0139511563756833,0.036825));
#5153=CARTESIAN_POINT('',(-0.03,-0.0085151586601883,0.00835));
#5154=CARTESIAN_POINT('',(-0.03,-0.0085151586601883,0.0182560808325614));
#5155=CARTESIAN_POINT('',(-0.044967199451679,-0.0129394295416452,0.0275405404162807));
#5156=CARTESIAN_POINT('',(-0.0599343989033579,-0.0173637004231021,0.036825));
#5157=CARTESIAN_POINT('',(-0.03,-0.0119212221242636,0.00835));
#5158=CARTESIAN_POINT('',(-0.03,-0.0119212221242636,0.0182314272561709));
#5159=CARTESIAN_POINT('',(-0.0438012734504039,-0.0179562024901346,0.0275282136280855));
#5160=CARTESIAN_POINT('',(-0.0576025469008078,-0.0239911828560057,0.036825));
#5161=CARTESIAN_POINT('',(-0.03,-0.0136242538563013,0.00835));
#5162=CARTESIAN_POINT('',(-0.03,-0.0136242538563013,0.0182173047879243));
#5163=CARTESIAN_POINT('',(-0.0430778477889007,-0.0204151423885491,0.0275211523939622));
#5164=CARTESIAN_POINT('',(-0.0561556955778014,-0.0272060309207969,0.036825));
#5165=CARTESIAN_POINT('',(-0.03,-0.0170303173203766,0.00835));
#5166=CARTESIAN_POINT('',(-0.03,-0.0170303173203766,0.0181935677684371));
#5167=CARTESIAN_POINT('',(-0.0413706833623222,-0.0251883294767024,0.0275092838842185));
#5168=CARTESIAN_POINT('',(-0.0527413667246444,-0.0333463416330282,0.036825));
#5169=CARTESIAN_POINT('',(-0.03,-0.0187333490524142,0.00835));
#5170=CARTESIAN_POINT('',(-0.03,-0.0187333490524142,0.018183920194589));
#5171=CARTESIAN_POINT('',(-0.040386974739788,-0.0275025262628664,0.0275044600972945));
#5172=CARTESIAN_POINT('',(-0.050773949479576,-0.0362717034733185,0.036825));
#5173=CARTESIAN_POINT('',(-0.03,-0.0204363807844519,0.00835));
#5174=CARTESIAN_POINT('',(-0.03,-0.0204363807844519,0.0181838526030154));
#5175=CARTESIAN_POINT('',(-0.0392871333425817,-0.0297235141270337,0.0275044263015077));
#5176=CARTESIAN_POINT('',(-0.0485742666851635,-0.0390106474696155,0.036825));
#5177=CARTESIAN_POINT('',(-0.03,-0.0183653129725864,0.00835));
#5178=CARTESIAN_POINT('',(-0.0300000024550208,-0.0183653154276072,0.0100018186125344));
#5179=CARTESIAN_POINT('',(-0.0304694019249375,-0.0185261150582877,0.0124968618804526));
#5180=CARTESIAN_POINT('',(-0.0317376038814425,-0.0191476394999416,0.0154699175734885));
#5181=CARTESIAN_POINT('',(-0.0333193562912637,-0.0200623553478186,0.0182600835750093));
#5182=CARTESIAN_POINT('',(-0.0355518653309785,-0.0216013470418497,0.0212562697615557));
#5183=CARTESIAN_POINT('',(-0.038398460164768,-0.0238356225386052,0.0244792900452465));
#5184=CARTESIAN_POINT('',(-0.0413311992395281,-0.0263097421119422,0.0274797354030352));
#5185=CARTESIAN_POINT('',(-0.0452899809375527,-0.0298040917918504,0.0312976317670474));
#5186=CARTESIAN_POINT('',(-0.0482635580017765,-0.0325454193603335,0.0340296496864984));
#5187=CARTESIAN_POINT('',(-0.0502342668923586,-0.0343870158314448,0.035852072964284));
#5188=CARTESIAN_POINT('',(-0.0502342668923586,-0.0343870158314448,0.035852072964284));
#5189=CARTESIAN_POINT('',(-0.0502335285197371,-0.0343863258350862,0.0358513901508339));
#5190=CARTESIAN_POINT('',(-0.0535783549792169,-0.0293366411776009,0.0358431563364472));
#5191=CARTESIAN_POINT('',(-0.0587819061038713,-0.0182315777753509,0.0358329350738269));
#5192=CARTESIAN_POINT('',(-0.0614599220715177,1.81961414673379E-6,0.0358283379299641));
#5193=CARTESIAN_POINT('',(-0.0587809409026508,0.0182342082944591,0.0358329262651685));
#5194=CARTESIAN_POINT('',(-0.0535777472783817,0.0293375543658622,0.0358431562172062));
#5195=CARTESIAN_POINT('',(-0.0502335285197395,0.0343863258350827,0.0358513901508339));
#5196=CARTESIAN_POINT('',(-0.0502335285197372,0.0343863258350861,0.0358513901508339));
#5197=CARTESIAN_POINT('',(-0.0502335285197372,0.0343863258350862,0.0358513901508339));
#5198=CARTESIAN_POINT('',(-0.0482631189433406,0.032545015718526,0.0340292461461847));
#5199=CARTESIAN_POINT('',(-0.0452902185436707,0.0298043127764132,0.0312978411005347));
#5200=CARTESIAN_POINT('',(-0.0413315013892904,0.0263100026986197,0.027480044708411));
#5201=CARTESIAN_POINT('',(-0.0383986732303559,0.023835795608056,0.0244794834797814));
#5202=CARTESIAN_POINT('',(-0.0355520239703266,0.0216014637962375,0.0212566003748983));
#5203=CARTESIAN_POINT('',(-0.0333194612600167,0.0200624214039646,0.0182598457992006));
#5204=CARTESIAN_POINT('',(-0.031737663768686,0.0191476707824472,0.0154707303541759));
#5205=CARTESIAN_POINT('',(-0.0304694203661073,0.018526121534685,0.012493201403946));
#5206=CARTESIAN_POINT('',(-0.03,0.0183653129725865,0.010018468203262));
#5207=CARTESIAN_POINT('',(-0.03,0.0183653129725865,0.00835));
#5208=CARTESIAN_POINT('',(-0.0565968700486664,0.0565968700486663,1.37917357879164E-17));
#5209=CARTESIAN_POINT('',(-0.0599644660940673,0.0532292740032654,0.036825));
#5210=CARTESIAN_POINT('',(-0.0599644660940673,0.0532292740032654,0.01335));
#5211=CARTESIAN_POINT('',(-0.0599644660940673,0.0532292740032654,0.0362911686245697));
#5212=CARTESIAN_POINT('',(-0.0565968700486664,0.0565968700486663,0.0362911686245697));
#5213=CARTESIAN_POINT('',(-0.0532292740032654,0.0599644660940673,0.0362911686245697));
#5214=CARTESIAN_POINT('',(-0.0532292740032654,0.0599644660940673,1.37917357879164E-17));
#5215=CARTESIAN_POINT('',(-0.0532292740032654,0.0599644660940673,0.01335));
#5216=CARTESIAN_POINT('',(-0.0613786796564404,0.0518150604408923,0.01335));
#5217=CARTESIAN_POINT('',(0.0204363807844519,0.03,0.00835));
#5218=CARTESIAN_POINT('',(0.0204363807844519,0.03,0.0181838526030154));
#5219=CARTESIAN_POINT('',(0.0297235141270337,0.0392871333425817,0.0275044263015077));
#5220=CARTESIAN_POINT('',(0.0390106474696154,0.0485742666851635,0.036825));
#5221=CARTESIAN_POINT('',(0.0187333490524143,0.03,0.00835));
#5222=CARTESIAN_POINT('',(0.0187333490524143,0.03,0.018183920194589));
#5223=CARTESIAN_POINT('',(0.0275025262628663,0.040386974739788,0.0275044600972945));
#5224=CARTESIAN_POINT('',(0.0362717034733184,0.0507739494795761,0.036825));
#5225=CARTESIAN_POINT('',(0.0170303173203766,0.03,0.00835));
#5226=CARTESIAN_POINT('',(0.0170303173203766,0.03,0.018193567768437));
#5227=CARTESIAN_POINT('',(0.0251883294767024,0.0413706833623222,0.0275092838842185));
#5228=CARTESIAN_POINT('',(0.0333463416330281,0.0527413667246445,0.036825));
#5229=CARTESIAN_POINT('',(0.0136242538563013,0.03,0.00835));
#5230=CARTESIAN_POINT('',(0.0136242538563013,0.03,0.0182173047879243));
#5231=CARTESIAN_POINT('',(0.0204151423885491,0.0430778477889007,0.0275211523939621));
#5232=CARTESIAN_POINT('',(0.0272060309207968,0.0561556955778014,0.036825));
#5233=CARTESIAN_POINT('',(0.0119212221242637,0.03,0.00835));
#5234=CARTESIAN_POINT('',(0.0119212221242637,0.03,0.0182314272561709));
#5235=CARTESIAN_POINT('',(0.0179562024901346,0.0438012734504039,0.0275282136280855));
#5236=CARTESIAN_POINT('',(0.0239911828560057,0.0576025469008078,0.036825));
#5237=CARTESIAN_POINT('',(0.00851515866018834,0.03,0.00835));
#5238=CARTESIAN_POINT('',(0.00851515866018834,0.03,0.0182560808325614));
#5239=CARTESIAN_POINT('',(0.0129394295416452,0.044967199451679,0.0275405404162807));
#5240=CARTESIAN_POINT('',(0.017363700423102,0.0599343989033579,0.036825));
#5241=CARTESIAN_POINT('',(0.00681212692815067,0.03,0.00835));
#5242=CARTESIAN_POINT('',(0.00681212692815067,0.03,0.0182667531905549));
#5243=CARTESIAN_POINT('',(0.0103816416519169,0.0454096839019715,0.0275458765952774));
#5244=CARTESIAN_POINT('',(0.0139511563756832,0.0608193678039429,0.036825));
#5245=CARTESIAN_POINT('',(0.00340606346407535,0.03,0.00835));
#5246=CARTESIAN_POINT('',(0.00340606346407535,0.03,0.0182812145911874));
#5247=CARTESIAN_POINT('',(0.00521587902660854,0.0460010882060217,0.0275531072955937));
#5248=CARTESIAN_POINT('',(0.00702569458914172,0.0620021764120435,0.036825));
#5249=CARTESIAN_POINT('',(0.00170303173203769,0.03,0.00835));
#5250=CARTESIAN_POINT('',(0.00170303173203769,0.03,0.0182849599292824));
#5251=CARTESIAN_POINT('',(0.00260795148183719,0.04615,0.0275549799646412));
#5252=CARTESIAN_POINT('',(0.00351287123163669,0.0623,0.036825));
#5253=CARTESIAN_POINT('',(-0.00170303173203763,0.03,0.00835));
#5254=CARTESIAN_POINT('',(-0.00170303173203763,0.03,0.0182851913768434));
#5255=CARTESIAN_POINT('',(-0.00260795148183719,0.04615,0.0275550956884217));
#5256=CARTESIAN_POINT('',(-0.00351287123163674,0.0623,0.036825));
#5257=CARTESIAN_POINT('',(-0.00340606346407529,0.03,0.00835));
#5258=CARTESIAN_POINT('',(-0.00340606346407529,0.03,0.0182809729512278));
#5259=CARTESIAN_POINT('',(-0.00521587902660853,0.0460010882060217,0.0275529864756139));
#5260=CARTESIAN_POINT('',(-0.00702569458914177,0.0620021764120435,0.036825));
#5261=CARTESIAN_POINT('',(-0.00681212692815062,0.03,0.00835));
#5262=CARTESIAN_POINT('',(-0.00681212692815062,0.03,0.0182663662615478));
#5263=CARTESIAN_POINT('',(-0.0103816416519169,0.0454096839019715,0.0275456831307739));
#5264=CARTESIAN_POINT('',(-0.0139511563756833,0.0608193678039429,0.036825));
#5265=CARTESIAN_POINT('',(-0.00851515866018828,0.03,0.00835));
#5266=CARTESIAN_POINT('',(-0.00851515866018828,0.03,0.0182559779974834));
#5267=CARTESIAN_POINT('',(-0.0129394295416452,0.044967199451679,0.0275404889987417));
#5268=CARTESIAN_POINT('',(-0.017363700423102,0.0599343989033579,0.036825));
#5269=CARTESIAN_POINT('',(-0.0119212221242636,0.03,0.00835));
#5270=CARTESIAN_POINT('',(-0.0119212221242636,0.03,0.0182315300912489));
#5271=CARTESIAN_POINT('',(-0.0179562024901346,0.0438012734504039,0.0275282650456244));
#5272=CARTESIAN_POINT('',(-0.0239911828560057,0.0576025469008078,0.036825));
#5273=CARTESIAN_POINT('',(-0.0136242538563013,0.03,0.00835));
#5274=CARTESIAN_POINT('',(-0.0136242538563013,0.03,0.0182173047879243));
#5275=CARTESIAN_POINT('',(-0.0204151423885491,0.0430778477889007,0.0275211523939622));
#5276=CARTESIAN_POINT('',(-0.0272060309207968,0.0561556955778014,0.036825));
#5277=CARTESIAN_POINT('',(-0.0170303173203766,0.03,0.00835));
#5278=CARTESIAN_POINT('',(-0.0170303173203766,0.03,0.0181935677684371));
#5279=CARTESIAN_POINT('',(-0.0251883294767024,0.0413706833623222,0.0275092838842185));
#5280=CARTESIAN_POINT('',(-0.0333463416330282,0.0527413667246444,0.036825));
#5281=CARTESIAN_POINT('',(-0.0187333490524142,0.03,0.00835));
#5282=CARTESIAN_POINT('',(-0.0187333490524142,0.03,0.018183920194589));
#5283=CARTESIAN_POINT('',(-0.0275025262628663,0.040386974739788,0.0275044600972945));
#5284=CARTESIAN_POINT('',(-0.0362717034733184,0.0507739494795761,0.036825));
#5285=CARTESIAN_POINT('',(-0.0204363807844519,0.03,0.00835));
#5286=CARTESIAN_POINT('',(-0.0204363807844519,0.03,0.0181838526030154));
#5287=CARTESIAN_POINT('',(-0.0297235141270337,0.0392871333425817,0.0275044263015077));
#5288=CARTESIAN_POINT('',(-0.0390106474696155,0.0485742666851635,0.036825));
#5289=CARTESIAN_POINT('',(-0.0183653129725865,0.03,0.00835));
#5290=CARTESIAN_POINT('',(-0.0183653154269386,0.0300000024543522,0.0100018185962962));
#5291=CARTESIAN_POINT('',(-0.0185261150748328,0.0304694019643872,0.0124968620224445));
#5292=CARTESIAN_POINT('',(-0.0191476395239283,0.0317376039276635,0.0154699176680833));
#5293=CARTESIAN_POINT('',(-0.0200623554620642,0.0333193564840906,0.0182600838983492));
#5294=CARTESIAN_POINT('',(-0.0216013474820868,0.0355518659324321,0.021256270505775));
#5295=CARTESIAN_POINT('',(-0.0238356229756112,0.0383984606885886,0.0244792905885384));
#5296=CARTESIAN_POINT('',(-0.0263097422160815,0.0413311993569233,0.0274797355154089));
#5297=CARTESIAN_POINT('',(-0.0298040919044162,0.045289981062863,0.0312976318855914));
#5298=CARTESIAN_POINT('',(-0.0325454193984254,0.0482635580425389,0.0340296497241937));
#5299=CARTESIAN_POINT('',(-0.0343870158314448,0.0502342668923586,0.035852072964284));
#5300=CARTESIAN_POINT('',(-0.0343870158314447,0.0502342668923586,0.035852072964284));
#5301=CARTESIAN_POINT('',(-0.0343863258350862,0.0502335285197371,0.0358513901508339));
#5302=CARTESIAN_POINT('',(-0.0293368848962039,0.0535781927908395,0.0358431563042962));
#5303=CARTESIAN_POINT('',(-0.0182322798334831,0.0587816485118845,0.0358329267794527));
#5304=CARTESIAN_POINT('',(8.48348134582368E-7,0.0614599220904802,0.0358283379234511));
#5305=CARTESIAN_POINT('',(0.0182335062451258,0.0587811985117264,0.0358329345534415));
#5306=CARTESIAN_POINT('',(0.029337310646665,0.0535779094660081,0.0358431562487031));
#5307=CARTESIAN_POINT('',(0.0343863258350883,0.0502335285197357,0.0358513901508339));
#5308=CARTESIAN_POINT('',(0.0343863258350861,0.0502335285197371,0.0358513901508338));
#5309=CARTESIAN_POINT('',(0.0343863258350861,0.0502335285197372,0.0358513901508338));
#5310=CARTESIAN_POINT('',(0.0325450156733648,0.0482631188950131,0.0340292461014937));
#5311=CARTESIAN_POINT('',(0.0298043126555439,0.0452902184090328,0.0312978409731465));
#5312=CARTESIAN_POINT('',(0.0263100025953577,0.0413315012728647,0.0274800445968836));
#5313=CARTESIAN_POINT('',(0.0238357951702478,0.0383986727055913,0.0244794829357368));
#5314=CARTESIAN_POINT('',(0.0216014633558173,0.0355520233686085,0.0212565996295607));
#5315=CARTESIAN_POINT('',(0.0200624212895367,0.0333194610668973,0.0182598454776922));
#5316=CARTESIAN_POINT('',(0.0191476707583672,0.031737663722309,0.0154707302553376));
#5317=CARTESIAN_POINT('',(0.0185261215182674,0.0304694203267505,0.0124932012832991));
#5318=CARTESIAN_POINT('',(0.0183653129725865,0.03,0.0100184681235633));
#5319=CARTESIAN_POINT('',(0.0183653129725865,0.03,0.00835));
#5320=CARTESIAN_POINT('',(0.0565968700486663,0.0565968700486664,1.37917357879164E-17));
#5321=CARTESIAN_POINT('',(0.0532292740032654,0.0599644660940673,0.036825));
#5322=CARTESIAN_POINT('',(0.0532292740032654,0.0599644660940673,0.01335));
#5323=CARTESIAN_POINT('',(0.0532292740032654,0.0599644660940673,0.0362911686245697));
#5324=CARTESIAN_POINT('',(0.0565968700486663,0.0565968700486664,0.0362911686245697));
#5325=CARTESIAN_POINT('',(0.0599644660940673,0.0532292740032654,0.0362911686245697));
#5326=CARTESIAN_POINT('',(0.0599644660940673,0.0532292740032654,1.37917357879164E-17));
#5327=CARTESIAN_POINT('',(0.0599644660940673,0.0532292740032654,0.01335));
#5328=CARTESIAN_POINT('',(0.0518150604408923,0.0613786796564404,0.01335));
#5329=CARTESIAN_POINT('',(0.03,-0.0204363807844519,0.00835));
#5330=CARTESIAN_POINT('',(0.03,-0.0204363807844519,0.0181838526030154));
#5331=CARTESIAN_POINT('',(0.0392871333425817,-0.0297235141270337,0.0275044263015077));
#5332=CARTESIAN_POINT('',(0.0485742666851635,-0.0390106474696154,0.036825));
#5333=CARTESIAN_POINT('',(0.03,-0.0187333490524143,0.00835));
#5334=CARTESIAN_POINT('',(0.03,-0.0187333490524143,0.018183920194589));
#5335=CARTESIAN_POINT('',(0.040386974739788,-0.0275025262628664,0.0275044600972945));
#5336=CARTESIAN_POINT('',(0.050773949479576,-0.0362717034733184,0.036825));
#5337=CARTESIAN_POINT('',(0.03,-0.0170303173203766,0.00835));
#5338=CARTESIAN_POINT('',(0.03,-0.0170303173203766,0.018193567768437));
#5339=CARTESIAN_POINT('',(0.0413706833623223,-0.0251883294767024,0.0275092838842185));
#5340=CARTESIAN_POINT('',(0.0527413667246445,-0.0333463416330281,0.036825));
#5341=CARTESIAN_POINT('',(0.03,-0.0136242538563013,0.00835));
#5342=CARTESIAN_POINT('',(0.03,-0.0136242538563013,0.0182173047879243));
#5343=CARTESIAN_POINT('',(0.0430778477889007,-0.0204151423885491,0.0275211523939621));
#5344=CARTESIAN_POINT('',(0.0561556955778015,-0.0272060309207968,0.036825));
#5345=CARTESIAN_POINT('',(0.03,-0.0119212221242636,0.00835));
#5346=CARTESIAN_POINT('',(0.03,-0.0119212221242636,0.0182314272561709));
#5347=CARTESIAN_POINT('',(0.0438012734504039,-0.0179562024901346,0.0275282136280855));
#5348=CARTESIAN_POINT('',(0.0576025469008078,-0.0239911828560057,0.036825));
#5349=CARTESIAN_POINT('',(0.03,-0.00851515866018833,0.00835));
#5350=CARTESIAN_POINT('',(0.03,-0.00851515866018833,0.0182560808325614));
#5351=CARTESIAN_POINT('',(0.044967199451679,-0.0129394295416452,0.0275405404162807));
#5352=CARTESIAN_POINT('',(0.0599343989033579,-0.017363700423102,0.036825));
#5353=CARTESIAN_POINT('',(0.03,-0.00681212692815067,0.00835));
#5354=CARTESIAN_POINT('',(0.03,-0.00681212692815067,0.0182667531905549));
#5355=CARTESIAN_POINT('',(0.0454096839019715,-0.010381641651917,0.0275458765952774));
#5356=CARTESIAN_POINT('',(0.060819367803943,-0.0139511563756832,0.036825));
#5357=CARTESIAN_POINT('',(0.03,-0.00340606346407535,0.00835));
#5358=CARTESIAN_POINT('',(0.03,-0.00340606346407535,0.0182812145911874));
#5359=CARTESIAN_POINT('',(0.0460010882060217,-0.00521587902660855,0.0275531072955937));
#5360=CARTESIAN_POINT('',(0.0620021764120435,-0.00702569458914175,0.036825));
#5361=CARTESIAN_POINT('',(0.03,-0.00170303173203769,0.00835));
#5362=CARTESIAN_POINT('',(0.03,-0.00170303173203769,0.0182850756530629));
#5363=CARTESIAN_POINT('',(0.04615,-0.0026079514818372,0.0275550378265315));
#5364=CARTESIAN_POINT('',(0.0623,-0.00351287123163672,0.036825));
#5365=CARTESIAN_POINT('',(0.03,0.00170303173203763,0.00835));
#5366=CARTESIAN_POINT('',(0.03,0.00170303173203763,0.0182850756530629));
#5367=CARTESIAN_POINT('',(0.04615,0.00260795148183717,0.0275550378265315));
#5368=CARTESIAN_POINT('',(0.0623,0.0035128712316367,0.036825));
#5369=CARTESIAN_POINT('',(0.03,0.00340606346407529,0.00835));
#5370=CARTESIAN_POINT('',(0.03,0.00340606346407529,0.0182812145911874));
#5371=CARTESIAN_POINT('',(0.0460010882060217,0.00521587902660853,0.0275531072955937));
#5372=CARTESIAN_POINT('',(0.0620021764120435,0.00702569458914176,0.036825));
#5373=CARTESIAN_POINT('',(0.03,0.00681212692815062,0.00835));
#5374=CARTESIAN_POINT('',(0.03,0.00681212692815062,0.0182667531905549));
#5375=CARTESIAN_POINT('',(0.0454096839019715,0.0103816416519169,0.0275458765952774));
#5376=CARTESIAN_POINT('',(0.0608193678039429,0.0139511563756833,0.036825));
#5377=CARTESIAN_POINT('',(0.03,0.00851515866018828,0.00835));
#5378=CARTESIAN_POINT('',(0.03,0.00851515866018828,0.0182560808325614));
#5379=CARTESIAN_POINT('',(0.044967199451679,0.0129394295416451,0.0275405404162807));
#5380=CARTESIAN_POINT('',(0.0599343989033579,0.017363700423102,0.036825));
#5381=CARTESIAN_POINT('',(0.03,0.0119212221242636,0.00835));
#5382=CARTESIAN_POINT('',(0.03,0.0119212221242636,0.0182314272561709));
#5383=CARTESIAN_POINT('',(0.0438012734504039,0.0179562024901346,0.0275282136280855));
#5384=CARTESIAN_POINT('',(0.0576025469008078,0.0239911828560057,0.036825));
#5385=CARTESIAN_POINT('',(0.03,0.0136242538563013,0.00835));
#5386=CARTESIAN_POINT('',(0.03,0.0136242538563013,0.0182173047879243));
#5387=CARTESIAN_POINT('',(0.0430778477889007,0.0204151423885491,0.0275211523939622));
#5388=CARTESIAN_POINT('',(0.0561556955778014,0.0272060309207969,0.036825));
#5389=CARTESIAN_POINT('',(0.03,0.0170303173203766,0.00835));
#5390=CARTESIAN_POINT('',(0.03,0.0170303173203766,0.0181935677684371));
#5391=CARTESIAN_POINT('',(0.0413706833623222,0.0251883294767024,0.0275092838842185));
#5392=CARTESIAN_POINT('',(0.0527413667246444,0.0333463416330282,0.036825));
#5393=CARTESIAN_POINT('',(0.03,0.0187333490524142,0.00835));
#5394=CARTESIAN_POINT('',(0.03,0.0187333490524142,0.018183920194589));
#5395=CARTESIAN_POINT('',(0.040386974739788,0.0275025262628663,0.0275044600972945));
#5396=CARTESIAN_POINT('',(0.0507739494795761,0.0362717034733184,0.036825));
#5397=CARTESIAN_POINT('',(0.03,0.0204363807844519,0.00835));
#5398=CARTESIAN_POINT('',(0.03,0.0204363807844519,0.0181838526030154));
#5399=CARTESIAN_POINT('',(0.0392871333425817,0.0297235141270337,0.0275044263015077));
#5400=CARTESIAN_POINT('',(0.0485742666851635,0.0390106474696155,0.036825));
#5401=CARTESIAN_POINT('',(0.03,0.0183653129725864,0.00835));
#5402=CARTESIAN_POINT('',(0.0300000024550208,0.0183653154276072,0.0100018186125343));
#5403=CARTESIAN_POINT('',(0.0304694019249374,0.0185261150582877,0.0124968618804525));
#5404=CARTESIAN_POINT('',(0.0317376038814424,0.0191476394999415,0.0154699175734883));
#5405=CARTESIAN_POINT('',(0.0333193562912636,0.0200623553478186,0.0182600835750091));
#5406=CARTESIAN_POINT('',(0.0355518653309783,0.0216013470418495,0.0212562697615555));
#5407=CARTESIAN_POINT('',(0.0383984601647677,0.0238356225386051,0.0244792900452463));
#5408=CARTESIAN_POINT('',(0.0413311992395278,0.0263097421119419,0.0274797354030349));
#5409=CARTESIAN_POINT('',(0.0452899809375522,0.0298040917918503,0.031297631767047));
#5410=CARTESIAN_POINT('',(0.048263558001776,0.0325454193603331,0.034029649686498));
#5411=CARTESIAN_POINT('',(0.0502342668923581,0.0343870158314444,0.0358520729642836));
#5412=CARTESIAN_POINT('',(0.0502342668923581,0.0343870158314444,0.0358520729642836));
#5413=CARTESIAN_POINT('',(0.0502335285197372,0.0343863258350862,0.0358513901508339));
#5414=CARTESIAN_POINT('',(0.0535782743791702,0.0293367628609297,0.0358431565354011));
#5415=CARTESIAN_POINT('',(0.0587817785511168,0.0182319280628721,0.0358329361910329));
#5416=CARTESIAN_POINT('',(0.0614599233332457,-1.3354674511764E-6,0.0358283362568528));
#5417=CARTESIAN_POINT('',(0.0587810701620151,-0.0182338586769096,0.0358329356693169));
#5418=CARTESIAN_POINT('',(0.0535778283699604,-0.0293374330761925,0.0358431564478867));
#5419=CARTESIAN_POINT('',(0.0502335285197388,-0.0343863258350837,0.0358513901508339));
#5420=CARTESIAN_POINT('',(0.0502335285197235,-0.0343863258350734,0.0358513901508212));
#5421=CARTESIAN_POINT('',(0.0502335285197235,-0.0343863258350734,0.0358513901508212));
#5422=CARTESIAN_POINT('',(0.0482631188950005,-0.0325450156733532,0.0340292461014821));
#5423=CARTESIAN_POINT('',(0.0452902184090219,-0.029804312655534,0.0312978409731363));
#5424=CARTESIAN_POINT('',(0.0413315012728562,-0.0263100025953503,0.0274800445968751));
#5425=CARTESIAN_POINT('',(0.0383986727055846,-0.0238357951702423,0.0244794829357296));
#5426=CARTESIAN_POINT('',(0.0355520233686037,-0.0216014633558138,0.0212565996295548));
#5427=CARTESIAN_POINT('',(0.033319461066894,-0.0200624212895348,0.0182598454776872));
#5428=CARTESIAN_POINT('',(0.0317376637223073,-0.0191476707583661,0.0154707302553338));
#5429=CARTESIAN_POINT('',(0.0304694203267499,-0.0185261215182673,0.0124932012832966));
#5430=CARTESIAN_POINT('',(0.03,-0.0183653129725865,0.0100184681235623));
#5431=CARTESIAN_POINT('',(0.03,-0.0183653129725865,0.00835));
#5432=CARTESIAN_POINT('',(0.0400363807844519,-0.0496,0.00835));
#5433=CARTESIAN_POINT('',(0.0400363807844519,-0.0496,0.0179803144922769));
#5434=CARTESIAN_POINT('',(0.0400188664223856,-0.0618280155083936,0.0271445010274104));
#5435=CARTESIAN_POINT('',(0.0400010235259534,-0.0742854041052832,0.0362999439353307));
#5436=CARTESIAN_POINT('',(0.0410140315850997,-0.0505776508006478,0.00835));
#5437=CARTESIAN_POINT('',(0.0410140315850997,-0.0505776508006478,0.0179810055278059));
#5438=CARTESIAN_POINT('',(0.0410360890062665,-0.0618247772697362,0.0271448659888394));
#5439=CARTESIAN_POINT('',(0.0410585601804919,-0.0732828773128398,0.0362999637437193));
#5440=CARTESIAN_POINT('',(0.0419916823857476,-0.0515553016012956,0.00835));
#5441=CARTESIAN_POINT('',(0.0419916823857476,-0.0515553016012956,0.0179644515364333));
#5442=CARTESIAN_POINT('',(0.0420533115901475,-0.0618215390310788,0.0271361232135515));
#5443=CARTESIAN_POINT('',(0.0421160968350305,-0.0722803505203965,0.036299489227025));
#5444=CARTESIAN_POINT('',(0.0439469839870432,-0.0535106032025913,0.00835));
#5445=CARTESIAN_POINT('',(0.0439469839870432,-0.0535106032025913,0.0179034021646369));
#5446=CARTESIAN_POINT('',(0.0440877567579094,-0.0618150625537641,0.0271038807816768));
#5447=CARTESIAN_POINT('',(0.0442311701441075,-0.07027529693551,0.0362977392595732));
#5448=CARTESIAN_POINT('',(0.0449246347876911,-0.0544882540032392,0.00835));
#5449=CARTESIAN_POINT('',(0.0449246347876911,-0.0544882540032392,0.0178619473247402));
#5450=CARTESIAN_POINT('',(0.0451049793417904,-0.0618118243151068,0.0270819869470326));
#5451=CARTESIAN_POINT('',(0.045288706798646,-0.0692727701430667,0.036296550965273));
#5452=CARTESIAN_POINT('',(0.0468799363889868,-0.0564435556045349,0.00835));
#5453=CARTESIAN_POINT('',(0.0468799363889868,-0.0564435556045349,0.017783025259877));
#5454=CARTESIAN_POINT('',(0.0471394245095524,-0.061805347837792,0.0270403052847176));
#5455=CARTESIAN_POINT('',(0.0474037801077231,-0.0672677165581801,0.036294288680819));
#5456=CARTESIAN_POINT('',(0.0478575871896346,-0.0574212064051827,0.00835));
#5457=CARTESIAN_POINT('',(0.0478575871896346,-0.0574212064051827,0.01774559285718));
#5458=CARTESIAN_POINT('',(0.0481566470934334,-0.0618021095991348,0.0270205358479757));
#5459=CARTESIAN_POINT('',(0.0484613167622617,-0.0662651897657368,0.0362932156888384));
#5460=CARTESIAN_POINT('',(0.0498128887909303,-0.0593765080064784,0.00835));
#5461=CARTESIAN_POINT('',(0.0498128887909303,-0.0593765080064784,0.0176883688422735));
#5462=CARTESIAN_POINT('',(0.0501910922611953,-0.06179563312182,0.0269903137286005));
#5463=CARTESIAN_POINT('',(0.0505763900713387,-0.0642601361808502,0.0362915753744404));
#5464=CARTESIAN_POINT('',(0.0507905395915781,-0.0603541588071262,0.00835));
#5465=CARTESIAN_POINT('',(0.0507905395915781,-0.0603541588071262,0.0176653781191668));
#5466=CARTESIAN_POINT('',(0.0512083148450763,-0.0617923948831627,0.0269781714771455));
#5467=CARTESIAN_POINT('',(0.0516339267258773,-0.063257609388407,0.0362909163501795));
#5468=CARTESIAN_POINT('',(0.051768190392226,-0.061331809607774,0.00835));
#5469=CARTESIAN_POINT('',(0.051768190392226,-0.061331809607774,0.0176646580923403));
#5470=CARTESIAN_POINT('',(0.0522255374289573,-0.0617891566445053,0.0269777912043398));
#5471=CARTESIAN_POINT('',(0.0526914633804157,-0.0622550825959637,0.0362908957107613));
#5472=CARTESIAN_POINT('',(0.0495008646705578,-0.0672467168626091,0.0409030239361892));
#5473=CARTESIAN_POINT('',(0.049386947685499,-0.0668605095213525,0.0396724729712567));
#5474=CARTESIAN_POINT('',(0.0492836775184757,-0.066439309160369,0.0384556222411172));
#5475=CARTESIAN_POINT('',(0.0491699061532401,-0.0657486856374638,0.0366402217156196));
#5476=CARTESIAN_POINT('',(0.0491389258946742,-0.0655084349620086,0.0360361414204001));
#5477=CARTESIAN_POINT('',(0.049098299373657,-0.0650085215958996,0.0348220494118014));
#5478=CARTESIAN_POINT('',(0.0490886569537085,-0.0647490120199551,0.0342125683278338));
#5479=CARTESIAN_POINT('',(0.0491012902365961,-0.0642154777452121,0.0329785697680875));
#5480=CARTESIAN_POINT('',(0.0491235668328301,-0.0639412845363148,0.032354091968972));
#5481=CARTESIAN_POINT('',(0.0492142378256354,-0.063388990048578,0.0310745247371354));
#5482=CARTESIAN_POINT('',(0.0492828943177363,-0.0631105495451123,0.0304192550340131));
#5483=CARTESIAN_POINT('',(0.0494816161944523,-0.0625739126787808,0.0290579123923277));
#5484=CARTESIAN_POINT('',(0.0496128314838711,-0.0623158483479495,0.0283507074426689));
#5485=CARTESIAN_POINT('',(0.0498515398660401,-0.0619788162777917,0.0272464974224812));
#5486=CARTESIAN_POINT('',(0.0499377435179791,-0.0618750226428597,0.0268714616135232));
#5487=CARTESIAN_POINT('',(0.0501173326199457,-0.0616899489232402,0.0261114095471457));
#5488=CARTESIAN_POINT('',(0.0502106217669415,-0.061608747926584,0.025726468097582));
#5489=CARTESIAN_POINT('',(0.0503957954271751,-0.0614708985034984,0.0249532809057616));
#5490=CARTESIAN_POINT('',(0.0504875601147975,-0.0614142263118803,0.0245651453849208));
#5491=CARTESIAN_POINT('',(0.0506622690923417,-0.061322813255727,0.0237918685853198));
#5492=CARTESIAN_POINT('',(0.0507451861911913,-0.0612879820524936,0.0234067614548984));
#5493=CARTESIAN_POINT('',(0.0509751480659664,-0.0612084427704286,0.0222610523679596));
#5494=CARTESIAN_POINT('',(0.051102254019437,-0.061188030251398,0.0215128149133095));
#5495=CARTESIAN_POINT('',(0.0513079724431867,-0.0611740701218192,0.0200476509259009));
#5496=CARTESIAN_POINT('',(0.051387539930875,-0.0611806103862038,0.0193296300299067));
#5497=CARTESIAN_POINT('',(0.0515148438466868,-0.061201195506889,0.0179116457144219));
#5498=CARTESIAN_POINT('',(0.051562621375016,-0.0612155034281367,0.0172126310346767));
#5499=CARTESIAN_POINT('',(0.0516760711892132,-0.0612581211704137,0.015132596914429));
#5500=CARTESIAN_POINT('',(0.0517132806961199,-0.0612856309940894,0.0137674846716937));
#5501=CARTESIAN_POINT('',(0.0517480639530305,-0.061312900362524,0.0117293918913173));
#5502=CARTESIAN_POINT('',(0.0517557641449381,-0.0613199230713128,0.0110519888465457));
#5503=CARTESIAN_POINT('',(0.0517633154630344,-0.0613270122185014,0.0100370838037078));
#5504=CARTESIAN_POINT('',(0.0517651506863838,-0.0613288038521135,0.00969900281930386));
#5505=CARTESIAN_POINT('',(0.0517669799164434,-0.0613306039967126,0.00919204627586907));
#5506=CARTESIAN_POINT('',(0.0517670193182202,-0.0613306410595056,0.00902226519137389));
#5507=CARTESIAN_POINT('',(0.0517684977027651,-0.061332116167734,0.0086861043980507));
#5508=CARTESIAN_POINT('',(0.0517681903922344,-0.0613318096077825,0.0085180553036211));
#5509=CARTESIAN_POINT('',(0.051768190392226,-0.061331809607774,0.00835));
#5510=CARTESIAN_POINT('',(0.0491465641655089,-0.0655417789002916,0.0361265998310213));
#5511=CARTESIAN_POINT('',(0.0491465749585585,-0.0655417903036841,0.0361265895714662));
#5512=CARTESIAN_POINT('',(0.0469409553968446,-0.0675630204817416,0.0360528553468479));
#5513=CARTESIAN_POINT('',(0.0448618225051178,-0.0694255895828849,0.0359991645555148));
#5514=CARTESIAN_POINT('',(0.0429075476281598,-0.0711698474058256,0.0359613408168104));
#5515=CARTESIAN_POINT('',(0.0429075476281572,-0.0711698474058153,0.0359613408167985));
#5516=CARTESIAN_POINT('',(0.0429075476281569,-0.0711698474058155,0.0359613408167984));
#5517=CARTESIAN_POINT('',(0.0425244403602269,-0.0697186684794323,0.0342728776598426));
#5518=CARTESIAN_POINT('',(0.041437103648034,-0.0667873860082039,0.031001902888046));
#5519=CARTESIAN_POINT('',(0.0404502816186966,-0.0634698286663075,0.0280830094237851));
#5520=CARTESIAN_POINT('',(0.0400189315257658,-0.0617825607655499,0.026645747841142));
#5521=CARTESIAN_POINT('',(0.0400189315282985,-0.0617825607650471,0.0266457478407136));
#5522=CARTESIAN_POINT('',(0.0403873655389042,-0.0604587312268697,0.025518062913587));
#5523=CARTESIAN_POINT('',(0.0410848280510155,-0.0585975181662507,0.0237000522968498));
#5524=CARTESIAN_POINT('',(0.0422032341769998,-0.056712266043242,0.0208770323154794));
#5525=CARTESIAN_POINT('',(0.0428866423059386,-0.0555723471772976,0.0185706348614009));
#5526=CARTESIAN_POINT('',(0.0432238039975259,-0.0545425755471548,0.0161021884042953));
#5527=CARTESIAN_POINT('',(0.0432664645495272,-0.053615949339651,0.0135830934073462));
#5528=CARTESIAN_POINT('',(0.0431520866737785,-0.0529807793916951,0.0114385802454322));
#5529=CARTESIAN_POINT('',(0.0430260957974965,-0.0526301004497347,0.00969074991513376));
#5530=CARTESIAN_POINT('',(0.0429653146476431,-0.0525289321881345,0.00879440557492164));
#5531=CARTESIAN_POINT('',(0.0429653129725864,-0.0525289321881345,0.00835));
#5532=CARTESIAN_POINT('',(0.035894245160721,-0.0596,0.00835));
#5533=CARTESIAN_POINT('',(0.035894245160721,-0.0596,0.00835));
#5534=CARTESIAN_POINT('',(0.0400189315278658,-0.0617825607656082,0.0266457478411916));
#5535=CARTESIAN_POINT('',(0.0400189315278658,-0.0617825607656083,0.0266457478411917));
#5536=CARTESIAN_POINT('',(0.0400189315278658,-0.0617825607656085,0.0266457478411918));
#5537=CARTESIAN_POINT('',(0.0401715582295181,-0.0612327375544326,0.0261773889457478));
#5538=CARTESIAN_POINT('',(0.0400279172107556,-0.0612575787425087,0.0261985515286755));
#5539=CARTESIAN_POINT('',(0.0398842761919859,-0.0612824199328429,0.0262197141100985));
#5540=CARTESIAN_POINT('',(0.0405164136392234,-0.0601253755195953,0.025180010234072));
#5541=CARTESIAN_POINT('',(0.0400576125091585,-0.0601920515367282,0.0252723349819599));
#5542=CARTESIAN_POINT('',(0.0395989854784565,-0.0602777015338347,0.025346959320559));
#5543=CARTESIAN_POINT('',(0.0411857955970557,-0.0584859582489799,0.0234376863371058));
#5544=CARTESIAN_POINT('',(0.0401591021166579,-0.0585623592707079,0.0237807193704813));
#5545=CARTESIAN_POINT('',(0.0391170442364602,-0.0587844523903324,0.0239857828612173));
#5546=CARTESIAN_POINT('',(0.0420615216317642,-0.0569297623913126,0.021271209919092));
#5547=CARTESIAN_POINT('',(0.0403665027496896,-0.0568667710230684,0.0221221010789606));
#5548=CARTESIAN_POINT('',(0.0385693219791092,-0.0572989393420721,0.0225493320059167));
#5549=CARTESIAN_POINT('',(0.0427137321625756,-0.0558742967134427,0.0191994444233903));
#5550=CARTESIAN_POINT('',(0.040544464735975,-0.0554626393755834,0.0206214565034178));
#5551=CARTESIAN_POINT('',(0.0380702905779846,-0.0560629512555848,0.0212632091892921));
#5552=CARTESIAN_POINT('',(0.0430203550040784,-0.0551623438284465,0.0175810259154524));
#5553=CARTESIAN_POINT('',(0.0405998384679919,-0.0543905986674356,0.0193694358322261));
#5554=CARTESIAN_POINT('',(0.0376678439780823,-0.0550642737556708,0.0201448774773864));
#5555=CARTESIAN_POINT('',(0.0431624268767036,-0.0546702468257029,0.0163856964385597));
#5556=CARTESIAN_POINT('',(0.0406023409255885,-0.0536059586229504,0.0183877244648589));
#5557=CARTESIAN_POINT('',(0.0373691426119815,-0.054309668309941,0.0192502052511589));
#5558=CARTESIAN_POINT('',(0.0432338711243586,-0.0542096966855484,0.0151933843096386));
#5559=CARTESIAN_POINT('',(0.0405719349025491,-0.0528394888573633,0.0173466019718634));
#5560=CARTESIAN_POINT('',(0.037076068152071,-0.0535466107558927,0.0182817480870942));
#5561=CARTESIAN_POINT('',(0.0432490387994408,-0.0537752004220816,0.0139851300037742));
#5562=CARTESIAN_POINT('',(0.0405131122110134,-0.0520893644453946,0.0162194386353328));
#5563=CARTESIAN_POINT('',(0.0367906991126473,-0.0527725424191024,0.0172136264802511));
#5564=CARTESIAN_POINT('',(0.043218561601225,-0.0533690977454422,0.0127412202184063));
#5565=CARTESIAN_POINT('',(0.0404285640495773,-0.0513592117108852,0.0149685091853332));
#5566=CARTESIAN_POINT('',(0.0365161598939127,-0.0519855163547023,0.0160033540048297));
#5567=CARTESIAN_POINT('',(0.0431609548388354,-0.053058614896058,0.011646593247116));
#5568=CARTESIAN_POINT('',(0.040336120169925,-0.0507710228801269,0.0137645910914827));
#5569=CARTESIAN_POINT('',(0.0362985678032206,-0.051310467442611,0.0148048621226323));
#5570=CARTESIAN_POINT('',(0.0430987050055849,-0.0528366506368826,0.0107102947472032));
#5571=CARTESIAN_POINT('',(0.0402466163661121,-0.0503230602259206,0.0126161440076289));
#5572=CARTESIAN_POINT('',(0.0361365571122655,-0.050750526277215,0.0136117082711001));
#5573=CARTESIAN_POINT('',(0.0430465492041457,-0.0526905757106737,0.00997744794862153));
#5574=CARTESIAN_POINT('',(0.0401724343951277,-0.0500103921485028,0.0116234799997699));
#5575=CARTESIAN_POINT('',(0.0360260373533876,-0.0503250554034518,0.0125352690505726));
#5576=CARTESIAN_POINT('',(0.0430010988375531,-0.0525915333536753,0.00931974348053774));
#5577=CARTESIAN_POINT('',(0.0401037053335824,-0.0497768089509885,0.0105928580336796));
#5578=CARTESIAN_POINT('',(0.0359471789021741,-0.0499573579861185,0.0113441665132813));
#5579=CARTESIAN_POINT('',(0.0429727340191297,-0.0525403801055351,0.00877202061702161));
#5580=CARTESIAN_POINT('',(0.0400534802223139,-0.0496383206958936,0.00950540421898991));
#5581=CARTESIAN_POINT('',(0.0359043495578954,-0.0496924889750814,0.00996318398173695));
#5582=CARTESIAN_POINT('',(0.0429653130047306,-0.0525289322202786,0.00849202338384329));
#5583=CARTESIAN_POINT('',(0.0400363809091348,-0.0496000002017061,0.00878219092530492));
#5584=CARTESIAN_POINT('',(0.0358942451953507,-0.0496,0.00896775477662345));
#5585=CARTESIAN_POINT('',(0.0429653129725866,-0.0525289321881346,0.00835));
#5586=CARTESIAN_POINT('',(0.040036380784452,-0.0496,0.00835));
#5587=CARTESIAN_POINT('',(0.035894245160721,-0.0496,0.00835));
#5588=CARTESIAN_POINT('',(0.0400189315278658,-0.0617825607656094,0.0266457478411926));
#5589=CARTESIAN_POINT('',(0.0400189315278658,-0.0617825607656091,0.0266457478411923));
#5590=CARTESIAN_POINT('',(0.0400189315278658,-0.0617825607656087,0.026645747841192));
#5591=CARTESIAN_POINT('',(0.040270602722184,-0.0627677805935136,0.0274849854117967));
#5592=CARTESIAN_POINT('',(0.0400238047997318,-0.062733476720971,0.0274557678625168));
#5593=CARTESIAN_POINT('',(0.0397770068772553,-0.0626991728471919,0.0274265503134015));
#5594=CARTESIAN_POINT('',(0.0408209690654957,-0.064761537029453,0.0292153689951225));
#5595=CARTESIAN_POINT('',(0.0400531244934282,-0.0647047203264743,0.029073887969949));
#5596=CARTESIAN_POINT('',(0.0392860668329028,-0.0645877308998207,0.0289787451499038));
#5597=CARTESIAN_POINT('',(0.0418065042360786,-0.067738120558545,0.0320734222486908));
#5598=CARTESIAN_POINT('',(0.0402004455992515,-0.0678204998273791,0.0314969576082012));
#5599=CARTESIAN_POINT('',(0.0385282662324577,-0.0675475579584919,0.0312872173534751));
#5600=CARTESIAN_POINT('',(0.0427960087263977,-0.0705697717733113,0.0352324856615842));
#5601=CARTESIAN_POINT('',(0.0404478695487054,-0.0710431169716016,0.0339147793921049));
#5602=CARTESIAN_POINT('',(0.0377689839410522,-0.0706085068794391,0.0335914019120072));
#5603=CARTESIAN_POINT('',(0.0432089630601876,-0.0723682829954064,0.0373690625035033));
#5604=CARTESIAN_POINT('',(0.0405737064141017,-0.0731843231138696,0.0354908412116207));
#5605=CARTESIAN_POINT('',(0.037289789272591,-0.0727052707639782,0.0351380097434477));
#5606=CARTESIAN_POINT('',(0.0433348261685818,-0.0732678516026112,0.0383832719754505));
#5607=CARTESIAN_POINT('',(0.0406038973306805,-0.0742477100644035,0.0362723080471701));
#5608=CARTESIAN_POINT('',(0.037065949311103,-0.0737662037854371,0.0359182753602435));
#5609=CARTESIAN_POINT('',(0.0370821890617284,-0.0736893885596268,0.0358617774337976));
#5610=CARTESIAN_POINT('',(0.0381844945388023,-0.0736978704324288,0.0358675355020729));
#5611=CARTESIAN_POINT('',(0.0403352006442893,-0.0731219424979232,0.0358944869823341));
#5612=CARTESIAN_POINT('',(0.0420987518670267,-0.071882032278332,0.0359376094247891));
#5613=CARTESIAN_POINT('',(0.0429075476281633,-0.071169847405829,0.0359613408168164));
#5614=CARTESIAN_POINT('',(-0.035894245160721,-0.0596,0.00835));
#5615=CARTESIAN_POINT('',(-0.035894245160721,-0.0596,0.00835));
#5616=CARTESIAN_POINT('',(-0.0400189315278659,-0.0617825607656097,0.0266457478411928));
#5617=CARTESIAN_POINT('',(-0.0400189315278659,-0.0617825607656097,0.0266457478411928));
#5618=CARTESIAN_POINT('',(-0.0400189315278659,-0.0617825607656096,0.0266457478411928));
#5619=CARTESIAN_POINT('',(-0.0398842761924534,-0.061282419932807,0.0262197141100679));
#5620=CARTESIAN_POINT('',(-0.0400279172109452,-0.0612575787420592,0.0261985515288776));
#5621=CARTESIAN_POINT('',(-0.0401715582294318,-0.0612327375541546,0.026177388945511));
#5622=CARTESIAN_POINT('',(-0.03959898547824,-0.0602777015338541,0.0253469593205757));
#5623=CARTESIAN_POINT('',(-0.0400576125090697,-0.0601920515369401,0.0252723349818688));
#5624=CARTESIAN_POINT('',(-0.0405164136392616,-0.0601253755197276,0.0251800102341851));
#5625=CARTESIAN_POINT('',(-0.0391170442365188,-0.058784452390329,0.0239857828612145));
#5626=CARTESIAN_POINT('',(-0.0401591021166818,-0.0585623592706527,0.0237807193705076));
#5627=CARTESIAN_POINT('',(-0.0411857955970448,-0.0584859582489463,0.0234376863370775));
#5628=CARTESIAN_POINT('',(-0.0385693219790935,-0.0572989393420742,0.0225493320059186));
#5629=CARTESIAN_POINT('',(-0.0403665027496829,-0.056866771023085,0.0221221010789546));
#5630=CARTESIAN_POINT('',(-0.0420615216317667,-0.0569297623913229,0.0212712099191013));
#5631=CARTESIAN_POINT('',(-0.0380702905779867,-0.056062951255585,0.0212632091892922));
#5632=CARTESIAN_POINT('',(-0.0405444647359758,-0.0554626393755818,0.020621456503419));
#5633=CARTESIAN_POINT('',(-0.0427137321625751,-0.0558742967134417,0.0191994444233898));
#5634=CARTESIAN_POINT('',(-0.0376678439780818,-0.0550642737556705,0.0201448774773863));
#5635=CARTESIAN_POINT('',(-0.0405998384679913,-0.0543905986674358,0.0193694358322258));
#5636=CARTESIAN_POINT('',(-0.0430203550040779,-0.0551623438284464,0.0175810259154528));
#5637=CARTESIAN_POINT('',(-0.0373691426119816,-0.0543096683099412,0.0192502052511591));
#5638=CARTESIAN_POINT('',(-0.0406023409255883,-0.0536059586229506,0.0183877244648592));
#5639=CARTESIAN_POINT('',(-0.0431624268767032,-0.0546702468257028,0.0163856964385601));
#5640=CARTESIAN_POINT('',(-0.037076068152071,-0.0535466107558928,0.0182817480870943));
#5641=CARTESIAN_POINT('',(-0.0405719349025489,-0.0528394888573635,0.0173466019718636));
#5642=CARTESIAN_POINT('',(-0.0432338711243584,-0.0542096966855484,0.0151933843096389));
#5643=CARTESIAN_POINT('',(-0.0367906991126474,-0.0527725424191025,0.0172136264802512));
#5644=CARTESIAN_POINT('',(-0.0405131122110133,-0.0520893644453947,0.016219438635333));
#5645=CARTESIAN_POINT('',(-0.0432490387994406,-0.0537752004220816,0.0139851300037745));
#5646=CARTESIAN_POINT('',(-0.0365161598939127,-0.0519855163547024,0.0160033540048299));
#5647=CARTESIAN_POINT('',(-0.0404285640495773,-0.0513592117108852,0.0149685091853334));
#5648=CARTESIAN_POINT('',(-0.043218561601225,-0.0533690977454422,0.0127412202184064));
#5649=CARTESIAN_POINT('',(-0.0362985678032207,-0.0513104674426112,0.0148048621226326));
#5650=CARTESIAN_POINT('',(-0.0403361201699248,-0.0507710228801272,0.0137645910914831));
#5651=CARTESIAN_POINT('',(-0.0431609548388353,-0.053058614896058,0.0116465932471164));
#5652=CARTESIAN_POINT('',(-0.0361365571122654,-0.0507505262772152,0.0136117082711003));
#5653=CARTESIAN_POINT('',(-0.0402466163661119,-0.0503230602259206,0.0126161440076291));
#5654=CARTESIAN_POINT('',(-0.0430987050055845,-0.0528366506368824,0.0107102947472034));
#5655=CARTESIAN_POINT('',(-0.0360260373533876,-0.0503250554034519,0.0125352690505727));
#5656=CARTESIAN_POINT('',(-0.0401724343951276,-0.0500103921485036,0.0116234799997702));
#5657=CARTESIAN_POINT('',(-0.0430465492041459,-0.052690575710674,0.00997744794862198));
#5658=CARTESIAN_POINT('',(-0.0359471789021739,-0.0499573579861186,0.0113441665132824));
#5659=CARTESIAN_POINT('',(-0.0401037053335818,-0.0497768089509865,0.0105928580336801));
#5660=CARTESIAN_POINT('',(-0.0430010988375515,-0.0525915333536737,0.0093197434805376));
#5661=CARTESIAN_POINT('',(-0.0359043495578958,-0.0496924889750815,0.00996318398173589));
#5662=CARTESIAN_POINT('',(-0.0400534802223144,-0.0496383206958971,0.00950540421898965));
#5663=CARTESIAN_POINT('',(-0.0429727340191317,-0.0525403801055373,0.0087720206170223));
#5664=CARTESIAN_POINT('',(-0.0358942451953499,-0.0496,0.00896775477662633));
#5665=CARTESIAN_POINT('',(-0.0400363809091333,-0.0496000002016985,0.00878219092530589));
#5666=CARTESIAN_POINT('',(-0.0429653130047255,-0.0525289322202736,0.00849202338384197));
#5667=CARTESIAN_POINT('',(-0.035894245160721,-0.0496,0.00835));
#5668=CARTESIAN_POINT('',(-0.0400363807844518,-0.0496,0.00835));
#5669=CARTESIAN_POINT('',(-0.0429653129725863,-0.0525289321881344,0.00835));
#5670=CARTESIAN_POINT('',(-0.0400189315278659,-0.0617825607656089,0.0266457478411922));
#5671=CARTESIAN_POINT('',(-0.0400189315278659,-0.0617825607656093,0.0266457478411925));
#5672=CARTESIAN_POINT('',(-0.0400189315278659,-0.0617825607656096,0.0266457478411928));
#5673=CARTESIAN_POINT('',(-0.03977702332708,-0.0626991105207444,0.0274264972215372));
#5674=CARTESIAN_POINT('',(-0.0400238044692906,-0.0627334120620495,0.0274557127838296));
#5675=CARTESIAN_POINT('',(-0.040270585611463,-0.0627677136019178,0.0274849283464976));
#5676=CARTESIAN_POINT('',(-0.0392861171338757,-0.0645875364484852,0.0289785871839751));
#5677=CARTESIAN_POINT('',(-0.0400531209450672,-0.0647045164969016,0.0290737226547575));
#5678=CARTESIAN_POINT('',(-0.0408209114618974,-0.064761332656886,0.0292151909842504));
#5679=CARTESIAN_POINT('',(-0.0385283702262231,-0.0675471503629809,0.0312869040032332));
#5680=CARTESIAN_POINT('',(-0.0402004196573686,-0.0678200670216935,0.0314966259762116));
#5681=CARTESIAN_POINT('',(-0.041806363093574,-0.0677377192841247,0.0320730190454792));
#5682=CARTESIAN_POINT('',(-0.0377691369009368,-0.0706078753440748,0.0335909313851522));
#5683=CARTESIAN_POINT('',(-0.0404478146762532,-0.0710424508016111,0.0339142846510876));
#5684=CARTESIAN_POINT('',(-0.0427958226614189,-0.0705692089928488,0.0352318217826976));
#5685=CARTESIAN_POINT('',(-0.0372899655333189,-0.0727044841130083,0.0351374299806733));
#5686=CARTESIAN_POINT('',(-0.0405736710745119,-0.0731835185753627,0.0354902492169408));
#5687=CARTESIAN_POINT('',(-0.0432088337634954,-0.0723676106645507,0.0373682831130076));
#5688=CARTESIAN_POINT('',(-0.0370661319586679,-0.0737653381116794,0.035917638698002));
#5689=CARTESIAN_POINT('',(-0.0406038724929337,-0.0742468354082199,0.0362716652753849));
#5690=CARTESIAN_POINT('',(-0.0433347234552598,-0.073267117592805,0.0383824444148447));
#5691=CARTESIAN_POINT('',(-0.0429075476281595,-0.0711698474058259,0.0359613408168103));
#5692=CARTESIAN_POINT('',(-0.0420995547140285,-0.0718807575370185,0.0359376484571373));
#5693=CARTESIAN_POINT('',(-0.0403506865388015,-0.0731141624231267,0.0358947804902264));
#5694=CARTESIAN_POINT('',(-0.0381890213022301,-0.0736977595536844,0.0358675629022286));
#5695=CARTESIAN_POINT('',(-0.0370821890617242,-0.0736893885596125,0.0358617774337871));
#5696=CARTESIAN_POINT('',(0.0563367117335314,-0.0659003309490796,0.0364567352662359));
#5697=CARTESIAN_POINT('',(0.0562881770942292,-0.0658517963097774,0.0362277327624926));
#5698=CARTESIAN_POINT('',(0.0562389727433583,-0.0658025919589065,0.0359989710129974));
#5699=CARTESIAN_POINT('',(0.0560486014142941,-0.0656122206298423,0.0351270676946339));
#5700=CARTESIAN_POINT('',(0.0559025349753709,-0.0654661541909192,0.0344854572883237));
#5701=CARTESIAN_POINT('',(0.0556001358655084,-0.0651637550810567,0.0332073689138659));
#5702=CARTESIAN_POINT('',(0.0554438039257061,-0.0650074231412541,0.0325708616696241));
#5703=CARTESIAN_POINT('',(0.0551225629186235,-0.0646861821341715,0.031302086863877));
#5704=CARTESIAN_POINT('',(0.0549576223808108,-0.064521241596359,0.0306698348582983));
#5705=CARTESIAN_POINT('',(0.0546225386429759,-0.0641861578585241,0.0294079025282801));
#5706=CARTESIAN_POINT('',(0.0544523497071058,-0.064015968922654,0.0287782448111442));
#5707=CARTESIAN_POINT('',(0.0541130373635894,-0.0636766565791376,0.02751840268515));
#5708=CARTESIAN_POINT('',(0.0539439246978386,-0.0635075439133866,0.026888212966613));
#5709=CARTESIAN_POINT('',(0.0536986313555192,-0.0632622505710673,0.0259387882934464));
#5710=CARTESIAN_POINT('',(0.05361829512452,-0.0631819143400679,0.0256216074335792));
#5711=CARTESIAN_POINT('',(0.0534618641567338,-0.0630254833722817,0.0249851491389611));
#5712=CARTESIAN_POINT('',(0.0533857791722099,-0.0629493983877581,0.0246658668836917));
#5713=CARTESIAN_POINT('',(0.0532390058816059,-0.062802625097154,0.0240246347895339));
#5714=CARTESIAN_POINT('',(0.0531683219490962,-0.0627319411646445,0.0237026827888187));
#5715=CARTESIAN_POINT('',(0.0530330216177932,-0.0625966408333415,0.0230557795993554));
#5716=CARTESIAN_POINT('',(0.0529684021197226,-0.0625320213352707,0.0227308299425975));
#5717=CARTESIAN_POINT('',(0.0527838966881821,-0.0623475159037302,0.0217513577440181));
#5718=CARTESIAN_POINT('',(0.0526737736963449,-0.062237392911893,0.0210939794733783));
#5719=CARTESIAN_POINT('',(0.0524769588311189,-0.062040578046667,0.019772819875374));
#5720=CARTESIAN_POINT('',(0.0523901179963367,-0.0619537372118848,0.0191088088112351));
#5721=CARTESIAN_POINT('',(0.0522360662500888,-0.0617996854656369,0.0177749634086902));
#5722=CARTESIAN_POINT('',(0.0521689486457275,-0.0617325678612755,0.0171061334657505));
#5723=CARTESIAN_POINT('',(0.0519929696954206,-0.0615565889109686,0.0150951308685799));
#5724=CARTESIAN_POINT('',(0.0519090418650386,-0.0614726610805866,0.0137483234162691));
#5725=CARTESIAN_POINT('',(0.0518247207958031,-0.0613883400113512,0.0117246600482872));
#5726=CARTESIAN_POINT('',(0.0518036537564097,-0.0613672729719577,0.0110496017563569));
#5727=CARTESIAN_POINT('',(0.0517824477218064,-0.0613460669373544,0.0100364812932465));
#5728=CARTESIAN_POINT('',(0.0517771180616985,-0.0613407372772466,0.00969870048627833));
#5729=CARTESIAN_POINT('',(0.0517717680575295,-0.0613353872730775,0.00919197021726483));
#5730=CARTESIAN_POINT('',(0.0517700048090053,-0.0613336240035543,0.00902222144397183));
#5731=CARTESIAN_POINT('',(0.0517690976058588,-0.0613327168004077,0.00868611072198667));
#5732=CARTESIAN_POINT('',(0.0517686439938062,-0.0613322632093543,0.00851805536099271));
#5733=CARTESIAN_POINT('',(0.051768190392226,-0.061331809607774,0.00835));
#5734=CARTESIAN_POINT('',(0.0527856101624378,-0.062349229377945,0.0379621786017408));
#5735=CARTESIAN_POINT('',(0.0527723385819894,-0.0623359577975294,0.0377341861733379));
#5736=CARTESIAN_POINT('',(0.0527588528797568,-0.062322472095315,0.0375049658173856));
#5737=CARTESIAN_POINT('',(0.0527072094988153,-0.0622708287143359,0.0366371138941462));
#5738=CARTESIAN_POINT('',(0.0526674227603399,-0.0622310419759096,0.0359896994553653));
#5739=CARTESIAN_POINT('',(0.0525847874660821,-0.0621484066816097,0.034681327572567));
#5740=CARTESIAN_POINT('',(0.0525421936837225,-0.06210581289933,0.0340237936646646));
#5741=CARTESIAN_POINT('',(0.0524554632742399,-0.0620190824897305,0.0326916249056182));
#5742=CARTESIAN_POINT('',(0.0524114894000026,-0.0619751086155033,0.0320200388294579));
#5743=CARTESIAN_POINT('',(0.0523255537448898,-0.061889172960484,0.0306543398099482));
#5744=CARTESIAN_POINT('',(0.0522836517750053,-0.0618472709905248,0.029963032796491));
#5745=CARTESIAN_POINT('',(0.0522081187518973,-0.061771737967473,0.0285539166991802));
#5746=CARTESIAN_POINT('',(0.0521744958515027,-0.0617381150670032,0.0278373152264453));
#5747=CARTESIAN_POINT('',(0.0521332483598117,-0.061696867575383,0.0267396810056882));
#5748=CARTESIAN_POINT('',(0.0521210733647035,-0.0616846925802032,0.0263746572071467));
#5749=CARTESIAN_POINT('',(0.0520992109791177,-0.0616628301947133,0.0256435786485212));
#5750=CARTESIAN_POINT('',(0.0520894548146652,-0.0616530740301511,0.0252770058052929));
#5751=CARTESIAN_POINT('',(0.0520712507051221,-0.0616348699207318,0.0245463014271482));
#5752=CARTESIAN_POINT('',(0.0520627414559496,-0.0616263606714956,0.02418138075391));
#5753=CARTESIAN_POINT('',(0.052045909006495,-0.0616095282220457,0.0234562312339745));
#5754=CARTESIAN_POINT('',(0.0520375555560864,-0.0616011747716156,0.0230950847178387));
#5755=CARTESIAN_POINT('',(0.0520120636091791,-0.0615756828247645,0.0220234236780465));
#5756=CARTESIAN_POINT('',(0.0519941533089083,-0.0615577725244776,0.0213139227987833));
#5757=CARTESIAN_POINT('',(0.0519576722746056,-0.0615212914901328,0.0199157183385087));
#5758=CARTESIAN_POINT('',(0.0519391316353062,-0.0615027508508448,0.0192222752281208));
#5759=CARTESIAN_POINT('',(0.0519035091519926,-0.0614671283675501,0.0178451333483411));
#5760=CARTESIAN_POINT('',(0.0518864021289168,-0.0614500213444577,0.0171602733576694));
#5761=CARTESIAN_POINT('',(0.051839267138213,-0.0614028863537751,0.0151160944780569));
#5762=CARTESIAN_POINT('',(0.05181330171338,-0.0613769209284914,0.0137581481474012));
#5763=CARTESIAN_POINT('',(0.0517866975928921,-0.0613503168086576,0.0117270857039628));
#5764=CARTESIAN_POINT('',(0.0517798432248597,-0.061343462445377,0.0110508026983221));
#5765=CARTESIAN_POINT('',(0.0517729009906549,-0.0613365202037418,0.0100367843879305));
#5766=CARTESIAN_POINT('',(0.0517711428248532,-0.0613347620929895,0.00969885188469949));
#5767=CARTESIAN_POINT('',(0.0517693752166934,-0.0613329944057585,0.00919200830446358));
#5768=CARTESIAN_POINT('',(0.0517685119562168,-0.0613321326389132,0.00902224332485457));
#5769=CARTESIAN_POINT('',(0.0517687977616956,-0.0613324163766754,0.00868610756720039));
#5770=CARTESIAN_POINT('',(0.0517684171938041,-0.0613320364093574,0.00851805594428385));
#5771=CARTESIAN_POINT('',(0.051768190392226,-0.061331809607774,0.00835));
#5772=CARTESIAN_POINT('',(0.0492507388586326,-0.0662204971139809,0.03789079747483));
#5773=CARTESIAN_POINT('',(0.0492356337007886,-0.0661411835296644,0.0376754158580283));
#5774=CARTESIAN_POINT('',(0.0492212994109257,-0.0660606568668054,0.0374602817264697));
#5775=CARTESIAN_POINT('',(0.0491699061532401,-0.0657486856374638,0.0366402217156196));
#5776=CARTESIAN_POINT('',(0.0491389258946742,-0.0655084349620086,0.0360361414204001));
#5777=CARTESIAN_POINT('',(0.049098299373657,-0.0650085215958996,0.0348220494118014));
#5778=CARTESIAN_POINT('',(0.0490886569537085,-0.0647490120199551,0.0342125683278338));
#5779=CARTESIAN_POINT('',(0.0491012902365961,-0.0642154777452121,0.0329785697680875));
#5780=CARTESIAN_POINT('',(0.0491235668328301,-0.0639412845363148,0.032354091968972));
#5781=CARTESIAN_POINT('',(0.0492142378256354,-0.063388990048578,0.0310745247371354));
#5782=CARTESIAN_POINT('',(0.0492828943177363,-0.0631105495451123,0.0304192550340131));
#5783=CARTESIAN_POINT('',(0.0494816161944523,-0.0625739126787808,0.0290579123923277));
#5784=CARTESIAN_POINT('',(0.0496128314838711,-0.0623158483479495,0.0283507074426689));
#5785=CARTESIAN_POINT('',(0.0498515398660401,-0.0619788162777917,0.0272464974224812));
#5786=CARTESIAN_POINT('',(0.0499377435179791,-0.0618750226428597,0.0268714616135232));
#5787=CARTESIAN_POINT('',(0.0501173326199457,-0.0616899489232402,0.0261114095471457));
#5788=CARTESIAN_POINT('',(0.0502106217669415,-0.061608747926584,0.025726468097582));
#5789=CARTESIAN_POINT('',(0.0503957954271751,-0.0614708985034984,0.0249532809057616));
#5790=CARTESIAN_POINT('',(0.0504875601147975,-0.0614142263118803,0.0245651453849208));
#5791=CARTESIAN_POINT('',(0.0506622690923417,-0.061322813255727,0.0237918685853198));
#5792=CARTESIAN_POINT('',(0.0507451861911913,-0.0612879820524936,0.0234067614548984));
#5793=CARTESIAN_POINT('',(0.0509751480659664,-0.0612084427704286,0.0222610523679596));
#5794=CARTESIAN_POINT('',(0.051102254019437,-0.061188030251398,0.0215128149133095));
#5795=CARTESIAN_POINT('',(0.0513079724431867,-0.0611740701218192,0.0200476509259009));
#5796=CARTESIAN_POINT('',(0.051387539930875,-0.0611806103862038,0.0193296300299067));
#5797=CARTESIAN_POINT('',(0.0515148438466868,-0.061201195506889,0.0179116457144219));
#5798=CARTESIAN_POINT('',(0.051562621375016,-0.0612155034281367,0.0172126310346767));
#5799=CARTESIAN_POINT('',(0.0516760711892132,-0.0612581211704137,0.015132596914429));
#5800=CARTESIAN_POINT('',(0.0517132806961199,-0.0612856309940894,0.0137674846716937));
#5801=CARTESIAN_POINT('',(0.0517480639530305,-0.061312900362524,0.0117293918913173));
#5802=CARTESIAN_POINT('',(0.0517557641449381,-0.0613199230713128,0.0110519888465457));
#5803=CARTESIAN_POINT('',(0.0517633154630344,-0.0613270122185014,0.0100370838037078));
#5804=CARTESIAN_POINT('',(0.0517651506863838,-0.0613288038521135,0.00969900281930386));
#5805=CARTESIAN_POINT('',(0.0517669799164434,-0.0613306039967126,0.00919204627586907));
#5806=CARTESIAN_POINT('',(0.0517670193182202,-0.0613306410595056,0.00902226519137389));
#5807=CARTESIAN_POINT('',(0.0517684977027651,-0.061332116167734,0.0086861043980507));
#5808=CARTESIAN_POINT('',(0.0517681903922344,-0.0613318096077825,0.0085180553036211));
#5809=CARTESIAN_POINT('',(0.051768190392226,-0.061331809607774,0.00835));
#5810=CARTESIAN_POINT('',(0.0563014774670464,-0.0658650966826793,0.0362911678717929));
#5811=CARTESIAN_POINT('',(0.0562527788005951,-0.0658163984686983,0.0362891581735333));
#5812=CARTESIAN_POINT('',(0.0561212841393799,-0.0656883477034775,0.0362828747256757));
#5813=CARTESIAN_POINT('',(0.0558075308634284,-0.0654169782628736,0.0362691813954976));
#5814=CARTESIAN_POINT('',(0.0554176406683302,-0.0651383876413732,0.0362557196974002));
#5815=CARTESIAN_POINT('',(0.0550365817188217,-0.0649125846699213,0.0362442394949029));
#5816=CARTESIAN_POINT('',(0.0546574576592922,-0.0647255311601121,0.036232643887017));
#5817=CARTESIAN_POINT('',(0.0544101843005172,-0.0646237539677808,0.0362251419692249));
#5818=CARTESIAN_POINT('',(0.0540452878793836,-0.0644912180346331,0.0362148773518623));
#5819=CARTESIAN_POINT('',(0.0536247148154492,-0.0643778469624348,0.0362033830850555));
#5820=CARTESIAN_POINT('',(0.0532447478688814,-0.0643100353238614,0.0361928405893424));
#5821=CARTESIAN_POINT('',(0.0529546194185734,-0.0642778486331895,0.0361850802910918));
#5822=CARTESIAN_POINT('',(0.0527911538246124,-0.0642642405122128,0.0361808423803615));
#5823=CARTESIAN_POINT('',(0.0524894250647074,-0.0642534946153977,0.0361740025625866));
#5824=CARTESIAN_POINT('',(0.0521395329891728,-0.0642624273708136,0.0361671239401206));
#5825=CARTESIAN_POINT('',(0.0515173922783507,-0.064325070462851,0.0361564664929479));
#5826=CARTESIAN_POINT('',(0.0503650351936458,-0.0646344250792466,0.0361394615511284));
#5827=CARTESIAN_POINT('',(0.0495692024747843,-0.0651481533963569,0.0361264998377617));
#5828=CARTESIAN_POINT('',(0.0491465529806067,-0.0655417668880903,0.0361266078940444));
#5829=CARTESIAN_POINT('',(-0.0492507378534619,-0.0662204916943557,0.0378907826938454));
#5830=CARTESIAN_POINT('',(-0.0492356352878625,-0.0661411915273666,0.0376754376944289));
#5831=CARTESIAN_POINT('',(-0.0492213033298195,-0.0660606786932243,0.0374603400964074));
#5832=CARTESIAN_POINT('',(-0.0491699149852845,-0.0657487447742214,0.0366403743608112));
#5833=CARTESIAN_POINT('',(-0.0491389361699826,-0.0655085192350873,0.0360363520623927));
#5834=CARTESIAN_POINT('',(-0.0490983071400775,-0.0650086593093563,0.0348223778900318));
#5835=CARTESIAN_POINT('',(-0.0490886607938663,-0.064749178129512,0.0342129567283073));
#5836=CARTESIAN_POINT('',(-0.0491012771624448,-0.0642157018497279,0.0329790838874127));
#5837=CARTESIAN_POINT('',(-0.0491235407443499,-0.0639415383571251,0.0323546718826747));
#5838=CARTESIAN_POINT('',(-0.0492141715628345,-0.0633892988538662,0.0310752483188599));
#5839=CARTESIAN_POINT('',(-0.0492828004182663,-0.0631108838972417,0.0304200568029005));
#5840=CARTESIAN_POINT('',(-0.0494814505902559,-0.0625742792066521,0.0290588885581579));
#5841=CARTESIAN_POINT('',(-0.0496126207272596,-0.0623162208478675,0.0283517808820226));
#5842=CARTESIAN_POINT('',(-0.0498512649277317,-0.0619791670858706,0.0272477200775426));
#5843=CARTESIAN_POINT('',(-0.0499374481762046,-0.0618753611264311,0.026872734194981));
#5844=CARTESIAN_POINT('',(-0.0501170040865927,-0.0616902534861637,0.0261127773913596));
#5845=CARTESIAN_POINT('',(-0.0502102805934873,-0.0616090309326466,0.0257278811381547));
#5846=CARTESIAN_POINT('',(-0.0503954400843428,-0.0614711341162608,0.0249547761052195));
#5847=CARTESIAN_POINT('',(-0.0504872032348704,-0.0614144362385794,0.0245666775356356));
#5848=CARTESIAN_POINT('',(-0.0506619185788403,-0.061322973552527,0.0237934672263913));
#5849=CARTESIAN_POINT('',(-0.0507448434552727,-0.0612881184636424,0.023408389743348));
#5850=CARTESIAN_POINT('',(-0.0509748362985727,-0.061208514989475,0.0222627636915253));
#5851=CARTESIAN_POINT('',(-0.0511019732078414,-0.0611880700379779,0.0215145672952603));
#5852=CARTESIAN_POINT('',(-0.051307748050796,-0.0611740646694077,0.0200494960912678));
#5853=CARTESIAN_POINT('',(-0.0513873422129278,-0.0611805911507079,0.0193315232725301));
#5854=CARTESIAN_POINT('',(-0.0515146923310204,-0.061201158305977,0.0179136415903843));
#5855=CARTESIAN_POINT('',(-0.0515624898830916,-0.0612154621234578,0.0172146771629713));
#5856=CARTESIAN_POINT('',(-0.0516759903263739,-0.0612580746495082,0.0151348072250398));
#5857=CARTESIAN_POINT('',(-0.0517132220105672,-0.0612855901255295,0.0137698116343372));
#5858=CARTESIAN_POINT('',(-0.0517480305790645,-0.061312871635089,0.0117319017381941));
#5859=CARTESIAN_POINT('',(-0.0517557378933987,-0.0613198991901911,0.0110545597798296));
#5860=CARTESIAN_POINT('',(-0.0517632991783506,-0.0613269965508703,0.0100397483437232));
#5861=CARTESIAN_POINT('',(-0.0517651376133997,-0.0613287910907991,0.0097016972623171));
#5862=CARTESIAN_POINT('',(-0.051766971663358,-0.0613305958235778,0.00919479227005154));
#5863=CARTESIAN_POINT('',(-0.0517674281979552,-0.0613310495764966,0.00902585464716562));
#5864=CARTESIAN_POINT('',(-0.0517678851758564,-0.0613315047026204,0.00877246659715689));
#5865=CARTESIAN_POINT('',(-0.0517679994754477,-0.0613316188271256,0.00868800697102133));
#5866=CARTESIAN_POINT('',(-0.0517681139135321,-0.061331733148629,0.00856131856733881));
#5867=CARTESIAN_POINT('',(-0.0517681425585063,-0.0613317617826088,0.00851908927180729));
#5868=CARTESIAN_POINT('',(-0.0517681712195658,-0.0613317904363427,0.00845574582642023));
#5869=CARTESIAN_POINT('',(-0.0517681783891577,-0.0613317976052439,0.00843463139405222));
#5870=CARTESIAN_POINT('',(-0.0517681855866763,-0.0613318048023017,0.0084029597890933));
#5871=CARTESIAN_POINT('',(-0.0517681873881817,-0.0613318066037637,0.00839240259518988));
#5872=CARTESIAN_POINT('',(-0.0517681897776229,-0.0613318089931662,0.00837128821336827));
#5873=CARTESIAN_POINT('',(-0.0517674314366719,-0.0613310506522193,0.00836060890377165));
#5874=CARTESIAN_POINT('',(-0.0517682430482054,-0.0613318622637535,0.00835018697396979));
#5875=CARTESIAN_POINT('',(-0.0527856092440112,-0.0623492284595904,0.0379621628562969));
#5876=CARTESIAN_POINT('',(-0.0527723399027566,-0.0623359591183182,0.0377342089946978));
#5877=CARTESIAN_POINT('',(-0.0527588565113962,-0.0623224757269455,0.0375050276136555));
#5878=CARTESIAN_POINT('',(-0.0527072192423941,-0.0622708384579403,0.0366372755113729));
#5879=CARTESIAN_POINT('',(-0.0526674366164719,-0.0622310558320247,0.0359899237005699));
#5880=CARTESIAN_POINT('',(-0.0525848100277586,-0.0621484292433021,0.0346816800811067));
#5881=CARTESIAN_POINT('',(-0.0525422207975633,-0.0621058400132017,0.034024211064712));
#5882=CARTESIAN_POINT('',(-0.0524554992691966,-0.0620191184846572,0.0326921768800237));
#5883=CARTESIAN_POINT('',(-0.0524115297042,-0.0619751489198791,0.0320206596099704));
#5884=CARTESIAN_POINT('',(-0.0523256006739656,-0.0618892198893874,0.0306551046538064));
#5885=CARTESIAN_POINT('',(-0.052283700955688,-0.0618473201712001,0.029963872462939));
#5886=CARTESIAN_POINT('',(-0.0522081680627207,-0.0617717872783031,0.0285549116122294));
#5887=CARTESIAN_POINT('',(-0.0521745429089577,-0.0617381621244393,0.0278383915448048));
#5888=CARTESIAN_POINT('',(-0.0521332900359377,-0.0616969092515183,0.0267408755984661));
#5889=CARTESIAN_POINT('',(-0.0521211130525367,-0.0616847322681509,0.0263758903277107));
#5890=CARTESIAN_POINT('',(-0.0520992472825593,-0.0616628664980426,0.0256448849323755));
#5891=CARTESIAN_POINT('',(-0.0520894897547829,-0.0616531089703192,0.0252783472129326));
#5892=CARTESIAN_POINT('',(-0.0520712842674736,-0.0616349034830332,0.0245477086639986));
#5893=CARTESIAN_POINT('',(-0.0520627749951913,-0.0616263942107207,0.0241828191839786));
#5894=CARTESIAN_POINT('',(-0.0520459436325437,-0.0616095628481106,0.0234577293034484));
#5895=CARTESIAN_POINT('',(-0.0520375912612404,-0.0616012104767779,0.0230966115301616));
#5896=CARTESIAN_POINT('',(-0.0520121031938769,-0.0615757224094459,0.0220250369575163));
#5897=CARTESIAN_POINT('',(-0.0519941959289023,-0.0615578151444855,0.0213155853372341));
#5898=CARTESIAN_POINT('',(-0.0519577192786103,-0.0615213384941232,0.0199174911110462));
#5899=CARTESIAN_POINT('',(-0.051939180027014,-0.0615027992425456,0.0192241049632233));
#5900=CARTESIAN_POINT('',(-0.0519035585040553,-0.0614671777196198,0.0178470820546692));
#5901=CARTESIAN_POINT('',(-0.0518864509810703,-0.0614500701966395,0.0171622792870109));
#5902=CARTESIAN_POINT('',(-0.0518393124536758,-0.0614029316691817,0.0151182841104757));
#5903=CARTESIAN_POINT('',(-0.0518133416374724,-0.0613769608525425,0.0137604613137268));
#5904=CARTESIAN_POINT('',(-0.0517867255942457,-0.0613503448100332,0.0117295897441295));
#5905=CARTESIAN_POINT('',(-0.0517798665782781,-0.0613434857915077,0.0110533698662595));
#5906=CARTESIAN_POINT('',(-0.0517729163499456,-0.0613365355666738,0.0100394473539304));
#5907=CARTESIAN_POINT('',(-0.0517711554152494,-0.0613347745528439,0.00970154532411651));
#5908=CARTESIAN_POINT('',(-0.0517693832123505,-0.0613330024670864,0.00919475388589579));
#5909=CARTESIAN_POINT('',(-0.0517689368388845,-0.0613325571359312,0.00902583538193738));
#5910=CARTESIAN_POINT('',(-0.0517684900223001,-0.0613321093934552,0.00877246174810641));
#5911=CARTESIAN_POINT('',(-0.0517683778898896,-0.0613319971735036,0.00868800454193859));
#5912=CARTESIAN_POINT('',(-0.0517682655490967,-0.0613318847744186,0.0085613179573727));
#5913=CARTESIAN_POINT('',(-0.0517682374155113,-0.0613318566353367,0.00851908896639552));
#5914=CARTESIAN_POINT('',(-0.0517682092328786,-0.0613318284490409,0.00845574574976908));
#5915=CARTESIAN_POINT('',(-0.0517682021753742,-0.0613318213911914,0.00843463135565643));
#5916=CARTESIAN_POINT('',(-0.0517681951277001,-0.0613318143432867,0.00840295977945405));
#5917=CARTESIAN_POINT('',(-0.0517681933633923,-0.0613318125789572,0.00839240259035691));
#5918=CARTESIAN_POINT('',(-0.0517681909888808,-0.0613318102044266,0.00837128821335317));
#5919=CARTESIAN_POINT('',(-0.0517674314493779,-0.0613310506649258,0.00836060890535633));
#5920=CARTESIAN_POINT('',(-0.0517682430483293,-0.0613318622638774,0.00835018697410937));
#5921=CARTESIAN_POINT('',(-0.0563367084099511,-0.0659003276254996,0.0364567195707895));
#5922=CARTESIAN_POINT('',(-0.0562881819868578,-0.0658518012024064,0.0362277559932966));
#5923=CARTESIAN_POINT('',(-0.0562389860792265,-0.0658026052947751,0.035999033088438));
#5924=CARTESIAN_POINT('',(-0.0560486374531054,-0.0656122566686539,0.0351272299464881));
#5925=CARTESIAN_POINT('',(-0.0559025861303969,-0.065466205345945,0.034485680595902));
#5926=CARTESIAN_POINT('',(-0.0556002189908898,-0.0651638382064379,0.0332077131449314));
#5927=CARTESIAN_POINT('',(-0.0554439039533459,-0.0650075231688939,0.0325712659090942));
#5928=CARTESIAN_POINT('',(-0.0551226978389016,-0.0646863170544497,0.0313026105823765));
#5929=CARTESIAN_POINT('',(-0.054957775310412,-0.0645213945259603,0.0306704180379612));
#5930=CARTESIAN_POINT('',(-0.0546227270643401,-0.0641863462798884,0.0294086048908312));
#5931=CARTESIAN_POINT('',(-0.0544525556335281,-0.0640161748490759,0.0287790068841257));
#5932=CARTESIAN_POINT('',(-0.0541132745923259,-0.0636768938078738,0.0275192860118453));
#5933=CARTESIAN_POINT('',(-0.053944175655371,-0.0635077948709191,0.0268891578703754));
#5934=CARTESIAN_POINT('',(-0.0536988967257631,-0.0632625159413112,0.0259398286178278));
#5935=CARTESIAN_POINT('',(-0.0536185642647114,-0.0631821834802596,0.0256226800760731));
#5936=CARTESIAN_POINT('',(-0.0534621384837606,-0.0630257576993088,0.0249862875808584));
#5937=CARTESIAN_POINT('',(-0.0533860549134358,-0.0629496741289838,0.0246670388081403));
#5938=CARTESIAN_POINT('',(-0.0532392822366272,-0.0628029014521753,0.0240258747738281));
#5939=CARTESIAN_POINT('',(-0.0531685975114513,-0.0627322167269995,0.0237039573465374));
#5940=CARTESIAN_POINT('',(-0.0530332938806724,-0.0625969130962206,0.0230571241512342));
#5941=CARTESIAN_POINT('',(-0.0529686718849189,-0.0625322911004669,0.0227322099107044));
#5942=CARTESIAN_POINT('',(-0.0527841572393595,-0.0623477764549076,0.0217528448114554));
#5943=CARTESIAN_POINT('',(-0.0526740248657139,-0.0622376440812619,0.0210955325321672));
#5944=CARTESIAN_POINT('',(-0.0524771909574585,-0.0620408101730065,0.0197745107106972));
#5945=CARTESIAN_POINT('',(-0.0523903398832769,-0.061953959098825,0.0191105687477886));
#5946=CARTESIAN_POINT('',(-0.0522362669266661,-0.0617998861422142,0.0177768617647291));
#5947=CARTESIAN_POINT('',(-0.0521691379566881,-0.0617327571722361,0.0171080972305979));
#5948=CARTESIAN_POINT('',(-0.051993124368643,-0.0615567435841911,0.0150972966728458));
#5949=CARTESIAN_POINT('',(-0.0519091717664289,-0.0614727909819769,0.0137506219582682));
#5950=CARTESIAN_POINT('',(-0.0518248078654362,-0.0613884270809842,0.0117271580827029));
#5951=CARTESIAN_POINT('',(-0.0518037255314938,-0.0613673447470419,0.0110521651039342));
#5952=CARTESIAN_POINT('',(-0.0517824944206817,-0.0613461136362298,0.0100391426716097));
#5953=CARTESIAN_POINT('',(-0.051777156029021,-0.061340775244569,0.00970139291845539));
#5954=CARTESIAN_POINT('',(-0.0517717923278245,-0.0613354115433726,0.00919471538503212));
#5955=CARTESIAN_POINT('',(-0.0517704454797889,-0.061334064695337,0.00902581610196392));
#5956=CARTESIAN_POINT('',(-0.0517690948687368,-0.0613327140842848,0.00877245689536949));
#5957=CARTESIAN_POINT('',(-0.0517687563043323,-0.0613323755198803,0.00868800211239186));
#5958=CARTESIAN_POINT('',(-0.0517684171846606,-0.0613320364002086,0.00856131734729047));
#5959=CARTESIAN_POINT('',(-0.0517683322725165,-0.0613319514880646,0.00851908866099839));
#5960=CARTESIAN_POINT('',(-0.051768247246191,-0.0613318664617391,0.00845574567312153));
#5961=CARTESIAN_POINT('',(-0.0517682259615908,-0.0613318451771388,0.00843463131726063));
#5962=CARTESIAN_POINT('',(-0.0517682046687239,-0.0613318238842719,0.0084029597698148));
#5963=CARTESIAN_POINT('',(-0.0517681993386028,-0.0613318185541509,0.00839240258552395));
#5964=CARTESIAN_POINT('',(-0.0517681922001389,-0.061331811415687,0.00837128821333809));
#5965=CARTESIAN_POINT('',(-0.0517674314620842,-0.0613310506776323,0.00836060890694107));
#5966=CARTESIAN_POINT('',(-0.0517682430484532,-0.0613318622640013,0.00835018697424895));
#5967=CARTESIAN_POINT('',(-0.0491465530505375,-0.0655417668489151,0.0361266078895906));
#5968=CARTESIAN_POINT('',(-0.0495688936005388,-0.0651483937418343,0.0361263931592015));
#5969=CARTESIAN_POINT('',(-0.0503639831401021,-0.0646349826221164,0.0361392460253028));
#5970=CARTESIAN_POINT('',(-0.0515152074585356,-0.0643254978816054,0.0361562792859741));
#5971=CARTESIAN_POINT('',(-0.0521366664198037,-0.0642625993889928,0.0361669820341714));
#5972=CARTESIAN_POINT('',(-0.0524863295079001,-0.0642534877402885,0.0361738943255569));
#5973=CARTESIAN_POINT('',(-0.0527874575064647,-0.064264014198273,0.0361807588054169));
#5974=CARTESIAN_POINT('',(-0.0529519961014563,-0.0642775982759552,0.0361850351243772));
#5975=CARTESIAN_POINT('',(-0.053242609704939,-0.0643097103309339,0.0361928075125337));
#5976=CARTESIAN_POINT('',(-0.053622940253861,-0.0643774622863718,0.036203333800327));
#5977=CARTESIAN_POINT('',(-0.0540428790353462,-0.0644904625634301,0.0362147812301976));
#5978=CARTESIAN_POINT('',(-0.0544074418942826,-0.0646227136042953,0.0362250195756775));
#5979=CARTESIAN_POINT('',(-0.0546529216326591,-0.0647234601356576,0.0362324589766288));
#5980=CARTESIAN_POINT('',(-0.0550354336237924,-0.0649118630749688,0.0362441417799614));
#5981=CARTESIAN_POINT('',(-0.0554181531258159,-0.0651386722816193,0.0362556586742796));
#5982=CARTESIAN_POINT('',(-0.0558094421470117,-0.0654184263774583,0.0362691847866982));
#5983=CARTESIAN_POINT('',(-0.0561229217801767,-0.0656898839968384,0.036282922929489));
#5984=CARTESIAN_POINT('',(-0.0562534540353433,-0.0658170736873733,0.0362891860419099));
#5985=CARTESIAN_POINT('',(-0.0563014778699634,-0.065865097085593,0.0362911678883278));
#5986=CARTESIAN_POINT('',(-0.0183653129725864,0.035,0.00835));
#5987=CARTESIAN_POINT('',(-0.0183653129725864,0.035,0.00835));
#5988=CARTESIAN_POINT('',(-0.0183653129725865,0.03,0.00835));
#5989=CARTESIAN_POINT('',(-0.0204363807844519,0.03,0.00835));
#5990=CARTESIAN_POINT('',(-0.0219008468785192,0.0314644660940673,0.00835));
#5991=CARTESIAN_POINT('',(-0.0183653129750453,0.03,0.00980547500952728));
#5992=CARTESIAN_POINT('',(-0.0204363807895043,0.0300000000049398,0.0095860886905751));
#5993=CARTESIAN_POINT('',(-0.0219008468837967,0.0314644660993448,0.00927582957483462));
#5994=CARTESIAN_POINT('',(-0.0185302556308335,0.0304699073585095,0.0125601142998479));
#5995=CARTESIAN_POINT('',(-0.0207161697869447,0.0302797890025457,0.0119861777455054));
#5996=CARTESIAN_POINT('',(-0.0222008488062989,0.0317644680218469,0.0110781816763167));
#5997=CARTESIAN_POINT('',(-0.0192233480837634,0.031909033620615,0.0158897646269828));
#5998=CARTESIAN_POINT('',(-0.0216577806507723,0.0312213998663057,0.0150340883180565));
#5999=CARTESIAN_POINT('',(-0.0231847486620828,0.0327483678776308,0.0134512166393597));
#6000=CARTESIAN_POINT('',(-0.0202353713744229,0.0335689917993017,0.018574696300225));
#6001=CARTESIAN_POINT('',(-0.0228660708963123,0.0324296901118643,0.0176317334589366));
#6002=CARTESIAN_POINT('',(-0.0244245922969878,0.0339882115125359,0.0155657040810635));
#6003=CARTESIAN_POINT('',(-0.0218065070993326,0.0358225445262447,0.0215871148171652));
#6004=CARTESIAN_POINT('',(-0.0246518203687702,0.0342154395843162,0.0206750608552921));
#6005=CARTESIAN_POINT('',(-0.0262267230061418,0.0357903422216899,0.0181081438580312));
#6006=CARTESIAN_POINT('',(-0.024047002835733,0.0386678303285129,0.02477974237804));
#6007=CARTESIAN_POINT('',(-0.0270726767309752,0.0366362959465224,0.0239735308599216));
#6008=CARTESIAN_POINT('',(-0.0286673566357104,0.0382309758512585,0.0209985645110926));
#6009=CARTESIAN_POINT('',(-0.026946482617059,0.0420686806429146,0.0282111677921651));
#6010=CARTESIAN_POINT('',(-0.0301064366818706,0.0396700558974247,0.0275347348452821));
#6011=CARTESIAN_POINT('',(-0.031739461925624,0.0413030811411721,0.0242380403597536));
#6012=CARTESIAN_POINT('',(-0.0299544196623392,0.0454387601540819,0.0314169222929612));
#6013=CARTESIAN_POINT('',(-0.0332106186899627,0.0427742379054869,0.0308649625086673));
#6014=CARTESIAN_POINT('',(-0.0348839772963235,0.0444475965118714,0.0273425798295997));
#6015=CARTESIAN_POINT('',(-0.034033195360863,0.0498789599817108,0.0355242370298442));
#6016=CARTESIAN_POINT('',(-0.0374081833712191,0.0469718025868962,0.0351431083771214));
#6017=CARTESIAN_POINT('',(-0.0391212383255683,0.0486848575411164,0.0313852456522908));
#6018=CARTESIAN_POINT('',(-0.0371006059758134,0.0531274063910226,0.0385330164775455));
#6019=CARTESIAN_POINT('',(-0.0405037210980317,0.0500673403130011,0.0382203944963065));
#6020=CARTESIAN_POINT('',(-0.0423053403062097,0.0518689595217578,0.0344057048938603));
#6021=CARTESIAN_POINT('',(-0.0391522933678602,0.0552878798392125,0.0405624325168086));
#6022=CARTESIAN_POINT('',(-0.0425689123390296,0.0521325315545777,0.0402904099719409));
#6023=CARTESIAN_POINT('',(-0.0444197044482577,0.0539833236638057,0.0364364974932697));
#6024=CARTESIAN_POINT('',(-0.0343863258350861,0.0502335285197372,0.0358513901508338));
#6025=CARTESIAN_POINT('',(-0.0351496553562676,0.0497414967741488,0.0358602133798401));
#6026=CARTESIAN_POINT('',(-0.0370452310490291,0.0495690625840548,0.0359162804890793));
#6027=CARTESIAN_POINT('',(-0.0397451907117532,0.0504737063844645,0.036033929006639));
#6028=CARTESIAN_POINT('',(-0.0421697787640419,0.0519371019048035,0.0361607958710609));
#6029=CARTESIAN_POINT('',(-0.0435953628385234,0.053159484946584,0.0362472380658493));
#6030=CARTESIAN_POINT('',(-0.0442683704471638,0.0538319896627118,0.0362911686245697));
#6031=CARTESIAN_POINT('',(0.0183653129725865,0.035,0.00835));
#6032=CARTESIAN_POINT('',(0.0183653129725865,0.035,0.00835));
#6033=CARTESIAN_POINT('',(0.0219008468785192,0.0314644660940673,0.00835));
#6034=CARTESIAN_POINT('',(0.020436380784452,0.03,0.00835));
#6035=CARTESIAN_POINT('',(0.0183653129725865,0.03,0.00835));
#6036=CARTESIAN_POINT('',(0.0219008468837558,0.0314644660993038,0.00927582953176061));
#6037=CARTESIAN_POINT('',(0.0204363807894378,0.0300000000049471,0.00958608863305943));
#6038=CARTESIAN_POINT('',(0.0183653129749811,0.03,0.00980547494180085));
#6039=CARTESIAN_POINT('',(0.022200848834342,0.0317644680498899,0.0110781818157792));
#6040=CARTESIAN_POINT('',(0.0207161698135094,0.0302797890290755,0.011986177931379));
#6041=CARTESIAN_POINT('',(0.0185302556473782,0.0304699074021097,0.0125601145108594));
#6042=CARTESIAN_POINT('',(0.0231847486943635,0.0327483679099116,0.0134512166753907));
#6043=CARTESIAN_POINT('',(0.0216577806810823,0.0312213998966253,0.0150340883555924));
#6044=CARTESIAN_POINT('',(0.0192233481109758,0.0319090336631448,0.0158897646660947));
#6045=CARTESIAN_POINT('',(0.0244245922095244,0.0339882114250724,0.0155657039382825));
#6046=CARTESIAN_POINT('',(0.022866070808618,0.0324296900241674,0.0176317332801032));
#6047=CARTESIAN_POINT('',(0.0202353713026162,0.03356899168268,0.0185746961213002));
#6048=CARTESIAN_POINT('',(0.0262267227769978,0.0357903419925457,0.018108143561184));
#6049=CARTESIAN_POINT('',(0.0246518201408074,0.0342154393563546,0.0206750605070917));
#6050=CARTESIAN_POINT('',(0.0218065068938436,0.0358225442493734,0.0215871144778841));
#6051=CARTESIAN_POINT('',(0.0286673564140003,0.0382309756295484,0.0209985642753176));
#6052=CARTESIAN_POINT('',(0.0270726765163661,0.0366362957319142,0.023973530605834));
#6053=CARTESIAN_POINT('',(0.0240470026269419,0.0386678300816582,0.0247797421280189));
#6054=CARTESIAN_POINT('',(0.0317394619229887,0.0413030811385367,0.0242380403587903));
#6055=CARTESIAN_POINT('',(0.0301064366806727,0.0396700558962216,0.0275347348463511));
#6056=CARTESIAN_POINT('',(0.0269464826142046,0.0420686806410121,0.0282111677917183));
#6057=CARTESIAN_POINT('',(0.0348839772288085,0.0444475964443565,0.0273425797633593));
#6058=CARTESIAN_POINT('',(0.0332106186223882,0.0427742378379327,0.0308649624368358));
#6059=CARTESIAN_POINT('',(0.0299544195976832,0.0454387600820402,0.0314169222247837));
#6060=CARTESIAN_POINT('',(0.0391212383006128,0.0486848575161609,0.0313852456298017));
#6061=CARTESIAN_POINT('',(0.0374081833485342,0.0469718025641012,0.0351431083564228));
#6062=CARTESIAN_POINT('',(0.0340331953366409,0.0498789599568735,0.0355242370078963));
#6063=CARTESIAN_POINT('',(0.0423053402931434,0.0518689595086914,0.0344057048813065));
#6064=CARTESIAN_POINT('',(0.0405037210852784,0.0500673403007419,0.038220394483485));
#6065=CARTESIAN_POINT('',(0.0371006059630625,0.0531274063777534,0.0385330164650147));
#6066=CARTESIAN_POINT('',(0.0444197044492671,0.0539833236648152,0.0364364974942392));
#6067=CARTESIAN_POINT('',(0.0425689123400227,0.0521325315555707,0.0402904099729362));
#6068=CARTESIAN_POINT('',(0.0391522933688397,0.0552878798402439,0.0405624325177775));
#6069=CARTESIAN_POINT('',(0.0442683704471745,0.0538319896627226,0.0362911686245799));
#6070=CARTESIAN_POINT('',(0.0435969569815532,0.0531606125038946,0.0362473268931209));
#6071=CARTESIAN_POINT('',(0.0421495398612488,0.0519210315759589,0.0361596107234024));
#6072=CARTESIAN_POINT('',(0.039732681777771,0.0504697980432009,0.0360333933871475));
#6073=CARTESIAN_POINT('',(0.0370430842990561,0.0495674764396861,0.0359161587662395));
#6074=CARTESIAN_POINT('',(0.0351445210510775,0.0497456171947345,0.0358601806487723));
#6075=CARTESIAN_POINT('',(0.0343863258350864,0.0502335285197374,0.0358513901508341));
#6076=CARTESIAN_POINT('',(-0.0601324039545991,0.0601324039545991,0.01335));
#6077=CARTESIAN_POINT('',(-0.0567648079091982,0.0635,0.01335));
#6078=CARTESIAN_POINT('',(-0.0635,0.0567648079091981,0.01335));
#6079=CARTESIAN_POINT('',(0.060132403954599,0.0601324039545992,0.01335));
#6080=CARTESIAN_POINT('',(0.0567648079091981,0.0635,0.01335));
#6081=CARTESIAN_POINT('',(0.0635,0.0567648079091982,0.01335));
#6082=CARTESIAN_POINT('',(0.035,0.0183653129725864,0.00835));
#6083=CARTESIAN_POINT('',(0.035,0.0183653129725864,0.00835));
#6084=CARTESIAN_POINT('',(0.03,0.0183653129725864,0.00835));
#6085=CARTESIAN_POINT('',(0.03,0.0204363807844519,0.00835));
#6086=CARTESIAN_POINT('',(0.0314644660940673,0.0219008468785191,0.00835));
#6087=CARTESIAN_POINT('',(0.03,0.0183653129748734,0.00980547494184841));
#6088=CARTESIAN_POINT('',(0.0300000000049791,0.0204363807893186,0.0095860886330992));
#6089=CARTESIAN_POINT('',(0.031464466099258,0.0219008468837099,0.00927582953178671));
#6090=CARTESIAN_POINT('',(0.0304699074021093,0.0185302556474279,0.0125601145108353));
#6091=CARTESIAN_POINT('',(0.0302797890290603,0.0207161698135651,0.0119861779313592));
#6092=CARTESIAN_POINT('',(0.0317644680499109,0.0222008488343629,0.0110781818157658));
#6093=CARTESIAN_POINT('',(0.0319090336631435,0.0192233481109615,0.0158897646660981));
#6094=CARTESIAN_POINT('',(0.0312213998966285,0.0216577806810656,0.0150340883555948));
#6095=CARTESIAN_POINT('',(0.032748367909905,0.0231847486943567,0.0134512166753921));
#6096=CARTESIAN_POINT('',(0.0335689916826778,0.0202353713026183,0.0185746961212955));
#6097=CARTESIAN_POINT('',(0.0324296900241647,0.0228660708086206,0.0176317332800988));
#6098=CARTESIAN_POINT('',(0.0339882114250722,0.0244245922095242,0.0155657039382791));
#6099=CARTESIAN_POINT('',(0.0358225442493702,0.0218065068938392,0.0215871144778812));
#6100=CARTESIAN_POINT('',(0.0342154393563524,0.024651820140802,0.0206750605070884));
#6101=CARTESIAN_POINT('',(0.0357903419925423,0.0262267227769942,0.0181081435611811));
#6102=CARTESIAN_POINT('',(0.0386678300816543,0.0240470026269389,0.0247797421280141));
#6103=CARTESIAN_POINT('',(0.0366362957319121,0.0270726765163639,0.0239735306058297));
#6104=CARTESIAN_POINT('',(0.038230975629545,0.0286673564139968,0.0209985642753134));
#6105=CARTESIAN_POINT('',(0.0420686806410049,0.0269464826141994,0.028211167791712));
#6106=CARTESIAN_POINT('',(0.0396700558962101,0.0301064366806646,0.0275347348463429));
#6107=CARTESIAN_POINT('',(0.0413030811385309,0.0317394619229828,0.0242380403587841));
#6108=CARTESIAN_POINT('',(0.0454387600820384,0.0299544195976766,0.0314169222247798));
#6109=CARTESIAN_POINT('',(0.0427742378379476,0.0332106186223885,0.030864962436835));
#6110=CARTESIAN_POINT('',(0.0444475964443514,0.0348839772288032,0.027342579763356));
#6111=CARTESIAN_POINT('',(0.0498789599568365,0.0340331953366333,0.0355242370078733));
#6112=CARTESIAN_POINT('',(0.0469718025639955,0.0374081833485063,0.0351431083563997));
#6113=CARTESIAN_POINT('',(0.0486848575161437,0.0391212383005956,0.0313852456297766));
#6114=CARTESIAN_POINT('',(0.0531274063778679,0.0371006059630494,0.0385330164650711));
#6115=CARTESIAN_POINT('',(0.0500673403011053,0.0405037210852924,0.0382203944834776));
#6116=CARTESIAN_POINT('',(0.0518689595087191,0.042305340293171,0.0344057048813722));
#6117=CARTESIAN_POINT('',(0.0552878798402329,0.0391522933688291,0.0405624325177671));
#6118=CARTESIAN_POINT('',(0.0521325315555601,0.042568912340012,0.0402904099729255));
#6119=CARTESIAN_POINT('',(0.0539833236648044,0.0444197044492563,0.0364364974942288));
#6120=CARTESIAN_POINT('',(0.0502335285197372,0.0343863258350861,0.0358513901508338));
#6121=CARTESIAN_POINT('',(0.0497414967741488,0.0351496553562676,0.0358602133798401));
#6122=CARTESIAN_POINT('',(0.0495690625840548,0.0370452310490291,0.0359162804890793));
#6123=CARTESIAN_POINT('',(0.0504737063844645,0.0397451907117532,0.0360339290066391));
#6124=CARTESIAN_POINT('',(0.0519371019048035,0.0421697787640419,0.0361607958710609));
#6125=CARTESIAN_POINT('',(0.053159484946584,0.0435953628385233,0.0362472380658493));
#6126=CARTESIAN_POINT('',(0.0538319896627118,0.0442683704471638,0.0362911686245697));
#6127=CARTESIAN_POINT('',(0.035,-0.0183653129725865,0.00835));
#6128=CARTESIAN_POINT('',(0.035,-0.0183653129725865,0.00835));
#6129=CARTESIAN_POINT('',(0.0314644660940673,-0.0219008468785192,0.00835));
#6130=CARTESIAN_POINT('',(0.03,-0.020436380784452,0.00835));
#6131=CARTESIAN_POINT('',(0.03,-0.0183653129725865,0.00835));
#6132=CARTESIAN_POINT('',(0.0314644660993127,-0.0219008468837646,0.00927582953176637));
#6133=CARTESIAN_POINT('',(0.0300000000049754,-0.0204363807894484,0.00958608863306516));
#6134=CARTESIAN_POINT('',(0.03,-0.0183653129750181,0.00980547494181231));
#6135=CARTESIAN_POINT('',(0.0317644680498859,-0.022200848834338,0.011078181815777));
#6136=CARTESIAN_POINT('',(0.0302797890290626,-0.0207161698135048,0.0119861779313789));
#6137=CARTESIAN_POINT('',(0.0304699074021099,-0.0185302556473611,0.0125601145108548));
#6138=CARTESIAN_POINT('',(0.032748367909913,-0.023184748694365,0.0134512166753921));
#6139=CARTESIAN_POINT('',(0.031221399896629,-0.0216577806810837,0.0150340883555928));
#6140=CARTESIAN_POINT('',(0.0319090336631453,-0.0192233481109805,0.0158897646660971));
#6141=CARTESIAN_POINT('',(0.0339882114250727,-0.0244245922095246,0.0155657039382833));
#6142=CARTESIAN_POINT('',(0.0324296900241672,-0.0228660708086183,0.0176317332801046));
#6143=CARTESIAN_POINT('',(0.0335689916826808,-0.0202353713026155,0.018574696121301));
#6144=CARTESIAN_POINT('',(0.0357903419925468,-0.0262267227769989,0.0181081435611853));
#6145=CARTESIAN_POINT('',(0.0342154393563558,-0.0246518201408083,0.0206750605070927));
#6146=CARTESIAN_POINT('',(0.0358225442493745,-0.0218065068938451,0.0215871144778857));
#6147=CARTESIAN_POINT('',(0.0382309756295499,-0.0286673564140019,0.0209985642753193));
#6148=CARTESIAN_POINT('',(0.0366362957319166,-0.027072676516368,0.0239735306058365));
#6149=CARTESIAN_POINT('',(0.0386678300816603,-0.024047002626943,0.0247797421280208));
#6150=CARTESIAN_POINT('',(0.041303081138538,-0.0317394619229899,0.0242380403587917));
#6151=CARTESIAN_POINT('',(0.0396700558962195,-0.0301064366806731,0.0275347348463515));
#6152=CARTESIAN_POINT('',(0.0420686806410124,-0.0269464826142061,0.0282111677917192));
#6153=CARTESIAN_POINT('',(0.0444475964443614,-0.0348839772288133,0.0273425797633638));
#6154=CARTESIAN_POINT('',(0.0427742378379489,-0.0332106186223949,0.0308649624368433));
#6155=CARTESIAN_POINT('',(0.0454387600820497,-0.0299544195976866,0.0314169222247903));
#6156=CARTESIAN_POINT('',(0.0486848575161512,-0.0391212383006032,0.0313852456297933));
#6157=CARTESIAN_POINT('',(0.0469718025640399,-0.0374081833485238,0.0351431083564087));
#6158=CARTESIAN_POINT('',(0.0498789599568397,-0.0340331953366381,0.0355242370078769));
#6159=CARTESIAN_POINT('',(0.0518689595087514,-0.0423053402932034,0.0344057048813601));
#6160=CARTESIAN_POINT('',(0.0500673403009999,-0.0405037210853087,0.0382203944835317));
#6161=CARTESIAN_POINT('',(0.0531274063779207,-0.0371006059630915,0.0385330164651173));
#6162=CARTESIAN_POINT('',(0.0539833236648191,-0.044419704449271,0.036436497494243));
#6163=CARTESIAN_POINT('',(0.0521325315555745,-0.0425689123400265,0.0402904099729401));
#6164=CARTESIAN_POINT('',(0.0552878798402479,-0.0391522933688435,0.0405624325177812));
#6165=CARTESIAN_POINT('',(0.0538319896627265,-0.0442683704471784,0.0362911686245835));
#6166=CARTESIAN_POINT('',(0.0531606125039011,-0.0435969569815602,0.0362473268931173));
#6167=CARTESIAN_POINT('',(0.0519210315759599,-0.0421495398612514,0.0361596107234043));
#6168=CARTESIAN_POINT('',(0.050469798043202,-0.0397326817777719,0.0360333933871471));
#6169=CARTESIAN_POINT('',(0.0495674764396833,-0.0370430842990562,0.0359161587662394));
#6170=CARTESIAN_POINT('',(0.0497456171947393,-0.0351445210510688,0.0358601806487727));
#6171=CARTESIAN_POINT('',(0.0502335285197369,-0.0343863258350859,0.0358513901508336));
#6172=CARTESIAN_POINT('',(-0.035,0.0183653129725865,0.00835));
#6173=CARTESIAN_POINT('',(-0.035,0.0183653129725865,0.00835));
#6174=CARTESIAN_POINT('',(-0.0314644660940673,0.0219008468785192,0.00835));
#6175=CARTESIAN_POINT('',(-0.03,0.020436380784452,0.00835));
#6176=CARTESIAN_POINT('',(-0.03,0.0183653129725865,0.00835));
#6177=CARTESIAN_POINT('',(-0.0314644660992709,0.0219008468837229,0.00927582957484142));
#6178=CARTESIAN_POINT('',(-0.0300000000049664,0.0204363807893741,0.00958608869058113));
#6179=CARTESIAN_POINT('',(-0.03,0.0183653129749458,0.00980547500953589));
#6180=CARTESIAN_POINT('',(-0.0317644680218815,0.0222008488063334,0.0110781816763148));
#6181=CARTESIAN_POINT('',(-0.0302797890025337,0.0207161697870064,0.0119861777455062));
#6182=CARTESIAN_POINT('',(-0.0304699073585099,0.0185302556308799,0.0125601142998458));
#6183=CARTESIAN_POINT('',(-0.0327483678776225,0.0231847486620745,0.0134512166393623));
#6184=CARTESIAN_POINT('',(-0.0312213998663097,0.0216577806507559,0.0150340883180583));
#6185=CARTESIAN_POINT('',(-0.0319090336206163,0.0192233480837518,0.0158897646269863));
#6186=CARTESIAN_POINT('',(-0.0339882115125399,0.0244245922969919,0.0155657040810657));
#6187=CARTESIAN_POINT('',(-0.0324296901118651,0.0228660708963187,0.01763173345894));
#6188=CARTESIAN_POINT('',(-0.0335689917993038,0.0202353713744274,0.0185746963002277));
#6189=CARTESIAN_POINT('',(-0.0357903422216911,0.0262267230061428,0.0181081438580345));
#6190=CARTESIAN_POINT('',(-0.0342154395843188,0.0246518203687696,0.0206750608552954));
#6191=CARTESIAN_POINT('',(-0.0358225445262477,0.021806507099333,0.0215871148171689));
#6192=CARTESIAN_POINT('',(-0.0382309758512626,0.0286673566357146,0.0209985645110966));
#6193=CARTESIAN_POINT('',(-0.0366362959465281,0.0270726767309808,0.0239735308599271));
#6194=CARTESIAN_POINT('',(-0.0386678303285172,0.0240470028357368,0.0247797423780443));
#6195=CARTESIAN_POINT('',(-0.0413030811411769,0.031739461925629,0.0242380403597588));
#6196=CARTESIAN_POINT('',(-0.0396700558974222,0.030106436681873,0.027534734845286));
#6197=CARTESIAN_POINT('',(-0.0420686806429196,0.0269464826170644,0.0282111677921706));
#6198=CARTESIAN_POINT('',(-0.044447596511878,0.0348839772963298,0.0273425798296053));
#6199=CARTESIAN_POINT('',(-0.042774237905518,0.0332106186899742,0.0308649625086767));
#6200=CARTESIAN_POINT('',(-0.0454387601540905,0.0299544196623423,0.0314169222929672));
#6201=CARTESIAN_POINT('',(-0.0486848575411244,0.0391212383255766,0.0313852456523012));
#6202=CARTESIAN_POINT('',(-0.0469718025867956,0.0374081833712244,0.0351431083771396));
#6203=CARTESIAN_POINT('',(-0.0498789599817098,0.034033195360887,0.0355242370298536));
#6204=CARTESIAN_POINT('',(-0.0518689595217672,0.0423053403062191,0.0344057048938568));
#6205=CARTESIAN_POINT('',(-0.0500673403134135,0.04050372109797,0.0382203944961873));
#6206=CARTESIAN_POINT('',(-0.053127406391074,0.0371006059757504,0.0385330164775468));
#6207=CARTESIAN_POINT('',(-0.053983323663816,0.0444197044482679,0.0364364974932795));
#6208=CARTESIAN_POINT('',(-0.0521325315545878,0.0425689123390397,0.040290409971951));
#6209=CARTESIAN_POINT('',(-0.055287879839223,0.0391522933678701,0.0405624325168184));
#6210=CARTESIAN_POINT('',(-0.0538319896627221,0.044268370447174,0.0362911686245792));
#6211=CARTESIAN_POINT('',(-0.0531606125038975,0.0435969569815561,0.036247326893122));
#6212=CARTESIAN_POINT('',(-0.0519210315759571,0.0421495398612474,0.0361596107234018));
#6213=CARTESIAN_POINT('',(-0.0504697980432007,0.0397326817777685,0.0360333933871476));
#6214=CARTESIAN_POINT('',(-0.0495674764396827,0.0370430842990543,0.0359161587662391));
#6215=CARTESIAN_POINT('',(-0.0497456171947406,0.0351445210510662,0.0358601806487728));
#6216=CARTESIAN_POINT('',(-0.0502335285197367,0.0343863258350858,0.0358513901508335));
#6217=CARTESIAN_POINT('',(-0.035,-0.0183653129725864,0.00835));
#6218=CARTESIAN_POINT('',(-0.035,-0.0183653129725864,0.00835));
#6219=CARTESIAN_POINT('',(-0.03,-0.0183653129725865,0.00835));
#6220=CARTESIAN_POINT('',(-0.03,-0.0204363807844519,0.00835));
#6221=CARTESIAN_POINT('',(-0.0314644660940673,-0.0219008468785192,0.00835));
#6222=CARTESIAN_POINT('',(-0.03,-0.0183653129750052,0.00980547494180264));
#6223=CARTESIAN_POINT('',(-0.0300000000049932,-0.020436380789463,0.00958608863306283));
#6224=CARTESIAN_POINT('',(-0.0314644660993263,-0.0219008468837782,0.00927582953176262));
#6225=CARTESIAN_POINT('',(-0.0304699074021093,-0.0185302556473669,0.0125601145108564));
#6226=CARTESIAN_POINT('',(-0.0302797890290537,-0.0207161698134974,0.0119861779313763));
#6227=CARTESIAN_POINT('',(-0.0317644680498792,-0.0222008488343313,0.0110781818157769));
#6228=CARTESIAN_POINT('',(-0.0319090336631435,-0.019223348110978,0.0158897646660924));
#6229=CARTESIAN_POINT('',(-0.0312213998966303,-0.0216577806810845,0.0150340883555899));
#6230=CARTESIAN_POINT('',(-0.0327483679099134,-0.0231847486943653,0.0134512166753891));
#6231=CARTESIAN_POINT('',(-0.0335689916826778,-0.0202353713026141,0.0185746961212969));
#6232=CARTESIAN_POINT('',(-0.0324296900241641,-0.0228660708086157,0.0176317332801));
#6233=CARTESIAN_POINT('',(-0.0339882114250699,-0.0244245922095221,0.0155657039382798));
#6234=CARTESIAN_POINT('',(-0.0358225442493703,-0.0218065068938416,0.0215871144778804));
#6235=CARTESIAN_POINT('',(-0.034215439356353,-0.0246518201408051,0.0206750605070877));
#6236=CARTESIAN_POINT('',(-0.0357903419925436,-0.0262267227769953,0.0181081435611807));
#6237=CARTESIAN_POINT('',(-0.0386678300816542,-0.024047002626938,0.0247797421280143));
#6238=CARTESIAN_POINT('',(-0.0366362957319101,-0.027072676516362,0.0239735306058294));
#6239=CARTESIAN_POINT('',(-0.0382309756295443,-0.0286673564139964,0.0209985642753133));
#6240=CARTESIAN_POINT('',(-0.042068680641005,-0.0269464826142002,0.0282111677917122));
#6241=CARTESIAN_POINT('',(-0.0396700558962156,-0.0301064366806682,0.0275347348463444));
#6242=CARTESIAN_POINT('',(-0.0413030811385316,-0.0317394619229835,0.0242380403587848));
#6243=CARTESIAN_POINT('',(-0.0454387600820378,-0.0299544195976745,0.0314169222247786));
#6244=CARTESIAN_POINT('',(-0.0427742378379294,-0.033210618622379,0.030864962436832));
#6245=CARTESIAN_POINT('',(-0.0444475964443491,-0.0348839772288013,0.0273425797633533));
#6246=CARTESIAN_POINT('',(-0.049878959956839,-0.0340331953366445,0.0355242370078794));
#6247=CARTESIAN_POINT('',(-0.0469718025640708,-0.0374081833485375,0.035143108356395));
#6248=CARTESIAN_POINT('',(-0.0486848575161551,-0.0391212383006069,0.0313852456297908));
#6249=CARTESIAN_POINT('',(-0.0531274063778564,-0.0371006059630002,0.0385330164650442));
#6250=CARTESIAN_POINT('',(-0.050067340300838,-0.0405037210852234,0.038220394483569));
#6251=CARTESIAN_POINT('',(-0.051868959508669,-0.042305340293121,0.0344057048813095));
#6252=CARTESIAN_POINT('',(-0.0552878798402329,-0.0391522933688293,0.0405624325177671));
#6253=CARTESIAN_POINT('',(-0.05213253155556,-0.0425689123400121,0.0402904099729255));
#6254=CARTESIAN_POINT('',(-0.0539833236648043,-0.0444197044492564,0.0364364974942288));
#6255=CARTESIAN_POINT('',(-0.0502335285197372,-0.0343863258350861,0.0358513901508338));
#6256=CARTESIAN_POINT('',(-0.0497414967741488,-0.0351496553562676,0.0358602133798402));
#6257=CARTESIAN_POINT('',(-0.0495690625840548,-0.0370452310490291,0.0359162804890793));
#6258=CARTESIAN_POINT('',(-0.0504737063844644,-0.0397451907117532,0.036033929006639));
#6259=CARTESIAN_POINT('',(-0.0519371019048035,-0.042169778764042,0.0361607958710609));
#6260=CARTESIAN_POINT('',(-0.053159484946584,-0.0435953628385233,0.0362472380658493));
#6261=CARTESIAN_POINT('',(-0.0538319896627118,-0.0442683704471638,0.0362911686245697));
#6262=CARTESIAN_POINT('',(0.0702351920908019,-0.0635,0.00835));
#6263=CARTESIAN_POINT('',(0.0702351920908019,-0.0635,0.0362911686245697));
#6264=CARTESIAN_POINT('',(0.0635,-0.0702351920908018,0.00835));
#6265=CARTESIAN_POINT('',(0.0635,-0.0702351920908018,0.0362911686245697));
#6266=CARTESIAN_POINT('',(-0.0635,-0.0702351920908019,0.00835));
#6267=CARTESIAN_POINT('',(-0.0635,-0.0702351920908019,0.0362911686245697));
#6268=CARTESIAN_POINT('',(-0.0702351920908018,-0.0635,0.00835));
#6269=CARTESIAN_POINT('',(-0.0702351920908018,-0.0635,0.0362911686245697));
#6270=CARTESIAN_POINT('',(-0.0585502525316942,0.0518150604408923,1.34471149673098E-17));
#6271=CARTESIAN_POINT('',(-0.0585502525316942,0.0518150604408923,0.0362911686245697));
#6272=CARTESIAN_POINT('',(-0.0585502525316942,0.0518150604408923,0.01335));
#6273=CARTESIAN_POINT('',(-0.0635,0.0567648079091982,0.01335));
#6274=CARTESIAN_POINT('',(-0.0635,0.0567648079091982,0.00635));
#6275=CARTESIAN_POINT('',(-0.0033675960454009,-0.00336759604540091,0.00635));
#6276=CARTESIAN_POINT('',(-0.066867596045401,0.0601324039545991,0.00635));
#6277=CARTESIAN_POINT('',(-0.0635,0.0635,0.00635));
#6278=CARTESIAN_POINT('',(-0.0601324039545991,0.0668675960454009,0.00635));
#6279=CARTESIAN_POINT('',(-0.0409914991507121,0.0477266912415139,0.00635));
#6280=CARTESIAN_POINT('',(-0.0567648079091982,0.0635,0.00635));
#6281=CARTESIAN_POINT('',(-0.0567648079091982,0.0635,0.01335));
#6282=CARTESIAN_POINT('',(-0.0518150604408923,0.0585502525316942,0.01335));
#6283=CARTESIAN_POINT('',(-0.0518150604408923,0.0585502525316942,0.00835));
#6284=CARTESIAN_POINT('',(-0.0518150604408923,0.0585502525316942,0.0362911686245697));
#6285=CARTESIAN_POINT('',(0.0585502525316942,0.0518150604408923,0.00835));
#6286=CARTESIAN_POINT('',(0.0585502525316942,0.0518150604408923,0.0362911686245697));
#6287=CARTESIAN_POINT('',(0.0585502525316942,0.0518150604408923,0.01335));
#6288=CARTESIAN_POINT('',(0.0635,0.0567648079091982,0.01335));
#6289=CARTESIAN_POINT('',(0.0635,0.0567648079091982,0.00635));
#6290=CARTESIAN_POINT('',(0.0477266912415139,0.0409914991507121,0.00635));
#6291=CARTESIAN_POINT('',(0.0668675960454009,0.0601324039545991,0.00635));
#6292=CARTESIAN_POINT('',(0.0635,0.0635,0.00635));
#6293=CARTESIAN_POINT('',(0.0601324039545991,0.0668675960454009,0.00635));
#6294=CARTESIAN_POINT('',(-0.0033675960454009,0.0033675960454009,0.00635));
#6295=CARTESIAN_POINT('',(0.0567648079091981,0.0635,0.00635));
#6296=CARTESIAN_POINT('',(0.0567648079091981,0.0635,0.01335));
#6297=CARTESIAN_POINT('',(0.0518150604408923,0.0585502525316942,0.01335));
#6298=CARTESIAN_POINT('',(0.0518150604408923,0.0585502525316942,1.34471149673098E-17));
#6299=CARTESIAN_POINT('',(0.0518150604408923,0.0585502525316942,0.0362911686245697));
#6300=CARTESIAN_POINT('',(0.0302,-0.022375,0.030325));
#6301=CARTESIAN_POINT('',(0.0302,-0.0650076854922036,0.0305707935493784));
#6302=CARTESIAN_POINT('',(0.0302,-0.0674955858236982,0.0325275036915551));
#6303=CARTESIAN_POINT('',(0.0302,-0.070036614911208,0.0344148756028202));
#6304=CARTESIAN_POINT('',(0.0302,-0.0725854722075542,0.0362913394514497));
#6305=CARTESIAN_POINT('',(0.0302,-0.0650076854922036,0.0305707935493784));
#6306=CARTESIAN_POINT('',(0.0302,-0.0725853561879446,0.0362912540380097));
#6307=CARTESIAN_POINT('',(0.0302,-0.022375,0.0362911686245697));
#6308=CARTESIAN_POINT('',(0.0302,0.03025,0.0362911686245697));
#6309=CARTESIAN_POINT('',(0.0302,0.03025,0.030325));
#6310=CARTESIAN_POINT('',(0.0302,0.03025,0.030325));
#6311=CARTESIAN_POINT('',(0.0302,-0.022375,0.030325));
#6312=CARTESIAN_POINT('',(0.0302,-0.0633642357041116,0.030325));
#6313=CARTESIAN_POINT('',(0.0302,-0.0633642357041116,0.030325));
#6314=CARTESIAN_POINT('',(0.0302,-0.0636377284807927,0.0303707029172754));
#6315=CARTESIAN_POINT('',(0.0302,-0.0641737287738625,0.0304998426575083));
#6316=CARTESIAN_POINT('',(0.0302,-0.0647321069410763,0.03060144121427));
#6317=CARTESIAN_POINT('',(0.0302,-0.0650076854922036,0.0305707935493784));
#6318=CARTESIAN_POINT('',(0.,0.03025,0.030325));
#6319=CARTESIAN_POINT('',(0.,0.03025,0.0362911686245697));
#6320=CARTESIAN_POINT('',(-0.0302,0.03025,0.0362911686245697));
#6321=CARTESIAN_POINT('',(-0.0302,0.03025,0.030325));
#6322=CARTESIAN_POINT('',(-0.0302,0.03025,0.030325));
#6323=CARTESIAN_POINT('',(0.,0.03025,0.030325));
#6324=CARTESIAN_POINT('',(-0.0302,-0.022375,0.030325));
#6325=CARTESIAN_POINT('',(-0.0302,-0.022375,0.0362911686245697));
#6326=CARTESIAN_POINT('',(-0.0302,-0.0725852401687103,0.0362911686248459));
#6327=CARTESIAN_POINT('',(-0.0302,-0.0725852401687102,0.0362911686248459));
#6328=CARTESIAN_POINT('',(-0.0302,-0.0700364607691461,0.0344147609734132));
#6329=CARTESIAN_POINT('',(-0.0302,-0.0674955103271767,0.0325274443142531));
#6330=CARTESIAN_POINT('',(-0.0302,-0.0650076854922036,0.0305707935493784));
#6331=CARTESIAN_POINT('',(-0.0302,-0.0650076854922036,0.0305707935493784));
#6332=CARTESIAN_POINT('',(-0.0302,-0.0633642357041451,0.030325));
#6333=CARTESIAN_POINT('',(-0.0302,-0.0636374730555241,0.0303706602335849));
#6334=CARTESIAN_POINT('',(-0.0302,-0.0641736373602605,0.0304998639162669));
#6335=CARTESIAN_POINT('',(-0.0302,-0.064732392586009,0.0306014094428838));
#6336=CARTESIAN_POINT('',(-0.0302,-0.0650076854922036,0.0305707935493784));
#6337=CARTESIAN_POINT('',(-0.0302,-0.0633642357041451,0.030325));
#6338=CARTESIAN_POINT('',(-0.0302,-0.022375,0.030325));
#6339=CARTESIAN_POINT('',(1.38777878078145E-17,-0.00681346664612892,0.030325));
#6340=CARTESIAN_POINT('',(-0.0302,-0.0633642357041451,0.030325));
#6341=CARTESIAN_POINT('',(-0.0301165629319754,-0.0633900297907376,0.030325));
#6342=CARTESIAN_POINT('',(-0.0300332999591695,-0.0634163839685756,0.030325));
#6343=CARTESIAN_POINT('',(-0.0299503213244902,-0.0634436086169069,0.030325));
#6344=CARTESIAN_POINT('',(-0.0299503213244901,-0.0634436086169081,0.030325));
#6345=CARTESIAN_POINT('',(-0.0299503213244901,-0.0634436086169081,0.030325));
#6346=CARTESIAN_POINT('',(-0.0262045505929895,-0.0634409776434024,0.030325));
#6347=CARTESIAN_POINT('',(-0.0224587801055083,-0.0634379511905959,0.030325));
#6348=CARTESIAN_POINT('',(-0.0187130084659353,-0.0634368660186399,0.030325));
#6349=CARTESIAN_POINT('',(-0.0187130084659353,-0.0634368660186399,0.030325));
#6350=CARTESIAN_POINT('',(-0.0187130084659353,-0.0634368660186399,0.030325));
#6351=CARTESIAN_POINT('',(-0.017945749548037,-0.0634366437392431,0.030325));
#6352=CARTESIAN_POINT('',(-0.0164350064694494,-0.0631153998749366,0.030325));
#6353=CARTESIAN_POINT('',(-0.0151473766750443,-0.0622770394252088,0.030325));
#6354=CARTESIAN_POINT('',(-0.0145704473102491,-0.0617748663316053,0.030325));
#6355=CARTESIAN_POINT('',(-0.0145704473102491,-0.0617748663316053,0.030325));
#6356=CARTESIAN_POINT('',(-0.0145704473102491,-0.0617748663316053,0.030325));
#6357=CARTESIAN_POINT('',(-0.013580011518041,-0.0609127673709042,0.030325));
#6358=CARTESIAN_POINT('',(-0.0113606452697688,-0.0595003598820455,0.030325));
#6359=CARTESIAN_POINT('',(-0.00768413094656504,-0.0581684866389313,0.030325));
#6360=CARTESIAN_POINT('',(-0.00385310607688002,-0.0574511257532707,0.030325));
#6361=CARTESIAN_POINT('',(-1.41063538005613E-5,-0.057235065027781,0.030325));
#6362=CARTESIAN_POINT('',(0.00389802918855704,-0.0574545397042238,0.030325));
#6363=CARTESIAN_POINT('',(0.0089671528046981,-0.0584153492922629,0.030325));
#6364=CARTESIAN_POINT('',(0.0125899069705911,-0.0600509567335483,0.030325));
#6365=CARTESIAN_POINT('',(0.0145704473102525,-0.0617748663316083,0.030325));
#6366=CARTESIAN_POINT('',(0.0145704473102525,-0.0617748663316082,0.030325));
#6367=CARTESIAN_POINT('',(0.0145704473102525,-0.0617748663316082,0.030325));
#6368=CARTESIAN_POINT('',(0.0157262091423697,-0.062780869024691,0.030325));
#6369=CARTESIAN_POINT('',(0.017176206869606,-0.0634364207982274,0.030325));
#6370=CARTESIAN_POINT('',(0.0187130084659353,-0.0634368660186399,0.030325));
#6371=CARTESIAN_POINT('',(0.0187130084659353,-0.0634368660186399,0.030325));
#6372=CARTESIAN_POINT('',(0.0187130084659353,-0.0634368660186399,0.030325));
#6373=CARTESIAN_POINT('',(0.0224587801187497,-0.0634379511905997,0.030325));
#6374=CARTESIAN_POINT('',(0.0262045506025429,-0.0634409776434091,0.030325));
#6375=CARTESIAN_POINT('',(0.0299503213244901,-0.0634436086169081,0.030325));
#6376=CARTESIAN_POINT('',(0.0299503213244901,-0.0634436086169081,0.030325));
#6377=CARTESIAN_POINT('',(0.0302,-0.0633642357041116,0.030325));
#6378=CARTESIAN_POINT('',(0.0301165629319689,-0.0633900297906951,0.030325));
#6379=CARTESIAN_POINT('',(0.0300332999591733,-0.0634163839685765,0.030325));
#6380=CARTESIAN_POINT('',(0.0299503213244902,-0.063443608616907,0.030325));
#6381=CARTESIAN_POINT('',(0.0302,-0.0731552204218689,0.0367105047222374));
#6382=CARTESIAN_POINT('',(0.0302,-0.0737475690627445,0.035904879373578));
#6383=CARTESIAN_POINT('',(0.0311999545553097,-0.0737475959818451,0.0359048427621836));
#6384=CARTESIAN_POINT('',(0.0302,-0.0698567593682358,0.0342852596319826));
#6385=CARTESIAN_POINT('',(0.0301999999999493,-0.0704515296631615,0.0334815659227261));
#6386=CARTESIAN_POINT('',(0.0311998328225748,-0.0704514281830213,0.033481283829426));
#6387=CARTESIAN_POINT('',(0.0302,-0.0665639332080961,0.0318491243297947));
#6388=CARTESIAN_POINT('',(0.0302000000000796,-0.0671694127567474,0.0310530830959278));
#6389=CARTESIAN_POINT('',(0.0311996924786947,-0.0671694125886495,0.0310526874916792));
#6390=CARTESIAN_POINT('',(0.0302,-0.0633879662082055,0.0292793065479893));
#6391=CARTESIAN_POINT('',(0.0302,-0.0640167198503393,0.0285022472437797));
#6392=CARTESIAN_POINT('',(0.0311995759726546,-0.0640169864590771,0.0285019177493857));
#6393=CARTESIAN_POINT('',(0.0302000005050441,-0.0725853120843185,0.0362911406534046));
#6394=CARTESIAN_POINT('',(0.0302016509054216,-0.0728194180247179,0.03620008695747));
#6395=CARTESIAN_POINT('',(0.0303114879759007,-0.0732768436000466,0.0360221274653304));
#6396=CARTESIAN_POINT('',(0.0308227674909399,-0.0736850849368222,0.0358632473381847));
#6397=CARTESIAN_POINT('',(0.0311999520541366,-0.0736889705628373,0.0358617351872835));
#6398=CARTESIAN_POINT('',(0.0302,-0.0650076854922036,0.0305707935493784));
#6399=CARTESIAN_POINT('',(0.0302,-0.0651478066890498,0.030396960958314));
#6400=CARTESIAN_POINT('',(0.0303476754802704,-0.0651426542076803,0.0299331078124537));
#6401=CARTESIAN_POINT('',(0.0306167974988718,-0.0648769679391521,0.0294058981020205));
#6402=CARTESIAN_POINT('',(0.030907843491944,-0.0645099429000447,0.028934472286193));
#6403=CARTESIAN_POINT('',(0.0310997469541059,-0.064228248174235,0.0286727505981717));
#6404=CARTESIAN_POINT('',(0.0311995780478443,-0.0640730714805784,0.0285472737346009));
#6405=CARTESIAN_POINT('',(0.0187128264054137,-0.0640652983466933,0.0285471357599739));
#6406=CARTESIAN_POINT('',(0.0187121888747013,-0.0662659122205085,0.030325));
#6407=CARTESIAN_POINT('',(0.0187130084659353,-0.0634368660186399,0.030325));
#6408=CARTESIAN_POINT('',(0.0228998889294475,-0.0640665068345083,0.0285471321012683));
#6409=CARTESIAN_POINT('',(0.022898435770437,-0.0662671512108707,0.0303250000000207));
#6410=CARTESIAN_POINT('',(0.0229003137515375,-0.0634380791056423,0.030325));
#6411=CARTESIAN_POINT('',(0.0270871134822604,-0.0640702417856052,0.0285472099126976));
#6412=CARTESIAN_POINT('',(0.027084736727489,-0.0662702317770739,0.0303249999998376));
#6413=CARTESIAN_POINT('',(0.0270876176195029,-0.0634417178449523,0.030325));
#6414=CARTESIAN_POINT('',(0.0312745014736012,-0.0640731231256046,0.0285472748987178));
#6415=CARTESIAN_POINT('',(0.0312730302680608,-0.066272568148183,0.030325));
#6416=CARTESIAN_POINT('',(0.0312749219461589,-0.0634445187269258,0.030325));
#6417=CARTESIAN_POINT('',(0.0299503213244901,-0.0634436086169093,0.030325));
#6418=CARTESIAN_POINT('',(0.0298150664139684,-0.0635306289037966,0.0303249999999998));
#6419=CARTESIAN_POINT('',(0.0295546721425572,-0.0637158518353957,0.0303026665020785));
#6420=CARTESIAN_POINT('',(0.0292716583302793,-0.0639915060437407,0.0301844556815898));
#6421=CARTESIAN_POINT('',(0.0291792546882861,-0.0642267139482945,0.0299633106083229));
#6422=CARTESIAN_POINT('',(0.0292581707102469,-0.0643971898334068,0.029686021400854));
#6423=CARTESIAN_POINT('',(0.0295419445873309,-0.0644568168215499,0.0293844891454858));
#6424=CARTESIAN_POINT('',(0.0299286839881221,-0.0644310427668578,0.0291087873910278));
#6425=CARTESIAN_POINT('',(0.0304859873317011,-0.0643213456690315,0.0288031345013925));
#6426=CARTESIAN_POINT('',(0.0309117500997563,-0.0641840071808625,0.0286370944877527));
#6427=CARTESIAN_POINT('',(0.0311995780478443,-0.0640730714805784,0.0285472737346009));
#6428=CARTESIAN_POINT('',(0.0187130084659353,-0.0634368660186399,0.029325));
#6429=CARTESIAN_POINT('',(0.0187130084659353,-0.0634368660186399,0.030325));
#6430=CARTESIAN_POINT('',(0.0187121888747013,-0.0662659122205085,0.030325));
#6431=CARTESIAN_POINT('',(0.0187128264054137,-0.0640652983466933,0.0285471357599739));
#6432=CARTESIAN_POINT('',(0.0179446076684057,-0.0634366434050974,0.030325));
#6433=CARTESIAN_POINT('',(0.0175520352086349,-0.0662899953589333,0.0303250000000027));
#6434=CARTESIAN_POINT('',(0.0178593684015104,-0.0640608637842247,0.0285437528542286));
#6435=CARTESIAN_POINT('',(0.0164409609299938,-0.0631174196401853,0.030325));
#6436=CARTESIAN_POINT('',(0.0153812611124551,-0.0657400912341538,0.0303250000000009));
#6437=CARTESIAN_POINT('',(0.0161875506765391,-0.0637208413476144,0.0285555631266058));
#6438=CARTESIAN_POINT('',(0.015148328223708,-0.0622778676812513,0.030325));
#6439=CARTESIAN_POINT('',(0.0136983959835731,-0.064350369001787,0.030324999999996));
#6440=CARTESIAN_POINT('',(0.0147472096845413,-0.0628396457608881,0.0285975145192755));
#6441=CARTESIAN_POINT('',(0.0145704473102525,-0.0617748663316083,0.030325));
#6442=CARTESIAN_POINT('',(0.0130030567814428,-0.0635755873054946,0.030325));
#6443=CARTESIAN_POINT('',(0.0141025212878989,-0.0623124504162328,0.0286235382479687));
#6444=CARTESIAN_POINT('',(0.0145704473102525,-0.0617748663316083,0.029325));
#6445=CARTESIAN_POINT('',(0.0145704473102525,-0.0617748663316083,0.030325));
#6446=CARTESIAN_POINT('',(0.0130030567814428,-0.0635755873054947,0.030325));
#6447=CARTESIAN_POINT('',(0.0141025212878989,-0.0623124504162328,0.0286235382479687));
#6448=CARTESIAN_POINT('',(0.0135801771390158,-0.0609129115350657,0.030325));
#6449=CARTESIAN_POINT('',(0.012208494464278,-0.0628579145238344,0.0303249999999814));
#6450=CARTESIAN_POINT('',(0.0131624003169188,-0.0614996439206134,0.0286277512083317));
#6451=CARTESIAN_POINT('',(0.0113938893698135,-0.0595175100267044,0.030325));
#6452=CARTESIAN_POINT('',(0.0103358254378022,-0.061658039633495,0.0303250000000086));
#6453=CARTESIAN_POINT('',(0.0110824190105505,-0.0601687979820692,0.0286271000719186));
#6454=CARTESIAN_POINT('',(0.00769677249948806,-0.0581719969448158,0.030325));
#6455=CARTESIAN_POINT('',(0.00699722937273175,-0.0605540939778728,0.0303249999999976));
#6456=CARTESIAN_POINT('',(0.00751869041573258,-0.0588473390659697,0.0286060833328218));
#6457=CARTESIAN_POINT('',(0.00389885967206943,-0.0574553837323882,0.030325));
#6458=CARTESIAN_POINT('',(0.00352349545703335,-0.0600640188596723,0.0303250000000007));
#6459=CARTESIAN_POINT('',(0.00382205340903261,-0.0581179113721155,0.0285780382108229));
#6460=CARTESIAN_POINT('',(-1.43288866754433E-5,-0.0572348388655604,0.030325));
#6461=CARTESIAN_POINT('',(-1.37782461772425E-5,-0.0599666956483941,0.0303249999999998));
#6462=CARTESIAN_POINT('',(-1.4008128742239E-5,-0.0578829592151482,0.0285623672660485));
#6463=CARTESIAN_POINT('',(-0.00385304642889329,-0.0574511863739888,0.030325));
#6464=CARTESIAN_POINT('',(-0.00348182151270717,-0.0600614364529789,0.0303250000000003));
#6465=CARTESIAN_POINT('',(-0.00377728234947351,-0.0581135868696554,0.0285778362487557));
#6466=CARTESIAN_POINT('',(-0.00768414700563772,-0.05816847031828,0.030325));
#6467=CARTESIAN_POINT('',(-0.00698510946173308,-0.0605515524420168,0.030324999999999));
#6468=CARTESIAN_POINT('',(-0.00750645089523165,-0.0588437261632864,0.0286059395430155));
#6469=CARTESIAN_POINT('',(-0.0113606406814658,-0.059500364543933,0.030325));
#6470=CARTESIAN_POINT('',(-0.0103070001068472,-0.061643490848461,0.0303250000000034));
#6471=CARTESIAN_POINT('',(-0.0110505927404186,-0.0601523080168513,0.0286270283386443));
#6472=CARTESIAN_POINT('',(-0.0135800115180334,-0.0609127673736012,0.030325));
#6473=CARTESIAN_POINT('',(-0.0122083625066456,-0.0628577953348711,0.0303249999999927));
#6474=CARTESIAN_POINT('',(-0.0131622430831331,-0.0614995079795102,0.0286277519125841));
#6475=CARTESIAN_POINT('',(-0.0145704473102486,-0.0617748663316049,0.030325));
#6476=CARTESIAN_POINT('',(-0.0130030567814396,-0.0635755873054917,0.030325));
#6477=CARTESIAN_POINT('',(-0.0141025212878952,-0.0623124504162296,0.0286235382479687));
#6478=CARTESIAN_POINT('',(-0.0145704473102492,-0.0617748663316054,0.029325));
#6479=CARTESIAN_POINT('',(-0.0145704473102486,-0.0617748663316049,0.030325));
#6480=CARTESIAN_POINT('',(-0.0130030567814383,-0.0635755873054896,0.030325));
#6481=CARTESIAN_POINT('',(-0.0141025212878946,-0.0623124504162292,0.0286235382479689));
#6482=CARTESIAN_POINT('',(-0.0151473766736057,-0.0622770394274476,0.030325));
#6483=CARTESIAN_POINT('',(-0.0136971989274347,-0.0643490351962615,0.0303250000000051));
#6484=CARTESIAN_POINT('',(-0.0147461481275942,-0.0628387776665739,0.0285975573675591));
#6485=CARTESIAN_POINT('',(-0.0164350064701706,-0.063115399873747,0.030325));
#6486=CARTESIAN_POINT('',(-0.0153728748825973,-0.0657365914422081,0.0303249999999977));
#6487=CARTESIAN_POINT('',(-0.0161809261241571,-0.0637187073285406,0.0285556521559413));
#6488=CARTESIAN_POINT('',(-0.017945749548032,-0.063436643739383,0.030325));
#6489=CARTESIAN_POINT('',(-0.0175537724592465,-0.0662899593030217,0.0303249999999992));
#6490=CARTESIAN_POINT('',(-0.0178606366801355,-0.064060870376256,0.0285437578830523));
#6491=CARTESIAN_POINT('',(-0.0187130084659353,-0.0634368660186399,0.030325));
#6492=CARTESIAN_POINT('',(-0.0187121888747014,-0.0662659122205085,0.030325));
#6493=CARTESIAN_POINT('',(-0.0187128264054137,-0.0640652983466933,0.0285471357599739));
#6494=CARTESIAN_POINT('',(-0.0187130084659353,-0.0634368660186398,0.029325));
#6495=CARTESIAN_POINT('',(-0.0187130084659353,-0.0634368660186399,0.030325));
#6496=CARTESIAN_POINT('',(-0.0187121888747013,-0.0662659122205085,0.030325));
#6497=CARTESIAN_POINT('',(-0.0187128264054137,-0.0640652983466933,0.0285471357599739));
#6498=CARTESIAN_POINT('',(-0.0229003137514329,-0.0634380791056132,0.030325));
#6499=CARTESIAN_POINT('',(-0.0228984357703079,-0.0662671512108022,0.0303249999999942));
#6500=CARTESIAN_POINT('',(-0.022899888929343,-0.06406650683448,0.0285471321012455));
#6501=CARTESIAN_POINT('',(-0.0270876176194704,-0.0634417178451265,0.030325));
#6502=CARTESIAN_POINT('',(-0.0270847367271456,-0.0662702317775468,0.0303249999999167));
#6503=CARTESIAN_POINT('',(-0.027087113482228,-0.0640702417857461,0.0285472099128115));
#6504=CARTESIAN_POINT('',(-0.0312749219461608,-0.0634445187269257,0.030325));
#6505=CARTESIAN_POINT('',(-0.0312730302680628,-0.066272568148183,0.030325));
#6506=CARTESIAN_POINT('',(-0.0312745014736032,-0.0640731231256046,0.0285472748987178));
#6507=CARTESIAN_POINT('',(-0.0299503213244901,-0.0634436086169093,0.030325));
#6508=CARTESIAN_POINT('',(-0.0298150664139682,-0.0635306289037966,0.0303249999999997));
#6509=CARTESIAN_POINT('',(-0.0295546721425569,-0.0637158518353959,0.0303026665020785));
#6510=CARTESIAN_POINT('',(-0.029271658330279,-0.0639915060437412,0.0301844556815895));
#6511=CARTESIAN_POINT('',(-0.0291792546882862,-0.0642267139482948,0.0299633106083225));
#6512=CARTESIAN_POINT('',(-0.0292581707102472,-0.064397189833407,0.0296860214008537));
#6513=CARTESIAN_POINT('',(-0.029541944587331,-0.0644568168215497,0.0293844891454855));
#6514=CARTESIAN_POINT('',(-0.0299286839881224,-0.0644310427668581,0.0291087873910279));
#6515=CARTESIAN_POINT('',(-0.0304859873317002,-0.0643213456690298,0.0288031345013912));
#6516=CARTESIAN_POINT('',(-0.0309117500997607,-0.0641840071808699,0.0286370944877587));
#6517=CARTESIAN_POINT('',(-0.0311995780478443,-0.0640730714805784,0.0285472737346009));
#6518=CARTESIAN_POINT('',(-0.0311999545553077,-0.0737475959272952,0.0359048427220749));
#6519=CARTESIAN_POINT('',(-0.0302,-0.0737475690081935,0.035904879333471));
#6520=CARTESIAN_POINT('',(-0.0302,-0.0731552203672811,0.0367105046821008));
#6521=CARTESIAN_POINT('',(-0.0311998328227431,-0.0704514312011593,0.0334812860483199));
#6522=CARTESIAN_POINT('',(-0.0302000000000519,-0.0704515326809945,0.0334815681412603));
#6523=CARTESIAN_POINT('',(-0.0302,-0.0698567623885019,0.0342852618522962));
#6524=CARTESIAN_POINT('',(-0.0311996924789953,-0.0671694199493417,0.0310526934541655));
#6525=CARTESIAN_POINT('',(-0.0302000000000392,-0.0671694201184861,0.0310530890589318));
#6526=CARTESIAN_POINT('',(-0.0302,-0.0665639406242157,0.0318491303371582));
#6527=CARTESIAN_POINT('',(-0.0311995759726497,-0.0640169863269789,0.0285019176424992));
#6528=CARTESIAN_POINT('',(-0.0302,-0.0640167197182377,0.0285022471368966));
#6529=CARTESIAN_POINT('',(-0.0302,-0.0633879660751209,0.0292793064403046));
#6530=CARTESIAN_POINT('',(-0.0311999520373659,-0.0736889705630443,0.0358617351872028));
#6531=CARTESIAN_POINT('',(-0.0308247858544474,-0.073685511608007,0.0358630812908471));
#6532=CARTESIAN_POINT('',(-0.0303128936123489,-0.0732800576740348,0.0360208768423368));
#6533=CARTESIAN_POINT('',(-0.0302007504068872,-0.0728181053604895,0.0362005977544132));
#6534=CARTESIAN_POINT('',(-0.0302,-0.072585240168321,0.0362911686245593));
#6535=CARTESIAN_POINT('',(-0.0302,-0.0650076854922036,0.0305707935493784));
#6536=CARTESIAN_POINT('',(-0.0302,-0.0651478066890498,0.030396960958314));
#6537=CARTESIAN_POINT('',(-0.030347675480272,-0.0651426542076809,0.0299331078124542));
#6538=CARTESIAN_POINT('',(-0.0306167974988663,-0.0648769679391499,0.0294058981020187));
#6539=CARTESIAN_POINT('',(-0.0309078434919648,-0.0645099429000528,0.0289344722861995));
#6540=CARTESIAN_POINT('',(-0.0310997469540611,-0.0642282481742176,0.0286727505981576));
#6541=CARTESIAN_POINT('',(-0.0311995780478443,-0.0640730714805784,0.0285472737346009));
#6542=CARTESIAN_POINT('',(-0.0311995780478444,-0.0640730714805784,0.0285472737346009));
#6543=CARTESIAN_POINT('',(-0.0311995780478444,-0.0640730714805784,0.0285472737346009));
#6544=CARTESIAN_POINT('',(-0.0311995780478444,-0.0640730714805784,0.0285472737346009));
#6545=CARTESIAN_POINT('',(-0.0311096278001663,-0.0642128898364527,0.0286603317482178));
#6546=CARTESIAN_POINT('',(-0.0310646777291524,-0.064177639944681,0.0286318651521724));
#6547=CARTESIAN_POINT('',(-0.0310197276752554,-0.0641423900396534,0.0286033985453889));
#6548=CARTESIAN_POINT('',(-0.0309289041754821,-0.0644791436716045,0.0289056086160125));
#6549=CARTESIAN_POINT('',(-0.0307883086006099,-0.0643606052986258,0.0288438814285182));
#6550=CARTESIAN_POINT('',(-0.0306583728871748,-0.0642667996193291,0.0287345986707061));
#6551=CARTESIAN_POINT('',(-0.030666375288137,-0.0648178303117265,0.0293214011672996));
#6552=CARTESIAN_POINT('',(-0.030423128905921,-0.0645032720787648,0.029248007180094));
#6553=CARTESIAN_POINT('',(-0.0301334183063675,-0.0643992198788375,0.0289857980837145));
#6554=CARTESIAN_POINT('',(-0.0304322483436492,-0.0650617933148031,0.0297641726380282));
#6555=CARTESIAN_POINT('',(-0.0301750115872593,-0.0644799056122224,0.0296737515946573));
#6556=CARTESIAN_POINT('',(-0.0296652156249024,-0.0644594212677238,0.0292829434059099));
#6557=CARTESIAN_POINT('',(-0.0302473451797166,-0.065166926554527,0.0302224588485382));
#6558=CARTESIAN_POINT('',(-0.0301412855578406,-0.0642817470940131,0.0299757374440826));
#6559=CARTESIAN_POINT('',(-0.0292953867432397,-0.064420108478782,0.0296274175522768));
#6560=CARTESIAN_POINT('',(-0.0301740153708522,-0.0650400799974032,0.0306133627777634));
#6561=CARTESIAN_POINT('',(-0.0302341576465361,-0.0642024666627564,0.0299225932362226));
#6562=CARTESIAN_POINT('',(-0.0291485981109146,-0.0642374086299047,0.0299744743155486));
#6563=CARTESIAN_POINT('',(-0.0302570791024139,-0.0646701861452576,0.0308076963744027));
#6564=CARTESIAN_POINT('',(-0.0301318881433965,-0.0642564113074959,0.0300155075111888));
#6565=CARTESIAN_POINT('',(-0.0293145079571056,-0.0639346080710187,0.0302214937337872));
#6566=CARTESIAN_POINT('',(-0.0304453219639373,-0.0641948541972034,0.0307976596384329));
#6567=CARTESIAN_POINT('',(-0.0301834943136194,-0.0639856888138821,0.0302717395822617));
#6568=CARTESIAN_POINT('',(-0.0296907594385304,-0.0636078058819514,0.0303285430823413));
#6569=CARTESIAN_POINT('',(-0.0306034284548362,-0.0638675111036556,0.0306999983946343));
#6570=CARTESIAN_POINT('',(-0.0303620220201154,-0.0636990781279365,0.0303439898086952));
#6571=CARTESIAN_POINT('',(-0.0300068288513507,-0.0634041290401378,0.0303289419186333));
#6572=CARTESIAN_POINT('',(-0.0306863989710352,-0.063706572764348,0.0306353021403319));
#6573=CARTESIAN_POINT('',(-0.0304683385569244,-0.0635578690409846,0.0303499844083829));
#6574=CARTESIAN_POINT('',(-0.0301727030974702,-0.0633078784736521,0.0303157245037286));
#6575=CARTESIAN_POINT('',(0.0311995780478443,-0.0640730714805784,0.0285472737346009));
#6576=CARTESIAN_POINT('',(0.0311995780478443,-0.0640730714805784,0.0285472737346009));
#6577=CARTESIAN_POINT('',(0.0311995780478443,-0.0640730714805784,0.0285472737346009));
#6578=CARTESIAN_POINT('',(0.031019727675253,-0.0641423900396482,0.0286033985453846));
#6579=CARTESIAN_POINT('',(0.0310646777291507,-0.0641776399446975,0.0286318651521532));
#6580=CARTESIAN_POINT('',(0.0311096278001684,-0.0642128898364538,0.0286603317482187));
#6581=CARTESIAN_POINT('',(0.0306583728871722,-0.0642667996193327,0.0287345986707094));
#6582=CARTESIAN_POINT('',(0.0307883086006078,-0.0643606052986198,0.0288438814285294));
#6583=CARTESIAN_POINT('',(0.0309289041754793,-0.0644791436716065,0.0289056086160145));
#6584=CARTESIAN_POINT('',(0.0301334183063614,-0.0643992198788382,0.0289857980837172));
#6585=CARTESIAN_POINT('',(0.0304231289059168,-0.0645032720787681,0.0292480071800967));
#6586=CARTESIAN_POINT('',(0.0306663752881342,-0.0648178303117304,0.0293214011673049));
#6587=CARTESIAN_POINT('',(0.029665215624894,-0.0644594212677244,0.0292829434059156));
#6588=CARTESIAN_POINT('',(0.0301750115872555,-0.0644799056122201,0.0296737515946654));
#6589=CARTESIAN_POINT('',(0.0304322483436452,-0.0650617933148066,0.0297641726380362));
#6590=CARTESIAN_POINT('',(0.0292953867432349,-0.0644201084787797,0.0296274175522853));
#6591=CARTESIAN_POINT('',(0.0301412855578444,-0.0642817470940069,0.0299757374440874));
#6592=CARTESIAN_POINT('',(0.030247345179713,-0.0651669265545277,0.030222458848549));
#6593=CARTESIAN_POINT('',(0.029148598110905,-0.0642374086298975,0.0299744743155582));
#6594=CARTESIAN_POINT('',(0.0302341576465298,-0.0642024666627613,0.0299225932362147));
#6595=CARTESIAN_POINT('',(0.030174015370852,-0.0650400799973956,0.0306133627777728));
#6596=CARTESIAN_POINT('',(0.0293145079571504,-0.0639346080710064,0.0302214937337935));
#6597=CARTESIAN_POINT('',(0.0301318881434158,-0.0642564113074843,0.0300155075112129));
#6598=CARTESIAN_POINT('',(0.030257079102419,-0.0646701861452428,0.0308076963744067));
#6599=CARTESIAN_POINT('',(0.0296907594384191,-0.0636078058819406,0.0303285430823439));
#6600=CARTESIAN_POINT('',(0.0301834943135533,-0.0639856888138897,0.0302717395822252));
#6601=CARTESIAN_POINT('',(0.0304453219639463,-0.0641948541971797,0.0307976596384268));
#6602=CARTESIAN_POINT('',(0.0300068288516514,-0.0634041290401186,0.0303289419186321));
#6603=CARTESIAN_POINT('',(0.0303620220202681,-0.0636990781278828,0.0303439898087866));
#6604=CARTESIAN_POINT('',(0.0306034284548473,-0.0638675111036404,0.0306999983946327));
#6605=CARTESIAN_POINT('',(0.0301727030974931,-0.0633078784736383,0.0303157245037267));
#6606=CARTESIAN_POINT('',(0.0304683385569388,-0.063557869040965,0.0303499844083835));
#6607=CARTESIAN_POINT('',(0.0306863989710471,-0.0637065727643251,0.0306353021403226));
#6608=CARTESIAN_POINT('',(0.0635,-0.059398780669118,0.033425));
#6609=CARTESIAN_POINT('',(0.0666819805153395,-0.0625807611844575,0.035025));
#6610=CARTESIAN_POINT('',(0.0644192388155425,-0.0603180194846606,0.035025));
#6611=CARTESIAN_POINT('',(0.0635,-0.059398780669118,0.033425));
#6612=CARTESIAN_POINT('',(0.0635,-0.059398780669118,0.032025));
#6613=CARTESIAN_POINT('',(0.0635,-0.059398780669118,0.032025));
#6614=CARTESIAN_POINT('',(0.059398780669118,-0.0635,0.033425));
#6615=CARTESIAN_POINT('',(0.059398780669118,-0.0635,0.032025));
#6616=CARTESIAN_POINT('',(0.059398780669118,-0.0635,0.032025));
#6617=CARTESIAN_POINT('',(0.059398780669118,-0.0635,0.033425));
#6618=CARTESIAN_POINT('',(0.0603180194846606,-0.0644192388155425,0.035025));
#6619=CARTESIAN_POINT('',(0.0625807611844575,-0.0666819805153395,0.035025));
#6620=CARTESIAN_POINT('',(0.061449390334559,-0.061449390334559,0.032025));
#6621=CARTESIAN_POINT('',(0.0635,-0.0635,0.032025));
#6622=CARTESIAN_POINT('',(0.0651,-0.0635,0.032025));
#6623=CARTESIAN_POINT('',(0.061449390334559,-0.061449390334559,0.032025));
#6624=CARTESIAN_POINT('',(0.061449390334559,-0.061449390334559,0.0184125));
#6625=CARTESIAN_POINT('',(1.38777878078145E-17,-0.00678373955048839,0.021825));
#6626=CARTESIAN_POINT('',(0.0635,-0.0635,0.021825));
#6627=CARTESIAN_POINT('',(0.0651,-0.0635,0.021825));
#6628=CARTESIAN_POINT('',(0.0635,-0.0635,0.021825));
#6629=CARTESIAN_POINT('',(0.0518150604408923,0.0585502525316942,0.036825));
#6630=CARTESIAN_POINT('',(0.0532292740032654,0.0599644660940673,0.0362911686245697));
#6631=CARTESIAN_POINT('',(0.0507777628599693,0.0595875501126172,0.036825));
#6632=CARTESIAN_POINT('',(-0.00757989362632392,0.00122989362632397,0.036825));
#6633=CARTESIAN_POINT('',(0.0442683704471782,0.053831989662719,0.0362911686245748));
#6634=CARTESIAN_POINT('',(0.0443940091076603,0.0537063510022368,0.0364691124163832));
#6635=CARTESIAN_POINT('',(0.0445196477681425,0.0535807123417547,0.0366470562081916));
#6636=CARTESIAN_POINT('',(0.0446452864286246,0.0534550736812726,0.036825));
#6637=CARTESIAN_POINT('',(0.0593949540672163,0.0530449540672163,0.036825));
#6638=CARTESIAN_POINT('',(0.0599644660940673,0.0532292740032654,0.0362911686245697));
#6639=CARTESIAN_POINT('',(0.0446452864286245,0.0534550736812725,0.036825));
#6640=CARTESIAN_POINT('',(0.043952823131081,0.0527626505611148,0.036825));
#6641=CARTESIAN_POINT('',(0.0432001506788521,0.0521251047342462,0.036825));
#6642=CARTESIAN_POINT('',(0.0416120139165576,0.0510078937563274,0.036825));
#6643=CARTESIAN_POINT('',(0.0407748336759923,0.0505199955297876,0.036825));
#6644=CARTESIAN_POINT('',(0.0389693042450403,0.049744001158581,0.036825));
#6645=CARTESIAN_POINT('',(0.0380251575684879,0.0494626534509577,0.036825));
#6646=CARTESIAN_POINT('',(0.0360716308990575,0.0492963165122054,0.036825));
#6647=CARTESIAN_POINT('',(0.0350482757934615,0.0494325750051142,0.036825));
#6648=CARTESIAN_POINT('',(0.0342194930736776,0.0499827436758882,0.036825));
#6649=CARTESIAN_POINT('',(0.0442683704471745,0.0538319896627226,0.0362911686245799));
#6650=CARTESIAN_POINT('',(0.0435969569815532,0.0531606125038946,0.0362473268931209));
#6651=CARTESIAN_POINT('',(0.0428708907660343,0.0525385818948109,0.0362033200773662));
#6652=CARTESIAN_POINT('',(0.0413462781554561,0.0514395272101554,0.0361176870088795));
#6653=CARTESIAN_POINT('',(0.0405458506305636,0.0509547327771368,0.0360757436509457));
#6654=CARTESIAN_POINT('',(0.0388285997932327,0.0501678339523461,0.0359940373617983));
#6655=CARTESIAN_POINT('',(0.0379346468203203,0.0498728275612926,0.035955233607378));
#6656=CARTESIAN_POINT('',(0.0360987726467075,0.0496519695634421,0.0358881730733368));
#6657=CARTESIAN_POINT('',(0.0351445210510775,0.0497456171947345,0.0358601806487723));
#6658=CARTESIAN_POINT('',(0.0343863258350864,0.0502335285197374,0.0358513901508341));
#6659=CARTESIAN_POINT('',(0.0343863258350864,0.0502335285197374,0.0358513901508341));
#6660=CARTESIAN_POINT('',(0.0343307149146168,0.0501499335717877,0.0361759267672227));
#6661=CARTESIAN_POINT('',(0.0342751039941472,0.0500663386238379,0.0365004633836114));
#6662=CARTESIAN_POINT('',(0.0342194930736776,0.0499827436758882,0.036825));
#6663=CARTESIAN_POINT('',(0.0585502525316942,0.0518150604408923,0.036825));
#6664=CARTESIAN_POINT('',(0.0599644660940673,0.0504008468785192,0.0362911686245697));
#6665=CARTESIAN_POINT('',(0.0342194930736776,0.0499827436758882,0.036825));
#6666=CARTESIAN_POINT('',(0.0316848191701559,0.0516686189678282,0.036825));
#6667=CARTESIAN_POINT('',(0.0290521714284384,0.0531492918615716,0.036825));
#6668=CARTESIAN_POINT('',(0.0235982154036407,0.055712012878033,0.036825));
#6669=CARTESIAN_POINT('',(0.0207730809768078,0.0567961922169352,0.036825));
#6670=CARTESIAN_POINT('',(0.0149429235704106,0.0585503072490474,0.036825));
#6671=CARTESIAN_POINT('',(0.0119989970052292,0.059203096555422,0.036825));
#6672=CARTESIAN_POINT('',(0.00603744550167799,0.0600790980376183,0.036825));
#6673=CARTESIAN_POINT('',(0.0030096433508494,0.0603015525294682,0.036825));
#6674=CARTESIAN_POINT('',(-0.00306922738637671,0.0602984329471804,0.036825));
#6675=CARTESIAN_POINT('',(-0.00606509444915076,0.060075661659804,0.036825));
#6676=CARTESIAN_POINT('',(-0.0120026700865719,0.0592019792125916,0.036825));
#6677=CARTESIAN_POINT('',(-0.0149341737425356,0.0585517626858303,0.036825));
#6678=CARTESIAN_POINT('',(-0.0207505668445868,0.0568041542029507,0.036825));
#6679=CARTESIAN_POINT('',(-0.0235913240498896,0.0557151969989835,0.036825));
#6680=CARTESIAN_POINT('',(-0.0290491680031262,0.0531507525632937,0.036825));
#6681=CARTESIAN_POINT('',(-0.0316848164481621,0.0516686218285448,0.036825));
#6682=CARTESIAN_POINT('',(-0.0342194930736754,0.0499827436758897,0.036825));
#6683=CARTESIAN_POINT('',(0.0343863258350883,0.0502335285197357,0.0358513901508338));
#6684=CARTESIAN_POINT('',(0.0318359401169742,0.0519227642112438,0.0358473479329238));
#6685=CARTESIAN_POINT('',(0.0291881986881593,0.0534059381108952,0.0358439737972967));
#6686=CARTESIAN_POINT('',(0.0237051849487657,0.0559724903053777,0.0358383296122324));
#6687=CARTESIAN_POINT('',(0.0208659719983901,0.0570580406731442,0.0358360510149502));
#6688=CARTESIAN_POINT('',(0.0150081951965969,0.0588142178332173,0.0358324551420882));
#6689=CARTESIAN_POINT('',(0.0120510401824525,0.0594676579968441,0.0358311657522402));
#6690=CARTESIAN_POINT('',(0.00606325817646349,0.0603445338656197,0.0358294521159098));
#6691=CARTESIAN_POINT('',(0.00302255465903164,0.0605671840563499,0.0358290271675903));
#6692=CARTESIAN_POINT('',(-0.00308239598924269,0.0605640593653298,0.035829031884132));
#6693=CARTESIAN_POINT('',(-0.00609102508907429,0.0603410960097792,0.0358294596769916));
#6694=CARTESIAN_POINT('',(-0.0120547317351021,0.0594665437374005,0.0358311706489617));
#6695=CARTESIAN_POINT('',(-0.0149994104622951,0.0588156748881374,0.0358324539824105));
#6696=CARTESIAN_POINT('',(-0.0208433474799735,0.0570660132477757,0.0358360340626796));
#6697=CARTESIAN_POINT('',(-0.0236982566564332,0.0559756785361776,0.0358383222493214));
#6698=CARTESIAN_POINT('',(-0.0291851788253625,0.0534074014264962,0.0358439706142581));
#6699=CARTESIAN_POINT('',(-0.0318359373970172,0.0519227670297037,0.0358473478777639));
#6700=CARTESIAN_POINT('',(-0.0343863258350862,0.0502335285197371,0.0358513901508338));
#6701=CARTESIAN_POINT('',(-0.0343863258350862,0.0502335285197371,0.0358513901508338));
#6702=CARTESIAN_POINT('',(-0.034330714914616,0.050149933571788,0.0361759267672226));
#6703=CARTESIAN_POINT('',(-0.0342751039941457,0.0500663386238388,0.0365004633836113));
#6704=CARTESIAN_POINT('',(-0.0342194930736754,0.0499827436758897,0.036825));
#6705=CARTESIAN_POINT('',(0.00122989362632405,-0.00757989362632399,0.036825));
#6706=CARTESIAN_POINT('',(0.0534550736812618,0.0446452864286139,0.036825));
#6707=CARTESIAN_POINT('',(0.0535807123417452,0.0445196477681305,0.0366470562081899));
#6708=CARTESIAN_POINT('',(0.0537063510022285,0.0443940091076471,0.0364691124163798));
#6709=CARTESIAN_POINT('',(0.0538319896627119,0.0442683704471638,0.0362911686245696));
#6710=CARTESIAN_POINT('',(-0.0342194930736754,0.0499827436758897,0.036825));
#6711=CARTESIAN_POINT('',(-0.0350539192009973,0.0494279770596329,0.036825));
#6712=CARTESIAN_POINT('',(-0.0360839031110615,0.0492976202619118,0.036825));
#6713=CARTESIAN_POINT('',(-0.0380227197051757,0.0494621671129962,0.036825));
#6714=CARTESIAN_POINT('',(-0.038982688298239,0.0497476655785044,0.036825));
#6715=CARTESIAN_POINT('',(-0.0407868296900655,0.0505272767490188,0.036825));
#6716=CARTESIAN_POINT('',(-0.0416299241432787,0.051019027523252,0.036825));
#6717=CARTESIAN_POINT('',(-0.0432103481054638,0.0521337824831306,0.036825));
#6718=CARTESIAN_POINT('',(-0.043951161774212,0.0527615055317067,0.036825));
#6719=CARTESIAN_POINT('',(-0.0446452864286138,0.0534550736812618,0.036825));
#6720=CARTESIAN_POINT('',(-0.0343863258350861,0.0502335285197372,0.0358513901508338));
#6721=CARTESIAN_POINT('',(-0.0351496553562676,0.0497414967741488,0.0358602133798401));
#6722=CARTESIAN_POINT('',(-0.0361103140644411,0.049653599197753,0.0358886023091452));
#6723=CARTESIAN_POINT('',(-0.0379323467414777,0.0498722909988735,0.0359551412869137));
#6724=CARTESIAN_POINT('',(-0.0388412611666704,0.0501717121033634,0.03599457695403));
#6725=CARTESIAN_POINT('',(-0.0405573297200243,0.0509619512388753,0.0360763538415355));
#6726=CARTESIAN_POINT('',(-0.0413634245408578,0.0514505499607426,0.036118606317903));
#6727=CARTESIAN_POINT('',(-0.0428807290070373,0.0525470468629749,0.0362039175668058));
#6728=CARTESIAN_POINT('',(-0.0435953628385234,0.053159484946584,0.0362472380658493));
#6729=CARTESIAN_POINT('',(-0.0442683704471638,0.0538319896627118,0.0362911686245697));
#6730=CARTESIAN_POINT('',(-0.0446452864286139,0.0534550736812618,0.036825));
#6731=CARTESIAN_POINT('',(-0.0445196477681305,0.0535807123417452,0.0366470562081899));
#6732=CARTESIAN_POINT('',(-0.0443940091076472,0.0537063510022285,0.0364691124163798));
#6733=CARTESIAN_POINT('',(-0.0442683704471638,0.0538319896627119,0.0362911686245696));
#6734=CARTESIAN_POINT('',(0.0499827436758897,0.0342194930736754,0.036825));
#6735=CARTESIAN_POINT('',(0.0494279770596329,0.0350539192009973,0.036825));
#6736=CARTESIAN_POINT('',(0.0492976202619117,0.0360839031110615,0.036825));
#6737=CARTESIAN_POINT('',(0.0494621671129963,0.0380227197051757,0.036825));
#6738=CARTESIAN_POINT('',(0.0497476655785044,0.038982688298239,0.036825));
#6739=CARTESIAN_POINT('',(0.0505272767490188,0.0407868296900656,0.036825));
#6740=CARTESIAN_POINT('',(0.051019027523252,0.0416299241432787,0.036825));
#6741=CARTESIAN_POINT('',(0.0521337824831306,0.0432103481054638,0.036825));
#6742=CARTESIAN_POINT('',(0.0527615055317067,0.043951161774212,0.036825));
#6743=CARTESIAN_POINT('',(0.0534550736812618,0.0446452864286138,0.036825));
#6744=CARTESIAN_POINT('',(0.0502335285197372,0.0343863258350861,0.0358513901508338));
#6745=CARTESIAN_POINT('',(0.0497414967741488,0.0351496553562676,0.0358602133798401));
#6746=CARTESIAN_POINT('',(0.049653599197753,0.0361103140644411,0.0358886023091452));
#6747=CARTESIAN_POINT('',(0.0498722909988735,0.0379323467414777,0.0359551412869137));
#6748=CARTESIAN_POINT('',(0.0501717121033634,0.0388412611666704,0.03599457695403));
#6749=CARTESIAN_POINT('',(0.0509619512388753,0.0405573297200243,0.0360763538415355));
#6750=CARTESIAN_POINT('',(0.0514505499607426,0.0413634245408578,0.036118606317903));
#6751=CARTESIAN_POINT('',(0.0525470468629749,0.0428807290070373,0.0362039175668058));
#6752=CARTESIAN_POINT('',(0.053159484946584,0.0435953628385233,0.0362472380658493));
#6753=CARTESIAN_POINT('',(0.0538319896627118,0.0442683704471638,0.0362911686245697));
#6754=CARTESIAN_POINT('',(0.0499827436758897,0.0342194930736754,0.036825));
#6755=CARTESIAN_POINT('',(0.0500663386238389,0.0342751039941457,0.0365004633836113));
#6756=CARTESIAN_POINT('',(0.050149933571788,0.0343307149146159,0.0361759267672226));
#6757=CARTESIAN_POINT('',(0.0502335285197372,0.0343863258350861,0.0358513901508338));
#6758=CARTESIAN_POINT('',(0.00757989362632403,0.00122989362632398,0.036825));
#6759=CARTESIAN_POINT('',(-0.0507777628599693,0.0595875501126172,0.036825));
#6760=CARTESIAN_POINT('',(0.0499827436758913,-0.034219493073673,0.036825));
#6761=CARTESIAN_POINT('',(0.0516686198960031,-0.0316848177737521,0.036825));
#6762=CARTESIAN_POINT('',(0.0531492932566842,-0.0290521689640706,0.036825));
#6763=CARTESIAN_POINT('',(0.0557120148418112,-0.0235982107199224,0.036825));
#6764=CARTESIAN_POINT('',(0.0567961934043396,-0.0207730766964195,0.036825));
#6765=CARTESIAN_POINT('',(0.0585503097677904,-0.0149429155309443,0.036825));
#6766=CARTESIAN_POINT('',(0.0592030995954806,-0.0119989870929405,0.036825));
#6767=CARTESIAN_POINT('',(0.0600790976776828,-0.00603743218867747,0.036825));
#6768=CARTESIAN_POINT('',(0.0603015437398992,-0.00300963319022555,0.036825));
#6769=CARTESIAN_POINT('',(0.0602984419109118,0.00306924385784353,0.036825));
#6770=CARTESIAN_POINT('',(0.0600756451670897,0.00606510863738592,0.036825));
#6771=CARTESIAN_POINT('',(0.0592019399973992,0.0120026794456051,0.036825));
#6772=CARTESIAN_POINT('',(0.0585517377930863,0.0149341828234755,0.036825));
#6773=CARTESIAN_POINT('',(0.0568041577408019,0.0207505726838873,0.036825));
#6774=CARTESIAN_POINT('',(0.055715198327358,0.0235913340348077,0.036825));
#6775=CARTESIAN_POINT('',(0.0531507492929559,0.0290491711040188,0.036825));
#6776=CARTESIAN_POINT('',(0.0516686204954878,0.0316848191652041,0.036825));
#6777=CARTESIAN_POINT('',(0.0499827436758897,0.0342194930736754,0.036825));
#6778=CARTESIAN_POINT('',(0.0502335285197388,-0.0343863258350837,0.0358513901508338));
#6779=CARTESIAN_POINT('',(0.0519227651412525,-0.0318359387119249,0.0358473479306999));
#6780=CARTESIAN_POINT('',(0.0534059395083696,-0.0291881962096315,0.0358439737941207));
#6781=CARTESIAN_POINT('',(0.0559724922718194,-0.0237051802411086,0.0358383296080097));
#6782=CARTESIAN_POINT('',(0.0570580418108242,-0.0208659676705571,0.0358360509829134));
#6783=CARTESIAN_POINT('',(0.0588142204060227,-0.0150081871462446,0.0358324551665251));
#6784=CARTESIAN_POINT('',(0.0594676611210089,-0.0120510304438485,0.0358311658101904));
#6785=CARTESIAN_POINT('',(0.0603445333883876,-0.00606324426365102,0.035829452002881));
#6786=CARTESIAN_POINT('',(0.0605671741456349,-0.00302254584414319,0.0358290265444568));
#6787=CARTESIAN_POINT('',(0.0605640694724208,0.00308241227367652,0.0358290325196081));
#6788=CARTESIAN_POINT('',(0.0603410775585612,0.00609104124985669,0.0358294587006546));
#6789=CARTESIAN_POINT('',(0.0594665002610714,0.01205474016259,0.0358311681370031));
#6790=CARTESIAN_POINT('',(0.0588156478622944,0.0149994173541989,0.0358324524277824));
#6791=CARTESIAN_POINT('',(0.0570660177077803,0.0208433528601711,0.0358360344627109));
#6792=CARTESIAN_POINT('',(0.0559756802779812,0.0236982673641474,0.0358383226641104));
#6793=CARTESIAN_POINT('',(0.0534073979646937,0.0291851819132616,0.0358439705185941));
#6794=CARTESIAN_POINT('',(0.0519227657719424,0.0318359400996042,0.0358473479149285));
#6795=CARTESIAN_POINT('',(0.0502335285197372,0.0343863258350861,0.0358513901508338));
#6796=CARTESIAN_POINT('',(0.0499827436758913,-0.034219493073673,0.036825));
#6797=CARTESIAN_POINT('',(0.0500663386238405,-0.0342751039941432,0.0365004633836113));
#6798=CARTESIAN_POINT('',(0.0501499335717896,-0.0343307149146135,0.0361759267672226));
#6799=CARTESIAN_POINT('',(0.0502335285197388,-0.0343863258350837,0.0358513901508338));
#6800=CARTESIAN_POINT('',(-0.0518150604408923,0.0585502525316942,0.036825));
#6801=CARTESIAN_POINT('',(-0.0528523580218154,0.0595875501126172,0.036825));
#6802=CARTESIAN_POINT('',(0.0534550736812782,-0.0446452864286302,0.036825));
#6803=CARTESIAN_POINT('',(0.0527626505611195,-0.0439528231310864,0.036825));
#6804=CARTESIAN_POINT('',(0.0521251047342497,-0.0432001506788566,0.036825));
#6805=CARTESIAN_POINT('',(0.051007893756329,-0.0416120139165604,0.036825));
#6806=CARTESIAN_POINT('',(0.0505199955297885,-0.0407748336759944,0.036825));
#6807=CARTESIAN_POINT('',(0.049744001158581,-0.0389693042450405,0.036825));
#6808=CARTESIAN_POINT('',(0.0494626534509573,-0.0380251575684868,0.036825));
#6809=CARTESIAN_POINT('',(0.0492963165122055,-0.0360716308990543,0.036825));
#6810=CARTESIAN_POINT('',(0.0494325750051151,-0.0350482757934569,0.036825));
#6811=CARTESIAN_POINT('',(0.0499827436758913,-0.034219493073673,0.036825));
#6812=CARTESIAN_POINT('',(0.0538319896627265,-0.0442683704471784,0.0362911686245835));
#6813=CARTESIAN_POINT('',(0.0531606125039011,-0.0435969569815602,0.0362473268931173));
#6814=CARTESIAN_POINT('',(0.0525385818948138,-0.0428708907660382,0.0362033200773674));
#6815=CARTESIAN_POINT('',(0.0514395272101573,-0.0413462781554592,0.0361176870088787));
#6816=CARTESIAN_POINT('',(0.0509547327771377,-0.0405458506305655,0.0360757436509457));
#6817=CARTESIAN_POINT('',(0.0501678339523461,-0.0388285997932329,0.0359940373617983));
#6818=CARTESIAN_POINT('',(0.0498728275612931,-0.0379346468203182,0.0359552336073781));
#6819=CARTESIAN_POINT('',(0.0496519695634411,-0.0360987726467057,0.0358881730733366));
#6820=CARTESIAN_POINT('',(0.0497456171947393,-0.0351445210510688,0.0358601806487727));
#6821=CARTESIAN_POINT('',(0.0502335285197369,-0.0343863258350859,0.0358513901508336));
#6822=CARTESIAN_POINT('',(0.0538319896627265,-0.0442683704471785,0.0362911686245696));
#6823=CARTESIAN_POINT('',(0.0537063510022432,-0.0443940091076619,0.0364691124163798));
#6824=CARTESIAN_POINT('',(0.0535807123417598,-0.0445196477681452,0.0366470562081899));
#6825=CARTESIAN_POINT('',(0.0534550736812765,-0.0446452864286286,0.036825));
#6826=CARTESIAN_POINT('',(-0.0593949540672163,0.0530449540672163,0.036825));
#6827=CARTESIAN_POINT('',(-0.0595875501126172,0.0528523580218154,0.036825));
#6828=CARTESIAN_POINT('',(0.007579893626324,0.00122989362632395,0.036825));
#6829=CARTESIAN_POINT('',(0.0716494056531749,-0.0620857864376269,0.0362911686245697));
#6830=CARTESIAN_POINT('',(-0.0585502525316942,0.0518150604408923,0.036825));
#6831=CARTESIAN_POINT('',(-0.0595875501126172,0.0507777628599693,0.036825));
#6832=CARTESIAN_POINT('',(0.0702351920908019,-0.0635,0.036825));
#6833=CARTESIAN_POINT('',(0.0716494056531749,-0.0649142135623731,0.0362911686245697));
#6834=CARTESIAN_POINT('',(-0.00122989362632393,-0.00757989362632399,0.036825));
#6835=CARTESIAN_POINT('',(-0.0538319896627205,0.0442683704471791,0.0362911686245744));
#6836=CARTESIAN_POINT('',(-0.0537063510022382,0.0443940091076613,0.0364691124163829));
#6837=CARTESIAN_POINT('',(-0.053580712341756,0.0445196477681436,0.0366470562081915));
#6838=CARTESIAN_POINT('',(-0.0534550736812738,0.0446452864286258,0.036825));
#6839=CARTESIAN_POINT('',(0.064729893626324,-0.0710798936263239,0.036825));
#6840=CARTESIAN_POINT('',(0.0649142135623731,-0.0716494056531749,0.0362911686245697));
#6841=CARTESIAN_POINT('',(-0.0534550736812738,0.0446452864286258,0.036825));
#6842=CARTESIAN_POINT('',(-0.0527626505611156,0.043952823131082,0.036825));
#6843=CARTESIAN_POINT('',(-0.0521251047342464,0.0432001506788523,0.036825));
#6844=CARTESIAN_POINT('',(-0.0510078937563266,0.0416120139165563,0.036825));
#6845=CARTESIAN_POINT('',(-0.0505199955297866,0.0407748336759907,0.036825));
#6846=CARTESIAN_POINT('',(-0.0497440011585801,0.0389693042450374,0.036825));
#6847=CARTESIAN_POINT('',(-0.0494626534509567,0.038025157568484,0.036825));
#6848=CARTESIAN_POINT('',(-0.0492963165122057,0.0360716308990523,0.036825));
#6849=CARTESIAN_POINT('',(-0.0494325750051157,0.0350482757934554,0.036825));
#6850=CARTESIAN_POINT('',(-0.049982743675892,0.034219493073672,0.036825));
#6851=CARTESIAN_POINT('',(-0.0538319896627221,0.044268370447174,0.0362911686245792));
#6852=CARTESIAN_POINT('',(-0.0531606125038975,0.0435969569815561,0.036247326893122));
#6853=CARTESIAN_POINT('',(-0.0525385818948105,0.0428708907660341,0.036203320077366));
#6854=CARTESIAN_POINT('',(-0.0514395272101551,0.0413462781554555,0.0361176870088796));
#6855=CARTESIAN_POINT('',(-0.0509547327771358,0.0405458506305619,0.0360757436509456));
#6856=CARTESIAN_POINT('',(-0.0501678339523451,0.03882859979323,0.0359940373617981));
#6857=CARTESIAN_POINT('',(-0.0498728275612927,0.0379346468203153,0.035955233607378));
#6858=CARTESIAN_POINT('',(-0.049651969563441,0.036098772646704,0.0358881730733365));
#6859=CARTESIAN_POINT('',(-0.0497456171947406,0.0351445210510662,0.0358601806487728));
#6860=CARTESIAN_POINT('',(-0.0502335285197367,0.0343863258350858,0.0358513901508335));
#6861=CARTESIAN_POINT('',(-0.0502335285197367,0.0343863258350858,0.0358513901508335));
#6862=CARTESIAN_POINT('',(-0.0501499335717885,0.0343307149146145,0.0361759267672223));
#6863=CARTESIAN_POINT('',(-0.0500663386238402,0.0342751039941433,0.0365004633836112));
#6864=CARTESIAN_POINT('',(-0.049982743675892,0.034219493073672,0.036825));
#6865=CARTESIAN_POINT('',(0.0635,-0.0702351920908018,0.036825));
#6866=CARTESIAN_POINT('',(0.0620857864376269,-0.0716494056531749,0.0362911686245697));
#6867=CARTESIAN_POINT('',(-0.049982743675892,0.034219493073672,0.036825));
#6868=CARTESIAN_POINT('',(-0.0516686209838416,0.0316848154284452,0.036825));
#6869=CARTESIAN_POINT('',(-0.0531492971472712,0.0290521644412534,0.036825));
#6870=CARTESIAN_POINT('',(-0.0557120151845088,0.023598197305341,0.036825));
#6871=CARTESIAN_POINT('',(-0.0567961921872209,0.0207730575654964,0.036825));
#6872=CARTESIAN_POINT('',(-0.0585503372414993,0.0149429029969571,0.036825));
#6873=CARTESIAN_POINT('',(-0.0592031387986409,0.011998977456962,0.036825));
#6874=CARTESIAN_POINT('',(-0.0600791138797095,0.00603741954813839,0.036825));
#6875=CARTESIAN_POINT('',(-0.0603015351023888,0.00300961332569643,0.036825));
#6876=CARTESIAN_POINT('',(-0.0602984507204393,-0.00306925784205142,0.036825));
#6877=CARTESIAN_POINT('',(-0.0600756456567966,-0.0060651198516669,0.036825));
#6878=CARTESIAN_POINT('',(-0.0592019370436014,-0.0120026898198804,0.036825));
#6879=CARTESIAN_POINT('',(-0.058551735299654,-0.0149341945955756,0.036825));
#6880=CARTESIAN_POINT('',(-0.0568041510594631,-0.020750591439436,0.036825));
#6881=CARTESIAN_POINT('',(-0.0557151944952148,-0.0235913426000849,0.036825));
#6882=CARTESIAN_POINT('',(-0.0531507471917517,-0.0290491751684566,0.036825));
#6883=CARTESIAN_POINT('',(-0.0516686198462577,-0.0316848201402494,0.036825));
#6884=CARTESIAN_POINT('',(-0.0499827436758897,-0.0342194930736754,0.036825));
#6885=CARTESIAN_POINT('',(-0.0502335285197395,0.0343863258350827,0.0358513901508338));
#6886=CARTESIAN_POINT('',(-0.0519227661534826,0.0318359363830991,0.0358473478941184));
#6887=CARTESIAN_POINT('',(-0.0534059435900514,0.0291881916913515,0.0358439738875216));
#6888=CARTESIAN_POINT('',(-0.0559724922060066,0.0237051660868204,0.0358383291912051));
#6889=CARTESIAN_POINT('',(-0.0570580394366991,0.0208659488250227,0.0358360504271593));
#6890=CARTESIAN_POINT('',(-0.0588142502381636,0.0150081768886167,0.0358324568568847));
#6891=CARTESIAN_POINT('',(-0.0594677045928198,0.0120510217448106,0.0358311683259196));
#6892=CARTESIAN_POINT('',(-0.0603445515297192,0.00606322963836271,0.0358294529683058));
#6893=CARTESIAN_POINT('',(-0.0605671643722618,0.00302252621061969,0.0358290259128077));
#6894=CARTESIAN_POINT('',(-0.0605640794401832,-0.00308242496658041,0.0358290331636962));
#6895=CARTESIAN_POINT('',(-0.0603410781618998,-0.00609105304234649,0.0358294588110231));
#6896=CARTESIAN_POINT('',(-0.0594664972253612,-0.0120547503738607,0.0358311680800073));
#6897=CARTESIAN_POINT('',(-0.058815645371613,-0.0149994292261481,0.0358324524399117));
#6898=CARTESIAN_POINT('',(-0.0570660110129561,-0.0208433716603825,0.0358360344693932));
#6899=CARTESIAN_POINT('',(-0.0559756764404804,-0.0236982759740376,0.0358383226724281));
#6900=CARTESIAN_POINT('',(-0.0534073958599716,-0.0291851860003959,0.0358439705233453));
#6901=CARTESIAN_POINT('',(-0.0519227651214065,-0.0318359410806957,0.0358473479164951));
#6902=CARTESIAN_POINT('',(-0.0502335285197372,-0.0343863258350861,0.0358513901508338));
#6903=CARTESIAN_POINT('',(-0.0502335285197372,-0.0343863258350861,0.0358513901508338));
#6904=CARTESIAN_POINT('',(-0.050149933571788,-0.0343307149146159,0.0361759267672226));
#6905=CARTESIAN_POINT('',(-0.0500663386238389,-0.0342751039941457,0.0365004633836113));
#6906=CARTESIAN_POINT('',(-0.0499827436758897,-0.0342194930736754,0.036825));
#6907=CARTESIAN_POINT('',(-0.00122989362632399,-0.00757989362632404,0.036825));
#6908=CARTESIAN_POINT('',(0.0566783717616493,-0.0654881589452778,0.0368250000488766));
#6909=CARTESIAN_POINT('',(0.0565527472777355,-0.0656138100710055,0.0366470574689534));
#6910=CARTESIAN_POINT('',(0.0564271227938218,-0.0657394611967333,0.0364691148890302));
#6911=CARTESIAN_POINT('',(0.056301498309908,-0.0658651123224611,0.0362911723091069));
#6912=CARTESIAN_POINT('',(-0.0499827436758897,-0.0342194930736754,0.036825));
#6913=CARTESIAN_POINT('',(-0.0494279770596328,-0.0350539192009973,0.036825));
#6914=CARTESIAN_POINT('',(-0.0492976202619117,-0.0360839031110615,0.036825));
#6915=CARTESIAN_POINT('',(-0.0494621671129962,-0.0380227197051757,0.036825));
#6916=CARTESIAN_POINT('',(-0.0497476655785044,-0.038982688298239,0.036825));
#6917=CARTESIAN_POINT('',(-0.0505272767490189,-0.0407868296900655,0.036825));
#6918=CARTESIAN_POINT('',(-0.051019027523252,-0.0416299241432787,0.036825));
#6919=CARTESIAN_POINT('',(-0.0521337824831306,-0.0432103481054638,0.036825));
#6920=CARTESIAN_POINT('',(-0.0527615055317067,-0.043951161774212,0.036825));
#6921=CARTESIAN_POINT('',(-0.0534550736812618,-0.0446452864286138,0.036825));
#6922=CARTESIAN_POINT('',(-0.0502335285197372,-0.0343863258350861,0.0358513901508338));
#6923=CARTESIAN_POINT('',(-0.0497414967741488,-0.0351496553562676,0.0358602133798402));
#6924=CARTESIAN_POINT('',(-0.049653599197753,-0.0361103140644411,0.0358886023091452));
#6925=CARTESIAN_POINT('',(-0.0498722909988735,-0.0379323467414777,0.0359551412869137));
#6926=CARTESIAN_POINT('',(-0.0501717121033633,-0.0388412611666704,0.03599457695403));
#6927=CARTESIAN_POINT('',(-0.0509619512388753,-0.0405573297200242,0.0360763538415355));
#6928=CARTESIAN_POINT('',(-0.0514505499607426,-0.0413634245408578,0.036118606317903));
#6929=CARTESIAN_POINT('',(-0.0525470468629749,-0.0428807290070373,0.0362039175668058));
#6930=CARTESIAN_POINT('',(-0.053159484946584,-0.0435953628385233,0.0362472380658493));
#6931=CARTESIAN_POINT('',(-0.0538319896627118,-0.0442683704471638,0.0362911686245697));
#6932=CARTESIAN_POINT('',(-0.0534550736812618,-0.0446452864286139,0.036825));
#6933=CARTESIAN_POINT('',(-0.0535807123417451,-0.0445196477681305,0.0366470562081899));
#6934=CARTESIAN_POINT('',(-0.0537063510022285,-0.0443940091076472,0.0364691124163798));
#6935=CARTESIAN_POINT('',(-0.0538319896627118,-0.0442683704471638,0.0362911686245696));
#6936=CARTESIAN_POINT('',(0.0488010418561937,-0.065170723020239,0.036825));
#6937=CARTESIAN_POINT('',(0.0498723173582983,-0.0641649051524424,0.036825));
#6938=CARTESIAN_POINT('',(0.0513440559725567,-0.0636671749056197,0.036825));
#6939=CARTESIAN_POINT('',(0.0542462697944194,-0.063820854052788,0.036825));
#6940=CARTESIAN_POINT('',(0.0556527937537336,-0.0644590269307775,0.036825));
#6941=CARTESIAN_POINT('',(0.0566783917432474,-0.0654881789266761,0.036825));
#6942=CARTESIAN_POINT('',(0.0491465527426254,-0.065541766658713,0.0361266080011353));
#6943=CARTESIAN_POINT('',(0.0501149310076948,-0.0646331536444117,0.0361279646270855));
#6944=CARTESIAN_POINT('',(0.0514497323149322,-0.0641882190259922,0.0361489637031212));
#6945=CARTESIAN_POINT('',(0.0540864783897403,-0.0643412155663122,0.0362118535289935));
#6946=CARTESIAN_POINT('',(0.0553664415740876,-0.0649268492003127,0.0362525164759904));
#6947=CARTESIAN_POINT('',(0.0563014775231403,-0.0658650966761394,0.0362911678728362));
#6948=CARTESIAN_POINT('',(0.0488010509063361,-0.0651707327391738,0.0368249817066632));
#6949=CARTESIAN_POINT('',(0.0489162203800744,-0.0652944130695342,0.036592186034715));
#6950=CARTESIAN_POINT('',(0.049031389853813,-0.0654180933998932,0.0363593903627674));
#6951=CARTESIAN_POINT('',(0.0491465593275509,-0.065541773730255,0.0361265946908187));
#6952=CARTESIAN_POINT('',(-0.00757989362632397,0.00122989362632402,0.036825));
#6953=CARTESIAN_POINT('',(-0.0712724896717249,-0.062462702419077,0.036825));
#6954=CARTESIAN_POINT('',(0.0426251797919694,-0.0708606333433079,0.036825));
#6955=CARTESIAN_POINT('',(0.04469233865475,-0.0689732690824565,0.036825));
#6956=CARTESIAN_POINT('',(0.0467526981519731,-0.0670785246832073,0.036825));
#6957=CARTESIAN_POINT('',(0.0488010604194074,-0.0651707583019095,0.036825));
#6958=CARTESIAN_POINT('',(0.0429075476281598,-0.0711698474058256,0.0359613408168103));
#6959=CARTESIAN_POINT('',(0.0449968000527928,-0.0693054133256799,0.036001600204082));
#6960=CARTESIAN_POINT('',(0.0470814894249549,-0.0674345576567074,0.0360574707979775));
#6961=CARTESIAN_POINT('',(0.0491465755951094,-0.0655417897304365,0.0361265895901624));
#6962=CARTESIAN_POINT('',(0.0426251797919694,-0.0708606333433079,0.036825));
#6963=CARTESIAN_POINT('',(0.0427193024040329,-0.0709637046974805,0.0365371136056034));
#6964=CARTESIAN_POINT('',(0.0428134250160963,-0.071066776051653,0.0362492272112069));
#6965=CARTESIAN_POINT('',(0.0429075476281598,-0.0711698474058256,0.0359613408168103));
#6966=CARTESIAN_POINT('',(-0.0702351920908018,-0.0635,0.036825));
#6967=CARTESIAN_POINT('',(-0.0712724896717249,-0.0645372975809231,0.036825));
#6968=CARTESIAN_POINT('',(0.0370822005809398,-0.0733735491711719,0.036825));
#6969=CARTESIAN_POINT('',(0.0381273084137536,-0.0733741691577159,0.036825));
#6970=CARTESIAN_POINT('',(0.0391474538857186,-0.0730874488586808,0.036825));
#6971=CARTESIAN_POINT('',(0.0410131940572654,-0.0721764505303731,0.036825));
#6972=CARTESIAN_POINT('',(0.0418525789875597,-0.0715651367302676,0.036825));
#6973=CARTESIAN_POINT('',(0.0426251797919694,-0.0708606333433079,0.036825));
#6974=CARTESIAN_POINT('',(0.0370821890617284,-0.0736893885596268,0.0358617774337976));
#6975=CARTESIAN_POINT('',(0.0381844945388023,-0.0736978704324288,0.0358675355020728));
#6976=CARTESIAN_POINT('',(0.0392582456037286,-0.0734131583904238,0.0358808849616743));
#6977=CARTESIAN_POINT('',(0.0412185782434753,-0.0724987354628798,0.0359161744840908));
#6978=CARTESIAN_POINT('',(0.0420987518670267,-0.071882032278332,0.0359376094247891));
#6979=CARTESIAN_POINT('',(0.0429075476281633,-0.071169847405829,0.0359613408168164));
#6980=CARTESIAN_POINT('',(0.0370821890641289,-0.0736893022828708,0.0358621181783441));
#6981=CARTESIAN_POINT('',(0.0370821929019298,-0.0735840677252975,0.0361830841887196));
#6982=CARTESIAN_POINT('',(0.0370821967397307,-0.0734788331677242,0.0365040501990951));
#6983=CARTESIAN_POINT('',(0.0370822005775316,-0.0733735986101509,0.0368250162094705));
#6984=CARTESIAN_POINT('',(-0.064729893626324,-0.071079893626324,0.036825));
#6985=CARTESIAN_POINT('',(-0.064537297580923,-0.0712724896717249,0.036825));
#6986=CARTESIAN_POINT('',(0.0341410792663325,-0.0735313090598047,0.0363433800319614));
#6987=CARTESIAN_POINT('',(0.0311999777667105,-0.0733731974718134,0.0368250029010305));
#6988=CARTESIAN_POINT('',(0.0311999693060871,-0.0734784725757749,0.0365039132229645));
#6989=CARTESIAN_POINT('',(0.0311999608454637,-0.0735837476797364,0.0361828235448984));
#6990=CARTESIAN_POINT('',(0.0311999523848403,-0.0736890227836978,0.0358617338668324));
#6991=CARTESIAN_POINT('',(-0.0635,-0.0702351920908019,0.036825));
#6992=CARTESIAN_POINT('',(-0.062462702419077,-0.0712724896717249,0.036825));
#6993=CARTESIAN_POINT('',(0.0307330396928418,-0.072585240168335,0.036825));
#6994=CARTESIAN_POINT('',(0.0307338044772934,-0.0727523208316933,0.036825));
#6995=CARTESIAN_POINT('',(0.0307635092170318,-0.0729196828631227,0.036825));
#6996=CARTESIAN_POINT('',(0.0309003989662322,-0.0732205488944126,0.036825));
#6997=CARTESIAN_POINT('',(0.031023838472972,-0.0733704137477687,0.036825));
#6998=CARTESIAN_POINT('',(0.0311999777673205,-0.0733731886236535,0.036825));
#6999=CARTESIAN_POINT('',(0.0302,-0.072585240168335,0.0362911686245697));
#7000=CARTESIAN_POINT('',(0.0302016377932716,-0.0728193580611911,0.0362001102850268));
#7001=CARTESIAN_POINT('',(0.030265250775419,-0.0730538098794266,0.0361088966390789));
#7002=CARTESIAN_POINT('',(0.0305584015019562,-0.0734752206640222,0.0359449230859697));
#7003=CARTESIAN_POINT('',(0.0308227483913978,-0.0736850848624762,0.0358632473671153));
#7004=CARTESIAN_POINT('',(0.0311999523885024,-0.0736889705662818,0.035861735185943));
#7005=CARTESIAN_POINT('',(0.0302,-0.072585240168335,0.0362911686245696));
#7006=CARTESIAN_POINT('',(0.0303776798976139,-0.072585240168335,0.0364691124163798));
#7007=CARTESIAN_POINT('',(0.0305553597952278,-0.072585240168335,0.0366470562081899));
#7008=CARTESIAN_POINT('',(0.0307330396928418,-0.072585240168335,0.036825));
#7009=CARTESIAN_POINT('',(0.00122989362632399,-0.00757989362632393,0.036825));
#7010=CARTESIAN_POINT('',(-0.0563014984332334,-0.065865112204195,0.0362911724801917));
#7011=CARTESIAN_POINT('',(-0.0564271361862857,-0.0657394744511428,0.0364691149867944));
#7012=CARTESIAN_POINT('',(-0.0565527739393379,-0.0656138366980905,0.0366470574933971));
#7013=CARTESIAN_POINT('',(-0.0566784116923901,-0.0654881989450383,0.0368249999999998));
#7014=CARTESIAN_POINT('',(0.0307330396928418,-0.00635,0.036825));
#7015=CARTESIAN_POINT('',(0.0183676124952701,0.0184176124952702,0.024441207390727));
#7016=CARTESIAN_POINT('',(-0.05667841169239,-0.0654881989450384,0.036825));
#7017=CARTESIAN_POINT('',(-0.0556477867473107,-0.0644533143777078,0.036825));
#7018=CARTESIAN_POINT('',(-0.0542422758527742,-0.0638207155127371,0.036825));
#7019=CARTESIAN_POINT('',(-0.0513405650807897,-0.0636669270505221,0.036825));
#7020=CARTESIAN_POINT('',(-0.0498615340892248,-0.0641739466054218,0.036825));
#7021=CARTESIAN_POINT('',(-0.0488011057061736,-0.0651706629580179,0.036825));
#7022=CARTESIAN_POINT('',(-0.0563014957109409,-0.0658651149264894,0.0362911686245693));
#7023=CARTESIAN_POINT('',(-0.0553618740375954,-0.0649216440853287,0.036252314976663));
#7024=CARTESIAN_POINT('',(-0.0540828507958565,-0.0643410719591464,0.0362117703275519));
#7025=CARTESIAN_POINT('',(-0.0514465598498644,-0.0641879771706266,0.0361488851595135));
#7026=CARTESIAN_POINT('',(-0.0501051774324476,-0.0646413149244258,0.0361279257946982));
#7027=CARTESIAN_POINT('',(-0.0491466104638853,-0.0655417124036316,0.0361266080906532));
#7028=CARTESIAN_POINT('',(-0.049146617156542,-0.0655417195911059,0.036126594562338));
#7029=CARTESIAN_POINT('',(-0.0490314497193851,-0.0654180373182711,0.0363593902172045));
#7030=CARTESIAN_POINT('',(-0.0489162822822257,-0.065294355045429,0.0365921858720736));
#7031=CARTESIAN_POINT('',(-0.0488011148450676,-0.0651706727725906,0.0368249815269415));
#7032=CARTESIAN_POINT('',(5.55111512312578E-17,0.0307830396928418,0.036825));
#7033=CARTESIAN_POINT('',(-0.0204988340359541,0.0205488340359542,0.026575594269769));
#7034=CARTESIAN_POINT('',(-0.0429075476281595,-0.0711698474058259,0.0359613408168103));
#7035=CARTESIAN_POINT('',(-0.0449968218750974,-0.0693053938516226,0.0360016006245716));
#7036=CARTESIAN_POINT('',(-0.0470815329742175,-0.0674345185744171,0.0360574719651561));
#7037=CARTESIAN_POINT('',(-0.0491466403047504,-0.0655417304204018,0.0361265917559884));
#7038=CARTESIAN_POINT('',(-0.0426251797919691,-0.0708606333433081,0.036825));
#7039=CARTESIAN_POINT('',(-0.0446923602462893,-0.0689732493688949,0.036825));
#7040=CARTESIAN_POINT('',(-0.0467527411929785,-0.0670784851018766,0.036825));
#7041=CARTESIAN_POINT('',(-0.0488011246050083,-0.0651706985219016,0.036825));
#7042=CARTESIAN_POINT('',(-0.0429075476281595,-0.0711698474058259,0.0359613408168103));
#7043=CARTESIAN_POINT('',(-0.0428134250160961,-0.0710667760516533,0.0362492272112069));
#7044=CARTESIAN_POINT('',(-0.0427193024040326,-0.0709637046974807,0.0365371136056034));
#7045=CARTESIAN_POINT('',(-0.0426251797919691,-0.0708606333433081,0.036825));
#7046=CARTESIAN_POINT('',(-0.0307330396928418,-0.00635,0.036825));
#7047=CARTESIAN_POINT('',(-0.0307330396928418,-0.0725852401683134,0.036825));
#7048=CARTESIAN_POINT('',(-0.0305553597952261,-0.0725852401683159,0.0366470562081882));
#7049=CARTESIAN_POINT('',(-0.0303776798976105,-0.0725852401683185,0.0364691124163763));
#7050=CARTESIAN_POINT('',(-0.0301999999999948,-0.072585240168321,0.0362911686245645));
#7051=CARTESIAN_POINT('',(-0.0426251797919691,-0.0708606333433081,0.036825));
#7052=CARTESIAN_POINT('',(-0.0418533507166299,-0.0715638803570465,0.036825));
#7053=CARTESIAN_POINT('',(-0.0410243662417487,-0.0721693954070138,0.036825));
#7054=CARTESIAN_POINT('',(-0.0391535565701047,-0.0730860631728338,0.036825));
#7055=CARTESIAN_POINT('',(-0.0381316013072205,-0.0733740289404537,0.036825));
#7056=CARTESIAN_POINT('',(-0.0370822005809384,-0.0733735491711719,0.036825));
#7057=CARTESIAN_POINT('',(-0.0429075476281595,-0.0711698474058259,0.0359613408168103));
#7058=CARTESIAN_POINT('',(-0.0420995547140285,-0.0718807575370185,0.0359376484571373));
#7059=CARTESIAN_POINT('',(-0.0412303026764817,-0.0724916295947289,0.0359164302421617));
#7060=CARTESIAN_POINT('',(-0.0392646718704491,-0.0734117913737493,0.0358809559277477));
#7061=CARTESIAN_POINT('',(-0.0381890213022301,-0.0736977595536844,0.0358675629022286));
#7062=CARTESIAN_POINT('',(-0.0370821890617242,-0.0736893885596125,0.0358617774337871));
#7063=CARTESIAN_POINT('',(-0.0370822005775302,-0.0733735986101509,0.0368250162094705));
#7064=CARTESIAN_POINT('',(-0.0370821967384667,-0.0734788677643195,0.0365039446792788));
#7065=CARTESIAN_POINT('',(-0.0370821928994032,-0.0735841369184881,0.0361828731490871));
#7066=CARTESIAN_POINT('',(-0.0370821890603396,-0.0736894060726568,0.0358618016188954));
#7067=CARTESIAN_POINT('',(-0.0311999777673205,-0.0733731886236535,0.036825));
#7068=CARTESIAN_POINT('',(-0.0310247899922547,-0.0733707185738098,0.036825));
#7069=CARTESIAN_POINT('',(-0.0309004478225181,-0.0732198822694728,0.036825));
#7070=CARTESIAN_POINT('',(-0.0307643987650974,-0.0729223741241342,0.036825));
#7071=CARTESIAN_POINT('',(-0.030733390103127,-0.072751426432743,0.036825));
#7072=CARTESIAN_POINT('',(-0.0307330396928418,-0.0725852401683134,0.036825));
#7073=CARTESIAN_POINT('',(-0.0311999523885024,-0.0736889705662817,0.0358617351859429));
#7074=CARTESIAN_POINT('',(-0.0308247860791197,-0.0736855117403438,0.0358630812393439));
#7075=CARTESIAN_POINT('',(-0.0305585062098009,-0.0734742866999901,0.035945286357965));
#7076=CARTESIAN_POINT('',(-0.0302671556695599,-0.0730575796533012,0.0361074299311228));
#7077=CARTESIAN_POINT('',(-0.0302007504070043,-0.0728181053968145,0.0362005977402849));
#7078=CARTESIAN_POINT('',(-0.0302,-0.072585240168321,0.0362911686245593));
#7079=CARTESIAN_POINT('',(-0.0311999523847645,-0.0736890237262662,0.0358617309919932));
#7080=CARTESIAN_POINT('',(-0.0311999608454132,-0.0735837483081153,0.036182821628339));
#7081=CARTESIAN_POINT('',(-0.0311999693060618,-0.0734784728899643,0.0365039122646847));
#7082=CARTESIAN_POINT('',(-0.0311999777667105,-0.0733731974718134,0.0368250029010305));
#7083=CARTESIAN_POINT('',(-0.0341410792663317,-0.0735313090598047,0.0363433800319614));
#7084=CARTESIAN_POINT('',(0.0623686291501015,-0.0623686291501015,0.035025));
#7085=CARTESIAN_POINT('',(0.0635,-0.0612372583002031,0.035225));
#7086=CARTESIAN_POINT('',(0.0635,-0.0612372583002031,0.035225));
#7087=CARTESIAN_POINT('',(0.0623686291501015,-0.0623686291501015,0.035225));
#7088=CARTESIAN_POINT('',(0.0623686291501015,-0.0623686291501015,0.035225));
#7089=CARTESIAN_POINT('',(0.0612372583002031,-0.0635,0.035225));
#7090=CARTESIAN_POINT('',(0.0612372583002031,-0.0635,0.035225));
#7091=CARTESIAN_POINT('',(0.0646313708498985,-0.0646313708498985,0.035025));
#7092=CARTESIAN_POINT('',(0.0635,-0.065762741699797,0.035225));
#7093=CARTESIAN_POINT('',(0.0635,-0.065762741699797,0.035225));
#7094=CARTESIAN_POINT('',(0.0646313708498985,-0.0646313708498985,0.035225));
#7095=CARTESIAN_POINT('',(0.0646313708498985,-0.0646313708498985,0.035225));
#7096=CARTESIAN_POINT('',(0.0657627416997969,-0.0635,0.035225));
#7097=CARTESIAN_POINT('',(0.0657627416997969,-0.0635,0.035225));
#7098=CARTESIAN_POINT('',(0.0623686291501015,-0.0646313708498985,0.035225));
#7099=CARTESIAN_POINT('',(0.0623686291501015,-0.0646313708498985,0.035225));
#7100=CARTESIAN_POINT('',(0.0623686291501015,-0.0646313708498985,0.035225));
#7101=CARTESIAN_POINT('',(0.0646313708498985,-0.0623686291501015,0.035225));
#7102=CARTESIAN_POINT('',(0.0646313708498985,-0.0623686291501015,0.035225));
#7103=CARTESIAN_POINT('',(0.0646313708498985,-0.0623686291501015,0.035225));
#7104=CARTESIAN_POINT('',(0.0630403805922288,-0.0639596194077713,0.035225));
#7105=CARTESIAN_POINT('',(0.0630403805922288,-0.0639596194077713,0.035225));
#7106=CARTESIAN_POINT('',(0.0630403805922288,-0.0639596194077713,0.035225));
#7107=CARTESIAN_POINT('',(0.0630403805922288,-0.0639596194077713,0.035225));
#7108=CARTESIAN_POINT('',(-0.0646313708498985,-0.0646313708498985,0.035025));
#7109=CARTESIAN_POINT('',(-0.0646313708498985,-0.0646313708498985,0.035025));
#7110=CARTESIAN_POINT('',(-0.0657627416997969,-0.0635,0.035025));
#7111=CARTESIAN_POINT('',(-0.0657627416997969,-0.0635,0.035225));
#7112=CARTESIAN_POINT('',(-0.0657627416997969,-0.0635,0.035225));
#7113=CARTESIAN_POINT('',(-0.0646313708498985,-0.0646313708498985,0.035225));
#7114=CARTESIAN_POINT('',(-0.0646313708498985,-0.0646313708498985,0.035225));
#7115=CARTESIAN_POINT('',(-0.0635,-0.065762741699797,0.035225));
#7116=CARTESIAN_POINT('',(-0.0635,-0.065762741699797,0.035225));
#7117=CARTESIAN_POINT('',(-0.0635,-0.065762741699797,0.035025));
#7118=CARTESIAN_POINT('',(-0.0646313708498985,-0.0646313708498985,0.035025));
#7119=CARTESIAN_POINT('',(-0.0623686291501015,-0.0623686291501015,0.035025));
#7120=CARTESIAN_POINT('',(-0.0623686291501015,-0.0623686291501015,0.035025));
#7121=CARTESIAN_POINT('',(-0.0612372583002031,-0.0635,0.035025));
#7122=CARTESIAN_POINT('',(-0.0612372583002031,-0.0635,0.035225));
#7123=CARTESIAN_POINT('',(-0.0612372583002031,-0.0635,0.035225));
#7124=CARTESIAN_POINT('',(-0.0623686291501015,-0.0623686291501015,0.035225));
#7125=CARTESIAN_POINT('',(-0.0623686291501015,-0.0623686291501015,0.035225));
#7126=CARTESIAN_POINT('',(-0.0635,-0.0612372583002031,0.035225));
#7127=CARTESIAN_POINT('',(-0.0635,-0.0612372583002031,0.035225));
#7128=CARTESIAN_POINT('',(-0.0635,-0.0612372583002031,0.035025));
#7129=CARTESIAN_POINT('',(-0.0623686291501015,-0.0623686291501015,0.035025));
#7130=CARTESIAN_POINT('',(-0.0648655999711665,-0.0648655999711665,0.035025));
#7131=CARTESIAN_POINT('',(-0.0623686291501015,-0.0646313708498985,0.035025));
#7132=CARTESIAN_POINT('',(-0.0648655999711665,-0.0648655999711665,0.035025));
#7133=CARTESIAN_POINT('',(-0.0646313708498985,-0.0623686291501015,0.035025));
#7134=CARTESIAN_POINT('',(-0.0623686291501015,-0.0646313708498985,0.035225));
#7135=CARTESIAN_POINT('',(-0.0623686291501015,-0.0646313708498985,0.035225));
#7136=CARTESIAN_POINT('',(-0.0623686291501015,-0.0646313708498985,0.035225));
#7137=CARTESIAN_POINT('',(-0.0646313708498985,-0.0623686291501015,0.035225));
#7138=CARTESIAN_POINT('',(-0.0646313708498985,-0.0623686291501015,0.035225));
#7139=CARTESIAN_POINT('',(-0.0646313708498985,-0.0623686291501015,0.035225));
#7140=CARTESIAN_POINT('',(-0.0630403805922288,-0.0639596194077713,0.035225));
#7141=CARTESIAN_POINT('',(-0.0630403805922288,-0.0639596194077713,0.035225));
#7142=CARTESIAN_POINT('',(-0.0630403805922288,-0.0639596194077713,0.035225));
#7143=CARTESIAN_POINT('',(-0.0630403805922288,-0.0639596194077713,0.035225));
#7144=MECHANICAL_DESIGN_GEOMETRIC_PRESENTATION_REPRESENTATION('',(#2822),
#7145);
#7145=(
GEOMETRIC_REPRESENTATION_CONTEXT(3)
GLOBAL_UNCERTAINTY_ASSIGNED_CONTEXT((#7146))
GLOBAL_UNIT_ASSIGNED_CONTEXT((#7149,#7148,#7147))
REPRESENTATION_CONTEXT('Arena Holder','TOP_LEVEL_ASSEMBLY_PART')
);
#7146=UNCERTAINTY_MEASURE_WITH_UNIT(LENGTH_MEASURE(2.E-5),#7149,
'DISTANCE_ACCURACY_VALUE','Maximum Tolerance applied to model');
#7147=(
NAMED_UNIT(*)
SI_UNIT($,.STERADIAN.)
SOLID_ANGLE_UNIT()
);
#7148=(
NAMED_UNIT(*)
PLANE_ANGLE_UNIT()
SI_UNIT($,.RADIAN.)
);
#7149=(
LENGTH_UNIT()
NAMED_UNIT(*)
SI_UNIT($,.METRE.)
);
#7150=PRODUCT_DEFINITION_SHAPE('','',#7151);
#7151=PRODUCT_DEFINITION('','',#7153,#7152);
#7152=PRODUCT_DEFINITION_CONTEXT('',#7159,'design');
#7153=PRODUCT_DEFINITION_FORMATION_WITH_SPECIFIED_SOURCE('','',#7155,
 .NOT_KNOWN.);
#7154=PRODUCT_RELATED_PRODUCT_CATEGORY('','',(#7155));
#7155=PRODUCT('Arena Holder','Arena Holder','Arena Holder',(#7157));
#7156=PRODUCT_CATEGORY('','');
#7157=PRODUCT_CONTEXT('',#7159,'mechanical');
#7158=APPLICATION_PROTOCOL_DEFINITION('international standard',
'ap242_managed_model_based_3d_engineering',2020,#7159);
#7159=APPLICATION_CONTEXT('managed model based 3d engineering');
ENDSEC;
END-ISO-10303-21;
