ISO-10303-21;
HEADER;
/* Generated by software containing ST-Developer
 * from STEP Tools, Inc. (www.steptools.com) 
 */
/* OPTION: using custom renumber hook */

FILE_DESCRIPTION(
/* description */ ('STEP AP242 Edition 2',
'CAx-IF Rec.Pracs.---Representation and Presentation of Product Manufa
cturing Information (PMI)---4.0---2014-10-13',
'CAx-IF Rec.Pracs.---3D Tessellated Geometry---0.4---2014-09-14','2;1',
'CAx-IF Rec.Pracs.---User Defined Attributes---1.5---2016-08-15'),
/* implementation_level */ '2;1');

FILE_NAME(
/* name */ 'N-Metheus - Door Handle',
/* time_stamp */ '2026-01-30T20:52:38Z',
/* author */ (''),
/* organization */ (''),
/* preprocessor_version */ 'ST-DEVELOPER v20',
/* originating_system */ 'ONSHAPE BY PTC INC, 1.210',
/* authorisation */ '  ');

FILE_SCHEMA (('AP242_MANAGED_MODEL_BASED_3D_ENGINEERING_MIM_LF { 1 0 10303 442 3 1 4 }'));
ENDSEC;

DATA;
#10=SHAPE_REPRESENTATION_RELATIONSHIP('','',#6906,#11);
#11=ADVANCED_BREP_SHAPE_REPRESENTATION('',(#6904),#12233);
#12=DEGENERATE_TOROIDAL_SURFACE('',#7004,0.001,0.002,.T.);
#13=DEGENERATE_TOROIDAL_SURFACE('',#7008,0.001,0.002,.T.);
#14=TOROIDAL_SURFACE('',#6996,0.005,0.002);
#15=TOROIDAL_SURFACE('',#7000,0.005,0.002);
#16=TOROIDAL_SURFACE('',#7012,0.005,0.002);
#17=TOROIDAL_SURFACE('',#7016,0.005,0.002);
#18=SPHERICAL_SURFACE('',#6992,0.002);
#19=SPHERICAL_SURFACE('',#7018,0.002);
#20=(
BOUNDED_SURFACE()
B_SPLINE_SURFACE(3,2,((#9407,#9408,#9409),(#9410,#9411,#9412),(#9413,#9414,
#9415),(#9416,#9417,#9418),(#9419,#9420,#9421)),.UNSPECIFIED.,.F.,.F.,.F.)
B_SPLINE_SURFACE_WITH_KNOTS((4,1,4),(3,3),(3.92699081698724,4.31968989868596,
4.71238898038469),(0.,1.),.UNSPECIFIED.)
GEOMETRIC_REPRESENTATION_ITEM()
RATIONAL_B_SPLINE_SURFACE(((1.,0.866025403784446,1.),(1.,0.903812921304309,
1.),(1.,0.973478379117405,1.),(1.,0.999999999985521,1.),(1.,1.,1.)))
REPRESENTATION_ITEM('')
SURFACE()
);
#21=(
BOUNDED_SURFACE()
B_SPLINE_SURFACE(3,2,((#9423,#9424,#9425),(#9426,#9427,#9428),(#9429,#9430,
#9431),(#9432,#9433,#9434)),.UNSPECIFIED.,.F.,.F.,.F.)
B_SPLINE_SURFACE_WITH_KNOTS((4,4),(3,3),(0.785398163397444,1.5707963267949),
(0.,1.),.PIECEWISE_BEZIER_KNOTS.)
GEOMETRIC_REPRESENTATION_ITEM()
RATIONAL_B_SPLINE_SURFACE(((1.,0.866025403784441,1.),(1.,0.828237913527587,
1.),(1.,0.772556634949831,1.),(1.,0.707106781186552,1.)))
REPRESENTATION_ITEM('')
SURFACE()
);
#22=(
BOUNDED_SURFACE()
B_SPLINE_SURFACE(3,2,((#9466,#9467,#9468),(#9469,#9470,#9471),(#9472,#9473,
#9474),(#9475,#9476,#9477)),.UNSPECIFIED.,.F.,.F.,.F.)
B_SPLINE_SURFACE_WITH_KNOTS((4,4),(3,3),(1.5707963267949,2.35619449019235),
(0.,1.),.PIECEWISE_BEZIER_KNOTS.)
GEOMETRIC_REPRESENTATION_ITEM()
RATIONAL_B_SPLINE_SURFACE(((1.,0.707106781186547,1.),(1.,0.772556634949434,
1.),(1.,0.828237913527644,1.),(1.,0.866025403784439,1.)))
REPRESENTATION_ITEM('')
SURFACE()
);
#23=(
BOUNDED_SURFACE()
B_SPLINE_SURFACE(3,2,((#9479,#9480,#9481),(#9482,#9483,#9484),(#9485,#9486,
#9487),(#9488,#9489,#9490),(#9491,#9492,#9493)),.UNSPECIFIED.,.F.,.F.,.F.)
B_SPLINE_SURFACE_WITH_KNOTS((4,1,4),(3,3),(4.71238898038469,5.10508806208342,
5.49778714378214),(0.,1.),.UNSPECIFIED.)
GEOMETRIC_REPRESENTATION_ITEM()
RATIONAL_B_SPLINE_SURFACE(((1.,1.,1.),(1.,0.999999999985521,1.),(1.,0.973478379117234,
1.),(1.,0.903812921304642,1.),(1.,0.866025403784441,1.)))
REPRESENTATION_ITEM('')
SURFACE()
);
#24=B_SPLINE_SURFACE_WITH_KNOTS('',3,1,((#9364,#9365),(#9366,#9367),(#9368,
#9369),(#9370,#9371),(#9372,#9373),(#9374,#9375),(#9376,#9377),(#9378,#9379),
(#9380,#9381),(#9382,#9383),(#9384,#9385)),.SURF_OF_LINEAR_EXTRUSION.,.T.,
 .F.,.F.,(1,1,1,1,1,1,1,1,1,1,1,1,1,1,1),(2,2),(-2.35619449019234,-1.5707963267949,
-0.785398163397448,0.,0.785398163397448,1.5707963267949,2.35619449019234,
3.14159265358979,3.92699081698724,4.71238898038469,5.49778714378214,6.28318530717959,
7.06858347057703,7.85398163397448,8.63937979737193),(0.,1.),
 .UNSPECIFIED.);
#25=B_SPLINE_SURFACE_WITH_KNOTS('',3,1,((#9506,#9507),(#9508,#9509),(#9510,
#9511),(#9512,#9513)),.SURF_OF_LINEAR_EXTRUSION.,.F.,.F.,.F.,(4,4),(2,2),
(0.,1.),(0.,1.),.PIECEWISE_BEZIER_KNOTS.);
#26=B_SPLINE_SURFACE_WITH_KNOTS('',3,1,((#9521,#9522),(#9523,#9524),(#9525,
#9526),(#9527,#9528)),.SURF_OF_LINEAR_EXTRUSION.,.F.,.F.,.F.,(4,4),(2,2),
(0.,1.),(0.,1.),.PIECEWISE_BEZIER_KNOTS.);
#27=B_SPLINE_SURFACE_WITH_KNOTS('',3,1,((#9534,#9535),(#9536,#9537),(#9538,
#9539),(#9540,#9541)),.SURF_OF_LINEAR_EXTRUSION.,.F.,.F.,.F.,(4,4),(2,2),
(0.,1.),(0.,1.),.PIECEWISE_BEZIER_KNOTS.);
#28=B_SPLINE_SURFACE_WITH_KNOTS('',3,1,((#9547,#9548),(#9549,#9550),(#9551,
#9552),(#9553,#9554)),.SURF_OF_LINEAR_EXTRUSION.,.F.,.F.,.F.,(4,4),(2,2),
(0.,1.),(0.,1.),.PIECEWISE_BEZIER_KNOTS.);
#29=B_SPLINE_SURFACE_WITH_KNOTS('',3,1,((#9560,#9561),(#9562,#9563),(#9564,
#9565),(#9566,#9567)),.SURF_OF_LINEAR_EXTRUSION.,.F.,.F.,.F.,(4,4),(2,2),
(0.,1.),(0.,1.),.PIECEWISE_BEZIER_KNOTS.);
#30=B_SPLINE_SURFACE_WITH_KNOTS('',3,1,((#9573,#9574),(#9575,#9576),(#9577,
#9578),(#9579,#9580)),.SURF_OF_LINEAR_EXTRUSION.,.F.,.F.,.F.,(4,4),(2,2),
(0.,1.),(0.,1.),.PIECEWISE_BEZIER_KNOTS.);
#31=B_SPLINE_SURFACE_WITH_KNOTS('',3,1,((#9584,#9585),(#9586,#9587),(#9588,
#9589),(#9590,#9591)),.SURF_OF_LINEAR_EXTRUSION.,.F.,.F.,.F.,(4,4),(2,2),
(0.,1.),(0.,1.),.PIECEWISE_BEZIER_KNOTS.);
#32=B_SPLINE_SURFACE_WITH_KNOTS('',3,1,((#9597,#9598),(#9599,#9600),(#9601,
#9602),(#9603,#9604)),.SURF_OF_LINEAR_EXTRUSION.,.F.,.F.,.F.,(4,4),(2,2),
(0.,1.),(0.,1.),.PIECEWISE_BEZIER_KNOTS.);
#33=B_SPLINE_SURFACE_WITH_KNOTS('',3,1,((#9610,#9611),(#9612,#9613),(#9614,
#9615),(#9616,#9617)),.SURF_OF_LINEAR_EXTRUSION.,.F.,.F.,.F.,(4,4),(2,2),
(0.,1.),(0.,1.),.PIECEWISE_BEZIER_KNOTS.);
#34=B_SPLINE_SURFACE_WITH_KNOTS('',3,1,((#9623,#9624),(#9625,#9626),(#9627,
#9628),(#9629,#9630)),.SURF_OF_LINEAR_EXTRUSION.,.F.,.F.,.F.,(4,4),(2,2),
(0.,1.),(0.,1.),.PIECEWISE_BEZIER_KNOTS.);
#35=B_SPLINE_SURFACE_WITH_KNOTS('',3,1,((#9636,#9637),(#9638,#9639),(#9640,
#9641),(#9642,#9643)),.SURF_OF_LINEAR_EXTRUSION.,.F.,.F.,.F.,(4,4),(2,2),
(0.,1.),(0.,1.),.PIECEWISE_BEZIER_KNOTS.);
#36=B_SPLINE_SURFACE_WITH_KNOTS('',3,1,((#9649,#9650),(#9651,#9652),(#9653,
#9654),(#9655,#9656)),.SURF_OF_LINEAR_EXTRUSION.,.F.,.F.,.F.,(4,4),(2,2),
(0.,1.),(0.,1.),.PIECEWISE_BEZIER_KNOTS.);
#37=B_SPLINE_SURFACE_WITH_KNOTS('',3,1,((#9662,#9663),(#9664,#9665),(#9666,
#9667),(#9668,#9669)),.SURF_OF_LINEAR_EXTRUSION.,.F.,.F.,.F.,(4,4),(2,2),
(0.,1.),(0.,1.),.PIECEWISE_BEZIER_KNOTS.);
#38=B_SPLINE_SURFACE_WITH_KNOTS('',3,1,((#9675,#9676),(#9677,#9678),(#9679,
#9680),(#9681,#9682)),.SURF_OF_LINEAR_EXTRUSION.,.F.,.F.,.F.,(4,4),(2,2),
(0.,1.),(0.,1.),.PIECEWISE_BEZIER_KNOTS.);
#39=B_SPLINE_SURFACE_WITH_KNOTS('',3,1,((#9688,#9689),(#9690,#9691),(#9692,
#9693),(#9694,#9695)),.SURF_OF_LINEAR_EXTRUSION.,.F.,.F.,.F.,(4,4),(2,2),
(0.,1.),(0.,1.),.PIECEWISE_BEZIER_KNOTS.);
#40=B_SPLINE_SURFACE_WITH_KNOTS('',3,1,((#9701,#9702),(#9703,#9704),(#9705,
#9706),(#9707,#9708)),.SURF_OF_LINEAR_EXTRUSION.,.F.,.F.,.F.,(4,4),(2,2),
(0.,1.),(0.,1.),.PIECEWISE_BEZIER_KNOTS.);
#41=B_SPLINE_SURFACE_WITH_KNOTS('',3,1,((#9720,#9721),(#9722,#9723),(#9724,
#9725),(#9726,#9727)),.SURF_OF_LINEAR_EXTRUSION.,.F.,.F.,.F.,(4,4),(2,2),
(0.,1.),(0.,1.),.PIECEWISE_BEZIER_KNOTS.);
#42=B_SPLINE_SURFACE_WITH_KNOTS('',3,1,((#9733,#9734),(#9735,#9736),(#9737,
#9738),(#9739,#9740)),.SURF_OF_LINEAR_EXTRUSION.,.F.,.F.,.F.,(4,4),(2,2),
(0.,1.),(0.,1.),.PIECEWISE_BEZIER_KNOTS.);
#43=B_SPLINE_SURFACE_WITH_KNOTS('',3,1,((#9746,#9747),(#9748,#9749),(#9750,
#9751),(#9752,#9753)),.SURF_OF_LINEAR_EXTRUSION.,.F.,.F.,.F.,(4,4),(2,2),
(0.,1.),(0.,1.),.PIECEWISE_BEZIER_KNOTS.);
#44=B_SPLINE_SURFACE_WITH_KNOTS('',3,1,((#9759,#9760),(#9761,#9762),(#9763,
#9764),(#9765,#9766)),.SURF_OF_LINEAR_EXTRUSION.,.F.,.F.,.F.,(4,4),(2,2),
(0.,1.),(0.,1.),.PIECEWISE_BEZIER_KNOTS.);
#45=B_SPLINE_SURFACE_WITH_KNOTS('',3,1,((#9772,#9773),(#9774,#9775),(#9776,
#9777),(#9778,#9779)),.SURF_OF_LINEAR_EXTRUSION.,.F.,.F.,.F.,(4,4),(2,2),
(0.,1.),(0.,1.),.PIECEWISE_BEZIER_KNOTS.);
#46=B_SPLINE_SURFACE_WITH_KNOTS('',3,1,((#9824,#9825),(#9826,#9827),(#9828,
#9829),(#9830,#9831)),.SURF_OF_LINEAR_EXTRUSION.,.F.,.F.,.F.,(4,4),(2,2),
(0.,1.),(0.,1.),.PIECEWISE_BEZIER_KNOTS.);
#47=B_SPLINE_SURFACE_WITH_KNOTS('',3,1,((#9837,#9838),(#9839,#9840),(#9841,
#9842),(#9843,#9844)),.SURF_OF_LINEAR_EXTRUSION.,.F.,.F.,.F.,(4,4),(2,2),
(0.,1.),(0.,1.),.PIECEWISE_BEZIER_KNOTS.);
#48=B_SPLINE_SURFACE_WITH_KNOTS('',3,1,((#9850,#9851),(#9852,#9853),(#9854,
#9855),(#9856,#9857)),.SURF_OF_LINEAR_EXTRUSION.,.F.,.F.,.F.,(4,4),(2,2),
(0.,1.),(0.,1.),.PIECEWISE_BEZIER_KNOTS.);
#49=B_SPLINE_SURFACE_WITH_KNOTS('',3,1,((#9863,#9864),(#9865,#9866),(#9867,
#9868),(#9869,#9870)),.SURF_OF_LINEAR_EXTRUSION.,.F.,.F.,.F.,(4,4),(2,2),
(0.,1.),(0.,1.),.PIECEWISE_BEZIER_KNOTS.);
#50=B_SPLINE_SURFACE_WITH_KNOTS('',3,1,((#9874,#9875),(#9876,#9877),(#9878,
#9879),(#9880,#9881)),.SURF_OF_LINEAR_EXTRUSION.,.F.,.F.,.F.,(4,4),(2,2),
(0.,1.),(0.,1.),.PIECEWISE_BEZIER_KNOTS.);
#51=B_SPLINE_SURFACE_WITH_KNOTS('',3,1,((#9887,#9888),(#9889,#9890),(#9891,
#9892),(#9893,#9894)),.SURF_OF_LINEAR_EXTRUSION.,.F.,.F.,.F.,(4,4),(2,2),
(0.,1.),(0.,1.),.PIECEWISE_BEZIER_KNOTS.);
#52=B_SPLINE_SURFACE_WITH_KNOTS('',3,1,((#9900,#9901),(#9902,#9903),(#9904,
#9905),(#9906,#9907)),.SURF_OF_LINEAR_EXTRUSION.,.F.,.F.,.F.,(4,4),(2,2),
(0.,1.),(0.,1.),.PIECEWISE_BEZIER_KNOTS.);
#53=B_SPLINE_SURFACE_WITH_KNOTS('',3,1,((#9913,#9914),(#9915,#9916),(#9917,
#9918),(#9919,#9920)),.SURF_OF_LINEAR_EXTRUSION.,.F.,.F.,.F.,(4,4),(2,2),
(0.,1.),(0.,1.),.PIECEWISE_BEZIER_KNOTS.);
#54=B_SPLINE_SURFACE_WITH_KNOTS('',3,1,((#9950,#9951),(#9952,#9953),(#9954,
#9955),(#9956,#9957)),.SURF_OF_LINEAR_EXTRUSION.,.F.,.F.,.F.,(4,4),(2,2),
(0.,1.),(0.,1.),.PIECEWISE_BEZIER_KNOTS.);
#55=B_SPLINE_SURFACE_WITH_KNOTS('',3,1,((#9963,#9964),(#9965,#9966),(#9967,
#9968),(#9969,#9970)),.SURF_OF_LINEAR_EXTRUSION.,.F.,.F.,.F.,(4,4),(2,2),
(0.,1.),(0.,1.),.PIECEWISE_BEZIER_KNOTS.);
#56=B_SPLINE_SURFACE_WITH_KNOTS('',3,1,((#9976,#9977),(#9978,#9979),(#9980,
#9981),(#9982,#9983)),.SURF_OF_LINEAR_EXTRUSION.,.F.,.F.,.F.,(4,4),(2,2),
(0.,1.),(0.,1.),.PIECEWISE_BEZIER_KNOTS.);
#57=B_SPLINE_SURFACE_WITH_KNOTS('',3,1,((#9987,#9988),(#9989,#9990),(#9991,
#9992),(#9993,#9994)),.SURF_OF_LINEAR_EXTRUSION.,.F.,.F.,.F.,(4,4),(2,2),
(0.,1.),(0.,1.),.PIECEWISE_BEZIER_KNOTS.);
#58=B_SPLINE_SURFACE_WITH_KNOTS('',3,1,((#10000,#10001),(#10002,#10003),
(#10004,#10005),(#10006,#10007)),.SURF_OF_LINEAR_EXTRUSION.,.F.,.F.,.F.,
(4,4),(2,2),(0.,1.),(0.,1.),.PIECEWISE_BEZIER_KNOTS.);
#59=B_SPLINE_SURFACE_WITH_KNOTS('',3,1,((#10013,#10014),(#10015,#10016),
(#10017,#10018),(#10019,#10020)),.SURF_OF_LINEAR_EXTRUSION.,.F.,.F.,.F.,
(4,4),(2,2),(0.,1.),(0.,1.),.PIECEWISE_BEZIER_KNOTS.);
#60=B_SPLINE_SURFACE_WITH_KNOTS('',3,1,((#10026,#10027),(#10028,#10029),
(#10030,#10031),(#10032,#10033)),.SURF_OF_LINEAR_EXTRUSION.,.F.,.F.,.F.,
(4,4),(2,2),(0.,1.),(0.,1.),.PIECEWISE_BEZIER_KNOTS.);
#61=B_SPLINE_SURFACE_WITH_KNOTS('',3,1,((#10039,#10040),(#10041,#10042),
(#10043,#10044),(#10045,#10046)),.SURF_OF_LINEAR_EXTRUSION.,.F.,.F.,.F.,
(4,4),(2,2),(0.,1.),(0.,1.),.PIECEWISE_BEZIER_KNOTS.);
#62=B_SPLINE_SURFACE_WITH_KNOTS('',3,1,((#10052,#10053),(#10054,#10055),
(#10056,#10057),(#10058,#10059)),.SURF_OF_LINEAR_EXTRUSION.,.F.,.F.,.F.,
(4,4),(2,2),(0.,1.),(0.,1.),.PIECEWISE_BEZIER_KNOTS.);
#63=B_SPLINE_SURFACE_WITH_KNOTS('',3,1,((#10065,#10066),(#10067,#10068),
(#10069,#10070),(#10071,#10072)),.SURF_OF_LINEAR_EXTRUSION.,.F.,.F.,.F.,
(4,4),(2,2),(0.,1.),(0.,1.),.PIECEWISE_BEZIER_KNOTS.);
#64=B_SPLINE_SURFACE_WITH_KNOTS('',3,1,((#10078,#10079),(#10080,#10081),
(#10082,#10083),(#10084,#10085)),.SURF_OF_LINEAR_EXTRUSION.,.F.,.F.,.F.,
(4,4),(2,2),(0.,1.),(0.,1.),.PIECEWISE_BEZIER_KNOTS.);
#65=B_SPLINE_SURFACE_WITH_KNOTS('',3,1,((#10095,#10096),(#10097,#10098),
(#10099,#10100),(#10101,#10102)),.SURF_OF_LINEAR_EXTRUSION.,.F.,.F.,.F.,
(4,4),(2,2),(0.,1.),(0.,1.),.PIECEWISE_BEZIER_KNOTS.);
#66=B_SPLINE_SURFACE_WITH_KNOTS('',3,1,((#10112,#10113),(#10114,#10115),
(#10116,#10117),(#10118,#10119)),.SURF_OF_LINEAR_EXTRUSION.,.F.,.F.,.F.,
(4,4),(2,2),(0.,1.),(0.,1.),.PIECEWISE_BEZIER_KNOTS.);
#67=B_SPLINE_SURFACE_WITH_KNOTS('',3,1,((#10129,#10130),(#10131,#10132),
(#10133,#10134),(#10135,#10136)),.SURF_OF_LINEAR_EXTRUSION.,.F.,.F.,.F.,
(4,4),(2,2),(0.,1.),(0.,1.),.PIECEWISE_BEZIER_KNOTS.);
#68=B_SPLINE_SURFACE_WITH_KNOTS('',3,1,((#10143,#10144),(#10145,#10146),
(#10147,#10148),(#10149,#10150)),.SURF_OF_LINEAR_EXTRUSION.,.F.,.F.,.F.,
(4,4),(2,2),(0.,1.),(0.,1.),.PIECEWISE_BEZIER_KNOTS.);
#69=B_SPLINE_SURFACE_WITH_KNOTS('',3,1,((#10198,#10199),(#10200,#10201),
(#10202,#10203),(#10204,#10205)),.SURF_OF_LINEAR_EXTRUSION.,.F.,.F.,.F.,
(4,4),(2,2),(0.,1.),(0.,1.),.PIECEWISE_BEZIER_KNOTS.);
#70=B_SPLINE_SURFACE_WITH_KNOTS('',3,1,((#10211,#10212),(#10213,#10214),
(#10215,#10216),(#10217,#10218)),.SURF_OF_LINEAR_EXTRUSION.,.F.,.F.,.F.,
(4,4),(2,2),(0.,1.),(0.,1.),.PIECEWISE_BEZIER_KNOTS.);
#71=B_SPLINE_SURFACE_WITH_KNOTS('',3,1,((#10224,#10225),(#10226,#10227),
(#10228,#10229),(#10230,#10231)),.SURF_OF_LINEAR_EXTRUSION.,.F.,.F.,.F.,
(4,4),(2,2),(0.,1.),(0.,1.),.PIECEWISE_BEZIER_KNOTS.);
#72=B_SPLINE_SURFACE_WITH_KNOTS('',3,1,((#10237,#10238),(#10239,#10240),
(#10241,#10242),(#10243,#10244)),.SURF_OF_LINEAR_EXTRUSION.,.F.,.F.,.F.,
(4,4),(2,2),(0.,1.),(0.,1.),.PIECEWISE_BEZIER_KNOTS.);
#73=B_SPLINE_SURFACE_WITH_KNOTS('',3,1,((#10248,#10249),(#10250,#10251),
(#10252,#10253),(#10254,#10255)),.SURF_OF_LINEAR_EXTRUSION.,.F.,.F.,.F.,
(4,4),(2,2),(0.,1.),(0.,1.),.PIECEWISE_BEZIER_KNOTS.);
#74=B_SPLINE_SURFACE_WITH_KNOTS('',3,1,((#10259,#10260),(#10261,#10262),
(#10263,#10264),(#10265,#10266)),.SURF_OF_LINEAR_EXTRUSION.,.F.,.F.,.F.,
(4,4),(2,2),(0.,1.),(0.,1.),.PIECEWISE_BEZIER_KNOTS.);
#75=B_SPLINE_SURFACE_WITH_KNOTS('',3,1,((#10272,#10273),(#10274,#10275),
(#10276,#10277),(#10278,#10279)),.SURF_OF_LINEAR_EXTRUSION.,.F.,.F.,.F.,
(4,4),(2,2),(0.,1.),(0.,1.),.PIECEWISE_BEZIER_KNOTS.);
#76=B_SPLINE_SURFACE_WITH_KNOTS('',3,1,((#10285,#10286),(#10287,#10288),
(#10289,#10290),(#10291,#10292)),.SURF_OF_LINEAR_EXTRUSION.,.F.,.F.,.F.,
(4,4),(2,2),(0.,1.),(0.,1.),.PIECEWISE_BEZIER_KNOTS.);
#77=B_SPLINE_SURFACE_WITH_KNOTS('',3,1,((#10298,#10299),(#10300,#10301),
(#10302,#10303),(#10304,#10305)),.SURF_OF_LINEAR_EXTRUSION.,.F.,.F.,.F.,
(4,4),(2,2),(0.,1.),(0.,1.),.PIECEWISE_BEZIER_KNOTS.);
#78=B_SPLINE_SURFACE_WITH_KNOTS('',3,1,((#10362,#10363),(#10364,#10365),
(#10366,#10367),(#10368,#10369)),.SURF_OF_LINEAR_EXTRUSION.,.F.,.F.,.F.,
(4,4),(2,2),(0.,1.),(0.,1.),.PIECEWISE_BEZIER_KNOTS.);
#79=B_SPLINE_SURFACE_WITH_KNOTS('',3,1,((#10379,#10380),(#10381,#10382),
(#10383,#10384),(#10385,#10386)),.SURF_OF_LINEAR_EXTRUSION.,.F.,.F.,.F.,
(4,4),(2,2),(0.,1.),(0.,1.),.PIECEWISE_BEZIER_KNOTS.);
#80=B_SPLINE_SURFACE_WITH_KNOTS('',3,1,((#10398,#10399),(#10400,#10401),
(#10402,#10403),(#10404,#10405)),.SURF_OF_LINEAR_EXTRUSION.,.F.,.F.,.F.,
(4,4),(2,2),(0.,1.),(0.,1.),.PIECEWISE_BEZIER_KNOTS.);
#81=B_SPLINE_SURFACE_WITH_KNOTS('',3,1,((#10411,#10412),(#10413,#10414),
(#10415,#10416),(#10417,#10418)),.SURF_OF_LINEAR_EXTRUSION.,.F.,.F.,.F.,
(4,4),(2,2),(0.,1.),(0.,1.),.PIECEWISE_BEZIER_KNOTS.);
#82=B_SPLINE_SURFACE_WITH_KNOTS('',3,1,((#10448,#10449),(#10450,#10451),
(#10452,#10453),(#10454,#10455)),.SURF_OF_LINEAR_EXTRUSION.,.F.,.F.,.F.,
(4,4),(2,2),(0.,1.),(0.,1.),.PIECEWISE_BEZIER_KNOTS.);
#83=B_SPLINE_SURFACE_WITH_KNOTS('',3,1,((#10461,#10462),(#10463,#10464),
(#10465,#10466),(#10467,#10468)),.SURF_OF_LINEAR_EXTRUSION.,.F.,.F.,.F.,
(4,4),(2,2),(0.,1.),(0.,1.),.PIECEWISE_BEZIER_KNOTS.);
#84=B_SPLINE_SURFACE_WITH_KNOTS('',3,1,((#10474,#10475),(#10476,#10477),
(#10478,#10479),(#10480,#10481)),.SURF_OF_LINEAR_EXTRUSION.,.F.,.F.,.F.,
(4,4),(2,2),(0.,1.),(0.,1.),.PIECEWISE_BEZIER_KNOTS.);
#85=B_SPLINE_SURFACE_WITH_KNOTS('',3,1,((#10485,#10486),(#10487,#10488),
(#10489,#10490),(#10491,#10492)),.SURF_OF_LINEAR_EXTRUSION.,.F.,.F.,.F.,
(4,4),(2,2),(0.,1.),(0.,1.),.PIECEWISE_BEZIER_KNOTS.);
#86=B_SPLINE_SURFACE_WITH_KNOTS('',3,1,((#10498,#10499),(#10500,#10501),
(#10502,#10503),(#10504,#10505)),.SURF_OF_LINEAR_EXTRUSION.,.F.,.F.,.F.,
(4,4),(2,2),(0.,1.),(0.,1.),.PIECEWISE_BEZIER_KNOTS.);
#87=B_SPLINE_SURFACE_WITH_KNOTS('',3,1,((#10511,#10512),(#10513,#10514),
(#10515,#10516),(#10517,#10518)),.SURF_OF_LINEAR_EXTRUSION.,.F.,.F.,.F.,
(4,4),(2,2),(0.,1.),(0.,1.),.PIECEWISE_BEZIER_KNOTS.);
#88=B_SPLINE_SURFACE_WITH_KNOTS('',3,1,((#10524,#10525),(#10526,#10527),
(#10528,#10529),(#10530,#10531)),.SURF_OF_LINEAR_EXTRUSION.,.F.,.F.,.F.,
(4,4),(2,2),(0.,1.),(0.,1.),.PIECEWISE_BEZIER_KNOTS.);
#89=B_SPLINE_SURFACE_WITH_KNOTS('',3,1,((#10537,#10538),(#10539,#10540),
(#10541,#10542),(#10543,#10544)),.SURF_OF_LINEAR_EXTRUSION.,.F.,.F.,.F.,
(4,4),(2,2),(0.,1.),(0.,1.),.PIECEWISE_BEZIER_KNOTS.);
#90=B_SPLINE_SURFACE_WITH_KNOTS('',3,1,((#10550,#10551),(#10552,#10553),
(#10554,#10555),(#10556,#10557)),.SURF_OF_LINEAR_EXTRUSION.,.F.,.F.,.F.,
(4,4),(2,2),(0.,1.),(0.,1.),.PIECEWISE_BEZIER_KNOTS.);
#91=B_SPLINE_SURFACE_WITH_KNOTS('',3,1,((#10563,#10564),(#10565,#10566),
(#10567,#10568),(#10569,#10570)),.SURF_OF_LINEAR_EXTRUSION.,.F.,.F.,.F.,
(4,4),(2,2),(0.,1.),(0.,1.),.PIECEWISE_BEZIER_KNOTS.);
#92=B_SPLINE_SURFACE_WITH_KNOTS('',3,1,((#10576,#10577),(#10578,#10579),
(#10580,#10581),(#10582,#10583)),.SURF_OF_LINEAR_EXTRUSION.,.F.,.F.,.F.,
(4,4),(2,2),(0.,1.),(0.,1.),.PIECEWISE_BEZIER_KNOTS.);
#93=B_SPLINE_SURFACE_WITH_KNOTS('',3,1,((#10593,#10594),(#10595,#10596),
(#10597,#10598),(#10599,#10600)),.SURF_OF_LINEAR_EXTRUSION.,.F.,.F.,.F.,
(4,4),(2,2),(0.,1.),(0.,1.),.PIECEWISE_BEZIER_KNOTS.);
#94=B_SPLINE_SURFACE_WITH_KNOTS('',3,1,((#10610,#10611),(#10612,#10613),
(#10614,#10615),(#10616,#10617)),.SURF_OF_LINEAR_EXTRUSION.,.F.,.F.,.F.,
(4,4),(2,2),(0.,1.),(0.,1.),.PIECEWISE_BEZIER_KNOTS.);
#95=B_SPLINE_SURFACE_WITH_KNOTS('',3,1,((#10627,#10628),(#10629,#10630),
(#10631,#10632),(#10633,#10634)),.SURF_OF_LINEAR_EXTRUSION.,.F.,.F.,.F.,
(4,4),(2,2),(0.,1.),(0.,1.),.PIECEWISE_BEZIER_KNOTS.);
#96=B_SPLINE_SURFACE_WITH_KNOTS('',3,1,((#10641,#10642),(#10643,#10644),
(#10645,#10646),(#10647,#10648)),.SURF_OF_LINEAR_EXTRUSION.,.F.,.F.,.F.,
(4,4),(2,2),(0.,1.),(0.,1.),.PIECEWISE_BEZIER_KNOTS.);
#97=B_SPLINE_SURFACE_WITH_KNOTS('',3,1,((#10724,#10725),(#10726,#10727),
(#10728,#10729),(#10730,#10731)),.SURF_OF_LINEAR_EXTRUSION.,.F.,.F.,.F.,
(4,4),(2,2),(0.,1.),(0.,1.),.PIECEWISE_BEZIER_KNOTS.);
#98=B_SPLINE_SURFACE_WITH_KNOTS('',3,1,((#10774,#10775),(#10776,#10777),
(#10778,#10779),(#10780,#10781)),.SURF_OF_LINEAR_EXTRUSION.,.F.,.F.,.F.,
(4,4),(2,2),(0.,1.),(0.,1.),.PIECEWISE_BEZIER_KNOTS.);
#99=B_SPLINE_SURFACE_WITH_KNOTS('',3,1,((#10787,#10788),(#10789,#10790),
(#10791,#10792),(#10793,#10794)),.SURF_OF_LINEAR_EXTRUSION.,.F.,.F.,.F.,
(4,4),(2,2),(0.,1.),(0.,1.),.PIECEWISE_BEZIER_KNOTS.);
#100=B_SPLINE_SURFACE_WITH_KNOTS('',3,1,((#10800,#10801),(#10802,#10803),
(#10804,#10805),(#10806,#10807)),.SURF_OF_LINEAR_EXTRUSION.,.F.,.F.,.F.,
(4,4),(2,2),(0.,1.),(0.,1.),.PIECEWISE_BEZIER_KNOTS.);
#101=B_SPLINE_SURFACE_WITH_KNOTS('',3,1,((#10813,#10814),(#10815,#10816),
(#10817,#10818),(#10819,#10820)),.SURF_OF_LINEAR_EXTRUSION.,.F.,.F.,.F.,
(4,4),(2,2),(0.,1.),(0.,1.),.PIECEWISE_BEZIER_KNOTS.);
#102=B_SPLINE_SURFACE_WITH_KNOTS('',3,1,((#10826,#10827),(#10828,#10829),
(#10830,#10831),(#10832,#10833)),.SURF_OF_LINEAR_EXTRUSION.,.F.,.F.,.F.,
(4,4),(2,2),(0.,1.),(0.,1.),.PIECEWISE_BEZIER_KNOTS.);
#103=B_SPLINE_SURFACE_WITH_KNOTS('',3,1,((#10839,#10840),(#10841,#10842),
(#10843,#10844),(#10845,#10846)),.SURF_OF_LINEAR_EXTRUSION.,.F.,.F.,.F.,
(4,4),(2,2),(0.,1.),(0.,1.),.PIECEWISE_BEZIER_KNOTS.);
#104=B_SPLINE_SURFACE_WITH_KNOTS('',3,1,((#10850,#10851),(#10852,#10853),
(#10854,#10855),(#10856,#10857)),.SURF_OF_LINEAR_EXTRUSION.,.F.,.F.,.F.,
(4,4),(2,2),(0.,1.),(0.,1.),.PIECEWISE_BEZIER_KNOTS.);
#105=B_SPLINE_SURFACE_WITH_KNOTS('',3,1,((#10870,#10871),(#10872,#10873),
(#10874,#10875),(#10876,#10877)),.SURF_OF_LINEAR_EXTRUSION.,.F.,.F.,.F.,
(4,4),(2,2),(0.,1.),(0.,1.),.PIECEWISE_BEZIER_KNOTS.);
#106=B_SPLINE_SURFACE_WITH_KNOTS('',3,1,((#10887,#10888),(#10889,#10890),
(#10891,#10892),(#10893,#10894)),.SURF_OF_LINEAR_EXTRUSION.,.F.,.F.,.F.,
(4,4),(2,2),(0.,1.),(0.,1.),.PIECEWISE_BEZIER_KNOTS.);
#107=B_SPLINE_SURFACE_WITH_KNOTS('',3,1,((#10904,#10905),(#10906,#10907),
(#10908,#10909),(#10910,#10911)),.SURF_OF_LINEAR_EXTRUSION.,.F.,.F.,.F.,
(4,4),(2,2),(0.,1.),(0.,1.),.PIECEWISE_BEZIER_KNOTS.);
#108=B_SPLINE_SURFACE_WITH_KNOTS('',3,1,((#10921,#10922),(#10923,#10924),
(#10925,#10926),(#10927,#10928)),.SURF_OF_LINEAR_EXTRUSION.,.F.,.F.,.F.,
(4,4),(2,2),(0.,1.),(0.,1.),.PIECEWISE_BEZIER_KNOTS.);
#109=B_SPLINE_SURFACE_WITH_KNOTS('',3,1,((#10938,#10939),(#10940,#10941),
(#10942,#10943),(#10944,#10945)),.SURF_OF_LINEAR_EXTRUSION.,.F.,.F.,.F.,
(4,4),(2,2),(0.,1.),(0.,1.),.PIECEWISE_BEZIER_KNOTS.);
#110=B_SPLINE_SURFACE_WITH_KNOTS('',3,1,((#10955,#10956),(#10957,#10958),
(#10959,#10960),(#10961,#10962)),.SURF_OF_LINEAR_EXTRUSION.,.F.,.F.,.F.,
(4,4),(2,2),(0.,1.),(0.,1.),.PIECEWISE_BEZIER_KNOTS.);
#111=B_SPLINE_SURFACE_WITH_KNOTS('',3,1,((#10972,#10973),(#10974,#10975),
(#10976,#10977),(#10978,#10979)),.SURF_OF_LINEAR_EXTRUSION.,.F.,.F.,.F.,
(4,4),(2,2),(0.,1.),(0.,1.),.PIECEWISE_BEZIER_KNOTS.);
#112=B_SPLINE_SURFACE_WITH_KNOTS('',3,1,((#11037,#11038),(#11039,#11040),
(#11041,#11042),(#11043,#11044)),.SURF_OF_LINEAR_EXTRUSION.,.F.,.F.,.F.,
(4,4),(2,2),(0.,1.),(0.,1.),.PIECEWISE_BEZIER_KNOTS.);
#113=B_SPLINE_SURFACE_WITH_KNOTS('',3,1,((#11050,#11051),(#11052,#11053),
(#11054,#11055),(#11056,#11057)),.SURF_OF_LINEAR_EXTRUSION.,.F.,.F.,.F.,
(4,4),(2,2),(0.,1.),(0.,1.),.PIECEWISE_BEZIER_KNOTS.);
#114=B_SPLINE_SURFACE_WITH_KNOTS('',3,1,((#11069,#11070),(#11071,#11072),
(#11073,#11074),(#11075,#11076)),.SURF_OF_LINEAR_EXTRUSION.,.F.,.F.,.F.,
(4,4),(2,2),(0.,1.),(0.,1.),.PIECEWISE_BEZIER_KNOTS.);
#115=B_SPLINE_SURFACE_WITH_KNOTS('',3,1,((#11082,#11083),(#11084,#11085),
(#11086,#11087),(#11088,#11089)),.SURF_OF_LINEAR_EXTRUSION.,.F.,.F.,.F.,
(4,4),(2,2),(0.,1.),(0.,1.),.PIECEWISE_BEZIER_KNOTS.);
#116=B_SPLINE_SURFACE_WITH_KNOTS('',3,1,((#11095,#11096),(#11097,#11098),
(#11099,#11100),(#11101,#11102)),.SURF_OF_LINEAR_EXTRUSION.,.F.,.F.,.F.,
(4,4),(2,2),(0.,1.),(0.,1.),.PIECEWISE_BEZIER_KNOTS.);
#117=B_SPLINE_SURFACE_WITH_KNOTS('',3,1,((#11106,#11107),(#11108,#11109),
(#11110,#11111),(#11112,#11113)),.SURF_OF_LINEAR_EXTRUSION.,.F.,.F.,.F.,
(4,4),(2,2),(0.,1.),(0.,1.),.PIECEWISE_BEZIER_KNOTS.);
#118=B_SPLINE_SURFACE_WITH_KNOTS('',3,1,((#11119,#11120),(#11121,#11122),
(#11123,#11124),(#11125,#11126)),.SURF_OF_LINEAR_EXTRUSION.,.F.,.F.,.F.,
(4,4),(2,2),(0.,1.),(0.,1.),.PIECEWISE_BEZIER_KNOTS.);
#119=B_SPLINE_SURFACE_WITH_KNOTS('',3,1,((#11132,#11133),(#11134,#11135),
(#11136,#11137),(#11138,#11139)),.SURF_OF_LINEAR_EXTRUSION.,.F.,.F.,.F.,
(4,4),(2,2),(0.,1.),(0.,1.),.PIECEWISE_BEZIER_KNOTS.);
#120=B_SPLINE_SURFACE_WITH_KNOTS('',3,1,((#11145,#11146),(#11147,#11148),
(#11149,#11150),(#11151,#11152)),.SURF_OF_LINEAR_EXTRUSION.,.F.,.F.,.F.,
(4,4),(2,2),(0.,1.),(0.,1.),.PIECEWISE_BEZIER_KNOTS.);
#121=B_SPLINE_SURFACE_WITH_KNOTS('',3,1,((#11158,#11159),(#11160,#11161),
(#11162,#11163),(#11164,#11165)),.SURF_OF_LINEAR_EXTRUSION.,.F.,.F.,.F.,
(4,4),(2,2),(0.,1.),(0.,1.),.PIECEWISE_BEZIER_KNOTS.);
#122=B_SPLINE_SURFACE_WITH_KNOTS('',3,1,((#11169,#11170),(#11171,#11172),
(#11173,#11174),(#11175,#11176)),.SURF_OF_LINEAR_EXTRUSION.,.F.,.F.,.F.,
(4,4),(2,2),(0.,1.),(0.,1.),.PIECEWISE_BEZIER_KNOTS.);
#123=B_SPLINE_SURFACE_WITH_KNOTS('',3,1,((#11189,#11190),(#11191,#11192),
(#11193,#11194),(#11195,#11196)),.SURF_OF_LINEAR_EXTRUSION.,.F.,.F.,.F.,
(4,4),(2,2),(0.,1.),(0.,1.),.PIECEWISE_BEZIER_KNOTS.);
#124=B_SPLINE_SURFACE_WITH_KNOTS('',3,1,((#11203,#11204),(#11205,#11206),
(#11207,#11208),(#11209,#11210)),.SURF_OF_LINEAR_EXTRUSION.,.F.,.F.,.F.,
(4,4),(2,2),(0.,1.),(0.,1.),.PIECEWISE_BEZIER_KNOTS.);
#125=B_SPLINE_SURFACE_WITH_KNOTS('',3,1,((#11220,#11221),(#11222,#11223),
(#11224,#11225),(#11226,#11227)),.SURF_OF_LINEAR_EXTRUSION.,.F.,.F.,.F.,
(4,4),(2,2),(0.,1.),(0.,1.),.PIECEWISE_BEZIER_KNOTS.);
#126=B_SPLINE_SURFACE_WITH_KNOTS('',3,1,((#11237,#11238),(#11239,#11240),
(#11241,#11242),(#11243,#11244)),.SURF_OF_LINEAR_EXTRUSION.,.F.,.F.,.F.,
(4,4),(2,2),(0.,1.),(0.,1.),.PIECEWISE_BEZIER_KNOTS.);
#127=B_SPLINE_SURFACE_WITH_KNOTS('',3,1,((#11254,#11255),(#11256,#11257),
(#11258,#11259),(#11260,#11261)),.SURF_OF_LINEAR_EXTRUSION.,.F.,.F.,.F.,
(4,4),(2,2),(0.,1.),(0.,1.),.PIECEWISE_BEZIER_KNOTS.);
#128=B_SPLINE_SURFACE_WITH_KNOTS('',3,1,((#11342,#11343),(#11344,#11345),
(#11346,#11347),(#11348,#11349)),.SURF_OF_LINEAR_EXTRUSION.,.F.,.F.,.F.,
(4,4),(2,2),(0.,1.),(0.,1.),.PIECEWISE_BEZIER_KNOTS.);
#129=B_SPLINE_SURFACE_WITH_KNOTS('',3,1,((#11355,#11356),(#11357,#11358),
(#11359,#11360),(#11361,#11362)),.SURF_OF_LINEAR_EXTRUSION.,.F.,.F.,.F.,
(4,4),(2,2),(0.,1.),(0.,1.),.PIECEWISE_BEZIER_KNOTS.);
#130=B_SPLINE_SURFACE_WITH_KNOTS('',3,1,((#11368,#11369),(#11370,#11371),
(#11372,#11373),(#11374,#11375)),.SURF_OF_LINEAR_EXTRUSION.,.F.,.F.,.F.,
(4,4),(2,2),(0.,1.),(0.,1.),.PIECEWISE_BEZIER_KNOTS.);
#131=B_SPLINE_SURFACE_WITH_KNOTS('',3,1,((#11381,#11382),(#11383,#11384),
(#11385,#11386),(#11387,#11388)),.SURF_OF_LINEAR_EXTRUSION.,.F.,.F.,.F.,
(4,4),(2,2),(0.,1.),(0.,1.),.PIECEWISE_BEZIER_KNOTS.);
#132=B_SPLINE_SURFACE_WITH_KNOTS('',3,1,((#11394,#11395),(#11396,#11397),
(#11398,#11399),(#11400,#11401)),.SURF_OF_LINEAR_EXTRUSION.,.F.,.F.,.F.,
(4,4),(2,2),(0.,1.),(0.,1.),.PIECEWISE_BEZIER_KNOTS.);
#133=B_SPLINE_SURFACE_WITH_KNOTS('',3,1,((#11407,#11408),(#11409,#11410),
(#11411,#11412),(#11413,#11414)),.SURF_OF_LINEAR_EXTRUSION.,.F.,.F.,.F.,
(4,4),(2,2),(0.,1.),(0.,1.),.PIECEWISE_BEZIER_KNOTS.);
#134=B_SPLINE_SURFACE_WITH_KNOTS('',3,1,((#11418,#11419),(#11420,#11421),
(#11422,#11423),(#11424,#11425)),.SURF_OF_LINEAR_EXTRUSION.,.F.,.F.,.F.,
(4,4),(2,2),(0.,1.),(0.,1.),.PIECEWISE_BEZIER_KNOTS.);
#135=B_SPLINE_SURFACE_WITH_KNOTS('',3,1,((#11438,#11439),(#11440,#11441),
(#11442,#11443),(#11444,#11445)),.SURF_OF_LINEAR_EXTRUSION.,.F.,.F.,.F.,
(4,4),(2,2),(0.,1.),(0.,1.),.PIECEWISE_BEZIER_KNOTS.);
#136=B_SPLINE_SURFACE_WITH_KNOTS('',3,1,((#11455,#11456),(#11457,#11458),
(#11459,#11460),(#11461,#11462)),.SURF_OF_LINEAR_EXTRUSION.,.F.,.F.,.F.,
(4,4),(2,2),(0.,1.),(0.,1.),.PIECEWISE_BEZIER_KNOTS.);
#137=B_SPLINE_SURFACE_WITH_KNOTS('',3,1,((#11472,#11473),(#11474,#11475),
(#11476,#11477),(#11478,#11479)),.SURF_OF_LINEAR_EXTRUSION.,.F.,.F.,.F.,
(4,4),(2,2),(0.,1.),(0.,1.),.PIECEWISE_BEZIER_KNOTS.);
#138=B_SPLINE_SURFACE_WITH_KNOTS('',3,1,((#11486,#11487),(#11488,#11489),
(#11490,#11491),(#11492,#11493)),.SURF_OF_LINEAR_EXTRUSION.,.F.,.F.,.F.,
(4,4),(2,2),(0.,1.),(0.,1.),.PIECEWISE_BEZIER_KNOTS.);
#139=B_SPLINE_SURFACE_WITH_KNOTS('',3,1,((#11503,#11504),(#11505,#11506),
(#11507,#11508),(#11509,#11510)),.SURF_OF_LINEAR_EXTRUSION.,.F.,.F.,.F.,
(4,4),(2,2),(0.,1.),(0.,1.),.PIECEWISE_BEZIER_KNOTS.);
#140=B_SPLINE_SURFACE_WITH_KNOTS('',3,1,((#11520,#11521),(#11522,#11523),
(#11524,#11525),(#11526,#11527)),.SURF_OF_LINEAR_EXTRUSION.,.F.,.F.,.F.,
(4,4),(2,2),(0.,1.),(0.,1.),.PIECEWISE_BEZIER_KNOTS.);
#141=B_SPLINE_SURFACE_WITH_KNOTS('',3,1,((#11537,#11538),(#11539,#11540),
(#11541,#11542),(#11543,#11544)),.SURF_OF_LINEAR_EXTRUSION.,.F.,.F.,.F.,
(4,4),(2,2),(0.,1.),(0.,1.),.PIECEWISE_BEZIER_KNOTS.);
#142=B_SPLINE_SURFACE_WITH_KNOTS('',3,1,((#11578,#11579),(#11580,#11581),
(#11582,#11583),(#11584,#11585)),.SURF_OF_LINEAR_EXTRUSION.,.F.,.F.,.F.,
(4,4),(2,2),(0.,1.),(0.,1.),.PIECEWISE_BEZIER_KNOTS.);
#143=B_SPLINE_SURFACE_WITH_KNOTS('',3,1,((#11591,#11592),(#11593,#11594),
(#11595,#11596),(#11597,#11598)),.SURF_OF_LINEAR_EXTRUSION.,.F.,.F.,.F.,
(4,4),(2,2),(0.,1.),(0.,1.),.PIECEWISE_BEZIER_KNOTS.);
#144=B_SPLINE_SURFACE_WITH_KNOTS('',3,1,((#11604,#11605),(#11606,#11607),
(#11608,#11609),(#11610,#11611)),.SURF_OF_LINEAR_EXTRUSION.,.F.,.F.,.F.,
(4,4),(2,2),(0.,1.),(0.,1.),.PIECEWISE_BEZIER_KNOTS.);
#145=B_SPLINE_SURFACE_WITH_KNOTS('',3,1,((#11615,#11616),(#11617,#11618),
(#11619,#11620),(#11621,#11622)),.SURF_OF_LINEAR_EXTRUSION.,.F.,.F.,.F.,
(4,4),(2,2),(0.,1.),(0.,1.),.PIECEWISE_BEZIER_KNOTS.);
#146=B_SPLINE_SURFACE_WITH_KNOTS('',3,1,((#11628,#11629),(#11630,#11631),
(#11632,#11633),(#11634,#11635)),.SURF_OF_LINEAR_EXTRUSION.,.F.,.F.,.F.,
(4,4),(2,2),(0.,1.),(0.,1.),.PIECEWISE_BEZIER_KNOTS.);
#147=B_SPLINE_SURFACE_WITH_KNOTS('',3,1,((#11641,#11642),(#11643,#11644),
(#11645,#11646),(#11647,#11648)),.SURF_OF_LINEAR_EXTRUSION.,.F.,.F.,.F.,
(4,4),(2,2),(0.,1.),(0.,1.),.PIECEWISE_BEZIER_KNOTS.);
#148=B_SPLINE_SURFACE_WITH_KNOTS('',3,1,((#11654,#11655),(#11656,#11657),
(#11658,#11659),(#11660,#11661)),.SURF_OF_LINEAR_EXTRUSION.,.F.,.F.,.F.,
(4,4),(2,2),(0.,1.),(0.,1.),.PIECEWISE_BEZIER_KNOTS.);
#149=B_SPLINE_SURFACE_WITH_KNOTS('',3,1,((#11667,#11668),(#11669,#11670),
(#11671,#11672),(#11673,#11674)),.SURF_OF_LINEAR_EXTRUSION.,.F.,.F.,.F.,
(4,4),(2,2),(0.,1.),(0.,1.),.PIECEWISE_BEZIER_KNOTS.);
#150=B_SPLINE_SURFACE_WITH_KNOTS('',3,1,((#11680,#11681),(#11682,#11683),
(#11684,#11685),(#11686,#11687)),.SURF_OF_LINEAR_EXTRUSION.,.F.,.F.,.F.,
(4,4),(2,2),(0.,1.),(0.,1.),.PIECEWISE_BEZIER_KNOTS.);
#151=B_SPLINE_SURFACE_WITH_KNOTS('',3,1,((#11693,#11694),(#11695,#11696),
(#11697,#11698),(#11699,#11700)),.SURF_OF_LINEAR_EXTRUSION.,.F.,.F.,.F.,
(4,4),(2,2),(0.,1.),(0.,1.),.PIECEWISE_BEZIER_KNOTS.);
#152=B_SPLINE_SURFACE_WITH_KNOTS('',3,1,((#11706,#11707),(#11708,#11709),
(#11710,#11711),(#11712,#11713)),.SURF_OF_LINEAR_EXTRUSION.,.F.,.F.,.F.,
(4,4),(2,2),(0.,1.),(0.,1.),.PIECEWISE_BEZIER_KNOTS.);
#153=B_SPLINE_SURFACE_WITH_KNOTS('',3,1,((#11723,#11724),(#11725,#11726),
(#11727,#11728),(#11729,#11730)),.SURF_OF_LINEAR_EXTRUSION.,.F.,.F.,.F.,
(4,4),(2,2),(0.,1.),(0.,1.),.PIECEWISE_BEZIER_KNOTS.);
#154=B_SPLINE_SURFACE_WITH_KNOTS('',3,1,((#11740,#11741),(#11742,#11743),
(#11744,#11745),(#11746,#11747)),.SURF_OF_LINEAR_EXTRUSION.,.F.,.F.,.F.,
(4,4),(2,2),(0.,1.),(0.,1.),.PIECEWISE_BEZIER_KNOTS.);
#155=B_SPLINE_SURFACE_WITH_KNOTS('',3,1,((#11757,#11758),(#11759,#11760),
(#11761,#11762),(#11763,#11764)),.SURF_OF_LINEAR_EXTRUSION.,.F.,.F.,.F.,
(4,4),(2,2),(0.,1.),(0.,1.),.PIECEWISE_BEZIER_KNOTS.);
#156=B_SPLINE_SURFACE_WITH_KNOTS('',3,1,((#11835,#11836),(#11837,#11838),
(#11839,#11840),(#11841,#11842)),.SURF_OF_LINEAR_EXTRUSION.,.F.,.F.,.F.,
(4,4),(2,2),(0.,1.),(0.,1.),.PIECEWISE_BEZIER_KNOTS.);
#157=B_SPLINE_SURFACE_WITH_KNOTS('',3,1,((#11848,#11849),(#11850,#11851),
(#11852,#11853),(#11854,#11855)),.SURF_OF_LINEAR_EXTRUSION.,.F.,.F.,.F.,
(4,4),(2,2),(0.,1.),(0.,1.),.PIECEWISE_BEZIER_KNOTS.);
#158=B_SPLINE_SURFACE_WITH_KNOTS('',3,1,((#11861,#11862),(#11863,#11864),
(#11865,#11866),(#11867,#11868)),.SURF_OF_LINEAR_EXTRUSION.,.F.,.F.,.F.,
(4,4),(2,2),(0.,1.),(0.,1.),.PIECEWISE_BEZIER_KNOTS.);
#159=B_SPLINE_SURFACE_WITH_KNOTS('',3,1,((#11874,#11875),(#11876,#11877),
(#11878,#11879),(#11880,#11881)),.SURF_OF_LINEAR_EXTRUSION.,.F.,.F.,.F.,
(4,4),(2,2),(0.,1.),(0.,1.),.PIECEWISE_BEZIER_KNOTS.);
#160=B_SPLINE_SURFACE_WITH_KNOTS('',3,1,((#11885,#11886),(#11887,#11888),
(#11889,#11890),(#11891,#11892)),.SURF_OF_LINEAR_EXTRUSION.,.F.,.F.,.F.,
(4,4),(2,2),(0.,1.),(0.,1.),.PIECEWISE_BEZIER_KNOTS.);
#161=B_SPLINE_SURFACE_WITH_KNOTS('',3,1,((#11898,#11899),(#11900,#11901),
(#11902,#11903),(#11904,#11905)),.SURF_OF_LINEAR_EXTRUSION.,.F.,.F.,.F.,
(4,4),(2,2),(0.,1.),(0.,1.),.PIECEWISE_BEZIER_KNOTS.);
#162=B_SPLINE_SURFACE_WITH_KNOTS('',3,1,((#11913,#11914),(#11915,#11916),
(#11917,#11918),(#11919,#11920)),.SURF_OF_LINEAR_EXTRUSION.,.F.,.F.,.F.,
(4,4),(2,2),(0.,1.),(0.,1.),.PIECEWISE_BEZIER_KNOTS.);
#163=B_SPLINE_SURFACE_WITH_KNOTS('',3,1,((#11926,#11927),(#11928,#11929),
(#11930,#11931),(#11932,#11933)),.SURF_OF_LINEAR_EXTRUSION.,.F.,.F.,.F.,
(4,4),(2,2),(0.,1.),(0.,1.),.PIECEWISE_BEZIER_KNOTS.);
#164=B_SPLINE_SURFACE_WITH_KNOTS('',3,1,((#11939,#11940),(#11941,#11942),
(#11943,#11944),(#11945,#11946)),.SURF_OF_LINEAR_EXTRUSION.,.F.,.F.,.F.,
(4,4),(2,2),(0.,1.),(0.,1.),.PIECEWISE_BEZIER_KNOTS.);
#165=B_SPLINE_SURFACE_WITH_KNOTS('',3,1,((#11952,#11953),(#11954,#11955),
(#11956,#11957),(#11958,#11959)),.SURF_OF_LINEAR_EXTRUSION.,.F.,.F.,.F.,
(4,4),(2,2),(0.,1.),(0.,1.),.PIECEWISE_BEZIER_KNOTS.);
#166=B_SPLINE_SURFACE_WITH_KNOTS('',3,1,((#11963,#11964),(#11965,#11966),
(#11967,#11968),(#11969,#11970)),.SURF_OF_LINEAR_EXTRUSION.,.F.,.F.,.F.,
(4,4),(2,2),(0.,1.),(0.,1.),.PIECEWISE_BEZIER_KNOTS.);
#167=B_SPLINE_SURFACE_WITH_KNOTS('',3,1,((#11976,#11977),(#11978,#11979),
(#11980,#11981),(#11982,#11983)),.SURF_OF_LINEAR_EXTRUSION.,.F.,.F.,.F.,
(4,4),(2,2),(0.,1.),(0.,1.),.PIECEWISE_BEZIER_KNOTS.);
#168=B_SPLINE_SURFACE_WITH_KNOTS('',3,1,((#11989,#11990),(#11991,#11992),
(#11993,#11994),(#11995,#11996)),.SURF_OF_LINEAR_EXTRUSION.,.F.,.F.,.F.,
(4,4),(2,2),(0.,1.),(0.,1.),.PIECEWISE_BEZIER_KNOTS.);
#169=B_SPLINE_SURFACE_WITH_KNOTS('',3,1,((#12002,#12003),(#12004,#12005),
(#12006,#12007),(#12008,#12009)),.SURF_OF_LINEAR_EXTRUSION.,.F.,.F.,.F.,
(4,4),(2,2),(0.,1.),(0.,1.),.PIECEWISE_BEZIER_KNOTS.);
#170=B_SPLINE_SURFACE_WITH_KNOTS('',3,1,((#12056,#12057),(#12058,#12059),
(#12060,#12061),(#12062,#12063)),.SURF_OF_LINEAR_EXTRUSION.,.F.,.F.,.F.,
(4,4),(2,2),(0.,1.),(0.,1.),.PIECEWISE_BEZIER_KNOTS.);
#171=B_SPLINE_SURFACE_WITH_KNOTS('',3,1,((#12069,#12070),(#12071,#12072),
(#12073,#12074),(#12075,#12076)),.SURF_OF_LINEAR_EXTRUSION.,.F.,.F.,.F.,
(4,4),(2,2),(0.,1.),(0.,1.),.PIECEWISE_BEZIER_KNOTS.);
#172=B_SPLINE_SURFACE_WITH_KNOTS('',3,1,((#12082,#12083),(#12084,#12085),
(#12086,#12087),(#12088,#12089)),.SURF_OF_LINEAR_EXTRUSION.,.F.,.F.,.F.,
(4,4),(2,2),(0.,1.),(0.,1.),.PIECEWISE_BEZIER_KNOTS.);
#173=B_SPLINE_SURFACE_WITH_KNOTS('',3,1,((#12095,#12096),(#12097,#12098),
(#12099,#12100),(#12101,#12102)),.SURF_OF_LINEAR_EXTRUSION.,.F.,.F.,.F.,
(4,4),(2,2),(0.,1.),(0.,1.),.PIECEWISE_BEZIER_KNOTS.);
#174=B_SPLINE_SURFACE_WITH_KNOTS('',3,1,((#12106,#12107),(#12108,#12109),
(#12110,#12111),(#12112,#12113)),.SURF_OF_LINEAR_EXTRUSION.,.F.,.F.,.F.,
(4,4),(2,2),(0.,1.),(0.,1.),.PIECEWISE_BEZIER_KNOTS.);
#175=B_SPLINE_SURFACE_WITH_KNOTS('',3,1,((#12117,#12118),(#12119,#12120),
(#12121,#12122),(#12123,#12124)),.SURF_OF_LINEAR_EXTRUSION.,.F.,.F.,.F.,
(4,4),(2,2),(0.,1.),(0.,1.),.PIECEWISE_BEZIER_KNOTS.);
#176=B_SPLINE_SURFACE_WITH_KNOTS('',3,1,((#12130,#12131),(#12132,#12133),
(#12134,#12135),(#12136,#12137)),.SURF_OF_LINEAR_EXTRUSION.,.F.,.F.,.F.,
(4,4),(2,2),(0.,1.),(0.,1.),.PIECEWISE_BEZIER_KNOTS.);
#177=B_SPLINE_SURFACE_WITH_KNOTS('',3,1,((#12143,#12144),(#12145,#12146),
(#12147,#12148),(#12149,#12150)),.SURF_OF_LINEAR_EXTRUSION.,.F.,.F.,.F.,
(4,4),(2,2),(0.,1.),(0.,1.),.PIECEWISE_BEZIER_KNOTS.);
#178=B_SPLINE_SURFACE_WITH_KNOTS('',3,1,((#12156,#12157),(#12158,#12159),
(#12160,#12161),(#12162,#12163)),.SURF_OF_LINEAR_EXTRUSION.,.F.,.F.,.F.,
(4,4),(2,2),(0.,1.),(0.,1.),.PIECEWISE_BEZIER_KNOTS.);
#179=CYLINDRICAL_SURFACE('',#6923,0.002);
#180=CYLINDRICAL_SURFACE('',#6936,0.0021);
#181=CYLINDRICAL_SURFACE('',#6939,0.0021);
#182=CYLINDRICAL_SURFACE('',#6947,0.0076);
#183=CYLINDRICAL_SURFACE('',#6971,0.003);
#184=CYLINDRICAL_SURFACE('',#6974,0.003);
#185=CYLINDRICAL_SURFACE('',#6977,0.003);
#186=CYLINDRICAL_SURFACE('',#6980,0.003);
#187=CYLINDRICAL_SURFACE('',#6982,0.003);
#188=CYLINDRICAL_SURFACE('',#6984,0.003);
#189=CYLINDRICAL_SURFACE('',#6987,0.003);
#190=CYLINDRICAL_SURFACE('',#6994,0.002);
#191=CYLINDRICAL_SURFACE('',#6998,0.002);
#192=CYLINDRICAL_SURFACE('',#7002,0.002);
#193=CYLINDRICAL_SURFACE('',#7006,0.002);
#194=CYLINDRICAL_SURFACE('',#7010,0.002);
#195=CYLINDRICAL_SURFACE('',#7014,0.002);
#196=CYLINDRICAL_SURFACE('',#7020,0.002);
#197=CYLINDRICAL_SURFACE('',#7025,0.00685691646152608);
#198=CYLINDRICAL_SURFACE('',#7027,0.00789374993550457);
#199=CYLINDRICAL_SURFACE('',#7068,0.0057040060890876);
#200=CYLINDRICAL_SURFACE('',#7070,0.00528428884847649);
#201=CYLINDRICAL_SURFACE('',#7072,0.00531163364051564);
#202=CYLINDRICAL_SURFACE('',#7097,0.0462815748853679);
#203=CYLINDRICAL_SURFACE('',#7107,0.0185414272006958);
#204=CYLINDRICAL_SURFACE('',#7109,0.0023200359451079);
#205=CYLINDRICAL_SURFACE('',#7122,0.00488877966416703);
#206=CYLINDRICAL_SURFACE('',#7124,0.00496763266750702);
#207=CYLINDRICAL_SURFACE('',#7151,0.0057089801442427);
#208=CYLINDRICAL_SURFACE('',#7168,0.00207337405716458);
#209=CYLINDRICAL_SURFACE('',#7192,0.0121517742543753);
#210=CYLINDRICAL_SURFACE('',#7195,0.0156081504807003);
#211=ELLIPSE('',#6917,0.00141421356237309,0.001);
#212=ELLIPSE('',#6918,0.00141421356237309,0.001);
#213=ELLIPSE('',#6972,0.00316227766016838,0.003);
#214=ELLIPSE('',#6973,0.00316227766016838,0.003);
#215=ELLIPSE('',#6975,0.00316227766016838,0.003);
#216=ELLIPSE('',#6976,0.00316227766016838,0.003);
#217=ELLIPSE('',#6978,0.00316227766016838,0.003);
#218=ELLIPSE('',#6979,0.00316227766016838,0.003);
#219=CIRCLE('',#6909,0.00207337405716458);
#220=CIRCLE('',#6910,0.0057089801442427);
#221=CIRCLE('',#6911,0.0185414272006958);
#222=CIRCLE('',#6912,0.0023200359451079);
#223=CIRCLE('',#6913,0.0462815748853679);
#224=CIRCLE('',#6914,0.00531163364051564);
#225=CIRCLE('',#6915,0.00528428884847649);
#226=CIRCLE('',#6916,0.0057040060890876);
#227=CIRCLE('',#6919,0.00789374993550457);
#228=CIRCLE('',#6920,0.00685691646152608);
#229=CIRCLE('',#6921,0.00496763266750702);
#230=CIRCLE('',#6922,0.00488877966416703);
#231=CIRCLE('',#6924,0.002);
#232=CIRCLE('',#6925,0.002);
#233=CIRCLE('',#6927,0.001);
#234=CIRCLE('',#6928,0.001);
#235=CIRCLE('',#6930,0.005);
#236=CIRCLE('',#6931,0.005);
#237=CIRCLE('',#6933,0.0076);
#238=CIRCLE('',#6934,0.003);
#239=CIRCLE('',#6935,0.003);
#240=CIRCLE('',#6937,0.0021);
#241=CIRCLE('',#6938,0.0021);
#242=CIRCLE('',#6940,0.0021);
#243=CIRCLE('',#6941,0.0021);
#244=CIRCLE('',#6944,0.005);
#245=CIRCLE('',#6945,0.005);
#246=CIRCLE('',#6948,0.0076);
#247=CIRCLE('',#6950,0.0025);
#248=CIRCLE('',#6967,0.003);
#249=CIRCLE('',#6968,0.003);
#250=CIRCLE('',#6981,0.003);
#251=CIRCLE('',#6983,0.003);
#252=CIRCLE('',#6985,0.003);
#253=CIRCLE('',#6986,0.003);
#254=CIRCLE('',#6988,0.003);
#255=CIRCLE('',#6989,0.003);
#256=CIRCLE('',#6990,0.002);
#257=CIRCLE('',#6991,0.002);
#258=CIRCLE('',#6993,0.002);
#259=CIRCLE('',#6995,0.002);
#260=CIRCLE('',#6997,0.002);
#261=CIRCLE('',#6999,0.002);
#262=CIRCLE('',#7001,0.002);
#263=CIRCLE('',#7003,0.002);
#264=CIRCLE('',#7005,0.002);
#265=CIRCLE('',#7007,0.002);
#266=CIRCLE('',#7009,0.002);
#267=CIRCLE('',#7011,0.002);
#268=CIRCLE('',#7013,0.002);
#269=CIRCLE('',#7015,0.002);
#270=CIRCLE('',#7017,0.002);
#271=CIRCLE('',#7019,0.002);
#272=CIRCLE('',#7021,0.002);
#273=CIRCLE('',#7022,0.002);
#274=CIRCLE('',#7026,0.00685691646152608);
#275=CIRCLE('',#7028,0.00789374993550457);
#276=CIRCLE('',#7069,0.0057040060890876);
#277=CIRCLE('',#7071,0.00528428884847649);
#278=CIRCLE('',#7073,0.00531163364051564);
#279=CIRCLE('',#7098,0.0462815748853679);
#280=CIRCLE('',#7108,0.0185414272006958);
#281=CIRCLE('',#7110,0.0023200359451079);
#282=CIRCLE('',#7123,0.00488877966416703);
#283=CIRCLE('',#7125,0.00496763266750702);
#284=CIRCLE('',#7152,0.0057089801442427);
#285=CIRCLE('',#7169,0.00207337405716458);
#286=CIRCLE('',#7193,0.0121517742543753);
#287=CIRCLE('',#7194,0.0121517742543753);
#288=CIRCLE('',#7196,0.0156081504807003);
#289=CIRCLE('',#7197,0.0156081504807003);
#290=B_SPLINE_CURVE_WITH_KNOTS('',2,(#8425,#8426,#8427),.UNSPECIFIED.,.F.,
 .F.,(3,3),(0.,1.),.UNSPECIFIED.);
#291=B_SPLINE_CURVE_WITH_KNOTS('',2,(#8436,#8437,#8438),.UNSPECIFIED.,.F.,
 .F.,(3,3),(0.,1.),.UNSPECIFIED.);
#292=B_SPLINE_CURVE_WITH_KNOTS('',2,(#8440,#8441,#8442),.UNSPECIFIED.,.F.,
 .F.,(3,3),(0.,1.),.UNSPECIFIED.);
#293=B_SPLINE_CURVE_WITH_KNOTS('',2,(#8444,#8445,#8446),.UNSPECIFIED.,.F.,
 .F.,(3,3),(0.,1.),.UNSPECIFIED.);
#294=B_SPLINE_CURVE_WITH_KNOTS('',2,(#8448,#8449,#8450),.UNSPECIFIED.,.F.,
 .F.,(3,3),(0.,1.),.UNSPECIFIED.);
#295=B_SPLINE_CURVE_WITH_KNOTS('',2,(#8458,#8459,#8460),.UNSPECIFIED.,.F.,
 .F.,(3,3),(0.,1.),.UNSPECIFIED.);
#296=B_SPLINE_CURVE_WITH_KNOTS('',2,(#8462,#8463,#8464),.UNSPECIFIED.,.F.,
 .F.,(3,3),(0.,1.),.UNSPECIFIED.);
#297=B_SPLINE_CURVE_WITH_KNOTS('',2,(#8466,#8467,#8468),.UNSPECIFIED.,.F.,
 .F.,(3,3),(0.,1.),.UNSPECIFIED.);
#298=B_SPLINE_CURVE_WITH_KNOTS('',2,(#8470,#8471,#8472),.UNSPECIFIED.,.F.,
 .F.,(3,3),(0.,1.),.UNSPECIFIED.);
#299=B_SPLINE_CURVE_WITH_KNOTS('',2,(#8488,#8489,#8490),.UNSPECIFIED.,.F.,
 .F.,(3,3),(0.,1.),.UNSPECIFIED.);
#300=B_SPLINE_CURVE_WITH_KNOTS('',2,(#8492,#8493,#8494),.UNSPECIFIED.,.F.,
 .F.,(3,3),(0.,1.),.UNSPECIFIED.);
#301=B_SPLINE_CURVE_WITH_KNOTS('',2,(#8498,#8499,#8500),.UNSPECIFIED.,.F.,
 .F.,(3,3),(0.,1.),.UNSPECIFIED.);
#302=B_SPLINE_CURVE_WITH_KNOTS('',2,(#8502,#8503,#8504),.UNSPECIFIED.,.F.,
 .F.,(3,3),(0.,1.),.UNSPECIFIED.);
#303=B_SPLINE_CURVE_WITH_KNOTS('',2,(#8506,#8507,#8508),.UNSPECIFIED.,.F.,
 .F.,(3,3),(0.,1.),.UNSPECIFIED.);
#304=B_SPLINE_CURVE_WITH_KNOTS('',2,(#8509,#8510,#8511),.UNSPECIFIED.,.F.,
 .F.,(3,3),(0.,1.),.UNSPECIFIED.);
#305=B_SPLINE_CURVE_WITH_KNOTS('',2,(#8518,#8519,#8520),.UNSPECIFIED.,.F.,
 .F.,(3,3),(0.,1.),.UNSPECIFIED.);
#306=B_SPLINE_CURVE_WITH_KNOTS('',2,(#8522,#8523,#8524),.UNSPECIFIED.,.F.,
 .F.,(3,3),(0.,1.),.UNSPECIFIED.);
#307=B_SPLINE_CURVE_WITH_KNOTS('',2,(#8526,#8527,#8528),.UNSPECIFIED.,.F.,
 .F.,(3,3),(0.,1.),.UNSPECIFIED.);
#308=B_SPLINE_CURVE_WITH_KNOTS('',2,(#8530,#8531,#8532),.UNSPECIFIED.,.F.,
 .F.,(3,3),(0.,1.),.UNSPECIFIED.);
#309=B_SPLINE_CURVE_WITH_KNOTS('',2,(#8534,#8535,#8536),.UNSPECIFIED.,.F.,
 .F.,(3,3),(0.,1.),.UNSPECIFIED.);
#310=B_SPLINE_CURVE_WITH_KNOTS('',2,(#8538,#8539,#8540),.UNSPECIFIED.,.F.,
 .F.,(3,3),(0.,1.),.UNSPECIFIED.);
#311=B_SPLINE_CURVE_WITH_KNOTS('',2,(#8542,#8543,#8544),.UNSPECIFIED.,.F.,
 .F.,(3,3),(0.,1.),.UNSPECIFIED.);
#312=B_SPLINE_CURVE_WITH_KNOTS('',2,(#8550,#8551,#8552),.UNSPECIFIED.,.F.,
 .F.,(3,3),(0.,1.),.UNSPECIFIED.);
#313=B_SPLINE_CURVE_WITH_KNOTS('',2,(#8554,#8555,#8556),.UNSPECIFIED.,.F.,
 .F.,(3,3),(0.,1.),.UNSPECIFIED.);
#314=B_SPLINE_CURVE_WITH_KNOTS('',2,(#8568,#8569,#8570),.UNSPECIFIED.,.F.,
 .F.,(3,3),(0.,1.),.UNSPECIFIED.);
#315=B_SPLINE_CURVE_WITH_KNOTS('',2,(#8572,#8573,#8574),.UNSPECIFIED.,.F.,
 .F.,(3,3),(0.,1.),.UNSPECIFIED.);
#316=B_SPLINE_CURVE_WITH_KNOTS('',2,(#8576,#8577,#8578),.UNSPECIFIED.,.F.,
 .F.,(3,3),(0.,1.),.UNSPECIFIED.);
#317=B_SPLINE_CURVE_WITH_KNOTS('',2,(#8580,#8581,#8582),.UNSPECIFIED.,.F.,
 .F.,(3,3),(0.,1.),.UNSPECIFIED.);
#318=B_SPLINE_CURVE_WITH_KNOTS('',2,(#8584,#8585,#8586),.UNSPECIFIED.,.F.,
 .F.,(3,3),(0.,1.),.UNSPECIFIED.);
#319=B_SPLINE_CURVE_WITH_KNOTS('',2,(#8588,#8589,#8590),.UNSPECIFIED.,.F.,
 .F.,(3,3),(0.,1.),.UNSPECIFIED.);
#320=B_SPLINE_CURVE_WITH_KNOTS('',2,(#8616,#8617,#8618),.UNSPECIFIED.,.F.,
 .F.,(3,3),(0.,1.),.UNSPECIFIED.);
#321=B_SPLINE_CURVE_WITH_KNOTS('',2,(#8620,#8621,#8622),.UNSPECIFIED.,.F.,
 .F.,(3,3),(0.,1.),.UNSPECIFIED.);
#322=B_SPLINE_CURVE_WITH_KNOTS('',2,(#8624,#8625,#8626),.UNSPECIFIED.,.F.,
 .F.,(3,3),(0.,1.),.UNSPECIFIED.);
#323=B_SPLINE_CURVE_WITH_KNOTS('',2,(#8628,#8629,#8630),.UNSPECIFIED.,.F.,
 .F.,(3,3),(0.,1.),.UNSPECIFIED.);
#324=B_SPLINE_CURVE_WITH_KNOTS('',2,(#8632,#8633,#8634),.UNSPECIFIED.,.F.,
 .F.,(3,3),(0.,1.),.UNSPECIFIED.);
#325=B_SPLINE_CURVE_WITH_KNOTS('',2,(#8636,#8637,#8638),.UNSPECIFIED.,.F.,
 .F.,(3,3),(0.,1.),.UNSPECIFIED.);
#326=B_SPLINE_CURVE_WITH_KNOTS('',2,(#8666,#8667,#8668),.UNSPECIFIED.,.F.,
 .F.,(3,3),(0.,1.),.UNSPECIFIED.);
#327=B_SPLINE_CURVE_WITH_KNOTS('',2,(#8691,#8692,#8693),.UNSPECIFIED.,.F.,
 .F.,(3,3),(0.,1.),.UNSPECIFIED.);
#328=B_SPLINE_CURVE_WITH_KNOTS('',2,(#8698,#8699,#8700),.UNSPECIFIED.,.F.,
 .F.,(3,3),(0.,1.),.UNSPECIFIED.);
#329=B_SPLINE_CURVE_WITH_KNOTS('',2,(#8702,#8703,#8704),.UNSPECIFIED.,.F.,
 .F.,(3,3),(0.,1.),.UNSPECIFIED.);
#330=B_SPLINE_CURVE_WITH_KNOTS('',2,(#8706,#8707,#8708),.UNSPECIFIED.,.F.,
 .F.,(3,3),(0.,1.),.UNSPECIFIED.);
#331=B_SPLINE_CURVE_WITH_KNOTS('',2,(#8710,#8711,#8712),.UNSPECIFIED.,.F.,
 .F.,(3,3),(0.,1.),.UNSPECIFIED.);
#332=B_SPLINE_CURVE_WITH_KNOTS('',2,(#8714,#8715,#8716),.UNSPECIFIED.,.F.,
 .F.,(3,3),(0.,1.),.UNSPECIFIED.);
#333=B_SPLINE_CURVE_WITH_KNOTS('',2,(#8718,#8719,#8720),.UNSPECIFIED.,.F.,
 .F.,(3,3),(0.,1.),.UNSPECIFIED.);
#334=B_SPLINE_CURVE_WITH_KNOTS('',2,(#8722,#8723,#8724),.UNSPECIFIED.,.F.,
 .F.,(3,3),(0.,1.),.UNSPECIFIED.);
#335=B_SPLINE_CURVE_WITH_KNOTS('',2,(#8726,#8727,#8728),.UNSPECIFIED.,.F.,
 .F.,(3,3),(0.,1.),.UNSPECIFIED.);
#336=B_SPLINE_CURVE_WITH_KNOTS('',2,(#8734,#8735,#8736),.UNSPECIFIED.,.F.,
 .F.,(3,3),(0.,1.),.UNSPECIFIED.);
#337=B_SPLINE_CURVE_WITH_KNOTS('',2,(#8738,#8739,#8740),.UNSPECIFIED.,.F.,
 .F.,(3,3),(0.,1.),.UNSPECIFIED.);
#338=B_SPLINE_CURVE_WITH_KNOTS('',2,(#8746,#8747,#8748),.UNSPECIFIED.,.F.,
 .F.,(3,3),(0.,1.),.UNSPECIFIED.);
#339=B_SPLINE_CURVE_WITH_KNOTS('',2,(#8750,#8751,#8752),.UNSPECIFIED.,.F.,
 .F.,(3,3),(0.,1.),.UNSPECIFIED.);
#340=B_SPLINE_CURVE_WITH_KNOTS('',2,(#8760,#8761,#8762),.UNSPECIFIED.,.F.,
 .F.,(3,3),(0.,1.),.UNSPECIFIED.);
#341=B_SPLINE_CURVE_WITH_KNOTS('',2,(#8766,#8767,#8768),.UNSPECIFIED.,.F.,
 .F.,(3,3),(0.,1.),.UNSPECIFIED.);
#342=B_SPLINE_CURVE_WITH_KNOTS('',2,(#8787,#8788,#8789),.UNSPECIFIED.,.F.,
 .F.,(3,3),(0.,1.),.UNSPECIFIED.);
#343=B_SPLINE_CURVE_WITH_KNOTS('',2,(#8798,#8799,#8800),.UNSPECIFIED.,.F.,
 .F.,(3,3),(0.,1.),.UNSPECIFIED.);
#344=B_SPLINE_CURVE_WITH_KNOTS('',2,(#8802,#8803,#8804),.UNSPECIFIED.,.F.,
 .F.,(3,3),(0.,1.),.UNSPECIFIED.);
#345=B_SPLINE_CURVE_WITH_KNOTS('',2,(#8806,#8807,#8808),.UNSPECIFIED.,.F.,
 .F.,(3,3),(0.,1.),.UNSPECIFIED.);
#346=B_SPLINE_CURVE_WITH_KNOTS('',2,(#8810,#8811,#8812),.UNSPECIFIED.,.F.,
 .F.,(3,3),(0.,1.),.UNSPECIFIED.);
#347=B_SPLINE_CURVE_WITH_KNOTS('',2,(#8826,#8827,#8828),.UNSPECIFIED.,.F.,
 .F.,(3,3),(0.,1.),.UNSPECIFIED.);
#348=B_SPLINE_CURVE_WITH_KNOTS('',2,(#8830,#8831,#8832),.UNSPECIFIED.,.F.,
 .F.,(3,3),(0.,1.),.UNSPECIFIED.);
#349=B_SPLINE_CURVE_WITH_KNOTS('',2,(#8834,#8835,#8836),.UNSPECIFIED.,.F.,
 .F.,(3,3),(0.,1.),.UNSPECIFIED.);
#350=B_SPLINE_CURVE_WITH_KNOTS('',2,(#8849,#8850,#8851),.UNSPECIFIED.,.F.,
 .F.,(3,3),(0.,1.),.UNSPECIFIED.);
#351=B_SPLINE_CURVE_WITH_KNOTS('',2,(#8854,#8855,#8856),.UNSPECIFIED.,.F.,
 .F.,(3,3),(0.,1.),.UNSPECIFIED.);
#352=B_SPLINE_CURVE_WITH_KNOTS('',2,(#8858,#8859,#8860),.UNSPECIFIED.,.F.,
 .F.,(3,3),(0.,1.),.UNSPECIFIED.);
#353=B_SPLINE_CURVE_WITH_KNOTS('',2,(#8862,#8863,#8864),.UNSPECIFIED.,.F.,
 .F.,(3,3),(0.,1.),.UNSPECIFIED.);
#354=B_SPLINE_CURVE_WITH_KNOTS('',2,(#8866,#8867,#8868),.UNSPECIFIED.,.F.,
 .F.,(3,3),(0.,1.),.UNSPECIFIED.);
#355=B_SPLINE_CURVE_WITH_KNOTS('',2,(#8870,#8871,#8872),.UNSPECIFIED.,.F.,
 .F.,(3,3),(0.,1.),.UNSPECIFIED.);
#356=B_SPLINE_CURVE_WITH_KNOTS('',2,(#8880,#8881,#8882),.UNSPECIFIED.,.F.,
 .F.,(3,3),(0.,1.),.UNSPECIFIED.);
#357=B_SPLINE_CURVE_WITH_KNOTS('',2,(#8884,#8885,#8886),.UNSPECIFIED.,.F.,
 .F.,(3,3),(0.,1.),.UNSPECIFIED.);
#358=B_SPLINE_CURVE_WITH_KNOTS('',2,(#8888,#8889,#8890),.UNSPECIFIED.,.F.,
 .F.,(3,3),(0.,1.),.UNSPECIFIED.);
#359=B_SPLINE_CURVE_WITH_KNOTS('',2,(#8892,#8893,#8894),.UNSPECIFIED.,.F.,
 .F.,(3,3),(0.,1.),.UNSPECIFIED.);
#360=B_SPLINE_CURVE_WITH_KNOTS('',2,(#8896,#8897,#8898),.UNSPECIFIED.,.F.,
 .F.,(3,3),(0.,1.),.UNSPECIFIED.);
#361=B_SPLINE_CURVE_WITH_KNOTS('',2,(#8900,#8901,#8902),.UNSPECIFIED.,.F.,
 .F.,(3,3),(0.,1.),.UNSPECIFIED.);
#362=B_SPLINE_CURVE_WITH_KNOTS('',2,(#8904,#8905,#8906),.UNSPECIFIED.,.F.,
 .F.,(3,3),(0.,1.),.UNSPECIFIED.);
#363=B_SPLINE_CURVE_WITH_KNOTS('',2,(#8908,#8909,#8910),.UNSPECIFIED.,.F.,
 .F.,(3,3),(0.,1.),.UNSPECIFIED.);
#364=B_SPLINE_CURVE_WITH_KNOTS('',2,(#8912,#8913,#8914),.UNSPECIFIED.,.F.,
 .F.,(3,3),(0.,1.),.UNSPECIFIED.);
#365=B_SPLINE_CURVE_WITH_KNOTS('',2,(#8916,#8917,#8918),.UNSPECIFIED.,.F.,
 .F.,(3,3),(0.,1.),.UNSPECIFIED.);
#366=B_SPLINE_CURVE_WITH_KNOTS('',2,(#8922,#8923,#8924),.UNSPECIFIED.,.F.,
 .F.,(3,3),(0.,1.),.UNSPECIFIED.);
#367=B_SPLINE_CURVE_WITH_KNOTS('',2,(#8926,#8927,#8928),.UNSPECIFIED.,.F.,
 .F.,(3,3),(0.,1.),.UNSPECIFIED.);
#368=B_SPLINE_CURVE_WITH_KNOTS('',2,(#8930,#8931,#8932),.UNSPECIFIED.,.F.,
 .F.,(3,3),(0.,1.),.UNSPECIFIED.);
#369=B_SPLINE_CURVE_WITH_KNOTS('',2,(#8934,#8935,#8936),.UNSPECIFIED.,.F.,
 .F.,(3,3),(0.,1.),.UNSPECIFIED.);
#370=B_SPLINE_CURVE_WITH_KNOTS('',2,(#8938,#8939,#8940),.UNSPECIFIED.,.F.,
 .F.,(3,3),(0.,1.),.UNSPECIFIED.);
#371=B_SPLINE_CURVE_WITH_KNOTS('',2,(#8941,#8942,#8943),.UNSPECIFIED.,.F.,
 .F.,(3,3),(0.,1.),.UNSPECIFIED.);
#372=B_SPLINE_CURVE_WITH_KNOTS('',2,(#8948,#8949,#8950),.UNSPECIFIED.,.F.,
 .F.,(3,3),(0.,1.),.UNSPECIFIED.);
#373=B_SPLINE_CURVE_WITH_KNOTS('',2,(#8952,#8953,#8954),.UNSPECIFIED.,.F.,
 .F.,(3,3),(0.,1.),.UNSPECIFIED.);
#374=B_SPLINE_CURVE_WITH_KNOTS('',2,(#8956,#8957,#8958),.UNSPECIFIED.,.F.,
 .F.,(3,3),(0.,1.),.UNSPECIFIED.);
#375=B_SPLINE_CURVE_WITH_KNOTS('',2,(#8960,#8961,#8962),.UNSPECIFIED.,.F.,
 .F.,(3,3),(0.,1.),.UNSPECIFIED.);
#376=B_SPLINE_CURVE_WITH_KNOTS('',2,(#8964,#8965,#8966),.UNSPECIFIED.,.F.,
 .F.,(3,3),(0.,1.),.UNSPECIFIED.);
#377=B_SPLINE_CURVE_WITH_KNOTS('',2,(#8968,#8969,#8970),.UNSPECIFIED.,.F.,
 .F.,(3,3),(0.,1.),.UNSPECIFIED.);
#378=B_SPLINE_CURVE_WITH_KNOTS('',2,(#8972,#8973,#8974),.UNSPECIFIED.,.F.,
 .F.,(3,3),(0.,1.),.UNSPECIFIED.);
#379=B_SPLINE_CURVE_WITH_KNOTS('',2,(#8976,#8977,#8978),.UNSPECIFIED.,.F.,
 .F.,(3,3),(0.,1.),.UNSPECIFIED.);
#380=B_SPLINE_CURVE_WITH_KNOTS('',2,(#8984,#8985,#8986),.UNSPECIFIED.,.F.,
 .F.,(3,3),(0.,1.),.UNSPECIFIED.);
#381=B_SPLINE_CURVE_WITH_KNOTS('',2,(#8988,#8989,#8990),.UNSPECIFIED.,.F.,
 .F.,(3,3),(0.,1.),.UNSPECIFIED.);
#382=B_SPLINE_CURVE_WITH_KNOTS('',2,(#8991,#8992,#8993),.UNSPECIFIED.,.F.,
 .F.,(3,3),(0.,1.),.UNSPECIFIED.);
#383=B_SPLINE_CURVE_WITH_KNOTS('',2,(#9002,#9003,#9004),.UNSPECIFIED.,.F.,
 .F.,(3,3),(0.,1.),.UNSPECIFIED.);
#384=B_SPLINE_CURVE_WITH_KNOTS('',2,(#9006,#9007,#9008),.UNSPECIFIED.,.F.,
 .F.,(3,3),(0.,1.),.UNSPECIFIED.);
#385=B_SPLINE_CURVE_WITH_KNOTS('',2,(#9010,#9011,#9012),.UNSPECIFIED.,.F.,
 .F.,(3,3),(0.,1.),.UNSPECIFIED.);
#386=B_SPLINE_CURVE_WITH_KNOTS('',2,(#9014,#9015,#9016),.UNSPECIFIED.,.F.,
 .F.,(3,3),(0.,1.),.UNSPECIFIED.);
#387=B_SPLINE_CURVE_WITH_KNOTS('',2,(#9028,#9029,#9030),.UNSPECIFIED.,.F.,
 .F.,(3,3),(0.,1.),.UNSPECIFIED.);
#388=B_SPLINE_CURVE_WITH_KNOTS('',2,(#9034,#9035,#9036),.UNSPECIFIED.,.F.,
 .F.,(3,3),(0.,1.),.UNSPECIFIED.);
#389=B_SPLINE_CURVE_WITH_KNOTS('',2,(#9038,#9039,#9040),.UNSPECIFIED.,.F.,
 .F.,(3,3),(0.,1.),.UNSPECIFIED.);
#390=B_SPLINE_CURVE_WITH_KNOTS('',2,(#9042,#9043,#9044),.UNSPECIFIED.,.F.,
 .F.,(3,3),(0.,1.),.UNSPECIFIED.);
#391=B_SPLINE_CURVE_WITH_KNOTS('',2,(#9045,#9046,#9047),.UNSPECIFIED.,.F.,
 .F.,(3,3),(0.,1.),.UNSPECIFIED.);
#392=B_SPLINE_CURVE_WITH_KNOTS('',2,(#9058,#9059,#9060),.UNSPECIFIED.,.F.,
 .F.,(3,3),(0.,1.),.UNSPECIFIED.);
#393=B_SPLINE_CURVE_WITH_KNOTS('',2,(#9062,#9063,#9064),.UNSPECIFIED.,.F.,
 .F.,(3,3),(0.,1.),.UNSPECIFIED.);
#394=B_SPLINE_CURVE_WITH_KNOTS('',2,(#9066,#9067,#9068),.UNSPECIFIED.,.F.,
 .F.,(3,3),(0.,1.),.UNSPECIFIED.);
#395=B_SPLINE_CURVE_WITH_KNOTS('',2,(#9070,#9071,#9072),.UNSPECIFIED.,.F.,
 .F.,(3,3),(0.,1.),.UNSPECIFIED.);
#396=B_SPLINE_CURVE_WITH_KNOTS('',2,(#9074,#9075,#9076),.UNSPECIFIED.,.F.,
 .F.,(3,3),(0.,1.),.UNSPECIFIED.);
#397=B_SPLINE_CURVE_WITH_KNOTS('',2,(#9082,#9083,#9084),.UNSPECIFIED.,.F.,
 .F.,(3,3),(0.,1.),.UNSPECIFIED.);
#398=B_SPLINE_CURVE_WITH_KNOTS('',2,(#9086,#9087,#9088),.UNSPECIFIED.,.F.,
 .F.,(3,3),(0.,1.),.UNSPECIFIED.);
#399=B_SPLINE_CURVE_WITH_KNOTS('',2,(#9090,#9091,#9092),.UNSPECIFIED.,.F.,
 .F.,(3,3),(0.,1.),.UNSPECIFIED.);
#400=B_SPLINE_CURVE_WITH_KNOTS('',2,(#9100,#9101,#9102),.UNSPECIFIED.,.F.,
 .F.,(3,3),(0.,1.),.UNSPECIFIED.);
#401=B_SPLINE_CURVE_WITH_KNOTS('',2,(#9103,#9104,#9105),.UNSPECIFIED.,.F.,
 .F.,(3,3),(0.,1.),.UNSPECIFIED.);
#402=B_SPLINE_CURVE_WITH_KNOTS('',2,(#9114,#9115,#9116),.UNSPECIFIED.,.F.,
 .F.,(3,3),(0.,1.),.UNSPECIFIED.);
#403=B_SPLINE_CURVE_WITH_KNOTS('',2,(#9118,#9119,#9120),.UNSPECIFIED.,.F.,
 .F.,(3,3),(0.,1.),.UNSPECIFIED.);
#404=B_SPLINE_CURVE_WITH_KNOTS('',2,(#9122,#9123,#9124),.UNSPECIFIED.,.F.,
 .F.,(3,3),(0.,1.),.UNSPECIFIED.);
#405=B_SPLINE_CURVE_WITH_KNOTS('',2,(#9126,#9127,#9128),.UNSPECIFIED.,.F.,
 .F.,(3,3),(0.,1.),.UNSPECIFIED.);
#406=B_SPLINE_CURVE_WITH_KNOTS('',2,(#9140,#9141,#9142),.UNSPECIFIED.,.F.,
 .F.,(3,3),(0.,1.),.UNSPECIFIED.);
#407=B_SPLINE_CURVE_WITH_KNOTS('',2,(#9146,#9147,#9148),.UNSPECIFIED.,.F.,
 .F.,(3,3),(0.,1.),.UNSPECIFIED.);
#408=B_SPLINE_CURVE_WITH_KNOTS('',2,(#9150,#9151,#9152),.UNSPECIFIED.,.F.,
 .F.,(3,3),(0.,1.),.UNSPECIFIED.);
#409=B_SPLINE_CURVE_WITH_KNOTS('',2,(#9154,#9155,#9156),.UNSPECIFIED.,.F.,
 .F.,(3,3),(0.,1.),.UNSPECIFIED.);
#410=B_SPLINE_CURVE_WITH_KNOTS('',3,(#9200,#9201,#9202,#9203,#9204,#9205,
#9206,#9207,#9208,#9209,#9210),.UNSPECIFIED.,.T.,.F.,(1,1,1,1,1,1,1,1,1,
1,1,1,1,1,1),(-0.00589241563613519,-0.00392827709075679,-0.00196413854537839,
1.77538105744501E-18,0.0019641385453784,0.0039282770907568,0.0058924156361352,
0.0078565541815136,0.00982069272689199,0.0117848312722704,0.0137489698176488,
0.0157131083630272,0.0176772469084056,0.019641385453784,0.0216055239991624),
 .UNSPECIFIED.);
#411=B_SPLINE_CURVE_WITH_KNOTS('',2,(#9516,#9517,#9518),.UNSPECIFIED.,.F.,
 .F.,(3,3),(0.,1.),.UNSPECIFIED.);
#412=B_SPLINE_CURVE_WITH_KNOTS('',2,(#9531,#9532,#9533),.UNSPECIFIED.,.F.,
 .F.,(3,3),(0.,1.),.UNSPECIFIED.);
#413=B_SPLINE_CURVE_WITH_KNOTS('',2,(#9544,#9545,#9546),.UNSPECIFIED.,.F.,
 .F.,(3,3),(0.,1.),.UNSPECIFIED.);
#414=B_SPLINE_CURVE_WITH_KNOTS('',2,(#9557,#9558,#9559),.UNSPECIFIED.,.F.,
 .F.,(3,3),(0.,1.),.UNSPECIFIED.);
#415=B_SPLINE_CURVE_WITH_KNOTS('',2,(#9570,#9571,#9572),.UNSPECIFIED.,.F.,
 .F.,(3,3),(0.,1.),.UNSPECIFIED.);
#416=B_SPLINE_CURVE_WITH_KNOTS('',2,(#9581,#9582,#9583),.UNSPECIFIED.,.F.,
 .F.,(3,3),(0.,1.),.UNSPECIFIED.);
#417=B_SPLINE_CURVE_WITH_KNOTS('',2,(#9594,#9595,#9596),.UNSPECIFIED.,.F.,
 .F.,(3,3),(0.,1.),.UNSPECIFIED.);
#418=B_SPLINE_CURVE_WITH_KNOTS('',2,(#9607,#9608,#9609),.UNSPECIFIED.,.F.,
 .F.,(3,3),(0.,1.),.UNSPECIFIED.);
#419=B_SPLINE_CURVE_WITH_KNOTS('',2,(#9620,#9621,#9622),.UNSPECIFIED.,.F.,
 .F.,(3,3),(0.,1.),.UNSPECIFIED.);
#420=B_SPLINE_CURVE_WITH_KNOTS('',2,(#9633,#9634,#9635),.UNSPECIFIED.,.F.,
 .F.,(3,3),(0.,1.),.UNSPECIFIED.);
#421=B_SPLINE_CURVE_WITH_KNOTS('',2,(#9646,#9647,#9648),.UNSPECIFIED.,.F.,
 .F.,(3,3),(0.,1.),.UNSPECIFIED.);
#422=B_SPLINE_CURVE_WITH_KNOTS('',2,(#9659,#9660,#9661),.UNSPECIFIED.,.F.,
 .F.,(3,3),(0.,1.),.UNSPECIFIED.);
#423=B_SPLINE_CURVE_WITH_KNOTS('',2,(#9672,#9673,#9674),.UNSPECIFIED.,.F.,
 .F.,(3,3),(0.,1.),.UNSPECIFIED.);
#424=B_SPLINE_CURVE_WITH_KNOTS('',2,(#9685,#9686,#9687),.UNSPECIFIED.,.F.,
 .F.,(3,3),(0.,1.),.UNSPECIFIED.);
#425=B_SPLINE_CURVE_WITH_KNOTS('',2,(#9698,#9699,#9700),.UNSPECIFIED.,.F.,
 .F.,(3,3),(0.,1.),.UNSPECIFIED.);
#426=B_SPLINE_CURVE_WITH_KNOTS('',2,(#9711,#9712,#9713),.UNSPECIFIED.,.F.,
 .F.,(3,3),(0.,1.),.UNSPECIFIED.);
#427=B_SPLINE_CURVE_WITH_KNOTS('',2,(#9730,#9731,#9732),.UNSPECIFIED.,.F.,
 .F.,(3,3),(0.,1.),.UNSPECIFIED.);
#428=B_SPLINE_CURVE_WITH_KNOTS('',2,(#9743,#9744,#9745),.UNSPECIFIED.,.F.,
 .F.,(3,3),(0.,1.),.UNSPECIFIED.);
#429=B_SPLINE_CURVE_WITH_KNOTS('',2,(#9756,#9757,#9758),.UNSPECIFIED.,.F.,
 .F.,(3,3),(0.,1.),.UNSPECIFIED.);
#430=B_SPLINE_CURVE_WITH_KNOTS('',2,(#9769,#9770,#9771),.UNSPECIFIED.,.F.,
 .F.,(3,3),(0.,1.),.UNSPECIFIED.);
#431=B_SPLINE_CURVE_WITH_KNOTS('',2,(#9780,#9781,#9782),.UNSPECIFIED.,.F.,
 .F.,(3,3),(0.,1.),.UNSPECIFIED.);
#432=B_SPLINE_CURVE_WITH_KNOTS('',2,(#9834,#9835,#9836),.UNSPECIFIED.,.F.,
 .F.,(3,3),(0.,1.),.UNSPECIFIED.);
#433=B_SPLINE_CURVE_WITH_KNOTS('',2,(#9847,#9848,#9849),.UNSPECIFIED.,.F.,
 .F.,(3,3),(0.,1.),.UNSPECIFIED.);
#434=B_SPLINE_CURVE_WITH_KNOTS('',2,(#9860,#9861,#9862),.UNSPECIFIED.,.F.,
 .F.,(3,3),(0.,1.),.UNSPECIFIED.);
#435=B_SPLINE_CURVE_WITH_KNOTS('',2,(#9871,#9872,#9873),.UNSPECIFIED.,.F.,
 .F.,(3,3),(0.,1.),.UNSPECIFIED.);
#436=B_SPLINE_CURVE_WITH_KNOTS('',2,(#9884,#9885,#9886),.UNSPECIFIED.,.F.,
 .F.,(3,3),(0.,1.),.UNSPECIFIED.);
#437=B_SPLINE_CURVE_WITH_KNOTS('',2,(#9897,#9898,#9899),.UNSPECIFIED.,.F.,
 .F.,(3,3),(0.,1.),.UNSPECIFIED.);
#438=B_SPLINE_CURVE_WITH_KNOTS('',2,(#9910,#9911,#9912),.UNSPECIFIED.,.F.,
 .F.,(3,3),(0.,1.),.UNSPECIFIED.);
#439=B_SPLINE_CURVE_WITH_KNOTS('',2,(#9921,#9922,#9923),.UNSPECIFIED.,.F.,
 .F.,(3,3),(0.,1.),.UNSPECIFIED.);
#440=B_SPLINE_CURVE_WITH_KNOTS('',2,(#9960,#9961,#9962),.UNSPECIFIED.,.F.,
 .F.,(3,3),(0.,1.),.UNSPECIFIED.);
#441=B_SPLINE_CURVE_WITH_KNOTS('',2,(#9973,#9974,#9975),.UNSPECIFIED.,.F.,
 .F.,(3,3),(0.,1.),.UNSPECIFIED.);
#442=B_SPLINE_CURVE_WITH_KNOTS('',2,(#9984,#9985,#9986),.UNSPECIFIED.,.F.,
 .F.,(3,3),(0.,1.),.UNSPECIFIED.);
#443=B_SPLINE_CURVE_WITH_KNOTS('',2,(#9997,#9998,#9999),.UNSPECIFIED.,.F.,
 .F.,(3,3),(0.,1.),.UNSPECIFIED.);
#444=B_SPLINE_CURVE_WITH_KNOTS('',2,(#10010,#10011,#10012),
 .UNSPECIFIED.,.F.,.F.,(3,3),(0.,1.),.UNSPECIFIED.);
#445=B_SPLINE_CURVE_WITH_KNOTS('',2,(#10023,#10024,#10025),
 .UNSPECIFIED.,.F.,.F.,(3,3),(0.,1.),.UNSPECIFIED.);
#446=B_SPLINE_CURVE_WITH_KNOTS('',2,(#10036,#10037,#10038),
 .UNSPECIFIED.,.F.,.F.,(3,3),(0.,1.),.UNSPECIFIED.);
#447=B_SPLINE_CURVE_WITH_KNOTS('',2,(#10049,#10050,#10051),
 .UNSPECIFIED.,.F.,.F.,(3,3),(0.,1.),.UNSPECIFIED.);
#448=B_SPLINE_CURVE_WITH_KNOTS('',2,(#10062,#10063,#10064),
 .UNSPECIFIED.,.F.,.F.,(3,3),(0.,1.),.UNSPECIFIED.);
#449=B_SPLINE_CURVE_WITH_KNOTS('',2,(#10075,#10076,#10077),
 .UNSPECIFIED.,.F.,.F.,(3,3),(0.,1.),.UNSPECIFIED.);
#450=B_SPLINE_CURVE_WITH_KNOTS('',2,(#10086,#10087,#10088),
 .UNSPECIFIED.,.F.,.F.,(3,3),(0.,1.),.UNSPECIFIED.);
#451=B_SPLINE_CURVE_WITH_KNOTS('',2,(#10092,#10093,#10094),
 .UNSPECIFIED.,.F.,.F.,(3,3),(0.,1.),.UNSPECIFIED.);
#452=B_SPLINE_CURVE_WITH_KNOTS('',2,(#10103,#10104,#10105),
 .UNSPECIFIED.,.F.,.F.,(3,3),(0.,1.),.UNSPECIFIED.);
#453=B_SPLINE_CURVE_WITH_KNOTS('',2,(#10109,#10110,#10111),
 .UNSPECIFIED.,.F.,.F.,(3,3),(0.,1.),.UNSPECIFIED.);
#454=B_SPLINE_CURVE_WITH_KNOTS('',2,(#10120,#10121,#10122),
 .UNSPECIFIED.,.F.,.F.,(3,3),(0.,1.),.UNSPECIFIED.);
#455=B_SPLINE_CURVE_WITH_KNOTS('',2,(#10126,#10127,#10128),
 .UNSPECIFIED.,.F.,.F.,(3,3),(0.,1.),.UNSPECIFIED.);
#456=B_SPLINE_CURVE_WITH_KNOTS('',2,(#10137,#10138,#10139),
 .UNSPECIFIED.,.F.,.F.,(3,3),(0.,1.),.UNSPECIFIED.);
#457=B_SPLINE_CURVE_WITH_KNOTS('',2,(#10140,#10141,#10142),
 .UNSPECIFIED.,.F.,.F.,(3,3),(0.,1.),.UNSPECIFIED.);
#458=B_SPLINE_CURVE_WITH_KNOTS('',2,(#10151,#10152,#10153),
 .UNSPECIFIED.,.F.,.F.,(3,3),(0.,1.),.UNSPECIFIED.);
#459=B_SPLINE_CURVE_WITH_KNOTS('',2,(#10208,#10209,#10210),
 .UNSPECIFIED.,.F.,.F.,(3,3),(0.,1.),.UNSPECIFIED.);
#460=B_SPLINE_CURVE_WITH_KNOTS('',2,(#10221,#10222,#10223),
 .UNSPECIFIED.,.F.,.F.,(3,3),(0.,1.),.UNSPECIFIED.);
#461=B_SPLINE_CURVE_WITH_KNOTS('',2,(#10234,#10235,#10236),
 .UNSPECIFIED.,.F.,.F.,(3,3),(0.,1.),.UNSPECIFIED.);
#462=B_SPLINE_CURVE_WITH_KNOTS('',2,(#10245,#10246,#10247),
 .UNSPECIFIED.,.F.,.F.,(3,3),(0.,1.),.UNSPECIFIED.);
#463=B_SPLINE_CURVE_WITH_KNOTS('',2,(#10256,#10257,#10258),
 .UNSPECIFIED.,.F.,.F.,(3,3),(0.,1.),.UNSPECIFIED.);
#464=B_SPLINE_CURVE_WITH_KNOTS('',2,(#10269,#10270,#10271),
 .UNSPECIFIED.,.F.,.F.,(3,3),(0.,1.),.UNSPECIFIED.);
#465=B_SPLINE_CURVE_WITH_KNOTS('',2,(#10282,#10283,#10284),
 .UNSPECIFIED.,.F.,.F.,(3,3),(0.,1.),.UNSPECIFIED.);
#466=B_SPLINE_CURVE_WITH_KNOTS('',2,(#10295,#10296,#10297),
 .UNSPECIFIED.,.F.,.F.,(3,3),(0.,1.),.UNSPECIFIED.);
#467=B_SPLINE_CURVE_WITH_KNOTS('',2,(#10306,#10307,#10308),
 .UNSPECIFIED.,.F.,.F.,(3,3),(0.,1.),.UNSPECIFIED.);
#468=B_SPLINE_CURVE_WITH_KNOTS('',2,(#10372,#10373,#10374),
 .UNSPECIFIED.,.F.,.F.,(3,3),(0.,1.),.UNSPECIFIED.);
#469=B_SPLINE_CURVE_WITH_KNOTS('',2,(#10387,#10388,#10389),
 .UNSPECIFIED.,.F.,.F.,(3,3),(0.,1.),.UNSPECIFIED.);
#470=B_SPLINE_CURVE_WITH_KNOTS('',2,(#10408,#10409,#10410),
 .UNSPECIFIED.,.F.,.F.,(3,3),(0.,1.),.UNSPECIFIED.);
#471=B_SPLINE_CURVE_WITH_KNOTS('',2,(#10419,#10420,#10421),
 .UNSPECIFIED.,.F.,.F.,(3,3),(0.,1.),.UNSPECIFIED.);
#472=B_SPLINE_CURVE_WITH_KNOTS('',2,(#10458,#10459,#10460),
 .UNSPECIFIED.,.F.,.F.,(3,3),(0.,1.),.UNSPECIFIED.);
#473=B_SPLINE_CURVE_WITH_KNOTS('',2,(#10471,#10472,#10473),
 .UNSPECIFIED.,.F.,.F.,(3,3),(0.,1.),.UNSPECIFIED.);
#474=B_SPLINE_CURVE_WITH_KNOTS('',2,(#10482,#10483,#10484),
 .UNSPECIFIED.,.F.,.F.,(3,3),(0.,1.),.UNSPECIFIED.);
#475=B_SPLINE_CURVE_WITH_KNOTS('',2,(#10495,#10496,#10497),
 .UNSPECIFIED.,.F.,.F.,(3,3),(0.,1.),.UNSPECIFIED.);
#476=B_SPLINE_CURVE_WITH_KNOTS('',2,(#10508,#10509,#10510),
 .UNSPECIFIED.,.F.,.F.,(3,3),(0.,1.),.UNSPECIFIED.);
#477=B_SPLINE_CURVE_WITH_KNOTS('',2,(#10521,#10522,#10523),
 .UNSPECIFIED.,.F.,.F.,(3,3),(0.,1.),.UNSPECIFIED.);
#478=B_SPLINE_CURVE_WITH_KNOTS('',2,(#10534,#10535,#10536),
 .UNSPECIFIED.,.F.,.F.,(3,3),(0.,1.),.UNSPECIFIED.);
#479=B_SPLINE_CURVE_WITH_KNOTS('',2,(#10547,#10548,#10549),
 .UNSPECIFIED.,.F.,.F.,(3,3),(0.,1.),.UNSPECIFIED.);
#480=B_SPLINE_CURVE_WITH_KNOTS('',2,(#10560,#10561,#10562),
 .UNSPECIFIED.,.F.,.F.,(3,3),(0.,1.),.UNSPECIFIED.);
#481=B_SPLINE_CURVE_WITH_KNOTS('',2,(#10573,#10574,#10575),
 .UNSPECIFIED.,.F.,.F.,(3,3),(0.,1.),.UNSPECIFIED.);
#482=B_SPLINE_CURVE_WITH_KNOTS('',2,(#10584,#10585,#10586),
 .UNSPECIFIED.,.F.,.F.,(3,3),(0.,1.),.UNSPECIFIED.);
#483=B_SPLINE_CURVE_WITH_KNOTS('',2,(#10590,#10591,#10592),
 .UNSPECIFIED.,.F.,.F.,(3,3),(0.,1.),.UNSPECIFIED.);
#484=B_SPLINE_CURVE_WITH_KNOTS('',2,(#10601,#10602,#10603),
 .UNSPECIFIED.,.F.,.F.,(3,3),(0.,1.),.UNSPECIFIED.);
#485=B_SPLINE_CURVE_WITH_KNOTS('',2,(#10607,#10608,#10609),
 .UNSPECIFIED.,.F.,.F.,(3,3),(0.,1.),.UNSPECIFIED.);
#486=B_SPLINE_CURVE_WITH_KNOTS('',2,(#10618,#10619,#10620),
 .UNSPECIFIED.,.F.,.F.,(3,3),(0.,1.),.UNSPECIFIED.);
#487=B_SPLINE_CURVE_WITH_KNOTS('',2,(#10624,#10625,#10626),
 .UNSPECIFIED.,.F.,.F.,(3,3),(0.,1.),.UNSPECIFIED.);
#488=B_SPLINE_CURVE_WITH_KNOTS('',2,(#10635,#10636,#10637),
 .UNSPECIFIED.,.F.,.F.,(3,3),(0.,1.),.UNSPECIFIED.);
#489=B_SPLINE_CURVE_WITH_KNOTS('',2,(#10638,#10639,#10640),
 .UNSPECIFIED.,.F.,.F.,(3,3),(0.,1.),.UNSPECIFIED.);
#490=B_SPLINE_CURVE_WITH_KNOTS('',2,(#10649,#10650,#10651),
 .UNSPECIFIED.,.F.,.F.,(3,3),(0.,1.),.UNSPECIFIED.);
#491=B_SPLINE_CURVE_WITH_KNOTS('',2,(#10732,#10733,#10734),
 .UNSPECIFIED.,.F.,.F.,(3,3),(0.,1.),.UNSPECIFIED.);
#492=B_SPLINE_CURVE_WITH_KNOTS('',2,(#10784,#10785,#10786),
 .UNSPECIFIED.,.F.,.F.,(3,3),(0.,1.),.UNSPECIFIED.);
#493=B_SPLINE_CURVE_WITH_KNOTS('',2,(#10797,#10798,#10799),
 .UNSPECIFIED.,.F.,.F.,(3,3),(0.,1.),.UNSPECIFIED.);
#494=B_SPLINE_CURVE_WITH_KNOTS('',2,(#10810,#10811,#10812),
 .UNSPECIFIED.,.F.,.F.,(3,3),(0.,1.),.UNSPECIFIED.);
#495=B_SPLINE_CURVE_WITH_KNOTS('',2,(#10823,#10824,#10825),
 .UNSPECIFIED.,.F.,.F.,(3,3),(0.,1.),.UNSPECIFIED.);
#496=B_SPLINE_CURVE_WITH_KNOTS('',2,(#10836,#10837,#10838),
 .UNSPECIFIED.,.F.,.F.,(3,3),(0.,1.),.UNSPECIFIED.);
#497=B_SPLINE_CURVE_WITH_KNOTS('',2,(#10847,#10848,#10849),
 .UNSPECIFIED.,.F.,.F.,(3,3),(0.,1.),.UNSPECIFIED.);
#498=B_SPLINE_CURVE_WITH_KNOTS('',2,(#10858,#10859,#10860),
 .UNSPECIFIED.,.F.,.F.,(3,3),(0.,1.),.UNSPECIFIED.);
#499=B_SPLINE_CURVE_WITH_KNOTS('',2,(#10865,#10866,#10867),
 .UNSPECIFIED.,.F.,.F.,(3,3),(0.,1.),.UNSPECIFIED.);
#500=B_SPLINE_CURVE_WITH_KNOTS('',2,(#10878,#10879,#10880),
 .UNSPECIFIED.,.F.,.F.,(3,3),(0.,1.),.UNSPECIFIED.);
#501=B_SPLINE_CURVE_WITH_KNOTS('',2,(#10884,#10885,#10886),
 .UNSPECIFIED.,.F.,.F.,(3,3),(0.,1.),.UNSPECIFIED.);
#502=B_SPLINE_CURVE_WITH_KNOTS('',2,(#10895,#10896,#10897),
 .UNSPECIFIED.,.F.,.F.,(3,3),(0.,1.),.UNSPECIFIED.);
#503=B_SPLINE_CURVE_WITH_KNOTS('',2,(#10901,#10902,#10903),
 .UNSPECIFIED.,.F.,.F.,(3,3),(0.,1.),.UNSPECIFIED.);
#504=B_SPLINE_CURVE_WITH_KNOTS('',2,(#10912,#10913,#10914),
 .UNSPECIFIED.,.F.,.F.,(3,3),(0.,1.),.UNSPECIFIED.);
#505=B_SPLINE_CURVE_WITH_KNOTS('',2,(#10918,#10919,#10920),
 .UNSPECIFIED.,.F.,.F.,(3,3),(0.,1.),.UNSPECIFIED.);
#506=B_SPLINE_CURVE_WITH_KNOTS('',2,(#10929,#10930,#10931),
 .UNSPECIFIED.,.F.,.F.,(3,3),(0.,1.),.UNSPECIFIED.);
#507=B_SPLINE_CURVE_WITH_KNOTS('',2,(#10935,#10936,#10937),
 .UNSPECIFIED.,.F.,.F.,(3,3),(0.,1.),.UNSPECIFIED.);
#508=B_SPLINE_CURVE_WITH_KNOTS('',2,(#10946,#10947,#10948),
 .UNSPECIFIED.,.F.,.F.,(3,3),(0.,1.),.UNSPECIFIED.);
#509=B_SPLINE_CURVE_WITH_KNOTS('',2,(#10952,#10953,#10954),
 .UNSPECIFIED.,.F.,.F.,(3,3),(0.,1.),.UNSPECIFIED.);
#510=B_SPLINE_CURVE_WITH_KNOTS('',2,(#10963,#10964,#10965),
 .UNSPECIFIED.,.F.,.F.,(3,3),(0.,1.),.UNSPECIFIED.);
#511=B_SPLINE_CURVE_WITH_KNOTS('',2,(#10969,#10970,#10971),
 .UNSPECIFIED.,.F.,.F.,(3,3),(0.,1.),.UNSPECIFIED.);
#512=B_SPLINE_CURVE_WITH_KNOTS('',2,(#10980,#10981,#10982),
 .UNSPECIFIED.,.F.,.F.,(3,3),(0.,1.),.UNSPECIFIED.);
#513=B_SPLINE_CURVE_WITH_KNOTS('',2,(#10983,#10984,#10985),
 .UNSPECIFIED.,.F.,.F.,(3,3),(0.,1.),.UNSPECIFIED.);
#514=B_SPLINE_CURVE_WITH_KNOTS('',2,(#11047,#11048,#11049),
 .UNSPECIFIED.,.F.,.F.,(3,3),(0.,1.),.UNSPECIFIED.);
#515=B_SPLINE_CURVE_WITH_KNOTS('',2,(#11060,#11061,#11062),
 .UNSPECIFIED.,.F.,.F.,(3,3),(0.,1.),.UNSPECIFIED.);
#516=B_SPLINE_CURVE_WITH_KNOTS('',2,(#11079,#11080,#11081),
 .UNSPECIFIED.,.F.,.F.,(3,3),(0.,1.),.UNSPECIFIED.);
#517=B_SPLINE_CURVE_WITH_KNOTS('',2,(#11092,#11093,#11094),
 .UNSPECIFIED.,.F.,.F.,(3,3),(0.,1.),.UNSPECIFIED.);
#518=B_SPLINE_CURVE_WITH_KNOTS('',2,(#11103,#11104,#11105),
 .UNSPECIFIED.,.F.,.F.,(3,3),(0.,1.),.UNSPECIFIED.);
#519=B_SPLINE_CURVE_WITH_KNOTS('',2,(#11116,#11117,#11118),
 .UNSPECIFIED.,.F.,.F.,(3,3),(0.,1.),.UNSPECIFIED.);
#520=B_SPLINE_CURVE_WITH_KNOTS('',2,(#11129,#11130,#11131),
 .UNSPECIFIED.,.F.,.F.,(3,3),(0.,1.),.UNSPECIFIED.);
#521=B_SPLINE_CURVE_WITH_KNOTS('',2,(#11142,#11143,#11144),
 .UNSPECIFIED.,.F.,.F.,(3,3),(0.,1.),.UNSPECIFIED.);
#522=B_SPLINE_CURVE_WITH_KNOTS('',2,(#11155,#11156,#11157),
 .UNSPECIFIED.,.F.,.F.,(3,3),(0.,1.),.UNSPECIFIED.);
#523=B_SPLINE_CURVE_WITH_KNOTS('',2,(#11166,#11167,#11168),
 .UNSPECIFIED.,.F.,.F.,(3,3),(0.,1.),.UNSPECIFIED.);
#524=B_SPLINE_CURVE_WITH_KNOTS('',2,(#11177,#11178,#11179),
 .UNSPECIFIED.,.F.,.F.,(3,3),(0.,1.),.UNSPECIFIED.);
#525=B_SPLINE_CURVE_WITH_KNOTS('',2,(#11184,#11185,#11186),
 .UNSPECIFIED.,.F.,.F.,(3,3),(0.,1.),.UNSPECIFIED.);
#526=B_SPLINE_CURVE_WITH_KNOTS('',2,(#11197,#11198,#11199),
 .UNSPECIFIED.,.F.,.F.,(3,3),(0.,1.),.UNSPECIFIED.);
#527=B_SPLINE_CURVE_WITH_KNOTS('',2,(#11200,#11201,#11202),
 .UNSPECIFIED.,.F.,.F.,(3,3),(0.,1.),.UNSPECIFIED.);
#528=B_SPLINE_CURVE_WITH_KNOTS('',2,(#11211,#11212,#11213),
 .UNSPECIFIED.,.F.,.F.,(3,3),(0.,1.),.UNSPECIFIED.);
#529=B_SPLINE_CURVE_WITH_KNOTS('',2,(#11217,#11218,#11219),
 .UNSPECIFIED.,.F.,.F.,(3,3),(0.,1.),.UNSPECIFIED.);
#530=B_SPLINE_CURVE_WITH_KNOTS('',2,(#11228,#11229,#11230),
 .UNSPECIFIED.,.F.,.F.,(3,3),(0.,1.),.UNSPECIFIED.);
#531=B_SPLINE_CURVE_WITH_KNOTS('',2,(#11234,#11235,#11236),
 .UNSPECIFIED.,.F.,.F.,(3,3),(0.,1.),.UNSPECIFIED.);
#532=B_SPLINE_CURVE_WITH_KNOTS('',2,(#11245,#11246,#11247),
 .UNSPECIFIED.,.F.,.F.,(3,3),(0.,1.),.UNSPECIFIED.);
#533=B_SPLINE_CURVE_WITH_KNOTS('',2,(#11251,#11252,#11253),
 .UNSPECIFIED.,.F.,.F.,(3,3),(0.,1.),.UNSPECIFIED.);
#534=B_SPLINE_CURVE_WITH_KNOTS('',2,(#11262,#11263,#11264),
 .UNSPECIFIED.,.F.,.F.,(3,3),(0.,1.),.UNSPECIFIED.);
#535=B_SPLINE_CURVE_WITH_KNOTS('',2,(#11265,#11266,#11267),
 .UNSPECIFIED.,.F.,.F.,(3,3),(0.,1.),.UNSPECIFIED.);
#536=B_SPLINE_CURVE_WITH_KNOTS('',2,(#11352,#11353,#11354),
 .UNSPECIFIED.,.F.,.F.,(3,3),(0.,1.),.UNSPECIFIED.);
#537=B_SPLINE_CURVE_WITH_KNOTS('',2,(#11365,#11366,#11367),
 .UNSPECIFIED.,.F.,.F.,(3,3),(0.,1.),.UNSPECIFIED.);
#538=B_SPLINE_CURVE_WITH_KNOTS('',2,(#11378,#11379,#11380),
 .UNSPECIFIED.,.F.,.F.,(3,3),(0.,1.),.UNSPECIFIED.);
#539=B_SPLINE_CURVE_WITH_KNOTS('',2,(#11391,#11392,#11393),
 .UNSPECIFIED.,.F.,.F.,(3,3),(0.,1.),.UNSPECIFIED.);
#540=B_SPLINE_CURVE_WITH_KNOTS('',2,(#11404,#11405,#11406),
 .UNSPECIFIED.,.F.,.F.,(3,3),(0.,1.),.UNSPECIFIED.);
#541=B_SPLINE_CURVE_WITH_KNOTS('',2,(#11415,#11416,#11417),
 .UNSPECIFIED.,.F.,.F.,(3,3),(0.,1.),.UNSPECIFIED.);
#542=B_SPLINE_CURVE_WITH_KNOTS('',2,(#11426,#11427,#11428),
 .UNSPECIFIED.,.F.,.F.,(3,3),(0.,1.),.UNSPECIFIED.);
#543=B_SPLINE_CURVE_WITH_KNOTS('',2,(#11433,#11434,#11435),
 .UNSPECIFIED.,.F.,.F.,(3,3),(0.,1.),.UNSPECIFIED.);
#544=B_SPLINE_CURVE_WITH_KNOTS('',2,(#11446,#11447,#11448),
 .UNSPECIFIED.,.F.,.F.,(3,3),(0.,1.),.UNSPECIFIED.);
#545=B_SPLINE_CURVE_WITH_KNOTS('',2,(#11452,#11453,#11454),
 .UNSPECIFIED.,.F.,.F.,(3,3),(0.,1.),.UNSPECIFIED.);
#546=B_SPLINE_CURVE_WITH_KNOTS('',2,(#11463,#11464,#11465),
 .UNSPECIFIED.,.F.,.F.,(3,3),(0.,1.),.UNSPECIFIED.);
#547=B_SPLINE_CURVE_WITH_KNOTS('',2,(#11469,#11470,#11471),
 .UNSPECIFIED.,.F.,.F.,(3,3),(0.,1.),.UNSPECIFIED.);
#548=B_SPLINE_CURVE_WITH_KNOTS('',2,(#11480,#11481,#11482),
 .UNSPECIFIED.,.F.,.F.,(3,3),(0.,1.),.UNSPECIFIED.);
#549=B_SPLINE_CURVE_WITH_KNOTS('',2,(#11483,#11484,#11485),
 .UNSPECIFIED.,.F.,.F.,(3,3),(0.,1.),.UNSPECIFIED.);
#550=B_SPLINE_CURVE_WITH_KNOTS('',2,(#11494,#11495,#11496),
 .UNSPECIFIED.,.F.,.F.,(3,3),(0.,1.),.UNSPECIFIED.);
#551=B_SPLINE_CURVE_WITH_KNOTS('',2,(#11500,#11501,#11502),
 .UNSPECIFIED.,.F.,.F.,(3,3),(0.,1.),.UNSPECIFIED.);
#552=B_SPLINE_CURVE_WITH_KNOTS('',2,(#11511,#11512,#11513),
 .UNSPECIFIED.,.F.,.F.,(3,3),(0.,1.),.UNSPECIFIED.);
#553=B_SPLINE_CURVE_WITH_KNOTS('',2,(#11517,#11518,#11519),
 .UNSPECIFIED.,.F.,.F.,(3,3),(0.,1.),.UNSPECIFIED.);
#554=B_SPLINE_CURVE_WITH_KNOTS('',2,(#11528,#11529,#11530),
 .UNSPECIFIED.,.F.,.F.,(3,3),(0.,1.),.UNSPECIFIED.);
#555=B_SPLINE_CURVE_WITH_KNOTS('',2,(#11534,#11535,#11536),
 .UNSPECIFIED.,.F.,.F.,(3,3),(0.,1.),.UNSPECIFIED.);
#556=B_SPLINE_CURVE_WITH_KNOTS('',2,(#11545,#11546,#11547),
 .UNSPECIFIED.,.F.,.F.,(3,3),(0.,1.),.UNSPECIFIED.);
#557=B_SPLINE_CURVE_WITH_KNOTS('',2,(#11548,#11549,#11550),
 .UNSPECIFIED.,.F.,.F.,(3,3),(0.,1.),.UNSPECIFIED.);
#558=B_SPLINE_CURVE_WITH_KNOTS('',2,(#11588,#11589,#11590),
 .UNSPECIFIED.,.F.,.F.,(3,3),(0.,1.),.UNSPECIFIED.);
#559=B_SPLINE_CURVE_WITH_KNOTS('',2,(#11601,#11602,#11603),
 .UNSPECIFIED.,.F.,.F.,(3,3),(0.,1.),.UNSPECIFIED.);
#560=B_SPLINE_CURVE_WITH_KNOTS('',2,(#11612,#11613,#11614),
 .UNSPECIFIED.,.F.,.F.,(3,3),(0.,1.),.UNSPECIFIED.);
#561=B_SPLINE_CURVE_WITH_KNOTS('',2,(#11625,#11626,#11627),
 .UNSPECIFIED.,.F.,.F.,(3,3),(0.,1.),.UNSPECIFIED.);
#562=B_SPLINE_CURVE_WITH_KNOTS('',2,(#11638,#11639,#11640),
 .UNSPECIFIED.,.F.,.F.,(3,3),(0.,1.),.UNSPECIFIED.);
#563=B_SPLINE_CURVE_WITH_KNOTS('',2,(#11651,#11652,#11653),
 .UNSPECIFIED.,.F.,.F.,(3,3),(0.,1.),.UNSPECIFIED.);
#564=B_SPLINE_CURVE_WITH_KNOTS('',2,(#11664,#11665,#11666),
 .UNSPECIFIED.,.F.,.F.,(3,3),(0.,1.),.UNSPECIFIED.);
#565=B_SPLINE_CURVE_WITH_KNOTS('',2,(#11677,#11678,#11679),
 .UNSPECIFIED.,.F.,.F.,(3,3),(0.,1.),.UNSPECIFIED.);
#566=B_SPLINE_CURVE_WITH_KNOTS('',2,(#11690,#11691,#11692),
 .UNSPECIFIED.,.F.,.F.,(3,3),(0.,1.),.UNSPECIFIED.);
#567=B_SPLINE_CURVE_WITH_KNOTS('',2,(#11703,#11704,#11705),
 .UNSPECIFIED.,.F.,.F.,(3,3),(0.,1.),.UNSPECIFIED.);
#568=B_SPLINE_CURVE_WITH_KNOTS('',2,(#11714,#11715,#11716),
 .UNSPECIFIED.,.F.,.F.,(3,3),(0.,1.),.UNSPECIFIED.);
#569=B_SPLINE_CURVE_WITH_KNOTS('',2,(#11720,#11721,#11722),
 .UNSPECIFIED.,.F.,.F.,(3,3),(0.,1.),.UNSPECIFIED.);
#570=B_SPLINE_CURVE_WITH_KNOTS('',2,(#11731,#11732,#11733),
 .UNSPECIFIED.,.F.,.F.,(3,3),(0.,1.),.UNSPECIFIED.);
#571=B_SPLINE_CURVE_WITH_KNOTS('',2,(#11737,#11738,#11739),
 .UNSPECIFIED.,.F.,.F.,(3,3),(0.,1.),.UNSPECIFIED.);
#572=B_SPLINE_CURVE_WITH_KNOTS('',2,(#11748,#11749,#11750),
 .UNSPECIFIED.,.F.,.F.,(3,3),(0.,1.),.UNSPECIFIED.);
#573=B_SPLINE_CURVE_WITH_KNOTS('',2,(#11754,#11755,#11756),
 .UNSPECIFIED.,.F.,.F.,(3,3),(0.,1.),.UNSPECIFIED.);
#574=B_SPLINE_CURVE_WITH_KNOTS('',2,(#11765,#11766,#11767),
 .UNSPECIFIED.,.F.,.F.,(3,3),(0.,1.),.UNSPECIFIED.);
#575=B_SPLINE_CURVE_WITH_KNOTS('',2,(#11768,#11769,#11770),
 .UNSPECIFIED.,.F.,.F.,(3,3),(0.,1.),.UNSPECIFIED.);
#576=B_SPLINE_CURVE_WITH_KNOTS('',2,(#11845,#11846,#11847),
 .UNSPECIFIED.,.F.,.F.,(3,3),(0.,1.),.UNSPECIFIED.);
#577=B_SPLINE_CURVE_WITH_KNOTS('',2,(#11858,#11859,#11860),
 .UNSPECIFIED.,.F.,.F.,(3,3),(0.,1.),.UNSPECIFIED.);
#578=B_SPLINE_CURVE_WITH_KNOTS('',2,(#11871,#11872,#11873),
 .UNSPECIFIED.,.F.,.F.,(3,3),(0.,1.),.UNSPECIFIED.);
#579=B_SPLINE_CURVE_WITH_KNOTS('',2,(#11882,#11883,#11884),
 .UNSPECIFIED.,.F.,.F.,(3,3),(0.,1.),.UNSPECIFIED.);
#580=B_SPLINE_CURVE_WITH_KNOTS('',2,(#11895,#11896,#11897),
 .UNSPECIFIED.,.F.,.F.,(3,3),(0.,1.),.UNSPECIFIED.);
#581=B_SPLINE_CURVE_WITH_KNOTS('',2,(#11908,#11909,#11910),
 .UNSPECIFIED.,.F.,.F.,(3,3),(0.,1.),.UNSPECIFIED.);
#582=B_SPLINE_CURVE_WITH_KNOTS('',2,(#11923,#11924,#11925),
 .UNSPECIFIED.,.F.,.F.,(3,3),(0.,1.),.UNSPECIFIED.);
#583=B_SPLINE_CURVE_WITH_KNOTS('',2,(#11936,#11937,#11938),
 .UNSPECIFIED.,.F.,.F.,(3,3),(0.,1.),.UNSPECIFIED.);
#584=B_SPLINE_CURVE_WITH_KNOTS('',2,(#11949,#11950,#11951),
 .UNSPECIFIED.,.F.,.F.,(3,3),(0.,1.),.UNSPECIFIED.);
#585=B_SPLINE_CURVE_WITH_KNOTS('',2,(#11960,#11961,#11962),
 .UNSPECIFIED.,.F.,.F.,(3,3),(0.,1.),.UNSPECIFIED.);
#586=B_SPLINE_CURVE_WITH_KNOTS('',2,(#11973,#11974,#11975),
 .UNSPECIFIED.,.F.,.F.,(3,3),(0.,1.),.UNSPECIFIED.);
#587=B_SPLINE_CURVE_WITH_KNOTS('',2,(#11986,#11987,#11988),
 .UNSPECIFIED.,.F.,.F.,(3,3),(0.,1.),.UNSPECIFIED.);
#588=B_SPLINE_CURVE_WITH_KNOTS('',2,(#11999,#12000,#12001),
 .UNSPECIFIED.,.F.,.F.,(3,3),(0.,1.),.UNSPECIFIED.);
#589=B_SPLINE_CURVE_WITH_KNOTS('',2,(#12010,#12011,#12012),
 .UNSPECIFIED.,.F.,.F.,(3,3),(0.,1.),.UNSPECIFIED.);
#590=B_SPLINE_CURVE_WITH_KNOTS('',2,(#12066,#12067,#12068),
 .UNSPECIFIED.,.F.,.F.,(3,3),(0.,1.),.UNSPECIFIED.);
#591=B_SPLINE_CURVE_WITH_KNOTS('',2,(#12079,#12080,#12081),
 .UNSPECIFIED.,.F.,.F.,(3,3),(0.,1.),.UNSPECIFIED.);
#592=B_SPLINE_CURVE_WITH_KNOTS('',2,(#12092,#12093,#12094),
 .UNSPECIFIED.,.F.,.F.,(3,3),(0.,1.),.UNSPECIFIED.);
#593=B_SPLINE_CURVE_WITH_KNOTS('',2,(#12103,#12104,#12105),
 .UNSPECIFIED.,.F.,.F.,(3,3),(0.,1.),.UNSPECIFIED.);
#594=B_SPLINE_CURVE_WITH_KNOTS('',2,(#12114,#12115,#12116),
 .UNSPECIFIED.,.F.,.F.,(3,3),(0.,1.),.UNSPECIFIED.);
#595=B_SPLINE_CURVE_WITH_KNOTS('',2,(#12127,#12128,#12129),
 .UNSPECIFIED.,.F.,.F.,(3,3),(0.,1.),.UNSPECIFIED.);
#596=B_SPLINE_CURVE_WITH_KNOTS('',2,(#12140,#12141,#12142),
 .UNSPECIFIED.,.F.,.F.,(3,3),(0.,1.),.UNSPECIFIED.);
#597=B_SPLINE_CURVE_WITH_KNOTS('',2,(#12153,#12154,#12155),
 .UNSPECIFIED.,.F.,.F.,(3,3),(0.,1.),.UNSPECIFIED.);
#598=B_SPLINE_CURVE_WITH_KNOTS('',2,(#12164,#12165,#12166),
 .UNSPECIFIED.,.F.,.F.,(3,3),(0.,1.),.UNSPECIFIED.);
#599=ORIENTED_EDGE('',*,*,#2617,.T.);
#600=ORIENTED_EDGE('',*,*,#2618,.T.);
#601=ORIENTED_EDGE('',*,*,#2619,.T.);
#602=ORIENTED_EDGE('',*,*,#2620,.T.);
#603=ORIENTED_EDGE('',*,*,#2621,.T.);
#604=ORIENTED_EDGE('',*,*,#2622,.T.);
#605=ORIENTED_EDGE('',*,*,#2623,.T.);
#606=ORIENTED_EDGE('',*,*,#2624,.T.);
#607=ORIENTED_EDGE('',*,*,#2625,.F.);
#608=ORIENTED_EDGE('',*,*,#2626,.T.);
#609=ORIENTED_EDGE('',*,*,#2627,.T.);
#610=ORIENTED_EDGE('',*,*,#2628,.T.);
#611=ORIENTED_EDGE('',*,*,#2629,.F.);
#612=ORIENTED_EDGE('',*,*,#2630,.F.);
#613=ORIENTED_EDGE('',*,*,#2631,.F.);
#614=ORIENTED_EDGE('',*,*,#2632,.F.);
#615=ORIENTED_EDGE('',*,*,#2633,.T.);
#616=ORIENTED_EDGE('',*,*,#2634,.T.);
#617=ORIENTED_EDGE('',*,*,#2635,.T.);
#618=ORIENTED_EDGE('',*,*,#2636,.F.);
#619=ORIENTED_EDGE('',*,*,#2637,.F.);
#620=ORIENTED_EDGE('',*,*,#2638,.F.);
#621=ORIENTED_EDGE('',*,*,#2639,.F.);
#622=ORIENTED_EDGE('',*,*,#2640,.T.);
#623=ORIENTED_EDGE('',*,*,#2641,.T.);
#624=ORIENTED_EDGE('',*,*,#2642,.T.);
#625=ORIENTED_EDGE('',*,*,#2643,.T.);
#626=ORIENTED_EDGE('',*,*,#2644,.T.);
#627=ORIENTED_EDGE('',*,*,#2645,.T.);
#628=ORIENTED_EDGE('',*,*,#2646,.F.);
#629=ORIENTED_EDGE('',*,*,#2647,.F.);
#630=ORIENTED_EDGE('',*,*,#2648,.F.);
#631=ORIENTED_EDGE('',*,*,#2649,.T.);
#632=ORIENTED_EDGE('',*,*,#2650,.F.);
#633=ORIENTED_EDGE('',*,*,#2651,.F.);
#634=ORIENTED_EDGE('',*,*,#2652,.F.);
#635=ORIENTED_EDGE('',*,*,#2653,.F.);
#636=ORIENTED_EDGE('',*,*,#2654,.T.);
#637=ORIENTED_EDGE('',*,*,#2655,.F.);
#638=ORIENTED_EDGE('',*,*,#2656,.F.);
#639=ORIENTED_EDGE('',*,*,#2657,.F.);
#640=ORIENTED_EDGE('',*,*,#2658,.F.);
#641=ORIENTED_EDGE('',*,*,#2659,.F.);
#642=ORIENTED_EDGE('',*,*,#2660,.F.);
#643=ORIENTED_EDGE('',*,*,#2661,.F.);
#644=ORIENTED_EDGE('',*,*,#2662,.F.);
#645=ORIENTED_EDGE('',*,*,#2663,.T.);
#646=ORIENTED_EDGE('',*,*,#2664,.T.);
#647=ORIENTED_EDGE('',*,*,#2665,.F.);
#648=ORIENTED_EDGE('',*,*,#2666,.F.);
#649=ORIENTED_EDGE('',*,*,#2667,.T.);
#650=ORIENTED_EDGE('',*,*,#2668,.T.);
#651=ORIENTED_EDGE('',*,*,#2669,.T.);
#652=ORIENTED_EDGE('',*,*,#2670,.T.);
#653=ORIENTED_EDGE('',*,*,#2671,.T.);
#654=ORIENTED_EDGE('',*,*,#2672,.F.);
#655=ORIENTED_EDGE('',*,*,#2673,.F.);
#656=ORIENTED_EDGE('',*,*,#2674,.F.);
#657=ORIENTED_EDGE('',*,*,#2675,.F.);
#658=ORIENTED_EDGE('',*,*,#2676,.F.);
#659=ORIENTED_EDGE('',*,*,#2677,.F.);
#660=ORIENTED_EDGE('',*,*,#2678,.T.);
#661=ORIENTED_EDGE('',*,*,#2679,.T.);
#662=ORIENTED_EDGE('',*,*,#2680,.T.);
#663=ORIENTED_EDGE('',*,*,#2681,.T.);
#664=ORIENTED_EDGE('',*,*,#2682,.T.);
#665=ORIENTED_EDGE('',*,*,#2683,.T.);
#666=ORIENTED_EDGE('',*,*,#2684,.T.);
#667=ORIENTED_EDGE('',*,*,#2685,.T.);
#668=ORIENTED_EDGE('',*,*,#2686,.T.);
#669=ORIENTED_EDGE('',*,*,#2687,.T.);
#670=ORIENTED_EDGE('',*,*,#2688,.F.);
#671=ORIENTED_EDGE('',*,*,#2689,.T.);
#672=ORIENTED_EDGE('',*,*,#2690,.F.);
#673=ORIENTED_EDGE('',*,*,#2691,.F.);
#674=ORIENTED_EDGE('',*,*,#2692,.F.);
#675=ORIENTED_EDGE('',*,*,#2693,.F.);
#676=ORIENTED_EDGE('',*,*,#2694,.F.);
#677=ORIENTED_EDGE('',*,*,#2695,.F.);
#678=ORIENTED_EDGE('',*,*,#2696,.F.);
#679=ORIENTED_EDGE('',*,*,#2697,.T.);
#680=ORIENTED_EDGE('',*,*,#2698,.T.);
#681=ORIENTED_EDGE('',*,*,#2699,.T.);
#682=ORIENTED_EDGE('',*,*,#2700,.T.);
#683=ORIENTED_EDGE('',*,*,#2701,.T.);
#684=ORIENTED_EDGE('',*,*,#2702,.T.);
#685=ORIENTED_EDGE('',*,*,#2703,.F.);
#686=ORIENTED_EDGE('',*,*,#2704,.T.);
#687=ORIENTED_EDGE('',*,*,#2705,.T.);
#688=ORIENTED_EDGE('',*,*,#2706,.T.);
#689=ORIENTED_EDGE('',*,*,#2707,.T.);
#690=ORIENTED_EDGE('',*,*,#2708,.T.);
#691=ORIENTED_EDGE('',*,*,#2709,.F.);
#692=ORIENTED_EDGE('',*,*,#2710,.T.);
#693=ORIENTED_EDGE('',*,*,#2711,.T.);
#694=ORIENTED_EDGE('',*,*,#2712,.T.);
#695=ORIENTED_EDGE('',*,*,#2713,.T.);
#696=ORIENTED_EDGE('',*,*,#2714,.T.);
#697=ORIENTED_EDGE('',*,*,#2715,.T.);
#698=ORIENTED_EDGE('',*,*,#2716,.T.);
#699=ORIENTED_EDGE('',*,*,#2717,.T.);
#700=ORIENTED_EDGE('',*,*,#2718,.T.);
#701=ORIENTED_EDGE('',*,*,#2719,.T.);
#702=ORIENTED_EDGE('',*,*,#2720,.T.);
#703=ORIENTED_EDGE('',*,*,#2721,.F.);
#704=ORIENTED_EDGE('',*,*,#2722,.T.);
#705=ORIENTED_EDGE('',*,*,#2723,.F.);
#706=ORIENTED_EDGE('',*,*,#2724,.F.);
#707=ORIENTED_EDGE('',*,*,#2725,.F.);
#708=ORIENTED_EDGE('',*,*,#2726,.F.);
#709=ORIENTED_EDGE('',*,*,#2727,.F.);
#710=ORIENTED_EDGE('',*,*,#2728,.F.);
#711=ORIENTED_EDGE('',*,*,#2729,.F.);
#712=ORIENTED_EDGE('',*,*,#2730,.F.);
#713=ORIENTED_EDGE('',*,*,#2731,.T.);
#714=ORIENTED_EDGE('',*,*,#2732,.T.);
#715=ORIENTED_EDGE('',*,*,#2733,.F.);
#716=ORIENTED_EDGE('',*,*,#2734,.F.);
#717=ORIENTED_EDGE('',*,*,#2735,.T.);
#718=ORIENTED_EDGE('',*,*,#2736,.T.);
#719=ORIENTED_EDGE('',*,*,#2737,.F.);
#720=ORIENTED_EDGE('',*,*,#2738,.F.);
#721=ORIENTED_EDGE('',*,*,#2739,.F.);
#722=ORIENTED_EDGE('',*,*,#2740,.F.);
#723=ORIENTED_EDGE('',*,*,#2741,.T.);
#724=ORIENTED_EDGE('',*,*,#2742,.F.);
#725=ORIENTED_EDGE('',*,*,#2743,.F.);
#726=ORIENTED_EDGE('',*,*,#2744,.F.);
#727=ORIENTED_EDGE('',*,*,#2745,.T.);
#728=ORIENTED_EDGE('',*,*,#2746,.T.);
#729=ORIENTED_EDGE('',*,*,#2747,.T.);
#730=ORIENTED_EDGE('',*,*,#2748,.T.);
#731=ORIENTED_EDGE('',*,*,#2749,.T.);
#732=ORIENTED_EDGE('',*,*,#2750,.T.);
#733=ORIENTED_EDGE('',*,*,#2751,.T.);
#734=ORIENTED_EDGE('',*,*,#2752,.T.);
#735=ORIENTED_EDGE('',*,*,#2753,.T.);
#736=ORIENTED_EDGE('',*,*,#2754,.F.);
#737=ORIENTED_EDGE('',*,*,#2755,.T.);
#738=ORIENTED_EDGE('',*,*,#2756,.T.);
#739=ORIENTED_EDGE('',*,*,#2757,.T.);
#740=ORIENTED_EDGE('',*,*,#2758,.F.);
#741=ORIENTED_EDGE('',*,*,#2759,.F.);
#742=ORIENTED_EDGE('',*,*,#2760,.F.);
#743=ORIENTED_EDGE('',*,*,#2761,.F.);
#744=ORIENTED_EDGE('',*,*,#2762,.T.);
#745=ORIENTED_EDGE('',*,*,#2763,.T.);
#746=ORIENTED_EDGE('',*,*,#2764,.T.);
#747=ORIENTED_EDGE('',*,*,#2765,.T.);
#748=ORIENTED_EDGE('',*,*,#2766,.T.);
#749=ORIENTED_EDGE('',*,*,#2767,.T.);
#750=ORIENTED_EDGE('',*,*,#2768,.F.);
#751=ORIENTED_EDGE('',*,*,#2769,.F.);
#752=ORIENTED_EDGE('',*,*,#2770,.F.);
#753=ORIENTED_EDGE('',*,*,#2771,.T.);
#754=ORIENTED_EDGE('',*,*,#2772,.T.);
#755=ORIENTED_EDGE('',*,*,#2773,.T.);
#756=ORIENTED_EDGE('',*,*,#2774,.T.);
#757=ORIENTED_EDGE('',*,*,#2775,.T.);
#758=ORIENTED_EDGE('',*,*,#2776,.T.);
#759=ORIENTED_EDGE('',*,*,#2777,.F.);
#760=ORIENTED_EDGE('',*,*,#2778,.F.);
#761=ORIENTED_EDGE('',*,*,#2779,.F.);
#762=ORIENTED_EDGE('',*,*,#2780,.F.);
#763=ORIENTED_EDGE('',*,*,#2781,.F.);
#764=ORIENTED_EDGE('',*,*,#2782,.F.);
#765=ORIENTED_EDGE('',*,*,#2783,.T.);
#766=ORIENTED_EDGE('',*,*,#2784,.F.);
#767=ORIENTED_EDGE('',*,*,#2785,.F.);
#768=ORIENTED_EDGE('',*,*,#2786,.F.);
#769=ORIENTED_EDGE('',*,*,#2787,.F.);
#770=ORIENTED_EDGE('',*,*,#2788,.F.);
#771=ORIENTED_EDGE('',*,*,#2789,.F.);
#772=ORIENTED_EDGE('',*,*,#2790,.F.);
#773=ORIENTED_EDGE('',*,*,#2791,.F.);
#774=ORIENTED_EDGE('',*,*,#2792,.F.);
#775=ORIENTED_EDGE('',*,*,#2793,.F.);
#776=ORIENTED_EDGE('',*,*,#2794,.F.);
#777=ORIENTED_EDGE('',*,*,#2795,.F.);
#778=ORIENTED_EDGE('',*,*,#2796,.T.);
#779=ORIENTED_EDGE('',*,*,#2797,.F.);
#780=ORIENTED_EDGE('',*,*,#2798,.F.);
#781=ORIENTED_EDGE('',*,*,#2799,.F.);
#782=ORIENTED_EDGE('',*,*,#2800,.F.);
#783=ORIENTED_EDGE('',*,*,#2801,.F.);
#784=ORIENTED_EDGE('',*,*,#2802,.F.);
#785=ORIENTED_EDGE('',*,*,#2803,.T.);
#786=ORIENTED_EDGE('',*,*,#2804,.F.);
#787=ORIENTED_EDGE('',*,*,#2805,.F.);
#788=ORIENTED_EDGE('',*,*,#2806,.F.);
#789=ORIENTED_EDGE('',*,*,#2807,.F.);
#790=ORIENTED_EDGE('',*,*,#2808,.F.);
#791=ORIENTED_EDGE('',*,*,#2809,.F.);
#792=ORIENTED_EDGE('',*,*,#2810,.F.);
#793=ORIENTED_EDGE('',*,*,#2811,.F.);
#794=ORIENTED_EDGE('',*,*,#2812,.T.);
#795=ORIENTED_EDGE('',*,*,#2813,.T.);
#796=ORIENTED_EDGE('',*,*,#2814,.F.);
#797=ORIENTED_EDGE('',*,*,#2815,.F.);
#798=ORIENTED_EDGE('',*,*,#2816,.F.);
#799=ORIENTED_EDGE('',*,*,#2817,.T.);
#800=ORIENTED_EDGE('',*,*,#2818,.T.);
#801=ORIENTED_EDGE('',*,*,#2819,.T.);
#802=ORIENTED_EDGE('',*,*,#2820,.F.);
#803=ORIENTED_EDGE('',*,*,#2821,.F.);
#804=ORIENTED_EDGE('',*,*,#2822,.F.);
#805=ORIENTED_EDGE('',*,*,#2823,.F.);
#806=ORIENTED_EDGE('',*,*,#2824,.T.);
#807=ORIENTED_EDGE('',*,*,#2825,.T.);
#808=ORIENTED_EDGE('',*,*,#2826,.T.);
#809=ORIENTED_EDGE('',*,*,#2827,.T.);
#810=ORIENTED_EDGE('',*,*,#2828,.T.);
#811=ORIENTED_EDGE('',*,*,#2829,.F.);
#812=ORIENTED_EDGE('',*,*,#2830,.T.);
#813=ORIENTED_EDGE('',*,*,#2831,.F.);
#814=ORIENTED_EDGE('',*,*,#2832,.F.);
#815=ORIENTED_EDGE('',*,*,#2833,.F.);
#816=ORIENTED_EDGE('',*,*,#2834,.F.);
#817=ORIENTED_EDGE('',*,*,#2835,.T.);
#818=ORIENTED_EDGE('',*,*,#2836,.T.);
#819=ORIENTED_EDGE('',*,*,#2837,.T.);
#820=ORIENTED_EDGE('',*,*,#2838,.T.);
#821=ORIENTED_EDGE('',*,*,#2839,.F.);
#822=ORIENTED_EDGE('',*,*,#2840,.F.);
#823=ORIENTED_EDGE('',*,*,#2841,.F.);
#824=ORIENTED_EDGE('',*,*,#2842,.F.);
#825=ORIENTED_EDGE('',*,*,#2843,.F.);
#826=ORIENTED_EDGE('',*,*,#2844,.T.);
#827=ORIENTED_EDGE('',*,*,#2845,.T.);
#828=ORIENTED_EDGE('',*,*,#2846,.F.);
#829=ORIENTED_EDGE('',*,*,#2847,.F.);
#830=ORIENTED_EDGE('',*,*,#2848,.F.);
#831=ORIENTED_EDGE('',*,*,#2849,.T.);
#832=ORIENTED_EDGE('',*,*,#2850,.F.);
#833=ORIENTED_EDGE('',*,*,#2851,.F.);
#834=ORIENTED_EDGE('',*,*,#2852,.F.);
#835=ORIENTED_EDGE('',*,*,#2853,.F.);
#836=ORIENTED_EDGE('',*,*,#2854,.T.);
#837=ORIENTED_EDGE('',*,*,#2855,.T.);
#838=ORIENTED_EDGE('',*,*,#2856,.T.);
#839=ORIENTED_EDGE('',*,*,#2857,.F.);
#840=ORIENTED_EDGE('',*,*,#2858,.F.);
#841=ORIENTED_EDGE('',*,*,#2859,.F.);
#842=ORIENTED_EDGE('',*,*,#2860,.F.);
#843=ORIENTED_EDGE('',*,*,#2861,.T.);
#844=ORIENTED_EDGE('',*,*,#2862,.T.);
#845=ORIENTED_EDGE('',*,*,#2863,.T.);
#846=ORIENTED_EDGE('',*,*,#2864,.T.);
#847=ORIENTED_EDGE('',*,*,#2865,.T.);
#848=ORIENTED_EDGE('',*,*,#2866,.F.);
#849=ORIENTED_EDGE('',*,*,#2867,.T.);
#850=ORIENTED_EDGE('',*,*,#2868,.F.);
#851=ORIENTED_EDGE('',*,*,#2869,.F.);
#852=ORIENTED_EDGE('',*,*,#2870,.F.);
#853=ORIENTED_EDGE('',*,*,#2871,.F.);
#854=ORIENTED_EDGE('',*,*,#2872,.T.);
#855=ORIENTED_EDGE('',*,*,#2776,.F.);
#856=ORIENTED_EDGE('',*,*,#2873,.T.);
#857=ORIENTED_EDGE('',*,*,#2874,.T.);
#858=ORIENTED_EDGE('',*,*,#2875,.T.);
#859=ORIENTED_EDGE('',*,*,#2876,.T.);
#860=ORIENTED_EDGE('',*,*,#2877,.T.);
#861=ORIENTED_EDGE('',*,*,#2878,.T.);
#862=ORIENTED_EDGE('',*,*,#2879,.T.);
#863=ORIENTED_EDGE('',*,*,#2880,.F.);
#864=ORIENTED_EDGE('',*,*,#2881,.F.);
#865=ORIENTED_EDGE('',*,*,#2882,.F.);
#866=ORIENTED_EDGE('',*,*,#2883,.F.);
#867=ORIENTED_EDGE('',*,*,#2884,.F.);
#868=ORIENTED_EDGE('',*,*,#2885,.F.);
#869=ORIENTED_EDGE('',*,*,#2886,.F.);
#870=ORIENTED_EDGE('',*,*,#2887,.F.);
#871=ORIENTED_EDGE('',*,*,#2888,.F.);
#872=ORIENTED_EDGE('',*,*,#2889,.F.);
#873=ORIENTED_EDGE('',*,*,#2890,.F.);
#874=ORIENTED_EDGE('',*,*,#2891,.F.);
#875=ORIENTED_EDGE('',*,*,#2892,.T.);
#876=ORIENTED_EDGE('',*,*,#2893,.T.);
#877=ORIENTED_EDGE('',*,*,#2894,.T.);
#878=ORIENTED_EDGE('',*,*,#2895,.T.);
#879=ORIENTED_EDGE('',*,*,#2896,.T.);
#880=ORIENTED_EDGE('',*,*,#2897,.T.);
#881=ORIENTED_EDGE('',*,*,#2898,.T.);
#882=ORIENTED_EDGE('',*,*,#2899,.T.);
#883=ORIENTED_EDGE('',*,*,#2900,.F.);
#884=ORIENTED_EDGE('',*,*,#2901,.T.);
#885=ORIENTED_EDGE('',*,*,#2902,.F.);
#886=ORIENTED_EDGE('',*,*,#2903,.T.);
#887=ORIENTED_EDGE('',*,*,#2904,.F.);
#888=ORIENTED_EDGE('',*,*,#2905,.T.);
#889=ORIENTED_EDGE('',*,*,#2906,.T.);
#890=ORIENTED_EDGE('',*,*,#2907,.T.);
#891=ORIENTED_EDGE('',*,*,#2902,.T.);
#892=ORIENTED_EDGE('',*,*,#2908,.F.);
#893=ORIENTED_EDGE('',*,*,#2909,.F.);
#894=ORIENTED_EDGE('',*,*,#2910,.T.);
#895=ORIENTED_EDGE('',*,*,#2911,.F.);
#896=ORIENTED_EDGE('',*,*,#2912,.T.);
#897=ORIENTED_EDGE('',*,*,#2906,.F.);
#898=ORIENTED_EDGE('',*,*,#2913,.T.);
#899=ORIENTED_EDGE('',*,*,#2914,.T.);
#900=ORIENTED_EDGE('',*,*,#2915,.T.);
#901=ORIENTED_EDGE('',*,*,#2916,.T.);
#902=ORIENTED_EDGE('',*,*,#2917,.T.);
#903=ORIENTED_EDGE('',*,*,#2918,.T.);
#904=ORIENTED_EDGE('',*,*,#2919,.T.);
#905=ORIENTED_EDGE('',*,*,#2920,.T.);
#906=ORIENTED_EDGE('',*,*,#2921,.T.);
#907=ORIENTED_EDGE('',*,*,#2922,.T.);
#908=ORIENTED_EDGE('',*,*,#2904,.T.);
#909=ORIENTED_EDGE('',*,*,#2923,.F.);
#910=ORIENTED_EDGE('',*,*,#2924,.T.);
#911=ORIENTED_EDGE('',*,*,#2925,.T.);
#912=ORIENTED_EDGE('',*,*,#2926,.T.);
#913=ORIENTED_EDGE('',*,*,#2927,.T.);
#914=ORIENTED_EDGE('',*,*,#2928,.T.);
#915=ORIENTED_EDGE('',*,*,#2929,.T.);
#916=ORIENTED_EDGE('',*,*,#2903,.F.);
#917=ORIENTED_EDGE('',*,*,#2930,.T.);
#918=ORIENTED_EDGE('',*,*,#2929,.F.);
#919=ORIENTED_EDGE('',*,*,#2880,.T.);
#920=ORIENTED_EDGE('',*,*,#2931,.F.);
#921=ORIENTED_EDGE('',*,*,#2932,.F.);
#922=ORIENTED_EDGE('',*,*,#2933,.T.);
#923=ORIENTED_EDGE('',*,*,#2885,.T.);
#924=ORIENTED_EDGE('',*,*,#2934,.F.);
#925=ORIENTED_EDGE('',*,*,#2935,.F.);
#926=ORIENTED_EDGE('',*,*,#2931,.T.);
#927=ORIENTED_EDGE('',*,*,#2884,.T.);
#928=ORIENTED_EDGE('',*,*,#2936,.F.);
#929=ORIENTED_EDGE('',*,*,#2937,.F.);
#930=ORIENTED_EDGE('',*,*,#2934,.T.);
#931=ORIENTED_EDGE('',*,*,#2883,.T.);
#932=ORIENTED_EDGE('',*,*,#2938,.F.);
#933=ORIENTED_EDGE('',*,*,#2939,.F.);
#934=ORIENTED_EDGE('',*,*,#2936,.T.);
#935=ORIENTED_EDGE('',*,*,#2882,.T.);
#936=ORIENTED_EDGE('',*,*,#2940,.F.);
#937=ORIENTED_EDGE('',*,*,#2941,.F.);
#938=ORIENTED_EDGE('',*,*,#2938,.T.);
#939=ORIENTED_EDGE('',*,*,#2881,.T.);
#940=ORIENTED_EDGE('',*,*,#2933,.F.);
#941=ORIENTED_EDGE('',*,*,#2942,.F.);
#942=ORIENTED_EDGE('',*,*,#2940,.T.);
#943=ORIENTED_EDGE('',*,*,#2912,.F.);
#944=ORIENTED_EDGE('',*,*,#2932,.T.);
#945=ORIENTED_EDGE('',*,*,#2935,.T.);
#946=ORIENTED_EDGE('',*,*,#2937,.T.);
#947=ORIENTED_EDGE('',*,*,#2939,.T.);
#948=ORIENTED_EDGE('',*,*,#2941,.T.);
#949=ORIENTED_EDGE('',*,*,#2942,.T.);
#950=ORIENTED_EDGE('',*,*,#2886,.T.);
#951=ORIENTED_EDGE('',*,*,#2943,.F.);
#952=ORIENTED_EDGE('',*,*,#2944,.F.);
#953=ORIENTED_EDGE('',*,*,#2945,.T.);
#954=ORIENTED_EDGE('',*,*,#2891,.T.);
#955=ORIENTED_EDGE('',*,*,#2946,.F.);
#956=ORIENTED_EDGE('',*,*,#2947,.F.);
#957=ORIENTED_EDGE('',*,*,#2943,.T.);
#958=ORIENTED_EDGE('',*,*,#2890,.T.);
#959=ORIENTED_EDGE('',*,*,#2948,.F.);
#960=ORIENTED_EDGE('',*,*,#2949,.F.);
#961=ORIENTED_EDGE('',*,*,#2946,.T.);
#962=ORIENTED_EDGE('',*,*,#2889,.T.);
#963=ORIENTED_EDGE('',*,*,#2950,.F.);
#964=ORIENTED_EDGE('',*,*,#2951,.F.);
#965=ORIENTED_EDGE('',*,*,#2948,.T.);
#966=ORIENTED_EDGE('',*,*,#2888,.T.);
#967=ORIENTED_EDGE('',*,*,#2952,.F.);
#968=ORIENTED_EDGE('',*,*,#2953,.F.);
#969=ORIENTED_EDGE('',*,*,#2950,.T.);
#970=ORIENTED_EDGE('',*,*,#2887,.T.);
#971=ORIENTED_EDGE('',*,*,#2945,.F.);
#972=ORIENTED_EDGE('',*,*,#2954,.F.);
#973=ORIENTED_EDGE('',*,*,#2952,.T.);
#974=ORIENTED_EDGE('',*,*,#2910,.F.);
#975=ORIENTED_EDGE('',*,*,#2944,.T.);
#976=ORIENTED_EDGE('',*,*,#2947,.T.);
#977=ORIENTED_EDGE('',*,*,#2949,.T.);
#978=ORIENTED_EDGE('',*,*,#2951,.T.);
#979=ORIENTED_EDGE('',*,*,#2953,.T.);
#980=ORIENTED_EDGE('',*,*,#2954,.T.);
#981=ORIENTED_EDGE('',*,*,#2908,.T.);
#982=ORIENTED_EDGE('',*,*,#2901,.F.);
#983=ORIENTED_EDGE('',*,*,#2955,.F.);
#984=ORIENTED_EDGE('',*,*,#2923,.T.);
#985=ORIENTED_EDGE('',*,*,#2928,.F.);
#986=ORIENTED_EDGE('',*,*,#2956,.T.);
#987=ORIENTED_EDGE('',*,*,#2924,.F.);
#988=ORIENTED_EDGE('',*,*,#2955,.T.);
#989=ORIENTED_EDGE('',*,*,#2900,.T.);
#990=ORIENTED_EDGE('',*,*,#2957,.T.);
#991=ORIENTED_EDGE('',*,*,#2909,.T.);
#992=ORIENTED_EDGE('',*,*,#2911,.T.);
#993=ORIENTED_EDGE('',*,*,#2958,.T.);
#994=ORIENTED_EDGE('',*,*,#2959,.T.);
#995=ORIENTED_EDGE('',*,*,#2960,.T.);
#996=ORIENTED_EDGE('',*,*,#2961,.T.);
#997=ORIENTED_EDGE('',*,*,#2962,.T.);
#998=ORIENTED_EDGE('',*,*,#2963,.T.);
#999=ORIENTED_EDGE('',*,*,#2871,.T.);
#1000=ORIENTED_EDGE('',*,*,#2964,.T.);
#1001=ORIENTED_EDGE('',*,*,#2892,.F.);
#1002=ORIENTED_EDGE('',*,*,#2930,.F.);
#1003=ORIENTED_EDGE('',*,*,#2915,.F.);
#1004=ORIENTED_EDGE('',*,*,#2965,.T.);
#1005=ORIENTED_EDGE('',*,*,#2966,.T.);
#1006=ORIENTED_EDGE('',*,*,#2893,.F.);
#1007=ORIENTED_EDGE('',*,*,#2907,.F.);
#1008=ORIENTED_EDGE('',*,*,#2914,.F.);
#1009=ORIENTED_EDGE('',*,*,#2967,.T.);
#1010=ORIENTED_EDGE('',*,*,#2773,.F.);
#1011=ORIENTED_EDGE('',*,*,#2968,.T.);
#1012=ORIENTED_EDGE('',*,*,#2969,.T.);
#1013=ORIENTED_EDGE('',*,*,#2970,.T.);
#1014=ORIENTED_EDGE('',*,*,#2913,.F.);
#1015=ORIENTED_EDGE('',*,*,#2905,.F.);
#1016=ORIENTED_EDGE('',*,*,#2922,.F.);
#1017=ORIENTED_EDGE('',*,*,#2927,.F.);
#1018=ORIENTED_EDGE('',*,*,#2971,.T.);
#1019=ORIENTED_EDGE('',*,*,#2916,.F.);
#1020=ORIENTED_EDGE('',*,*,#2956,.F.);
#1021=ORIENTED_EDGE('',*,*,#2899,.F.);
#1022=ORIENTED_EDGE('',*,*,#2972,.T.);
#1023=ORIENTED_EDGE('',*,*,#2925,.F.);
#1024=ORIENTED_EDGE('',*,*,#2957,.F.);
#1025=ORIENTED_EDGE('',*,*,#2876,.F.);
#1026=ORIENTED_EDGE('',*,*,#2973,.T.);
#1027=ORIENTED_EDGE('',*,*,#2958,.F.);
#1028=ORIENTED_EDGE('',*,*,#2974,.T.);
#1029=ORIENTED_EDGE('',*,*,#2960,.F.);
#1030=ORIENTED_EDGE('',*,*,#2975,.T.);
#1031=ORIENTED_EDGE('',*,*,#2962,.F.);
#1032=ORIENTED_EDGE('',*,*,#2976,.T.);
#1033=ORIENTED_EDGE('',*,*,#2965,.F.);
#1034=ORIENTED_EDGE('',*,*,#2968,.F.);
#1035=ORIENTED_EDGE('',*,*,#2977,.F.);
#1036=ORIENTED_EDGE('',*,*,#2977,.T.);
#1037=ORIENTED_EDGE('',*,*,#2772,.F.);
#1038=ORIENTED_EDGE('',*,*,#2978,.F.);
#1039=ORIENTED_EDGE('',*,*,#2966,.F.);
#1040=ORIENTED_EDGE('',*,*,#2979,.F.);
#1041=ORIENTED_EDGE('',*,*,#2872,.F.);
#1042=ORIENTED_EDGE('',*,*,#2771,.F.);
#1043=ORIENTED_EDGE('',*,*,#2979,.T.);
#1044=ORIENTED_EDGE('',*,*,#2963,.F.);
#1045=ORIENTED_EDGE('',*,*,#2980,.F.);
#1046=ORIENTED_EDGE('',*,*,#2894,.F.);
#1047=ORIENTED_EDGE('',*,*,#2978,.T.);
#1048=ORIENTED_EDGE('',*,*,#2980,.T.);
#1049=ORIENTED_EDGE('',*,*,#2975,.F.);
#1050=ORIENTED_EDGE('',*,*,#2981,.F.);
#1051=ORIENTED_EDGE('',*,*,#2895,.F.);
#1052=ORIENTED_EDGE('',*,*,#2981,.T.);
#1053=ORIENTED_EDGE('',*,*,#2959,.F.);
#1054=ORIENTED_EDGE('',*,*,#2982,.F.);
#1055=ORIENTED_EDGE('',*,*,#2896,.F.);
#1056=ORIENTED_EDGE('',*,*,#2982,.T.);
#1057=ORIENTED_EDGE('',*,*,#2973,.F.);
#1058=ORIENTED_EDGE('',*,*,#2983,.F.);
#1059=ORIENTED_EDGE('',*,*,#2897,.F.);
#1060=ORIENTED_EDGE('',*,*,#2983,.T.);
#1061=ORIENTED_EDGE('',*,*,#2875,.F.);
#1062=ORIENTED_EDGE('',*,*,#2984,.F.);
#1063=ORIENTED_EDGE('',*,*,#2898,.F.);
#1064=ORIENTED_EDGE('',*,*,#2984,.T.);
#1065=ORIENTED_EDGE('',*,*,#2874,.F.);
#1066=ORIENTED_EDGE('',*,*,#2985,.F.);
#1067=ORIENTED_EDGE('',*,*,#2972,.F.);
#1068=ORIENTED_EDGE('',*,*,#2985,.T.);
#1069=ORIENTED_EDGE('',*,*,#2879,.F.);
#1070=ORIENTED_EDGE('',*,*,#2986,.F.);
#1071=ORIENTED_EDGE('',*,*,#2926,.F.);
#1072=ORIENTED_EDGE('',*,*,#2986,.T.);
#1073=ORIENTED_EDGE('',*,*,#2878,.F.);
#1074=ORIENTED_EDGE('',*,*,#2987,.F.);
#1075=ORIENTED_EDGE('',*,*,#2971,.F.);
#1076=ORIENTED_EDGE('',*,*,#2987,.T.);
#1077=ORIENTED_EDGE('',*,*,#2877,.F.);
#1078=ORIENTED_EDGE('',*,*,#2988,.F.);
#1079=ORIENTED_EDGE('',*,*,#2917,.F.);
#1080=ORIENTED_EDGE('',*,*,#2988,.T.);
#1081=ORIENTED_EDGE('',*,*,#2974,.F.);
#1082=ORIENTED_EDGE('',*,*,#2989,.F.);
#1083=ORIENTED_EDGE('',*,*,#2918,.F.);
#1084=ORIENTED_EDGE('',*,*,#2989,.T.);
#1085=ORIENTED_EDGE('',*,*,#2961,.F.);
#1086=ORIENTED_EDGE('',*,*,#2990,.F.);
#1087=ORIENTED_EDGE('',*,*,#2919,.F.);
#1088=ORIENTED_EDGE('',*,*,#2990,.T.);
#1089=ORIENTED_EDGE('',*,*,#2976,.F.);
#1090=ORIENTED_EDGE('',*,*,#2991,.F.);
#1091=ORIENTED_EDGE('',*,*,#2920,.F.);
#1092=ORIENTED_EDGE('',*,*,#2992,.F.);
#1093=ORIENTED_EDGE('',*,*,#2873,.F.);
#1094=ORIENTED_EDGE('',*,*,#2964,.F.);
#1095=ORIENTED_EDGE('',*,*,#2992,.T.);
#1096=ORIENTED_EDGE('',*,*,#2775,.F.);
#1097=ORIENTED_EDGE('',*,*,#2993,.F.);
#1098=ORIENTED_EDGE('',*,*,#2921,.F.);
#1099=ORIENTED_EDGE('',*,*,#2991,.T.);
#1100=ORIENTED_EDGE('',*,*,#2993,.T.);
#1101=ORIENTED_EDGE('',*,*,#2774,.F.);
#1102=ORIENTED_EDGE('',*,*,#2994,.F.);
#1103=ORIENTED_EDGE('',*,*,#2969,.F.);
#1104=ORIENTED_EDGE('',*,*,#2994,.T.);
#1105=ORIENTED_EDGE('',*,*,#2967,.F.);
#1106=ORIENTED_EDGE('',*,*,#2970,.F.);
#1107=ORIENTED_EDGE('',*,*,#2995,.F.);
#1108=ORIENTED_EDGE('',*,*,#2996,.T.);
#1109=ORIENTED_EDGE('',*,*,#2997,.T.);
#1110=ORIENTED_EDGE('',*,*,#2796,.F.);
#1111=ORIENTED_EDGE('',*,*,#2998,.F.);
#1112=ORIENTED_EDGE('',*,*,#2999,.T.);
#1113=ORIENTED_EDGE('',*,*,#3000,.T.);
#1114=ORIENTED_EDGE('',*,*,#2783,.F.);
#1115=ORIENTED_EDGE('',*,*,#2777,.T.);
#1116=ORIENTED_EDGE('',*,*,#3001,.F.);
#1117=ORIENTED_EDGE('',*,*,#3002,.T.);
#1118=ORIENTED_EDGE('',*,*,#3003,.T.);
#1119=ORIENTED_EDGE('',*,*,#2801,.T.);
#1120=ORIENTED_EDGE('',*,*,#3004,.F.);
#1121=ORIENTED_EDGE('',*,*,#3005,.T.);
#1122=ORIENTED_EDGE('',*,*,#3001,.T.);
#1123=ORIENTED_EDGE('',*,*,#2800,.T.);
#1124=ORIENTED_EDGE('',*,*,#3006,.F.);
#1125=ORIENTED_EDGE('',*,*,#3007,.T.);
#1126=ORIENTED_EDGE('',*,*,#3004,.T.);
#1127=ORIENTED_EDGE('',*,*,#2799,.T.);
#1128=ORIENTED_EDGE('',*,*,#3008,.F.);
#1129=ORIENTED_EDGE('',*,*,#3009,.T.);
#1130=ORIENTED_EDGE('',*,*,#3006,.T.);
#1131=ORIENTED_EDGE('',*,*,#2798,.T.);
#1132=ORIENTED_EDGE('',*,*,#3010,.F.);
#1133=ORIENTED_EDGE('',*,*,#3011,.T.);
#1134=ORIENTED_EDGE('',*,*,#3008,.T.);
#1135=ORIENTED_EDGE('',*,*,#2797,.T.);
#1136=ORIENTED_EDGE('',*,*,#2997,.F.);
#1137=ORIENTED_EDGE('',*,*,#3012,.T.);
#1138=ORIENTED_EDGE('',*,*,#3010,.T.);
#1139=ORIENTED_EDGE('',*,*,#2795,.T.);
#1140=ORIENTED_EDGE('',*,*,#3013,.F.);
#1141=ORIENTED_EDGE('',*,*,#3014,.T.);
#1142=ORIENTED_EDGE('',*,*,#2995,.T.);
#1143=ORIENTED_EDGE('',*,*,#2794,.T.);
#1144=ORIENTED_EDGE('',*,*,#3015,.F.);
#1145=ORIENTED_EDGE('',*,*,#3016,.T.);
#1146=ORIENTED_EDGE('',*,*,#3013,.T.);
#1147=ORIENTED_EDGE('',*,*,#2793,.T.);
#1148=ORIENTED_EDGE('',*,*,#3017,.F.);
#1149=ORIENTED_EDGE('',*,*,#3018,.T.);
#1150=ORIENTED_EDGE('',*,*,#3015,.T.);
#1151=ORIENTED_EDGE('',*,*,#2792,.T.);
#1152=ORIENTED_EDGE('',*,*,#3019,.F.);
#1153=ORIENTED_EDGE('',*,*,#3020,.T.);
#1154=ORIENTED_EDGE('',*,*,#3017,.T.);
#1155=ORIENTED_EDGE('',*,*,#2791,.T.);
#1156=ORIENTED_EDGE('',*,*,#3021,.F.);
#1157=ORIENTED_EDGE('',*,*,#3022,.T.);
#1158=ORIENTED_EDGE('',*,*,#3019,.T.);
#1159=ORIENTED_EDGE('',*,*,#2790,.T.);
#1160=ORIENTED_EDGE('',*,*,#3023,.F.);
#1161=ORIENTED_EDGE('',*,*,#3024,.T.);
#1162=ORIENTED_EDGE('',*,*,#3021,.T.);
#1163=ORIENTED_EDGE('',*,*,#2789,.T.);
#1164=ORIENTED_EDGE('',*,*,#3025,.F.);
#1165=ORIENTED_EDGE('',*,*,#3026,.T.);
#1166=ORIENTED_EDGE('',*,*,#3023,.T.);
#1167=ORIENTED_EDGE('',*,*,#2788,.T.);
#1168=ORIENTED_EDGE('',*,*,#3027,.F.);
#1169=ORIENTED_EDGE('',*,*,#3028,.T.);
#1170=ORIENTED_EDGE('',*,*,#3025,.T.);
#1171=ORIENTED_EDGE('',*,*,#2787,.T.);
#1172=ORIENTED_EDGE('',*,*,#3029,.F.);
#1173=ORIENTED_EDGE('',*,*,#3030,.T.);
#1174=ORIENTED_EDGE('',*,*,#3027,.T.);
#1175=ORIENTED_EDGE('',*,*,#2786,.T.);
#1176=ORIENTED_EDGE('',*,*,#3031,.F.);
#1177=ORIENTED_EDGE('',*,*,#3032,.T.);
#1178=ORIENTED_EDGE('',*,*,#3029,.T.);
#1179=ORIENTED_EDGE('',*,*,#2785,.T.);
#1180=ORIENTED_EDGE('',*,*,#3033,.F.);
#1181=ORIENTED_EDGE('',*,*,#3034,.T.);
#1182=ORIENTED_EDGE('',*,*,#3031,.T.);
#1183=ORIENTED_EDGE('',*,*,#2784,.T.);
#1184=ORIENTED_EDGE('',*,*,#3000,.F.);
#1185=ORIENTED_EDGE('',*,*,#3035,.T.);
#1186=ORIENTED_EDGE('',*,*,#3033,.T.);
#1187=ORIENTED_EDGE('',*,*,#2782,.T.);
#1188=ORIENTED_EDGE('',*,*,#3036,.F.);
#1189=ORIENTED_EDGE('',*,*,#3037,.T.);
#1190=ORIENTED_EDGE('',*,*,#2998,.T.);
#1191=ORIENTED_EDGE('',*,*,#2781,.T.);
#1192=ORIENTED_EDGE('',*,*,#3038,.F.);
#1193=ORIENTED_EDGE('',*,*,#3039,.T.);
#1194=ORIENTED_EDGE('',*,*,#3036,.T.);
#1195=ORIENTED_EDGE('',*,*,#2780,.T.);
#1196=ORIENTED_EDGE('',*,*,#3040,.F.);
#1197=ORIENTED_EDGE('',*,*,#3041,.T.);
#1198=ORIENTED_EDGE('',*,*,#3038,.T.);
#1199=ORIENTED_EDGE('',*,*,#2779,.T.);
#1200=ORIENTED_EDGE('',*,*,#3042,.F.);
#1201=ORIENTED_EDGE('',*,*,#3043,.T.);
#1202=ORIENTED_EDGE('',*,*,#3040,.T.);
#1203=ORIENTED_EDGE('',*,*,#2778,.T.);
#1204=ORIENTED_EDGE('',*,*,#3003,.F.);
#1205=ORIENTED_EDGE('',*,*,#3044,.T.);
#1206=ORIENTED_EDGE('',*,*,#3042,.T.);
#1207=ORIENTED_EDGE('',*,*,#3043,.F.);
#1208=ORIENTED_EDGE('',*,*,#3044,.F.);
#1209=ORIENTED_EDGE('',*,*,#3002,.F.);
#1210=ORIENTED_EDGE('',*,*,#3005,.F.);
#1211=ORIENTED_EDGE('',*,*,#3007,.F.);
#1212=ORIENTED_EDGE('',*,*,#3009,.F.);
#1213=ORIENTED_EDGE('',*,*,#3011,.F.);
#1214=ORIENTED_EDGE('',*,*,#3012,.F.);
#1215=ORIENTED_EDGE('',*,*,#2996,.F.);
#1216=ORIENTED_EDGE('',*,*,#3014,.F.);
#1217=ORIENTED_EDGE('',*,*,#3016,.F.);
#1218=ORIENTED_EDGE('',*,*,#3018,.F.);
#1219=ORIENTED_EDGE('',*,*,#3020,.F.);
#1220=ORIENTED_EDGE('',*,*,#3022,.F.);
#1221=ORIENTED_EDGE('',*,*,#3024,.F.);
#1222=ORIENTED_EDGE('',*,*,#3026,.F.);
#1223=ORIENTED_EDGE('',*,*,#3028,.F.);
#1224=ORIENTED_EDGE('',*,*,#3030,.F.);
#1225=ORIENTED_EDGE('',*,*,#3032,.F.);
#1226=ORIENTED_EDGE('',*,*,#3034,.F.);
#1227=ORIENTED_EDGE('',*,*,#3035,.F.);
#1228=ORIENTED_EDGE('',*,*,#2999,.F.);
#1229=ORIENTED_EDGE('',*,*,#3037,.F.);
#1230=ORIENTED_EDGE('',*,*,#3039,.F.);
#1231=ORIENTED_EDGE('',*,*,#3041,.F.);
#1232=ORIENTED_EDGE('',*,*,#3045,.F.);
#1233=ORIENTED_EDGE('',*,*,#3046,.T.);
#1234=ORIENTED_EDGE('',*,*,#3047,.T.);
#1235=ORIENTED_EDGE('',*,*,#2767,.F.);
#1236=ORIENTED_EDGE('',*,*,#3048,.F.);
#1237=ORIENTED_EDGE('',*,*,#3049,.T.);
#1238=ORIENTED_EDGE('',*,*,#3045,.T.);
#1239=ORIENTED_EDGE('',*,*,#2766,.F.);
#1240=ORIENTED_EDGE('',*,*,#3050,.F.);
#1241=ORIENTED_EDGE('',*,*,#3051,.T.);
#1242=ORIENTED_EDGE('',*,*,#3048,.T.);
#1243=ORIENTED_EDGE('',*,*,#2765,.F.);
#1244=ORIENTED_EDGE('',*,*,#3052,.F.);
#1245=ORIENTED_EDGE('',*,*,#3053,.T.);
#1246=ORIENTED_EDGE('',*,*,#3050,.T.);
#1247=ORIENTED_EDGE('',*,*,#2764,.F.);
#1248=ORIENTED_EDGE('',*,*,#3054,.F.);
#1249=ORIENTED_EDGE('',*,*,#3055,.T.);
#1250=ORIENTED_EDGE('',*,*,#3052,.T.);
#1251=ORIENTED_EDGE('',*,*,#2763,.F.);
#1252=ORIENTED_EDGE('',*,*,#3056,.F.);
#1253=ORIENTED_EDGE('',*,*,#3057,.T.);
#1254=ORIENTED_EDGE('',*,*,#3054,.T.);
#1255=ORIENTED_EDGE('',*,*,#2762,.F.);
#1256=ORIENTED_EDGE('',*,*,#3058,.F.);
#1257=ORIENTED_EDGE('',*,*,#3059,.T.);
#1258=ORIENTED_EDGE('',*,*,#3060,.T.);
#1259=ORIENTED_EDGE('',*,*,#2757,.F.);
#1260=ORIENTED_EDGE('',*,*,#3061,.F.);
#1261=ORIENTED_EDGE('',*,*,#3062,.T.);
#1262=ORIENTED_EDGE('',*,*,#3058,.T.);
#1263=ORIENTED_EDGE('',*,*,#2756,.F.);
#1264=ORIENTED_EDGE('',*,*,#3063,.F.);
#1265=ORIENTED_EDGE('',*,*,#3064,.T.);
#1266=ORIENTED_EDGE('',*,*,#3061,.T.);
#1267=ORIENTED_EDGE('',*,*,#2755,.F.);
#1268=ORIENTED_EDGE('',*,*,#2754,.T.);
#1269=ORIENTED_EDGE('',*,*,#3065,.F.);
#1270=ORIENTED_EDGE('',*,*,#3066,.T.);
#1271=ORIENTED_EDGE('',*,*,#3063,.T.);
#1272=ORIENTED_EDGE('',*,*,#2770,.T.);
#1273=ORIENTED_EDGE('',*,*,#3067,.F.);
#1274=ORIENTED_EDGE('',*,*,#3068,.T.);
#1275=ORIENTED_EDGE('',*,*,#3065,.T.);
#1276=ORIENTED_EDGE('',*,*,#2769,.T.);
#1277=ORIENTED_EDGE('',*,*,#3069,.F.);
#1278=ORIENTED_EDGE('',*,*,#3070,.T.);
#1279=ORIENTED_EDGE('',*,*,#3067,.T.);
#1280=ORIENTED_EDGE('',*,*,#2768,.T.);
#1281=ORIENTED_EDGE('',*,*,#3047,.F.);
#1282=ORIENTED_EDGE('',*,*,#3071,.T.);
#1283=ORIENTED_EDGE('',*,*,#3069,.T.);
#1284=ORIENTED_EDGE('',*,*,#2761,.T.);
#1285=ORIENTED_EDGE('',*,*,#3072,.F.);
#1286=ORIENTED_EDGE('',*,*,#3073,.T.);
#1287=ORIENTED_EDGE('',*,*,#3056,.T.);
#1288=ORIENTED_EDGE('',*,*,#2760,.T.);
#1289=ORIENTED_EDGE('',*,*,#3074,.F.);
#1290=ORIENTED_EDGE('',*,*,#3075,.T.);
#1291=ORIENTED_EDGE('',*,*,#3072,.T.);
#1292=ORIENTED_EDGE('',*,*,#2759,.T.);
#1293=ORIENTED_EDGE('',*,*,#3076,.F.);
#1294=ORIENTED_EDGE('',*,*,#3077,.T.);
#1295=ORIENTED_EDGE('',*,*,#3074,.T.);
#1296=ORIENTED_EDGE('',*,*,#2758,.T.);
#1297=ORIENTED_EDGE('',*,*,#3060,.F.);
#1298=ORIENTED_EDGE('',*,*,#3078,.T.);
#1299=ORIENTED_EDGE('',*,*,#3076,.T.);
#1300=ORIENTED_EDGE('',*,*,#3062,.F.);
#1301=ORIENTED_EDGE('',*,*,#3064,.F.);
#1302=ORIENTED_EDGE('',*,*,#3066,.F.);
#1303=ORIENTED_EDGE('',*,*,#3068,.F.);
#1304=ORIENTED_EDGE('',*,*,#3070,.F.);
#1305=ORIENTED_EDGE('',*,*,#3071,.F.);
#1306=ORIENTED_EDGE('',*,*,#3046,.F.);
#1307=ORIENTED_EDGE('',*,*,#3049,.F.);
#1308=ORIENTED_EDGE('',*,*,#3051,.F.);
#1309=ORIENTED_EDGE('',*,*,#3053,.F.);
#1310=ORIENTED_EDGE('',*,*,#3055,.F.);
#1311=ORIENTED_EDGE('',*,*,#3057,.F.);
#1312=ORIENTED_EDGE('',*,*,#3073,.F.);
#1313=ORIENTED_EDGE('',*,*,#3075,.F.);
#1314=ORIENTED_EDGE('',*,*,#3077,.F.);
#1315=ORIENTED_EDGE('',*,*,#3078,.F.);
#1316=ORIENTED_EDGE('',*,*,#3059,.F.);
#1317=ORIENTED_EDGE('',*,*,#3079,.F.);
#1318=ORIENTED_EDGE('',*,*,#3080,.T.);
#1319=ORIENTED_EDGE('',*,*,#3081,.T.);
#1320=ORIENTED_EDGE('',*,*,#2803,.F.);
#1321=ORIENTED_EDGE('',*,*,#3082,.F.);
#1322=ORIENTED_EDGE('',*,*,#3083,.T.);
#1323=ORIENTED_EDGE('',*,*,#3084,.T.);
#1324=ORIENTED_EDGE('',*,*,#2813,.F.);
#1325=ORIENTED_EDGE('',*,*,#3085,.F.);
#1326=ORIENTED_EDGE('',*,*,#3086,.T.);
#1327=ORIENTED_EDGE('',*,*,#3082,.T.);
#1328=ORIENTED_EDGE('',*,*,#2812,.F.);
#1329=ORIENTED_EDGE('',*,*,#3087,.F.);
#1330=ORIENTED_EDGE('',*,*,#3088,.T.);
#1331=ORIENTED_EDGE('',*,*,#3089,.T.);
#1332=ORIENTED_EDGE('',*,*,#3090,.F.);
#1333=ORIENTED_EDGE('',*,*,#2802,.T.);
#1334=ORIENTED_EDGE('',*,*,#3091,.F.);
#1335=ORIENTED_EDGE('',*,*,#3092,.T.);
#1336=ORIENTED_EDGE('',*,*,#3079,.T.);
#1337=ORIENTED_EDGE('',*,*,#2815,.T.);
#1338=ORIENTED_EDGE('',*,*,#3093,.F.);
#1339=ORIENTED_EDGE('',*,*,#3094,.T.);
#1340=ORIENTED_EDGE('',*,*,#3091,.T.);
#1341=ORIENTED_EDGE('',*,*,#2814,.T.);
#1342=ORIENTED_EDGE('',*,*,#3084,.F.);
#1343=ORIENTED_EDGE('',*,*,#3095,.T.);
#1344=ORIENTED_EDGE('',*,*,#3093,.T.);
#1345=ORIENTED_EDGE('',*,*,#2811,.T.);
#1346=ORIENTED_EDGE('',*,*,#3096,.F.);
#1347=ORIENTED_EDGE('',*,*,#3097,.T.);
#1348=ORIENTED_EDGE('',*,*,#3085,.T.);
#1349=ORIENTED_EDGE('',*,*,#2810,.T.);
#1350=ORIENTED_EDGE('',*,*,#3098,.F.);
#1351=ORIENTED_EDGE('',*,*,#3099,.T.);
#1352=ORIENTED_EDGE('',*,*,#3096,.T.);
#1353=ORIENTED_EDGE('',*,*,#2809,.T.);
#1354=ORIENTED_EDGE('',*,*,#3100,.F.);
#1355=ORIENTED_EDGE('',*,*,#3101,.T.);
#1356=ORIENTED_EDGE('',*,*,#3098,.T.);
#1357=ORIENTED_EDGE('',*,*,#2808,.T.);
#1358=ORIENTED_EDGE('',*,*,#3102,.F.);
#1359=ORIENTED_EDGE('',*,*,#3103,.T.);
#1360=ORIENTED_EDGE('',*,*,#3100,.T.);
#1361=ORIENTED_EDGE('',*,*,#2807,.T.);
#1362=ORIENTED_EDGE('',*,*,#3104,.F.);
#1363=ORIENTED_EDGE('',*,*,#3105,.T.);
#1364=ORIENTED_EDGE('',*,*,#3102,.T.);
#1365=ORIENTED_EDGE('',*,*,#2806,.T.);
#1366=ORIENTED_EDGE('',*,*,#3106,.F.);
#1367=ORIENTED_EDGE('',*,*,#3107,.T.);
#1368=ORIENTED_EDGE('',*,*,#3104,.T.);
#1369=ORIENTED_EDGE('',*,*,#2805,.T.);
#1370=ORIENTED_EDGE('',*,*,#3108,.F.);
#1371=ORIENTED_EDGE('',*,*,#3109,.T.);
#1372=ORIENTED_EDGE('',*,*,#3106,.T.);
#1373=ORIENTED_EDGE('',*,*,#3110,.T.);
#1374=ORIENTED_EDGE('',*,*,#3111,.F.);
#1375=ORIENTED_EDGE('',*,*,#3112,.T.);
#1376=ORIENTED_EDGE('',*,*,#3087,.T.);
#1377=ORIENTED_EDGE('',*,*,#3113,.T.);
#1378=ORIENTED_EDGE('',*,*,#3114,.F.);
#1379=ORIENTED_EDGE('',*,*,#3115,.T.);
#1380=ORIENTED_EDGE('',*,*,#3111,.T.);
#1381=ORIENTED_EDGE('',*,*,#3116,.T.);
#1382=ORIENTED_EDGE('',*,*,#3117,.F.);
#1383=ORIENTED_EDGE('',*,*,#3118,.T.);
#1384=ORIENTED_EDGE('',*,*,#3114,.T.);
#1385=ORIENTED_EDGE('',*,*,#3119,.T.);
#1386=ORIENTED_EDGE('',*,*,#3089,.F.);
#1387=ORIENTED_EDGE('',*,*,#3120,.T.);
#1388=ORIENTED_EDGE('',*,*,#3117,.T.);
#1389=ORIENTED_EDGE('',*,*,#2804,.T.);
#1390=ORIENTED_EDGE('',*,*,#3081,.F.);
#1391=ORIENTED_EDGE('',*,*,#3121,.T.);
#1392=ORIENTED_EDGE('',*,*,#3108,.T.);
#1393=ORIENTED_EDGE('',*,*,#3118,.F.);
#1394=ORIENTED_EDGE('',*,*,#3120,.F.);
#1395=ORIENTED_EDGE('',*,*,#3088,.F.);
#1396=ORIENTED_EDGE('',*,*,#3112,.F.);
#1397=ORIENTED_EDGE('',*,*,#3115,.F.);
#1398=ORIENTED_EDGE('',*,*,#3109,.F.);
#1399=ORIENTED_EDGE('',*,*,#3121,.F.);
#1400=ORIENTED_EDGE('',*,*,#3080,.F.);
#1401=ORIENTED_EDGE('',*,*,#3092,.F.);
#1402=ORIENTED_EDGE('',*,*,#3094,.F.);
#1403=ORIENTED_EDGE('',*,*,#3095,.F.);
#1404=ORIENTED_EDGE('',*,*,#3083,.F.);
#1405=ORIENTED_EDGE('',*,*,#3086,.F.);
#1406=ORIENTED_EDGE('',*,*,#3097,.F.);
#1407=ORIENTED_EDGE('',*,*,#3099,.F.);
#1408=ORIENTED_EDGE('',*,*,#3101,.F.);
#1409=ORIENTED_EDGE('',*,*,#3103,.F.);
#1410=ORIENTED_EDGE('',*,*,#3105,.F.);
#1411=ORIENTED_EDGE('',*,*,#3107,.F.);
#1412=ORIENTED_EDGE('',*,*,#3110,.F.);
#1413=ORIENTED_EDGE('',*,*,#3090,.T.);
#1414=ORIENTED_EDGE('',*,*,#3119,.F.);
#1415=ORIENTED_EDGE('',*,*,#3116,.F.);
#1416=ORIENTED_EDGE('',*,*,#3113,.F.);
#1417=ORIENTED_EDGE('',*,*,#3122,.F.);
#1418=ORIENTED_EDGE('',*,*,#3123,.T.);
#1419=ORIENTED_EDGE('',*,*,#3124,.T.);
#1420=ORIENTED_EDGE('',*,*,#2830,.F.);
#1421=ORIENTED_EDGE('',*,*,#3125,.F.);
#1422=ORIENTED_EDGE('',*,*,#3126,.T.);
#1423=ORIENTED_EDGE('',*,*,#3127,.T.);
#1424=ORIENTED_EDGE('',*,*,#2828,.F.);
#1425=ORIENTED_EDGE('',*,*,#3128,.F.);
#1426=ORIENTED_EDGE('',*,*,#3129,.T.);
#1427=ORIENTED_EDGE('',*,*,#3125,.T.);
#1428=ORIENTED_EDGE('',*,*,#2827,.F.);
#1429=ORIENTED_EDGE('',*,*,#3130,.F.);
#1430=ORIENTED_EDGE('',*,*,#3131,.T.);
#1431=ORIENTED_EDGE('',*,*,#3128,.T.);
#1432=ORIENTED_EDGE('',*,*,#2826,.F.);
#1433=ORIENTED_EDGE('',*,*,#3132,.F.);
#1434=ORIENTED_EDGE('',*,*,#3133,.T.);
#1435=ORIENTED_EDGE('',*,*,#3130,.T.);
#1436=ORIENTED_EDGE('',*,*,#2825,.F.);
#1437=ORIENTED_EDGE('',*,*,#3134,.F.);
#1438=ORIENTED_EDGE('',*,*,#3135,.T.);
#1439=ORIENTED_EDGE('',*,*,#3132,.T.);
#1440=ORIENTED_EDGE('',*,*,#2824,.F.);
#1441=ORIENTED_EDGE('',*,*,#3136,.F.);
#1442=ORIENTED_EDGE('',*,*,#3137,.T.);
#1443=ORIENTED_EDGE('',*,*,#3138,.T.);
#1444=ORIENTED_EDGE('',*,*,#2819,.F.);
#1445=ORIENTED_EDGE('',*,*,#3139,.F.);
#1446=ORIENTED_EDGE('',*,*,#3140,.T.);
#1447=ORIENTED_EDGE('',*,*,#3136,.T.);
#1448=ORIENTED_EDGE('',*,*,#2818,.F.);
#1449=ORIENTED_EDGE('',*,*,#3141,.F.);
#1450=ORIENTED_EDGE('',*,*,#3142,.T.);
#1451=ORIENTED_EDGE('',*,*,#3139,.T.);
#1452=ORIENTED_EDGE('',*,*,#2817,.F.);
#1453=ORIENTED_EDGE('',*,*,#2816,.T.);
#1454=ORIENTED_EDGE('',*,*,#3143,.F.);
#1455=ORIENTED_EDGE('',*,*,#3144,.T.);
#1456=ORIENTED_EDGE('',*,*,#3141,.T.);
#1457=ORIENTED_EDGE('',*,*,#2833,.T.);
#1458=ORIENTED_EDGE('',*,*,#3145,.F.);
#1459=ORIENTED_EDGE('',*,*,#3146,.T.);
#1460=ORIENTED_EDGE('',*,*,#3143,.T.);
#1461=ORIENTED_EDGE('',*,*,#2832,.T.);
#1462=ORIENTED_EDGE('',*,*,#3147,.F.);
#1463=ORIENTED_EDGE('',*,*,#3148,.T.);
#1464=ORIENTED_EDGE('',*,*,#3145,.T.);
#1465=ORIENTED_EDGE('',*,*,#2831,.T.);
#1466=ORIENTED_EDGE('',*,*,#3124,.F.);
#1467=ORIENTED_EDGE('',*,*,#3149,.T.);
#1468=ORIENTED_EDGE('',*,*,#3147,.T.);
#1469=ORIENTED_EDGE('',*,*,#2829,.T.);
#1470=ORIENTED_EDGE('',*,*,#3127,.F.);
#1471=ORIENTED_EDGE('',*,*,#3150,.T.);
#1472=ORIENTED_EDGE('',*,*,#3122,.T.);
#1473=ORIENTED_EDGE('',*,*,#2823,.T.);
#1474=ORIENTED_EDGE('',*,*,#3151,.F.);
#1475=ORIENTED_EDGE('',*,*,#3152,.T.);
#1476=ORIENTED_EDGE('',*,*,#3134,.T.);
#1477=ORIENTED_EDGE('',*,*,#2822,.T.);
#1478=ORIENTED_EDGE('',*,*,#3153,.F.);
#1479=ORIENTED_EDGE('',*,*,#3154,.T.);
#1480=ORIENTED_EDGE('',*,*,#3151,.T.);
#1481=ORIENTED_EDGE('',*,*,#2821,.T.);
#1482=ORIENTED_EDGE('',*,*,#3155,.F.);
#1483=ORIENTED_EDGE('',*,*,#3156,.T.);
#1484=ORIENTED_EDGE('',*,*,#3153,.T.);
#1485=ORIENTED_EDGE('',*,*,#2820,.T.);
#1486=ORIENTED_EDGE('',*,*,#3138,.F.);
#1487=ORIENTED_EDGE('',*,*,#3157,.T.);
#1488=ORIENTED_EDGE('',*,*,#3155,.T.);
#1489=ORIENTED_EDGE('',*,*,#3140,.F.);
#1490=ORIENTED_EDGE('',*,*,#3142,.F.);
#1491=ORIENTED_EDGE('',*,*,#3144,.F.);
#1492=ORIENTED_EDGE('',*,*,#3146,.F.);
#1493=ORIENTED_EDGE('',*,*,#3148,.F.);
#1494=ORIENTED_EDGE('',*,*,#3149,.F.);
#1495=ORIENTED_EDGE('',*,*,#3123,.F.);
#1496=ORIENTED_EDGE('',*,*,#3150,.F.);
#1497=ORIENTED_EDGE('',*,*,#3126,.F.);
#1498=ORIENTED_EDGE('',*,*,#3129,.F.);
#1499=ORIENTED_EDGE('',*,*,#3131,.F.);
#1500=ORIENTED_EDGE('',*,*,#3133,.F.);
#1501=ORIENTED_EDGE('',*,*,#3135,.F.);
#1502=ORIENTED_EDGE('',*,*,#3152,.F.);
#1503=ORIENTED_EDGE('',*,*,#3154,.F.);
#1504=ORIENTED_EDGE('',*,*,#3156,.F.);
#1505=ORIENTED_EDGE('',*,*,#3157,.F.);
#1506=ORIENTED_EDGE('',*,*,#3137,.F.);
#1507=ORIENTED_EDGE('',*,*,#3158,.F.);
#1508=ORIENTED_EDGE('',*,*,#3159,.T.);
#1509=ORIENTED_EDGE('',*,*,#3160,.T.);
#1510=ORIENTED_EDGE('',*,*,#2736,.F.);
#1511=ORIENTED_EDGE('',*,*,#3161,.F.);
#1512=ORIENTED_EDGE('',*,*,#3162,.T.);
#1513=ORIENTED_EDGE('',*,*,#3158,.T.);
#1514=ORIENTED_EDGE('',*,*,#2735,.F.);
#1515=ORIENTED_EDGE('',*,*,#3163,.F.);
#1516=ORIENTED_EDGE('',*,*,#3164,.T.);
#1517=ORIENTED_EDGE('',*,*,#3161,.T.);
#1518=ORIENTED_EDGE('',*,*,#2753,.F.);
#1519=ORIENTED_EDGE('',*,*,#3165,.F.);
#1520=ORIENTED_EDGE('',*,*,#3166,.T.);
#1521=ORIENTED_EDGE('',*,*,#3163,.T.);
#1522=ORIENTED_EDGE('',*,*,#2752,.F.);
#1523=ORIENTED_EDGE('',*,*,#3167,.F.);
#1524=ORIENTED_EDGE('',*,*,#3168,.T.);
#1525=ORIENTED_EDGE('',*,*,#3165,.T.);
#1526=ORIENTED_EDGE('',*,*,#2751,.F.);
#1527=ORIENTED_EDGE('',*,*,#3169,.F.);
#1528=ORIENTED_EDGE('',*,*,#3170,.T.);
#1529=ORIENTED_EDGE('',*,*,#3167,.T.);
#1530=ORIENTED_EDGE('',*,*,#2750,.F.);
#1531=ORIENTED_EDGE('',*,*,#3171,.F.);
#1532=ORIENTED_EDGE('',*,*,#3172,.T.);
#1533=ORIENTED_EDGE('',*,*,#3169,.T.);
#1534=ORIENTED_EDGE('',*,*,#2749,.F.);
#1535=ORIENTED_EDGE('',*,*,#3173,.F.);
#1536=ORIENTED_EDGE('',*,*,#3174,.T.);
#1537=ORIENTED_EDGE('',*,*,#3171,.T.);
#1538=ORIENTED_EDGE('',*,*,#2748,.F.);
#1539=ORIENTED_EDGE('',*,*,#3175,.F.);
#1540=ORIENTED_EDGE('',*,*,#3176,.T.);
#1541=ORIENTED_EDGE('',*,*,#3173,.T.);
#1542=ORIENTED_EDGE('',*,*,#2747,.F.);
#1543=ORIENTED_EDGE('',*,*,#3177,.F.);
#1544=ORIENTED_EDGE('',*,*,#3178,.T.);
#1545=ORIENTED_EDGE('',*,*,#3175,.T.);
#1546=ORIENTED_EDGE('',*,*,#2746,.F.);
#1547=ORIENTED_EDGE('',*,*,#3179,.F.);
#1548=ORIENTED_EDGE('',*,*,#3180,.T.);
#1549=ORIENTED_EDGE('',*,*,#3177,.T.);
#1550=ORIENTED_EDGE('',*,*,#2745,.F.);
#1551=ORIENTED_EDGE('',*,*,#3181,.F.);
#1552=ORIENTED_EDGE('',*,*,#3182,.T.);
#1553=ORIENTED_EDGE('',*,*,#3183,.T.);
#1554=ORIENTED_EDGE('',*,*,#2741,.F.);
#1555=ORIENTED_EDGE('',*,*,#2744,.T.);
#1556=ORIENTED_EDGE('',*,*,#3184,.F.);
#1557=ORIENTED_EDGE('',*,*,#3185,.T.);
#1558=ORIENTED_EDGE('',*,*,#3179,.T.);
#1559=ORIENTED_EDGE('',*,*,#2743,.T.);
#1560=ORIENTED_EDGE('',*,*,#3186,.F.);
#1561=ORIENTED_EDGE('',*,*,#3187,.T.);
#1562=ORIENTED_EDGE('',*,*,#3184,.T.);
#1563=ORIENTED_EDGE('',*,*,#2742,.T.);
#1564=ORIENTED_EDGE('',*,*,#3183,.F.);
#1565=ORIENTED_EDGE('',*,*,#3188,.T.);
#1566=ORIENTED_EDGE('',*,*,#3186,.T.);
#1567=ORIENTED_EDGE('',*,*,#2740,.T.);
#1568=ORIENTED_EDGE('',*,*,#3189,.F.);
#1569=ORIENTED_EDGE('',*,*,#3190,.T.);
#1570=ORIENTED_EDGE('',*,*,#3181,.T.);
#1571=ORIENTED_EDGE('',*,*,#2739,.T.);
#1572=ORIENTED_EDGE('',*,*,#3191,.F.);
#1573=ORIENTED_EDGE('',*,*,#3192,.T.);
#1574=ORIENTED_EDGE('',*,*,#3189,.T.);
#1575=ORIENTED_EDGE('',*,*,#2738,.T.);
#1576=ORIENTED_EDGE('',*,*,#3193,.F.);
#1577=ORIENTED_EDGE('',*,*,#3194,.T.);
#1578=ORIENTED_EDGE('',*,*,#3191,.T.);
#1579=ORIENTED_EDGE('',*,*,#2737,.T.);
#1580=ORIENTED_EDGE('',*,*,#3160,.F.);
#1581=ORIENTED_EDGE('',*,*,#3195,.T.);
#1582=ORIENTED_EDGE('',*,*,#3193,.T.);
#1583=ORIENTED_EDGE('',*,*,#3194,.F.);
#1584=ORIENTED_EDGE('',*,*,#3195,.F.);
#1585=ORIENTED_EDGE('',*,*,#3159,.F.);
#1586=ORIENTED_EDGE('',*,*,#3162,.F.);
#1587=ORIENTED_EDGE('',*,*,#3164,.F.);
#1588=ORIENTED_EDGE('',*,*,#3166,.F.);
#1589=ORIENTED_EDGE('',*,*,#3168,.F.);
#1590=ORIENTED_EDGE('',*,*,#3170,.F.);
#1591=ORIENTED_EDGE('',*,*,#3172,.F.);
#1592=ORIENTED_EDGE('',*,*,#3174,.F.);
#1593=ORIENTED_EDGE('',*,*,#3176,.F.);
#1594=ORIENTED_EDGE('',*,*,#3178,.F.);
#1595=ORIENTED_EDGE('',*,*,#3180,.F.);
#1596=ORIENTED_EDGE('',*,*,#3185,.F.);
#1597=ORIENTED_EDGE('',*,*,#3187,.F.);
#1598=ORIENTED_EDGE('',*,*,#3188,.F.);
#1599=ORIENTED_EDGE('',*,*,#3182,.F.);
#1600=ORIENTED_EDGE('',*,*,#3190,.F.);
#1601=ORIENTED_EDGE('',*,*,#3192,.F.);
#1602=ORIENTED_EDGE('',*,*,#3196,.F.);
#1603=ORIENTED_EDGE('',*,*,#3197,.T.);
#1604=ORIENTED_EDGE('',*,*,#3198,.T.);
#1605=ORIENTED_EDGE('',*,*,#2722,.F.);
#1606=ORIENTED_EDGE('',*,*,#3199,.F.);
#1607=ORIENTED_EDGE('',*,*,#3200,.T.);
#1608=ORIENTED_EDGE('',*,*,#3201,.T.);
#1609=ORIENTED_EDGE('',*,*,#2732,.F.);
#1610=ORIENTED_EDGE('',*,*,#3202,.F.);
#1611=ORIENTED_EDGE('',*,*,#3203,.T.);
#1612=ORIENTED_EDGE('',*,*,#3199,.T.);
#1613=ORIENTED_EDGE('',*,*,#2731,.F.);
#1614=ORIENTED_EDGE('',*,*,#3204,.F.);
#1615=ORIENTED_EDGE('',*,*,#3205,.T.);
#1616=ORIENTED_EDGE('',*,*,#3206,.T.);
#1617=ORIENTED_EDGE('',*,*,#3207,.F.);
#1618=ORIENTED_EDGE('',*,*,#2721,.T.);
#1619=ORIENTED_EDGE('',*,*,#3208,.F.);
#1620=ORIENTED_EDGE('',*,*,#3209,.T.);
#1621=ORIENTED_EDGE('',*,*,#3196,.T.);
#1622=ORIENTED_EDGE('',*,*,#2734,.T.);
#1623=ORIENTED_EDGE('',*,*,#3210,.F.);
#1624=ORIENTED_EDGE('',*,*,#3211,.T.);
#1625=ORIENTED_EDGE('',*,*,#3208,.T.);
#1626=ORIENTED_EDGE('',*,*,#2733,.T.);
#1627=ORIENTED_EDGE('',*,*,#3201,.F.);
#1628=ORIENTED_EDGE('',*,*,#3212,.T.);
#1629=ORIENTED_EDGE('',*,*,#3210,.T.);
#1630=ORIENTED_EDGE('',*,*,#2730,.T.);
#1631=ORIENTED_EDGE('',*,*,#3213,.F.);
#1632=ORIENTED_EDGE('',*,*,#3214,.T.);
#1633=ORIENTED_EDGE('',*,*,#3202,.T.);
#1634=ORIENTED_EDGE('',*,*,#2729,.T.);
#1635=ORIENTED_EDGE('',*,*,#3215,.F.);
#1636=ORIENTED_EDGE('',*,*,#3216,.T.);
#1637=ORIENTED_EDGE('',*,*,#3213,.T.);
#1638=ORIENTED_EDGE('',*,*,#2728,.T.);
#1639=ORIENTED_EDGE('',*,*,#3217,.F.);
#1640=ORIENTED_EDGE('',*,*,#3218,.T.);
#1641=ORIENTED_EDGE('',*,*,#3215,.T.);
#1642=ORIENTED_EDGE('',*,*,#2727,.T.);
#1643=ORIENTED_EDGE('',*,*,#3219,.F.);
#1644=ORIENTED_EDGE('',*,*,#3220,.T.);
#1645=ORIENTED_EDGE('',*,*,#3217,.T.);
#1646=ORIENTED_EDGE('',*,*,#2726,.T.);
#1647=ORIENTED_EDGE('',*,*,#3221,.F.);
#1648=ORIENTED_EDGE('',*,*,#3222,.T.);
#1649=ORIENTED_EDGE('',*,*,#3219,.T.);
#1650=ORIENTED_EDGE('',*,*,#2725,.T.);
#1651=ORIENTED_EDGE('',*,*,#3223,.F.);
#1652=ORIENTED_EDGE('',*,*,#3224,.T.);
#1653=ORIENTED_EDGE('',*,*,#3221,.T.);
#1654=ORIENTED_EDGE('',*,*,#2724,.T.);
#1655=ORIENTED_EDGE('',*,*,#3225,.F.);
#1656=ORIENTED_EDGE('',*,*,#3226,.T.);
#1657=ORIENTED_EDGE('',*,*,#3223,.T.);
#1658=ORIENTED_EDGE('',*,*,#3227,.T.);
#1659=ORIENTED_EDGE('',*,*,#3228,.F.);
#1660=ORIENTED_EDGE('',*,*,#3229,.T.);
#1661=ORIENTED_EDGE('',*,*,#3204,.T.);
#1662=ORIENTED_EDGE('',*,*,#3230,.T.);
#1663=ORIENTED_EDGE('',*,*,#3231,.F.);
#1664=ORIENTED_EDGE('',*,*,#3232,.T.);
#1665=ORIENTED_EDGE('',*,*,#3228,.T.);
#1666=ORIENTED_EDGE('',*,*,#3233,.T.);
#1667=ORIENTED_EDGE('',*,*,#3234,.F.);
#1668=ORIENTED_EDGE('',*,*,#3235,.T.);
#1669=ORIENTED_EDGE('',*,*,#3231,.T.);
#1670=ORIENTED_EDGE('',*,*,#3236,.T.);
#1671=ORIENTED_EDGE('',*,*,#3206,.F.);
#1672=ORIENTED_EDGE('',*,*,#3237,.T.);
#1673=ORIENTED_EDGE('',*,*,#3234,.T.);
#1674=ORIENTED_EDGE('',*,*,#2723,.T.);
#1675=ORIENTED_EDGE('',*,*,#3198,.F.);
#1676=ORIENTED_EDGE('',*,*,#3238,.T.);
#1677=ORIENTED_EDGE('',*,*,#3225,.T.);
#1678=ORIENTED_EDGE('',*,*,#3235,.F.);
#1679=ORIENTED_EDGE('',*,*,#3237,.F.);
#1680=ORIENTED_EDGE('',*,*,#3205,.F.);
#1681=ORIENTED_EDGE('',*,*,#3229,.F.);
#1682=ORIENTED_EDGE('',*,*,#3232,.F.);
#1683=ORIENTED_EDGE('',*,*,#3226,.F.);
#1684=ORIENTED_EDGE('',*,*,#3238,.F.);
#1685=ORIENTED_EDGE('',*,*,#3197,.F.);
#1686=ORIENTED_EDGE('',*,*,#3209,.F.);
#1687=ORIENTED_EDGE('',*,*,#3211,.F.);
#1688=ORIENTED_EDGE('',*,*,#3212,.F.);
#1689=ORIENTED_EDGE('',*,*,#3200,.F.);
#1690=ORIENTED_EDGE('',*,*,#3203,.F.);
#1691=ORIENTED_EDGE('',*,*,#3214,.F.);
#1692=ORIENTED_EDGE('',*,*,#3216,.F.);
#1693=ORIENTED_EDGE('',*,*,#3218,.F.);
#1694=ORIENTED_EDGE('',*,*,#3220,.F.);
#1695=ORIENTED_EDGE('',*,*,#3222,.F.);
#1696=ORIENTED_EDGE('',*,*,#3224,.F.);
#1697=ORIENTED_EDGE('',*,*,#3227,.F.);
#1698=ORIENTED_EDGE('',*,*,#3207,.T.);
#1699=ORIENTED_EDGE('',*,*,#3236,.F.);
#1700=ORIENTED_EDGE('',*,*,#3233,.F.);
#1701=ORIENTED_EDGE('',*,*,#3230,.F.);
#1702=ORIENTED_EDGE('',*,*,#3239,.F.);
#1703=ORIENTED_EDGE('',*,*,#3240,.T.);
#1704=ORIENTED_EDGE('',*,*,#3241,.T.);
#1705=ORIENTED_EDGE('',*,*,#2704,.F.);
#1706=ORIENTED_EDGE('',*,*,#3242,.F.);
#1707=ORIENTED_EDGE('',*,*,#3243,.T.);
#1708=ORIENTED_EDGE('',*,*,#3244,.T.);
#1709=ORIENTED_EDGE('',*,*,#2720,.F.);
#1710=ORIENTED_EDGE('',*,*,#3245,.F.);
#1711=ORIENTED_EDGE('',*,*,#3246,.T.);
#1712=ORIENTED_EDGE('',*,*,#3242,.T.);
#1713=ORIENTED_EDGE('',*,*,#2719,.F.);
#1714=ORIENTED_EDGE('',*,*,#3247,.F.);
#1715=ORIENTED_EDGE('',*,*,#3248,.T.);
#1716=ORIENTED_EDGE('',*,*,#3245,.T.);
#1717=ORIENTED_EDGE('',*,*,#2718,.F.);
#1718=ORIENTED_EDGE('',*,*,#3249,.F.);
#1719=ORIENTED_EDGE('',*,*,#3250,.T.);
#1720=ORIENTED_EDGE('',*,*,#3247,.T.);
#1721=ORIENTED_EDGE('',*,*,#2717,.F.);
#1722=ORIENTED_EDGE('',*,*,#3251,.F.);
#1723=ORIENTED_EDGE('',*,*,#3252,.T.);
#1724=ORIENTED_EDGE('',*,*,#3249,.T.);
#1725=ORIENTED_EDGE('',*,*,#2716,.F.);
#1726=ORIENTED_EDGE('',*,*,#3253,.F.);
#1727=ORIENTED_EDGE('',*,*,#3254,.T.);
#1728=ORIENTED_EDGE('',*,*,#3251,.T.);
#1729=ORIENTED_EDGE('',*,*,#2715,.F.);
#1730=ORIENTED_EDGE('',*,*,#3255,.F.);
#1731=ORIENTED_EDGE('',*,*,#3256,.T.);
#1732=ORIENTED_EDGE('',*,*,#3253,.T.);
#1733=ORIENTED_EDGE('',*,*,#2714,.F.);
#1734=ORIENTED_EDGE('',*,*,#3257,.F.);
#1735=ORIENTED_EDGE('',*,*,#3258,.T.);
#1736=ORIENTED_EDGE('',*,*,#3255,.T.);
#1737=ORIENTED_EDGE('',*,*,#2713,.F.);
#1738=ORIENTED_EDGE('',*,*,#3259,.F.);
#1739=ORIENTED_EDGE('',*,*,#3260,.T.);
#1740=ORIENTED_EDGE('',*,*,#3257,.T.);
#1741=ORIENTED_EDGE('',*,*,#2712,.F.);
#1742=ORIENTED_EDGE('',*,*,#3261,.F.);
#1743=ORIENTED_EDGE('',*,*,#3262,.T.);
#1744=ORIENTED_EDGE('',*,*,#3259,.T.);
#1745=ORIENTED_EDGE('',*,*,#2711,.F.);
#1746=ORIENTED_EDGE('',*,*,#3263,.F.);
#1747=ORIENTED_EDGE('',*,*,#3264,.T.);
#1748=ORIENTED_EDGE('',*,*,#3261,.T.);
#1749=ORIENTED_EDGE('',*,*,#2710,.F.);
#1750=ORIENTED_EDGE('',*,*,#3265,.F.);
#1751=ORIENTED_EDGE('',*,*,#3266,.T.);
#1752=ORIENTED_EDGE('',*,*,#3267,.T.);
#1753=ORIENTED_EDGE('',*,*,#2708,.F.);
#1754=ORIENTED_EDGE('',*,*,#3268,.F.);
#1755=ORIENTED_EDGE('',*,*,#3269,.T.);
#1756=ORIENTED_EDGE('',*,*,#3265,.T.);
#1757=ORIENTED_EDGE('',*,*,#2707,.F.);
#1758=ORIENTED_EDGE('',*,*,#3270,.F.);
#1759=ORIENTED_EDGE('',*,*,#3271,.T.);
#1760=ORIENTED_EDGE('',*,*,#3268,.T.);
#1761=ORIENTED_EDGE('',*,*,#2706,.F.);
#1762=ORIENTED_EDGE('',*,*,#3241,.F.);
#1763=ORIENTED_EDGE('',*,*,#3272,.T.);
#1764=ORIENTED_EDGE('',*,*,#3270,.T.);
#1765=ORIENTED_EDGE('',*,*,#2705,.F.);
#1766=ORIENTED_EDGE('',*,*,#2703,.T.);
#1767=ORIENTED_EDGE('',*,*,#3244,.F.);
#1768=ORIENTED_EDGE('',*,*,#3273,.T.);
#1769=ORIENTED_EDGE('',*,*,#3239,.T.);
#1770=ORIENTED_EDGE('',*,*,#2709,.T.);
#1771=ORIENTED_EDGE('',*,*,#3267,.F.);
#1772=ORIENTED_EDGE('',*,*,#3274,.T.);
#1773=ORIENTED_EDGE('',*,*,#3263,.T.);
#1774=ORIENTED_EDGE('',*,*,#3271,.F.);
#1775=ORIENTED_EDGE('',*,*,#3272,.F.);
#1776=ORIENTED_EDGE('',*,*,#3240,.F.);
#1777=ORIENTED_EDGE('',*,*,#3273,.F.);
#1778=ORIENTED_EDGE('',*,*,#3243,.F.);
#1779=ORIENTED_EDGE('',*,*,#3246,.F.);
#1780=ORIENTED_EDGE('',*,*,#3248,.F.);
#1781=ORIENTED_EDGE('',*,*,#3250,.F.);
#1782=ORIENTED_EDGE('',*,*,#3252,.F.);
#1783=ORIENTED_EDGE('',*,*,#3254,.F.);
#1784=ORIENTED_EDGE('',*,*,#3256,.F.);
#1785=ORIENTED_EDGE('',*,*,#3258,.F.);
#1786=ORIENTED_EDGE('',*,*,#3260,.F.);
#1787=ORIENTED_EDGE('',*,*,#3262,.F.);
#1788=ORIENTED_EDGE('',*,*,#3264,.F.);
#1789=ORIENTED_EDGE('',*,*,#3274,.F.);
#1790=ORIENTED_EDGE('',*,*,#3266,.F.);
#1791=ORIENTED_EDGE('',*,*,#3269,.F.);
#1792=ORIENTED_EDGE('',*,*,#3275,.F.);
#1793=ORIENTED_EDGE('',*,*,#3276,.T.);
#1794=ORIENTED_EDGE('',*,*,#3277,.T.);
#1795=ORIENTED_EDGE('',*,*,#2702,.F.);
#1796=ORIENTED_EDGE('',*,*,#3278,.F.);
#1797=ORIENTED_EDGE('',*,*,#3279,.T.);
#1798=ORIENTED_EDGE('',*,*,#3275,.T.);
#1799=ORIENTED_EDGE('',*,*,#2701,.F.);
#1800=ORIENTED_EDGE('',*,*,#3280,.F.);
#1801=ORIENTED_EDGE('',*,*,#3281,.T.);
#1802=ORIENTED_EDGE('',*,*,#3278,.T.);
#1803=ORIENTED_EDGE('',*,*,#2700,.F.);
#1804=ORIENTED_EDGE('',*,*,#3282,.F.);
#1805=ORIENTED_EDGE('',*,*,#3283,.T.);
#1806=ORIENTED_EDGE('',*,*,#3280,.T.);
#1807=ORIENTED_EDGE('',*,*,#2699,.F.);
#1808=ORIENTED_EDGE('',*,*,#3284,.F.);
#1809=ORIENTED_EDGE('',*,*,#3285,.T.);
#1810=ORIENTED_EDGE('',*,*,#3282,.T.);
#1811=ORIENTED_EDGE('',*,*,#2698,.F.);
#1812=ORIENTED_EDGE('',*,*,#3286,.F.);
#1813=ORIENTED_EDGE('',*,*,#3287,.T.);
#1814=ORIENTED_EDGE('',*,*,#3284,.T.);
#1815=ORIENTED_EDGE('',*,*,#2697,.F.);
#1816=ORIENTED_EDGE('',*,*,#3288,.F.);
#1817=ORIENTED_EDGE('',*,*,#3289,.T.);
#1818=ORIENTED_EDGE('',*,*,#3290,.T.);
#1819=ORIENTED_EDGE('',*,*,#2689,.F.);
#1820=ORIENTED_EDGE('',*,*,#2688,.T.);
#1821=ORIENTED_EDGE('',*,*,#3277,.F.);
#1822=ORIENTED_EDGE('',*,*,#3291,.T.);
#1823=ORIENTED_EDGE('',*,*,#3288,.T.);
#1824=ORIENTED_EDGE('',*,*,#2696,.T.);
#1825=ORIENTED_EDGE('',*,*,#3292,.F.);
#1826=ORIENTED_EDGE('',*,*,#3293,.T.);
#1827=ORIENTED_EDGE('',*,*,#3286,.T.);
#1828=ORIENTED_EDGE('',*,*,#2695,.T.);
#1829=ORIENTED_EDGE('',*,*,#3294,.F.);
#1830=ORIENTED_EDGE('',*,*,#3295,.T.);
#1831=ORIENTED_EDGE('',*,*,#3292,.T.);
#1832=ORIENTED_EDGE('',*,*,#2694,.T.);
#1833=ORIENTED_EDGE('',*,*,#3296,.F.);
#1834=ORIENTED_EDGE('',*,*,#3297,.T.);
#1835=ORIENTED_EDGE('',*,*,#3294,.T.);
#1836=ORIENTED_EDGE('',*,*,#2693,.T.);
#1837=ORIENTED_EDGE('',*,*,#3298,.F.);
#1838=ORIENTED_EDGE('',*,*,#3299,.T.);
#1839=ORIENTED_EDGE('',*,*,#3296,.T.);
#1840=ORIENTED_EDGE('',*,*,#2692,.T.);
#1841=ORIENTED_EDGE('',*,*,#3300,.F.);
#1842=ORIENTED_EDGE('',*,*,#3301,.T.);
#1843=ORIENTED_EDGE('',*,*,#3298,.T.);
#1844=ORIENTED_EDGE('',*,*,#2691,.T.);
#1845=ORIENTED_EDGE('',*,*,#3302,.F.);
#1846=ORIENTED_EDGE('',*,*,#3303,.T.);
#1847=ORIENTED_EDGE('',*,*,#3300,.T.);
#1848=ORIENTED_EDGE('',*,*,#2690,.T.);
#1849=ORIENTED_EDGE('',*,*,#3290,.F.);
#1850=ORIENTED_EDGE('',*,*,#3304,.T.);
#1851=ORIENTED_EDGE('',*,*,#3302,.T.);
#1852=ORIENTED_EDGE('',*,*,#3305,.T.);
#1853=ORIENTED_EDGE('',*,*,#3306,.F.);
#1854=ORIENTED_EDGE('',*,*,#3307,.T.);
#1855=ORIENTED_EDGE('',*,*,#3308,.T.);
#1856=ORIENTED_EDGE('',*,*,#3309,.T.);
#1857=ORIENTED_EDGE('',*,*,#3310,.F.);
#1858=ORIENTED_EDGE('',*,*,#3311,.T.);
#1859=ORIENTED_EDGE('',*,*,#3306,.T.);
#1860=ORIENTED_EDGE('',*,*,#3312,.T.);
#1861=ORIENTED_EDGE('',*,*,#3313,.F.);
#1862=ORIENTED_EDGE('',*,*,#3314,.T.);
#1863=ORIENTED_EDGE('',*,*,#3310,.T.);
#1864=ORIENTED_EDGE('',*,*,#3315,.T.);
#1865=ORIENTED_EDGE('',*,*,#3316,.F.);
#1866=ORIENTED_EDGE('',*,*,#3317,.T.);
#1867=ORIENTED_EDGE('',*,*,#3313,.T.);
#1868=ORIENTED_EDGE('',*,*,#3318,.T.);
#1869=ORIENTED_EDGE('',*,*,#3319,.F.);
#1870=ORIENTED_EDGE('',*,*,#3320,.T.);
#1871=ORIENTED_EDGE('',*,*,#3316,.T.);
#1872=ORIENTED_EDGE('',*,*,#3321,.T.);
#1873=ORIENTED_EDGE('',*,*,#3322,.F.);
#1874=ORIENTED_EDGE('',*,*,#3323,.T.);
#1875=ORIENTED_EDGE('',*,*,#3319,.T.);
#1876=ORIENTED_EDGE('',*,*,#3324,.T.);
#1877=ORIENTED_EDGE('',*,*,#3325,.F.);
#1878=ORIENTED_EDGE('',*,*,#3326,.T.);
#1879=ORIENTED_EDGE('',*,*,#3322,.T.);
#1880=ORIENTED_EDGE('',*,*,#3327,.T.);
#1881=ORIENTED_EDGE('',*,*,#3308,.F.);
#1882=ORIENTED_EDGE('',*,*,#3328,.T.);
#1883=ORIENTED_EDGE('',*,*,#3325,.T.);
#1884=ORIENTED_EDGE('',*,*,#3326,.F.);
#1885=ORIENTED_EDGE('',*,*,#3328,.F.);
#1886=ORIENTED_EDGE('',*,*,#3307,.F.);
#1887=ORIENTED_EDGE('',*,*,#3311,.F.);
#1888=ORIENTED_EDGE('',*,*,#3314,.F.);
#1889=ORIENTED_EDGE('',*,*,#3317,.F.);
#1890=ORIENTED_EDGE('',*,*,#3320,.F.);
#1891=ORIENTED_EDGE('',*,*,#3323,.F.);
#1892=ORIENTED_EDGE('',*,*,#3304,.F.);
#1893=ORIENTED_EDGE('',*,*,#3289,.F.);
#1894=ORIENTED_EDGE('',*,*,#3291,.F.);
#1895=ORIENTED_EDGE('',*,*,#3276,.F.);
#1896=ORIENTED_EDGE('',*,*,#3279,.F.);
#1897=ORIENTED_EDGE('',*,*,#3281,.F.);
#1898=ORIENTED_EDGE('',*,*,#3283,.F.);
#1899=ORIENTED_EDGE('',*,*,#3285,.F.);
#1900=ORIENTED_EDGE('',*,*,#3287,.F.);
#1901=ORIENTED_EDGE('',*,*,#3293,.F.);
#1902=ORIENTED_EDGE('',*,*,#3295,.F.);
#1903=ORIENTED_EDGE('',*,*,#3297,.F.);
#1904=ORIENTED_EDGE('',*,*,#3299,.F.);
#1905=ORIENTED_EDGE('',*,*,#3301,.F.);
#1906=ORIENTED_EDGE('',*,*,#3303,.F.);
#1907=ORIENTED_EDGE('',*,*,#3305,.F.);
#1908=ORIENTED_EDGE('',*,*,#3327,.F.);
#1909=ORIENTED_EDGE('',*,*,#3324,.F.);
#1910=ORIENTED_EDGE('',*,*,#3321,.F.);
#1911=ORIENTED_EDGE('',*,*,#3318,.F.);
#1912=ORIENTED_EDGE('',*,*,#3315,.F.);
#1913=ORIENTED_EDGE('',*,*,#3312,.F.);
#1914=ORIENTED_EDGE('',*,*,#3309,.F.);
#1915=ORIENTED_EDGE('',*,*,#3329,.F.);
#1916=ORIENTED_EDGE('',*,*,#3330,.T.);
#1917=ORIENTED_EDGE('',*,*,#3331,.T.);
#1918=ORIENTED_EDGE('',*,*,#2849,.F.);
#1919=ORIENTED_EDGE('',*,*,#3332,.F.);
#1920=ORIENTED_EDGE('',*,*,#3333,.T.);
#1921=ORIENTED_EDGE('',*,*,#3334,.T.);
#1922=ORIENTED_EDGE('',*,*,#2845,.F.);
#1923=ORIENTED_EDGE('',*,*,#3335,.F.);
#1924=ORIENTED_EDGE('',*,*,#3336,.T.);
#1925=ORIENTED_EDGE('',*,*,#3332,.T.);
#1926=ORIENTED_EDGE('',*,*,#2844,.F.);
#1927=ORIENTED_EDGE('',*,*,#3337,.F.);
#1928=ORIENTED_EDGE('',*,*,#3338,.T.);
#1929=ORIENTED_EDGE('',*,*,#3339,.T.);
#1930=ORIENTED_EDGE('',*,*,#2838,.F.);
#1931=ORIENTED_EDGE('',*,*,#3340,.F.);
#1932=ORIENTED_EDGE('',*,*,#3341,.T.);
#1933=ORIENTED_EDGE('',*,*,#3337,.T.);
#1934=ORIENTED_EDGE('',*,*,#2837,.F.);
#1935=ORIENTED_EDGE('',*,*,#3342,.F.);
#1936=ORIENTED_EDGE('',*,*,#3343,.T.);
#1937=ORIENTED_EDGE('',*,*,#3340,.T.);
#1938=ORIENTED_EDGE('',*,*,#2836,.F.);
#1939=ORIENTED_EDGE('',*,*,#3344,.F.);
#1940=ORIENTED_EDGE('',*,*,#3345,.T.);
#1941=ORIENTED_EDGE('',*,*,#3346,.T.);
#1942=ORIENTED_EDGE('',*,*,#3347,.F.);
#1943=ORIENTED_EDGE('',*,*,#3348,.F.);
#1944=ORIENTED_EDGE('',*,*,#3349,.T.);
#1945=ORIENTED_EDGE('',*,*,#3344,.T.);
#1946=ORIENTED_EDGE('',*,*,#3350,.F.);
#1947=ORIENTED_EDGE('',*,*,#3351,.F.);
#1948=ORIENTED_EDGE('',*,*,#3352,.T.);
#1949=ORIENTED_EDGE('',*,*,#3342,.T.);
#1950=ORIENTED_EDGE('',*,*,#2835,.F.);
#1951=ORIENTED_EDGE('',*,*,#2834,.T.);
#1952=ORIENTED_EDGE('',*,*,#3353,.F.);
#1953=ORIENTED_EDGE('',*,*,#3354,.T.);
#1954=ORIENTED_EDGE('',*,*,#3351,.T.);
#1955=ORIENTED_EDGE('',*,*,#2852,.T.);
#1956=ORIENTED_EDGE('',*,*,#3355,.F.);
#1957=ORIENTED_EDGE('',*,*,#3356,.T.);
#1958=ORIENTED_EDGE('',*,*,#3353,.T.);
#1959=ORIENTED_EDGE('',*,*,#2851,.T.);
#1960=ORIENTED_EDGE('',*,*,#3357,.F.);
#1961=ORIENTED_EDGE('',*,*,#3358,.T.);
#1962=ORIENTED_EDGE('',*,*,#3355,.T.);
#1963=ORIENTED_EDGE('',*,*,#2850,.T.);
#1964=ORIENTED_EDGE('',*,*,#3331,.F.);
#1965=ORIENTED_EDGE('',*,*,#3359,.T.);
#1966=ORIENTED_EDGE('',*,*,#3357,.T.);
#1967=ORIENTED_EDGE('',*,*,#2848,.T.);
#1968=ORIENTED_EDGE('',*,*,#3360,.F.);
#1969=ORIENTED_EDGE('',*,*,#3361,.T.);
#1970=ORIENTED_EDGE('',*,*,#3329,.T.);
#1971=ORIENTED_EDGE('',*,*,#2847,.T.);
#1972=ORIENTED_EDGE('',*,*,#3362,.F.);
#1973=ORIENTED_EDGE('',*,*,#3363,.T.);
#1974=ORIENTED_EDGE('',*,*,#3360,.T.);
#1975=ORIENTED_EDGE('',*,*,#2846,.T.);
#1976=ORIENTED_EDGE('',*,*,#3334,.F.);
#1977=ORIENTED_EDGE('',*,*,#3364,.T.);
#1978=ORIENTED_EDGE('',*,*,#3362,.T.);
#1979=ORIENTED_EDGE('',*,*,#2843,.T.);
#1980=ORIENTED_EDGE('',*,*,#3365,.F.);
#1981=ORIENTED_EDGE('',*,*,#3366,.T.);
#1982=ORIENTED_EDGE('',*,*,#3335,.T.);
#1983=ORIENTED_EDGE('',*,*,#2842,.T.);
#1984=ORIENTED_EDGE('',*,*,#3367,.F.);
#1985=ORIENTED_EDGE('',*,*,#3368,.T.);
#1986=ORIENTED_EDGE('',*,*,#3365,.T.);
#1987=ORIENTED_EDGE('',*,*,#2841,.T.);
#1988=ORIENTED_EDGE('',*,*,#3369,.F.);
#1989=ORIENTED_EDGE('',*,*,#3370,.T.);
#1990=ORIENTED_EDGE('',*,*,#3367,.T.);
#1991=ORIENTED_EDGE('',*,*,#2840,.T.);
#1992=ORIENTED_EDGE('',*,*,#3371,.F.);
#1993=ORIENTED_EDGE('',*,*,#3372,.T.);
#1994=ORIENTED_EDGE('',*,*,#3369,.T.);
#1995=ORIENTED_EDGE('',*,*,#2839,.T.);
#1996=ORIENTED_EDGE('',*,*,#3339,.F.);
#1997=ORIENTED_EDGE('',*,*,#3373,.T.);
#1998=ORIENTED_EDGE('',*,*,#3371,.T.);
#1999=ORIENTED_EDGE('',*,*,#3374,.T.);
#2000=ORIENTED_EDGE('',*,*,#3375,.F.);
#2001=ORIENTED_EDGE('',*,*,#3376,.T.);
#2002=ORIENTED_EDGE('',*,*,#3377,.T.);
#2003=ORIENTED_EDGE('',*,*,#3378,.T.);
#2004=ORIENTED_EDGE('',*,*,#3346,.F.);
#2005=ORIENTED_EDGE('',*,*,#3379,.T.);
#2006=ORIENTED_EDGE('',*,*,#3375,.T.);
#2007=ORIENTED_EDGE('',*,*,#3380,.T.);
#2008=ORIENTED_EDGE('',*,*,#3381,.F.);
#2009=ORIENTED_EDGE('',*,*,#3382,.T.);
#2010=ORIENTED_EDGE('',*,*,#3348,.T.);
#2011=ORIENTED_EDGE('',*,*,#3383,.T.);
#2012=ORIENTED_EDGE('',*,*,#3384,.F.);
#2013=ORIENTED_EDGE('',*,*,#3385,.T.);
#2014=ORIENTED_EDGE('',*,*,#3381,.T.);
#2015=ORIENTED_EDGE('',*,*,#3386,.T.);
#2016=ORIENTED_EDGE('',*,*,#3387,.F.);
#2017=ORIENTED_EDGE('',*,*,#3388,.T.);
#2018=ORIENTED_EDGE('',*,*,#3384,.T.);
#2019=ORIENTED_EDGE('',*,*,#3389,.T.);
#2020=ORIENTED_EDGE('',*,*,#3377,.F.);
#2021=ORIENTED_EDGE('',*,*,#3390,.T.);
#2022=ORIENTED_EDGE('',*,*,#3387,.T.);
#2023=ORIENTED_EDGE('',*,*,#3388,.F.);
#2024=ORIENTED_EDGE('',*,*,#3390,.F.);
#2025=ORIENTED_EDGE('',*,*,#3376,.F.);
#2026=ORIENTED_EDGE('',*,*,#3379,.F.);
#2027=ORIENTED_EDGE('',*,*,#3345,.F.);
#2028=ORIENTED_EDGE('',*,*,#3349,.F.);
#2029=ORIENTED_EDGE('',*,*,#3382,.F.);
#2030=ORIENTED_EDGE('',*,*,#3385,.F.);
#2031=ORIENTED_EDGE('',*,*,#3343,.F.);
#2032=ORIENTED_EDGE('',*,*,#3352,.F.);
#2033=ORIENTED_EDGE('',*,*,#3354,.F.);
#2034=ORIENTED_EDGE('',*,*,#3356,.F.);
#2035=ORIENTED_EDGE('',*,*,#3358,.F.);
#2036=ORIENTED_EDGE('',*,*,#3359,.F.);
#2037=ORIENTED_EDGE('',*,*,#3330,.F.);
#2038=ORIENTED_EDGE('',*,*,#3361,.F.);
#2039=ORIENTED_EDGE('',*,*,#3363,.F.);
#2040=ORIENTED_EDGE('',*,*,#3364,.F.);
#2041=ORIENTED_EDGE('',*,*,#3333,.F.);
#2042=ORIENTED_EDGE('',*,*,#3336,.F.);
#2043=ORIENTED_EDGE('',*,*,#3366,.F.);
#2044=ORIENTED_EDGE('',*,*,#3368,.F.);
#2045=ORIENTED_EDGE('',*,*,#3370,.F.);
#2046=ORIENTED_EDGE('',*,*,#3372,.F.);
#2047=ORIENTED_EDGE('',*,*,#3373,.F.);
#2048=ORIENTED_EDGE('',*,*,#3338,.F.);
#2049=ORIENTED_EDGE('',*,*,#3341,.F.);
#2050=ORIENTED_EDGE('',*,*,#3374,.F.);
#2051=ORIENTED_EDGE('',*,*,#3389,.F.);
#2052=ORIENTED_EDGE('',*,*,#3386,.F.);
#2053=ORIENTED_EDGE('',*,*,#3383,.F.);
#2054=ORIENTED_EDGE('',*,*,#3380,.F.);
#2055=ORIENTED_EDGE('',*,*,#3350,.T.);
#2056=ORIENTED_EDGE('',*,*,#3347,.T.);
#2057=ORIENTED_EDGE('',*,*,#3378,.F.);
#2058=ORIENTED_EDGE('',*,*,#3391,.F.);
#2059=ORIENTED_EDGE('',*,*,#3392,.T.);
#2060=ORIENTED_EDGE('',*,*,#3393,.T.);
#2061=ORIENTED_EDGE('',*,*,#2683,.F.);
#2062=ORIENTED_EDGE('',*,*,#3394,.F.);
#2063=ORIENTED_EDGE('',*,*,#3395,.T.);
#2064=ORIENTED_EDGE('',*,*,#3391,.T.);
#2065=ORIENTED_EDGE('',*,*,#2682,.F.);
#2066=ORIENTED_EDGE('',*,*,#3396,.F.);
#2067=ORIENTED_EDGE('',*,*,#3397,.T.);
#2068=ORIENTED_EDGE('',*,*,#3394,.T.);
#2069=ORIENTED_EDGE('',*,*,#2687,.F.);
#2070=ORIENTED_EDGE('',*,*,#3398,.F.);
#2071=ORIENTED_EDGE('',*,*,#3399,.T.);
#2072=ORIENTED_EDGE('',*,*,#3396,.T.);
#2073=ORIENTED_EDGE('',*,*,#2686,.F.);
#2074=ORIENTED_EDGE('',*,*,#3400,.F.);
#2075=ORIENTED_EDGE('',*,*,#3401,.T.);
#2076=ORIENTED_EDGE('',*,*,#3398,.T.);
#2077=ORIENTED_EDGE('',*,*,#2685,.F.);
#2078=ORIENTED_EDGE('',*,*,#3393,.F.);
#2079=ORIENTED_EDGE('',*,*,#3402,.T.);
#2080=ORIENTED_EDGE('',*,*,#3400,.T.);
#2081=ORIENTED_EDGE('',*,*,#2684,.F.);
#2082=ORIENTED_EDGE('',*,*,#3401,.F.);
#2083=ORIENTED_EDGE('',*,*,#3402,.F.);
#2084=ORIENTED_EDGE('',*,*,#3392,.F.);
#2085=ORIENTED_EDGE('',*,*,#3395,.F.);
#2086=ORIENTED_EDGE('',*,*,#3397,.F.);
#2087=ORIENTED_EDGE('',*,*,#3399,.F.);
#2088=ORIENTED_EDGE('',*,*,#3403,.F.);
#2089=ORIENTED_EDGE('',*,*,#3404,.T.);
#2090=ORIENTED_EDGE('',*,*,#3405,.T.);
#2091=ORIENTED_EDGE('',*,*,#2668,.F.);
#2092=ORIENTED_EDGE('',*,*,#3406,.F.);
#2093=ORIENTED_EDGE('',*,*,#3407,.T.);
#2094=ORIENTED_EDGE('',*,*,#3403,.T.);
#2095=ORIENTED_EDGE('',*,*,#2667,.F.);
#2096=ORIENTED_EDGE('',*,*,#3408,.F.);
#2097=ORIENTED_EDGE('',*,*,#3409,.T.);
#2098=ORIENTED_EDGE('',*,*,#3406,.T.);
#2099=ORIENTED_EDGE('',*,*,#2681,.F.);
#2100=ORIENTED_EDGE('',*,*,#3410,.F.);
#2101=ORIENTED_EDGE('',*,*,#3411,.T.);
#2102=ORIENTED_EDGE('',*,*,#3408,.T.);
#2103=ORIENTED_EDGE('',*,*,#2680,.F.);
#2104=ORIENTED_EDGE('',*,*,#3412,.F.);
#2105=ORIENTED_EDGE('',*,*,#3413,.T.);
#2106=ORIENTED_EDGE('',*,*,#3410,.T.);
#2107=ORIENTED_EDGE('',*,*,#2679,.F.);
#2108=ORIENTED_EDGE('',*,*,#3414,.F.);
#2109=ORIENTED_EDGE('',*,*,#3415,.T.);
#2110=ORIENTED_EDGE('',*,*,#3412,.T.);
#2111=ORIENTED_EDGE('',*,*,#2678,.F.);
#2112=ORIENTED_EDGE('',*,*,#3416,.F.);
#2113=ORIENTED_EDGE('',*,*,#3417,.T.);
#2114=ORIENTED_EDGE('',*,*,#3418,.T.);
#2115=ORIENTED_EDGE('',*,*,#2671,.F.);
#2116=ORIENTED_EDGE('',*,*,#3419,.F.);
#2117=ORIENTED_EDGE('',*,*,#3420,.T.);
#2118=ORIENTED_EDGE('',*,*,#3416,.T.);
#2119=ORIENTED_EDGE('',*,*,#2670,.F.);
#2120=ORIENTED_EDGE('',*,*,#3421,.F.);
#2121=ORIENTED_EDGE('',*,*,#3422,.T.);
#2122=ORIENTED_EDGE('',*,*,#3423,.T.);
#2123=ORIENTED_EDGE('',*,*,#3424,.F.);
#2124=ORIENTED_EDGE('',*,*,#3405,.F.);
#2125=ORIENTED_EDGE('',*,*,#3425,.T.);
#2126=ORIENTED_EDGE('',*,*,#3419,.T.);
#2127=ORIENTED_EDGE('',*,*,#2669,.F.);
#2128=ORIENTED_EDGE('',*,*,#2677,.T.);
#2129=ORIENTED_EDGE('',*,*,#3426,.F.);
#2130=ORIENTED_EDGE('',*,*,#3427,.T.);
#2131=ORIENTED_EDGE('',*,*,#3414,.T.);
#2132=ORIENTED_EDGE('',*,*,#2676,.T.);
#2133=ORIENTED_EDGE('',*,*,#3428,.F.);
#2134=ORIENTED_EDGE('',*,*,#3429,.T.);
#2135=ORIENTED_EDGE('',*,*,#3426,.T.);
#2136=ORIENTED_EDGE('',*,*,#2675,.T.);
#2137=ORIENTED_EDGE('',*,*,#3430,.F.);
#2138=ORIENTED_EDGE('',*,*,#3431,.T.);
#2139=ORIENTED_EDGE('',*,*,#3428,.T.);
#2140=ORIENTED_EDGE('',*,*,#2674,.T.);
#2141=ORIENTED_EDGE('',*,*,#3432,.F.);
#2142=ORIENTED_EDGE('',*,*,#3433,.T.);
#2143=ORIENTED_EDGE('',*,*,#3430,.T.);
#2144=ORIENTED_EDGE('',*,*,#2673,.T.);
#2145=ORIENTED_EDGE('',*,*,#3434,.F.);
#2146=ORIENTED_EDGE('',*,*,#3435,.T.);
#2147=ORIENTED_EDGE('',*,*,#3432,.T.);
#2148=ORIENTED_EDGE('',*,*,#2672,.T.);
#2149=ORIENTED_EDGE('',*,*,#3418,.F.);
#2150=ORIENTED_EDGE('',*,*,#3436,.T.);
#2151=ORIENTED_EDGE('',*,*,#3434,.T.);
#2152=ORIENTED_EDGE('',*,*,#3437,.T.);
#2153=ORIENTED_EDGE('',*,*,#3438,.F.);
#2154=ORIENTED_EDGE('',*,*,#3439,.T.);
#2155=ORIENTED_EDGE('',*,*,#3440,.T.);
#2156=ORIENTED_EDGE('',*,*,#3441,.T.);
#2157=ORIENTED_EDGE('',*,*,#3442,.F.);
#2158=ORIENTED_EDGE('',*,*,#3443,.T.);
#2159=ORIENTED_EDGE('',*,*,#3438,.T.);
#2160=ORIENTED_EDGE('',*,*,#3444,.T.);
#2161=ORIENTED_EDGE('',*,*,#3445,.F.);
#2162=ORIENTED_EDGE('',*,*,#3446,.T.);
#2163=ORIENTED_EDGE('',*,*,#3442,.T.);
#2164=ORIENTED_EDGE('',*,*,#3447,.T.);
#2165=ORIENTED_EDGE('',*,*,#3423,.F.);
#2166=ORIENTED_EDGE('',*,*,#3448,.T.);
#2167=ORIENTED_EDGE('',*,*,#3445,.T.);
#2168=ORIENTED_EDGE('',*,*,#3449,.T.);
#2169=ORIENTED_EDGE('',*,*,#3450,.F.);
#2170=ORIENTED_EDGE('',*,*,#3451,.T.);
#2171=ORIENTED_EDGE('',*,*,#3421,.T.);
#2172=ORIENTED_EDGE('',*,*,#3452,.T.);
#2173=ORIENTED_EDGE('',*,*,#3453,.F.);
#2174=ORIENTED_EDGE('',*,*,#3454,.T.);
#2175=ORIENTED_EDGE('',*,*,#3450,.T.);
#2176=ORIENTED_EDGE('',*,*,#3455,.T.);
#2177=ORIENTED_EDGE('',*,*,#3456,.F.);
#2178=ORIENTED_EDGE('',*,*,#3457,.T.);
#2179=ORIENTED_EDGE('',*,*,#3453,.T.);
#2180=ORIENTED_EDGE('',*,*,#3458,.T.);
#2181=ORIENTED_EDGE('',*,*,#3440,.F.);
#2182=ORIENTED_EDGE('',*,*,#3459,.T.);
#2183=ORIENTED_EDGE('',*,*,#3456,.T.);
#2184=ORIENTED_EDGE('',*,*,#3457,.F.);
#2185=ORIENTED_EDGE('',*,*,#3459,.F.);
#2186=ORIENTED_EDGE('',*,*,#3439,.F.);
#2187=ORIENTED_EDGE('',*,*,#3443,.F.);
#2188=ORIENTED_EDGE('',*,*,#3446,.F.);
#2189=ORIENTED_EDGE('',*,*,#3448,.F.);
#2190=ORIENTED_EDGE('',*,*,#3422,.F.);
#2191=ORIENTED_EDGE('',*,*,#3451,.F.);
#2192=ORIENTED_EDGE('',*,*,#3454,.F.);
#2193=ORIENTED_EDGE('',*,*,#3420,.F.);
#2194=ORIENTED_EDGE('',*,*,#3425,.F.);
#2195=ORIENTED_EDGE('',*,*,#3404,.F.);
#2196=ORIENTED_EDGE('',*,*,#3407,.F.);
#2197=ORIENTED_EDGE('',*,*,#3409,.F.);
#2198=ORIENTED_EDGE('',*,*,#3411,.F.);
#2199=ORIENTED_EDGE('',*,*,#3413,.F.);
#2200=ORIENTED_EDGE('',*,*,#3415,.F.);
#2201=ORIENTED_EDGE('',*,*,#3427,.F.);
#2202=ORIENTED_EDGE('',*,*,#3429,.F.);
#2203=ORIENTED_EDGE('',*,*,#3431,.F.);
#2204=ORIENTED_EDGE('',*,*,#3433,.F.);
#2205=ORIENTED_EDGE('',*,*,#3435,.F.);
#2206=ORIENTED_EDGE('',*,*,#3436,.F.);
#2207=ORIENTED_EDGE('',*,*,#3417,.F.);
#2208=ORIENTED_EDGE('',*,*,#3437,.F.);
#2209=ORIENTED_EDGE('',*,*,#3458,.F.);
#2210=ORIENTED_EDGE('',*,*,#3455,.F.);
#2211=ORIENTED_EDGE('',*,*,#3452,.F.);
#2212=ORIENTED_EDGE('',*,*,#3449,.F.);
#2213=ORIENTED_EDGE('',*,*,#3424,.T.);
#2214=ORIENTED_EDGE('',*,*,#3447,.F.);
#2215=ORIENTED_EDGE('',*,*,#3444,.F.);
#2216=ORIENTED_EDGE('',*,*,#3441,.F.);
#2217=ORIENTED_EDGE('',*,*,#3460,.F.);
#2218=ORIENTED_EDGE('',*,*,#3461,.T.);
#2219=ORIENTED_EDGE('',*,*,#3462,.T.);
#2220=ORIENTED_EDGE('',*,*,#2654,.F.);
#2221=ORIENTED_EDGE('',*,*,#3463,.F.);
#2222=ORIENTED_EDGE('',*,*,#3464,.T.);
#2223=ORIENTED_EDGE('',*,*,#3465,.T.);
#2224=ORIENTED_EDGE('',*,*,#2664,.F.);
#2225=ORIENTED_EDGE('',*,*,#3466,.F.);
#2226=ORIENTED_EDGE('',*,*,#3467,.T.);
#2227=ORIENTED_EDGE('',*,*,#3463,.T.);
#2228=ORIENTED_EDGE('',*,*,#2663,.F.);
#2229=ORIENTED_EDGE('',*,*,#3468,.F.);
#2230=ORIENTED_EDGE('',*,*,#3469,.T.);
#2231=ORIENTED_EDGE('',*,*,#3470,.T.);
#2232=ORIENTED_EDGE('',*,*,#3471,.F.);
#2233=ORIENTED_EDGE('',*,*,#2653,.T.);
#2234=ORIENTED_EDGE('',*,*,#3472,.F.);
#2235=ORIENTED_EDGE('',*,*,#3473,.T.);
#2236=ORIENTED_EDGE('',*,*,#3460,.T.);
#2237=ORIENTED_EDGE('',*,*,#2666,.T.);
#2238=ORIENTED_EDGE('',*,*,#3474,.F.);
#2239=ORIENTED_EDGE('',*,*,#3475,.T.);
#2240=ORIENTED_EDGE('',*,*,#3472,.T.);
#2241=ORIENTED_EDGE('',*,*,#2665,.T.);
#2242=ORIENTED_EDGE('',*,*,#3465,.F.);
#2243=ORIENTED_EDGE('',*,*,#3476,.T.);
#2244=ORIENTED_EDGE('',*,*,#3474,.T.);
#2245=ORIENTED_EDGE('',*,*,#2662,.T.);
#2246=ORIENTED_EDGE('',*,*,#3477,.F.);
#2247=ORIENTED_EDGE('',*,*,#3478,.T.);
#2248=ORIENTED_EDGE('',*,*,#3466,.T.);
#2249=ORIENTED_EDGE('',*,*,#2661,.T.);
#2250=ORIENTED_EDGE('',*,*,#3479,.F.);
#2251=ORIENTED_EDGE('',*,*,#3480,.T.);
#2252=ORIENTED_EDGE('',*,*,#3477,.T.);
#2253=ORIENTED_EDGE('',*,*,#2660,.T.);
#2254=ORIENTED_EDGE('',*,*,#3481,.F.);
#2255=ORIENTED_EDGE('',*,*,#3482,.T.);
#2256=ORIENTED_EDGE('',*,*,#3479,.T.);
#2257=ORIENTED_EDGE('',*,*,#2659,.T.);
#2258=ORIENTED_EDGE('',*,*,#3483,.F.);
#2259=ORIENTED_EDGE('',*,*,#3484,.T.);
#2260=ORIENTED_EDGE('',*,*,#3481,.T.);
#2261=ORIENTED_EDGE('',*,*,#2658,.T.);
#2262=ORIENTED_EDGE('',*,*,#3485,.F.);
#2263=ORIENTED_EDGE('',*,*,#3486,.T.);
#2264=ORIENTED_EDGE('',*,*,#3483,.T.);
#2265=ORIENTED_EDGE('',*,*,#2657,.T.);
#2266=ORIENTED_EDGE('',*,*,#3487,.F.);
#2267=ORIENTED_EDGE('',*,*,#3488,.T.);
#2268=ORIENTED_EDGE('',*,*,#3485,.T.);
#2269=ORIENTED_EDGE('',*,*,#2656,.T.);
#2270=ORIENTED_EDGE('',*,*,#3489,.F.);
#2271=ORIENTED_EDGE('',*,*,#3490,.T.);
#2272=ORIENTED_EDGE('',*,*,#3487,.T.);
#2273=ORIENTED_EDGE('',*,*,#3491,.T.);
#2274=ORIENTED_EDGE('',*,*,#3492,.F.);
#2275=ORIENTED_EDGE('',*,*,#3493,.T.);
#2276=ORIENTED_EDGE('',*,*,#3468,.T.);
#2277=ORIENTED_EDGE('',*,*,#3494,.T.);
#2278=ORIENTED_EDGE('',*,*,#3495,.F.);
#2279=ORIENTED_EDGE('',*,*,#3496,.T.);
#2280=ORIENTED_EDGE('',*,*,#3492,.T.);
#2281=ORIENTED_EDGE('',*,*,#3497,.T.);
#2282=ORIENTED_EDGE('',*,*,#3498,.F.);
#2283=ORIENTED_EDGE('',*,*,#3499,.T.);
#2284=ORIENTED_EDGE('',*,*,#3495,.T.);
#2285=ORIENTED_EDGE('',*,*,#3500,.T.);
#2286=ORIENTED_EDGE('',*,*,#3470,.F.);
#2287=ORIENTED_EDGE('',*,*,#3501,.T.);
#2288=ORIENTED_EDGE('',*,*,#3498,.T.);
#2289=ORIENTED_EDGE('',*,*,#2655,.T.);
#2290=ORIENTED_EDGE('',*,*,#3462,.F.);
#2291=ORIENTED_EDGE('',*,*,#3502,.T.);
#2292=ORIENTED_EDGE('',*,*,#3489,.T.);
#2293=ORIENTED_EDGE('',*,*,#3499,.F.);
#2294=ORIENTED_EDGE('',*,*,#3501,.F.);
#2295=ORIENTED_EDGE('',*,*,#3469,.F.);
#2296=ORIENTED_EDGE('',*,*,#3493,.F.);
#2297=ORIENTED_EDGE('',*,*,#3496,.F.);
#2298=ORIENTED_EDGE('',*,*,#3490,.F.);
#2299=ORIENTED_EDGE('',*,*,#3502,.F.);
#2300=ORIENTED_EDGE('',*,*,#3461,.F.);
#2301=ORIENTED_EDGE('',*,*,#3473,.F.);
#2302=ORIENTED_EDGE('',*,*,#3475,.F.);
#2303=ORIENTED_EDGE('',*,*,#3476,.F.);
#2304=ORIENTED_EDGE('',*,*,#3464,.F.);
#2305=ORIENTED_EDGE('',*,*,#3467,.F.);
#2306=ORIENTED_EDGE('',*,*,#3478,.F.);
#2307=ORIENTED_EDGE('',*,*,#3480,.F.);
#2308=ORIENTED_EDGE('',*,*,#3482,.F.);
#2309=ORIENTED_EDGE('',*,*,#3484,.F.);
#2310=ORIENTED_EDGE('',*,*,#3486,.F.);
#2311=ORIENTED_EDGE('',*,*,#3488,.F.);
#2312=ORIENTED_EDGE('',*,*,#3491,.F.);
#2313=ORIENTED_EDGE('',*,*,#3471,.T.);
#2314=ORIENTED_EDGE('',*,*,#3500,.F.);
#2315=ORIENTED_EDGE('',*,*,#3497,.F.);
#2316=ORIENTED_EDGE('',*,*,#3494,.F.);
#2317=ORIENTED_EDGE('',*,*,#3503,.F.);
#2318=ORIENTED_EDGE('',*,*,#3504,.T.);
#2319=ORIENTED_EDGE('',*,*,#3505,.T.);
#2320=ORIENTED_EDGE('',*,*,#2649,.F.);
#2321=ORIENTED_EDGE('',*,*,#3506,.F.);
#2322=ORIENTED_EDGE('',*,*,#3507,.T.);
#2323=ORIENTED_EDGE('',*,*,#3508,.T.);
#2324=ORIENTED_EDGE('',*,*,#2645,.F.);
#2325=ORIENTED_EDGE('',*,*,#3509,.F.);
#2326=ORIENTED_EDGE('',*,*,#3510,.T.);
#2327=ORIENTED_EDGE('',*,*,#3506,.T.);
#2328=ORIENTED_EDGE('',*,*,#2644,.F.);
#2329=ORIENTED_EDGE('',*,*,#3511,.F.);
#2330=ORIENTED_EDGE('',*,*,#3512,.T.);
#2331=ORIENTED_EDGE('',*,*,#3509,.T.);
#2332=ORIENTED_EDGE('',*,*,#2643,.F.);
#2333=ORIENTED_EDGE('',*,*,#3513,.F.);
#2334=ORIENTED_EDGE('',*,*,#3514,.T.);
#2335=ORIENTED_EDGE('',*,*,#3511,.T.);
#2336=ORIENTED_EDGE('',*,*,#2642,.F.);
#2337=ORIENTED_EDGE('',*,*,#3515,.F.);
#2338=ORIENTED_EDGE('',*,*,#3516,.T.);
#2339=ORIENTED_EDGE('',*,*,#3513,.T.);
#2340=ORIENTED_EDGE('',*,*,#2641,.F.);
#2341=ORIENTED_EDGE('',*,*,#3517,.F.);
#2342=ORIENTED_EDGE('',*,*,#3518,.T.);
#2343=ORIENTED_EDGE('',*,*,#3515,.T.);
#2344=ORIENTED_EDGE('',*,*,#2640,.F.);
#2345=ORIENTED_EDGE('',*,*,#3519,.F.);
#2346=ORIENTED_EDGE('',*,*,#3520,.T.);
#2347=ORIENTED_EDGE('',*,*,#3521,.T.);
#2348=ORIENTED_EDGE('',*,*,#2635,.F.);
#2349=ORIENTED_EDGE('',*,*,#3522,.F.);
#2350=ORIENTED_EDGE('',*,*,#3523,.T.);
#2351=ORIENTED_EDGE('',*,*,#3519,.T.);
#2352=ORIENTED_EDGE('',*,*,#2634,.F.);
#2353=ORIENTED_EDGE('',*,*,#3524,.F.);
#2354=ORIENTED_EDGE('',*,*,#3525,.T.);
#2355=ORIENTED_EDGE('',*,*,#3522,.T.);
#2356=ORIENTED_EDGE('',*,*,#2633,.F.);
#2357=ORIENTED_EDGE('',*,*,#3526,.F.);
#2358=ORIENTED_EDGE('',*,*,#3527,.T.);
#2359=ORIENTED_EDGE('',*,*,#3528,.T.);
#2360=ORIENTED_EDGE('',*,*,#2628,.F.);
#2361=ORIENTED_EDGE('',*,*,#3529,.F.);
#2362=ORIENTED_EDGE('',*,*,#3530,.T.);
#2363=ORIENTED_EDGE('',*,*,#3526,.T.);
#2364=ORIENTED_EDGE('',*,*,#2627,.F.);
#2365=ORIENTED_EDGE('',*,*,#3531,.F.);
#2366=ORIENTED_EDGE('',*,*,#3532,.T.);
#2367=ORIENTED_EDGE('',*,*,#3529,.T.);
#2368=ORIENTED_EDGE('',*,*,#2626,.F.);
#2369=ORIENTED_EDGE('',*,*,#2625,.T.);
#2370=ORIENTED_EDGE('',*,*,#3533,.F.);
#2371=ORIENTED_EDGE('',*,*,#3534,.T.);
#2372=ORIENTED_EDGE('',*,*,#3531,.T.);
#2373=ORIENTED_EDGE('',*,*,#2652,.T.);
#2374=ORIENTED_EDGE('',*,*,#3535,.F.);
#2375=ORIENTED_EDGE('',*,*,#3536,.T.);
#2376=ORIENTED_EDGE('',*,*,#3533,.T.);
#2377=ORIENTED_EDGE('',*,*,#2651,.T.);
#2378=ORIENTED_EDGE('',*,*,#3537,.F.);
#2379=ORIENTED_EDGE('',*,*,#3538,.T.);
#2380=ORIENTED_EDGE('',*,*,#3535,.T.);
#2381=ORIENTED_EDGE('',*,*,#2650,.T.);
#2382=ORIENTED_EDGE('',*,*,#3505,.F.);
#2383=ORIENTED_EDGE('',*,*,#3539,.T.);
#2384=ORIENTED_EDGE('',*,*,#3537,.T.);
#2385=ORIENTED_EDGE('',*,*,#2648,.T.);
#2386=ORIENTED_EDGE('',*,*,#3540,.F.);
#2387=ORIENTED_EDGE('',*,*,#3541,.T.);
#2388=ORIENTED_EDGE('',*,*,#3503,.T.);
#2389=ORIENTED_EDGE('',*,*,#2647,.T.);
#2390=ORIENTED_EDGE('',*,*,#3542,.F.);
#2391=ORIENTED_EDGE('',*,*,#3543,.T.);
#2392=ORIENTED_EDGE('',*,*,#3540,.T.);
#2393=ORIENTED_EDGE('',*,*,#2646,.T.);
#2394=ORIENTED_EDGE('',*,*,#3508,.F.);
#2395=ORIENTED_EDGE('',*,*,#3544,.T.);
#2396=ORIENTED_EDGE('',*,*,#3542,.T.);
#2397=ORIENTED_EDGE('',*,*,#2639,.T.);
#2398=ORIENTED_EDGE('',*,*,#3545,.F.);
#2399=ORIENTED_EDGE('',*,*,#3546,.T.);
#2400=ORIENTED_EDGE('',*,*,#3517,.T.);
#2401=ORIENTED_EDGE('',*,*,#2638,.T.);
#2402=ORIENTED_EDGE('',*,*,#3547,.F.);
#2403=ORIENTED_EDGE('',*,*,#3548,.T.);
#2404=ORIENTED_EDGE('',*,*,#3545,.T.);
#2405=ORIENTED_EDGE('',*,*,#2637,.T.);
#2406=ORIENTED_EDGE('',*,*,#3549,.F.);
#2407=ORIENTED_EDGE('',*,*,#3550,.T.);
#2408=ORIENTED_EDGE('',*,*,#3547,.T.);
#2409=ORIENTED_EDGE('',*,*,#2636,.T.);
#2410=ORIENTED_EDGE('',*,*,#3521,.F.);
#2411=ORIENTED_EDGE('',*,*,#3551,.T.);
#2412=ORIENTED_EDGE('',*,*,#3549,.T.);
#2413=ORIENTED_EDGE('',*,*,#2632,.T.);
#2414=ORIENTED_EDGE('',*,*,#3552,.F.);
#2415=ORIENTED_EDGE('',*,*,#3553,.T.);
#2416=ORIENTED_EDGE('',*,*,#3524,.T.);
#2417=ORIENTED_EDGE('',*,*,#2631,.T.);
#2418=ORIENTED_EDGE('',*,*,#3554,.F.);
#2419=ORIENTED_EDGE('',*,*,#3555,.T.);
#2420=ORIENTED_EDGE('',*,*,#3552,.T.);
#2421=ORIENTED_EDGE('',*,*,#2630,.T.);
#2422=ORIENTED_EDGE('',*,*,#3556,.F.);
#2423=ORIENTED_EDGE('',*,*,#3557,.T.);
#2424=ORIENTED_EDGE('',*,*,#3554,.T.);
#2425=ORIENTED_EDGE('',*,*,#2629,.T.);
#2426=ORIENTED_EDGE('',*,*,#3528,.F.);
#2427=ORIENTED_EDGE('',*,*,#3558,.T.);
#2428=ORIENTED_EDGE('',*,*,#3556,.T.);
#2429=ORIENTED_EDGE('',*,*,#3530,.F.);
#2430=ORIENTED_EDGE('',*,*,#3532,.F.);
#2431=ORIENTED_EDGE('',*,*,#3534,.F.);
#2432=ORIENTED_EDGE('',*,*,#3536,.F.);
#2433=ORIENTED_EDGE('',*,*,#3538,.F.);
#2434=ORIENTED_EDGE('',*,*,#3539,.F.);
#2435=ORIENTED_EDGE('',*,*,#3504,.F.);
#2436=ORIENTED_EDGE('',*,*,#3541,.F.);
#2437=ORIENTED_EDGE('',*,*,#3543,.F.);
#2438=ORIENTED_EDGE('',*,*,#3544,.F.);
#2439=ORIENTED_EDGE('',*,*,#3507,.F.);
#2440=ORIENTED_EDGE('',*,*,#3510,.F.);
#2441=ORIENTED_EDGE('',*,*,#3512,.F.);
#2442=ORIENTED_EDGE('',*,*,#3514,.F.);
#2443=ORIENTED_EDGE('',*,*,#3516,.F.);
#2444=ORIENTED_EDGE('',*,*,#3518,.F.);
#2445=ORIENTED_EDGE('',*,*,#3546,.F.);
#2446=ORIENTED_EDGE('',*,*,#3548,.F.);
#2447=ORIENTED_EDGE('',*,*,#3550,.F.);
#2448=ORIENTED_EDGE('',*,*,#3551,.F.);
#2449=ORIENTED_EDGE('',*,*,#3520,.F.);
#2450=ORIENTED_EDGE('',*,*,#3523,.F.);
#2451=ORIENTED_EDGE('',*,*,#3525,.F.);
#2452=ORIENTED_EDGE('',*,*,#3553,.F.);
#2453=ORIENTED_EDGE('',*,*,#3555,.F.);
#2454=ORIENTED_EDGE('',*,*,#3557,.F.);
#2455=ORIENTED_EDGE('',*,*,#3558,.F.);
#2456=ORIENTED_EDGE('',*,*,#3527,.F.);
#2457=ORIENTED_EDGE('',*,*,#3559,.F.);
#2458=ORIENTED_EDGE('',*,*,#3560,.T.);
#2459=ORIENTED_EDGE('',*,*,#3561,.T.);
#2460=ORIENTED_EDGE('',*,*,#2867,.F.);
#2461=ORIENTED_EDGE('',*,*,#3562,.F.);
#2462=ORIENTED_EDGE('',*,*,#3563,.T.);
#2463=ORIENTED_EDGE('',*,*,#3564,.T.);
#2464=ORIENTED_EDGE('',*,*,#2865,.F.);
#2465=ORIENTED_EDGE('',*,*,#3565,.F.);
#2466=ORIENTED_EDGE('',*,*,#3566,.T.);
#2467=ORIENTED_EDGE('',*,*,#3562,.T.);
#2468=ORIENTED_EDGE('',*,*,#2864,.F.);
#2469=ORIENTED_EDGE('',*,*,#3567,.F.);
#2470=ORIENTED_EDGE('',*,*,#3568,.T.);
#2471=ORIENTED_EDGE('',*,*,#3565,.T.);
#2472=ORIENTED_EDGE('',*,*,#2863,.F.);
#2473=ORIENTED_EDGE('',*,*,#3569,.F.);
#2474=ORIENTED_EDGE('',*,*,#3570,.T.);
#2475=ORIENTED_EDGE('',*,*,#3567,.T.);
#2476=ORIENTED_EDGE('',*,*,#2862,.F.);
#2477=ORIENTED_EDGE('',*,*,#3571,.F.);
#2478=ORIENTED_EDGE('',*,*,#3572,.T.);
#2479=ORIENTED_EDGE('',*,*,#3569,.T.);
#2480=ORIENTED_EDGE('',*,*,#2861,.F.);
#2481=ORIENTED_EDGE('',*,*,#3573,.F.);
#2482=ORIENTED_EDGE('',*,*,#3574,.T.);
#2483=ORIENTED_EDGE('',*,*,#3575,.T.);
#2484=ORIENTED_EDGE('',*,*,#2856,.F.);
#2485=ORIENTED_EDGE('',*,*,#3576,.F.);
#2486=ORIENTED_EDGE('',*,*,#3577,.T.);
#2487=ORIENTED_EDGE('',*,*,#3573,.T.);
#2488=ORIENTED_EDGE('',*,*,#2855,.F.);
#2489=ORIENTED_EDGE('',*,*,#3578,.F.);
#2490=ORIENTED_EDGE('',*,*,#3579,.T.);
#2491=ORIENTED_EDGE('',*,*,#3576,.T.);
#2492=ORIENTED_EDGE('',*,*,#2854,.F.);
#2493=ORIENTED_EDGE('',*,*,#2853,.T.);
#2494=ORIENTED_EDGE('',*,*,#3580,.F.);
#2495=ORIENTED_EDGE('',*,*,#3581,.T.);
#2496=ORIENTED_EDGE('',*,*,#3578,.T.);
#2497=ORIENTED_EDGE('',*,*,#2870,.T.);
#2498=ORIENTED_EDGE('',*,*,#3582,.F.);
#2499=ORIENTED_EDGE('',*,*,#3583,.T.);
#2500=ORIENTED_EDGE('',*,*,#3580,.T.);
#2501=ORIENTED_EDGE('',*,*,#2869,.T.);
#2502=ORIENTED_EDGE('',*,*,#3584,.F.);
#2503=ORIENTED_EDGE('',*,*,#3585,.T.);
#2504=ORIENTED_EDGE('',*,*,#3582,.T.);
#2505=ORIENTED_EDGE('',*,*,#2868,.T.);
#2506=ORIENTED_EDGE('',*,*,#3561,.F.);
#2507=ORIENTED_EDGE('',*,*,#3586,.T.);
#2508=ORIENTED_EDGE('',*,*,#3584,.T.);
#2509=ORIENTED_EDGE('',*,*,#2866,.T.);
#2510=ORIENTED_EDGE('',*,*,#3564,.F.);
#2511=ORIENTED_EDGE('',*,*,#3587,.T.);
#2512=ORIENTED_EDGE('',*,*,#3559,.T.);
#2513=ORIENTED_EDGE('',*,*,#2860,.T.);
#2514=ORIENTED_EDGE('',*,*,#3588,.F.);
#2515=ORIENTED_EDGE('',*,*,#3589,.T.);
#2516=ORIENTED_EDGE('',*,*,#3571,.T.);
#2517=ORIENTED_EDGE('',*,*,#2859,.T.);
#2518=ORIENTED_EDGE('',*,*,#3590,.F.);
#2519=ORIENTED_EDGE('',*,*,#3591,.T.);
#2520=ORIENTED_EDGE('',*,*,#3588,.T.);
#2521=ORIENTED_EDGE('',*,*,#2858,.T.);
#2522=ORIENTED_EDGE('',*,*,#3592,.F.);
#2523=ORIENTED_EDGE('',*,*,#3593,.T.);
#2524=ORIENTED_EDGE('',*,*,#3590,.T.);
#2525=ORIENTED_EDGE('',*,*,#2857,.T.);
#2526=ORIENTED_EDGE('',*,*,#3575,.F.);
#2527=ORIENTED_EDGE('',*,*,#3594,.T.);
#2528=ORIENTED_EDGE('',*,*,#3592,.T.);
#2529=ORIENTED_EDGE('',*,*,#3577,.F.);
#2530=ORIENTED_EDGE('',*,*,#3579,.F.);
#2531=ORIENTED_EDGE('',*,*,#3581,.F.);
#2532=ORIENTED_EDGE('',*,*,#3583,.F.);
#2533=ORIENTED_EDGE('',*,*,#3585,.F.);
#2534=ORIENTED_EDGE('',*,*,#3586,.F.);
#2535=ORIENTED_EDGE('',*,*,#3560,.F.);
#2536=ORIENTED_EDGE('',*,*,#3587,.F.);
#2537=ORIENTED_EDGE('',*,*,#3563,.F.);
#2538=ORIENTED_EDGE('',*,*,#3566,.F.);
#2539=ORIENTED_EDGE('',*,*,#3568,.F.);
#2540=ORIENTED_EDGE('',*,*,#3570,.F.);
#2541=ORIENTED_EDGE('',*,*,#3572,.F.);
#2542=ORIENTED_EDGE('',*,*,#3589,.F.);
#2543=ORIENTED_EDGE('',*,*,#3591,.F.);
#2544=ORIENTED_EDGE('',*,*,#3593,.F.);
#2545=ORIENTED_EDGE('',*,*,#3594,.F.);
#2546=ORIENTED_EDGE('',*,*,#3574,.F.);
#2547=ORIENTED_EDGE('',*,*,#3595,.F.);
#2548=ORIENTED_EDGE('',*,*,#3596,.T.);
#2549=ORIENTED_EDGE('',*,*,#3597,.T.);
#2550=ORIENTED_EDGE('',*,*,#2618,.F.);
#2551=ORIENTED_EDGE('',*,*,#3598,.F.);
#2552=ORIENTED_EDGE('',*,*,#3599,.T.);
#2553=ORIENTED_EDGE('',*,*,#3595,.T.);
#2554=ORIENTED_EDGE('',*,*,#2617,.F.);
#2555=ORIENTED_EDGE('',*,*,#3600,.F.);
#2556=ORIENTED_EDGE('',*,*,#3601,.T.);
#2557=ORIENTED_EDGE('',*,*,#3598,.T.);
#2558=ORIENTED_EDGE('',*,*,#2624,.F.);
#2559=ORIENTED_EDGE('',*,*,#3602,.F.);
#2560=ORIENTED_EDGE('',*,*,#3603,.T.);
#2561=ORIENTED_EDGE('',*,*,#3600,.T.);
#2562=ORIENTED_EDGE('',*,*,#2623,.F.);
#2563=ORIENTED_EDGE('',*,*,#3604,.F.);
#2564=ORIENTED_EDGE('',*,*,#3605,.T.);
#2565=ORIENTED_EDGE('',*,*,#3602,.T.);
#2566=ORIENTED_EDGE('',*,*,#2622,.F.);
#2567=ORIENTED_EDGE('',*,*,#3606,.F.);
#2568=ORIENTED_EDGE('',*,*,#3607,.T.);
#2569=ORIENTED_EDGE('',*,*,#3604,.T.);
#2570=ORIENTED_EDGE('',*,*,#2621,.F.);
#2571=ORIENTED_EDGE('',*,*,#3608,.F.);
#2572=ORIENTED_EDGE('',*,*,#3609,.T.);
#2573=ORIENTED_EDGE('',*,*,#3606,.T.);
#2574=ORIENTED_EDGE('',*,*,#2620,.F.);
#2575=ORIENTED_EDGE('',*,*,#3610,.F.);
#2576=ORIENTED_EDGE('',*,*,#3611,.T.);
#2577=ORIENTED_EDGE('',*,*,#3612,.T.);
#2578=ORIENTED_EDGE('',*,*,#3613,.F.);
#2579=ORIENTED_EDGE('',*,*,#3614,.F.);
#2580=ORIENTED_EDGE('',*,*,#3615,.T.);
#2581=ORIENTED_EDGE('',*,*,#3610,.T.);
#2582=ORIENTED_EDGE('',*,*,#3616,.F.);
#2583=ORIENTED_EDGE('',*,*,#3617,.F.);
#2584=ORIENTED_EDGE('',*,*,#3618,.T.);
#2585=ORIENTED_EDGE('',*,*,#3614,.T.);
#2586=ORIENTED_EDGE('',*,*,#3619,.F.);
#2587=ORIENTED_EDGE('',*,*,#3597,.F.);
#2588=ORIENTED_EDGE('',*,*,#3620,.T.);
#2589=ORIENTED_EDGE('',*,*,#3608,.T.);
#2590=ORIENTED_EDGE('',*,*,#2619,.F.);
#2591=ORIENTED_EDGE('',*,*,#3621,.T.);
#2592=ORIENTED_EDGE('',*,*,#3622,.F.);
#2593=ORIENTED_EDGE('',*,*,#3623,.T.);
#2594=ORIENTED_EDGE('',*,*,#3617,.T.);
#2595=ORIENTED_EDGE('',*,*,#3624,.T.);
#2596=ORIENTED_EDGE('',*,*,#3612,.F.);
#2597=ORIENTED_EDGE('',*,*,#3625,.T.);
#2598=ORIENTED_EDGE('',*,*,#3622,.T.);
#2599=ORIENTED_EDGE('',*,*,#3615,.F.);
#2600=ORIENTED_EDGE('',*,*,#3618,.F.);
#2601=ORIENTED_EDGE('',*,*,#3623,.F.);
#2602=ORIENTED_EDGE('',*,*,#3625,.F.);
#2603=ORIENTED_EDGE('',*,*,#3611,.F.);
#2604=ORIENTED_EDGE('',*,*,#3609,.F.);
#2605=ORIENTED_EDGE('',*,*,#3620,.F.);
#2606=ORIENTED_EDGE('',*,*,#3596,.F.);
#2607=ORIENTED_EDGE('',*,*,#3599,.F.);
#2608=ORIENTED_EDGE('',*,*,#3601,.F.);
#2609=ORIENTED_EDGE('',*,*,#3603,.F.);
#2610=ORIENTED_EDGE('',*,*,#3605,.F.);
#2611=ORIENTED_EDGE('',*,*,#3607,.F.);
#2612=ORIENTED_EDGE('',*,*,#3621,.F.);
#2613=ORIENTED_EDGE('',*,*,#3619,.T.);
#2614=ORIENTED_EDGE('',*,*,#3616,.T.);
#2615=ORIENTED_EDGE('',*,*,#3613,.T.);
#2616=ORIENTED_EDGE('',*,*,#3624,.F.);
#2617=EDGE_CURVE('',#3626,#3627,#4294,.F.);
#2618=EDGE_CURVE('',#3627,#3628,#4295,.F.);
#2619=EDGE_CURVE('',#3628,#3629,#4296,.F.);
#2620=EDGE_CURVE('',#3629,#3630,#4297,.F.);
#2621=EDGE_CURVE('',#3630,#3631,#4298,.F.);
#2622=EDGE_CURVE('',#3631,#3632,#4299,.F.);
#2623=EDGE_CURVE('',#3632,#3633,#4300,.F.);
#2624=EDGE_CURVE('',#3633,#3626,#4301,.F.);
#2625=EDGE_CURVE('',#3634,#3635,#290,.F.);
#2626=EDGE_CURVE('',#3634,#3636,#4302,.F.);
#2627=EDGE_CURVE('',#3636,#3637,#4303,.F.);
#2628=EDGE_CURVE('',#3637,#3638,#4304,.F.);
#2629=EDGE_CURVE('',#3639,#3638,#291,.F.);
#2630=EDGE_CURVE('',#3640,#3639,#292,.F.);
#2631=EDGE_CURVE('',#3641,#3640,#293,.F.);
#2632=EDGE_CURVE('',#3642,#3641,#294,.F.);
#2633=EDGE_CURVE('',#3642,#3643,#4305,.F.);
#2634=EDGE_CURVE('',#3643,#3644,#4306,.F.);
#2635=EDGE_CURVE('',#3644,#3645,#4307,.F.);
#2636=EDGE_CURVE('',#3646,#3645,#295,.F.);
#2637=EDGE_CURVE('',#3647,#3646,#296,.F.);
#2638=EDGE_CURVE('',#3648,#3647,#297,.F.);
#2639=EDGE_CURVE('',#3649,#3648,#298,.F.);
#2640=EDGE_CURVE('',#3649,#3650,#4308,.F.);
#2641=EDGE_CURVE('',#3650,#3651,#4309,.F.);
#2642=EDGE_CURVE('',#3651,#3652,#4310,.F.);
#2643=EDGE_CURVE('',#3652,#3653,#4311,.F.);
#2644=EDGE_CURVE('',#3653,#3654,#4312,.F.);
#2645=EDGE_CURVE('',#3654,#3655,#4313,.F.);
#2646=EDGE_CURVE('',#3656,#3655,#219,.T.);
#2647=EDGE_CURVE('',#3657,#3656,#299,.F.);
#2648=EDGE_CURVE('',#3658,#3657,#300,.F.);
#2649=EDGE_CURVE('',#3658,#3659,#4314,.F.);
#2650=EDGE_CURVE('',#3660,#3659,#301,.F.);
#2651=EDGE_CURVE('',#3661,#3660,#302,.F.);
#2652=EDGE_CURVE('',#3635,#3661,#303,.F.);
#2653=EDGE_CURVE('',#3662,#3663,#304,.F.);
#2654=EDGE_CURVE('',#3662,#3664,#4315,.F.);
#2655=EDGE_CURVE('',#3665,#3664,#220,.T.);
#2656=EDGE_CURVE('',#3666,#3665,#305,.F.);
#2657=EDGE_CURVE('',#3667,#3666,#306,.F.);
#2658=EDGE_CURVE('',#3668,#3667,#307,.F.);
#2659=EDGE_CURVE('',#3669,#3668,#308,.F.);
#2660=EDGE_CURVE('',#3670,#3669,#309,.F.);
#2661=EDGE_CURVE('',#3671,#3670,#310,.F.);
#2662=EDGE_CURVE('',#3672,#3671,#311,.F.);
#2663=EDGE_CURVE('',#3672,#3673,#4316,.F.);
#2664=EDGE_CURVE('',#3673,#3674,#4317,.F.);
#2665=EDGE_CURVE('',#3675,#3674,#312,.F.);
#2666=EDGE_CURVE('',#3663,#3675,#313,.F.);
#2667=EDGE_CURVE('',#3676,#3677,#4318,.F.);
#2668=EDGE_CURVE('',#3677,#3678,#4319,.F.);
#2669=EDGE_CURVE('',#3678,#3679,#4320,.F.);
#2670=EDGE_CURVE('',#3679,#3680,#4321,.F.);
#2671=EDGE_CURVE('',#3680,#3681,#4322,.F.);
#2672=EDGE_CURVE('',#3682,#3681,#314,.F.);
#2673=EDGE_CURVE('',#3683,#3682,#315,.F.);
#2674=EDGE_CURVE('',#3684,#3683,#316,.F.);
#2675=EDGE_CURVE('',#3685,#3684,#317,.F.);
#2676=EDGE_CURVE('',#3686,#3685,#318,.F.);
#2677=EDGE_CURVE('',#3687,#3686,#319,.F.);
#2678=EDGE_CURVE('',#3687,#3688,#4323,.F.);
#2679=EDGE_CURVE('',#3688,#3689,#4324,.F.);
#2680=EDGE_CURVE('',#3689,#3690,#4325,.F.);
#2681=EDGE_CURVE('',#3690,#3676,#4326,.F.);
#2682=EDGE_CURVE('',#3691,#3692,#4327,.F.);
#2683=EDGE_CURVE('',#3692,#3693,#4328,.F.);
#2684=EDGE_CURVE('',#3693,#3694,#4329,.F.);
#2685=EDGE_CURVE('',#3694,#3695,#4330,.F.);
#2686=EDGE_CURVE('',#3695,#3696,#4331,.F.);
#2687=EDGE_CURVE('',#3696,#3691,#4332,.F.);
#2688=EDGE_CURVE('',#3697,#3698,#221,.T.);
#2689=EDGE_CURVE('',#3697,#3699,#4333,.F.);
#2690=EDGE_CURVE('',#3700,#3699,#320,.F.);
#2691=EDGE_CURVE('',#3701,#3700,#321,.F.);
#2692=EDGE_CURVE('',#3702,#3701,#322,.F.);
#2693=EDGE_CURVE('',#3703,#3702,#323,.F.);
#2694=EDGE_CURVE('',#3704,#3703,#324,.F.);
#2695=EDGE_CURVE('',#3705,#3704,#325,.F.);
#2696=EDGE_CURVE('',#3706,#3705,#222,.T.);
#2697=EDGE_CURVE('',#3706,#3707,#4334,.F.);
#2698=EDGE_CURVE('',#3707,#3708,#4335,.F.);
#2699=EDGE_CURVE('',#3708,#3709,#4336,.F.);
#2700=EDGE_CURVE('',#3709,#3710,#4337,.F.);
#2701=EDGE_CURVE('',#3710,#3711,#4338,.F.);
#2702=EDGE_CURVE('',#3711,#3698,#4339,.F.);
#2703=EDGE_CURVE('',#3712,#3713,#223,.T.);
#2704=EDGE_CURVE('',#3712,#3714,#4340,.F.);
#2705=EDGE_CURVE('',#3714,#3715,#4341,.F.);
#2706=EDGE_CURVE('',#3715,#3716,#4342,.F.);
#2707=EDGE_CURVE('',#3716,#3717,#4343,.F.);
#2708=EDGE_CURVE('',#3717,#3718,#4344,.F.);
#2709=EDGE_CURVE('',#3719,#3718,#326,.F.);
#2710=EDGE_CURVE('',#3719,#3720,#4345,.F.);
#2711=EDGE_CURVE('',#3720,#3721,#4346,.F.);
#2712=EDGE_CURVE('',#3721,#3722,#4347,.F.);
#2713=EDGE_CURVE('',#3722,#3723,#4348,.F.);
#2714=EDGE_CURVE('',#3723,#3724,#4349,.F.);
#2715=EDGE_CURVE('',#3724,#3725,#4350,.F.);
#2716=EDGE_CURVE('',#3725,#3726,#4351,.F.);
#2717=EDGE_CURVE('',#3726,#3727,#4352,.F.);
#2718=EDGE_CURVE('',#3727,#3728,#4353,.F.);
#2719=EDGE_CURVE('',#3728,#3729,#4354,.F.);
#2720=EDGE_CURVE('',#3729,#3713,#4355,.F.);
#2721=EDGE_CURVE('',#3730,#3731,#327,.F.);
#2722=EDGE_CURVE('',#3730,#3732,#4356,.F.);
#2723=EDGE_CURVE('',#3733,#3732,#328,.F.);
#2724=EDGE_CURVE('',#3734,#3733,#329,.F.);
#2725=EDGE_CURVE('',#3735,#3734,#330,.F.);
#2726=EDGE_CURVE('',#3736,#3735,#331,.F.);
#2727=EDGE_CURVE('',#3737,#3736,#332,.F.);
#2728=EDGE_CURVE('',#3738,#3737,#333,.F.);
#2729=EDGE_CURVE('',#3739,#3738,#334,.F.);
#2730=EDGE_CURVE('',#3740,#3739,#335,.F.);
#2731=EDGE_CURVE('',#3740,#3741,#4357,.F.);
#2732=EDGE_CURVE('',#3741,#3742,#4358,.F.);
#2733=EDGE_CURVE('',#3743,#3742,#336,.F.);
#2734=EDGE_CURVE('',#3731,#3743,#337,.F.);
#2735=EDGE_CURVE('',#3744,#3745,#4359,.F.);
#2736=EDGE_CURVE('',#3745,#3746,#4360,.F.);
#2737=EDGE_CURVE('',#3747,#3746,#338,.F.);
#2738=EDGE_CURVE('',#3748,#3747,#339,.F.);
#2739=EDGE_CURVE('',#3749,#3748,#224,.F.);
#2740=EDGE_CURVE('',#3750,#3749,#225,.F.);
#2741=EDGE_CURVE('',#3750,#3751,#4361,.F.);
#2742=EDGE_CURVE('',#3752,#3751,#340,.F.);
#2743=EDGE_CURVE('',#3753,#3752,#226,.T.);
#2744=EDGE_CURVE('',#3754,#3753,#341,.F.);
#2745=EDGE_CURVE('',#3754,#3755,#4362,.F.);
#2746=EDGE_CURVE('',#3755,#3756,#4363,.F.);
#2747=EDGE_CURVE('',#3756,#3757,#4364,.F.);
#2748=EDGE_CURVE('',#3757,#3758,#4365,.F.);
#2749=EDGE_CURVE('',#3758,#3759,#4366,.F.);
#2750=EDGE_CURVE('',#3759,#3760,#4367,.F.);
#2751=EDGE_CURVE('',#3760,#3761,#4368,.F.);
#2752=EDGE_CURVE('',#3761,#3762,#4369,.F.);
#2753=EDGE_CURVE('',#3762,#3744,#4370,.F.);
#2754=EDGE_CURVE('',#3763,#3764,#342,.F.);
#2755=EDGE_CURVE('',#3763,#3765,#4371,.F.);
#2756=EDGE_CURVE('',#3765,#3766,#4372,.F.);
#2757=EDGE_CURVE('',#3766,#3767,#4373,.F.);
#2758=EDGE_CURVE('',#3768,#3767,#343,.F.);
#2759=EDGE_CURVE('',#3769,#3768,#344,.F.);
#2760=EDGE_CURVE('',#3770,#3769,#345,.F.);
#2761=EDGE_CURVE('',#3771,#3770,#346,.F.);
#2762=EDGE_CURVE('',#3771,#3772,#4374,.F.);
#2763=EDGE_CURVE('',#3772,#3773,#4375,.F.);
#2764=EDGE_CURVE('',#3773,#3774,#4376,.F.);
#2765=EDGE_CURVE('',#3774,#3775,#4377,.F.);
#2766=EDGE_CURVE('',#3775,#3776,#4378,.F.);
#2767=EDGE_CURVE('',#3776,#3777,#4379,.F.);
#2768=EDGE_CURVE('',#3778,#3777,#347,.F.);
#2769=EDGE_CURVE('',#3779,#3778,#348,.F.);
#2770=EDGE_CURVE('',#3764,#3779,#349,.F.);
#2771=EDGE_CURVE('',#3780,#3781,#4380,.F.);
#2772=EDGE_CURVE('',#3781,#3782,#211,.F.);
#2773=EDGE_CURVE('',#3782,#3783,#4381,.F.);
#2774=EDGE_CURVE('',#3783,#3784,#212,.F.);
#2775=EDGE_CURVE('',#3784,#3785,#4382,.T.);
#2776=EDGE_CURVE('',#3785,#3780,#4383,.F.);
#2777=EDGE_CURVE('',#3786,#3787,#350,.F.);
#2778=EDGE_CURVE('',#3788,#3786,#351,.F.);
#2779=EDGE_CURVE('',#3789,#3788,#352,.F.);
#2780=EDGE_CURVE('',#3790,#3789,#353,.F.);
#2781=EDGE_CURVE('',#3791,#3790,#354,.F.);
#2782=EDGE_CURVE('',#3792,#3791,#355,.F.);
#2783=EDGE_CURVE('',#3792,#3793,#4384,.F.);
#2784=EDGE_CURVE('',#3794,#3793,#227,.F.);
#2785=EDGE_CURVE('',#3795,#3794,#228,.F.);
#2786=EDGE_CURVE('',#3796,#3795,#356,.F.);
#2787=EDGE_CURVE('',#3797,#3796,#357,.F.);
#2788=EDGE_CURVE('',#3798,#3797,#358,.F.);
#2789=EDGE_CURVE('',#3799,#3798,#359,.F.);
#2790=EDGE_CURVE('',#3800,#3799,#360,.F.);
#2791=EDGE_CURVE('',#3801,#3800,#361,.F.);
#2792=EDGE_CURVE('',#3802,#3801,#362,.F.);
#2793=EDGE_CURVE('',#3803,#3802,#363,.F.);
#2794=EDGE_CURVE('',#3804,#3803,#364,.F.);
#2795=EDGE_CURVE('',#3805,#3804,#365,.F.);
#2796=EDGE_CURVE('',#3805,#3806,#4385,.F.);
#2797=EDGE_CURVE('',#3807,#3806,#366,.F.);
#2798=EDGE_CURVE('',#3808,#3807,#367,.F.);
#2799=EDGE_CURVE('',#3809,#3808,#368,.F.);
#2800=EDGE_CURVE('',#3810,#3809,#369,.F.);
#2801=EDGE_CURVE('',#3787,#3810,#370,.F.);
#2802=EDGE_CURVE('',#3811,#3812,#371,.F.);
#2803=EDGE_CURVE('',#3811,#3813,#4386,.F.);
#2804=EDGE_CURVE('',#3814,#3813,#372,.F.);
#2805=EDGE_CURVE('',#3815,#3814,#373,.F.);
#2806=EDGE_CURVE('',#3816,#3815,#374,.F.);
#2807=EDGE_CURVE('',#3817,#3816,#375,.F.);
#2808=EDGE_CURVE('',#3818,#3817,#376,.F.);
#2809=EDGE_CURVE('',#3819,#3818,#377,.F.);
#2810=EDGE_CURVE('',#3820,#3819,#378,.F.);
#2811=EDGE_CURVE('',#3821,#3820,#379,.F.);
#2812=EDGE_CURVE('',#3821,#3822,#4387,.F.);
#2813=EDGE_CURVE('',#3822,#3823,#4388,.F.);
#2814=EDGE_CURVE('',#3824,#3823,#380,.F.);
#2815=EDGE_CURVE('',#3812,#3824,#381,.F.);
#2816=EDGE_CURVE('',#3825,#3826,#382,.F.);
#2817=EDGE_CURVE('',#3825,#3827,#4389,.F.);
#2818=EDGE_CURVE('',#3827,#3828,#4390,.F.);
#2819=EDGE_CURVE('',#3828,#3829,#4391,.F.);
#2820=EDGE_CURVE('',#3830,#3829,#383,.F.);
#2821=EDGE_CURVE('',#3831,#3830,#384,.F.);
#2822=EDGE_CURVE('',#3832,#3831,#385,.F.);
#2823=EDGE_CURVE('',#3833,#3832,#386,.F.);
#2824=EDGE_CURVE('',#3833,#3834,#4392,.F.);
#2825=EDGE_CURVE('',#3834,#3835,#4393,.F.);
#2826=EDGE_CURVE('',#3835,#3836,#4394,.F.);
#2827=EDGE_CURVE('',#3836,#3837,#4395,.F.);
#2828=EDGE_CURVE('',#3837,#3838,#4396,.F.);
#2829=EDGE_CURVE('',#3839,#3838,#387,.F.);
#2830=EDGE_CURVE('',#3839,#3840,#4397,.F.);
#2831=EDGE_CURVE('',#3841,#3840,#388,.F.);
#2832=EDGE_CURVE('',#3842,#3841,#389,.F.);
#2833=EDGE_CURVE('',#3826,#3842,#390,.F.);
#2834=EDGE_CURVE('',#3843,#3844,#391,.F.);
#2835=EDGE_CURVE('',#3843,#3845,#4398,.F.);
#2836=EDGE_CURVE('',#3845,#3846,#4399,.F.);
#2837=EDGE_CURVE('',#3846,#3847,#4400,.F.);
#2838=EDGE_CURVE('',#3847,#3848,#4401,.F.);
#2839=EDGE_CURVE('',#3849,#3848,#392,.F.);
#2840=EDGE_CURVE('',#3850,#3849,#393,.F.);
#2841=EDGE_CURVE('',#3851,#3850,#394,.F.);
#2842=EDGE_CURVE('',#3852,#3851,#395,.F.);
#2843=EDGE_CURVE('',#3853,#3852,#396,.F.);
#2844=EDGE_CURVE('',#3853,#3854,#4402,.F.);
#2845=EDGE_CURVE('',#3854,#3855,#4403,.F.);
#2846=EDGE_CURVE('',#3856,#3855,#397,.F.);
#2847=EDGE_CURVE('',#3857,#3856,#398,.F.);
#2848=EDGE_CURVE('',#3858,#3857,#399,.F.);
#2849=EDGE_CURVE('',#3858,#3859,#4404,.F.);
#2850=EDGE_CURVE('',#3860,#3859,#229,.T.);
#2851=EDGE_CURVE('',#3861,#3860,#230,.T.);
#2852=EDGE_CURVE('',#3844,#3861,#400,.F.);
#2853=EDGE_CURVE('',#3862,#3863,#401,.F.);
#2854=EDGE_CURVE('',#3862,#3864,#4405,.F.);
#2855=EDGE_CURVE('',#3864,#3865,#4406,.F.);
#2856=EDGE_CURVE('',#3865,#3866,#4407,.F.);
#2857=EDGE_CURVE('',#3867,#3866,#402,.F.);
#2858=EDGE_CURVE('',#3868,#3867,#403,.F.);
#2859=EDGE_CURVE('',#3869,#3868,#404,.F.);
#2860=EDGE_CURVE('',#3870,#3869,#405,.F.);
#2861=EDGE_CURVE('',#3870,#3871,#4408,.F.);
#2862=EDGE_CURVE('',#3871,#3872,#4409,.F.);
#2863=EDGE_CURVE('',#3872,#3873,#4410,.F.);
#2864=EDGE_CURVE('',#3873,#3874,#4411,.F.);
#2865=EDGE_CURVE('',#3874,#3875,#4412,.F.);
#2866=EDGE_CURVE('',#3876,#3875,#406,.F.);
#2867=EDGE_CURVE('',#3876,#3877,#4413,.F.);
#2868=EDGE_CURVE('',#3878,#3877,#407,.F.);
#2869=EDGE_CURVE('',#3879,#3878,#408,.F.);
#2870=EDGE_CURVE('',#3863,#3879,#409,.F.);
#2871=EDGE_CURVE('',#3880,#3881,#4414,.T.);
#2872=EDGE_CURVE('',#3880,#3780,#231,.T.);
#2873=EDGE_CURVE('',#3785,#3881,#232,.F.);
#2874=EDGE_CURVE('',#3882,#3883,#233,.T.);
#2875=EDGE_CURVE('',#3883,#3884,#4415,.F.);
#2876=EDGE_CURVE('',#3884,#3885,#4416,.T.);
#2877=EDGE_CURVE('',#3885,#3886,#4417,.T.);
#2878=EDGE_CURVE('',#3886,#3887,#234,.T.);
#2879=EDGE_CURVE('',#3887,#3882,#4418,.T.);
#2880=EDGE_CURVE('',#3888,#3889,#4419,.T.);
#2881=EDGE_CURVE('',#3890,#3888,#4420,.T.);
#2882=EDGE_CURVE('',#3891,#3890,#4421,.T.);
#2883=EDGE_CURVE('',#3892,#3891,#4422,.T.);
#2884=EDGE_CURVE('',#3893,#3892,#4423,.T.);
#2885=EDGE_CURVE('',#3889,#3893,#4424,.T.);
#2886=EDGE_CURVE('',#3894,#3895,#4425,.T.);
#2887=EDGE_CURVE('',#3896,#3894,#4426,.T.);
#2888=EDGE_CURVE('',#3897,#3896,#4427,.T.);
#2889=EDGE_CURVE('',#3898,#3897,#4428,.T.);
#2890=EDGE_CURVE('',#3899,#3898,#4429,.T.);
#2891=EDGE_CURVE('',#3895,#3899,#4430,.T.);
#2892=EDGE_CURVE('',#3900,#3900,#410,.T.);
#2893=EDGE_CURVE('',#3901,#3902,#4431,.F.);
#2894=EDGE_CURVE('',#3902,#3903,#4432,.T.);
#2895=EDGE_CURVE('',#3903,#3904,#235,.F.);
#2896=EDGE_CURVE('',#3904,#3905,#4433,.T.);
#2897=EDGE_CURVE('',#3905,#3906,#236,.F.);
#2898=EDGE_CURVE('',#3906,#3907,#4434,.T.);
#2899=EDGE_CURVE('',#3907,#3908,#4435,.T.);
#2900=EDGE_CURVE('',#3909,#3908,#4436,.T.);
#2901=EDGE_CURVE('',#3909,#3910,#4437,.T.);
#2902=EDGE_CURVE('',#3901,#3910,#4438,.T.);
#2903=EDGE_CURVE('',#3911,#3911,#237,.T.);
#2904=EDGE_CURVE('',#3912,#3913,#4439,.T.);
#2905=EDGE_CURVE('',#3912,#3914,#238,.F.);
#2906=EDGE_CURVE('',#3914,#3915,#4440,.T.);
#2907=EDGE_CURVE('',#3915,#3901,#239,.F.);
#2908=EDGE_CURVE('',#3913,#3910,#4441,.T.);
#2909=EDGE_CURVE('',#3916,#3916,#240,.T.);
#2910=EDGE_CURVE('',#3917,#3917,#241,.T.);
#2911=EDGE_CURVE('',#3918,#3918,#242,.T.);
#2912=EDGE_CURVE('',#3919,#3919,#243,.T.);
#2913=EDGE_CURVE('',#3914,#3920,#4442,.F.);
#2914=EDGE_CURVE('',#3920,#3921,#4443,.T.);
#2915=EDGE_CURVE('',#3921,#3915,#4444,.T.);
#2916=EDGE_CURVE('',#3922,#3923,#4445,.F.);
#2917=EDGE_CURVE('',#3923,#3924,#4446,.F.);
#2918=EDGE_CURVE('',#3924,#3925,#244,.T.);
#2919=EDGE_CURVE('',#3925,#3926,#4447,.F.);
#2920=EDGE_CURVE('',#3926,#3927,#245,.T.);
#2921=EDGE_CURVE('',#3927,#3928,#4448,.F.);
#2922=EDGE_CURVE('',#3928,#3912,#4449,.T.);
#2923=EDGE_CURVE('',#3929,#3913,#4450,.T.);
#2924=EDGE_CURVE('',#3929,#3922,#4451,.T.);
#2925=EDGE_CURVE('',#3930,#3931,#4452,.F.);
#2926=EDGE_CURVE('',#3931,#3932,#4453,.F.);
#2927=EDGE_CURVE('',#3932,#3933,#4454,.T.);
#2928=EDGE_CURVE('',#3933,#3930,#4455,.T.);
#2929=EDGE_CURVE('',#3934,#3934,#246,.T.);
#2930=EDGE_CURVE('',#3935,#3935,#247,.T.);
#2931=EDGE_CURVE('',#3936,#3889,#4456,.T.);
#2932=EDGE_CURVE('',#3937,#3936,#4457,.T.);
#2933=EDGE_CURVE('',#3937,#3888,#4458,.T.);
#2934=EDGE_CURVE('',#3938,#3893,#4459,.T.);
#2935=EDGE_CURVE('',#3936,#3938,#4460,.T.);
#2936=EDGE_CURVE('',#3939,#3892,#4461,.T.);
#2937=EDGE_CURVE('',#3938,#3939,#4462,.T.);
#2938=EDGE_CURVE('',#3940,#3891,#4463,.T.);
#2939=EDGE_CURVE('',#3939,#3940,#4464,.T.);
#2940=EDGE_CURVE('',#3941,#3890,#4465,.T.);
#2941=EDGE_CURVE('',#3940,#3941,#4466,.T.);
#2942=EDGE_CURVE('',#3941,#3937,#4467,.T.);
#2943=EDGE_CURVE('',#3942,#3895,#4468,.T.);
#2944=EDGE_CURVE('',#3943,#3942,#4469,.T.);
#2945=EDGE_CURVE('',#3943,#3894,#4470,.T.);
#2946=EDGE_CURVE('',#3944,#3899,#4471,.T.);
#2947=EDGE_CURVE('',#3942,#3944,#4472,.T.);
#2948=EDGE_CURVE('',#3945,#3898,#4473,.T.);
#2949=EDGE_CURVE('',#3944,#3945,#4474,.T.);
#2950=EDGE_CURVE('',#3946,#3897,#4475,.T.);
#2951=EDGE_CURVE('',#3945,#3946,#4476,.T.);
#2952=EDGE_CURVE('',#3947,#3896,#4477,.T.);
#2953=EDGE_CURVE('',#3946,#3947,#4478,.T.);
#2954=EDGE_CURVE('',#3947,#3943,#4479,.T.);
#2955=EDGE_CURVE('',#3929,#3909,#4480,.T.);
#2956=EDGE_CURVE('',#3933,#3922,#248,.F.);
#2957=EDGE_CURVE('',#3908,#3930,#249,.F.);
#2958=EDGE_CURVE('',#3948,#3949,#4481,.F.);
#2959=EDGE_CURVE('',#3949,#3950,#4482,.F.);
#2960=EDGE_CURVE('',#3950,#3951,#4483,.T.);
#2961=EDGE_CURVE('',#3951,#3948,#4484,.T.);
#2962=EDGE_CURVE('',#3952,#3953,#4485,.F.);
#2963=EDGE_CURVE('',#3953,#3880,#4486,.F.);
#2964=EDGE_CURVE('',#3881,#3952,#4487,.T.);
#2965=EDGE_CURVE('',#3921,#3954,#213,.T.);
#2966=EDGE_CURVE('',#3954,#3902,#214,.F.);
#2967=EDGE_CURVE('',#3920,#3783,#215,.F.);
#2968=EDGE_CURVE('',#3782,#3921,#216,.F.);
#2969=EDGE_CURVE('',#3928,#3955,#217,.F.);
#2970=EDGE_CURVE('',#3955,#3920,#218,.T.);
#2971=EDGE_CURVE('',#3932,#3923,#250,.F.);
#2972=EDGE_CURVE('',#3907,#3931,#251,.F.);
#2973=EDGE_CURVE('',#3884,#3949,#252,.T.);
#2974=EDGE_CURVE('',#3948,#3885,#253,.F.);
#2975=EDGE_CURVE('',#3950,#3953,#254,.T.);
#2976=EDGE_CURVE('',#3952,#3951,#255,.F.);
#2977=EDGE_CURVE('',#3954,#3782,#256,.T.);
#2978=EDGE_CURVE('',#3902,#3781,#257,.T.);
#2979=EDGE_CURVE('',#3780,#3880,#258,.T.);
#2980=EDGE_CURVE('',#3903,#3953,#259,.T.);
#2981=EDGE_CURVE('',#3904,#3950,#260,.T.);
#2982=EDGE_CURVE('',#3905,#3949,#261,.T.);
#2983=EDGE_CURVE('',#3906,#3884,#262,.T.);
#2984=EDGE_CURVE('',#3907,#3883,#263,.T.);
#2985=EDGE_CURVE('',#3931,#3882,#264,.T.);
#2986=EDGE_CURVE('',#3932,#3887,#265,.T.);
#2987=EDGE_CURVE('',#3923,#3886,#266,.T.);
#2988=EDGE_CURVE('',#3924,#3885,#267,.T.);
#2989=EDGE_CURVE('',#3925,#3948,#268,.T.);
#2990=EDGE_CURVE('',#3926,#3951,#269,.T.);
#2991=EDGE_CURVE('',#3927,#3952,#270,.T.);
#2992=EDGE_CURVE('',#3881,#3785,#271,.T.);
#2993=EDGE_CURVE('',#3928,#3784,#272,.T.);
#2994=EDGE_CURVE('',#3955,#3783,#273,.T.);
#2995=EDGE_CURVE('',#3956,#3805,#4488,.T.);
#2996=EDGE_CURVE('',#3956,#3957,#4489,.T.);
#2997=EDGE_CURVE('',#3957,#3806,#4490,.T.);
#2998=EDGE_CURVE('',#3958,#3792,#4491,.T.);
#2999=EDGE_CURVE('',#3958,#3959,#4492,.T.);
#3000=EDGE_CURVE('',#3959,#3793,#4493,.T.);
#3001=EDGE_CURVE('',#3960,#3787,#4494,.T.);
#3002=EDGE_CURVE('',#3960,#3961,#411,.T.);
#3003=EDGE_CURVE('',#3961,#3786,#4495,.T.);
#3004=EDGE_CURVE('',#3962,#3810,#4496,.T.);
#3005=EDGE_CURVE('',#3962,#3960,#412,.T.);
#3006=EDGE_CURVE('',#3963,#3809,#4497,.T.);
#3007=EDGE_CURVE('',#3963,#3962,#413,.T.);
#3008=EDGE_CURVE('',#3964,#3808,#4498,.T.);
#3009=EDGE_CURVE('',#3964,#3963,#414,.T.);
#3010=EDGE_CURVE('',#3965,#3807,#4499,.T.);
#3011=EDGE_CURVE('',#3965,#3964,#415,.T.);
#3012=EDGE_CURVE('',#3957,#3965,#416,.T.);
#3013=EDGE_CURVE('',#3966,#3804,#4500,.T.);
#3014=EDGE_CURVE('',#3966,#3956,#417,.T.);
#3015=EDGE_CURVE('',#3967,#3803,#4501,.T.);
#3016=EDGE_CURVE('',#3967,#3966,#418,.T.);
#3017=EDGE_CURVE('',#3968,#3802,#4502,.T.);
#3018=EDGE_CURVE('',#3968,#3967,#419,.T.);
#3019=EDGE_CURVE('',#3969,#3801,#4503,.T.);
#3020=EDGE_CURVE('',#3969,#3968,#420,.T.);
#3021=EDGE_CURVE('',#3970,#3800,#4504,.T.);
#3022=EDGE_CURVE('',#3970,#3969,#421,.T.);
#3023=EDGE_CURVE('',#3971,#3799,#4505,.T.);
#3024=EDGE_CURVE('',#3971,#3970,#422,.T.);
#3025=EDGE_CURVE('',#3972,#3798,#4506,.T.);
#3026=EDGE_CURVE('',#3972,#3971,#423,.T.);
#3027=EDGE_CURVE('',#3973,#3797,#4507,.T.);
#3028=EDGE_CURVE('',#3973,#3972,#424,.T.);
#3029=EDGE_CURVE('',#3974,#3796,#4508,.T.);
#3030=EDGE_CURVE('',#3974,#3973,#425,.T.);
#3031=EDGE_CURVE('',#3975,#3795,#4509,.T.);
#3032=EDGE_CURVE('',#3975,#3974,#426,.T.);
#3033=EDGE_CURVE('',#3976,#3794,#4510,.T.);
#3034=EDGE_CURVE('',#3976,#3975,#274,.T.);
#3035=EDGE_CURVE('',#3959,#3976,#275,.T.);
#3036=EDGE_CURVE('',#3977,#3791,#4511,.T.);
#3037=EDGE_CURVE('',#3977,#3958,#427,.T.);
#3038=EDGE_CURVE('',#3978,#3790,#4512,.T.);
#3039=EDGE_CURVE('',#3978,#3977,#428,.T.);
#3040=EDGE_CURVE('',#3979,#3789,#4513,.T.);
#3041=EDGE_CURVE('',#3979,#3978,#429,.T.);
#3042=EDGE_CURVE('',#3980,#3788,#4514,.T.);
#3043=EDGE_CURVE('',#3980,#3979,#430,.T.);
#3044=EDGE_CURVE('',#3961,#3980,#431,.T.);
#3045=EDGE_CURVE('',#3981,#3776,#4515,.T.);
#3046=EDGE_CURVE('',#3981,#3982,#4516,.F.);
#3047=EDGE_CURVE('',#3982,#3777,#4517,.T.);
#3048=EDGE_CURVE('',#3983,#3775,#4518,.T.);
#3049=EDGE_CURVE('',#3983,#3981,#4519,.T.);
#3050=EDGE_CURVE('',#3984,#3774,#4520,.T.);
#3051=EDGE_CURVE('',#3984,#3983,#4521,.F.);
#3052=EDGE_CURVE('',#3985,#3773,#4522,.T.);
#3053=EDGE_CURVE('',#3985,#3984,#4523,.F.);
#3054=EDGE_CURVE('',#3986,#3772,#4524,.T.);
#3055=EDGE_CURVE('',#3986,#3985,#4525,.T.);
#3056=EDGE_CURVE('',#3987,#3771,#4526,.T.);
#3057=EDGE_CURVE('',#3987,#3986,#4527,.T.);
#3058=EDGE_CURVE('',#3988,#3766,#4528,.T.);
#3059=EDGE_CURVE('',#3988,#3989,#4529,.F.);
#3060=EDGE_CURVE('',#3989,#3767,#4530,.T.);
#3061=EDGE_CURVE('',#3990,#3765,#4531,.T.);
#3062=EDGE_CURVE('',#3990,#3988,#4532,.T.);
#3063=EDGE_CURVE('',#3991,#3763,#4533,.T.);
#3064=EDGE_CURVE('',#3991,#3990,#4534,.T.);
#3065=EDGE_CURVE('',#3992,#3764,#4535,.T.);
#3066=EDGE_CURVE('',#3992,#3991,#432,.T.);
#3067=EDGE_CURVE('',#3993,#3779,#4536,.T.);
#3068=EDGE_CURVE('',#3993,#3992,#433,.T.);
#3069=EDGE_CURVE('',#3994,#3778,#4537,.T.);
#3070=EDGE_CURVE('',#3994,#3993,#434,.T.);
#3071=EDGE_CURVE('',#3982,#3994,#435,.T.);
#3072=EDGE_CURVE('',#3995,#3770,#4538,.T.);
#3073=EDGE_CURVE('',#3995,#3987,#436,.T.);
#3074=EDGE_CURVE('',#3996,#3769,#4539,.T.);
#3075=EDGE_CURVE('',#3996,#3995,#437,.T.);
#3076=EDGE_CURVE('',#3997,#3768,#4540,.T.);
#3077=EDGE_CURVE('',#3997,#3996,#438,.T.);
#3078=EDGE_CURVE('',#3989,#3997,#439,.T.);
#3079=EDGE_CURVE('',#3998,#3811,#4541,.T.);
#3080=EDGE_CURVE('',#3998,#3999,#4542,.F.);
#3081=EDGE_CURVE('',#3999,#3813,#4543,.T.);
#3082=EDGE_CURVE('',#4000,#3822,#4544,.T.);
#3083=EDGE_CURVE('',#4000,#4001,#4545,.F.);
#3084=EDGE_CURVE('',#4001,#3823,#4546,.T.);
#3085=EDGE_CURVE('',#4002,#3821,#4547,.T.);
#3086=EDGE_CURVE('',#4002,#4000,#4548,.F.);
#3087=EDGE_CURVE('',#4003,#4004,#4549,.T.);
#3088=EDGE_CURVE('',#4003,#4005,#4550,.T.);
#3089=EDGE_CURVE('',#4005,#4006,#4551,.T.);
#3090=EDGE_CURVE('',#4004,#4006,#4552,.F.);
#3091=EDGE_CURVE('',#4007,#3812,#4553,.T.);
#3092=EDGE_CURVE('',#4007,#3998,#440,.T.);
#3093=EDGE_CURVE('',#4008,#3824,#4554,.T.);
#3094=EDGE_CURVE('',#4008,#4007,#441,.T.);
#3095=EDGE_CURVE('',#4001,#4008,#442,.T.);
#3096=EDGE_CURVE('',#4009,#3820,#4555,.T.);
#3097=EDGE_CURVE('',#4009,#4002,#443,.T.);
#3098=EDGE_CURVE('',#4010,#3819,#4556,.T.);
#3099=EDGE_CURVE('',#4010,#4009,#444,.T.);
#3100=EDGE_CURVE('',#4011,#3818,#4557,.T.);
#3101=EDGE_CURVE('',#4011,#4010,#445,.T.);
#3102=EDGE_CURVE('',#4012,#3817,#4558,.T.);
#3103=EDGE_CURVE('',#4012,#4011,#446,.T.);
#3104=EDGE_CURVE('',#4013,#3816,#4559,.T.);
#3105=EDGE_CURVE('',#4013,#4012,#447,.T.);
#3106=EDGE_CURVE('',#4014,#3815,#4560,.T.);
#3107=EDGE_CURVE('',#4014,#4013,#448,.T.);
#3108=EDGE_CURVE('',#4015,#3814,#4561,.T.);
#3109=EDGE_CURVE('',#4015,#4014,#449,.T.);
#3110=EDGE_CURVE('',#4004,#4016,#450,.F.);
#3111=EDGE_CURVE('',#4017,#4016,#4562,.T.);
#3112=EDGE_CURVE('',#4017,#4003,#451,.T.);
#3113=EDGE_CURVE('',#4016,#4018,#452,.F.);
#3114=EDGE_CURVE('',#4019,#4018,#4563,.T.);
#3115=EDGE_CURVE('',#4019,#4017,#453,.T.);
#3116=EDGE_CURVE('',#4018,#4020,#454,.F.);
#3117=EDGE_CURVE('',#4021,#4020,#4564,.T.);
#3118=EDGE_CURVE('',#4021,#4019,#455,.T.);
#3119=EDGE_CURVE('',#4020,#4006,#456,.F.);
#3120=EDGE_CURVE('',#4005,#4021,#457,.T.);
#3121=EDGE_CURVE('',#3999,#4015,#458,.T.);
#3122=EDGE_CURVE('',#4022,#3839,#4565,.T.);
#3123=EDGE_CURVE('',#4022,#4023,#4566,.T.);
#3124=EDGE_CURVE('',#4023,#3840,#4567,.T.);
#3125=EDGE_CURVE('',#4024,#3837,#4568,.T.);
#3126=EDGE_CURVE('',#4024,#4025,#4569,.F.);
#3127=EDGE_CURVE('',#4025,#3838,#4570,.T.);
#3128=EDGE_CURVE('',#4026,#3836,#4571,.T.);
#3129=EDGE_CURVE('',#4026,#4024,#4572,.T.);
#3130=EDGE_CURVE('',#4027,#3835,#4573,.T.);
#3131=EDGE_CURVE('',#4027,#4026,#4574,.T.);
#3132=EDGE_CURVE('',#4028,#3834,#4575,.T.);
#3133=EDGE_CURVE('',#4028,#4027,#4576,.F.);
#3134=EDGE_CURVE('',#4029,#3833,#4577,.T.);
#3135=EDGE_CURVE('',#4029,#4028,#4578,.F.);
#3136=EDGE_CURVE('',#4030,#3828,#4579,.T.);
#3137=EDGE_CURVE('',#4030,#4031,#4580,.T.);
#3138=EDGE_CURVE('',#4031,#3829,#4581,.T.);
#3139=EDGE_CURVE('',#4032,#3827,#4582,.T.);
#3140=EDGE_CURVE('',#4032,#4030,#4583,.F.);
#3141=EDGE_CURVE('',#4033,#3825,#4584,.T.);
#3142=EDGE_CURVE('',#4033,#4032,#4585,.F.);
#3143=EDGE_CURVE('',#4034,#3826,#4586,.T.);
#3144=EDGE_CURVE('',#4034,#4033,#459,.T.);
#3145=EDGE_CURVE('',#4035,#3842,#4587,.T.);
#3146=EDGE_CURVE('',#4035,#4034,#460,.T.);
#3147=EDGE_CURVE('',#4036,#3841,#4588,.T.);
#3148=EDGE_CURVE('',#4036,#4035,#461,.T.);
#3149=EDGE_CURVE('',#4023,#4036,#462,.T.);
#3150=EDGE_CURVE('',#4025,#4022,#463,.T.);
#3151=EDGE_CURVE('',#4037,#3832,#4589,.T.);
#3152=EDGE_CURVE('',#4037,#4029,#464,.T.);
#3153=EDGE_CURVE('',#4038,#3831,#4590,.T.);
#3154=EDGE_CURVE('',#4038,#4037,#465,.T.);
#3155=EDGE_CURVE('',#4039,#3830,#4591,.T.);
#3156=EDGE_CURVE('',#4039,#4038,#466,.T.);
#3157=EDGE_CURVE('',#4031,#4039,#467,.T.);
#3158=EDGE_CURVE('',#4040,#3745,#4592,.T.);
#3159=EDGE_CURVE('',#4040,#4041,#4593,.F.);
#3160=EDGE_CURVE('',#4041,#3746,#4594,.T.);
#3161=EDGE_CURVE('',#4042,#3744,#4595,.T.);
#3162=EDGE_CURVE('',#4042,#4040,#4596,.F.);
#3163=EDGE_CURVE('',#4043,#3762,#4597,.T.);
#3164=EDGE_CURVE('',#4043,#4042,#4598,.F.);
#3165=EDGE_CURVE('',#4044,#3761,#4599,.T.);
#3166=EDGE_CURVE('',#4044,#4043,#4600,.T.);
#3167=EDGE_CURVE('',#4045,#3760,#4601,.T.);
#3168=EDGE_CURVE('',#4045,#4044,#4602,.F.);
#3169=EDGE_CURVE('',#4046,#3759,#4603,.T.);
#3170=EDGE_CURVE('',#4046,#4045,#4604,.T.);
#3171=EDGE_CURVE('',#4047,#3758,#4605,.T.);
#3172=EDGE_CURVE('',#4047,#4046,#4606,.T.);
#3173=EDGE_CURVE('',#4048,#3757,#4607,.T.);
#3174=EDGE_CURVE('',#4048,#4047,#4608,.T.);
#3175=EDGE_CURVE('',#4049,#3756,#4609,.T.);
#3176=EDGE_CURVE('',#4049,#4048,#4610,.T.);
#3177=EDGE_CURVE('',#4050,#3755,#4611,.T.);
#3178=EDGE_CURVE('',#4050,#4049,#4612,.F.);
#3179=EDGE_CURVE('',#4051,#3754,#4613,.T.);
#3180=EDGE_CURVE('',#4051,#4050,#4614,.T.);
#3181=EDGE_CURVE('',#4052,#3750,#4615,.T.);
#3182=EDGE_CURVE('',#4052,#4053,#4616,.F.);
#3183=EDGE_CURVE('',#4053,#3751,#4617,.T.);
#3184=EDGE_CURVE('',#4054,#3753,#4618,.T.);
#3185=EDGE_CURVE('',#4054,#4051,#468,.T.);
#3186=EDGE_CURVE('',#4055,#3752,#4619,.T.);
#3187=EDGE_CURVE('',#4055,#4054,#276,.F.);
#3188=EDGE_CURVE('',#4053,#4055,#469,.T.);
#3189=EDGE_CURVE('',#4056,#3749,#4620,.T.);
#3190=EDGE_CURVE('',#4056,#4052,#277,.T.);
#3191=EDGE_CURVE('',#4057,#3748,#4621,.T.);
#3192=EDGE_CURVE('',#4057,#4056,#278,.T.);
#3193=EDGE_CURVE('',#4058,#3747,#4622,.T.);
#3194=EDGE_CURVE('',#4058,#4057,#470,.T.);
#3195=EDGE_CURVE('',#4041,#4058,#471,.T.);
#3196=EDGE_CURVE('',#4059,#3730,#4623,.T.);
#3197=EDGE_CURVE('',#4059,#4060,#4624,.F.);
#3198=EDGE_CURVE('',#4060,#3732,#4625,.T.);
#3199=EDGE_CURVE('',#4061,#3741,#4626,.T.);
#3200=EDGE_CURVE('',#4061,#4062,#4627,.F.);
#3201=EDGE_CURVE('',#4062,#3742,#4628,.T.);
#3202=EDGE_CURVE('',#4063,#3740,#4629,.T.);
#3203=EDGE_CURVE('',#4063,#4061,#4630,.F.);
#3204=EDGE_CURVE('',#4064,#4065,#4631,.T.);
#3205=EDGE_CURVE('',#4064,#4066,#4632,.T.);
#3206=EDGE_CURVE('',#4066,#4067,#4633,.T.);
#3207=EDGE_CURVE('',#4065,#4067,#4634,.F.);
#3208=EDGE_CURVE('',#4068,#3731,#4635,.T.);
#3209=EDGE_CURVE('',#4068,#4059,#472,.T.);
#3210=EDGE_CURVE('',#4069,#3743,#4636,.T.);
#3211=EDGE_CURVE('',#4069,#4068,#473,.T.);
#3212=EDGE_CURVE('',#4062,#4069,#474,.T.);
#3213=EDGE_CURVE('',#4070,#3739,#4637,.T.);
#3214=EDGE_CURVE('',#4070,#4063,#475,.T.);
#3215=EDGE_CURVE('',#4071,#3738,#4638,.T.);
#3216=EDGE_CURVE('',#4071,#4070,#476,.T.);
#3217=EDGE_CURVE('',#4072,#3737,#4639,.T.);
#3218=EDGE_CURVE('',#4072,#4071,#477,.T.);
#3219=EDGE_CURVE('',#4073,#3736,#4640,.T.);
#3220=EDGE_CURVE('',#4073,#4072,#478,.T.);
#3221=EDGE_CURVE('',#4074,#3735,#4641,.T.);
#3222=EDGE_CURVE('',#4074,#4073,#479,.T.);
#3223=EDGE_CURVE('',#4075,#3734,#4642,.T.);
#3224=EDGE_CURVE('',#4075,#4074,#480,.T.);
#3225=EDGE_CURVE('',#4076,#3733,#4643,.T.);
#3226=EDGE_CURVE('',#4076,#4075,#481,.T.);
#3227=EDGE_CURVE('',#4065,#4077,#482,.F.);
#3228=EDGE_CURVE('',#4078,#4077,#4644,.T.);
#3229=EDGE_CURVE('',#4078,#4064,#483,.T.);
#3230=EDGE_CURVE('',#4077,#4079,#484,.F.);
#3231=EDGE_CURVE('',#4080,#4079,#4645,.T.);
#3232=EDGE_CURVE('',#4080,#4078,#485,.T.);
#3233=EDGE_CURVE('',#4079,#4081,#486,.F.);
#3234=EDGE_CURVE('',#4082,#4081,#4646,.T.);
#3235=EDGE_CURVE('',#4082,#4080,#487,.T.);
#3236=EDGE_CURVE('',#4081,#4067,#488,.F.);
#3237=EDGE_CURVE('',#4066,#4082,#489,.T.);
#3238=EDGE_CURVE('',#4060,#4076,#490,.T.);
#3239=EDGE_CURVE('',#4083,#3712,#4647,.T.);
#3240=EDGE_CURVE('',#4083,#4084,#4648,.F.);
#3241=EDGE_CURVE('',#4084,#3714,#4649,.T.);
#3242=EDGE_CURVE('',#4085,#3729,#4650,.T.);
#3243=EDGE_CURVE('',#4085,#4086,#4651,.T.);
#3244=EDGE_CURVE('',#4086,#3713,#4652,.T.);
#3245=EDGE_CURVE('',#4087,#3728,#4653,.T.);
#3246=EDGE_CURVE('',#4087,#4085,#4654,.F.);
#3247=EDGE_CURVE('',#4088,#3727,#4655,.T.);
#3248=EDGE_CURVE('',#4088,#4087,#4656,.F.);
#3249=EDGE_CURVE('',#4089,#3726,#4657,.T.);
#3250=EDGE_CURVE('',#4089,#4088,#4658,.T.);
#3251=EDGE_CURVE('',#4090,#3725,#4659,.T.);
#3252=EDGE_CURVE('',#4090,#4089,#4660,.T.);
#3253=EDGE_CURVE('',#4091,#3724,#4661,.T.);
#3254=EDGE_CURVE('',#4091,#4090,#4662,.T.);
#3255=EDGE_CURVE('',#4092,#3723,#4663,.T.);
#3256=EDGE_CURVE('',#4092,#4091,#4664,.T.);
#3257=EDGE_CURVE('',#4093,#3722,#4665,.T.);
#3258=EDGE_CURVE('',#4093,#4092,#4666,.T.);
#3259=EDGE_CURVE('',#4094,#3721,#4667,.T.);
#3260=EDGE_CURVE('',#4094,#4093,#4668,.T.);
#3261=EDGE_CURVE('',#4095,#3720,#4669,.T.);
#3262=EDGE_CURVE('',#4095,#4094,#4670,.F.);
#3263=EDGE_CURVE('',#4096,#3719,#4671,.T.);
#3264=EDGE_CURVE('',#4096,#4095,#4672,.F.);
#3265=EDGE_CURVE('',#4097,#3717,#4673,.T.);
#3266=EDGE_CURVE('',#4097,#4098,#4674,.F.);
#3267=EDGE_CURVE('',#4098,#3718,#4675,.T.);
#3268=EDGE_CURVE('',#4099,#3716,#4676,.T.);
#3269=EDGE_CURVE('',#4099,#4097,#4677,.T.);
#3270=EDGE_CURVE('',#4100,#3715,#4678,.T.);
#3271=EDGE_CURVE('',#4100,#4099,#4679,.F.);
#3272=EDGE_CURVE('',#4084,#4100,#4680,.T.);
#3273=EDGE_CURVE('',#4086,#4083,#279,.F.);
#3274=EDGE_CURVE('',#4098,#4096,#491,.T.);
#3275=EDGE_CURVE('',#4101,#3711,#4681,.T.);
#3276=EDGE_CURVE('',#4101,#4102,#4682,.F.);
#3277=EDGE_CURVE('',#4102,#3698,#4683,.T.);
#3278=EDGE_CURVE('',#4103,#3710,#4684,.T.);
#3279=EDGE_CURVE('',#4103,#4101,#4685,.T.);
#3280=EDGE_CURVE('',#4104,#3709,#4686,.T.);
#3281=EDGE_CURVE('',#4104,#4103,#4687,.T.);
#3282=EDGE_CURVE('',#4105,#3708,#4688,.T.);
#3283=EDGE_CURVE('',#4105,#4104,#4689,.F.);
#3284=EDGE_CURVE('',#4106,#3707,#4690,.T.);
#3285=EDGE_CURVE('',#4106,#4105,#4691,.T.);
#3286=EDGE_CURVE('',#4107,#3706,#4692,.T.);
#3287=EDGE_CURVE('',#4107,#4106,#4693,.F.);
#3288=EDGE_CURVE('',#4108,#3697,#4694,.T.);
#3289=EDGE_CURVE('',#4108,#4109,#4695,.T.);
#3290=EDGE_CURVE('',#4109,#3699,#4696,.T.);
#3291=EDGE_CURVE('',#4102,#4108,#280,.F.);
#3292=EDGE_CURVE('',#4110,#3705,#4697,.T.);
#3293=EDGE_CURVE('',#4110,#4107,#281,.F.);
#3294=EDGE_CURVE('',#4111,#3704,#4698,.T.);
#3295=EDGE_CURVE('',#4111,#4110,#492,.T.);
#3296=EDGE_CURVE('',#4112,#3703,#4699,.T.);
#3297=EDGE_CURVE('',#4112,#4111,#493,.T.);
#3298=EDGE_CURVE('',#4113,#3702,#4700,.T.);
#3299=EDGE_CURVE('',#4113,#4112,#494,.T.);
#3300=EDGE_CURVE('',#4114,#3701,#4701,.T.);
#3301=EDGE_CURVE('',#4114,#4113,#495,.T.);
#3302=EDGE_CURVE('',#4115,#3700,#4702,.T.);
#3303=EDGE_CURVE('',#4115,#4114,#496,.T.);
#3304=EDGE_CURVE('',#4109,#4115,#497,.T.);
#3305=EDGE_CURVE('',#4116,#4117,#498,.F.);
#3306=EDGE_CURVE('',#4118,#4117,#4703,.T.);
#3307=EDGE_CURVE('',#4118,#4119,#499,.T.);
#3308=EDGE_CURVE('',#4119,#4116,#4704,.T.);
#3309=EDGE_CURVE('',#4117,#4120,#500,.F.);
#3310=EDGE_CURVE('',#4121,#4120,#4705,.T.);
#3311=EDGE_CURVE('',#4121,#4118,#501,.T.);
#3312=EDGE_CURVE('',#4120,#4122,#502,.F.);
#3313=EDGE_CURVE('',#4123,#4122,#4706,.T.);
#3314=EDGE_CURVE('',#4123,#4121,#503,.T.);
#3315=EDGE_CURVE('',#4122,#4124,#504,.F.);
#3316=EDGE_CURVE('',#4125,#4124,#4707,.T.);
#3317=EDGE_CURVE('',#4125,#4123,#505,.T.);
#3318=EDGE_CURVE('',#4124,#4126,#506,.F.);
#3319=EDGE_CURVE('',#4127,#4126,#4708,.T.);
#3320=EDGE_CURVE('',#4127,#4125,#507,.T.);
#3321=EDGE_CURVE('',#4126,#4128,#508,.F.);
#3322=EDGE_CURVE('',#4129,#4128,#4709,.T.);
#3323=EDGE_CURVE('',#4129,#4127,#509,.T.);
#3324=EDGE_CURVE('',#4128,#4130,#510,.F.);
#3325=EDGE_CURVE('',#4131,#4130,#4710,.T.);
#3326=EDGE_CURVE('',#4131,#4129,#511,.T.);
#3327=EDGE_CURVE('',#4130,#4116,#512,.F.);
#3328=EDGE_CURVE('',#4119,#4131,#513,.T.);
#3329=EDGE_CURVE('',#4132,#3858,#4711,.T.);
#3330=EDGE_CURVE('',#4132,#4133,#4712,.T.);
#3331=EDGE_CURVE('',#4133,#3859,#4713,.T.);
#3332=EDGE_CURVE('',#4134,#3854,#4714,.T.);
#3333=EDGE_CURVE('',#4134,#4135,#4715,.T.);
#3334=EDGE_CURVE('',#4135,#3855,#4716,.T.);
#3335=EDGE_CURVE('',#4136,#3853,#4717,.T.);
#3336=EDGE_CURVE('',#4136,#4134,#4718,.T.);
#3337=EDGE_CURVE('',#4137,#3847,#4719,.T.);
#3338=EDGE_CURVE('',#4137,#4138,#4720,.F.);
#3339=EDGE_CURVE('',#4138,#3848,#4721,.T.);
#3340=EDGE_CURVE('',#4139,#3846,#4722,.T.);
#3341=EDGE_CURVE('',#4139,#4137,#4723,.T.);
#3342=EDGE_CURVE('',#4140,#3845,#4724,.T.);
#3343=EDGE_CURVE('',#4140,#4139,#4725,.F.);
#3344=EDGE_CURVE('',#4141,#4142,#4726,.T.);
#3345=EDGE_CURVE('',#4141,#4143,#4727,.T.);
#3346=EDGE_CURVE('',#4143,#4144,#4728,.T.);
#3347=EDGE_CURVE('',#4142,#4144,#4729,.F.);
#3348=EDGE_CURVE('',#4145,#4146,#4730,.T.);
#3349=EDGE_CURVE('',#4145,#4141,#4731,.T.);
#3350=EDGE_CURVE('',#4146,#4142,#4732,.F.);
#3351=EDGE_CURVE('',#4147,#3843,#4733,.T.);
#3352=EDGE_CURVE('',#4147,#4140,#4734,.F.);
#3353=EDGE_CURVE('',#4148,#3844,#4735,.T.);
#3354=EDGE_CURVE('',#4148,#4147,#514,.T.);
#3355=EDGE_CURVE('',#4149,#3861,#4736,.T.);
#3356=EDGE_CURVE('',#4149,#4148,#515,.T.);
#3357=EDGE_CURVE('',#4150,#3860,#4737,.T.);
#3358=EDGE_CURVE('',#4150,#4149,#282,.F.);
#3359=EDGE_CURVE('',#4133,#4150,#283,.F.);
#3360=EDGE_CURVE('',#4151,#3857,#4738,.T.);
#3361=EDGE_CURVE('',#4151,#4132,#516,.T.);
#3362=EDGE_CURVE('',#4152,#3856,#4739,.T.);
#3363=EDGE_CURVE('',#4152,#4151,#517,.T.);
#3364=EDGE_CURVE('',#4135,#4152,#518,.T.);
#3365=EDGE_CURVE('',#4153,#3852,#4740,.T.);
#3366=EDGE_CURVE('',#4153,#4136,#519,.T.);
#3367=EDGE_CURVE('',#4154,#3851,#4741,.T.);
#3368=EDGE_CURVE('',#4154,#4153,#520,.T.);
#3369=EDGE_CURVE('',#4155,#3850,#4742,.T.);
#3370=EDGE_CURVE('',#4155,#4154,#521,.T.);
#3371=EDGE_CURVE('',#4156,#3849,#4743,.T.);
#3372=EDGE_CURVE('',#4156,#4155,#522,.T.);
#3373=EDGE_CURVE('',#4138,#4156,#523,.T.);
#3374=EDGE_CURVE('',#4157,#4158,#524,.F.);
#3375=EDGE_CURVE('',#4159,#4158,#4744,.T.);
#3376=EDGE_CURVE('',#4159,#4160,#525,.T.);
#3377=EDGE_CURVE('',#4160,#4157,#4745,.T.);
#3378=EDGE_CURVE('',#4158,#4144,#526,.F.);
#3379=EDGE_CURVE('',#4143,#4159,#527,.T.);
#3380=EDGE_CURVE('',#4146,#4161,#528,.F.);
#3381=EDGE_CURVE('',#4162,#4161,#4746,.T.);
#3382=EDGE_CURVE('',#4162,#4145,#529,.T.);
#3383=EDGE_CURVE('',#4161,#4163,#530,.F.);
#3384=EDGE_CURVE('',#4164,#4163,#4747,.T.);
#3385=EDGE_CURVE('',#4164,#4162,#531,.T.);
#3386=EDGE_CURVE('',#4163,#4165,#532,.F.);
#3387=EDGE_CURVE('',#4166,#4165,#4748,.T.);
#3388=EDGE_CURVE('',#4166,#4164,#533,.T.);
#3389=EDGE_CURVE('',#4165,#4157,#534,.F.);
#3390=EDGE_CURVE('',#4160,#4166,#535,.T.);
#3391=EDGE_CURVE('',#4167,#3692,#4749,.T.);
#3392=EDGE_CURVE('',#4167,#4168,#4750,.T.);
#3393=EDGE_CURVE('',#4168,#3693,#4751,.T.);
#3394=EDGE_CURVE('',#4169,#3691,#4752,.T.);
#3395=EDGE_CURVE('',#4169,#4167,#4753,.F.);
#3396=EDGE_CURVE('',#4170,#3696,#4754,.T.);
#3397=EDGE_CURVE('',#4170,#4169,#4755,.T.);
#3398=EDGE_CURVE('',#4171,#3695,#4756,.T.);
#3399=EDGE_CURVE('',#4171,#4170,#4757,.T.);
#3400=EDGE_CURVE('',#4172,#3694,#4758,.T.);
#3401=EDGE_CURVE('',#4172,#4171,#4759,.F.);
#3402=EDGE_CURVE('',#4168,#4172,#4760,.F.);
#3403=EDGE_CURVE('',#4173,#3677,#4761,.T.);
#3404=EDGE_CURVE('',#4173,#4174,#4762,.F.);
#3405=EDGE_CURVE('',#4174,#3678,#4763,.T.);
#3406=EDGE_CURVE('',#4175,#3676,#4764,.T.);
#3407=EDGE_CURVE('',#4175,#4173,#4765,.T.);
#3408=EDGE_CURVE('',#4176,#3690,#4766,.T.);
#3409=EDGE_CURVE('',#4176,#4175,#4767,.T.);
#3410=EDGE_CURVE('',#4177,#3689,#4768,.T.);
#3411=EDGE_CURVE('',#4177,#4176,#4769,.T.);
#3412=EDGE_CURVE('',#4178,#3688,#4770,.T.);
#3413=EDGE_CURVE('',#4178,#4177,#4771,.T.);
#3414=EDGE_CURVE('',#4179,#3687,#4772,.T.);
#3415=EDGE_CURVE('',#4179,#4178,#4773,.T.);
#3416=EDGE_CURVE('',#4180,#3680,#4774,.T.);
#3417=EDGE_CURVE('',#4180,#4181,#4775,.F.);
#3418=EDGE_CURVE('',#4181,#3681,#4776,.T.);
#3419=EDGE_CURVE('',#4182,#3679,#4777,.T.);
#3420=EDGE_CURVE('',#4182,#4180,#4778,.T.);
#3421=EDGE_CURVE('',#4183,#4184,#4779,.T.);
#3422=EDGE_CURVE('',#4183,#4185,#4780,.T.);
#3423=EDGE_CURVE('',#4185,#4186,#4781,.T.);
#3424=EDGE_CURVE('',#4184,#4186,#4782,.F.);
#3425=EDGE_CURVE('',#4174,#4182,#4783,.F.);
#3426=EDGE_CURVE('',#4187,#3686,#4784,.T.);
#3427=EDGE_CURVE('',#4187,#4179,#536,.T.);
#3428=EDGE_CURVE('',#4188,#3685,#4785,.T.);
#3429=EDGE_CURVE('',#4188,#4187,#537,.T.);
#3430=EDGE_CURVE('',#4189,#3684,#4786,.T.);
#3431=EDGE_CURVE('',#4189,#4188,#538,.T.);
#3432=EDGE_CURVE('',#4190,#3683,#4787,.T.);
#3433=EDGE_CURVE('',#4190,#4189,#539,.T.);
#3434=EDGE_CURVE('',#4191,#3682,#4788,.T.);
#3435=EDGE_CURVE('',#4191,#4190,#540,.T.);
#3436=EDGE_CURVE('',#4181,#4191,#541,.T.);
#3437=EDGE_CURVE('',#4192,#4193,#542,.F.);
#3438=EDGE_CURVE('',#4194,#4193,#4789,.T.);
#3439=EDGE_CURVE('',#4194,#4195,#543,.T.);
#3440=EDGE_CURVE('',#4195,#4192,#4790,.T.);
#3441=EDGE_CURVE('',#4193,#4196,#544,.F.);
#3442=EDGE_CURVE('',#4197,#4196,#4791,.T.);
#3443=EDGE_CURVE('',#4197,#4194,#545,.T.);
#3444=EDGE_CURVE('',#4196,#4198,#546,.F.);
#3445=EDGE_CURVE('',#4199,#4198,#4792,.T.);
#3446=EDGE_CURVE('',#4199,#4197,#547,.T.);
#3447=EDGE_CURVE('',#4198,#4186,#548,.F.);
#3448=EDGE_CURVE('',#4185,#4199,#549,.T.);
#3449=EDGE_CURVE('',#4184,#4200,#550,.F.);
#3450=EDGE_CURVE('',#4201,#4200,#4793,.T.);
#3451=EDGE_CURVE('',#4201,#4183,#551,.T.);
#3452=EDGE_CURVE('',#4200,#4202,#552,.F.);
#3453=EDGE_CURVE('',#4203,#4202,#4794,.T.);
#3454=EDGE_CURVE('',#4203,#4201,#553,.T.);
#3455=EDGE_CURVE('',#4202,#4204,#554,.F.);
#3456=EDGE_CURVE('',#4205,#4204,#4795,.T.);
#3457=EDGE_CURVE('',#4205,#4203,#555,.T.);
#3458=EDGE_CURVE('',#4204,#4192,#556,.F.);
#3459=EDGE_CURVE('',#4195,#4205,#557,.T.);
#3460=EDGE_CURVE('',#4206,#3662,#4796,.T.);
#3461=EDGE_CURVE('',#4206,#4207,#4797,.F.);
#3462=EDGE_CURVE('',#4207,#3664,#4798,.T.);
#3463=EDGE_CURVE('',#4208,#3673,#4799,.T.);
#3464=EDGE_CURVE('',#4208,#4209,#4800,.F.);
#3465=EDGE_CURVE('',#4209,#3674,#4801,.T.);
#3466=EDGE_CURVE('',#4210,#3672,#4802,.T.);
#3467=EDGE_CURVE('',#4210,#4208,#4803,.F.);
#3468=EDGE_CURVE('',#4211,#4212,#4804,.T.);
#3469=EDGE_CURVE('',#4211,#4213,#4805,.T.);
#3470=EDGE_CURVE('',#4213,#4214,#4806,.T.);
#3471=EDGE_CURVE('',#4212,#4214,#4807,.F.);
#3472=EDGE_CURVE('',#4215,#3663,#4808,.T.);
#3473=EDGE_CURVE('',#4215,#4206,#558,.T.);
#3474=EDGE_CURVE('',#4216,#3675,#4809,.T.);
#3475=EDGE_CURVE('',#4216,#4215,#559,.T.);
#3476=EDGE_CURVE('',#4209,#4216,#560,.T.);
#3477=EDGE_CURVE('',#4217,#3671,#4810,.T.);
#3478=EDGE_CURVE('',#4217,#4210,#561,.T.);
#3479=EDGE_CURVE('',#4218,#3670,#4811,.T.);
#3480=EDGE_CURVE('',#4218,#4217,#562,.T.);
#3481=EDGE_CURVE('',#4219,#3669,#4812,.T.);
#3482=EDGE_CURVE('',#4219,#4218,#563,.T.);
#3483=EDGE_CURVE('',#4220,#3668,#4813,.T.);
#3484=EDGE_CURVE('',#4220,#4219,#564,.T.);
#3485=EDGE_CURVE('',#4221,#3667,#4814,.T.);
#3486=EDGE_CURVE('',#4221,#4220,#565,.T.);
#3487=EDGE_CURVE('',#4222,#3666,#4815,.T.);
#3488=EDGE_CURVE('',#4222,#4221,#566,.T.);
#3489=EDGE_CURVE('',#4223,#3665,#4816,.T.);
#3490=EDGE_CURVE('',#4223,#4222,#567,.T.);
#3491=EDGE_CURVE('',#4212,#4224,#568,.F.);
#3492=EDGE_CURVE('',#4225,#4224,#4817,.T.);
#3493=EDGE_CURVE('',#4225,#4211,#569,.T.);
#3494=EDGE_CURVE('',#4224,#4226,#570,.F.);
#3495=EDGE_CURVE('',#4227,#4226,#4818,.T.);
#3496=EDGE_CURVE('',#4227,#4225,#571,.T.);
#3497=EDGE_CURVE('',#4226,#4228,#572,.F.);
#3498=EDGE_CURVE('',#4229,#4228,#4819,.T.);
#3499=EDGE_CURVE('',#4229,#4227,#573,.T.);
#3500=EDGE_CURVE('',#4228,#4214,#574,.F.);
#3501=EDGE_CURVE('',#4213,#4229,#575,.T.);
#3502=EDGE_CURVE('',#4207,#4223,#284,.F.);
#3503=EDGE_CURVE('',#4230,#3658,#4820,.T.);
#3504=EDGE_CURVE('',#4230,#4231,#4821,.T.);
#3505=EDGE_CURVE('',#4231,#3659,#4822,.T.);
#3506=EDGE_CURVE('',#4232,#3654,#4823,.T.);
#3507=EDGE_CURVE('',#4232,#4233,#4824,.T.);
#3508=EDGE_CURVE('',#4233,#3655,#4825,.T.);
#3509=EDGE_CURVE('',#4234,#3653,#4826,.T.);
#3510=EDGE_CURVE('',#4234,#4232,#4827,.T.);
#3511=EDGE_CURVE('',#4235,#3652,#4828,.T.);
#3512=EDGE_CURVE('',#4235,#4234,#4829,.T.);
#3513=EDGE_CURVE('',#4236,#3651,#4830,.T.);
#3514=EDGE_CURVE('',#4236,#4235,#4831,.T.);
#3515=EDGE_CURVE('',#4237,#3650,#4832,.T.);
#3516=EDGE_CURVE('',#4237,#4236,#4833,.F.);
#3517=EDGE_CURVE('',#4238,#3649,#4834,.T.);
#3518=EDGE_CURVE('',#4238,#4237,#4835,.F.);
#3519=EDGE_CURVE('',#4239,#3644,#4836,.T.);
#3520=EDGE_CURVE('',#4239,#4240,#4837,.T.);
#3521=EDGE_CURVE('',#4240,#3645,#4838,.T.);
#3522=EDGE_CURVE('',#4241,#3643,#4839,.T.);
#3523=EDGE_CURVE('',#4241,#4239,#4840,.F.);
#3524=EDGE_CURVE('',#4242,#3642,#4841,.T.);
#3525=EDGE_CURVE('',#4242,#4241,#4842,.F.);
#3526=EDGE_CURVE('',#4243,#3637,#4843,.T.);
#3527=EDGE_CURVE('',#4243,#4244,#4844,.T.);
#3528=EDGE_CURVE('',#4244,#3638,#4845,.T.);
#3529=EDGE_CURVE('',#4245,#3636,#4846,.T.);
#3530=EDGE_CURVE('',#4245,#4243,#4847,.F.);
#3531=EDGE_CURVE('',#4246,#3634,#4848,.T.);
#3532=EDGE_CURVE('',#4246,#4245,#4849,.F.);
#3533=EDGE_CURVE('',#4247,#3635,#4850,.T.);
#3534=EDGE_CURVE('',#4247,#4246,#576,.T.);
#3535=EDGE_CURVE('',#4248,#3661,#4851,.T.);
#3536=EDGE_CURVE('',#4248,#4247,#577,.T.);
#3537=EDGE_CURVE('',#4249,#3660,#4852,.T.);
#3538=EDGE_CURVE('',#4249,#4248,#578,.T.);
#3539=EDGE_CURVE('',#4231,#4249,#579,.T.);
#3540=EDGE_CURVE('',#4250,#3657,#4853,.T.);
#3541=EDGE_CURVE('',#4250,#4230,#580,.T.);
#3542=EDGE_CURVE('',#4251,#3656,#4854,.T.);
#3543=EDGE_CURVE('',#4251,#4250,#581,.T.);
#3544=EDGE_CURVE('',#4233,#4251,#285,.F.);
#3545=EDGE_CURVE('',#4252,#3648,#4855,.T.);
#3546=EDGE_CURVE('',#4252,#4238,#582,.T.);
#3547=EDGE_CURVE('',#4253,#3647,#4856,.T.);
#3548=EDGE_CURVE('',#4253,#4252,#583,.T.);
#3549=EDGE_CURVE('',#4254,#3646,#4857,.T.);
#3550=EDGE_CURVE('',#4254,#4253,#584,.T.);
#3551=EDGE_CURVE('',#4240,#4254,#585,.T.);
#3552=EDGE_CURVE('',#4255,#3641,#4858,.T.);
#3553=EDGE_CURVE('',#4255,#4242,#586,.T.);
#3554=EDGE_CURVE('',#4256,#3640,#4859,.T.);
#3555=EDGE_CURVE('',#4256,#4255,#587,.T.);
#3556=EDGE_CURVE('',#4257,#3639,#4860,.T.);
#3557=EDGE_CURVE('',#4257,#4256,#588,.T.);
#3558=EDGE_CURVE('',#4244,#4257,#589,.T.);
#3559=EDGE_CURVE('',#4258,#3876,#4861,.T.);
#3560=EDGE_CURVE('',#4258,#4259,#4862,.T.);
#3561=EDGE_CURVE('',#4259,#3877,#4863,.T.);
#3562=EDGE_CURVE('',#4260,#3874,#4864,.T.);
#3563=EDGE_CURVE('',#4260,#4261,#4865,.F.);
#3564=EDGE_CURVE('',#4261,#3875,#4866,.T.);
#3565=EDGE_CURVE('',#4262,#3873,#4867,.T.);
#3566=EDGE_CURVE('',#4262,#4260,#4868,.T.);
#3567=EDGE_CURVE('',#4263,#3872,#4869,.T.);
#3568=EDGE_CURVE('',#4263,#4262,#4870,.T.);
#3569=EDGE_CURVE('',#4264,#3871,#4871,.T.);
#3570=EDGE_CURVE('',#4264,#4263,#4872,.F.);
#3571=EDGE_CURVE('',#4265,#3870,#4873,.T.);
#3572=EDGE_CURVE('',#4265,#4264,#4874,.F.);
#3573=EDGE_CURVE('',#4266,#3865,#4875,.T.);
#3574=EDGE_CURVE('',#4266,#4267,#4876,.T.);
#3575=EDGE_CURVE('',#4267,#3866,#4877,.T.);
#3576=EDGE_CURVE('',#4268,#3864,#4878,.T.);
#3577=EDGE_CURVE('',#4268,#4266,#4879,.F.);
#3578=EDGE_CURVE('',#4269,#3862,#4880,.T.);
#3579=EDGE_CURVE('',#4269,#4268,#4881,.F.);
#3580=EDGE_CURVE('',#4270,#3863,#4882,.T.);
#3581=EDGE_CURVE('',#4270,#4269,#590,.T.);
#3582=EDGE_CURVE('',#4271,#3879,#4883,.T.);
#3583=EDGE_CURVE('',#4271,#4270,#591,.T.);
#3584=EDGE_CURVE('',#4272,#3878,#4884,.T.);
#3585=EDGE_CURVE('',#4272,#4271,#592,.T.);
#3586=EDGE_CURVE('',#4259,#4272,#593,.T.);
#3587=EDGE_CURVE('',#4261,#4258,#594,.T.);
#3588=EDGE_CURVE('',#4273,#3869,#4885,.T.);
#3589=EDGE_CURVE('',#4273,#4265,#595,.T.);
#3590=EDGE_CURVE('',#4274,#3868,#4886,.T.);
#3591=EDGE_CURVE('',#4274,#4273,#596,.T.);
#3592=EDGE_CURVE('',#4275,#3867,#4887,.T.);
#3593=EDGE_CURVE('',#4275,#4274,#597,.T.);
#3594=EDGE_CURVE('',#4267,#4275,#598,.T.);
#3595=EDGE_CURVE('',#4276,#3627,#4888,.T.);
#3596=EDGE_CURVE('',#4276,#4277,#4889,.T.);
#3597=EDGE_CURVE('',#4277,#3628,#4890,.T.);
#3598=EDGE_CURVE('',#4278,#3626,#4891,.T.);
#3599=EDGE_CURVE('',#4278,#4276,#4892,.T.);
#3600=EDGE_CURVE('',#4279,#3633,#4893,.T.);
#3601=EDGE_CURVE('',#4279,#4278,#4894,.F.);
#3602=EDGE_CURVE('',#4280,#3632,#4895,.T.);
#3603=EDGE_CURVE('',#4280,#4279,#4896,.T.);
#3604=EDGE_CURVE('',#4281,#3631,#4897,.T.);
#3605=EDGE_CURVE('',#4281,#4280,#4898,.F.);
#3606=EDGE_CURVE('',#4282,#3630,#4899,.T.);
#3607=EDGE_CURVE('',#4282,#4281,#4900,.T.);
#3608=EDGE_CURVE('',#4283,#3629,#4901,.T.);
#3609=EDGE_CURVE('',#4283,#4282,#4902,.F.);
#3610=EDGE_CURVE('',#4284,#4285,#4903,.T.);
#3611=EDGE_CURVE('',#4284,#4286,#4904,.T.);
#3612=EDGE_CURVE('',#4286,#4287,#4905,.T.);
#3613=EDGE_CURVE('',#4285,#4287,#4906,.F.);
#3614=EDGE_CURVE('',#4288,#4289,#4907,.T.);
#3615=EDGE_CURVE('',#4288,#4284,#4908,.T.);
#3616=EDGE_CURVE('',#4289,#4285,#4909,.F.);
#3617=EDGE_CURVE('',#4290,#4291,#4910,.T.);
#3618=EDGE_CURVE('',#4290,#4288,#4911,.T.);
#3619=EDGE_CURVE('',#4291,#4289,#4912,.F.);
#3620=EDGE_CURVE('',#4277,#4283,#4913,.T.);
#3621=EDGE_CURVE('',#4291,#4292,#286,.T.);
#3622=EDGE_CURVE('',#4293,#4292,#4914,.T.);
#3623=EDGE_CURVE('',#4293,#4290,#287,.F.);
#3624=EDGE_CURVE('',#4292,#4287,#288,.T.);
#3625=EDGE_CURVE('',#4286,#4293,#289,.F.);
#3626=VERTEX_POINT('',#8410);
#3627=VERTEX_POINT('',#8411);
#3628=VERTEX_POINT('',#8413);
#3629=VERTEX_POINT('',#8415);
#3630=VERTEX_POINT('',#8417);
#3631=VERTEX_POINT('',#8419);
#3632=VERTEX_POINT('',#8421);
#3633=VERTEX_POINT('',#8423);
#3634=VERTEX_POINT('',#8428);
#3635=VERTEX_POINT('',#8429);
#3636=VERTEX_POINT('',#8431);
#3637=VERTEX_POINT('',#8433);
#3638=VERTEX_POINT('',#8435);
#3639=VERTEX_POINT('',#8439);
#3640=VERTEX_POINT('',#8443);
#3641=VERTEX_POINT('',#8447);
#3642=VERTEX_POINT('',#8451);
#3643=VERTEX_POINT('',#8453);
#3644=VERTEX_POINT('',#8455);
#3645=VERTEX_POINT('',#8457);
#3646=VERTEX_POINT('',#8461);
#3647=VERTEX_POINT('',#8465);
#3648=VERTEX_POINT('',#8469);
#3649=VERTEX_POINT('',#8473);
#3650=VERTEX_POINT('',#8475);
#3651=VERTEX_POINT('',#8477);
#3652=VERTEX_POINT('',#8479);
#3653=VERTEX_POINT('',#8481);
#3654=VERTEX_POINT('',#8483);
#3655=VERTEX_POINT('',#8485);
#3656=VERTEX_POINT('',#8487);
#3657=VERTEX_POINT('',#8491);
#3658=VERTEX_POINT('',#8495);
#3659=VERTEX_POINT('',#8497);
#3660=VERTEX_POINT('',#8501);
#3661=VERTEX_POINT('',#8505);
#3662=VERTEX_POINT('',#8512);
#3663=VERTEX_POINT('',#8513);
#3664=VERTEX_POINT('',#8515);
#3665=VERTEX_POINT('',#8517);
#3666=VERTEX_POINT('',#8521);
#3667=VERTEX_POINT('',#8525);
#3668=VERTEX_POINT('',#8529);
#3669=VERTEX_POINT('',#8533);
#3670=VERTEX_POINT('',#8537);
#3671=VERTEX_POINT('',#8541);
#3672=VERTEX_POINT('',#8545);
#3673=VERTEX_POINT('',#8547);
#3674=VERTEX_POINT('',#8549);
#3675=VERTEX_POINT('',#8553);
#3676=VERTEX_POINT('',#8558);
#3677=VERTEX_POINT('',#8559);
#3678=VERTEX_POINT('',#8561);
#3679=VERTEX_POINT('',#8563);
#3680=VERTEX_POINT('',#8565);
#3681=VERTEX_POINT('',#8567);
#3682=VERTEX_POINT('',#8571);
#3683=VERTEX_POINT('',#8575);
#3684=VERTEX_POINT('',#8579);
#3685=VERTEX_POINT('',#8583);
#3686=VERTEX_POINT('',#8587);
#3687=VERTEX_POINT('',#8591);
#3688=VERTEX_POINT('',#8593);
#3689=VERTEX_POINT('',#8595);
#3690=VERTEX_POINT('',#8597);
#3691=VERTEX_POINT('',#8600);
#3692=VERTEX_POINT('',#8601);
#3693=VERTEX_POINT('',#8603);
#3694=VERTEX_POINT('',#8605);
#3695=VERTEX_POINT('',#8607);
#3696=VERTEX_POINT('',#8609);
#3697=VERTEX_POINT('',#8612);
#3698=VERTEX_POINT('',#8613);
#3699=VERTEX_POINT('',#8615);
#3700=VERTEX_POINT('',#8619);
#3701=VERTEX_POINT('',#8623);
#3702=VERTEX_POINT('',#8627);
#3703=VERTEX_POINT('',#8631);
#3704=VERTEX_POINT('',#8635);
#3705=VERTEX_POINT('',#8639);
#3706=VERTEX_POINT('',#8641);
#3707=VERTEX_POINT('',#8643);
#3708=VERTEX_POINT('',#8645);
#3709=VERTEX_POINT('',#8647);
#3710=VERTEX_POINT('',#8649);
#3711=VERTEX_POINT('',#8651);
#3712=VERTEX_POINT('',#8654);
#3713=VERTEX_POINT('',#8655);
#3714=VERTEX_POINT('',#8657);
#3715=VERTEX_POINT('',#8659);
#3716=VERTEX_POINT('',#8661);
#3717=VERTEX_POINT('',#8663);
#3718=VERTEX_POINT('',#8665);
#3719=VERTEX_POINT('',#8669);
#3720=VERTEX_POINT('',#8671);
#3721=VERTEX_POINT('',#8673);
#3722=VERTEX_POINT('',#8675);
#3723=VERTEX_POINT('',#8677);
#3724=VERTEX_POINT('',#8679);
#3725=VERTEX_POINT('',#8681);
#3726=VERTEX_POINT('',#8683);
#3727=VERTEX_POINT('',#8685);
#3728=VERTEX_POINT('',#8687);
#3729=VERTEX_POINT('',#8689);
#3730=VERTEX_POINT('',#8694);
#3731=VERTEX_POINT('',#8695);
#3732=VERTEX_POINT('',#8697);
#3733=VERTEX_POINT('',#8701);
#3734=VERTEX_POINT('',#8705);
#3735=VERTEX_POINT('',#8709);
#3736=VERTEX_POINT('',#8713);
#3737=VERTEX_POINT('',#8717);
#3738=VERTEX_POINT('',#8721);
#3739=VERTEX_POINT('',#8725);
#3740=VERTEX_POINT('',#8729);
#3741=VERTEX_POINT('',#8731);
#3742=VERTEX_POINT('',#8733);
#3743=VERTEX_POINT('',#8737);
#3744=VERTEX_POINT('',#8742);
#3745=VERTEX_POINT('',#8743);
#3746=VERTEX_POINT('',#8745);
#3747=VERTEX_POINT('',#8749);
#3748=VERTEX_POINT('',#8753);
#3749=VERTEX_POINT('',#8755);
#3750=VERTEX_POINT('',#8757);
#3751=VERTEX_POINT('',#8759);
#3752=VERTEX_POINT('',#8763);
#3753=VERTEX_POINT('',#8765);
#3754=VERTEX_POINT('',#8769);
#3755=VERTEX_POINT('',#8771);
#3756=VERTEX_POINT('',#8773);
#3757=VERTEX_POINT('',#8775);
#3758=VERTEX_POINT('',#8777);
#3759=VERTEX_POINT('',#8779);
#3760=VERTEX_POINT('',#8781);
#3761=VERTEX_POINT('',#8783);
#3762=VERTEX_POINT('',#8785);
#3763=VERTEX_POINT('',#8790);
#3764=VERTEX_POINT('',#8791);
#3765=VERTEX_POINT('',#8793);
#3766=VERTEX_POINT('',#8795);
#3767=VERTEX_POINT('',#8797);
#3768=VERTEX_POINT('',#8801);
#3769=VERTEX_POINT('',#8805);
#3770=VERTEX_POINT('',#8809);
#3771=VERTEX_POINT('',#8813);
#3772=VERTEX_POINT('',#8815);
#3773=VERTEX_POINT('',#8817);
#3774=VERTEX_POINT('',#8819);
#3775=VERTEX_POINT('',#8821);
#3776=VERTEX_POINT('',#8823);
#3777=VERTEX_POINT('',#8825);
#3778=VERTEX_POINT('',#8829);
#3779=VERTEX_POINT('',#8833);
#3780=VERTEX_POINT('',#8838);
#3781=VERTEX_POINT('',#8839);
#3782=VERTEX_POINT('',#8841);
#3783=VERTEX_POINT('',#8843);
#3784=VERTEX_POINT('',#8845);
#3785=VERTEX_POINT('',#8847);
#3786=VERTEX_POINT('',#8852);
#3787=VERTEX_POINT('',#8853);
#3788=VERTEX_POINT('',#8857);
#3789=VERTEX_POINT('',#8861);
#3790=VERTEX_POINT('',#8865);
#3791=VERTEX_POINT('',#8869);
#3792=VERTEX_POINT('',#8873);
#3793=VERTEX_POINT('',#8875);
#3794=VERTEX_POINT('',#8877);
#3795=VERTEX_POINT('',#8879);
#3796=VERTEX_POINT('',#8883);
#3797=VERTEX_POINT('',#8887);
#3798=VERTEX_POINT('',#8891);
#3799=VERTEX_POINT('',#8895);
#3800=VERTEX_POINT('',#8899);
#3801=VERTEX_POINT('',#8903);
#3802=VERTEX_POINT('',#8907);
#3803=VERTEX_POINT('',#8911);
#3804=VERTEX_POINT('',#8915);
#3805=VERTEX_POINT('',#8919);
#3806=VERTEX_POINT('',#8921);
#3807=VERTEX_POINT('',#8925);
#3808=VERTEX_POINT('',#8929);
#3809=VERTEX_POINT('',#8933);
#3810=VERTEX_POINT('',#8937);
#3811=VERTEX_POINT('',#8944);
#3812=VERTEX_POINT('',#8945);
#3813=VERTEX_POINT('',#8947);
#3814=VERTEX_POINT('',#8951);
#3815=VERTEX_POINT('',#8955);
#3816=VERTEX_POINT('',#8959);
#3817=VERTEX_POINT('',#8963);
#3818=VERTEX_POINT('',#8967);
#3819=VERTEX_POINT('',#8971);
#3820=VERTEX_POINT('',#8975);
#3821=VERTEX_POINT('',#8979);
#3822=VERTEX_POINT('',#8981);
#3823=VERTEX_POINT('',#8983);
#3824=VERTEX_POINT('',#8987);
#3825=VERTEX_POINT('',#8994);
#3826=VERTEX_POINT('',#8995);
#3827=VERTEX_POINT('',#8997);
#3828=VERTEX_POINT('',#8999);
#3829=VERTEX_POINT('',#9001);
#3830=VERTEX_POINT('',#9005);
#3831=VERTEX_POINT('',#9009);
#3832=VERTEX_POINT('',#9013);
#3833=VERTEX_POINT('',#9017);
#3834=VERTEX_POINT('',#9019);
#3835=VERTEX_POINT('',#9021);
#3836=VERTEX_POINT('',#9023);
#3837=VERTEX_POINT('',#9025);
#3838=VERTEX_POINT('',#9027);
#3839=VERTEX_POINT('',#9031);
#3840=VERTEX_POINT('',#9033);
#3841=VERTEX_POINT('',#9037);
#3842=VERTEX_POINT('',#9041);
#3843=VERTEX_POINT('',#9048);
#3844=VERTEX_POINT('',#9049);
#3845=VERTEX_POINT('',#9051);
#3846=VERTEX_POINT('',#9053);
#3847=VERTEX_POINT('',#9055);
#3848=VERTEX_POINT('',#9057);
#3849=VERTEX_POINT('',#9061);
#3850=VERTEX_POINT('',#9065);
#3851=VERTEX_POINT('',#9069);
#3852=VERTEX_POINT('',#9073);
#3853=VERTEX_POINT('',#9077);
#3854=VERTEX_POINT('',#9079);
#3855=VERTEX_POINT('',#9081);
#3856=VERTEX_POINT('',#9085);
#3857=VERTEX_POINT('',#9089);
#3858=VERTEX_POINT('',#9093);
#3859=VERTEX_POINT('',#9095);
#3860=VERTEX_POINT('',#9097);
#3861=VERTEX_POINT('',#9099);
#3862=VERTEX_POINT('',#9106);
#3863=VERTEX_POINT('',#9107);
#3864=VERTEX_POINT('',#9109);
#3865=VERTEX_POINT('',#9111);
#3866=VERTEX_POINT('',#9113);
#3867=VERTEX_POINT('',#9117);
#3868=VERTEX_POINT('',#9121);
#3869=VERTEX_POINT('',#9125);
#3870=VERTEX_POINT('',#9129);
#3871=VERTEX_POINT('',#9131);
#3872=VERTEX_POINT('',#9133);
#3873=VERTEX_POINT('',#9135);
#3874=VERTEX_POINT('',#9137);
#3875=VERTEX_POINT('',#9139);
#3876=VERTEX_POINT('',#9143);
#3877=VERTEX_POINT('',#9145);
#3878=VERTEX_POINT('',#9149);
#3879=VERTEX_POINT('',#9153);
#3880=VERTEX_POINT('',#9159);
#3881=VERTEX_POINT('',#9160);
#3882=VERTEX_POINT('',#9165);
#3883=VERTEX_POINT('',#9166);
#3884=VERTEX_POINT('',#9168);
#3885=VERTEX_POINT('',#9170);
#3886=VERTEX_POINT('',#9172);
#3887=VERTEX_POINT('',#9174);
#3888=VERTEX_POINT('',#9177);
#3889=VERTEX_POINT('',#9178);
#3890=VERTEX_POINT('',#9180);
#3891=VERTEX_POINT('',#9182);
#3892=VERTEX_POINT('',#9184);
#3893=VERTEX_POINT('',#9186);
#3894=VERTEX_POINT('',#9189);
#3895=VERTEX_POINT('',#9190);
#3896=VERTEX_POINT('',#9192);
#3897=VERTEX_POINT('',#9194);
#3898=VERTEX_POINT('',#9196);
#3899=VERTEX_POINT('',#9198);
#3900=VERTEX_POINT('',#9211);
#3901=VERTEX_POINT('',#9214);
#3902=VERTEX_POINT('',#9215);
#3903=VERTEX_POINT('',#9217);
#3904=VERTEX_POINT('',#9219);
#3905=VERTEX_POINT('',#9221);
#3906=VERTEX_POINT('',#9223);
#3907=VERTEX_POINT('',#9225);
#3908=VERTEX_POINT('',#9227);
#3909=VERTEX_POINT('',#9229);
#3910=VERTEX_POINT('',#9231);
#3911=VERTEX_POINT('',#9235);
#3912=VERTEX_POINT('',#9237);
#3913=VERTEX_POINT('',#9238);
#3914=VERTEX_POINT('',#9240);
#3915=VERTEX_POINT('',#9242);
#3916=VERTEX_POINT('',#9247);
#3917=VERTEX_POINT('',#9249);
#3918=VERTEX_POINT('',#9252);
#3919=VERTEX_POINT('',#9254);
#3920=VERTEX_POINT('',#9257);
#3921=VERTEX_POINT('',#9259);
#3922=VERTEX_POINT('',#9263);
#3923=VERTEX_POINT('',#9264);
#3924=VERTEX_POINT('',#9266);
#3925=VERTEX_POINT('',#9268);
#3926=VERTEX_POINT('',#9270);
#3927=VERTEX_POINT('',#9272);
#3928=VERTEX_POINT('',#9274);
#3929=VERTEX_POINT('',#9277);
#3930=VERTEX_POINT('',#9281);
#3931=VERTEX_POINT('',#9282);
#3932=VERTEX_POINT('',#9284);
#3933=VERTEX_POINT('',#9286);
#3934=VERTEX_POINT('',#9290);
#3935=VERTEX_POINT('',#9293);
#3936=VERTEX_POINT('',#9296);
#3937=VERTEX_POINT('',#9298);
#3938=VERTEX_POINT('',#9302);
#3939=VERTEX_POINT('',#9306);
#3940=VERTEX_POINT('',#9310);
#3941=VERTEX_POINT('',#9314);
#3942=VERTEX_POINT('',#9321);
#3943=VERTEX_POINT('',#9323);
#3944=VERTEX_POINT('',#9327);
#3945=VERTEX_POINT('',#9331);
#3946=VERTEX_POINT('',#9335);
#3947=VERTEX_POINT('',#9339);
#3948=VERTEX_POINT('',#9351);
#3949=VERTEX_POINT('',#9352);
#3950=VERTEX_POINT('',#9354);
#3951=VERTEX_POINT('',#9356);
#3952=VERTEX_POINT('',#9360);
#3953=VERTEX_POINT('',#9361);
#3954=VERTEX_POINT('',#9388);
#3955=VERTEX_POINT('',#9395);
#3956=VERTEX_POINT('',#9496);
#3957=VERTEX_POINT('',#9498);
#3958=VERTEX_POINT('',#9502);
#3959=VERTEX_POINT('',#9504);
#3960=VERTEX_POINT('',#9515);
#3961=VERTEX_POINT('',#9519);
#3962=VERTEX_POINT('',#9530);
#3963=VERTEX_POINT('',#9543);
#3964=VERTEX_POINT('',#9556);
#3965=VERTEX_POINT('',#9569);
#3966=VERTEX_POINT('',#9593);
#3967=VERTEX_POINT('',#9606);
#3968=VERTEX_POINT('',#9619);
#3969=VERTEX_POINT('',#9632);
#3970=VERTEX_POINT('',#9645);
#3971=VERTEX_POINT('',#9658);
#3972=VERTEX_POINT('',#9671);
#3973=VERTEX_POINT('',#9684);
#3974=VERTEX_POINT('',#9697);
#3975=VERTEX_POINT('',#9710);
#3976=VERTEX_POINT('',#9716);
#3977=VERTEX_POINT('',#9729);
#3978=VERTEX_POINT('',#9742);
#3979=VERTEX_POINT('',#9755);
#3980=VERTEX_POINT('',#9768);
#3981=VERTEX_POINT('',#9786);
#3982=VERTEX_POINT('',#9788);
#3983=VERTEX_POINT('',#9792);
#3984=VERTEX_POINT('',#9796);
#3985=VERTEX_POINT('',#9800);
#3986=VERTEX_POINT('',#9804);
#3987=VERTEX_POINT('',#9808);
#3988=VERTEX_POINT('',#9812);
#3989=VERTEX_POINT('',#9814);
#3990=VERTEX_POINT('',#9818);
#3991=VERTEX_POINT('',#9822);
#3992=VERTEX_POINT('',#9833);
#3993=VERTEX_POINT('',#9846);
#3994=VERTEX_POINT('',#9859);
#3995=VERTEX_POINT('',#9883);
#3996=VERTEX_POINT('',#9896);
#3997=VERTEX_POINT('',#9909);
#3998=VERTEX_POINT('',#9927);
#3999=VERTEX_POINT('',#9929);
#4000=VERTEX_POINT('',#9933);
#4001=VERTEX_POINT('',#9935);
#4002=VERTEX_POINT('',#9939);
#4003=VERTEX_POINT('',#9943);
#4004=VERTEX_POINT('',#9944);
#4005=VERTEX_POINT('',#9946);
#4006=VERTEX_POINT('',#9948);
#4007=VERTEX_POINT('',#9959);
#4008=VERTEX_POINT('',#9972);
#4009=VERTEX_POINT('',#9996);
#4010=VERTEX_POINT('',#10009);
#4011=VERTEX_POINT('',#10022);
#4012=VERTEX_POINT('',#10035);
#4013=VERTEX_POINT('',#10048);
#4014=VERTEX_POINT('',#10061);
#4015=VERTEX_POINT('',#10074);
#4016=VERTEX_POINT('',#10089);
#4017=VERTEX_POINT('',#10091);
#4018=VERTEX_POINT('',#10106);
#4019=VERTEX_POINT('',#10108);
#4020=VERTEX_POINT('',#10123);
#4021=VERTEX_POINT('',#10125);
#4022=VERTEX_POINT('',#10158);
#4023=VERTEX_POINT('',#10160);
#4024=VERTEX_POINT('',#10164);
#4025=VERTEX_POINT('',#10166);
#4026=VERTEX_POINT('',#10170);
#4027=VERTEX_POINT('',#10174);
#4028=VERTEX_POINT('',#10178);
#4029=VERTEX_POINT('',#10182);
#4030=VERTEX_POINT('',#10186);
#4031=VERTEX_POINT('',#10188);
#4032=VERTEX_POINT('',#10192);
#4033=VERTEX_POINT('',#10196);
#4034=VERTEX_POINT('',#10207);
#4035=VERTEX_POINT('',#10220);
#4036=VERTEX_POINT('',#10233);
#4037=VERTEX_POINT('',#10268);
#4038=VERTEX_POINT('',#10281);
#4039=VERTEX_POINT('',#10294);
#4040=VERTEX_POINT('',#10312);
#4041=VERTEX_POINT('',#10314);
#4042=VERTEX_POINT('',#10318);
#4043=VERTEX_POINT('',#10322);
#4044=VERTEX_POINT('',#10326);
#4045=VERTEX_POINT('',#10330);
#4046=VERTEX_POINT('',#10334);
#4047=VERTEX_POINT('',#10338);
#4048=VERTEX_POINT('',#10342);
#4049=VERTEX_POINT('',#10346);
#4050=VERTEX_POINT('',#10350);
#4051=VERTEX_POINT('',#10354);
#4052=VERTEX_POINT('',#10358);
#4053=VERTEX_POINT('',#10360);
#4054=VERTEX_POINT('',#10371);
#4055=VERTEX_POINT('',#10377);
#4056=VERTEX_POINT('',#10392);
#4057=VERTEX_POINT('',#10396);
#4058=VERTEX_POINT('',#10407);
#4059=VERTEX_POINT('',#10425);
#4060=VERTEX_POINT('',#10427);
#4061=VERTEX_POINT('',#10431);
#4062=VERTEX_POINT('',#10433);
#4063=VERTEX_POINT('',#10437);
#4064=VERTEX_POINT('',#10441);
#4065=VERTEX_POINT('',#10442);
#4066=VERTEX_POINT('',#10444);
#4067=VERTEX_POINT('',#10446);
#4068=VERTEX_POINT('',#10457);
#4069=VERTEX_POINT('',#10470);
#4070=VERTEX_POINT('',#10494);
#4071=VERTEX_POINT('',#10507);
#4072=VERTEX_POINT('',#10520);
#4073=VERTEX_POINT('',#10533);
#4074=VERTEX_POINT('',#10546);
#4075=VERTEX_POINT('',#10559);
#4076=VERTEX_POINT('',#10572);
#4077=VERTEX_POINT('',#10587);
#4078=VERTEX_POINT('',#10589);
#4079=VERTEX_POINT('',#10604);
#4080=VERTEX_POINT('',#10606);
#4081=VERTEX_POINT('',#10621);
#4082=VERTEX_POINT('',#10623);
#4083=VERTEX_POINT('',#10656);
#4084=VERTEX_POINT('',#10658);
#4085=VERTEX_POINT('',#10662);
#4086=VERTEX_POINT('',#10664);
#4087=VERTEX_POINT('',#10668);
#4088=VERTEX_POINT('',#10672);
#4089=VERTEX_POINT('',#10676);
#4090=VERTEX_POINT('',#10680);
#4091=VERTEX_POINT('',#10684);
#4092=VERTEX_POINT('',#10688);
#4093=VERTEX_POINT('',#10692);
#4094=VERTEX_POINT('',#10696);
#4095=VERTEX_POINT('',#10700);
#4096=VERTEX_POINT('',#10704);
#4097=VERTEX_POINT('',#10708);
#4098=VERTEX_POINT('',#10710);
#4099=VERTEX_POINT('',#10714);
#4100=VERTEX_POINT('',#10718);
#4101=VERTEX_POINT('',#10738);
#4102=VERTEX_POINT('',#10740);
#4103=VERTEX_POINT('',#10744);
#4104=VERTEX_POINT('',#10748);
#4105=VERTEX_POINT('',#10752);
#4106=VERTEX_POINT('',#10756);
#4107=VERTEX_POINT('',#10760);
#4108=VERTEX_POINT('',#10764);
#4109=VERTEX_POINT('',#10766);
#4110=VERTEX_POINT('',#10772);
#4111=VERTEX_POINT('',#10783);
#4112=VERTEX_POINT('',#10796);
#4113=VERTEX_POINT('',#10809);
#4114=VERTEX_POINT('',#10822);
#4115=VERTEX_POINT('',#10835);
#4116=VERTEX_POINT('',#10861);
#4117=VERTEX_POINT('',#10862);
#4118=VERTEX_POINT('',#10864);
#4119=VERTEX_POINT('',#10868);
#4120=VERTEX_POINT('',#10881);
#4121=VERTEX_POINT('',#10883);
#4122=VERTEX_POINT('',#10898);
#4123=VERTEX_POINT('',#10900);
#4124=VERTEX_POINT('',#10915);
#4125=VERTEX_POINT('',#10917);
#4126=VERTEX_POINT('',#10932);
#4127=VERTEX_POINT('',#10934);
#4128=VERTEX_POINT('',#10949);
#4129=VERTEX_POINT('',#10951);
#4130=VERTEX_POINT('',#10966);
#4131=VERTEX_POINT('',#10968);
#4132=VERTEX_POINT('',#10990);
#4133=VERTEX_POINT('',#10992);
#4134=VERTEX_POINT('',#10996);
#4135=VERTEX_POINT('',#10998);
#4136=VERTEX_POINT('',#11002);
#4137=VERTEX_POINT('',#11006);
#4138=VERTEX_POINT('',#11008);
#4139=VERTEX_POINT('',#11012);
#4140=VERTEX_POINT('',#11016);
#4141=VERTEX_POINT('',#11020);
#4142=VERTEX_POINT('',#11021);
#4143=VERTEX_POINT('',#11023);
#4144=VERTEX_POINT('',#11025);
#4145=VERTEX_POINT('',#11029);
#4146=VERTEX_POINT('',#11030);
#4147=VERTEX_POINT('',#11035);
#4148=VERTEX_POINT('',#11046);
#4149=VERTEX_POINT('',#11059);
#4150=VERTEX_POINT('',#11065);
#4151=VERTEX_POINT('',#11078);
#4152=VERTEX_POINT('',#11091);
#4153=VERTEX_POINT('',#11115);
#4154=VERTEX_POINT('',#11128);
#4155=VERTEX_POINT('',#11141);
#4156=VERTEX_POINT('',#11154);
#4157=VERTEX_POINT('',#11180);
#4158=VERTEX_POINT('',#11181);
#4159=VERTEX_POINT('',#11183);
#4160=VERTEX_POINT('',#11187);
#4161=VERTEX_POINT('',#11214);
#4162=VERTEX_POINT('',#11216);
#4163=VERTEX_POINT('',#11231);
#4164=VERTEX_POINT('',#11233);
#4165=VERTEX_POINT('',#11248);
#4166=VERTEX_POINT('',#11250);
#4167=VERTEX_POINT('',#11272);
#4168=VERTEX_POINT('',#11274);
#4169=VERTEX_POINT('',#11278);
#4170=VERTEX_POINT('',#11282);
#4171=VERTEX_POINT('',#11286);
#4172=VERTEX_POINT('',#11290);
#4173=VERTEX_POINT('',#11297);
#4174=VERTEX_POINT('',#11299);
#4175=VERTEX_POINT('',#11303);
#4176=VERTEX_POINT('',#11307);
#4177=VERTEX_POINT('',#11311);
#4178=VERTEX_POINT('',#11315);
#4179=VERTEX_POINT('',#11319);
#4180=VERTEX_POINT('',#11323);
#4181=VERTEX_POINT('',#11325);
#4182=VERTEX_POINT('',#11329);
#4183=VERTEX_POINT('',#11333);
#4184=VERTEX_POINT('',#11334);
#4185=VERTEX_POINT('',#11336);
#4186=VERTEX_POINT('',#11338);
#4187=VERTEX_POINT('',#11351);
#4188=VERTEX_POINT('',#11364);
#4189=VERTEX_POINT('',#11377);
#4190=VERTEX_POINT('',#11390);
#4191=VERTEX_POINT('',#11403);
#4192=VERTEX_POINT('',#11429);
#4193=VERTEX_POINT('',#11430);
#4194=VERTEX_POINT('',#11432);
#4195=VERTEX_POINT('',#11436);
#4196=VERTEX_POINT('',#11449);
#4197=VERTEX_POINT('',#11451);
#4198=VERTEX_POINT('',#11466);
#4199=VERTEX_POINT('',#11468);
#4200=VERTEX_POINT('',#11497);
#4201=VERTEX_POINT('',#11499);
#4202=VERTEX_POINT('',#11514);
#4203=VERTEX_POINT('',#11516);
#4204=VERTEX_POINT('',#11531);
#4205=VERTEX_POINT('',#11533);
#4206=VERTEX_POINT('',#11555);
#4207=VERTEX_POINT('',#11557);
#4208=VERTEX_POINT('',#11561);
#4209=VERTEX_POINT('',#11563);
#4210=VERTEX_POINT('',#11567);
#4211=VERTEX_POINT('',#11571);
#4212=VERTEX_POINT('',#11572);
#4213=VERTEX_POINT('',#11574);
#4214=VERTEX_POINT('',#11576);
#4215=VERTEX_POINT('',#11587);
#4216=VERTEX_POINT('',#11600);
#4217=VERTEX_POINT('',#11624);
#4218=VERTEX_POINT('',#11637);
#4219=VERTEX_POINT('',#11650);
#4220=VERTEX_POINT('',#11663);
#4221=VERTEX_POINT('',#11676);
#4222=VERTEX_POINT('',#11689);
#4223=VERTEX_POINT('',#11702);
#4224=VERTEX_POINT('',#11717);
#4225=VERTEX_POINT('',#11719);
#4226=VERTEX_POINT('',#11734);
#4227=VERTEX_POINT('',#11736);
#4228=VERTEX_POINT('',#11751);
#4229=VERTEX_POINT('',#11753);
#4230=VERTEX_POINT('',#11777);
#4231=VERTEX_POINT('',#11779);
#4232=VERTEX_POINT('',#11783);
#4233=VERTEX_POINT('',#11785);
#4234=VERTEX_POINT('',#11789);
#4235=VERTEX_POINT('',#11793);
#4236=VERTEX_POINT('',#11797);
#4237=VERTEX_POINT('',#11801);
#4238=VERTEX_POINT('',#11805);
#4239=VERTEX_POINT('',#11809);
#4240=VERTEX_POINT('',#11811);
#4241=VERTEX_POINT('',#11815);
#4242=VERTEX_POINT('',#11819);
#4243=VERTEX_POINT('',#11823);
#4244=VERTEX_POINT('',#11825);
#4245=VERTEX_POINT('',#11829);
#4246=VERTEX_POINT('',#11833);
#4247=VERTEX_POINT('',#11844);
#4248=VERTEX_POINT('',#11857);
#4249=VERTEX_POINT('',#11870);
#4250=VERTEX_POINT('',#11894);
#4251=VERTEX_POINT('',#11907);
#4252=VERTEX_POINT('',#11922);
#4253=VERTEX_POINT('',#11935);
#4254=VERTEX_POINT('',#11948);
#4255=VERTEX_POINT('',#11972);
#4256=VERTEX_POINT('',#11985);
#4257=VERTEX_POINT('',#11998);
#4258=VERTEX_POINT('',#12016);
#4259=VERTEX_POINT('',#12018);
#4260=VERTEX_POINT('',#12022);
#4261=VERTEX_POINT('',#12024);
#4262=VERTEX_POINT('',#12028);
#4263=VERTEX_POINT('',#12032);
#4264=VERTEX_POINT('',#12036);
#4265=VERTEX_POINT('',#12040);
#4266=VERTEX_POINT('',#12044);
#4267=VERTEX_POINT('',#12046);
#4268=VERTEX_POINT('',#12050);
#4269=VERTEX_POINT('',#12054);
#4270=VERTEX_POINT('',#12065);
#4271=VERTEX_POINT('',#12078);
#4272=VERTEX_POINT('',#12091);
#4273=VERTEX_POINT('',#12126);
#4274=VERTEX_POINT('',#12139);
#4275=VERTEX_POINT('',#12152);
#4276=VERTEX_POINT('',#12170);
#4277=VERTEX_POINT('',#12172);
#4278=VERTEX_POINT('',#12176);
#4279=VERTEX_POINT('',#12180);
#4280=VERTEX_POINT('',#12184);
#4281=VERTEX_POINT('',#12188);
#4282=VERTEX_POINT('',#12192);
#4283=VERTEX_POINT('',#12196);
#4284=VERTEX_POINT('',#12200);
#4285=VERTEX_POINT('',#12201);
#4286=VERTEX_POINT('',#12203);
#4287=VERTEX_POINT('',#12205);
#4288=VERTEX_POINT('',#12209);
#4289=VERTEX_POINT('',#12210);
#4290=VERTEX_POINT('',#12215);
#4291=VERTEX_POINT('',#12216);
#4292=VERTEX_POINT('',#12223);
#4293=VERTEX_POINT('',#12225);
#4294=LINE('',#8409,#4915);
#4295=LINE('',#8412,#4916);
#4296=LINE('',#8414,#4917);
#4297=LINE('',#8416,#4918);
#4298=LINE('',#8418,#4919);
#4299=LINE('',#8420,#4920);
#4300=LINE('',#8422,#4921);
#4301=LINE('',#8424,#4922);
#4302=LINE('',#8430,#4923);
#4303=LINE('',#8432,#4924);
#4304=LINE('',#8434,#4925);
#4305=LINE('',#8452,#4926);
#4306=LINE('',#8454,#4927);
#4307=LINE('',#8456,#4928);
#4308=LINE('',#8474,#4929);
#4309=LINE('',#8476,#4930);
#4310=LINE('',#8478,#4931);
#4311=LINE('',#8480,#4932);
#4312=LINE('',#8482,#4933);
#4313=LINE('',#8484,#4934);
#4314=LINE('',#8496,#4935);
#4315=LINE('',#8514,#4936);
#4316=LINE('',#8546,#4937);
#4317=LINE('',#8548,#4938);
#4318=LINE('',#8557,#4939);
#4319=LINE('',#8560,#4940);
#4320=LINE('',#8562,#4941);
#4321=LINE('',#8564,#4942);
#4322=LINE('',#8566,#4943);
#4323=LINE('',#8592,#4944);
#4324=LINE('',#8594,#4945);
#4325=LINE('',#8596,#4946);
#4326=LINE('',#8598,#4947);
#4327=LINE('',#8599,#4948);
#4328=LINE('',#8602,#4949);
#4329=LINE('',#8604,#4950);
#4330=LINE('',#8606,#4951);
#4331=LINE('',#8608,#4952);
#4332=LINE('',#8610,#4953);
#4333=LINE('',#8614,#4954);
#4334=LINE('',#8642,#4955);
#4335=LINE('',#8644,#4956);
#4336=LINE('',#8646,#4957);
#4337=LINE('',#8648,#4958);
#4338=LINE('',#8650,#4959);
#4339=LINE('',#8652,#4960);
#4340=LINE('',#8656,#4961);
#4341=LINE('',#8658,#4962);
#4342=LINE('',#8660,#4963);
#4343=LINE('',#8662,#4964);
#4344=LINE('',#8664,#4965);
#4345=LINE('',#8670,#4966);
#4346=LINE('',#8672,#4967);
#4347=LINE('',#8674,#4968);
#4348=LINE('',#8676,#4969);
#4349=LINE('',#8678,#4970);
#4350=LINE('',#8680,#4971);
#4351=LINE('',#8682,#4972);
#4352=LINE('',#8684,#4973);
#4353=LINE('',#8686,#4974);
#4354=LINE('',#8688,#4975);
#4355=LINE('',#8690,#4976);
#4356=LINE('',#8696,#4977);
#4357=LINE('',#8730,#4978);
#4358=LINE('',#8732,#4979);
#4359=LINE('',#8741,#4980);
#4360=LINE('',#8744,#4981);
#4361=LINE('',#8758,#4982);
#4362=LINE('',#8770,#4983);
#4363=LINE('',#8772,#4984);
#4364=LINE('',#8774,#4985);
#4365=LINE('',#8776,#4986);
#4366=LINE('',#8778,#4987);
#4367=LINE('',#8780,#4988);
#4368=LINE('',#8782,#4989);
#4369=LINE('',#8784,#4990);
#4370=LINE('',#8786,#4991);
#4371=LINE('',#8792,#4992);
#4372=LINE('',#8794,#4993);
#4373=LINE('',#8796,#4994);
#4374=LINE('',#8814,#4995);
#4375=LINE('',#8816,#4996);
#4376=LINE('',#8818,#4997);
#4377=LINE('',#8820,#4998);
#4378=LINE('',#8822,#4999);
#4379=LINE('',#8824,#5000);
#4380=LINE('',#8837,#5001);
#4381=LINE('',#8842,#5002);
#4382=LINE('',#8846,#5003);
#4383=LINE('',#8848,#5004);
#4384=LINE('',#8874,#5005);
#4385=LINE('',#8920,#5006);
#4386=LINE('',#8946,#5007);
#4387=LINE('',#8980,#5008);
#4388=LINE('',#8982,#5009);
#4389=LINE('',#8996,#5010);
#4390=LINE('',#8998,#5011);
#4391=LINE('',#9000,#5012);
#4392=LINE('',#9018,#5013);
#4393=LINE('',#9020,#5014);
#4394=LINE('',#9022,#5015);
#4395=LINE('',#9024,#5016);
#4396=LINE('',#9026,#5017);
#4397=LINE('',#9032,#5018);
#4398=LINE('',#9050,#5019);
#4399=LINE('',#9052,#5020);
#4400=LINE('',#9054,#5021);
#4401=LINE('',#9056,#5022);
#4402=LINE('',#9078,#5023);
#4403=LINE('',#9080,#5024);
#4404=LINE('',#9094,#5025);
#4405=LINE('',#9108,#5026);
#4406=LINE('',#9110,#5027);
#4407=LINE('',#9112,#5028);
#4408=LINE('',#9130,#5029);
#4409=LINE('',#9132,#5030);
#4410=LINE('',#9134,#5031);
#4411=LINE('',#9136,#5032);
#4412=LINE('',#9138,#5033);
#4413=LINE('',#9144,#5034);
#4414=LINE('',#9158,#5035);
#4415=LINE('',#9167,#5036);
#4416=LINE('',#9169,#5037);
#4417=LINE('',#9171,#5038);
#4418=LINE('',#9175,#5039);
#4419=LINE('',#9176,#5040);
#4420=LINE('',#9179,#5041);
#4421=LINE('',#9181,#5042);
#4422=LINE('',#9183,#5043);
#4423=LINE('',#9185,#5044);
#4424=LINE('',#9187,#5045);
#4425=LINE('',#9188,#5046);
#4426=LINE('',#9191,#5047);
#4427=LINE('',#9193,#5048);
#4428=LINE('',#9195,#5049);
#4429=LINE('',#9197,#5050);
#4430=LINE('',#9199,#5051);
#4431=LINE('',#9213,#5052);
#4432=LINE('',#9216,#5053);
#4433=LINE('',#9220,#5054);
#4434=LINE('',#9224,#5055);
#4435=LINE('',#9226,#5056);
#4436=LINE('',#9228,#5057);
#4437=LINE('',#9230,#5058);
#4438=LINE('',#9232,#5059);
#4439=LINE('',#9236,#5060);
#4440=LINE('',#9241,#5061);
#4441=LINE('',#9244,#5062);
#4442=LINE('',#9256,#5063);
#4443=LINE('',#9258,#5064);
#4444=LINE('',#9260,#5065);
#4445=LINE('',#9262,#5066);
#4446=LINE('',#9265,#5067);
#4447=LINE('',#9269,#5068);
#4448=LINE('',#9273,#5069);
#4449=LINE('',#9275,#5070);
#4450=LINE('',#9276,#5071);
#4451=LINE('',#9278,#5072);
#4452=LINE('',#9280,#5073);
#4453=LINE('',#9283,#5074);
#4454=LINE('',#9285,#5075);
#4455=LINE('',#9287,#5076);
#4456=LINE('',#9295,#5077);
#4457=LINE('',#9297,#5078);
#4458=LINE('',#9299,#5079);
#4459=LINE('',#9301,#5080);
#4460=LINE('',#9303,#5081);
#4461=LINE('',#9305,#5082);
#4462=LINE('',#9307,#5083);
#4463=LINE('',#9309,#5084);
#4464=LINE('',#9311,#5085);
#4465=LINE('',#9313,#5086);
#4466=LINE('',#9315,#5087);
#4467=LINE('',#9317,#5088);
#4468=LINE('',#9320,#5089);
#4469=LINE('',#9322,#5090);
#4470=LINE('',#9324,#5091);
#4471=LINE('',#9326,#5092);
#4472=LINE('',#9328,#5093);
#4473=LINE('',#9330,#5094);
#4474=LINE('',#9332,#5095);
#4475=LINE('',#9334,#5096);
#4476=LINE('',#9336,#5097);
#4477=LINE('',#9338,#5098);
#4478=LINE('',#9340,#5099);
#4479=LINE('',#9342,#5100);
#4480=LINE('',#9345,#5101);
#4481=LINE('',#9350,#5102);
#4482=LINE('',#9353,#5103);
#4483=LINE('',#9355,#5104);
#4484=LINE('',#9357,#5105);
#4485=LINE('',#9359,#5106);
#4486=LINE('',#9362,#5107);
#4487=LINE('',#9363,#5108);
#4488=LINE('',#9495,#5109);
#4489=LINE('',#9497,#5110);
#4490=LINE('',#9499,#5111);
#4491=LINE('',#9501,#5112);
#4492=LINE('',#9503,#5113);
#4493=LINE('',#9505,#5114);
#4494=LINE('',#9514,#5115);
#4495=LINE('',#9520,#5116);
#4496=LINE('',#9529,#5117);
#4497=LINE('',#9542,#5118);
#4498=LINE('',#9555,#5119);
#4499=LINE('',#9568,#5120);
#4500=LINE('',#9592,#5121);
#4501=LINE('',#9605,#5122);
#4502=LINE('',#9618,#5123);
#4503=LINE('',#9631,#5124);
#4504=LINE('',#9644,#5125);
#4505=LINE('',#9657,#5126);
#4506=LINE('',#9670,#5127);
#4507=LINE('',#9683,#5128);
#4508=LINE('',#9696,#5129);
#4509=LINE('',#9709,#5130);
#4510=LINE('',#9715,#5131);
#4511=LINE('',#9728,#5132);
#4512=LINE('',#9741,#5133);
#4513=LINE('',#9754,#5134);
#4514=LINE('',#9767,#5135);
#4515=LINE('',#9785,#5136);
#4516=LINE('',#9787,#5137);
#4517=LINE('',#9789,#5138);
#4518=LINE('',#9791,#5139);
#4519=LINE('',#9793,#5140);
#4520=LINE('',#9795,#5141);
#4521=LINE('',#9797,#5142);
#4522=LINE('',#9799,#5143);
#4523=LINE('',#9801,#5144);
#4524=LINE('',#9803,#5145);
#4525=LINE('',#9805,#5146);
#4526=LINE('',#9807,#5147);
#4527=LINE('',#9809,#5148);
#4528=LINE('',#9811,#5149);
#4529=LINE('',#9813,#5150);
#4530=LINE('',#9815,#5151);
#4531=LINE('',#9817,#5152);
#4532=LINE('',#9819,#5153);
#4533=LINE('',#9821,#5154);
#4534=LINE('',#9823,#5155);
#4535=LINE('',#9832,#5156);
#4536=LINE('',#9845,#5157);
#4537=LINE('',#9858,#5158);
#4538=LINE('',#9882,#5159);
#4539=LINE('',#9895,#5160);
#4540=LINE('',#9908,#5161);
#4541=LINE('',#9926,#5162);
#4542=LINE('',#9928,#5163);
#4543=LINE('',#9930,#5164);
#4544=LINE('',#9932,#5165);
#4545=LINE('',#9934,#5166);
#4546=LINE('',#9936,#5167);
#4547=LINE('',#9938,#5168);
#4548=LINE('',#9940,#5169);
#4549=LINE('',#9942,#5170);
#4550=LINE('',#9945,#5171);
#4551=LINE('',#9947,#5172);
#4552=LINE('',#9949,#5173);
#4553=LINE('',#9958,#5174);
#4554=LINE('',#9971,#5175);
#4555=LINE('',#9995,#5176);
#4556=LINE('',#10008,#5177);
#4557=LINE('',#10021,#5178);
#4558=LINE('',#10034,#5179);
#4559=LINE('',#10047,#5180);
#4560=LINE('',#10060,#5181);
#4561=LINE('',#10073,#5182);
#4562=LINE('',#10090,#5183);
#4563=LINE('',#10107,#5184);
#4564=LINE('',#10124,#5185);
#4565=LINE('',#10157,#5186);
#4566=LINE('',#10159,#5187);
#4567=LINE('',#10161,#5188);
#4568=LINE('',#10163,#5189);
#4569=LINE('',#10165,#5190);
#4570=LINE('',#10167,#5191);
#4571=LINE('',#10169,#5192);
#4572=LINE('',#10171,#5193);
#4573=LINE('',#10173,#5194);
#4574=LINE('',#10175,#5195);
#4575=LINE('',#10177,#5196);
#4576=LINE('',#10179,#5197);
#4577=LINE('',#10181,#5198);
#4578=LINE('',#10183,#5199);
#4579=LINE('',#10185,#5200);
#4580=LINE('',#10187,#5201);
#4581=LINE('',#10189,#5202);
#4582=LINE('',#10191,#5203);
#4583=LINE('',#10193,#5204);
#4584=LINE('',#10195,#5205);
#4585=LINE('',#10197,#5206);
#4586=LINE('',#10206,#5207);
#4587=LINE('',#10219,#5208);
#4588=LINE('',#10232,#5209);
#4589=LINE('',#10267,#5210);
#4590=LINE('',#10280,#5211);
#4591=LINE('',#10293,#5212);
#4592=LINE('',#10311,#5213);
#4593=LINE('',#10313,#5214);
#4594=LINE('',#10315,#5215);
#4595=LINE('',#10317,#5216);
#4596=LINE('',#10319,#5217);
#4597=LINE('',#10321,#5218);
#4598=LINE('',#10323,#5219);
#4599=LINE('',#10325,#5220);
#4600=LINE('',#10327,#5221);
#4601=LINE('',#10329,#5222);
#4602=LINE('',#10331,#5223);
#4603=LINE('',#10333,#5224);
#4604=LINE('',#10335,#5225);
#4605=LINE('',#10337,#5226);
#4606=LINE('',#10339,#5227);
#4607=LINE('',#10341,#5228);
#4608=LINE('',#10343,#5229);
#4609=LINE('',#10345,#5230);
#4610=LINE('',#10347,#5231);
#4611=LINE('',#10349,#5232);
#4612=LINE('',#10351,#5233);
#4613=LINE('',#10353,#5234);
#4614=LINE('',#10355,#5235);
#4615=LINE('',#10357,#5236);
#4616=LINE('',#10359,#5237);
#4617=LINE('',#10361,#5238);
#4618=LINE('',#10370,#5239);
#4619=LINE('',#10376,#5240);
#4620=LINE('',#10391,#5241);
#4621=LINE('',#10395,#5242);
#4622=LINE('',#10406,#5243);
#4623=LINE('',#10424,#5244);
#4624=LINE('',#10426,#5245);
#4625=LINE('',#10428,#5246);
#4626=LINE('',#10430,#5247);
#4627=LINE('',#10432,#5248);
#4628=LINE('',#10434,#5249);
#4629=LINE('',#10436,#5250);
#4630=LINE('',#10438,#5251);
#4631=LINE('',#10440,#5252);
#4632=LINE('',#10443,#5253);
#4633=LINE('',#10445,#5254);
#4634=LINE('',#10447,#5255);
#4635=LINE('',#10456,#5256);
#4636=LINE('',#10469,#5257);
#4637=LINE('',#10493,#5258);
#4638=LINE('',#10506,#5259);
#4639=LINE('',#10519,#5260);
#4640=LINE('',#10532,#5261);
#4641=LINE('',#10545,#5262);
#4642=LINE('',#10558,#5263);
#4643=LINE('',#10571,#5264);
#4644=LINE('',#10588,#5265);
#4645=LINE('',#10605,#5266);
#4646=LINE('',#10622,#5267);
#4647=LINE('',#10655,#5268);
#4648=LINE('',#10657,#5269);
#4649=LINE('',#10659,#5270);
#4650=LINE('',#10661,#5271);
#4651=LINE('',#10663,#5272);
#4652=LINE('',#10665,#5273);
#4653=LINE('',#10667,#5274);
#4654=LINE('',#10669,#5275);
#4655=LINE('',#10671,#5276);
#4656=LINE('',#10673,#5277);
#4657=LINE('',#10675,#5278);
#4658=LINE('',#10677,#5279);
#4659=LINE('',#10679,#5280);
#4660=LINE('',#10681,#5281);
#4661=LINE('',#10683,#5282);
#4662=LINE('',#10685,#5283);
#4663=LINE('',#10687,#5284);
#4664=LINE('',#10689,#5285);
#4665=LINE('',#10691,#5286);
#4666=LINE('',#10693,#5287);
#4667=LINE('',#10695,#5288);
#4668=LINE('',#10697,#5289);
#4669=LINE('',#10699,#5290);
#4670=LINE('',#10701,#5291);
#4671=LINE('',#10703,#5292);
#4672=LINE('',#10705,#5293);
#4673=LINE('',#10707,#5294);
#4674=LINE('',#10709,#5295);
#4675=LINE('',#10711,#5296);
#4676=LINE('',#10713,#5297);
#4677=LINE('',#10715,#5298);
#4678=LINE('',#10717,#5299);
#4679=LINE('',#10719,#5300);
#4680=LINE('',#10721,#5301);
#4681=LINE('',#10737,#5302);
#4682=LINE('',#10739,#5303);
#4683=LINE('',#10741,#5304);
#4684=LINE('',#10743,#5305);
#4685=LINE('',#10745,#5306);
#4686=LINE('',#10747,#5307);
#4687=LINE('',#10749,#5308);
#4688=LINE('',#10751,#5309);
#4689=LINE('',#10753,#5310);
#4690=LINE('',#10755,#5311);
#4691=LINE('',#10757,#5312);
#4692=LINE('',#10759,#5313);
#4693=LINE('',#10761,#5314);
#4694=LINE('',#10763,#5315);
#4695=LINE('',#10765,#5316);
#4696=LINE('',#10767,#5317);
#4697=LINE('',#10771,#5318);
#4698=LINE('',#10782,#5319);
#4699=LINE('',#10795,#5320);
#4700=LINE('',#10808,#5321);
#4701=LINE('',#10821,#5322);
#4702=LINE('',#10834,#5323);
#4703=LINE('',#10863,#5324);
#4704=LINE('',#10869,#5325);
#4705=LINE('',#10882,#5326);
#4706=LINE('',#10899,#5327);
#4707=LINE('',#10916,#5328);
#4708=LINE('',#10933,#5329);
#4709=LINE('',#10950,#5330);
#4710=LINE('',#10967,#5331);
#4711=LINE('',#10989,#5332);
#4712=LINE('',#10991,#5333);
#4713=LINE('',#10993,#5334);
#4714=LINE('',#10995,#5335);
#4715=LINE('',#10997,#5336);
#4716=LINE('',#10999,#5337);
#4717=LINE('',#11001,#5338);
#4718=LINE('',#11003,#5339);
#4719=LINE('',#11005,#5340);
#4720=LINE('',#11007,#5341);
#4721=LINE('',#11009,#5342);
#4722=LINE('',#11011,#5343);
#4723=LINE('',#11013,#5344);
#4724=LINE('',#11015,#5345);
#4725=LINE('',#11017,#5346);
#4726=LINE('',#11019,#5347);
#4727=LINE('',#11022,#5348);
#4728=LINE('',#11024,#5349);
#4729=LINE('',#11026,#5350);
#4730=LINE('',#11028,#5351);
#4731=LINE('',#11031,#5352);
#4732=LINE('',#11032,#5353);
#4733=LINE('',#11034,#5354);
#4734=LINE('',#11036,#5355);
#4735=LINE('',#11045,#5356);
#4736=LINE('',#11058,#5357);
#4737=LINE('',#11064,#5358);
#4738=LINE('',#11077,#5359);
#4739=LINE('',#11090,#5360);
#4740=LINE('',#11114,#5361);
#4741=LINE('',#11127,#5362);
#4742=LINE('',#11140,#5363);
#4743=LINE('',#11153,#5364);
#4744=LINE('',#11182,#5365);
#4745=LINE('',#11188,#5366);
#4746=LINE('',#11215,#5367);
#4747=LINE('',#11232,#5368);
#4748=LINE('',#11249,#5369);
#4749=LINE('',#11271,#5370);
#4750=LINE('',#11273,#5371);
#4751=LINE('',#11275,#5372);
#4752=LINE('',#11277,#5373);
#4753=LINE('',#11279,#5374);
#4754=LINE('',#11281,#5375);
#4755=LINE('',#11283,#5376);
#4756=LINE('',#11285,#5377);
#4757=LINE('',#11287,#5378);
#4758=LINE('',#11289,#5379);
#4759=LINE('',#11291,#5380);
#4760=LINE('',#11293,#5381);
#4761=LINE('',#11296,#5382);
#4762=LINE('',#11298,#5383);
#4763=LINE('',#11300,#5384);
#4764=LINE('',#11302,#5385);
#4765=LINE('',#11304,#5386);
#4766=LINE('',#11306,#5387);
#4767=LINE('',#11308,#5388);
#4768=LINE('',#11310,#5389);
#4769=LINE('',#11312,#5390);
#4770=LINE('',#11314,#5391);
#4771=LINE('',#11316,#5392);
#4772=LINE('',#11318,#5393);
#4773=LINE('',#11320,#5394);
#4774=LINE('',#11322,#5395);
#4775=LINE('',#11324,#5396);
#4776=LINE('',#11326,#5397);
#4777=LINE('',#11328,#5398);
#4778=LINE('',#11330,#5399);
#4779=LINE('',#11332,#5400);
#4780=LINE('',#11335,#5401);
#4781=LINE('',#11337,#5402);
#4782=LINE('',#11339,#5403);
#4783=LINE('',#11341,#5404);
#4784=LINE('',#11350,#5405);
#4785=LINE('',#11363,#5406);
#4786=LINE('',#11376,#5407);
#4787=LINE('',#11389,#5408);
#4788=LINE('',#11402,#5409);
#4789=LINE('',#11431,#5410);
#4790=LINE('',#11437,#5411);
#4791=LINE('',#11450,#5412);
#4792=LINE('',#11467,#5413);
#4793=LINE('',#11498,#5414);
#4794=LINE('',#11515,#5415);
#4795=LINE('',#11532,#5416);
#4796=LINE('',#11554,#5417);
#4797=LINE('',#11556,#5418);
#4798=LINE('',#11558,#5419);
#4799=LINE('',#11560,#5420);
#4800=LINE('',#11562,#5421);
#4801=LINE('',#11564,#5422);
#4802=LINE('',#11566,#5423);
#4803=LINE('',#11568,#5424);
#4804=LINE('',#11570,#5425);
#4805=LINE('',#11573,#5426);
#4806=LINE('',#11575,#5427);
#4807=LINE('',#11577,#5428);
#4808=LINE('',#11586,#5429);
#4809=LINE('',#11599,#5430);
#4810=LINE('',#11623,#5431);
#4811=LINE('',#11636,#5432);
#4812=LINE('',#11649,#5433);
#4813=LINE('',#11662,#5434);
#4814=LINE('',#11675,#5435);
#4815=LINE('',#11688,#5436);
#4816=LINE('',#11701,#5437);
#4817=LINE('',#11718,#5438);
#4818=LINE('',#11735,#5439);
#4819=LINE('',#11752,#5440);
#4820=LINE('',#11776,#5441);
#4821=LINE('',#11778,#5442);
#4822=LINE('',#11780,#5443);
#4823=LINE('',#11782,#5444);
#4824=LINE('',#11784,#5445);
#4825=LINE('',#11786,#5446);
#4826=LINE('',#11788,#5447);
#4827=LINE('',#11790,#5448);
#4828=LINE('',#11792,#5449);
#4829=LINE('',#11794,#5450);
#4830=LINE('',#11796,#5451);
#4831=LINE('',#11798,#5452);
#4832=LINE('',#11800,#5453);
#4833=LINE('',#11802,#5454);
#4834=LINE('',#11804,#5455);
#4835=LINE('',#11806,#5456);
#4836=LINE('',#11808,#5457);
#4837=LINE('',#11810,#5458);
#4838=LINE('',#11812,#5459);
#4839=LINE('',#11814,#5460);
#4840=LINE('',#11816,#5461);
#4841=LINE('',#11818,#5462);
#4842=LINE('',#11820,#5463);
#4843=LINE('',#11822,#5464);
#4844=LINE('',#11824,#5465);
#4845=LINE('',#11826,#5466);
#4846=LINE('',#11828,#5467);
#4847=LINE('',#11830,#5468);
#4848=LINE('',#11832,#5469);
#4849=LINE('',#11834,#5470);
#4850=LINE('',#11843,#5471);
#4851=LINE('',#11856,#5472);
#4852=LINE('',#11869,#5473);
#4853=LINE('',#11893,#5474);
#4854=LINE('',#11906,#5475);
#4855=LINE('',#11921,#5476);
#4856=LINE('',#11934,#5477);
#4857=LINE('',#11947,#5478);
#4858=LINE('',#11971,#5479);
#4859=LINE('',#11984,#5480);
#4860=LINE('',#11997,#5481);
#4861=LINE('',#12015,#5482);
#4862=LINE('',#12017,#5483);
#4863=LINE('',#12019,#5484);
#4864=LINE('',#12021,#5485);
#4865=LINE('',#12023,#5486);
#4866=LINE('',#12025,#5487);
#4867=LINE('',#12027,#5488);
#4868=LINE('',#12029,#5489);
#4869=LINE('',#12031,#5490);
#4870=LINE('',#12033,#5491);
#4871=LINE('',#12035,#5492);
#4872=LINE('',#12037,#5493);
#4873=LINE('',#12039,#5494);
#4874=LINE('',#12041,#5495);
#4875=LINE('',#12043,#5496);
#4876=LINE('',#12045,#5497);
#4877=LINE('',#12047,#5498);
#4878=LINE('',#12049,#5499);
#4879=LINE('',#12051,#5500);
#4880=LINE('',#12053,#5501);
#4881=LINE('',#12055,#5502);
#4882=LINE('',#12064,#5503);
#4883=LINE('',#12077,#5504);
#4884=LINE('',#12090,#5505);
#4885=LINE('',#12125,#5506);
#4886=LINE('',#12138,#5507);
#4887=LINE('',#12151,#5508);
#4888=LINE('',#12169,#5509);
#4889=LINE('',#12171,#5510);
#4890=LINE('',#12173,#5511);
#4891=LINE('',#12175,#5512);
#4892=LINE('',#12177,#5513);
#4893=LINE('',#12179,#5514);
#4894=LINE('',#12181,#5515);
#4895=LINE('',#12183,#5516);
#4896=LINE('',#12185,#5517);
#4897=LINE('',#12187,#5518);
#4898=LINE('',#12189,#5519);
#4899=LINE('',#12191,#5520);
#4900=LINE('',#12193,#5521);
#4901=LINE('',#12195,#5522);
#4902=LINE('',#12197,#5523);
#4903=LINE('',#12199,#5524);
#4904=LINE('',#12202,#5525);
#4905=LINE('',#12204,#5526);
#4906=LINE('',#12206,#5527);
#4907=LINE('',#12208,#5528);
#4908=LINE('',#12211,#5529);
#4909=LINE('',#12212,#5530);
#4910=LINE('',#12214,#5531);
#4911=LINE('',#12217,#5532);
#4912=LINE('',#12218,#5533);
#4913=LINE('',#12220,#5534);
#4914=LINE('',#12224,#5535);
#4915=VECTOR('',#7204,1.);
#4916=VECTOR('',#7205,1.);
#4917=VECTOR('',#7206,1.);
#4918=VECTOR('',#7207,1.);
#4919=VECTOR('',#7208,1.);
#4920=VECTOR('',#7209,1.);
#4921=VECTOR('',#7210,1.);
#4922=VECTOR('',#7211,1.);
#4923=VECTOR('',#7212,1.);
#4924=VECTOR('',#7213,1.);
#4925=VECTOR('',#7214,1.);
#4926=VECTOR('',#7215,1.);
#4927=VECTOR('',#7216,1.);
#4928=VECTOR('',#7217,1.);
#4929=VECTOR('',#7218,1.);
#4930=VECTOR('',#7219,1.);
#4931=VECTOR('',#7220,1.);
#4932=VECTOR('',#7221,1.);
#4933=VECTOR('',#7222,1.);
#4934=VECTOR('',#7223,1.);
#4935=VECTOR('',#7226,1.);
#4936=VECTOR('',#7227,1.);
#4937=VECTOR('',#7230,1.);
#4938=VECTOR('',#7231,1.);
#4939=VECTOR('',#7232,1.);
#4940=VECTOR('',#7233,1.);
#4941=VECTOR('',#7234,1.);
#4942=VECTOR('',#7235,1.);
#4943=VECTOR('',#7236,1.);
#4944=VECTOR('',#7237,1.);
#4945=VECTOR('',#7238,1.);
#4946=VECTOR('',#7239,1.);
#4947=VECTOR('',#7240,1.);
#4948=VECTOR('',#7241,1.);
#4949=VECTOR('',#7242,1.);
#4950=VECTOR('',#7243,1.);
#4951=VECTOR('',#7244,1.);
#4952=VECTOR('',#7245,1.);
#4953=VECTOR('',#7246,1.);
#4954=VECTOR('',#7249,1.);
#4955=VECTOR('',#7252,1.);
#4956=VECTOR('',#7253,1.);
#4957=VECTOR('',#7254,1.);
#4958=VECTOR('',#7255,1.);
#4959=VECTOR('',#7256,1.);
#4960=VECTOR('',#7257,1.);
#4961=VECTOR('',#7260,1.);
#4962=VECTOR('',#7261,1.);
#4963=VECTOR('',#7262,1.);
#4964=VECTOR('',#7263,1.);
#4965=VECTOR('',#7264,1.);
#4966=VECTOR('',#7265,1.);
#4967=VECTOR('',#7266,1.);
#4968=VECTOR('',#7267,1.);
#4969=VECTOR('',#7268,1.);
#4970=VECTOR('',#7269,1.);
#4971=VECTOR('',#7270,1.);
#4972=VECTOR('',#7271,1.);
#4973=VECTOR('',#7272,1.);
#4974=VECTOR('',#7273,1.);
#4975=VECTOR('',#7274,1.);
#4976=VECTOR('',#7275,1.);
#4977=VECTOR('',#7276,1.);
#4978=VECTOR('',#7277,1.);
#4979=VECTOR('',#7278,1.);
#4980=VECTOR('',#7279,1.);
#4981=VECTOR('',#7280,1.);
#4982=VECTOR('',#7285,1.);
#4983=VECTOR('',#7288,1.);
#4984=VECTOR('',#7289,1.);
#4985=VECTOR('',#7290,1.);
#4986=VECTOR('',#7291,1.);
#4987=VECTOR('',#7292,1.);
#4988=VECTOR('',#7293,1.);
#4989=VECTOR('',#7294,1.);
#4990=VECTOR('',#7295,1.);
#4991=VECTOR('',#7296,1.);
#4992=VECTOR('',#7297,1.);
#4993=VECTOR('',#7298,1.);
#4994=VECTOR('',#7299,1.);
#4995=VECTOR('',#7300,1.);
#4996=VECTOR('',#7301,1.);
#4997=VECTOR('',#7302,1.);
#4998=VECTOR('',#7303,1.);
#4999=VECTOR('',#7304,1.);
#5000=VECTOR('',#7305,1.);
#5001=VECTOR('',#7306,1.);
#5002=VECTOR('',#7309,1.);
#5003=VECTOR('',#7312,1.);
#5004=VECTOR('',#7313,1.);
#5005=VECTOR('',#7314,1.);
#5006=VECTOR('',#7319,1.);
#5007=VECTOR('',#7320,1.);
#5008=VECTOR('',#7321,1.);
#5009=VECTOR('',#7322,1.);
#5010=VECTOR('',#7323,1.);
#5011=VECTOR('',#7324,1.);
#5012=VECTOR('',#7325,1.);
#5013=VECTOR('',#7326,1.);
#5014=VECTOR('',#7327,1.);
#5015=VECTOR('',#7328,1.);
#5016=VECTOR('',#7329,1.);
#5017=VECTOR('',#7330,1.);
#5018=VECTOR('',#7331,1.);
#5019=VECTOR('',#7332,1.);
#5020=VECTOR('',#7333,1.);
#5021=VECTOR('',#7334,1.);
#5022=VECTOR('',#7335,1.);
#5023=VECTOR('',#7336,1.);
#5024=VECTOR('',#7337,1.);
#5025=VECTOR('',#7338,1.);
#5026=VECTOR('',#7343,1.);
#5027=VECTOR('',#7344,1.);
#5028=VECTOR('',#7345,1.);
#5029=VECTOR('',#7346,1.);
#5030=VECTOR('',#7347,1.);
#5031=VECTOR('',#7348,1.);
#5032=VECTOR('',#7349,1.);
#5033=VECTOR('',#7350,1.);
#5034=VECTOR('',#7351,1.);
#5035=VECTOR('',#7354,1.);
#5036=VECTOR('',#7363,1.);
#5037=VECTOR('',#7364,1.);
#5038=VECTOR('',#7365,1.);
#5039=VECTOR('',#7368,1.);
#5040=VECTOR('',#7369,1.);
#5041=VECTOR('',#7370,1.);
#5042=VECTOR('',#7371,1.);
#5043=VECTOR('',#7372,1.);
#5044=VECTOR('',#7373,1.);
#5045=VECTOR('',#7374,1.);
#5046=VECTOR('',#7375,1.);
#5047=VECTOR('',#7376,1.);
#5048=VECTOR('',#7377,1.);
#5049=VECTOR('',#7378,1.);
#5050=VECTOR('',#7379,1.);
#5051=VECTOR('',#7380,1.);
#5052=VECTOR('',#7383,1.);
#5053=VECTOR('',#7384,1.);
#5054=VECTOR('',#7387,1.);
#5055=VECTOR('',#7390,1.);
#5056=VECTOR('',#7391,1.);
#5057=VECTOR('',#7392,1.);
#5058=VECTOR('',#7393,1.);
#5059=VECTOR('',#7394,1.);
#5060=VECTOR('',#7399,1.);
#5061=VECTOR('',#7402,1.);
#5062=VECTOR('',#7405,1.);
#5063=VECTOR('',#7420,1.);
#5064=VECTOR('',#7421,1.);
#5065=VECTOR('',#7422,1.);
#5066=VECTOR('',#7425,1.);
#5067=VECTOR('',#7426,1.);
#5068=VECTOR('',#7429,1.);
#5069=VECTOR('',#7432,1.);
#5070=VECTOR('',#7433,1.);
#5071=VECTOR('',#7434,1.);
#5072=VECTOR('',#7435,1.);
#5073=VECTOR('',#7438,1.);
#5074=VECTOR('',#7439,1.);
#5075=VECTOR('',#7440,1.);
#5076=VECTOR('',#7441,1.);
#5077=VECTOR('',#7452,1.);
#5078=VECTOR('',#7453,1.);
#5079=VECTOR('',#7454,1.);
#5080=VECTOR('',#7457,1.);
#5081=VECTOR('',#7458,1.);
#5082=VECTOR('',#7461,1.);
#5083=VECTOR('',#7462,1.);
#5084=VECTOR('',#7465,1.);
#5085=VECTOR('',#7466,1.);
#5086=VECTOR('',#7469,1.);
#5087=VECTOR('',#7470,1.);
#5088=VECTOR('',#7473,1.);
#5089=VECTOR('',#7478,1.);
#5090=VECTOR('',#7479,1.);
#5091=VECTOR('',#7480,1.);
#5092=VECTOR('',#7483,1.);
#5093=VECTOR('',#7484,1.);
#5094=VECTOR('',#7487,1.);
#5095=VECTOR('',#7488,1.);
#5096=VECTOR('',#7491,1.);
#5097=VECTOR('',#7492,1.);
#5098=VECTOR('',#7495,1.);
#5099=VECTOR('',#7496,1.);
#5100=VECTOR('',#7499,1.);
#5101=VECTOR('',#7504,1.);
#5102=VECTOR('',#7513,1.);
#5103=VECTOR('',#7514,1.);
#5104=VECTOR('',#7515,1.);
#5105=VECTOR('',#7516,1.);
#5106=VECTOR('',#7519,1.);
#5107=VECTOR('',#7520,1.);
#5108=VECTOR('',#7521,1.);
#5109=VECTOR('',#7628,1.);
#5110=VECTOR('',#7629,1.);
#5111=VECTOR('',#7630,1.);
#5112=VECTOR('',#7633,1.);
#5113=VECTOR('',#7634,1.);
#5114=VECTOR('',#7635,1.);
#5115=VECTOR('',#7636,1.);
#5116=VECTOR('',#7637,1.);
#5117=VECTOR('',#7638,1.);
#5118=VECTOR('',#7639,1.);
#5119=VECTOR('',#7640,1.);
#5120=VECTOR('',#7641,1.);
#5121=VECTOR('',#7642,1.);
#5122=VECTOR('',#7643,1.);
#5123=VECTOR('',#7644,1.);
#5124=VECTOR('',#7645,1.);
#5125=VECTOR('',#7646,1.);
#5126=VECTOR('',#7647,1.);
#5127=VECTOR('',#7648,1.);
#5128=VECTOR('',#7649,1.);
#5129=VECTOR('',#7650,1.);
#5130=VECTOR('',#7651,1.);
#5131=VECTOR('',#7654,1.);
#5132=VECTOR('',#7661,1.);
#5133=VECTOR('',#7662,1.);
#5134=VECTOR('',#7663,1.);
#5135=VECTOR('',#7664,1.);
#5136=VECTOR('',#7669,1.);
#5137=VECTOR('',#7670,1.);
#5138=VECTOR('',#7671,1.);
#5139=VECTOR('',#7674,1.);
#5140=VECTOR('',#7675,1.);
#5141=VECTOR('',#7678,1.);
#5142=VECTOR('',#7679,1.);
#5143=VECTOR('',#7682,1.);
#5144=VECTOR('',#7683,1.);
#5145=VECTOR('',#7686,1.);
#5146=VECTOR('',#7687,1.);
#5147=VECTOR('',#7690,1.);
#5148=VECTOR('',#7691,1.);
#5149=VECTOR('',#7694,1.);
#5150=VECTOR('',#7695,1.);
#5151=VECTOR('',#7696,1.);
#5152=VECTOR('',#7699,1.);
#5153=VECTOR('',#7700,1.);
#5154=VECTOR('',#7703,1.);
#5155=VECTOR('',#7704,1.);
#5156=VECTOR('',#7705,1.);
#5157=VECTOR('',#7706,1.);
#5158=VECTOR('',#7707,1.);
#5159=VECTOR('',#7708,1.);
#5160=VECTOR('',#7709,1.);
#5161=VECTOR('',#7710,1.);
#5162=VECTOR('',#7715,1.);
#5163=VECTOR('',#7716,1.);
#5164=VECTOR('',#7717,1.);
#5165=VECTOR('',#7720,1.);
#5166=VECTOR('',#7721,1.);
#5167=VECTOR('',#7722,1.);
#5168=VECTOR('',#7725,1.);
#5169=VECTOR('',#7726,1.);
#5170=VECTOR('',#7729,1.);
#5171=VECTOR('',#7730,1.);
#5172=VECTOR('',#7731,1.);
#5173=VECTOR('',#7732,1.);
#5174=VECTOR('',#7733,1.);
#5175=VECTOR('',#7734,1.);
#5176=VECTOR('',#7735,1.);
#5177=VECTOR('',#7736,1.);
#5178=VECTOR('',#7737,1.);
#5179=VECTOR('',#7738,1.);
#5180=VECTOR('',#7739,1.);
#5181=VECTOR('',#7740,1.);
#5182=VECTOR('',#7741,1.);
#5183=VECTOR('',#7742,1.);
#5184=VECTOR('',#7743,1.);
#5185=VECTOR('',#7744,1.);
#5186=VECTOR('',#7751,1.);
#5187=VECTOR('',#7752,1.);
#5188=VECTOR('',#7753,1.);
#5189=VECTOR('',#7756,1.);
#5190=VECTOR('',#7757,1.);
#5191=VECTOR('',#7758,1.);
#5192=VECTOR('',#7761,1.);
#5193=VECTOR('',#7762,1.);
#5194=VECTOR('',#7765,1.);
#5195=VECTOR('',#7766,1.);
#5196=VECTOR('',#7769,1.);
#5197=VECTOR('',#7770,1.);
#5198=VECTOR('',#7773,1.);
#5199=VECTOR('',#7774,1.);
#5200=VECTOR('',#7777,1.);
#5201=VECTOR('',#7778,1.);
#5202=VECTOR('',#7779,1.);
#5203=VECTOR('',#7782,1.);
#5204=VECTOR('',#7783,1.);
#5205=VECTOR('',#7786,1.);
#5206=VECTOR('',#7787,1.);
#5207=VECTOR('',#7788,1.);
#5208=VECTOR('',#7789,1.);
#5209=VECTOR('',#7790,1.);
#5210=VECTOR('',#7791,1.);
#5211=VECTOR('',#7792,1.);
#5212=VECTOR('',#7793,1.);
#5213=VECTOR('',#7798,1.);
#5214=VECTOR('',#7799,1.);
#5215=VECTOR('',#7800,1.);
#5216=VECTOR('',#7803,1.);
#5217=VECTOR('',#7804,1.);
#5218=VECTOR('',#7807,1.);
#5219=VECTOR('',#7808,1.);
#5220=VECTOR('',#7811,1.);
#5221=VECTOR('',#7812,1.);
#5222=VECTOR('',#7815,1.);
#5223=VECTOR('',#7816,1.);
#5224=VECTOR('',#7819,1.);
#5225=VECTOR('',#7820,1.);
#5226=VECTOR('',#7823,1.);
#5227=VECTOR('',#7824,1.);
#5228=VECTOR('',#7827,1.);
#5229=VECTOR('',#7828,1.);
#5230=VECTOR('',#7831,1.);
#5231=VECTOR('',#7832,1.);
#5232=VECTOR('',#7835,1.);
#5233=VECTOR('',#7836,1.);
#5234=VECTOR('',#7839,1.);
#5235=VECTOR('',#7840,1.);
#5236=VECTOR('',#7843,1.);
#5237=VECTOR('',#7844,1.);
#5238=VECTOR('',#7845,1.);
#5239=VECTOR('',#7846,1.);
#5240=VECTOR('',#7849,1.);
#5241=VECTOR('',#7854,1.);
#5242=VECTOR('',#7859,1.);
#5243=VECTOR('',#7862,1.);
#5244=VECTOR('',#7867,1.);
#5245=VECTOR('',#7868,1.);
#5246=VECTOR('',#7869,1.);
#5247=VECTOR('',#7872,1.);
#5248=VECTOR('',#7873,1.);
#5249=VECTOR('',#7874,1.);
#5250=VECTOR('',#7877,1.);
#5251=VECTOR('',#7878,1.);
#5252=VECTOR('',#7881,1.);
#5253=VECTOR('',#7882,1.);
#5254=VECTOR('',#7883,1.);
#5255=VECTOR('',#7884,1.);
#5256=VECTOR('',#7885,1.);
#5257=VECTOR('',#7886,1.);
#5258=VECTOR('',#7887,1.);
#5259=VECTOR('',#7888,1.);
#5260=VECTOR('',#7889,1.);
#5261=VECTOR('',#7890,1.);
#5262=VECTOR('',#7891,1.);
#5263=VECTOR('',#7892,1.);
#5264=VECTOR('',#7893,1.);
#5265=VECTOR('',#7894,1.);
#5266=VECTOR('',#7895,1.);
#5267=VECTOR('',#7896,1.);
#5268=VECTOR('',#7903,1.);
#5269=VECTOR('',#7904,1.);
#5270=VECTOR('',#7905,1.);
#5271=VECTOR('',#7908,1.);
#5272=VECTOR('',#7909,1.);
#5273=VECTOR('',#7910,1.);
#5274=VECTOR('',#7913,1.);
#5275=VECTOR('',#7914,1.);
#5276=VECTOR('',#7917,1.);
#5277=VECTOR('',#7918,1.);
#5278=VECTOR('',#7921,1.);
#5279=VECTOR('',#7922,1.);
#5280=VECTOR('',#7925,1.);
#5281=VECTOR('',#7926,1.);
#5282=VECTOR('',#7929,1.);
#5283=VECTOR('',#7930,1.);
#5284=VECTOR('',#7933,1.);
#5285=VECTOR('',#7934,1.);
#5286=VECTOR('',#7937,1.);
#5287=VECTOR('',#7938,1.);
#5288=VECTOR('',#7941,1.);
#5289=VECTOR('',#7942,1.);
#5290=VECTOR('',#7945,1.);
#5291=VECTOR('',#7946,1.);
#5292=VECTOR('',#7949,1.);
#5293=VECTOR('',#7950,1.);
#5294=VECTOR('',#7953,1.);
#5295=VECTOR('',#7954,1.);
#5296=VECTOR('',#7955,1.);
#5297=VECTOR('',#7958,1.);
#5298=VECTOR('',#7959,1.);
#5299=VECTOR('',#7962,1.);
#5300=VECTOR('',#7963,1.);
#5301=VECTOR('',#7966,1.);
#5302=VECTOR('',#7975,1.);
#5303=VECTOR('',#7976,1.);
#5304=VECTOR('',#7977,1.);
#5305=VECTOR('',#7980,1.);
#5306=VECTOR('',#7981,1.);
#5307=VECTOR('',#7984,1.);
#5308=VECTOR('',#7985,1.);
#5309=VECTOR('',#7988,1.);
#5310=VECTOR('',#7989,1.);
#5311=VECTOR('',#7992,1.);
#5312=VECTOR('',#7993,1.);
#5313=VECTOR('',#7996,1.);
#5314=VECTOR('',#7997,1.);
#5315=VECTOR('',#8000,1.);
#5316=VECTOR('',#8001,1.);
#5317=VECTOR('',#8002,1.);
#5318=VECTOR('',#8009,1.);
#5319=VECTOR('',#8012,1.);
#5320=VECTOR('',#8013,1.);
#5321=VECTOR('',#8014,1.);
#5322=VECTOR('',#8015,1.);
#5323=VECTOR('',#8016,1.);
#5324=VECTOR('',#8017,1.);
#5325=VECTOR('',#8018,1.);
#5326=VECTOR('',#8019,1.);
#5327=VECTOR('',#8020,1.);
#5328=VECTOR('',#8021,1.);
#5329=VECTOR('',#8022,1.);
#5330=VECTOR('',#8023,1.);
#5331=VECTOR('',#8024,1.);
#5332=VECTOR('',#8031,1.);
#5333=VECTOR('',#8032,1.);
#5334=VECTOR('',#8033,1.);
#5335=VECTOR('',#8036,1.);
#5336=VECTOR('',#8037,1.);
#5337=VECTOR('',#8038,1.);
#5338=VECTOR('',#8041,1.);
#5339=VECTOR('',#8042,1.);
#5340=VECTOR('',#8045,1.);
#5341=VECTOR('',#8046,1.);
#5342=VECTOR('',#8047,1.);
#5343=VECTOR('',#8050,1.);
#5344=VECTOR('',#8051,1.);
#5345=VECTOR('',#8054,1.);
#5346=VECTOR('',#8055,1.);
#5347=VECTOR('',#8058,1.);
#5348=VECTOR('',#8059,1.);
#5349=VECTOR('',#8060,1.);
#5350=VECTOR('',#8061,1.);
#5351=VECTOR('',#8064,1.);
#5352=VECTOR('',#8065,1.);
#5353=VECTOR('',#8066,1.);
#5354=VECTOR('',#8069,1.);
#5355=VECTOR('',#8070,1.);
#5356=VECTOR('',#8071,1.);
#5357=VECTOR('',#8072,1.);
#5358=VECTOR('',#8075,1.);
#5359=VECTOR('',#8082,1.);
#5360=VECTOR('',#8083,1.);
#5361=VECTOR('',#8084,1.);
#5362=VECTOR('',#8085,1.);
#5363=VECTOR('',#8086,1.);
#5364=VECTOR('',#8087,1.);
#5365=VECTOR('',#8088,1.);
#5366=VECTOR('',#8089,1.);
#5367=VECTOR('',#8090,1.);
#5368=VECTOR('',#8091,1.);
#5369=VECTOR('',#8092,1.);
#5370=VECTOR('',#8099,1.);
#5371=VECTOR('',#8100,1.);
#5372=VECTOR('',#8101,1.);
#5373=VECTOR('',#8104,1.);
#5374=VECTOR('',#8105,1.);
#5375=VECTOR('',#8108,1.);
#5376=VECTOR('',#8109,1.);
#5377=VECTOR('',#8112,1.);
#5378=VECTOR('',#8113,1.);
#5379=VECTOR('',#8116,1.);
#5380=VECTOR('',#8117,1.);
#5381=VECTOR('',#8120,1.);
#5382=VECTOR('',#8125,1.);
#5383=VECTOR('',#8126,1.);
#5384=VECTOR('',#8127,1.);
#5385=VECTOR('',#8130,1.);
#5386=VECTOR('',#8131,1.);
#5387=VECTOR('',#8134,1.);
#5388=VECTOR('',#8135,1.);
#5389=VECTOR('',#8138,1.);
#5390=VECTOR('',#8139,1.);
#5391=VECTOR('',#8142,1.);
#5392=VECTOR('',#8143,1.);
#5393=VECTOR('',#8146,1.);
#5394=VECTOR('',#8147,1.);
#5395=VECTOR('',#8150,1.);
#5396=VECTOR('',#8151,1.);
#5397=VECTOR('',#8152,1.);
#5398=VECTOR('',#8155,1.);
#5399=VECTOR('',#8156,1.);
#5400=VECTOR('',#8159,1.);
#5401=VECTOR('',#8160,1.);
#5402=VECTOR('',#8161,1.);
#5403=VECTOR('',#8162,1.);
#5404=VECTOR('',#8165,1.);
#5405=VECTOR('',#8166,1.);
#5406=VECTOR('',#8167,1.);
#5407=VECTOR('',#8168,1.);
#5408=VECTOR('',#8169,1.);
#5409=VECTOR('',#8170,1.);
#5410=VECTOR('',#8171,1.);
#5411=VECTOR('',#8172,1.);
#5412=VECTOR('',#8173,1.);
#5413=VECTOR('',#8174,1.);
#5414=VECTOR('',#8175,1.);
#5415=VECTOR('',#8176,1.);
#5416=VECTOR('',#8177,1.);
#5417=VECTOR('',#8184,1.);
#5418=VECTOR('',#8185,1.);
#5419=VECTOR('',#8186,1.);
#5420=VECTOR('',#8189,1.);
#5421=VECTOR('',#8190,1.);
#5422=VECTOR('',#8191,1.);
#5423=VECTOR('',#8194,1.);
#5424=VECTOR('',#8195,1.);
#5425=VECTOR('',#8198,1.);
#5426=VECTOR('',#8199,1.);
#5427=VECTOR('',#8200,1.);
#5428=VECTOR('',#8201,1.);
#5429=VECTOR('',#8202,1.);
#5430=VECTOR('',#8203,1.);
#5431=VECTOR('',#8204,1.);
#5432=VECTOR('',#8205,1.);
#5433=VECTOR('',#8206,1.);
#5434=VECTOR('',#8207,1.);
#5435=VECTOR('',#8208,1.);
#5436=VECTOR('',#8209,1.);
#5437=VECTOR('',#8210,1.);
#5438=VECTOR('',#8211,1.);
#5439=VECTOR('',#8212,1.);
#5440=VECTOR('',#8213,1.);
#5441=VECTOR('',#8224,1.);
#5442=VECTOR('',#8225,1.);
#5443=VECTOR('',#8226,1.);
#5444=VECTOR('',#8229,1.);
#5445=VECTOR('',#8230,1.);
#5446=VECTOR('',#8231,1.);
#5447=VECTOR('',#8234,1.);
#5448=VECTOR('',#8235,1.);
#5449=VECTOR('',#8238,1.);
#5450=VECTOR('',#8239,1.);
#5451=VECTOR('',#8242,1.);
#5452=VECTOR('',#8243,1.);
#5453=VECTOR('',#8246,1.);
#5454=VECTOR('',#8247,1.);
#5455=VECTOR('',#8250,1.);
#5456=VECTOR('',#8251,1.);
#5457=VECTOR('',#8254,1.);
#5458=VECTOR('',#8255,1.);
#5459=VECTOR('',#8256,1.);
#5460=VECTOR('',#8259,1.);
#5461=VECTOR('',#8260,1.);
#5462=VECTOR('',#8263,1.);
#5463=VECTOR('',#8264,1.);
#5464=VECTOR('',#8267,1.);
#5465=VECTOR('',#8268,1.);
#5466=VECTOR('',#8269,1.);
#5467=VECTOR('',#8272,1.);
#5468=VECTOR('',#8273,1.);
#5469=VECTOR('',#8276,1.);
#5470=VECTOR('',#8277,1.);
#5471=VECTOR('',#8278,1.);
#5472=VECTOR('',#8279,1.);
#5473=VECTOR('',#8280,1.);
#5474=VECTOR('',#8281,1.);
#5475=VECTOR('',#8282,1.);
#5476=VECTOR('',#8287,1.);
#5477=VECTOR('',#8288,1.);
#5478=VECTOR('',#8289,1.);
#5479=VECTOR('',#8290,1.);
#5480=VECTOR('',#8291,1.);
#5481=VECTOR('',#8292,1.);
#5482=VECTOR('',#8297,1.);
#5483=VECTOR('',#8298,1.);
#5484=VECTOR('',#8299,1.);
#5485=VECTOR('',#8302,1.);
#5486=VECTOR('',#8303,1.);
#5487=VECTOR('',#8304,1.);
#5488=VECTOR('',#8307,1.);
#5489=VECTOR('',#8308,1.);
#5490=VECTOR('',#8311,1.);
#5491=VECTOR('',#8312,1.);
#5492=VECTOR('',#8315,1.);
#5493=VECTOR('',#8316,1.);
#5494=VECTOR('',#8319,1.);
#5495=VECTOR('',#8320,1.);
#5496=VECTOR('',#8323,1.);
#5497=VECTOR('',#8324,1.);
#5498=VECTOR('',#8325,1.);
#5499=VECTOR('',#8328,1.);
#5500=VECTOR('',#8329,1.);
#5501=VECTOR('',#8332,1.);
#5502=VECTOR('',#8333,1.);
#5503=VECTOR('',#8334,1.);
#5504=VECTOR('',#8335,1.);
#5505=VECTOR('',#8336,1.);
#5506=VECTOR('',#8337,1.);
#5507=VECTOR('',#8338,1.);
#5508=VECTOR('',#8339,1.);
#5509=VECTOR('',#8344,1.);
#5510=VECTOR('',#8345,1.);
#5511=VECTOR('',#8346,1.);
#5512=VECTOR('',#8349,1.);
#5513=VECTOR('',#8350,1.);
#5514=VECTOR('',#8353,1.);
#5515=VECTOR('',#8354,1.);
#5516=VECTOR('',#8357,1.);
#5517=VECTOR('',#8358,1.);
#5518=VECTOR('',#8361,1.);
#5519=VECTOR('',#8362,1.);
#5520=VECTOR('',#8365,1.);
#5521=VECTOR('',#8366,1.);
#5522=VECTOR('',#8369,1.);
#5523=VECTOR('',#8370,1.);
#5524=VECTOR('',#8373,1.);
#5525=VECTOR('',#8374,1.);
#5526=VECTOR('',#8375,1.);
#5527=VECTOR('',#8376,1.);
#5528=VECTOR('',#8379,1.);
#5529=VECTOR('',#8380,1.);
#5530=VECTOR('',#8381,1.);
#5531=VECTOR('',#8384,1.);
#5532=VECTOR('',#8385,1.);
#5533=VECTOR('',#8386,1.);
#5534=VECTOR('',#8389,1.);
#5535=VECTOR('',#8394,1.);
#5536=EDGE_LOOP('',(#599,#600,#601,#602,#603,#604,#605,#606));
#5537=EDGE_LOOP('',(#607,#608,#609,#610,#611,#612,#613,#614,#615,#616,#617,
#618,#619,#620,#621,#622,#623,#624,#625,#626,#627,#628,#629,#630,#631,#632,
#633,#634));
#5538=EDGE_LOOP('',(#635,#636,#637,#638,#639,#640,#641,#642,#643,#644,#645,
#646,#647,#648));
#5539=EDGE_LOOP('',(#649,#650,#651,#652,#653,#654,#655,#656,#657,#658,#659,
#660,#661,#662,#663));
#5540=EDGE_LOOP('',(#664,#665,#666,#667,#668,#669));
#5541=EDGE_LOOP('',(#670,#671,#672,#673,#674,#675,#676,#677,#678,#679,#680,
#681,#682,#683,#684));
#5542=EDGE_LOOP('',(#685,#686,#687,#688,#689,#690,#691,#692,#693,#694,#695,
#696,#697,#698,#699,#700,#701,#702));
#5543=EDGE_LOOP('',(#703,#704,#705,#706,#707,#708,#709,#710,#711,#712,#713,
#714,#715,#716));
#5544=EDGE_LOOP('',(#717,#718,#719,#720,#721,#722,#723,#724,#725,#726,#727,
#728,#729,#730,#731,#732,#733,#734,#735));
#5545=EDGE_LOOP('',(#736,#737,#738,#739,#740,#741,#742,#743,#744,#745,#746,
#747,#748,#749,#750,#751,#752));
#5546=EDGE_LOOP('',(#753,#754,#755,#756,#757,#758));
#5547=EDGE_LOOP('',(#759,#760,#761,#762,#763,#764,#765,#766,#767,#768,#769,
#770,#771,#772,#773,#774,#775,#776,#777,#778,#779,#780,#781,#782,#783));
#5548=EDGE_LOOP('',(#784,#785,#786,#787,#788,#789,#790,#791,#792,#793,#794,
#795,#796,#797));
#5549=EDGE_LOOP('',(#798,#799,#800,#801,#802,#803,#804,#805,#806,#807,#808,
#809,#810,#811,#812,#813,#814,#815));
#5550=EDGE_LOOP('',(#816,#817,#818,#819,#820,#821,#822,#823,#824,#825,#826,
#827,#828,#829,#830,#831,#832,#833,#834));
#5551=EDGE_LOOP('',(#835,#836,#837,#838,#839,#840,#841,#842,#843,#844,#845,
#846,#847,#848,#849,#850,#851,#852));
#5552=EDGE_LOOP('',(#853,#854,#855,#856));
#5553=EDGE_LOOP('',(#857,#858,#859,#860,#861,#862));
#5554=EDGE_LOOP('',(#863,#864,#865,#866,#867,#868));
#5555=EDGE_LOOP('',(#869,#870,#871,#872,#873,#874));
#5556=EDGE_LOOP('',(#875));
#5557=EDGE_LOOP('',(#876,#877,#878,#879,#880,#881,#882,#883,#884,#885));
#5558=EDGE_LOOP('',(#886));
#5559=EDGE_LOOP('',(#887,#888,#889,#890,#891,#892));
#5560=EDGE_LOOP('',(#893));
#5561=EDGE_LOOP('',(#894));
#5562=EDGE_LOOP('',(#895));
#5563=EDGE_LOOP('',(#896));
#5564=EDGE_LOOP('',(#897,#898,#899,#900));
#5565=EDGE_LOOP('',(#901,#902,#903,#904,#905,#906,#907,#908,#909,#910));
#5566=EDGE_LOOP('',(#911,#912,#913,#914));
#5567=EDGE_LOOP('',(#915));
#5568=EDGE_LOOP('',(#916));
#5569=EDGE_LOOP('',(#917));
#5570=EDGE_LOOP('',(#918));
#5571=EDGE_LOOP('',(#919,#920,#921,#922));
#5572=EDGE_LOOP('',(#923,#924,#925,#926));
#5573=EDGE_LOOP('',(#927,#928,#929,#930));
#5574=EDGE_LOOP('',(#931,#932,#933,#934));
#5575=EDGE_LOOP('',(#935,#936,#937,#938));
#5576=EDGE_LOOP('',(#939,#940,#941,#942));
#5577=EDGE_LOOP('',(#943));
#5578=EDGE_LOOP('',(#944,#945,#946,#947,#948,#949));
#5579=EDGE_LOOP('',(#950,#951,#952,#953));
#5580=EDGE_LOOP('',(#954,#955,#956,#957));
#5581=EDGE_LOOP('',(#958,#959,#960,#961));
#5582=EDGE_LOOP('',(#962,#963,#964,#965));
#5583=EDGE_LOOP('',(#966,#967,#968,#969));
#5584=EDGE_LOOP('',(#970,#971,#972,#973));
#5585=EDGE_LOOP('',(#974));
#5586=EDGE_LOOP('',(#975,#976,#977,#978,#979,#980));
#5587=EDGE_LOOP('',(#981,#982,#983,#984));
#5588=EDGE_LOOP('',(#985,#986,#987,#988,#989,#990));
#5589=EDGE_LOOP('',(#991));
#5590=EDGE_LOOP('',(#992));
#5591=EDGE_LOOP('',(#993,#994,#995,#996));
#5592=EDGE_LOOP('',(#997,#998,#999,#1000));
#5593=EDGE_LOOP('',(#1001));
#5594=EDGE_LOOP('',(#1002));
#5595=EDGE_LOOP('',(#1003,#1004,#1005,#1006,#1007));
#5596=EDGE_LOOP('',(#1008,#1009,#1010,#1011));
#5597=EDGE_LOOP('',(#1012,#1013,#1014,#1015,#1016));
#5598=EDGE_LOOP('',(#1017,#1018,#1019,#1020));
#5599=EDGE_LOOP('',(#1021,#1022,#1023,#1024));
#5600=EDGE_LOOP('',(#1025,#1026,#1027,#1028));
#5601=EDGE_LOOP('',(#1029,#1030,#1031,#1032));
#5602=EDGE_LOOP('',(#1033,#1034,#1035));
#5603=EDGE_LOOP('',(#1036,#1037,#1038,#1039));
#5604=EDGE_LOOP('',(#1040,#1041));
#5605=EDGE_LOOP('',(#1042,#1043,#1044,#1045,#1046,#1047));
#5606=EDGE_LOOP('',(#1048,#1049,#1050,#1051));
#5607=EDGE_LOOP('',(#1052,#1053,#1054,#1055));
#5608=EDGE_LOOP('',(#1056,#1057,#1058,#1059));
#5609=EDGE_LOOP('',(#1060,#1061,#1062,#1063));
#5610=EDGE_LOOP('',(#1064,#1065,#1066,#1067));
#5611=EDGE_LOOP('',(#1068,#1069,#1070,#1071));
#5612=EDGE_LOOP('',(#1072,#1073,#1074,#1075));
#5613=EDGE_LOOP('',(#1076,#1077,#1078,#1079));
#5614=EDGE_LOOP('',(#1080,#1081,#1082,#1083));
#5615=EDGE_LOOP('',(#1084,#1085,#1086,#1087));
#5616=EDGE_LOOP('',(#1088,#1089,#1090,#1091));
#5617=EDGE_LOOP('',(#1092,#1093));
#5618=EDGE_LOOP('',(#1094,#1095,#1096,#1097,#1098,#1099));
#5619=EDGE_LOOP('',(#1100,#1101,#1102,#1103));
#5620=EDGE_LOOP('',(#1104,#1105,#1106));
#5621=EDGE_LOOP('',(#1107,#1108,#1109,#1110));
#5622=EDGE_LOOP('',(#1111,#1112,#1113,#1114));
#5623=EDGE_LOOP('',(#1115,#1116,#1117,#1118));
#5624=EDGE_LOOP('',(#1119,#1120,#1121,#1122));
#5625=EDGE_LOOP('',(#1123,#1124,#1125,#1126));
#5626=EDGE_LOOP('',(#1127,#1128,#1129,#1130));
#5627=EDGE_LOOP('',(#1131,#1132,#1133,#1134));
#5628=EDGE_LOOP('',(#1135,#1136,#1137,#1138));
#5629=EDGE_LOOP('',(#1139,#1140,#1141,#1142));
#5630=EDGE_LOOP('',(#1143,#1144,#1145,#1146));
#5631=EDGE_LOOP('',(#1147,#1148,#1149,#1150));
#5632=EDGE_LOOP('',(#1151,#1152,#1153,#1154));
#5633=EDGE_LOOP('',(#1155,#1156,#1157,#1158));
#5634=EDGE_LOOP('',(#1159,#1160,#1161,#1162));
#5635=EDGE_LOOP('',(#1163,#1164,#1165,#1166));
#5636=EDGE_LOOP('',(#1167,#1168,#1169,#1170));
#5637=EDGE_LOOP('',(#1171,#1172,#1173,#1174));
#5638=EDGE_LOOP('',(#1175,#1176,#1177,#1178));
#5639=EDGE_LOOP('',(#1179,#1180,#1181,#1182));
#5640=EDGE_LOOP('',(#1183,#1184,#1185,#1186));
#5641=EDGE_LOOP('',(#1187,#1188,#1189,#1190));
#5642=EDGE_LOOP('',(#1191,#1192,#1193,#1194));
#5643=EDGE_LOOP('',(#1195,#1196,#1197,#1198));
#5644=EDGE_LOOP('',(#1199,#1200,#1201,#1202));
#5645=EDGE_LOOP('',(#1203,#1204,#1205,#1206));
#5646=EDGE_LOOP('',(#1207,#1208,#1209,#1210,#1211,#1212,#1213,#1214,#1215,
#1216,#1217,#1218,#1219,#1220,#1221,#1222,#1223,#1224,#1225,#1226,#1227,
#1228,#1229,#1230,#1231));
#5647=EDGE_LOOP('',(#1232,#1233,#1234,#1235));
#5648=EDGE_LOOP('',(#1236,#1237,#1238,#1239));
#5649=EDGE_LOOP('',(#1240,#1241,#1242,#1243));
#5650=EDGE_LOOP('',(#1244,#1245,#1246,#1247));
#5651=EDGE_LOOP('',(#1248,#1249,#1250,#1251));
#5652=EDGE_LOOP('',(#1252,#1253,#1254,#1255));
#5653=EDGE_LOOP('',(#1256,#1257,#1258,#1259));
#5654=EDGE_LOOP('',(#1260,#1261,#1262,#1263));
#5655=EDGE_LOOP('',(#1264,#1265,#1266,#1267));
#5656=EDGE_LOOP('',(#1268,#1269,#1270,#1271));
#5657=EDGE_LOOP('',(#1272,#1273,#1274,#1275));
#5658=EDGE_LOOP('',(#1276,#1277,#1278,#1279));
#5659=EDGE_LOOP('',(#1280,#1281,#1282,#1283));
#5660=EDGE_LOOP('',(#1284,#1285,#1286,#1287));
#5661=EDGE_LOOP('',(#1288,#1289,#1290,#1291));
#5662=EDGE_LOOP('',(#1292,#1293,#1294,#1295));
#5663=EDGE_LOOP('',(#1296,#1297,#1298,#1299));
#5664=EDGE_LOOP('',(#1300,#1301,#1302,#1303,#1304,#1305,#1306,#1307,#1308,
#1309,#1310,#1311,#1312,#1313,#1314,#1315,#1316));
#5665=EDGE_LOOP('',(#1317,#1318,#1319,#1320));
#5666=EDGE_LOOP('',(#1321,#1322,#1323,#1324));
#5667=EDGE_LOOP('',(#1325,#1326,#1327,#1328));
#5668=EDGE_LOOP('',(#1329,#1330,#1331,#1332));
#5669=EDGE_LOOP('',(#1333,#1334,#1335,#1336));
#5670=EDGE_LOOP('',(#1337,#1338,#1339,#1340));
#5671=EDGE_LOOP('',(#1341,#1342,#1343,#1344));
#5672=EDGE_LOOP('',(#1345,#1346,#1347,#1348));
#5673=EDGE_LOOP('',(#1349,#1350,#1351,#1352));
#5674=EDGE_LOOP('',(#1353,#1354,#1355,#1356));
#5675=EDGE_LOOP('',(#1357,#1358,#1359,#1360));
#5676=EDGE_LOOP('',(#1361,#1362,#1363,#1364));
#5677=EDGE_LOOP('',(#1365,#1366,#1367,#1368));
#5678=EDGE_LOOP('',(#1369,#1370,#1371,#1372));
#5679=EDGE_LOOP('',(#1373,#1374,#1375,#1376));
#5680=EDGE_LOOP('',(#1377,#1378,#1379,#1380));
#5681=EDGE_LOOP('',(#1381,#1382,#1383,#1384));
#5682=EDGE_LOOP('',(#1385,#1386,#1387,#1388));
#5683=EDGE_LOOP('',(#1389,#1390,#1391,#1392));
#5684=EDGE_LOOP('',(#1393,#1394,#1395,#1396,#1397));
#5685=EDGE_LOOP('',(#1398,#1399,#1400,#1401,#1402,#1403,#1404,#1405,#1406,
#1407,#1408,#1409,#1410,#1411));
#5686=EDGE_LOOP('',(#1412,#1413,#1414,#1415,#1416));
#5687=EDGE_LOOP('',(#1417,#1418,#1419,#1420));
#5688=EDGE_LOOP('',(#1421,#1422,#1423,#1424));
#5689=EDGE_LOOP('',(#1425,#1426,#1427,#1428));
#5690=EDGE_LOOP('',(#1429,#1430,#1431,#1432));
#5691=EDGE_LOOP('',(#1433,#1434,#1435,#1436));
#5692=EDGE_LOOP('',(#1437,#1438,#1439,#1440));
#5693=EDGE_LOOP('',(#1441,#1442,#1443,#1444));
#5694=EDGE_LOOP('',(#1445,#1446,#1447,#1448));
#5695=EDGE_LOOP('',(#1449,#1450,#1451,#1452));
#5696=EDGE_LOOP('',(#1453,#1454,#1455,#1456));
#5697=EDGE_LOOP('',(#1457,#1458,#1459,#1460));
#5698=EDGE_LOOP('',(#1461,#1462,#1463,#1464));
#5699=EDGE_LOOP('',(#1465,#1466,#1467,#1468));
#5700=EDGE_LOOP('',(#1469,#1470,#1471,#1472));
#5701=EDGE_LOOP('',(#1473,#1474,#1475,#1476));
#5702=EDGE_LOOP('',(#1477,#1478,#1479,#1480));
#5703=EDGE_LOOP('',(#1481,#1482,#1483,#1484));
#5704=EDGE_LOOP('',(#1485,#1486,#1487,#1488));
#5705=EDGE_LOOP('',(#1489,#1490,#1491,#1492,#1493,#1494,#1495,#1496,#1497,
#1498,#1499,#1500,#1501,#1502,#1503,#1504,#1505,#1506));
#5706=EDGE_LOOP('',(#1507,#1508,#1509,#1510));
#5707=EDGE_LOOP('',(#1511,#1512,#1513,#1514));
#5708=EDGE_LOOP('',(#1515,#1516,#1517,#1518));
#5709=EDGE_LOOP('',(#1519,#1520,#1521,#1522));
#5710=EDGE_LOOP('',(#1523,#1524,#1525,#1526));
#5711=EDGE_LOOP('',(#1527,#1528,#1529,#1530));
#5712=EDGE_LOOP('',(#1531,#1532,#1533,#1534));
#5713=EDGE_LOOP('',(#1535,#1536,#1537,#1538));
#5714=EDGE_LOOP('',(#1539,#1540,#1541,#1542));
#5715=EDGE_LOOP('',(#1543,#1544,#1545,#1546));
#5716=EDGE_LOOP('',(#1547,#1548,#1549,#1550));
#5717=EDGE_LOOP('',(#1551,#1552,#1553,#1554));
#5718=EDGE_LOOP('',(#1555,#1556,#1557,#1558));
#5719=EDGE_LOOP('',(#1559,#1560,#1561,#1562));
#5720=EDGE_LOOP('',(#1563,#1564,#1565,#1566));
#5721=EDGE_LOOP('',(#1567,#1568,#1569,#1570));
#5722=EDGE_LOOP('',(#1571,#1572,#1573,#1574));
#5723=EDGE_LOOP('',(#1575,#1576,#1577,#1578));
#5724=EDGE_LOOP('',(#1579,#1580,#1581,#1582));
#5725=EDGE_LOOP('',(#1583,#1584,#1585,#1586,#1587,#1588,#1589,#1590,#1591,
#1592,#1593,#1594,#1595,#1596,#1597,#1598,#1599,#1600,#1601));
#5726=EDGE_LOOP('',(#1602,#1603,#1604,#1605));
#5727=EDGE_LOOP('',(#1606,#1607,#1608,#1609));
#5728=EDGE_LOOP('',(#1610,#1611,#1612,#1613));
#5729=EDGE_LOOP('',(#1614,#1615,#1616,#1617));
#5730=EDGE_LOOP('',(#1618,#1619,#1620,#1621));
#5731=EDGE_LOOP('',(#1622,#1623,#1624,#1625));
#5732=EDGE_LOOP('',(#1626,#1627,#1628,#1629));
#5733=EDGE_LOOP('',(#1630,#1631,#1632,#1633));
#5734=EDGE_LOOP('',(#1634,#1635,#1636,#1637));
#5735=EDGE_LOOP('',(#1638,#1639,#1640,#1641));
#5736=EDGE_LOOP('',(#1642,#1643,#1644,#1645));
#5737=EDGE_LOOP('',(#1646,#1647,#1648,#1649));
#5738=EDGE_LOOP('',(#1650,#1651,#1652,#1653));
#5739=EDGE_LOOP('',(#1654,#1655,#1656,#1657));
#5740=EDGE_LOOP('',(#1658,#1659,#1660,#1661));
#5741=EDGE_LOOP('',(#1662,#1663,#1664,#1665));
#5742=EDGE_LOOP('',(#1666,#1667,#1668,#1669));
#5743=EDGE_LOOP('',(#1670,#1671,#1672,#1673));
#5744=EDGE_LOOP('',(#1674,#1675,#1676,#1677));
#5745=EDGE_LOOP('',(#1678,#1679,#1680,#1681,#1682));
#5746=EDGE_LOOP('',(#1683,#1684,#1685,#1686,#1687,#1688,#1689,#1690,#1691,
#1692,#1693,#1694,#1695,#1696));
#5747=EDGE_LOOP('',(#1697,#1698,#1699,#1700,#1701));
#5748=EDGE_LOOP('',(#1702,#1703,#1704,#1705));
#5749=EDGE_LOOP('',(#1706,#1707,#1708,#1709));
#5750=EDGE_LOOP('',(#1710,#1711,#1712,#1713));
#5751=EDGE_LOOP('',(#1714,#1715,#1716,#1717));
#5752=EDGE_LOOP('',(#1718,#1719,#1720,#1721));
#5753=EDGE_LOOP('',(#1722,#1723,#1724,#1725));
#5754=EDGE_LOOP('',(#1726,#1727,#1728,#1729));
#5755=EDGE_LOOP('',(#1730,#1731,#1732,#1733));
#5756=EDGE_LOOP('',(#1734,#1735,#1736,#1737));
#5757=EDGE_LOOP('',(#1738,#1739,#1740,#1741));
#5758=EDGE_LOOP('',(#1742,#1743,#1744,#1745));
#5759=EDGE_LOOP('',(#1746,#1747,#1748,#1749));
#5760=EDGE_LOOP('',(#1750,#1751,#1752,#1753));
#5761=EDGE_LOOP('',(#1754,#1755,#1756,#1757));
#5762=EDGE_LOOP('',(#1758,#1759,#1760,#1761));
#5763=EDGE_LOOP('',(#1762,#1763,#1764,#1765));
#5764=EDGE_LOOP('',(#1766,#1767,#1768,#1769));
#5765=EDGE_LOOP('',(#1770,#1771,#1772,#1773));
#5766=EDGE_LOOP('',(#1774,#1775,#1776,#1777,#1778,#1779,#1780,#1781,#1782,
#1783,#1784,#1785,#1786,#1787,#1788,#1789,#1790,#1791));
#5767=EDGE_LOOP('',(#1792,#1793,#1794,#1795));
#5768=EDGE_LOOP('',(#1796,#1797,#1798,#1799));
#5769=EDGE_LOOP('',(#1800,#1801,#1802,#1803));
#5770=EDGE_LOOP('',(#1804,#1805,#1806,#1807));
#5771=EDGE_LOOP('',(#1808,#1809,#1810,#1811));
#5772=EDGE_LOOP('',(#1812,#1813,#1814,#1815));
#5773=EDGE_LOOP('',(#1816,#1817,#1818,#1819));
#5774=EDGE_LOOP('',(#1820,#1821,#1822,#1823));
#5775=EDGE_LOOP('',(#1824,#1825,#1826,#1827));
#5776=EDGE_LOOP('',(#1828,#1829,#1830,#1831));
#5777=EDGE_LOOP('',(#1832,#1833,#1834,#1835));
#5778=EDGE_LOOP('',(#1836,#1837,#1838,#1839));
#5779=EDGE_LOOP('',(#1840,#1841,#1842,#1843));
#5780=EDGE_LOOP('',(#1844,#1845,#1846,#1847));
#5781=EDGE_LOOP('',(#1848,#1849,#1850,#1851));
#5782=EDGE_LOOP('',(#1852,#1853,#1854,#1855));
#5783=EDGE_LOOP('',(#1856,#1857,#1858,#1859));
#5784=EDGE_LOOP('',(#1860,#1861,#1862,#1863));
#5785=EDGE_LOOP('',(#1864,#1865,#1866,#1867));
#5786=EDGE_LOOP('',(#1868,#1869,#1870,#1871));
#5787=EDGE_LOOP('',(#1872,#1873,#1874,#1875));
#5788=EDGE_LOOP('',(#1876,#1877,#1878,#1879));
#5789=EDGE_LOOP('',(#1880,#1881,#1882,#1883));
#5790=EDGE_LOOP('',(#1884,#1885,#1886,#1887,#1888,#1889,#1890,#1891));
#5791=EDGE_LOOP('',(#1892,#1893,#1894,#1895,#1896,#1897,#1898,#1899,#1900,
#1901,#1902,#1903,#1904,#1905,#1906));
#5792=EDGE_LOOP('',(#1907,#1908,#1909,#1910,#1911,#1912,#1913,#1914));
#5793=EDGE_LOOP('',(#1915,#1916,#1917,#1918));
#5794=EDGE_LOOP('',(#1919,#1920,#1921,#1922));
#5795=EDGE_LOOP('',(#1923,#1924,#1925,#1926));
#5796=EDGE_LOOP('',(#1927,#1928,#1929,#1930));
#5797=EDGE_LOOP('',(#1931,#1932,#1933,#1934));
#5798=EDGE_LOOP('',(#1935,#1936,#1937,#1938));
#5799=EDGE_LOOP('',(#1939,#1940,#1941,#1942));
#5800=EDGE_LOOP('',(#1943,#1944,#1945,#1946));
#5801=EDGE_LOOP('',(#1947,#1948,#1949,#1950));
#5802=EDGE_LOOP('',(#1951,#1952,#1953,#1954));
#5803=EDGE_LOOP('',(#1955,#1956,#1957,#1958));
#5804=EDGE_LOOP('',(#1959,#1960,#1961,#1962));
#5805=EDGE_LOOP('',(#1963,#1964,#1965,#1966));
#5806=EDGE_LOOP('',(#1967,#1968,#1969,#1970));
#5807=EDGE_LOOP('',(#1971,#1972,#1973,#1974));
#5808=EDGE_LOOP('',(#1975,#1976,#1977,#1978));
#5809=EDGE_LOOP('',(#1979,#1980,#1981,#1982));
#5810=EDGE_LOOP('',(#1983,#1984,#1985,#1986));
#5811=EDGE_LOOP('',(#1987,#1988,#1989,#1990));
#5812=EDGE_LOOP('',(#1991,#1992,#1993,#1994));
#5813=EDGE_LOOP('',(#1995,#1996,#1997,#1998));
#5814=EDGE_LOOP('',(#1999,#2000,#2001,#2002));
#5815=EDGE_LOOP('',(#2003,#2004,#2005,#2006));
#5816=EDGE_LOOP('',(#2007,#2008,#2009,#2010));
#5817=EDGE_LOOP('',(#2011,#2012,#2013,#2014));
#5818=EDGE_LOOP('',(#2015,#2016,#2017,#2018));
#5819=EDGE_LOOP('',(#2019,#2020,#2021,#2022));
#5820=EDGE_LOOP('',(#2023,#2024,#2025,#2026,#2027,#2028,#2029,#2030));
#5821=EDGE_LOOP('',(#2031,#2032,#2033,#2034,#2035,#2036,#2037,#2038,#2039,
#2040,#2041,#2042,#2043,#2044,#2045,#2046,#2047,#2048,#2049));
#5822=EDGE_LOOP('',(#2050,#2051,#2052,#2053,#2054,#2055,#2056,#2057));
#5823=EDGE_LOOP('',(#2058,#2059,#2060,#2061));
#5824=EDGE_LOOP('',(#2062,#2063,#2064,#2065));
#5825=EDGE_LOOP('',(#2066,#2067,#2068,#2069));
#5826=EDGE_LOOP('',(#2070,#2071,#2072,#2073));
#5827=EDGE_LOOP('',(#2074,#2075,#2076,#2077));
#5828=EDGE_LOOP('',(#2078,#2079,#2080,#2081));
#5829=EDGE_LOOP('',(#2082,#2083,#2084,#2085,#2086,#2087));
#5830=EDGE_LOOP('',(#2088,#2089,#2090,#2091));
#5831=EDGE_LOOP('',(#2092,#2093,#2094,#2095));
#5832=EDGE_LOOP('',(#2096,#2097,#2098,#2099));
#5833=EDGE_LOOP('',(#2100,#2101,#2102,#2103));
#5834=EDGE_LOOP('',(#2104,#2105,#2106,#2107));
#5835=EDGE_LOOP('',(#2108,#2109,#2110,#2111));
#5836=EDGE_LOOP('',(#2112,#2113,#2114,#2115));
#5837=EDGE_LOOP('',(#2116,#2117,#2118,#2119));
#5838=EDGE_LOOP('',(#2120,#2121,#2122,#2123));
#5839=EDGE_LOOP('',(#2124,#2125,#2126,#2127));
#5840=EDGE_LOOP('',(#2128,#2129,#2130,#2131));
#5841=EDGE_LOOP('',(#2132,#2133,#2134,#2135));
#5842=EDGE_LOOP('',(#2136,#2137,#2138,#2139));
#5843=EDGE_LOOP('',(#2140,#2141,#2142,#2143));
#5844=EDGE_LOOP('',(#2144,#2145,#2146,#2147));
#5845=EDGE_LOOP('',(#2148,#2149,#2150,#2151));
#5846=EDGE_LOOP('',(#2152,#2153,#2154,#2155));
#5847=EDGE_LOOP('',(#2156,#2157,#2158,#2159));
#5848=EDGE_LOOP('',(#2160,#2161,#2162,#2163));
#5849=EDGE_LOOP('',(#2164,#2165,#2166,#2167));
#5850=EDGE_LOOP('',(#2168,#2169,#2170,#2171));
#5851=EDGE_LOOP('',(#2172,#2173,#2174,#2175));
#5852=EDGE_LOOP('',(#2176,#2177,#2178,#2179));
#5853=EDGE_LOOP('',(#2180,#2181,#2182,#2183));
#5854=EDGE_LOOP('',(#2184,#2185,#2186,#2187,#2188,#2189,#2190,#2191,#2192));
#5855=EDGE_LOOP('',(#2193,#2194,#2195,#2196,#2197,#2198,#2199,#2200,#2201,
#2202,#2203,#2204,#2205,#2206,#2207));
#5856=EDGE_LOOP('',(#2208,#2209,#2210,#2211,#2212,#2213,#2214,#2215,#2216));
#5857=EDGE_LOOP('',(#2217,#2218,#2219,#2220));
#5858=EDGE_LOOP('',(#2221,#2222,#2223,#2224));
#5859=EDGE_LOOP('',(#2225,#2226,#2227,#2228));
#5860=EDGE_LOOP('',(#2229,#2230,#2231,#2232));
#5861=EDGE_LOOP('',(#2233,#2234,#2235,#2236));
#5862=EDGE_LOOP('',(#2237,#2238,#2239,#2240));
#5863=EDGE_LOOP('',(#2241,#2242,#2243,#2244));
#5864=EDGE_LOOP('',(#2245,#2246,#2247,#2248));
#5865=EDGE_LOOP('',(#2249,#2250,#2251,#2252));
#5866=EDGE_LOOP('',(#2253,#2254,#2255,#2256));
#5867=EDGE_LOOP('',(#2257,#2258,#2259,#2260));
#5868=EDGE_LOOP('',(#2261,#2262,#2263,#2264));
#5869=EDGE_LOOP('',(#2265,#2266,#2267,#2268));
#5870=EDGE_LOOP('',(#2269,#2270,#2271,#2272));
#5871=EDGE_LOOP('',(#2273,#2274,#2275,#2276));
#5872=EDGE_LOOP('',(#2277,#2278,#2279,#2280));
#5873=EDGE_LOOP('',(#2281,#2282,#2283,#2284));
#5874=EDGE_LOOP('',(#2285,#2286,#2287,#2288));
#5875=EDGE_LOOP('',(#2289,#2290,#2291,#2292));
#5876=EDGE_LOOP('',(#2293,#2294,#2295,#2296,#2297));
#5877=EDGE_LOOP('',(#2298,#2299,#2300,#2301,#2302,#2303,#2304,#2305,#2306,
#2307,#2308,#2309,#2310,#2311));
#5878=EDGE_LOOP('',(#2312,#2313,#2314,#2315,#2316));
#5879=EDGE_LOOP('',(#2317,#2318,#2319,#2320));
#5880=EDGE_LOOP('',(#2321,#2322,#2323,#2324));
#5881=EDGE_LOOP('',(#2325,#2326,#2327,#2328));
#5882=EDGE_LOOP('',(#2329,#2330,#2331,#2332));
#5883=EDGE_LOOP('',(#2333,#2334,#2335,#2336));
#5884=EDGE_LOOP('',(#2337,#2338,#2339,#2340));
#5885=EDGE_LOOP('',(#2341,#2342,#2343,#2344));
#5886=EDGE_LOOP('',(#2345,#2346,#2347,#2348));
#5887=EDGE_LOOP('',(#2349,#2350,#2351,#2352));
#5888=EDGE_LOOP('',(#2353,#2354,#2355,#2356));
#5889=EDGE_LOOP('',(#2357,#2358,#2359,#2360));
#5890=EDGE_LOOP('',(#2361,#2362,#2363,#2364));
#5891=EDGE_LOOP('',(#2365,#2366,#2367,#2368));
#5892=EDGE_LOOP('',(#2369,#2370,#2371,#2372));
#5893=EDGE_LOOP('',(#2373,#2374,#2375,#2376));
#5894=EDGE_LOOP('',(#2377,#2378,#2379,#2380));
#5895=EDGE_LOOP('',(#2381,#2382,#2383,#2384));
#5896=EDGE_LOOP('',(#2385,#2386,#2387,#2388));
#5897=EDGE_LOOP('',(#2389,#2390,#2391,#2392));
#5898=EDGE_LOOP('',(#2393,#2394,#2395,#2396));
#5899=EDGE_LOOP('',(#2397,#2398,#2399,#2400));
#5900=EDGE_LOOP('',(#2401,#2402,#2403,#2404));
#5901=EDGE_LOOP('',(#2405,#2406,#2407,#2408));
#5902=EDGE_LOOP('',(#2409,#2410,#2411,#2412));
#5903=EDGE_LOOP('',(#2413,#2414,#2415,#2416));
#5904=EDGE_LOOP('',(#2417,#2418,#2419,#2420));
#5905=EDGE_LOOP('',(#2421,#2422,#2423,#2424));
#5906=EDGE_LOOP('',(#2425,#2426,#2427,#2428));
#5907=EDGE_LOOP('',(#2429,#2430,#2431,#2432,#2433,#2434,#2435,#2436,#2437,
#2438,#2439,#2440,#2441,#2442,#2443,#2444,#2445,#2446,#2447,#2448,#2449,
#2450,#2451,#2452,#2453,#2454,#2455,#2456));
#5908=EDGE_LOOP('',(#2457,#2458,#2459,#2460));
#5909=EDGE_LOOP('',(#2461,#2462,#2463,#2464));
#5910=EDGE_LOOP('',(#2465,#2466,#2467,#2468));
#5911=EDGE_LOOP('',(#2469,#2470,#2471,#2472));
#5912=EDGE_LOOP('',(#2473,#2474,#2475,#2476));
#5913=EDGE_LOOP('',(#2477,#2478,#2479,#2480));
#5914=EDGE_LOOP('',(#2481,#2482,#2483,#2484));
#5915=EDGE_LOOP('',(#2485,#2486,#2487,#2488));
#5916=EDGE_LOOP('',(#2489,#2490,#2491,#2492));
#5917=EDGE_LOOP('',(#2493,#2494,#2495,#2496));
#5918=EDGE_LOOP('',(#2497,#2498,#2499,#2500));
#5919=EDGE_LOOP('',(#2501,#2502,#2503,#2504));
#5920=EDGE_LOOP('',(#2505,#2506,#2507,#2508));
#5921=EDGE_LOOP('',(#2509,#2510,#2511,#2512));
#5922=EDGE_LOOP('',(#2513,#2514,#2515,#2516));
#5923=EDGE_LOOP('',(#2517,#2518,#2519,#2520));
#5924=EDGE_LOOP('',(#2521,#2522,#2523,#2524));
#5925=EDGE_LOOP('',(#2525,#2526,#2527,#2528));
#5926=EDGE_LOOP('',(#2529,#2530,#2531,#2532,#2533,#2534,#2535,#2536,#2537,
#2538,#2539,#2540,#2541,#2542,#2543,#2544,#2545,#2546));
#5927=EDGE_LOOP('',(#2547,#2548,#2549,#2550));
#5928=EDGE_LOOP('',(#2551,#2552,#2553,#2554));
#5929=EDGE_LOOP('',(#2555,#2556,#2557,#2558));
#5930=EDGE_LOOP('',(#2559,#2560,#2561,#2562));
#5931=EDGE_LOOP('',(#2563,#2564,#2565,#2566));
#5932=EDGE_LOOP('',(#2567,#2568,#2569,#2570));
#5933=EDGE_LOOP('',(#2571,#2572,#2573,#2574));
#5934=EDGE_LOOP('',(#2575,#2576,#2577,#2578));
#5935=EDGE_LOOP('',(#2579,#2580,#2581,#2582));
#5936=EDGE_LOOP('',(#2583,#2584,#2585,#2586));
#5937=EDGE_LOOP('',(#2587,#2588,#2589,#2590));
#5938=EDGE_LOOP('',(#2591,#2592,#2593,#2594));
#5939=EDGE_LOOP('',(#2595,#2596,#2597,#2598));
#5940=EDGE_LOOP('',(#2599,#2600,#2601,#2602,#2603));
#5941=EDGE_LOOP('',(#2604,#2605,#2606,#2607,#2608,#2609,#2610,#2611));
#5942=EDGE_LOOP('',(#2612,#2613,#2614,#2615,#2616));
#5943=FACE_BOUND('',#5536,.T.);
#5944=FACE_BOUND('',#5537,.T.);
#5945=FACE_BOUND('',#5538,.T.);
#5946=FACE_BOUND('',#5539,.T.);
#5947=FACE_BOUND('',#5540,.T.);
#5948=FACE_BOUND('',#5541,.T.);
#5949=FACE_BOUND('',#5542,.T.);
#5950=FACE_BOUND('',#5543,.T.);
#5951=FACE_BOUND('',#5544,.T.);
#5952=FACE_BOUND('',#5545,.T.);
#5953=FACE_BOUND('',#5546,.T.);
#5954=FACE_BOUND('',#5547,.T.);
#5955=FACE_BOUND('',#5548,.T.);
#5956=FACE_BOUND('',#5549,.T.);
#5957=FACE_BOUND('',#5550,.T.);
#5958=FACE_BOUND('',#5551,.T.);
#5959=FACE_BOUND('',#5552,.T.);
#5960=FACE_BOUND('',#5553,.T.);
#5961=FACE_BOUND('',#5554,.T.);
#5962=FACE_BOUND('',#5555,.T.);
#5963=FACE_BOUND('',#5556,.T.);
#5964=FACE_BOUND('',#5557,.T.);
#5965=FACE_BOUND('',#5558,.T.);
#5966=FACE_BOUND('',#5559,.T.);
#5967=FACE_BOUND('',#5560,.T.);
#5968=FACE_BOUND('',#5561,.T.);
#5969=FACE_BOUND('',#5562,.T.);
#5970=FACE_BOUND('',#5563,.T.);
#5971=FACE_BOUND('',#5564,.T.);
#5972=FACE_BOUND('',#5565,.T.);
#5973=FACE_BOUND('',#5566,.T.);
#5974=FACE_BOUND('',#5567,.T.);
#5975=FACE_BOUND('',#5568,.T.);
#5976=FACE_BOUND('',#5569,.T.);
#5977=FACE_BOUND('',#5570,.T.);
#5978=FACE_BOUND('',#5571,.T.);
#5979=FACE_BOUND('',#5572,.T.);
#5980=FACE_BOUND('',#5573,.T.);
#5981=FACE_BOUND('',#5574,.T.);
#5982=FACE_BOUND('',#5575,.T.);
#5983=FACE_BOUND('',#5576,.T.);
#5984=FACE_BOUND('',#5577,.T.);
#5985=FACE_BOUND('',#5578,.T.);
#5986=FACE_BOUND('',#5579,.T.);
#5987=FACE_BOUND('',#5580,.T.);
#5988=FACE_BOUND('',#5581,.T.);
#5989=FACE_BOUND('',#5582,.T.);
#5990=FACE_BOUND('',#5583,.T.);
#5991=FACE_BOUND('',#5584,.T.);
#5992=FACE_BOUND('',#5585,.T.);
#5993=FACE_BOUND('',#5586,.T.);
#5994=FACE_BOUND('',#5587,.T.);
#5995=FACE_BOUND('',#5588,.T.);
#5996=FACE_BOUND('',#5589,.T.);
#5997=FACE_BOUND('',#5590,.T.);
#5998=FACE_BOUND('',#5591,.T.);
#5999=FACE_BOUND('',#5592,.T.);
#6000=FACE_BOUND('',#5593,.T.);
#6001=FACE_BOUND('',#5594,.T.);
#6002=FACE_BOUND('',#5595,.T.);
#6003=FACE_BOUND('',#5596,.T.);
#6004=FACE_BOUND('',#5597,.T.);
#6005=FACE_BOUND('',#5598,.T.);
#6006=FACE_BOUND('',#5599,.T.);
#6007=FACE_BOUND('',#5600,.T.);
#6008=FACE_BOUND('',#5601,.T.);
#6009=FACE_BOUND('',#5602,.T.);
#6010=FACE_BOUND('',#5603,.T.);
#6011=FACE_BOUND('',#5604,.T.);
#6012=FACE_BOUND('',#5605,.T.);
#6013=FACE_BOUND('',#5606,.T.);
#6014=FACE_BOUND('',#5607,.T.);
#6015=FACE_BOUND('',#5608,.T.);
#6016=FACE_BOUND('',#5609,.T.);
#6017=FACE_BOUND('',#5610,.T.);
#6018=FACE_BOUND('',#5611,.T.);
#6019=FACE_BOUND('',#5612,.T.);
#6020=FACE_BOUND('',#5613,.T.);
#6021=FACE_BOUND('',#5614,.T.);
#6022=FACE_BOUND('',#5615,.T.);
#6023=FACE_BOUND('',#5616,.T.);
#6024=FACE_BOUND('',#5617,.T.);
#6025=FACE_BOUND('',#5618,.T.);
#6026=FACE_BOUND('',#5619,.T.);
#6027=FACE_BOUND('',#5620,.T.);
#6028=FACE_BOUND('',#5621,.T.);
#6029=FACE_BOUND('',#5622,.T.);
#6030=FACE_BOUND('',#5623,.T.);
#6031=FACE_BOUND('',#5624,.T.);
#6032=FACE_BOUND('',#5625,.T.);
#6033=FACE_BOUND('',#5626,.T.);
#6034=FACE_BOUND('',#5627,.T.);
#6035=FACE_BOUND('',#5628,.T.);
#6036=FACE_BOUND('',#5629,.T.);
#6037=FACE_BOUND('',#5630,.T.);
#6038=FACE_BOUND('',#5631,.T.);
#6039=FACE_BOUND('',#5632,.T.);
#6040=FACE_BOUND('',#5633,.T.);
#6041=FACE_BOUND('',#5634,.T.);
#6042=FACE_BOUND('',#5635,.T.);
#6043=FACE_BOUND('',#5636,.T.);
#6044=FACE_BOUND('',#5637,.T.);
#6045=FACE_BOUND('',#5638,.T.);
#6046=FACE_BOUND('',#5639,.T.);
#6047=FACE_BOUND('',#5640,.T.);
#6048=FACE_BOUND('',#5641,.T.);
#6049=FACE_BOUND('',#5642,.T.);
#6050=FACE_BOUND('',#5643,.T.);
#6051=FACE_BOUND('',#5644,.T.);
#6052=FACE_BOUND('',#5645,.T.);
#6053=FACE_BOUND('',#5646,.T.);
#6054=FACE_BOUND('',#5647,.T.);
#6055=FACE_BOUND('',#5648,.T.);
#6056=FACE_BOUND('',#5649,.T.);
#6057=FACE_BOUND('',#5650,.T.);
#6058=FACE_BOUND('',#5651,.T.);
#6059=FACE_BOUND('',#5652,.T.);
#6060=FACE_BOUND('',#5653,.T.);
#6061=FACE_BOUND('',#5654,.T.);
#6062=FACE_BOUND('',#5655,.T.);
#6063=FACE_BOUND('',#5656,.T.);
#6064=FACE_BOUND('',#5657,.T.);
#6065=FACE_BOUND('',#5658,.T.);
#6066=FACE_BOUND('',#5659,.T.);
#6067=FACE_BOUND('',#5660,.T.);
#6068=FACE_BOUND('',#5661,.T.);
#6069=FACE_BOUND('',#5662,.T.);
#6070=FACE_BOUND('',#5663,.T.);
#6071=FACE_BOUND('',#5664,.T.);
#6072=FACE_BOUND('',#5665,.T.);
#6073=FACE_BOUND('',#5666,.T.);
#6074=FACE_BOUND('',#5667,.T.);
#6075=FACE_BOUND('',#5668,.T.);
#6076=FACE_BOUND('',#5669,.T.);
#6077=FACE_BOUND('',#5670,.T.);
#6078=FACE_BOUND('',#5671,.T.);
#6079=FACE_BOUND('',#5672,.T.);
#6080=FACE_BOUND('',#5673,.T.);
#6081=FACE_BOUND('',#5674,.T.);
#6082=FACE_BOUND('',#5675,.T.);
#6083=FACE_BOUND('',#5676,.T.);
#6084=FACE_BOUND('',#5677,.T.);
#6085=FACE_BOUND('',#5678,.T.);
#6086=FACE_BOUND('',#5679,.T.);
#6087=FACE_BOUND('',#5680,.T.);
#6088=FACE_BOUND('',#5681,.T.);
#6089=FACE_BOUND('',#5682,.T.);
#6090=FACE_BOUND('',#5683,.T.);
#6091=FACE_BOUND('',#5684,.T.);
#6092=FACE_BOUND('',#5685,.T.);
#6093=FACE_BOUND('',#5686,.T.);
#6094=FACE_BOUND('',#5687,.T.);
#6095=FACE_BOUND('',#5688,.T.);
#6096=FACE_BOUND('',#5689,.T.);
#6097=FACE_BOUND('',#5690,.T.);
#6098=FACE_BOUND('',#5691,.T.);
#6099=FACE_BOUND('',#5692,.T.);
#6100=FACE_BOUND('',#5693,.T.);
#6101=FACE_BOUND('',#5694,.T.);
#6102=FACE_BOUND('',#5695,.T.);
#6103=FACE_BOUND('',#5696,.T.);
#6104=FACE_BOUND('',#5697,.T.);
#6105=FACE_BOUND('',#5698,.T.);
#6106=FACE_BOUND('',#5699,.T.);
#6107=FACE_BOUND('',#5700,.T.);
#6108=FACE_BOUND('',#5701,.T.);
#6109=FACE_BOUND('',#5702,.T.);
#6110=FACE_BOUND('',#5703,.T.);
#6111=FACE_BOUND('',#5704,.T.);
#6112=FACE_BOUND('',#5705,.T.);
#6113=FACE_BOUND('',#5706,.T.);
#6114=FACE_BOUND('',#5707,.T.);
#6115=FACE_BOUND('',#5708,.T.);
#6116=FACE_BOUND('',#5709,.T.);
#6117=FACE_BOUND('',#5710,.T.);
#6118=FACE_BOUND('',#5711,.T.);
#6119=FACE_BOUND('',#5712,.T.);
#6120=FACE_BOUND('',#5713,.T.);
#6121=FACE_BOUND('',#5714,.T.);
#6122=FACE_BOUND('',#5715,.T.);
#6123=FACE_BOUND('',#5716,.T.);
#6124=FACE_BOUND('',#5717,.T.);
#6125=FACE_BOUND('',#5718,.T.);
#6126=FACE_BOUND('',#5719,.T.);
#6127=FACE_BOUND('',#5720,.T.);
#6128=FACE_BOUND('',#5721,.T.);
#6129=FACE_BOUND('',#5722,.T.);
#6130=FACE_BOUND('',#5723,.T.);
#6131=FACE_BOUND('',#5724,.T.);
#6132=FACE_BOUND('',#5725,.T.);
#6133=FACE_BOUND('',#5726,.T.);
#6134=FACE_BOUND('',#5727,.T.);
#6135=FACE_BOUND('',#5728,.T.);
#6136=FACE_BOUND('',#5729,.T.);
#6137=FACE_BOUND('',#5730,.T.);
#6138=FACE_BOUND('',#5731,.T.);
#6139=FACE_BOUND('',#5732,.T.);
#6140=FACE_BOUND('',#5733,.T.);
#6141=FACE_BOUND('',#5734,.T.);
#6142=FACE_BOUND('',#5735,.T.);
#6143=FACE_BOUND('',#5736,.T.);
#6144=FACE_BOUND('',#5737,.T.);
#6145=FACE_BOUND('',#5738,.T.);
#6146=FACE_BOUND('',#5739,.T.);
#6147=FACE_BOUND('',#5740,.T.);
#6148=FACE_BOUND('',#5741,.T.);
#6149=FACE_BOUND('',#5742,.T.);
#6150=FACE_BOUND('',#5743,.T.);
#6151=FACE_BOUND('',#5744,.T.);
#6152=FACE_BOUND('',#5745,.T.);
#6153=FACE_BOUND('',#5746,.T.);
#6154=FACE_BOUND('',#5747,.T.);
#6155=FACE_BOUND('',#5748,.T.);
#6156=FACE_BOUND('',#5749,.T.);
#6157=FACE_BOUND('',#5750,.T.);
#6158=FACE_BOUND('',#5751,.T.);
#6159=FACE_BOUND('',#5752,.T.);
#6160=FACE_BOUND('',#5753,.T.);
#6161=FACE_BOUND('',#5754,.T.);
#6162=FACE_BOUND('',#5755,.T.);
#6163=FACE_BOUND('',#5756,.T.);
#6164=FACE_BOUND('',#5757,.T.);
#6165=FACE_BOUND('',#5758,.T.);
#6166=FACE_BOUND('',#5759,.T.);
#6167=FACE_BOUND('',#5760,.T.);
#6168=FACE_BOUND('',#5761,.T.);
#6169=FACE_BOUND('',#5762,.T.);
#6170=FACE_BOUND('',#5763,.T.);
#6171=FACE_BOUND('',#5764,.T.);
#6172=FACE_BOUND('',#5765,.T.);
#6173=FACE_BOUND('',#5766,.T.);
#6174=FACE_BOUND('',#5767,.T.);
#6175=FACE_BOUND('',#5768,.T.);
#6176=FACE_BOUND('',#5769,.T.);
#6177=FACE_BOUND('',#5770,.T.);
#6178=FACE_BOUND('',#5771,.T.);
#6179=FACE_BOUND('',#5772,.T.);
#6180=FACE_BOUND('',#5773,.T.);
#6181=FACE_BOUND('',#5774,.T.);
#6182=FACE_BOUND('',#5775,.T.);
#6183=FACE_BOUND('',#5776,.T.);
#6184=FACE_BOUND('',#5777,.T.);
#6185=FACE_BOUND('',#5778,.T.);
#6186=FACE_BOUND('',#5779,.T.);
#6187=FACE_BOUND('',#5780,.T.);
#6188=FACE_BOUND('',#5781,.T.);
#6189=FACE_BOUND('',#5782,.T.);
#6190=FACE_BOUND('',#5783,.T.);
#6191=FACE_BOUND('',#5784,.T.);
#6192=FACE_BOUND('',#5785,.T.);
#6193=FACE_BOUND('',#5786,.T.);
#6194=FACE_BOUND('',#5787,.T.);
#6195=FACE_BOUND('',#5788,.T.);
#6196=FACE_BOUND('',#5789,.T.);
#6197=FACE_BOUND('',#5790,.T.);
#6198=FACE_BOUND('',#5791,.T.);
#6199=FACE_BOUND('',#5792,.T.);
#6200=FACE_BOUND('',#5793,.T.);
#6201=FACE_BOUND('',#5794,.T.);
#6202=FACE_BOUND('',#5795,.T.);
#6203=FACE_BOUND('',#5796,.T.);
#6204=FACE_BOUND('',#5797,.T.);
#6205=FACE_BOUND('',#5798,.T.);
#6206=FACE_BOUND('',#5799,.T.);
#6207=FACE_BOUND('',#5800,.T.);
#6208=FACE_BOUND('',#5801,.T.);
#6209=FACE_BOUND('',#5802,.T.);
#6210=FACE_BOUND('',#5803,.T.);
#6211=FACE_BOUND('',#5804,.T.);
#6212=FACE_BOUND('',#5805,.T.);
#6213=FACE_BOUND('',#5806,.T.);
#6214=FACE_BOUND('',#5807,.T.);
#6215=FACE_BOUND('',#5808,.T.);
#6216=FACE_BOUND('',#5809,.T.);
#6217=FACE_BOUND('',#5810,.T.);
#6218=FACE_BOUND('',#5811,.T.);
#6219=FACE_BOUND('',#5812,.T.);
#6220=FACE_BOUND('',#5813,.T.);
#6221=FACE_BOUND('',#5814,.T.);
#6222=FACE_BOUND('',#5815,.T.);
#6223=FACE_BOUND('',#5816,.T.);
#6224=FACE_BOUND('',#5817,.T.);
#6225=FACE_BOUND('',#5818,.T.);
#6226=FACE_BOUND('',#5819,.T.);
#6227=FACE_BOUND('',#5820,.T.);
#6228=FACE_BOUND('',#5821,.T.);
#6229=FACE_BOUND('',#5822,.T.);
#6230=FACE_BOUND('',#5823,.T.);
#6231=FACE_BOUND('',#5824,.T.);
#6232=FACE_BOUND('',#5825,.T.);
#6233=FACE_BOUND('',#5826,.T.);
#6234=FACE_BOUND('',#5827,.T.);
#6235=FACE_BOUND('',#5828,.T.);
#6236=FACE_BOUND('',#5829,.T.);
#6237=FACE_BOUND('',#5830,.T.);
#6238=FACE_BOUND('',#5831,.T.);
#6239=FACE_BOUND('',#5832,.T.);
#6240=FACE_BOUND('',#5833,.T.);
#6241=FACE_BOUND('',#5834,.T.);
#6242=FACE_BOUND('',#5835,.T.);
#6243=FACE_BOUND('',#5836,.T.);
#6244=FACE_BOUND('',#5837,.T.);
#6245=FACE_BOUND('',#5838,.T.);
#6246=FACE_BOUND('',#5839,.T.);
#6247=FACE_BOUND('',#5840,.T.);
#6248=FACE_BOUND('',#5841,.T.);
#6249=FACE_BOUND('',#5842,.T.);
#6250=FACE_BOUND('',#5843,.T.);
#6251=FACE_BOUND('',#5844,.T.);
#6252=FACE_BOUND('',#5845,.T.);
#6253=FACE_BOUND('',#5846,.T.);
#6254=FACE_BOUND('',#5847,.T.);
#6255=FACE_BOUND('',#5848,.T.);
#6256=FACE_BOUND('',#5849,.T.);
#6257=FACE_BOUND('',#5850,.T.);
#6258=FACE_BOUND('',#5851,.T.);
#6259=FACE_BOUND('',#5852,.T.);
#6260=FACE_BOUND('',#5853,.T.);
#6261=FACE_BOUND('',#5854,.T.);
#6262=FACE_BOUND('',#5855,.T.);
#6263=FACE_BOUND('',#5856,.T.);
#6264=FACE_BOUND('',#5857,.T.);
#6265=FACE_BOUND('',#5858,.T.);
#6266=FACE_BOUND('',#5859,.T.);
#6267=FACE_BOUND('',#5860,.T.);
#6268=FACE_BOUND('',#5861,.T.);
#6269=FACE_BOUND('',#5862,.T.);
#6270=FACE_BOUND('',#5863,.T.);
#6271=FACE_BOUND('',#5864,.T.);
#6272=FACE_BOUND('',#5865,.T.);
#6273=FACE_BOUND('',#5866,.T.);
#6274=FACE_BOUND('',#5867,.T.);
#6275=FACE_BOUND('',#5868,.T.);
#6276=FACE_BOUND('',#5869,.T.);
#6277=FACE_BOUND('',#5870,.T.);
#6278=FACE_BOUND('',#5871,.T.);
#6279=FACE_BOUND('',#5872,.T.);
#6280=FACE_BOUND('',#5873,.T.);
#6281=FACE_BOUND('',#5874,.T.);
#6282=FACE_BOUND('',#5875,.T.);
#6283=FACE_BOUND('',#5876,.T.);
#6284=FACE_BOUND('',#5877,.T.);
#6285=FACE_BOUND('',#5878,.T.);
#6286=FACE_BOUND('',#5879,.T.);
#6287=FACE_BOUND('',#5880,.T.);
#6288=FACE_BOUND('',#5881,.T.);
#6289=FACE_BOUND('',#5882,.T.);
#6290=FACE_BOUND('',#5883,.T.);
#6291=FACE_BOUND('',#5884,.T.);
#6292=FACE_BOUND('',#5885,.T.);
#6293=FACE_BOUND('',#5886,.T.);
#6294=FACE_BOUND('',#5887,.T.);
#6295=FACE_BOUND('',#5888,.T.);
#6296=FACE_BOUND('',#5889,.T.);
#6297=FACE_BOUND('',#5890,.T.);
#6298=FACE_BOUND('',#5891,.T.);
#6299=FACE_BOUND('',#5892,.T.);
#6300=FACE_BOUND('',#5893,.T.);
#6301=FACE_BOUND('',#5894,.T.);
#6302=FACE_BOUND('',#5895,.T.);
#6303=FACE_BOUND('',#5896,.T.);
#6304=FACE_BOUND('',#5897,.T.);
#6305=FACE_BOUND('',#5898,.T.);
#6306=FACE_BOUND('',#5899,.T.);
#6307=FACE_BOUND('',#5900,.T.);
#6308=FACE_BOUND('',#5901,.T.);
#6309=FACE_BOUND('',#5902,.T.);
#6310=FACE_BOUND('',#5903,.T.);
#6311=FACE_BOUND('',#5904,.T.);
#6312=FACE_BOUND('',#5905,.T.);
#6313=FACE_BOUND('',#5906,.T.);
#6314=FACE_BOUND('',#5907,.T.);
#6315=FACE_BOUND('',#5908,.T.);
#6316=FACE_BOUND('',#5909,.T.);
#6317=FACE_BOUND('',#5910,.T.);
#6318=FACE_BOUND('',#5911,.T.);
#6319=FACE_BOUND('',#5912,.T.);
#6320=FACE_BOUND('',#5913,.T.);
#6321=FACE_BOUND('',#5914,.T.);
#6322=FACE_BOUND('',#5915,.T.);
#6323=FACE_BOUND('',#5916,.T.);
#6324=FACE_BOUND('',#5917,.T.);
#6325=FACE_BOUND('',#5918,.T.);
#6326=FACE_BOUND('',#5919,.T.);
#6327=FACE_BOUND('',#5920,.T.);
#6328=FACE_BOUND('',#5921,.T.);
#6329=FACE_BOUND('',#5922,.T.);
#6330=FACE_BOUND('',#5923,.T.);
#6331=FACE_BOUND('',#5924,.T.);
#6332=FACE_BOUND('',#5925,.T.);
#6333=FACE_BOUND('',#5926,.T.);
#6334=FACE_BOUND('',#5927,.T.);
#6335=FACE_BOUND('',#5928,.T.);
#6336=FACE_BOUND('',#5929,.T.);
#6337=FACE_BOUND('',#5930,.T.);
#6338=FACE_BOUND('',#5931,.T.);
#6339=FACE_BOUND('',#5932,.T.);
#6340=FACE_BOUND('',#5933,.T.);
#6341=FACE_BOUND('',#5934,.T.);
#6342=FACE_BOUND('',#5935,.T.);
#6343=FACE_BOUND('',#5936,.T.);
#6344=FACE_BOUND('',#5937,.T.);
#6345=FACE_BOUND('',#5938,.T.);
#6346=FACE_BOUND('',#5939,.T.);
#6347=FACE_BOUND('',#5940,.T.);
#6348=FACE_BOUND('',#5941,.T.);
#6349=FACE_BOUND('',#5942,.T.);
#6350=PLANE('',#6908);
#6351=PLANE('',#6926);
#6352=PLANE('',#6929);
#6353=PLANE('',#6932);
#6354=PLANE('',#6942);
#6355=PLANE('',#6943);
#6356=PLANE('',#6946);
#6357=PLANE('',#6949);
#6358=PLANE('',#6951);
#6359=PLANE('',#6952);
#6360=PLANE('',#6953);
#6361=PLANE('',#6954);
#6362=PLANE('',#6955);
#6363=PLANE('',#6956);
#6364=PLANE('',#6957);
#6365=PLANE('',#6958);
#6366=PLANE('',#6959);
#6367=PLANE('',#6960);
#6368=PLANE('',#6961);
#6369=PLANE('',#6962);
#6370=PLANE('',#6963);
#6371=PLANE('',#6964);
#6372=PLANE('',#6965);
#6373=PLANE('',#6966);
#6374=PLANE('',#6969);
#6375=PLANE('',#6970);
#6376=PLANE('',#7023);
#6377=PLANE('',#7024);
#6378=PLANE('',#7029);
#6379=PLANE('',#7030);
#6380=PLANE('',#7031);
#6381=PLANE('',#7032);
#6382=PLANE('',#7033);
#6383=PLANE('',#7034);
#6384=PLANE('',#7035);
#6385=PLANE('',#7036);
#6386=PLANE('',#7037);
#6387=PLANE('',#7038);
#6388=PLANE('',#7039);
#6389=PLANE('',#7040);
#6390=PLANE('',#7041);
#6391=PLANE('',#7042);
#6392=PLANE('',#7043);
#6393=PLANE('',#7044);
#6394=PLANE('',#7045);
#6395=PLANE('',#7046);
#6396=PLANE('',#7047);
#6397=PLANE('',#7048);
#6398=PLANE('',#7049);
#6399=PLANE('',#7050);
#6400=PLANE('',#7051);
#6401=PLANE('',#7052);
#6402=PLANE('',#7053);
#6403=PLANE('',#7054);
#6404=PLANE('',#7055);
#6405=PLANE('',#7056);
#6406=PLANE('',#7057);
#6407=PLANE('',#7058);
#6408=PLANE('',#7059);
#6409=PLANE('',#7060);
#6410=PLANE('',#7061);
#6411=PLANE('',#7062);
#6412=PLANE('',#7063);
#6413=PLANE('',#7064);
#6414=PLANE('',#7065);
#6415=PLANE('',#7066);
#6416=PLANE('',#7067);
#6417=PLANE('',#7074);
#6418=PLANE('',#7075);
#6419=PLANE('',#7076);
#6420=PLANE('',#7077);
#6421=PLANE('',#7078);
#6422=PLANE('',#7079);
#6423=PLANE('',#7080);
#6424=PLANE('',#7081);
#6425=PLANE('',#7082);
#6426=PLANE('',#7083);
#6427=PLANE('',#7084);
#6428=PLANE('',#7085);
#6429=PLANE('',#7086);
#6430=PLANE('',#7087);
#6431=PLANE('',#7088);
#6432=PLANE('',#7089);
#6433=PLANE('',#7090);
#6434=PLANE('',#7091);
#6435=PLANE('',#7092);
#6436=PLANE('',#7093);
#6437=PLANE('',#7094);
#6438=PLANE('',#7095);
#6439=PLANE('',#7096);
#6440=PLANE('',#7099);
#6441=PLANE('',#7100);
#6442=PLANE('',#7101);
#6443=PLANE('',#7102);
#6444=PLANE('',#7103);
#6445=PLANE('',#7104);
#6446=PLANE('',#7105);
#6447=PLANE('',#7106);
#6448=PLANE('',#7111);
#6449=PLANE('',#7112);
#6450=PLANE('',#7113);
#6451=PLANE('',#7114);
#6452=PLANE('',#7115);
#6453=PLANE('',#7116);
#6454=PLANE('',#7117);
#6455=PLANE('',#7118);
#6456=PLANE('',#7119);
#6457=PLANE('',#7120);
#6458=PLANE('',#7121);
#6459=PLANE('',#7126);
#6460=PLANE('',#7127);
#6461=PLANE('',#7128);
#6462=PLANE('',#7129);
#6463=PLANE('',#7130);
#6464=PLANE('',#7131);
#6465=PLANE('',#7132);
#6466=PLANE('',#7133);
#6467=PLANE('',#7134);
#6468=PLANE('',#7135);
#6469=PLANE('',#7136);
#6470=PLANE('',#7137);
#6471=PLANE('',#7138);
#6472=PLANE('',#7139);
#6473=PLANE('',#7140);
#6474=PLANE('',#7141);
#6475=PLANE('',#7142);
#6476=PLANE('',#7143);
#6477=PLANE('',#7144);
#6478=PLANE('',#7145);
#6479=PLANE('',#7146);
#6480=PLANE('',#7147);
#6481=PLANE('',#7148);
#6482=PLANE('',#7149);
#6483=PLANE('',#7150);
#6484=PLANE('',#7153);
#6485=PLANE('',#7154);
#6486=PLANE('',#7155);
#6487=PLANE('',#7156);
#6488=PLANE('',#7157);
#6489=PLANE('',#7158);
#6490=PLANE('',#7159);
#6491=PLANE('',#7160);
#6492=PLANE('',#7161);
#6493=PLANE('',#7162);
#6494=PLANE('',#7163);
#6495=PLANE('',#7164);
#6496=PLANE('',#7165);
#6497=PLANE('',#7166);
#6498=PLANE('',#7167);
#6499=PLANE('',#7170);
#6500=PLANE('',#7171);
#6501=PLANE('',#7172);
#6502=PLANE('',#7173);
#6503=PLANE('',#7174);
#6504=PLANE('',#7175);
#6505=PLANE('',#7176);
#6506=PLANE('',#7177);
#6507=PLANE('',#7178);
#6508=PLANE('',#7179);
#6509=PLANE('',#7180);
#6510=PLANE('',#7181);
#6511=PLANE('',#7182);
#6512=PLANE('',#7183);
#6513=PLANE('',#7184);
#6514=PLANE('',#7185);
#6515=PLANE('',#7186);
#6516=PLANE('',#7187);
#6517=PLANE('',#7188);
#6518=PLANE('',#7189);
#6519=PLANE('',#7190);
#6520=PLANE('',#7191);
#6521=PLANE('',#7198);
#6522=PLANE('',#7199);
#6523=ADVANCED_FACE('',(#5943,#5944,#5945,#5946,#5947,#5948,#5949,#5950,
#5951,#5952,#5953,#5954,#5955,#5956,#5957,#5958),#6350,.F.);
#6524=ADVANCED_FACE('',(#5959),#179,.T.);
#6525=ADVANCED_FACE('',(#5960,#5961,#5962,#5963),#6351,.T.);
#6526=ADVANCED_FACE('',(#5964),#6352,.T.);
#6527=ADVANCED_FACE('',(#5965,#5966),#6353,.F.);
#6528=ADVANCED_FACE('',(#5967,#5968),#180,.F.);
#6529=ADVANCED_FACE('',(#5969,#5970),#181,.F.);
#6530=ADVANCED_FACE('',(#5971),#6354,.T.);
#6531=ADVANCED_FACE('',(#5972),#6355,.F.);
#6532=ADVANCED_FACE('',(#5973),#6356,.F.);
#6533=ADVANCED_FACE('',(#5974,#5975),#182,.F.);
#6534=ADVANCED_FACE('',(#5976,#5977),#6357,.F.);
#6535=ADVANCED_FACE('',(#5978),#6358,.F.);
#6536=ADVANCED_FACE('',(#5979),#6359,.F.);
#6537=ADVANCED_FACE('',(#5980),#6360,.F.);
#6538=ADVANCED_FACE('',(#5981),#6361,.F.);
#6539=ADVANCED_FACE('',(#5982),#6362,.F.);
#6540=ADVANCED_FACE('',(#5983),#6363,.F.);
#6541=ADVANCED_FACE('',(#5984,#5985),#6364,.T.);
#6542=ADVANCED_FACE('',(#5986),#6365,.F.);
#6543=ADVANCED_FACE('',(#5987),#6366,.F.);
#6544=ADVANCED_FACE('',(#5988),#6367,.F.);
#6545=ADVANCED_FACE('',(#5989),#6368,.F.);
#6546=ADVANCED_FACE('',(#5990),#6369,.F.);
#6547=ADVANCED_FACE('',(#5991),#6370,.F.);
#6548=ADVANCED_FACE('',(#5992,#5993),#6371,.T.);
#6549=ADVANCED_FACE('',(#5994),#6372,.F.);
#6550=ADVANCED_FACE('',(#5995,#5996,#5997),#6373,.F.);
#6551=ADVANCED_FACE('',(#5998),#6374,.F.);
#6552=ADVANCED_FACE('',(#5999),#6375,.F.);
#6553=ADVANCED_FACE('',(#6000,#6001),#24,.T.);
#6554=ADVANCED_FACE('',(#6002),#183,.T.);
#6555=ADVANCED_FACE('',(#6003),#184,.T.);
#6556=ADVANCED_FACE('',(#6004),#185,.T.);
#6557=ADVANCED_FACE('',(#6005),#186,.T.);
#6558=ADVANCED_FACE('',(#6006),#187,.T.);
#6559=ADVANCED_FACE('',(#6007),#188,.F.);
#6560=ADVANCED_FACE('',(#6008),#189,.F.);
#6561=ADVANCED_FACE('',(#6009),#20,.T.);
#6562=ADVANCED_FACE('',(#6010),#21,.T.);
#6563=ADVANCED_FACE('',(#6011),#18,.T.);
#6564=ADVANCED_FACE('',(#6012),#190,.T.);
#6565=ADVANCED_FACE('',(#6013),#14,.T.);
#6566=ADVANCED_FACE('',(#6014),#191,.T.);
#6567=ADVANCED_FACE('',(#6015),#15,.T.);
#6568=ADVANCED_FACE('',(#6016),#192,.T.);
#6569=ADVANCED_FACE('',(#6017),#12,.T.);
#6570=ADVANCED_FACE('',(#6018),#193,.T.);
#6571=ADVANCED_FACE('',(#6019),#13,.T.);
#6572=ADVANCED_FACE('',(#6020),#194,.T.);
#6573=ADVANCED_FACE('',(#6021),#16,.T.);
#6574=ADVANCED_FACE('',(#6022),#195,.T.);
#6575=ADVANCED_FACE('',(#6023),#17,.T.);
#6576=ADVANCED_FACE('',(#6024),#19,.T.);
#6577=ADVANCED_FACE('',(#6025),#196,.T.);
#6578=ADVANCED_FACE('',(#6026),#22,.T.);
#6579=ADVANCED_FACE('',(#6027),#23,.T.);
#6580=ADVANCED_FACE('',(#6028),#6376,.T.);
#6581=ADVANCED_FACE('',(#6029),#6377,.T.);
#6582=ADVANCED_FACE('',(#6030),#25,.T.);
#6583=ADVANCED_FACE('',(#6031),#26,.T.);
#6584=ADVANCED_FACE('',(#6032),#27,.T.);
#6585=ADVANCED_FACE('',(#6033),#28,.T.);
#6586=ADVANCED_FACE('',(#6034),#29,.T.);
#6587=ADVANCED_FACE('',(#6035),#30,.T.);
#6588=ADVANCED_FACE('',(#6036),#31,.T.);
#6589=ADVANCED_FACE('',(#6037),#32,.T.);
#6590=ADVANCED_FACE('',(#6038),#33,.T.);
#6591=ADVANCED_FACE('',(#6039),#34,.T.);
#6592=ADVANCED_FACE('',(#6040),#35,.T.);
#6593=ADVANCED_FACE('',(#6041),#36,.T.);
#6594=ADVANCED_FACE('',(#6042),#37,.T.);
#6595=ADVANCED_FACE('',(#6043),#38,.T.);
#6596=ADVANCED_FACE('',(#6044),#39,.T.);
#6597=ADVANCED_FACE('',(#6045),#40,.T.);
#6598=ADVANCED_FACE('',(#6046),#197,.T.);
#6599=ADVANCED_FACE('',(#6047),#198,.T.);
#6600=ADVANCED_FACE('',(#6048),#41,.T.);
#6601=ADVANCED_FACE('',(#6049),#42,.T.);
#6602=ADVANCED_FACE('',(#6050),#43,.T.);
#6603=ADVANCED_FACE('',(#6051),#44,.T.);
#6604=ADVANCED_FACE('',(#6052),#45,.T.);
#6605=ADVANCED_FACE('',(#6053),#6378,.T.);
#6606=ADVANCED_FACE('',(#6054),#6379,.T.);
#6607=ADVANCED_FACE('',(#6055),#6380,.T.);
#6608=ADVANCED_FACE('',(#6056),#6381,.T.);
#6609=ADVANCED_FACE('',(#6057),#6382,.T.);
#6610=ADVANCED_FACE('',(#6058),#6383,.T.);
#6611=ADVANCED_FACE('',(#6059),#6384,.T.);
#6612=ADVANCED_FACE('',(#6060),#6385,.T.);
#6613=ADVANCED_FACE('',(#6061),#6386,.T.);
#6614=ADVANCED_FACE('',(#6062),#6387,.T.);
#6615=ADVANCED_FACE('',(#6063),#46,.T.);
#6616=ADVANCED_FACE('',(#6064),#47,.T.);
#6617=ADVANCED_FACE('',(#6065),#48,.T.);
#6618=ADVANCED_FACE('',(#6066),#49,.T.);
#6619=ADVANCED_FACE('',(#6067),#50,.T.);
#6620=ADVANCED_FACE('',(#6068),#51,.T.);
#6621=ADVANCED_FACE('',(#6069),#52,.T.);
#6622=ADVANCED_FACE('',(#6070),#53,.T.);
#6623=ADVANCED_FACE('',(#6071),#6388,.T.);
#6624=ADVANCED_FACE('',(#6072),#6389,.T.);
#6625=ADVANCED_FACE('',(#6073),#6390,.T.);
#6626=ADVANCED_FACE('',(#6074),#6391,.T.);
#6627=ADVANCED_FACE('',(#6075),#6392,.T.);
#6628=ADVANCED_FACE('',(#6076),#54,.T.);
#6629=ADVANCED_FACE('',(#6077),#55,.T.);
#6630=ADVANCED_FACE('',(#6078),#56,.T.);
#6631=ADVANCED_FACE('',(#6079),#57,.T.);
#6632=ADVANCED_FACE('',(#6080),#58,.T.);
#6633=ADVANCED_FACE('',(#6081),#59,.T.);
#6634=ADVANCED_FACE('',(#6082),#60,.T.);
#6635=ADVANCED_FACE('',(#6083),#61,.T.);
#6636=ADVANCED_FACE('',(#6084),#62,.T.);
#6637=ADVANCED_FACE('',(#6085),#63,.T.);
#6638=ADVANCED_FACE('',(#6086),#64,.T.);
#6639=ADVANCED_FACE('',(#6087),#65,.T.);
#6640=ADVANCED_FACE('',(#6088),#66,.T.);
#6641=ADVANCED_FACE('',(#6089),#67,.T.);
#6642=ADVANCED_FACE('',(#6090),#68,.T.);
#6643=ADVANCED_FACE('',(#6091,#6092),#6393,.T.);
#6644=ADVANCED_FACE('',(#6093),#6394,.F.);
#6645=ADVANCED_FACE('',(#6094),#6395,.T.);
#6646=ADVANCED_FACE('',(#6095),#6396,.T.);
#6647=ADVANCED_FACE('',(#6096),#6397,.T.);
#6648=ADVANCED_FACE('',(#6097),#6398,.T.);
#6649=ADVANCED_FACE('',(#6098),#6399,.T.);
#6650=ADVANCED_FACE('',(#6099),#6400,.T.);
#6651=ADVANCED_FACE('',(#6100),#6401,.T.);
#6652=ADVANCED_FACE('',(#6101),#6402,.T.);
#6653=ADVANCED_FACE('',(#6102),#6403,.T.);
#6654=ADVANCED_FACE('',(#6103),#69,.T.);
#6655=ADVANCED_FACE('',(#6104),#70,.T.);
#6656=ADVANCED_FACE('',(#6105),#71,.T.);
#6657=ADVANCED_FACE('',(#6106),#72,.T.);
#6658=ADVANCED_FACE('',(#6107),#73,.T.);
#6659=ADVANCED_FACE('',(#6108),#74,.T.);
#6660=ADVANCED_FACE('',(#6109),#75,.T.);
#6661=ADVANCED_FACE('',(#6110),#76,.T.);
#6662=ADVANCED_FACE('',(#6111),#77,.T.);
#6663=ADVANCED_FACE('',(#6112),#6404,.T.);
#6664=ADVANCED_FACE('',(#6113),#6405,.T.);
#6665=ADVANCED_FACE('',(#6114),#6406,.T.);
#6666=ADVANCED_FACE('',(#6115),#6407,.T.);
#6667=ADVANCED_FACE('',(#6116),#6408,.T.);
#6668=ADVANCED_FACE('',(#6117),#6409,.T.);
#6669=ADVANCED_FACE('',(#6118),#6410,.T.);
#6670=ADVANCED_FACE('',(#6119),#6411,.T.);
#6671=ADVANCED_FACE('',(#6120),#6412,.T.);
#6672=ADVANCED_FACE('',(#6121),#6413,.T.);
#6673=ADVANCED_FACE('',(#6122),#6414,.T.);
#6674=ADVANCED_FACE('',(#6123),#6415,.T.);
#6675=ADVANCED_FACE('',(#6124),#6416,.T.);
#6676=ADVANCED_FACE('',(#6125),#78,.T.);
#6677=ADVANCED_FACE('',(#6126),#199,.F.);
#6678=ADVANCED_FACE('',(#6127),#79,.T.);
#6679=ADVANCED_FACE('',(#6128),#200,.T.);
#6680=ADVANCED_FACE('',(#6129),#201,.T.);
#6681=ADVANCED_FACE('',(#6130),#80,.T.);
#6682=ADVANCED_FACE('',(#6131),#81,.T.);
#6683=ADVANCED_FACE('',(#6132),#6417,.T.);
#6684=ADVANCED_FACE('',(#6133),#6418,.T.);
#6685=ADVANCED_FACE('',(#6134),#6419,.T.);
#6686=ADVANCED_FACE('',(#6135),#6420,.T.);
#6687=ADVANCED_FACE('',(#6136),#6421,.T.);
#6688=ADVANCED_FACE('',(#6137),#82,.T.);
#6689=ADVANCED_FACE('',(#6138),#83,.T.);
#6690=ADVANCED_FACE('',(#6139),#84,.T.);
#6691=ADVANCED_FACE('',(#6140),#85,.T.);
#6692=ADVANCED_FACE('',(#6141),#86,.T.);
#6693=ADVANCED_FACE('',(#6142),#87,.T.);
#6694=ADVANCED_FACE('',(#6143),#88,.T.);
#6695=ADVANCED_FACE('',(#6144),#89,.T.);
#6696=ADVANCED_FACE('',(#6145),#90,.T.);
#6697=ADVANCED_FACE('',(#6146),#91,.T.);
#6698=ADVANCED_FACE('',(#6147),#92,.T.);
#6699=ADVANCED_FACE('',(#6148),#93,.T.);
#6700=ADVANCED_FACE('',(#6149),#94,.T.);
#6701=ADVANCED_FACE('',(#6150),#95,.T.);
#6702=ADVANCED_FACE('',(#6151),#96,.T.);
#6703=ADVANCED_FACE('',(#6152,#6153),#6422,.T.);
#6704=ADVANCED_FACE('',(#6154),#6423,.F.);
#6705=ADVANCED_FACE('',(#6155),#6424,.T.);
#6706=ADVANCED_FACE('',(#6156),#6425,.T.);
#6707=ADVANCED_FACE('',(#6157),#6426,.T.);
#6708=ADVANCED_FACE('',(#6158),#6427,.T.);
#6709=ADVANCED_FACE('',(#6159),#6428,.T.);
#6710=ADVANCED_FACE('',(#6160),#6429,.T.);
#6711=ADVANCED_FACE('',(#6161),#6430,.T.);
#6712=ADVANCED_FACE('',(#6162),#6431,.T.);
#6713=ADVANCED_FACE('',(#6163),#6432,.T.);
#6714=ADVANCED_FACE('',(#6164),#6433,.T.);
#6715=ADVANCED_FACE('',(#6165),#6434,.T.);
#6716=ADVANCED_FACE('',(#6166),#6435,.T.);
#6717=ADVANCED_FACE('',(#6167),#6436,.T.);
#6718=ADVANCED_FACE('',(#6168),#6437,.T.);
#6719=ADVANCED_FACE('',(#6169),#6438,.T.);
#6720=ADVANCED_FACE('',(#6170),#6439,.T.);
#6721=ADVANCED_FACE('',(#6171),#202,.F.);
#6722=ADVANCED_FACE('',(#6172),#97,.T.);
#6723=ADVANCED_FACE('',(#6173),#6440,.T.);
#6724=ADVANCED_FACE('',(#6174),#6441,.T.);
#6725=ADVANCED_FACE('',(#6175),#6442,.T.);
#6726=ADVANCED_FACE('',(#6176),#6443,.T.);
#6727=ADVANCED_FACE('',(#6177),#6444,.T.);
#6728=ADVANCED_FACE('',(#6178),#6445,.T.);
#6729=ADVANCED_FACE('',(#6179),#6446,.T.);
#6730=ADVANCED_FACE('',(#6180),#6447,.T.);
#6731=ADVANCED_FACE('',(#6181),#203,.F.);
#6732=ADVANCED_FACE('',(#6182),#204,.F.);
#6733=ADVANCED_FACE('',(#6183),#98,.T.);
#6734=ADVANCED_FACE('',(#6184),#99,.T.);
#6735=ADVANCED_FACE('',(#6185),#100,.T.);
#6736=ADVANCED_FACE('',(#6186),#101,.T.);
#6737=ADVANCED_FACE('',(#6187),#102,.T.);
#6738=ADVANCED_FACE('',(#6188),#103,.T.);
#6739=ADVANCED_FACE('',(#6189),#104,.T.);
#6740=ADVANCED_FACE('',(#6190),#105,.T.);
#6741=ADVANCED_FACE('',(#6191),#106,.T.);
#6742=ADVANCED_FACE('',(#6192),#107,.T.);
#6743=ADVANCED_FACE('',(#6193),#108,.T.);
#6744=ADVANCED_FACE('',(#6194),#109,.T.);
#6745=ADVANCED_FACE('',(#6195),#110,.T.);
#6746=ADVANCED_FACE('',(#6196),#111,.T.);
#6747=ADVANCED_FACE('',(#6197,#6198),#6448,.T.);
#6748=ADVANCED_FACE('',(#6199),#6449,.F.);
#6749=ADVANCED_FACE('',(#6200),#6450,.T.);
#6750=ADVANCED_FACE('',(#6201),#6451,.T.);
#6751=ADVANCED_FACE('',(#6202),#6452,.T.);
#6752=ADVANCED_FACE('',(#6203),#6453,.T.);
#6753=ADVANCED_FACE('',(#6204),#6454,.T.);
#6754=ADVANCED_FACE('',(#6205),#6455,.T.);
#6755=ADVANCED_FACE('',(#6206),#6456,.T.);
#6756=ADVANCED_FACE('',(#6207),#6457,.T.);
#6757=ADVANCED_FACE('',(#6208),#6458,.T.);
#6758=ADVANCED_FACE('',(#6209),#112,.T.);
#6759=ADVANCED_FACE('',(#6210),#113,.T.);
#6760=ADVANCED_FACE('',(#6211),#205,.F.);
#6761=ADVANCED_FACE('',(#6212),#206,.F.);
#6762=ADVANCED_FACE('',(#6213),#114,.T.);
#6763=ADVANCED_FACE('',(#6214),#115,.T.);
#6764=ADVANCED_FACE('',(#6215),#116,.T.);
#6765=ADVANCED_FACE('',(#6216),#117,.T.);
#6766=ADVANCED_FACE('',(#6217),#118,.T.);
#6767=ADVANCED_FACE('',(#6218),#119,.T.);
#6768=ADVANCED_FACE('',(#6219),#120,.T.);
#6769=ADVANCED_FACE('',(#6220),#121,.T.);
#6770=ADVANCED_FACE('',(#6221),#122,.T.);
#6771=ADVANCED_FACE('',(#6222),#123,.T.);
#6772=ADVANCED_FACE('',(#6223),#124,.T.);
#6773=ADVANCED_FACE('',(#6224),#125,.T.);
#6774=ADVANCED_FACE('',(#6225),#126,.T.);
#6775=ADVANCED_FACE('',(#6226),#127,.T.);
#6776=ADVANCED_FACE('',(#6227,#6228),#6459,.T.);
#6777=ADVANCED_FACE('',(#6229),#6460,.F.);
#6778=ADVANCED_FACE('',(#6230),#6461,.T.);
#6779=ADVANCED_FACE('',(#6231),#6462,.T.);
#6780=ADVANCED_FACE('',(#6232),#6463,.T.);
#6781=ADVANCED_FACE('',(#6233),#6464,.T.);
#6782=ADVANCED_FACE('',(#6234),#6465,.T.);
#6783=ADVANCED_FACE('',(#6235),#6466,.T.);
#6784=ADVANCED_FACE('',(#6236),#6467,.T.);
#6785=ADVANCED_FACE('',(#6237),#6468,.T.);
#6786=ADVANCED_FACE('',(#6238),#6469,.T.);
#6787=ADVANCED_FACE('',(#6239),#6470,.T.);
#6788=ADVANCED_FACE('',(#6240),#6471,.T.);
#6789=ADVANCED_FACE('',(#6241),#6472,.T.);
#6790=ADVANCED_FACE('',(#6242),#6473,.T.);
#6791=ADVANCED_FACE('',(#6243),#6474,.T.);
#6792=ADVANCED_FACE('',(#6244),#6475,.T.);
#6793=ADVANCED_FACE('',(#6245),#6476,.T.);
#6794=ADVANCED_FACE('',(#6246),#6477,.T.);
#6795=ADVANCED_FACE('',(#6247),#128,.T.);
#6796=ADVANCED_FACE('',(#6248),#129,.T.);
#6797=ADVANCED_FACE('',(#6249),#130,.T.);
#6798=ADVANCED_FACE('',(#6250),#131,.T.);
#6799=ADVANCED_FACE('',(#6251),#132,.T.);
#6800=ADVANCED_FACE('',(#6252),#133,.T.);
#6801=ADVANCED_FACE('',(#6253),#134,.T.);
#6802=ADVANCED_FACE('',(#6254),#135,.T.);
#6803=ADVANCED_FACE('',(#6255),#136,.T.);
#6804=ADVANCED_FACE('',(#6256),#137,.T.);
#6805=ADVANCED_FACE('',(#6257),#138,.T.);
#6806=ADVANCED_FACE('',(#6258),#139,.T.);
#6807=ADVANCED_FACE('',(#6259),#140,.T.);
#6808=ADVANCED_FACE('',(#6260),#141,.T.);
#6809=ADVANCED_FACE('',(#6261,#6262),#6478,.T.);
#6810=ADVANCED_FACE('',(#6263),#6479,.F.);
#6811=ADVANCED_FACE('',(#6264),#6480,.T.);
#6812=ADVANCED_FACE('',(#6265),#6481,.T.);
#6813=ADVANCED_FACE('',(#6266),#6482,.T.);
#6814=ADVANCED_FACE('',(#6267),#6483,.T.);
#6815=ADVANCED_FACE('',(#6268),#142,.T.);
#6816=ADVANCED_FACE('',(#6269),#143,.T.);
#6817=ADVANCED_FACE('',(#6270),#144,.T.);
#6818=ADVANCED_FACE('',(#6271),#145,.T.);
#6819=ADVANCED_FACE('',(#6272),#146,.T.);
#6820=ADVANCED_FACE('',(#6273),#147,.T.);
#6821=ADVANCED_FACE('',(#6274),#148,.T.);
#6822=ADVANCED_FACE('',(#6275),#149,.T.);
#6823=ADVANCED_FACE('',(#6276),#150,.T.);
#6824=ADVANCED_FACE('',(#6277),#151,.T.);
#6825=ADVANCED_FACE('',(#6278),#152,.T.);
#6826=ADVANCED_FACE('',(#6279),#153,.T.);
#6827=ADVANCED_FACE('',(#6280),#154,.T.);
#6828=ADVANCED_FACE('',(#6281),#155,.T.);
#6829=ADVANCED_FACE('',(#6282),#207,.F.);
#6830=ADVANCED_FACE('',(#6283,#6284),#6484,.T.);
#6831=ADVANCED_FACE('',(#6285),#6485,.F.);
#6832=ADVANCED_FACE('',(#6286),#6486,.T.);
#6833=ADVANCED_FACE('',(#6287),#6487,.T.);
#6834=ADVANCED_FACE('',(#6288),#6488,.T.);
#6835=ADVANCED_FACE('',(#6289),#6489,.T.);
#6836=ADVANCED_FACE('',(#6290),#6490,.T.);
#6837=ADVANCED_FACE('',(#6291),#6491,.T.);
#6838=ADVANCED_FACE('',(#6292),#6492,.T.);
#6839=ADVANCED_FACE('',(#6293),#6493,.T.);
#6840=ADVANCED_FACE('',(#6294),#6494,.T.);
#6841=ADVANCED_FACE('',(#6295),#6495,.T.);
#6842=ADVANCED_FACE('',(#6296),#6496,.T.);
#6843=ADVANCED_FACE('',(#6297),#6497,.T.);
#6844=ADVANCED_FACE('',(#6298),#6498,.T.);
#6845=ADVANCED_FACE('',(#6299),#156,.T.);
#6846=ADVANCED_FACE('',(#6300),#157,.T.);
#6847=ADVANCED_FACE('',(#6301),#158,.T.);
#6848=ADVANCED_FACE('',(#6302),#159,.T.);
#6849=ADVANCED_FACE('',(#6303),#160,.T.);
#6850=ADVANCED_FACE('',(#6304),#161,.T.);
#6851=ADVANCED_FACE('',(#6305),#208,.F.);
#6852=ADVANCED_FACE('',(#6306),#162,.T.);
#6853=ADVANCED_FACE('',(#6307),#163,.T.);
#6854=ADVANCED_FACE('',(#6308),#164,.T.);
#6855=ADVANCED_FACE('',(#6309),#165,.T.);
#6856=ADVANCED_FACE('',(#6310),#166,.T.);
#6857=ADVANCED_FACE('',(#6311),#167,.T.);
#6858=ADVANCED_FACE('',(#6312),#168,.T.);
#6859=ADVANCED_FACE('',(#6313),#169,.T.);
#6860=ADVANCED_FACE('',(#6314),#6499,.T.);
#6861=ADVANCED_FACE('',(#6315),#6500,.T.);
#6862=ADVANCED_FACE('',(#6316),#6501,.T.);
#6863=ADVANCED_FACE('',(#6317),#6502,.T.);
#6864=ADVANCED_FACE('',(#6318),#6503,.T.);
#6865=ADVANCED_FACE('',(#6319),#6504,.T.);
#6866=ADVANCED_FACE('',(#6320),#6505,.T.);
#6867=ADVANCED_FACE('',(#6321),#6506,.T.);
#6868=ADVANCED_FACE('',(#6322),#6507,.T.);
#6869=ADVANCED_FACE('',(#6323),#6508,.T.);
#6870=ADVANCED_FACE('',(#6324),#170,.T.);
#6871=ADVANCED_FACE('',(#6325),#171,.T.);
#6872=ADVANCED_FACE('',(#6326),#172,.T.);
#6873=ADVANCED_FACE('',(#6327),#173,.T.);
#6874=ADVANCED_FACE('',(#6328),#174,.T.);
#6875=ADVANCED_FACE('',(#6329),#175,.T.);
#6876=ADVANCED_FACE('',(#6330),#176,.T.);
#6877=ADVANCED_FACE('',(#6331),#177,.T.);
#6878=ADVANCED_FACE('',(#6332),#178,.T.);
#6879=ADVANCED_FACE('',(#6333),#6509,.T.);
#6880=ADVANCED_FACE('',(#6334),#6510,.T.);
#6881=ADVANCED_FACE('',(#6335),#6511,.T.);
#6882=ADVANCED_FACE('',(#6336),#6512,.T.);
#6883=ADVANCED_FACE('',(#6337),#6513,.T.);
#6884=ADVANCED_FACE('',(#6338),#6514,.T.);
#6885=ADVANCED_FACE('',(#6339),#6515,.T.);
#6886=ADVANCED_FACE('',(#6340),#6516,.T.);
#6887=ADVANCED_FACE('',(#6341),#6517,.T.);
#6888=ADVANCED_FACE('',(#6342),#6518,.T.);
#6889=ADVANCED_FACE('',(#6343),#6519,.T.);
#6890=ADVANCED_FACE('',(#6344),#6520,.T.);
#6891=ADVANCED_FACE('',(#6345),#209,.F.);
#6892=ADVANCED_FACE('',(#6346),#210,.F.);
#6893=ADVANCED_FACE('',(#6347,#6348),#6521,.T.);
#6894=ADVANCED_FACE('',(#6349),#6522,.F.);
#6895=CLOSED_SHELL('',(#6523,#6524,#6525,#6526,#6527,#6528,#6529,#6530,
#6531,#6532,#6533,#6534,#6535,#6536,#6537,#6538,#6539,#6540,#6541,#6542,
#6543,#6544,#6545,#6546,#6547,#6548,#6549,#6550,#6551,#6552,#6553,#6554,
#6555,#6556,#6557,#6558,#6559,#6560,#6561,#6562,#6563,#6564,#6565,#6566,
#6567,#6568,#6569,#6570,#6571,#6572,#6573,#6574,#6575,#6576,#6577,#6578,
#6579,#6580,#6581,#6582,#6583,#6584,#6585,#6586,#6587,#6588,#6589,#6590,
#6591,#6592,#6593,#6594,#6595,#6596,#6597,#6598,#6599,#6600,#6601,#6602,
#6603,#6604,#6605,#6606,#6607,#6608,#6609,#6610,#6611,#6612,#6613,#6614,
#6615,#6616,#6617,#6618,#6619,#6620,#6621,#6622,#6623,#6624,#6625,#6626,
#6627,#6628,#6629,#6630,#6631,#6632,#6633,#6634,#6635,#6636,#6637,#6638,
#6639,#6640,#6641,#6642,#6643,#6644,#6645,#6646,#6647,#6648,#6649,#6650,
#6651,#6652,#6653,#6654,#6655,#6656,#6657,#6658,#6659,#6660,#6661,#6662,
#6663,#6664,#6665,#6666,#6667,#6668,#6669,#6670,#6671,#6672,#6673,#6674,
#6675,#6676,#6677,#6678,#6679,#6680,#6681,#6682,#6683,#6684,#6685,#6686,
#6687,#6688,#6689,#6690,#6691,#6692,#6693,#6694,#6695,#6696,#6697,#6698,
#6699,#6700,#6701,#6702,#6703,#6704,#6705,#6706,#6707,#6708,#6709,#6710,
#6711,#6712,#6713,#6714,#6715,#6716,#6717,#6718,#6719,#6720,#6721,#6722,
#6723,#6724,#6725,#6726,#6727,#6728,#6729,#6730,#6731,#6732,#6733,#6734,
#6735,#6736,#6737,#6738,#6739,#6740,#6741,#6742,#6743,#6744,#6745,#6746,
#6747,#6748,#6749,#6750,#6751,#6752,#6753,#6754,#6755,#6756,#6757,#6758,
#6759,#6760,#6761,#6762,#6763,#6764,#6765,#6766,#6767,#6768,#6769,#6770,
#6771,#6772,#6773,#6774,#6775,#6776,#6777,#6778,#6779,#6780,#6781,#6782,
#6783,#6784,#6785,#6786,#6787,#6788,#6789,#6790,#6791,#6792,#6793,#6794,
#6795,#6796,#6797,#6798,#6799,#6800,#6801,#6802,#6803,#6804,#6805,#6806,
#6807,#6808,#6809,#6810,#6811,#6812,#6813,#6814,#6815,#6816,#6817,#6818,
#6819,#6820,#6821,#6822,#6823,#6824,#6825,#6826,#6827,#6828,#6829,#6830,
#6831,#6832,#6833,#6834,#6835,#6836,#6837,#6838,#6839,#6840,#6841,#6842,
#6843,#6844,#6845,#6846,#6847,#6848,#6849,#6850,#6851,#6852,#6853,#6854,
#6855,#6856,#6857,#6858,#6859,#6860,#6861,#6862,#6863,#6864,#6865,#6866,
#6867,#6868,#6869,#6870,#6871,#6872,#6873,#6874,#6875,#6876,#6877,#6878,
#6879,#6880,#6881,#6882,#6883,#6884,#6885,#6886,#6887,#6888,#6889,#6890,
#6891,#6892,#6893,#6894));
#6896=STYLED_ITEM('',(#6897),#6904);
#6897=PRESENTATION_STYLE_ASSIGNMENT((#6898));
#6898=SURFACE_STYLE_USAGE(.BOTH.,#6899);
#6899=SURFACE_SIDE_STYLE('',(#6900));
#6900=SURFACE_STYLE_FILL_AREA(#6901);
#6901=FILL_AREA_STYLE('',(#6902));
#6902=FILL_AREA_STYLE_COLOUR('',#6903);
#6903=COLOUR_RGB('',0.235294117647059,0.235294117647059,0.235294117647059);
#6904=MANIFOLD_SOLID_BREP('Door Handle',#6895);
#6905=SHAPE_DEFINITION_REPRESENTATION(#12238,#6906);
#6906=SHAPE_REPRESENTATION('Door Handle',(#6907),#12233);
#6907=AXIS2_PLACEMENT_3D('',#8407,#7200,#7201);
#6908=AXIS2_PLACEMENT_3D('',#8408,#7202,#7203);
#6909=AXIS2_PLACEMENT_3D('',#8486,#7224,#7225);
#6910=AXIS2_PLACEMENT_3D('',#8516,#7228,#7229);
#6911=AXIS2_PLACEMENT_3D('',#8611,#7247,#7248);
#6912=AXIS2_PLACEMENT_3D('',#8640,#7250,#7251);
#6913=AXIS2_PLACEMENT_3D('',#8653,#7258,#7259);
#6914=AXIS2_PLACEMENT_3D('',#8754,#7281,#7282);
#6915=AXIS2_PLACEMENT_3D('',#8756,#7283,#7284);
#6916=AXIS2_PLACEMENT_3D('',#8764,#7286,#7287);
#6917=AXIS2_PLACEMENT_3D('',#8840,#7307,#7308);
#6918=AXIS2_PLACEMENT_3D('',#8844,#7310,#7311);
#6919=AXIS2_PLACEMENT_3D('',#8876,#7315,#7316);
#6920=AXIS2_PLACEMENT_3D('',#8878,#7317,#7318);
#6921=AXIS2_PLACEMENT_3D('',#9096,#7339,#7340);
#6922=AXIS2_PLACEMENT_3D('',#9098,#7341,#7342);
#6923=AXIS2_PLACEMENT_3D('',#9157,#7352,#7353);
#6924=AXIS2_PLACEMENT_3D('',#9161,#7355,#7356);
#6925=AXIS2_PLACEMENT_3D('',#9162,#7357,#7358);
#6926=AXIS2_PLACEMENT_3D('',#9163,#7359,#7360);
#6927=AXIS2_PLACEMENT_3D('',#9164,#7361,#7362);
#6928=AXIS2_PLACEMENT_3D('',#9173,#7366,#7367);
#6929=AXIS2_PLACEMENT_3D('',#9212,#7381,#7382);
#6930=AXIS2_PLACEMENT_3D('',#9218,#7385,#7386);
#6931=AXIS2_PLACEMENT_3D('',#9222,#7388,#7389);
#6932=AXIS2_PLACEMENT_3D('',#9233,#7395,#7396);
#6933=AXIS2_PLACEMENT_3D('',#9234,#7397,#7398);
#6934=AXIS2_PLACEMENT_3D('',#9239,#7400,#7401);
#6935=AXIS2_PLACEMENT_3D('',#9243,#7403,#7404);
#6936=AXIS2_PLACEMENT_3D('',#9245,#7406,#7407);
#6937=AXIS2_PLACEMENT_3D('',#9246,#7408,#7409);
#6938=AXIS2_PLACEMENT_3D('',#9248,#7410,#7411);
#6939=AXIS2_PLACEMENT_3D('',#9250,#7412,#7413);
#6940=AXIS2_PLACEMENT_3D('',#9251,#7414,#7415);
#6941=AXIS2_PLACEMENT_3D('',#9253,#7416,#7417);
#6942=AXIS2_PLACEMENT_3D('',#9255,#7418,#7419);
#6943=AXIS2_PLACEMENT_3D('',#9261,#7423,#7424);
#6944=AXIS2_PLACEMENT_3D('',#9267,#7427,#7428);
#6945=AXIS2_PLACEMENT_3D('',#9271,#7430,#7431);
#6946=AXIS2_PLACEMENT_3D('',#9279,#7436,#7437);
#6947=AXIS2_PLACEMENT_3D('',#9288,#7442,#7443);
#6948=AXIS2_PLACEMENT_3D('',#9289,#7444,#7445);
#6949=AXIS2_PLACEMENT_3D('',#9291,#7446,#7447);
#6950=AXIS2_PLACEMENT_3D('',#9292,#7448,#7449);
#6951=AXIS2_PLACEMENT_3D('',#9294,#7450,#7451);
#6952=AXIS2_PLACEMENT_3D('',#9300,#7455,#7456);
#6953=AXIS2_PLACEMENT_3D('',#9304,#7459,#7460);
#6954=AXIS2_PLACEMENT_3D('',#9308,#7463,#7464);
#6955=AXIS2_PLACEMENT_3D('',#9312,#7467,#7468);
#6956=AXIS2_PLACEMENT_3D('',#9316,#7471,#7472);
#6957=AXIS2_PLACEMENT_3D('',#9318,#7474,#7475);
#6958=AXIS2_PLACEMENT_3D('',#9319,#7476,#7477);
#6959=AXIS2_PLACEMENT_3D('',#9325,#7481,#7482);
#6960=AXIS2_PLACEMENT_3D('',#9329,#7485,#7486);
#6961=AXIS2_PLACEMENT_3D('',#9333,#7489,#7490);
#6962=AXIS2_PLACEMENT_3D('',#9337,#7493,#7494);
#6963=AXIS2_PLACEMENT_3D('',#9341,#7497,#7498);
#6964=AXIS2_PLACEMENT_3D('',#9343,#7500,#7501);
#6965=AXIS2_PLACEMENT_3D('',#9344,#7502,#7503);
#6966=AXIS2_PLACEMENT_3D('',#9346,#7505,#7506);
#6967=AXIS2_PLACEMENT_3D('',#9347,#7507,#7508);
#6968=AXIS2_PLACEMENT_3D('',#9348,#7509,#7510);
#6969=AXIS2_PLACEMENT_3D('',#9349,#7511,#7512);
#6970=AXIS2_PLACEMENT_3D('',#9358,#7517,#7518);
#6971=AXIS2_PLACEMENT_3D('',#9386,#7522,#7523);
#6972=AXIS2_PLACEMENT_3D('',#9387,#7524,#7525);
#6973=AXIS2_PLACEMENT_3D('',#9389,#7526,#7527);
#6974=AXIS2_PLACEMENT_3D('',#9390,#7528,#7529);
#6975=AXIS2_PLACEMENT_3D('',#9391,#7530,#7531);
#6976=AXIS2_PLACEMENT_3D('',#9392,#7532,#7533);
#6977=AXIS2_PLACEMENT_3D('',#9393,#7534,#7535);
#6978=AXIS2_PLACEMENT_3D('',#9394,#7536,#7537);
#6979=AXIS2_PLACEMENT_3D('',#9396,#7538,#7539);
#6980=AXIS2_PLACEMENT_3D('',#9397,#7540,#7541);
#6981=AXIS2_PLACEMENT_3D('',#9398,#7542,#7543);
#6982=AXIS2_PLACEMENT_3D('',#9399,#7544,#7545);
#6983=AXIS2_PLACEMENT_3D('',#9400,#7546,#7547);
#6984=AXIS2_PLACEMENT_3D('',#9401,#7548,#7549);
#6985=AXIS2_PLACEMENT_3D('',#9402,#7550,#7551);
#6986=AXIS2_PLACEMENT_3D('',#9403,#7552,#7553);
#6987=AXIS2_PLACEMENT_3D('',#9404,#7554,#7555);
#6988=AXIS2_PLACEMENT_3D('',#9405,#7556,#7557);
#6989=AXIS2_PLACEMENT_3D('',#9406,#7558,#7559);
#6990=AXIS2_PLACEMENT_3D('',#9422,#7560,#7561);
#6991=AXIS2_PLACEMENT_3D('',#9435,#7562,#7563);
#6992=AXIS2_PLACEMENT_3D('',#9436,#7564,#7565);
#6993=AXIS2_PLACEMENT_3D('',#9437,#7566,#7567);
#6994=AXIS2_PLACEMENT_3D('',#9438,#7568,#7569);
#6995=AXIS2_PLACEMENT_3D('',#9439,#7570,#7571);
#6996=AXIS2_PLACEMENT_3D('',#9440,#7572,#7573);
#6997=AXIS2_PLACEMENT_3D('',#9441,#7574,#7575);
#6998=AXIS2_PLACEMENT_3D('',#9442,#7576,#7577);
#6999=AXIS2_PLACEMENT_3D('',#9443,#7578,#7579);
#7000=AXIS2_PLACEMENT_3D('',#9444,#7580,#7581);
#7001=AXIS2_PLACEMENT_3D('',#9445,#7582,#7583);
#7002=AXIS2_PLACEMENT_3D('',#9446,#7584,#7585);
#7003=AXIS2_PLACEMENT_3D('',#9447,#7586,#7587);
#7004=AXIS2_PLACEMENT_3D('',#9448,#7588,#7589);
#7005=AXIS2_PLACEMENT_3D('',#9449,#7590,#7591);
#7006=AXIS2_PLACEMENT_3D('',#9450,#7592,#7593);
#7007=AXIS2_PLACEMENT_3D('',#9451,#7594,#7595);
#7008=AXIS2_PLACEMENT_3D('',#9452,#7596,#7597);
#7009=AXIS2_PLACEMENT_3D('',#9453,#7598,#7599);
#7010=AXIS2_PLACEMENT_3D('',#9454,#7600,#7601);
#7011=AXIS2_PLACEMENT_3D('',#9455,#7602,#7603);
#7012=AXIS2_PLACEMENT_3D('',#9456,#7604,#7605);
#7013=AXIS2_PLACEMENT_3D('',#9457,#7606,#7607);
#7014=AXIS2_PLACEMENT_3D('',#9458,#7608,#7609);
#7015=AXIS2_PLACEMENT_3D('',#9459,#7610,#7611);
#7016=AXIS2_PLACEMENT_3D('',#9460,#7612,#7613);
#7017=AXIS2_PLACEMENT_3D('',#9461,#7614,#7615);
#7018=AXIS2_PLACEMENT_3D('',#9462,#7616,#7617);
#7019=AXIS2_PLACEMENT_3D('',#9463,#7618,#7619);
#7020=AXIS2_PLACEMENT_3D('',#9464,#7620,#7621);
#7021=AXIS2_PLACEMENT_3D('',#9465,#7622,#7623);
#7022=AXIS2_PLACEMENT_3D('',#9478,#7624,#7625);
#7023=AXIS2_PLACEMENT_3D('',#9494,#7626,#7627);
#7024=AXIS2_PLACEMENT_3D('',#9500,#7631,#7632);
#7025=AXIS2_PLACEMENT_3D('',#9714,#7652,#7653);
#7026=AXIS2_PLACEMENT_3D('',#9717,#7655,#7656);
#7027=AXIS2_PLACEMENT_3D('',#9718,#7657,#7658);
#7028=AXIS2_PLACEMENT_3D('',#9719,#7659,#7660);
#7029=AXIS2_PLACEMENT_3D('',#9783,#7665,#7666);
#7030=AXIS2_PLACEMENT_3D('',#9784,#7667,#7668);
#7031=AXIS2_PLACEMENT_3D('',#9790,#7672,#7673);
#7032=AXIS2_PLACEMENT_3D('',#9794,#7676,#7677);
#7033=AXIS2_PLACEMENT_3D('',#9798,#7680,#7681);
#7034=AXIS2_PLACEMENT_3D('',#9802,#7684,#7685);
#7035=AXIS2_PLACEMENT_3D('',#9806,#7688,#7689);
#7036=AXIS2_PLACEMENT_3D('',#9810,#7692,#7693);
#7037=AXIS2_PLACEMENT_3D('',#9816,#7697,#7698);
#7038=AXIS2_PLACEMENT_3D('',#9820,#7701,#7702);
#7039=AXIS2_PLACEMENT_3D('',#9924,#7711,#7712);
#7040=AXIS2_PLACEMENT_3D('',#9925,#7713,#7714);
#7041=AXIS2_PLACEMENT_3D('',#9931,#7718,#7719);
#7042=AXIS2_PLACEMENT_3D('',#9937,#7723,#7724);
#7043=AXIS2_PLACEMENT_3D('',#9941,#7727,#7728);
#7044=AXIS2_PLACEMENT_3D('',#10154,#7745,#7746);
#7045=AXIS2_PLACEMENT_3D('',#10155,#7747,#7748);
#7046=AXIS2_PLACEMENT_3D('',#10156,#7749,#7750);
#7047=AXIS2_PLACEMENT_3D('',#10162,#7754,#7755);
#7048=AXIS2_PLACEMENT_3D('',#10168,#7759,#7760);
#7049=AXIS2_PLACEMENT_3D('',#10172,#7763,#7764);
#7050=AXIS2_PLACEMENT_3D('',#10176,#7767,#7768);
#7051=AXIS2_PLACEMENT_3D('',#10180,#7771,#7772);
#7052=AXIS2_PLACEMENT_3D('',#10184,#7775,#7776);
#7053=AXIS2_PLACEMENT_3D('',#10190,#7780,#7781);
#7054=AXIS2_PLACEMENT_3D('',#10194,#7784,#7785);
#7055=AXIS2_PLACEMENT_3D('',#10309,#7794,#7795);
#7056=AXIS2_PLACEMENT_3D('',#10310,#7796,#7797);
#7057=AXIS2_PLACEMENT_3D('',#10316,#7801,#7802);
#7058=AXIS2_PLACEMENT_3D('',#10320,#7805,#7806);
#7059=AXIS2_PLACEMENT_3D('',#10324,#7809,#7810);
#7060=AXIS2_PLACEMENT_3D('',#10328,#7813,#7814);
#7061=AXIS2_PLACEMENT_3D('',#10332,#7817,#7818);
#7062=AXIS2_PLACEMENT_3D('',#10336,#7821,#7822);
#7063=AXIS2_PLACEMENT_3D('',#10340,#7825,#7826);
#7064=AXIS2_PLACEMENT_3D('',#10344,#7829,#7830);
#7065=AXIS2_PLACEMENT_3D('',#10348,#7833,#7834);
#7066=AXIS2_PLACEMENT_3D('',#10352,#7837,#7838);
#7067=AXIS2_PLACEMENT_3D('',#10356,#7841,#7842);
#7068=AXIS2_PLACEMENT_3D('',#10375,#7847,#7848);
#7069=AXIS2_PLACEMENT_3D('',#10378,#7850,#7851);
#7070=AXIS2_PLACEMENT_3D('',#10390,#7852,#7853);
#7071=AXIS2_PLACEMENT_3D('',#10393,#7855,#7856);
#7072=AXIS2_PLACEMENT_3D('',#10394,#7857,#7858);
#7073=AXIS2_PLACEMENT_3D('',#10397,#7860,#7861);
#7074=AXIS2_PLACEMENT_3D('',#10422,#7863,#7864);
#7075=AXIS2_PLACEMENT_3D('',#10423,#7865,#7866);
#7076=AXIS2_PLACEMENT_3D('',#10429,#7870,#7871);
#7077=AXIS2_PLACEMENT_3D('',#10435,#7875,#7876);
#7078=AXIS2_PLACEMENT_3D('',#10439,#7879,#7880);
#7079=AXIS2_PLACEMENT_3D('',#10652,#7897,#7898);
#7080=AXIS2_PLACEMENT_3D('',#10653,#7899,#7900);
#7081=AXIS2_PLACEMENT_3D('',#10654,#7901,#7902);
#7082=AXIS2_PLACEMENT_3D('',#10660,#7906,#7907);
#7083=AXIS2_PLACEMENT_3D('',#10666,#7911,#7912);
#7084=AXIS2_PLACEMENT_3D('',#10670,#7915,#7916);
#7085=AXIS2_PLACEMENT_3D('',#10674,#7919,#7920);
#7086=AXIS2_PLACEMENT_3D('',#10678,#7923,#7924);
#7087=AXIS2_PLACEMENT_3D('',#10682,#7927,#7928);
#7088=AXIS2_PLACEMENT_3D('',#10686,#7931,#7932);
#7089=AXIS2_PLACEMENT_3D('',#10690,#7935,#7936);
#7090=AXIS2_PLACEMENT_3D('',#10694,#7939,#7940);
#7091=AXIS2_PLACEMENT_3D('',#10698,#7943,#7944);
#7092=AXIS2_PLACEMENT_3D('',#10702,#7947,#7948);
#7093=AXIS2_PLACEMENT_3D('',#10706,#7951,#7952);
#7094=AXIS2_PLACEMENT_3D('',#10712,#7956,#7957);
#7095=AXIS2_PLACEMENT_3D('',#10716,#7960,#7961);
#7096=AXIS2_PLACEMENT_3D('',#10720,#7964,#7965);
#7097=AXIS2_PLACEMENT_3D('',#10722,#7967,#7968);
#7098=AXIS2_PLACEMENT_3D('',#10723,#7969,#7970);
#7099=AXIS2_PLACEMENT_3D('',#10735,#7971,#7972);
#7100=AXIS2_PLACEMENT_3D('',#10736,#7973,#7974);
#7101=AXIS2_PLACEMENT_3D('',#10742,#7978,#7979);
#7102=AXIS2_PLACEMENT_3D('',#10746,#7982,#7983);
#7103=AXIS2_PLACEMENT_3D('',#10750,#7986,#7987);
#7104=AXIS2_PLACEMENT_3D('',#10754,#7990,#7991);
#7105=AXIS2_PLACEMENT_3D('',#10758,#7994,#7995);
#7106=AXIS2_PLACEMENT_3D('',#10762,#7998,#7999);
#7107=AXIS2_PLACEMENT_3D('',#10768,#8003,#8004);
#7108=AXIS2_PLACEMENT_3D('',#10769,#8005,#8006);
#7109=AXIS2_PLACEMENT_3D('',#10770,#8007,#8008);
#7110=AXIS2_PLACEMENT_3D('',#10773,#8010,#8011);
#7111=AXIS2_PLACEMENT_3D('',#10986,#8025,#8026);
#7112=AXIS2_PLACEMENT_3D('',#10987,#8027,#8028);
#7113=AXIS2_PLACEMENT_3D('',#10988,#8029,#8030);
#7114=AXIS2_PLACEMENT_3D('',#10994,#8034,#8035);
#7115=AXIS2_PLACEMENT_3D('',#11000,#8039,#8040);
#7116=AXIS2_PLACEMENT_3D('',#11004,#8043,#8044);
#7117=AXIS2_PLACEMENT_3D('',#11010,#8048,#8049);
#7118=AXIS2_PLACEMENT_3D('',#11014,#8052,#8053);
#7119=AXIS2_PLACEMENT_3D('',#11018,#8056,#8057);
#7120=AXIS2_PLACEMENT_3D('',#11027,#8062,#8063);
#7121=AXIS2_PLACEMENT_3D('',#11033,#8067,#8068);
#7122=AXIS2_PLACEMENT_3D('',#11063,#8073,#8074);
#7123=AXIS2_PLACEMENT_3D('',#11066,#8076,#8077);
#7124=AXIS2_PLACEMENT_3D('',#11067,#8078,#8079);
#7125=AXIS2_PLACEMENT_3D('',#11068,#8080,#8081);
#7126=AXIS2_PLACEMENT_3D('',#11268,#8093,#8094);
#7127=AXIS2_PLACEMENT_3D('',#11269,#8095,#8096);
#7128=AXIS2_PLACEMENT_3D('',#11270,#8097,#8098);
#7129=AXIS2_PLACEMENT_3D('',#11276,#8102,#8103);
#7130=AXIS2_PLACEMENT_3D('',#11280,#8106,#8107);
#7131=AXIS2_PLACEMENT_3D('',#11284,#8110,#8111);
#7132=AXIS2_PLACEMENT_3D('',#11288,#8114,#8115);
#7133=AXIS2_PLACEMENT_3D('',#11292,#8118,#8119);
#7134=AXIS2_PLACEMENT_3D('',#11294,#8121,#8122);
#7135=AXIS2_PLACEMENT_3D('',#11295,#8123,#8124);
#7136=AXIS2_PLACEMENT_3D('',#11301,#8128,#8129);
#7137=AXIS2_PLACEMENT_3D('',#11305,#8132,#8133);
#7138=AXIS2_PLACEMENT_3D('',#11309,#8136,#8137);
#7139=AXIS2_PLACEMENT_3D('',#11313,#8140,#8141);
#7140=AXIS2_PLACEMENT_3D('',#11317,#8144,#8145);
#7141=AXIS2_PLACEMENT_3D('',#11321,#8148,#8149);
#7142=AXIS2_PLACEMENT_3D('',#11327,#8153,#8154);
#7143=AXIS2_PLACEMENT_3D('',#11331,#8157,#8158);
#7144=AXIS2_PLACEMENT_3D('',#11340,#8163,#8164);
#7145=AXIS2_PLACEMENT_3D('',#11551,#8178,#8179);
#7146=AXIS2_PLACEMENT_3D('',#11552,#8180,#8181);
#7147=AXIS2_PLACEMENT_3D('',#11553,#8182,#8183);
#7148=AXIS2_PLACEMENT_3D('',#11559,#8187,#8188);
#7149=AXIS2_PLACEMENT_3D('',#11565,#8192,#8193);
#7150=AXIS2_PLACEMENT_3D('',#11569,#8196,#8197);
#7151=AXIS2_PLACEMENT_3D('',#11771,#8214,#8215);
#7152=AXIS2_PLACEMENT_3D('',#11772,#8216,#8217);
#7153=AXIS2_PLACEMENT_3D('',#11773,#8218,#8219);
#7154=AXIS2_PLACEMENT_3D('',#11774,#8220,#8221);
#7155=AXIS2_PLACEMENT_3D('',#11775,#8222,#8223);
#7156=AXIS2_PLACEMENT_3D('',#11781,#8227,#8228);
#7157=AXIS2_PLACEMENT_3D('',#11787,#8232,#8233);
#7158=AXIS2_PLACEMENT_3D('',#11791,#8236,#8237);
#7159=AXIS2_PLACEMENT_3D('',#11795,#8240,#8241);
#7160=AXIS2_PLACEMENT_3D('',#11799,#8244,#8245);
#7161=AXIS2_PLACEMENT_3D('',#11803,#8248,#8249);
#7162=AXIS2_PLACEMENT_3D('',#11807,#8252,#8253);
#7163=AXIS2_PLACEMENT_3D('',#11813,#8257,#8258);
#7164=AXIS2_PLACEMENT_3D('',#11817,#8261,#8262);
#7165=AXIS2_PLACEMENT_3D('',#11821,#8265,#8266);
#7166=AXIS2_PLACEMENT_3D('',#11827,#8270,#8271);
#7167=AXIS2_PLACEMENT_3D('',#11831,#8274,#8275);
#7168=AXIS2_PLACEMENT_3D('',#11911,#8283,#8284);
#7169=AXIS2_PLACEMENT_3D('',#11912,#8285,#8286);
#7170=AXIS2_PLACEMENT_3D('',#12013,#8293,#8294);
#7171=AXIS2_PLACEMENT_3D('',#12014,#8295,#8296);
#7172=AXIS2_PLACEMENT_3D('',#12020,#8300,#8301);
#7173=AXIS2_PLACEMENT_3D('',#12026,#8305,#8306);
#7174=AXIS2_PLACEMENT_3D('',#12030,#8309,#8310);
#7175=AXIS2_PLACEMENT_3D('',#12034,#8313,#8314);
#7176=AXIS2_PLACEMENT_3D('',#12038,#8317,#8318);
#7177=AXIS2_PLACEMENT_3D('',#12042,#8321,#8322);
#7178=AXIS2_PLACEMENT_3D('',#12048,#8326,#8327);
#7179=AXIS2_PLACEMENT_3D('',#12052,#8330,#8331);
#7180=AXIS2_PLACEMENT_3D('',#12167,#8340,#8341);
#7181=AXIS2_PLACEMENT_3D('',#12168,#8342,#8343);
#7182=AXIS2_PLACEMENT_3D('',#12174,#8347,#8348);
#7183=AXIS2_PLACEMENT_3D('',#12178,#8351,#8352);
#7184=AXIS2_PLACEMENT_3D('',#12182,#8355,#8356);
#7185=AXIS2_PLACEMENT_3D('',#12186,#8359,#8360);
#7186=AXIS2_PLACEMENT_3D('',#12190,#8363,#8364);
#7187=AXIS2_PLACEMENT_3D('',#12194,#8367,#8368);
#7188=AXIS2_PLACEMENT_3D('',#12198,#8371,#8372);
#7189=AXIS2_PLACEMENT_3D('',#12207,#8377,#8378);
#7190=AXIS2_PLACEMENT_3D('',#12213,#8382,#8383);
#7191=AXIS2_PLACEMENT_3D('',#12219,#8387,#8388);
#7192=AXIS2_PLACEMENT_3D('',#12221,#8390,#8391);
#7193=AXIS2_PLACEMENT_3D('',#12222,#8392,#8393);
#7194=AXIS2_PLACEMENT_3D('',#12226,#8395,#8396);
#7195=AXIS2_PLACEMENT_3D('',#12227,#8397,#8398);
#7196=AXIS2_PLACEMENT_3D('',#12228,#8399,#8400);
#7197=AXIS2_PLACEMENT_3D('',#12229,#8401,#8402);
#7198=AXIS2_PLACEMENT_3D('',#12230,#8403,#8404);
#7199=AXIS2_PLACEMENT_3D('',#12231,#8405,#8406);
#7200=DIRECTION('',(0.,0.,1.));
#7201=DIRECTION('',(1.,0.,0.));
#7202=DIRECTION('',(0.,0.,1.));
#7203=DIRECTION('',(-1.,0.,0.));
#7204=DIRECTION('',(-0.930504769222233,-0.366279776202125,0.));
#7205=DIRECTION('',(-1.20210203867976E-16,-1.,0.));
#7206=DIRECTION('',(0.931125953544724,-0.364697763408865,0.));
#7207=DIRECTION('',(1.20210203867976E-16,1.,0.));
#7208=DIRECTION('',(-0.931148197414262,0.364640966502902,0.));
#7209=DIRECTION('',(1.20210203867976E-16,1.,0.));
#7210=DIRECTION('',(0.93266565465871,0.360741980673224,0.));
#7211=DIRECTION('',(1.20210203867976E-16,1.,0.));
#7212=DIRECTION('',(1.,-1.20210203867976E-16,0.));
#7213=DIRECTION('',(1.20210203867976E-16,1.,0.));
#7214=DIRECTION('',(-1.,1.20210203867976E-16,0.));
#7215=DIRECTION('',(1.,-1.20210203867976E-16,0.));
#7216=DIRECTION('',(1.20210203867976E-16,1.,0.));
#7217=DIRECTION('',(-1.,1.20210203867976E-16,0.));
#7218=DIRECTION('',(1.,-1.20210203867976E-16,0.));
#7219=DIRECTION('',(1.20210203867976E-16,1.,0.));
#7220=DIRECTION('',(-1.,1.20210203867976E-16,0.));
#7221=DIRECTION('',(-1.20210203867976E-16,-1.,0.));
#7222=DIRECTION('',(0.984336643247304,-0.176299100283099,0.));
#7223=DIRECTION('',(-1.20210203867976E-16,-1.,0.));
#7224=DIRECTION('',(0.,0.,-1.));
#7225=DIRECTION('',(-1.,0.,0.));
#7226=DIRECTION('',(-1.20210203867976E-16,-1.,0.));
#7227=DIRECTION('',(1.,-1.16530299667936E-16,0.));
#7228=DIRECTION('',(0.,0.,-1.));
#7229=DIRECTION('',(-1.,0.,0.));
#7230=DIRECTION('',(1.,-1.16530299667936E-16,0.));
#7231=DIRECTION('',(1.16530299667936E-16,1.,0.));
#7232=DIRECTION('',(-1.1898356913463E-16,-1.,0.));
#7233=DIRECTION('',(1.,-1.1898356913463E-16,0.));
#7234=DIRECTION('',(1.1898356913463E-16,1.,0.));
#7235=DIRECTION('',(-0.988888894104193,0.148656500420892,0.));
#7236=DIRECTION('',(1.1898356913463E-16,1.,0.));
#7237=DIRECTION('',(-1.1898356913463E-16,-1.,0.));
#7238=DIRECTION('',(-0.996056818377215,0.0887176113534369,0.));
#7239=DIRECTION('',(-0.998548302510375,0.0538636013802262,0.));
#7240=DIRECTION('',(-1.,1.1898356913463E-16,0.));
#7241=DIRECTION('',(1.,-1.20210203867976E-16,0.));
#7242=DIRECTION('',(-1.20210203867976E-16,-1.,0.));
#7243=DIRECTION('',(1.,-1.20210203867976E-16,0.));
#7244=DIRECTION('',(1.20210203867976E-16,1.,0.));
#7245=DIRECTION('',(-1.,1.20210203867976E-16,0.));
#7246=DIRECTION('',(-1.20210203867976E-16,-1.,0.));
#7247=DIRECTION('',(0.,0.,-1.));
#7248=DIRECTION('',(-1.,0.,0.));
#7249=DIRECTION('',(-1.20210203867976E-16,-1.,0.));
#7250=DIRECTION('',(0.,0.,-1.));
#7251=DIRECTION('',(-1.,0.,0.));
#7252=DIRECTION('',(1.20210203867976E-16,1.,0.));
#7253=DIRECTION('',(0.970786493373323,0.239944960947148,0.));
#7254=DIRECTION('',(1.20210203867976E-16,1.,0.));
#7255=DIRECTION('',(-1.,1.20210203867976E-16,0.));
#7256=DIRECTION('',(-1.20210203867976E-16,-1.,0.));
#7257=DIRECTION('',(1.,-1.20210203867976E-16,0.));
#7258=DIRECTION('',(0.,0.,-1.));
#7259=DIRECTION('',(-1.,0.,0.));
#7260=DIRECTION('',(1.22970132018007E-16,1.,0.));
#7261=DIRECTION('',(0.932755833182323,0.360508745614236,0.));
#7262=DIRECTION('',(1.22970132018007E-16,1.,0.));
#7263=DIRECTION('',(-0.93393866241466,0.357433315245117,0.));
#7264=DIRECTION('',(1.22970132018007E-16,1.,0.));
#7265=DIRECTION('',(1.,-1.22970132018007E-16,0.));
#7266=DIRECTION('',(1.22970132018007E-16,1.,0.));
#7267=DIRECTION('',(-1.,1.22970132018007E-16,0.));
#7268=DIRECTION('',(-1.22970132018007E-16,-1.,0.));
#7269=DIRECTION('',(0.933562487920826,-0.358414677639012,-5.55111512312578E-17));
#7270=DIRECTION('',(-1.22970132018007E-16,-1.,0.));
#7271=DIRECTION('',(-0.932565411220614,-0.361001044035785,0.));
#7272=DIRECTION('',(-1.22970132018007E-16,-1.,0.));
#7273=DIRECTION('',(1.,-1.22970132018007E-16,0.));
#7274=DIRECTION('',(1.22970132018007E-16,1.,0.));
#7275=DIRECTION('',(-1.,1.22970132018007E-16,0.));
#7276=DIRECTION('',(1.,-1.2266347333467E-16,0.));
#7277=DIRECTION('',(1.,-1.2266347333467E-16,0.));
#7278=DIRECTION('',(1.2266347333467E-16,1.,-2.46519032881566E-32));
#7279=DIRECTION('',(1.22970132018007E-16,1.,0.));
#7280=DIRECTION('',(1.,-1.22970132018007E-16,0.));
#7281=DIRECTION('',(0.,0.,-1.));
#7282=DIRECTION('',(-1.,0.,0.));
#7283=DIRECTION('',(0.,0.,-1.));
#7284=DIRECTION('',(-1.,0.,0.));
#7285=DIRECTION('',(1.,-1.22970132018007E-16,0.));
#7286=DIRECTION('',(0.,0.,-1.));
#7287=DIRECTION('',(-1.,0.,0.));
#7288=DIRECTION('',(-1.,1.22970132018007E-16,0.));
#7289=DIRECTION('',(1.22970132018007E-16,1.,0.));
#7290=DIRECTION('',(-1.,1.22970132018007E-16,0.));
#7291=DIRECTION('',(-0.402676138750715,-0.915342519104633,2.77555756156289E-17));
#7292=DIRECTION('',(-0.958294059553562,-0.28578400134429,0.));
#7293=DIRECTION('',(-1.22970132018007E-16,-1.,0.));
#7294=DIRECTION('',(1.,-1.22970132018007E-16,0.));
#7295=DIRECTION('',(-1.22970132018007E-16,-1.,0.));
#7296=DIRECTION('',(1.,-1.22970132018007E-16,0.));
#7297=DIRECTION('',(-1.,1.22050155967997E-16,0.));
#7298=DIRECTION('',(-1.22050155967997E-16,-1.,0.));
#7299=DIRECTION('',(1.,-1.22050155967997E-16,0.));
#7300=DIRECTION('',(-1.,1.22050155967997E-16,0.));
#7301=DIRECTION('',(-1.22050155967997E-16,-1.,0.));
#7302=DIRECTION('',(1.,-1.22050155967997E-16,0.));
#7303=DIRECTION('',(1.22050155967997E-16,1.,0.));
#7304=DIRECTION('',(-0.986911938069553,0.161260120599601,0.));
#7305=DIRECTION('',(1.22050155967997E-16,1.,0.));
#7306=DIRECTION('',(-1.,0.,0.));
#7307=DIRECTION('',(0.,0.,1.));
#7308=DIRECTION('',(1.,0.,0.));
#7309=DIRECTION('',(2.63792415773483E-16,1.,0.));
#7310=DIRECTION('',(0.,0.,1.));
#7311=DIRECTION('',(-1.,0.,0.));
#7312=DIRECTION('',(-1.,0.,0.));
#7313=DIRECTION('',(-1.31896207886742E-17,-1.,0.));
#7314=DIRECTION('',(-1.,1.2266347333467E-16,0.));
#7315=DIRECTION('',(0.,0.,-1.));
#7316=DIRECTION('',(-1.,0.,0.));
#7317=DIRECTION('',(0.,0.,-1.));
#7318=DIRECTION('',(-1.,0.,0.));
#7319=DIRECTION('',(0.915858221984451,0.401501827173277,0.));
#7320=DIRECTION('',(1.,-1.2358344938468E-16,0.));
#7321=DIRECTION('',(1.,-1.2358344938468E-16,0.));
#7322=DIRECTION('',(1.2358344938468E-16,1.,0.));
#7323=DIRECTION('',(1.,-1.23276790701343E-16,0.));
#7324=DIRECTION('',(1.23276790701343E-16,1.,0.));
#7325=DIRECTION('',(-1.,1.23276790701343E-16,0.));
#7326=DIRECTION('',(1.,-1.23276790701343E-16,0.));
#7327=DIRECTION('',(1.23276790701343E-16,1.,0.));
#7328=DIRECTION('',(-1.,1.23276790701343E-16,0.));
#7329=DIRECTION('',(-1.23276790701343E-16,-1.,0.));
#7330=DIRECTION('',(1.,-1.23276790701343E-16,0.));
#7331=DIRECTION('',(-1.23276790701343E-16,-1.,0.));
#7332=DIRECTION('',(1.,-1.20210203867976E-16,0.));
#7333=DIRECTION('',(1.20210203867976E-16,1.,0.));
#7334=DIRECTION('',(-0.978443288149809,0.206515694015226,-5.55111512312578E-17));
#7335=DIRECTION('',(1.20210203867976E-16,1.,0.));
#7336=DIRECTION('',(-0.0326847650539502,-0.99946571033396,0.));
#7337=DIRECTION('',(-1.,1.20210203867976E-16,0.));
#7338=DIRECTION('',(-0.927506804963739,0.373806269003018,0.));
#7339=DIRECTION('',(0.,0.,-1.));
#7340=DIRECTION('',(-1.,0.,0.));
#7341=DIRECTION('',(0.,0.,-1.));
#7342=DIRECTION('',(-1.,0.,0.));
#7343=DIRECTION('',(1.,-1.20210203867976E-16,0.));
#7344=DIRECTION('',(1.20210203867976E-16,1.,0.));
#7345=DIRECTION('',(-1.,1.20210203867976E-16,0.));
#7346=DIRECTION('',(1.,-1.20210203867976E-16,0.));
#7347=DIRECTION('',(1.20210203867976E-16,1.,0.));
#7348=DIRECTION('',(-1.,1.20210203867976E-16,0.));
#7349=DIRECTION('',(-1.20210203867976E-16,-1.,0.));
#7350=DIRECTION('',(1.,-1.20210203867976E-16,0.));
#7351=DIRECTION('',(-1.20210203867976E-16,-1.,0.));
#7352=DIRECTION('',(-1.31896207886742E-17,-1.,1.31896207886742E-17));
#7353=DIRECTION('',(-0.707106781186548,1.86529406019011E-17,0.707106781186548));
#7354=DIRECTION('',(-1.31896207886742E-17,-1.,3.08148791101958E-33));
#7355=DIRECTION('',(-1.31896207886742E-17,-1.,1.31896207886742E-17));
#7356=DIRECTION('',(-0.707106781186548,1.86529406019011E-17,0.707106781186548));
#7357=DIRECTION('',(-1.31896207886742E-17,-1.,1.31896207886742E-17));
#7358=DIRECTION('',(-0.707106781186548,1.86529406019011E-17,0.707106781186548));
#7359=DIRECTION('',(-0.707106781186548,0.,-0.707106781186548));
#7360=DIRECTION('',(0.707106781186548,0.,-0.707106781186548));
#7361=DIRECTION('',(-0.707106781186548,0.,-0.707106781186548));
#7362=DIRECTION('',(0.707106781186548,0.,-0.707106781186548));
#7363=DIRECTION('',(-0.707106781186548,0.,0.707106781186548));
#7364=DIRECTION('',(0.,-1.,0.));
#7365=DIRECTION('',(-0.707106781186548,0.,0.707106781186548));
#7366=DIRECTION('',(-0.707106781186548,0.,-0.707106781186548));
#7367=DIRECTION('',(0.707106781186548,0.,-0.707106781186548));
#7368=DIRECTION('',(1.31896207886742E-16,1.,-1.31896207886742E-16));
#7369=DIRECTION('',(-0.353553390593274,-0.866025403784439,0.353553390593274));
#7370=DIRECTION('',(0.353553390593275,-0.866025403784438,-0.353553390593274));
#7371=DIRECTION('',(0.707106781186548,0.,-0.707106781186548));
#7372=DIRECTION('',(0.353553390593274,0.866025403784439,-0.353553390593274));
#7373=DIRECTION('',(-0.353553390593274,0.866025403784439,0.353553390593274));
#7374=DIRECTION('',(-0.707106781186548,0.,0.707106781186548));
#7375=DIRECTION('',(0.353553390593274,0.866025403784439,-0.353553390593274));
#7376=DIRECTION('',(-0.353553390593274,0.866025403784439,0.353553390593274));
#7377=DIRECTION('',(-0.707106781186548,0.,0.707106781186548));
#7378=DIRECTION('',(-0.353553390593274,-0.866025403784439,0.353553390593274));
#7379=DIRECTION('',(0.353553390593274,-0.866025403784439,-0.353553390593274));
#7380=DIRECTION('',(0.707106781186548,0.,-0.707106781186548));
#7381=DIRECTION('',(0.,1.,0.));
#7382=DIRECTION('',(0.707106781186548,0.,0.707106781186548));
#7383=DIRECTION('',(0.707106781186548,0.,0.707106781186548));
#7384=DIRECTION('',(-1.,0.,0.));
#7385=DIRECTION('',(0.,1.,0.));
#7386=DIRECTION('',(0.707106781186548,0.,0.707106781186548));
#7387=DIRECTION('',(0.707106781186548,0.,0.707106781186548));
#7388=DIRECTION('',(0.,1.,0.));
#7389=DIRECTION('',(0.707106781186548,0.,0.707106781186548));
#7390=DIRECTION('',(-0.707106781186548,0.,0.707106781186548));
#7391=DIRECTION('',(0.707106781186548,0.,0.707106781186548));
#7392=DIRECTION('',(-0.707106781186548,0.,0.707106781186548));
#7393=DIRECTION('',(0.707106781186547,0.,0.707106781186548));
#7394=DIRECTION('',(-0.707106781186548,0.,0.707106781186548));
#7395=DIRECTION('',(-0.707106781186548,0.,-0.707106781186548));
#7396=DIRECTION('',(0.707106781186548,0.,-0.707106781186548));
#7397=DIRECTION('',(-0.707106781186548,0.,-0.707106781186548));
#7398=DIRECTION('',(0.707106781186548,0.,-0.707106781186548));
#7399=DIRECTION('',(-0.707106781186548,0.,0.707106781186548));
#7400=DIRECTION('',(-0.707106781186548,0.,-0.707106781186548));
#7401=DIRECTION('',(0.707106781186548,0.,-0.707106781186548));
#7402=DIRECTION('',(1.31896207886742E-16,1.,-1.31896207886742E-16));
#7403=DIRECTION('',(-0.707106781186548,0.,-0.707106781186548));
#7404=DIRECTION('',(0.707106781186548,0.,-0.707106781186548));
#7405=DIRECTION('',(8.57325351263822E-17,1.,-8.57325351263822E-17));
#7406=DIRECTION('',(0.707106781186548,0.,0.707106781186548));
#7407=DIRECTION('',(-0.707106781186548,0.,0.707106781186548));
#7408=DIRECTION('',(-0.707106781186548,0.,-0.707106781186548));
#7409=DIRECTION('',(0.707106781186548,0.,-0.707106781186548));
#7410=DIRECTION('',(-0.707106781186548,0.,-0.707106781186548));
#7411=DIRECTION('',(0.707106781186548,0.,-0.707106781186548));
#7412=DIRECTION('',(0.707106781186548,0.,0.707106781186548));
#7413=DIRECTION('',(-0.707106781186548,0.,0.707106781186548));
#7414=DIRECTION('',(-0.707106781186548,0.,-0.707106781186548));
#7415=DIRECTION('',(0.707106781186548,0.,-0.707106781186548));
#7416=DIRECTION('',(-0.707106781186548,0.,-0.707106781186548));
#7417=DIRECTION('',(0.707106781186548,0.,-0.707106781186548));
#7418=DIRECTION('',(0.707106781186548,-1.86529406019011E-16,-0.707106781186548));
#7419=DIRECTION('',(-1.31896207886742E-16,-1.,1.31896207886742E-16));
#7420=DIRECTION('',(0.707106781186548,0.,0.707106781186548));
#7421=DIRECTION('',(2.63792415773483E-16,1.,0.));
#7422=DIRECTION('',(0.707106781186548,0.,0.707106781186548));
#7423=DIRECTION('',(0.,1.,0.));
#7424=DIRECTION('',(0.707106781186548,0.,0.707106781186548));
#7425=DIRECTION('',(0.707106781186548,0.,0.707106781186548));
#7426=DIRECTION('',(-0.707106781186548,0.,0.707106781186548));
#7427=DIRECTION('',(0.,1.,0.));
#7428=DIRECTION('',(0.707106781186548,0.,0.707106781186548));
#7429=DIRECTION('',(0.707106781186548,0.,0.707106781186548));
#7430=DIRECTION('',(0.,1.,0.));
#7431=DIRECTION('',(0.707106781186548,0.,0.707106781186548));
#7432=DIRECTION('',(-1.,0.,0.));
#7433=DIRECTION('',(0.707106781186548,0.,0.707106781186548));
#7434=DIRECTION('',(0.707106781186547,0.,0.707106781186548));
#7435=DIRECTION('',(-0.707106781186548,0.,0.707106781186548));
#7436=DIRECTION('',(0.707106781186548,-1.86529406019011E-16,-0.707106781186548));
#7437=DIRECTION('',(-1.31896207886742E-16,-1.,1.31896207886742E-16));
#7438=DIRECTION('',(0.707106781186548,0.,0.707106781186548));
#7439=DIRECTION('',(1.31896207886742E-16,1.,-1.31896207886742E-16));
#7440=DIRECTION('',(0.707106781186548,0.,0.707106781186548));
#7441=DIRECTION('',(1.31896207886742E-16,1.,-1.31896207886742E-16));
#7442=DIRECTION('',(0.707106781186548,0.,0.707106781186548));
#7443=DIRECTION('',(-0.707106781186548,0.,0.707106781186548));
#7444=DIRECTION('',(-0.707106781186548,0.,-0.707106781186548));
#7445=DIRECTION('',(0.707106781186548,0.,-0.707106781186548));
#7446=DIRECTION('',(-0.707106781186548,0.,-0.707106781186548));
#7447=DIRECTION('',(0.707106781186548,0.,-0.707106781186548));
#7448=DIRECTION('',(-0.707106781186548,0.,-0.707106781186548));
#7449=DIRECTION('',(0.707106781186548,0.,-0.707106781186548));
#7450=DIRECTION('',(0.612372435695795,-0.5,-0.612372435695795));
#7451=DIRECTION('',(-0.353553390593274,-0.866025403784439,0.353553390593274));
#7452=DIRECTION('',(-0.707106781186548,0.,-0.707106781186548));
#7453=DIRECTION('',(-0.353553390593274,-0.866025403784439,0.353553390593274));
#7454=DIRECTION('',(-0.707106781186548,0.,-0.707106781186548));
#7455=DIRECTION('',(0.,-1.,0.));
#7456=DIRECTION('',(-0.707106781186548,0.,-0.707106781186548));
#7457=DIRECTION('',(-0.707106781186548,0.,-0.707106781186548));
#7458=DIRECTION('',(-0.707106781186548,0.,0.707106781186548));
#7459=DIRECTION('',(-0.612372435695795,-0.5,0.612372435695794));
#7460=DIRECTION('',(-0.353553390593274,0.866025403784439,0.353553390593274));
#7461=DIRECTION('',(-0.707106781186548,0.,-0.707106781186548));
#7462=DIRECTION('',(-0.353553390593274,0.866025403784439,0.353553390593274));
#7463=DIRECTION('',(-0.612372435695795,0.5,0.612372435695794));
#7464=DIRECTION('',(0.353553390593274,0.866025403784439,-0.353553390593274));
#7465=DIRECTION('',(-0.707106781186548,0.,-0.707106781186548));
#7466=DIRECTION('',(0.353553390593274,0.866025403784439,-0.353553390593274));
#7467=DIRECTION('',(0.,1.,0.));
#7468=DIRECTION('',(0.707106781186548,0.,0.707106781186548));
#7469=DIRECTION('',(-0.707106781186548,0.,-0.707106781186548));
#7470=DIRECTION('',(0.707106781186548,0.,-0.707106781186548));
#7471=DIRECTION('',(0.612372435695794,0.5,-0.612372435695794));
#7472=DIRECTION('',(0.353553390593275,-0.866025403784438,-0.353553390593274));
#7473=DIRECTION('',(0.353553390593275,-0.866025403784438,-0.353553390593274));
#7474=DIRECTION('',(-0.707106781186548,0.,-0.707106781186548));
#7475=DIRECTION('',(0.707106781186548,0.,-0.707106781186548));
#7476=DIRECTION('',(-0.612372435695795,0.5,0.612372435695795));
#7477=DIRECTION('',(0.353553390593274,0.866025403784439,-0.353553390593274));
#7478=DIRECTION('',(-0.707106781186548,0.,-0.707106781186548));
#7479=DIRECTION('',(0.353553390593274,0.866025403784439,-0.353553390593274));
#7480=DIRECTION('',(-0.707106781186548,0.,-0.707106781186548));
#7481=DIRECTION('',(0.,1.,0.));
#7482=DIRECTION('',(0.707106781186548,0.,0.707106781186548));
#7483=DIRECTION('',(-0.707106781186548,0.,-0.707106781186548));
#7484=DIRECTION('',(0.707106781186548,0.,-0.707106781186548));
#7485=DIRECTION('',(0.612372435695795,0.5,-0.612372435695795));
#7486=DIRECTION('',(0.353553390593274,-0.866025403784439,-0.353553390593274));
#7487=DIRECTION('',(-0.707106781186548,0.,-0.707106781186548));
#7488=DIRECTION('',(0.353553390593274,-0.866025403784439,-0.353553390593274));
#7489=DIRECTION('',(0.612372435695795,-0.5,-0.612372435695795));
#7490=DIRECTION('',(-0.353553390593274,-0.866025403784439,0.353553390593274));
#7491=DIRECTION('',(-0.707106781186548,0.,-0.707106781186548));
#7492=DIRECTION('',(-0.353553390593274,-0.866025403784439,0.353553390593274));
#7493=DIRECTION('',(0.,-1.,0.));
#7494=DIRECTION('',(-0.707106781186548,0.,-0.707106781186548));
#7495=DIRECTION('',(-0.707106781186548,0.,-0.707106781186548));
#7496=DIRECTION('',(-0.707106781186548,0.,0.707106781186548));
#7497=DIRECTION('',(-0.612372435695794,-0.5,0.612372435695794));
#7498=DIRECTION('',(-0.353553390593274,0.866025403784438,0.353553390593274));
#7499=DIRECTION('',(-0.353553390593274,0.866025403784439,0.353553390593274));
#7500=DIRECTION('',(-0.707106781186548,0.,-0.707106781186548));
#7501=DIRECTION('',(0.707106781186548,0.,-0.707106781186548));
#7502=DIRECTION('',(0.707106781186548,-1.21244113912357E-16,-0.707106781186547));
#7503=DIRECTION('',(-8.57325351263822E-17,-1.,8.57325351263822E-17));
#7504=DIRECTION('',(8.57325351263822E-17,1.,-8.57325351263822E-17));
#7505=DIRECTION('',(-0.707106781186548,0.,-0.707106781186548));
#7506=DIRECTION('',(0.707106781186548,0.,-0.707106781186548));
#7507=DIRECTION('',(-0.707106781186548,0.,-0.707106781186548));
#7508=DIRECTION('',(0.707106781186548,0.,-0.707106781186548));
#7509=DIRECTION('',(-0.707106781186548,0.,-0.707106781186548));
#7510=DIRECTION('',(0.707106781186548,0.,-0.707106781186548));
#7511=DIRECTION('',(0.707106781186548,0.,-0.707106781186548));
#7512=DIRECTION('',(0.707106781186548,0.,0.707106781186548));
#7513=DIRECTION('',(0.,-1.,0.));
#7514=DIRECTION('',(0.707106781186548,0.,0.707106781186548));
#7515=DIRECTION('',(0.,-1.,0.));
#7516=DIRECTION('',(0.707106781186548,0.,0.707106781186548));
#7517=DIRECTION('',(-2.22044604925032E-16,0.,-1.));
#7518=DIRECTION('',(1.,0.,-2.22044604925032E-16));
#7519=DIRECTION('',(0.,-1.,0.));
#7520=DIRECTION('',(1.,0.,-2.22044604925032E-16));
#7521=DIRECTION('',(1.,0.,-2.22044604925032E-16));
#7522=DIRECTION('',(0.707106781186548,0.,0.707106781186548));
#7523=DIRECTION('',(-0.707106781186548,0.,0.707106781186548));
#7524=DIRECTION('',(0.670820393249937,0.316227766016837,0.670820393249937));
#7525=DIRECTION('',(0.223606797749979,-0.948683298050514,0.223606797749979));
#7526=DIRECTION('',(-0.447213595499958,0.,-0.894427190999916));
#7527=DIRECTION('',(0.894427190999916,0.,-0.447213595499958));
#7528=DIRECTION('',(-2.63792415773483E-16,-1.,0.));
#7529=DIRECTION('',(-0.707106781186548,1.86529406019011E-16,0.707106781186548));
#7530=DIRECTION('',(0.223606797749979,-0.948683298050514,0.223606797749979));
#7531=DIRECTION('',(-0.670820393249937,-0.316227766016838,-0.670820393249937));
#7532=DIRECTION('',(0.223606797749979,0.948683298050514,0.223606797749979));
#7533=DIRECTION('',(0.670820393249937,-0.316227766016838,0.670820393249937));
#7534=DIRECTION('',(-0.707106781186548,0.,-0.707106781186548));
#7535=DIRECTION('',(0.707106781186548,0.,-0.707106781186548));
#7536=DIRECTION('',(-0.447213595499958,0.,-0.894427190999916));
#7537=DIRECTION('',(-0.894427190999916,0.,0.447213595499958));
#7538=DIRECTION('',(0.670820393249937,-0.316227766016837,0.670820393249937));
#7539=DIRECTION('',(-0.223606797749979,-0.948683298050514,-0.223606797749979));
#7540=DIRECTION('',(0.707106781186548,0.,0.707106781186548));
#7541=DIRECTION('',(-0.707106781186548,0.,0.707106781186548));
#7542=DIRECTION('',(-0.707106781186548,0.,-0.707106781186548));
#7543=DIRECTION('',(0.707106781186548,0.,-0.707106781186548));
#7544=DIRECTION('',(-0.707106781186548,0.,-0.707106781186548));
#7545=DIRECTION('',(0.707106781186548,0.,-0.707106781186548));
#7546=DIRECTION('',(-0.707106781186548,0.,-0.707106781186548));
#7547=DIRECTION('',(0.707106781186548,0.,-0.707106781186548));
#7548=DIRECTION('',(0.,-1.,0.));
#7549=DIRECTION('',(-0.707106781186548,0.,-0.707106781186548));
#7550=DIRECTION('',(0.,1.,0.));
#7551=DIRECTION('',(0.707106781186548,0.,0.707106781186548));
#7552=DIRECTION('',(0.,1.,0.));
#7553=DIRECTION('',(0.707106781186548,0.,0.707106781186548));
#7554=DIRECTION('',(0.,1.,0.));
#7555=DIRECTION('',(0.707106781186548,0.,0.707106781186548));
#7556=DIRECTION('',(0.,1.,0.));
#7557=DIRECTION('',(0.707106781186548,0.,0.707106781186548));
#7558=DIRECTION('',(0.,1.,0.));
#7559=DIRECTION('',(0.707106781186548,0.,0.707106781186548));
#7560=DIRECTION('',(-0.816496580927726,0.577350269189625,-5.55111512312578E-17));
#7561=DIRECTION('',(1.11022302462516E-16,0.,-1.));
#7562=DIRECTION('',(-1.,0.,-1.11022302462516E-16));
#7563=DIRECTION('',(1.11022302462516E-16,0.,-1.));
#7564=DIRECTION('',(0.,1.,0.));
#7565=DIRECTION('',(0.707106781186548,0.,0.707106781186548));
#7566=DIRECTION('',(1.,6.1331736667335E-16,-1.27675647831893E-15));
#7567=DIRECTION('',(1.27675647831893E-15,0.,1.));
#7568=DIRECTION('',(1.,0.,0.));
#7569=DIRECTION('',(0.,0.,1.));
#7570=DIRECTION('',(1.,0.,-8.32667268468867E-16));
#7571=DIRECTION('',(8.32667268468867E-16,0.,1.));
#7572=DIRECTION('',(0.,1.,0.));
#7573=DIRECTION('',(0.707106781186548,0.,0.707106781186548));
#7574=DIRECTION('',(0.707106781186548,0.,0.707106781186548));
#7575=DIRECTION('',(-0.707106781186548,0.,0.707106781186548));
#7576=DIRECTION('',(-0.707106781186548,0.,-0.707106781186548));
#7577=DIRECTION('',(0.707106781186548,0.,-0.707106781186548));
#7578=DIRECTION('',(0.707106781186548,0.,0.707106781186548));
#7579=DIRECTION('',(-0.707106781186548,0.,0.707106781186548));
#7580=DIRECTION('',(0.,1.,0.));
#7581=DIRECTION('',(0.707106781186548,0.,0.707106781186548));
#7582=DIRECTION('',(-0.707106781186548,0.,0.707106781186548));
#7583=DIRECTION('',(-0.707106781186548,0.,-0.707106781186548));
#7584=DIRECTION('',(-0.707106781186548,0.,0.707106781186548));
#7585=DIRECTION('',(-0.707106781186548,0.,-0.707106781186548));
#7586=DIRECTION('',(-0.707106781186548,0.,0.707106781186548));
#7587=DIRECTION('',(-0.707106781186548,0.,-0.707106781186548));
#7588=DIRECTION('',(-0.707106781186548,0.,-0.707106781186548));
#7589=DIRECTION('',(0.707106781186548,0.,-0.707106781186548));
#7590=DIRECTION('',(0.,-1.,0.));
#7591=DIRECTION('',(-0.707106781186548,0.,-0.707106781186548));
#7592=DIRECTION('',(-1.31896207886742E-16,-1.,1.31896207886742E-16));
#7593=DIRECTION('',(-0.707106781186548,1.86529406019011E-16,0.707106781186548));
#7594=DIRECTION('',(0.,-1.,0.));
#7595=DIRECTION('',(-0.707106781186548,0.,-0.707106781186548));
#7596=DIRECTION('',(-0.707106781186548,0.,-0.707106781186548));
#7597=DIRECTION('',(0.707106781186548,0.,-0.707106781186548));
#7598=DIRECTION('',(0.707106781186548,0.,-0.707106781186548));
#7599=DIRECTION('',(0.707106781186548,0.,0.707106781186548));
#7600=DIRECTION('',(0.707106781186548,0.,-0.707106781186548));
#7601=DIRECTION('',(0.707106781186548,0.,0.707106781186548));
#7602=DIRECTION('',(0.707106781186548,0.,-0.707106781186548));
#7603=DIRECTION('',(0.707106781186548,0.,0.707106781186548));
#7604=DIRECTION('',(0.,1.,0.));
#7605=DIRECTION('',(0.707106781186548,0.,0.707106781186548));
#7606=DIRECTION('',(-0.707106781186548,0.,-0.707106781186548));
#7607=DIRECTION('',(0.707106781186548,0.,-0.707106781186548));
#7608=DIRECTION('',(0.707106781186548,0.,0.707106781186548));
#7609=DIRECTION('',(-0.707106781186548,0.,0.707106781186548));
#7610=DIRECTION('',(-0.707106781186548,0.,-0.707106781186548));
#7611=DIRECTION('',(0.707106781186548,0.,-0.707106781186548));
#7612=DIRECTION('',(0.,1.,0.));
#7613=DIRECTION('',(0.707106781186548,0.,0.707106781186548));
#7614=DIRECTION('',(-1.,0.,5.55111512312578E-16));
#7615=DIRECTION('',(-5.55111512312578E-16,0.,-1.));
#7616=DIRECTION('',(0.,1.,0.));
#7617=DIRECTION('',(0.707106781186548,0.,0.707106781186548));
#7618=DIRECTION('',(1.,0.,-1.27675647831893E-15));
#7619=DIRECTION('',(1.27675647831893E-15,0.,1.));
#7620=DIRECTION('',(1.,0.,-2.22044604925032E-16));
#7621=DIRECTION('',(2.22044604925032E-16,0.,1.));
#7622=DIRECTION('',(1.,0.,1.11022302462516E-16));
#7623=DIRECTION('',(-1.11022302462516E-16,0.,1.));
#7624=DIRECTION('',(0.816496580927729,0.577350269189621,5.55111512312578E-17));
#7625=DIRECTION('',(-1.11022302462516E-16,0.,1.));
#7626=DIRECTION('',(0.401501827173278,-0.915858221984451,-2.77555756156289E-17));
#7627=DIRECTION('',(-0.91585822198445,-0.401501827173277,0.));
#7628=DIRECTION('',(0.,0.,-1.));
#7629=DIRECTION('',(-0.91585822198445,-0.401501827173277,0.));
#7630=DIRECTION('',(0.,0.,-1.));
#7631=DIRECTION('',(1.2266347333467E-16,1.,0.));
#7632=DIRECTION('',(1.,-1.2266347333467E-16,0.));
#7633=DIRECTION('',(0.,0.,-1.));
#7634=DIRECTION('',(1.,-1.2266347333467E-16,0.));
#7635=DIRECTION('',(0.,0.,-1.));
#7636=DIRECTION('',(0.,0.,-1.));
#7637=DIRECTION('',(0.,0.,-1.));
#7638=DIRECTION('',(0.,0.,-1.));
#7639=DIRECTION('',(0.,0.,-1.));
#7640=DIRECTION('',(0.,0.,-1.));
#7641=DIRECTION('',(0.,0.,-1.));
#7642=DIRECTION('',(0.,0.,-1.));
#7643=DIRECTION('',(0.,0.,-1.));
#7644=DIRECTION('',(0.,0.,-1.));
#7645=DIRECTION('',(0.,0.,-1.));
#7646=DIRECTION('',(0.,0.,-1.));
#7647=DIRECTION('',(0.,0.,-1.));
#7648=DIRECTION('',(0.,0.,-1.));
#7649=DIRECTION('',(0.,0.,-1.));
#7650=DIRECTION('',(0.,0.,-1.));
#7651=DIRECTION('',(0.,0.,-1.));
#7652=DIRECTION('',(0.,0.,-1.));
#7653=DIRECTION('',(-0.991793373622072,-0.127851101048639,2.24697969229928E-31));
#7654=DIRECTION('',(0.,0.,-1.));
#7655=DIRECTION('',(0.,0.,-1.));
#7656=DIRECTION('',(-1.,0.,0.));
#7657=DIRECTION('',(0.,0.,-1.));
#7658=DIRECTION('',(-0.937194389824152,-0.348807505197544,3.90369649434551E-31));
#7659=DIRECTION('',(0.,0.,-1.));
#7660=DIRECTION('',(-1.,0.,0.));
#7661=DIRECTION('',(0.,0.,-1.));
#7662=DIRECTION('',(0.,0.,-1.));
#7663=DIRECTION('',(0.,0.,-1.));
#7664=DIRECTION('',(0.,0.,-1.));
#7665=DIRECTION('',(0.,0.,-1.));
#7666=DIRECTION('',(1.2266347333467E-16,1.,1.23259516440783E-32));
#7667=DIRECTION('',(1.,-1.22050155967997E-16,0.));
#7668=DIRECTION('',(-1.22050155967996E-16,-1.,-6.13317366673367E-19));
#7669=DIRECTION('',(0.,0.,-1.));
#7670=DIRECTION('',(1.22050155967996E-16,1.,6.13317366673367E-19));
#7671=DIRECTION('',(0.,0.,-1.));
#7672=DIRECTION('',(0.161260120599601,0.986911938069553,0.));
#7673=DIRECTION('',(0.986911938069553,-0.161260120599601,0.));
#7674=DIRECTION('',(0.,0.,-1.));
#7675=DIRECTION('',(0.986911938069553,-0.161260120599601,0.));
#7676=DIRECTION('',(1.,-1.22050155967997E-16,0.));
#7677=DIRECTION('',(-1.22050155967996E-16,-1.,-6.13317366673367E-19));
#7678=DIRECTION('',(0.,0.,-1.));
#7679=DIRECTION('',(1.22050155967996E-16,1.,6.13317366673367E-19));
#7680=DIRECTION('',(-1.22050155967997E-16,-1.,0.));
#7681=DIRECTION('',(-1.,1.22050155967996E-16,0.));
#7682=DIRECTION('',(0.,0.,-1.));
#7683=DIRECTION('',(1.,-1.22050155967996E-16,0.));
#7684=DIRECTION('',(-1.,1.22050155967997E-16,0.));
#7685=DIRECTION('',(1.22050155967996E-16,1.,6.13317366673367E-19));
#7686=DIRECTION('',(0.,0.,-1.));
#7687=DIRECTION('',(1.22050155967996E-16,1.,6.13317366673367E-19));
#7688=DIRECTION('',(1.22050155967997E-16,1.,0.));
#7689=DIRECTION('',(1.,-1.22050155967996E-16,0.));
#7690=DIRECTION('',(0.,0.,-1.));
#7691=DIRECTION('',(1.,-1.22050155967996E-16,0.));
#7692=DIRECTION('',(-1.22050155967997E-16,-1.,0.));
#7693=DIRECTION('',(-1.,1.22050155967996E-16,0.));
#7694=DIRECTION('',(0.,0.,-1.));
#7695=DIRECTION('',(1.,-1.22050155967996E-16,0.));
#7696=DIRECTION('',(0.,0.,-1.));
#7697=DIRECTION('',(-1.,1.22050155967997E-16,0.));
#7698=DIRECTION('',(1.22050155967996E-16,1.,6.13317366673367E-19));
#7699=DIRECTION('',(0.,0.,-1.));
#7700=DIRECTION('',(1.22050155967996E-16,1.,6.13317366673367E-19));
#7701=DIRECTION('',(1.22050155967997E-16,1.,0.));
#7702=DIRECTION('',(1.,-1.22050155967996E-16,0.));
#7703=DIRECTION('',(0.,0.,-1.));
#7704=DIRECTION('',(1.,-1.22050155967996E-16,0.));
#7705=DIRECTION('',(0.,0.,-1.));
#7706=DIRECTION('',(0.,0.,-1.));
#7707=DIRECTION('',(0.,0.,-1.));
#7708=DIRECTION('',(0.,0.,-1.));
#7709=DIRECTION('',(0.,0.,-1.));
#7710=DIRECTION('',(0.,0.,-1.));
#7711=DIRECTION('',(0.,0.,-1.));
#7712=DIRECTION('',(1.22050155967996E-16,1.,6.13317366673367E-19));
#7713=DIRECTION('',(-1.2358344938468E-16,-1.,0.));
#7714=DIRECTION('',(-1.,1.2358344938468E-16,0.));
#7715=DIRECTION('',(0.,0.,-1.));
#7716=DIRECTION('',(1.,-1.2358344938468E-16,0.));
#7717=DIRECTION('',(0.,0.,-1.));
#7718=DIRECTION('',(1.,-1.2358344938468E-16,0.));
#7719=DIRECTION('',(-1.2358344938468E-16,-1.,9.19976050010007E-19));
#7720=DIRECTION('',(0.,0.,-1.));
#7721=DIRECTION('',(1.2358344938468E-16,1.,-9.19976050010007E-19));
#7722=DIRECTION('',(0.,0.,-1.));
#7723=DIRECTION('',(-1.2358344938468E-16,-1.,0.));
#7724=DIRECTION('',(-1.,1.2358344938468E-16,0.));
#7725=DIRECTION('',(0.,0.,-1.));
#7726=DIRECTION('',(1.,-1.2358344938468E-16,0.));
#7727=DIRECTION('',(-1.,1.2358344938468E-16,0.));
#7728=DIRECTION('',(1.2358344938468E-16,1.,-9.19976050010007E-19));
#7729=DIRECTION('',(0.,0.,-1.));
#7730=DIRECTION('',(1.2358344938468E-16,1.,-9.19976050010007E-19));
#7731=DIRECTION('',(0.,0.,-1.));
#7732=DIRECTION('',(-1.2358344938468E-16,-1.,0.));
#7733=DIRECTION('',(0.,0.,-1.));
#7734=DIRECTION('',(0.,0.,-1.));
#7735=DIRECTION('',(0.,0.,-1.));
#7736=DIRECTION('',(0.,0.,-1.));
#7737=DIRECTION('',(0.,0.,-1.));
#7738=DIRECTION('',(0.,0.,-1.));
#7739=DIRECTION('',(0.,0.,-1.));
#7740=DIRECTION('',(0.,0.,-1.));
#7741=DIRECTION('',(0.,0.,-1.));
#7742=DIRECTION('',(0.,0.,-1.));
#7743=DIRECTION('',(0.,0.,-1.));
#7744=DIRECTION('',(0.,0.,-1.));
#7745=DIRECTION('',(0.,0.,-1.));
#7746=DIRECTION('',(1.2358344938468E-16,1.,-9.19976050010007E-19));
#7747=DIRECTION('',(0.,0.,1.));
#7748=DIRECTION('',(-1.,0.,0.));
#7749=DIRECTION('',(-1.,1.23276790701343E-16,0.));
#7750=DIRECTION('',(1.23276790701343E-16,1.,-6.13317366673342E-19));
#7751=DIRECTION('',(0.,0.,-1.));
#7752=DIRECTION('',(1.23276790701343E-16,1.,-6.13317366673342E-19));
#7753=DIRECTION('',(0.,0.,-1.));
#7754=DIRECTION('',(-1.23276790701343E-16,-1.,0.));
#7755=DIRECTION('',(-1.,1.23276790701343E-16,0.));
#7756=DIRECTION('',(0.,0.,-1.));
#7757=DIRECTION('',(1.,-1.23276790701343E-16,0.));
#7758=DIRECTION('',(0.,0.,-1.));
#7759=DIRECTION('',(-1.,1.23276790701343E-16,0.));
#7760=DIRECTION('',(1.23276790701343E-16,1.,-6.13317366673342E-19));
#7761=DIRECTION('',(0.,0.,-1.));
#7762=DIRECTION('',(1.23276790701343E-16,1.,-6.13317366673342E-19));
#7763=DIRECTION('',(1.23276790701343E-16,1.,0.));
#7764=DIRECTION('',(1.,-1.23276790701343E-16,0.));
#7765=DIRECTION('',(0.,0.,-1.));
#7766=DIRECTION('',(1.,-1.23276790701343E-16,0.));
#7767=DIRECTION('',(1.,-1.23276790701343E-16,0.));
#7768=DIRECTION('',(-1.23276790701343E-16,-1.,6.13317366673342E-19));
#7769=DIRECTION('',(0.,0.,-1.));
#7770=DIRECTION('',(1.23276790701343E-16,1.,-6.13317366673342E-19));
#7771=DIRECTION('',(-1.23276790701343E-16,-1.,0.));
#7772=DIRECTION('',(-1.,1.23276790701343E-16,0.));
#7773=DIRECTION('',(0.,0.,-1.));
#7774=DIRECTION('',(1.,-1.23276790701343E-16,0.));
#7775=DIRECTION('',(1.23276790701343E-16,1.,0.));
#7776=DIRECTION('',(1.,-1.23276790701343E-16,0.));
#7777=DIRECTION('',(0.,0.,-1.));
#7778=DIRECTION('',(1.,-1.23276790701343E-16,0.));
#7779=DIRECTION('',(0.,0.,-1.));
#7780=DIRECTION('',(1.,-1.23276790701343E-16,0.));
#7781=DIRECTION('',(-1.23276790701343E-16,-1.,6.13317366673342E-19));
#7782=DIRECTION('',(0.,0.,-1.));
#7783=DIRECTION('',(1.23276790701343E-16,1.,-6.13317366673342E-19));
#7784=DIRECTION('',(-1.23276790701343E-16,-1.,0.));
#7785=DIRECTION('',(-1.,1.23276790701343E-16,0.));
#7786=DIRECTION('',(0.,0.,-1.));
#7787=DIRECTION('',(1.,-1.23276790701343E-16,0.));
#7788=DIRECTION('',(0.,0.,-1.));
#7789=DIRECTION('',(0.,0.,-1.));
#7790=DIRECTION('',(0.,0.,-1.));
#7791=DIRECTION('',(0.,0.,-1.));
#7792=DIRECTION('',(0.,0.,-1.));
#7793=DIRECTION('',(0.,0.,-1.));
#7794=DIRECTION('',(0.,0.,-1.));
#7795=DIRECTION('',(1.23276790701343E-16,1.,-6.13317366673342E-19));
#7796=DIRECTION('',(-1.22970132018007E-16,-1.,0.));
#7797=DIRECTION('',(-1.,1.22970132018007E-16,0.));
#7798=DIRECTION('',(0.,0.,-1.));
#7799=DIRECTION('',(1.,-1.22970132018006E-16,0.));
#7800=DIRECTION('',(0.,0.,-1.));
#7801=DIRECTION('',(1.,-1.22970132018007E-16,0.));
#7802=DIRECTION('',(-1.22970132018007E-16,-1.,3.06658683336665E-19));
#7803=DIRECTION('',(0.,0.,-1.));
#7804=DIRECTION('',(1.22970132018007E-16,1.,-3.06658683336665E-19));
#7805=DIRECTION('',(-1.22970132018007E-16,-1.,0.));
#7806=DIRECTION('',(-1.,1.22970132018007E-16,0.));
#7807=DIRECTION('',(0.,0.,-1.));
#7808=DIRECTION('',(1.,-1.22970132018006E-16,0.));
#7809=DIRECTION('',(-1.,1.22970132018007E-16,0.));
#7810=DIRECTION('',(1.22970132018007E-16,1.,-3.06658683336665E-19));
#7811=DIRECTION('',(0.,0.,-1.));
#7812=DIRECTION('',(1.22970132018007E-16,1.,-3.06658683336665E-19));
#7813=DIRECTION('',(-1.22970132018007E-16,-1.,0.));
#7814=DIRECTION('',(-1.,1.22970132018007E-16,0.));
#7815=DIRECTION('',(0.,0.,-1.));
#7816=DIRECTION('',(1.,-1.22970132018006E-16,0.));
#7817=DIRECTION('',(-1.,1.22970132018007E-16,0.));
#7818=DIRECTION('',(1.22970132018007E-16,1.,-3.06658683336665E-19));
#7819=DIRECTION('',(0.,0.,-1.));
#7820=DIRECTION('',(1.22970132018007E-16,1.,-3.06658683336665E-19));
#7821=DIRECTION('',(-0.285784001344291,0.958294059553563,0.));
#7822=DIRECTION('',(0.958294059553562,0.28578400134429,0.));
#7823=DIRECTION('',(0.,0.,-1.));
#7824=DIRECTION('',(0.958294059553562,0.28578400134429,0.));
#7825=DIRECTION('',(-0.915342519104633,0.402676138750715,0.));
#7826=DIRECTION('',(0.402676138750715,0.915342519104633,0.));
#7827=DIRECTION('',(0.,0.,-1.));
#7828=DIRECTION('',(0.402676138750715,0.915342519104633,0.));
#7829=DIRECTION('',(1.22970132018007E-16,1.,0.));
#7830=DIRECTION('',(1.,-1.22970132018007E-16,0.));
#7831=DIRECTION('',(0.,0.,-1.));
#7832=DIRECTION('',(1.,-1.22970132018006E-16,0.));
#7833=DIRECTION('',(1.,-1.22970132018007E-16,0.));
#7834=DIRECTION('',(-1.22970132018007E-16,-1.,3.06658683336665E-19));
#7835=DIRECTION('',(0.,0.,-1.));
#7836=DIRECTION('',(1.22970132018007E-16,1.,-3.06658683336665E-19));
#7837=DIRECTION('',(1.22970132018007E-16,1.,0.));
#7838=DIRECTION('',(1.,-1.22970132018007E-16,0.));
#7839=DIRECTION('',(0.,0.,-1.));
#7840=DIRECTION('',(1.,-1.22970132018006E-16,0.));
#7841=DIRECTION('',(-1.22970132018007E-16,-1.,0.));
#7842=DIRECTION('',(-1.,1.22970132018007E-16,0.));
#7843=DIRECTION('',(0.,0.,-1.));
#7844=DIRECTION('',(1.,-1.22970132018006E-16,0.));
#7845=DIRECTION('',(0.,0.,-1.));
#7846=DIRECTION('',(0.,0.,-1.));
#7847=DIRECTION('',(0.,0.,-1.));
#7848=DIRECTION('',(-0.996139249060767,0.0877872227641966,0.));
#7849=DIRECTION('',(0.,0.,-1.));
#7850=DIRECTION('',(0.,0.,-1.));
#7851=DIRECTION('',(-1.,0.,0.));
#7852=DIRECTION('',(0.,0.,-1.));
#7853=DIRECTION('',(-0.978245990673588,0.207448262781471,5.83132873614096E-31));
#7854=DIRECTION('',(0.,0.,-1.));
#7855=DIRECTION('',(0.,0.,-1.));
#7856=DIRECTION('',(-1.,0.,0.));
#7857=DIRECTION('',(0.,0.,-1.));
#7858=DIRECTION('',(-0.997124035260471,0.0757869270116945,0.));
#7859=DIRECTION('',(0.,0.,-1.));
#7860=DIRECTION('',(0.,0.,-1.));
#7861=DIRECTION('',(-1.,0.,0.));
#7862=DIRECTION('',(0.,0.,-1.));
#7863=DIRECTION('',(0.,0.,-1.));
#7864=DIRECTION('',(1.22970132018007E-16,1.,-3.06658683336665E-19));
#7865=DIRECTION('',(-1.2266347333467E-16,-1.,0.));
#7866=DIRECTION('',(-1.,1.2266347333467E-16,0.));
#7867=DIRECTION('',(0.,0.,-1.));
#7868=DIRECTION('',(1.,-1.2266347333467E-16,0.));
#7869=DIRECTION('',(0.,0.,-1.));
#7870=DIRECTION('',(1.,-1.2266347333467E-16,0.));
#7871=DIRECTION('',(-1.2266347333467E-16,-1.,-1.23259516440783E-32));
#7872=DIRECTION('',(0.,0.,-1.));
#7873=DIRECTION('',(1.2266347333467E-16,1.,1.23259516440783E-32));
#7874=DIRECTION('',(0.,0.,-1.));
#7875=DIRECTION('',(-1.2266347333467E-16,-1.,0.));
#7876=DIRECTION('',(-1.,1.2266347333467E-16,0.));
#7877=DIRECTION('',(0.,0.,-1.));
#7878=DIRECTION('',(1.,-1.2266347333467E-16,0.));
#7879=DIRECTION('',(-1.,1.2266347333467E-16,0.));
#7880=DIRECTION('',(1.2266347333467E-16,1.,1.23259516440783E-32));
#7881=DIRECTION('',(0.,0.,-1.));
#7882=DIRECTION('',(1.2266347333467E-16,1.,1.23259516440783E-32));
#7883=DIRECTION('',(0.,0.,-1.));
#7884=DIRECTION('',(-1.2266347333467E-16,-1.,2.46519032881566E-32));
#7885=DIRECTION('',(0.,0.,-1.));
#7886=DIRECTION('',(0.,0.,-1.));
#7887=DIRECTION('',(0.,0.,-1.));
#7888=DIRECTION('',(0.,0.,-1.));
#7889=DIRECTION('',(0.,0.,-1.));
#7890=DIRECTION('',(0.,0.,-1.));
#7891=DIRECTION('',(0.,0.,-1.));
#7892=DIRECTION('',(0.,0.,-1.));
#7893=DIRECTION('',(0.,0.,-1.));
#7894=DIRECTION('',(0.,0.,-1.));
#7895=DIRECTION('',(0.,0.,-1.));
#7896=DIRECTION('',(0.,0.,-1.));
#7897=DIRECTION('',(0.,0.,-1.));
#7898=DIRECTION('',(1.2266347333467E-16,1.,1.23259516440783E-32));
#7899=DIRECTION('',(0.,0.,1.));
#7900=DIRECTION('',(-1.,0.,0.));
#7901=DIRECTION('',(1.,-1.22970132018007E-16,0.));
#7902=DIRECTION('',(-1.22970132018007E-16,-1.,3.06658683336665E-19));
#7903=DIRECTION('',(0.,0.,-1.));
#7904=DIRECTION('',(1.22970132018007E-16,1.,-3.06658683336665E-19));
#7905=DIRECTION('',(0.,0.,-1.));
#7906=DIRECTION('',(1.22970132018007E-16,1.,0.));
#7907=DIRECTION('',(1.,-1.22970132018007E-16,0.));
#7908=DIRECTION('',(0.,0.,-1.));
#7909=DIRECTION('',(1.,-1.22970132018006E-16,0.));
#7910=DIRECTION('',(0.,0.,-1.));
#7911=DIRECTION('',(1.,-1.22970132018007E-16,0.));
#7912=DIRECTION('',(-1.22970132018007E-16,-1.,3.06658683336665E-19));
#7913=DIRECTION('',(0.,0.,-1.));
#7914=DIRECTION('',(1.22970132018007E-16,1.,-3.06658683336665E-19));
#7915=DIRECTION('',(-1.22970132018007E-16,-1.,0.));
#7916=DIRECTION('',(-1.,1.22970132018007E-16,0.));
#7917=DIRECTION('',(0.,0.,-1.));
#7918=DIRECTION('',(1.,-1.22970132018006E-16,0.));
#7919=DIRECTION('',(-1.,1.22970132018007E-16,0.));
#7920=DIRECTION('',(1.22970132018007E-16,1.,-3.06658683336665E-19));
#7921=DIRECTION('',(0.,0.,-1.));
#7922=DIRECTION('',(1.22970132018007E-16,1.,-3.06658683336665E-19));
#7923=DIRECTION('',(-0.361001044035785,0.932565411220614,-2.77555756156289E-17));
#7924=DIRECTION('',(0.932565411220614,0.361001044035785,0.));
#7925=DIRECTION('',(0.,0.,-1.));
#7926=DIRECTION('',(0.932565411220614,0.361001044035785,0.));
#7927=DIRECTION('',(-1.,1.22970132018007E-16,0.));
#7928=DIRECTION('',(1.22970132018007E-16,1.,-3.06658683336665E-19));
#7929=DIRECTION('',(0.,0.,-1.));
#7930=DIRECTION('',(1.22970132018007E-16,1.,-3.06658683336665E-19));
#7931=DIRECTION('',(-0.358414677639012,-0.933562487920826,-2.77555756156289E-17));
#7932=DIRECTION('',(-0.933562487920826,0.358414677639012,0.));
#7933=DIRECTION('',(0.,0.,-1.));
#7934=DIRECTION('',(-0.933562487920826,0.358414677639012,0.));
#7935=DIRECTION('',(-1.,1.22970132018007E-16,0.));
#7936=DIRECTION('',(1.22970132018007E-16,1.,-3.06658683336665E-19));
#7937=DIRECTION('',(0.,0.,-1.));
#7938=DIRECTION('',(1.22970132018007E-16,1.,-3.06658683336665E-19));
#7939=DIRECTION('',(1.22970132018007E-16,1.,0.));
#7940=DIRECTION('',(1.,-1.22970132018007E-16,0.));
#7941=DIRECTION('',(0.,0.,-1.));
#7942=DIRECTION('',(1.,-1.22970132018006E-16,0.));
#7943=DIRECTION('',(1.,-1.22970132018007E-16,0.));
#7944=DIRECTION('',(-1.22970132018007E-16,-1.,3.06658683336665E-19));
#7945=DIRECTION('',(0.,0.,-1.));
#7946=DIRECTION('',(1.22970132018007E-16,1.,-3.06658683336665E-19));
#7947=DIRECTION('',(-1.22970132018007E-16,-1.,0.));
#7948=DIRECTION('',(-1.,1.22970132018007E-16,0.));
#7949=DIRECTION('',(0.,0.,-1.));
#7950=DIRECTION('',(1.,-1.22970132018006E-16,0.));
#7951=DIRECTION('',(1.,-1.22970132018007E-16,0.));
#7952=DIRECTION('',(-1.22970132018007E-16,-1.,3.06658683336665E-19));
#7953=DIRECTION('',(0.,0.,-1.));
#7954=DIRECTION('',(1.22970132018007E-16,1.,-3.06658683336665E-19));
#7955=DIRECTION('',(0.,0.,-1.));
#7956=DIRECTION('',(0.357433315245117,0.93393866241466,0.));
#7957=DIRECTION('',(0.93393866241466,-0.357433315245117,0.));
#7958=DIRECTION('',(0.,0.,-1.));
#7959=DIRECTION('',(0.93393866241466,-0.357433315245117,0.));
#7960=DIRECTION('',(1.,-1.22970132018007E-16,0.));
#7961=DIRECTION('',(-1.22970132018007E-16,-1.,3.06658683336665E-19));
#7962=DIRECTION('',(0.,0.,-1.));
#7963=DIRECTION('',(1.22970132018007E-16,1.,-3.06658683336665E-19));
#7964=DIRECTION('',(0.360508745614236,-0.932755833182323,2.77555756156289E-17));
#7965=DIRECTION('',(-0.932755833182323,-0.360508745614236,0.));
#7966=DIRECTION('',(-0.932755833182323,-0.360508745614236,0.));
#7967=DIRECTION('',(0.,0.,-1.));
#7968=DIRECTION('',(0.0389815285738669,-0.999239931362856,3.32906354356414E-32));
#7969=DIRECTION('',(0.,0.,-1.));
#7970=DIRECTION('',(-1.,0.,0.));
#7971=DIRECTION('',(0.,0.,-1.));
#7972=DIRECTION('',(1.22970132018007E-16,1.,-3.06658683336665E-19));
#7973=DIRECTION('',(-1.20210203867976E-16,-1.,0.));
#7974=DIRECTION('',(-1.,1.20210203867976E-16,0.));
#7975=DIRECTION('',(0.,0.,-1.));
#7976=DIRECTION('',(1.,-1.20210203867976E-16,0.));
#7977=DIRECTION('',(0.,0.,-1.));
#7978=DIRECTION('',(-1.,1.20210203867976E-16,0.));
#7979=DIRECTION('',(1.20210203867976E-16,1.,-2.45326946669338E-18));
#7980=DIRECTION('',(0.,0.,-1.));
#7981=DIRECTION('',(1.20210203867976E-16,1.,-2.45326946669338E-18));
#7982=DIRECTION('',(1.20210203867976E-16,1.,0.));
#7983=DIRECTION('',(1.,-1.20210203867976E-16,0.));
#7984=DIRECTION('',(0.,0.,-1.));
#7985=DIRECTION('',(1.,-1.20210203867976E-16,0.));
#7986=DIRECTION('',(1.,-1.20210203867976E-16,0.));
#7987=DIRECTION('',(-1.20210203867976E-16,-1.,2.45326946669338E-18));
#7988=DIRECTION('',(0.,0.,-1.));
#7989=DIRECTION('',(1.20210203867976E-16,1.,-2.45326946669338E-18));
#7990=DIRECTION('',(0.239944960947148,-0.970786493373323,0.));
#7991=DIRECTION('',(-0.970786493373322,-0.239944960947148,5.55111512312578E-17));
#7992=DIRECTION('',(0.,0.,-1.));
#7993=DIRECTION('',(-0.970786493373322,-0.239944960947148,5.55111512312578E-17));
#7994=DIRECTION('',(1.,-1.20210203867976E-16,0.));
#7995=DIRECTION('',(-1.20210203867976E-16,-1.,2.45326946669338E-18));
#7996=DIRECTION('',(0.,0.,-1.));
#7997=DIRECTION('',(1.20210203867976E-16,1.,-2.45326946669338E-18));
#7998=DIRECTION('',(-1.,1.20210203867976E-16,0.));
#7999=DIRECTION('',(1.20210203867976E-16,1.,-2.45326946669338E-18));
#8000=DIRECTION('',(0.,0.,-1.));
#8001=DIRECTION('',(1.20210203867976E-16,1.,-2.45326946669338E-18));
#8002=DIRECTION('',(0.,0.,-1.));
#8003=DIRECTION('',(0.,0.,-1.));
#8004=DIRECTION('',(-0.0365553107434546,0.999331631269845,0.));
#8005=DIRECTION('',(0.,0.,-1.));
#8006=DIRECTION('',(-1.,0.,0.));
#8007=DIRECTION('',(0.,0.,-1.));
#8008=DIRECTION('',(-0.774338678085245,-0.632771373895181,0.));
#8009=DIRECTION('',(0.,0.,-1.));
#8010=DIRECTION('',(0.,0.,-1.));
#8011=DIRECTION('',(-1.,0.,0.));
#8012=DIRECTION('',(0.,0.,-1.));
#8013=DIRECTION('',(0.,0.,-1.));
#8014=DIRECTION('',(0.,0.,-1.));
#8015=DIRECTION('',(0.,0.,-1.));
#8016=DIRECTION('',(0.,0.,-1.));
#8017=DIRECTION('',(0.,0.,-1.));
#8018=DIRECTION('',(0.,0.,-1.));
#8019=DIRECTION('',(0.,0.,-1.));
#8020=DIRECTION('',(0.,0.,-1.));
#8021=DIRECTION('',(0.,0.,-1.));
#8022=DIRECTION('',(0.,0.,-1.));
#8023=DIRECTION('',(0.,0.,-1.));
#8024=DIRECTION('',(0.,0.,-1.));
#8025=DIRECTION('',(0.,0.,-1.));
#8026=DIRECTION('',(1.20210203867976E-16,1.,-2.45326946669338E-18));
#8027=DIRECTION('',(0.,0.,1.));
#8028=DIRECTION('',(-1.,0.,0.));
#8029=DIRECTION('',(0.373806269003018,0.927506804963739,0.));
#8030=DIRECTION('',(0.927506804963739,-0.373806269003018,0.));
#8031=DIRECTION('',(0.,0.,-1.));
#8032=DIRECTION('',(0.927506804963739,-0.373806269003018,0.));
#8033=DIRECTION('',(0.,0.,-1.));
#8034=DIRECTION('',(1.20210203867976E-16,1.,0.));
#8035=DIRECTION('',(1.,-1.20210203867976E-16,0.));
#8036=DIRECTION('',(0.,0.,-1.));
#8037=DIRECTION('',(1.,-1.20210203867976E-16,0.));
#8038=DIRECTION('',(0.,0.,-1.));
#8039=DIRECTION('',(-0.99946571033396,0.0326847650539502,0.));
#8040=DIRECTION('',(0.0326847650539502,0.99946571033396,0.));
#8041=DIRECTION('',(0.,0.,-1.));
#8042=DIRECTION('',(0.0326847650539502,0.99946571033396,0.));
#8043=DIRECTION('',(1.,-1.20210203867976E-16,0.));
#8044=DIRECTION('',(-1.20210203867976E-16,-1.,2.45326946669338E-18));
#8045=DIRECTION('',(0.,0.,-1.));
#8046=DIRECTION('',(1.20210203867976E-16,1.,-2.45326946669338E-18));
#8047=DIRECTION('',(0.,0.,-1.));
#8048=DIRECTION('',(0.206515694015226,0.978443288149809,2.77555756156289E-17));
#8049=DIRECTION('',(0.978443288149808,-0.206515694015226,0.));
#8050=DIRECTION('',(0.,0.,-1.));
#8051=DIRECTION('',(0.978443288149808,-0.206515694015226,0.));
#8052=DIRECTION('',(1.,-1.20210203867976E-16,0.));
#8053=DIRECTION('',(-1.20210203867976E-16,-1.,2.45326946669338E-18));
#8054=DIRECTION('',(0.,0.,-1.));
#8055=DIRECTION('',(1.20210203867976E-16,1.,-2.45326946669338E-18));
#8056=DIRECTION('',(0.999182399769869,-0.0404293456554285,0.));
#8057=DIRECTION('',(-0.0404293456554285,-0.999182399769868,3.46944695195361E-18));
#8058=DIRECTION('',(0.,0.,-1.));
#8059=DIRECTION('',(-0.0404293456554285,-0.999182399769868,3.46944695195361E-18));
#8060=DIRECTION('',(0.,0.,-1.));
#8061=DIRECTION('',(0.0404293456554285,0.999182399769869,3.46944695195361E-18));
#8062=DIRECTION('',(1.20210203867976E-16,1.,0.));
#8063=DIRECTION('',(1.,-1.20210203867976E-16,0.));
#8064=DIRECTION('',(0.,0.,-1.));
#8065=DIRECTION('',(1.,-1.20210203867976E-16,0.));
#8066=DIRECTION('',(-1.,1.20210203867976E-16,0.));
#8067=DIRECTION('',(-1.20210203867976E-16,-1.,0.));
#8068=DIRECTION('',(-1.,1.20210203867976E-16,0.));
#8069=DIRECTION('',(0.,0.,-1.));
#8070=DIRECTION('',(1.,-1.20210203867976E-16,0.));
#8071=DIRECTION('',(0.,0.,-1.));
#8072=DIRECTION('',(0.,0.,-1.));
#8073=DIRECTION('',(0.,0.,-1.));
#8074=DIRECTION('',(0.991870162457532,-0.127254001219876,0.));
#8075=DIRECTION('',(0.,0.,-1.));
#8076=DIRECTION('',(0.,0.,-1.));
#8077=DIRECTION('',(-1.,0.,0.));
#8078=DIRECTION('',(0.,0.,-1.));
#8079=DIRECTION('',(0.93178275179062,-0.36301639558772,0.));
#8080=DIRECTION('',(0.,0.,-1.));
#8081=DIRECTION('',(-1.,0.,0.));
#8082=DIRECTION('',(0.,0.,-1.));
#8083=DIRECTION('',(0.,0.,-1.));
#8084=DIRECTION('',(0.,0.,-1.));
#8085=DIRECTION('',(0.,0.,-1.));
#8086=DIRECTION('',(0.,0.,-1.));
#8087=DIRECTION('',(0.,0.,-1.));
#8088=DIRECTION('',(0.,0.,-1.));
#8089=DIRECTION('',(0.,0.,-1.));
#8090=DIRECTION('',(0.,0.,-1.));
#8091=DIRECTION('',(0.,0.,-1.));
#8092=DIRECTION('',(0.,0.,-1.));
#8093=DIRECTION('',(0.,0.,-1.));
#8094=DIRECTION('',(1.20210203867976E-16,1.,-2.45326946669338E-18));
#8095=DIRECTION('',(0.,0.,1.));
#8096=DIRECTION('',(-1.,0.,0.));
#8097=DIRECTION('',(-1.,1.20210203867976E-16,0.));
#8098=DIRECTION('',(1.20210203867976E-16,1.,-2.45326946669338E-18));
#8099=DIRECTION('',(0.,0.,-1.));
#8100=DIRECTION('',(1.20210203867976E-16,1.,-2.45326946669338E-18));
#8101=DIRECTION('',(0.,0.,-1.));
#8102=DIRECTION('',(-1.20210203867976E-16,-1.,0.));
#8103=DIRECTION('',(-1.,1.20210203867976E-16,0.));
#8104=DIRECTION('',(0.,0.,-1.));
#8105=DIRECTION('',(1.,-1.20210203867976E-16,0.));
#8106=DIRECTION('',(-1.,1.20210203867976E-16,0.));
#8107=DIRECTION('',(1.20210203867976E-16,1.,-2.45326946669338E-18));
#8108=DIRECTION('',(0.,0.,-1.));
#8109=DIRECTION('',(1.20210203867976E-16,1.,-2.45326946669338E-18));
#8110=DIRECTION('',(1.20210203867976E-16,1.,0.));
#8111=DIRECTION('',(1.,-1.20210203867976E-16,0.));
#8112=DIRECTION('',(0.,0.,-1.));
#8113=DIRECTION('',(1.,-1.20210203867976E-16,0.));
#8114=DIRECTION('',(1.,-1.20210203867976E-16,0.));
#8115=DIRECTION('',(-1.20210203867976E-16,-1.,2.45326946669338E-18));
#8116=DIRECTION('',(0.,0.,-1.));
#8117=DIRECTION('',(1.20210203867976E-16,1.,-2.45326946669338E-18));
#8118=DIRECTION('',(-1.20210203867976E-16,-1.,0.));
#8119=DIRECTION('',(-1.,1.20210203867976E-16,0.));
#8120=DIRECTION('',(1.,-1.20210203867976E-16,0.));
#8121=DIRECTION('',(0.,0.,-1.));
#8122=DIRECTION('',(1.20210203867976E-16,1.,-2.45326946669338E-18));
#8123=DIRECTION('',(-1.1898356913463E-16,-1.,0.));
#8124=DIRECTION('',(-1.,1.1898356913463E-16,0.));
#8125=DIRECTION('',(0.,0.,-1.));
#8126=DIRECTION('',(1.,-1.1898356913463E-16,0.));
#8127=DIRECTION('',(0.,0.,-1.));
#8128=DIRECTION('',(-1.,1.1898356913463E-16,0.));
#8129=DIRECTION('',(1.1898356913463E-16,1.,-1.2266347333467E-18));
#8130=DIRECTION('',(0.,0.,-1.));
#8131=DIRECTION('',(1.1898356913463E-16,1.,-1.2266347333467E-18));
#8132=DIRECTION('',(1.1898356913463E-16,1.,0.));
#8133=DIRECTION('',(1.,-1.1898356913463E-16,0.));
#8134=DIRECTION('',(0.,0.,-1.));
#8135=DIRECTION('',(1.,-1.1898356913463E-16,0.));
#8136=DIRECTION('',(0.0538636013802262,0.998548302510375,0.));
#8137=DIRECTION('',(0.998548302510375,-0.0538636013802262,0.));
#8138=DIRECTION('',(0.,0.,-1.));
#8139=DIRECTION('',(0.998548302510375,-0.0538636013802262,0.));
#8140=DIRECTION('',(0.0887176113534369,0.996056818377215,-6.93889390390723E-18));
#8141=DIRECTION('',(0.996056818377215,-0.0887176113534369,0.));
#8142=DIRECTION('',(0.,0.,-1.));
#8143=DIRECTION('',(0.996056818377215,-0.0887176113534369,0.));
#8144=DIRECTION('',(-1.,1.1898356913463E-16,0.));
#8145=DIRECTION('',(1.1898356913463E-16,1.,-1.2266347333467E-18));
#8146=DIRECTION('',(0.,0.,-1.));
#8147=DIRECTION('',(1.1898356913463E-16,1.,-1.2266347333467E-18));
#8148=DIRECTION('',(1.,-1.1898356913463E-16,0.));
#8149=DIRECTION('',(-1.1898356913463E-16,-1.,1.2266347333467E-18));
#8150=DIRECTION('',(0.,0.,-1.));
#8151=DIRECTION('',(1.1898356913463E-16,1.,-1.2266347333467E-18));
#8152=DIRECTION('',(0.,0.,-1.));
#8153=DIRECTION('',(0.148656500420892,0.988888894104193,0.));
#8154=DIRECTION('',(0.988888894104192,-0.148656500420892,0.));
#8155=DIRECTION('',(0.,0.,-1.));
#8156=DIRECTION('',(0.988888894104192,-0.148656500420892,0.));
#8157=DIRECTION('',(1.1898356913463E-16,1.,0.));
#8158=DIRECTION('',(1.,-1.1898356913463E-16,0.));
#8159=DIRECTION('',(0.,0.,-1.));
#8160=DIRECTION('',(1.,-1.1898356913463E-16,0.));
#8161=DIRECTION('',(0.,0.,-1.));
#8162=DIRECTION('',(-1.,1.1898356913463E-16,0.));
#8163=DIRECTION('',(1.,-1.1898356913463E-16,0.));
#8164=DIRECTION('',(-1.1898356913463E-16,-1.,1.2266347333467E-18));
#8165=DIRECTION('',(1.1898356913463E-16,1.,-1.2266347333467E-18));
#8166=DIRECTION('',(0.,0.,-1.));
#8167=DIRECTION('',(0.,0.,-1.));
#8168=DIRECTION('',(0.,0.,-1.));
#8169=DIRECTION('',(0.,0.,-1.));
#8170=DIRECTION('',(0.,0.,-1.));
#8171=DIRECTION('',(0.,0.,-1.));
#8172=DIRECTION('',(0.,0.,-1.));
#8173=DIRECTION('',(0.,0.,-1.));
#8174=DIRECTION('',(0.,0.,-1.));
#8175=DIRECTION('',(0.,0.,-1.));
#8176=DIRECTION('',(0.,0.,-1.));
#8177=DIRECTION('',(0.,0.,-1.));
#8178=DIRECTION('',(0.,0.,-1.));
#8179=DIRECTION('',(1.1898356913463E-16,1.,-1.2266347333467E-18));
#8180=DIRECTION('',(0.,0.,1.));
#8181=DIRECTION('',(-1.,0.,0.));
#8182=DIRECTION('',(-1.16530299667936E-16,-1.,0.));
#8183=DIRECTION('',(-1.,1.16530299667936E-16,0.));
#8184=DIRECTION('',(0.,0.,-1.));
#8185=DIRECTION('',(1.,-1.16530299667936E-16,0.));
#8186=DIRECTION('',(0.,0.,-1.));
#8187=DIRECTION('',(1.,-1.16530299667936E-16,0.));
#8188=DIRECTION('',(-1.16530299667936E-16,-1.,-1.22663473334671E-18));
#8189=DIRECTION('',(0.,0.,-1.));
#8190=DIRECTION('',(1.16530299667936E-16,1.,1.22663473334671E-18));
#8191=DIRECTION('',(0.,0.,-1.));
#8192=DIRECTION('',(-1.16530299667936E-16,-1.,0.));
#8193=DIRECTION('',(-1.,1.16530299667936E-16,0.));
#8194=DIRECTION('',(0.,0.,-1.));
#8195=DIRECTION('',(1.,-1.16530299667936E-16,0.));
#8196=DIRECTION('',(-1.,1.16530299667936E-16,0.));
#8197=DIRECTION('',(1.16530299667936E-16,1.,1.22663473334671E-18));
#8198=DIRECTION('',(0.,0.,-1.));
#8199=DIRECTION('',(1.16530299667936E-16,1.,1.22663473334671E-18));
#8200=DIRECTION('',(0.,0.,-1.));
#8201=DIRECTION('',(-1.16530299667936E-16,-1.,0.));
#8202=DIRECTION('',(0.,0.,-1.));
#8203=DIRECTION('',(0.,0.,-1.));
#8204=DIRECTION('',(0.,0.,-1.));
#8205=DIRECTION('',(0.,0.,-1.));
#8206=DIRECTION('',(0.,0.,-1.));
#8207=DIRECTION('',(0.,0.,-1.));
#8208=DIRECTION('',(0.,0.,-1.));
#8209=DIRECTION('',(0.,0.,-1.));
#8210=DIRECTION('',(0.,0.,-1.));
#8211=DIRECTION('',(0.,0.,-1.));
#8212=DIRECTION('',(0.,0.,-1.));
#8213=DIRECTION('',(0.,0.,-1.));
#8214=DIRECTION('',(0.,0.,-1.));
#8215=DIRECTION('',(-0.951385999311521,0.308001104403893,5.39758292010662E-31));
#8216=DIRECTION('',(0.,0.,-1.));
#8217=DIRECTION('',(-1.,0.,0.));
#8218=DIRECTION('',(0.,0.,-1.));
#8219=DIRECTION('',(1.16530299667936E-16,1.,1.22663473334671E-18));
#8220=DIRECTION('',(0.,0.,1.));
#8221=DIRECTION('',(-1.,0.,0.));
#8222=DIRECTION('',(-1.,1.20210203867976E-16,0.));
#8223=DIRECTION('',(1.20210203867976E-16,1.,-2.45326946669338E-18));
#8224=DIRECTION('',(0.,0.,-1.));
#8225=DIRECTION('',(1.20210203867976E-16,1.,-2.45326946669338E-18));
#8226=DIRECTION('',(0.,0.,-1.));
#8227=DIRECTION('',(-1.,1.20210203867976E-16,0.));
#8228=DIRECTION('',(1.20210203867976E-16,1.,-2.45326946669338E-18));
#8229=DIRECTION('',(0.,0.,-1.));
#8230=DIRECTION('',(1.20210203867976E-16,1.,-2.45326946669338E-18));
#8231=DIRECTION('',(0.,0.,-1.));
#8232=DIRECTION('',(-0.176299100283099,-0.984336643247304,0.));
#8233=DIRECTION('',(-0.984336643247303,0.176299100283099,0.));
#8234=DIRECTION('',(0.,0.,-1.));
#8235=DIRECTION('',(-0.984336643247303,0.176299100283099,0.));
#8236=DIRECTION('',(-1.,1.20210203867976E-16,0.));
#8237=DIRECTION('',(1.20210203867976E-16,1.,-2.45326946669338E-18));
#8238=DIRECTION('',(0.,0.,-1.));
#8239=DIRECTION('',(1.20210203867976E-16,1.,-2.45326946669338E-18));
#8240=DIRECTION('',(1.20210203867976E-16,1.,0.));
#8241=DIRECTION('',(1.,-1.20210203867976E-16,0.));
#8242=DIRECTION('',(0.,0.,-1.));
#8243=DIRECTION('',(1.,-1.20210203867976E-16,0.));
#8244=DIRECTION('',(1.,-1.20210203867976E-16,0.));
#8245=DIRECTION('',(-1.20210203867976E-16,-1.,2.45326946669338E-18));
#8246=DIRECTION('',(0.,0.,-1.));
#8247=DIRECTION('',(1.20210203867976E-16,1.,-2.45326946669338E-18));
#8248=DIRECTION('',(-1.20210203867976E-16,-1.,0.));
#8249=DIRECTION('',(-1.,1.20210203867976E-16,0.));
#8250=DIRECTION('',(0.,0.,-1.));
#8251=DIRECTION('',(1.,-1.20210203867976E-16,0.));
#8252=DIRECTION('',(1.20210203867976E-16,1.,0.));
#8253=DIRECTION('',(1.,-1.20210203867976E-16,0.));
#8254=DIRECTION('',(0.,0.,-1.));
#8255=DIRECTION('',(1.,-1.20210203867976E-16,0.));
#8256=DIRECTION('',(0.,0.,-1.));
#8257=DIRECTION('',(1.,-1.20210203867976E-16,0.));
#8258=DIRECTION('',(-1.20210203867976E-16,-1.,2.45326946669338E-18));
#8259=DIRECTION('',(0.,0.,-1.));
#8260=DIRECTION('',(1.20210203867976E-16,1.,-2.45326946669338E-18));
#8261=DIRECTION('',(-1.20210203867976E-16,-1.,0.));
#8262=DIRECTION('',(-1.,1.20210203867976E-16,0.));
#8263=DIRECTION('',(0.,0.,-1.));
#8264=DIRECTION('',(1.,-1.20210203867976E-16,0.));
#8265=DIRECTION('',(1.20210203867976E-16,1.,0.));
#8266=DIRECTION('',(1.,-1.20210203867976E-16,0.));
#8267=DIRECTION('',(0.,0.,-1.));
#8268=DIRECTION('',(1.,-1.20210203867976E-16,0.));
#8269=DIRECTION('',(0.,0.,-1.));
#8270=DIRECTION('',(1.,-1.20210203867976E-16,0.));
#8271=DIRECTION('',(-1.20210203867976E-16,-1.,2.45326946669338E-18));
#8272=DIRECTION('',(0.,0.,-1.));
#8273=DIRECTION('',(1.20210203867976E-16,1.,-2.45326946669338E-18));
#8274=DIRECTION('',(-1.20210203867976E-16,-1.,0.));
#8275=DIRECTION('',(-1.,1.20210203867976E-16,0.));
#8276=DIRECTION('',(0.,0.,-1.));
#8277=DIRECTION('',(1.,-1.20210203867976E-16,0.));
#8278=DIRECTION('',(0.,0.,-1.));
#8279=DIRECTION('',(0.,0.,-1.));
#8280=DIRECTION('',(0.,0.,-1.));
#8281=DIRECTION('',(0.,0.,-1.));
#8282=DIRECTION('',(0.,0.,-1.));
#8283=DIRECTION('',(0.,0.,-1.));
#8284=DIRECTION('',(0.725997712513533,-0.687697114597057,7.43047425054906E-31));
#8285=DIRECTION('',(0.,0.,-1.));
#8286=DIRECTION('',(-1.,0.,0.));
#8287=DIRECTION('',(0.,0.,-1.));
#8288=DIRECTION('',(0.,0.,-1.));
#8289=DIRECTION('',(0.,0.,-1.));
#8290=DIRECTION('',(0.,0.,-1.));
#8291=DIRECTION('',(0.,0.,-1.));
#8292=DIRECTION('',(0.,0.,-1.));
#8293=DIRECTION('',(0.,0.,-1.));
#8294=DIRECTION('',(1.20210203867976E-16,1.,-2.45326946669338E-18));
#8295=DIRECTION('',(-1.,1.20210203867976E-16,0.));
#8296=DIRECTION('',(1.20210203867976E-16,1.,-2.45326946669338E-18));
#8297=DIRECTION('',(0.,0.,-1.));
#8298=DIRECTION('',(1.20210203867976E-16,1.,-2.45326946669338E-18));
#8299=DIRECTION('',(0.,0.,-1.));
#8300=DIRECTION('',(-1.20210203867976E-16,-1.,0.));
#8301=DIRECTION('',(-1.,1.20210203867976E-16,0.));
#8302=DIRECTION('',(0.,0.,-1.));
#8303=DIRECTION('',(1.,-1.20210203867976E-16,0.));
#8304=DIRECTION('',(0.,0.,-1.));
#8305=DIRECTION('',(-1.,1.20210203867976E-16,0.));
#8306=DIRECTION('',(1.20210203867976E-16,1.,-2.45326946669338E-18));
#8307=DIRECTION('',(0.,0.,-1.));
#8308=DIRECTION('',(1.20210203867976E-16,1.,-2.45326946669338E-18));
#8309=DIRECTION('',(1.20210203867976E-16,1.,0.));
#8310=DIRECTION('',(1.,-1.20210203867976E-16,0.));
#8311=DIRECTION('',(0.,0.,-1.));
#8312=DIRECTION('',(1.,-1.20210203867976E-16,0.));
#8313=DIRECTION('',(1.,-1.20210203867976E-16,0.));
#8314=DIRECTION('',(-1.20210203867976E-16,-1.,2.45326946669338E-18));
#8315=DIRECTION('',(0.,0.,-1.));
#8316=DIRECTION('',(1.20210203867976E-16,1.,-2.45326946669338E-18));
#8317=DIRECTION('',(-1.20210203867976E-16,-1.,0.));
#8318=DIRECTION('',(-1.,1.20210203867976E-16,0.));
#8319=DIRECTION('',(0.,0.,-1.));
#8320=DIRECTION('',(1.,-1.20210203867976E-16,0.));
#8321=DIRECTION('',(1.20210203867976E-16,1.,0.));
#8322=DIRECTION('',(1.,-1.20210203867976E-16,0.));
#8323=DIRECTION('',(0.,0.,-1.));
#8324=DIRECTION('',(1.,-1.20210203867976E-16,0.));
#8325=DIRECTION('',(0.,0.,-1.));
#8326=DIRECTION('',(1.,-1.20210203867976E-16,0.));
#8327=DIRECTION('',(-1.20210203867976E-16,-1.,2.45326946669338E-18));
#8328=DIRECTION('',(0.,0.,-1.));
#8329=DIRECTION('',(1.20210203867976E-16,1.,-2.45326946669338E-18));
#8330=DIRECTION('',(-1.20210203867976E-16,-1.,0.));
#8331=DIRECTION('',(-1.,1.20210203867976E-16,0.));
#8332=DIRECTION('',(0.,0.,-1.));
#8333=DIRECTION('',(1.,-1.20210203867976E-16,0.));
#8334=DIRECTION('',(0.,0.,-1.));
#8335=DIRECTION('',(0.,0.,-1.));
#8336=DIRECTION('',(0.,0.,-1.));
#8337=DIRECTION('',(0.,0.,-1.));
#8338=DIRECTION('',(0.,0.,-1.));
#8339=DIRECTION('',(0.,0.,-1.));
#8340=DIRECTION('',(0.,0.,-1.));
#8341=DIRECTION('',(1.20210203867976E-16,1.,-2.45326946669338E-18));
#8342=DIRECTION('',(-1.,1.20210203867976E-16,0.));
#8343=DIRECTION('',(1.20210203867976E-16,1.,-2.45326946669338E-18));
#8344=DIRECTION('',(0.,0.,-1.));
#8345=DIRECTION('',(1.20210203867976E-16,1.,-2.45326946669338E-18));
#8346=DIRECTION('',(0.,0.,-1.));
#8347=DIRECTION('',(-0.366279776202125,0.930504769222233,2.77555756156289E-17));
#8348=DIRECTION('',(0.930504769222233,0.366279776202125,0.));
#8349=DIRECTION('',(0.,0.,-1.));
#8350=DIRECTION('',(0.930504769222233,0.366279776202125,0.));
#8351=DIRECTION('',(1.,-1.20210203867976E-16,0.));
#8352=DIRECTION('',(-1.20210203867976E-16,-1.,2.45326946669338E-18));
#8353=DIRECTION('',(0.,0.,-1.));
#8354=DIRECTION('',(1.20210203867976E-16,1.,-2.45326946669338E-18));
#8355=DIRECTION('',(0.360741980673224,-0.93266565465871,2.77555756156289E-17));
#8356=DIRECTION('',(-0.932665654658709,-0.360741980673224,0.));
#8357=DIRECTION('',(0.,0.,-1.));
#8358=DIRECTION('',(-0.932665654658709,-0.360741980673224,0.));
#8359=DIRECTION('',(1.,-1.20210203867976E-16,0.));
#8360=DIRECTION('',(-1.20210203867976E-16,-1.,2.45326946669338E-18));
#8361=DIRECTION('',(0.,0.,-1.));
#8362=DIRECTION('',(1.20210203867976E-16,1.,-2.45326946669338E-18));
#8363=DIRECTION('',(0.364640966502902,0.931148197414262,0.));
#8364=DIRECTION('',(0.931148197414262,-0.364640966502901,0.));
#8365=DIRECTION('',(0.,0.,-1.));
#8366=DIRECTION('',(0.931148197414262,-0.364640966502901,0.));
#8367=DIRECTION('',(1.,-1.20210203867976E-16,0.));
#8368=DIRECTION('',(-1.20210203867976E-16,-1.,2.45326946669338E-18));
#8369=DIRECTION('',(0.,0.,-1.));
#8370=DIRECTION('',(1.20210203867976E-16,1.,-2.45326946669338E-18));
#8371=DIRECTION('',(0.351702965156892,0.936111651620601,0.));
#8372=DIRECTION('',(0.936111651620601,-0.351702965156892,0.));
#8373=DIRECTION('',(0.,0.,-1.));
#8374=DIRECTION('',(0.936111651620601,-0.351702965156892,0.));
#8375=DIRECTION('',(0.,0.,-1.));
#8376=DIRECTION('',(-0.936111651620601,0.351702965156892,0.));
#8377=DIRECTION('',(-1.,1.20210203867976E-16,0.));
#8378=DIRECTION('',(1.20210203867976E-16,1.,-2.45326946669338E-18));
#8379=DIRECTION('',(0.,0.,-1.));
#8380=DIRECTION('',(1.20210203867976E-16,1.,-2.45326946669338E-18));
#8381=DIRECTION('',(-1.20210203867976E-16,-1.,0.));
#8382=DIRECTION('',(0.354594515857132,-0.935020175891433,-2.77555756156289E-17));
#8383=DIRECTION('',(-0.935020175891433,-0.354594515857132,0.));
#8384=DIRECTION('',(0.,0.,-1.));
#8385=DIRECTION('',(-0.935020175891433,-0.354594515857132,0.));
#8386=DIRECTION('',(0.935020175891433,0.354594515857132,0.));
#8387=DIRECTION('',(-0.364697763408865,-0.931125953544724,0.));
#8388=DIRECTION('',(-0.931125953544724,0.364697763408865,-5.55111512312578E-17));
#8389=DIRECTION('',(-0.931125953544724,0.364697763408865,-5.55111512312578E-17));
#8390=DIRECTION('',(0.,0.,-1.));
#8391=DIRECTION('',(-0.284472900423015,0.958684081919022,2.53582726340362E-31));
#8392=DIRECTION('',(0.,0.,-1.));
#8393=DIRECTION('',(-1.,0.,0.));
#8394=DIRECTION('',(0.,0.,-1.));
#8395=DIRECTION('',(0.,0.,-1.));
#8396=DIRECTION('',(-1.,0.,0.));
#8397=DIRECTION('',(0.,0.,-1.));
#8398=DIRECTION('',(-0.308631903372684,-0.95118155376382,1.97427381564585E-31));
#8399=DIRECTION('',(0.,0.,-1.));
#8400=DIRECTION('',(-1.,0.,0.));
#8401=DIRECTION('',(0.,0.,-1.));
#8402=DIRECTION('',(-1.,0.,0.));
#8403=DIRECTION('',(0.,0.,-1.));
#8404=DIRECTION('',(1.20210203867976E-16,1.,-2.45326946669338E-18));
#8405=DIRECTION('',(0.,0.,1.));
#8406=DIRECTION('',(-1.,0.,0.));
#8407=CARTESIAN_POINT('',(0.,0.,0.));
#8408=CARTESIAN_POINT('',(-0.00173550295164497,0.0463870190112407,-6.93889390390723E-18));
#8409=CARTESIAN_POINT('',(0.0240468463229561,-0.019110997861334,-6.93889390390723E-18));
#8410=CARTESIAN_POINT('',(-0.0175305600469755,-0.0354773439607447,-1.04083408558608E-17));
#8411=CARTESIAN_POINT('',(-0.00821671514238763,-0.0318110833030103,-6.93889390390723E-18));
#8412=CARTESIAN_POINT('',(-0.00821671514238761,0.0463870190112407,-6.93889390390723E-18));
#8413=CARTESIAN_POINT('',(-0.00821671514238763,-0.0309036533395511,-1.7347234759768E-17));
#8414=CARTESIAN_POINT('',(-0.0288438650158904,-0.0228245364427148,-1.04083408558608E-17));
#8415=CARTESIAN_POINT('',(-0.0175305600469755,-0.0272556630837654,-1.04083408558608E-17));
#8416=CARTESIAN_POINT('',(-0.0175305600469755,0.0463870190112407,-1.04083408558608E-17));
#8417=CARTESIAN_POINT('',(-0.0175305600469755,-0.0283721876473058,-1.04083408558608E-17));
#8418=CARTESIAN_POINT('',(-0.0292190123581844,-0.0237949478915743,-1.04083408558608E-17));
#8419=CARTESIAN_POINT('',(-0.0145809051545679,-0.0295272830594049,-1.04083408558608E-17));
#8420=CARTESIAN_POINT('',(-0.0145809051545679,0.0463870190112407,-1.04083408558608E-17));
#8421=CARTESIAN_POINT('',(-0.0145809051545679,-0.0332442948336639,-1.04083408558608E-17));
#8422=CARTESIAN_POINT('',(0.0233849508802142,-0.0185596347568934,-1.04083408558608E-17));
#8423=CARTESIAN_POINT('',(-0.0175305600469755,-0.0343851799331361,-1.04083408558608E-17));
#8424=CARTESIAN_POINT('',(-0.0175305600469755,0.0463870190112407,-1.04083408558608E-17));
#8425=CARTESIAN_POINT('',(-0.0110557326007717,-0.00819760380646132,-1.04083408558608E-17));
#8426=CARTESIAN_POINT('',(-0.011661700932075,-0.00761092089943737,-6.93889390390723E-18));
#8427=CARTESIAN_POINT('',(-0.0129954402743405,-0.00761092089943737,-1.04083408558608E-17));
#8428=CARTESIAN_POINT('',(-0.0129954402743405,-0.00761092089943736,-6.93889390390723E-18));
#8429=CARTESIAN_POINT('',(-0.0110557326007717,-0.00819760380646132,-1.04083408558608E-17));
#8430=CARTESIAN_POINT('',(-0.00173550295164497,-0.00761092089943737,-6.93889390390723E-18));
#8431=CARTESIAN_POINT('',(-0.0175305600469755,-0.00761092089943736,-6.93889390390723E-18));
#8432=CARTESIAN_POINT('',(-0.0175305600469755,0.0463870190112407,-1.04083408558608E-17));
#8433=CARTESIAN_POINT('',(-0.0175305600469755,-0.00866248403382632,-1.04083408558608E-17));
#8434=CARTESIAN_POINT('',(-0.00173550295164497,-0.00866248403382632,-6.93889390390723E-18));
#8435=CARTESIAN_POINT('',(-0.0130076205423064,-0.00866248403382632,-6.93889390390723E-18));
#8436=CARTESIAN_POINT('',(-0.0130076205423064,-0.00866248403382632,-3.46944695195361E-18));
#8437=CARTESIAN_POINT('',(-0.0121753022313036,-0.00866248403382632,-1.04083408558608E-17));
#8438=CARTESIAN_POINT('',(-0.0117601580981326,-0.00901774184949827,-6.93889390390723E-18));
#8439=CARTESIAN_POINT('',(-0.0117601580981326,-0.00901774184949827,-1.04083408558608E-17));
#8440=CARTESIAN_POINT('',(-0.0117601580981326,-0.00901774184949827,-1.04083408558608E-17));
#8441=CARTESIAN_POINT('',(-0.0113450139649617,-0.00937299966517021,-1.04083408558608E-17));
#8442=CARTESIAN_POINT('',(-0.0113450139649617,-0.0101220861450728,-1.04083408558608E-17));
#8443=CARTESIAN_POINT('',(-0.0113450139649617,-0.0101220861450728,-1.04083408558608E-17));
#8444=CARTESIAN_POINT('',(-0.0113450139649617,-0.0101220861450728,-1.04083408558608E-17));
#8445=CARTESIAN_POINT('',(-0.0113450139649617,-0.0111046277609883,-1.04083408558608E-17));
#8446=CARTESIAN_POINT('',(-0.0119093663807149,-0.0115745831000058,-6.93889390390723E-18));
#8447=CARTESIAN_POINT('',(-0.0119093663807149,-0.0115745831000058,-6.93889390390723E-18));
#8448=CARTESIAN_POINT('',(-0.0119093663807149,-0.0115745831000058,-6.93889390390723E-18));
#8449=CARTESIAN_POINT('',(-0.012473718796468,-0.0120445384390232,-1.04083408558608E-17));
#8450=CARTESIAN_POINT('',(-0.0136470846105159,-0.0120445384390232,-1.04083408558608E-17));
#8451=CARTESIAN_POINT('',(-0.0136470846105159,-0.0120445384390232,-1.04083408558608E-17));
#8452=CARTESIAN_POINT('',(-0.00173550295164497,-0.0120445384390232,-6.93889390390723E-18));
#8453=CARTESIAN_POINT('',(-0.0175305600469755,-0.0120445384390232,-6.93889390390723E-18));
#8454=CARTESIAN_POINT('',(-0.0175305600469755,0.0463870190112407,-1.04083408558608E-17));
#8455=CARTESIAN_POINT('',(-0.0175305600469755,-0.0130981316180732,-1.04083408558608E-17));
#8456=CARTESIAN_POINT('',(-0.00173550295164497,-0.0130981316180732,-6.93889390390723E-18));
#8457=CARTESIAN_POINT('',(-0.0130076205423064,-0.0130981316180732,-6.93889390390723E-18));
#8458=CARTESIAN_POINT('',(-0.0130076205423064,-0.0130981316180732,-6.93889390390723E-18));
#8459=CARTESIAN_POINT('',(-0.0121753022313036,-0.0130981316180732,-1.04083408558608E-17));
#8460=CARTESIAN_POINT('',(-0.0117601580981326,-0.0134533894337451,-6.93889390390723E-18));
#8461=CARTESIAN_POINT('',(-0.0117601580981326,-0.0134533894337451,-1.04083408558608E-17));
#8462=CARTESIAN_POINT('',(-0.0117601580981326,-0.0134533894337451,-1.04083408558608E-17));
#8463=CARTESIAN_POINT('',(-0.0113450139649617,-0.0138086472494171,-1.04083408558608E-17));
#8464=CARTESIAN_POINT('',(-0.0113450139649617,-0.0145638238633026,-1.04083408558608E-17));
#8465=CARTESIAN_POINT('',(-0.0113450139649617,-0.0145638238633026,-1.04083408558608E-17));
#8466=CARTESIAN_POINT('',(-0.0113450139649617,-0.0145638238633026,-1.04083408558608E-17));
#8467=CARTESIAN_POINT('',(-0.0113450139649617,-0.0155524556132011,-1.04083408558608E-17));
#8468=CARTESIAN_POINT('',(-0.0119377870059686,-0.0160122607289136,-6.93889390390723E-18));
#8469=CARTESIAN_POINT('',(-0.0119377870059686,-0.0160122607289136,-6.93889390390723E-18));
#8470=CARTESIAN_POINT('',(-0.0119377870059686,-0.0160122607289136,-1.04083408558608E-17));
#8471=CARTESIAN_POINT('',(-0.0125305600469755,-0.0164720658446262,-1.04083408558608E-17));
#8472=CARTESIAN_POINT('',(-0.0138825697911899,-0.0164720658446262,-1.04083408558608E-17));
#8473=CARTESIAN_POINT('',(-0.0138825697911899,-0.0164720658446262,-1.04083408558608E-17));
#8474=CARTESIAN_POINT('',(-0.00173550295164498,-0.0164720658446262,-6.93889390390723E-18));
#8475=CARTESIAN_POINT('',(-0.0175305600469755,-0.0164720658446262,-6.93889390390723E-18));
#8476=CARTESIAN_POINT('',(-0.0175305600469755,0.0463870190112407,-1.04083408558608E-17));
#8477=CARTESIAN_POINT('',(-0.0175305600469755,-0.0175256590236761,-1.04083408558608E-17));
#8478=CARTESIAN_POINT('',(-0.00173550295164498,-0.0175256590236761,-6.93889390390723E-18));
#8479=CARTESIAN_POINT('',(-0.0105776570831103,-0.0175256590236761,-1.04083408558608E-17));
#8480=CARTESIAN_POINT('',(-0.0105776570831103,0.0463870190112407,-1.04083408558608E-17));
#8481=CARTESIAN_POINT('',(-0.0105776570831103,-0.0166689801767415,-1.04083408558608E-17));
#8482=CARTESIAN_POINT('',(-0.0129529200770645,-0.0162435599390183,-1.04083408558608E-17));
#8483=CARTESIAN_POINT('',(-0.0115297480291111,-0.016498456425219,-1.04083408558608E-17));
#8484=CARTESIAN_POINT('',(-0.0115297480291111,0.0463870190112407,-6.93889390390723E-18));
#8485=CARTESIAN_POINT('',(-0.0115297480265443,-0.0164481213396404,-6.93889390390723E-18));
#8486=CARTESIAN_POINT('',(-0.0125829461515888,-0.0146621611774392,-6.93889390390723E-18));
#8487=CARTESIAN_POINT('',(-0.010736000566667,-0.0156062517967171,-6.93889390390723E-18));
#8488=CARTESIAN_POINT('',(-0.010736000566667,-0.0156062517967171,-6.93889390390723E-18));
#8489=CARTESIAN_POINT('',(-0.0104497642694684,-0.0150632148499043,-6.93889390390723E-18));
#8490=CARTESIAN_POINT('',(-0.0104497642694684,-0.0143912700671191,-6.93889390390723E-18));
#8491=CARTESIAN_POINT('',(-0.0104497642694684,-0.0143912700671191,-6.93889390390723E-18));
#8492=CARTESIAN_POINT('',(-0.0104497642694684,-0.0143912700671191,-6.93889390390723E-18));
#8493=CARTESIAN_POINT('',(-0.0104497642694684,-0.0127611442043501,-6.93889390390723E-18));
#8494=CARTESIAN_POINT('',(-0.0116312502621603,-0.0122597231730874,-1.04083408558608E-17));
#8495=CARTESIAN_POINT('',(-0.0116312502621603,-0.0122597231730874,-1.04083408558608E-17));
#8496=CARTESIAN_POINT('',(-0.0116312502621602,0.0463870190112407,-6.93889390390723E-18));
#8497=CARTESIAN_POINT('',(-0.0116312502621603,-0.0122089720565628,-1.04083408558608E-17));
#8498=CARTESIAN_POINT('',(-0.0116312502621603,-0.0122089720565628,-1.04083408558608E-17));
#8499=CARTESIAN_POINT('',(-0.0110851682483559,-0.0118983752234325,-1.04083408558608E-17));
#8500=CARTESIAN_POINT('',(-0.0107674662589122,-0.0113086472494171,-1.04083408558608E-17));
#8501=CARTESIAN_POINT('',(-0.0107674662589122,-0.0113086472494171,-1.04083408558608E-17));
#8502=CARTESIAN_POINT('',(-0.0107674662589122,-0.0113086472494171,-1.04083408558608E-17));
#8503=CARTESIAN_POINT('',(-0.0104497642694684,-0.0107189192754016,-6.93889390390723E-18));
#8504=CARTESIAN_POINT('',(-0.0104497642694684,-0.00996374266151613,-6.93889390390723E-18));
#8505=CARTESIAN_POINT('',(-0.0104497642694684,-0.00996374266151613,-6.93889390390723E-18));
#8506=CARTESIAN_POINT('',(-0.0104497642694684,-0.00996374266151613,-6.93889390390723E-18));
#8507=CARTESIAN_POINT('',(-0.0104497642694684,-0.00878428671348528,-6.93889390390723E-18));
#8508=CARTESIAN_POINT('',(-0.0110557326007717,-0.00819760380646132,-1.04083408558608E-17));
#8509=CARTESIAN_POINT('',(-0.0167368125845314,-0.0026758823285888,-1.04083408558608E-17));
#8510=CARTESIAN_POINT('',(-0.0167368125845314,-0.00155326763106545,-1.04083408558608E-17));
#8511=CARTESIAN_POINT('',(-0.0162678722678444,-0.000457043514134878,-1.7347234759768E-17));
#8512=CARTESIAN_POINT('',(-0.0162678722678444,-0.000457043514134878,-1.7347234759768E-17));
#8513=CARTESIAN_POINT('',(-0.0167368125845314,-0.0026758823285888,-1.04083408558608E-17));
#8514=CARTESIAN_POINT('',(-0.00173550295164497,-0.000457043514134878,-1.04083408558608E-17));
#8515=CARTESIAN_POINT('',(-0.0172069059178485,-0.000457043509108487,-8.67361737988403E-18));
#8516=CARTESIAN_POINT('',(-0.0119823560218481,-0.0027584632294009,-1.04083408558608E-17));
#8517=CARTESIAN_POINT('',(-0.0175528905382464,-0.0015126667378458,-1.04083408558608E-17));
#8518=CARTESIAN_POINT('',(-0.0175528905382463,-0.0015126667378458,-3.46944695195361E-18));
#8519=CARTESIAN_POINT('',(-0.0176584528606174,-0.00201002767978652,-6.93889390390723E-18));
#8520=CARTESIAN_POINT('',(-0.0176584528606174,-0.00271445317714747,-6.93889390390723E-18));
#8521=CARTESIAN_POINT('',(-0.0176584528606174,-0.00271445317714747,-6.93889390390723E-18));
#8522=CARTESIAN_POINT('',(-0.0176584528606174,-0.00271445317714747,-6.93889390390723E-18));
#8523=CARTESIAN_POINT('',(-0.0176584528606174,-0.00425525707483322,-3.46944695195361E-18));
#8524=CARTESIAN_POINT('',(-0.0167185421825825,-0.00514746170333504,-6.93889390390723E-18));
#8525=CARTESIAN_POINT('',(-0.0167185421825825,-0.00514746170333504,-3.46944695195361E-18));
#8526=CARTESIAN_POINT('',(-0.0167185421825825,-0.00514746170333504,-6.93889390390723E-18));
#8527=CARTESIAN_POINT('',(-0.0157786315045476,-0.00603966633183687,-1.04083408558608E-17));
#8528=CARTESIAN_POINT('',(-0.0141119648378809,-0.00603966633183687,-1.04083408558608E-17));
#8529=CARTESIAN_POINT('',(-0.0141119648378809,-0.00603966633183687,-1.04083408558608E-17));
#8530=CARTESIAN_POINT('',(-0.0141119648378809,-0.00603966633183687,-1.04083408558608E-17));
#8531=CARTESIAN_POINT('',(-0.0124290578139264,-0.00603966633183687,-6.93889390390723E-18));
#8532=CARTESIAN_POINT('',(-0.0114394110416974,-0.00521140811015599,-6.93889390390723E-18));
#8533=CARTESIAN_POINT('',(-0.0114394110416974,-0.00521140811015599,-6.93889390390723E-18));
#8534=CARTESIAN_POINT('',(-0.0114394110416974,-0.00521140811015599,-6.93889390390723E-18));
#8535=CARTESIAN_POINT('',(-0.0104497642694684,-0.00438314988847511,-6.93889390390723E-18));
#8536=CARTESIAN_POINT('',(-0.0104497642694684,-0.00298647916171912,-6.93889390390723E-18));
#8537=CARTESIAN_POINT('',(-0.0104497642694684,-0.00298647916171912,-1.04083408558608E-17));
#8538=CARTESIAN_POINT('',(-0.0104497642694684,-0.00298647916171912,-1.04083408558608E-17));
#8539=CARTESIAN_POINT('',(-0.0104497642694684,-0.00168116044470735,-1.04083408558608E-17));
#8540=CARTESIAN_POINT('',(-0.0113094881833945,-0.000919893696838899,-1.04083408558608E-17));
#8541=CARTESIAN_POINT('',(-0.0113094881833945,-0.000919893696838899,-1.04083408558608E-17));
#8542=CARTESIAN_POINT('',(-0.0113094881833945,-0.000919893696838899,-3.46944695195361E-18));
#8543=CARTESIAN_POINT('',(-0.0121692120973206,-0.000158626948970445,-6.93889390390723E-18));
#8544=CARTESIAN_POINT('',(-0.0135780630920425,-0.000158626948970444,-6.93889390390723E-18));
#8545=CARTESIAN_POINT('',(-0.0135780630920425,-0.000158626948970444,-3.46944695195361E-18));
#8546=CARTESIAN_POINT('',(-0.00173550295164497,-0.000158626948970446,-1.04083408558608E-17));
#8547=CARTESIAN_POINT('',(-0.0142439177408448,-0.000158626948970444,-1.04083408558608E-17));
#8548=CARTESIAN_POINT('',(-0.0142439177408448,0.0463870190112407,-1.04083408558608E-17));
#8549=CARTESIAN_POINT('',(-0.0142439177408448,-0.00494750230422826,-1.04083408558608E-17));
#8550=CARTESIAN_POINT('',(-0.0142439177408448,-0.00494750230422826,-6.93889390390723E-18));
#8551=CARTESIAN_POINT('',(-0.0154680346714173,-0.00491502158965254,-1.04083408558608E-17));
#8552=CARTESIAN_POINT('',(-0.0161024236279743,-0.00432833868262858,-6.93889390390723E-18));
#8553=CARTESIAN_POINT('',(-0.0161024236279743,-0.00432833868262858,-6.93889390390723E-18));
#8554=CARTESIAN_POINT('',(-0.0161024236279743,-0.00432833868262858,-1.38777878078145E-17));
#8555=CARTESIAN_POINT('',(-0.0167368125845314,-0.00374165577560463,-1.04083408558608E-17));
#8556=CARTESIAN_POINT('',(-0.0167368125845314,-0.0026758823285888,-1.04083408558608E-17));
#8557=CARTESIAN_POINT('',(-0.00765845286061741,0.0463870190112407,-6.93889390390723E-18));
#8558=CARTESIAN_POINT('',(-0.00765845286061742,0.0064755590031205,-6.93889390390723E-18));
#8559=CARTESIAN_POINT('',(-0.00765845286061742,0.00752915218217043,-1.04083408558608E-17));
#8560=CARTESIAN_POINT('',(-0.00173550295164497,0.00752915218217044,-1.04083408558608E-17));
#8561=CARTESIAN_POINT('',(-0.0175305600469755,0.00752915218217043,-1.04083408558608E-17));
#8562=CARTESIAN_POINT('',(-0.0175305600469755,0.0463870190112407,-1.04083408558608E-17));
#8563=CARTESIAN_POINT('',(-0.0175305600469755,0.0066724733352358,-1.04083408558608E-17));
#8564=CARTESIAN_POINT('',(-0.00792278139751728,0.00522816674087281,-1.04083408558608E-17));
#8565=CARTESIAN_POINT('',(-0.0165987695475845,0.00653240025362801,-1.04083408558608E-17));
#8566=CARTESIAN_POINT('',(-0.0165987695475845,0.0463870190112407,-1.04083408558608E-17));
#8567=CARTESIAN_POINT('',(-0.0165987695475845,0.00647555900312049,-6.93889390390723E-18));
#8568=CARTESIAN_POINT('',(-0.0165987695475845,0.00647555900312049,-1.04083408558608E-17));
#8569=CARTESIAN_POINT('',(-0.0176584528606174,0.00574677296982776,-6.93889390390723E-18));
#8570=CARTESIAN_POINT('',(-0.0176584528606174,0.00429326099256426,-6.93889390390723E-18));
#8571=CARTESIAN_POINT('',(-0.0176584528606174,0.00429326099256426,-3.46944695195361E-18));
#8572=CARTESIAN_POINT('',(-0.0176584528606174,0.00429326099256426,-1.04083408558608E-17));
#8573=CARTESIAN_POINT('',(-0.0176584528606174,0.002929070980384,-1.04083408558608E-17));
#8574=CARTESIAN_POINT('',(-0.0167256473388959,0.00217084929950701,-1.38777878078145E-17));
#8575=CARTESIAN_POINT('',(-0.0167256473388959,0.00217084929950701,-1.38777878078145E-17));
#8576=CARTESIAN_POINT('',(-0.0167256473388959,0.00217084929950701,-1.04083408558608E-17));
#8577=CARTESIAN_POINT('',(-0.0157928418171744,0.00141262761863003,-6.93889390390723E-18));
#8578=CARTESIAN_POINT('',(-0.0140733939893222,0.00141262761863003,-1.04083408558608E-17));
#8579=CARTESIAN_POINT('',(-0.0140733939893222,0.00141262761863003,-6.93889390390723E-18));
#8580=CARTESIAN_POINT('',(-0.0140733939893222,0.00141262761863003,-6.93889390390723E-18));
#8581=CARTESIAN_POINT('',(-0.01235394616147,0.00141262761863003,-6.93889390390723E-18));
#8582=CARTESIAN_POINT('',(-0.0114018552154692,0.00217389436649848,-3.46944695195361E-18));
#8583=CARTESIAN_POINT('',(-0.0114018552154692,0.00217389436649848,-6.93889390390723E-18));
#8584=CARTESIAN_POINT('',(-0.0114018552154692,0.00217389436649848,-1.04083408558608E-17));
#8585=CARTESIAN_POINT('',(-0.0104497642694684,0.00293516111436694,-1.04083408558608E-17));
#8586=CARTESIAN_POINT('',(-0.0104497642694684,0.00429326099256426,-1.04083408558608E-17));
#8587=CARTESIAN_POINT('',(-0.0104497642694684,0.00429326099256426,-1.04083408558608E-17));
#8588=CARTESIAN_POINT('',(-0.0104497642694684,0.00429326099256426,-3.46944695195361E-18));
#8589=CARTESIAN_POINT('',(-0.0104497642694684,0.00570820212126909,-3.46944695195361E-18));
#8590=CARTESIAN_POINT('',(-0.0114789969125866,0.0064633787351546,-6.93889390390723E-18));
#8591=CARTESIAN_POINT('',(-0.0114789969125866,0.0064633787351546,-6.93889390390723E-18));
#8592=CARTESIAN_POINT('',(-0.0114789969125866,0.0463870190112407,-1.04083408558608E-17));
#8593=CARTESIAN_POINT('',(-0.0114789969125866,0.00654661056625488,-6.93889390390723E-18));
#8594=CARTESIAN_POINT('',(-0.00533280070207429,0.00599917608596633,-1.04083408558608E-17));
#8595=CARTESIAN_POINT('',(-0.0109775758813239,0.00650194958371326,-1.04083408558608E-17));
#8596=CARTESIAN_POINT('',(-0.00390755158411803,0.00612057897846981,-6.93889390390723E-18));
#8597=CARTESIAN_POINT('',(-0.0104883351180271,0.00647555900312049,-6.93889390390723E-18));
#8598=CARTESIAN_POINT('',(-0.00173550295164497,0.0064755590031205,-1.04083408558608E-17));
#8599=CARTESIAN_POINT('',(-0.00173550295164497,0.0152149012686503,-1.04083408558608E-17));
#8600=CARTESIAN_POINT('',(-0.00825528599094628,0.0152149012686503,-1.04083408558608E-17));
#8601=CARTESIAN_POINT('',(-0.0165541085650429,0.0152149012686503,-6.93889390390723E-18));
#8602=CARTESIAN_POINT('',(-0.0165541085650429,0.0463870190112407,-6.93889390390723E-18));
#8603=CARTESIAN_POINT('',(-0.0165541085650429,0.0193074713051911,-6.93889390390723E-18));
#8604=CARTESIAN_POINT('',(-0.00173550295164497,0.0193074713051911,-1.04083408558608E-17));
#8605=CARTESIAN_POINT('',(-0.0175305600469755,0.0193074713051911,-1.04083408558608E-17));
#8606=CARTESIAN_POINT('',(-0.0175305600469755,0.0463870190112407,-1.04083408558608E-17));
#8607=CARTESIAN_POINT('',(-0.0175305600469755,0.0141369475536686,-1.04083408558608E-17));
#8608=CARTESIAN_POINT('',(-0.00173550295164497,0.0141369475536686,-1.04083408558608E-17));
#8609=CARTESIAN_POINT('',(-0.00825528599094628,0.0141369475536686,-1.04083408558608E-17));
#8610=CARTESIAN_POINT('',(-0.00825528599094628,0.0463870190112407,-1.04083408558608E-17));
#8611=CARTESIAN_POINT('',(-0.0101444889548613,0.0107941454871628,-6.93889390390723E-18));
#8612=CARTESIAN_POINT('',(-0.0115033574485183,0.0292857111065377,-6.93889390390723E-18));
#8613=CARTESIAN_POINT('',(-0.0100579668657592,0.0293356313743346,-7.80625564189563E-18));
#8614=CARTESIAN_POINT('',(-0.0115033574485183,0.0463870190112407,-6.93889390390723E-18));
#8615=CARTESIAN_POINT('',(-0.0115033574485183,0.0293358919304449,-6.93889390390723E-18));
#8616=CARTESIAN_POINT('',(-0.0115033574485183,0.0293358919304449,-6.93889390390723E-18));
#8617=CARTESIAN_POINT('',(-0.0104639745820953,0.0300707680977206,-6.93889390390723E-18));
#8618=CARTESIAN_POINT('',(-0.0104639745820953,0.0315181899410011,-6.93889390390723E-18));
#8619=CARTESIAN_POINT('',(-0.0104639745820953,0.0315181899410011,-6.93889390390723E-18));
#8620=CARTESIAN_POINT('',(-0.0104639745820953,0.0315181899410011,-6.93889390390723E-18));
#8621=CARTESIAN_POINT('',(-0.0104639745820953,0.0328884700871644,-6.93889390390723E-18));
#8622=CARTESIAN_POINT('',(-0.0113998251708082,0.0336466917680414,-3.46944695195361E-18));
#8623=CARTESIAN_POINT('',(-0.0113998251708082,0.0336466917680414,-3.46944695195361E-18));
#8624=CARTESIAN_POINT('',(-0.0113998251708082,0.0336466917680414,-6.93889390390723E-18));
#8625=CARTESIAN_POINT('',(-0.0123356757595212,0.0344049134489183,-6.93889390390723E-18));
#8626=CARTESIAN_POINT('',(-0.0140470034087295,0.0344049134489183,-3.46944695195361E-18));
#8627=CARTESIAN_POINT('',(-0.0140470034087295,0.0344049134489183,-3.46944695195361E-18));
#8628=CARTESIAN_POINT('',(-0.0140470034087295,0.0344049134489183,-1.38777878078145E-17));
#8629=CARTESIAN_POINT('',(-0.0157603611025987,0.0344049134489183,-1.04083408558608E-17));
#8630=CARTESIAN_POINT('',(-0.0167094069816081,0.0336406016340584,-1.38777878078145E-17));
#8631=CARTESIAN_POINT('',(-0.0167094069816081,0.0336406016340584,-1.38777878078145E-17));
#8632=CARTESIAN_POINT('',(-0.0167094069816081,0.0336406016340584,-6.93889390390723E-18));
#8633=CARTESIAN_POINT('',(-0.0176584528606174,0.0328762898191984,-6.93889390390723E-18));
#8634=CARTESIAN_POINT('',(-0.0176584528606174,0.0315181899410011,-6.93889390390723E-18));
#8635=CARTESIAN_POINT('',(-0.0176584528606174,0.0315181899410011,-6.93889390390723E-18));
#8636=CARTESIAN_POINT('',(-0.0176584528606174,0.0315181899410011,-6.93889390390723E-18));
#8637=CARTESIAN_POINT('',(-0.0176584528606174,0.030838124979572,-6.93889390390723E-18));
#8638=CARTESIAN_POINT('',(-0.0174077423449861,0.0302768176308103,-1.04083408558608E-17));
#8639=CARTESIAN_POINT('',(-0.0174077423449861,0.0302768176308103,-6.93889390390723E-18));
#8640=CARTESIAN_POINT('',(-0.0152926669431953,0.0312290817635819,-6.93889390390723E-18));
#8641=CARTESIAN_POINT('',(-0.0166350428417337,0.0293362691316682,-6.93889390390723E-18));
#8642=CARTESIAN_POINT('',(-0.0166353103514822,0.0463870190112407,-6.93889390390723E-18));
#8643=CARTESIAN_POINT('',(-0.0166353103514822,0.0292587502333276,-6.93889390390723E-18));
#8644=CARTESIAN_POINT('',(0.00139644062405229,0.0337155775719518,-6.93889390390723E-18));
#8645=CARTESIAN_POINT('',(-0.0175305600469755,0.0290374753652805,-1.04083408558608E-17));
#8646=CARTESIAN_POINT('',(-0.0175305600469755,0.0463870190112407,-1.04083408558608E-17));
#8647=CARTESIAN_POINT('',(-0.0175305600469755,0.028282298751395,-1.04083408558608E-17));
#8648=CARTESIAN_POINT('',(-0.00173550295164497,0.028282298751395,-6.93889390390723E-18));
#8649=CARTESIAN_POINT('',(-0.00765845286061742,0.028282298751395,-6.93889390390723E-18));
#8650=CARTESIAN_POINT('',(-0.00765845286061742,0.0463870190112407,-1.04083408558608E-17));
#8651=CARTESIAN_POINT('',(-0.00765845286061742,0.0293358919304449,-6.93889390390723E-18));
#8652=CARTESIAN_POINT('',(-0.00173550295164497,0.0293358919304449,-6.93889390390723E-18));
#8653=CARTESIAN_POINT('',(0.0119907083660939,0.0199454479972622,-1.04083408558608E-17));
#8654=CARTESIAN_POINT('',(0.0155591789737275,-0.0261991882682165,-1.04083408558608E-17));
#8655=CARTESIAN_POINT('',(0.0121662133517144,-0.0263353505367492,-9.54097911787244E-18));
#8656=CARTESIAN_POINT('',(0.0155591789737275,0.0463870190112407,-1.04083408558608E-17));
#8657=CARTESIAN_POINT('',(0.0155591789737275,-0.0262763011614922,-3.46944695195361E-18));
#8658=CARTESIAN_POINT('',(0.0249464774798883,-0.0226481242166037,-3.46944695195361E-18));
#8659=CARTESIAN_POINT('',(0.00308539735744128,-0.0310973992490924,-3.46944695195361E-18));
#8660=CARTESIAN_POINT('',(0.00308539735744127,0.0463870190112407,-1.04083408558608E-17));
#8661=CARTESIAN_POINT('',(0.00308539735744126,-0.0324175719819734,-6.93889390390723E-18));
#8662=CARTESIAN_POINT('',(-0.0274262026042545,-0.0207402929842874,-1.04083408558608E-17));
#8663=CARTESIAN_POINT('',(0.0155776860681137,-0.0371985713650702,-1.38777878078145E-17));
#8664=CARTESIAN_POINT('',(0.0155776860681137,0.0463870190112407,-6.93889390390723E-18));
#8665=CARTESIAN_POINT('',(0.0155776860681137,-0.037275684258346,-1.04083408558608E-17));
#8666=CARTESIAN_POINT('',(0.0155776860681137,-0.037275684258346,-3.46944695195361E-18));
#8667=CARTESIAN_POINT('',(0.0140940340014881,-0.0371399655661807,-3.46944695195361E-18));
#8668=CARTESIAN_POINT('',(0.0120490000718151,-0.0371399655661807,-6.93889390390723E-18));
#8669=CARTESIAN_POINT('',(0.0120490000718151,-0.0371399655661807,-6.93889390390723E-18));
#8670=CARTESIAN_POINT('',(-0.00173550295164498,-0.0371399655661807,-6.93889390390723E-18));
#8671=CARTESIAN_POINT('',(0.00308539735744126,-0.0371399655661807,-6.93889390390723E-18));
#8672=CARTESIAN_POINT('',(0.00308539735744127,0.0463870190112407,-1.04083408558608E-17));
#8673=CARTESIAN_POINT('',(0.00308539735744126,-0.0386544627901165,-6.93889390390723E-18));
#8674=CARTESIAN_POINT('',(-0.00173550295164498,-0.0386544627901165,-6.93889390390723E-18));
#8675=CARTESIAN_POINT('',(0.0171785497325183,-0.0386544627901165,-1.04083408558608E-17));
#8676=CARTESIAN_POINT('',(0.0171785497325184,0.0463870190112407,-6.93889390390723E-18));
#8677=CARTESIAN_POINT('',(0.0171785497325183,-0.0361868502052924,-6.93889390390723E-18));
#8678=CARTESIAN_POINT('',(-0.0269352062178853,-0.0192506324127123,-3.46944695195361E-18));
#8679=CARTESIAN_POINT('',(0.00555300994226543,-0.0317235559424916,-1.04083408558608E-17));
#8680=CARTESIAN_POINT('',(0.00555300994226545,0.0463870190112407,-1.04083408558608E-17));
#8681=CARTESIAN_POINT('',(0.00555300994226544,-0.0316464430492158,-6.93889390390723E-18));
#8682=CARTESIAN_POINT('',(0.0254848668634671,-0.0239307149388329,-6.93889390390723E-18));
#8683=CARTESIAN_POINT('',(0.0171785497325183,-0.0271461345976428,-1.04083408558608E-17));
#8684=CARTESIAN_POINT('',(0.0171785497325184,0.0463870190112407,-6.93889390390723E-18));
#8685=CARTESIAN_POINT('',(0.0171785497325183,-0.0246970291072048,-6.93889390390723E-18));
#8686=CARTESIAN_POINT('',(-0.00173550295164498,-0.0246970291072048,-6.93889390390723E-18));
#8687=CARTESIAN_POINT('',(0.00308539735744126,-0.0246970291072048,-6.93889390390723E-18));
#8688=CARTESIAN_POINT('',(0.00308539735744127,0.0463870190112407,-6.93889390390723E-18));
#8689=CARTESIAN_POINT('',(0.00308539735744126,-0.0263349069603818,-6.93889390390723E-18));
#8690=CARTESIAN_POINT('',(-0.00173550295164498,-0.0263349069603818,-6.93889390390723E-18));
#8691=CARTESIAN_POINT('',(0.00429144300827408,-0.0171985713650702,-1.04083408558608E-17));
#8692=CARTESIAN_POINT('',(0.00429144300827408,-0.0154928341658105,-1.04083408558608E-17));
#8693=CARTESIAN_POINT('',(0.00500396614214206,-0.0138271956710542,-1.04083408558608E-17));
#8694=CARTESIAN_POINT('',(0.00500396614214206,-0.0138271956710542,-1.04083408558608E-17));
#8695=CARTESIAN_POINT('',(0.00429144300827408,-0.0171985713650702,-1.04083408558608E-17));
#8696=CARTESIAN_POINT('',(-0.00173550295164498,-0.0138271956710542,-6.93889390390723E-18));
#8697=CARTESIAN_POINT('',(0.00357583535867507,-0.0138271956710542,-6.93889390390723E-18));
#8698=CARTESIAN_POINT('',(0.00357583535867507,-0.0138271956710542,-6.93889390390723E-18));
#8699=CARTESIAN_POINT('',(0.0032118625024135,-0.0146754374970875,-6.93889390390723E-18));
#8700=CARTESIAN_POINT('',(0.00305146768439993,-0.0154311438511899,-6.93889390390723E-18));
#8701=CARTESIAN_POINT('',(0.00305146768439993,-0.0154311438511899,-6.93889390390723E-18));
#8702=CARTESIAN_POINT('',(0.00305146768439993,-0.0154311438511899,-1.04083408558608E-17));
#8703=CARTESIAN_POINT('',(0.00289107286638636,-0.0161868502052923,-6.93889390390723E-18));
#8704=CARTESIAN_POINT('',(0.00289107286638636,-0.0172571771639598,-6.93889390390723E-18));
#8705=CARTESIAN_POINT('',(0.00289107286638636,-0.0172571771639598,-6.93889390390723E-18));
#8706=CARTESIAN_POINT('',(0.00289107286638636,-0.0172571771639598,-6.93889390390723E-18));
#8707=CARTESIAN_POINT('',(0.00289107286638636,-0.0195983246038118,-1.04083408558608E-17));
#8708=CARTESIAN_POINT('',(0.00431920364985335,-0.0209539692675995,-6.93889390390723E-18));
#8709=CARTESIAN_POINT('',(0.00431920364985335,-0.0209539692675995,-6.93889390390723E-18));
#8710=CARTESIAN_POINT('',(0.00431920364985335,-0.0209539692675995,-6.93889390390723E-18));
#8711=CARTESIAN_POINT('',(0.00574733443332035,-0.0223096139313873,-1.04083408558608E-17));
#8712=CARTESIAN_POINT('',(0.00827972184849617,-0.0223096139313873,-1.04083408558608E-17));
#8713=CARTESIAN_POINT('',(0.00827972184849617,-0.0223096139313873,-1.04083408558608E-17));
#8714=CARTESIAN_POINT('',(0.00827972184849617,-0.0223096139313873,-1.04083408558608E-17));
#8715=CARTESIAN_POINT('',(0.0108367853895202,-0.0223096139313873,-1.04083408558608E-17));
#8716=CARTESIAN_POINT('',(0.0123404868083975,-0.021051131513127,-1.04083408558608E-17));
#8717=CARTESIAN_POINT('',(0.0123404868083975,-0.021051131513127,-1.04083408558608E-17));
#8718=CARTESIAN_POINT('',(0.0123404868083975,-0.021051131513127,-1.04083408558608E-17));
#8719=CARTESIAN_POINT('',(0.0138441882272747,-0.0197926490948666,-1.04083408558608E-17));
#8720=CARTESIAN_POINT('',(0.0138441882272747,-0.0176705022719179,-1.04083408558608E-17));
#8721=CARTESIAN_POINT('',(0.0138441882272747,-0.0176705022719179,-1.04083408558608E-17));
#8722=CARTESIAN_POINT('',(0.0138441882272747,-0.0176705022719179,-1.04083408558608E-17));
#8723=CARTESIAN_POINT('',(0.0138441882272747,-0.0156871586568654,-1.04083408558608E-17));
#8724=CARTESIAN_POINT('',(0.0125378958151834,-0.0145304652577291,-1.04083408558608E-17));
#8725=CARTESIAN_POINT('',(0.0125378958151834,-0.0145304652577291,-1.04083408558608E-17));
#8726=CARTESIAN_POINT('',(0.0125378958151834,-0.0145304652577291,-6.93889390390723E-18));
#8727=CARTESIAN_POINT('',(0.0112316034030921,-0.0133737718585927,-6.93889390390723E-18));
#8728=CARTESIAN_POINT('',(0.00909094948575711,-0.0133737718585927,-1.04083408558608E-17));
#8729=CARTESIAN_POINT('',(0.00909094948575711,-0.0133737718585927,-1.04083408558608E-17));
#8730=CARTESIAN_POINT('',(-0.00173550295164497,-0.0133737718585927,-6.93889390390723E-18));
#8731=CARTESIAN_POINT('',(0.0080792283259792,-0.0133737718585927,-6.93889390390723E-18));
#8732=CARTESIAN_POINT('',(0.00807922832597921,0.0463870190112407,-6.93889390390723E-18));
#8733=CARTESIAN_POINT('',(0.0080792283259792,-0.020650144468093,-1.04083408558608E-17));
#8734=CARTESIAN_POINT('',(0.0080792283259792,-0.020650144468093,-1.04083408558608E-17));
#8735=CARTESIAN_POINT('',(0.00621926534016797,-0.0206007922163965,-1.04083408558608E-17));
#8736=CARTESIAN_POINT('',(0.00525535417422103,-0.0197093671701288,-6.93889390390723E-18));
#8737=CARTESIAN_POINT('',(0.00525535417422103,-0.0197093671701288,-6.93889390390723E-18));
#8738=CARTESIAN_POINT('',(0.00525535417422103,-0.0197093671701288,-6.93889390390723E-18));
#8739=CARTESIAN_POINT('',(0.00429144300827408,-0.0188179421238611,-1.04083408558608E-17));
#8740=CARTESIAN_POINT('',(0.00429144300827408,-0.0171985713650702,-1.04083408558608E-17));
#8741=CARTESIAN_POINT('',(0.0124068038966146,0.0463870190112407,-6.93889390390723E-18));
#8742=CARTESIAN_POINT('',(0.0124068038966146,-0.00561621479505173,-6.93889390390723E-18));
#8743=CARTESIAN_POINT('',(0.0124068038966146,-0.00868222343169577,-1.04083408558608E-17));
#8744=CARTESIAN_POINT('',(-0.00173550295164497,-0.00868222343169577,-6.93889390390723E-18));
#8745=CARTESIAN_POINT('',(0.00618842018285767,-0.00868222343169577,-6.93889390390723E-18));
#8746=CARTESIAN_POINT('',(0.00618842018285767,-0.00868222343169577,-6.93889390390723E-18));
#8747=CARTESIAN_POINT('',(0.00523530482196933,-0.00868222343169577,-1.04083408558608E-17));
#8748=CARTESIAN_POINT('',(0.00472481746848383,-0.00822879961923433,-6.93889390390723E-18));
#8749=CARTESIAN_POINT('',(0.00472481746848383,-0.00822879961923433,-6.93889390390723E-18));
#8750=CARTESIAN_POINT('',(0.00472481746848383,-0.00822879961923433,-1.04083408558608E-17));
#8751=CARTESIAN_POINT('',(0.00421433011499832,-0.00777537580677288,-1.04083408558608E-17));
#8752=CARTESIAN_POINT('',(0.00421433011499832,-0.00698573977962914,-1.04083408558608E-17));
#8753=CARTESIAN_POINT('',(0.00421433011499832,-0.00698573977962914,-1.04083408558608E-17));
#8754=CARTESIAN_POINT('',(0.00952611476778127,-0.00697034063148105,-1.04083408558608E-17));
#8755=CARTESIAN_POINT('',(0.00427630327842558,-0.00616529775465787,-9.54097911787244E-18));
#8756=CARTESIAN_POINT('',(0.00950866349268721,-0.00690754309690008,-6.93889390390723E-18));
#8757=CARTESIAN_POINT('',(0.00440463789227921,-0.00553910190177597,-6.93889390390723E-18));
#8758=CARTESIAN_POINT('',(-0.00173550295164497,-0.00553910190177597,-6.93889390390723E-18));
#8759=CARTESIAN_POINT('',(0.0031810173451032,-0.00553910190177597,-6.93889390390723E-18));
#8760=CARTESIAN_POINT('',(0.0031810173451032,-0.00553910190177597,-6.93889390390723E-18));
#8761=CARTESIAN_POINT('',(0.00305763671586199,-0.00579820122318251,-1.04083408558608E-17));
#8762=CARTESIAN_POINT('',(0.00297435479112417,-0.00630406180307146,-6.93889390390723E-18));
#8763=CARTESIAN_POINT('',(0.00297435479112417,-0.00630406180307146,-6.93889390390723E-18));
#8764=CARTESIAN_POINT('',(0.00859391209796083,-0.00728598814260775,-6.93889390390723E-18));
#8765=CARTESIAN_POINT('',(0.00289107286638636,-0.00721707845945641,-6.93889390390723E-18));
#8766=CARTESIAN_POINT('',(0.00289107286638636,-0.00721707845945641,-6.93889390390723E-18));
#8767=CARTESIAN_POINT('',(0.00289107286638636,-0.0102800025803694,-1.04083408558608E-17));
#8768=CARTESIAN_POINT('',(0.006120560836775,-0.0102800025803694,-1.04083408558608E-17));
#8769=CARTESIAN_POINT('',(0.006120560836775,-0.0102800025803694,-1.04083408558608E-17));
#8770=CARTESIAN_POINT('',(-0.00173550295164497,-0.0102800025803694,-6.93889390390723E-18));
#8771=CARTESIAN_POINT('',(0.0124068038966146,-0.0102800025803694,-6.93889390390723E-18));
#8772=CARTESIAN_POINT('',(0.0124068038966146,0.0463870190112407,-1.04083408558608E-17));
#8773=CARTESIAN_POINT('',(0.0124068038966146,-0.0117944998043053,-1.04083408558608E-17));
#8774=CARTESIAN_POINT('',(-0.00173550295164497,-0.0117944998043053,-6.93889390390723E-18));
#8775=CARTESIAN_POINT('',(0.0131779328293722,-0.0117944998043053,-6.93889390390723E-18));
#8776=CARTESIAN_POINT('',(0.0322046756525142,0.031456105409411,-1.38777878078145E-17));
#8777=CARTESIAN_POINT('',(0.0138441882272747,-0.0102800025803694,-1.04083408558608E-17));
#8778=CARTESIAN_POINT('',(0.0150560494519791,-0.00991859936971886,-6.93889390390723E-18));
#8779=CARTESIAN_POINT('',(0.0160989692266578,-0.00960757815100483,-1.04083408558608E-17));
#8780=CARTESIAN_POINT('',(0.0160989692266578,0.0463870190112407,-6.93889390390723E-18));
#8781=CARTESIAN_POINT('',(0.0160989692266578,-0.00868222343169577,-6.93889390390723E-18));
#8782=CARTESIAN_POINT('',(-0.00173550295164497,-0.00868222343169577,-6.93889390390723E-18));
#8783=CARTESIAN_POINT('',(0.0136498637362198,-0.00868222343169577,-6.93889390390723E-18));
#8784=CARTESIAN_POINT('',(0.0136498637362198,0.0463870190112407,-1.04083408558608E-17));
#8785=CARTESIAN_POINT('',(0.0136498637362198,-0.00561621479505173,-1.04083408558608E-17));
#8786=CARTESIAN_POINT('',(-0.00173550295164497,-0.00561621479505173,-6.93889390390723E-18));
#8787=CARTESIAN_POINT('',(0.00380717403850234,0.0214118542981006,-1.04083408558608E-17));
#8788=CARTESIAN_POINT('',(0.00472327521061832,0.0204541121636157,-6.93889390390723E-18));
#8789=CARTESIAN_POINT('',(0.00673746398298106,0.0204541121636157,-6.93889390390723E-18));
#8790=CARTESIAN_POINT('',(0.00673746398298106,0.0204541121636157,-6.93889390390723E-18));
#8791=CARTESIAN_POINT('',(0.00380717403850234,0.0214118542981006,-1.04083408558608E-17));
#8792=CARTESIAN_POINT('',(-0.00173550295164497,0.0204541121636157,-1.04083408558608E-17));
#8793=CARTESIAN_POINT('',(0.0136498637362198,0.0204541121636157,-1.04083408558608E-17));
#8794=CARTESIAN_POINT('',(0.0136498637362198,0.0463870190112407,-6.93889390390723E-18));
#8795=CARTESIAN_POINT('',(0.0136498637362198,0.0220734829224066,-1.04083408558608E-17));
#8796=CARTESIAN_POINT('',(-0.00173550295164497,0.0220734829224066,-1.04083408558608E-17));
#8797=CARTESIAN_POINT('',(0.00679606978187063,0.0220734829224066,-1.04083408558608E-17));
#8798=CARTESIAN_POINT('',(0.00679606978187063,0.0220734829224066,-1.04083408558608E-17));
#8799=CARTESIAN_POINT('',(0.00550365769056896,0.0220734829224066,-1.04083408558608E-17));
#8800=CARTESIAN_POINT('',(0.00486824744997674,0.0226610831691679,-6.93889390390723E-18));
#8801=CARTESIAN_POINT('',(0.00486824744997674,0.0226610831691679,-6.93889390390723E-18));
#8802=CARTESIAN_POINT('',(0.00486824744997674,0.0226610831691679,-6.93889390390723E-18));
#8803=CARTESIAN_POINT('',(0.00423283720938451,0.0232486834159292,-1.04083408558608E-17));
#8804=CARTESIAN_POINT('',(0.00423283720938451,0.0245009968027275,-1.04083408558608E-17));
#8805=CARTESIAN_POINT('',(0.00423283720938451,0.0245009968027275,-1.04083408558608E-17));
#8806=CARTESIAN_POINT('',(0.00423283720938451,0.0245009968027275,-6.93889390390723E-18));
#8807=CARTESIAN_POINT('',(0.00423283720938451,0.0261604662660217,-6.93889390390723E-18));
#8808=CARTESIAN_POINT('',(0.00513814257644188,0.0269254261673172,-6.93889390390723E-18));
#8809=CARTESIAN_POINT('',(0.00513814257644188,0.0269254261673172,-1.04083408558608E-17));
#8810=CARTESIAN_POINT('',(0.00513814257644188,0.0269254261673172,-1.04083408558608E-17));
#8811=CARTESIAN_POINT('',(0.00604344794349926,0.0276903860686127,-6.93889390390723E-18));
#8812=CARTESIAN_POINT('',(0.00809773542036539,0.0276903860686127,-1.04083408558608E-17));
#8813=CARTESIAN_POINT('',(0.00809773542036539,0.0276903860686127,-1.04083408558608E-17));
#8814=CARTESIAN_POINT('',(-0.00173550295164497,0.0276903860686127,-6.93889390390723E-18));
#8815=CARTESIAN_POINT('',(0.0136498637362198,0.0276903860686127,-6.93889390390723E-18));
#8816=CARTESIAN_POINT('',(0.0136498637362198,0.0463870190112407,-6.93889390390723E-18));
#8817=CARTESIAN_POINT('',(0.0136498637362198,0.0292912497330174,-1.04083408558608E-17));
#8818=CARTESIAN_POINT('',(-0.00173550295164497,0.0292912497330174,-6.93889390390723E-18));
#8819=CARTESIAN_POINT('',(0.00308539735744127,0.0292912497330174,-6.93889390390723E-18));
#8820=CARTESIAN_POINT('',(0.00308539735744127,0.0463870190112407,-6.93889390390723E-18));
#8821=CARTESIAN_POINT('',(0.00308539735744127,0.0279710770001365,-6.93889390390723E-18));
#8822=CARTESIAN_POINT('',(-0.00454102494129692,0.0292172244345708,-6.93889390390723E-18));
#8823=CARTESIAN_POINT('',(0.00450119007798414,0.0277397383203092,-1.04083408558608E-17));
#8824=CARTESIAN_POINT('',(0.00450119007798415,0.0463870190112407,-6.93889390390723E-18));
#8825=CARTESIAN_POINT('',(0.00450119007798414,0.0276533718798403,-6.93889390390723E-18));
#8826=CARTESIAN_POINT('',(0.00450119007798414,0.0276533718798403,-1.04083408558608E-17));
#8827=CARTESIAN_POINT('',(0.00372080759803349,0.0271629338786065,-1.04083408558608E-17));
#8828=CARTESIAN_POINT('',(0.00330594023220993,0.026290015926725,-6.93889390390723E-18));
#8829=CARTESIAN_POINT('',(0.00330594023220993,0.026290015926725,-6.93889390390723E-18));
#8830=CARTESIAN_POINT('',(0.00330594023220993,0.026290015926725,-6.93889390390723E-18));
#8831=CARTESIAN_POINT('',(0.00289107286638637,0.0254170979748434,-6.93889390390723E-18));
#8832=CARTESIAN_POINT('',(0.00289107286638637,0.0242974187644794,-6.93889390390723E-18));
#8833=CARTESIAN_POINT('',(0.00289107286638637,0.0242974187644794,-6.93889390390723E-18));
#8834=CARTESIAN_POINT('',(0.00289107286638637,0.0242974187644794,-6.93889390390723E-18));
#8835=CARTESIAN_POINT('',(0.00289107286638636,0.0223695964325855,-1.04083408558608E-17));
#8836=CARTESIAN_POINT('',(0.00380717403850234,0.0214118542981006,-1.04083408558608E-17));
#8837=CARTESIAN_POINT('',(0.0168200056239435,0.0443850190112407,-1.04083408558608E-17));
#8838=CARTESIAN_POINT('',(-0.0197052250896065,0.0443850190112407,-6.93889390390723E-18));
#8839=CARTESIAN_POINT('',(0.0188200056239434,0.0443850190112407,-1.04083408558608E-17));
#8840=CARTESIAN_POINT('',(0.0188200056239434,0.0433850190112407,-3.46944695195361E-18));
#8841=CARTESIAN_POINT('',(0.0198200056239435,0.0440921257924273,-6.93889390390723E-18));
#8842=CARTESIAN_POINT('',(0.0198200056239434,-0.0466149809887593,-6.93889390390723E-18));
#8843=CARTESIAN_POINT('',(0.0198200056239434,-0.0443220877699459,-6.93889390390723E-18));
#8844=CARTESIAN_POINT('',(0.0188200056239434,-0.0436149809887593,-6.93889390390723E-18));
#8845=CARTESIAN_POINT('',(0.0188200056239434,-0.0446149809887593,-6.93889390390723E-18));
#8846=CARTESIAN_POINT('',(-0.00173550295164497,-0.0446149809887593,-6.93889390390723E-18));
#8847=CARTESIAN_POINT('',(-0.0197052250896065,-0.0446149809887593,-6.93889390390723E-18));
#8848=CARTESIAN_POINT('',(-0.0197052250896065,0.0463870190112407,-6.93889390390723E-18));
#8849=CARTESIAN_POINT('',(0.00987287422357328,0.0340321504116109,-6.93889390390723E-18));
#8850=CARTESIAN_POINT('',(0.00960297909710814,0.0345133348656516,-1.04083408558608E-17));
#8851=CARTESIAN_POINT('',(0.00909094948575712,0.035882859850229,-6.93889390390723E-18));
#8852=CARTESIAN_POINT('',(0.00909094948575712,0.035882859850229,-6.93889390390723E-18));
#8853=CARTESIAN_POINT('',(0.00987287422357328,0.0340321504116109,-6.93889390390723E-18));
#8854=CARTESIAN_POINT('',(0.00909094948575712,0.035882859850229,-6.93889390390723E-18));
#8855=CARTESIAN_POINT('',(0.00840618699346841,0.0377613299304264,-1.04083408558608E-17));
#8856=CARTESIAN_POINT('',(0.00771217095398661,0.0384214162968669,-1.04083408558608E-17));
#8857=CARTESIAN_POINT('',(0.00771217095398661,0.0384214162968669,-1.04083408558608E-17));
#8858=CARTESIAN_POINT('',(0.00771217095398661,0.0384214162968669,-3.46944695195361E-18));
#8859=CARTESIAN_POINT('',(0.00701815491450481,0.0390815026633073,-3.46944695195361E-18));
#8860=CARTESIAN_POINT('',(0.0059663350502235,0.0390815026633073,-6.93889390390723E-18));
#8861=CARTESIAN_POINT('',(0.0059663350502235,0.0390815026633073,-3.46944695195361E-18));
#8862=CARTESIAN_POINT('',(0.0059663350502235,0.0390815026633073,-6.93889390390723E-18));
#8863=CARTESIAN_POINT('',(0.00449193653079105,0.0390815026633073,-6.93889390390723E-18));
#8864=CARTESIAN_POINT('',(0.0036915046985887,0.0379834150630605,-6.93889390390723E-18));
#8865=CARTESIAN_POINT('',(0.0036915046985887,0.0379834150630605,-6.93889390390723E-18));
#8866=CARTESIAN_POINT('',(0.0036915046985887,0.0379834150630605,-6.93889390390723E-18));
#8867=CARTESIAN_POINT('',(0.00289107286638637,0.0368853274628138,-6.93889390390723E-18));
#8868=CARTESIAN_POINT('',(0.00289107286638636,0.0348988993320304,-1.04083408558608E-17));
#8869=CARTESIAN_POINT('',(0.00289107286638636,0.0348988993320304,-1.04083408558608E-17));
#8870=CARTESIAN_POINT('',(0.00289107286638636,0.0348988993320304,-1.04083408558608E-17));
#8871=CARTESIAN_POINT('',(0.00289107286638636,0.0327983441191987,-1.04083408558608E-17));
#8872=CARTESIAN_POINT('',(0.00355732826428889,0.0316231436256763,-6.93889390390723E-18));
#8873=CARTESIAN_POINT('',(0.00355732826428889,0.0316231436256763,-6.93889390390723E-18));
#8874=CARTESIAN_POINT('',(-0.00173550295164497,0.0316231436256763,-6.93889390390723E-18));
#8875=CARTESIAN_POINT('',(0.00504052869825337,0.0316231436247861,-1.04083408558608E-17));
#8876=CARTESIAN_POINT('',(0.0120946674609174,0.0351658000257671,-1.04083408558608E-17));
#8877=CARTESIAN_POINT('',(0.00443532797817686,0.0332565136470064,-9.22887660316315E-18));
#8878=CARTESIAN_POINT('',(0.011070148771591,0.0349894026839702,-3.46944695195361E-18));
#8879=CARTESIAN_POINT('',(0.00421433011499833,0.0349389980365337,-3.46944695195361E-18));
#8880=CARTESIAN_POINT('',(0.00421433011499833,0.0349389980365337,-6.93889390390723E-18));
#8881=CARTESIAN_POINT('',(0.00421433011499833,0.036191311423332,-6.93889390390723E-18));
#8882=CARTESIAN_POINT('',(0.00461377490216674,0.0368652781105621,-6.93889390390723E-18));
#8883=CARTESIAN_POINT('',(0.00461377490216674,0.0368652781105621,-1.04083408558608E-17));
#8884=CARTESIAN_POINT('',(0.00461377490216674,0.0368652781105621,-1.04083408558608E-17));
#8885=CARTESIAN_POINT('',(0.00501321968933516,0.0375392447977922,-6.93889390390723E-18));
#8886=CARTESIAN_POINT('',(0.0058337008737892,0.0375392447977922,-6.93889390390723E-18));
#8887=CARTESIAN_POINT('',(0.0058337008737892,0.0375392447977922,-1.04083408558608E-17));
#8888=CARTESIAN_POINT('',(0.0058337008737892,0.0375392447977922,-6.93889390390723E-18));
#8889=CARTESIAN_POINT('',(0.00645060401999524,0.0375392447977922,-6.93889390390723E-18));
#8890=CARTESIAN_POINT('',(0.00688860525380153,0.0370056235763239,-1.04083408558608E-17));
#8891=CARTESIAN_POINT('',(0.00688860525380153,0.0370056235763239,-1.04083408558608E-17));
#8892=CARTESIAN_POINT('',(0.00688860525380154,0.0370056235763239,-1.04083408558608E-17));
#8893=CARTESIAN_POINT('',(0.00732660648760783,0.0364720023548558,-6.93889390390723E-18));
#8894=CARTESIAN_POINT('',(0.00792500253942769,0.0349174064264165,-6.93889390390723E-18));
#8895=CARTESIAN_POINT('',(0.00792500253942769,0.0349174064264165,-6.93889390390723E-18));
#8896=CARTESIAN_POINT('',(0.00792500253942769,0.0349174064264165,-6.93889390390723E-18));
#8897=CARTESIAN_POINT('',(0.00847404633955107,0.0334430079069841,-1.04083408558608E-17));
#8898=CARTESIAN_POINT('',(0.00888428693177809,0.0328214779871814,-1.04083408558608E-17));
#8899=CARTESIAN_POINT('',(0.00888428693177809,0.0328214779871814,-1.04083408558608E-17));
#8900=CARTESIAN_POINT('',(0.00888428693177809,0.0328214779871814,-1.04083408558608E-17));
#8901=CARTESIAN_POINT('',(0.00929452752400512,0.0321999480673789,-6.93889390390723E-18));
#8902=CARTESIAN_POINT('',(0.00981426842468371,0.0318961232678724,-1.04083408558608E-17));
#8903=CARTESIAN_POINT('',(0.00981426842468371,0.0318961232678724,-1.04083408558608E-17));
#8904=CARTESIAN_POINT('',(0.00981426842468371,0.0318961232678724,-1.04083408558608E-17));
#8905=CARTESIAN_POINT('',(0.0103340093253623,0.0315922984683659,-6.93889390390723E-18));
#8906=CARTESIAN_POINT('',(0.0110557860064234,0.0315922984683659,-1.04083408558608E-17));
#8907=CARTESIAN_POINT('',(0.0110557860064234,0.0315922984683659,-1.04083408558608E-17));
#8908=CARTESIAN_POINT('',(0.0110557860064234,0.0315922984683659,-1.04083408558608E-17));
#8909=CARTESIAN_POINT('',(0.012348198097725,0.0315922984683659,-1.04083408558608E-17));
#8910=CARTESIAN_POINT('',(0.0130961931624999,0.0326441183326472,-6.93889390390723E-18));
#8911=CARTESIAN_POINT('',(0.0130961931624999,0.0326441183326472,-6.93889390390723E-18));
#8912=CARTESIAN_POINT('',(0.0130961931624999,0.0326441183326472,-6.93889390390723E-18));
#8913=CARTESIAN_POINT('',(0.0138441882272747,0.0336959381969286,-1.04083408558608E-17));
#8914=CARTESIAN_POINT('',(0.0138441882272747,0.0355250560254294,-1.04083408558608E-17));
#8915=CARTESIAN_POINT('',(0.0138441882272747,0.0355250560254294,-1.04083408558608E-17));
#8916=CARTESIAN_POINT('',(0.0138441882272747,0.0355250560254294,-1.04083408558608E-17));
#8917=CARTESIAN_POINT('',(0.0138441882272747,0.0372307932246892,-1.04083408558608E-17));
#8918=CARTESIAN_POINT('',(0.0131501721877929,0.0388625020464042,-1.04083408558608E-17));
#8919=CARTESIAN_POINT('',(0.0131501721877929,0.0388625020464042,-1.04083408558608E-17));
#8920=CARTESIAN_POINT('',(0.00343102918355442,0.0346017403028399,-1.04083408558608E-17));
#8921=CARTESIAN_POINT('',(0.0118485065492981,0.0382918666361636,-1.04083408558608E-17));
#8922=CARTESIAN_POINT('',(0.0118485065492981,0.0382918666361636,-1.04083408558608E-17));
#8923=CARTESIAN_POINT('',(0.0125024238842765,0.036703341034683,-1.04083408558608E-17));
#8924=CARTESIAN_POINT('',(0.0125024238842765,0.0354109289433813,-1.04083408558608E-17));
#8925=CARTESIAN_POINT('',(0.0125024238842765,0.0354109289433813,-1.04083408558608E-17));
#8926=CARTESIAN_POINT('',(0.0125024238842765,0.0354109289433813,-6.93889390390723E-18));
#8927=CARTESIAN_POINT('',(0.0125024238842765,0.0342727426386312,-1.04083408558608E-17));
#8928=CARTESIAN_POINT('',(0.0121461623173426,0.0336943959390631,-1.04083408558608E-17));
#8929=CARTESIAN_POINT('',(0.0121461623173426,0.0336943959390631,-1.04083408558608E-17));
#8930=CARTESIAN_POINT('',(0.0121461623173426,0.0336943959390631,-1.04083408558608E-17));
#8931=CARTESIAN_POINT('',(0.0117899007504086,0.0331160492394948,-1.04083408558608E-17));
#8932=CARTESIAN_POINT('',(0.0111637440570094,0.0331160492394948,-6.93889390390723E-18));
#8933=CARTESIAN_POINT('',(0.0111637440570094,0.0331160492394948,-6.93889390390723E-18));
#8934=CARTESIAN_POINT('',(0.0111637440570094,0.0331160492394948,-1.04083408558608E-17));
#8935=CARTESIAN_POINT('',(0.0107380808861273,0.0331160492394948,-1.04083408558608E-17));
#8936=CARTESIAN_POINT('',(0.0104404251180828,0.0333335075985325,-1.04083408558608E-17));
#8937=CARTESIAN_POINT('',(0.0104404251180828,0.0333335075985325,-1.04083408558608E-17));
#8938=CARTESIAN_POINT('',(0.0104404251180828,0.0333335075985325,-1.04083408558608E-17));
#8939=CARTESIAN_POINT('',(0.0101427693500384,0.0335509659575701,-1.04083408558608E-17));
#8940=CARTESIAN_POINT('',(0.00987287422357328,0.0340321504116109,-6.93889390390723E-18));
#8941=CARTESIAN_POINT('',(0.00429144300827408,0.0137668820587422,-1.04083408558608E-17));
#8942=CARTESIAN_POINT('',(0.00429144300827408,0.0154726192580019,-1.04083408558608E-17));
#8943=CARTESIAN_POINT('',(0.00500396614214206,0.0171382577527583,-1.04083408558608E-17));
#8944=CARTESIAN_POINT('',(0.00500396614214206,0.0171382577527583,-1.04083408558608E-17));
#8945=CARTESIAN_POINT('',(0.00429144300827408,0.0137668820587422,-1.04083408558608E-17));
#8946=CARTESIAN_POINT('',(-0.00173550295164497,0.0171382577527583,-1.04083408558608E-17));
#8947=CARTESIAN_POINT('',(0.00357583535867507,0.0171382577527583,-6.93889390390723E-18));
#8948=CARTESIAN_POINT('',(0.00357583535867507,0.0171382577527583,-6.93889390390723E-18));
#8949=CARTESIAN_POINT('',(0.0032118625024135,0.016290015926725,-6.93889390390723E-18));
#8950=CARTESIAN_POINT('',(0.00305146768439993,0.0155343095726225,-6.93889390390723E-18));
#8951=CARTESIAN_POINT('',(0.00305146768439993,0.0155343095726225,-6.93889390390723E-18));
#8952=CARTESIAN_POINT('',(0.00305146768439993,0.0155343095726225,-6.93889390390723E-18));
#8953=CARTESIAN_POINT('',(0.00289107286638636,0.0147786032185202,-6.93889390390723E-18));
#8954=CARTESIAN_POINT('',(0.00289107286638636,0.0137082762598527,-6.93889390390723E-18));
#8955=CARTESIAN_POINT('',(0.00289107286638636,0.0137082762598527,-6.93889390390723E-18));
#8956=CARTESIAN_POINT('',(0.00289107286638636,0.0137082762598527,-6.93889390390723E-18));
#8957=CARTESIAN_POINT('',(0.00289107286638636,0.0113671288200007,-1.04083408558608E-17));
#8958=CARTESIAN_POINT('',(0.00431920364985335,0.0100114841562129,-6.93889390390723E-18));
#8959=CARTESIAN_POINT('',(0.00431920364985335,0.0100114841562129,-6.93889390390723E-18));
#8960=CARTESIAN_POINT('',(0.00431920364985335,0.0100114841562129,-6.93889390390723E-18));
#8961=CARTESIAN_POINT('',(0.00574733443332035,0.00865583949242515,-1.04083408558608E-17));
#8962=CARTESIAN_POINT('',(0.00827972184849617,0.00865583949242515,-1.04083408558608E-17));
#8963=CARTESIAN_POINT('',(0.00827972184849617,0.00865583949242515,-1.04083408558608E-17));
#8964=CARTESIAN_POINT('',(0.00827972184849617,0.00865583949242515,-1.04083408558608E-17));
#8965=CARTESIAN_POINT('',(0.0108367853895202,0.00865583949242515,-1.04083408558608E-17));
#8966=CARTESIAN_POINT('',(0.0123404868083975,0.00991432191068548,-1.04083408558608E-17));
#8967=CARTESIAN_POINT('',(0.0123404868083975,0.00991432191068548,-1.04083408558608E-17));
#8968=CARTESIAN_POINT('',(0.0123404868083975,0.00991432191068548,-1.04083408558608E-17));
#8969=CARTESIAN_POINT('',(0.0138441882272747,0.0111728043289458,-1.04083408558608E-17));
#8970=CARTESIAN_POINT('',(0.0138441882272747,0.0132949511518946,-1.04083408558608E-17));
#8971=CARTESIAN_POINT('',(0.0138441882272747,0.0132949511518946,-1.04083408558608E-17));
#8972=CARTESIAN_POINT('',(0.0138441882272747,0.0132949511518946,-1.04083408558608E-17));
#8973=CARTESIAN_POINT('',(0.0138441882272747,0.0152782947669471,-1.04083408558608E-17));
#8974=CARTESIAN_POINT('',(0.0125378958151834,0.0164349881660834,-1.04083408558608E-17));
#8975=CARTESIAN_POINT('',(0.0125378958151834,0.0164349881660834,-1.04083408558608E-17));
#8976=CARTESIAN_POINT('',(0.0125378958151834,0.0164349881660834,-6.93889390390723E-18));
#8977=CARTESIAN_POINT('',(0.0112316034030921,0.0175916815652197,-6.93889390390723E-18));
#8978=CARTESIAN_POINT('',(0.00909094948575711,0.0175916815652197,-1.04083408558608E-17));
#8979=CARTESIAN_POINT('',(0.00909094948575711,0.0175916815652197,-1.04083408558608E-17));
#8980=CARTESIAN_POINT('',(-0.00173550295164497,0.0175916815652197,-1.04083408558608E-17));
#8981=CARTESIAN_POINT('',(0.0080792283259792,0.0175916815652197,-1.04083408558608E-17));
#8982=CARTESIAN_POINT('',(0.00807922832597921,0.0463870190112407,-6.93889390390723E-18));
#8983=CARTESIAN_POINT('',(0.0080792283259792,0.0103153089557194,-1.04083408558608E-17));
#8984=CARTESIAN_POINT('',(0.0080792283259792,0.0103153089557194,-1.04083408558608E-17));
#8985=CARTESIAN_POINT('',(0.00621926534016797,0.0103646612074159,-1.04083408558608E-17));
#8986=CARTESIAN_POINT('',(0.00525535417422103,0.0112560862536836,-6.93889390390723E-18));
#8987=CARTESIAN_POINT('',(0.00525535417422103,0.0112560862536836,-6.93889390390723E-18));
#8988=CARTESIAN_POINT('',(0.00525535417422103,0.0112560862536836,-6.93889390390723E-18));
#8989=CARTESIAN_POINT('',(0.00429144300827408,0.0121475112999514,-1.04083408558608E-17));
#8990=CARTESIAN_POINT('',(0.00429144300827408,0.0137668820587422,-1.04083408558608E-17));
#8991=CARTESIAN_POINT('',(0.012901868671445,0.00529834411919875,-1.04083408558608E-17));
#8992=CARTESIAN_POINT('',(0.0119811407257324,0.00626842431660775,-1.04083408558608E-17));
#8993=CARTESIAN_POINT('',(0.00997620550056279,0.00626842431660775,-1.04083408558608E-17));
#8994=CARTESIAN_POINT('',(0.00997620550056279,0.00626842431660775,-1.04083408558608E-17));
#8995=CARTESIAN_POINT('',(0.012901868671445,0.00529834411919875,-1.04083408558608E-17));
#8996=CARTESIAN_POINT('',(-0.00173550295164497,0.00626842431660776,-1.04083408558608E-17));
#8997=CARTESIAN_POINT('',(0.00308539735744126,0.00626842431660776,-6.93889390390723E-18));
#8998=CARTESIAN_POINT('',(0.00308539735744127,0.0463870190112407,-1.04083408558608E-17));
#8999=CARTESIAN_POINT('',(0.00308539735744126,0.00466756065220307,-6.93889390390723E-18));
#9000=CARTESIAN_POINT('',(-0.00173550295164497,0.00466756065220306,-1.04083408558608E-17));
#9001=CARTESIAN_POINT('',(0.00992068421740425,0.00466756065220306,-6.93889390390723E-18));
#9002=CARTESIAN_POINT('',(0.00992068421740425,0.00466756065220306,-1.04083408558608E-17));
#9003=CARTESIAN_POINT('',(0.0112100117929749,0.00466756065220306,-1.04083408558608E-17));
#9004=CARTESIAN_POINT('',(0.0118469642914326,0.0040799604054418,-1.04083408558608E-17));
#9005=CARTESIAN_POINT('',(0.0118469642914326,0.0040799604054418,-1.04083408558608E-17));
#9006=CARTESIAN_POINT('',(0.0118469642914326,0.0040799604054418,-1.04083408558608E-17));
#9007=CARTESIAN_POINT('',(0.0124839167898904,0.00349236015868055,-6.93889390390723E-18));
#9008=CARTESIAN_POINT('',(0.0124839167898904,0.00223696225615125,-6.93889390390723E-18));
#9009=CARTESIAN_POINT('',(0.0124839167898904,0.00223696225615125,-6.93889390390723E-18));
#9010=CARTESIAN_POINT('',(0.0124839167898904,0.00223696225615125,-1.04083408558608E-17));
#9011=CARTESIAN_POINT('',(0.0124839167898904,0.000571323761394922,-1.04083408558608E-17));
#9012=CARTESIAN_POINT('',(0.0115770691649675,-0.00019517839776609,-1.04083408558608E-17));
#9013=CARTESIAN_POINT('',(0.0115770691649675,-0.00019517839776609,-1.04083408558608E-17));
#9014=CARTESIAN_POINT('',(0.0115770691649675,-0.00019517839776609,-6.93889390390723E-18));
#9015=CARTESIAN_POINT('',(0.0106702215400446,-0.000961680556927102,-6.93889390390723E-18));
#9016=CARTESIAN_POINT('',(0.0086097650317164,-0.000961680556927102,-1.04083408558608E-17));
#9017=CARTESIAN_POINT('',(0.0086097650317164,-0.000961680556927102,-1.04083408558608E-17));
#9018=CARTESIAN_POINT('',(-0.00173550295164497,-0.000961680556927101,-1.04083408558608E-17));
#9019=CARTESIAN_POINT('',(0.00308539735744126,-0.000961680556927102,-6.93889390390723E-18));
#9020=CARTESIAN_POINT('',(0.00308539735744127,0.0463870190112407,-1.04083408558608E-17));
#9021=CARTESIAN_POINT('',(0.00308539735744126,-0.00256254422133179,-6.93889390390723E-18));
#9022=CARTESIAN_POINT('',(-0.00173550295164497,-0.00256254422133179,-6.93889390390723E-18));
#9023=CARTESIAN_POINT('',(0.0180853973574412,-0.00256254422133179,-6.93889390390723E-18));
#9024=CARTESIAN_POINT('',(0.0180853973574412,0.0463870190112407,-6.93889390390723E-18));
#9025=CARTESIAN_POINT('',(0.0180853973574412,-0.000961680556927104,-6.93889390390723E-18));
#9026=CARTESIAN_POINT('',(-0.00173550295164497,-0.000961680556927101,-1.04083408558608E-17));
#9027=CARTESIAN_POINT('',(0.0135449902013648,-0.000961680556927103,-6.93889390390723E-18));
#9028=CARTESIAN_POINT('',(0.0135449902013648,-0.000961680556927103,-1.04083408558608E-17));
#9029=CARTESIAN_POINT('',(0.0127245090169107,-0.000961680556927103,-1.04083408558608E-17));
#9030=CARTESIAN_POINT('',(0.0121847187639804,-0.00103879345020286,-1.04083408558608E-17));
#9031=CARTESIAN_POINT('',(0.0121847187639804,-0.00103879345020286,-1.04083408558608E-17));
#9032=CARTESIAN_POINT('',(0.0121847187639804,0.0463870190112407,-1.04083408558608E-17));
#9033=CARTESIAN_POINT('',(0.0121847187639804,-0.000943173462540921,-1.04083408558608E-17));
#9034=CARTESIAN_POINT('',(0.0121847187639804,-0.000943173462540921,-1.04083408558608E-17));
#9035=CARTESIAN_POINT('',(0.0129465941495449,-0.000471242555693297,-1.04083408558608E-17));
#9036=CARTESIAN_POINT('',(0.0133845953833512,0.000401675396188258,-1.04083408558608E-17));
#9037=CARTESIAN_POINT('',(0.0133845953833512,0.000401675396188258,-1.04083408558608E-17));
#9038=CARTESIAN_POINT('',(0.0133845953833512,0.000401675396188258,-1.04083408558608E-17));
#9039=CARTESIAN_POINT('',(0.0138225966171575,0.00127459334806981,-1.04083408558608E-17));
#9040=CARTESIAN_POINT('',(0.0138225966171575,0.00239118804270276,-1.04083408558608E-17));
#9041=CARTESIAN_POINT('',(0.0138225966171575,0.00239118804270276,-1.04083408558608E-17));
#9042=CARTESIAN_POINT('',(0.0138225966171575,0.00239118804270276,-1.04083408558608E-17));
#9043=CARTESIAN_POINT('',(0.0138225966171575,0.00432826392178974,-1.04083408558608E-17));
#9044=CARTESIAN_POINT('',(0.012901868671445,0.00529834411919875,-1.04083408558608E-17));
#9045=CARTESIAN_POINT('',(-0.011015131707552,0.0257234274562265,-1.04083408558608E-17));
#9046=CARTESIAN_POINT('',(-0.0115662888330088,0.0263233056535469,-1.04083408558608E-17));
#9047=CARTESIAN_POINT('',(-0.0127843156295983,0.0263233056535469,-1.04083408558608E-17));
#9048=CARTESIAN_POINT('',(-0.0127843156295983,0.0263233056535469,-6.93889390390723E-18));
#9049=CARTESIAN_POINT('',(-0.011015131707552,0.0257234274562265,-1.04083408558608E-17));
#9050=CARTESIAN_POINT('',(-0.00173550295164497,0.0263233056535469,-6.93889390390723E-18));
#9051=CARTESIAN_POINT('',(-0.0175305600469755,0.0263233056535469,-6.93889390390723E-18));
#9052=CARTESIAN_POINT('',(-0.0175305600469755,0.0463870190112407,-1.04083408558608E-17));
#9053=CARTESIAN_POINT('',(-0.0175305600469755,0.0255417384590685,-1.04083408558608E-17));
#9054=CARTESIAN_POINT('',(-0.00662122068127534,0.0232391524863901,-1.04083408558608E-17));
#9055=CARTESIAN_POINT('',(-0.0165398982524161,0.0253326438589873,-6.93889390390723E-18));
#9056=CARTESIAN_POINT('',(-0.0165398982524161,0.0463870190112407,-6.93889390390723E-18));
#9057=CARTESIAN_POINT('',(-0.0165398982524161,0.0252818927424628,-3.46944695195361E-18));
#9058=CARTESIAN_POINT('',(-0.0165398982524161,0.0252818927424628,-3.46944695195361E-18));
#9059=CARTESIAN_POINT('',(-0.0171935726332524,0.0247622013092513,-6.93889390390723E-18));
#9060=CARTESIAN_POINT('',(-0.0174260127469349,0.0242455549430312,-3.46944695195361E-18));
#9061=CARTESIAN_POINT('',(-0.0174260127469349,0.0242455549430312,-3.46944695195361E-18));
#9062=CARTESIAN_POINT('',(-0.0174260127469349,0.0242455549430312,-3.46944695195361E-18));
#9063=CARTESIAN_POINT('',(-0.0176584528606174,0.0237289085768112,-6.93889390390723E-18));
#9064=CARTESIAN_POINT('',(-0.0176584528606174,0.0229534315163158,-3.46944695195361E-18));
#9065=CARTESIAN_POINT('',(-0.0176584528606174,0.0229534315163158,-3.46944695195361E-18));
#9066=CARTESIAN_POINT('',(-0.0176584528606174,0.0229534315163158,-3.46944695195361E-18));
#9067=CARTESIAN_POINT('',(-0.0176584528606174,0.0219201387838757,-3.46944695195361E-18));
#9068=CARTESIAN_POINT('',(-0.017124551114779,0.0213334558768517,-1.04083408558608E-17));
#9069=CARTESIAN_POINT('',(-0.017124551114779,0.0213334558768517,-6.93889390390723E-18));
#9070=CARTESIAN_POINT('',(-0.017124551114779,0.0213334558768517,-6.93889390390723E-18));
#9071=CARTESIAN_POINT('',(-0.0165906493689406,0.0207467729698278,-3.46944695195361E-18));
#9072=CARTESIAN_POINT('',(-0.015608107753025,0.0207467729698278,-3.46944695195361E-18));
#9073=CARTESIAN_POINT('',(-0.015608107753025,0.0207467729698278,-3.46944695195361E-18));
#9074=CARTESIAN_POINT('',(-0.015608107753025,0.0207467729698278,-6.93889390390723E-18));
#9075=CARTESIAN_POINT('',(-0.0135029514395861,0.0207467729698278,-3.46944695195361E-18));
#9076=CARTESIAN_POINT('',(-0.013401449206537,0.0241146170623978,-6.93889390390723E-18));
#9077=CARTESIAN_POINT('',(-0.013401449206537,0.0241146170623978,-6.93889390390723E-18));
#9078=CARTESIAN_POINT('',(-0.0126614072687192,0.046744320529355,-6.93889390390723E-18));
#9079=CARTESIAN_POINT('',(-0.0133628783579784,0.0252940730104287,-1.04083408558608E-17));
#9080=CARTESIAN_POINT('',(-0.00173550295164497,0.0252940730104287,-1.04083408558608E-17));
#9081=CARTESIAN_POINT('',(-0.0129304788451891,0.0252940730104287,-6.93889390390723E-18));
#9082=CARTESIAN_POINT('',(-0.0129304788451891,0.0252940730104287,-1.38777878078145E-17));
#9083=CARTESIAN_POINT('',(-0.0121123708468131,0.0252940730104287,-1.38777878078145E-17));
#9084=CARTESIAN_POINT('',(-0.0117226022719045,0.0249428752840787,-1.04083408558608E-17));
#9085=CARTESIAN_POINT('',(-0.0117226022719045,0.0249428752840787,-1.04083408558608E-17));
#9086=CARTESIAN_POINT('',(-0.0117226022719045,0.0249428752840787,-6.93889390390723E-18));
#9087=CARTESIAN_POINT('',(-0.0113328336969958,0.0245916775577287,-1.04083408558608E-17));
#9088=CARTESIAN_POINT('',(-0.0113328336969958,0.0238162004972334,-1.04083408558608E-17));
#9089=CARTESIAN_POINT('',(-0.0113328336969958,0.0238162004972334,-1.04083408558608E-17));
#9090=CARTESIAN_POINT('',(-0.0113328336969958,0.0238162004972334,-1.04083408558608E-17));
#9091=CARTESIAN_POINT('',(-0.0113328336969958,0.0229473413823328,-1.04083408558608E-17));
#9092=CARTESIAN_POINT('',(-0.0118647053981732,0.0218511172654023,-3.46944695195361E-18));
#9093=CARTESIAN_POINT('',(-0.0118647053981732,0.0218511172654023,-3.46944695195361E-18));
#9094=CARTESIAN_POINT('',(-0.0116576577667838,0.0217676723761773,-1.04083408558608E-17));
#9095=CARTESIAN_POINT('',(-0.0110583248670749,0.0215261276278174,-8.67361737988404E-18));
#9096=CARTESIAN_POINT('',(-0.0154393792387353,0.0238678656444252,-1.04083408558608E-17));
#9097=CARTESIAN_POINT('',(-0.0106225670209429,0.0226520336007217,-1.04083408558608E-17));
#9098=CARTESIAN_POINT('',(-0.0153526120751353,0.023887416074371,-1.04083408558608E-17));
#9099=CARTESIAN_POINT('',(-0.0104639745820953,0.0238811619263848,-1.04083408558608E-17));
#9100=CARTESIAN_POINT('',(-0.0104639745820953,0.0238811619263848,-1.04083408558608E-17));
#9101=CARTESIAN_POINT('',(-0.0104639745820953,0.0251235492589062,-1.04083408558608E-17));
#9102=CARTESIAN_POINT('',(-0.011015131707552,0.0257234274562265,-1.04083408558608E-17));
#9103=CARTESIAN_POINT('',(-0.0110699429133986,-0.0201231011674033,-1.04083408558608E-17));
#9104=CARTESIAN_POINT('',(-0.0116759112447019,-0.0194846521215243,-1.04083408558608E-17));
#9105=CARTESIAN_POINT('',(-0.0129954402743405,-0.0194846521215243,-1.04083408558608E-17));
#9106=CARTESIAN_POINT('',(-0.0129954402743405,-0.0194846521215243,-1.04083408558608E-17));
#9107=CARTESIAN_POINT('',(-0.0110699429133986,-0.0201231011674033,-1.04083408558608E-17));
#9108=CARTESIAN_POINT('',(-0.00173550295164498,-0.0194846521215243,-6.93889390390723E-18));
#9109=CARTESIAN_POINT('',(-0.0175305600469755,-0.0194846521215243,-6.93889390390723E-18));
#9110=CARTESIAN_POINT('',(-0.0175305600469755,0.0463870190112407,-1.04083408558608E-17));
#9111=CARTESIAN_POINT('',(-0.0175305600469755,-0.0205382453005742,-1.04083408558608E-17));
#9112=CARTESIAN_POINT('',(-0.00173550295164498,-0.0205382453005742,-6.93889390390723E-18));
#9113=CARTESIAN_POINT('',(-0.0130319810782382,-0.0205382453005742,-1.04083408558608E-17));
#9114=CARTESIAN_POINT('',(-0.0130319810782382,-0.0205382453005742,-1.04083408558608E-17));
#9115=CARTESIAN_POINT('',(-0.0121834224099475,-0.0205382453005742,-6.93889390390723E-18));
#9116=CARTESIAN_POINT('',(-0.0117642181874546,-0.0209249688084913,-1.04083408558608E-17));
#9117=CARTESIAN_POINT('',(-0.0117642181874546,-0.0209249688084913,-1.04083408558608E-17));
#9118=CARTESIAN_POINT('',(-0.0117642181874546,-0.0209249688084913,-1.04083408558608E-17));
#9119=CARTESIAN_POINT('',(-0.0113450139649617,-0.0213116923164086,-1.04083408558608E-17));
#9120=CARTESIAN_POINT('',(-0.0113450139649617,-0.0221379204934284,-1.04083408558608E-17));
#9121=CARTESIAN_POINT('',(-0.0113450139649617,-0.0221379204934284,-1.04083408558608E-17));
#9122=CARTESIAN_POINT('',(-0.0113450139649617,-0.0221379204934284,-1.04083408558608E-17));
#9123=CARTESIAN_POINT('',(-0.0113450139649617,-0.023234144610359,-1.04083408558608E-17));
#9124=CARTESIAN_POINT('',(-0.0119418470952906,-0.0237386107086131,-6.93889390390723E-18));
#9125=CARTESIAN_POINT('',(-0.0119418470952906,-0.0237386107086131,-6.93889390390723E-18));
#9126=CARTESIAN_POINT('',(-0.0119418470952906,-0.0237386107086131,-6.93889390390723E-18));
#9127=CARTESIAN_POINT('',(-0.0125386802256194,-0.0242430768068673,-1.04083408558608E-17));
#9128=CARTESIAN_POINT('',(-0.0138947500591558,-0.0242430768068673,-1.04083408558608E-17));
#9129=CARTESIAN_POINT('',(-0.0138947500591558,-0.0242430768068673,-1.04083408558608E-17));
#9130=CARTESIAN_POINT('',(-0.00173550295164498,-0.0242430768068673,-6.93889390390723E-18));
#9131=CARTESIAN_POINT('',(-0.0175305600469755,-0.0242430768068673,-6.93889390390723E-18));
#9132=CARTESIAN_POINT('',(-0.0175305600469755,0.0463870190112407,-1.04083408558608E-17));
#9133=CARTESIAN_POINT('',(-0.0175305600469755,-0.0252966699859172,-1.04083408558608E-17));
#9134=CARTESIAN_POINT('',(-0.00173550295164498,-0.0252966699859172,-6.93889390390723E-18));
#9135=CARTESIAN_POINT('',(-0.00765845286061742,-0.0252966699859172,-6.93889390390723E-18));
#9136=CARTESIAN_POINT('',(-0.00765845286061742,0.0463870190112407,-6.93889390390723E-18));
#9137=CARTESIAN_POINT('',(-0.00765845286061742,-0.0242430768068673,-6.93889390390723E-18));
#9138=CARTESIAN_POINT('',(-0.00173550295164498,-0.0242430768068673,-6.93889390390723E-18));
#9139=CARTESIAN_POINT('',(-0.0106466786015837,-0.0242430768068673,-1.04083408558608E-17));
#9140=CARTESIAN_POINT('',(-0.0106466786015837,-0.0242430768068673,-6.93889390390723E-18));
#9141=CARTESIAN_POINT('',(-0.0111866704814051,-0.0242430768068673,-6.93889390390723E-18));
#9142=CARTESIAN_POINT('',(-0.011541928297077,-0.0242938279233919,-1.04083408558608E-17));
#9143=CARTESIAN_POINT('',(-0.011541928297077,-0.0242938279233919,-1.04083408558608E-17));
#9144=CARTESIAN_POINT('',(-0.011541928297077,0.0463870190112407,-6.93889390390723E-18));
#9145=CARTESIAN_POINT('',(-0.011541928297077,-0.0242308965389015,-1.04083408558608E-17));
#9146=CARTESIAN_POINT('',(-0.011541928297077,-0.0242308965389015,-1.04083408558608E-17));
#9147=CARTESIAN_POINT('',(-0.0110405072658143,-0.0239202997057711,-1.38777878078145E-17));
#9148=CARTESIAN_POINT('',(-0.0107522409239548,-0.023345797066713,-1.04083408558608E-17));
#9149=CARTESIAN_POINT('',(-0.0107522409239548,-0.023345797066713,-1.04083408558608E-17));
#9150=CARTESIAN_POINT('',(-0.0107522409239548,-0.023345797066713,-6.93889390390723E-18));
#9151=CARTESIAN_POINT('',(-0.0104639745820953,-0.022771294427655,-6.93889390390723E-18));
#9152=CARTESIAN_POINT('',(-0.0104639745820953,-0.0220364182603793,-6.93889390390723E-18));
#9153=CARTESIAN_POINT('',(-0.0104639745820953,-0.0220364182603793,-6.93889390390723E-18));
#9154=CARTESIAN_POINT('',(-0.0104639745820953,-0.0220364182603793,-6.93889390390723E-18));
#9155=CARTESIAN_POINT('',(-0.0104639745820953,-0.0207615502132822,-6.93889390390723E-18));
#9156=CARTESIAN_POINT('',(-0.0110699429133986,-0.0201231011674033,-1.04083408558608E-17));
#9157=CARTESIAN_POINT('',(-0.0197052250896065,0.0463850190112407,0.002));
#9158=CARTESIAN_POINT('',(-0.0197052250896065,0.0463870190112407,0.004));
#9159=CARTESIAN_POINT('',(-0.0197052250896065,0.0443850190112407,0.004));
#9160=CARTESIAN_POINT('',(-0.0197052250896065,-0.0446149809887593,0.004));
#9161=CARTESIAN_POINT('',(-0.0197052250896065,0.0443850190112407,0.002));
#9162=CARTESIAN_POINT('',(-0.0197052250896065,-0.0446149809887593,0.002));
#9163=CARTESIAN_POINT('',(0.00966357167970886,-0.000114980988759325,0.0113990746313538));
#9164=CARTESIAN_POINT('',(0.000385817391914669,0.0433850190112407,0.0206768289191481));
#9165=CARTESIAN_POINT('',(-0.000321289389271878,0.0433850190112407,0.0213839357003346));
#9166=CARTESIAN_POINT('',(0.000385817391914669,0.0443850190112407,0.0206768289191481));
#9167=CARTESIAN_POINT('',(0.00966357167970886,0.0443850190112407,0.0113990746313538));
#9168=CARTESIAN_POINT('',(0.0111431767047954,0.0443850190112407,0.00991946960626731));
#9169=CARTESIAN_POINT('',(0.0111431767047954,-0.000114980988759325,0.00991946960626731));
#9170=CARTESIAN_POINT('',(0.0111431767047954,-0.0446149809887593,0.00991946960626731));
#9171=CARTESIAN_POINT('',(0.000385817391914659,-0.0446149809887593,0.0206768289191481));
#9172=CARTESIAN_POINT('',(0.000385817391914659,-0.0446149809887593,0.0206768289191481));
#9173=CARTESIAN_POINT('',(0.000385817391914659,-0.0436149809887593,0.0206768289191481));
#9174=CARTESIAN_POINT('',(-0.000321289389271888,-0.0436149809887593,0.0213839357003346));
#9175=CARTESIAN_POINT('',(-0.000321289389271878,0.0433850190112407,0.0213839357003346));
#9176=CARTESIAN_POINT('',(0.005386858950097,-0.0418649809887593,0.0156757873609657));
#9177=CARTESIAN_POINT('',(0.00610129345840876,-0.0401149809887593,0.0149613528526539));
#9178=CARTESIAN_POINT('',(0.00467242444178523,-0.0436149809887593,0.0163902218692775));
#9179=CARTESIAN_POINT('',(0.005386858950097,-0.0383649809887593,0.0156757873609657));
#9180=CARTESIAN_POINT('',(0.00467242444178524,-0.0366149809887593,0.0163902218692775));
#9181=CARTESIAN_POINT('',(0.0032435554251617,-0.0366149809887593,0.017819090885901));
#9182=CARTESIAN_POINT('',(0.00181468640853818,-0.0366149809887593,0.0192479599025245));
#9183=CARTESIAN_POINT('',(0.00110025190022642,-0.0383649809887593,0.0199623944108363));
#9184=CARTESIAN_POINT('',(0.000385817391914657,-0.0401149809887593,0.0206768289191481));
#9185=CARTESIAN_POINT('',(0.00110025190022641,-0.0418649809887593,0.0199623944108363));
#9186=CARTESIAN_POINT('',(0.00181468640853818,-0.0436149809887593,0.0192479599025245));
#9187=CARTESIAN_POINT('',(0.0032435554251617,-0.0436149809887593,0.017819090885901));
#9188=CARTESIAN_POINT('',(0.00110025190022643,0.0416350190112407,0.0199623944108363));
#9189=CARTESIAN_POINT('',(0.000385817391914669,0.0398850190112407,0.0206768289191481));
#9190=CARTESIAN_POINT('',(0.00181468640853819,0.0433850190112407,0.0192479599025245));
#9191=CARTESIAN_POINT('',(0.00110025190022643,0.0381350190112407,0.0199623944108363));
#9192=CARTESIAN_POINT('',(0.00181468640853819,0.0363850190112407,0.0192479599025245));
#9193=CARTESIAN_POINT('',(0.0032435554251617,0.0363850190112407,0.017819090885901));
#9194=CARTESIAN_POINT('',(0.00467242444178523,0.0363850190112407,0.0163902218692775));
#9195=CARTESIAN_POINT('',(0.00538685895009698,0.0381350190112407,0.0156757873609657));
#9196=CARTESIAN_POINT('',(0.00610129345840874,0.0398850190112407,0.014961352852654));
#9197=CARTESIAN_POINT('',(0.00538685895009698,0.0416350190112407,0.0156757873609657));
#9198=CARTESIAN_POINT('',(0.00467242444178522,0.0433850190112406,0.0163902218692775));
#9199=CARTESIAN_POINT('',(0.0032435554251617,0.0433850190112407,0.017819090885901));
#9200=CARTESIAN_POINT('',(0.0104448677806908,-0.00207376851494036,0.0106177785303719));
#9201=CARTESIAN_POINT('',(0.0110185516602175,-0.000115120319670054,0.0100440946508452));
#9202=CARTESIAN_POINT('',(0.0104445794987637,0.00184436386106463,0.010618066812299));
#9203=CARTESIAN_POINT('',(0.00905941302168255,0.00265546882250471,0.0120032332893802));
#9204=CARTESIAN_POINT('',(0.00767408559719663,0.00184387488034367,0.013388560713866));
#9205=CARTESIAN_POINT('',(0.00710051556079725,-0.000115357501575826,0.0139621307502655));
#9206=CARTESIAN_POINT('',(0.0076743027087945,-0.00207398442740458,0.0133883436022682));
#9207=CARTESIAN_POINT('',(0.00905956680046903,-0.00288553324507606,0.0120030795105937));
#9208=CARTESIAN_POINT('',(0.0104448677806908,-0.00207376851494036,0.0106177785303719));
#9209=CARTESIAN_POINT('',(0.0110185516602175,-0.000115120319670054,0.0100440946508452));
#9210=CARTESIAN_POINT('',(0.0104445794987637,0.00184436386106463,0.010618066812299));
#9211=CARTESIAN_POINT('',(0.0108272756533874,-0.000114980988759323,0.0102353706576753));
#9212=CARTESIAN_POINT('',(0.0149815279928584,0.0463850190112407,0.0060811183182043));
#9213=CARTESIAN_POINT('',(0.0189413259675031,0.0463850190112407,0.00212132034355963));
#9214=CARTESIAN_POINT('',(0.0248633452599404,0.0463850190112407,0.00804333963599697));
#9215=CARTESIAN_POINT('',(0.0188200056239434,0.0463850190112407,0.002));
#9216=CARTESIAN_POINT('',(-0.0197052250896065,0.0463850190112407,0.002));
#9217=CARTESIAN_POINT('',(0.00822370709852806,0.0463850190112407,0.002));
#9218=CARTESIAN_POINT('',(0.00822370709852806,0.0463850190112407,0.007));
#9219=CARTESIAN_POINT('',(0.0117592410044608,0.0463850190112407,0.00346446609406725));
#9220=CARTESIAN_POINT('',(0.0125573902671685,0.0463850190112407,0.00426261535677493));
#9221=CARTESIAN_POINT('',(0.0125573902671685,0.0463850190112407,0.00426261535677493));
#9222=CARTESIAN_POINT('',(0.00902185636123575,0.0463850190112407,0.00779814926270767));
#9223=CARTESIAN_POINT('',(0.0125573902671685,0.0463850190112407,0.0113336831686404));
#9224=CARTESIAN_POINT('',(0.0163957415552315,0.0463850190112407,0.0074953318805774));
#9225=CARTESIAN_POINT('',(0.00180003095428777,0.0463850190112407,0.0220910424815211));
#9226=CARTESIAN_POINT('',(0.00406277265408472,0.0463850190112407,0.0243537841813181));
#9227=CARTESIAN_POINT('',(0.00406277265408472,0.0463850190112407,0.0243537841813181));
#9228=CARTESIAN_POINT('',(0.00725940862367461,0.0463850190112407,0.0211571482117282));
#9229=CARTESIAN_POINT('',(0.0125773649368241,0.0463850190112407,0.0158391918985787));
#9230=CARTESIAN_POINT('',(0.0125773649368241,0.0463850190112407,0.0158391918985787));
#9231=CARTESIAN_POINT('',(0.0148224289670914,0.0463850190112407,0.0180842559288459));
#9232=CARTESIAN_POINT('',(0.0209035472852958,0.0463850190112407,0.0120031376106416));
#9233=CARTESIAN_POINT('',(0.0155855909721462,-0.000114980988759325,0.0173210939237912));
#9234=CARTESIAN_POINT('',(0.0209035472852958,-0.000114980988759325,0.0120031376106416));
#9235=CARTESIAN_POINT('',(0.0262775588223135,-0.000114980988759325,0.00662912607362388));
#9236=CARTESIAN_POINT('',(0.0209035472852958,-0.0466149809887593,0.0120031376106416));
#9237=CARTESIAN_POINT('',(0.0248633452599404,-0.0466149809887593,0.00804333963599698));
#9238=CARTESIAN_POINT('',(0.0148224289670914,-0.0466149809887593,0.0180842559288459));
#9239=CARTESIAN_POINT('',(0.0248633452599404,-0.0436149809887593,0.00804333963599698));
#9240=CARTESIAN_POINT('',(0.0269846656035,-0.0436149809887593,0.00592201929243734));
#9241=CARTESIAN_POINT('',(0.0269846656035,-0.000114980988759325,0.00592201929243733));
#9242=CARTESIAN_POINT('',(0.0269846656035,0.0433850190112407,0.00592201929243733));
#9243=CARTESIAN_POINT('',(0.0248633452599404,0.0433850190112407,0.00804333963599697));
#9244=CARTESIAN_POINT('',(0.0148224289670914,-0.000114980988759325,0.0180842559288459));
#9245=CARTESIAN_POINT('',(0.0032435554251617,0.0398850190112407,0.017819090885901));
#9246=CARTESIAN_POINT('',(0.00692051068733175,0.0398850190112407,0.021496046148071));
#9247=CARTESIAN_POINT('',(0.0084054349278235,0.0398850190112407,0.0200111219075793));
#9248=CARTESIAN_POINT('',(0.00550629712495866,0.0398850190112407,0.0200818325856979));
#9249=CARTESIAN_POINT('',(0.00699122136545041,0.0398850190112407,0.0185969083452062));
#9250=CARTESIAN_POINT('',(0.0032435554251617,-0.0401149809887593,0.017819090885901));
#9251=CARTESIAN_POINT('',(0.00692051068733175,-0.0401149809887593,0.021496046148071));
#9252=CARTESIAN_POINT('',(0.0084054349278235,-0.0401149809887593,0.0200111219075793));
#9253=CARTESIAN_POINT('',(0.00550629712495866,-0.0401149809887593,0.0200818325856979));
#9254=CARTESIAN_POINT('',(0.00699122136545041,-0.0401149809887593,0.0185969083452062));
#9255=CARTESIAN_POINT('',(0.0210626463110627,-0.000114980988759325,-3.46944695195361E-18));
#9256=CARTESIAN_POINT('',(0.0210626463110627,-0.0436149809887593,3.46944695195361E-18));
#9257=CARTESIAN_POINT('',(0.021941325967503,-0.0436149809887593,0.00087867965644035));
#9258=CARTESIAN_POINT('',(0.021941325967503,0.0463850190112407,0.00087867965644035));
#9259=CARTESIAN_POINT('',(0.021941325967503,0.0433850190112407,0.00087867965644035));
#9260=CARTESIAN_POINT('',(0.0210626463110627,0.0433850190112407,-6.93889390390723E-18));
#9261=CARTESIAN_POINT('',(0.0149815279928584,-0.0466149809887593,0.0060811183182043));
#9262=CARTESIAN_POINT('',(0.000385817391914659,-0.0466149809887593,0.0206768289191481));
#9263=CARTESIAN_POINT('',(0.0040627726540847,-0.0466149809887593,0.0243537841813181));
#9264=CARTESIAN_POINT('',(0.00180003095428776,-0.0466149809887593,0.0220910424815212));
#9265=CARTESIAN_POINT('',(0.0125573902671685,-0.0466149809887593,0.0113336831686404));
#9266=CARTESIAN_POINT('',(0.0125573902671685,-0.0466149809887593,0.0113336831686404));
#9267=CARTESIAN_POINT('',(0.00902185636123575,-0.0466149809887593,0.00779814926270767));
#9268=CARTESIAN_POINT('',(0.0125573902671685,-0.0466149809887593,0.00426261535677493));
#9269=CARTESIAN_POINT('',(0.0146787106107281,-0.0466149809887593,0.00638393570033457));
#9270=CARTESIAN_POINT('',(0.0117592410044608,-0.0466149809887593,0.00346446609406725));
#9271=CARTESIAN_POINT('',(0.00822370709852806,-0.0466149809887593,0.007));
#9272=CARTESIAN_POINT('',(0.00822370709852806,-0.0466149809887593,0.002));
#9273=CARTESIAN_POINT('',(0.0149815279928584,-0.0466149809887593,0.002));
#9274=CARTESIAN_POINT('',(0.0188200056239434,-0.0466149809887593,0.002));
#9275=CARTESIAN_POINT('',(0.0248633452599404,-0.0466149809887593,0.00804333963599698));
#9276=CARTESIAN_POINT('',(0.0125773649368241,-0.0466149809887593,0.0158391918985787));
#9277=CARTESIAN_POINT('',(0.0125773649368241,-0.0466149809887593,0.0158391918985787));
#9278=CARTESIAN_POINT('',(0.0072594086236746,-0.0466149809887593,0.0211571482117282));
#9279=CARTESIAN_POINT('',(-0.00173550295164498,-0.000114980988759318,0.0227981492627077));
#9280=CARTESIAN_POINT('',(-0.00173550295164497,0.0433850190112407,0.0227981492627077));
#9281=CARTESIAN_POINT('',(0.00194145231052508,0.0433850190112407,0.0264751045248777));
#9282=CARTESIAN_POINT('',(-0.000321289389271878,0.0433850190112407,0.0242123628250808));
#9283=CARTESIAN_POINT('',(-0.000321289389271888,-0.0436149809887593,0.0242123628250808));
#9284=CARTESIAN_POINT('',(-0.000321289389271888,-0.0436149809887593,0.0242123628250808));
#9285=CARTESIAN_POINT('',(-0.00173550295164498,-0.0436149809887593,0.0227981492627077));
#9286=CARTESIAN_POINT('',(0.00194145231052507,-0.0436149809887593,0.0264751045248777));
#9287=CARTESIAN_POINT('',(0.00194145231052507,-0.000114980988759318,0.0264751045248777));
#9288=CARTESIAN_POINT('',(0.0194893337229227,-0.000114980988759325,0.0105889240482685));
#9289=CARTESIAN_POINT('',(0.0194893337229227,-0.000114980988759325,0.0105889240482685));
#9290=CARTESIAN_POINT('',(0.0248633452599404,-0.000114980988759325,0.00521491251125077));
#9291=CARTESIAN_POINT('',(0.0141713774097731,-0.000114980988759325,0.0159068803614181));
#9292=CARTESIAN_POINT('',(0.0180751201605495,-0.000114980988759325,0.0120031376106416));
#9293=CARTESIAN_POINT('',(0.0198428871135159,-0.000114980988759325,0.0102353706576753));
#9294=CARTESIAN_POINT('',(0.00764960064989395,-0.0418649809887593,0.0179385290607627));
#9295=CARTESIAN_POINT('',(0.00693516614158218,-0.0436149809887593,0.0186529635690744));
#9296=CARTESIAN_POINT('',(0.00693516614158218,-0.0436149809887593,0.0186529635690744));
#9297=CARTESIAN_POINT('',(0.00764960064989395,-0.0418649809887593,0.0179385290607627));
#9298=CARTESIAN_POINT('',(0.00836403515820571,-0.0401149809887593,0.0172240945524509));
#9299=CARTESIAN_POINT('',(0.00836403515820571,-0.0401149809887593,0.0172240945524509));
#9300=CARTESIAN_POINT('',(0.00550629712495866,-0.0436149809887593,0.0200818325856979));
#9301=CARTESIAN_POINT('',(0.00407742810833513,-0.0436149809887593,0.0215107016023214));
#9302=CARTESIAN_POINT('',(0.00407742810833513,-0.0436149809887593,0.0215107016023214));
#9303=CARTESIAN_POINT('',(0.00550629712495866,-0.0436149809887593,0.0200818325856979));
#9304=CARTESIAN_POINT('',(0.00336299360002337,-0.0418649809887593,0.0222251361106333));
#9305=CARTESIAN_POINT('',(0.00264855909171161,-0.0401149809887593,0.022939570618945));
#9306=CARTESIAN_POINT('',(0.00264855909171161,-0.0401149809887593,0.022939570618945));
#9307=CARTESIAN_POINT('',(0.00336299360002337,-0.0418649809887593,0.0222251361106333));
#9308=CARTESIAN_POINT('',(0.00336299360002337,-0.0383649809887593,0.0222251361106333));
#9309=CARTESIAN_POINT('',(0.00407742810833513,-0.0366149809887593,0.0215107016023214));
#9310=CARTESIAN_POINT('',(0.00407742810833513,-0.0366149809887593,0.0215107016023214));
#9311=CARTESIAN_POINT('',(0.00336299360002337,-0.0383649809887593,0.0222251361106333));
#9312=CARTESIAN_POINT('',(0.00550629712495866,-0.0366149809887593,0.0200818325856979));
#9313=CARTESIAN_POINT('',(0.00693516614158219,-0.0366149809887593,0.0186529635690744));
#9314=CARTESIAN_POINT('',(0.00693516614158219,-0.0366149809887593,0.0186529635690744));
#9315=CARTESIAN_POINT('',(0.00550629712495866,-0.0366149809887593,0.0200818325856979));
#9316=CARTESIAN_POINT('',(0.00764960064989395,-0.0383649809887593,0.0179385290607627));
#9317=CARTESIAN_POINT('',(0.00764960064989395,-0.0383649809887593,0.0179385290607627));
#9318=CARTESIAN_POINT('',(0.0119263133795058,-0.000114980988759325,0.0136618163311508));
#9319=CARTESIAN_POINT('',(0.00336299360002338,0.0416350190112407,0.0222251361106333));
#9320=CARTESIAN_POINT('',(0.00407742810833514,0.0433850190112407,0.0215107016023214));
#9321=CARTESIAN_POINT('',(0.00407742810833514,0.0433850190112407,0.0215107016023214));
#9322=CARTESIAN_POINT('',(0.00336299360002338,0.0416350190112407,0.0222251361106333));
#9323=CARTESIAN_POINT('',(0.00264855909171162,0.0398850190112407,0.022939570618945));
#9324=CARTESIAN_POINT('',(0.00264855909171162,0.0398850190112407,0.022939570618945));
#9325=CARTESIAN_POINT('',(0.00550629712495866,0.0433850190112407,0.0200818325856979));
#9326=CARTESIAN_POINT('',(0.00693516614158218,0.0433850190112406,0.0186529635690744));
#9327=CARTESIAN_POINT('',(0.00693516614158218,0.0433850190112406,0.0186529635690744));
#9328=CARTESIAN_POINT('',(0.00550629712495866,0.0433850190112407,0.0200818325856979));
#9329=CARTESIAN_POINT('',(0.00764960064989393,0.0416350190112407,0.0179385290607627));
#9330=CARTESIAN_POINT('',(0.00836403515820569,0.0398850190112407,0.0172240945524509));
#9331=CARTESIAN_POINT('',(0.00836403515820569,0.0398850190112407,0.0172240945524509));
#9332=CARTESIAN_POINT('',(0.00764960064989393,0.0416350190112407,0.0179385290607627));
#9333=CARTESIAN_POINT('',(0.00764960064989393,0.0381350190112407,0.0179385290607627));
#9334=CARTESIAN_POINT('',(0.00693516614158218,0.0363850190112407,0.0186529635690744));
#9335=CARTESIAN_POINT('',(0.00693516614158218,0.0363850190112407,0.0186529635690744));
#9336=CARTESIAN_POINT('',(0.00764960064989393,0.0381350190112407,0.0179385290607627));
#9337=CARTESIAN_POINT('',(0.00550629712495866,0.0363850190112407,0.0200818325856979));
#9338=CARTESIAN_POINT('',(0.00407742810833514,0.0363850190112407,0.0215107016023214));
#9339=CARTESIAN_POINT('',(0.00407742810833514,0.0363850190112407,0.0215107016023214));
#9340=CARTESIAN_POINT('',(0.00550629712495866,0.0363850190112407,0.0200818325856979));
#9341=CARTESIAN_POINT('',(0.00336299360002338,0.0381350190112407,0.0222251361106333));
#9342=CARTESIAN_POINT('',(0.00336299360002338,0.0381350190112407,0.0222251361106333));
#9343=CARTESIAN_POINT('',(0.0119263133795058,-0.000114980988759325,0.0136618163311508));
#9344=CARTESIAN_POINT('',(0.0125773649368241,-0.000114980988759325,0.0158391918985787));
#9345=CARTESIAN_POINT('',(0.0125773649368241,-0.000114980988759325,0.0158391918985787));
#9346=CARTESIAN_POINT('',(0.0133405269418789,-0.000114980988759325,0.0150760298935239));
#9347=CARTESIAN_POINT('',(0.0040627726540847,-0.0436149809887593,0.0243537841813181));
#9348=CARTESIAN_POINT('',(0.00406277265408472,0.0433850190112407,0.0243537841813181));
#9349=CARTESIAN_POINT('',(0.0113654224170012,0.0463870190112407,0.00589907463135383));
#9350=CARTESIAN_POINT('',(0.0111431767047954,0.0463870190112407,0.00567682891914803));
#9351=CARTESIAN_POINT('',(0.0111431767047954,-0.0446149809887593,0.00567682891914803));
#9352=CARTESIAN_POINT('',(0.0111431767047954,0.0443850190112407,0.00567682891914803));
#9353=CARTESIAN_POINT('',(0.0103450274420877,0.0443850190112407,0.00487867965644034));
#9354=CARTESIAN_POINT('',(0.0103450274420877,0.0443850190112407,0.00487867965644034));
#9355=CARTESIAN_POINT('',(0.0103450274420877,-0.0466149809887593,0.00487867965644034));
#9356=CARTESIAN_POINT('',(0.0103450274420877,-0.0446149809887593,0.00487867965644034));
#9357=CARTESIAN_POINT('',(0.0113654224170012,-0.0446149809887593,0.00589907463135383));
#9358=CARTESIAN_POINT('',(-0.00553365221435265,0.0463870190112407,0.004));
#9359=CARTESIAN_POINT('',(0.00822370709852806,0.0463850190112407,0.004));
#9360=CARTESIAN_POINT('',(0.00822370709852806,-0.0446149809887593,0.004));
#9361=CARTESIAN_POINT('',(0.00822370709852806,0.0443850190112407,0.004));
#9362=CARTESIAN_POINT('',(-0.0197052250896065,0.0443850190112407,0.004));
#9363=CARTESIAN_POINT('',(-0.00553365221435265,-0.0446149809887593,0.004));
#9364=CARTESIAN_POINT('',(0.0104447514348641,0.00184404807346875,0.0106178948761986));
#9365=CARTESIAN_POINT('',(0.0194603628949925,0.00184404807346875,0.0106178948761986));
#9366=CARTESIAN_POINT('',(0.0110185377626491,-0.000114980988759328,0.0100441085484136));
#9367=CARTESIAN_POINT('',(0.0200341492227776,-0.000114980988759328,0.0100441085484136));
#9368=CARTESIAN_POINT('',(0.0104447514348641,-0.00207401005098739,0.0106178948761986));
#9369=CARTESIAN_POINT('',(0.0194603628949925,-0.00207401005098739,0.0106178948761986));
#9370=CARTESIAN_POINT('',(0.00905950870042108,-0.0028854664576453,0.0120031376106416));
#9371=CARTESIAN_POINT('',(0.0180751201605495,-0.0028854664576453,0.0120031376106416));
#9372=CARTESIAN_POINT('',(0.00767426596597809,-0.00207401005098739,0.0133883803450846));
#9373=CARTESIAN_POINT('',(0.0166898774261066,-0.00207401005098739,0.0133883803450846));
#9374=CARTESIAN_POINT('',(0.00710047963819301,-0.000114980988759327,0.0139621666728697));
#9375=CARTESIAN_POINT('',(0.0161160910983215,-0.000114980988759327,0.0139621666728697));
#9376=CARTESIAN_POINT('',(0.00767426596597809,0.00184404807346874,0.0133883803450846));
#9377=CARTESIAN_POINT('',(0.0166898774261066,0.00184404807346874,0.0133883803450846));
#9378=CARTESIAN_POINT('',(0.00905950870042108,0.00265550448012665,0.0120031376106416));
#9379=CARTESIAN_POINT('',(0.0180751201605496,0.00265550448012665,0.0120031376106416));
#9380=CARTESIAN_POINT('',(0.0104447514348641,0.00184404807346875,0.0106178948761986));
#9381=CARTESIAN_POINT('',(0.0194603628949925,0.00184404807346875,0.0106178948761986));
#9382=CARTESIAN_POINT('',(0.0110185377626491,-0.000114980988759328,0.0100441085484136));
#9383=CARTESIAN_POINT('',(0.0200341492227776,-0.000114980988759328,0.0100441085484136));
#9384=CARTESIAN_POINT('',(0.0104447514348641,-0.00207401005098739,0.0106178948761986));
#9385=CARTESIAN_POINT('',(0.0194603628949925,-0.00207401005098739,0.0106178948761986));
#9386=CARTESIAN_POINT('',(0.0189413259675031,0.0433850190112407,0.00212132034355963));
#9387=CARTESIAN_POINT('',(0.0198200056239435,0.0433850190112407,0.003));
#9388=CARTESIAN_POINT('',(0.0208200056239434,0.0455063393548003,0.001));
#9389=CARTESIAN_POINT('',(0.0188200056239434,0.0433850190112407,0.002));
#9390=CARTESIAN_POINT('',(0.0198200056239434,-0.000114980988759325,0.003));
#9391=CARTESIAN_POINT('',(0.0198200056239434,-0.0436149809887593,0.003));
#9392=CARTESIAN_POINT('',(0.0198200056239435,0.0433850190112407,0.003));
#9393=CARTESIAN_POINT('',(0.0189413259675031,-0.0436149809887593,0.00212132034355965));
#9394=CARTESIAN_POINT('',(0.0188200056239434,-0.0436149809887593,0.002));
#9395=CARTESIAN_POINT('',(0.0208200056239434,-0.045736301332319,0.001));
#9396=CARTESIAN_POINT('',(0.0198200056239434,-0.0436149809887593,0.003));
#9397=CARTESIAN_POINT('',(0.000385817391914659,-0.0436149809887593,0.0206768289191481));
#9398=CARTESIAN_POINT('',(0.00180003095428776,-0.0436149809887593,0.0220910424815212));
#9399=CARTESIAN_POINT('',(0.000385817391914669,0.0433850190112407,0.0206768289191481));
#9400=CARTESIAN_POINT('',(0.00180003095428777,0.0433850190112407,0.0220910424815211));
#9401=CARTESIAN_POINT('',(0.00902185636123575,-0.000114980988759325,0.00779814926270767));
#9402=CARTESIAN_POINT('',(0.00902185636123575,0.0443850190112407,0.00779814926270767));
#9403=CARTESIAN_POINT('',(0.00902185636123575,-0.0446149809887593,0.00779814926270767));
#9404=CARTESIAN_POINT('',(0.00822370709852806,0.0463870190112407,0.007));
#9405=CARTESIAN_POINT('',(0.00822370709852806,0.0443850190112407,0.007));
#9406=CARTESIAN_POINT('',(0.00822370709852806,-0.0446149809887593,0.007));
#9407=CARTESIAN_POINT('',(0.0208200056239435,0.0455063393548003,0.000999999999999988));
#9408=CARTESIAN_POINT('',(0.0204866722906102,0.0450349348340093,2.38524477946811E-17));
#9409=CARTESIAN_POINT('',(0.0198200056239435,0.0440921257924273,0.));
#9410=CARTESIAN_POINT('',(0.0210818050699287,0.0452286591094591,0.000869100277020553));
#9411=CARTESIAN_POINT('',(0.0208072077039941,0.0447491551596232,8.36180779809974E-5));
#9412=CARTESIAN_POINT('',(0.020212704792907,0.0439995657106338,1.44948239276911E-17));
#9413=CARTESIAN_POINT('',(0.0215532185619734,0.0445629499827489,0.000711505076813678));
#9414=CARTESIAN_POINT('',(0.0213350668183119,0.0441908701610436,0.000345293180349837));
#9415=CARTESIAN_POINT('',(0.0209979365768302,0.0437776626684166,0.000156223091669815));
#9416=CARTESIAN_POINT('',(0.0218487658908641,0.043777718158387,0.000786119579801409));
#9417=CARTESIAN_POINT('',(0.0217560749602838,0.0436468183772101,0.000693690449641735));
#9418=CARTESIAN_POINT('',(0.0216636457375878,0.0435159187269561,0.000600999426524999));
#9419=CARTESIAN_POINT('',(0.0219413259675031,0.0433850190112407,0.000878679656440352));
#9420=CARTESIAN_POINT('',(0.0219413259675031,0.0433850190112407,0.000878679656440368));
#9421=CARTESIAN_POINT('',(0.0219413259675031,0.0433850190112407,0.000878679656440385));
#9422=CARTESIAN_POINT('',(0.0198200056239435,0.0440921257924273,0.002));
#9423=CARTESIAN_POINT('',(0.0198200056239435,0.0440921257924272,0.));
#9424=CARTESIAN_POINT('',(0.0204866722906101,0.0450349348340093,-1.0842021724855E-19));
#9425=CARTESIAN_POINT('',(0.0208200056239435,0.0455063393548003,0.000999999999999981));
#9426=CARTESIAN_POINT('',(0.0195582061779299,0.0442772459559618,0.));
#9427=CARTESIAN_POINT('',(0.0200912645871873,0.0455726183487026,-3.64481526599419E-17));
#9428=CARTESIAN_POINT('',(0.0202964067319701,0.0460616998454845,0.00126179944595833));
#9429=CARTESIAN_POINT('',(0.0191902459304978,0.044385019011215,0.));
#9430=CARTESIAN_POINT('',(0.0194977537740516,0.0460461449362409,1.65848797386728E-17));
#9431=CARTESIAN_POINT('',(0.0195604862370522,0.0463850190112407,0.0016297596934456));
#9432=CARTESIAN_POINT('',(0.0188200056239434,0.0443850190112407,0.));
#9433=CARTESIAN_POINT('',(0.0188200056239435,0.0463850190112407,3.72860037233369E-31));
#9434=CARTESIAN_POINT('',(0.0188200056239435,0.0463850190112407,0.00199999999999997));
#9435=CARTESIAN_POINT('',(0.0188200056239434,0.0443850190112407,0.002));
#9436=CARTESIAN_POINT('',(-0.0197052250896065,0.0443850190112407,0.002));
#9437=CARTESIAN_POINT('',(-0.0197052250896065,0.0443850190112407,0.002));
#9438=CARTESIAN_POINT('',(0.0149815279928584,0.0443850190112407,0.002));
#9439=CARTESIAN_POINT('',(0.00822370709852806,0.0443850190112407,0.002));
#9440=CARTESIAN_POINT('',(0.00822370709852806,0.0443850190112407,0.007));
#9441=CARTESIAN_POINT('',(0.0117592410044608,0.0443850190112407,0.00346446609406725));
#9442=CARTESIAN_POINT('',(0.0146787106107281,0.0443850190112407,0.00638393570033457));
#9443=CARTESIAN_POINT('',(0.0125573902671685,0.0443850190112407,0.00426261535677493));
#9444=CARTESIAN_POINT('',(0.00902185636123575,0.0443850190112407,0.00779814926270767));
#9445=CARTESIAN_POINT('',(0.0125573902671685,0.0443850190112407,0.0113336831686404));
#9446=CARTESIAN_POINT('',(0.0163957415552315,0.0443850190112407,0.0074953318805774));
#9447=CARTESIAN_POINT('',(0.00180003095428777,0.0443850190112407,0.0220910424815211));
#9448=CARTESIAN_POINT('',(0.00180003095428777,0.0433850190112407,0.0220910424815211));
#9449=CARTESIAN_POINT('',(0.00109292417310122,0.0433850190112407,0.0227981492627077));
#9450=CARTESIAN_POINT('',(0.00109292417310121,-0.000114980988759322,0.0227981492627077));
#9451=CARTESIAN_POINT('',(0.00109292417310121,-0.0436149809887593,0.0227981492627077));
#9452=CARTESIAN_POINT('',(0.00180003095428776,-0.0436149809887593,0.0220910424815212));
#9453=CARTESIAN_POINT('',(0.00180003095428776,-0.0446149809887593,0.0220910424815212));
#9454=CARTESIAN_POINT('',(0.011077785242082,-0.0446149809887593,0.0128132881937269));
#9455=CARTESIAN_POINT('',(0.0125573902671685,-0.0446149809887593,0.0113336831686404));
#9456=CARTESIAN_POINT('',(0.00902185636123575,-0.0446149809887593,0.00779814926270767));
#9457=CARTESIAN_POINT('',(0.0125573902671685,-0.0446149809887593,0.00426261535677493));
#9458=CARTESIAN_POINT('',(0.0127796359793743,-0.0446149809887593,0.00448486106898074));
#9459=CARTESIAN_POINT('',(0.0117592410044608,-0.0446149809887593,0.00346446609406725));
#9460=CARTESIAN_POINT('',(0.00822370709852806,-0.0446149809887593,0.007));
#9461=CARTESIAN_POINT('',(0.00822370709852806,-0.0446149809887593,0.002));
#9462=CARTESIAN_POINT('',(-0.0197052250896065,-0.0446149809887593,0.002));
#9463=CARTESIAN_POINT('',(-0.0197052250896065,-0.0446149809887593,0.002));
#9464=CARTESIAN_POINT('',(-0.00553365221435265,-0.0446149809887593,0.002));
#9465=CARTESIAN_POINT('',(0.0188200056239434,-0.0446149809887593,0.002));
#9466=CARTESIAN_POINT('',(0.0188200056239434,-0.0446149809887594,0.));
#9467=CARTESIAN_POINT('',(0.0188200056239434,-0.0466149809887594,1.84889274661175E-32));
#9468=CARTESIAN_POINT('',(0.0188200056239434,-0.0466149809887594,0.00200000000000001));
#9469=CARTESIAN_POINT('',(0.0191902459304952,-0.0446149809887337,0.));
#9470=CARTESIAN_POINT('',(0.0194977537740485,-0.0462761069137562,2.95002488704816E-18));
#9471=CARTESIAN_POINT('',(0.019560486237047,-0.0466149809887594,0.0016297596934482));
#9472=CARTESIAN_POINT('',(0.0195582061779299,-0.0445072079334805,0.));
#9473=CARTESIAN_POINT('',(0.020091264587188,-0.045802580326222,1.08930591611451E-16));
#9474=CARTESIAN_POINT('',(0.0202964067319701,-0.0462916618230031,0.00126179944595829));
#9475=CARTESIAN_POINT('',(0.0198200056239434,-0.0443220877699459,0.));
#9476=CARTESIAN_POINT('',(0.0204866722906101,-0.045264896811528,-1.0842021724855E-19));
#9477=CARTESIAN_POINT('',(0.0208200056239434,-0.045736301332319,0.000999999999999998));
#9478=CARTESIAN_POINT('',(0.0198200056239434,-0.0443220877699459,0.002));
#9479=CARTESIAN_POINT('',(0.021941325967503,-0.0436149809887594,0.000878679656440352));
#9480=CARTESIAN_POINT('',(0.021941325967503,-0.0436149809887593,0.000878679656440357));
#9481=CARTESIAN_POINT('',(0.0219413259675031,-0.0436149809887594,0.000878679656440361));
#9482=CARTESIAN_POINT('',(0.0218487658908646,-0.0440076801359114,0.00078611957980189));
#9483=CARTESIAN_POINT('',(0.0217560749599539,-0.0438767803547474,0.000693690449993093));
#9484=CARTESIAN_POINT('',(0.0216636457375891,-0.0437458807044767,0.000600999426526416));
#9485=CARTESIAN_POINT('',(0.0215532185619734,-0.0447929119602641,0.000711505076812943));
#9486=CARTESIAN_POINT('',(0.0213350668184811,-0.0444208321385515,0.000345293180168257));
#9487=CARTESIAN_POINT('',(0.0209979365768281,-0.0440076246459335,0.000156223091669084));
#9488=CARTESIAN_POINT('',(0.021081805069928,-0.0454586210869789,0.000869100277021566));
#9489=CARTESIAN_POINT('',(0.0208072077039945,-0.044979117137144,8.3618077983433E-5));
#9490=CARTESIAN_POINT('',(0.0202127047929094,-0.0442295276881541,4.57946115947122E-18));
#9491=CARTESIAN_POINT('',(0.0208200056239434,-0.045736301332319,0.001));
#9492=CARTESIAN_POINT('',(0.0204866722906101,-0.045264896811528,8.23993651088983E-18));
#9493=CARTESIAN_POINT('',(0.0198200056239434,-0.0443220877699459,0.));
#9494=CARTESIAN_POINT('',(0.0124993393685455,0.0385771843412838,-6.93889390390723E-18));
#9495=CARTESIAN_POINT('',(0.0131501721877929,0.0388625020464042,-1.04083408558608E-17));
#9496=CARTESIAN_POINT('',(0.0131501721877929,0.0388625020464042,0.001));
#9497=CARTESIAN_POINT('',(0.0124993393685455,0.0385771843412838,0.001));
#9498=CARTESIAN_POINT('',(0.0118485065492981,0.0382918666361636,0.001));
#9499=CARTESIAN_POINT('',(0.0118485065492981,0.0382918666361636,-6.93889390390723E-18));
#9500=CARTESIAN_POINT('',(0.00429915429760166,0.0316231436256763,-1.04083408558608E-17));
#9501=CARTESIAN_POINT('',(0.00355732826428889,0.0316231436256763,-6.93889390390723E-18));
#9502=CARTESIAN_POINT('',(0.0035573282642889,0.0316231436256763,0.001));
#9503=CARTESIAN_POINT('',(0.0100949593562075,0.0316231436256763,0.001));
#9504=CARTESIAN_POINT('',(0.00504052869825337,0.0316231436247861,0.001));
#9505=CARTESIAN_POINT('',(0.0050405286977043,0.0316231436238959,0.001));
#9506=CARTESIAN_POINT('',(0.00987287422357328,0.0340321504116109,0.001));
#9507=CARTESIAN_POINT('',(0.00987287422357328,0.0340321504116109,-6.93889390390723E-18));
#9508=CARTESIAN_POINT('',(0.00969294413926319,0.034352940047638,0.000999999999999999));
#9509=CARTESIAN_POINT('',(0.00969294413926319,0.034352940047638,-9.32413868337534E-18));
#9510=CARTESIAN_POINT('',(0.00943230255999113,0.034969843193844,0.000999999999999999));
#9511=CARTESIAN_POINT('',(0.00943230255999113,0.034969843193844,-9.32413868337534E-18));
#9512=CARTESIAN_POINT('',(0.00909094948575712,0.035882859850229,0.001));
#9513=CARTESIAN_POINT('',(0.00909094948575712,0.035882859850229,-6.93889390390723E-18));
#9514=CARTESIAN_POINT('',(0.00987287422357328,0.0340321504116109,-6.93889390390723E-18));
#9515=CARTESIAN_POINT('',(0.00987287422357328,0.0340321504116109,0.001));
#9516=CARTESIAN_POINT('',(0.00987287422357328,0.0340321504116109,0.001));
#9517=CARTESIAN_POINT('',(0.00960297909710814,0.0345133348656516,0.001));
#9518=CARTESIAN_POINT('',(0.00909094948575712,0.035882859850229,0.001));
#9519=CARTESIAN_POINT('',(0.00909094948575712,0.035882859850229,0.001));
#9520=CARTESIAN_POINT('',(0.00909094948575712,0.035882859850229,-6.93889390390723E-18));
#9521=CARTESIAN_POINT('',(0.0104404251180828,0.0333335075985325,0.001));
#9522=CARTESIAN_POINT('',(0.0104404251180828,0.0333335075985325,-1.04083408558608E-17));
#9523=CARTESIAN_POINT('',(0.0102419879393866,0.0334784798378909,0.001));
#9524=CARTESIAN_POINT('',(0.0102419879393866,0.0334784798378909,-1.04083408558608E-17));
#9525=CARTESIAN_POINT('',(0.0100528043078834,0.0337113607755837,0.001));
#9526=CARTESIAN_POINT('',(0.0100528043078834,0.0337113607755837,-9.32413868337534E-18));
#9527=CARTESIAN_POINT('',(0.00987287422357328,0.0340321504116109,0.001));
#9528=CARTESIAN_POINT('',(0.00987287422357328,0.0340321504116109,-6.93889390390723E-18));
#9529=CARTESIAN_POINT('',(0.0104404251180828,0.0333335075985325,-1.04083408558608E-17));
#9530=CARTESIAN_POINT('',(0.0104404251180828,0.0333335075985325,0.001));
#9531=CARTESIAN_POINT('',(0.0104404251180828,0.0333335075985325,0.001));
#9532=CARTESIAN_POINT('',(0.0101427693500384,0.0335509659575701,0.001));
#9533=CARTESIAN_POINT('',(0.00987287422357328,0.0340321504116109,0.001));
#9534=CARTESIAN_POINT('',(0.0111637440570094,0.0331160492394948,0.001));
#9535=CARTESIAN_POINT('',(0.0111637440570094,0.0331160492394948,-6.50521303491303E-18));
#9536=CARTESIAN_POINT('',(0.0108799686097546,0.0331160492394948,0.000999999999999998));
#9537=CARTESIAN_POINT('',(0.0108799686097546,0.0331160492394948,-8.89045781438114E-18));
#9538=CARTESIAN_POINT('',(0.0106388622967791,0.0331885353591741,0.000999999999999997));
#9539=CARTESIAN_POINT('',(0.0106388622967791,0.0331885353591741,-9.97465998686664E-18));
#9540=CARTESIAN_POINT('',(0.0104404251180828,0.0333335075985325,0.000999999999999997));
#9541=CARTESIAN_POINT('',(0.0104404251180828,0.0333335075985325,-9.97465998686664E-18));
#9542=CARTESIAN_POINT('',(0.0111637440570094,0.0331160492394948,-6.93889390390723E-18));
#9543=CARTESIAN_POINT('',(0.0111637440570094,0.0331160492394948,0.001));
#9544=CARTESIAN_POINT('',(0.0111637440570094,0.0331160492394948,0.001));
#9545=CARTESIAN_POINT('',(0.0107380808861273,0.0331160492394948,0.001));
#9546=CARTESIAN_POINT('',(0.0104404251180828,0.0333335075985325,0.001));
#9547=CARTESIAN_POINT('',(0.0121461623173426,0.0336943959390631,0.001));
#9548=CARTESIAN_POINT('',(0.0121461623173426,0.0336943959390631,-1.04083408558608E-17));
#9549=CARTESIAN_POINT('',(0.0119086546060532,0.0333088314726842,0.001));
#9550=CARTESIAN_POINT('',(0.0119086546060532,0.0333088314726842,-1.04083408558608E-17));
#9551=CARTESIAN_POINT('',(0.0115811818526088,0.0331160492394948,0.001));
#9552=CARTESIAN_POINT('',(0.0115811818526088,0.0331160492394948,-9.32413868337534E-18));
#9553=CARTESIAN_POINT('',(0.0111637440570094,0.0331160492394948,0.001));
#9554=CARTESIAN_POINT('',(0.0111637440570094,0.0331160492394948,-6.93889390390723E-18));
#9555=CARTESIAN_POINT('',(0.0121461623173426,0.0336943959390631,-1.04083408558608E-17));
#9556=CARTESIAN_POINT('',(0.0121461623173426,0.0336943959390631,0.001));
#9557=CARTESIAN_POINT('',(0.0121461623173426,0.0336943959390631,0.001));
#9558=CARTESIAN_POINT('',(0.0117899007504086,0.0331160492394948,0.001));
#9559=CARTESIAN_POINT('',(0.0111637440570094,0.0331160492394948,0.001));
#9560=CARTESIAN_POINT('',(0.0125024238842765,0.0354109289433813,0.001));
#9561=CARTESIAN_POINT('',(0.0125024238842765,0.0354109289433813,-6.93889390390723E-18));
#9562=CARTESIAN_POINT('',(0.0125024238842765,0.0346521380735479,0.000999999999999998));
#9563=CARTESIAN_POINT('',(0.0125024238842765,0.0346521380735479,-9.10729824887824E-18));
#9564=CARTESIAN_POINT('',(0.0123836700286319,0.0340799604054418,0.000999999999999997));
#9565=CARTESIAN_POINT('',(0.0123836700286319,0.0340799604054418,-1.04083408558608E-17));
#9566=CARTESIAN_POINT('',(0.0121461623173426,0.0336943959390631,0.000999999999999997));
#9567=CARTESIAN_POINT('',(0.0121461623173426,0.0336943959390631,-1.04083408558608E-17));
#9568=CARTESIAN_POINT('',(0.0125024238842765,0.0354109289433813,-6.93889390390723E-18));
#9569=CARTESIAN_POINT('',(0.0125024238842765,0.0354109289433813,0.001));
#9570=CARTESIAN_POINT('',(0.0125024238842765,0.0354109289433813,0.001));
#9571=CARTESIAN_POINT('',(0.0125024238842765,0.0342727426386312,0.001));
#9572=CARTESIAN_POINT('',(0.0121461623173426,0.0336943959390631,0.001));
#9573=CARTESIAN_POINT('',(0.0118485065492981,0.0382918666361636,0.001));
#9574=CARTESIAN_POINT('',(0.0118485065492981,0.0382918666361636,-1.04083408558608E-17));
#9575=CARTESIAN_POINT('',(0.0122844514392837,0.0372328495685099,0.001));
#9576=CARTESIAN_POINT('',(0.0122844514392837,0.0372328495685099,-1.04083408558608E-17));
#9577=CARTESIAN_POINT('',(0.0125024238842765,0.0362725370042491,0.001));
#9578=CARTESIAN_POINT('',(0.0125024238842765,0.0362725370042491,-1.04083408558608E-17));
#9579=CARTESIAN_POINT('',(0.0125024238842765,0.0354109289433813,0.001));
#9580=CARTESIAN_POINT('',(0.0125024238842765,0.0354109289433813,-1.04083408558608E-17));
#9581=CARTESIAN_POINT('',(0.0118485065492981,0.0382918666361636,0.001));
#9582=CARTESIAN_POINT('',(0.0125024238842765,0.036703341034683,0.001));
#9583=CARTESIAN_POINT('',(0.0125024238842765,0.0354109289433813,0.001));
#9584=CARTESIAN_POINT('',(0.0138441882272747,0.0355250560254294,0.001));
#9585=CARTESIAN_POINT('',(0.0138441882272747,0.0355250560254294,-1.04083408558608E-17));
#9586=CARTESIAN_POINT('',(0.0138441882272747,0.0366622141582693,0.001));
#9587=CARTESIAN_POINT('',(0.0138441882272747,0.0366622141582693,-1.04083408558608E-17));
#9588=CARTESIAN_POINT('',(0.0136128495474474,0.0377746961652609,0.001));
#9589=CARTESIAN_POINT('',(0.0136128495474474,0.0377746961652609,-1.04083408558608E-17));
#9590=CARTESIAN_POINT('',(0.0131501721877929,0.0388625020464042,0.001));
#9591=CARTESIAN_POINT('',(0.0131501721877929,0.0388625020464042,-1.04083408558608E-17));
#9592=CARTESIAN_POINT('',(0.0138441882272747,0.0355250560254294,-1.04083408558608E-17));
#9593=CARTESIAN_POINT('',(0.0138441882272747,0.0355250560254294,0.001));
#9594=CARTESIAN_POINT('',(0.0138441882272747,0.0355250560254294,0.001));
#9595=CARTESIAN_POINT('',(0.0138441882272747,0.0372307932246892,0.001));
#9596=CARTESIAN_POINT('',(0.0131501721877929,0.0388625020464042,0.001));
#9597=CARTESIAN_POINT('',(0.0130961931624999,0.0326441183326472,0.001));
#9598=CARTESIAN_POINT('',(0.0130961931624999,0.0326441183326472,-6.93889390390723E-18));
#9599=CARTESIAN_POINT('',(0.0135948565390164,0.0333453315755015,0.000999999999999998));
#9600=CARTESIAN_POINT('',(0.0135948565390164,0.0333453315755015,-9.32413868337534E-18));
#9601=CARTESIAN_POINT('',(0.0138441882272747,0.0343056441397622,0.000999999999999997));
#9602=CARTESIAN_POINT('',(0.0138441882272747,0.0343056441397622,-1.04083408558608E-17));
#9603=CARTESIAN_POINT('',(0.0138441882272747,0.0355250560254294,0.000999999999999997));
#9604=CARTESIAN_POINT('',(0.0138441882272747,0.0355250560254294,-1.04083408558608E-17));
#9605=CARTESIAN_POINT('',(0.0130961931624999,0.0326441183326472,-6.93889390390723E-18));
#9606=CARTESIAN_POINT('',(0.0130961931624999,0.0326441183326472,0.001));
#9607=CARTESIAN_POINT('',(0.0130961931624999,0.0326441183326472,0.001));
#9608=CARTESIAN_POINT('',(0.0138441882272747,0.0336959381969286,0.001));
#9609=CARTESIAN_POINT('',(0.0138441882272747,0.0355250560254294,0.001));
#9610=CARTESIAN_POINT('',(0.0110557860064234,0.0315922984683659,0.001));
#9611=CARTESIAN_POINT('',(0.0110557860064234,0.0315922984683659,-1.04083408558608E-17));
#9612=CARTESIAN_POINT('',(0.0119173940672911,0.0315922984683659,0.001));
#9613=CARTESIAN_POINT('',(0.0119173940672911,0.0315922984683659,-1.04083408558608E-17));
#9614=CARTESIAN_POINT('',(0.0125975297859833,0.031942905089793,0.001));
#9615=CARTESIAN_POINT('',(0.0125975297859833,0.031942905089793,-9.32413868337534E-18));
#9616=CARTESIAN_POINT('',(0.0130961931624999,0.0326441183326472,0.001));
#9617=CARTESIAN_POINT('',(0.0130961931624999,0.0326441183326472,-6.93889390390723E-18));
#9618=CARTESIAN_POINT('',(0.0110557860064234,0.0315922984683659,-1.04083408558608E-17));
#9619=CARTESIAN_POINT('',(0.0110557860064234,0.0315922984683659,0.001));
#9620=CARTESIAN_POINT('',(0.0110557860064234,0.0315922984683659,0.001));
#9621=CARTESIAN_POINT('',(0.012348198097725,0.0315922984683659,0.001));
#9622=CARTESIAN_POINT('',(0.0130961931624999,0.0326441183326472,0.001));
#9623=CARTESIAN_POINT('',(0.00981426842468371,0.0318961232678724,0.000999999999999999));
#9624=CARTESIAN_POINT('',(0.00981426842468371,0.0318961232678724,-1.04083408558608E-17));
#9625=CARTESIAN_POINT('',(0.0101607623584694,0.0316935734015347,0.001));
#9626=CARTESIAN_POINT('',(0.0101607623584694,0.0316935734015347,-8.02309607639273E-18));
#9627=CARTESIAN_POINT('',(0.0105746015523827,0.0315922984683659,0.001));
#9628=CARTESIAN_POINT('',(0.0105746015523827,0.0315922984683659,-8.02309607639273E-18));
#9629=CARTESIAN_POINT('',(0.0110557860064234,0.0315922984683659,0.000999999999999999));
#9630=CARTESIAN_POINT('',(0.0110557860064234,0.0315922984683659,-1.04083408558608E-17));
#9631=CARTESIAN_POINT('',(0.00981426842468371,0.0318961232678724,-1.04083408558608E-17));
#9632=CARTESIAN_POINT('',(0.00981426842468371,0.0318961232678724,0.001));
#9633=CARTESIAN_POINT('',(0.00981426842468371,0.0318961232678724,0.001));
#9634=CARTESIAN_POINT('',(0.0103340093253623,0.0315922984683659,0.001));
#9635=CARTESIAN_POINT('',(0.0110557860064234,0.0315922984683659,0.001));
#9636=CARTESIAN_POINT('',(0.00888428693177809,0.0328214779871814,0.000999999999999999));
#9637=CARTESIAN_POINT('',(0.00888428693177809,0.0328214779871814,-1.04083408558608E-17));
#9638=CARTESIAN_POINT('',(0.00915778065992944,0.0324071247073131,0.001));
#9639=CARTESIAN_POINT('',(0.00915778065992944,0.0324071247073131,-8.02309607639273E-18));
#9640=CARTESIAN_POINT('',(0.00946777449089798,0.03209867313421,0.001));
#9641=CARTESIAN_POINT('',(0.00946777449089798,0.03209867313421,-8.02309607639273E-18));
#9642=CARTESIAN_POINT('',(0.00981426842468371,0.0318961232678724,0.000999999999999999));
#9643=CARTESIAN_POINT('',(0.00981426842468371,0.0318961232678724,-1.04083408558608E-17));
#9644=CARTESIAN_POINT('',(0.00888428693177809,0.0328214779871814,-1.04083408558608E-17));
#9645=CARTESIAN_POINT('',(0.00888428693177809,0.0328214779871814,0.001));
#9646=CARTESIAN_POINT('',(0.00888428693177809,0.0328214779871814,0.001));
#9647=CARTESIAN_POINT('',(0.00929452752400511,0.0321999480673789,0.001));
#9648=CARTESIAN_POINT('',(0.00981426842468371,0.0318961232678724,0.001));
#9649=CARTESIAN_POINT('',(0.00792500253942769,0.0349174064264165,0.001));
#9650=CARTESIAN_POINT('',(0.00792500253942769,0.0349174064264165,-6.93889390390723E-18));
#9651=CARTESIAN_POINT('',(0.00829103173950994,0.0339344740801282,0.000999999999999998));
#9652=CARTESIAN_POINT('',(0.00829103173950994,0.0339344740801282,-9.10729824887824E-18));
#9653=CARTESIAN_POINT('',(0.00861079320362674,0.0332358312670499,0.000999999999999997));
#9654=CARTESIAN_POINT('',(0.00861079320362674,0.0332358312670499,-1.04083408558608E-17));
#9655=CARTESIAN_POINT('',(0.00888428693177809,0.0328214779871814,0.000999999999999997));
#9656=CARTESIAN_POINT('',(0.00888428693177809,0.0328214779871814,-1.04083408558608E-17));
#9657=CARTESIAN_POINT('',(0.00792500253942769,0.0349174064264165,-6.93889390390723E-18));
#9658=CARTESIAN_POINT('',(0.0079250025394277,0.0349174064264165,0.001));
#9659=CARTESIAN_POINT('',(0.0079250025394277,0.0349174064264165,0.001));
#9660=CARTESIAN_POINT('',(0.00847404633955107,0.0334430079069841,0.001));
#9661=CARTESIAN_POINT('',(0.00888428693177809,0.0328214779871814,0.001));
#9662=CARTESIAN_POINT('',(0.00688860525380153,0.0370056235763239,0.001));
#9663=CARTESIAN_POINT('',(0.00688860525380153,0.0370056235763239,-1.04083408558608E-17));
#9664=CARTESIAN_POINT('',(0.00718060607633906,0.0366498760953452,0.001));
#9665=CARTESIAN_POINT('',(0.00718060607633906,0.0366498760953452,-8.02309607639273E-18));
#9666=CARTESIAN_POINT('',(0.00752607183821445,0.0359538037120427,0.001));
#9667=CARTESIAN_POINT('',(0.00752607183821445,0.0359538037120427,-6.93889390390723E-18));
#9668=CARTESIAN_POINT('',(0.00792500253942769,0.0349174064264165,0.001));
#9669=CARTESIAN_POINT('',(0.00792500253942769,0.0349174064264165,-6.93889390390723E-18));
#9670=CARTESIAN_POINT('',(0.00688860525380153,0.0370056235763239,-1.04083408558608E-17));
#9671=CARTESIAN_POINT('',(0.00688860525380154,0.0370056235763239,0.001));
#9672=CARTESIAN_POINT('',(0.00688860525380153,0.0370056235763239,0.001));
#9673=CARTESIAN_POINT('',(0.00732660648760783,0.0364720023548558,0.001));
#9674=CARTESIAN_POINT('',(0.0079250025394277,0.0349174064264165,0.001));
#9675=CARTESIAN_POINT('',(0.0058337008737892,0.0375392447977922,0.000999999999999999));
#9676=CARTESIAN_POINT('',(0.0058337008737892,0.0375392447977922,-1.01915004213637E-17));
#9677=CARTESIAN_POINT('',(0.00624496963792656,0.0375392447977922,0.000999999999999999));
#9678=CARTESIAN_POINT('',(0.00624496963792656,0.0375392447977922,-1.01915004213637E-17));
#9679=CARTESIAN_POINT('',(0.006596604431264,0.0373613710573028,0.000999999999999999));
#9680=CARTESIAN_POINT('',(0.006596604431264,0.0373613710573028,-1.01915004213637E-17));
#9681=CARTESIAN_POINT('',(0.00688860525380153,0.0370056235763239,0.000999999999999999));
#9682=CARTESIAN_POINT('',(0.00688860525380153,0.0370056235763239,-1.01915004213637E-17));
#9683=CARTESIAN_POINT('',(0.0058337008737892,0.0375392447977922,-1.04083408558608E-17));
#9684=CARTESIAN_POINT('',(0.0058337008737892,0.0375392447977922,0.001));
#9685=CARTESIAN_POINT('',(0.0058337008737892,0.0375392447977922,0.001));
#9686=CARTESIAN_POINT('',(0.00645060401999524,0.0375392447977922,0.000999999999999987));
#9687=CARTESIAN_POINT('',(0.00688860525380153,0.0370056235763239,0.001));
#9688=CARTESIAN_POINT('',(0.00461377490216674,0.0368652781105621,0.001));
#9689=CARTESIAN_POINT('',(0.00461377490216674,0.0368652781105621,-1.04083408558608E-17));
#9690=CARTESIAN_POINT('',(0.00488007142694569,0.0373145892353822,0.001));
#9691=CARTESIAN_POINT('',(0.00488007142694569,0.0373145892353822,-8.02309607639273E-18));
#9692=CARTESIAN_POINT('',(0.00528671341748651,0.0375392447977922,0.001));
#9693=CARTESIAN_POINT('',(0.00528671341748651,0.0375392447977922,-8.02309607639273E-18));
#9694=CARTESIAN_POINT('',(0.0058337008737892,0.0375392447977922,0.001));
#9695=CARTESIAN_POINT('',(0.0058337008737892,0.0375392447977922,-1.04083408558608E-17));
#9696=CARTESIAN_POINT('',(0.00461377490216674,0.0368652781105621,-1.04083408558608E-17));
#9697=CARTESIAN_POINT('',(0.00461377490216675,0.0368652781105621,0.001));
#9698=CARTESIAN_POINT('',(0.00461377490216674,0.0368652781105621,0.001));
#9699=CARTESIAN_POINT('',(0.00501321968933516,0.0375392447977922,0.001));
#9700=CARTESIAN_POINT('',(0.0058337008737892,0.0375392447977922,0.001));
#9701=CARTESIAN_POINT('',(0.00421433011499833,0.0349389980365337,0.001));
#9702=CARTESIAN_POINT('',(0.00421433011499833,0.0349389980365337,-6.93889390390723E-18));
#9703=CARTESIAN_POINT('',(0.00421433011499833,0.0357738736277326,0.001));
#9704=CARTESIAN_POINT('',(0.00421433011499833,0.0357738736277326,-6.93889390390723E-18));
#9705=CARTESIAN_POINT('',(0.0043474783773878,0.036415966985742,0.001));
#9706=CARTESIAN_POINT('',(0.0043474783773878,0.036415966985742,-8.02309607639273E-18));
#9707=CARTESIAN_POINT('',(0.00461377490216674,0.0368652781105621,0.001));
#9708=CARTESIAN_POINT('',(0.00461377490216674,0.0368652781105621,-1.04083408558608E-17));
#9709=CARTESIAN_POINT('',(0.00421433011499833,0.0349389980365337,-6.93889390390723E-18));
#9710=CARTESIAN_POINT('',(0.00421433011499834,0.0349389980365337,0.001));
#9711=CARTESIAN_POINT('',(0.00421433011499833,0.0349389980365337,0.001));
#9712=CARTESIAN_POINT('',(0.00421433011499833,0.036191311423332,0.001));
#9713=CARTESIAN_POINT('',(0.00461377490216674,0.0368652781105621,0.001));
#9714=CARTESIAN_POINT('',(0.011070148771591,0.0349894026839702,-1.14788738325011E-16));
#9715=CARTESIAN_POINT('',(0.00443487298976699,0.0332563947052568,-1.04083408558608E-17));
#9716=CARTESIAN_POINT('',(0.00443532797817686,0.0332565136470064,0.000999999999999996));
#9717=CARTESIAN_POINT('',(0.011070148771591,0.0349894026839702,0.000999999999999987));
#9718=CARTESIAN_POINT('',(0.0120946674609174,0.0351658000257671,1.36173650072327E-16));
#9719=CARTESIAN_POINT('',(0.0120946674609174,0.0351658000257671,0.001));
#9720=CARTESIAN_POINT('',(0.00289107286638636,0.0348988993320304,0.001));
#9721=CARTESIAN_POINT('',(0.00289107286638636,0.0348988993320304,-1.04083408558608E-17));
#9722=CARTESIAN_POINT('',(0.00289107286638636,0.0334985291901426,0.001));
#9723=CARTESIAN_POINT('',(0.00289107286638636,0.0334985291901426,-1.04083408558608E-17));
#9724=CARTESIAN_POINT('',(0.00311315799902054,0.0324066106213579,0.001));
#9725=CARTESIAN_POINT('',(0.00311315799902054,0.0324066106213579,-9.32413868337534E-18));
#9726=CARTESIAN_POINT('',(0.00355732826428889,0.0316231436256763,0.001));
#9727=CARTESIAN_POINT('',(0.00355732826428889,0.0316231436256763,-6.93889390390723E-18));
#9728=CARTESIAN_POINT('',(0.00289107286638636,0.0348988993320304,-1.04083408558608E-17));
#9729=CARTESIAN_POINT('',(0.00289107286638637,0.0348988993320304,0.001));
#9730=CARTESIAN_POINT('',(0.00289107286638636,0.0348988993320304,0.001));
#9731=CARTESIAN_POINT('',(0.00289107286638636,0.0327983441191987,0.001));
#9732=CARTESIAN_POINT('',(0.00355732826428889,0.0316231436256763,0.001));
#9733=CARTESIAN_POINT('',(0.0036915046985887,0.0379834150630605,0.001));
#9734=CARTESIAN_POINT('',(0.0036915046985887,0.0379834150630605,-6.93889390390723E-18));
#9735=CARTESIAN_POINT('',(0.00315788347712048,0.037251356662896,0.001));
#9736=CARTESIAN_POINT('',(0.00315788347712048,0.037251356662896,-6.93889390390723E-18));
#9737=CARTESIAN_POINT('',(0.00289107286638636,0.0362231847525527,0.000999999999999999));
#9738=CARTESIAN_POINT('',(0.00289107286638636,0.0362231847525527,-8.23993651088983E-18));
#9739=CARTESIAN_POINT('',(0.00289107286638636,0.0348988993320304,0.000999999999999996));
#9740=CARTESIAN_POINT('',(0.00289107286638636,0.0348988993320304,-1.04083408558608E-17));
#9741=CARTESIAN_POINT('',(0.0036915046985887,0.0379834150630605,-6.93889390390723E-18));
#9742=CARTESIAN_POINT('',(0.00369150469858871,0.0379834150630605,0.001));
#9743=CARTESIAN_POINT('',(0.0036915046985887,0.0379834150630605,0.001));
#9744=CARTESIAN_POINT('',(0.00289107286638637,0.0368853274628138,0.001));
#9745=CARTESIAN_POINT('',(0.00289107286638636,0.0348988993320304,0.001));
#9746=CARTESIAN_POINT('',(0.0059663350502235,0.0390815026633073,0.001));
#9747=CARTESIAN_POINT('',(0.0059663350502235,0.0390815026633073,-1.04083408558608E-17));
#9748=CARTESIAN_POINT('',(0.0049834027039352,0.0390815026633073,0.001));
#9749=CARTESIAN_POINT('',(0.0049834027039352,0.0390815026633073,-8.02309607639273E-18));
#9750=CARTESIAN_POINT('',(0.00422512592005694,0.038715473463225,0.001));
#9751=CARTESIAN_POINT('',(0.00422512592005694,0.038715473463225,-6.93889390390723E-18));
#9752=CARTESIAN_POINT('',(0.0036915046985887,0.0379834150630605,0.001));
#9753=CARTESIAN_POINT('',(0.0036915046985887,0.0379834150630605,-6.93889390390723E-18));
#9754=CARTESIAN_POINT('',(0.0059663350502235,0.0390815026633073,-1.04083408558608E-17));
#9755=CARTESIAN_POINT('',(0.0059663350502235,0.0390815026633073,0.001));
#9756=CARTESIAN_POINT('',(0.0059663350502235,0.0390815026633073,0.001));
#9757=CARTESIAN_POINT('',(0.00449193653079105,0.0390815026633073,0.001));
#9758=CARTESIAN_POINT('',(0.0036915046985887,0.0379834150630605,0.001));
#9759=CARTESIAN_POINT('',(0.00771217095398661,0.0384214162968669,0.000999999999999998));
#9760=CARTESIAN_POINT('',(0.00771217095398661,0.0384214162968669,-3.25260651745651E-18));
#9761=CARTESIAN_POINT('',(0.00724949359433208,0.0388614738744938,0.000999999999999998));
#9762=CARTESIAN_POINT('',(0.00724949359433208,0.0388614738744938,-3.25260651745651E-18));
#9763=CARTESIAN_POINT('',(0.00666754829307771,0.0390815026633073,0.000999999999999998));
#9764=CARTESIAN_POINT('',(0.00666754829307771,0.0390815026633073,-3.25260651745651E-18));
#9765=CARTESIAN_POINT('',(0.0059663350502235,0.0390815026633073,0.000999999999999998));
#9766=CARTESIAN_POINT('',(0.0059663350502235,0.0390815026633073,-3.25260651745651E-18));
#9767=CARTESIAN_POINT('',(0.00771217095398661,0.0384214162968669,-1.04083408558608E-17));
#9768=CARTESIAN_POINT('',(0.00771217095398661,0.0384214162968669,0.001));
#9769=CARTESIAN_POINT('',(0.00771217095398661,0.0384214162968669,0.001));
#9770=CARTESIAN_POINT('',(0.00701815491450481,0.0390815026633073,0.000999999999999987));
#9771=CARTESIAN_POINT('',(0.0059663350502235,0.0390815026633073,0.001));
#9772=CARTESIAN_POINT('',(0.00909094948575712,0.035882859850229,0.001));
#9773=CARTESIAN_POINT('',(0.00909094948575712,0.035882859850229,-6.93889390390723E-18));
#9774=CARTESIAN_POINT('',(0.00863444115756465,0.0371351732370272,0.000999999999999998));
#9775=CARTESIAN_POINT('',(0.00863444115756465,0.0371351732370272,-9.10729824887824E-18));
#9776=CARTESIAN_POINT('',(0.00817484831364114,0.0379813587192399,0.000999999999999997));
#9777=CARTESIAN_POINT('',(0.00817484831364114,0.0379813587192399,-1.04083408558608E-17));
#9778=CARTESIAN_POINT('',(0.00771217095398661,0.0384214162968669,0.000999999999999997));
#9779=CARTESIAN_POINT('',(0.00771217095398661,0.0384214162968669,-1.04083408558608E-17));
#9780=CARTESIAN_POINT('',(0.00909094948575712,0.035882859850229,0.001));
#9781=CARTESIAN_POINT('',(0.00840618699346841,0.0377613299304264,0.001));
#9782=CARTESIAN_POINT('',(0.00771217095398661,0.0384214162968669,0.001));
#9783=CARTESIAN_POINT('',(0.0100949593562075,0.0354664502265399,0.001));
#9784=CARTESIAN_POINT('',(0.00450119007798414,0.0276965551000747,-1.04083408558608E-17));
#9785=CARTESIAN_POINT('',(0.00450119007798414,0.0277397383203092,-1.04083408558608E-17));
#9786=CARTESIAN_POINT('',(0.00450119007798415,0.0277397383203092,0.001));
#9787=CARTESIAN_POINT('',(0.00450119007798415,0.0247215396774961,0.001));
#9788=CARTESIAN_POINT('',(0.00450119007798415,0.0276533718798403,0.001));
#9789=CARTESIAN_POINT('',(0.00450119007798414,0.0276533718798403,-1.04083408558608E-17));
#9790=CARTESIAN_POINT('',(0.0037932937177127,0.0278554076602228,-1.04083408558608E-17));
#9791=CARTESIAN_POINT('',(0.00308539735744127,0.0279710770001365,-1.04083408558608E-17));
#9792=CARTESIAN_POINT('',(0.00308539735744127,0.0279710770001365,0.001));
#9793=CARTESIAN_POINT('',(0.0037932937177127,0.0278554076602228,0.001));
#9794=CARTESIAN_POINT('',(0.00308539735744127,0.0286311633665769,-1.04083408558608E-17));
#9795=CARTESIAN_POINT('',(0.00308539735744127,0.0292912497330174,-1.04083408558608E-17));
#9796=CARTESIAN_POINT('',(0.00308539735744127,0.0292912497330174,0.001));
#9797=CARTESIAN_POINT('',(0.00308539735744127,0.0247215396774961,0.001));
#9798=CARTESIAN_POINT('',(0.00836763054683053,0.0292912497330174,-1.04083408558608E-17));
#9799=CARTESIAN_POINT('',(0.0136498637362198,0.0292912497330174,-1.04083408558608E-17));
#9800=CARTESIAN_POINT('',(0.0136498637362198,0.0292912497330174,0.001));
#9801=CARTESIAN_POINT('',(0.0100949593562075,0.0292912497330174,0.001));
#9802=CARTESIAN_POINT('',(0.0136498637362198,0.028490817900815,-1.04083408558608E-17));
#9803=CARTESIAN_POINT('',(0.0136498637362198,0.0276903860686127,-1.04083408558608E-17));
#9804=CARTESIAN_POINT('',(0.0136498637362198,0.0276903860686127,0.001));
#9805=CARTESIAN_POINT('',(0.0136498637362198,0.0247215396774961,0.001));
#9806=CARTESIAN_POINT('',(0.0108737995782926,0.0276903860686127,-1.04083408558608E-17));
#9807=CARTESIAN_POINT('',(0.00809773542036539,0.0276903860686127,-1.04083408558608E-17));
#9808=CARTESIAN_POINT('',(0.00809773542036539,0.0276903860686127,0.001));
#9809=CARTESIAN_POINT('',(0.0100949593562075,0.0276903860686127,0.001));
#9810=CARTESIAN_POINT('',(0.0102229667590452,0.0220734829224066,-1.04083408558608E-17));
#9811=CARTESIAN_POINT('',(0.0136498637362198,0.0220734829224066,-1.04083408558608E-17));
#9812=CARTESIAN_POINT('',(0.0136498637362198,0.0220734829224066,0.001));
#9813=CARTESIAN_POINT('',(0.0100949593562075,0.0220734829224066,0.001));
#9814=CARTESIAN_POINT('',(0.00679606978187063,0.0220734829224066,0.001));
#9815=CARTESIAN_POINT('',(0.00679606978187063,0.0220734829224066,-1.04083408558608E-17));
#9816=CARTESIAN_POINT('',(0.0136498637362198,0.0212637975430112,-1.04083408558608E-17));
#9817=CARTESIAN_POINT('',(0.0136498637362198,0.0204541121636157,-1.04083408558608E-17));
#9818=CARTESIAN_POINT('',(0.0136498637362198,0.0204541121636157,0.001));
#9819=CARTESIAN_POINT('',(0.0136498637362198,0.0247215396774961,0.001));
#9820=CARTESIAN_POINT('',(0.0101936638596004,0.0204541121636157,-6.93889390390723E-18));
#9821=CARTESIAN_POINT('',(0.00673746398298106,0.0204541121636157,-6.93889390390723E-18));
#9822=CARTESIAN_POINT('',(0.00673746398298106,0.0204541121636158,0.001));
#9823=CARTESIAN_POINT('',(0.0100949593562075,0.0204541121636158,0.001));
#9824=CARTESIAN_POINT('',(0.00380717403850234,0.0214118542981006,0.001));
#9825=CARTESIAN_POINT('',(0.00380717403850234,0.0214118542981006,-1.04083408558608E-17));
#9826=CARTESIAN_POINT('',(0.00441790815324633,0.0207733595417774,0.001));
#9827=CARTESIAN_POINT('',(0.00441790815324633,0.0207733595417774,-8.02309607639273E-18));
#9828=CARTESIAN_POINT('',(0.00539467146807257,0.0204541121636157,0.001));
#9829=CARTESIAN_POINT('',(0.00539467146807257,0.0204541121636157,-6.93889390390723E-18));
#9830=CARTESIAN_POINT('',(0.00673746398298106,0.0204541121636157,0.001));
#9831=CARTESIAN_POINT('',(0.00673746398298106,0.0204541121636157,-6.93889390390723E-18));
#9832=CARTESIAN_POINT('',(0.00380717403850234,0.0214118542981006,-1.04083408558608E-17));
#9833=CARTESIAN_POINT('',(0.00380717403850234,0.0214118542981006,0.001));
#9834=CARTESIAN_POINT('',(0.00380717403850234,0.0214118542981006,0.001));
#9835=CARTESIAN_POINT('',(0.00472327521061832,0.0204541121636157,0.001));
#9836=CARTESIAN_POINT('',(0.00673746398298106,0.0204541121636157,0.001));
#9837=CARTESIAN_POINT('',(0.00289107286638637,0.0242974187644794,0.001));
#9838=CARTESIAN_POINT('',(0.00289107286638637,0.0242974187644794,-6.93889390390723E-18));
#9839=CARTESIAN_POINT('',(0.00289107286638636,0.0230122038765502,0.000999999999999998));
#9840=CARTESIAN_POINT('',(0.00289107286638636,0.0230122038765502,-9.10729824887824E-18));
#9841=CARTESIAN_POINT('',(0.00319643992375835,0.0220503490544239,0.000999999999999997));
#9842=CARTESIAN_POINT('',(0.00319643992375835,0.0220503490544239,-1.04083408558608E-17));
#9843=CARTESIAN_POINT('',(0.00380717403850234,0.0214118542981006,0.000999999999999997));
#9844=CARTESIAN_POINT('',(0.00380717403850234,0.0214118542981006,-1.04083408558608E-17));
#9845=CARTESIAN_POINT('',(0.00289107286638637,0.0242974187644794,-6.93889390390723E-18));
#9846=CARTESIAN_POINT('',(0.00289107286638637,0.0242974187644794,0.001));
#9847=CARTESIAN_POINT('',(0.00289107286638637,0.0242974187644794,0.001));
#9848=CARTESIAN_POINT('',(0.00289107286638636,0.0223695964325855,0.001));
#9849=CARTESIAN_POINT('',(0.00380717403850234,0.0214118542981006,0.001));
#9850=CARTESIAN_POINT('',(0.00330594023220993,0.026290015926725,0.001));
#9851=CARTESIAN_POINT('',(0.00330594023220993,0.026290015926725,-6.93889390390723E-18));
#9852=CARTESIAN_POINT('',(0.00302936198832755,0.0257080706254706,0.001));
#9853=CARTESIAN_POINT('',(0.00302936198832755,0.0257080706254706,-6.93889390390723E-18));
#9854=CARTESIAN_POINT('',(0.00289107286638637,0.0250438715713887,0.001));
#9855=CARTESIAN_POINT('',(0.00289107286638637,0.0250438715713887,-6.93889390390723E-18));
#9856=CARTESIAN_POINT('',(0.00289107286638637,0.0242974187644794,0.001));
#9857=CARTESIAN_POINT('',(0.00289107286638637,0.0242974187644794,-6.93889390390723E-18));
#9858=CARTESIAN_POINT('',(0.00330594023220993,0.026290015926725,-6.93889390390723E-18));
#9859=CARTESIAN_POINT('',(0.00330594023220994,0.026290015926725,0.001));
#9860=CARTESIAN_POINT('',(0.00330594023220993,0.026290015926725,0.001));
#9861=CARTESIAN_POINT('',(0.00289107286638637,0.0254170979748434,0.001));
#9862=CARTESIAN_POINT('',(0.00289107286638637,0.0242974187644794,0.001));
#9863=CARTESIAN_POINT('',(0.00450119007798414,0.0276533718798403,0.001));
#9864=CARTESIAN_POINT('',(0.00450119007798414,0.0276533718798403,-1.04083408558608E-17));
#9865=CARTESIAN_POINT('',(0.00398093509135037,0.0273264132123511,0.001));
#9866=CARTESIAN_POINT('',(0.00398093509135037,0.0273264132123511,-1.04083408558608E-17));
#9867=CARTESIAN_POINT('',(0.0035825184760923,0.0268719612279793,0.001));
#9868=CARTESIAN_POINT('',(0.0035825184760923,0.0268719612279793,-9.32413868337534E-18));
#9869=CARTESIAN_POINT('',(0.00330594023220993,0.026290015926725,0.001));
#9870=CARTESIAN_POINT('',(0.00330594023220993,0.026290015926725,-6.93889390390723E-18));
#9871=CARTESIAN_POINT('',(0.00450119007798414,0.0276533718798403,0.000999999999999987));
#9872=CARTESIAN_POINT('',(0.00372080759803349,0.0271629338786065,0.000999999999999987));
#9873=CARTESIAN_POINT('',(0.00330594023220993,0.026290015926725,0.001));
#9874=CARTESIAN_POINT('',(0.00513814257644188,0.0269254261673172,0.001));
#9875=CARTESIAN_POINT('',(0.00513814257644188,0.0269254261673172,-1.04083408558608E-17));
#9876=CARTESIAN_POINT('',(0.00574167948781347,0.0274353994348475,0.001));
#9877=CARTESIAN_POINT('',(0.00574167948781347,0.0274353994348475,-8.23993651088983E-18));
#9878=CARTESIAN_POINT('',(0.00672821043578797,0.0276903860686127,0.001));
#9879=CARTESIAN_POINT('',(0.00672821043578797,0.0276903860686127,-8.23993651088983E-18));
#9880=CARTESIAN_POINT('',(0.00809773542036539,0.0276903860686127,0.001));
#9881=CARTESIAN_POINT('',(0.00809773542036539,0.0276903860686127,-1.04083408558608E-17));
#9882=CARTESIAN_POINT('',(0.00513814257644188,0.0269254261673172,-1.04083408558608E-17));
#9883=CARTESIAN_POINT('',(0.00513814257644189,0.0269254261673172,0.001));
#9884=CARTESIAN_POINT('',(0.00513814257644188,0.0269254261673172,0.001));
#9885=CARTESIAN_POINT('',(0.00604344794349925,0.0276903860686127,0.001));
#9886=CARTESIAN_POINT('',(0.00809773542036539,0.0276903860686127,0.001));
#9887=CARTESIAN_POINT('',(0.00423283720938451,0.0245009968027275,0.001));
#9888=CARTESIAN_POINT('',(0.00423283720938451,0.0245009968027275,-1.04083408558608E-17));
#9889=CARTESIAN_POINT('',(0.00423283720938451,0.025607309778257,0.001));
#9890=CARTESIAN_POINT('',(0.00423283720938451,0.025607309778257,-1.04083408558608E-17));
#9891=CARTESIAN_POINT('',(0.0045346056650703,0.0264154528997869,0.001));
#9892=CARTESIAN_POINT('',(0.0045346056650703,0.0264154528997869,-1.04083408558608E-17));
#9893=CARTESIAN_POINT('',(0.00513814257644188,0.0269254261673172,0.001));
#9894=CARTESIAN_POINT('',(0.00513814257644188,0.0269254261673172,-1.04083408558608E-17));
#9895=CARTESIAN_POINT('',(0.00423283720938451,0.0245009968027275,-1.04083408558608E-17));
#9896=CARTESIAN_POINT('',(0.00423283720938451,0.0245009968027275,0.001));
#9897=CARTESIAN_POINT('',(0.00423283720938451,0.0245009968027275,0.001));
#9898=CARTESIAN_POINT('',(0.00423283720938451,0.0261604662660217,0.001));
#9899=CARTESIAN_POINT('',(0.00513814257644188,0.0269254261673172,0.001));
#9900=CARTESIAN_POINT('',(0.00486824744997674,0.0226610831691679,0.001));
#9901=CARTESIAN_POINT('',(0.00486824744997674,0.0226610831691679,-6.93889390390723E-18));
#9902=CARTESIAN_POINT('',(0.00444464062291525,0.0230528166670087,0.000999999999999998));
#9903=CARTESIAN_POINT('',(0.00444464062291525,0.0230528166670087,-9.10729824887824E-18));
#9904=CARTESIAN_POINT('',(0.00423283720938451,0.0236661212115286,0.000999999999999997));
#9905=CARTESIAN_POINT('',(0.00423283720938451,0.0236661212115286,-1.04083408558608E-17));
#9906=CARTESIAN_POINT('',(0.00423283720938451,0.0245009968027275,0.000999999999999997));
#9907=CARTESIAN_POINT('',(0.00423283720938451,0.0245009968027275,-1.04083408558608E-17));
#9908=CARTESIAN_POINT('',(0.00486824744997674,0.0226610831691679,-6.93889390390723E-18));
#9909=CARTESIAN_POINT('',(0.00486824744997675,0.0226610831691679,0.001));
#9910=CARTESIAN_POINT('',(0.00486824744997674,0.0226610831691679,0.001));
#9911=CARTESIAN_POINT('',(0.00423283720938451,0.0232486834159292,0.001));
#9912=CARTESIAN_POINT('',(0.00423283720938451,0.0245009968027275,0.001));
#9913=CARTESIAN_POINT('',(0.00679606978187063,0.0220734829224066,0.001));
#9914=CARTESIAN_POINT('',(0.00679606978187063,0.0220734829224066,-1.04083408558608E-17));
#9915=CARTESIAN_POINT('',(0.00593446172100285,0.0220734829224066,0.001));
#9916=CARTESIAN_POINT('',(0.00593446172100285,0.0220734829224066,-1.04083408558608E-17));
#9917=CARTESIAN_POINT('',(0.00529185427703822,0.0222693496713271,0.001));
#9918=CARTESIAN_POINT('',(0.00529185427703822,0.0222693496713271,-9.32413868337534E-18));
#9919=CARTESIAN_POINT('',(0.00486824744997674,0.0226610831691679,0.001));
#9920=CARTESIAN_POINT('',(0.00486824744997674,0.0226610831691679,-6.93889390390723E-18));
#9921=CARTESIAN_POINT('',(0.00679606978187063,0.0220734829224066,0.000999999999999987));
#9922=CARTESIAN_POINT('',(0.00550365769056896,0.0220734829224066,0.001));
#9923=CARTESIAN_POINT('',(0.00486824744997674,0.0226610831691679,0.001));
#9924=CARTESIAN_POINT('',(0.0100949593562075,0.0247215396774961,0.001));
#9925=CARTESIAN_POINT('',(0.00428990075040856,0.0171382577527583,-6.93889390390723E-18));
#9926=CARTESIAN_POINT('',(0.00500396614214206,0.0171382577527583,-1.04083408558608E-17));
#9927=CARTESIAN_POINT('',(0.00500396614214207,0.0171382577527583,0.001));
#9928=CARTESIAN_POINT('',(0.0100949593562074,0.0171382577527583,0.001));
#9929=CARTESIAN_POINT('',(0.00357583535867508,0.0171382577527583,0.001));
#9930=CARTESIAN_POINT('',(0.00357583535867507,0.0171382577527583,-6.93889390390723E-18));
#9931=CARTESIAN_POINT('',(0.0080792283259792,0.0139534952604696,-6.93889390390723E-18));
#9932=CARTESIAN_POINT('',(0.0080792283259792,0.0175916815652197,-6.93889390390723E-18));
#9933=CARTESIAN_POINT('',(0.0080792283259792,0.0175916815652197,0.001));
#9934=CARTESIAN_POINT('',(0.0080792283259792,0.0132101269692913,0.001));
#9935=CARTESIAN_POINT('',(0.0080792283259792,0.0103153089557194,0.001));
#9936=CARTESIAN_POINT('',(0.0080792283259792,0.0103153089557194,-6.93889390390723E-18));
#9937=CARTESIAN_POINT('',(0.00858508890586815,0.0175916815652197,-1.04083408558608E-17));
#9938=CARTESIAN_POINT('',(0.00909094948575711,0.0175916815652197,-1.04083408558608E-17));
#9939=CARTESIAN_POINT('',(0.00909094948575711,0.0175916815652197,0.001));
#9940=CARTESIAN_POINT('',(0.0100949593562074,0.0175916815652197,0.001));
#9941=CARTESIAN_POINT('',(0.00938089396447396,0.0131145069816293,-1.04083408558608E-17));
#9942=CARTESIAN_POINT('',(0.00938089396447396,0.0103523231444918,-1.04083408558608E-17));
#9943=CARTESIAN_POINT('',(0.00938089396447395,0.0103523231444918,0.001));
#9944=CARTESIAN_POINT('',(0.00938089396447396,0.0103523231444918,-1.04083408558608E-17));
#9945=CARTESIAN_POINT('',(0.00938089396447395,0.0132101269692913,0.001));
#9946=CARTESIAN_POINT('',(0.00938089396447396,0.0158766908187669,0.001));
#9947=CARTESIAN_POINT('',(0.00938089396447396,0.0158766908187669,-1.04083408558608E-17));
#9948=CARTESIAN_POINT('',(0.00938089396447396,0.0158766908187669,-1.04083408558608E-17));
#9949=CARTESIAN_POINT('',(0.00938089396447396,0.0463870190112407,-1.04083408558608E-17));
#9950=CARTESIAN_POINT('',(0.00429144300827408,0.0137668820587422,0.001));
#9951=CARTESIAN_POINT('',(0.00429144300827408,0.0137668820587422,-7.15573433840433E-18));
#9952=CARTESIAN_POINT('',(0.00429144300827408,0.014904040191582,0.001));
#9953=CARTESIAN_POINT('',(0.00429144300827408,0.014904040191582,-7.15573433840433E-18));
#9954=CARTESIAN_POINT('',(0.00452895071956341,0.0160278320895874,0.000999999999999999));
#9955=CARTESIAN_POINT('',(0.00452895071956341,0.0160278320895874,-8.45677694538693E-18));
#9956=CARTESIAN_POINT('',(0.00500396614214206,0.0171382577527583,0.000999999999999996));
#9957=CARTESIAN_POINT('',(0.00500396614214206,0.0171382577527583,-1.06251812903579E-17));
#9958=CARTESIAN_POINT('',(0.00429144300827408,0.0137668820587422,-6.93889390390723E-18));
#9959=CARTESIAN_POINT('',(0.00429144300827409,0.0137668820587422,0.001));
#9960=CARTESIAN_POINT('',(0.00429144300827408,0.0137668820587422,0.001));
#9961=CARTESIAN_POINT('',(0.00429144300827408,0.0154726192580019,0.001));
#9962=CARTESIAN_POINT('',(0.00500396614214206,0.0171382577527583,0.001));
#9963=CARTESIAN_POINT('',(0.00525535417422103,0.0112560862536836,0.001));
#9964=CARTESIAN_POINT('',(0.00525535417422103,0.0112560862536836,-1.06251812903579E-17));
#9965=CARTESIAN_POINT('',(0.0046127467302564,0.0118503696178621,0.001));
#9966=CARTESIAN_POINT('',(0.0046127467302564,0.0118503696178621,-1.06251812903579E-17));
#9967=CARTESIAN_POINT('',(0.00429144300827408,0.0126873015528816,0.001));
#9968=CARTESIAN_POINT('',(0.00429144300827408,0.0126873015528816,-1.06251812903579E-17));
#9969=CARTESIAN_POINT('',(0.00429144300827408,0.0137668820587422,0.001));
#9970=CARTESIAN_POINT('',(0.00429144300827408,0.0137668820587422,-1.06251812903579E-17));
#9971=CARTESIAN_POINT('',(0.00525535417422103,0.0112560862536836,-6.93889390390723E-18));
#9972=CARTESIAN_POINT('',(0.00525535417422103,0.0112560862536836,0.001));
#9973=CARTESIAN_POINT('',(0.00525535417422103,0.0112560862536836,0.001));
#9974=CARTESIAN_POINT('',(0.00429144300827408,0.0121475112999514,0.001));
#9975=CARTESIAN_POINT('',(0.00429144300827408,0.0137668820587422,0.001));
#9976=CARTESIAN_POINT('',(0.0080792283259792,0.0103153089557194,0.001));
#9977=CARTESIAN_POINT('',(0.0080792283259792,0.0103153089557194,-7.15573433840433E-18));
#9978=CARTESIAN_POINT('',(0.00683925300210505,0.0103482104568504,0.001));
#9979=CARTESIAN_POINT('',(0.00683925300210505,0.0103482104568504,-7.15573433840433E-18));
#9980=CARTESIAN_POINT('',(0.00589796161818566,0.0106618028895051,0.001));
#9981=CARTESIAN_POINT('',(0.00589796161818566,0.0106618028895051,-7.15573433840433E-18));
#9982=CARTESIAN_POINT('',(0.00525535417422103,0.0112560862536836,0.001));
#9983=CARTESIAN_POINT('',(0.00525535417422103,0.0112560862536836,-7.15573433840433E-18));
#9984=CARTESIAN_POINT('',(0.0080792283259792,0.0103153089557194,0.001));
#9985=CARTESIAN_POINT('',(0.00621926534016797,0.0103646612074159,0.001));
#9986=CARTESIAN_POINT('',(0.00525535417422103,0.0112560862536836,0.001));
#9987=CARTESIAN_POINT('',(0.0125378958151834,0.0164349881660834,0.001));
#9988=CARTESIAN_POINT('',(0.0125378958151834,0.0164349881660834,-6.93889390390723E-18));
#9989=CARTESIAN_POINT('',(0.0116670342071225,0.0172061170988409,0.001));
#9990=CARTESIAN_POINT('',(0.0116670342071225,0.0172061170988409,-6.93889390390723E-18));
#9991=CARTESIAN_POINT('',(0.0105180520973138,0.0175916815652197,0.000999999999999999));
#9992=CARTESIAN_POINT('',(0.0105180520973138,0.0175916815652197,-8.23993651088983E-18));
#9993=CARTESIAN_POINT('',(0.00909094948575711,0.0175916815652197,0.000999999999999996));
#9994=CARTESIAN_POINT('',(0.00909094948575711,0.0175916815652197,-1.04083408558608E-17));
#9995=CARTESIAN_POINT('',(0.0125378958151834,0.0164349881660834,-6.93889390390723E-18));
#9996=CARTESIAN_POINT('',(0.0125378958151834,0.0164349881660834,0.001));
#9997=CARTESIAN_POINT('',(0.0125378958151834,0.0164349881660834,0.001));
#9998=CARTESIAN_POINT('',(0.0112316034030921,0.0175916815652197,0.001));
#9999=CARTESIAN_POINT('',(0.00909094948575711,0.0175916815652197,0.001));
#10000=CARTESIAN_POINT('',(0.0138441882272747,0.0132949511518946,0.001));
#10001=CARTESIAN_POINT('',(0.0138441882272747,0.0132949511518946,-1.04083408558608E-17));
#10002=CARTESIAN_POINT('',(0.0138441882272747,0.0146171802285962,0.001));
#10003=CARTESIAN_POINT('',(0.0138441882272747,0.0146171802285962,-1.04083408558608E-17));
#10004=CARTESIAN_POINT('',(0.0134087574232443,0.0156638592333258,0.001));
#10005=CARTESIAN_POINT('',(0.0134087574232443,0.0156638592333258,-1.04083408558608E-17));
#10006=CARTESIAN_POINT('',(0.0125378958151834,0.0164349881660834,0.001));
#10007=CARTESIAN_POINT('',(0.0125378958151834,0.0164349881660834,-1.04083408558608E-17));
#10008=CARTESIAN_POINT('',(0.0138441882272747,0.0132949511518946,-6.93889390390723E-18));
#10009=CARTESIAN_POINT('',(0.0138441882272747,0.0132949511518946,0.001));
#10010=CARTESIAN_POINT('',(0.0138441882272747,0.0132949511518946,0.001));
#10011=CARTESIAN_POINT('',(0.0138441882272747,0.0152782947669471,0.001));
#10012=CARTESIAN_POINT('',(0.0125378958151834,0.0164349881660834,0.001));
#10013=CARTESIAN_POINT('',(0.0123404868083975,0.00991432191068548,0.001));
#10014=CARTESIAN_POINT('',(0.0123404868083975,0.00991432191068548,-1.04083408558608E-17));
#10015=CARTESIAN_POINT('',(0.0133429544209823,0.0107533101895257,0.001));
#10016=CARTESIAN_POINT('',(0.0133429544209823,0.0107533101895257,-1.04083408558608E-17));
#10017=CARTESIAN_POINT('',(0.0138441882272747,0.0118801866032621,0.001));
#10018=CARTESIAN_POINT('',(0.0138441882272747,0.0118801866032621,-1.04083408558608E-17));
#10019=CARTESIAN_POINT('',(0.0138441882272747,0.0132949511518946,0.001));
#10020=CARTESIAN_POINT('',(0.0138441882272747,0.0132949511518946,-1.04083408558608E-17));
#10021=CARTESIAN_POINT('',(0.0123404868083975,0.00991432191068548,-6.93889390390723E-18));
#10022=CARTESIAN_POINT('',(0.0123404868083975,0.00991432191068548,0.001));
#10023=CARTESIAN_POINT('',(0.0123404868083975,0.00991432191068548,0.001));
#10024=CARTESIAN_POINT('',(0.0138441882272747,0.0111728043289458,0.001));
#10025=CARTESIAN_POINT('',(0.0138441882272747,0.0132949511518946,0.001));
#10026=CARTESIAN_POINT('',(0.00827972184849617,0.00865583949242515,0.001));
#10027=CARTESIAN_POINT('',(0.00827972184849617,0.00865583949242515,-1.36609473733174E-17));
#10028=CARTESIAN_POINT('',(0.00998443087584554,0.00865583949242515,0.001));
#10029=CARTESIAN_POINT('',(0.00998443087584554,0.00865583949242515,-1.36609473733174E-17));
#10030=CARTESIAN_POINT('',(0.0113380191958126,0.00907533363184526,0.001));
#10031=CARTESIAN_POINT('',(0.0113380191958126,0.00907533363184526,-1.25767452008319E-17));
#10032=CARTESIAN_POINT('',(0.0123404868083975,0.00991432191068548,0.001));
#10033=CARTESIAN_POINT('',(0.0123404868083975,0.00991432191068548,-1.01915004213637E-17));
#10034=CARTESIAN_POINT('',(0.00827972184849617,0.00865583949242515,-1.04083408558608E-17));
#10035=CARTESIAN_POINT('',(0.00827972184849617,0.00865583949242515,0.001));
#10036=CARTESIAN_POINT('',(0.00827972184849616,0.00865583949242515,0.001));
#10037=CARTESIAN_POINT('',(0.0108367853895202,0.00865583949242515,0.001));
#10038=CARTESIAN_POINT('',(0.0123404868083975,0.00991432191068548,0.001));
#10039=CARTESIAN_POINT('',(0.00431920364985335,0.0100114841562129,0.001));
#10040=CARTESIAN_POINT('',(0.00431920364985335,0.0100114841562129,-6.93889390390723E-18));
#10041=CARTESIAN_POINT('',(0.00527129083883135,0.00910772104702107,0.000999999999999998));
#10042=CARTESIAN_POINT('',(0.00527129083883135,0.00910772104702107,-9.10729824887824E-18));
#10043=CARTESIAN_POINT('',(0.00659146357171229,0.00865583949242515,0.000999999999999997));
#10044=CARTESIAN_POINT('',(0.00659146357171229,0.00865583949242515,-1.04083408558608E-17));
#10045=CARTESIAN_POINT('',(0.00827972184849617,0.00865583949242515,0.000999999999999997));
#10046=CARTESIAN_POINT('',(0.00827972184849617,0.00865583949242515,-1.04083408558608E-17));
#10047=CARTESIAN_POINT('',(0.00431920364985335,0.0100114841562129,-6.93889390390723E-18));
#10048=CARTESIAN_POINT('',(0.00431920364985336,0.0100114841562129,0.001));
#10049=CARTESIAN_POINT('',(0.00431920364985335,0.0100114841562129,0.001));
#10050=CARTESIAN_POINT('',(0.00574733443332035,0.00865583949242515,0.001));
#10051=CARTESIAN_POINT('',(0.00827972184849616,0.00865583949242515,0.001));
#10052=CARTESIAN_POINT('',(0.00289107286638636,0.0137082762598527,0.001));
#10053=CARTESIAN_POINT('',(0.00289107286638636,0.0137082762598527,-6.93889390390723E-18));
#10054=CARTESIAN_POINT('',(0.00289107286638636,0.0121475112999514,0.000999999999999999));
#10055=CARTESIAN_POINT('',(0.00289107286638636,0.0121475112999514,-9.32413868337534E-18));
#10056=CARTESIAN_POINT('',(0.00336711646087536,0.0109152472654048,0.000999999999999999));
#10057=CARTESIAN_POINT('',(0.00336711646087536,0.0109152472654048,-9.32413868337534E-18));
#10058=CARTESIAN_POINT('',(0.00431920364985335,0.0100114841562129,0.001));
#10059=CARTESIAN_POINT('',(0.00431920364985335,0.0100114841562129,-6.93889390390723E-18));
#10060=CARTESIAN_POINT('',(0.00289107286638636,0.0137082762598527,-6.93889390390723E-18));
#10061=CARTESIAN_POINT('',(0.00289107286638636,0.0137082762598527,0.001));
#10062=CARTESIAN_POINT('',(0.00289107286638636,0.0137082762598527,0.001));
#10063=CARTESIAN_POINT('',(0.00289107286638636,0.0113671288200007,0.001));
#10064=CARTESIAN_POINT('',(0.00431920364985335,0.0100114841562129,0.001));
#10065=CARTESIAN_POINT('',(0.00305146768439993,0.0155343095726225,0.001));
#10066=CARTESIAN_POINT('',(0.00305146768439993,0.0155343095726225,-6.93889390390723E-18));
#10067=CARTESIAN_POINT('',(0.00294453780572422,0.0150305053365543,0.001));
#10068=CARTESIAN_POINT('',(0.00294453780572422,0.0150305053365543,-6.93889390390723E-18));
#10069=CARTESIAN_POINT('',(0.00289107286638636,0.014421827565631,0.001));
#10070=CARTESIAN_POINT('',(0.00289107286638636,0.014421827565631,-6.93889390390723E-18));
#10071=CARTESIAN_POINT('',(0.00289107286638636,0.0137082762598527,0.001));
#10072=CARTESIAN_POINT('',(0.00289107286638636,0.0137082762598527,-6.93889390390723E-18));
#10073=CARTESIAN_POINT('',(0.00305146768439993,0.0155343095726225,-6.93889390390723E-18));
#10074=CARTESIAN_POINT('',(0.00305146768439993,0.0155343095726225,0.001));
#10075=CARTESIAN_POINT('',(0.00305146768439993,0.0155343095726225,0.001));
#10076=CARTESIAN_POINT('',(0.00289107286638636,0.0147786032185202,0.001));
#10077=CARTESIAN_POINT('',(0.00289107286638636,0.0137082762598527,0.001));
#10078=CARTESIAN_POINT('',(0.0116742314104949,0.011245290448625,0.001));
#10079=CARTESIAN_POINT('',(0.0116742314104949,0.011245290448625,-6.93889390390723E-18));
#10080=CARTESIAN_POINT('',(0.0111221030946405,0.0107404580406464,0.001));
#10081=CARTESIAN_POINT('',(0.0111221030946405,0.0107404580406464,-6.93889390390723E-18));
#10082=CARTESIAN_POINT('',(0.0103576572793002,0.010442802272602,0.000999999999999999));
#10083=CARTESIAN_POINT('',(0.0103576572793002,0.010442802272602,-8.23993651088983E-18));
#10084=CARTESIAN_POINT('',(0.00938089396447396,0.0103523231444918,0.000999999999999996));
#10085=CARTESIAN_POINT('',(0.00938089396447396,0.0103523231444918,-1.04083408558608E-17));
#10086=CARTESIAN_POINT('',(0.0116742314104949,0.011245290448625,-6.93889390390723E-18));
#10087=CARTESIAN_POINT('',(0.0108460389367133,0.0104880418366571,-6.93889390390723E-18));
#10088=CARTESIAN_POINT('',(0.00938089396447396,0.0103523231444918,-1.04083408558608E-17));
#10089=CARTESIAN_POINT('',(0.0116742314104949,0.011245290448625,-6.93889390390723E-18));
#10090=CARTESIAN_POINT('',(0.0116742314104949,0.011245290448625,-6.93889390390723E-18));
#10091=CARTESIAN_POINT('',(0.0116742314104949,0.011245290448625,0.001));
#10092=CARTESIAN_POINT('',(0.0116742314104949,0.011245290448625,0.001));
#10093=CARTESIAN_POINT('',(0.0108460389367133,0.0104880418366571,0.001));
#10094=CARTESIAN_POINT('',(0.00938089396447396,0.0103523231444918,0.001));
#10095=CARTESIAN_POINT('',(0.0125024238842765,0.0132733595417774,0.001));
#10096=CARTESIAN_POINT('',(0.0125024238842765,0.0132733595417774,-1.04083408558608E-17));
#10097=CARTESIAN_POINT('',(0.0125024238842765,0.0124261458876544,0.001));
#10098=CARTESIAN_POINT('',(0.0125024238842765,0.0124261458876544,-1.04083408558608E-17));
#10099=CARTESIAN_POINT('',(0.0122263597263493,0.0117501228566036,0.001));
#10100=CARTESIAN_POINT('',(0.0122263597263493,0.0117501228566036,-9.32413868337534E-18));
#10101=CARTESIAN_POINT('',(0.0116742314104949,0.011245290448625,0.001));
#10102=CARTESIAN_POINT('',(0.0116742314104949,0.011245290448625,-6.93889390390723E-18));
#10103=CARTESIAN_POINT('',(0.0125024238842765,0.0132733595417774,-1.04083408558608E-17));
#10104=CARTESIAN_POINT('',(0.0125024238842765,0.0120025390605929,-1.04083408558608E-17));
#10105=CARTESIAN_POINT('',(0.0116742314104949,0.011245290448625,-6.93889390390723E-18));
#10106=CARTESIAN_POINT('',(0.0125024238842765,0.0132733595417774,-1.04083408558608E-17));
#10107=CARTESIAN_POINT('',(0.0125024238842765,0.0132733595417774,-1.04083408558608E-17));
#10108=CARTESIAN_POINT('',(0.0125024238842765,0.0132733595417774,0.001));
#10109=CARTESIAN_POINT('',(0.0125024238842765,0.0132733595417774,0.001));
#10110=CARTESIAN_POINT('',(0.0125024238842765,0.0120025390605929,0.001));
#10111=CARTESIAN_POINT('',(0.0116742314104949,0.011245290448625,0.001));
#10112=CARTESIAN_POINT('',(0.0116973652784777,0.0152027241315368,0.001));
#10113=CARTESIAN_POINT('',(0.0116973652784777,0.0152027241315368,-1.04083408558608E-17));
#10114=CARTESIAN_POINT('',(0.0122340710156769,0.0147534130067167,0.001));
#10115=CARTESIAN_POINT('',(0.0122340710156769,0.0147534130067167,-1.04083408558608E-17));
#10116=CARTESIAN_POINT('',(0.0125024238842765,0.0141102914767969,0.001));
#10117=CARTESIAN_POINT('',(0.0125024238842765,0.0141102914767969,-1.04083408558608E-17));
#10118=CARTESIAN_POINT('',(0.0125024238842765,0.0132733595417774,0.001));
#10119=CARTESIAN_POINT('',(0.0125024238842765,0.0132733595417774,-1.04083408558608E-17));
#10120=CARTESIAN_POINT('',(0.0116973652784777,0.0152027241315368,-1.04083408558608E-17));
#10121=CARTESIAN_POINT('',(0.0125024238842765,0.0145287574443067,-1.04083408558608E-17));
#10122=CARTESIAN_POINT('',(0.0125024238842765,0.0132733595417774,-1.04083408558608E-17));
#10123=CARTESIAN_POINT('',(0.0116973652784777,0.0152027241315368,-1.04083408558608E-17));
#10124=CARTESIAN_POINT('',(0.0116973652784777,0.0152027241315368,-1.04083408558608E-17));
#10125=CARTESIAN_POINT('',(0.0116973652784777,0.0152027241315368,0.001));
#10126=CARTESIAN_POINT('',(0.0116973652784777,0.0152027241315368,0.001));
#10127=CARTESIAN_POINT('',(0.0125024238842765,0.0145287574443067,0.001));
#10128=CARTESIAN_POINT('',(0.0125024238842765,0.0132733595417774,0.001));
#10129=CARTESIAN_POINT('',(0.00938089396447396,0.0158766908187669,0.001));
#10130=CARTESIAN_POINT('',(0.00938089396447396,0.0158766908187669,-1.04083408558608E-17));
#10131=CARTESIAN_POINT('',(0.0103885024366105,0.0158766908187669,0.001));
#10132=CARTESIAN_POINT('',(0.0103885024366105,0.0158766908187669,-8.02309607639273E-18));
#10133=CARTESIAN_POINT('',(0.0111606595412784,0.0156520352563569,0.001));
#10134=CARTESIAN_POINT('',(0.0111606595412784,0.0156520352563569,-8.02309607639273E-18));
#10135=CARTESIAN_POINT('',(0.0116973652784777,0.0152027241315368,0.001));
#10136=CARTESIAN_POINT('',(0.0116973652784777,0.0152027241315368,-1.04083408558608E-17));
#10137=CARTESIAN_POINT('',(0.00938089396447396,0.0158766908187669,-1.04083408558608E-17));
#10138=CARTESIAN_POINT('',(0.0108923066726788,0.0158766908187669,-6.93889390390723E-18));
#10139=CARTESIAN_POINT('',(0.0116973652784777,0.0152027241315368,-1.04083408558608E-17));
#10140=CARTESIAN_POINT('',(0.00938089396447396,0.0158766908187669,0.001));
#10141=CARTESIAN_POINT('',(0.0108923066726788,0.0158766908187669,0.001));
#10142=CARTESIAN_POINT('',(0.0116973652784777,0.0152027241315368,0.001));
#10143=CARTESIAN_POINT('',(0.00357583535867507,0.0171382577527583,0.001));
#10144=CARTESIAN_POINT('',(0.00357583535867507,0.0171382577527583,-6.93889390390723E-18));
#10145=CARTESIAN_POINT('',(0.00333318678783402,0.0165727632020694,0.001));
#10146=CARTESIAN_POINT('',(0.00333318678783402,0.0165727632020694,-6.93889390390723E-18));
#10147=CARTESIAN_POINT('',(0.00315839756307564,0.0160381138086908,0.001));
#10148=CARTESIAN_POINT('',(0.00315839756307564,0.0160381138086908,-6.93889390390723E-18));
#10149=CARTESIAN_POINT('',(0.00305146768439993,0.0155343095726225,0.001));
#10150=CARTESIAN_POINT('',(0.00305146768439993,0.0155343095726225,-6.93889390390723E-18));
#10151=CARTESIAN_POINT('',(0.00357583535867507,0.0171382577527583,0.001));
#10152=CARTESIAN_POINT('',(0.0032118625024135,0.016290015926725,0.001));
#10153=CARTESIAN_POINT('',(0.00305146768439993,0.0155343095726225,0.001));
#10154=CARTESIAN_POINT('',(0.0100949593562074,0.0132101269692913,0.001));
#10155=CARTESIAN_POINT('',(-0.00173550295164497,0.0463870190112407,-6.93889390390723E-18));
#10156=CARTESIAN_POINT('',(0.0121847187639804,-0.000990983456371889,-6.93889390390723E-18));
#10157=CARTESIAN_POINT('',(0.0121847187639804,-0.00103879345020286,-6.93889390390723E-18));
#10158=CARTESIAN_POINT('',(0.0121847187639804,-0.00103879345020286,0.001));
#10159=CARTESIAN_POINT('',(0.0121847187639804,0.00164473523579344,0.001));
#10160=CARTESIAN_POINT('',(0.0121847187639804,-0.000943173462540921,0.001));
#10161=CARTESIAN_POINT('',(0.0121847187639804,-0.000943173462540921,-6.93889390390723E-18));
#10162=CARTESIAN_POINT('',(0.015815193779403,-0.000961680556927103,-6.93889390390723E-18));
#10163=CARTESIAN_POINT('',(0.0180853973574412,-0.000961680556927104,-6.93889390390723E-18));
#10164=CARTESIAN_POINT('',(0.0180853973574412,-0.000961680556927103,0.001));
#10165=CARTESIAN_POINT('',(0.0105853973574413,-0.000961680556927102,0.001));
#10166=CARTESIAN_POINT('',(0.0135449902013648,-0.000961680556927102,0.001));
#10167=CARTESIAN_POINT('',(0.0135449902013648,-0.000961680556927103,-6.93889390390723E-18));
#10168=CARTESIAN_POINT('',(0.0180853973574412,-0.00176211238912945,-6.93889390390723E-18));
#10169=CARTESIAN_POINT('',(0.0180853973574412,-0.00256254422133179,-6.93889390390723E-18));
#10170=CARTESIAN_POINT('',(0.0180853973574412,-0.00256254422133179,0.001));
#10171=CARTESIAN_POINT('',(0.0180853973574412,0.00164473523579344,0.001));
#10172=CARTESIAN_POINT('',(0.0105853973574412,-0.00256254422133179,-1.04083408558608E-17));
#10173=CARTESIAN_POINT('',(0.00308539735744126,-0.00256254422133179,-6.93889390390723E-18));
#10174=CARTESIAN_POINT('',(0.00308539735744127,-0.00256254422133179,0.001));
#10175=CARTESIAN_POINT('',(0.0105853973574413,-0.00256254422133179,0.001));
#10176=CARTESIAN_POINT('',(0.00308539735744126,-0.00176211238912945,-6.93889390390723E-18));
#10177=CARTESIAN_POINT('',(0.00308539735744126,-0.000961680556927102,-6.93889390390723E-18));
#10178=CARTESIAN_POINT('',(0.00308539735744127,-0.000961680556927101,0.001));
#10179=CARTESIAN_POINT('',(0.00308539735744127,0.00164473523579344,0.001));
#10180=CARTESIAN_POINT('',(0.00584758119457883,-0.000961680556927102,-6.93889390390723E-18));
#10181=CARTESIAN_POINT('',(0.0086097650317164,-0.000961680556927102,-1.04083408558608E-17));
#10182=CARTESIAN_POINT('',(0.0086097650317164,-0.000961680556927101,0.001));
#10183=CARTESIAN_POINT('',(0.0105853973574413,-0.000961680556927102,0.001));
#10184=CARTESIAN_POINT('',(0.00650304078742275,0.00466756065220307,-6.93889390390723E-18));
#10185=CARTESIAN_POINT('',(0.00308539735744126,0.00466756065220307,-6.93889390390723E-18));
#10186=CARTESIAN_POINT('',(0.00308539735744127,0.00466756065220306,0.001));
#10187=CARTESIAN_POINT('',(0.0105853973574413,0.00466756065220306,0.001));
#10188=CARTESIAN_POINT('',(0.00992068421740425,0.00466756065220306,0.001));
#10189=CARTESIAN_POINT('',(0.00992068421740425,0.00466756065220306,-6.93889390390723E-18));
#10190=CARTESIAN_POINT('',(0.00308539735744126,0.00546799248440541,-6.93889390390723E-18));
#10191=CARTESIAN_POINT('',(0.00308539735744126,0.00626842431660776,-6.93889390390723E-18));
#10192=CARTESIAN_POINT('',(0.00308539735744127,0.00626842431660775,0.001));
#10193=CARTESIAN_POINT('',(0.00308539735744127,0.00164473523579344,0.001));
#10194=CARTESIAN_POINT('',(0.00653080142900202,0.00626842431660776,-1.04083408558608E-17));
#10195=CARTESIAN_POINT('',(0.00997620550056279,0.00626842431660775,-1.04083408558608E-17));
#10196=CARTESIAN_POINT('',(0.00997620550056279,0.00626842431660775,0.001));
#10197=CARTESIAN_POINT('',(0.0105853973574413,0.00626842431660775,0.001));
#10198=CARTESIAN_POINT('',(0.012901868671445,0.00529834411919875,0.001));
#10199=CARTESIAN_POINT('',(0.012901868671445,0.00529834411919875,-7.15573433840433E-18));
#10200=CARTESIAN_POINT('',(0.0122880500409699,0.00594506425080475,0.001));
#10201=CARTESIAN_POINT('',(0.0122880500409699,0.00594506425080475,-7.15573433840433E-18));
#10202=CARTESIAN_POINT('',(0.0113128289840092,0.00626842431660775,0.000999999999999999));
#10203=CARTESIAN_POINT('',(0.0113128289840092,0.00626842431660775,-8.45677694538693E-18));
#10204=CARTESIAN_POINT('',(0.00997620550056279,0.00626842431660775,0.000999999999999996));
#10205=CARTESIAN_POINT('',(0.00997620550056279,0.00626842431660775,-1.06251812903579E-17));
#10206=CARTESIAN_POINT('',(0.012901868671445,0.00529834411919875,-6.93889390390723E-18));
#10207=CARTESIAN_POINT('',(0.012901868671445,0.00529834411919875,0.001));
#10208=CARTESIAN_POINT('',(0.012901868671445,0.00529834411919875,0.001));
#10209=CARTESIAN_POINT('',(0.0119811407257324,0.00626842431660775,0.001));
#10210=CARTESIAN_POINT('',(0.00997620550056279,0.00626842431660775,0.001));
#10211=CARTESIAN_POINT('',(0.0138225966171575,0.00239118804270276,0.001));
#10212=CARTESIAN_POINT('',(0.0138225966171575,0.00239118804270276,-1.04083408558608E-17));
#10213=CARTESIAN_POINT('',(0.0138225966171575,0.00368257196209408,0.001));
#10214=CARTESIAN_POINT('',(0.0138225966171575,0.00368257196209408,-1.04083408558608E-17));
#10215=CARTESIAN_POINT('',(0.01351568730192,0.00465162398759274,0.001));
#10216=CARTESIAN_POINT('',(0.01351568730192,0.00465162398759274,-1.04083408558608E-17));
#10217=CARTESIAN_POINT('',(0.012901868671445,0.00529834411919875,0.001));
#10218=CARTESIAN_POINT('',(0.012901868671445,0.00529834411919875,-1.04083408558608E-17));
#10219=CARTESIAN_POINT('',(0.0138225966171575,0.00239118804270276,-6.93889390390723E-18));
#10220=CARTESIAN_POINT('',(0.0138225966171575,0.00239118804270276,0.001));
#10221=CARTESIAN_POINT('',(0.0138225966171575,0.00239118804270276,0.001));
#10222=CARTESIAN_POINT('',(0.0138225966171575,0.00432826392178974,0.001));
#10223=CARTESIAN_POINT('',(0.012901868671445,0.00529834411919875,0.001));
#10224=CARTESIAN_POINT('',(0.0133845953833512,0.000401675396188258,0.001));
#10225=CARTESIAN_POINT('',(0.0133845953833512,0.000401675396188258,-1.04083408558608E-17));
#10226=CARTESIAN_POINT('',(0.0136765962058887,0.000983620697442627,0.001));
#10227=CARTESIAN_POINT('',(0.0136765962058887,0.000983620697442627,-1.04083408558608E-17));
#10228=CARTESIAN_POINT('',(0.0138225966171575,0.00164679157961413,0.001));
#10229=CARTESIAN_POINT('',(0.0138225966171575,0.00164679157961413,-1.04083408558608E-17));
#10230=CARTESIAN_POINT('',(0.0138225966171575,0.00239118804270276,0.001));
#10231=CARTESIAN_POINT('',(0.0138225966171575,0.00239118804270276,-1.04083408558608E-17));
#10232=CARTESIAN_POINT('',(0.0133845953833512,0.000401675396188258,-6.93889390390723E-18));
#10233=CARTESIAN_POINT('',(0.0133845953833512,0.000401675396188258,0.001));
#10234=CARTESIAN_POINT('',(0.0133845953833512,0.000401675396188258,0.001));
#10235=CARTESIAN_POINT('',(0.0138225966171575,0.00127459334806981,0.001));
#10236=CARTESIAN_POINT('',(0.0138225966171575,0.00239118804270276,0.001));
#10237=CARTESIAN_POINT('',(0.0121847187639804,-0.000943173462540921,0.001));
#10238=CARTESIAN_POINT('',(0.0121847187639804,-0.000943173462540921,-1.04083408558608E-17));
#10239=CARTESIAN_POINT('',(0.0126926356876901,-0.000628552857975838,0.001));
#10240=CARTESIAN_POINT('',(0.0126926356876901,-0.000628552857975838,-1.04083408558608E-17));
#10241=CARTESIAN_POINT('',(0.0130925945608137,-0.000180269905066112,0.001));
#10242=CARTESIAN_POINT('',(0.0130925945608137,-0.000180269905066112,-1.04083408558608E-17));
#10243=CARTESIAN_POINT('',(0.0133845953833512,0.000401675396188258,0.001));
#10244=CARTESIAN_POINT('',(0.0133845953833512,0.000401675396188258,-1.04083408558608E-17));
#10245=CARTESIAN_POINT('',(0.0121847187639804,-0.000943173462540921,0.001));
#10246=CARTESIAN_POINT('',(0.0129465941495449,-0.000471242555693297,0.001));
#10247=CARTESIAN_POINT('',(0.0133845953833512,0.000401675396188258,0.001));
#10248=CARTESIAN_POINT('',(0.0135449902013648,-0.000961680556927103,0.001));
#10249=CARTESIAN_POINT('',(0.0135449902013648,-0.000961680556927103,-1.04083408558608E-17));
#10250=CARTESIAN_POINT('',(0.0129980027450621,-0.000961680556927103,0.001));
#10251=CARTESIAN_POINT('',(0.0129980027450621,-0.000961680556927103,-1.04083408558608E-17));
#10252=CARTESIAN_POINT('',(0.0125445789326006,-0.000987384854685688,0.001));
#10253=CARTESIAN_POINT('',(0.0125445789326006,-0.000987384854685688,-1.04083408558608E-17));
#10254=CARTESIAN_POINT('',(0.0121847187639804,-0.00103879345020286,0.001));
#10255=CARTESIAN_POINT('',(0.0121847187639804,-0.00103879345020286,-1.04083408558608E-17));
#10256=CARTESIAN_POINT('',(0.0135449902013648,-0.000961680556927103,0.001));
#10257=CARTESIAN_POINT('',(0.0127245090169107,-0.000961680556927103,0.001));
#10258=CARTESIAN_POINT('',(0.0121847187639804,-0.00103879345020286,0.001));
#10259=CARTESIAN_POINT('',(0.0115770691649675,-0.00019517839776609,0.001));
#10260=CARTESIAN_POINT('',(0.0115770691649675,-0.00019517839776609,-6.93889390390723E-18));
#10261=CARTESIAN_POINT('',(0.0109725040816856,-0.000706179837206765,0.001));
#10262=CARTESIAN_POINT('',(0.0109725040816856,-0.000706179837206765,-6.93889390390723E-18));
#10263=CARTESIAN_POINT('',(0.0099834027039352,-0.000961680556927102,0.001));
#10264=CARTESIAN_POINT('',(0.0099834027039352,-0.000961680556927102,-8.02309607639273E-18));
#10265=CARTESIAN_POINT('',(0.0086097650317164,-0.000961680556927102,0.000999999999999998));
#10266=CARTESIAN_POINT('',(0.0086097650317164,-0.000961680556927102,-1.04083408558608E-17));
#10267=CARTESIAN_POINT('',(0.0115770691649675,-0.00019517839776609,-6.93889390390723E-18));
#10268=CARTESIAN_POINT('',(0.0115770691649675,-0.000195178397766089,0.001));
#10269=CARTESIAN_POINT('',(0.0115770691649675,-0.00019517839776609,0.001));
#10270=CARTESIAN_POINT('',(0.0106702215400446,-0.000961680556927102,0.001));
#10271=CARTESIAN_POINT('',(0.0086097650317164,-0.000961680556927102,0.000999999999999987));
#10272=CARTESIAN_POINT('',(0.0124839167898904,0.00223696225615125,0.001));
#10273=CARTESIAN_POINT('',(0.0124839167898904,0.00223696225615125,-1.04083408558608E-17));
#10274=CARTESIAN_POINT('',(0.0124839167898904,0.00112653659298036,0.001));
#10275=CARTESIAN_POINT('',(0.0124839167898904,0.00112653659298036,-1.04083408558608E-17));
#10276=CARTESIAN_POINT('',(0.0121816342482494,0.000315823041674585,0.001));
#10277=CARTESIAN_POINT('',(0.0121816342482494,0.000315823041674585,-1.04083408558608E-17));
#10278=CARTESIAN_POINT('',(0.0115770691649675,-0.00019517839776609,0.001));
#10279=CARTESIAN_POINT('',(0.0115770691649675,-0.00019517839776609,-1.04083408558608E-17));
#10280=CARTESIAN_POINT('',(0.0124839167898904,0.00223696225615125,-6.93889390390723E-18));
#10281=CARTESIAN_POINT('',(0.0124839167898904,0.00223696225615125,0.001));
#10282=CARTESIAN_POINT('',(0.0124839167898904,0.00223696225615125,0.001));
#10283=CARTESIAN_POINT('',(0.0124839167898904,0.000571323761394922,0.001));
#10284=CARTESIAN_POINT('',(0.0115770691649675,-0.00019517839776609,0.001));
#10285=CARTESIAN_POINT('',(0.0118469642914326,0.0040799604054418,0.001));
#10286=CARTESIAN_POINT('',(0.0118469642914326,0.0040799604054418,-1.04083408558608E-17));
#10287=CARTESIAN_POINT('',(0.0122715992904044,0.00368822690760097,0.001));
#10288=CARTESIAN_POINT('',(0.0122715992904044,0.00368822690760097,-8.02309607639273E-18));
#10289=CARTESIAN_POINT('',(0.0124839167898904,0.00307389419117078,0.001));
#10290=CARTESIAN_POINT('',(0.0124839167898904,0.00307389419117078,-6.93889390390723E-18));
#10291=CARTESIAN_POINT('',(0.0124839167898904,0.00223696225615125,0.001));
#10292=CARTESIAN_POINT('',(0.0124839167898904,0.00223696225615125,-6.93889390390723E-18));
#10293=CARTESIAN_POINT('',(0.0118469642914326,0.0040799604054418,-1.04083408558608E-17));
#10294=CARTESIAN_POINT('',(0.0118469642914326,0.0040799604054418,0.001));
#10295=CARTESIAN_POINT('',(0.0118469642914326,0.0040799604054418,0.001));
#10296=CARTESIAN_POINT('',(0.0124839167898904,0.00349236015868055,0.001));
#10297=CARTESIAN_POINT('',(0.0124839167898904,0.00223696225615125,0.001));
#10298=CARTESIAN_POINT('',(0.00992068421740425,0.00466756065220306,0.001));
#10299=CARTESIAN_POINT('',(0.00992068421740425,0.00466756065220306,-7.15573433840433E-18));
#10300=CARTESIAN_POINT('',(0.0107802359344513,0.00466756065220306,0.001));
#10301=CARTESIAN_POINT('',(0.0107802359344513,0.00466756065220306,-7.15573433840433E-18));
#10302=CARTESIAN_POINT('',(0.0114223292924608,0.00447169390328264,0.000999999999999999));
#10303=CARTESIAN_POINT('',(0.0114223292924608,0.00447169390328264,-8.45677694538693E-18));
#10304=CARTESIAN_POINT('',(0.0118469642914326,0.0040799604054418,0.000999999999999996));
#10305=CARTESIAN_POINT('',(0.0118469642914326,0.0040799604054418,-1.06251812903579E-17));
#10306=CARTESIAN_POINT('',(0.00992068421740425,0.00466756065220306,0.001));
#10307=CARTESIAN_POINT('',(0.0112100117929749,0.00466756065220306,0.001));
#10308=CARTESIAN_POINT('',(0.0118469642914326,0.0040799604054418,0.001));
#10309=CARTESIAN_POINT('',(0.0105853973574413,0.00164473523579344,0.001));
#10310=CARTESIAN_POINT('',(0.00929761203973614,-0.00868222343169577,-1.04083408558608E-17));
#10311=CARTESIAN_POINT('',(0.0124068038966146,-0.00868222343169577,-1.04083408558608E-17));
#10312=CARTESIAN_POINT('',(0.0124068038966146,-0.00868222343169577,0.001));
#10313=CARTESIAN_POINT('',(0.0100949593562074,-0.00868222343169577,0.001));
#10314=CARTESIAN_POINT('',(0.00618842018285767,-0.00868222343169577,0.001));
#10315=CARTESIAN_POINT('',(0.00618842018285767,-0.00868222343169577,-6.93889390390723E-18));
#10316=CARTESIAN_POINT('',(0.0124068038966146,-0.00714921911337375,-6.93889390390723E-18));
#10317=CARTESIAN_POINT('',(0.0124068038966146,-0.00561621479505173,-6.93889390390723E-18));
#10318=CARTESIAN_POINT('',(0.0124068038966146,-0.00561621479505173,0.001));
#10319=CARTESIAN_POINT('',(0.0124068038966146,-0.00817636285180681,0.001));
#10320=CARTESIAN_POINT('',(0.0130283338164172,-0.00561621479505173,-6.93889390390723E-18));
#10321=CARTESIAN_POINT('',(0.0136498637362198,-0.00561621479505173,-1.04083408558608E-17));
#10322=CARTESIAN_POINT('',(0.0136498637362198,-0.00561621479505173,0.001));
#10323=CARTESIAN_POINT('',(0.0100949593562074,-0.00561621479505173,0.001));
#10324=CARTESIAN_POINT('',(0.0136498637362198,-0.00714921911337375,-1.04083408558608E-17));
#10325=CARTESIAN_POINT('',(0.0136498637362198,-0.00868222343169577,-1.04083408558608E-17));
#10326=CARTESIAN_POINT('',(0.0136498637362198,-0.00868222343169577,0.001));
#10327=CARTESIAN_POINT('',(0.0136498637362198,-0.00817636285180681,0.001));
#10328=CARTESIAN_POINT('',(0.0148744164814388,-0.00868222343169577,-6.93889390390723E-18));
#10329=CARTESIAN_POINT('',(0.0160989692266578,-0.00868222343169577,-6.93889390390723E-18));
#10330=CARTESIAN_POINT('',(0.0160989692266578,-0.00868222343169577,0.001));
#10331=CARTESIAN_POINT('',(0.0100949593562074,-0.00868222343169577,0.001));
#10332=CARTESIAN_POINT('',(0.0160989692266578,-0.00914490079135031,-6.93889390390723E-18));
#10333=CARTESIAN_POINT('',(0.0160989692266578,-0.00960757815100484,-6.93889390390723E-18));
#10334=CARTESIAN_POINT('',(0.0160989692266578,-0.00960757815100484,0.001));
#10335=CARTESIAN_POINT('',(0.0160989692266578,-0.00817636285180681,0.001));
#10336=CARTESIAN_POINT('',(0.0149715787269662,-0.00994379036568713,-1.04083408558608E-17));
#10337=CARTESIAN_POINT('',(0.0138441882272747,-0.0102800025803694,-6.93889390390723E-18));
#10338=CARTESIAN_POINT('',(0.0138441882272747,-0.0102800025803694,0.001));
#10339=CARTESIAN_POINT('',(0.0149715787269662,-0.00994379036568713,0.001));
#10340=CARTESIAN_POINT('',(0.0135110605283234,-0.0110372511923373,-1.04083408558608E-17));
#10341=CARTESIAN_POINT('',(0.0131779328293722,-0.0117944998043053,-6.93889390390723E-18));
#10342=CARTESIAN_POINT('',(0.0131779328293722,-0.0117944998043053,0.001));
#10343=CARTESIAN_POINT('',(0.0135110605283234,-0.0110372511923373,0.001));
#10344=CARTESIAN_POINT('',(0.0127923683629934,-0.0117944998043053,-6.93889390390723E-18));
#10345=CARTESIAN_POINT('',(0.0124068038966146,-0.0117944998043053,-1.04083408558608E-17));
#10346=CARTESIAN_POINT('',(0.0124068038966146,-0.0117944998043053,0.001));
#10347=CARTESIAN_POINT('',(0.0100949593562074,-0.0117944998043053,0.001));
#10348=CARTESIAN_POINT('',(0.0124068038966146,-0.0110372511923373,-1.04083408558608E-17));
#10349=CARTESIAN_POINT('',(0.0124068038966146,-0.0102800025803694,-1.04083408558608E-17));
#10350=CARTESIAN_POINT('',(0.0124068038966146,-0.0102800025803694,0.001));
#10351=CARTESIAN_POINT('',(0.0124068038966146,-0.00817636285180681,0.001));
#10352=CARTESIAN_POINT('',(0.00926368236669481,-0.0102800025803694,-1.04083408558608E-17));
#10353=CARTESIAN_POINT('',(0.006120560836775,-0.0102800025803694,-6.93889390390723E-18));
#10354=CARTESIAN_POINT('',(0.00612056083677501,-0.0102800025803694,0.001));
#10355=CARTESIAN_POINT('',(0.0100949593562074,-0.0102800025803694,0.001));
#10356=CARTESIAN_POINT('',(0.0037932937177127,-0.00553910190177597,-1.04083408558608E-17));
#10357=CARTESIAN_POINT('',(0.00440463789227921,-0.00553910190177597,0.001));
#10358=CARTESIAN_POINT('',(0.00440463789227921,-0.00553910190177597,0.001));
#10359=CARTESIAN_POINT('',(0.0100949593562074,-0.00553910190177597,0.001));
#10360=CARTESIAN_POINT('',(0.00318101734510321,-0.00553910190177597,0.001));
#10361=CARTESIAN_POINT('',(0.0031810173451032,-0.00553910190177597,-6.93889390390723E-18));
#10362=CARTESIAN_POINT('',(0.00289107286638636,-0.00721707845945641,0.001));
#10363=CARTESIAN_POINT('',(0.00289107286638636,-0.00721707845945641,-1.04083408558608E-17));
#10364=CARTESIAN_POINT('',(0.00289107286638636,-0.00925902787339842,0.000999999999999998));
#10365=CARTESIAN_POINT('',(0.00289107286638636,-0.00925902787339842,-1.2793585635329E-17));
#10366=CARTESIAN_POINT('',(0.0039675688565159,-0.0102800025803694,0.000999999999999998));
#10367=CARTESIAN_POINT('',(0.0039675688565159,-0.0102800025803694,-1.2793585635329E-17));
#10368=CARTESIAN_POINT('',(0.006120560836775,-0.0102800025803694,0.001));
#10369=CARTESIAN_POINT('',(0.006120560836775,-0.0102800025803694,-1.04083408558608E-17));
#10370=CARTESIAN_POINT('',(0.00289107286638636,-0.00721707845945641,-6.93889390390723E-18));
#10371=CARTESIAN_POINT('',(0.00289107286638637,-0.00721707845945641,0.001));
#10372=CARTESIAN_POINT('',(0.00289107286638636,-0.00721707845945641,0.001));
#10373=CARTESIAN_POINT('',(0.00289107286638636,-0.0102800025803694,0.001));
#10374=CARTESIAN_POINT('',(0.006120560836775,-0.0102800025803694,0.001));
#10375=CARTESIAN_POINT('',(0.00859391209796083,-0.00728598814260775,-6.93889390390723E-18));
#10376=CARTESIAN_POINT('',(0.00297435479112417,-0.00630406180307146,-6.93889390390723E-18));
#10377=CARTESIAN_POINT('',(0.00297435479112418,-0.00630406180307147,0.001));
#10378=CARTESIAN_POINT('',(0.00859391209796083,-0.00728598814260775,0.001));
#10379=CARTESIAN_POINT('',(0.0031810173451032,-0.00553910190177597,0.000999999999999998));
#10380=CARTESIAN_POINT('',(0.0031810173451032,-0.00553910190177597,-6.93889390390723E-18));
#10381=CARTESIAN_POINT('',(0.00309876359227572,-0.00571183478271366,0.000999999999999996));
#10382=CARTESIAN_POINT('',(0.00309876359227572,-0.00571183478271366,-9.32413868337534E-18));
#10383=CARTESIAN_POINT('',(0.00302987607428271,-0.00596682141647883,0.000999999999999996));
#10384=CARTESIAN_POINT('',(0.00302987607428271,-0.00596682141647883,-9.32413868337534E-18));
#10385=CARTESIAN_POINT('',(0.00297435479112417,-0.00630406180307146,0.000999999999999998));
#10386=CARTESIAN_POINT('',(0.00297435479112417,-0.00630406180307146,-6.93889390390723E-18));
#10387=CARTESIAN_POINT('',(0.0031810173451032,-0.00553910190177597,0.001));
#10388=CARTESIAN_POINT('',(0.00305763671586199,-0.00579820122318251,0.000999999999999987));
#10389=CARTESIAN_POINT('',(0.00297435479112418,-0.00630406180307146,0.001));
#10390=CARTESIAN_POINT('',(0.00950866349268721,-0.00690754309690008,5.74733269030479E-16));
#10391=CARTESIAN_POINT('',(0.00427602042961893,-0.0061652585951751,-1.04083408558608E-17));
#10392=CARTESIAN_POINT('',(0.00427630327842558,-0.00616529775465788,0.001));
#10393=CARTESIAN_POINT('',(0.00950866349268721,-0.00690754309690008,0.001));
#10394=CARTESIAN_POINT('',(0.00952611476778127,-0.00697034063148105,-1.04083408558608E-17));
#10395=CARTESIAN_POINT('',(0.00421433011499832,-0.00698573977962914,-1.04083408558608E-17));
#10396=CARTESIAN_POINT('',(0.00421433011499833,-0.00698573977962915,0.001));
#10397=CARTESIAN_POINT('',(0.00952611476778127,-0.00697034063148105,0.001));
#10398=CARTESIAN_POINT('',(0.00472481746848383,-0.00822879961923433,0.001));
#10399=CARTESIAN_POINT('',(0.00472481746848383,-0.00822879961923433,-1.04083408558608E-17));
#10400=CARTESIAN_POINT('',(0.00438449256616016,-0.00792651707759336,0.001));
#10401=CARTESIAN_POINT('',(0.00438449256616016,-0.00792651707759336,-1.04083408558608E-17));
#10402=CARTESIAN_POINT('',(0.00421433011499832,-0.00751216379772497,0.001));
#10403=CARTESIAN_POINT('',(0.00421433011499832,-0.00751216379772497,-1.04083408558608E-17));
#10404=CARTESIAN_POINT('',(0.00421433011499832,-0.00698573977962914,0.001));
#10405=CARTESIAN_POINT('',(0.00421433011499832,-0.00698573977962914,-1.04083408558608E-17));
#10406=CARTESIAN_POINT('',(0.00472481746848383,-0.00822879961923433,-1.04083408558608E-17));
#10407=CARTESIAN_POINT('',(0.00472481746848383,-0.00822879961923433,0.001));
#10408=CARTESIAN_POINT('',(0.00472481746848383,-0.00822879961923433,0.001));
#10409=CARTESIAN_POINT('',(0.00421433011499832,-0.00777537580677288,0.001));
#10410=CARTESIAN_POINT('',(0.00421433011499832,-0.00698573977962914,0.001));
#10411=CARTESIAN_POINT('',(0.00618842018285767,-0.00868222343169577,0.001));
#10412=CARTESIAN_POINT('',(0.00618842018285767,-0.00868222343169577,-3.68628738645072E-18));
#10413=CARTESIAN_POINT('',(0.00555300994226544,-0.00868222343169577,0.000999999999999998));
#10414=CARTESIAN_POINT('',(0.00555300994226544,-0.00868222343169577,-5.85469173142172E-18));
#10415=CARTESIAN_POINT('',(0.0050651423708075,-0.00853108216087529,0.000999999999999997));
#10416=CARTESIAN_POINT('',(0.0050651423708075,-0.00853108216087529,-7.15573433840433E-18));
#10417=CARTESIAN_POINT('',(0.00472481746848383,-0.00822879961923433,0.000999999999999997));
#10418=CARTESIAN_POINT('',(0.00472481746848383,-0.00822879961923433,-7.15573433840433E-18));
#10419=CARTESIAN_POINT('',(0.00618842018285767,-0.00868222343169577,0.001));
#10420=CARTESIAN_POINT('',(0.00523530482196933,-0.00868222343169577,0.001));
#10421=CARTESIAN_POINT('',(0.00472481746848383,-0.00822879961923433,0.001));
#10422=CARTESIAN_POINT('',(0.0100949593562074,-0.00817636285180681,0.001));
#10423=CARTESIAN_POINT('',(0.00428990075040856,-0.0138271956710542,-6.93889390390723E-18));
#10424=CARTESIAN_POINT('',(0.00500396614214206,-0.0138271956710542,-1.04083408558608E-17));
#10425=CARTESIAN_POINT('',(0.00500396614214207,-0.0138271956710542,0.001));
#10426=CARTESIAN_POINT('',(0.0100949593562074,-0.0138271956710542,0.001));
#10427=CARTESIAN_POINT('',(0.00357583535867508,-0.0138271956710542,0.001));
#10428=CARTESIAN_POINT('',(0.00357583535867507,-0.0138271956710542,-6.93889390390723E-18));
#10429=CARTESIAN_POINT('',(0.0080792283259792,-0.0170119581633429,-6.93889390390723E-18));
#10430=CARTESIAN_POINT('',(0.0080792283259792,-0.0133737718585927,-6.93889390390723E-18));
#10431=CARTESIAN_POINT('',(0.0080792283259792,-0.0133737718585927,0.001));
#10432=CARTESIAN_POINT('',(0.0080792283259792,-0.0177553264545212,0.001));
#10433=CARTESIAN_POINT('',(0.0080792283259792,-0.020650144468093,0.001));
#10434=CARTESIAN_POINT('',(0.0080792283259792,-0.020650144468093,-6.93889390390723E-18));
#10435=CARTESIAN_POINT('',(0.00858508890586815,-0.0133737718585927,-1.04083408558608E-17));
#10436=CARTESIAN_POINT('',(0.00909094948575711,-0.0133737718585927,-1.04083408558608E-17));
#10437=CARTESIAN_POINT('',(0.00909094948575711,-0.0133737718585927,0.001));
#10438=CARTESIAN_POINT('',(0.0100949593562074,-0.0133737718585927,0.001));
#10439=CARTESIAN_POINT('',(0.00938089396447396,-0.0178509464421831,-1.04083408558608E-17));
#10440=CARTESIAN_POINT('',(0.00938089396447396,-0.0206131302793207,-1.04083408558608E-17));
#10441=CARTESIAN_POINT('',(0.00938089396447395,-0.0206131302793207,0.001));
#10442=CARTESIAN_POINT('',(0.00938089396447396,-0.0206131302793207,-1.04083408558608E-17));
#10443=CARTESIAN_POINT('',(0.00938089396447395,-0.0177553264545212,0.001));
#10444=CARTESIAN_POINT('',(0.00938089396447396,-0.0150887626050456,0.001));
#10445=CARTESIAN_POINT('',(0.00938089396447396,-0.0150887626050456,-1.04083408558608E-17));
#10446=CARTESIAN_POINT('',(0.00938089396447396,-0.0150887626050456,-1.04083408558608E-17));
#10447=CARTESIAN_POINT('',(0.00938089396447397,0.0463870190112407,-1.04083408558608E-17));
#10448=CARTESIAN_POINT('',(0.00429144300827408,-0.0171985713650702,0.001));
#10449=CARTESIAN_POINT('',(0.00429144300827408,-0.0171985713650702,-7.15573433840433E-18));
#10450=CARTESIAN_POINT('',(0.00429144300827408,-0.0160614132322304,0.001));
#10451=CARTESIAN_POINT('',(0.00429144300827408,-0.0160614132322304,-7.15573433840433E-18));
#10452=CARTESIAN_POINT('',(0.00452895071956341,-0.0149376213342251,0.000999999999999999));
#10453=CARTESIAN_POINT('',(0.00452895071956341,-0.0149376213342251,-8.45677694538693E-18));
#10454=CARTESIAN_POINT('',(0.00500396614214206,-0.0138271956710542,0.000999999999999996));
#10455=CARTESIAN_POINT('',(0.00500396614214206,-0.0138271956710542,-1.06251812903579E-17));
#10456=CARTESIAN_POINT('',(0.00429144300827408,-0.0171985713650702,-6.93889390390723E-18));
#10457=CARTESIAN_POINT('',(0.00429144300827409,-0.0171985713650702,0.001));
#10458=CARTESIAN_POINT('',(0.00429144300827408,-0.0171985713650702,0.001));
#10459=CARTESIAN_POINT('',(0.00429144300827408,-0.0154928341658105,0.001));
#10460=CARTESIAN_POINT('',(0.00500396614214206,-0.0138271956710542,0.001));
#10461=CARTESIAN_POINT('',(0.00525535417422103,-0.0197093671701288,0.001));
#10462=CARTESIAN_POINT('',(0.00525535417422103,-0.0197093671701288,-1.06251812903579E-17));
#10463=CARTESIAN_POINT('',(0.0046127467302564,-0.0191150838059503,0.001));
#10464=CARTESIAN_POINT('',(0.0046127467302564,-0.0191150838059503,-1.06251812903579E-17));
#10465=CARTESIAN_POINT('',(0.00429144300827408,-0.0182781518709308,0.001));
#10466=CARTESIAN_POINT('',(0.00429144300827408,-0.0182781518709308,-1.06251812903579E-17));
#10467=CARTESIAN_POINT('',(0.00429144300827408,-0.0171985713650702,0.001));
#10468=CARTESIAN_POINT('',(0.00429144300827408,-0.0171985713650702,-1.06251812903579E-17));
#10469=CARTESIAN_POINT('',(0.00525535417422103,-0.0197093671701288,-6.93889390390723E-18));
#10470=CARTESIAN_POINT('',(0.00525535417422103,-0.0197093671701288,0.001));
#10471=CARTESIAN_POINT('',(0.00525535417422103,-0.0197093671701288,0.001));
#10472=CARTESIAN_POINT('',(0.00429144300827408,-0.0188179421238611,0.001));
#10473=CARTESIAN_POINT('',(0.00429144300827408,-0.0171985713650702,0.001));
#10474=CARTESIAN_POINT('',(0.0080792283259792,-0.020650144468093,0.001));
#10475=CARTESIAN_POINT('',(0.0080792283259792,-0.020650144468093,-7.15573433840433E-18));
#10476=CARTESIAN_POINT('',(0.00683925300210505,-0.020617242966962,0.001));
#10477=CARTESIAN_POINT('',(0.00683925300210505,-0.020617242966962,-7.15573433840433E-18));
#10478=CARTESIAN_POINT('',(0.00589796161818566,-0.0203036505343073,0.001));
#10479=CARTESIAN_POINT('',(0.00589796161818566,-0.0203036505343073,-7.15573433840433E-18));
#10480=CARTESIAN_POINT('',(0.00525535417422103,-0.0197093671701288,0.001));
#10481=CARTESIAN_POINT('',(0.00525535417422103,-0.0197093671701288,-7.15573433840433E-18));
#10482=CARTESIAN_POINT('',(0.0080792283259792,-0.020650144468093,0.001));
#10483=CARTESIAN_POINT('',(0.00621926534016797,-0.0206007922163965,0.001));
#10484=CARTESIAN_POINT('',(0.00525535417422103,-0.0197093671701288,0.001));
#10485=CARTESIAN_POINT('',(0.0125378958151834,-0.0145304652577291,0.001));
#10486=CARTESIAN_POINT('',(0.0125378958151834,-0.0145304652577291,-6.93889390390723E-18));
#10487=CARTESIAN_POINT('',(0.0116670342071225,-0.0137593363249715,0.001));
#10488=CARTESIAN_POINT('',(0.0116670342071225,-0.0137593363249715,-6.93889390390723E-18));
#10489=CARTESIAN_POINT('',(0.0105180520973138,-0.0133737718585927,0.000999999999999999));
#10490=CARTESIAN_POINT('',(0.0105180520973138,-0.0133737718585927,-8.23993651088983E-18));
#10491=CARTESIAN_POINT('',(0.00909094948575711,-0.0133737718585927,0.000999999999999996));
#10492=CARTESIAN_POINT('',(0.00909094948575711,-0.0133737718585927,-1.04083408558608E-17));
#10493=CARTESIAN_POINT('',(0.0125378958151834,-0.0145304652577291,-6.93889390390723E-18));
#10494=CARTESIAN_POINT('',(0.0125378958151834,-0.0145304652577291,0.001));
#10495=CARTESIAN_POINT('',(0.0125378958151834,-0.0145304652577291,0.001));
#10496=CARTESIAN_POINT('',(0.0112316034030921,-0.0133737718585927,0.001));
#10497=CARTESIAN_POINT('',(0.00909094948575711,-0.0133737718585927,0.001));
#10498=CARTESIAN_POINT('',(0.0138441882272747,-0.0176705022719179,0.001));
#10499=CARTESIAN_POINT('',(0.0138441882272747,-0.0176705022719179,-1.04083408558608E-17));
#10500=CARTESIAN_POINT('',(0.0138441882272747,-0.0163482731952162,0.001));
#10501=CARTESIAN_POINT('',(0.0138441882272747,-0.0163482731952162,-1.04083408558608E-17));
#10502=CARTESIAN_POINT('',(0.0134087574232443,-0.0153015941904866,0.001));
#10503=CARTESIAN_POINT('',(0.0134087574232443,-0.0153015941904866,-1.04083408558608E-17));
#10504=CARTESIAN_POINT('',(0.0125378958151834,-0.0145304652577291,0.001));
#10505=CARTESIAN_POINT('',(0.0125378958151834,-0.0145304652577291,-1.04083408558608E-17));
#10506=CARTESIAN_POINT('',(0.0138441882272747,-0.0176705022719179,-6.93889390390723E-18));
#10507=CARTESIAN_POINT('',(0.0138441882272747,-0.0176705022719179,0.001));
#10508=CARTESIAN_POINT('',(0.0138441882272747,-0.0176705022719179,0.001));
#10509=CARTESIAN_POINT('',(0.0138441882272747,-0.0156871586568654,0.001));
#10510=CARTESIAN_POINT('',(0.0125378958151834,-0.0145304652577291,0.001));
#10511=CARTESIAN_POINT('',(0.0123404868083975,-0.021051131513127,0.001));
#10512=CARTESIAN_POINT('',(0.0123404868083975,-0.021051131513127,-1.04083408558608E-17));
#10513=CARTESIAN_POINT('',(0.0133429544209823,-0.0202121432342868,0.001));
#10514=CARTESIAN_POINT('',(0.0133429544209823,-0.0202121432342868,-1.04083408558608E-17));
#10515=CARTESIAN_POINT('',(0.0138441882272747,-0.0190852668205504,0.001));
#10516=CARTESIAN_POINT('',(0.0138441882272747,-0.0190852668205504,-1.04083408558608E-17));
#10517=CARTESIAN_POINT('',(0.0138441882272747,-0.0176705022719179,0.001));
#10518=CARTESIAN_POINT('',(0.0138441882272747,-0.0176705022719179,-1.04083408558608E-17));
#10519=CARTESIAN_POINT('',(0.0123404868083975,-0.021051131513127,-6.93889390390723E-18));
#10520=CARTESIAN_POINT('',(0.0123404868083975,-0.021051131513127,0.001));
#10521=CARTESIAN_POINT('',(0.0123404868083975,-0.021051131513127,0.001));
#10522=CARTESIAN_POINT('',(0.0138441882272747,-0.0197926490948666,0.001));
#10523=CARTESIAN_POINT('',(0.0138441882272747,-0.0176705022719179,0.001));
#10524=CARTESIAN_POINT('',(0.00827972184849617,-0.0223096139313873,0.001));
#10525=CARTESIAN_POINT('',(0.00827972184849617,-0.0223096139313873,-1.36609473733174E-17));
#10526=CARTESIAN_POINT('',(0.00998443087584554,-0.0223096139313873,0.001));
#10527=CARTESIAN_POINT('',(0.00998443087584554,-0.0223096139313873,-1.36609473733174E-17));
#10528=CARTESIAN_POINT('',(0.0113380191958126,-0.0218901197919672,0.001));
#10529=CARTESIAN_POINT('',(0.0113380191958126,-0.0218901197919672,-1.25767452008319E-17));
#10530=CARTESIAN_POINT('',(0.0123404868083975,-0.021051131513127,0.001));
#10531=CARTESIAN_POINT('',(0.0123404868083975,-0.021051131513127,-1.01915004213637E-17));
#10532=CARTESIAN_POINT('',(0.00827972184849617,-0.0223096139313873,-1.04083408558608E-17));
#10533=CARTESIAN_POINT('',(0.00827972184849617,-0.0223096139313873,0.001));
#10534=CARTESIAN_POINT('',(0.00827972184849616,-0.0223096139313873,0.001));
#10535=CARTESIAN_POINT('',(0.0108367853895202,-0.0223096139313873,0.001));
#10536=CARTESIAN_POINT('',(0.0123404868083975,-0.021051131513127,0.001));
#10537=CARTESIAN_POINT('',(0.00431920364985335,-0.0209539692675995,0.001));
#10538=CARTESIAN_POINT('',(0.00431920364985335,-0.0209539692675995,-6.93889390390723E-18));
#10539=CARTESIAN_POINT('',(0.00527129083883135,-0.0218577323767914,0.000999999999999998));
#10540=CARTESIAN_POINT('',(0.00527129083883135,-0.0218577323767914,-9.10729824887824E-18));
#10541=CARTESIAN_POINT('',(0.00659146357171229,-0.0223096139313873,0.000999999999999997));
#10542=CARTESIAN_POINT('',(0.00659146357171229,-0.0223096139313873,-1.04083408558608E-17));
#10543=CARTESIAN_POINT('',(0.00827972184849617,-0.0223096139313873,0.000999999999999997));
#10544=CARTESIAN_POINT('',(0.00827972184849617,-0.0223096139313873,-1.04083408558608E-17));
#10545=CARTESIAN_POINT('',(0.00431920364985335,-0.0209539692675995,-6.93889390390723E-18));
#10546=CARTESIAN_POINT('',(0.00431920364985336,-0.0209539692675995,0.001));
#10547=CARTESIAN_POINT('',(0.00431920364985335,-0.0209539692675995,0.001));
#10548=CARTESIAN_POINT('',(0.00574733443332035,-0.0223096139313873,0.001));
#10549=CARTESIAN_POINT('',(0.00827972184849616,-0.0223096139313873,0.001));
#10550=CARTESIAN_POINT('',(0.00289107286638636,-0.0172571771639598,0.001));
#10551=CARTESIAN_POINT('',(0.00289107286638636,-0.0172571771639598,-6.93889390390723E-18));
#10552=CARTESIAN_POINT('',(0.00289107286638636,-0.0188179421238611,0.000999999999999999));
#10553=CARTESIAN_POINT('',(0.00289107286638636,-0.0188179421238611,-9.32413868337534E-18));
#10554=CARTESIAN_POINT('',(0.00336711646087536,-0.0200502061584077,0.000999999999999999));
#10555=CARTESIAN_POINT('',(0.00336711646087536,-0.0200502061584077,-9.32413868337534E-18));
#10556=CARTESIAN_POINT('',(0.00431920364985335,-0.0209539692675995,0.001));
#10557=CARTESIAN_POINT('',(0.00431920364985335,-0.0209539692675995,-6.93889390390723E-18));
#10558=CARTESIAN_POINT('',(0.00289107286638636,-0.0172571771639598,-6.93889390390723E-18));
#10559=CARTESIAN_POINT('',(0.00289107286638636,-0.0172571771639598,0.001));
#10560=CARTESIAN_POINT('',(0.00289107286638636,-0.0172571771639598,0.001));
#10561=CARTESIAN_POINT('',(0.00289107286638636,-0.0195983246038118,0.001));
#10562=CARTESIAN_POINT('',(0.00431920364985335,-0.0209539692675995,0.001));
#10563=CARTESIAN_POINT('',(0.00305146768439993,-0.0154311438511899,0.001));
#10564=CARTESIAN_POINT('',(0.00305146768439993,-0.0154311438511899,-6.28837260041593E-18));
#10565=CARTESIAN_POINT('',(0.00294453780572421,-0.0159349480872582,0.001));
#10566=CARTESIAN_POINT('',(0.00294453780572421,-0.0159349480872582,-6.28837260041593E-18));
#10567=CARTESIAN_POINT('',(0.00289107286638636,-0.0165436258581815,0.001));
#10568=CARTESIAN_POINT('',(0.00289107286638636,-0.0165436258581815,-6.28837260041593E-18));
#10569=CARTESIAN_POINT('',(0.00289107286638636,-0.0172571771639598,0.001));
#10570=CARTESIAN_POINT('',(0.00289107286638636,-0.0172571771639598,-6.28837260041593E-18));
#10571=CARTESIAN_POINT('',(0.00305146768439993,-0.0154311438511899,-6.93889390390723E-18));
#10572=CARTESIAN_POINT('',(0.00305146768439993,-0.0154311438511899,0.001));
#10573=CARTESIAN_POINT('',(0.00305146768439993,-0.0154311438511899,0.001));
#10574=CARTESIAN_POINT('',(0.00289107286638636,-0.0161868502052923,0.001));
#10575=CARTESIAN_POINT('',(0.00289107286638636,-0.0172571771639598,0.001));
#10576=CARTESIAN_POINT('',(0.0116742314104949,-0.0197201629751875,0.001));
#10577=CARTESIAN_POINT('',(0.0116742314104949,-0.0197201629751875,-6.93889390390723E-18));
#10578=CARTESIAN_POINT('',(0.0111221030946405,-0.0202249953831661,0.001));
#10579=CARTESIAN_POINT('',(0.0111221030946405,-0.0202249953831661,-6.93889390390723E-18));
#10580=CARTESIAN_POINT('',(0.0103576572793002,-0.0205226511512105,0.000999999999999999));
#10581=CARTESIAN_POINT('',(0.0103576572793002,-0.0205226511512105,-8.23993651088983E-18));
#10582=CARTESIAN_POINT('',(0.00938089396447396,-0.0206131302793207,0.000999999999999996));
#10583=CARTESIAN_POINT('',(0.00938089396447396,-0.0206131302793207,-1.04083408558608E-17));
#10584=CARTESIAN_POINT('',(0.0116742314104949,-0.0197201629751875,-6.93889390390723E-18));
#10585=CARTESIAN_POINT('',(0.0108460389367133,-0.0204774115871553,-6.93889390390723E-18));
#10586=CARTESIAN_POINT('',(0.00938089396447396,-0.0206131302793207,-1.04083408558608E-17));
#10587=CARTESIAN_POINT('',(0.0116742314104949,-0.0197201629751875,-6.93889390390723E-18));
#10588=CARTESIAN_POINT('',(0.0116742314104949,-0.0197201629751875,-6.93889390390723E-18));
#10589=CARTESIAN_POINT('',(0.0116742314104949,-0.0197201629751875,0.001));
#10590=CARTESIAN_POINT('',(0.0116742314104949,-0.0197201629751875,0.001));
#10591=CARTESIAN_POINT('',(0.0108460389367133,-0.0204774115871553,0.001));
#10592=CARTESIAN_POINT('',(0.00938089396447396,-0.0206131302793207,0.001));
#10593=CARTESIAN_POINT('',(0.0125024238842765,-0.017692093882035,0.001));
#10594=CARTESIAN_POINT('',(0.0125024238842765,-0.017692093882035,-1.04083408558608E-17));
#10595=CARTESIAN_POINT('',(0.0125024238842765,-0.018539307536158,0.001));
#10596=CARTESIAN_POINT('',(0.0125024238842765,-0.018539307536158,-1.04083408558608E-17));
#10597=CARTESIAN_POINT('',(0.0122263597263493,-0.0192153305672088,0.001));
#10598=CARTESIAN_POINT('',(0.0122263597263493,-0.0192153305672088,-9.32413868337534E-18));
#10599=CARTESIAN_POINT('',(0.0116742314104949,-0.0197201629751875,0.001));
#10600=CARTESIAN_POINT('',(0.0116742314104949,-0.0197201629751875,-6.93889390390723E-18));
#10601=CARTESIAN_POINT('',(0.0125024238842765,-0.017692093882035,-1.04083408558608E-17));
#10602=CARTESIAN_POINT('',(0.0125024238842765,-0.0189629143632195,-1.04083408558608E-17));
#10603=CARTESIAN_POINT('',(0.0116742314104949,-0.0197201629751875,-6.93889390390723E-18));
#10604=CARTESIAN_POINT('',(0.0125024238842765,-0.017692093882035,-1.04083408558608E-17));
#10605=CARTESIAN_POINT('',(0.0125024238842765,-0.017692093882035,-1.04083408558608E-17));
#10606=CARTESIAN_POINT('',(0.0125024238842765,-0.017692093882035,0.001));
#10607=CARTESIAN_POINT('',(0.0125024238842765,-0.017692093882035,0.001));
#10608=CARTESIAN_POINT('',(0.0125024238842765,-0.0189629143632195,0.001));
#10609=CARTESIAN_POINT('',(0.0116742314104949,-0.0197201629751875,0.001));
#10610=CARTESIAN_POINT('',(0.0116973652784777,-0.0157627292922756,0.001));
#10611=CARTESIAN_POINT('',(0.0116973652784777,-0.0157627292922756,-1.04083408558608E-17));
#10612=CARTESIAN_POINT('',(0.0122340710156769,-0.0162120404170957,0.001));
#10613=CARTESIAN_POINT('',(0.0122340710156769,-0.0162120404170957,-1.04083408558608E-17));
#10614=CARTESIAN_POINT('',(0.0125024238842765,-0.0168551619470155,0.001));
#10615=CARTESIAN_POINT('',(0.0125024238842765,-0.0168551619470155,-1.04083408558608E-17));
#10616=CARTESIAN_POINT('',(0.0125024238842765,-0.017692093882035,0.001));
#10617=CARTESIAN_POINT('',(0.0125024238842765,-0.017692093882035,-1.04083408558608E-17));
#10618=CARTESIAN_POINT('',(0.0116973652784777,-0.0157627292922756,-1.04083408558608E-17));
#10619=CARTESIAN_POINT('',(0.0125024238842765,-0.0164366959795058,-1.04083408558608E-17));
#10620=CARTESIAN_POINT('',(0.0125024238842765,-0.017692093882035,-1.04083408558608E-17));
#10621=CARTESIAN_POINT('',(0.0116973652784777,-0.0157627292922756,-1.04083408558608E-17));
#10622=CARTESIAN_POINT('',(0.0116973652784777,-0.0157627292922756,-1.04083408558608E-17));
#10623=CARTESIAN_POINT('',(0.0116973652784777,-0.0157627292922756,0.001));
#10624=CARTESIAN_POINT('',(0.0116973652784777,-0.0157627292922756,0.001));
#10625=CARTESIAN_POINT('',(0.0125024238842765,-0.0164366959795058,0.001));
#10626=CARTESIAN_POINT('',(0.0125024238842765,-0.017692093882035,0.001));
#10627=CARTESIAN_POINT('',(0.00938089396447396,-0.0150887626050456,0.001));
#10628=CARTESIAN_POINT('',(0.00938089396447396,-0.0150887626050456,-1.04083408558608E-17));
#10629=CARTESIAN_POINT('',(0.0103885024366105,-0.0150887626050456,0.001));
#10630=CARTESIAN_POINT('',(0.0103885024366105,-0.0150887626050456,-8.02309607639273E-18));
#10631=CARTESIAN_POINT('',(0.0111606595412784,-0.0153134181674556,0.001));
#10632=CARTESIAN_POINT('',(0.0111606595412784,-0.0153134181674556,-8.02309607639273E-18));
#10633=CARTESIAN_POINT('',(0.0116973652784777,-0.0157627292922756,0.001));
#10634=CARTESIAN_POINT('',(0.0116973652784777,-0.0157627292922756,-1.04083408558608E-17));
#10635=CARTESIAN_POINT('',(0.00938089396447396,-0.0150887626050456,-1.04083408558608E-17));
#10636=CARTESIAN_POINT('',(0.0108923066726788,-0.0150887626050456,-6.93889390390723E-18));
#10637=CARTESIAN_POINT('',(0.0116973652784777,-0.0157627292922756,-1.04083408558608E-17));
#10638=CARTESIAN_POINT('',(0.00938089396447396,-0.0150887626050456,0.001));
#10639=CARTESIAN_POINT('',(0.0108923066726788,-0.0150887626050456,0.001));
#10640=CARTESIAN_POINT('',(0.0116973652784777,-0.0157627292922756,0.001));
#10641=CARTESIAN_POINT('',(0.00357583535867507,-0.0138271956710542,0.001));
#10642=CARTESIAN_POINT('',(0.00357583535867507,-0.0138271956710542,-6.93889390390723E-18));
#10643=CARTESIAN_POINT('',(0.00333318678783402,-0.0143926902217431,0.001));
#10644=CARTESIAN_POINT('',(0.00333318678783402,-0.0143926902217431,-6.93889390390723E-18));
#10645=CARTESIAN_POINT('',(0.00315839756307564,-0.0149273396151216,0.001));
#10646=CARTESIAN_POINT('',(0.00315839756307564,-0.0149273396151216,-6.93889390390723E-18));
#10647=CARTESIAN_POINT('',(0.00305146768439993,-0.0154311438511899,0.001));
#10648=CARTESIAN_POINT('',(0.00305146768439993,-0.0154311438511899,-6.93889390390723E-18));
#10649=CARTESIAN_POINT('',(0.00357583535867507,-0.0138271956710542,0.001));
#10650=CARTESIAN_POINT('',(0.0032118625024135,-0.0146754374970875,0.001));
#10651=CARTESIAN_POINT('',(0.00305146768439993,-0.0154311438511899,0.001));
#10652=CARTESIAN_POINT('',(0.0100949593562074,-0.0177553264545212,0.001));
#10653=CARTESIAN_POINT('',(-0.00173550295164497,0.0463870190112407,-6.93889390390723E-18));
#10654=CARTESIAN_POINT('',(0.0155591789737275,-0.0262377447148543,-1.04083408558608E-17));
#10655=CARTESIAN_POINT('',(0.0155591789737275,-0.0261983510595166,0.001));
#10656=CARTESIAN_POINT('',(0.0155591789737275,-0.0261991882682165,0.001));
#10657=CARTESIAN_POINT('',(0.0155591789737275,-0.0320042468740153,0.001));
#10658=CARTESIAN_POINT('',(0.0155591789737275,-0.0262763011614922,0.001));
#10659=CARTESIAN_POINT('',(0.0155591789737275,-0.0262763011614922,-1.04083408558608E-17));
#10660=CARTESIAN_POINT('',(0.00762580451351775,-0.0263349069603818,-1.04083408558608E-17));
#10661=CARTESIAN_POINT('',(0.00308539735744126,-0.0263349069603818,-6.93889390390723E-18));
#10662=CARTESIAN_POINT('',(0.00308539735744126,-0.0263349069603818,0.001));
#10663=CARTESIAN_POINT('',(0.0101921216017349,-0.0263349069603818,0.001));
#10664=CARTESIAN_POINT('',(0.0121662133517144,-0.0263353505367495,0.00099999975));
#10665=CARTESIAN_POINT('',(0.0121662116695942,-0.0263349069603818,-6.93889390390723E-18));
#10666=CARTESIAN_POINT('',(0.00308539735744126,-0.0255159680337932,-6.93889390390723E-18));
#10667=CARTESIAN_POINT('',(0.00308539735744126,-0.0246970291072048,-6.93889390390723E-18));
#10668=CARTESIAN_POINT('',(0.00308539735744127,-0.0246970291072048,0.001));
#10669=CARTESIAN_POINT('',(0.00308539735744126,-0.0320042468740153,0.001));
#10670=CARTESIAN_POINT('',(0.0101319735449798,-0.0246970291072048,-1.04083408558608E-17));
#10671=CARTESIAN_POINT('',(0.0171785497325183,-0.0246970291072048,-6.93889390390723E-18));
#10672=CARTESIAN_POINT('',(0.0171785497325183,-0.0246970291072048,0.001));
#10673=CARTESIAN_POINT('',(0.0101921216017349,-0.0246970291072048,0.001));
#10674=CARTESIAN_POINT('',(0.0171785497325183,-0.0259215818524237,-6.93889390390723E-18));
#10675=CARTESIAN_POINT('',(0.0171785497325183,-0.0271461345976428,-6.93889390390723E-18));
#10676=CARTESIAN_POINT('',(0.0171785497325183,-0.0271461345976428,0.001));
#10677=CARTESIAN_POINT('',(0.0171785497325183,-0.0320042468740153,0.001));
#10678=CARTESIAN_POINT('',(0.0113657798373919,-0.0293962888234293,-6.93889390390723E-18));
#10679=CARTESIAN_POINT('',(0.00555300994226544,-0.0316464430492158,-6.93889390390723E-18));
#10680=CARTESIAN_POINT('',(0.00555300994226544,-0.0316464430492158,0.001));
#10681=CARTESIAN_POINT('',(0.0113657798373919,-0.0293962888234293,0.001));
#10682=CARTESIAN_POINT('',(0.00555300994226544,-0.0316849994958537,-6.93889390390723E-18));
#10683=CARTESIAN_POINT('',(0.00555300994226543,-0.0317235559424916,-6.93889390390723E-18));
#10684=CARTESIAN_POINT('',(0.00555300994226543,-0.0317235559424916,0.001));
#10685=CARTESIAN_POINT('',(0.00555300994226543,-0.0320042468740153,0.001));
#10686=CARTESIAN_POINT('',(0.0113657798373919,-0.033955203073892,-6.93889390390723E-18));
#10687=CARTESIAN_POINT('',(0.0171785497325183,-0.0361868502052924,-6.93889390390723E-18));
#10688=CARTESIAN_POINT('',(0.0171785497325183,-0.0361868502052924,0.001));
#10689=CARTESIAN_POINT('',(0.0113657798373919,-0.033955203073892,0.001));
#10690=CARTESIAN_POINT('',(0.0171785497325183,-0.0374206564977045,-6.93889390390723E-18));
#10691=CARTESIAN_POINT('',(0.0171785497325183,-0.0386544627901165,-6.93889390390723E-18));
#10692=CARTESIAN_POINT('',(0.0171785497325183,-0.0386544627901165,0.001));
#10693=CARTESIAN_POINT('',(0.0171785497325183,-0.0320042468740153,0.001));
#10694=CARTESIAN_POINT('',(0.0101319735449798,-0.0386544627901165,-6.93889390390723E-18));
#10695=CARTESIAN_POINT('',(0.00308539735744126,-0.0386544627901165,-6.93889390390723E-18));
#10696=CARTESIAN_POINT('',(0.00308539735744126,-0.0386544627901165,0.001));
#10697=CARTESIAN_POINT('',(0.0101921216017349,-0.0386544627901165,0.001));
#10698=CARTESIAN_POINT('',(0.00308539735744126,-0.0378972141781486,-6.93889390390723E-18));
#10699=CARTESIAN_POINT('',(0.00308539735744126,-0.0371399655661807,-6.93889390390723E-18));
#10700=CARTESIAN_POINT('',(0.00308539735744126,-0.0371399655661807,0.001));
#10701=CARTESIAN_POINT('',(0.00308539735744126,-0.0320042468740153,0.001));
#10702=CARTESIAN_POINT('',(0.00756719871462818,-0.0371399655661807,-6.93889390390723E-18));
#10703=CARTESIAN_POINT('',(0.0120490000718151,-0.0371399655661807,-6.93889390390723E-18));
#10704=CARTESIAN_POINT('',(0.0120490000718151,-0.0371399655661807,0.001));
#10705=CARTESIAN_POINT('',(0.0101921216017349,-0.0371399655661807,0.001));
#10706=CARTESIAN_POINT('',(0.0155776860681137,-0.0372371278117081,-3.46944695195361E-18));
#10707=CARTESIAN_POINT('',(0.0155776860681137,-0.0371985713650702,-3.46944695195361E-18));
#10708=CARTESIAN_POINT('',(0.0155776860681137,-0.0371985713650702,0.001));
#10709=CARTESIAN_POINT('',(0.0155776860681137,-0.0320042468740153,0.001));
#10710=CARTESIAN_POINT('',(0.0155776860681137,-0.037275684258346,0.001));
#10711=CARTESIAN_POINT('',(0.0155776860681137,-0.037275684258346,-3.46944695195361E-18));
#10712=CARTESIAN_POINT('',(0.00933154171277747,-0.0348080716735218,-1.04083408558608E-17));
#10713=CARTESIAN_POINT('',(0.00308539735744126,-0.0324175719819734,-6.93889390390723E-18));
#10714=CARTESIAN_POINT('',(0.00308539735744126,-0.0324175719819734,0.001));
#10715=CARTESIAN_POINT('',(0.00933154171277747,-0.0348080716735218,0.001));
#10716=CARTESIAN_POINT('',(0.00308539735744126,-0.031757485615533,-6.93889390390723E-18));
#10717=CARTESIAN_POINT('',(0.00308539735744126,-0.0310973992490924,-6.93889390390723E-18));
#10718=CARTESIAN_POINT('',(0.00308539735744126,-0.0310973992490924,0.001));
#10719=CARTESIAN_POINT('',(0.00308539735744126,-0.0320042468740153,0.001));
#10720=CARTESIAN_POINT('',(0.00932228816558438,-0.0286868502052923,-6.93889390390723E-18));
#10721=CARTESIAN_POINT('',(0.00932228816558438,-0.0286868502052923,0.001));
#10722=CARTESIAN_POINT('',(0.0119907083660939,0.0199454479972622,-1.19002372611119E-15));
#10723=CARTESIAN_POINT('',(0.0119907083660939,0.0199454479972622,0.001));
#10724=CARTESIAN_POINT('',(0.0155776860681137,-0.037275684258346,0.001));
#10725=CARTESIAN_POINT('',(0.0155776860681137,-0.037275684258346,-3.46944695195361E-18));
#10726=CARTESIAN_POINT('',(0.0145885846903633,-0.0371852051302358,0.001));
#10727=CARTESIAN_POINT('',(0.0145885846903633,-0.0371852051302358,-3.46944695195361E-18));
#10728=CARTESIAN_POINT('',(0.0134123560249305,-0.0371399655661807,0.000999999999999999));
#10729=CARTESIAN_POINT('',(0.0134123560249305,-0.0371399655661807,-4.77048955893622E-18));
#10730=CARTESIAN_POINT('',(0.0120490000718151,-0.0371399655661807,0.000999999999999996));
#10731=CARTESIAN_POINT('',(0.0120490000718151,-0.0371399655661807,-6.93889390390723E-18));
#10732=CARTESIAN_POINT('',(0.0155776860681137,-0.037275684258346,0.001));
#10733=CARTESIAN_POINT('',(0.0140940340014881,-0.0371399655661807,0.001));
#10734=CARTESIAN_POINT('',(0.0120490000718151,-0.0371399655661807,0.001));
#10735=CARTESIAN_POINT('',(0.0101921216017349,-0.0320042468740153,0.001));
#10736=CARTESIAN_POINT('',(-0.0088582092552581,0.0293358919304449,-3.46944695195361E-18));
#10737=CARTESIAN_POINT('',(-0.00765845286061742,0.0293358919304449,-6.93889390390723E-18));
#10738=CARTESIAN_POINT('',(-0.00765845286061742,0.0293358919304449,0.001));
#10739=CARTESIAN_POINT('',(-0.0126584528606174,0.0293358919304449,0.001));
#10740=CARTESIAN_POINT('',(-0.0100579668657592,0.0293356313743345,0.000999999749999997));
#10741=CARTESIAN_POINT('',(-0.0100579656498988,0.0293358919304449,-6.93889390390723E-18));
#10742=CARTESIAN_POINT('',(-0.00765845286061742,0.02880909534092,-6.93889390390723E-18));
#10743=CARTESIAN_POINT('',(-0.00765845286061742,0.028282298751395,-6.93889390390723E-18));
#10744=CARTESIAN_POINT('',(-0.00765845286061742,0.028282298751395,0.001));
#10745=CARTESIAN_POINT('',(-0.00765845286061742,0.0312065780855403,0.001));
#10746=CARTESIAN_POINT('',(-0.0125945064537965,0.028282298751395,-6.93889390390723E-18));
#10747=CARTESIAN_POINT('',(-0.0175305600469755,0.028282298751395,-1.04083408558608E-17));
#10748=CARTESIAN_POINT('',(-0.0175305600469755,0.028282298751395,0.001));
#10749=CARTESIAN_POINT('',(-0.0126584528606174,0.028282298751395,0.001));
#10750=CARTESIAN_POINT('',(-0.0175305600469755,0.0286598870583377,-1.04083408558608E-17));
#10751=CARTESIAN_POINT('',(-0.0175305600469755,0.0290374753652805,-1.04083408558608E-17));
#10752=CARTESIAN_POINT('',(-0.0175305600469755,0.0290374753652805,0.001));
#10753=CARTESIAN_POINT('',(-0.0175305600469755,0.0312065780855403,0.001));
#10754=CARTESIAN_POINT('',(-0.0170829351992288,0.0291481127993041,-6.93889390390723E-18));
#10755=CARTESIAN_POINT('',(-0.0166353103514822,0.0292587502333276,-6.93889390390723E-18));
#10756=CARTESIAN_POINT('',(-0.0166353103514822,0.0292587502333276,0.001));
#10757=CARTESIAN_POINT('',(-0.0170829351992288,0.0291481127993041,0.001));
#10758=CARTESIAN_POINT('',(-0.0166353103514822,0.0292973210818863,-6.93889390390723E-18));
#10759=CARTESIAN_POINT('',(-0.0166353103514822,0.0293358919304449,-6.93889390390723E-18));
#10760=CARTESIAN_POINT('',(-0.0166350428417337,0.0293362691316682,0.001));
#10761=CARTESIAN_POINT('',(-0.0166353103514822,0.0312065780855403,0.001));
#10762=CARTESIAN_POINT('',(-0.0115033574485183,0.0293105163721826,-6.93889390390723E-18));
#10763=CARTESIAN_POINT('',(-0.0115033574485183,0.0292857111065377,0.001));
#10764=CARTESIAN_POINT('',(-0.0115033574485183,0.0292857111065377,0.000999999999999994));
#10765=CARTESIAN_POINT('',(-0.0115033574485183,0.0312065780855403,0.001));
#10766=CARTESIAN_POINT('',(-0.0115033574485183,0.0293358919304449,0.001));
#10767=CARTESIAN_POINT('',(-0.0115033574485183,0.0293358919304449,-6.93889390390723E-18));
#10768=CARTESIAN_POINT('',(-0.0101444889548613,0.0107941454871628,-6.93889390390723E-18));
#10769=CARTESIAN_POINT('',(-0.0101444889548613,0.0107941454871628,0.000999999999999987));
#10770=CARTESIAN_POINT('',(-0.0152926669431953,0.0312290817635819,-6.93889390390723E-18));
#10771=CARTESIAN_POINT('',(-0.0174077423449861,0.0302768176308103,-6.93889390390723E-18));
#10772=CARTESIAN_POINT('',(-0.0174077423449861,0.0302768176308103,0.001));
#10773=CARTESIAN_POINT('',(-0.0152926669431953,0.0312290817635819,0.001));
#10774=CARTESIAN_POINT('',(-0.0176584528606174,0.0315181899410011,0.001));
#10775=CARTESIAN_POINT('',(-0.0176584528606174,0.0315181899410011,-6.93889390390723E-18));
#10776=CARTESIAN_POINT('',(-0.0176584528606174,0.0310648133000484,0.001));
#10777=CARTESIAN_POINT('',(-0.0176584528606174,0.0310648133000484,-6.93889390390723E-18));
#10778=CARTESIAN_POINT('',(-0.0175748826887403,0.0306510225299848,0.000999999999999999));
#10779=CARTESIAN_POINT('',(-0.0175748826887403,0.0306510225299848,-8.23993651088983E-18));
#10780=CARTESIAN_POINT('',(-0.0174077423449861,0.0302768176308103,0.000999999999999996));
#10781=CARTESIAN_POINT('',(-0.0174077423449861,0.0302768176308103,-1.04083408558608E-17));
#10782=CARTESIAN_POINT('',(-0.0176584528606174,0.0315181899410011,-3.46944695195361E-18));
#10783=CARTESIAN_POINT('',(-0.0176584528606174,0.0315181899410011,0.001));
#10784=CARTESIAN_POINT('',(-0.0176584528606174,0.0315181899410011,0.001));
#10785=CARTESIAN_POINT('',(-0.0176584528606174,0.030838124979572,0.001));
#10786=CARTESIAN_POINT('',(-0.0174077423449861,0.0302768176308103,0.001));
#10787=CARTESIAN_POINT('',(-0.0167094069816081,0.0336406016340584,0.001));
#10788=CARTESIAN_POINT('',(-0.0167094069816081,0.0336406016340584,-6.93889390390723E-18));
#10789=CARTESIAN_POINT('',(-0.0173421042342809,0.0331310604241518,0.001));
#10790=CARTESIAN_POINT('',(-0.0173421042342809,0.0331310604241518,-6.93889390390723E-18));
#10791=CARTESIAN_POINT('',(-0.0176584528606174,0.0324235898597994,0.001));
#10792=CARTESIAN_POINT('',(-0.0176584528606174,0.0324235898597994,-6.93889390390723E-18));
#10793=CARTESIAN_POINT('',(-0.0176584528606174,0.0315181899410011,0.001));
#10794=CARTESIAN_POINT('',(-0.0176584528606174,0.0315181899410011,-6.93889390390723E-18));
#10795=CARTESIAN_POINT('',(-0.0167094069816081,0.0336406016340584,-3.46944695195361E-18));
#10796=CARTESIAN_POINT('',(-0.0167094069816081,0.0336406016340584,0.001));
#10797=CARTESIAN_POINT('',(-0.0167094069816081,0.0336406016340584,0.001));
#10798=CARTESIAN_POINT('',(-0.0176584528606174,0.0328762898191984,0.001));
#10799=CARTESIAN_POINT('',(-0.0176584528606174,0.0315181899410011,0.001));
#10800=CARTESIAN_POINT('',(-0.0140470034087295,0.0344049134489183,0.001));
#10801=CARTESIAN_POINT('',(-0.0140470034087295,0.0344049134489183,-1.2793585635329E-17));
#10802=CARTESIAN_POINT('',(-0.015189241871309,0.0344049134489183,0.001));
#10803=CARTESIAN_POINT('',(-0.015189241871309,0.0344049134489183,-1.2793585635329E-17));
#10804=CARTESIAN_POINT('',(-0.0160767097289352,0.034150142843965,0.001));
#10805=CARTESIAN_POINT('',(-0.0160767097289352,0.034150142843965,-1.2793585635329E-17));
#10806=CARTESIAN_POINT('',(-0.0167094069816081,0.0336406016340584,0.001));
#10807=CARTESIAN_POINT('',(-0.0167094069816081,0.0336406016340584,-1.2793585635329E-17));
#10808=CARTESIAN_POINT('',(-0.0140470034087295,0.0344049134489183,-3.46944695195361E-18));
#10809=CARTESIAN_POINT('',(-0.0140470034087295,0.0344049134489183,0.001));
#10810=CARTESIAN_POINT('',(-0.0140470034087295,0.0344049134489183,0.001));
#10811=CARTESIAN_POINT('',(-0.0157603611025987,0.0344049134489183,0.001));
#10812=CARTESIAN_POINT('',(-0.0167094069816081,0.0336406016340584,0.001));
#10813=CARTESIAN_POINT('',(-0.0113998251708082,0.0336466917680414,0.001));
#10814=CARTESIAN_POINT('',(-0.0113998251708082,0.0336466917680414,-2.81892564846231E-18));
#10815=CARTESIAN_POINT('',(-0.0120237255632835,0.034152172888626,0.000999999999999999));
#10816=CARTESIAN_POINT('',(-0.0120237255632835,0.034152172888626,-5.20417042793042E-18));
#10817=CARTESIAN_POINT('',(-0.0129061183092573,0.0344049134489183,0.000999999999999999));
#10818=CARTESIAN_POINT('',(-0.0129061183092573,0.0344049134489183,-5.20417042793042E-18));
#10819=CARTESIAN_POINT('',(-0.0140470034087295,0.0344049134489183,0.001));
#10820=CARTESIAN_POINT('',(-0.0140470034087295,0.0344049134489183,-2.81892564846231E-18));
#10821=CARTESIAN_POINT('',(-0.0113998251708082,0.0336466917680414,-3.46944695195361E-18));
#10822=CARTESIAN_POINT('',(-0.0113998251708082,0.0336466917680414,0.001));
#10823=CARTESIAN_POINT('',(-0.0113998251708082,0.0336466917680414,0.001));
#10824=CARTESIAN_POINT('',(-0.0123356757595212,0.0344049134489183,0.001));
#10825=CARTESIAN_POINT('',(-0.0140470034087295,0.0344049134489183,0.001));
#10826=CARTESIAN_POINT('',(-0.0104639745820953,0.0315181899410011,0.001));
#10827=CARTESIAN_POINT('',(-0.0104639745820953,0.0315181899410011,-6.93889390390723E-18));
#10828=CARTESIAN_POINT('',(-0.0104639745820953,0.0324317100384433,0.001));
#10829=CARTESIAN_POINT('',(-0.0104639745820953,0.0324317100384433,-6.93889390390723E-18));
#10830=CARTESIAN_POINT('',(-0.0107759247783329,0.0331412106474567,0.001));
#10831=CARTESIAN_POINT('',(-0.0107759247783329,0.0331412106474567,-5.85469173142172E-18));
#10832=CARTESIAN_POINT('',(-0.0113998251708082,0.0336466917680414,0.001));
#10833=CARTESIAN_POINT('',(-0.0113998251708082,0.0336466917680414,-3.46944695195361E-18));
#10834=CARTESIAN_POINT('',(-0.0104639745820953,0.0315181899410011,-6.93889390390723E-18));
#10835=CARTESIAN_POINT('',(-0.0104639745820953,0.0315181899410011,0.001));
#10836=CARTESIAN_POINT('',(-0.0104639745820953,0.0315181899410011,0.001));
#10837=CARTESIAN_POINT('',(-0.0104639745820953,0.0328884700871644,0.001));
#10838=CARTESIAN_POINT('',(-0.0113998251708082,0.0336466917680414,0.001));
#10839=CARTESIAN_POINT('',(-0.0115033574485183,0.0293358919304449,0.001));
#10840=CARTESIAN_POINT('',(-0.0115033574485183,0.0293358919304449,-6.93889390390723E-18));
#10841=CARTESIAN_POINT('',(-0.0108104355375696,0.0298258093752954,0.001));
#10842=CARTESIAN_POINT('',(-0.0108104355375696,0.0298258093752954,-6.93889390390723E-18));
#10843=CARTESIAN_POINT('',(-0.0104639745820953,0.0305532420454808,0.001));
#10844=CARTESIAN_POINT('',(-0.0104639745820953,0.0305532420454808,-6.93889390390723E-18));
#10845=CARTESIAN_POINT('',(-0.0104639745820953,0.0315181899410011,0.001));
#10846=CARTESIAN_POINT('',(-0.0104639745820953,0.0315181899410011,-6.93889390390723E-18));
#10847=CARTESIAN_POINT('',(-0.0115033574485183,0.0293358919304449,0.001));
#10848=CARTESIAN_POINT('',(-0.0104639745820953,0.0300707680977206,0.001));
#10849=CARTESIAN_POINT('',(-0.0104639745820953,0.0315181899410011,0.001));
#10850=CARTESIAN_POINT('',(-0.0160679128687376,0.0328367039483093,0.001));
#10851=CARTESIAN_POINT('',(-0.0160679128687376,0.0328367039483093,-4.11996825544492E-18));
#10852=CARTESIAN_POINT('',(-0.015596265825836,0.0331540675969762,0.001));
#10853=CARTESIAN_POINT('',(-0.015596265825836,0.0331540675969762,-4.11996825544492E-18));
#10854=CARTESIAN_POINT('',(-0.0149185692498447,0.0333127494213097,0.000999999999999999));
#10855=CARTESIAN_POINT('',(-0.0149185692498447,0.0333127494213097,-5.20417042793042E-18));
#10856=CARTESIAN_POINT('',(-0.0140348231407636,0.0333127494213097,0.000999999999999997));
#10857=CARTESIAN_POINT('',(-0.0140348231407636,0.0333127494213097,-7.58941520739853E-18));
#10858=CARTESIAN_POINT('',(-0.0160679128687376,0.0328367039483093,-3.46944695195361E-18));
#10859=CARTESIAN_POINT('',(-0.0153604423043852,0.0333127494213097,-6.93889390390723E-18));
#10860=CARTESIAN_POINT('',(-0.0140348231407636,0.0333127494213097,-6.93889390390723E-18));
#10861=CARTESIAN_POINT('',(-0.0140348231407636,0.0333127494213097,-6.93889390390723E-18));
#10862=CARTESIAN_POINT('',(-0.0160679128687376,0.0328367039483093,-3.46944695195361E-18));
#10863=CARTESIAN_POINT('',(-0.0160679128687376,0.0328367039483093,-3.46944695195361E-18));
#10864=CARTESIAN_POINT('',(-0.0160679128687376,0.0328367039483093,0.001));
#10865=CARTESIAN_POINT('',(-0.0160679128687376,0.0328367039483093,0.001));
#10866=CARTESIAN_POINT('',(-0.0153604423043852,0.0333127494213097,0.001));
#10867=CARTESIAN_POINT('',(-0.0140348231407636,0.0333127494213097,0.001));
#10868=CARTESIAN_POINT('',(-0.0140348231407636,0.0333127494213097,0.001));
#10869=CARTESIAN_POINT('',(-0.0140348231407636,0.0333127494213097,-6.93889390390723E-18));
#10870=CARTESIAN_POINT('',(-0.01677538343309,0.0313902971273592,0.001));
#10871=CARTESIAN_POINT('',(-0.01677538343309,0.0313902971273592,-1.04083408558608E-17));
#10872=CARTESIAN_POINT('',(-0.01677538343309,0.032037204692659,0.001));
#10873=CARTESIAN_POINT('',(-0.01677538343309,0.032037204692659,-1.04083408558608E-17));
#10874=CARTESIAN_POINT('',(-0.0165395599116392,0.0325193402996424,0.001));
#10875=CARTESIAN_POINT('',(-0.0165395599116392,0.0325193402996424,-8.02309607639273E-18));
#10876=CARTESIAN_POINT('',(-0.0160679128687376,0.0328367039483093,0.00100000000000001));
#10877=CARTESIAN_POINT('',(-0.0160679128687376,0.0328367039483093,-3.46944695195361E-18));
#10878=CARTESIAN_POINT('',(-0.01677538343309,0.0313902971273592,-1.04083408558608E-17));
#10879=CARTESIAN_POINT('',(-0.01677538343309,0.0323606584753089,-1.04083408558608E-17));
#10880=CARTESIAN_POINT('',(-0.0160679128687376,0.0328367039483093,-3.46944695195361E-18));
#10881=CARTESIAN_POINT('',(-0.01677538343309,0.0313902971273592,-1.04083408558608E-17));
#10882=CARTESIAN_POINT('',(-0.01677538343309,0.0313902971273592,-1.04083408558608E-17));
#10883=CARTESIAN_POINT('',(-0.01677538343309,0.0313902971273592,0.001));
#10884=CARTESIAN_POINT('',(-0.01677538343309,0.0313902971273592,0.001));
#10885=CARTESIAN_POINT('',(-0.01677538343309,0.0323606584753089,0.001));
#10886=CARTESIAN_POINT('',(-0.0160679128687376,0.0328367039483093,0.001));
#10887=CARTESIAN_POINT('',(-0.0161440395435245,0.0298241176714112,0.001));
#10888=CARTESIAN_POINT('',(-0.0161440395435245,0.0298241176714112,-3.46944695195361E-18));
#10889=CARTESIAN_POINT('',(-0.0165649354699015,0.0301496014987221,0.000999999999999996));
#10890=CARTESIAN_POINT('',(-0.0165649354699015,0.0301496014987221,-8.02309607639273E-18));
#10891=CARTESIAN_POINT('',(-0.01677538343309,0.0306716613173714,0.000999999999999994));
#10892=CARTESIAN_POINT('',(-0.01677538343309,0.0306716613173714,-1.04083408558608E-17));
#10893=CARTESIAN_POINT('',(-0.01677538343309,0.0313902971273592,0.000999999999999994));
#10894=CARTESIAN_POINT('',(-0.01677538343309,0.0313902971273592,-1.04083408558608E-17));
#10895=CARTESIAN_POINT('',(-0.0161440395435245,0.0298241176714112,-3.46944695195361E-18));
#10896=CARTESIAN_POINT('',(-0.01677538343309,0.0303123434123775,-1.04083408558608E-17));
#10897=CARTESIAN_POINT('',(-0.01677538343309,0.0313902971273592,-1.04083408558608E-17));
#10898=CARTESIAN_POINT('',(-0.0161440395435245,0.0298241176714112,-3.46944695195361E-18));
#10899=CARTESIAN_POINT('',(-0.0161440395435245,0.0298241176714112,-3.46944695195361E-18));
#10900=CARTESIAN_POINT('',(-0.0161440395435245,0.0298241176714112,0.001));
#10901=CARTESIAN_POINT('',(-0.0161440395435245,0.0298241176714112,0.001));
#10902=CARTESIAN_POINT('',(-0.01677538343309,0.0303123434123775,0.001));
#10903=CARTESIAN_POINT('',(-0.01677538343309,0.0313902971273592,0.001));
#10904=CARTESIAN_POINT('',(-0.0140470034087295,0.0293358919304449,0.000999999999999999));
#10905=CARTESIAN_POINT('',(-0.0140470034087295,0.0293358919304449,-3.46944695195361E-18));
#10906=CARTESIAN_POINT('',(-0.0150241315722157,0.0293358919304449,0.000999999999999996));
#10907=CARTESIAN_POINT('',(-0.0150241315722157,0.0293358919304449,-5.85469173142172E-18));
#10908=CARTESIAN_POINT('',(-0.0157231436171474,0.0294986338441003,0.000999999999999996));
#10909=CARTESIAN_POINT('',(-0.0157231436171474,0.0294986338441003,-5.85469173142172E-18));
#10910=CARTESIAN_POINT('',(-0.0161440395435245,0.0298241176714112,0.000999999999999999));
#10911=CARTESIAN_POINT('',(-0.0161440395435245,0.0298241176714112,-3.46944695195361E-18));
#10912=CARTESIAN_POINT('',(-0.0140470034087295,0.0293358919304449,-3.46944695195361E-18));
#10913=CARTESIAN_POINT('',(-0.0155126956539589,0.0293358919304449,-6.93889390390723E-18));
#10914=CARTESIAN_POINT('',(-0.0161440395435245,0.0298241176714112,-3.46944695195361E-18));
#10915=CARTESIAN_POINT('',(-0.0140470034087295,0.0293358919304449,-3.46944695195361E-18));
#10916=CARTESIAN_POINT('',(-0.0140470034087295,0.0293358919304449,-3.46944695195361E-18));
#10917=CARTESIAN_POINT('',(-0.0140470034087295,0.0293358919304449,0.001));
#10918=CARTESIAN_POINT('',(-0.0140470034087295,0.0293358919304449,0.001));
#10919=CARTESIAN_POINT('',(-0.0155126956539589,0.0293358919304449,0.000999999999999987));
#10920=CARTESIAN_POINT('',(-0.0161440395435245,0.0298241176714112,0.001));
#10921=CARTESIAN_POINT('',(-0.0119631625642309,0.0298119374034453,0.001));
#10922=CARTESIAN_POINT('',(-0.0119631625642309,0.0298119374034453,-1.0842021724855E-17));
#10923=CARTESIAN_POINT('',(-0.0123752616304104,0.0294945737547784,0.001));
#10924=CARTESIAN_POINT('',(-0.0123752616304104,0.0294945737547784,-6.28837260041593E-18));
#10925=CARTESIAN_POINT('',(-0.0130698752452432,0.0293358919304449,0.00100000000000001));
#10926=CARTESIAN_POINT('',(-0.0130698752452432,0.0293358919304449,-3.90312782094782E-18));
#10927=CARTESIAN_POINT('',(-0.0140470034087295,0.0293358919304449,0.00100000000000001));
#10928=CARTESIAN_POINT('',(-0.0140470034087295,0.0293358919304449,-3.90312782094782E-18));
#10929=CARTESIAN_POINT('',(-0.0119631625642309,0.0298119374034453,-1.04083408558608E-17));
#10930=CARTESIAN_POINT('',(-0.0125813111635001,0.0293358919304449,-6.93889390390723E-18));
#10931=CARTESIAN_POINT('',(-0.0140470034087295,0.0293358919304449,-3.46944695195361E-18));
#10932=CARTESIAN_POINT('',(-0.0119631625642309,0.0298119374034453,-1.04083408558608E-17));
#10933=CARTESIAN_POINT('',(-0.0119631625642309,0.0298119374034453,-1.04083408558608E-17));
#10934=CARTESIAN_POINT('',(-0.0119631625642309,0.0298119374034453,0.001));
#10935=CARTESIAN_POINT('',(-0.0119631625642309,0.0298119374034453,0.001));
#10936=CARTESIAN_POINT('',(-0.0125813111635001,0.0293358919304449,0.001));
#10937=CARTESIAN_POINT('',(-0.0140470034087295,0.0293358919304449,0.001));
#10938=CARTESIAN_POINT('',(-0.0113450139649617,0.0313659365914274,0.000999999999999999));
#10939=CARTESIAN_POINT('',(-0.0113450139649617,0.0313659365914274,-6.93889390390723E-18));
#10940=CARTESIAN_POINT('',(-0.0113450139649617,0.0306473007814396,0.000999999999999999));
#10941=CARTESIAN_POINT('',(-0.0113450139649617,0.0306473007814396,-6.93889390390723E-18));
#10942=CARTESIAN_POINT('',(-0.0115510634980514,0.0301293010521122,0.000999999999999998));
#10943=CARTESIAN_POINT('',(-0.0115510634980514,0.0301293010521122,-8.02309607639273E-18));
#10944=CARTESIAN_POINT('',(-0.0119631625642309,0.0298119374034453,0.000999999999999996));
#10945=CARTESIAN_POINT('',(-0.0119631625642309,0.0298119374034453,-1.04083408558608E-17));
#10946=CARTESIAN_POINT('',(-0.0113450139649617,0.0313659365914274,-1.04083408558608E-17));
#10947=CARTESIAN_POINT('',(-0.0113450139649617,0.0302879828764457,-1.04083408558608E-17));
#10948=CARTESIAN_POINT('',(-0.0119631625642309,0.0298119374034453,-1.04083408558608E-17));
#10949=CARTESIAN_POINT('',(-0.0113450139649617,0.0313659365914274,-6.93889390390723E-18));
#10950=CARTESIAN_POINT('',(-0.0113450139649617,0.0313659365914274,-6.93889390390723E-18));
#10951=CARTESIAN_POINT('',(-0.0113450139649617,0.0313659365914274,0.001));
#10952=CARTESIAN_POINT('',(-0.0113450139649617,0.0313659365914274,0.000999999999999987));
#10953=CARTESIAN_POINT('',(-0.0113450139649617,0.0302879828764457,0.000999999999999987));
#10954=CARTESIAN_POINT('',(-0.0119631625642309,0.0298119374034453,0.001));
#10955=CARTESIAN_POINT('',(-0.012010868613764,0.0328367039483093,0.001));
#10956=CARTESIAN_POINT('',(-0.012010868613764,0.0328367039483093,-1.04083408558608E-17));
#10957=CARTESIAN_POINT('',(-0.0115669655145625,0.0325193402996424,0.001));
#10958=CARTESIAN_POINT('',(-0.0115669655145625,0.0325193402996424,-8.02309607639273E-18));
#10959=CARTESIAN_POINT('',(-0.0113450139649617,0.0320290845140151,0.001));
#10960=CARTESIAN_POINT('',(-0.0113450139649617,0.0320290845140151,-6.93889390390723E-18));
#10961=CARTESIAN_POINT('',(-0.0113450139649617,0.0313659365914274,0.001));
#10962=CARTESIAN_POINT('',(-0.0113450139649617,0.0313659365914274,-6.93889390390723E-18));
#10963=CARTESIAN_POINT('',(-0.012010868613764,0.0328367039483093,-1.04083408558608E-17));
#10964=CARTESIAN_POINT('',(-0.0113450139649617,0.0323606584753089,-6.93889390390723E-18));
#10965=CARTESIAN_POINT('',(-0.0113450139649617,0.0313659365914274,-6.93889390390723E-18));
#10966=CARTESIAN_POINT('',(-0.012010868613764,0.0328367039483093,-1.04083408558608E-17));
#10967=CARTESIAN_POINT('',(-0.012010868613764,0.0328367039483093,-1.04083408558608E-17));
#10968=CARTESIAN_POINT('',(-0.012010868613764,0.0328367039483093,0.001));
#10969=CARTESIAN_POINT('',(-0.012010868613764,0.0328367039483093,0.000999999999999987));
#10970=CARTESIAN_POINT('',(-0.0113450139649617,0.0323606584753089,0.000999999999999987));
#10971=CARTESIAN_POINT('',(-0.0113450139649617,0.0313659365914274,0.000999999999999987));
#10972=CARTESIAN_POINT('',(-0.0140348231407636,0.0333127494213097,0.001));
#10973=CARTESIAN_POINT('',(-0.0140348231407636,0.0333127494213097,-6.93889390390723E-18));
#10974=CARTESIAN_POINT('',(-0.0131294232219654,0.0333127494213097,0.001));
#10975=CARTESIAN_POINT('',(-0.0131294232219654,0.0333127494213097,-9.32413868337534E-18));
#10976=CARTESIAN_POINT('',(-0.0124547717129655,0.0331540675969762,0.000999999999999999));
#10977=CARTESIAN_POINT('',(-0.0124547717129655,0.0331540675969762,-1.04083408558608E-17));
#10978=CARTESIAN_POINT('',(-0.012010868613764,0.0328367039483093,0.000999999999999999));
#10979=CARTESIAN_POINT('',(-0.012010868613764,0.0328367039483093,-1.04083408558608E-17));
#10980=CARTESIAN_POINT('',(-0.0140348231407636,0.0333127494213097,-6.93889390390723E-18));
#10981=CARTESIAN_POINT('',(-0.0126767232625663,0.0333127494213097,-1.04083408558608E-17));
#10982=CARTESIAN_POINT('',(-0.012010868613764,0.0328367039483093,-1.04083408558608E-17));
#10983=CARTESIAN_POINT('',(-0.0140348231407636,0.0333127494213097,0.001));
#10984=CARTESIAN_POINT('',(-0.0126767232625663,0.0333127494213097,0.001));
#10985=CARTESIAN_POINT('',(-0.012010868613764,0.0328367039483093,0.000999999999999987));
#10986=CARTESIAN_POINT('',(-0.0126584528606174,0.0312065780855403,0.001));
#10987=CARTESIAN_POINT('',(-0.00173550295164497,0.0463870190112407,-6.93889390390723E-18));
#10988=CARTESIAN_POINT('',(-0.0114617415329682,0.0216887136925237,-6.93889390390723E-18));
#10989=CARTESIAN_POINT('',(-0.0118647053981732,0.0218511172654023,-3.46944695195361E-18));
#10990=CARTESIAN_POINT('',(-0.0118647053981732,0.0218511172654023,0.000999999999999987));
#10991=CARTESIAN_POINT('',(-0.0114617415329682,0.0216887136925237,0.001));
#10992=CARTESIAN_POINT('',(-0.0110583248670749,0.0215261276278174,0.000999999999999987));
#10993=CARTESIAN_POINT('',(-0.0110583248658471,0.0215261276244374,0.001));
#10994=CARTESIAN_POINT('',(-0.0131466786015837,0.0252940730104287,-3.46944695195361E-18));
#10995=CARTESIAN_POINT('',(-0.0133628783579784,0.0252940730104287,-1.04083408558608E-17));
#10996=CARTESIAN_POINT('',(-0.0133628783579784,0.0252940730104287,0.000999999999999987));
#10997=CARTESIAN_POINT('',(-0.0129172835548927,0.0252940730104287,0.000999999999999987));
#10998=CARTESIAN_POINT('',(-0.0129304788451891,0.0252940730104287,0.001));
#10999=CARTESIAN_POINT('',(-0.0129304788451891,0.0252940730104287,-3.46944695195361E-18));
#11000=CARTESIAN_POINT('',(-0.0133821637822577,0.0247043450364132,-3.46944695195361E-18));
#11001=CARTESIAN_POINT('',(-0.013401449206537,0.0241146170623978,-3.46944695195361E-18));
#11002=CARTESIAN_POINT('',(-0.013401449206537,0.0241146170623978,0.001));
#11003=CARTESIAN_POINT('',(-0.0133821637822577,0.0247043450364132,0.001));
#11004=CARTESIAN_POINT('',(-0.0165398982524161,0.025307268300725,-3.46944695195361E-18));
#11005=CARTESIAN_POINT('',(-0.0165398982524161,0.0253326438589873,-3.46944695195361E-18));
#11006=CARTESIAN_POINT('',(-0.0165398982524161,0.0253326438589873,0.000999999999999987));
#11007=CARTESIAN_POINT('',(-0.0165398982524161,0.0236578570136768,0.000999999999999987));
#11008=CARTESIAN_POINT('',(-0.0165398982524161,0.0252818927424628,0.000999999999999987));
#11009=CARTESIAN_POINT('',(-0.0165398982524161,0.0252818927424628,-3.46944695195361E-18));
#11010=CARTESIAN_POINT('',(-0.0170352291496958,0.0254371911590279,-3.46944695195361E-18));
#11011=CARTESIAN_POINT('',(-0.0175305600469755,0.0255417384590685,-1.04083408558608E-17));
#11012=CARTESIAN_POINT('',(-0.0175305600469755,0.0255417384590685,0.001));
#11013=CARTESIAN_POINT('',(-0.0170352291496958,0.0254371911590279,0.001));
#11014=CARTESIAN_POINT('',(-0.0175305600469755,0.0259325220563077,-1.04083408558608E-17));
#11015=CARTESIAN_POINT('',(-0.0175305600469755,0.0263233056535469,-1.04083408558608E-17));
#11016=CARTESIAN_POINT('',(-0.0175305600469755,0.0263233056535468,0.001));
#11017=CARTESIAN_POINT('',(-0.0175305600469755,0.0236578570136768,0.001));
#11018=CARTESIAN_POINT('',(-0.0141332803068212,0.0247429158849719,-3.46944695195361E-18));
#11019=CARTESIAN_POINT('',(-0.0141119648378809,0.0252697124744969,-1.04083408558608E-17));
#11020=CARTESIAN_POINT('',(-0.0141119648378809,0.0252697124744969,0.001));
#11021=CARTESIAN_POINT('',(-0.0141119648378809,0.0252697124744969,-1.04083408558608E-17));
#11022=CARTESIAN_POINT('',(-0.0141332803068212,0.0247429158849719,0.001));
#11023=CARTESIAN_POINT('',(-0.0141545957757615,0.0242161192954469,0.000999999999999987));
#11024=CARTESIAN_POINT('',(-0.0141545957757615,0.0242161192954469,-6.93889390390723E-18));
#11025=CARTESIAN_POINT('',(-0.0141545957757615,0.0242161192954469,-6.93889390390723E-18));
#11026=CARTESIAN_POINT('',(-0.0132386742631787,0.0468524652492796,-1.04083408558608E-17));
#11027=CARTESIAN_POINT('',(-0.0144256067380027,0.0252697124744969,-6.93889390390723E-18));
#11028=CARTESIAN_POINT('',(-0.0147392486381245,0.0252697124744969,-1.04083408558608E-17));
#11029=CARTESIAN_POINT('',(-0.0147392486381245,0.0252697124744969,0.001));
#11030=CARTESIAN_POINT('',(-0.0147392486381245,0.0252697124744969,-1.04083408558608E-17));
#11031=CARTESIAN_POINT('',(-0.0129172835548927,0.0252697124744969,0.000999999999999987));
#11032=CARTESIAN_POINT('',(-0.00173550295164497,0.0252697124744969,-1.04083408558608E-17));
#11033=CARTESIAN_POINT('',(-0.0151574378382869,0.0263233056535469,-6.93889390390723E-18));
#11034=CARTESIAN_POINT('',(-0.0127843156295983,0.0263233056535469,-3.46944695195361E-18));
#11035=CARTESIAN_POINT('',(-0.0127843156295983,0.0263233056535468,0.000999999999999987));
#11036=CARTESIAN_POINT('',(-0.0129172835548927,0.0263233056535468,0.000999999999999987));
#11037=CARTESIAN_POINT('',(-0.011015131707552,0.0257234274562265,0.001));
#11038=CARTESIAN_POINT('',(-0.011015131707552,0.0257234274562265,-1.06251812903579E-17));
#11039=CARTESIAN_POINT('',(-0.0113825697911899,0.0261233462544401,0.001));
#11040=CARTESIAN_POINT('',(-0.0113825697911899,0.0261233462544401,-8.23993651088983E-18));
#11041=CARTESIAN_POINT('',(-0.0119722977652053,0.0263233056535469,0.001));
#11042=CARTESIAN_POINT('',(-0.0119722977652053,0.0263233056535469,-7.15573433840433E-18));
#11043=CARTESIAN_POINT('',(-0.0127843156295983,0.0263233056535469,0.001));
#11044=CARTESIAN_POINT('',(-0.0127843156295983,0.0263233056535469,-7.15573433840433E-18));
#11045=CARTESIAN_POINT('',(-0.011015131707552,0.0257234274562265,-6.93889390390723E-18));
#11046=CARTESIAN_POINT('',(-0.011015131707552,0.0257234274562265,0.001));
#11047=CARTESIAN_POINT('',(-0.011015131707552,0.0257234274562265,0.001));
#11048=CARTESIAN_POINT('',(-0.0115662888330088,0.0263233056535469,0.001));
#11049=CARTESIAN_POINT('',(-0.0127843156295983,0.0263233056535469,0.001));
#11050=CARTESIAN_POINT('',(-0.0104639745820953,0.0238811619263848,0.001));
#11051=CARTESIAN_POINT('',(-0.0104639745820953,0.0238811619263848,-1.04083408558608E-17));
#11052=CARTESIAN_POINT('',(-0.0104639745820953,0.0247094201480657,0.001));
#11053=CARTESIAN_POINT('',(-0.0104639745820953,0.0247094201480657,-1.04083408558608E-17));
#11054=CARTESIAN_POINT('',(-0.0106476936239142,0.0253235086580129,0.001));
#11055=CARTESIAN_POINT('',(-0.0106476936239142,0.0253235086580129,-1.04083408558608E-17));
#11056=CARTESIAN_POINT('',(-0.011015131707552,0.0257234274562265,0.001));
#11057=CARTESIAN_POINT('',(-0.011015131707552,0.0257234274562265,-1.04083408558608E-17));
#11058=CARTESIAN_POINT('',(-0.0104639745820953,0.0238811619263848,-6.93889390390723E-18));
#11059=CARTESIAN_POINT('',(-0.0104639745820953,0.0238811619263848,0.001));
#11060=CARTESIAN_POINT('',(-0.0104639745820953,0.0238811619263848,0.001));
#11061=CARTESIAN_POINT('',(-0.0104639745820953,0.0251235492589062,0.001));
#11062=CARTESIAN_POINT('',(-0.011015131707552,0.0257234274562265,0.001));
#11063=CARTESIAN_POINT('',(-0.0153526120751353,0.023887416074371,-6.93889390390723E-18));
#11064=CARTESIAN_POINT('',(-0.0106223180656519,0.0226519698841599,-6.93889390390723E-18));
#11065=CARTESIAN_POINT('',(-0.0106225670209429,0.0226520336007217,0.001));
#11066=CARTESIAN_POINT('',(-0.0153526120751353,0.023887416074371,0.001));
#11067=CARTESIAN_POINT('',(-0.0154393792387353,0.0238678656444252,-2.39267580142381E-16));
#11068=CARTESIAN_POINT('',(-0.0154393792387353,0.0238678656444252,0.000999999999999987));
#11069=CARTESIAN_POINT('',(-0.0113328336969958,0.0238162004972334,0.000999999999999988));
#11070=CARTESIAN_POINT('',(-0.0113328336969958,0.0238162004972334,-1.04083408558608E-17));
#11071=CARTESIAN_POINT('',(-0.0113328336969958,0.0232369610872997,0.000999999999999988));
#11072=CARTESIAN_POINT('',(-0.0113328336969958,0.0232369610872997,-1.04083408558608E-17));
#11073=CARTESIAN_POINT('',(-0.011510124264055,0.022581933343356,0.00099999999999999));
#11074=CARTESIAN_POINT('',(-0.011510124264055,0.022581933343356,-8.02309607639273E-18));
#11075=CARTESIAN_POINT('',(-0.0118647053981732,0.0218511172654023,0.000999999999999995));
#11076=CARTESIAN_POINT('',(-0.0118647053981732,0.0218511172654023,-3.46944695195361E-18));
#11077=CARTESIAN_POINT('',(-0.0113328336969958,0.0238162004972334,-1.04083408558608E-17));
#11078=CARTESIAN_POINT('',(-0.0113328336969958,0.0238162004972334,0.000999999999999987));
#11079=CARTESIAN_POINT('',(-0.0113328336969958,0.0238162004972334,0.001));
#11080=CARTESIAN_POINT('',(-0.0113328336969958,0.0229473413823328,0.001));
#11081=CARTESIAN_POINT('',(-0.0118647053981732,0.0218511172654023,0.001));
#11082=CARTESIAN_POINT('',(-0.0117226022719045,0.0249428752840787,0.001));
#11083=CARTESIAN_POINT('',(-0.0117226022719045,0.0249428752840787,-2.81892564846231E-18));
#11084=CARTESIAN_POINT('',(-0.0114627565552987,0.024708743466512,0.000999999999999996));
#11085=CARTESIAN_POINT('',(-0.0114627565552987,0.024708743466512,-7.37257477290143E-18));
#11086=CARTESIAN_POINT('',(-0.0113328336969958,0.0243331852042303,0.000999999999999994));
#11087=CARTESIAN_POINT('',(-0.0113328336969958,0.0243331852042303,-9.75781955236954E-18));
#11088=CARTESIAN_POINT('',(-0.0113328336969958,0.0238162004972334,0.000999999999999994));
#11089=CARTESIAN_POINT('',(-0.0113328336969958,0.0238162004972334,-9.75781955236954E-18));
#11090=CARTESIAN_POINT('',(-0.0117226022719045,0.0249428752840787,-3.46944695195361E-18));
#11091=CARTESIAN_POINT('',(-0.0117226022719045,0.0249428752840787,0.001));
#11092=CARTESIAN_POINT('',(-0.0117226022719045,0.0249428752840787,0.001));
#11093=CARTESIAN_POINT('',(-0.0113328336969958,0.0245916775577287,0.001));
#11094=CARTESIAN_POINT('',(-0.0113328336969958,0.0238162004972334,0.001));
#11095=CARTESIAN_POINT('',(-0.0129304788451891,0.0252940730104287,0.001));
#11096=CARTESIAN_POINT('',(-0.0129304788451891,0.0252940730104287,-9.97465998686664E-18));
#11097=CARTESIAN_POINT('',(-0.0123850735129384,0.0252940730104287,0.000999999999999999));
#11098=CARTESIAN_POINT('',(-0.0123850735129384,0.0252940730104287,-1.21430643318376E-17));
#11099=CARTESIAN_POINT('',(-0.0119824479885102,0.0251770071016454,0.000999999999999999));
#11100=CARTESIAN_POINT('',(-0.0119824479885102,0.0251770071016454,-1.21430643318376E-17));
#11101=CARTESIAN_POINT('',(-0.0117226022719045,0.0249428752840787,0.001));
#11102=CARTESIAN_POINT('',(-0.0117226022719045,0.0249428752840787,-9.97465998686664E-18));
#11103=CARTESIAN_POINT('',(-0.0129304788451891,0.0252940730104287,0.001));
#11104=CARTESIAN_POINT('',(-0.0121123708468131,0.0252940730104287,0.001));
#11105=CARTESIAN_POINT('',(-0.0117226022719045,0.0249428752840787,0.001));
#11106=CARTESIAN_POINT('',(-0.015608107753025,0.0207467729698278,0.000999999999999987));
#11107=CARTESIAN_POINT('',(-0.015608107753025,0.0207467729698278,-6.28837260041593E-18));
#11108=CARTESIAN_POINT('',(-0.0142046702107324,0.0207467729698278,0.000999999999999987));
#11109=CARTESIAN_POINT('',(-0.0142046702107324,0.0207467729698278,-6.28837260041593E-18));
#11110=CARTESIAN_POINT('',(-0.0134691173619031,0.0218693876673511,0.000999999999999987));
#11111=CARTESIAN_POINT('',(-0.0134691173619031,0.0218693876673511,-6.28837260041593E-18));
#11112=CARTESIAN_POINT('',(-0.013401449206537,0.0241146170623978,0.000999999999999987));
#11113=CARTESIAN_POINT('',(-0.013401449206537,0.0241146170623978,-6.28837260041593E-18));
#11114=CARTESIAN_POINT('',(-0.015608107753025,0.0207467729698278,-3.46944695195361E-18));
#11115=CARTESIAN_POINT('',(-0.015608107753025,0.0207467729698278,0.000999999999999987));
#11116=CARTESIAN_POINT('',(-0.015608107753025,0.0207467729698278,0.001));
#11117=CARTESIAN_POINT('',(-0.0135029514395862,0.0207467729698278,0.001));
#11118=CARTESIAN_POINT('',(-0.013401449206537,0.0241146170623978,0.001));
#11119=CARTESIAN_POINT('',(-0.017124551114779,0.0213334558768517,0.001));
#11120=CARTESIAN_POINT('',(-0.017124551114779,0.0213334558768517,-6.93889390390723E-18));
#11121=CARTESIAN_POINT('',(-0.0167686166175534,0.0209423339388358,0.001));
#11122=CARTESIAN_POINT('',(-0.0167686166175534,0.0209423339388358,-4.55364912443912E-18));
#11123=CARTESIAN_POINT('',(-0.0162631354969688,0.0207467729698278,0.001));
#11124=CARTESIAN_POINT('',(-0.0162631354969688,0.0207467729698278,-3.46944695195361E-18));
#11125=CARTESIAN_POINT('',(-0.015608107753025,0.0207467729698278,0.001));
#11126=CARTESIAN_POINT('',(-0.015608107753025,0.0207467729698278,-3.46944695195361E-18));
#11127=CARTESIAN_POINT('',(-0.017124551114779,0.0213334558768517,-6.93889390390723E-18));
#11128=CARTESIAN_POINT('',(-0.017124551114779,0.0213334558768517,0.001));
#11129=CARTESIAN_POINT('',(-0.017124551114779,0.0213334558768517,0.001));
#11130=CARTESIAN_POINT('',(-0.0165906493689406,0.0207467729698278,0.001));
#11131=CARTESIAN_POINT('',(-0.015608107753025,0.0207467729698278,0.001));
#11132=CARTESIAN_POINT('',(-0.0176584528606174,0.0229534315163158,0.000999999999999987));
#11133=CARTESIAN_POINT('',(-0.0176584528606174,0.0229534315163158,-3.25260651745651E-18));
#11134=CARTESIAN_POINT('',(-0.0176584528606174,0.0222645696946891,0.000999999999999987));
#11135=CARTESIAN_POINT('',(-0.0176584528606174,0.0222645696946891,-3.25260651745651E-18));
#11136=CARTESIAN_POINT('',(-0.0174804856120046,0.0217245778148677,0.000999999999999985));
#11137=CARTESIAN_POINT('',(-0.0174804856120046,0.0217245778148677,-4.55364912443912E-18));
#11138=CARTESIAN_POINT('',(-0.017124551114779,0.0213334558768517,0.000999999999999983));
#11139=CARTESIAN_POINT('',(-0.017124551114779,0.0213334558768517,-6.72205346941013E-18));
#11140=CARTESIAN_POINT('',(-0.0176584528606174,0.0229534315163158,-3.46944695195361E-18));
#11141=CARTESIAN_POINT('',(-0.0176584528606174,0.0229534315163158,0.000999999999999987));
#11142=CARTESIAN_POINT('',(-0.0176584528606174,0.0229534315163158,0.001));
#11143=CARTESIAN_POINT('',(-0.0176584528606174,0.0219201387838757,0.001));
#11144=CARTESIAN_POINT('',(-0.017124551114779,0.0213334558768517,0.001));
#11145=CARTESIAN_POINT('',(-0.0174260127469349,0.0242455549430312,0.001));
#11146=CARTESIAN_POINT('',(-0.0174260127469349,0.0242455549430312,-4.11996825544492E-18));
#11147=CARTESIAN_POINT('',(-0.0175809728227232,0.0239011240322178,0.001));
#11148=CARTESIAN_POINT('',(-0.0175809728227232,0.0239011240322178,-4.11996825544492E-18));
#11149=CARTESIAN_POINT('',(-0.0176584528606174,0.0234704162233127,0.001));
#11150=CARTESIAN_POINT('',(-0.0176584528606174,0.0234704162233127,-4.11996825544492E-18));
#11151=CARTESIAN_POINT('',(-0.0176584528606174,0.0229534315163158,0.001));
#11152=CARTESIAN_POINT('',(-0.0176584528606174,0.0229534315163158,-4.11996825544492E-18));
#11153=CARTESIAN_POINT('',(-0.0174260127469349,0.0242455549430312,-3.46944695195361E-18));
#11154=CARTESIAN_POINT('',(-0.0174260127469349,0.0242455549430312,0.001));
#11155=CARTESIAN_POINT('',(-0.0174260127469349,0.0242455549430312,0.001));
#11156=CARTESIAN_POINT('',(-0.0176584528606174,0.0237289085768112,0.001));
#11157=CARTESIAN_POINT('',(-0.0176584528606174,0.0229534315163158,0.001));
#11158=CARTESIAN_POINT('',(-0.0165398982524161,0.0252818927424628,0.000999999999999985));
#11159=CARTESIAN_POINT('',(-0.0165398982524161,0.0252818927424628,-3.46944695195361E-18));
#11160=CARTESIAN_POINT('',(-0.0169756811729736,0.0249354317869884,0.000999999999999983));
#11161=CARTESIAN_POINT('',(-0.0169756811729736,0.0249354317869884,-5.85469173142172E-18));
#11162=CARTESIAN_POINT('',(-0.0172710526711466,0.0245899858538446,0.000999999999999983));
#11163=CARTESIAN_POINT('',(-0.0172710526711466,0.0245899858538446,-5.85469173142172E-18));
#11164=CARTESIAN_POINT('',(-0.0174260127469349,0.0242455549430312,0.000999999999999985));
#11165=CARTESIAN_POINT('',(-0.0174260127469349,0.0242455549430312,-3.46944695195361E-18));
#11166=CARTESIAN_POINT('',(-0.0165398982524161,0.0252818927424628,0.001));
#11167=CARTESIAN_POINT('',(-0.0171935726332524,0.0247622013092513,0.000999999999999987));
#11168=CARTESIAN_POINT('',(-0.0174260127469349,0.0242455549430312,0.001));
#11169=CARTESIAN_POINT('',(-0.0145453793730007,0.0224053194578505,0.001));
#11170=CARTESIAN_POINT('',(-0.0145453793730007,0.0224053194578505,-3.46944695195361E-18));
#11171=CARTESIAN_POINT('',(-0.014776127782799,0.0220358513295517,0.000999999999999998));
#11172=CARTESIAN_POINT('',(-0.014776127782799,0.0220358513295517,-5.63785129692462E-18));
#11173=CARTESIAN_POINT('',(-0.0151344306654624,0.0218511172654023,0.000999999999999997));
#11174=CARTESIAN_POINT('',(-0.0151344306654624,0.0218511172654023,-6.93889390390723E-18));
#11175=CARTESIAN_POINT('',(-0.0156202880209909,0.0218511172654023,0.000999999999999997));
#11176=CARTESIAN_POINT('',(-0.0156202880209909,0.0218511172654023,-6.93889390390723E-18));
#11177=CARTESIAN_POINT('',(-0.0145453793730007,0.0224053194578505,-6.93889390390723E-18));
#11178=CARTESIAN_POINT('',(-0.0148915019876982,0.0218511172654023,-1.04083408558608E-17));
#11179=CARTESIAN_POINT('',(-0.0156202880209909,0.0218511172654023,-6.93889390390723E-18));
#11180=CARTESIAN_POINT('',(-0.0156202880209909,0.0218511172654023,-6.93889390390723E-18));
#11181=CARTESIAN_POINT('',(-0.0145453793730007,0.0224053194578505,-1.38777878078145E-17));
#11182=CARTESIAN_POINT('',(-0.0145453793730007,0.0224053194578505,-3.46944695195361E-18));
#11183=CARTESIAN_POINT('',(-0.0145453793730007,0.0224053194578505,0.001));
#11184=CARTESIAN_POINT('',(-0.0145453793730007,0.0224053194578505,0.001));
#11185=CARTESIAN_POINT('',(-0.0148915019876982,0.0218511172654023,0.001));
#11186=CARTESIAN_POINT('',(-0.0156202880209909,0.0218511172654023,0.001));
#11187=CARTESIAN_POINT('',(-0.0156202880209909,0.0218511172654023,0.001));
#11188=CARTESIAN_POINT('',(-0.0156202880209909,0.0218511172654023,-6.93889390390723E-18));
#11189=CARTESIAN_POINT('',(-0.0141545957757615,0.0242161192954469,0.000999999999999988));
#11190=CARTESIAN_POINT('',(-0.0141545957757615,0.0242161192954469,-1.73472347597681E-17));
#11191=CARTESIAN_POINT('',(-0.0141843697641226,0.0233783875320148,0.000999999999999988));
#11192=CARTESIAN_POINT('',(-0.0141843697641226,0.0233783875320148,-1.73472347597681E-17));
#11193=CARTESIAN_POINT('',(-0.0143146309632023,0.0227747875861493,0.000999999999999989));
#11194=CARTESIAN_POINT('',(-0.0143146309632023,0.0227747875861493,-1.62630325872826E-17));
#11195=CARTESIAN_POINT('',(-0.0145453793730007,0.0224053194578505,0.000999999999999991));
#11196=CARTESIAN_POINT('',(-0.0145453793730007,0.0224053194578505,-1.38777878078145E-17));
#11197=CARTESIAN_POINT('',(-0.0141545957757616,0.0242161192954469,-1.38777878078145E-17));
#11198=CARTESIAN_POINT('',(-0.0141992567583032,0.0229595216502988,-1.38777878078145E-17));
#11199=CARTESIAN_POINT('',(-0.0145453793730007,0.0224053194578505,-1.04083408558608E-17));
#11200=CARTESIAN_POINT('',(-0.0141545957757615,0.0242161192954469,0.001));
#11201=CARTESIAN_POINT('',(-0.0141992567583032,0.0229595216502988,0.001));
#11202=CARTESIAN_POINT('',(-0.0145453793730007,0.0224053194578505,0.001));
#11203=CARTESIAN_POINT('',(-0.0162485868435651,0.0247084051257352,0.000999999999999987));
#11204=CARTESIAN_POINT('',(-0.0162485868435651,0.0247084051257352,-6.28837260041593E-18));
#11205=CARTESIAN_POINT('',(-0.0158892689385712,0.0250826100249097,0.00099999999999999));
#11206=CARTESIAN_POINT('',(-0.0158892689385712,0.0250826100249097,-3.90312782094782E-18));
#11207=CARTESIAN_POINT('',(-0.0153861562034243,0.0252697124744969,0.000999999999999989));
#11208=CARTESIAN_POINT('',(-0.0153861562034243,0.0252697124744969,-5.20417042793042E-18));
#11209=CARTESIAN_POINT('',(-0.0147392486381245,0.0252697124744969,0.000999999999999984));
#11210=CARTESIAN_POINT('',(-0.0147392486381245,0.0252697124744969,-9.75781955236954E-18));
#11211=CARTESIAN_POINT('',(-0.0162485868435651,0.0247084051257352,-1.04083408558608E-17));
#11212=CARTESIAN_POINT('',(-0.0157096099860742,0.0252697124744969,-3.46944695195361E-18));
#11213=CARTESIAN_POINT('',(-0.0147392486381245,0.0252697124744969,-1.04083408558608E-17));
#11214=CARTESIAN_POINT('',(-0.0162485868435651,0.0247084051257352,-6.93889390390723E-18));
#11215=CARTESIAN_POINT('',(-0.0162485868435651,0.0247084051257352,-6.93889390390723E-18));
#11216=CARTESIAN_POINT('',(-0.0162485868435651,0.0247084051257352,0.000999999999999987));
#11217=CARTESIAN_POINT('',(-0.0162485868435651,0.0247084051257352,0.000999999999999987));
#11218=CARTESIAN_POINT('',(-0.0157096099860742,0.0252697124744969,0.001));
#11219=CARTESIAN_POINT('',(-0.0147392486381245,0.0252697124744969,0.001));
#11220=CARTESIAN_POINT('',(-0.0167875637010559,0.023162526116397,0.001));
#11221=CARTESIAN_POINT('',(-0.0167875637010559,0.023162526116397,-3.46944695195361E-18));
#11222=CARTESIAN_POINT('',(-0.0167875637010559,0.023818907223448,0.001));
#11223=CARTESIAN_POINT('',(-0.0167875637010559,0.023818907223448,-3.46944695195361E-18));
#11224=CARTESIAN_POINT('',(-0.016607904748559,0.0243342002265608,0.001));
#11225=CARTESIAN_POINT('',(-0.016607904748559,0.0243342002265608,-4.55364912443912E-18));
#11226=CARTESIAN_POINT('',(-0.0162485868435651,0.0247084051257352,0.000999999999999998));
#11227=CARTESIAN_POINT('',(-0.0162485868435651,0.0247084051257352,-6.93889390390723E-18));
#11228=CARTESIAN_POINT('',(-0.0167875637010559,0.023162526116397,-6.93889390390723E-18));
#11229=CARTESIAN_POINT('',(-0.0167875637010559,0.0241470977769736,-6.93889390390723E-18));
#11230=CARTESIAN_POINT('',(-0.0162485868435651,0.0247084051257352,-1.04083408558608E-17));
#11231=CARTESIAN_POINT('',(-0.0167875637010559,0.023162526116397,-1.04083408558608E-17));
#11232=CARTESIAN_POINT('',(-0.0167875637010559,0.023162526116397,-3.46944695195361E-18));
#11233=CARTESIAN_POINT('',(-0.0167875637010559,0.023162526116397,0.001));
#11234=CARTESIAN_POINT('',(-0.0167875637010559,0.023162526116397,0.001));
#11235=CARTESIAN_POINT('',(-0.0167875637010559,0.0241470977769736,0.001));
#11236=CARTESIAN_POINT('',(-0.0162485868435651,0.0247084051257352,0.000999999999999987));
#11237=CARTESIAN_POINT('',(-0.016490162158222,0.0221962248577693,0.000999999999999985));
#11238=CARTESIAN_POINT('',(-0.016490162158222,0.0221962248577693,-1.73472347597681E-17));
#11239=CARTESIAN_POINT('',(-0.0166884298534446,0.022426296586014,0.000999999999999989));
#11240=CARTESIAN_POINT('',(-0.0166884298534446,0.022426296586014,-1.25767452008319E-17));
#11241=CARTESIAN_POINT('',(-0.0167875637010559,0.0227483970055566,0.000999999999999992));
#11242=CARTESIAN_POINT('',(-0.0167875637010559,0.0227483970055566,-1.04083408558608E-17));
#11243=CARTESIAN_POINT('',(-0.0167875637010559,0.023162526116397,0.000999999999999992));
#11244=CARTESIAN_POINT('',(-0.0167875637010559,0.023162526116397,-1.04083408558608E-17));
#11245=CARTESIAN_POINT('',(-0.016490162158222,0.0221962248577693,-1.7347234759768E-17));
#11246=CARTESIAN_POINT('',(-0.0167875637010559,0.0225413324501363,-1.04083408558608E-17));
#11247=CARTESIAN_POINT('',(-0.0167875637010559,0.023162526116397,-1.04083408558608E-17));
#11248=CARTESIAN_POINT('',(-0.016490162158222,0.0221962248577693,-1.04083408558608E-17));
#11249=CARTESIAN_POINT('',(-0.016490162158222,0.0221962248577693,-1.04083408558608E-17));
#11250=CARTESIAN_POINT('',(-0.016490162158222,0.0221962248577693,0.000999999999999984));
#11251=CARTESIAN_POINT('',(-0.016490162158222,0.0221962248577693,0.000999999999999984));
#11252=CARTESIAN_POINT('',(-0.0167875637010559,0.0225413324501363,0.001));
#11253=CARTESIAN_POINT('',(-0.0167875637010559,0.023162526116397,0.001));
#11254=CARTESIAN_POINT('',(-0.0156202880209909,0.0218511172654023,0.001));
#11255=CARTESIAN_POINT('',(-0.0156202880209909,0.0218511172654023,-6.93889390390723E-18));
#11256=CARTESIAN_POINT('',(-0.0160019364172557,0.0218511172654023,0.001));
#11257=CARTESIAN_POINT('',(-0.0160019364172557,0.0218511172654023,-6.93889390390723E-18));
#11258=CARTESIAN_POINT('',(-0.0162918944629993,0.0219661531295246,0.001));
#11259=CARTESIAN_POINT('',(-0.0162918944629993,0.0219661531295246,-8.02309607639273E-18));
#11260=CARTESIAN_POINT('',(-0.016490162158222,0.0221962248577693,0.000999999999999999));
#11261=CARTESIAN_POINT('',(-0.016490162158222,0.0221962248577693,-1.04083408558608E-17));
#11262=CARTESIAN_POINT('',(-0.0156202880209909,0.0218511172654023,-6.93889390390723E-18));
#11263=CARTESIAN_POINT('',(-0.016192760615388,0.0218511172654023,-6.93889390390723E-18));
#11264=CARTESIAN_POINT('',(-0.016490162158222,0.0221962248577693,-1.04083408558608E-17));
#11265=CARTESIAN_POINT('',(-0.0156202880209909,0.0218511172654023,0.001));
#11266=CARTESIAN_POINT('',(-0.016192760615388,0.0218511172654023,0.001));
#11267=CARTESIAN_POINT('',(-0.016490162158222,0.0221962248577693,0.000999999999999984));
#11268=CARTESIAN_POINT('',(-0.0129172835548927,0.0236578570136768,0.000999999999999987));
#11269=CARTESIAN_POINT('',(-0.00173550295164497,0.0463870190112407,-6.93889390390723E-18));
#11270=CARTESIAN_POINT('',(-0.0165541085650429,0.0172611862869207,-3.46944695195361E-18));
#11271=CARTESIAN_POINT('',(-0.0165541085650429,0.0152149012686503,-3.46944695195361E-18));
#11272=CARTESIAN_POINT('',(-0.0165541085650429,0.0152149012686503,0.000999999999999987));
#11273=CARTESIAN_POINT('',(-0.0165541085650429,0.0165060096730352,0.000999999999999987));
#11274=CARTESIAN_POINT('',(-0.0165541085650429,0.0193074713051911,0.001));
#11275=CARTESIAN_POINT('',(-0.0165541085650429,0.0193074713051911,-3.46944695195361E-18));
#11276=CARTESIAN_POINT('',(-0.0124046972779946,0.0152149012686503,-3.46944695195361E-18));
#11277=CARTESIAN_POINT('',(-0.00825528599094628,0.0152149012686503,-6.93889390390723E-18));
#11278=CARTESIAN_POINT('',(-0.00825528599094629,0.0152149012686503,0.001));
#11279=CARTESIAN_POINT('',(-0.0128533371480717,0.0152149012686503,0.001));
#11280=CARTESIAN_POINT('',(-0.00825528599094628,0.0146759244111595,-6.93889390390723E-18));
#11281=CARTESIAN_POINT('',(-0.00825528599094628,0.0141369475536686,-6.93889390390723E-18));
#11282=CARTESIAN_POINT('',(-0.00825528599094629,0.0141369475536686,0.001));
#11283=CARTESIAN_POINT('',(-0.00825528599094629,0.0165060096730352,0.001));
#11284=CARTESIAN_POINT('',(-0.0128929230189609,0.0141369475536686,-6.93889390390723E-18));
#11285=CARTESIAN_POINT('',(-0.0175305600469755,0.0141369475536686,-1.04083408558608E-17));
#11286=CARTESIAN_POINT('',(-0.0175305600469755,0.0141369475536686,0.001));
#11287=CARTESIAN_POINT('',(-0.0128533371480717,0.0141369475536686,0.001));
#11288=CARTESIAN_POINT('',(-0.0175305600469755,0.0167222094294299,-1.04083408558608E-17));
#11289=CARTESIAN_POINT('',(-0.0175305600469755,0.0193074713051911,-1.04083408558608E-17));
#11290=CARTESIAN_POINT('',(-0.0175305600469755,0.0193074713051911,0.001));
#11291=CARTESIAN_POINT('',(-0.0175305600469755,0.0165060096730352,0.001));
#11292=CARTESIAN_POINT('',(-0.0170423343060092,0.0193074713051911,-6.93889390390723E-18));
#11293=CARTESIAN_POINT('',(-0.0128533371480717,0.0193074713051911,0.001));
#11294=CARTESIAN_POINT('',(-0.0128533371480717,0.0165060096730352,0.001));
#11295=CARTESIAN_POINT('',(-0.0125945064537965,0.00752915218217043,-6.93889390390723E-18));
#11296=CARTESIAN_POINT('',(-0.00765845286061741,0.00752915218217043,-3.46944695195361E-18));
#11297=CARTESIAN_POINT('',(-0.00765845286061742,0.00752915218217043,0.001));
#11298=CARTESIAN_POINT('',(-0.0126584528606174,0.00752915218217043,0.001));
#11299=CARTESIAN_POINT('',(-0.0175305600469755,0.00752915218217043,0.001));
#11300=CARTESIAN_POINT('',(-0.0175305600469755,0.00752915218217043,-1.04083408558608E-17));
#11301=CARTESIAN_POINT('',(-0.00765845286061741,0.00700235559264546,-3.46944695195361E-18));
#11302=CARTESIAN_POINT('',(-0.00765845286061742,0.00647555900312049,-6.93889390390723E-18));
#11303=CARTESIAN_POINT('',(-0.00765845286061742,0.00647555900312049,0.001));
#11304=CARTESIAN_POINT('',(-0.00765845286061742,0.00452773115090774,0.001));
#11305=CARTESIAN_POINT('',(-0.00907339398932225,0.00647555900312049,-3.46944695195361E-18));
#11306=CARTESIAN_POINT('',(-0.0104883351180271,0.00647555900312049,-6.93889390390723E-18));
#11307=CARTESIAN_POINT('',(-0.0104883351180271,0.00647555900312049,0.001));
#11308=CARTESIAN_POINT('',(-0.0126584528606174,0.00647555900312049,0.001));
#11309=CARTESIAN_POINT('',(-0.0107329554996755,0.00648875429341688,-3.46944695195361E-18));
#11310=CARTESIAN_POINT('',(-0.0109775758813239,0.00650194958371327,-6.93889390390723E-18));
#11311=CARTESIAN_POINT('',(-0.0109775758813239,0.00650194958371326,0.001));
#11312=CARTESIAN_POINT('',(-0.0107329554996755,0.00648875429341688,0.001));
#11313=CARTESIAN_POINT('',(-0.0112282863969552,0.00652428007498407,-3.46944695195361E-18));
#11314=CARTESIAN_POINT('',(-0.0114789969125866,0.00654661056625488,-6.93889390390723E-18));
#11315=CARTESIAN_POINT('',(-0.0114789969125866,0.00654661056625488,0.001));
#11316=CARTESIAN_POINT('',(-0.0112282863969552,0.00652428007498407,0.001));
#11317=CARTESIAN_POINT('',(-0.0114789969125866,0.00650499465070474,-6.93889390390723E-18));
#11318=CARTESIAN_POINT('',(-0.0114789969125866,0.0064633787351546,-6.93889390390723E-18));
#11319=CARTESIAN_POINT('',(-0.0114789969125866,0.0064633787351546,0.001));
#11320=CARTESIAN_POINT('',(-0.0114789969125866,0.00452773115090775,0.001));
#11321=CARTESIAN_POINT('',(-0.0165987695475845,0.00650397962837425,-6.93889390390723E-18));
#11322=CARTESIAN_POINT('',(-0.0165987695475845,0.00653240025362801,-6.93889390390723E-18));
#11323=CARTESIAN_POINT('',(-0.0165987695475845,0.006532400253628,0.001));
#11324=CARTESIAN_POINT('',(-0.0165987695475845,0.00452773115090775,0.001));
#11325=CARTESIAN_POINT('',(-0.0165987695475845,0.00647555900312049,0.001));
#11326=CARTESIAN_POINT('',(-0.0165987695475845,0.00647555900312049,-6.93889390390723E-18));
#11327=CARTESIAN_POINT('',(-0.01706466479728,0.0066024367944319,-3.46944695195361E-18));
#11328=CARTESIAN_POINT('',(-0.0175305600469755,0.0066724733352358,-1.04083408558608E-17));
#11329=CARTESIAN_POINT('',(-0.0175305600469755,0.0066724733352358,0.001));
#11330=CARTESIAN_POINT('',(-0.01706466479728,0.0066024367944319,0.001));
#11331=CARTESIAN_POINT('',(-0.0141840314233458,0.00647555900312049,-3.46944695195361E-18));
#11332=CARTESIAN_POINT('',(-0.0142946688573693,0.00647555900312049,-3.46944695195361E-18));
#11333=CARTESIAN_POINT('',(-0.0142946688573693,0.00647555900312049,0.001));
#11334=CARTESIAN_POINT('',(-0.0142946688573693,0.00647555900312049,-1.04083408558608E-17));
#11335=CARTESIAN_POINT('',(-0.0126584528606174,0.00647555900312049,0.001));
#11336=CARTESIAN_POINT('',(-0.0140733939893222,0.00647555900312049,0.001));
#11337=CARTESIAN_POINT('',(-0.0140733939893222,0.00647555900312049,-1.04083408558608E-17));
#11338=CARTESIAN_POINT('',(-0.0140733939893222,0.0064755590031205,-1.04083408558608E-17));
#11339=CARTESIAN_POINT('',(-0.00173550295164497,0.0064755590031205,-1.04083408558608E-17));
#11340=CARTESIAN_POINT('',(-0.0175305600469755,0.00710081275870312,-1.04083408558608E-17));
#11341=CARTESIAN_POINT('',(-0.0175305600469755,0.00452773115090775,0.001));
#11342=CARTESIAN_POINT('',(-0.0104497642694684,0.00429326099256426,0.001));
#11343=CARTESIAN_POINT('',(-0.0104497642694684,0.00429326099256426,-3.46944695195361E-18));
#11344=CARTESIAN_POINT('',(-0.0104497642694684,0.00523655507836748,0.001));
#11345=CARTESIAN_POINT('',(-0.0104497642694684,0.00523655507836748,-3.46944695195361E-18));
#11346=CARTESIAN_POINT('',(-0.0107928418171745,0.00595992765923093,0.000999999999999999));
#11347=CARTESIAN_POINT('',(-0.0107928418171745,0.00595992765923093,-4.55364912443912E-18));
#11348=CARTESIAN_POINT('',(-0.0114789969125866,0.0064633787351546,0.000999999999999997));
#11349=CARTESIAN_POINT('',(-0.0114789969125866,0.0064633787351546,-6.93889390390723E-18));
#11350=CARTESIAN_POINT('',(-0.0104497642694684,0.00429326099256426,-3.46944695195361E-18));
#11351=CARTESIAN_POINT('',(-0.0104497642694684,0.00429326099256426,0.001));
#11352=CARTESIAN_POINT('',(-0.0104497642694684,0.00429326099256426,0.001));
#11353=CARTESIAN_POINT('',(-0.0104497642694684,0.00570820212126909,0.001));
#11354=CARTESIAN_POINT('',(-0.0114789969125866,0.0064633787351546,0.001));
#11355=CARTESIAN_POINT('',(-0.0114018552154692,0.00217389436649848,0.001));
#11356=CARTESIAN_POINT('',(-0.0114018552154692,0.00217389436649848,-1.40946282423116E-17));
#11357=CARTESIAN_POINT('',(-0.0107671279181353,0.00268140553174412,0.001));
#11358=CARTESIAN_POINT('',(-0.0107671279181353,0.00268140553174412,-1.17093834628434E-17));
#11359=CARTESIAN_POINT('',(-0.0104497642694684,0.00338786107376605,0.001));
#11360=CARTESIAN_POINT('',(-0.0104497642694684,0.00338786107376605,-1.06251812903579E-17));
#11361=CARTESIAN_POINT('',(-0.0104497642694684,0.00429326099256426,0.001));
#11362=CARTESIAN_POINT('',(-0.0104497642694684,0.00429326099256426,-1.06251812903579E-17));
#11363=CARTESIAN_POINT('',(-0.0114018552154692,0.00217389436649848,-6.93889390390723E-18));
#11364=CARTESIAN_POINT('',(-0.0114018552154692,0.00217389436649849,0.001));
#11365=CARTESIAN_POINT('',(-0.0114018552154692,0.00217389436649848,0.001));
#11366=CARTESIAN_POINT('',(-0.0104497642694684,0.00293516111436694,0.001));
#11367=CARTESIAN_POINT('',(-0.0104497642694684,0.00429326099256426,0.001));
#11368=CARTESIAN_POINT('',(-0.0140733939893222,0.00141262761863003,0.001));
#11369=CARTESIAN_POINT('',(-0.0140733939893222,0.00141262761863003,-6.50521303491303E-18));
#11370=CARTESIAN_POINT('',(-0.0129270954374208,0.00141262761863003,0.001));
#11371=CARTESIAN_POINT('',(-0.0129270954374208,0.00141262761863003,-8.67361737988404E-18));
#11372=CARTESIAN_POINT('',(-0.0120365825128031,0.00166638320125285,0.001));
#11373=CARTESIAN_POINT('',(-0.0120365825128031,0.00166638320125285,-8.67361737988404E-18));
#11374=CARTESIAN_POINT('',(-0.0114018552154692,0.00217389436649848,0.001));
#11375=CARTESIAN_POINT('',(-0.0114018552154692,0.00217389436649848,-6.50521303491303E-18));
#11376=CARTESIAN_POINT('',(-0.0140733939893222,0.00141262761863003,-6.93889390390723E-18));
#11377=CARTESIAN_POINT('',(-0.0140733939893222,0.00141262761863004,0.001));
#11378=CARTESIAN_POINT('',(-0.0140733939893222,0.00141262761863003,0.000999999999999987));
#11379=CARTESIAN_POINT('',(-0.01235394616147,0.00141262761863003,0.001));
#11380=CARTESIAN_POINT('',(-0.0114018552154692,0.00217389436649848,0.001));
#11381=CARTESIAN_POINT('',(-0.0167256473388959,0.00217084929950701,0.001));
#11382=CARTESIAN_POINT('',(-0.0167256473388959,0.00217084929950701,-5.85469173142172E-18));
#11383=CARTESIAN_POINT('',(-0.0161037769910816,0.00166536817892236,0.001));
#11384=CARTESIAN_POINT('',(-0.0161037769910816,0.00166536817892236,-5.85469173142172E-18));
#11385=CARTESIAN_POINT('',(-0.0152196925412237,0.00141262761863003,0.001));
#11386=CARTESIAN_POINT('',(-0.0152196925412237,0.00141262761863003,-5.85469173142172E-18));
#11387=CARTESIAN_POINT('',(-0.0140733939893222,0.00141262761863003,0.001));
#11388=CARTESIAN_POINT('',(-0.0140733939893222,0.00141262761863003,-5.85469173142172E-18));
#11389=CARTESIAN_POINT('',(-0.0167256473388959,0.00217084929950701,-6.93889390390723E-18));
#11390=CARTESIAN_POINT('',(-0.0167256473388959,0.00217084929950701,0.001));
#11391=CARTESIAN_POINT('',(-0.0167256473388959,0.00217084929950701,0.001));
#11392=CARTESIAN_POINT('',(-0.0157928418171744,0.00141262761863003,0.001));
#11393=CARTESIAN_POINT('',(-0.0140733939893222,0.00141262761863003,0.000999999999999987));
#11394=CARTESIAN_POINT('',(-0.0176584528606174,0.00429326099256426,0.001));
#11395=CARTESIAN_POINT('',(-0.0176584528606174,0.00429326099256426,-1.04083408558608E-17));
#11396=CARTESIAN_POINT('',(-0.0176584528606174,0.00338380098444408,0.001));
#11397=CARTESIAN_POINT('',(-0.0176584528606174,0.00338380098444408,-1.04083408558608E-17));
#11398=CARTESIAN_POINT('',(-0.0173475176867102,0.00267633042009167,0.000999999999999999));
#11399=CARTESIAN_POINT('',(-0.0173475176867102,0.00267633042009167,-1.14925430283463E-17));
#11400=CARTESIAN_POINT('',(-0.0167256473388959,0.00217084929950701,0.000999999999999997));
#11401=CARTESIAN_POINT('',(-0.0167256473388959,0.00217084929950701,-1.38777878078145E-17));
#11402=CARTESIAN_POINT('',(-0.0176584528606174,0.00429326099256426,-3.46944695195361E-18));
#11403=CARTESIAN_POINT('',(-0.0176584528606174,0.00429326099256426,0.001));
#11404=CARTESIAN_POINT('',(-0.0176584528606174,0.00429326099256426,0.001));
#11405=CARTESIAN_POINT('',(-0.0176584528606174,0.002929070980384,0.001));
#11406=CARTESIAN_POINT('',(-0.0167256473388959,0.00217084929950701,0.001));
#11407=CARTESIAN_POINT('',(-0.0165987695475845,0.00647555900312049,0.001));
#11408=CARTESIAN_POINT('',(-0.0165987695475845,0.00647555900312049,-6.93889390390723E-18));
#11409=CARTESIAN_POINT('',(-0.0173052250896065,0.005989701647592,0.001));
#11410=CARTESIAN_POINT('',(-0.0173052250896065,0.005989701647592,-4.55364912443912E-18));
#11411=CARTESIAN_POINT('',(-0.0176584528606174,0.00526226897740659,0.001));
#11412=CARTESIAN_POINT('',(-0.0176584528606174,0.00526226897740659,-3.46944695195361E-18));
#11413=CARTESIAN_POINT('',(-0.0176584528606174,0.00429326099256426,0.001));
#11414=CARTESIAN_POINT('',(-0.0176584528606174,0.00429326099256426,-3.46944695195361E-18));
#11415=CARTESIAN_POINT('',(-0.0165987695475845,0.00647555900312049,0.001));
#11416=CARTESIAN_POINT('',(-0.0176584528606174,0.00574677296982776,0.001));
#11417=CARTESIAN_POINT('',(-0.0176584528606174,0.00429326099256426,0.001));
#11418=CARTESIAN_POINT('',(-0.0120524845293141,0.00299606245419641,0.001));
#11419=CARTESIAN_POINT('',(-0.0120524845293141,0.00299606245419641,-7.37257477290143E-18));
#11420=CARTESIAN_POINT('',(-0.0125322517508597,0.00266854858222457,0.001));
#11421=CARTESIAN_POINT('',(-0.0125322517508597,0.00266854858222457,-7.37257477290143E-18));
#11422=CARTESIAN_POINT('',(-0.013209948326851,0.00250479164623864,0.001));
#11423=CARTESIAN_POINT('',(-0.013209948326851,0.00250479164623864,-7.37257477290143E-18));
#11424=CARTESIAN_POINT('',(-0.0140855742572881,0.00250479164623864,0.001));
#11425=CARTESIAN_POINT('',(-0.0140855742572881,0.00250479164623864,-7.37257477290143E-18));
#11426=CARTESIAN_POINT('',(-0.0120524845293141,0.00299606245419641,-6.93889390390723E-18));
#11427=CARTESIAN_POINT('',(-0.0127721353616324,0.00250479164623864,-1.04083408558608E-17));
#11428=CARTESIAN_POINT('',(-0.0140855742572881,0.00250479164623864,-1.04083408558608E-17));
#11429=CARTESIAN_POINT('',(-0.0140855742572881,0.00250479164623864,-6.93889390390723E-18));
#11430=CARTESIAN_POINT('',(-0.0120524845293141,0.00299606245419641,-6.93889390390723E-18));
#11431=CARTESIAN_POINT('',(-0.0120524845293141,0.00299606245419641,-6.93889390390723E-18));
#11432=CARTESIAN_POINT('',(-0.0120524845293141,0.00299606245419642,0.001));
#11433=CARTESIAN_POINT('',(-0.0120524845293141,0.00299606245419641,0.001));
#11434=CARTESIAN_POINT('',(-0.0127721353616324,0.00250479164623864,0.001));
#11435=CARTESIAN_POINT('',(-0.0140855742572881,0.00250479164623864,0.000999999999999987));
#11436=CARTESIAN_POINT('',(-0.0140855742572881,0.00250479164623865,0.001));
#11437=CARTESIAN_POINT('',(-0.0140855742572881,0.00250479164623864,-6.93889390390723E-18));
#11438=CARTESIAN_POINT('',(-0.0113328336969958,0.00441506367222321,0.001));
#11439=CARTESIAN_POINT('',(-0.0113328336969958,0.00441506367222321,-1.04083408558608E-17));
#11440=CARTESIAN_POINT('',(-0.0113328336969958,0.0037965767321772,0.001));
#11441=CARTESIAN_POINT('',(-0.0113328336969958,0.0037965767321772,-1.04083408558608E-17));
#11442=CARTESIAN_POINT('',(-0.0115727173077686,0.00332357632616827,0.001));
#11443=CARTESIAN_POINT('',(-0.0115727173077686,0.00332357632616827,-9.32413868337534E-18));
#11444=CARTESIAN_POINT('',(-0.0120524845293141,0.00299606245419641,0.001));
#11445=CARTESIAN_POINT('',(-0.0120524845293141,0.00299606245419641,-6.93889390390723E-18));
#11446=CARTESIAN_POINT('',(-0.0113328336969958,0.00441506367222321,-1.04083408558608E-17));
#11447=CARTESIAN_POINT('',(-0.0113328336969958,0.00348733326215419,-1.04083408558608E-17));
#11448=CARTESIAN_POINT('',(-0.0120524845293141,0.00299606245419641,-6.93889390390723E-18));
#11449=CARTESIAN_POINT('',(-0.0113328336969958,0.00441506367222321,-1.04083408558608E-17));
#11450=CARTESIAN_POINT('',(-0.0113328336969958,0.00441506367222321,-1.04083408558608E-17));
#11451=CARTESIAN_POINT('',(-0.0113328336969958,0.00441506367222321,0.001));
#11452=CARTESIAN_POINT('',(-0.0113328336969958,0.00441506367222321,0.001));
#11453=CARTESIAN_POINT('',(-0.0113328336969958,0.00348733326215419,0.001));
#11454=CARTESIAN_POINT('',(-0.0120524845293141,0.00299606245419641,0.001));
#11455=CARTESIAN_POINT('',(-0.0119641775865614,0.00598428819516272,0.001));
#11456=CARTESIAN_POINT('',(-0.0119641775865614,0.00598428819516272,-6.93889390390723E-18));
#11457=CARTESIAN_POINT('',(-0.0115432816601843,0.00565677432319087,0.000999999999999998));
#11458=CARTESIAN_POINT('',(-0.0115432816601843,0.00565677432319087,-9.32413868337534E-18));
#11459=CARTESIAN_POINT('',(-0.0113328336969958,0.00513369948221103,0.000999999999999997));
#11460=CARTESIAN_POINT('',(-0.0113328336969958,0.00513369948221103,-1.04083408558608E-17));
#11461=CARTESIAN_POINT('',(-0.0113328336969958,0.00441506367222321,0.000999999999999997));
#11462=CARTESIAN_POINT('',(-0.0113328336969958,0.00441506367222321,-1.04083408558608E-17));
#11463=CARTESIAN_POINT('',(-0.0119641775865614,0.00598428819516272,-6.93889390390723E-18));
#11464=CARTESIAN_POINT('',(-0.0113328336969958,0.00549301738720494,-1.04083408558608E-17));
#11465=CARTESIAN_POINT('',(-0.0113328336969958,0.00441506367222321,-1.04083408558608E-17));
#11466=CARTESIAN_POINT('',(-0.0119641775865614,0.00598428819516272,-1.38777878078145E-17));
#11467=CARTESIAN_POINT('',(-0.0119641775865614,0.00598428819516272,-6.93889390390723E-18));
#11468=CARTESIAN_POINT('',(-0.0119641775865614,0.00598428819516272,0.001));
#11469=CARTESIAN_POINT('',(-0.0119641775865614,0.00598428819516272,0.001));
#11470=CARTESIAN_POINT('',(-0.0113328336969958,0.00549301738720494,0.001));
#11471=CARTESIAN_POINT('',(-0.0113328336969958,0.00441506367222321,0.001));
#11472=CARTESIAN_POINT('',(-0.0140733939893222,0.00647555900312049,0.001));
#11473=CARTESIAN_POINT('',(-0.0140733939893222,0.00647555900312049,-1.75640751942652E-17));
#11474=CARTESIAN_POINT('',(-0.0130881456471921,0.00647555900312049,0.001));
#11475=CARTESIAN_POINT('',(-0.0130881456471921,0.00647555900312049,-1.30104260698261E-17));
#11476=CARTESIAN_POINT('',(-0.0123850735129384,0.00631180206713457,0.00100000000000001));
#11477=CARTESIAN_POINT('',(-0.0123850735129384,0.00631180206713457,-1.17093834628434E-17));
#11478=CARTESIAN_POINT('',(-0.0119641775865614,0.00598428819516272,0.001));
#11479=CARTESIAN_POINT('',(-0.0119641775865614,0.00598428819516272,-1.40946282423116E-17));
#11480=CARTESIAN_POINT('',(-0.0140733939893222,0.00647555900312049,-1.38777878078145E-17));
#11481=CARTESIAN_POINT('',(-0.012595521476127,0.00647555900312049,-1.04083408558608E-17));
#11482=CARTESIAN_POINT('',(-0.0119641775865614,0.00598428819516272,-1.04083408558608E-17));
#11483=CARTESIAN_POINT('',(-0.0140733939893222,0.00647555900312049,0.000999999999999987));
#11484=CARTESIAN_POINT('',(-0.0125955214761269,0.00647555900312049,0.001));
#11485=CARTESIAN_POINT('',(-0.0119641775865614,0.00598428819516272,0.001));
#11486=CARTESIAN_POINT('',(-0.0161887005260661,0.00599037832914567,0.001));
#11487=CARTESIAN_POINT('',(-0.0161887005260661,0.00599037832914567,-8.89045781438114E-18));
#11488=CARTESIAN_POINT('',(-0.0157975785880501,0.00631383211179555,0.000999999999999999));
#11489=CARTESIAN_POINT('',(-0.0157975785880501,0.00631383211179555,-1.12757025938492E-17));
#11490=CARTESIAN_POINT('',(-0.0151662346984845,0.00647555900312049,0.000999999999999999));
#11491=CARTESIAN_POINT('',(-0.0151662346984845,0.00647555900312049,-1.12757025938492E-17));
#11492=CARTESIAN_POINT('',(-0.0142946688573693,0.00647555900312049,0.001));
#11493=CARTESIAN_POINT('',(-0.0142946688573693,0.00647555900312049,-8.89045781438114E-18));
#11494=CARTESIAN_POINT('',(-0.0161887005260661,0.00599037832914567,-1.38777878078145E-17));
#11495=CARTESIAN_POINT('',(-0.0156020176190421,0.00647555900312049,-1.04083408558608E-17));
#11496=CARTESIAN_POINT('',(-0.0142946688573693,0.00647555900312049,-1.04083408558608E-17));
#11497=CARTESIAN_POINT('',(-0.0161887005260661,0.00599037832914567,-3.46944695195361E-18));
#11498=CARTESIAN_POINT('',(-0.0161887005260661,0.00599037832914567,-3.46944695195361E-18));
#11499=CARTESIAN_POINT('',(-0.0161887005260661,0.00599037832914567,0.001));
#11500=CARTESIAN_POINT('',(-0.0161887005260661,0.00599037832914567,0.001));
#11501=CARTESIAN_POINT('',(-0.0156020176190421,0.00647555900312049,0.001));
#11502=CARTESIAN_POINT('',(-0.0142946688573693,0.00647555900312049,0.001));
#11503=CARTESIAN_POINT('',(-0.01677538343309,0.00442724394018911,0.001));
#11504=CARTESIAN_POINT('',(-0.01677538343309,0.00442724394018911,-1.04083408558608E-17));
#11505=CARTESIAN_POINT('',(-0.01677538343309,0.00514587975017693,0.001));
#11506=CARTESIAN_POINT('',(-0.01677538343309,0.00514587975017693,-1.04083408558608E-17));
#11507=CARTESIAN_POINT('',(-0.016579822464082,0.00566692454649578,0.001));
#11508=CARTESIAN_POINT('',(-0.016579822464082,0.00566692454649578,-8.02309607639273E-18));
#11509=CARTESIAN_POINT('',(-0.0161887005260661,0.00599037832914567,0.00100000000000001));
#11510=CARTESIAN_POINT('',(-0.0161887005260661,0.00599037832914567,-3.46944695195361E-18));
#11511=CARTESIAN_POINT('',(-0.01677538343309,0.00442724394018911,-1.04083408558608E-17));
#11512=CARTESIAN_POINT('',(-0.01677538343309,0.00550519765517084,-1.04083408558608E-17));
#11513=CARTESIAN_POINT('',(-0.0161887005260661,0.00599037832914567,-3.46944695195361E-18));
#11514=CARTESIAN_POINT('',(-0.01677538343309,0.00442724394018911,-1.04083408558608E-17));
#11515=CARTESIAN_POINT('',(-0.01677538343309,0.00442724394018911,-1.04083408558608E-17));
#11516=CARTESIAN_POINT('',(-0.01677538343309,0.00442724394018911,0.001));
#11517=CARTESIAN_POINT('',(-0.01677538343309,0.00442724394018911,0.001));
#11518=CARTESIAN_POINT('',(-0.01677538343309,0.00550519765517084,0.001));
#11519=CARTESIAN_POINT('',(-0.0161887005260661,0.00599037832914567,0.001));
#11520=CARTESIAN_POINT('',(-0.0160963334939913,0.00299301738720494,0.001));
#11521=CARTESIAN_POINT('',(-0.0160963334939913,0.00299301738720494,-6.28837260041593E-18));
#11522=CARTESIAN_POINT('',(-0.0165490334533904,0.00331850121451581,0.000999999999999999));
#11523=CARTESIAN_POINT('',(-0.0165490334533904,0.00331850121451581,-8.67361737988404E-18));
#11524=CARTESIAN_POINT('',(-0.01677538343309,0.0037965767321772,0.000999999999999997));
#11525=CARTESIAN_POINT('',(-0.01677538343309,0.0037965767321772,-9.75781955236954E-18));
#11526=CARTESIAN_POINT('',(-0.01677538343309,0.00442724394018911,0.000999999999999997));
#11527=CARTESIAN_POINT('',(-0.01677538343309,0.00442724394018911,-9.75781955236954E-18));
#11528=CARTESIAN_POINT('',(-0.0160963334939913,0.00299301738720494,-1.04083408558608E-17));
#11529=CARTESIAN_POINT('',(-0.01677538343309,0.00348124312817125,-1.04083408558608E-17));
#11530=CARTESIAN_POINT('',(-0.01677538343309,0.00442724394018911,-1.04083408558608E-17));
#11531=CARTESIAN_POINT('',(-0.0160963334939913,0.00299301738720494,-6.93889390390723E-18));
#11532=CARTESIAN_POINT('',(-0.0160963334939913,0.00299301738720494,-6.93889390390723E-18));
#11533=CARTESIAN_POINT('',(-0.0160963334939913,0.00299301738720494,0.001));
#11534=CARTESIAN_POINT('',(-0.0160963334939913,0.00299301738720494,0.000999999999999987));
#11535=CARTESIAN_POINT('',(-0.01677538343309,0.00348124312817125,0.001));
#11536=CARTESIAN_POINT('',(-0.01677538343309,0.00442724394018911,0.001));
#11537=CARTESIAN_POINT('',(-0.0140855742572881,0.00250479164623864,0.00100000000000001));
#11538=CARTESIAN_POINT('',(-0.0140855742572881,0.00250479164623864,-6.07153216591882E-18));
#11539=CARTESIAN_POINT('',(-0.0149733804556912,0.00250479164623864,0.001));
#11540=CARTESIAN_POINT('',(-0.0149733804556912,0.00250479164623864,-8.23993651088983E-18));
#11541=CARTESIAN_POINT('',(-0.0156436335345922,0.00266753355989407,0.001));
#11542=CARTESIAN_POINT('',(-0.0156436335345922,0.00266753355989407,-8.23993651088983E-18));
#11543=CARTESIAN_POINT('',(-0.0160963334939913,0.00299301738720494,0.00100000000000001));
#11544=CARTESIAN_POINT('',(-0.0160963334939913,0.00299301738720494,-6.07153216591882E-18));
#11545=CARTESIAN_POINT('',(-0.0140855742572881,0.00250479164623864,-6.93889390390723E-18));
#11546=CARTESIAN_POINT('',(-0.0154172835548927,0.00250479164623864,-6.93889390390723E-18));
#11547=CARTESIAN_POINT('',(-0.0160963334939913,0.00299301738720494,-6.93889390390723E-18));
#11548=CARTESIAN_POINT('',(-0.0140855742572881,0.00250479164623864,0.000999999999999987));
#11549=CARTESIAN_POINT('',(-0.0154172835548927,0.00250479164623864,0.001));
#11550=CARTESIAN_POINT('',(-0.0160963334939913,0.00299301738720494,0.000999999999999987));
#11551=CARTESIAN_POINT('',(-0.0126584528606174,0.00452773115090775,0.001));
#11552=CARTESIAN_POINT('',(-0.00173550295164497,0.0463870190112407,-6.93889390390723E-18));
#11553=CARTESIAN_POINT('',(-0.0167378276068619,-0.000457043514134878,-6.93889390390723E-18));
#11554=CARTESIAN_POINT('',(-0.0162678722678444,-0.000457043514134878,-3.46944695195361E-18));
#11555=CARTESIAN_POINT('',(-0.0162678722678444,-0.00045704351413488,0.000999999999999987));
#11556=CARTESIAN_POINT('',(-0.0129172835548927,-0.00045704351413488,0.000999999999999987));
#11557=CARTESIAN_POINT('',(-0.0172069059178485,-0.000457043509108489,0.000999999999999987));
#11558=CARTESIAN_POINT('',(-0.0172069059211268,-0.000457043504082097,0.001));
#11559=CARTESIAN_POINT('',(-0.0142439177408448,-0.00255306462659936,-6.93889390390723E-18));
#11560=CARTESIAN_POINT('',(-0.0142439177408448,-0.000158626948970444,-6.93889390390723E-18));
#11561=CARTESIAN_POINT('',(-0.0142439177408448,-0.000158626948970446,0.001));
#11562=CARTESIAN_POINT('',(-0.0142439177408448,-0.00304230538989615,0.001));
#11563=CARTESIAN_POINT('',(-0.0142439177408448,-0.00494750230422826,0.001));
#11564=CARTESIAN_POINT('',(-0.0142439177408448,-0.00494750230422826,-6.93889390390723E-18));
#11565=CARTESIAN_POINT('',(-0.0139109904164436,-0.000158626948970444,-6.93889390390723E-18));
#11566=CARTESIAN_POINT('',(-0.0135780630920425,-0.000158626948970444,-3.46944695195361E-18));
#11567=CARTESIAN_POINT('',(-0.0135780630920425,-0.000158626948970446,0.001));
#11568=CARTESIAN_POINT('',(-0.0129172835548927,-0.000158626948970446,0.000999999999999987));
#11569=CARTESIAN_POINT('',(-0.0133872388939101,-0.0031052367743866,-1.04083408558608E-17));
#11570=CARTESIAN_POINT('',(-0.0133872388939101,-0.00492314176829647,-1.04083408558608E-17));
#11571=CARTESIAN_POINT('',(-0.0133872388939101,-0.00492314176829647,0.001));
#11572=CARTESIAN_POINT('',(-0.0133872388939101,-0.00492314176829647,-1.04083408558608E-17));
#11573=CARTESIAN_POINT('',(-0.0133872388939101,-0.00304230538989615,0.001));
#11574=CARTESIAN_POINT('',(-0.0133872388939101,-0.00128733178047674,0.001));
#11575=CARTESIAN_POINT('',(-0.0133872388939101,-0.00128733178047674,-1.04083408558608E-17));
#11576=CARTESIAN_POINT('',(-0.0133872388939101,-0.00128733178047674,-1.04083408558608E-17));
#11577=CARTESIAN_POINT('',(-0.0133872388939101,0.0463870190112407,-3.46944695195361E-18));
#11578=CARTESIAN_POINT('',(-0.0167368125845314,-0.0026758823285888,0.001));
#11579=CARTESIAN_POINT('',(-0.0167368125845314,-0.0026758823285888,-1.69135538907739E-17));
#11580=CARTESIAN_POINT('',(-0.0167368125845314,-0.0019274725302399,0.001));
#11581=CARTESIAN_POINT('',(-0.0167368125845314,-0.0019274725302399,-1.69135538907739E-17));
#11582=CARTESIAN_POINT('',(-0.0165804991456357,-0.00118785959208859,0.001));
#11583=CARTESIAN_POINT('',(-0.0165804991456357,-0.00118785959208859,-1.69135538907739E-17));
#11584=CARTESIAN_POINT('',(-0.0162678722678444,-0.000457043514134878,0.001));
#11585=CARTESIAN_POINT('',(-0.0162678722678444,-0.000457043514134878,-1.69135538907739E-17));
#11586=CARTESIAN_POINT('',(-0.0167368125845314,-0.0026758823285888,-3.46944695195361E-18));
#11587=CARTESIAN_POINT('',(-0.0167368125845314,-0.0026758823285888,0.001));
#11588=CARTESIAN_POINT('',(-0.0167368125845314,-0.0026758823285888,0.001));
#11589=CARTESIAN_POINT('',(-0.0167368125845314,-0.00155326763106545,0.001));
#11590=CARTESIAN_POINT('',(-0.0162678722678444,-0.000457043514134878,0.001));
#11591=CARTESIAN_POINT('',(-0.0161024236279743,-0.00432833868262858,0.001));
#11592=CARTESIAN_POINT('',(-0.0161024236279743,-0.00432833868262858,-1.38777878078145E-17));
#11593=CARTESIAN_POINT('',(-0.0165253495990123,-0.00393721674461261,0.001));
#11594=CARTESIAN_POINT('',(-0.0165253495990123,-0.00393721674461261,-1.14925430283463E-17));
#11595=CARTESIAN_POINT('',(-0.0167368125845314,-0.00338639795993268,0.001));
#11596=CARTESIAN_POINT('',(-0.0167368125845314,-0.00338639795993268,-1.04083408558608E-17));
#11597=CARTESIAN_POINT('',(-0.0167368125845314,-0.0026758823285888,0.001));
#11598=CARTESIAN_POINT('',(-0.0167368125845314,-0.0026758823285888,-1.04083408558608E-17));
#11599=CARTESIAN_POINT('',(-0.0161024236279743,-0.00432833868262858,-6.93889390390723E-18));
#11600=CARTESIAN_POINT('',(-0.0161024236279743,-0.00432833868262858,0.001));
#11601=CARTESIAN_POINT('',(-0.0161024236279743,-0.00432833868262858,0.001));
#11602=CARTESIAN_POINT('',(-0.0167368125845314,-0.00374165577560463,0.001));
#11603=CARTESIAN_POINT('',(-0.0167368125845314,-0.0026758823285888,0.001));
#11604=CARTESIAN_POINT('',(-0.0142439177408448,-0.00494750230422826,0.001));
#11605=CARTESIAN_POINT('',(-0.0142439177408448,-0.00494750230422826,-6.93889390390723E-18));
#11606=CARTESIAN_POINT('',(-0.0150599956945598,-0.00492584849451111,0.000999999999999999));
#11607=CARTESIAN_POINT('',(-0.0150599956945598,-0.00492584849451111,-9.10729824887824E-18));
#11608=CARTESIAN_POINT('',(-0.0156794976569363,-0.00471946062064455,0.000999999999999999));
#11609=CARTESIAN_POINT('',(-0.0156794976569363,-0.00471946062064455,-9.10729824887824E-18));
#11610=CARTESIAN_POINT('',(-0.0161024236279743,-0.00432833868262858,0.001));
#11611=CARTESIAN_POINT('',(-0.0161024236279743,-0.00432833868262858,-6.93889390390723E-18));
#11612=CARTESIAN_POINT('',(-0.0142439177408448,-0.00494750230422826,0.001));
#11613=CARTESIAN_POINT('',(-0.0154680346714173,-0.00491502158965254,0.001));
#11614=CARTESIAN_POINT('',(-0.0161024236279743,-0.00432833868262858,0.001));
#11615=CARTESIAN_POINT('',(-0.0113094881833945,-0.000919893696838899,0.000999999999999987));
#11616=CARTESIAN_POINT('',(-0.0113094881833945,-0.000919893696838899,-3.68628738645072E-18));
#11617=CARTESIAN_POINT('',(-0.0118826374593453,-0.000412382531593263,0.000999999999999987));
#11618=CARTESIAN_POINT('',(-0.0118826374593453,-0.000412382531593263,-3.68628738645072E-18));
#11619=CARTESIAN_POINT('',(-0.0126388290955612,-0.000158626948970445,0.000999999999999987));
#11620=CARTESIAN_POINT('',(-0.0126388290955612,-0.000158626948970445,-3.68628738645072E-18));
#11621=CARTESIAN_POINT('',(-0.0135780630920425,-0.000158626948970444,0.000999999999999987));
#11622=CARTESIAN_POINT('',(-0.0135780630920425,-0.000158626948970444,-3.68628738645072E-18));
#11623=CARTESIAN_POINT('',(-0.0113094881833945,-0.000919893696838899,-3.46944695195361E-18));
#11624=CARTESIAN_POINT('',(-0.0113094881833945,-0.000919893696838901,0.000999999999999987));
#11625=CARTESIAN_POINT('',(-0.0113094881833945,-0.000919893696838899,0.001));
#11626=CARTESIAN_POINT('',(-0.0121692120973206,-0.000158626948970445,0.001));
#11627=CARTESIAN_POINT('',(-0.0135780630920425,-0.000158626948970444,0.001));
#11628=CARTESIAN_POINT('',(-0.0104497642694684,-0.00298647916171912,0.001));
#11629=CARTESIAN_POINT('',(-0.0104497642694684,-0.00298647916171912,-1.04083408558608E-17));
#11630=CARTESIAN_POINT('',(-0.0104497642694684,-0.00211626668371127,0.001));
#11631=CARTESIAN_POINT('',(-0.0104497642694684,-0.00211626668371127,-1.04083408558608E-17));
#11632=CARTESIAN_POINT('',(-0.0107363389074438,-0.00142740486208453,0.001));
#11633=CARTESIAN_POINT('',(-0.0107363389074438,-0.00142740486208453,-1.04083408558608E-17));
#11634=CARTESIAN_POINT('',(-0.0113094881833945,-0.000919893696838899,0.001));
#11635=CARTESIAN_POINT('',(-0.0113094881833945,-0.000919893696838899,-1.04083408558608E-17));
#11636=CARTESIAN_POINT('',(-0.0104497642694684,-0.00298647916171912,-3.46944695195361E-18));
#11637=CARTESIAN_POINT('',(-0.0104497642694684,-0.00298647916171912,0.001));
#11638=CARTESIAN_POINT('',(-0.0104497642694684,-0.00298647916171912,0.001));
#11639=CARTESIAN_POINT('',(-0.0104497642694684,-0.00168116044470735,0.001));
#11640=CARTESIAN_POINT('',(-0.0113094881833945,-0.000919893696838899,0.001));
#11641=CARTESIAN_POINT('',(-0.0114394110416974,-0.00521140811015599,0.001));
#11642=CARTESIAN_POINT('',(-0.0114394110416974,-0.00521140811015599,-1.04083408558608E-17));
#11643=CARTESIAN_POINT('',(-0.0107796465268781,-0.00465923596236874,0.001));
#11644=CARTESIAN_POINT('',(-0.0107796465268781,-0.00465923596236874,-1.04083408558608E-17));
#11645=CARTESIAN_POINT('',(-0.0104497642694684,-0.00391759297955645,0.001));
#11646=CARTESIAN_POINT('',(-0.0104497642694684,-0.00391759297955645,-1.04083408558608E-17));
#11647=CARTESIAN_POINT('',(-0.0104497642694684,-0.00298647916171912,0.001));
#11648=CARTESIAN_POINT('',(-0.0104497642694684,-0.00298647916171912,-1.04083408558608E-17));
#11649=CARTESIAN_POINT('',(-0.0114394110416974,-0.00521140811015599,-3.46944695195361E-18));
#11650=CARTESIAN_POINT('',(-0.0114394110416974,-0.00521140811015599,0.001));
#11651=CARTESIAN_POINT('',(-0.0114394110416974,-0.00521140811015599,0.001));
#11652=CARTESIAN_POINT('',(-0.0104497642694684,-0.00438314988847511,0.001));
#11653=CARTESIAN_POINT('',(-0.0104497642694684,-0.00298647916171912,0.001));
#11654=CARTESIAN_POINT('',(-0.0141119648378809,-0.00603966633183687,0.001));
#11655=CARTESIAN_POINT('',(-0.0141119648378809,-0.00603966633183687,-1.40946282423116E-17));
#11656=CARTESIAN_POINT('',(-0.0129900268219112,-0.00603966633183687,0.001));
#11657=CARTESIAN_POINT('',(-0.0129900268219112,-0.00603966633183687,-9.54097911787244E-18));
#11658=CARTESIAN_POINT('',(-0.0120991755565167,-0.00576358025794324,0.00100000000000001));
#11659=CARTESIAN_POINT('',(-0.0120991755565167,-0.00576358025794324,-7.15573433840433E-18));
#11660=CARTESIAN_POINT('',(-0.0114394110416974,-0.00521140811015599,0.00100000000000001));
#11661=CARTESIAN_POINT('',(-0.0114394110416974,-0.00521140811015599,-7.15573433840433E-18));
#11662=CARTESIAN_POINT('',(-0.0141119648378809,-0.00603966633183687,-1.04083408558608E-17));
#11663=CARTESIAN_POINT('',(-0.0141119648378809,-0.00603966633183687,0.001));
#11664=CARTESIAN_POINT('',(-0.0141119648378809,-0.00603966633183687,0.001));
#11665=CARTESIAN_POINT('',(-0.0124290578139264,-0.00603966633183687,0.001));
#11666=CARTESIAN_POINT('',(-0.0114394110416974,-0.00521140811015599,0.001));
#11667=CARTESIAN_POINT('',(-0.0167185421825825,-0.00514746170333504,0.001));
#11668=CARTESIAN_POINT('',(-0.0167185421825825,-0.00514746170333504,-2.81892564846231E-18));
#11669=CARTESIAN_POINT('',(-0.0160919350638926,-0.00574226478900293,0.000999999999999996));
#11670=CARTESIAN_POINT('',(-0.0160919350638926,-0.00574226478900293,-7.37257477290143E-18));
#11671=CARTESIAN_POINT('',(-0.015223075948992,-0.00603966633183687,0.000999999999999994));
#11672=CARTESIAN_POINT('',(-0.015223075948992,-0.00603966633183687,-9.75781955236954E-18));
#11673=CARTESIAN_POINT('',(-0.0141119648378809,-0.00603966633183687,0.000999999999999994));
#11674=CARTESIAN_POINT('',(-0.0141119648378809,-0.00603966633183687,-9.75781955236954E-18));
#11675=CARTESIAN_POINT('',(-0.0167185421825825,-0.00514746170333504,-3.46944695195361E-18));
#11676=CARTESIAN_POINT('',(-0.0167185421825825,-0.00514746170333504,0.001));
#11677=CARTESIAN_POINT('',(-0.0167185421825825,-0.00514746170333504,0.001));
#11678=CARTESIAN_POINT('',(-0.0157786315045476,-0.00603966633183687,0.001));
#11679=CARTESIAN_POINT('',(-0.0141119648378809,-0.00603966633183687,0.001));
#11680=CARTESIAN_POINT('',(-0.0176584528606174,-0.00271445317714747,0.000999999999999987));
#11681=CARTESIAN_POINT('',(-0.0176584528606174,-0.00271445317714747,-2.60208521396521E-18));
#11682=CARTESIAN_POINT('',(-0.0176584528606174,-0.00374165577560463,0.000999999999999987));
#11683=CARTESIAN_POINT('',(-0.0176584528606174,-0.00374165577560463,-2.60208521396521E-18));
#11684=CARTESIAN_POINT('',(-0.0173451493012724,-0.00455265861766716,0.000999999999999987));
#11685=CARTESIAN_POINT('',(-0.0173451493012724,-0.00455265861766716,-2.60208521396521E-18));
#11686=CARTESIAN_POINT('',(-0.0167185421825825,-0.00514746170333504,0.000999999999999987));
#11687=CARTESIAN_POINT('',(-0.0167185421825825,-0.00514746170333504,-2.60208521396521E-18));
#11688=CARTESIAN_POINT('',(-0.0176584528606174,-0.00271445317714747,-3.46944695195361E-18));
#11689=CARTESIAN_POINT('',(-0.0176584528606174,-0.00271445317714747,0.000999999999999987));
#11690=CARTESIAN_POINT('',(-0.0176584528606174,-0.00271445317714747,0.001));
#11691=CARTESIAN_POINT('',(-0.0176584528606174,-0.00425525707483322,0.001));
#11692=CARTESIAN_POINT('',(-0.0167185421825825,-0.00514746170333504,0.001));
#11693=CARTESIAN_POINT('',(-0.0175528905382464,-0.0015126667378458,0.001));
#11694=CARTESIAN_POINT('',(-0.0175528905382464,-0.0015126667378458,-1.04083408558608E-17));
#11695=CARTESIAN_POINT('',(-0.0176232654198271,-0.00184424069913962,0.001));
#11696=CARTESIAN_POINT('',(-0.0176232654198271,-0.00184424069913962,-1.04083408558608E-17));
#11697=CARTESIAN_POINT('',(-0.0176584528606174,-0.00224483617890684,0.001));
#11698=CARTESIAN_POINT('',(-0.0176584528606174,-0.00224483617890684,-1.04083408558608E-17));
#11699=CARTESIAN_POINT('',(-0.0176584528606174,-0.00271445317714747,0.001));
#11700=CARTESIAN_POINT('',(-0.0176584528606174,-0.00271445317714747,-1.04083408558608E-17));
#11701=CARTESIAN_POINT('',(-0.0175528905382464,-0.0015126667378458,-3.46944695195361E-18));
#11702=CARTESIAN_POINT('',(-0.0175528905382463,-0.0015126667378458,0.001));
#11703=CARTESIAN_POINT('',(-0.0175528905382463,-0.0015126667378458,0.001));
#11704=CARTESIAN_POINT('',(-0.0176584528606174,-0.00201002767978652,0.001));
#11705=CARTESIAN_POINT('',(-0.0176584528606174,-0.00271445317714747,0.001));
#11706=CARTESIAN_POINT('',(-0.0118779006884696,-0.00433544383894202,0.000999999999999984));
#11707=CARTESIAN_POINT('',(-0.0118779006884696,-0.00433544383894202,-6.93889390390723E-18));
#11708=CARTESIAN_POINT('',(-0.0122412786827855,-0.0046676944817895,0.000999999999999987));
#11709=CARTESIAN_POINT('',(-0.0122412786827855,-0.0046676944817895,-4.55364912443912E-18));
#11710=CARTESIAN_POINT('',(-0.0127443914179323,-0.00486359379157432,0.000999999999999985));
#11711=CARTESIAN_POINT('',(-0.0127443914179323,-0.00486359379157432,-5.85469173142172E-18));
#11712=CARTESIAN_POINT('',(-0.0133872388939101,-0.00492314176829647,0.000999999999999981));
#11713=CARTESIAN_POINT('',(-0.0133872388939101,-0.00492314176829647,-1.04083408558608E-17));
#11714=CARTESIAN_POINT('',(-0.0118779006884696,-0.00433544383894202,-6.93889390390723E-18));
#11715=CARTESIAN_POINT('',(-0.0124229676799434,-0.00483381980321324,-3.46944695195361E-18));
#11716=CARTESIAN_POINT('',(-0.0133872388939101,-0.00492314176829647,-1.04083408558608E-17));
#11717=CARTESIAN_POINT('',(-0.0118779006884696,-0.00433544383894202,-6.93889390390723E-18));
#11718=CARTESIAN_POINT('',(-0.0118779006884696,-0.00433544383894202,-6.93889390390723E-18));
#11719=CARTESIAN_POINT('',(-0.0118779006884696,-0.00433544383894202,0.000999999999999984));
#11720=CARTESIAN_POINT('',(-0.0118779006884696,-0.00433544383894202,0.000999999999999987));
#11721=CARTESIAN_POINT('',(-0.0124229676799434,-0.00483381980321324,0.001));
#11722=CARTESIAN_POINT('',(-0.0133872388939101,-0.00492314176829647,0.001));
#11723=CARTESIAN_POINT('',(-0.0113328336969958,-0.003000689474346,0.00099999999999999));
#11724=CARTESIAN_POINT('',(-0.0113328336969958,-0.003000689474346,-1.01915004213637E-17));
#11725=CARTESIAN_POINT('',(-0.0113328336969958,-0.00355827507456254,0.00099999999999999));
#11726=CARTESIAN_POINT('',(-0.0113328336969958,-0.00355827507456254,-1.01915004213637E-17));
#11727=CARTESIAN_POINT('',(-0.0115145226941538,-0.00400319319609455,0.000999999999999991));
#11728=CARTESIAN_POINT('',(-0.0115145226941538,-0.00400319319609455,-8.89045781438114E-18));
#11729=CARTESIAN_POINT('',(-0.0118779006884696,-0.00433544383894202,0.000999999999999993));
#11730=CARTESIAN_POINT('',(-0.0118779006884696,-0.00433544383894202,-6.72205346941013E-18));
#11731=CARTESIAN_POINT('',(-0.0113328336969958,-0.003000689474346,-1.04083408558608E-17));
#11732=CARTESIAN_POINT('',(-0.0113328336969958,-0.00383706787467081,-1.04083408558608E-17));
#11733=CARTESIAN_POINT('',(-0.0118779006884696,-0.00433544383894202,-1.04083408558608E-17));
#11734=CARTESIAN_POINT('',(-0.0113328336969958,-0.003000689474346,-1.04083408558608E-17));
#11735=CARTESIAN_POINT('',(-0.0113328336969958,-0.003000689474346,-1.04083408558608E-17));
#11736=CARTESIAN_POINT('',(-0.0113328336969958,-0.003000689474346,0.000999999999999987));
#11737=CARTESIAN_POINT('',(-0.0113328336969958,-0.003000689474346,0.001));
#11738=CARTESIAN_POINT('',(-0.0113328336969958,-0.00383706787467081,0.001));
#11739=CARTESIAN_POINT('',(-0.0118779006884696,-0.00433544383894202,0.000999999999999987));
#11740=CARTESIAN_POINT('',(-0.0118626753535123,-0.00173089653890143,0.000999999999999987));
#11741=CARTESIAN_POINT('',(-0.0118626753535123,-0.00173089653890143,-2.81892564846231E-18));
#11742=CARTESIAN_POINT('',(-0.0115094475825013,-0.00202660637785122,0.000999999999999983));
#11743=CARTESIAN_POINT('',(-0.0115094475825013,-0.00202660637785122,-7.37257477290143E-18));
#11744=CARTESIAN_POINT('',(-0.0113328336969958,-0.00244987068966608,0.000999999999999981));
#11745=CARTESIAN_POINT('',(-0.0113328336969958,-0.00244987068966608,-9.75781955236954E-18));
#11746=CARTESIAN_POINT('',(-0.0113328336969958,-0.003000689474346,0.000999999999999981));
#11747=CARTESIAN_POINT('',(-0.0113328336969958,-0.003000689474346,-9.75781955236954E-18));
#11748=CARTESIAN_POINT('',(-0.0118626753535123,-0.00173089653890143,-6.93889390390723E-18));
#11749=CARTESIAN_POINT('',(-0.0113328336969958,-0.00217446129732611,-1.04083408558608E-17));
#11750=CARTESIAN_POINT('',(-0.0113328336969958,-0.003000689474346,-1.04083408558608E-17));
#11751=CARTESIAN_POINT('',(-0.0118626753535123,-0.00173089653890143,-3.46944695195361E-18));
#11752=CARTESIAN_POINT('',(-0.0118626753535123,-0.00173089653890143,-3.46944695195361E-18));
#11753=CARTESIAN_POINT('',(-0.0118626753535123,-0.00173089653890143,0.000999999999999987));
#11754=CARTESIAN_POINT('',(-0.0118626753535123,-0.00173089653890143,0.001));
#11755=CARTESIAN_POINT('',(-0.0113328336969958,-0.00217446129732611,0.001));
#11756=CARTESIAN_POINT('',(-0.0113328336969958,-0.003000689474346,0.001));
#11757=CARTESIAN_POINT('',(-0.0133872388939101,-0.00128733178047674,0.001));
#11758=CARTESIAN_POINT('',(-0.0133872388939101,-0.00128733178047674,-1.04083408558608E-17));
#11759=CARTESIAN_POINT('',(-0.0127240909713225,-0.00128733178047674,0.001));
#11760=CARTESIAN_POINT('',(-0.0127240909713225,-0.00128733178047674,-8.02309607639273E-18));
#11761=CARTESIAN_POINT('',(-0.0122159031245232,-0.00143518669995163,0.00100000000000001));
#11762=CARTESIAN_POINT('',(-0.0122159031245232,-0.00143518669995163,-5.85469173142172E-18));
#11763=CARTESIAN_POINT('',(-0.0118626753535123,-0.00173089653890143,0.00100000000000001));
#11764=CARTESIAN_POINT('',(-0.0118626753535123,-0.00173089653890143,-3.46944695195361E-18));
#11765=CARTESIAN_POINT('',(-0.0133872388939101,-0.00128733178047674,-1.04083408558608E-17));
#11766=CARTESIAN_POINT('',(-0.0123925170100287,-0.00128733178047674,-6.93889390390723E-18));
#11767=CARTESIAN_POINT('',(-0.0118626753535123,-0.00173089653890143,-3.46944695195361E-18));
#11768=CARTESIAN_POINT('',(-0.0133872388939101,-0.00128733178047674,0.001));
#11769=CARTESIAN_POINT('',(-0.0123925170100287,-0.00128733178047674,0.001));
#11770=CARTESIAN_POINT('',(-0.0118626753535123,-0.00173089653890143,0.001));
#11771=CARTESIAN_POINT('',(-0.0119823560218481,-0.0027584632294009,3.89315840879912E-16));
#11772=CARTESIAN_POINT('',(-0.0119823560218481,-0.0027584632294009,0.001));
#11773=CARTESIAN_POINT('',(-0.0129172835548927,-0.00304230538989615,0.000999999999999987));
#11774=CARTESIAN_POINT('',(-0.00173550295164497,0.0463870190112407,-6.93889390390723E-18));
#11775=CARTESIAN_POINT('',(-0.0116312502621603,-0.0122343476148251,-1.04083408558608E-17));
#11776=CARTESIAN_POINT('',(-0.0116312502621603,-0.0122597231730874,-1.04083408558608E-17));
#11777=CARTESIAN_POINT('',(-0.0116312502621603,-0.0122597231730874,0.001));
#11778=CARTESIAN_POINT('',(-0.0116312502621603,-0.0127053179761731,0.001));
#11779=CARTESIAN_POINT('',(-0.0116312502621603,-0.0122089720565628,0.001));
#11780=CARTESIAN_POINT('',(-0.0116312502621603,-0.0122089720565628,-1.04083408558608E-17));
#11781=CARTESIAN_POINT('',(-0.0115297480291111,-0.0164730808669566,-1.04083408558608E-17));
#11782=CARTESIAN_POINT('',(-0.0115297480291111,-0.016498456425219,-1.04083408558608E-17));
#11783=CARTESIAN_POINT('',(-0.0115297480291111,-0.016498456425219,0.001));
#11784=CARTESIAN_POINT('',(-0.0115297480291111,-0.0127053179761731,0.001));
#11785=CARTESIAN_POINT('',(-0.0115297480265443,-0.0164481213396404,0.001));
#11786=CARTESIAN_POINT('',(-0.0115297480239775,-0.0164481213411066,0.001));
#11787=CARTESIAN_POINT('',(-0.0110537025561107,-0.0165837183009802,-1.04083408558608E-17));
#11788=CARTESIAN_POINT('',(-0.0105776570831103,-0.0166689801767415,-1.04083408558608E-17));
#11789=CARTESIAN_POINT('',(-0.0105776570831103,-0.0166689801767415,0.000999999999999987));
#11790=CARTESIAN_POINT('',(-0.0110537025561107,-0.0165837183009802,0.000999999999999987));
#11791=CARTESIAN_POINT('',(-0.0105776570831103,-0.0170973196002088,-1.04083408558608E-17));
#11792=CARTESIAN_POINT('',(-0.0105776570831103,-0.0175256590236761,-1.04083408558608E-17));
#11793=CARTESIAN_POINT('',(-0.0105776570831103,-0.0175256590236761,0.000999999999999987));
#11794=CARTESIAN_POINT('',(-0.0105776570831103,-0.0127053179761731,0.000999999999999987));
#11795=CARTESIAN_POINT('',(-0.0140541085650429,-0.0175256590236761,-6.93889390390723E-18));
#11796=CARTESIAN_POINT('',(-0.0175305600469755,-0.0175256590236761,-6.93889390390723E-18));
#11797=CARTESIAN_POINT('',(-0.0175305600469755,-0.0175256590236761,0.000999999999999984));
#11798=CARTESIAN_POINT('',(-0.0128533371480717,-0.0175256590236761,0.001));
#11799=CARTESIAN_POINT('',(-0.0175305600469755,-0.0169988624341512,-6.93889390390723E-18));
#11800=CARTESIAN_POINT('',(-0.0175305600469755,-0.0164720658446262,-6.93889390390723E-18));
#11801=CARTESIAN_POINT('',(-0.0175305600469755,-0.0164720658446262,0.000999999999999984));
#11802=CARTESIAN_POINT('',(-0.0175305600469755,-0.0127053179761731,0.000999999999999984));
#11803=CARTESIAN_POINT('',(-0.0157065649190827,-0.0164720658446262,-6.93889390390723E-18));
#11804=CARTESIAN_POINT('',(-0.0138825697911899,-0.0164720658446262,-1.04083408558608E-17));
#11805=CARTESIAN_POINT('',(-0.0138825697911899,-0.0164720658446262,0.001));
#11806=CARTESIAN_POINT('',(-0.0128533371480717,-0.0164720658446262,0.001));
#11807=CARTESIAN_POINT('',(-0.015269090294641,-0.0130981316180732,-1.04083408558608E-17));
#11808=CARTESIAN_POINT('',(-0.0175305600469755,-0.0130981316180732,-6.93889390390723E-18));
#11809=CARTESIAN_POINT('',(-0.0175305600469755,-0.0130981316180732,0.000999999999999984));
#11810=CARTESIAN_POINT('',(-0.0128533371480717,-0.0130981316180732,0.001));
#11811=CARTESIAN_POINT('',(-0.0130076205423064,-0.0130981316180732,0.000999999999999987));
#11812=CARTESIAN_POINT('',(-0.0130076205423064,-0.0130981316180732,-1.04083408558608E-17));
#11813=CARTESIAN_POINT('',(-0.0175305600469755,-0.0125713350285482,-6.93889390390723E-18));
#11814=CARTESIAN_POINT('',(-0.0175305600469755,-0.0120445384390232,-6.93889390390723E-18));
#11815=CARTESIAN_POINT('',(-0.0175305600469755,-0.0120445384390232,0.000999999999999984));
#11816=CARTESIAN_POINT('',(-0.0175305600469755,-0.0127053179761731,0.000999999999999984));
#11817=CARTESIAN_POINT('',(-0.0155888223287457,-0.0120445384390232,-3.46944695195361E-18));
#11818=CARTESIAN_POINT('',(-0.0136470846105159,-0.0120445384390232,-1.04083408558608E-17));
#11819=CARTESIAN_POINT('',(-0.0136470846105159,-0.0120445384390232,0.001));
#11820=CARTESIAN_POINT('',(-0.0128533371480717,-0.0120445384390232,0.001));
#11821=CARTESIAN_POINT('',(-0.015269090294641,-0.00866248403382632,-1.04083408558608E-17));
#11822=CARTESIAN_POINT('',(-0.0175305600469755,-0.00866248403382632,-6.93889390390723E-18));
#11823=CARTESIAN_POINT('',(-0.0175305600469755,-0.00866248403382633,0.000999999999999984));
#11824=CARTESIAN_POINT('',(-0.0128533371480717,-0.00866248403382633,0.001));
#11825=CARTESIAN_POINT('',(-0.0130076205423064,-0.00866248403382633,0.001));
#11826=CARTESIAN_POINT('',(-0.0130076205423064,-0.00866248403382632,-6.93889390390723E-18));
#11827=CARTESIAN_POINT('',(-0.0175305600469755,-0.00813670246663184,-6.93889390390723E-18));
#11828=CARTESIAN_POINT('',(-0.0175305600469755,-0.00761092089943737,-6.93889390390723E-18));
#11829=CARTESIAN_POINT('',(-0.0175305600469755,-0.00761092089943737,0.000999999999999984));
#11830=CARTESIAN_POINT('',(-0.0175305600469755,-0.0127053179761731,0.000999999999999984));
#11831=CARTESIAN_POINT('',(-0.015263000160658,-0.00761092089943737,-1.04083408558608E-17));
#11832=CARTESIAN_POINT('',(-0.0129954402743405,-0.00761092089943737,-1.04083408558608E-17));
#11833=CARTESIAN_POINT('',(-0.0129954402743405,-0.00761092089943737,0.000999999999999987));
#11834=CARTESIAN_POINT('',(-0.0128533371480717,-0.00761092089943737,0.001));
#11835=CARTESIAN_POINT('',(-0.0110557326007717,-0.00819760380646132,0.001));
#11836=CARTESIAN_POINT('',(-0.0110557326007717,-0.00819760380646132,-6.93889390390723E-18));
#11837=CARTESIAN_POINT('',(-0.0114597114883072,-0.00780648186844535,0.00100000000000001));
#11838=CARTESIAN_POINT('',(-0.0114597114883072,-0.00780648186844535,-4.55364912443912E-18));
#11839=CARTESIAN_POINT('',(-0.0121062807128302,-0.00761092089943737,0.00100000000000001));
#11840=CARTESIAN_POINT('',(-0.0121062807128302,-0.00761092089943737,-4.55364912443912E-18));
#11841=CARTESIAN_POINT('',(-0.0129954402743405,-0.00761092089943737,0.001));
#11842=CARTESIAN_POINT('',(-0.0129954402743405,-0.00761092089943737,-6.93889390390723E-18));
#11843=CARTESIAN_POINT('',(-0.0110557326007717,-0.00819760380646132,-1.04083408558608E-17));
#11844=CARTESIAN_POINT('',(-0.0110557326007717,-0.00819760380646132,0.001));
#11845=CARTESIAN_POINT('',(-0.0110557326007717,-0.00819760380646132,0.000999999999999987));
#11846=CARTESIAN_POINT('',(-0.011661700932075,-0.00761092089943737,0.001));
#11847=CARTESIAN_POINT('',(-0.0129954402743405,-0.00761092089943737,0.000999999999999984));
#11848=CARTESIAN_POINT('',(-0.0104497642694684,-0.00996374266151613,0.000999999999999987));
#11849=CARTESIAN_POINT('',(-0.0104497642694684,-0.00996374266151613,-6.93889390390723E-18));
#11850=CARTESIAN_POINT('',(-0.0104497642694684,-0.00917743869616223,0.000999999999999987));
#11851=CARTESIAN_POINT('',(-0.0104497642694684,-0.00917743869616223,-6.93889390390723E-18));
#11852=CARTESIAN_POINT('',(-0.0106517537132362,-0.00858872574447729,0.000999999999999985));
#11853=CARTESIAN_POINT('',(-0.0106517537132362,-0.00858872574447729,-8.23993651088983E-18));
#11854=CARTESIAN_POINT('',(-0.0110557326007717,-0.00819760380646132,0.000999999999999983));
#11855=CARTESIAN_POINT('',(-0.0110557326007717,-0.00819760380646132,-1.04083408558608E-17));
#11856=CARTESIAN_POINT('',(-0.0104497642694684,-0.00996374266151613,-6.93889390390723E-18));
#11857=CARTESIAN_POINT('',(-0.0104497642694684,-0.00996374266151613,0.000999999999999987));
#11858=CARTESIAN_POINT('',(-0.0104497642694684,-0.00996374266151613,0.000999999999999987));
#11859=CARTESIAN_POINT('',(-0.0104497642694684,-0.00878428671348528,0.000999999999999987));
#11860=CARTESIAN_POINT('',(-0.0110557326007717,-0.00819760380646132,0.000999999999999987));
#11861=CARTESIAN_POINT('',(-0.0107674662589122,-0.0113086472494171,0.000999999999999986));
#11862=CARTESIAN_POINT('',(-0.0107674662589122,-0.0113086472494171,-1.04083408558608E-17));
#11863=CARTESIAN_POINT('',(-0.0105556649326163,-0.0109154952667401,0.000999999999999989));
#11864=CARTESIAN_POINT('',(-0.0105556649326163,-0.0109154952667401,-8.02309607639273E-18));
#11865=CARTESIAN_POINT('',(-0.0104497642694684,-0.0104671937374398,0.00099999999999999));
#11866=CARTESIAN_POINT('',(-0.0104497642694684,-0.0104671937374398,-6.93889390390723E-18));
#11867=CARTESIAN_POINT('',(-0.0104497642694684,-0.00996374266151613,0.00099999999999999));
#11868=CARTESIAN_POINT('',(-0.0104497642694684,-0.00996374266151613,-6.93889390390723E-18));
#11869=CARTESIAN_POINT('',(-0.0107674662589122,-0.0113086472494171,-1.04083408558608E-17));
#11870=CARTESIAN_POINT('',(-0.0107674662589122,-0.0113086472494171,0.000999999999999987));
#11871=CARTESIAN_POINT('',(-0.0107674662589122,-0.0113086472494171,0.000999999999999987));
#11872=CARTESIAN_POINT('',(-0.0104497642694684,-0.0107189192754016,0.000999999999999987));
#11873=CARTESIAN_POINT('',(-0.0104497642694684,-0.00996374266151613,0.000999999999999987));
#11874=CARTESIAN_POINT('',(-0.0116312502621603,-0.0122089720565628,0.001));
#11875=CARTESIAN_POINT('',(-0.0116312502621603,-0.0122089720565628,-1.04083408558608E-17));
#11876=CARTESIAN_POINT('',(-0.0112671955862907,-0.0120019075011426,0.001));
#11877=CARTESIAN_POINT('',(-0.0112671955862907,-0.0120019075011426,-1.04083408558608E-17));
#11878=CARTESIAN_POINT('',(-0.010979267585208,-0.011701799232094,0.001));
#11879=CARTESIAN_POINT('',(-0.010979267585208,-0.011701799232094,-1.04083408558608E-17));
#11880=CARTESIAN_POINT('',(-0.0107674662589122,-0.0113086472494171,0.001));
#11881=CARTESIAN_POINT('',(-0.0107674662589122,-0.0113086472494171,-1.04083408558608E-17));
#11882=CARTESIAN_POINT('',(-0.0116312502621603,-0.0122089720565628,0.000999999999999987));
#11883=CARTESIAN_POINT('',(-0.0110851682483559,-0.0118983752234325,0.001));
#11884=CARTESIAN_POINT('',(-0.0107674662589122,-0.0113086472494171,0.000999999999999987));
#11885=CARTESIAN_POINT('',(-0.0104497642694684,-0.0143912700671191,0.000999999999999989));
#11886=CARTESIAN_POINT('',(-0.0104497642694684,-0.0143912700671191,-6.93889390390723E-18));
#11887=CARTESIAN_POINT('',(-0.0104497642694684,-0.0133045194919397,0.000999999999999989));
#11888=CARTESIAN_POINT('',(-0.0104497642694684,-0.0133045194919397,-6.93889390390723E-18));
#11889=CARTESIAN_POINT('',(-0.010843592933699,-0.0125940038605959,0.000999999999999988));
#11890=CARTESIAN_POINT('',(-0.010843592933699,-0.0125940038605959,-8.02309607639273E-18));
#11891=CARTESIAN_POINT('',(-0.0116312502621603,-0.0122597231730874,0.000999999999999985));
#11892=CARTESIAN_POINT('',(-0.0116312502621603,-0.0122597231730874,-1.04083408558608E-17));
#11893=CARTESIAN_POINT('',(-0.0104497642694684,-0.0143912700671191,-6.93889390390723E-18));
#11894=CARTESIAN_POINT('',(-0.0104497642694684,-0.0143912700671191,0.000999999999999987));
#11895=CARTESIAN_POINT('',(-0.0104497642694684,-0.0143912700671191,0.001));
#11896=CARTESIAN_POINT('',(-0.0104497642694684,-0.0127611442043501,0.001));
#11897=CARTESIAN_POINT('',(-0.0116312502621603,-0.0122597231730874,0.000999999999999987));
#11898=CARTESIAN_POINT('',(-0.010736000566667,-0.0156062517967171,0.001));
#11899=CARTESIAN_POINT('',(-0.010736000566667,-0.0156062517967171,-6.93889390390723E-18));
#11900=CARTESIAN_POINT('',(-0.0105451763685346,-0.0152442271655086,0.001));
#11901=CARTESIAN_POINT('',(-0.0105451763685346,-0.0152442271655086,-6.93889390390723E-18));
#11902=CARTESIAN_POINT('',(-0.0104497642694684,-0.0148392332556426,0.001));
#11903=CARTESIAN_POINT('',(-0.0104497642694684,-0.0148392332556426,-6.93889390390723E-18));
#11904=CARTESIAN_POINT('',(-0.0104497642694684,-0.0143912700671191,0.001));
#11905=CARTESIAN_POINT('',(-0.0104497642694684,-0.0143912700671191,-6.93889390390723E-18));
#11906=CARTESIAN_POINT('',(-0.010736000566667,-0.0156062517967171,-6.93889390390723E-18));
#11907=CARTESIAN_POINT('',(-0.010736000566667,-0.0156062517967171,0.000999999999999987));
#11908=CARTESIAN_POINT('',(-0.010736000566667,-0.0156062517967171,0.001));
#11909=CARTESIAN_POINT('',(-0.0104497642694684,-0.0150632148499043,0.001));
#11910=CARTESIAN_POINT('',(-0.0104497642694684,-0.0143912700671191,0.001));
#11911=CARTESIAN_POINT('',(-0.0125829461515888,-0.0146621611774392,-3.01641385194705E-17));
#11912=CARTESIAN_POINT('',(-0.0125829461515888,-0.0146621611774392,0.000999999999999987));
#11913=CARTESIAN_POINT('',(-0.0119377870059686,-0.0160122607289136,0.000999999999999988));
#11914=CARTESIAN_POINT('',(-0.0119377870059686,-0.0160122607289136,-1.04083408558608E-17));
#11915=CARTESIAN_POINT('',(-0.0123329690333066,-0.016318797472722,0.000999999999999988));
#11916=CARTESIAN_POINT('',(-0.0123329690333066,-0.016318797472722,-1.04083408558608E-17));
#11917=CARTESIAN_POINT('',(-0.0129812299617136,-0.0164720658446262,0.000999999999999988));
#11918=CARTESIAN_POINT('',(-0.0129812299617136,-0.0164720658446262,-1.04083408558608E-17));
#11919=CARTESIAN_POINT('',(-0.0138825697911899,-0.0164720658446262,0.000999999999999988));
#11920=CARTESIAN_POINT('',(-0.0138825697911899,-0.0164720658446262,-1.04083408558608E-17));
#11921=CARTESIAN_POINT('',(-0.0119377870059686,-0.0160122607289136,-1.04083408558608E-17));
#11922=CARTESIAN_POINT('',(-0.0119377870059686,-0.0160122607289136,0.000999999999999987));
#11923=CARTESIAN_POINT('',(-0.0119377870059686,-0.0160122607289136,0.000999999999999987));
#11924=CARTESIAN_POINT('',(-0.0125305600469755,-0.0164720658446262,0.001));
#11925=CARTESIAN_POINT('',(-0.0138825697911899,-0.0164720658446262,0.001));
#11926=CARTESIAN_POINT('',(-0.0113450139649617,-0.0145638238633026,0.001));
#11927=CARTESIAN_POINT('',(-0.0113450139649617,-0.0145638238633026,-6.93889390390723E-18));
#11928=CARTESIAN_POINT('',(-0.0113450139649617,-0.0152229116965682,0.001));
#11929=CARTESIAN_POINT('',(-0.0113450139649617,-0.0152229116965682,-6.93889390390723E-18));
#11930=CARTESIAN_POINT('',(-0.0115426049786307,-0.0157057239851052,0.001));
#11931=CARTESIAN_POINT('',(-0.0115426049786307,-0.0157057239851052,-6.93889390390723E-18));
#11932=CARTESIAN_POINT('',(-0.0119377870059686,-0.0160122607289136,0.001));
#11933=CARTESIAN_POINT('',(-0.0119377870059686,-0.0160122607289136,-6.93889390390723E-18));
#11934=CARTESIAN_POINT('',(-0.0113450139649617,-0.0145638238633026,-1.04083408558608E-17));
#11935=CARTESIAN_POINT('',(-0.0113450139649617,-0.0145638238633026,0.001));
#11936=CARTESIAN_POINT('',(-0.0113450139649617,-0.0145638238633026,0.000999999999999987));
#11937=CARTESIAN_POINT('',(-0.0113450139649617,-0.0155524556132011,0.000999999999999987));
#11938=CARTESIAN_POINT('',(-0.0119377870059686,-0.0160122607289136,0.000999999999999987));
#11939=CARTESIAN_POINT('',(-0.0117601580981326,-0.0134533894337451,0.000999999999999987));
#11940=CARTESIAN_POINT('',(-0.0117601580981326,-0.0134533894337451,-1.04083408558608E-17));
#11941=CARTESIAN_POINT('',(-0.0114833953426854,-0.0136902279775264,0.000999999999999987));
#11942=CARTESIAN_POINT('',(-0.0114833953426854,-0.0136902279775264,-1.04083408558608E-17));
#11943=CARTESIAN_POINT('',(-0.0113450139649617,-0.0140603727873789,0.000999999999999987));
#11944=CARTESIAN_POINT('',(-0.0113450139649617,-0.0140603727873789,-1.04083408558608E-17));
#11945=CARTESIAN_POINT('',(-0.0113450139649617,-0.0145638238633026,0.000999999999999987));
#11946=CARTESIAN_POINT('',(-0.0113450139649617,-0.0145638238633026,-1.04083408558608E-17));
#11947=CARTESIAN_POINT('',(-0.0117601580981326,-0.0134533894337451,-1.04083408558608E-17));
#11948=CARTESIAN_POINT('',(-0.0117601580981326,-0.0134533894337451,0.000999999999999987));
#11949=CARTESIAN_POINT('',(-0.0117601580981326,-0.0134533894337451,0.000999999999999987));
#11950=CARTESIAN_POINT('',(-0.0113450139649617,-0.0138086472494171,0.000999999999999987));
#11951=CARTESIAN_POINT('',(-0.0113450139649617,-0.0145638238633026,0.000999999999999987));
#11952=CARTESIAN_POINT('',(-0.0130076205423064,-0.0130981316180732,0.000999999999999991));
#11953=CARTESIAN_POINT('',(-0.0130076205423064,-0.0130981316180732,-1.06251812903579E-17));
#11954=CARTESIAN_POINT('',(-0.0124527416683045,-0.0130981316180732,0.000999999999999991));
#11955=CARTESIAN_POINT('',(-0.0124527416683045,-0.0130981316180732,-1.06251812903579E-17));
#11956=CARTESIAN_POINT('',(-0.0120369208535799,-0.0132165508899638,0.000999999999999991));
#11957=CARTESIAN_POINT('',(-0.0120369208535799,-0.0132165508899638,-1.06251812903579E-17));
#11958=CARTESIAN_POINT('',(-0.0117601580981326,-0.0134533894337451,0.000999999999999991));
#11959=CARTESIAN_POINT('',(-0.0117601580981326,-0.0134533894337451,-1.06251812903579E-17));
#11960=CARTESIAN_POINT('',(-0.0130076205423064,-0.0130981316180732,0.000999999999999987));
#11961=CARTESIAN_POINT('',(-0.0121753022313036,-0.0130981316180732,0.001));
#11962=CARTESIAN_POINT('',(-0.0117601580981326,-0.0134533894337451,0.000999999999999987));
#11963=CARTESIAN_POINT('',(-0.0119093663807149,-0.0115745831000058,0.000999999999999999));
#11964=CARTESIAN_POINT('',(-0.0119093663807149,-0.0115745831000058,-6.93889390390723E-18));
#11965=CARTESIAN_POINT('',(-0.0122856013245503,-0.0118878866593508,0.000999999999999997));
#11966=CARTESIAN_POINT('',(-0.0122856013245503,-0.0118878866593508,-9.32413868337534E-18));
#11967=CARTESIAN_POINT('',(-0.012864840734484,-0.0120445384390232,0.000999999999999996));
#11968=CARTESIAN_POINT('',(-0.012864840734484,-0.0120445384390232,-1.04083408558608E-17));
#11969=CARTESIAN_POINT('',(-0.0136470846105159,-0.0120445384390232,0.000999999999999996));
#11970=CARTESIAN_POINT('',(-0.0136470846105159,-0.0120445384390232,-1.04083408558608E-17));
#11971=CARTESIAN_POINT('',(-0.0119093663807149,-0.0115745831000058,-6.93889390390723E-18));
#11972=CARTESIAN_POINT('',(-0.0119093663807149,-0.0115745831000058,0.001));
#11973=CARTESIAN_POINT('',(-0.0119093663807149,-0.0115745831000058,0.001));
#11974=CARTESIAN_POINT('',(-0.012473718796468,-0.0120445384390232,0.000999999999999984));
#11975=CARTESIAN_POINT('',(-0.0136470846105159,-0.0120445384390232,0.001));
#11976=CARTESIAN_POINT('',(-0.0113450139649617,-0.0101220861450728,0.001));
#11977=CARTESIAN_POINT('',(-0.0113450139649617,-0.0101220861450728,-1.04083408558608E-17));
#11978=CARTESIAN_POINT('',(-0.0113450139649617,-0.0107771138890165,0.001));
#11979=CARTESIAN_POINT('',(-0.0113450139649617,-0.0107771138890165,-1.04083408558608E-17));
#11980=CARTESIAN_POINT('',(-0.0115331314368794,-0.0112612795406608,0.001));
#11981=CARTESIAN_POINT('',(-0.0115331314368794,-0.0112612795406608,-9.32413868337534E-18));
#11982=CARTESIAN_POINT('',(-0.0119093663807149,-0.0115745831000058,0.001));
#11983=CARTESIAN_POINT('',(-0.0119093663807149,-0.0115745831000058,-6.93889390390723E-18));
#11984=CARTESIAN_POINT('',(-0.0113450139649617,-0.0101220861450728,-1.04083408558608E-17));
#11985=CARTESIAN_POINT('',(-0.0113450139649617,-0.0101220861450728,0.001));
#11986=CARTESIAN_POINT('',(-0.0113450139649617,-0.0101220861450728,0.000999999999999987));
#11987=CARTESIAN_POINT('',(-0.0113450139649617,-0.0111046277609883,0.000999999999999987));
#11988=CARTESIAN_POINT('',(-0.0119093663807149,-0.0115745831000058,0.001));
#11989=CARTESIAN_POINT('',(-0.0117601580981326,-0.00901774184949827,0.001));
#11990=CARTESIAN_POINT('',(-0.0117601580981326,-0.00901774184949827,-1.04083408558608E-17));
#11991=CARTESIAN_POINT('',(-0.0114833953426854,-0.00925458039327956,0.001));
#11992=CARTESIAN_POINT('',(-0.0114833953426854,-0.00925458039327956,-1.04083408558608E-17));
#11993=CARTESIAN_POINT('',(-0.0113450139649617,-0.00962269515847106,0.001));
#11994=CARTESIAN_POINT('',(-0.0113450139649617,-0.00962269515847106,-1.04083408558608E-17));
#11995=CARTESIAN_POINT('',(-0.0113450139649617,-0.0101220861450728,0.001));
#11996=CARTESIAN_POINT('',(-0.0113450139649617,-0.0101220861450728,-1.04083408558608E-17));
#11997=CARTESIAN_POINT('',(-0.0117601580981326,-0.00901774184949827,-1.04083408558608E-17));
#11998=CARTESIAN_POINT('',(-0.0117601580981327,-0.00901774184949827,0.001));
#11999=CARTESIAN_POINT('',(-0.0117601580981326,-0.00901774184949827,0.000999999999999987));
#12000=CARTESIAN_POINT('',(-0.0113450139649617,-0.00937299966517021,0.000999999999999987));
#12001=CARTESIAN_POINT('',(-0.0113450139649617,-0.0101220861450728,0.000999999999999987));
#12002=CARTESIAN_POINT('',(-0.0130076205423064,-0.00866248403382632,0.001));
#12003=CARTESIAN_POINT('',(-0.0130076205423064,-0.00866248403382632,-7.15573433840433E-18));
#12004=CARTESIAN_POINT('',(-0.0124527416683045,-0.00866248403382632,0.000999999999999997));
#12005=CARTESIAN_POINT('',(-0.0124527416683045,-0.00866248403382632,-9.54097911787244E-18));
#12006=CARTESIAN_POINT('',(-0.0120369208535799,-0.00878090330571697,0.000999999999999996));
#12007=CARTESIAN_POINT('',(-0.0120369208535799,-0.00878090330571697,-1.06251812903579E-17));
#12008=CARTESIAN_POINT('',(-0.0117601580981326,-0.00901774184949827,0.000999999999999996));
#12009=CARTESIAN_POINT('',(-0.0117601580981326,-0.00901774184949827,-1.06251812903579E-17));
#12010=CARTESIAN_POINT('',(-0.0130076205423064,-0.00866248403382632,0.001));
#12011=CARTESIAN_POINT('',(-0.0121753022313036,-0.00866248403382632,0.000999999999999987));
#12012=CARTESIAN_POINT('',(-0.0117601580981326,-0.00901774184949827,0.000999999999999987));
#12013=CARTESIAN_POINT('',(-0.0128533371480717,-0.0127053179761731,0.001));
#12014=CARTESIAN_POINT('',(-0.011541928297077,-0.0242623622311466,-1.04083408558608E-17));
#12015=CARTESIAN_POINT('',(-0.011541928297077,-0.0242938279233919,-1.04083408558608E-17));
#12016=CARTESIAN_POINT('',(-0.011541928297077,-0.0242938279233919,0.000999999999999987));
#12017=CARTESIAN_POINT('',(-0.011541928297077,-0.0225276890683371,0.000999999999999987));
#12018=CARTESIAN_POINT('',(-0.011541928297077,-0.0242308965389015,0.000999999999999987));
#12019=CARTESIAN_POINT('',(-0.011541928297077,-0.0242308965389015,-1.04083408558608E-17));
#12020=CARTESIAN_POINT('',(-0.00915256573110058,-0.0242430768068673,-1.04083408558608E-17));
#12021=CARTESIAN_POINT('',(-0.00765845286061742,-0.0242430768068673,-6.93889390390723E-18));
#12022=CARTESIAN_POINT('',(-0.00765845286061743,-0.0242430768068673,0.000999999999999987));
#12023=CARTESIAN_POINT('',(-0.0125945064537965,-0.0242430768068673,0.000999999999999987));
#12024=CARTESIAN_POINT('',(-0.0106466786015837,-0.0242430768068673,0.000999999999999987));
#12025=CARTESIAN_POINT('',(-0.0106466786015837,-0.0242430768068673,-6.93889390390723E-18));
#12026=CARTESIAN_POINT('',(-0.00765845286061742,-0.0247698733963923,-6.93889390390723E-18));
#12027=CARTESIAN_POINT('',(-0.00765845286061742,-0.0252966699859172,-6.93889390390723E-18));
#12028=CARTESIAN_POINT('',(-0.00765845286061743,-0.0252966699859172,0.000999999999999987));
#12029=CARTESIAN_POINT('',(-0.00765845286061743,-0.0225276890683371,0.000999999999999987));
#12030=CARTESIAN_POINT('',(-0.0125945064537965,-0.0252966699859172,-6.93889390390723E-18));
#12031=CARTESIAN_POINT('',(-0.0175305600469755,-0.0252966699859172,-6.93889390390723E-18));
#12032=CARTESIAN_POINT('',(-0.0175305600469755,-0.0252966699859172,0.001));
#12033=CARTESIAN_POINT('',(-0.0125945064537965,-0.0252966699859172,0.000999999999999987));
#12034=CARTESIAN_POINT('',(-0.0175305600469755,-0.0247698733963923,-6.93889390390723E-18));
#12035=CARTESIAN_POINT('',(-0.0175305600469755,-0.0242430768068673,-6.93889390390723E-18));
#12036=CARTESIAN_POINT('',(-0.0175305600469755,-0.0242430768068673,0.001));
#12037=CARTESIAN_POINT('',(-0.0175305600469755,-0.0225276890683371,0.001));
#12038=CARTESIAN_POINT('',(-0.0157126550530656,-0.0242430768068673,-6.93889390390723E-18));
#12039=CARTESIAN_POINT('',(-0.0138947500591558,-0.0242430768068673,-1.04083408558608E-17));
#12040=CARTESIAN_POINT('',(-0.0138947500591558,-0.0242430768068673,0.000999999999999987));
#12041=CARTESIAN_POINT('',(-0.0125945064537965,-0.0242430768068673,0.000999999999999987));
#12042=CARTESIAN_POINT('',(-0.0152812705626069,-0.0205382453005742,-1.04083408558608E-17));
#12043=CARTESIAN_POINT('',(-0.0175305600469755,-0.0205382453005742,-6.93889390390723E-18));
#12044=CARTESIAN_POINT('',(-0.0175305600469755,-0.0205382453005742,0.000999999999999984));
#12045=CARTESIAN_POINT('',(-0.0125945064537965,-0.0205382453005742,0.000999999999999987));
#12046=CARTESIAN_POINT('',(-0.0130319810782382,-0.0205382453005742,0.000999999999999987));
#12047=CARTESIAN_POINT('',(-0.0130319810782382,-0.0205382453005742,-1.04083408558608E-17));
#12048=CARTESIAN_POINT('',(-0.0175305600469755,-0.0200114487110492,-6.93889390390723E-18));
#12049=CARTESIAN_POINT('',(-0.0175305600469755,-0.0194846521215243,-6.93889390390723E-18));
#12050=CARTESIAN_POINT('',(-0.0175305600469755,-0.0194846521215243,0.000999999999999984));
#12051=CARTESIAN_POINT('',(-0.0175305600469755,-0.0225276890683371,0.000999999999999984));
#12052=CARTESIAN_POINT('',(-0.015263000160658,-0.0194846521215243,-1.04083408558608E-17));
#12053=CARTESIAN_POINT('',(-0.0129954402743405,-0.0194846521215243,-1.04083408558608E-17));
#12054=CARTESIAN_POINT('',(-0.0129954402743405,-0.0194846521215243,0.000999999999999987));
#12055=CARTESIAN_POINT('',(-0.0125945064537965,-0.0194846521215243,0.000999999999999987));
#12056=CARTESIAN_POINT('',(-0.0110699429133986,-0.0201231011674033,0.000999999999999989));
#12057=CARTESIAN_POINT('',(-0.0110699429133986,-0.0201231011674033,-1.04083408558608E-17));
#12058=CARTESIAN_POINT('',(-0.0114739218009341,-0.0196974684701506,0.000999999999999989));
#12059=CARTESIAN_POINT('',(-0.0114739218009341,-0.0196974684701506,-1.04083408558608E-17));
#12060=CARTESIAN_POINT('',(-0.0121157542545814,-0.0194846521215243,0.000999999999999989));
#12061=CARTESIAN_POINT('',(-0.0121157542545814,-0.0194846521215243,-1.04083408558608E-17));
#12062=CARTESIAN_POINT('',(-0.0129954402743405,-0.0194846521215243,0.000999999999999989));
#12063=CARTESIAN_POINT('',(-0.0129954402743405,-0.0194846521215243,-1.04083408558608E-17));
#12064=CARTESIAN_POINT('',(-0.0110699429133986,-0.0201231011674033,-1.04083408558608E-17));
#12065=CARTESIAN_POINT('',(-0.0110699429133986,-0.0201231011674033,0.000999999999999987));
#12066=CARTESIAN_POINT('',(-0.0110699429133986,-0.0201231011674033,0.001));
#12067=CARTESIAN_POINT('',(-0.0116759112447019,-0.0194846521215243,0.001));
#12068=CARTESIAN_POINT('',(-0.0129954402743405,-0.0194846521215243,0.000999999999999984));
#12069=CARTESIAN_POINT('',(-0.0104639745820953,-0.0220364182603793,0.000999999999999986));
#12070=CARTESIAN_POINT('',(-0.0104639745820953,-0.0220364182603793,-6.93889390390723E-18));
#12071=CARTESIAN_POINT('',(-0.0104639745820953,-0.0211865062289813,0.000999999999999986));
#12072=CARTESIAN_POINT('',(-0.0104639745820953,-0.0211865062289813,-6.93889390390723E-18));
#12073=CARTESIAN_POINT('',(-0.0106659640258631,-0.0205487338646559,0.000999999999999985));
#12074=CARTESIAN_POINT('',(-0.0106659640258631,-0.0205487338646559,-8.23993651088983E-18));
#12075=CARTESIAN_POINT('',(-0.0110699429133986,-0.0201231011674033,0.000999999999999982));
#12076=CARTESIAN_POINT('',(-0.0110699429133986,-0.0201231011674033,-1.04083408558608E-17));
#12077=CARTESIAN_POINT('',(-0.0104639745820953,-0.0220364182603793,-6.93889390390723E-18));
#12078=CARTESIAN_POINT('',(-0.0104639745820953,-0.0220364182603793,0.000999999999999987));
#12079=CARTESIAN_POINT('',(-0.0104639745820953,-0.0220364182603793,0.000999999999999987));
#12080=CARTESIAN_POINT('',(-0.0104639745820953,-0.0207615502132822,0.000999999999999987));
#12081=CARTESIAN_POINT('',(-0.0110699429133986,-0.0201231011674033,0.001));
#12082=CARTESIAN_POINT('',(-0.0107522409239548,-0.023345797066713,0.000999999999999984));
#12083=CARTESIAN_POINT('',(-0.0107522409239548,-0.023345797066713,-6.93889390390723E-18));
#12084=CARTESIAN_POINT('',(-0.0105600633627151,-0.022962795307341,0.000999999999999984));
#12085=CARTESIAN_POINT('',(-0.0105600633627151,-0.022962795307341,-6.93889390390723E-18));
#12086=CARTESIAN_POINT('',(-0.0104639745820953,-0.0225263357052298,0.000999999999999984));
#12087=CARTESIAN_POINT('',(-0.0104639745820953,-0.0225263357052298,-6.93889390390723E-18));
#12088=CARTESIAN_POINT('',(-0.0104639745820953,-0.0220364182603793,0.000999999999999984));
#12089=CARTESIAN_POINT('',(-0.0104639745820953,-0.0220364182603793,-6.93889390390723E-18));
#12090=CARTESIAN_POINT('',(-0.0107522409239548,-0.023345797066713,-6.93889390390723E-18));
#12091=CARTESIAN_POINT('',(-0.0107522409239548,-0.023345797066713,0.000999999999999987));
#12092=CARTESIAN_POINT('',(-0.0107522409239548,-0.023345797066713,0.001));
#12093=CARTESIAN_POINT('',(-0.0104639745820953,-0.022771294427655,0.000999999999999987));
#12094=CARTESIAN_POINT('',(-0.0104639745820953,-0.0220364182603793,0.000999999999999987));
#12095=CARTESIAN_POINT('',(-0.011541928297077,-0.0242308965389015,0.000999999999999987));
#12096=CARTESIAN_POINT('',(-0.011541928297077,-0.0242308965389015,-1.47451495458029E-17));
#12097=CARTESIAN_POINT('',(-0.0112076476095686,-0.0240238319834812,0.000999999999999989));
#12098=CARTESIAN_POINT('',(-0.0112076476095686,-0.0240238319834812,-1.23599047663348E-17));
#12099=CARTESIAN_POINT('',(-0.0109444184851945,-0.0237287988260851,0.00099999999999999));
#12100=CARTESIAN_POINT('',(-0.0109444184851945,-0.0237287988260851,-1.12757025938492E-17));
#12101=CARTESIAN_POINT('',(-0.0107522409239548,-0.023345797066713,0.00099999999999999));
#12102=CARTESIAN_POINT('',(-0.0107522409239548,-0.023345797066713,-1.12757025938492E-17));
#12103=CARTESIAN_POINT('',(-0.011541928297077,-0.0242308965389015,0.001));
#12104=CARTESIAN_POINT('',(-0.0110405072658143,-0.0239202997057711,0.001));
#12105=CARTESIAN_POINT('',(-0.0107522409239548,-0.023345797066713,0.001));
#12106=CARTESIAN_POINT('',(-0.0106466786015837,-0.0242430768068673,0.000999999999999985));
#12107=CARTESIAN_POINT('',(-0.0106466786015837,-0.0242430768068673,-6.93889390390723E-18));
#12108=CARTESIAN_POINT('',(-0.0110066731881313,-0.0242430768068673,0.000999999999999985));
#12109=CARTESIAN_POINT('',(-0.0110066731881313,-0.0242430768068673,-6.93889390390723E-18));
#12110=CARTESIAN_POINT('',(-0.0113050897532957,-0.0242599938457088,0.000999999999999984));
#12111=CARTESIAN_POINT('',(-0.0113050897532957,-0.0242599938457088,-8.02309607639273E-18));
#12112=CARTESIAN_POINT('',(-0.011541928297077,-0.0242938279233919,0.000999999999999982));
#12113=CARTESIAN_POINT('',(-0.011541928297077,-0.0242938279233919,-1.04083408558608E-17));
#12114=CARTESIAN_POINT('',(-0.0106466786015837,-0.0242430768068673,0.000999999999999987));
#12115=CARTESIAN_POINT('',(-0.0111866704814051,-0.0242430768068673,0.000999999999999987));
#12116=CARTESIAN_POINT('',(-0.011541928297077,-0.0242938279233919,0.001));
#12117=CARTESIAN_POINT('',(-0.0119418470952906,-0.0237386107086131,0.001));
#12118=CARTESIAN_POINT('',(-0.0119418470952906,-0.0237386107086131,-7.37257477290143E-18));
#12119=CARTESIAN_POINT('',(-0.0123397358488432,-0.0240749214407826,0.001));
#12120=CARTESIAN_POINT('',(-0.0123397358488432,-0.0240749214407826,-7.37257477290143E-18));
#12121=CARTESIAN_POINT('',(-0.0129907035034649,-0.0242430768068673,0.001));
#12122=CARTESIAN_POINT('',(-0.0129907035034649,-0.0242430768068673,-8.45677694538693E-18));
#12123=CARTESIAN_POINT('',(-0.0138947500591558,-0.0242430768068673,0.000999999999999998));
#12124=CARTESIAN_POINT('',(-0.0138947500591558,-0.0242430768068673,-1.0842021724855E-17));
#12125=CARTESIAN_POINT('',(-0.0119418470952906,-0.0237386107086131,-6.93889390390723E-18));
#12126=CARTESIAN_POINT('',(-0.0119418470952906,-0.0237386107086131,0.001));
#12127=CARTESIAN_POINT('',(-0.0119418470952906,-0.0237386107086131,0.001));
#12128=CARTESIAN_POINT('',(-0.0125386802256194,-0.0242430768068673,0.001));
#12129=CARTESIAN_POINT('',(-0.0138947500591558,-0.0242430768068673,0.000999999999999987));
#12130=CARTESIAN_POINT('',(-0.0113450139649617,-0.0221379204934284,0.001));
#12131=CARTESIAN_POINT('',(-0.0113450139649617,-0.0221379204934284,-1.04083408558608E-17));
#12132=CARTESIAN_POINT('',(-0.0113450139649617,-0.0228687365713821,0.001));
#12133=CARTESIAN_POINT('',(-0.0113450139649617,-0.0228687365713821,-1.04083408558608E-17));
#12134=CARTESIAN_POINT('',(-0.011543958341738,-0.0234022999764437,0.001));
#12135=CARTESIAN_POINT('',(-0.011543958341738,-0.0234022999764437,-9.32413868337534E-18));
#12136=CARTESIAN_POINT('',(-0.0119418470952906,-0.0237386107086131,0.001));
#12137=CARTESIAN_POINT('',(-0.0119418470952906,-0.0237386107086131,-6.93889390390723E-18));
#12138=CARTESIAN_POINT('',(-0.0113450139649617,-0.0221379204934284,-1.04083408558608E-17));
#12139=CARTESIAN_POINT('',(-0.0113450139649617,-0.0221379204934284,0.001));
#12140=CARTESIAN_POINT('',(-0.0113450139649617,-0.0221379204934284,0.000999999999999987));
#12141=CARTESIAN_POINT('',(-0.0113450139649617,-0.023234144610359,0.000999999999999987));
#12142=CARTESIAN_POINT('',(-0.0119418470952906,-0.0237386107086131,0.001));
#12143=CARTESIAN_POINT('',(-0.0117642181874546,-0.0209249688084913,0.000999999999999987));
#12144=CARTESIAN_POINT('',(-0.0117642181874546,-0.0209249688084913,-1.04083408558608E-17));
#12145=CARTESIAN_POINT('',(-0.0114847487057927,-0.0211827844804362,0.000999999999999987));
#12146=CARTESIAN_POINT('',(-0.0114847487057927,-0.0211827844804362,-1.04083408558608E-17));
#12147=CARTESIAN_POINT('',(-0.0113450139649617,-0.0215871017087485,0.000999999999999987));
#12148=CARTESIAN_POINT('',(-0.0113450139649617,-0.0215871017087485,-1.04083408558608E-17));
#12149=CARTESIAN_POINT('',(-0.0113450139649617,-0.0221379204934284,0.000999999999999987));
#12150=CARTESIAN_POINT('',(-0.0113450139649617,-0.0221379204934284,-1.04083408558608E-17));
#12151=CARTESIAN_POINT('',(-0.0117642181874546,-0.0209249688084913,-1.04083408558608E-17));
#12152=CARTESIAN_POINT('',(-0.0117642181874546,-0.0209249688084913,0.000999999999999987));
#12153=CARTESIAN_POINT('',(-0.0117642181874546,-0.0209249688084913,0.000999999999999987));
#12154=CARTESIAN_POINT('',(-0.0113450139649617,-0.0213116923164086,0.000999999999999987));
#12155=CARTESIAN_POINT('',(-0.0113450139649617,-0.0221379204934284,0.000999999999999987));
#12156=CARTESIAN_POINT('',(-0.0130319810782382,-0.0205382453005742,0.00099999999999999));
#12157=CARTESIAN_POINT('',(-0.0130319810782382,-0.0205382453005742,-1.04083408558608E-17));
#12158=CARTESIAN_POINT('',(-0.0124662752993777,-0.0205382453005742,0.000999999999999992));
#12159=CARTESIAN_POINT('',(-0.0124662752993777,-0.0205382453005742,-8.02309607639273E-18));
#12160=CARTESIAN_POINT('',(-0.0120436876691165,-0.0206671531365466,0.000999999999999992));
#12161=CARTESIAN_POINT('',(-0.0120436876691165,-0.0206671531365466,-8.02309607639273E-18));
#12162=CARTESIAN_POINT('',(-0.0117642181874546,-0.0209249688084913,0.00099999999999999));
#12163=CARTESIAN_POINT('',(-0.0117642181874546,-0.0209249688084913,-1.04083408558608E-17));
#12164=CARTESIAN_POINT('',(-0.0130319810782382,-0.0205382453005742,0.000999999999999984));
#12165=CARTESIAN_POINT('',(-0.0121834224099475,-0.0205382453005742,0.001));
#12166=CARTESIAN_POINT('',(-0.0117642181874546,-0.0209249688084913,0.000999999999999987));
#12167=CARTESIAN_POINT('',(-0.0125945064537965,-0.0225276890683371,0.000999999999999987));
#12168=CARTESIAN_POINT('',(-0.00821671514238762,-0.0313573683212807,-1.04083408558608E-17));
#12169=CARTESIAN_POINT('',(-0.00821671514238762,-0.0318110833030103,-1.04083408558608E-17));
#12170=CARTESIAN_POINT('',(-0.00821671514238763,-0.0318110833030103,0.001));
#12171=CARTESIAN_POINT('',(-0.00821671514238763,-0.0309452692551012,0.001));
#12172=CARTESIAN_POINT('',(-0.00821671514238763,-0.0309036533395511,0.001));
#12173=CARTESIAN_POINT('',(-0.00821671514238762,-0.0309036533395511,-1.04083408558608E-17));
#12174=CARTESIAN_POINT('',(-0.0128736375946816,-0.0336442136318775,-1.38777878078145E-17));
#12175=CARTESIAN_POINT('',(-0.0175305600469755,-0.0354773439607447,-6.93889390390723E-18));
#12176=CARTESIAN_POINT('',(-0.0175305600469755,-0.0354773439607447,0.001));
#12177=CARTESIAN_POINT('',(-0.0128736375946816,-0.0336442136318775,0.000999999999999984));
#12178=CARTESIAN_POINT('',(-0.0175305600469755,-0.0349312619469404,-6.93889390390723E-18));
#12179=CARTESIAN_POINT('',(-0.0175305600469755,-0.0343851799331361,-6.93889390390723E-18));
#12180=CARTESIAN_POINT('',(-0.0175305600469755,-0.0343851799331361,0.001));
#12181=CARTESIAN_POINT('',(-0.0175305600469755,-0.0309452692551012,0.001));
#12182=CARTESIAN_POINT('',(-0.0160557326007717,-0.0338147373834,-6.93889390390723E-18));
#12183=CARTESIAN_POINT('',(-0.0145809051545679,-0.0332442948336639,-1.38777878078145E-17));
#12184=CARTESIAN_POINT('',(-0.0145809051545679,-0.0332442948336639,0.001));
#12185=CARTESIAN_POINT('',(-0.0160557326007717,-0.0338147373834,0.000999999999999987));
#12186=CARTESIAN_POINT('',(-0.0145809051545679,-0.0313857889465344,-1.38777878078145E-17));
#12187=CARTESIAN_POINT('',(-0.0145809051545679,-0.0295272830594049,-1.38777878078145E-17));
#12188=CARTESIAN_POINT('',(-0.0145809051545679,-0.0295272830594049,0.001));
#12189=CARTESIAN_POINT('',(-0.0145809051545679,-0.0309452692551012,0.001));
#12190=CARTESIAN_POINT('',(-0.0160557326007717,-0.0289497353533554,-1.04083408558608E-17));
#12191=CARTESIAN_POINT('',(-0.0175305600469755,-0.0283721876473058,-6.93889390390723E-18));
#12192=CARTESIAN_POINT('',(-0.0175305600469755,-0.0283721876473058,0.001));
#12193=CARTESIAN_POINT('',(-0.0160557326007717,-0.0289497353533554,0.000999999999999987));
#12194=CARTESIAN_POINT('',(-0.0175305600469755,-0.0278139253655356,-6.93889390390723E-18));
#12195=CARTESIAN_POINT('',(-0.0175305600469755,-0.0272556630837654,-6.93889390390723E-18));
#12196=CARTESIAN_POINT('',(-0.0175305600469755,-0.0272556630837654,0.001));
#12197=CARTESIAN_POINT('',(-0.0175305600469755,-0.0309452692551012,0.001));
#12198=CARTESIAN_POINT('',(-0.0121732721866426,-0.0304022323082883,-1.04083408558608E-17));
#12199=CARTESIAN_POINT('',(-0.0136105438066182,-0.029862240428467,-3.46944695195361E-18));
#12200=CARTESIAN_POINT('',(-0.0136105438066182,-0.029862240428467,0.001));
#12201=CARTESIAN_POINT('',(-0.0136105438066182,-0.029862240428467,-3.46944695195361E-18));
#12202=CARTESIAN_POINT('',(-0.0121732721866426,-0.0304022323082883,0.000999999999999987));
#12203=CARTESIAN_POINT('',(-0.0107361690711709,-0.0309426787607194,0.00099999975));
#12204=CARTESIAN_POINT('',(-0.010736000566667,-0.0309422241881097,-6.93889390390723E-18));
#12205=CARTESIAN_POINT('',(-0.0107361690711709,-0.0309426787607194,-7.80625564189218E-18));
#12206=CARTESIAN_POINT('',(-0.0283081768485293,-0.0243402483533987,-1.04083408558608E-17));
#12207=CARTESIAN_POINT('',(-0.0136105438066182,-0.0313624434329331,-3.46944695195361E-18));
#12208=CARTESIAN_POINT('',(-0.0136105438066182,-0.0328626464373992,-1.04083408558608E-17));
#12209=CARTESIAN_POINT('',(-0.0136105438066182,-0.0328626464373992,0.001));
#12210=CARTESIAN_POINT('',(-0.0136105438066182,-0.0328626464373992,-1.04083408558608E-17));
#12211=CARTESIAN_POINT('',(-0.0136105438066182,-0.0309452692551012,0.001));
#12212=CARTESIAN_POINT('',(-0.0136105438066182,0.0463870190112407,-6.93889390390723E-18));
#12213=CARTESIAN_POINT('',(-0.0121732721866426,-0.0323175794459254,-1.04083408558608E-17));
#12214=CARTESIAN_POINT('',(-0.010736000566667,-0.0317725124544515,-6.93889390390723E-18));
#12215=CARTESIAN_POINT('',(-0.010735881095391,-0.0317728407606604,0.000999999999999997));
#12216=CARTESIAN_POINT('',(-0.010735881095391,-0.0317728407606604,-9.54097911788052E-18));
#12217=CARTESIAN_POINT('',(-0.0121732721866426,-0.0323175794459254,0.000999999999999987));
#12218=CARTESIAN_POINT('',(0.0230468282575789,-0.0189608040655956,-1.04083408558608E-17));
#12219=CARTESIAN_POINT('',(-0.0128736375946816,-0.0290796582116583,-6.93889390390723E-18));
#12220=CARTESIAN_POINT('',(-0.0128736375946816,-0.0290796582116583,0.000999999999999987));
#12221=CARTESIAN_POINT('',(-0.00658029840081058,-0.0431923521781545,1.03941937590266E-15));
#12222=CARTESIAN_POINT('',(-0.00658029840081058,-0.0431923521781545,-6.93889390390723E-18));
#12223=CARTESIAN_POINT('',(-0.00939799666558323,-0.0313717686876514,-6.93889390390723E-18));
#12224=CARTESIAN_POINT('',(-0.00939799666555832,-0.0313717686860399,0.000999999999999987));
#12225=CARTESIAN_POINT('',(-0.00939799666558323,-0.0313717686876514,0.001));
#12226=CARTESIAN_POINT('',(-0.00658029840081058,-0.0431923521781545,0.000999999999999987));
#12227=CARTESIAN_POINT('',(-0.00531131832921747,-0.0163081229949743,1.69341522194888E-15));
#12228=CARTESIAN_POINT('',(-0.00531131832921747,-0.0163081229949743,-6.93889390390723E-18));
#12229=CARTESIAN_POINT('',(-0.00531131832921747,-0.0163081229949743,0.001));
#12230=CARTESIAN_POINT('',(-0.0128533371480717,-0.0309452692551012,0.001));
#12231=CARTESIAN_POINT('',(-0.00173550295164497,0.0463870190112407,-6.93889390390723E-18));
#12232=MECHANICAL_DESIGN_GEOMETRIC_PRESENTATION_REPRESENTATION('',(#6896),
#12233);
#12233=(
GEOMETRIC_REPRESENTATION_CONTEXT(3)
GLOBAL_UNCERTAINTY_ASSIGNED_CONTEXT((#12234))
GLOBAL_UNIT_ASSIGNED_CONTEXT((#12237,#12236,#12235))
REPRESENTATION_CONTEXT('Door Handle','TOP_LEVEL_ASSEMBLY_PART')
);
#12234=UNCERTAINTY_MEASURE_WITH_UNIT(LENGTH_MEASURE(2.E-5),#12237,
'DISTANCE_ACCURACY_VALUE','Maximum Tolerance applied to model');
#12235=(
NAMED_UNIT(*)
SI_UNIT($,.STERADIAN.)
SOLID_ANGLE_UNIT()
);
#12236=(
NAMED_UNIT(*)
PLANE_ANGLE_UNIT()
SI_UNIT($,.RADIAN.)
);
#12237=(
LENGTH_UNIT()
NAMED_UNIT(*)
SI_UNIT($,.METRE.)
);
#12238=PRODUCT_DEFINITION_SHAPE('','',#12239);
#12239=PRODUCT_DEFINITION('','',#12241,#12240);
#12240=PRODUCT_DEFINITION_CONTEXT('',#12247,'design');
#12241=PRODUCT_DEFINITION_FORMATION_WITH_SPECIFIED_SOURCE('','',#12243,
 .NOT_KNOWN.);
#12242=PRODUCT_RELATED_PRODUCT_CATEGORY('','',(#12243));
#12243=PRODUCT('Door Handle','Door Handle','Door Handle',(#12245));
#12244=PRODUCT_CATEGORY('','');
#12245=PRODUCT_CONTEXT('',#12247,'mechanical');
#12246=APPLICATION_PROTOCOL_DEFINITION('international standard',
'ap242_managed_model_based_3d_engineering',2020,#12247);
#12247=APPLICATION_CONTEXT('managed model based 3d engineering');
ENDSEC;
END-ISO-10303-21;
