ISO-10303-21;
HEADER;
/* Generated by software containing ST-Developer
 * from STEP Tools, Inc. (www.steptools.com) 
 */
/* OPTION: using custom renumber hook */

FILE_DESCRIPTION(
/* description */ ('STEP AP242 Edition 2',
'CAx-IF Rec.Pracs.---Representation and Presentation of Product Manufa
cturing Information (PMI)---4.0---2014-10-13',
'CAx-IF Rec.Pracs.---3D Tessellated Geometry---0.4---2014-09-14','2;1',
'CAx-IF Rec.Pracs.---User Defined Attributes---1.5---2016-08-15'),
/* implementation_level */ '2;1');

FILE_NAME(
/* name */ 'N-Metheus - Part 1 (5)',
/* time_stamp */ '2026-01-30T20:52:40Z',
/* author */ (''),
/* organization */ (''),
/* preprocessor_version */ 'ST-DEVELOPER v20',
/* originating_system */ 'ONSHAPE BY PTC INC, 1.210',
/* authorisation */ '  ');

FILE_SCHEMA (('AP242_MANAGED_MODEL_BASED_3D_ENGINEERING_MIM_LF { 1 0 10303 442 3 1 4 }'));
ENDSEC;

DATA;
#10=SHAPE_REPRESENTATION_RELATIONSHIP('','',#1369,#11);
#11=ADVANCED_BREP_SHAPE_REPRESENTATION('',(#1367),#2743);
#12=(
BOUNDED_SURFACE()
B_SPLINE_SURFACE(3,2,((#2517,#2518,#2519),(#2520,#2521,#2522),(#2523,#2524,
#2525),(#2526,#2527,#2528),(#2529,#2530,#2531),(#2532,#2533,#2534),(#2535,
#2536,#2537),(#2538,#2539,#2540),(#2541,#2542,#2543),(#2544,#2545,#2546),
(#2547,#2548,#2549),(#2550,#2551,#2552),(#2553,#2554,#2555),(#2556,#2557,
#2558),(#2559,#2560,#2561)),.UNSPECIFIED.,.F.,.F.,.F.)
B_SPLINE_SURFACE_WITH_KNOTS((4,1,1,1,1,1,1,1,1,1,1,1,4),(3,3),(0.00484056542613382,
0.00746788953729663,0.0100952136484594,0.0114088757040408,0.0127225377596222,
0.0140361998152036,0.015349861870785,0.0166635239263665,0.0179771859819479,
0.0192908480375293,0.0206045100931107,0.0232318342042735,0.0258591583154363),
(0.,1.),.UNSPECIFIED.)
GEOMETRIC_REPRESENTATION_ITEM()
RATIONAL_B_SPLINE_SURFACE(((1.,0.626654500879298,1.),(1.,0.65242153780105,
1.),(1.,0.705069828220761,1.),(1.,0.774444610720595,1.),(1.,0.831523352180153,
1.),(1.,0.874277592997031,1.),(1.,0.912129581459776,1.),(1.,0.930016172747236,
1.),(1.,0.911045031467229,1.),(1.,0.873032053909968,1.),(1.,0.830712668298717,
1.),(1.,0.773303696847097,1.),(1.,0.704962034894803,1.),(1.,0.652200844719475,
1.),(1.,0.626691891985103,1.)))
REPRESENTATION_ITEM('')
SURFACE()
);
#13=(
BOUNDED_SURFACE()
B_SPLINE_SURFACE(3,2,((#2576,#2577,#2578),(#2579,#2580,#2581),(#2582,#2583,
#2584),(#2585,#2586,#2587),(#2588,#2589,#2590),(#2591,#2592,#2593)),
 .UNSPECIFIED.,.F.,.F.,.F.)
B_SPLINE_SURFACE_WITH_KNOTS((4,1,1,4),(3,3),(0.0010123676913268,0.00307898354716553,
0.00411229147508489,0.00514559940300426),(0.,1.),.UNSPECIFIED.)
GEOMETRIC_REPRESENTATION_ITEM()
RATIONAL_B_SPLINE_SURFACE(((1.,0.633482054574083,1.),(1.,0.690956109743587,
1.),(1.,0.778474464927602,1.),(1.,0.880781266167342,1.),(1.,0.916947234427414,
1.),(1.,0.923879532511286,1.)))
REPRESENTATION_ITEM('')
SURFACE()
);
#14=(
BOUNDED_SURFACE()
B_SPLINE_SURFACE(3,2,((#2595,#2596,#2597),(#2598,#2599,#2600),(#2601,#2602,
#2603),(#2604,#2605,#2606),(#2607,#2608,#2609),(#2610,#2611,#2612)),
 .UNSPECIFIED.,.F.,.F.,.F.)
B_SPLINE_SURFACE_WITH_KNOTS((4,1,1,4),(3,3),(0.000915009728041041,0.00195768354798109,
0.00300035736792114,0.00508570500780125),(0.,1.),.UNSPECIFIED.)
GEOMETRIC_REPRESENTATION_ITEM()
RATIONAL_B_SPLINE_SURFACE(((1.,0.923879532511278,1.),(1.,0.916931251781422,
1.),(1.,0.880780300754277,1.),(1.,0.778531499023392,1.),(1.,0.690435285761873,
1.),(1.,0.633482054574089,1.)))
REPRESENTATION_ITEM('')
SURFACE()
);
#15=(
BOUNDED_SURFACE()
B_SPLINE_SURFACE(3,2,((#2647,#2648,#2649),(#2650,#2651,#2652),(#2653,#2654,
#2655),(#2656,#2657,#2658),(#2659,#2660,#2661),(#2662,#2663,#2664)),
 .UNSPECIFIED.,.F.,.F.,.F.)
B_SPLINE_SURFACE_WITH_KNOTS((4,1,1,4),(3,3),(0.000915009728041037,0.00195768354798109,
0.00300035736792114,0.00508570500780124),(0.,1.),.UNSPECIFIED.)
GEOMETRIC_REPRESENTATION_ITEM()
RATIONAL_B_SPLINE_SURFACE(((1.,0.923879532511289,1.),(1.,0.916931251775331,
1.),(1.,0.880780300757041,1.),(1.,0.778531499021758,1.),(1.,0.690435285761757,
1.),(1.,0.633482054574088,1.)))
REPRESENTATION_ITEM('')
SURFACE()
);
#16=(
BOUNDED_SURFACE()
B_SPLINE_SURFACE(3,2,((#2672,#2673,#2674),(#2675,#2676,#2677),(#2678,#2679,
#2680),(#2681,#2682,#2683),(#2684,#2685,#2686),(#2687,#2688,#2689)),
 .UNSPECIFIED.,.F.,.F.,.F.)
B_SPLINE_SURFACE_WITH_KNOTS((4,1,1,4),(3,3),(0.0010123676913268,0.00307898354716553,
0.00411229147508489,0.00514559940300425),(0.,1.),.UNSPECIFIED.)
GEOMETRIC_REPRESENTATION_ITEM()
RATIONAL_B_SPLINE_SURFACE(((1.,0.633482054574074,1.),(1.,0.690956109383856,
1.),(1.,0.778474465004773,1.),(1.,0.880781266158629,1.),(1.,0.916947234410615,
1.),(1.,0.923879532511286,1.)))
REPRESENTATION_ITEM('')
SURFACE()
);
#17=(
BOUNDED_SURFACE()
B_SPLINE_SURFACE(3,2,((#2697,#2698,#2699),(#2700,#2701,#2702),(#2703,#2704,
#2705),(#2706,#2707,#2708),(#2709,#2710,#2711),(#2712,#2713,#2714),(#2715,
#2716,#2717),(#2718,#2719,#2720),(#2721,#2722,#2723),(#2724,#2725,#2726),
(#2727,#2728,#2729),(#2730,#2731,#2732),(#2733,#2734,#2735),(#2736,#2737,
#2738),(#2739,#2740,#2741)),.UNSPECIFIED.,.F.,.F.,.F.)
B_SPLINE_SURFACE_WITH_KNOTS((4,1,1,1,1,1,1,1,1,1,1,1,4),(3,3),(0.00484056542613296,
0.00746788953729587,0.0100952136484588,0.0114088757040402,0.0127225377596217,
0.0140361998152031,0.0153498618707846,0.016663523926366,0.0179771859819475,
0.0192908480375289,0.0206045100931104,0.0232318342042733,0.0258591583154362),
(0.,1.),.UNSPECIFIED.)
GEOMETRIC_REPRESENTATION_ITEM()
RATIONAL_B_SPLINE_SURFACE(((1.,0.626654500879275,1.),(1.,0.652421537801712,
1.),(1.,0.705069828220414,1.),(1.,0.774444610720616,1.),(1.,0.831523352180127,
1.),(1.,0.874277592997018,1.),(1.,0.912129581459765,1.),(1.,0.930016172747238,
1.),(1.,0.911045031467231,1.),(1.,0.873032053909997,1.),(1.,0.830712668298649,
1.),(1.,0.773303696847498,1.),(1.,0.70496203489161,1.),(1.,0.652200844726188,
1.),(1.,0.626691891985097,1.)))
REPRESENTATION_ITEM('')
SURFACE()
);
#18=TOROIDAL_SURFACE('',#1501,0.0057625,0.001);
#19=TOROIDAL_SURFACE('',#1504,0.003,0.001);
#20=TOROIDAL_SURFACE('',#1505,0.003,0.001);
#21=TOROIDAL_SURFACE('',#1512,0.0117,0.001);
#22=TOROIDAL_SURFACE('',#1513,0.0057625,0.001);
#23=TOROIDAL_SURFACE('',#1516,0.003,0.001);
#24=TOROIDAL_SURFACE('',#1517,0.003,0.001);
#25=TOROIDAL_SURFACE('',#1522,0.0117,0.001);
#26=CONICAL_SURFACE('',#1466,0.0417,0.785398163397448);
#27=CONICAL_SURFACE('',#1485,0.003175,0.785398163397449);
#28=CONICAL_SURFACE('',#1487,0.003175,0.785398163397449);
#29=B_SPLINE_CURVE_WITH_KNOTS('',3,(#1983,#1984,#1985,#1986,#1987,#1988,
#1989,#1990,#1991,#1992,#1993,#1994,#1995,#1996,#1997,#1998,#1999,#2000),
 .UNSPECIFIED.,.T.,.F.,(1,1,1,1,1,1,1,1,1,1,1,1,1,1,1,1,1,1,1,1,1,1),(-0.0035786682899617,
-0.00238577885997444,-0.00119288942998718,7.77611082765921E-17,0.00119288942998734,
0.0023857788599746,0.00357866828996186,0.00477155771994912,0.00715733657992363,
0.00835022600991089,0.00954311543989815,0.0107360048698854,0.0119288942998727,
0.0131217837298599,0.0143146731598472,0.0155075625898345,0.0167004520198217,
0.017893341449809,0.0190862308797962,0.0202791203097835,0.0214720097397707,
0.022664899169758),.UNSPECIFIED.);
#30=B_SPLINE_CURVE_WITH_KNOTS('',3,(#2005,#2006,#2007,#2008,#2009,#2010,
#2011,#2012,#2013,#2014,#2015,#2016,#2017,#2018,#2019,#2020,#2021,#2022),
 .UNSPECIFIED.,.T.,.F.,(1,1,1,1,1,1,1,1,1,1,1,1,1,1,1,1,1,1,1,1,1,1),(-0.00357866828996171,
-0.00238577885997444,-0.00119288942998718,7.86006944594239E-17,0.00119288942998734,
0.0023857788599746,0.00357866828996187,0.00477155771994913,0.00715733657992366,
0.00835022600991092,0.00954311543989818,0.0107360048698854,0.0119288942998727,
0.01312178372986,0.0143146731598472,0.0155075625898345,0.0167004520198218,
0.017893341449809,0.0190862308797963,0.0202791203097835,0.0214720097397708,
0.0226648991697581),.UNSPECIFIED.);
#31=B_SPLINE_CURVE_WITH_KNOTS('',3,(#2032,#2033,#2034,#2035),
 .UNSPECIFIED.,.F.,.F.,(4,4),(0.,0.000119594678533039),.UNSPECIFIED.);
#32=B_SPLINE_CURVE_WITH_KNOTS('',3,(#2039,#2040,#2041,#2042,#2043,#2044),
 .UNSPECIFIED.,.F.,.F.,(4,1,1,4),(0.,0.00108869471873616,0.00217738943747232,
0.00435477887494463),.UNSPECIFIED.);
#33=B_SPLINE_CURVE_WITH_KNOTS('',3,(#2048,#2049,#2050,#2051,#2052,#2053),
 .UNSPECIFIED.,.F.,.F.,(4,1,1,4),(0.,0.00214282616231666,0.00321423924347499,
0.00428565232463332),.UNSPECIFIED.);
#34=B_SPLINE_CURVE_WITH_KNOTS('',3,(#2057,#2058,#2059,#2060),
 .UNSPECIFIED.,.F.,.F.,(4,4),(0.,0.000119594678533199),.UNSPECIFIED.);
#35=B_SPLINE_CURVE_WITH_KNOTS('',3,(#2068,#2069,#2070,#2071),
 .UNSPECIFIED.,.F.,.F.,(4,4),(0.,0.000119594678533085),.UNSPECIFIED.);
#36=B_SPLINE_CURVE_WITH_KNOTS('',3,(#2075,#2076,#2077,#2078,#2079,#2080),
 .UNSPECIFIED.,.F.,.F.,(4,1,1,4),(0.,0.00108869471873617,0.00217738943747234,
0.00435477887494468),.UNSPECIFIED.);
#37=B_SPLINE_CURVE_WITH_KNOTS('',3,(#2084,#2085,#2086,#2087,#2088,#2089),
 .UNSPECIFIED.,.F.,.F.,(4,1,1,4),(0.,0.00214282616231667,0.00321423924347501,
0.00428565232463334),.UNSPECIFIED.);
#38=B_SPLINE_CURVE_WITH_KNOTS('',3,(#2093,#2094,#2095,#2096),
 .UNSPECIFIED.,.F.,.F.,(4,4),(0.,0.000119594678533193),.UNSPECIFIED.);
#39=B_SPLINE_CURVE_WITH_KNOTS('',3,(#2175,#2176,#2177,#2178,#2179,#2180,
#2181,#2182,#2183,#2184,#2185,#2186),.UNSPECIFIED.,.F.,.F.,(4,1,1,1,1,1,
1,1,1,4),(0.,0.00224371754474427,0.00448743508948854,0.00673115263423281,
0.00897487017897708,0.0100967289513492,0.0112185877237214,0.0134623052684656,
0.0157060228132099,0.0179497403579542),.UNSPECIFIED.);
#40=B_SPLINE_CURVE_WITH_KNOTS('',3,(#2190,#2191,#2192,#2193,#2194,#2195,
#2196,#2197,#2198,#2199,#2200,#2201),.UNSPECIFIED.,.F.,.F.,(4,1,1,1,1,1,
1,1,1,4),(0.,0.00224371754474427,0.00448743508948855,0.00673115263423282,
0.00897487017897709,0.0100967289513492,0.0112185877237214,0.0134623052684656,
0.0157060228132099,0.0179497403579542),.UNSPECIFIED.);
#41=B_SPLINE_CURVE_WITH_KNOTS('',3,(#2213,#2214,#2215,#2216,#2217,#2218),
 .UNSPECIFIED.,.F.,.F.,(4,1,1,4),(0.,0.00839953493735924,0.0167990698747185,
0.0335981397494369),.UNSPECIFIED.);
#42=B_SPLINE_CURVE_WITH_KNOTS('',3,(#2222,#2223,#2224,#2225),
 .UNSPECIFIED.,.F.,.F.,(4,4),(0.,0.000503192170270859),.UNSPECIFIED.);
#43=B_SPLINE_CURVE_WITH_KNOTS('',3,(#2233,#2234,#2235,#2236),
 .UNSPECIFIED.,.F.,.F.,(4,4),(0.00282564145580327,0.00398824192178635),
 .UNSPECIFIED.);
#44=B_SPLINE_CURVE_WITH_KNOTS('',3,(#2244,#2245,#2246,#2247,#2248),
 .UNSPECIFIED.,.F.,.F.,(4,1,4),(0.,0.00256228479381277,0.00512456958762555),
 .UNSPECIFIED.);
#45=B_SPLINE_CURVE_WITH_KNOTS('',3,(#2252,#2253,#2254,#2255),
 .UNSPECIFIED.,.F.,.F.,(4,4),(0.,0.00116260046599301),.UNSPECIFIED.);
#46=B_SPLINE_CURVE_WITH_KNOTS('',3,(#2262,#2263,#2264,#2265),
 .UNSPECIFIED.,.F.,.F.,(4,4),(0.00200726054283544,0.0025104527131063),
 .UNSPECIFIED.);
#47=B_SPLINE_CURVE_WITH_KNOTS('',3,(#2271,#2272,#2273,#2274,#2275,#2276),
 .UNSPECIFIED.,.F.,.F.,(4,1,1,4),(0.,0.0167989351773932,0.0251984027660898,
0.0335978703547864),.UNSPECIFIED.);
#48=B_SPLINE_CURVE_WITH_KNOTS('',3,(#2284,#2285,#2286,#2287,#2288,#2289),
 .UNSPECIFIED.,.F.,.F.,(4,1,1,4),(0.,0.00839953493735924,0.0167990698747185,
0.0335981397494369),.UNSPECIFIED.);
#49=B_SPLINE_CURVE_WITH_KNOTS('',3,(#2293,#2294,#2295,#2296),
 .UNSPECIFIED.,.F.,.F.,(4,4),(0.,0.000503319564131395),.UNSPECIFIED.);
#50=B_SPLINE_CURVE_WITH_KNOTS('',3,(#2304,#2305,#2306,#2307),
 .UNSPECIFIED.,.F.,.F.,(4,4),(0.00282564145580834,0.00398824192178635),
 .UNSPECIFIED.);
#51=B_SPLINE_CURVE_WITH_KNOTS('',3,(#2317,#2318,#2319,#2320,#2321),
 .UNSPECIFIED.,.F.,.F.,(4,1,4),(0.,0.00256228479381277,0.00512456958762554),
 .UNSPECIFIED.);
#52=B_SPLINE_CURVE_WITH_KNOTS('',3,(#2323,#2324,#2325,#2326),
 .UNSPECIFIED.,.F.,.F.,(4,4),(0.,0.00116260046599301),.UNSPECIFIED.);
#53=B_SPLINE_CURVE_WITH_KNOTS('',3,(#2333,#2334,#2335,#2336),
 .UNSPECIFIED.,.F.,.F.,(4,4),(0.00200726054283543,0.0025104527131063),
 .UNSPECIFIED.);
#54=B_SPLINE_CURVE_WITH_KNOTS('',3,(#2342,#2343,#2344,#2345,#2346,#2347),
 .UNSPECIFIED.,.F.,.F.,(4,1,1,4),(0.,0.0167989351773932,0.0251984027660898,
0.0335978703547864),.UNSPECIFIED.);
#55=B_SPLINE_CURVE_WITH_KNOTS('',3,(#2349,#2350,#2351,#2352,#2353,#2354,
#2355),.UNSPECIFIED.,.F.,.F.,(4,1,1,1,4),(0.,0.00226120572260324,0.00452241144520649,
0.00678361716780973,0.00904482289041298),.UNSPECIFIED.);
#56=B_SPLINE_CURVE_WITH_KNOTS('',3,(#2357,#2358,#2359,#2360,#2361,#2362,
#2363),.UNSPECIFIED.,.F.,.F.,(4,1,1,1,4),(0.,0.0022652898338192,0.0045305796676384,
0.0067958695014576,0.0090611593352768),.UNSPECIFIED.);
#57=B_SPLINE_CURVE_WITH_KNOTS('',3,(#2365,#2366,#2367,#2368,#2369,#2370,
#2371),.UNSPECIFIED.,.F.,.F.,(4,1,1,1,4),(0.,0.00226120572260324,0.00452241144520649,
0.00678361716780973,0.00904482289041297),.UNSPECIFIED.);
#58=B_SPLINE_CURVE_WITH_KNOTS('',3,(#2373,#2374,#2375,#2376,#2377,#2378,
#2379),.UNSPECIFIED.,.F.,.F.,(4,1,1,1,4),(0.,0.00226528983381919,0.00453057966763839,
0.00679586950145758,0.00906115933527678),.UNSPECIFIED.);
#59=B_SPLINE_CURVE_WITH_KNOTS('',3,(#2381,#2382,#2383,#2384,#2385,#2386),
 .UNSPECIFIED.,.F.,.F.,(4,1,1,4),(1.04675326143923E-16,0.00192667180566348,
0.00289000770849517,0.00385334361132685),.UNSPECIFIED.);
#60=B_SPLINE_CURVE_WITH_KNOTS('',3,(#2387,#2388,#2389,#2390,#2391,#2392),
 .UNSPECIFIED.,.F.,.F.,(4,1,1,4),(0.,0.000967798631700997,0.00193559726340199,
0.00387119452680399),.UNSPECIFIED.);
#61=B_SPLINE_CURVE_WITH_KNOTS('',3,(#2393,#2394,#2395,#2396,#2397,#2398),
 .UNSPECIFIED.,.F.,.F.,(4,1,1,4),(9.45792254732159E-17,0.00192667180566579,
0.00289000770849863,0.00385334361133148),.UNSPECIFIED.);
#62=B_SPLINE_CURVE_WITH_KNOTS('',3,(#2399,#2400,#2401,#2402,#2403,#2404),
 .UNSPECIFIED.,.F.,.F.,(4,1,1,4),(0.,0.000967798631701019,0.00193559726340204,
0.00387119452680408),.UNSPECIFIED.);
#63=B_SPLINE_CURVE_WITH_KNOTS('',3,(#2439,#2440,#2441,#2442,#2443,#2444,
#2445,#2446,#2447,#2448,#2449,#2450,#2451,#2452,#2453),.UNSPECIFIED.,.F.,
 .F.,(4,1,1,1,1,1,1,1,1,1,1,1,4),(0.,0.0025628693593417,0.0051257387186834,
0.00640717339835425,0.0076886080780251,0.00897004275769595,0.0102514774373668,
0.0115329121170377,0.0128143467967085,0.0140957814763794,0.0153772161560502,
0.0179400855153919,0.0205029548747336),.UNSPECIFIED.);
#64=B_SPLINE_CURVE_WITH_KNOTS('',3,(#2461,#2462,#2463,#2464,#2465,#2466,
#2467,#2468,#2469,#2470,#2471,#2472,#2473,#2474,#2475),.UNSPECIFIED.,.F.,
 .F.,(4,1,1,1,1,1,1,1,1,1,1,1,4),(0.,0.0025628693593417,0.0051257387186834,
0.00640717339835425,0.0076886080780251,0.00897004275769595,0.0102514774373668,
0.0115329121170376,0.0128143467967085,0.0140957814763793,0.0153772161560502,
0.0179400855153919,0.0205029548747336),.UNSPECIFIED.);
#65=B_SPLINE_CURVE_WITH_KNOTS('',3,(#2492,#2493,#2494,#2495,#2496,#2497,
#2498,#2499,#2500,#2501),.UNSPECIFIED.,.F.,.F.,(4,1,1,1,1,1,1,4),(0.,0.000444804736946272,
0.000889609473892544,0.00111201184236568,0.00133441421083882,0.00155681657931195,
0.00166801776354852,0.00177921894778509),.UNSPECIFIED.);
#66=B_SPLINE_CURVE_WITH_KNOTS('',3,(#2503,#2504,#2505,#2506,#2507,#2508,
#2509,#2510,#2511,#2512),.UNSPECIFIED.,.F.,.F.,(4,1,1,1,1,1,1,4),(0.,0.000444804736946291,
0.000889609473892582,0.00111201184236573,0.00133441421083887,0.00155681657931202,
0.00166801776354859,0.00177921894778516),.UNSPECIFIED.);
#67=B_SPLINE_CURVE_WITH_KNOTS('',3,(#2562,#2563,#2564,#2565,#2566,#2567,
#2568),.UNSPECIFIED.,.F.,.F.,(4,1,1,1,4),(0.,0.000742334579568884,0.00148466915913777,
0.00222700373870665,0.00296933831827553),.UNSPECIFIED.);
#68=B_SPLINE_CURVE_WITH_KNOTS('',3,(#2569,#2570,#2571,#2572,#2573,#2574,
#2575),.UNSPECIFIED.,.F.,.F.,(4,1,1,1,4),(0.,0.000741281088126232,0.00148256217625246,
0.0022238432643787,0.00296512435250493),.UNSPECIFIED.);
#69=B_SPLINE_CURVE_WITH_KNOTS('',3,(#2619,#2620,#2621,#2622,#2623,#2624,
#2625,#2626,#2627,#2628),.UNSPECIFIED.,.F.,.F.,(4,1,1,1,1,1,1,4),(0.,0.000444804736946301,
0.000889609473892602,0.00111201184236575,0.0013344142108389,0.00155681657931205,
0.00166801776354863,0.0017792189477852),.UNSPECIFIED.);
#70=B_SPLINE_CURVE_WITH_KNOTS('',3,(#2630,#2631,#2632,#2633,#2634,#2635,
#2636,#2637,#2638,#2639),.UNSPECIFIED.,.F.,.F.,(4,1,1,1,1,1,1,4),(0.,0.000444804736946263,
0.000889609473892526,0.00111201184236566,0.00133441421083879,0.00155681657931192,
0.00166801776354849,0.00177921894778505),.UNSPECIFIED.);
#71=B_SPLINE_CURVE_WITH_KNOTS('',3,(#2665,#2666,#2667,#2668,#2669,#2670,
#2671),.UNSPECIFIED.,.F.,.F.,(4,1,1,1,4),(0.,0.000741281088126235,0.00148256217625247,
0.00222384326437871,0.00296512435250494),.UNSPECIFIED.);
#72=B_SPLINE_CURVE_WITH_KNOTS('',3,(#2690,#2691,#2692,#2693,#2694,#2695,
#2696),.UNSPECIFIED.,.F.,.F.,(4,1,1,1,4),(0.,0.000742334579568879,0.00148466915913776,
0.00222700373870664,0.00296933831827551),.UNSPECIFIED.);
#73=CYLINDRICAL_SURFACE('',#1391,0.0025);
#74=CYLINDRICAL_SURFACE('',#1393,0.0025);
#75=CYLINDRICAL_SURFACE('',#1395,0.0127);
#76=CYLINDRICAL_SURFACE('',#1417,0.0067625);
#77=CYLINDRICAL_SURFACE('',#1420,0.0067625);
#78=CYLINDRICAL_SURFACE('',#1430,0.003175);
#79=CYLINDRICAL_SURFACE('',#1434,0.0047625);
#80=CYLINDRICAL_SURFACE('',#1435,0.003175);
#81=CYLINDRICAL_SURFACE('',#1439,0.0047625);
#82=CYLINDRICAL_SURFACE('',#1440,0.0067625);
#83=CYLINDRICAL_SURFACE('',#1441,0.0067625);
#84=CYLINDRICAL_SURFACE('',#1442,0.0147);
#85=CYLINDRICAL_SURFACE('',#1447,0.0076);
#86=CYLINDRICAL_SURFACE('',#1452,0.0147);
#87=CYLINDRICAL_SURFACE('',#1457,0.0076);
#88=CYLINDRICAL_SURFACE('',#1462,0.005);
#89=CYLINDRICAL_SURFACE('',#1463,0.005);
#90=CYLINDRICAL_SURFACE('',#1464,0.005);
#91=CYLINDRICAL_SURFACE('',#1465,0.005);
#92=CYLINDRICAL_SURFACE('',#1467,0.0076);
#93=CYLINDRICAL_SURFACE('',#1470,0.0076);
#94=CYLINDRICAL_SURFACE('',#1474,0.01);
#95=CYLINDRICAL_SURFACE('',#1478,0.0127);
#96=CYLINDRICAL_SURFACE('',#1482,0.0127);
#97=CYLINDRICAL_SURFACE('',#1489,0.002);
#98=CYLINDRICAL_SURFACE('',#1490,0.002);
#99=CYLINDRICAL_SURFACE('',#1491,0.002);
#100=CYLINDRICAL_SURFACE('',#1492,0.002);
#101=CYLINDRICAL_SURFACE('',#1493,0.002);
#102=CYLINDRICAL_SURFACE('',#1495,0.002);
#103=CYLINDRICAL_SURFACE('',#1497,0.002);
#104=CYLINDRICAL_SURFACE('',#1499,0.002);
#105=CYLINDRICAL_SURFACE('',#1506,0.001);
#106=CYLINDRICAL_SURFACE('',#1508,0.001);
#107=CYLINDRICAL_SURFACE('',#1518,0.001);
#108=CYLINDRICAL_SURFACE('',#1520,0.001);
#109=LINE('',#1912,#181);
#110=LINE('',#1916,#182);
#111=LINE('',#1918,#183);
#112=LINE('',#1923,#184);
#113=LINE('',#1927,#185);
#114=LINE('',#1931,#186);
#115=LINE('',#1935,#187);
#116=LINE('',#1939,#188);
#117=LINE('',#1943,#189);
#118=LINE('',#1947,#190);
#119=LINE('',#1951,#191);
#120=LINE('',#1955,#192);
#121=LINE('',#1959,#193);
#122=LINE('',#1963,#194);
#123=LINE('',#1969,#195);
#124=LINE('',#1973,#196);
#125=LINE('',#1977,#197);
#126=LINE('',#1981,#198);
#127=LINE('',#2029,#199);
#128=LINE('',#2037,#200);
#129=LINE('',#2055,#201);
#130=LINE('',#2062,#202);
#131=LINE('',#2066,#203);
#132=LINE('',#2073,#204);
#133=LINE('',#2091,#205);
#134=LINE('',#2098,#206);
#135=LINE('',#2132,#207);
#136=LINE('',#2137,#208);
#137=LINE('',#2141,#209);
#138=LINE('',#2146,#210);
#139=LINE('',#2173,#211);
#140=LINE('',#2188,#212);
#141=LINE('',#2204,#213);
#142=LINE('',#2205,#214);
#143=LINE('',#2207,#215);
#144=LINE('',#2211,#216);
#145=LINE('',#2220,#217);
#146=LINE('',#2228,#218);
#147=LINE('',#2229,#219);
#148=LINE('',#2231,#220);
#149=LINE('',#2238,#221);
#150=LINE('',#2240,#222);
#151=LINE('',#2250,#223);
#152=LINE('',#2257,#224);
#153=LINE('',#2258,#225);
#154=LINE('',#2260,#226);
#155=LINE('',#2267,#227);
#156=LINE('',#2269,#228);
#157=LINE('',#2278,#229);
#158=LINE('',#2282,#230);
#159=LINE('',#2291,#231);
#160=LINE('',#2299,#232);
#161=LINE('',#2300,#233);
#162=LINE('',#2302,#234);
#163=LINE('',#2309,#235);
#164=LINE('',#2311,#236);
#165=LINE('',#2313,#237);
#166=LINE('',#2328,#238);
#167=LINE('',#2329,#239);
#168=LINE('',#2331,#240);
#169=LINE('',#2338,#241);
#170=LINE('',#2340,#242);
#171=LINE('',#2412,#243);
#172=LINE('',#2413,#244);
#173=LINE('',#2415,#245);
#174=LINE('',#2419,#246);
#175=LINE('',#2420,#247);
#176=LINE('',#2424,#248);
#177=LINE('',#2426,#249);
#178=LINE('',#2428,#250);
#179=LINE('',#2432,#251);
#180=LINE('',#2434,#252);
#181=VECTOR('',#1531,1.);
#182=VECTOR('',#1534,1.);
#183=VECTOR('',#1537,1.);
#184=VECTOR('',#1540,1.);
#185=VECTOR('',#1543,1.);
#186=VECTOR('',#1546,1.);
#187=VECTOR('',#1549,1.);
#188=VECTOR('',#1552,1.);
#189=VECTOR('',#1555,1.);
#190=VECTOR('',#1558,1.);
#191=VECTOR('',#1561,1.);
#192=VECTOR('',#1564,1.);
#193=VECTOR('',#1567,1.);
#194=VECTOR('',#1570,1.);
#195=VECTOR('',#1575,1.);
#196=VECTOR('',#1578,1.);
#197=VECTOR('',#1581,1.);
#198=VECTOR('',#1584,1.);
#199=VECTOR('',#1597,1.);
#200=VECTOR('',#1598,1.);
#201=VECTOR('',#1601,1.);
#202=VECTOR('',#1602,1.);
#203=VECTOR('',#1605,1.);
#204=VECTOR('',#1606,1.);
#205=VECTOR('',#1609,1.);
#206=VECTOR('',#1610,1.);
#207=VECTOR('',#1647,1.);
#208=VECTOR('',#1650,1.);
#209=VECTOR('',#1655,1.);
#210=VECTOR('',#1658,1.);
#211=VECTOR('',#1697,1.);
#212=VECTOR('',#1698,1.);
#213=VECTOR('',#1701,1.);
#214=VECTOR('',#1702,1.);
#215=VECTOR('',#1705,1.);
#216=VECTOR('',#1708,1.);
#217=VECTOR('',#1711,1.);
#218=VECTOR('',#1714,1.);
#219=VECTOR('',#1715,1.);
#220=VECTOR('',#1718,1.);
#221=VECTOR('',#1719,1.);
#222=VECTOR('',#1720,1.);
#223=VECTOR('',#1725,1.);
#224=VECTOR('',#1728,1.);
#225=VECTOR('',#1729,1.);
#226=VECTOR('',#1732,1.);
#227=VECTOR('',#1733,1.);
#228=VECTOR('',#1736,1.);
#229=VECTOR('',#1737,1.);
#230=VECTOR('',#1742,1.);
#231=VECTOR('',#1745,1.);
#232=VECTOR('',#1748,1.);
#233=VECTOR('',#1749,1.);
#234=VECTOR('',#1752,1.);
#235=VECTOR('',#1753,1.);
#236=VECTOR('',#1754,1.);
#237=VECTOR('',#1757,1.);
#238=VECTOR('',#1762,1.);
#239=VECTOR('',#1763,1.);
#240=VECTOR('',#1766,1.);
#241=VECTOR('',#1767,1.);
#242=VECTOR('',#1770,1.);
#243=VECTOR('',#1795,1.);
#244=VECTOR('',#1796,1.);
#245=VECTOR('',#1799,1.);
#246=VECTOR('',#1802,1.);
#247=VECTOR('',#1803,1.);
#248=VECTOR('',#1808,1.);
#249=VECTOR('',#1809,1.);
#250=VECTOR('',#1812,1.);
#251=VECTOR('',#1817,1.);
#252=VECTOR('',#1820,1.);
#253=ORIENTED_EDGE('',*,*,#645,.F.);
#254=ORIENTED_EDGE('',*,*,#646,.T.);
#255=ORIENTED_EDGE('',*,*,#647,.T.);
#256=ORIENTED_EDGE('',*,*,#648,.F.);
#257=ORIENTED_EDGE('',*,*,#649,.F.);
#258=ORIENTED_EDGE('',*,*,#650,.T.);
#259=ORIENTED_EDGE('',*,*,#651,.F.);
#260=ORIENTED_EDGE('',*,*,#652,.F.);
#261=ORIENTED_EDGE('',*,*,#653,.F.);
#262=ORIENTED_EDGE('',*,*,#654,.T.);
#263=ORIENTED_EDGE('',*,*,#655,.F.);
#264=ORIENTED_EDGE('',*,*,#656,.T.);
#265=ORIENTED_EDGE('',*,*,#657,.F.);
#266=ORIENTED_EDGE('',*,*,#658,.T.);
#267=ORIENTED_EDGE('',*,*,#659,.T.);
#268=ORIENTED_EDGE('',*,*,#660,.T.);
#269=ORIENTED_EDGE('',*,*,#661,.T.);
#270=ORIENTED_EDGE('',*,*,#662,.T.);
#271=ORIENTED_EDGE('',*,*,#663,.F.);
#272=ORIENTED_EDGE('',*,*,#664,.T.);
#273=ORIENTED_EDGE('',*,*,#665,.F.);
#274=ORIENTED_EDGE('',*,*,#666,.T.);
#275=ORIENTED_EDGE('',*,*,#667,.T.);
#276=ORIENTED_EDGE('',*,*,#668,.T.);
#277=ORIENTED_EDGE('',*,*,#669,.T.);
#278=ORIENTED_EDGE('',*,*,#670,.T.);
#279=ORIENTED_EDGE('',*,*,#671,.F.);
#280=ORIENTED_EDGE('',*,*,#672,.T.);
#281=ORIENTED_EDGE('',*,*,#673,.F.);
#282=ORIENTED_EDGE('',*,*,#674,.T.);
#283=ORIENTED_EDGE('',*,*,#675,.F.);
#284=ORIENTED_EDGE('',*,*,#676,.F.);
#285=ORIENTED_EDGE('',*,*,#677,.F.);
#286=ORIENTED_EDGE('',*,*,#678,.F.);
#287=ORIENTED_EDGE('',*,*,#679,.F.);
#288=ORIENTED_EDGE('',*,*,#680,.T.);
#289=ORIENTED_EDGE('',*,*,#681,.T.);
#290=ORIENTED_EDGE('',*,*,#682,.F.);
#291=ORIENTED_EDGE('',*,*,#683,.F.);
#292=ORIENTED_EDGE('',*,*,#684,.T.);
#293=ORIENTED_EDGE('',*,*,#685,.T.);
#294=ORIENTED_EDGE('',*,*,#686,.T.);
#295=ORIENTED_EDGE('',*,*,#687,.T.);
#296=ORIENTED_EDGE('',*,*,#688,.T.);
#297=ORIENTED_EDGE('',*,*,#689,.F.);
#298=ORIENTED_EDGE('',*,*,#690,.T.);
#299=ORIENTED_EDGE('',*,*,#691,.F.);
#300=ORIENTED_EDGE('',*,*,#692,.T.);
#301=ORIENTED_EDGE('',*,*,#693,.T.);
#302=ORIENTED_EDGE('',*,*,#694,.T.);
#303=ORIENTED_EDGE('',*,*,#695,.T.);
#304=ORIENTED_EDGE('',*,*,#696,.T.);
#305=ORIENTED_EDGE('',*,*,#697,.T.);
#306=ORIENTED_EDGE('',*,*,#698,.T.);
#307=ORIENTED_EDGE('',*,*,#699,.F.);
#308=ORIENTED_EDGE('',*,*,#700,.T.);
#309=ORIENTED_EDGE('',*,*,#701,.F.);
#310=ORIENTED_EDGE('',*,*,#702,.T.);
#311=ORIENTED_EDGE('',*,*,#703,.T.);
#312=ORIENTED_EDGE('',*,*,#704,.T.);
#313=ORIENTED_EDGE('',*,*,#705,.T.);
#314=ORIENTED_EDGE('',*,*,#706,.T.);
#315=ORIENTED_EDGE('',*,*,#707,.T.);
#316=ORIENTED_EDGE('',*,*,#708,.T.);
#317=ORIENTED_EDGE('',*,*,#709,.T.);
#318=ORIENTED_EDGE('',*,*,#710,.T.);
#319=ORIENTED_EDGE('',*,*,#711,.T.);
#320=ORIENTED_EDGE('',*,*,#712,.T.);
#321=ORIENTED_EDGE('',*,*,#713,.T.);
#322=ORIENTED_EDGE('',*,*,#714,.T.);
#323=ORIENTED_EDGE('',*,*,#715,.T.);
#324=ORIENTED_EDGE('',*,*,#716,.T.);
#325=ORIENTED_EDGE('',*,*,#717,.T.);
#326=ORIENTED_EDGE('',*,*,#718,.T.);
#327=ORIENTED_EDGE('',*,*,#719,.T.);
#328=ORIENTED_EDGE('',*,*,#720,.T.);
#329=ORIENTED_EDGE('',*,*,#721,.T.);
#330=ORIENTED_EDGE('',*,*,#722,.T.);
#331=ORIENTED_EDGE('',*,*,#723,.T.);
#332=ORIENTED_EDGE('',*,*,#724,.T.);
#333=ORIENTED_EDGE('',*,*,#725,.T.);
#334=ORIENTED_EDGE('',*,*,#726,.T.);
#335=ORIENTED_EDGE('',*,*,#727,.T.);
#336=ORIENTED_EDGE('',*,*,#728,.F.);
#337=ORIENTED_EDGE('',*,*,#729,.F.);
#338=ORIENTED_EDGE('',*,*,#723,.F.);
#339=ORIENTED_EDGE('',*,*,#730,.T.);
#340=ORIENTED_EDGE('',*,*,#695,.F.);
#341=ORIENTED_EDGE('',*,*,#731,.T.);
#342=ORIENTED_EDGE('',*,*,#727,.F.);
#343=ORIENTED_EDGE('',*,*,#732,.T.);
#344=ORIENTED_EDGE('',*,*,#705,.F.);
#345=ORIENTED_EDGE('',*,*,#733,.T.);
#346=ORIENTED_EDGE('',*,*,#734,.F.);
#347=ORIENTED_EDGE('',*,*,#729,.T.);
#348=ORIENTED_EDGE('',*,*,#734,.T.);
#349=ORIENTED_EDGE('',*,*,#735,.F.);
#350=ORIENTED_EDGE('',*,*,#735,.T.);
#351=ORIENTED_EDGE('',*,*,#719,.F.);
#352=ORIENTED_EDGE('',*,*,#736,.F.);
#353=ORIENTED_EDGE('',*,*,#728,.T.);
#354=ORIENTED_EDGE('',*,*,#736,.T.);
#355=ORIENTED_EDGE('',*,*,#737,.F.);
#356=ORIENTED_EDGE('',*,*,#737,.T.);
#357=ORIENTED_EDGE('',*,*,#712,.F.);
#358=ORIENTED_EDGE('',*,*,#711,.F.);
#359=ORIENTED_EDGE('',*,*,#738,.T.);
#360=ORIENTED_EDGE('',*,*,#739,.T.);
#361=ORIENTED_EDGE('',*,*,#740,.T.);
#362=ORIENTED_EDGE('',*,*,#741,.T.);
#363=ORIENTED_EDGE('',*,*,#742,.T.);
#364=ORIENTED_EDGE('',*,*,#718,.F.);
#365=ORIENTED_EDGE('',*,*,#743,.T.);
#366=ORIENTED_EDGE('',*,*,#670,.F.);
#367=ORIENTED_EDGE('',*,*,#744,.F.);
#368=ORIENTED_EDGE('',*,*,#745,.T.);
#369=ORIENTED_EDGE('',*,*,#746,.T.);
#370=ORIENTED_EDGE('',*,*,#746,.F.);
#371=ORIENTED_EDGE('',*,*,#747,.T.);
#372=ORIENTED_EDGE('',*,*,#748,.T.);
#373=ORIENTED_EDGE('',*,*,#671,.T.);
#374=ORIENTED_EDGE('',*,*,#749,.T.);
#375=ORIENTED_EDGE('',*,*,#750,.T.);
#376=ORIENTED_EDGE('',*,*,#649,.T.);
#377=ORIENTED_EDGE('',*,*,#751,.T.);
#378=ORIENTED_EDGE('',*,*,#651,.T.);
#379=ORIENTED_EDGE('',*,*,#752,.T.);
#380=ORIENTED_EDGE('',*,*,#753,.T.);
#381=ORIENTED_EDGE('',*,*,#754,.T.);
#382=ORIENTED_EDGE('',*,*,#755,.T.);
#383=ORIENTED_EDGE('',*,*,#756,.F.);
#384=ORIENTED_EDGE('',*,*,#754,.F.);
#385=ORIENTED_EDGE('',*,*,#757,.T.);
#386=ORIENTED_EDGE('',*,*,#758,.T.);
#387=ORIENTED_EDGE('',*,*,#759,.T.);
#388=ORIENTED_EDGE('',*,*,#760,.T.);
#389=ORIENTED_EDGE('',*,*,#653,.T.);
#390=ORIENTED_EDGE('',*,*,#761,.F.);
#391=ORIENTED_EDGE('',*,*,#758,.F.);
#392=ORIENTED_EDGE('',*,*,#655,.T.);
#393=ORIENTED_EDGE('',*,*,#762,.T.);
#394=ORIENTED_EDGE('',*,*,#763,.T.);
#395=ORIENTED_EDGE('',*,*,#764,.T.);
#396=ORIENTED_EDGE('',*,*,#657,.T.);
#397=ORIENTED_EDGE('',*,*,#765,.T.);
#398=ORIENTED_EDGE('',*,*,#766,.T.);
#399=ORIENTED_EDGE('',*,*,#767,.T.);
#400=ORIENTED_EDGE('',*,*,#658,.F.);
#401=ORIENTED_EDGE('',*,*,#767,.F.);
#402=ORIENTED_EDGE('',*,*,#768,.T.);
#403=ORIENTED_EDGE('',*,*,#769,.T.);
#404=ORIENTED_EDGE('',*,*,#769,.F.);
#405=ORIENTED_EDGE('',*,*,#770,.T.);
#406=ORIENTED_EDGE('',*,*,#771,.T.);
#407=ORIENTED_EDGE('',*,*,#659,.F.);
#408=ORIENTED_EDGE('',*,*,#772,.T.);
#409=ORIENTED_EDGE('',*,*,#773,.T.);
#410=ORIENTED_EDGE('',*,*,#661,.F.);
#411=ORIENTED_EDGE('',*,*,#774,.T.);
#412=ORIENTED_EDGE('',*,*,#663,.T.);
#413=ORIENTED_EDGE('',*,*,#775,.T.);
#414=ORIENTED_EDGE('',*,*,#776,.T.);
#415=ORIENTED_EDGE('',*,*,#777,.T.);
#416=ORIENTED_EDGE('',*,*,#778,.T.);
#417=ORIENTED_EDGE('',*,*,#779,.T.);
#418=ORIENTED_EDGE('',*,*,#780,.T.);
#419=ORIENTED_EDGE('',*,*,#777,.F.);
#420=ORIENTED_EDGE('',*,*,#781,.T.);
#421=ORIENTED_EDGE('',*,*,#782,.T.);
#422=ORIENTED_EDGE('',*,*,#783,.T.);
#423=ORIENTED_EDGE('',*,*,#665,.T.);
#424=ORIENTED_EDGE('',*,*,#784,.F.);
#425=ORIENTED_EDGE('',*,*,#779,.F.);
#426=ORIENTED_EDGE('',*,*,#667,.F.);
#427=ORIENTED_EDGE('',*,*,#785,.T.);
#428=ORIENTED_EDGE('',*,*,#786,.T.);
#429=ORIENTED_EDGE('',*,*,#787,.T.);
#430=ORIENTED_EDGE('',*,*,#669,.F.);
#431=ORIENTED_EDGE('',*,*,#788,.T.);
#432=ORIENTED_EDGE('',*,*,#789,.T.);
#433=ORIENTED_EDGE('',*,*,#744,.T.);
#434=ORIENTED_EDGE('',*,*,#771,.F.);
#435=ORIENTED_EDGE('',*,*,#790,.T.);
#436=ORIENTED_EDGE('',*,*,#774,.F.);
#437=ORIENTED_EDGE('',*,*,#660,.F.);
#438=ORIENTED_EDGE('',*,*,#787,.F.);
#439=ORIENTED_EDGE('',*,*,#791,.T.);
#440=ORIENTED_EDGE('',*,*,#788,.F.);
#441=ORIENTED_EDGE('',*,*,#668,.F.);
#442=ORIENTED_EDGE('',*,*,#748,.F.);
#443=ORIENTED_EDGE('',*,*,#792,.T.);
#444=ORIENTED_EDGE('',*,*,#751,.F.);
#445=ORIENTED_EDGE('',*,*,#672,.F.);
#446=ORIENTED_EDGE('',*,*,#764,.F.);
#447=ORIENTED_EDGE('',*,*,#793,.T.);
#448=ORIENTED_EDGE('',*,*,#765,.F.);
#449=ORIENTED_EDGE('',*,*,#656,.F.);
#450=ORIENTED_EDGE('',*,*,#685,.F.);
#451=ORIENTED_EDGE('',*,*,#753,.F.);
#452=ORIENTED_EDGE('',*,*,#794,.T.);
#453=ORIENTED_EDGE('',*,*,#749,.F.);
#454=ORIENTED_EDGE('',*,*,#792,.F.);
#455=ORIENTED_EDGE('',*,*,#747,.F.);
#456=ORIENTED_EDGE('',*,*,#745,.F.);
#457=ORIENTED_EDGE('',*,*,#789,.F.);
#458=ORIENTED_EDGE('',*,*,#791,.F.);
#459=ORIENTED_EDGE('',*,*,#786,.F.);
#460=ORIENTED_EDGE('',*,*,#795,.T.);
#461=ORIENTED_EDGE('',*,*,#782,.F.);
#462=ORIENTED_EDGE('',*,*,#781,.F.);
#463=ORIENTED_EDGE('',*,*,#776,.F.);
#464=ORIENTED_EDGE('',*,*,#796,.T.);
#465=ORIENTED_EDGE('',*,*,#772,.F.);
#466=ORIENTED_EDGE('',*,*,#790,.F.);
#467=ORIENTED_EDGE('',*,*,#770,.F.);
#468=ORIENTED_EDGE('',*,*,#768,.F.);
#469=ORIENTED_EDGE('',*,*,#766,.F.);
#470=ORIENTED_EDGE('',*,*,#793,.F.);
#471=ORIENTED_EDGE('',*,*,#763,.F.);
#472=ORIENTED_EDGE('',*,*,#797,.T.);
#473=ORIENTED_EDGE('',*,*,#759,.F.);
#474=ORIENTED_EDGE('',*,*,#757,.F.);
#475=ORIENTED_EDGE('',*,*,#681,.F.);
#476=ORIENTED_EDGE('',*,*,#683,.T.);
#477=ORIENTED_EDGE('',*,*,#798,.F.);
#478=ORIENTED_EDGE('',*,*,#761,.T.);
#479=ORIENTED_EDGE('',*,*,#652,.T.);
#480=ORIENTED_EDGE('',*,*,#755,.F.);
#481=ORIENTED_EDGE('',*,*,#684,.F.);
#482=ORIENTED_EDGE('',*,*,#756,.T.);
#483=ORIENTED_EDGE('',*,*,#798,.T.);
#484=ORIENTED_EDGE('',*,*,#799,.T.);
#485=ORIENTED_EDGE('',*,*,#784,.T.);
#486=ORIENTED_EDGE('',*,*,#664,.F.);
#487=ORIENTED_EDGE('',*,*,#778,.F.);
#488=ORIENTED_EDGE('',*,*,#780,.F.);
#489=ORIENTED_EDGE('',*,*,#799,.F.);
#490=ORIENTED_EDGE('',*,*,#682,.T.);
#491=ORIENTED_EDGE('',*,*,#674,.F.);
#492=ORIENTED_EDGE('',*,*,#800,.F.);
#493=ORIENTED_EDGE('',*,*,#648,.T.);
#494=ORIENTED_EDGE('',*,*,#801,.T.);
#495=ORIENTED_EDGE('',*,*,#673,.T.);
#496=ORIENTED_EDGE('',*,*,#802,.F.);
#497=ORIENTED_EDGE('',*,*,#803,.T.);
#498=ORIENTED_EDGE('',*,*,#804,.T.);
#499=ORIENTED_EDGE('',*,*,#677,.T.);
#500=ORIENTED_EDGE('',*,*,#805,.F.);
#501=ORIENTED_EDGE('',*,*,#645,.T.);
#502=ORIENTED_EDGE('',*,*,#800,.T.);
#503=ORIENTED_EDGE('',*,*,#806,.F.);
#504=ORIENTED_EDGE('',*,*,#680,.F.);
#505=ORIENTED_EDGE('',*,*,#807,.F.);
#506=ORIENTED_EDGE('',*,*,#808,.T.);
#507=ORIENTED_EDGE('',*,*,#802,.T.);
#508=ORIENTED_EDGE('',*,*,#679,.T.);
#509=ORIENTED_EDGE('',*,*,#809,.F.);
#510=ORIENTED_EDGE('',*,*,#810,.F.);
#511=ORIENTED_EDGE('',*,*,#807,.T.);
#512=ORIENTED_EDGE('',*,*,#678,.T.);
#513=ORIENTED_EDGE('',*,*,#804,.F.);
#514=ORIENTED_EDGE('',*,*,#811,.F.);
#515=ORIENTED_EDGE('',*,*,#809,.T.);
#516=ORIENTED_EDGE('',*,*,#676,.T.);
#517=ORIENTED_EDGE('',*,*,#812,.F.);
#518=ORIENTED_EDGE('',*,*,#646,.F.);
#519=ORIENTED_EDGE('',*,*,#805,.T.);
#520=ORIENTED_EDGE('',*,*,#675,.T.);
#521=ORIENTED_EDGE('',*,*,#801,.F.);
#522=ORIENTED_EDGE('',*,*,#647,.F.);
#523=ORIENTED_EDGE('',*,*,#812,.T.);
#524=ORIENTED_EDGE('',*,*,#803,.F.);
#525=ORIENTED_EDGE('',*,*,#808,.F.);
#526=ORIENTED_EDGE('',*,*,#810,.T.);
#527=ORIENTED_EDGE('',*,*,#811,.T.);
#528=ORIENTED_EDGE('',*,*,#806,.T.);
#529=ORIENTED_EDGE('',*,*,#813,.T.);
#530=ORIENTED_EDGE('',*,*,#814,.T.);
#531=ORIENTED_EDGE('',*,*,#815,.T.);
#532=ORIENTED_EDGE('',*,*,#816,.T.);
#533=ORIENTED_EDGE('',*,*,#794,.F.);
#534=ORIENTED_EDGE('',*,*,#752,.F.);
#535=ORIENTED_EDGE('',*,*,#650,.F.);
#536=ORIENTED_EDGE('',*,*,#750,.F.);
#537=ORIENTED_EDGE('',*,*,#797,.F.);
#538=ORIENTED_EDGE('',*,*,#762,.F.);
#539=ORIENTED_EDGE('',*,*,#654,.F.);
#540=ORIENTED_EDGE('',*,*,#760,.F.);
#541=ORIENTED_EDGE('',*,*,#796,.F.);
#542=ORIENTED_EDGE('',*,*,#775,.F.);
#543=ORIENTED_EDGE('',*,*,#662,.F.);
#544=ORIENTED_EDGE('',*,*,#773,.F.);
#545=ORIENTED_EDGE('',*,*,#795,.F.);
#546=ORIENTED_EDGE('',*,*,#785,.F.);
#547=ORIENTED_EDGE('',*,*,#666,.F.);
#548=ORIENTED_EDGE('',*,*,#783,.F.);
#549=ORIENTED_EDGE('',*,*,#704,.F.);
#550=ORIENTED_EDGE('',*,*,#817,.T.);
#551=ORIENTED_EDGE('',*,*,#720,.F.);
#552=ORIENTED_EDGE('',*,*,#733,.F.);
#553=ORIENTED_EDGE('',*,*,#726,.F.);
#554=ORIENTED_EDGE('',*,*,#818,.T.);
#555=ORIENTED_EDGE('',*,*,#686,.F.);
#556=ORIENTED_EDGE('',*,*,#732,.F.);
#557=ORIENTED_EDGE('',*,*,#722,.F.);
#558=ORIENTED_EDGE('',*,*,#819,.T.);
#559=ORIENTED_EDGE('',*,*,#696,.F.);
#560=ORIENTED_EDGE('',*,*,#730,.F.);
#561=ORIENTED_EDGE('',*,*,#694,.F.);
#562=ORIENTED_EDGE('',*,*,#820,.T.);
#563=ORIENTED_EDGE('',*,*,#724,.F.);
#564=ORIENTED_EDGE('',*,*,#731,.F.);
#565=ORIENTED_EDGE('',*,*,#821,.F.);
#566=ORIENTED_EDGE('',*,*,#708,.F.);
#567=ORIENTED_EDGE('',*,*,#822,.F.);
#568=ORIENTED_EDGE('',*,*,#725,.F.);
#569=ORIENTED_EDGE('',*,*,#707,.F.);
#570=ORIENTED_EDGE('',*,*,#823,.F.);
#571=ORIENTED_EDGE('',*,*,#687,.F.);
#572=ORIENTED_EDGE('',*,*,#818,.F.);
#573=ORIENTED_EDGE('',*,*,#822,.T.);
#574=ORIENTED_EDGE('',*,*,#820,.F.);
#575=ORIENTED_EDGE('',*,*,#693,.F.);
#576=ORIENTED_EDGE('',*,*,#824,.F.);
#577=ORIENTED_EDGE('',*,*,#709,.F.);
#578=ORIENTED_EDGE('',*,*,#821,.T.);
#579=ORIENTED_EDGE('',*,*,#706,.F.);
#580=ORIENTED_EDGE('',*,*,#740,.F.);
#581=ORIENTED_EDGE('',*,*,#825,.F.);
#582=ORIENTED_EDGE('',*,*,#688,.F.);
#583=ORIENTED_EDGE('',*,*,#823,.T.);
#584=ORIENTED_EDGE('',*,*,#824,.T.);
#585=ORIENTED_EDGE('',*,*,#692,.F.);
#586=ORIENTED_EDGE('',*,*,#826,.F.);
#587=ORIENTED_EDGE('',*,*,#738,.F.);
#588=ORIENTED_EDGE('',*,*,#710,.F.);
#589=ORIENTED_EDGE('',*,*,#827,.F.);
#590=ORIENTED_EDGE('',*,*,#739,.F.);
#591=ORIENTED_EDGE('',*,*,#828,.F.);
#592=ORIENTED_EDGE('',*,*,#813,.F.);
#593=ORIENTED_EDGE('',*,*,#825,.T.);
#594=ORIENTED_EDGE('',*,*,#827,.T.);
#595=ORIENTED_EDGE('',*,*,#829,.F.);
#596=ORIENTED_EDGE('',*,*,#689,.T.);
#597=ORIENTED_EDGE('',*,*,#826,.T.);
#598=ORIENTED_EDGE('',*,*,#691,.T.);
#599=ORIENTED_EDGE('',*,*,#830,.F.);
#600=ORIENTED_EDGE('',*,*,#828,.T.);
#601=ORIENTED_EDGE('',*,*,#829,.T.);
#602=ORIENTED_EDGE('',*,*,#814,.F.);
#603=ORIENTED_EDGE('',*,*,#830,.T.);
#604=ORIENTED_EDGE('',*,*,#690,.F.);
#605=ORIENTED_EDGE('',*,*,#831,.F.);
#606=ORIENTED_EDGE('',*,*,#721,.F.);
#607=ORIENTED_EDGE('',*,*,#832,.F.);
#608=ORIENTED_EDGE('',*,*,#715,.F.);
#609=ORIENTED_EDGE('',*,*,#817,.F.);
#610=ORIENTED_EDGE('',*,*,#703,.F.);
#611=ORIENTED_EDGE('',*,*,#833,.F.);
#612=ORIENTED_EDGE('',*,*,#716,.F.);
#613=ORIENTED_EDGE('',*,*,#832,.T.);
#614=ORIENTED_EDGE('',*,*,#714,.F.);
#615=ORIENTED_EDGE('',*,*,#834,.F.);
#616=ORIENTED_EDGE('',*,*,#697,.F.);
#617=ORIENTED_EDGE('',*,*,#819,.F.);
#618=ORIENTED_EDGE('',*,*,#831,.T.);
#619=ORIENTED_EDGE('',*,*,#833,.T.);
#620=ORIENTED_EDGE('',*,*,#702,.F.);
#621=ORIENTED_EDGE('',*,*,#835,.F.);
#622=ORIENTED_EDGE('',*,*,#743,.F.);
#623=ORIENTED_EDGE('',*,*,#717,.F.);
#624=ORIENTED_EDGE('',*,*,#713,.F.);
#625=ORIENTED_EDGE('',*,*,#742,.F.);
#626=ORIENTED_EDGE('',*,*,#836,.F.);
#627=ORIENTED_EDGE('',*,*,#698,.F.);
#628=ORIENTED_EDGE('',*,*,#834,.T.);
#629=ORIENTED_EDGE('',*,*,#837,.F.);
#630=ORIENTED_EDGE('',*,*,#700,.F.);
#631=ORIENTED_EDGE('',*,*,#838,.F.);
#632=ORIENTED_EDGE('',*,*,#815,.F.);
#633=ORIENTED_EDGE('',*,*,#701,.T.);
#634=ORIENTED_EDGE('',*,*,#837,.T.);
#635=ORIENTED_EDGE('',*,*,#839,.F.);
#636=ORIENTED_EDGE('',*,*,#835,.T.);
#637=ORIENTED_EDGE('',*,*,#699,.T.);
#638=ORIENTED_EDGE('',*,*,#836,.T.);
#639=ORIENTED_EDGE('',*,*,#840,.F.);
#640=ORIENTED_EDGE('',*,*,#838,.T.);
#641=ORIENTED_EDGE('',*,*,#839,.T.);
#642=ORIENTED_EDGE('',*,*,#816,.F.);
#643=ORIENTED_EDGE('',*,*,#840,.T.);
#644=ORIENTED_EDGE('',*,*,#741,.F.);
#645=EDGE_CURVE('',#841,#842,#971,.T.);
#646=EDGE_CURVE('',#841,#843,#109,.T.);
#647=EDGE_CURVE('',#843,#844,#972,.T.);
#648=EDGE_CURVE('',#842,#844,#110,.T.);
#649=EDGE_CURVE('',#845,#846,#111,.T.);
#650=EDGE_CURVE('',#845,#847,#973,.T.);
#651=EDGE_CURVE('',#848,#847,#112,.T.);
#652=EDGE_CURVE('',#849,#848,#974,.T.);
#653=EDGE_CURVE('',#850,#849,#113,.T.);
#654=EDGE_CURVE('',#850,#851,#975,.T.);
#655=EDGE_CURVE('',#852,#851,#114,.T.);
#656=EDGE_CURVE('',#852,#853,#976,.T.);
#657=EDGE_CURVE('',#854,#853,#115,.T.);
#658=EDGE_CURVE('',#854,#855,#977,.T.);
#659=EDGE_CURVE('',#855,#856,#116,.T.);
#660=EDGE_CURVE('',#856,#857,#978,.T.);
#661=EDGE_CURVE('',#857,#858,#117,.T.);
#662=EDGE_CURVE('',#858,#859,#979,.T.);
#663=EDGE_CURVE('',#860,#859,#118,.T.);
#664=EDGE_CURVE('',#860,#861,#980,.T.);
#665=EDGE_CURVE('',#862,#861,#119,.T.);
#666=EDGE_CURVE('',#862,#863,#981,.T.);
#667=EDGE_CURVE('',#863,#864,#120,.T.);
#668=EDGE_CURVE('',#864,#865,#982,.T.);
#669=EDGE_CURVE('',#865,#866,#121,.T.);
#670=EDGE_CURVE('',#866,#867,#983,.T.);
#671=EDGE_CURVE('',#868,#867,#122,.T.);
#672=EDGE_CURVE('',#868,#846,#984,.T.);
#673=EDGE_CURVE('',#869,#870,#985,.T.);
#674=EDGE_CURVE('',#869,#871,#123,.T.);
#675=EDGE_CURVE('',#872,#871,#986,.T.);
#676=EDGE_CURVE('',#873,#872,#124,.T.);
#677=EDGE_CURVE('',#874,#873,#987,.T.);
#678=EDGE_CURVE('',#875,#874,#125,.T.);
#679=EDGE_CURVE('',#876,#875,#988,.T.);
#680=EDGE_CURVE('',#876,#870,#126,.T.);
#681=EDGE_CURVE('',#877,#877,#29,.F.);
#682=EDGE_CURVE('',#878,#878,#989,.T.);
#683=EDGE_CURVE('',#879,#879,#30,.F.);
#684=EDGE_CURVE('',#880,#880,#990,.T.);
#685=EDGE_CURVE('',#881,#881,#991,.F.);
#686=EDGE_CURVE('',#882,#883,#127,.F.);
#687=EDGE_CURVE('',#883,#884,#31,.F.);
#688=EDGE_CURVE('',#884,#885,#128,.F.);
#689=EDGE_CURVE('',#886,#885,#32,.T.);
#690=EDGE_CURVE('',#886,#887,#992,.F.);
#691=EDGE_CURVE('',#888,#887,#33,.T.);
#692=EDGE_CURVE('',#888,#889,#129,.T.);
#693=EDGE_CURVE('',#889,#890,#34,.T.);
#694=EDGE_CURVE('',#890,#891,#130,.T.);
#695=EDGE_CURVE('',#891,#892,#993,.T.);
#696=EDGE_CURVE('',#892,#893,#131,.F.);
#697=EDGE_CURVE('',#893,#894,#35,.F.);
#698=EDGE_CURVE('',#894,#895,#132,.F.);
#699=EDGE_CURVE('',#896,#895,#36,.T.);
#700=EDGE_CURVE('',#896,#897,#994,.F.);
#701=EDGE_CURVE('',#898,#897,#37,.T.);
#702=EDGE_CURVE('',#898,#899,#133,.T.);
#703=EDGE_CURVE('',#899,#900,#38,.T.);
#704=EDGE_CURVE('',#900,#901,#134,.T.);
#705=EDGE_CURVE('',#901,#882,#995,.T.);
#706=EDGE_CURVE('',#902,#903,#996,.F.);
#707=EDGE_CURVE('',#903,#904,#997,.F.);
#708=EDGE_CURVE('',#904,#905,#998,.T.);
#709=EDGE_CURVE('',#905,#906,#999,.F.);
#710=EDGE_CURVE('',#906,#907,#1000,.F.);
#711=EDGE_CURVE('',#907,#902,#1001,.T.);
#712=EDGE_CURVE('',#908,#908,#1002,.T.);
#713=EDGE_CURVE('',#909,#910,#1003,.F.);
#714=EDGE_CURVE('',#910,#911,#1004,.F.);
#715=EDGE_CURVE('',#911,#912,#1005,.T.);
#716=EDGE_CURVE('',#912,#913,#1006,.F.);
#717=EDGE_CURVE('',#913,#914,#1007,.F.);
#718=EDGE_CURVE('',#914,#909,#1008,.T.);
#719=EDGE_CURVE('',#915,#915,#1009,.T.);
#720=EDGE_CURVE('',#916,#917,#135,.F.);
#721=EDGE_CURVE('',#917,#918,#1010,.F.);
#722=EDGE_CURVE('',#918,#919,#136,.T.);
#723=EDGE_CURVE('',#919,#916,#1011,.T.);
#724=EDGE_CURVE('',#920,#921,#137,.F.);
#725=EDGE_CURVE('',#921,#922,#1012,.F.);
#726=EDGE_CURVE('',#922,#923,#138,.T.);
#727=EDGE_CURVE('',#923,#920,#1013,.T.);
#728=EDGE_CURVE('',#924,#924,#1014,.F.);
#729=EDGE_CURVE('',#925,#925,#1015,.F.);
#730=EDGE_CURVE('',#919,#892,#1016,.T.);
#731=EDGE_CURVE('',#891,#920,#1017,.T.);
#732=EDGE_CURVE('',#923,#882,#1018,.T.);
#733=EDGE_CURVE('',#901,#916,#1019,.T.);
#734=EDGE_CURVE('',#926,#926,#1020,.T.);
#735=EDGE_CURVE('',#927,#927,#1021,.T.);
#736=EDGE_CURVE('',#928,#928,#1022,.T.);
#737=EDGE_CURVE('',#929,#929,#1023,.T.);
#738=EDGE_CURVE('',#907,#930,#139,.F.);
#739=EDGE_CURVE('',#930,#931,#39,.T.);
#740=EDGE_CURVE('',#931,#902,#140,.T.);
#741=EDGE_CURVE('',#932,#933,#40,.T.);
#742=EDGE_CURVE('',#933,#909,#141,.T.);
#743=EDGE_CURVE('',#914,#932,#142,.F.);
#744=EDGE_CURVE('',#934,#866,#143,.T.);
#745=EDGE_CURVE('',#934,#935,#1024,.T.);
#746=EDGE_CURVE('',#935,#867,#144,.T.);
#747=EDGE_CURVE('',#935,#936,#41,.T.);
#748=EDGE_CURVE('',#936,#868,#145,.T.);
#749=EDGE_CURVE('',#937,#938,#42,.T.);
#750=EDGE_CURVE('',#938,#845,#146,.T.);
#751=EDGE_CURVE('',#846,#937,#147,.F.);
#752=EDGE_CURVE('',#847,#939,#148,.F.);
#753=EDGE_CURVE('',#939,#940,#43,.T.);
#754=EDGE_CURVE('',#940,#941,#149,.T.);
#755=EDGE_CURVE('',#941,#848,#150,.T.);
#756=EDGE_CURVE('',#941,#942,#1025,.T.);
#757=EDGE_CURVE('',#940,#943,#44,.T.);
#758=EDGE_CURVE('',#943,#942,#151,.T.);
#759=EDGE_CURVE('',#943,#944,#45,.T.);
#760=EDGE_CURVE('',#944,#850,#152,.T.);
#761=EDGE_CURVE('',#942,#849,#153,.T.);
#762=EDGE_CURVE('',#851,#945,#154,.F.);
#763=EDGE_CURVE('',#945,#946,#46,.T.);
#764=EDGE_CURVE('',#946,#852,#155,.T.);
#765=EDGE_CURVE('',#853,#947,#156,.F.);
#766=EDGE_CURVE('',#947,#948,#47,.T.);
#767=EDGE_CURVE('',#948,#854,#157,.T.);
#768=EDGE_CURVE('',#948,#949,#1026,.T.);
#769=EDGE_CURVE('',#949,#855,#158,.T.);
#770=EDGE_CURVE('',#949,#950,#48,.T.);
#771=EDGE_CURVE('',#950,#856,#159,.T.);
#772=EDGE_CURVE('',#951,#952,#49,.T.);
#773=EDGE_CURVE('',#952,#858,#160,.T.);
#774=EDGE_CURVE('',#857,#951,#161,.F.);
#775=EDGE_CURVE('',#859,#953,#162,.F.);
#776=EDGE_CURVE('',#953,#954,#50,.T.);
#777=EDGE_CURVE('',#954,#955,#163,.T.);
#778=EDGE_CURVE('',#955,#860,#164,.T.);
#779=EDGE_CURVE('',#956,#957,#165,.T.);
#780=EDGE_CURVE('',#957,#955,#1027,.T.);
#781=EDGE_CURVE('',#954,#956,#51,.T.);
#782=EDGE_CURVE('',#956,#958,#52,.T.);
#783=EDGE_CURVE('',#958,#862,#166,.T.);
#784=EDGE_CURVE('',#957,#861,#167,.T.);
#785=EDGE_CURVE('',#863,#959,#168,.F.);
#786=EDGE_CURVE('',#959,#960,#53,.T.);
#787=EDGE_CURVE('',#960,#864,#169,.T.);
#788=EDGE_CURVE('',#865,#961,#170,.F.);
#789=EDGE_CURVE('',#961,#934,#54,.T.);
#790=EDGE_CURVE('',#950,#951,#55,.T.);
#791=EDGE_CURVE('',#960,#961,#56,.T.);
#792=EDGE_CURVE('',#936,#937,#57,.T.);
#793=EDGE_CURVE('',#946,#947,#58,.T.);
#794=EDGE_CURVE('',#939,#938,#59,.T.);
#795=EDGE_CURVE('',#959,#958,#60,.T.);
#796=EDGE_CURVE('',#953,#952,#61,.T.);
#797=EDGE_CURVE('',#945,#944,#62,.T.);
#798=EDGE_CURVE('',#942,#941,#1028,.T.);
#799=EDGE_CURVE('',#955,#957,#1029,.T.);
#800=EDGE_CURVE('',#842,#869,#171,.T.);
#801=EDGE_CURVE('',#844,#871,#172,.T.);
#802=EDGE_CURVE('',#962,#870,#173,.T.);
#803=EDGE_CURVE('',#962,#963,#1030,.T.);
#804=EDGE_CURVE('',#963,#874,#174,.T.);
#805=EDGE_CURVE('',#841,#873,#175,.T.);
#806=EDGE_CURVE('',#964,#964,#1031,.T.);
#807=EDGE_CURVE('',#965,#876,#176,.T.);
#808=EDGE_CURVE('',#965,#962,#177,.T.);
#809=EDGE_CURVE('',#966,#875,#178,.T.);
#810=EDGE_CURVE('',#965,#966,#1032,.T.);
#811=EDGE_CURVE('',#966,#963,#179,.T.);
#812=EDGE_CURVE('',#843,#872,#180,.T.);
#813=EDGE_CURVE('',#967,#968,#63,.T.);
#814=EDGE_CURVE('',#968,#967,#1033,.F.);
#815=EDGE_CURVE('',#969,#970,#1034,.F.);
#816=EDGE_CURVE('',#970,#969,#64,.T.);
#817=EDGE_CURVE('',#900,#917,#1035,.T.);
#818=EDGE_CURVE('',#922,#883,#1036,.T.);
#819=EDGE_CURVE('',#918,#893,#1037,.T.);
#820=EDGE_CURVE('',#890,#921,#1038,.T.);
#821=EDGE_CURVE('',#905,#921,#1039,.T.);
#822=EDGE_CURVE('',#922,#904,#1040,.T.);
#823=EDGE_CURVE('',#884,#903,#65,.F.);
#824=EDGE_CURVE('',#906,#889,#66,.T.);
#825=EDGE_CURVE('',#885,#931,#1041,.T.);
#826=EDGE_CURVE('',#930,#888,#1042,.T.);
#827=EDGE_CURVE('',#931,#967,#67,.T.);
#828=EDGE_CURVE('',#968,#930,#68,.T.);
#829=EDGE_CURVE('',#886,#967,#1043,.F.);
#830=EDGE_CURVE('',#968,#887,#1044,.F.);
#831=EDGE_CURVE('',#918,#911,#1045,.T.);
#832=EDGE_CURVE('',#912,#917,#1046,.T.);
#833=EDGE_CURVE('',#913,#899,#69,.T.);
#834=EDGE_CURVE('',#894,#910,#70,.F.);
#835=EDGE_CURVE('',#932,#898,#1047,.T.);
#836=EDGE_CURVE('',#895,#933,#1048,.T.);
#837=EDGE_CURVE('',#897,#969,#1049,.T.);
#838=EDGE_CURVE('',#970,#896,#1050,.T.);
#839=EDGE_CURVE('',#932,#969,#71,.F.);
#840=EDGE_CURVE('',#970,#933,#72,.F.);
#841=VERTEX_POINT('',#1910);
#842=VERTEX_POINT('',#1911);
#843=VERTEX_POINT('',#1913);
#844=VERTEX_POINT('',#1915);
#845=VERTEX_POINT('',#1919);
#846=VERTEX_POINT('',#1920);
#847=VERTEX_POINT('',#1922);
#848=VERTEX_POINT('',#1924);
#849=VERTEX_POINT('',#1926);
#850=VERTEX_POINT('',#1928);
#851=VERTEX_POINT('',#1930);
#852=VERTEX_POINT('',#1932);
#853=VERTEX_POINT('',#1934);
#854=VERTEX_POINT('',#1936);
#855=VERTEX_POINT('',#1938);
#856=VERTEX_POINT('',#1940);
#857=VERTEX_POINT('',#1942);
#858=VERTEX_POINT('',#1944);
#859=VERTEX_POINT('',#1946);
#860=VERTEX_POINT('',#1948);
#861=VERTEX_POINT('',#1950);
#862=VERTEX_POINT('',#1952);
#863=VERTEX_POINT('',#1954);
#864=VERTEX_POINT('',#1956);
#865=VERTEX_POINT('',#1958);
#866=VERTEX_POINT('',#1960);
#867=VERTEX_POINT('',#1962);
#868=VERTEX_POINT('',#1964);
#869=VERTEX_POINT('',#1967);
#870=VERTEX_POINT('',#1968);
#871=VERTEX_POINT('',#1970);
#872=VERTEX_POINT('',#1972);
#873=VERTEX_POINT('',#1974);
#874=VERTEX_POINT('',#1976);
#875=VERTEX_POINT('',#1978);
#876=VERTEX_POINT('',#1980);
#877=VERTEX_POINT('',#2001);
#878=VERTEX_POINT('',#2003);
#879=VERTEX_POINT('',#2023);
#880=VERTEX_POINT('',#2025);
#881=VERTEX_POINT('',#2028);
#882=VERTEX_POINT('',#2030);
#883=VERTEX_POINT('',#2031);
#884=VERTEX_POINT('',#2036);
#885=VERTEX_POINT('',#2038);
#886=VERTEX_POINT('',#2045);
#887=VERTEX_POINT('',#2047);
#888=VERTEX_POINT('',#2054);
#889=VERTEX_POINT('',#2056);
#890=VERTEX_POINT('',#2061);
#891=VERTEX_POINT('',#2063);
#892=VERTEX_POINT('',#2065);
#893=VERTEX_POINT('',#2067);
#894=VERTEX_POINT('',#2072);
#895=VERTEX_POINT('',#2074);
#896=VERTEX_POINT('',#2081);
#897=VERTEX_POINT('',#2083);
#898=VERTEX_POINT('',#2090);
#899=VERTEX_POINT('',#2092);
#900=VERTEX_POINT('',#2097);
#901=VERTEX_POINT('',#2099);
#902=VERTEX_POINT('',#2103);
#903=VERTEX_POINT('',#2104);
#904=VERTEX_POINT('',#2106);
#905=VERTEX_POINT('',#2108);
#906=VERTEX_POINT('',#2110);
#907=VERTEX_POINT('',#2112);
#908=VERTEX_POINT('',#2115);
#909=VERTEX_POINT('',#2118);
#910=VERTEX_POINT('',#2119);
#911=VERTEX_POINT('',#2121);
#912=VERTEX_POINT('',#2123);
#913=VERTEX_POINT('',#2125);
#914=VERTEX_POINT('',#2127);
#915=VERTEX_POINT('',#2130);
#916=VERTEX_POINT('',#2133);
#917=VERTEX_POINT('',#2134);
#918=VERTEX_POINT('',#2136);
#919=VERTEX_POINT('',#2138);
#920=VERTEX_POINT('',#2142);
#921=VERTEX_POINT('',#2143);
#922=VERTEX_POINT('',#2145);
#923=VERTEX_POINT('',#2147);
#924=VERTEX_POINT('',#2151);
#925=VERTEX_POINT('',#2153);
#926=VERTEX_POINT('',#2160);
#927=VERTEX_POINT('',#2163);
#928=VERTEX_POINT('',#2167);
#929=VERTEX_POINT('',#2170);
#930=VERTEX_POINT('',#2174);
#931=VERTEX_POINT('',#2187);
#932=VERTEX_POINT('',#2202);
#933=VERTEX_POINT('',#2203);
#934=VERTEX_POINT('',#2208);
#935=VERTEX_POINT('',#2210);
#936=VERTEX_POINT('',#2219);
#937=VERTEX_POINT('',#2226);
#938=VERTEX_POINT('',#2227);
#939=VERTEX_POINT('',#2232);
#940=VERTEX_POINT('',#2237);
#941=VERTEX_POINT('',#2239);
#942=VERTEX_POINT('',#2243);
#943=VERTEX_POINT('',#2249);
#944=VERTEX_POINT('',#2256);
#945=VERTEX_POINT('',#2261);
#946=VERTEX_POINT('',#2266);
#947=VERTEX_POINT('',#2270);
#948=VERTEX_POINT('',#2277);
#949=VERTEX_POINT('',#2281);
#950=VERTEX_POINT('',#2290);
#951=VERTEX_POINT('',#2297);
#952=VERTEX_POINT('',#2298);
#953=VERTEX_POINT('',#2303);
#954=VERTEX_POINT('',#2308);
#955=VERTEX_POINT('',#2310);
#956=VERTEX_POINT('',#2314);
#957=VERTEX_POINT('',#2315);
#958=VERTEX_POINT('',#2327);
#959=VERTEX_POINT('',#2332);
#960=VERTEX_POINT('',#2337);
#961=VERTEX_POINT('',#2341);
#962=VERTEX_POINT('',#2416);
#963=VERTEX_POINT('',#2418);
#964=VERTEX_POINT('',#2422);
#965=VERTEX_POINT('',#2425);
#966=VERTEX_POINT('',#2429);
#967=VERTEX_POINT('',#2454);
#968=VERTEX_POINT('',#2455);
#969=VERTEX_POINT('',#2459);
#970=VERTEX_POINT('',#2460);
#971=CIRCLE('',#1372,0.01);
#972=CIRCLE('',#1373,0.0127);
#973=CIRCLE('',#1375,0.002);
#974=CIRCLE('',#1376,0.0076);
#975=CIRCLE('',#1377,0.002);
#976=CIRCLE('',#1378,0.005);
#977=CIRCLE('',#1379,0.0147);
#978=CIRCLE('',#1380,0.005);
#979=CIRCLE('',#1381,0.002);
#980=CIRCLE('',#1382,0.0076);
#981=CIRCLE('',#1383,0.002);
#982=CIRCLE('',#1384,0.005);
#983=CIRCLE('',#1385,0.0147);
#984=CIRCLE('',#1386,0.005);
#985=CIRCLE('',#1387,0.01);
#986=CIRCLE('',#1388,0.0127);
#987=CIRCLE('',#1389,0.01);
#988=CIRCLE('',#1390,0.0127);
#989=CIRCLE('',#1392,0.0025);
#990=CIRCLE('',#1394,0.0025);
#991=CIRCLE('',#1396,0.0127);
#992=CIRCLE('',#1397,0.0127);
#993=CIRCLE('',#1398,0.0127);
#994=CIRCLE('',#1399,0.0127);
#995=CIRCLE('',#1400,0.0127);
#996=CIRCLE('',#1402,0.001);
#997=CIRCLE('',#1403,0.003);
#998=CIRCLE('',#1404,0.0057625);
#999=CIRCLE('',#1405,0.003);
#1000=CIRCLE('',#1406,0.001);
#1001=CIRCLE('',#1407,0.0067625);
#1002=CIRCLE('',#1408,0.0047625);
#1003=CIRCLE('',#1410,0.001);
#1004=CIRCLE('',#1411,0.003);
#1005=CIRCLE('',#1412,0.0057625);
#1006=CIRCLE('',#1413,0.003);
#1007=CIRCLE('',#1414,0.001);
#1008=CIRCLE('',#1415,0.0067625);
#1009=CIRCLE('',#1416,0.0047625);
#1010=CIRCLE('',#1418,0.0067625);
#1011=CIRCLE('',#1419,0.0067625);
#1012=CIRCLE('',#1421,0.0067625);
#1013=CIRCLE('',#1422,0.0067625);
#1014=CIRCLE('',#1424,0.003175);
#1015=CIRCLE('',#1425,0.003175);
#1016=CIRCLE('',#1426,0.002);
#1017=CIRCLE('',#1427,0.002);
#1018=CIRCLE('',#1428,0.002);
#1019=CIRCLE('',#1429,0.002);
#1020=CIRCLE('',#1431,0.003175);
#1021=CIRCLE('',#1433,0.0047625);
#1022=CIRCLE('',#1436,0.003175);
#1023=CIRCLE('',#1438,0.0047625);
#1024=CIRCLE('',#1443,0.0147);
#1025=CIRCLE('',#1448,0.0076);
#1026=CIRCLE('',#1453,0.0147);
#1027=CIRCLE('',#1458,0.0076);
#1028=CIRCLE('',#1468,0.0076);
#1029=CIRCLE('',#1471,0.0076);
#1030=CIRCLE('',#1475,0.01);
#1031=CIRCLE('',#1476,0.01);
#1032=CIRCLE('',#1479,0.0127);
#1033=CIRCLE('',#1486,0.0124071067811865);
#1034=CIRCLE('',#1488,0.0124071067811865);
#1035=CIRCLE('',#1494,0.002);
#1036=CIRCLE('',#1496,0.002);
#1037=CIRCLE('',#1498,0.002);
#1038=CIRCLE('',#1500,0.002);
#1039=CIRCLE('',#1502,0.001);
#1040=CIRCLE('',#1503,0.001);
#1041=CIRCLE('',#1507,0.001);
#1042=CIRCLE('',#1509,0.001);
#1043=CIRCLE('',#1510,0.001);
#1044=CIRCLE('',#1511,0.001);
#1045=CIRCLE('',#1514,0.001);
#1046=CIRCLE('',#1515,0.001);
#1047=CIRCLE('',#1519,0.001);
#1048=CIRCLE('',#1521,0.001);
#1049=CIRCLE('',#1523,0.001);
#1050=CIRCLE('',#1524,0.001);
#1051=EDGE_LOOP('',(#253,#254,#255,#256));
#1052=EDGE_LOOP('',(#257,#258,#259,#260,#261,#262,#263,#264,#265,#266,#267,
#268,#269,#270,#271,#272,#273,#274,#275,#276,#277,#278,#279,#280));
#1053=EDGE_LOOP('',(#281,#282,#283,#284,#285,#286,#287,#288));
#1054=EDGE_LOOP('',(#289));
#1055=EDGE_LOOP('',(#290));
#1056=EDGE_LOOP('',(#291));
#1057=EDGE_LOOP('',(#292));
#1058=EDGE_LOOP('',(#293));
#1059=EDGE_LOOP('',(#294,#295,#296,#297,#298,#299,#300,#301,#302,#303,#304,
#305,#306,#307,#308,#309,#310,#311,#312,#313));
#1060=EDGE_LOOP('',(#314,#315,#316,#317,#318,#319));
#1061=EDGE_LOOP('',(#320));
#1062=EDGE_LOOP('',(#321,#322,#323,#324,#325,#326));
#1063=EDGE_LOOP('',(#327));
#1064=EDGE_LOOP('',(#328,#329,#330,#331));
#1065=EDGE_LOOP('',(#332,#333,#334,#335));
#1066=EDGE_LOOP('',(#336));
#1067=EDGE_LOOP('',(#337));
#1068=EDGE_LOOP('',(#338,#339,#340,#341,#342,#343,#344,#345));
#1069=EDGE_LOOP('',(#346));
#1070=EDGE_LOOP('',(#347));
#1071=EDGE_LOOP('',(#348));
#1072=EDGE_LOOP('',(#349));
#1073=EDGE_LOOP('',(#350));
#1074=EDGE_LOOP('',(#351));
#1075=EDGE_LOOP('',(#352));
#1076=EDGE_LOOP('',(#353));
#1077=EDGE_LOOP('',(#354));
#1078=EDGE_LOOP('',(#355));
#1079=EDGE_LOOP('',(#356));
#1080=EDGE_LOOP('',(#357));
#1081=EDGE_LOOP('',(#358,#359,#360,#361));
#1082=EDGE_LOOP('',(#362,#363,#364,#365));
#1083=EDGE_LOOP('',(#366,#367,#368,#369));
#1084=EDGE_LOOP('',(#370,#371,#372,#373));
#1085=EDGE_LOOP('',(#374,#375,#376,#377));
#1086=EDGE_LOOP('',(#378,#379,#380,#381,#382));
#1087=EDGE_LOOP('',(#383,#384,#385,#386));
#1088=EDGE_LOOP('',(#387,#388,#389,#390,#391));
#1089=EDGE_LOOP('',(#392,#393,#394,#395));
#1090=EDGE_LOOP('',(#396,#397,#398,#399));
#1091=EDGE_LOOP('',(#400,#401,#402,#403));
#1092=EDGE_LOOP('',(#404,#405,#406,#407));
#1093=EDGE_LOOP('',(#408,#409,#410,#411));
#1094=EDGE_LOOP('',(#412,#413,#414,#415,#416));
#1095=EDGE_LOOP('',(#417,#418,#419,#420));
#1096=EDGE_LOOP('',(#421,#422,#423,#424,#425));
#1097=EDGE_LOOP('',(#426,#427,#428,#429));
#1098=EDGE_LOOP('',(#430,#431,#432,#433));
#1099=EDGE_LOOP('',(#434,#435,#436,#437));
#1100=EDGE_LOOP('',(#438,#439,#440,#441));
#1101=EDGE_LOOP('',(#442,#443,#444,#445));
#1102=EDGE_LOOP('',(#446,#447,#448,#449));
#1103=EDGE_LOOP('',(#450));
#1104=EDGE_LOOP('',(#451,#452,#453,#454,#455,#456,#457,#458,#459,#460,#461,
#462,#463,#464,#465,#466,#467,#468,#469,#470,#471,#472,#473,#474));
#1105=EDGE_LOOP('',(#475));
#1106=EDGE_LOOP('',(#476));
#1107=EDGE_LOOP('',(#477,#478,#479,#480));
#1108=EDGE_LOOP('',(#481));
#1109=EDGE_LOOP('',(#482,#483));
#1110=EDGE_LOOP('',(#484,#485,#486,#487));
#1111=EDGE_LOOP('',(#488,#489));
#1112=EDGE_LOOP('',(#490));
#1113=EDGE_LOOP('',(#491,#492,#493,#494));
#1114=EDGE_LOOP('',(#495,#496,#497,#498,#499,#500,#501,#502));
#1115=EDGE_LOOP('',(#503));
#1116=EDGE_LOOP('',(#504,#505,#506,#507));
#1117=EDGE_LOOP('',(#508,#509,#510,#511));
#1118=EDGE_LOOP('',(#512,#513,#514,#515));
#1119=EDGE_LOOP('',(#516,#517,#518,#519));
#1120=EDGE_LOOP('',(#520,#521,#522,#523));
#1121=EDGE_LOOP('',(#524,#525,#526,#527));
#1122=EDGE_LOOP('',(#528));
#1123=EDGE_LOOP('',(#529,#530));
#1124=EDGE_LOOP('',(#531,#532));
#1125=EDGE_LOOP('',(#533,#534,#535,#536));
#1126=EDGE_LOOP('',(#537,#538,#539,#540));
#1127=EDGE_LOOP('',(#541,#542,#543,#544));
#1128=EDGE_LOOP('',(#545,#546,#547,#548));
#1129=EDGE_LOOP('',(#549,#550,#551,#552));
#1130=EDGE_LOOP('',(#553,#554,#555,#556));
#1131=EDGE_LOOP('',(#557,#558,#559,#560));
#1132=EDGE_LOOP('',(#561,#562,#563,#564));
#1133=EDGE_LOOP('',(#565,#566,#567,#568));
#1134=EDGE_LOOP('',(#569,#570,#571,#572,#573));
#1135=EDGE_LOOP('',(#574,#575,#576,#577,#578));
#1136=EDGE_LOOP('',(#579,#580,#581,#582,#583));
#1137=EDGE_LOOP('',(#584,#585,#586,#587,#588));
#1138=EDGE_LOOP('',(#589,#590,#591,#592));
#1139=EDGE_LOOP('',(#593,#594,#595,#596));
#1140=EDGE_LOOP('',(#597,#598,#599,#600));
#1141=EDGE_LOOP('',(#601,#602,#603,#604));
#1142=EDGE_LOOP('',(#605,#606,#607,#608));
#1143=EDGE_LOOP('',(#609,#610,#611,#612,#613));
#1144=EDGE_LOOP('',(#614,#615,#616,#617,#618));
#1145=EDGE_LOOP('',(#619,#620,#621,#622,#623));
#1146=EDGE_LOOP('',(#624,#625,#626,#627,#628));
#1147=EDGE_LOOP('',(#629,#630,#631,#632));
#1148=EDGE_LOOP('',(#633,#634,#635,#636));
#1149=EDGE_LOOP('',(#637,#638,#639,#640));
#1150=EDGE_LOOP('',(#641,#642,#643,#644));
#1151=FACE_BOUND('',#1051,.T.);
#1152=FACE_BOUND('',#1052,.T.);
#1153=FACE_BOUND('',#1053,.T.);
#1154=FACE_BOUND('',#1054,.T.);
#1155=FACE_BOUND('',#1055,.T.);
#1156=FACE_BOUND('',#1056,.T.);
#1157=FACE_BOUND('',#1057,.T.);
#1158=FACE_BOUND('',#1058,.T.);
#1159=FACE_BOUND('',#1059,.T.);
#1160=FACE_BOUND('',#1060,.T.);
#1161=FACE_BOUND('',#1061,.T.);
#1162=FACE_BOUND('',#1062,.T.);
#1163=FACE_BOUND('',#1063,.T.);
#1164=FACE_BOUND('',#1064,.T.);
#1165=FACE_BOUND('',#1065,.T.);
#1166=FACE_BOUND('',#1066,.T.);
#1167=FACE_BOUND('',#1067,.T.);
#1168=FACE_BOUND('',#1068,.T.);
#1169=FACE_BOUND('',#1069,.T.);
#1170=FACE_BOUND('',#1070,.T.);
#1171=FACE_BOUND('',#1071,.T.);
#1172=FACE_BOUND('',#1072,.T.);
#1173=FACE_BOUND('',#1073,.T.);
#1174=FACE_BOUND('',#1074,.T.);
#1175=FACE_BOUND('',#1075,.T.);
#1176=FACE_BOUND('',#1076,.T.);
#1177=FACE_BOUND('',#1077,.T.);
#1178=FACE_BOUND('',#1078,.T.);
#1179=FACE_BOUND('',#1079,.T.);
#1180=FACE_BOUND('',#1080,.T.);
#1181=FACE_BOUND('',#1081,.T.);
#1182=FACE_BOUND('',#1082,.T.);
#1183=FACE_BOUND('',#1083,.T.);
#1184=FACE_BOUND('',#1084,.T.);
#1185=FACE_BOUND('',#1085,.T.);
#1186=FACE_BOUND('',#1086,.T.);
#1187=FACE_BOUND('',#1087,.T.);
#1188=FACE_BOUND('',#1088,.T.);
#1189=FACE_BOUND('',#1089,.T.);
#1190=FACE_BOUND('',#1090,.T.);
#1191=FACE_BOUND('',#1091,.T.);
#1192=FACE_BOUND('',#1092,.T.);
#1193=FACE_BOUND('',#1093,.T.);
#1194=FACE_BOUND('',#1094,.T.);
#1195=FACE_BOUND('',#1095,.T.);
#1196=FACE_BOUND('',#1096,.T.);
#1197=FACE_BOUND('',#1097,.T.);
#1198=FACE_BOUND('',#1098,.T.);
#1199=FACE_BOUND('',#1099,.T.);
#1200=FACE_BOUND('',#1100,.T.);
#1201=FACE_BOUND('',#1101,.T.);
#1202=FACE_BOUND('',#1102,.T.);
#1203=FACE_BOUND('',#1103,.T.);
#1204=FACE_BOUND('',#1104,.T.);
#1205=FACE_BOUND('',#1105,.T.);
#1206=FACE_BOUND('',#1106,.T.);
#1207=FACE_BOUND('',#1107,.T.);
#1208=FACE_BOUND('',#1108,.T.);
#1209=FACE_BOUND('',#1109,.T.);
#1210=FACE_BOUND('',#1110,.T.);
#1211=FACE_BOUND('',#1111,.T.);
#1212=FACE_BOUND('',#1112,.T.);
#1213=FACE_BOUND('',#1113,.T.);
#1214=FACE_BOUND('',#1114,.T.);
#1215=FACE_BOUND('',#1115,.T.);
#1216=FACE_BOUND('',#1116,.T.);
#1217=FACE_BOUND('',#1117,.T.);
#1218=FACE_BOUND('',#1118,.T.);
#1219=FACE_BOUND('',#1119,.T.);
#1220=FACE_BOUND('',#1120,.T.);
#1221=FACE_BOUND('',#1121,.T.);
#1222=FACE_BOUND('',#1122,.T.);
#1223=FACE_BOUND('',#1123,.T.);
#1224=FACE_BOUND('',#1124,.T.);
#1225=FACE_BOUND('',#1125,.T.);
#1226=FACE_BOUND('',#1126,.T.);
#1227=FACE_BOUND('',#1127,.T.);
#1228=FACE_BOUND('',#1128,.T.);
#1229=FACE_BOUND('',#1129,.T.);
#1230=FACE_BOUND('',#1130,.T.);
#1231=FACE_BOUND('',#1131,.T.);
#1232=FACE_BOUND('',#1132,.T.);
#1233=FACE_BOUND('',#1133,.T.);
#1234=FACE_BOUND('',#1134,.T.);
#1235=FACE_BOUND('',#1135,.T.);
#1236=FACE_BOUND('',#1136,.T.);
#1237=FACE_BOUND('',#1137,.T.);
#1238=FACE_BOUND('',#1138,.T.);
#1239=FACE_BOUND('',#1139,.T.);
#1240=FACE_BOUND('',#1140,.T.);
#1241=FACE_BOUND('',#1141,.T.);
#1242=FACE_BOUND('',#1142,.T.);
#1243=FACE_BOUND('',#1143,.T.);
#1244=FACE_BOUND('',#1144,.T.);
#1245=FACE_BOUND('',#1145,.T.);
#1246=FACE_BOUND('',#1146,.T.);
#1247=FACE_BOUND('',#1147,.T.);
#1248=FACE_BOUND('',#1148,.T.);
#1249=FACE_BOUND('',#1149,.T.);
#1250=FACE_BOUND('',#1150,.T.);
#1251=PLANE('',#1371);
#1252=PLANE('',#1374);
#1253=PLANE('',#1401);
#1254=PLANE('',#1409);
#1255=PLANE('',#1423);
#1256=PLANE('',#1432);
#1257=PLANE('',#1437);
#1258=PLANE('',#1444);
#1259=PLANE('',#1445);
#1260=PLANE('',#1446);
#1261=PLANE('',#1449);
#1262=PLANE('',#1450);
#1263=PLANE('',#1451);
#1264=PLANE('',#1454);
#1265=PLANE('',#1455);
#1266=PLANE('',#1456);
#1267=PLANE('',#1459);
#1268=PLANE('',#1460);
#1269=PLANE('',#1461);
#1270=PLANE('',#1469);
#1271=PLANE('',#1472);
#1272=PLANE('',#1473);
#1273=PLANE('',#1477);
#1274=PLANE('',#1480);
#1275=PLANE('',#1481);
#1276=PLANE('',#1483);
#1277=PLANE('',#1484);
#1278=ADVANCED_FACE('',(#1151),#1251,.T.);
#1279=ADVANCED_FACE('',(#1152,#1153),#1252,.T.);
#1280=ADVANCED_FACE('',(#1154,#1155),#73,.F.);
#1281=ADVANCED_FACE('',(#1156,#1157),#74,.F.);
#1282=ADVANCED_FACE('',(#1158,#1159),#75,.T.);
#1283=ADVANCED_FACE('',(#1160,#1161),#1253,.T.);
#1284=ADVANCED_FACE('',(#1162,#1163),#1254,.T.);
#1285=ADVANCED_FACE('',(#1164),#76,.T.);
#1286=ADVANCED_FACE('',(#1165),#77,.T.);
#1287=ADVANCED_FACE('',(#1166,#1167,#1168),#1255,.F.);
#1288=ADVANCED_FACE('',(#1169,#1170),#78,.F.);
#1289=ADVANCED_FACE('',(#1171,#1172),#1256,.T.);
#1290=ADVANCED_FACE('',(#1173,#1174),#79,.F.);
#1291=ADVANCED_FACE('',(#1175,#1176),#80,.F.);
#1292=ADVANCED_FACE('',(#1177,#1178),#1257,.T.);
#1293=ADVANCED_FACE('',(#1179,#1180),#81,.F.);
#1294=ADVANCED_FACE('',(#1181),#82,.F.);
#1295=ADVANCED_FACE('',(#1182),#83,.F.);
#1296=ADVANCED_FACE('',(#1183),#84,.T.);
#1297=ADVANCED_FACE('',(#1184),#1258,.F.);
#1298=ADVANCED_FACE('',(#1185),#1259,.F.);
#1299=ADVANCED_FACE('',(#1186),#1260,.F.);
#1300=ADVANCED_FACE('',(#1187),#85,.T.);
#1301=ADVANCED_FACE('',(#1188),#1261,.F.);
#1302=ADVANCED_FACE('',(#1189),#1262,.F.);
#1303=ADVANCED_FACE('',(#1190),#1263,.F.);
#1304=ADVANCED_FACE('',(#1191),#86,.T.);
#1305=ADVANCED_FACE('',(#1192),#1264,.T.);
#1306=ADVANCED_FACE('',(#1193),#1265,.T.);
#1307=ADVANCED_FACE('',(#1194),#1266,.F.);
#1308=ADVANCED_FACE('',(#1195),#87,.T.);
#1309=ADVANCED_FACE('',(#1196),#1267,.F.);
#1310=ADVANCED_FACE('',(#1197),#1268,.T.);
#1311=ADVANCED_FACE('',(#1198),#1269,.T.);
#1312=ADVANCED_FACE('',(#1199),#88,.T.);
#1313=ADVANCED_FACE('',(#1200),#89,.T.);
#1314=ADVANCED_FACE('',(#1201),#90,.T.);
#1315=ADVANCED_FACE('',(#1202),#91,.T.);
#1316=ADVANCED_FACE('',(#1203,#1204,#1205,#1206),#26,.T.);
#1317=ADVANCED_FACE('',(#1207),#92,.F.);
#1318=ADVANCED_FACE('',(#1208,#1209),#1270,.T.);
#1319=ADVANCED_FACE('',(#1210),#93,.F.);
#1320=ADVANCED_FACE('',(#1211,#1212),#1271,.T.);
#1321=ADVANCED_FACE('',(#1213),#1272,.T.);
#1322=ADVANCED_FACE('',(#1214,#1215),#94,.T.);
#1323=ADVANCED_FACE('',(#1216),#1273,.T.);
#1324=ADVANCED_FACE('',(#1217),#95,.T.);
#1325=ADVANCED_FACE('',(#1218),#1274,.F.);
#1326=ADVANCED_FACE('',(#1219),#1275,.F.);
#1327=ADVANCED_FACE('',(#1220),#96,.T.);
#1328=ADVANCED_FACE('',(#1221),#1276,.T.);
#1329=ADVANCED_FACE('',(#1222),#1277,.T.);
#1330=ADVANCED_FACE('',(#1223),#27,.T.);
#1331=ADVANCED_FACE('',(#1224),#28,.T.);
#1332=ADVANCED_FACE('',(#1225),#97,.T.);
#1333=ADVANCED_FACE('',(#1226),#98,.T.);
#1334=ADVANCED_FACE('',(#1227),#99,.T.);
#1335=ADVANCED_FACE('',(#1228),#100,.T.);
#1336=ADVANCED_FACE('',(#1229),#101,.F.);
#1337=ADVANCED_FACE('',(#1230),#102,.F.);
#1338=ADVANCED_FACE('',(#1231),#103,.F.);
#1339=ADVANCED_FACE('',(#1232),#104,.F.);
#1340=ADVANCED_FACE('',(#1233),#18,.T.);
#1341=ADVANCED_FACE('',(#1234),#19,.T.);
#1342=ADVANCED_FACE('',(#1235),#20,.T.);
#1343=ADVANCED_FACE('',(#1236),#105,.T.);
#1344=ADVANCED_FACE('',(#1237),#106,.T.);
#1345=ADVANCED_FACE('',(#1238),#12,.F.);
#1346=ADVANCED_FACE('',(#1239),#13,.T.);
#1347=ADVANCED_FACE('',(#1240),#14,.T.);
#1348=ADVANCED_FACE('',(#1241),#21,.T.);
#1349=ADVANCED_FACE('',(#1242),#22,.T.);
#1350=ADVANCED_FACE('',(#1243),#23,.T.);
#1351=ADVANCED_FACE('',(#1244),#24,.T.);
#1352=ADVANCED_FACE('',(#1245),#107,.T.);
#1353=ADVANCED_FACE('',(#1246),#108,.T.);
#1354=ADVANCED_FACE('',(#1247),#25,.T.);
#1355=ADVANCED_FACE('',(#1248),#15,.T.);
#1356=ADVANCED_FACE('',(#1249),#16,.T.);
#1357=ADVANCED_FACE('',(#1250),#17,.F.);
#1358=CLOSED_SHELL('',(#1278,#1279,#1280,#1281,#1282,#1283,#1284,#1285,
#1286,#1287,#1288,#1289,#1290,#1291,#1292,#1293,#1294,#1295,#1296,#1297,
#1298,#1299,#1300,#1301,#1302,#1303,#1304,#1305,#1306,#1307,#1308,#1309,
#1310,#1311,#1312,#1313,#1314,#1315,#1316,#1317,#1318,#1319,#1320,#1321,
#1322,#1323,#1324,#1325,#1326,#1327,#1328,#1329,#1330,#1331,#1332,#1333,
#1334,#1335,#1336,#1337,#1338,#1339,#1340,#1341,#1342,#1343,#1344,#1345,
#1346,#1347,#1348,#1349,#1350,#1351,#1352,#1353,#1354,#1355,#1356,#1357));
#1359=STYLED_ITEM('',(#1360),#1367);
#1360=PRESENTATION_STYLE_ASSIGNMENT((#1361));
#1361=SURFACE_STYLE_USAGE(.BOTH.,#1362);
#1362=SURFACE_SIDE_STYLE('',(#1363));
#1363=SURFACE_STYLE_FILL_AREA(#1364);
#1364=FILL_AREA_STYLE('',(#1365));
#1365=FILL_AREA_STYLE_COLOUR('',#1366);
#1366=COLOUR_RGB('',0.615686274509804,0.811764705882353,0.929411764705882);
#1367=MANIFOLD_SOLID_BREP('Part 1',#1358);
#1368=SHAPE_DEFINITION_REPRESENTATION(#2748,#1369);
#1369=SHAPE_REPRESENTATION('Part 1',(#1370),#2743);
#1370=AXIS2_PLACEMENT_3D('',#1907,#1525,#1526);
#1371=AXIS2_PLACEMENT_3D('',#1908,#1527,#1528);
#1372=AXIS2_PLACEMENT_3D('',#1909,#1529,#1530);
#1373=AXIS2_PLACEMENT_3D('',#1914,#1532,#1533);
#1374=AXIS2_PLACEMENT_3D('',#1917,#1535,#1536);
#1375=AXIS2_PLACEMENT_3D('',#1921,#1538,#1539);
#1376=AXIS2_PLACEMENT_3D('',#1925,#1541,#1542);
#1377=AXIS2_PLACEMENT_3D('',#1929,#1544,#1545);
#1378=AXIS2_PLACEMENT_3D('',#1933,#1547,#1548);
#1379=AXIS2_PLACEMENT_3D('',#1937,#1550,#1551);
#1380=AXIS2_PLACEMENT_3D('',#1941,#1553,#1554);
#1381=AXIS2_PLACEMENT_3D('',#1945,#1556,#1557);
#1382=AXIS2_PLACEMENT_3D('',#1949,#1559,#1560);
#1383=AXIS2_PLACEMENT_3D('',#1953,#1562,#1563);
#1384=AXIS2_PLACEMENT_3D('',#1957,#1565,#1566);
#1385=AXIS2_PLACEMENT_3D('',#1961,#1568,#1569);
#1386=AXIS2_PLACEMENT_3D('',#1965,#1571,#1572);
#1387=AXIS2_PLACEMENT_3D('',#1966,#1573,#1574);
#1388=AXIS2_PLACEMENT_3D('',#1971,#1576,#1577);
#1389=AXIS2_PLACEMENT_3D('',#1975,#1579,#1580);
#1390=AXIS2_PLACEMENT_3D('',#1979,#1582,#1583);
#1391=AXIS2_PLACEMENT_3D('',#1982,#1585,#1586);
#1392=AXIS2_PLACEMENT_3D('',#2002,#1587,#1588);
#1393=AXIS2_PLACEMENT_3D('',#2004,#1589,#1590);
#1394=AXIS2_PLACEMENT_3D('',#2024,#1591,#1592);
#1395=AXIS2_PLACEMENT_3D('',#2026,#1593,#1594);
#1396=AXIS2_PLACEMENT_3D('',#2027,#1595,#1596);
#1397=AXIS2_PLACEMENT_3D('',#2046,#1599,#1600);
#1398=AXIS2_PLACEMENT_3D('',#2064,#1603,#1604);
#1399=AXIS2_PLACEMENT_3D('',#2082,#1607,#1608);
#1400=AXIS2_PLACEMENT_3D('',#2100,#1611,#1612);
#1401=AXIS2_PLACEMENT_3D('',#2101,#1613,#1614);
#1402=AXIS2_PLACEMENT_3D('',#2102,#1615,#1616);
#1403=AXIS2_PLACEMENT_3D('',#2105,#1617,#1618);
#1404=AXIS2_PLACEMENT_3D('',#2107,#1619,#1620);
#1405=AXIS2_PLACEMENT_3D('',#2109,#1621,#1622);
#1406=AXIS2_PLACEMENT_3D('',#2111,#1623,#1624);
#1407=AXIS2_PLACEMENT_3D('',#2113,#1625,#1626);
#1408=AXIS2_PLACEMENT_3D('',#2114,#1627,#1628);
#1409=AXIS2_PLACEMENT_3D('',#2116,#1629,#1630);
#1410=AXIS2_PLACEMENT_3D('',#2117,#1631,#1632);
#1411=AXIS2_PLACEMENT_3D('',#2120,#1633,#1634);
#1412=AXIS2_PLACEMENT_3D('',#2122,#1635,#1636);
#1413=AXIS2_PLACEMENT_3D('',#2124,#1637,#1638);
#1414=AXIS2_PLACEMENT_3D('',#2126,#1639,#1640);
#1415=AXIS2_PLACEMENT_3D('',#2128,#1641,#1642);
#1416=AXIS2_PLACEMENT_3D('',#2129,#1643,#1644);
#1417=AXIS2_PLACEMENT_3D('',#2131,#1645,#1646);
#1418=AXIS2_PLACEMENT_3D('',#2135,#1648,#1649);
#1419=AXIS2_PLACEMENT_3D('',#2139,#1651,#1652);
#1420=AXIS2_PLACEMENT_3D('',#2140,#1653,#1654);
#1421=AXIS2_PLACEMENT_3D('',#2144,#1656,#1657);
#1422=AXIS2_PLACEMENT_3D('',#2148,#1659,#1660);
#1423=AXIS2_PLACEMENT_3D('',#2149,#1661,#1662);
#1424=AXIS2_PLACEMENT_3D('',#2150,#1663,#1664);
#1425=AXIS2_PLACEMENT_3D('',#2152,#1665,#1666);
#1426=AXIS2_PLACEMENT_3D('',#2154,#1667,#1668);
#1427=AXIS2_PLACEMENT_3D('',#2155,#1669,#1670);
#1428=AXIS2_PLACEMENT_3D('',#2156,#1671,#1672);
#1429=AXIS2_PLACEMENT_3D('',#2157,#1673,#1674);
#1430=AXIS2_PLACEMENT_3D('',#2158,#1675,#1676);
#1431=AXIS2_PLACEMENT_3D('',#2159,#1677,#1678);
#1432=AXIS2_PLACEMENT_3D('',#2161,#1679,#1680);
#1433=AXIS2_PLACEMENT_3D('',#2162,#1681,#1682);
#1434=AXIS2_PLACEMENT_3D('',#2164,#1683,#1684);
#1435=AXIS2_PLACEMENT_3D('',#2165,#1685,#1686);
#1436=AXIS2_PLACEMENT_3D('',#2166,#1687,#1688);
#1437=AXIS2_PLACEMENT_3D('',#2168,#1689,#1690);
#1438=AXIS2_PLACEMENT_3D('',#2169,#1691,#1692);
#1439=AXIS2_PLACEMENT_3D('',#2171,#1693,#1694);
#1440=AXIS2_PLACEMENT_3D('',#2172,#1695,#1696);
#1441=AXIS2_PLACEMENT_3D('',#2189,#1699,#1700);
#1442=AXIS2_PLACEMENT_3D('',#2206,#1703,#1704);
#1443=AXIS2_PLACEMENT_3D('',#2209,#1706,#1707);
#1444=AXIS2_PLACEMENT_3D('',#2212,#1709,#1710);
#1445=AXIS2_PLACEMENT_3D('',#2221,#1712,#1713);
#1446=AXIS2_PLACEMENT_3D('',#2230,#1716,#1717);
#1447=AXIS2_PLACEMENT_3D('',#2241,#1721,#1722);
#1448=AXIS2_PLACEMENT_3D('',#2242,#1723,#1724);
#1449=AXIS2_PLACEMENT_3D('',#2251,#1726,#1727);
#1450=AXIS2_PLACEMENT_3D('',#2259,#1730,#1731);
#1451=AXIS2_PLACEMENT_3D('',#2268,#1734,#1735);
#1452=AXIS2_PLACEMENT_3D('',#2279,#1738,#1739);
#1453=AXIS2_PLACEMENT_3D('',#2280,#1740,#1741);
#1454=AXIS2_PLACEMENT_3D('',#2283,#1743,#1744);
#1455=AXIS2_PLACEMENT_3D('',#2292,#1746,#1747);
#1456=AXIS2_PLACEMENT_3D('',#2301,#1750,#1751);
#1457=AXIS2_PLACEMENT_3D('',#2312,#1755,#1756);
#1458=AXIS2_PLACEMENT_3D('',#2316,#1758,#1759);
#1459=AXIS2_PLACEMENT_3D('',#2322,#1760,#1761);
#1460=AXIS2_PLACEMENT_3D('',#2330,#1764,#1765);
#1461=AXIS2_PLACEMENT_3D('',#2339,#1768,#1769);
#1462=AXIS2_PLACEMENT_3D('',#2348,#1771,#1772);
#1463=AXIS2_PLACEMENT_3D('',#2356,#1773,#1774);
#1464=AXIS2_PLACEMENT_3D('',#2364,#1775,#1776);
#1465=AXIS2_PLACEMENT_3D('',#2372,#1777,#1778);
#1466=AXIS2_PLACEMENT_3D('',#2380,#1779,#1780);
#1467=AXIS2_PLACEMENT_3D('',#2405,#1781,#1782);
#1468=AXIS2_PLACEMENT_3D('',#2406,#1783,#1784);
#1469=AXIS2_PLACEMENT_3D('',#2407,#1785,#1786);
#1470=AXIS2_PLACEMENT_3D('',#2408,#1787,#1788);
#1471=AXIS2_PLACEMENT_3D('',#2409,#1789,#1790);
#1472=AXIS2_PLACEMENT_3D('',#2410,#1791,#1792);
#1473=AXIS2_PLACEMENT_3D('',#2411,#1793,#1794);
#1474=AXIS2_PLACEMENT_3D('',#2414,#1797,#1798);
#1475=AXIS2_PLACEMENT_3D('',#2417,#1800,#1801);
#1476=AXIS2_PLACEMENT_3D('',#2421,#1804,#1805);
#1477=AXIS2_PLACEMENT_3D('',#2423,#1806,#1807);
#1478=AXIS2_PLACEMENT_3D('',#2427,#1810,#1811);
#1479=AXIS2_PLACEMENT_3D('',#2430,#1813,#1814);
#1480=AXIS2_PLACEMENT_3D('',#2431,#1815,#1816);
#1481=AXIS2_PLACEMENT_3D('',#2433,#1818,#1819);
#1482=AXIS2_PLACEMENT_3D('',#2435,#1821,#1822);
#1483=AXIS2_PLACEMENT_3D('',#2436,#1823,#1824);
#1484=AXIS2_PLACEMENT_3D('',#2437,#1825,#1826);
#1485=AXIS2_PLACEMENT_3D('',#2438,#1827,#1828);
#1486=AXIS2_PLACEMENT_3D('',#2456,#1829,#1830);
#1487=AXIS2_PLACEMENT_3D('',#2457,#1831,#1832);
#1488=AXIS2_PLACEMENT_3D('',#2458,#1833,#1834);
#1489=AXIS2_PLACEMENT_3D('',#2476,#1835,#1836);
#1490=AXIS2_PLACEMENT_3D('',#2477,#1837,#1838);
#1491=AXIS2_PLACEMENT_3D('',#2478,#1839,#1840);
#1492=AXIS2_PLACEMENT_3D('',#2479,#1841,#1842);
#1493=AXIS2_PLACEMENT_3D('',#2480,#1843,#1844);
#1494=AXIS2_PLACEMENT_3D('',#2481,#1845,#1846);
#1495=AXIS2_PLACEMENT_3D('',#2482,#1847,#1848);
#1496=AXIS2_PLACEMENT_3D('',#2483,#1849,#1850);
#1497=AXIS2_PLACEMENT_3D('',#2484,#1851,#1852);
#1498=AXIS2_PLACEMENT_3D('',#2485,#1853,#1854);
#1499=AXIS2_PLACEMENT_3D('',#2486,#1855,#1856);
#1500=AXIS2_PLACEMENT_3D('',#2487,#1857,#1858);
#1501=AXIS2_PLACEMENT_3D('',#2488,#1859,#1860);
#1502=AXIS2_PLACEMENT_3D('',#2489,#1861,#1862);
#1503=AXIS2_PLACEMENT_3D('',#2490,#1863,#1864);
#1504=AXIS2_PLACEMENT_3D('',#2491,#1865,#1866);
#1505=AXIS2_PLACEMENT_3D('',#2502,#1867,#1868);
#1506=AXIS2_PLACEMENT_3D('',#2513,#1869,#1870);
#1507=AXIS2_PLACEMENT_3D('',#2514,#1871,#1872);
#1508=AXIS2_PLACEMENT_3D('',#2515,#1873,#1874);
#1509=AXIS2_PLACEMENT_3D('',#2516,#1875,#1876);
#1510=AXIS2_PLACEMENT_3D('',#2594,#1877,#1878);
#1511=AXIS2_PLACEMENT_3D('',#2613,#1879,#1880);
#1512=AXIS2_PLACEMENT_3D('',#2614,#1881,#1882);
#1513=AXIS2_PLACEMENT_3D('',#2615,#1883,#1884);
#1514=AXIS2_PLACEMENT_3D('',#2616,#1885,#1886);
#1515=AXIS2_PLACEMENT_3D('',#2617,#1887,#1888);
#1516=AXIS2_PLACEMENT_3D('',#2618,#1889,#1890);
#1517=AXIS2_PLACEMENT_3D('',#2629,#1891,#1892);
#1518=AXIS2_PLACEMENT_3D('',#2640,#1893,#1894);
#1519=AXIS2_PLACEMENT_3D('',#2641,#1895,#1896);
#1520=AXIS2_PLACEMENT_3D('',#2642,#1897,#1898);
#1521=AXIS2_PLACEMENT_3D('',#2643,#1899,#1900);
#1522=AXIS2_PLACEMENT_3D('',#2644,#1901,#1902);
#1523=AXIS2_PLACEMENT_3D('',#2645,#1903,#1904);
#1524=AXIS2_PLACEMENT_3D('',#2646,#1905,#1906);
#1525=DIRECTION('',(0.,0.,1.));
#1526=DIRECTION('',(1.,0.,0.));
#1527=DIRECTION('',(0.,0.,1.));
#1528=DIRECTION('',(1.,0.,0.));
#1529=DIRECTION('',(0.,0.,1.));
#1530=DIRECTION('',(1.,0.,0.));
#1531=DIRECTION('',(0.,1.,0.));
#1532=DIRECTION('',(0.,0.,1.));
#1533=DIRECTION('',(1.,0.,0.));
#1534=DIRECTION('',(0.,1.,0.));
#1535=DIRECTION('',(0.,0.,1.));
#1536=DIRECTION('',(1.,0.,0.));
#1537=DIRECTION('',(1.,0.,0.));
#1538=DIRECTION('',(0.,0.,1.));
#1539=DIRECTION('',(1.,0.,0.));
#1540=DIRECTION('',(0.,1.,0.));
#1541=DIRECTION('',(0.,0.,1.));
#1542=DIRECTION('',(1.,0.,0.));
#1543=DIRECTION('',(1.53626656212259E-16,-1.,0.));
#1544=DIRECTION('',(0.,0.,1.));
#1545=DIRECTION('',(1.,0.,0.));
#1546=DIRECTION('',(1.,0.,0.));
#1547=DIRECTION('',(0.,0.,1.));
#1548=DIRECTION('',(1.,0.,0.));
#1549=DIRECTION('',(-1.7347234759768E-16,1.,0.));
#1550=DIRECTION('',(0.,0.,1.));
#1551=DIRECTION('',(1.,0.,0.));
#1552=DIRECTION('',(-1.7347234759768E-16,-1.,0.));
#1553=DIRECTION('',(0.,0.,1.));
#1554=DIRECTION('',(1.,0.,0.));
#1555=DIRECTION('',(1.,0.,0.));
#1556=DIRECTION('',(0.,0.,1.));
#1557=DIRECTION('',(1.,0.,0.));
#1558=DIRECTION('',(3.0725331242452E-16,-1.,0.));
#1559=DIRECTION('',(0.,0.,-1.));
#1560=DIRECTION('',(1.,0.,0.));
#1561=DIRECTION('',(0.,1.,0.));
#1562=DIRECTION('',(0.,0.,1.));
#1563=DIRECTION('',(1.,0.,0.));
#1564=DIRECTION('',(1.,0.,0.));
#1565=DIRECTION('',(0.,0.,1.));
#1566=DIRECTION('',(1.,0.,0.));
#1567=DIRECTION('',(2.89120579329468E-16,1.,0.));
#1568=DIRECTION('',(0.,0.,1.));
#1569=DIRECTION('',(1.,0.,0.));
#1570=DIRECTION('',(2.89120579329468E-16,-1.,0.));
#1571=DIRECTION('',(0.,0.,1.));
#1572=DIRECTION('',(1.,0.,0.));
#1573=DIRECTION('',(0.,0.,1.));
#1574=DIRECTION('',(1.,0.,0.));
#1575=DIRECTION('',(0.,1.,0.));
#1576=DIRECTION('',(0.,0.,1.));
#1577=DIRECTION('',(1.,0.,0.));
#1578=DIRECTION('',(0.,1.,0.));
#1579=DIRECTION('',(0.,0.,1.));
#1580=DIRECTION('',(1.,0.,0.));
#1581=DIRECTION('',(0.,1.,0.));
#1582=DIRECTION('',(0.,0.,1.));
#1583=DIRECTION('',(1.,0.,0.));
#1584=DIRECTION('',(0.,1.,0.));
#1585=DIRECTION('',(0.,0.,1.));
#1586=DIRECTION('',(1.,0.,0.));
#1587=DIRECTION('',(0.,0.,-1.));
#1588=DIRECTION('',(1.,0.,0.));
#1589=DIRECTION('',(0.,0.,1.));
#1590=DIRECTION('',(1.,0.,0.));
#1591=DIRECTION('',(0.,0.,1.));
#1592=DIRECTION('',(1.,0.,0.));
#1593=DIRECTION('',(0.,0.,-1.));
#1594=DIRECTION('',(-1.,0.,0.));
#1595=DIRECTION('',(0.,0.,1.));
#1596=DIRECTION('',(1.,0.,0.));
#1597=DIRECTION('',(0.,0.,-1.));
#1598=DIRECTION('',(0.,0.,-1.));
#1599=DIRECTION('',(0.,0.,-1.));
#1600=DIRECTION('',(-1.,0.,0.));
#1601=DIRECTION('',(0.,0.,-1.));
#1602=DIRECTION('',(0.,0.,-1.));
#1603=DIRECTION('',(0.,0.,1.));
#1604=DIRECTION('',(1.,0.,0.));
#1605=DIRECTION('',(0.,0.,-1.));
#1606=DIRECTION('',(0.,0.,-1.));
#1607=DIRECTION('',(0.,0.,-1.));
#1608=DIRECTION('',(-1.,0.,0.));
#1609=DIRECTION('',(0.,0.,-1.));
#1610=DIRECTION('',(0.,0.,-1.));
#1611=DIRECTION('',(0.,0.,1.));
#1612=DIRECTION('',(1.,0.,0.));
#1613=DIRECTION('',(0.,0.,1.));
#1614=DIRECTION('',(1.,0.,0.));
#1615=DIRECTION('',(0.,0.,1.));
#1616=DIRECTION('',(1.,0.,0.));
#1617=DIRECTION('',(0.,0.,1.));
#1618=DIRECTION('',(1.,0.,0.));
#1619=DIRECTION('',(0.,0.,1.));
#1620=DIRECTION('',(1.,0.,0.));
#1621=DIRECTION('',(0.,0.,1.));
#1622=DIRECTION('',(1.,0.,0.));
#1623=DIRECTION('',(0.,0.,1.));
#1624=DIRECTION('',(1.,0.,0.));
#1625=DIRECTION('',(0.,0.,1.));
#1626=DIRECTION('',(1.,0.,0.));
#1627=DIRECTION('',(0.,0.,-1.));
#1628=DIRECTION('',(-1.,0.,0.));
#1629=DIRECTION('',(0.,0.,1.));
#1630=DIRECTION('',(1.,0.,0.));
#1631=DIRECTION('',(0.,0.,1.));
#1632=DIRECTION('',(1.,0.,0.));
#1633=DIRECTION('',(0.,0.,1.));
#1634=DIRECTION('',(1.,0.,0.));
#1635=DIRECTION('',(0.,0.,1.));
#1636=DIRECTION('',(1.,0.,0.));
#1637=DIRECTION('',(0.,0.,1.));
#1638=DIRECTION('',(1.,0.,0.));
#1639=DIRECTION('',(0.,0.,1.));
#1640=DIRECTION('',(1.,0.,0.));
#1641=DIRECTION('',(0.,0.,1.));
#1642=DIRECTION('',(1.,0.,0.));
#1643=DIRECTION('',(0.,0.,-1.));
#1644=DIRECTION('',(-1.,0.,0.));
#1645=DIRECTION('',(0.,0.,-1.));
#1646=DIRECTION('',(-1.,0.,0.));
#1647=DIRECTION('',(0.,0.,-1.));
#1648=DIRECTION('',(0.,0.,1.));
#1649=DIRECTION('',(1.,0.,0.));
#1650=DIRECTION('',(0.,0.,-1.));
#1651=DIRECTION('',(0.,0.,1.));
#1652=DIRECTION('',(1.,0.,0.));
#1653=DIRECTION('',(0.,0.,-1.));
#1654=DIRECTION('',(-1.,0.,0.));
#1655=DIRECTION('',(0.,0.,-1.));
#1656=DIRECTION('',(0.,0.,1.));
#1657=DIRECTION('',(1.,0.,0.));
#1658=DIRECTION('',(0.,0.,-1.));
#1659=DIRECTION('',(0.,0.,1.));
#1660=DIRECTION('',(1.,0.,0.));
#1661=DIRECTION('',(0.,0.,1.));
#1662=DIRECTION('',(1.,0.,0.));
#1663=DIRECTION('',(0.,0.,1.));
#1664=DIRECTION('',(1.,0.,0.));
#1665=DIRECTION('',(0.,0.,1.));
#1666=DIRECTION('',(1.,0.,0.));
#1667=DIRECTION('',(0.,0.,1.));
#1668=DIRECTION('',(1.,0.,0.));
#1669=DIRECTION('',(0.,0.,1.));
#1670=DIRECTION('',(1.,0.,0.));
#1671=DIRECTION('',(0.,0.,1.));
#1672=DIRECTION('',(1.,0.,0.));
#1673=DIRECTION('',(0.,0.,1.));
#1674=DIRECTION('',(1.,0.,0.));
#1675=DIRECTION('',(0.,0.,-1.));
#1676=DIRECTION('',(-1.,0.,0.));
#1677=DIRECTION('',(0.,0.,-1.));
#1678=DIRECTION('',(-1.,0.,0.));
#1679=DIRECTION('',(0.,0.,1.));
#1680=DIRECTION('',(1.,0.,0.));
#1681=DIRECTION('',(0.,0.,-1.));
#1682=DIRECTION('',(-1.,0.,0.));
#1683=DIRECTION('',(0.,0.,-1.));
#1684=DIRECTION('',(-1.,0.,0.));
#1685=DIRECTION('',(0.,0.,-1.));
#1686=DIRECTION('',(-1.,0.,0.));
#1687=DIRECTION('',(0.,0.,-1.));
#1688=DIRECTION('',(-1.,0.,0.));
#1689=DIRECTION('',(0.,0.,1.));
#1690=DIRECTION('',(1.,0.,0.));
#1691=DIRECTION('',(0.,0.,-1.));
#1692=DIRECTION('',(-1.,0.,0.));
#1693=DIRECTION('',(0.,0.,-1.));
#1694=DIRECTION('',(-1.,0.,0.));
#1695=DIRECTION('',(0.,0.,-1.));
#1696=DIRECTION('',(-1.,0.,0.));
#1697=DIRECTION('',(0.,0.,-1.));
#1698=DIRECTION('',(0.,0.,-1.));
#1699=DIRECTION('',(0.,0.,-1.));
#1700=DIRECTION('',(-1.,0.,0.));
#1701=DIRECTION('',(0.,0.,-1.));
#1702=DIRECTION('',(0.,0.,-1.));
#1703=DIRECTION('',(0.,0.,1.));
#1704=DIRECTION('',(1.,0.,0.));
#1705=DIRECTION('',(0.,0.,1.));
#1706=DIRECTION('',(0.,0.,1.));
#1707=DIRECTION('',(1.,0.,0.));
#1708=DIRECTION('',(0.,0.,1.));
#1709=DIRECTION('',(-1.,-2.89120579329468E-16,0.));
#1710=DIRECTION('',(2.89120579329468E-16,-1.,0.));
#1711=DIRECTION('',(0.,0.,1.));
#1712=DIRECTION('',(0.,-1.,0.));
#1713=DIRECTION('',(0.,0.,-1.));
#1714=DIRECTION('',(0.,0.,1.));
#1715=DIRECTION('',(0.,0.,1.));
#1716=DIRECTION('',(1.,0.,0.));
#1717=DIRECTION('',(0.,0.,-1.));
#1718=DIRECTION('',(0.,0.,1.));
#1719=DIRECTION('',(0.,0.,1.));
#1720=DIRECTION('',(0.,0.,1.));
#1721=DIRECTION('',(0.,0.,1.));
#1722=DIRECTION('',(1.,0.,0.));
#1723=DIRECTION('',(0.,0.,1.));
#1724=DIRECTION('',(1.,0.,0.));
#1725=DIRECTION('',(0.,0.,1.));
#1726=DIRECTION('',(-1.,-1.53626656212259E-16,0.));
#1727=DIRECTION('',(1.53626656212259E-16,-1.,0.));
#1728=DIRECTION('',(0.,0.,1.));
#1729=DIRECTION('',(0.,0.,1.));
#1730=DIRECTION('',(0.,-1.,0.));
#1731=DIRECTION('',(0.,0.,-1.));
#1732=DIRECTION('',(0.,0.,1.));
#1733=DIRECTION('',(0.,0.,1.));
#1734=DIRECTION('',(1.,1.7347234759768E-16,0.));
#1735=DIRECTION('',(-1.7347234759768E-16,1.,0.));
#1736=DIRECTION('',(0.,0.,1.));
#1737=DIRECTION('',(0.,0.,1.));
#1738=DIRECTION('',(0.,0.,1.));
#1739=DIRECTION('',(1.,0.,0.));
#1740=DIRECTION('',(0.,0.,1.));
#1741=DIRECTION('',(1.,0.,0.));
#1742=DIRECTION('',(0.,0.,1.));
#1743=DIRECTION('',(-1.,1.7347234759768E-16,0.));
#1744=DIRECTION('',(-1.7347234759768E-16,-1.,0.));
#1745=DIRECTION('',(0.,0.,1.));
#1746=DIRECTION('',(0.,-1.,0.));
#1747=DIRECTION('',(0.,0.,-1.));
#1748=DIRECTION('',(0.,0.,1.));
#1749=DIRECTION('',(0.,0.,1.));
#1750=DIRECTION('',(-1.,-3.0725331242452E-16,0.));
#1751=DIRECTION('',(3.0725331242452E-16,-1.,0.));
#1752=DIRECTION('',(0.,0.,1.));
#1753=DIRECTION('',(0.,0.,1.));
#1754=DIRECTION('',(0.,0.,1.));
#1755=DIRECTION('',(0.,0.,1.));
#1756=DIRECTION('',(1.,0.,0.));
#1757=DIRECTION('',(0.,0.,1.));
#1758=DIRECTION('',(0.,0.,-1.));
#1759=DIRECTION('',(1.,0.,0.));
#1760=DIRECTION('',(1.,0.,0.));
#1761=DIRECTION('',(0.,0.,-1.));
#1762=DIRECTION('',(0.,0.,1.));
#1763=DIRECTION('',(0.,0.,1.));
#1764=DIRECTION('',(0.,-1.,0.));
#1765=DIRECTION('',(0.,0.,-1.));
#1766=DIRECTION('',(0.,0.,1.));
#1767=DIRECTION('',(0.,0.,1.));
#1768=DIRECTION('',(1.,-2.89120579329468E-16,0.));
#1769=DIRECTION('',(2.89120579329468E-16,1.,0.));
#1770=DIRECTION('',(0.,0.,1.));
#1771=DIRECTION('',(0.,0.,1.));
#1772=DIRECTION('',(1.,0.,0.));
#1773=DIRECTION('',(0.,0.,1.));
#1774=DIRECTION('',(1.,0.,0.));
#1775=DIRECTION('',(0.,0.,1.));
#1776=DIRECTION('',(1.,0.,0.));
#1777=DIRECTION('',(0.,0.,1.));
#1778=DIRECTION('',(1.,0.,0.));
#1779=DIRECTION('',(0.,0.,1.));
#1780=DIRECTION('',(1.,0.,0.));
#1781=DIRECTION('',(0.,0.,1.));
#1782=DIRECTION('',(1.,0.,0.));
#1783=DIRECTION('',(0.,0.,1.));
#1784=DIRECTION('',(1.,0.,0.));
#1785=DIRECTION('',(0.,0.,1.));
#1786=DIRECTION('',(1.,0.,0.));
#1787=DIRECTION('',(0.,0.,1.));
#1788=DIRECTION('',(1.,0.,0.));
#1789=DIRECTION('',(0.,0.,-1.));
#1790=DIRECTION('',(1.,0.,0.));
#1791=DIRECTION('',(0.,0.,1.));
#1792=DIRECTION('',(1.,0.,0.));
#1793=DIRECTION('',(-1.,0.,0.));
#1794=DIRECTION('',(0.,0.,1.));
#1795=DIRECTION('',(0.,0.,-1.));
#1796=DIRECTION('',(0.,0.,-1.));
#1797=DIRECTION('',(0.,0.,-1.));
#1798=DIRECTION('',(-1.,0.,0.));
#1799=DIRECTION('',(0.,0.,-1.));
#1800=DIRECTION('',(0.,0.,1.));
#1801=DIRECTION('',(1.,0.,0.));
#1802=DIRECTION('',(0.,0.,-1.));
#1803=DIRECTION('',(0.,0.,-1.));
#1804=DIRECTION('',(0.,0.,1.));
#1805=DIRECTION('',(1.,0.,0.));
#1806=DIRECTION('',(-1.,0.,0.));
#1807=DIRECTION('',(0.,0.,1.));
#1808=DIRECTION('',(0.,0.,-1.));
#1809=DIRECTION('',(0.,1.,0.));
#1810=DIRECTION('',(0.,0.,-1.));
#1811=DIRECTION('',(-1.,0.,0.));
#1812=DIRECTION('',(0.,0.,-1.));
#1813=DIRECTION('',(0.,0.,1.));
#1814=DIRECTION('',(1.,0.,0.));
#1815=DIRECTION('',(-1.,0.,0.));
#1816=DIRECTION('',(0.,0.,1.));
#1817=DIRECTION('',(0.,1.,0.));
#1818=DIRECTION('',(-1.,0.,0.));
#1819=DIRECTION('',(0.,0.,1.));
#1820=DIRECTION('',(0.,0.,-1.));
#1821=DIRECTION('',(0.,0.,-1.));
#1822=DIRECTION('',(-1.,0.,0.));
#1823=DIRECTION('',(0.,0.,1.));
#1824=DIRECTION('',(1.,0.,0.));
#1825=DIRECTION('',(0.,0.,1.));
#1826=DIRECTION('',(1.,0.,0.));
#1827=DIRECTION('',(0.,0.,1.));
#1828=DIRECTION('',(1.,0.,0.));
#1829=DIRECTION('',(0.,0.,1.));
#1830=DIRECTION('',(1.,0.,0.));
#1831=DIRECTION('',(0.,0.,1.));
#1832=DIRECTION('',(1.,0.,0.));
#1833=DIRECTION('',(0.,0.,1.));
#1834=DIRECTION('',(1.,0.,0.));
#1835=DIRECTION('',(0.,0.,1.));
#1836=DIRECTION('',(1.,0.,0.));
#1837=DIRECTION('',(0.,0.,1.));
#1838=DIRECTION('',(1.,0.,0.));
#1839=DIRECTION('',(0.,0.,-1.));
#1840=DIRECTION('',(-1.,0.,0.));
#1841=DIRECTION('',(0.,0.,-1.));
#1842=DIRECTION('',(-1.,0.,0.));
#1843=DIRECTION('',(0.,0.,1.));
#1844=DIRECTION('',(1.,0.,0.));
#1845=DIRECTION('',(0.,0.,1.));
#1846=DIRECTION('',(1.,0.,0.));
#1847=DIRECTION('',(0.,0.,1.));
#1848=DIRECTION('',(1.,0.,0.));
#1849=DIRECTION('',(0.,0.,1.));
#1850=DIRECTION('',(1.,0.,0.));
#1851=DIRECTION('',(0.,0.,1.));
#1852=DIRECTION('',(1.,0.,0.));
#1853=DIRECTION('',(0.,0.,1.));
#1854=DIRECTION('',(1.,0.,0.));
#1855=DIRECTION('',(0.,0.,1.));
#1856=DIRECTION('',(1.,0.,0.));
#1857=DIRECTION('',(0.,0.,1.));
#1858=DIRECTION('',(1.,0.,0.));
#1859=DIRECTION('',(0.,0.,1.));
#1860=DIRECTION('',(1.,0.,0.));
#1861=DIRECTION('',(0.99511099605069,0.0987628753074902,0.));
#1862=DIRECTION('',(-0.0987628753074902,0.995110996050691,0.));
#1863=DIRECTION('',(0.99511099605069,-0.0987628753074919,0.));
#1864=DIRECTION('',(0.0987628753074919,0.99511099605069,0.));
#1865=DIRECTION('',(0.,0.,1.));
#1866=DIRECTION('',(1.,0.,0.));
#1867=DIRECTION('',(0.,0.,1.));
#1868=DIRECTION('',(1.,0.,0.));
#1869=DIRECTION('',(0.,0.,1.));
#1870=DIRECTION('',(1.,0.,0.));
#1871=DIRECTION('',(0.,0.,1.));
#1872=DIRECTION('',(1.,0.,0.));
#1873=DIRECTION('',(0.,0.,1.));
#1874=DIRECTION('',(1.,0.,0.));
#1875=DIRECTION('',(0.,0.,1.));
#1876=DIRECTION('',(1.,0.,0.));
#1877=DIRECTION('',(0.43417948756473,0.900826383149399,-2.24603527834479E-16));
#1878=DIRECTION('',(-0.900826383149399,0.43417948756473,0.));
#1879=DIRECTION('',(0.434179487564729,-0.9008263831494,5.24074898280452E-16));
#1880=DIRECTION('',(0.9008263831494,0.434179487564729,0.));
#1881=DIRECTION('',(0.,0.,-1.));
#1882=DIRECTION('',(-1.,0.,0.));
#1883=DIRECTION('',(0.,0.,1.));
#1884=DIRECTION('',(1.,0.,0.));
#1885=DIRECTION('',(-0.99511099605069,0.0987628753074902,0.));
#1886=DIRECTION('',(-0.0987628753074902,-0.995110996050691,0.));
#1887=DIRECTION('',(-0.99511099605069,-0.09876287530749,0.));
#1888=DIRECTION('',(0.09876287530749,-0.99511099605069,0.));
#1889=DIRECTION('',(0.,0.,1.));
#1890=DIRECTION('',(1.,0.,0.));
#1891=DIRECTION('',(0.,0.,1.));
#1892=DIRECTION('',(1.,0.,0.));
#1893=DIRECTION('',(0.,0.,1.));
#1894=DIRECTION('',(1.,0.,0.));
#1895=DIRECTION('',(0.,0.,1.));
#1896=DIRECTION('',(1.,0.,0.));
#1897=DIRECTION('',(0.,0.,1.));
#1898=DIRECTION('',(1.,0.,0.));
#1899=DIRECTION('',(0.,0.,1.));
#1900=DIRECTION('',(1.,0.,0.));
#1901=DIRECTION('',(0.,0.,-1.));
#1902=DIRECTION('',(-1.,0.,0.));
#1903=DIRECTION('',(-0.43417948756473,0.900826383149399,-2.24603527834479E-16));
#1904=DIRECTION('',(-0.900826383149399,-0.43417948756473,0.));
#1905=DIRECTION('',(-0.43417948756473,-0.900826383149399,-2.24603527834479E-16));
#1906=DIRECTION('',(0.900826383149399,-0.43417948756473,0.));
#1907=CARTESIAN_POINT('',(0.,0.,0.));
#1908=CARTESIAN_POINT('',(0.,0.,0.10812058));
#1909=CARTESIAN_POINT('',(0.,4.33680868994202E-19,0.10812058));
#1910=CARTESIAN_POINT('',(0.00782879301041993,0.00622173609212091,0.10812058));
#1911=CARTESIAN_POINT('',(-0.00782879301041994,0.00622173609212091,0.10812058));
#1912=CARTESIAN_POINT('',(0.00782879301041994,0.00811086804606046,0.10812058));
#1913=CARTESIAN_POINT('',(0.00782879301041993,0.01,0.10812058));
#1914=CARTESIAN_POINT('',(-2.60208521396521E-18,0.,0.10812058));
#1915=CARTESIAN_POINT('',(-0.00782879301041994,0.01,0.10812058));
#1916=CARTESIAN_POINT('',(-0.00782879301041994,0.00811086804606046,0.10812058));
#1917=CARTESIAN_POINT('',(0.,0.,0.08812058));
#1918=CARTESIAN_POINT('',(0.00625,0.0407745069492762,0.08812058));
#1919=CARTESIAN_POINT('',(0.0045,0.0407745069492762,0.08812058));
#1920=CARTESIAN_POINT('',(0.005,0.0407745069492762,0.08812058));
#1921=CARTESIAN_POINT('',(0.0045,0.0387745069492762,0.08812058));
#1922=CARTESIAN_POINT('',(0.0025,0.0387745069492762,0.08812058));
#1923=CARTESIAN_POINT('',(0.0025,0.0393630303224758,0.08812058));
#1924=CARTESIAN_POINT('',(0.0025,0.0379515536956754,0.08812058));
#1925=CARTESIAN_POINT('',(-4.7511918942994E-19,0.0307745069492762,0.08812058));
#1926=CARTESIAN_POINT('',(-0.0025,0.0379515536956754,0.08812058));
#1927=CARTESIAN_POINT('',(-0.0025,0.0393630303224758,0.08812058));
#1928=CARTESIAN_POINT('',(-0.0025,0.0387745069492762,0.08812058));
#1929=CARTESIAN_POINT('',(-0.0045,0.0387745069492762,0.08812058));
#1930=CARTESIAN_POINT('',(-0.0045,0.0407745069492762,0.08812058));
#1931=CARTESIAN_POINT('',(-0.00625,0.0407745069492762,0.08812058));
#1932=CARTESIAN_POINT('',(-0.005,0.0407745069492762,0.08812058));
#1933=CARTESIAN_POINT('',(-0.005,0.0357745069492762,0.08812058));
#1934=CARTESIAN_POINT('',(-0.01,0.0357745069492762,0.08812058));
#1935=CARTESIAN_POINT('',(-0.01,0.0257745069492761,0.08812058));
#1936=CARTESIAN_POINT('',(-0.01,0.0107745069492761,0.08812058));
#1937=CARTESIAN_POINT('',(0.,-5.20417042793042E-18,0.08812058));
#1938=CARTESIAN_POINT('',(-0.01,-0.0107745069492761,0.08812058));
#1939=CARTESIAN_POINT('',(-0.01,-0.0257745069492761,0.08812058));
#1940=CARTESIAN_POINT('',(-0.01,-0.0357745069492762,0.08812058));
#1941=CARTESIAN_POINT('',(-0.005,-0.0357745069492762,0.08812058));
#1942=CARTESIAN_POINT('',(-0.005,-0.0407745069492762,0.08812058));
#1943=CARTESIAN_POINT('',(-0.00625,-0.0407745069492762,0.08812058));
#1944=CARTESIAN_POINT('',(-0.0045,-0.0407745069492762,0.08812058));
#1945=CARTESIAN_POINT('',(-0.0045,-0.0387745069492762,0.08812058));
#1946=CARTESIAN_POINT('',(-0.0025,-0.0387745069492762,0.08812058));
#1947=CARTESIAN_POINT('',(-0.0025,-0.0393630303224758,0.08812058));
#1948=CARTESIAN_POINT('',(-0.0025,-0.0379515536956754,0.08812058));
#1949=CARTESIAN_POINT('',(-3.90312782094781E-18,-0.0307745069492762,0.08812058));
#1950=CARTESIAN_POINT('',(0.0025,-0.0379515536956754,0.08812058));
#1951=CARTESIAN_POINT('',(0.0025,-0.0393630303224758,0.08812058));
#1952=CARTESIAN_POINT('',(0.0025,-0.0387745069492762,0.08812058));
#1953=CARTESIAN_POINT('',(0.0045,-0.0387745069492762,0.08812058));
#1954=CARTESIAN_POINT('',(0.0045,-0.0407745069492762,0.08812058));
#1955=CARTESIAN_POINT('',(0.00625,-0.0407745069492762,0.08812058));
#1956=CARTESIAN_POINT('',(0.005,-0.0407745069492762,0.08812058));
#1957=CARTESIAN_POINT('',(0.005,-0.0357745069492762,0.08812058));
#1958=CARTESIAN_POINT('',(0.01,-0.0357745069492762,0.08812058));
#1959=CARTESIAN_POINT('',(0.01,-0.0257745069492761,0.08812058));
#1960=CARTESIAN_POINT('',(0.01,-0.0107745069492761,0.08812058));
#1961=CARTESIAN_POINT('',(1.7347234759768E-18,-1.7347234759768E-18,0.08812058));
#1962=CARTESIAN_POINT('',(0.01,0.0107745069492761,0.08812058));
#1963=CARTESIAN_POINT('',(0.01,0.0257745069492761,0.08812058));
#1964=CARTESIAN_POINT('',(0.01,0.0357745069492762,0.08812058));
#1965=CARTESIAN_POINT('',(0.005,0.0357745069492762,0.08812058));
#1966=CARTESIAN_POINT('',(-1.7347234759768E-18,8.67361737988404E-19,0.08812058));
#1967=CARTESIAN_POINT('',(-0.00782879301041994,0.00622173609212091,0.08812058));
#1968=CARTESIAN_POINT('',(-0.00782879301041993,-0.00622173609212091,0.08812058));
#1969=CARTESIAN_POINT('',(-0.00782879301041994,0.00811086804606046,0.08812058));
#1970=CARTESIAN_POINT('',(-0.00782879301041994,0.01,0.08812058));
#1971=CARTESIAN_POINT('',(-2.60208521396521E-18,0.,0.08812058));
#1972=CARTESIAN_POINT('',(0.00782879301041993,0.01,0.08812058));
#1973=CARTESIAN_POINT('',(0.00782879301041994,0.00811086804606046,0.08812058));
#1974=CARTESIAN_POINT('',(0.00782879301041993,0.00622173609212091,0.08812058));
#1975=CARTESIAN_POINT('',(2.60208521396521E-18,-4.33680868994202E-19,0.08812058));
#1976=CARTESIAN_POINT('',(0.00782879301041994,-0.00622173609212091,0.08812058));
#1977=CARTESIAN_POINT('',(0.00782879301041994,-0.00811086804606046,0.08812058));
#1978=CARTESIAN_POINT('',(0.00782879301041994,-0.01,0.08812058));
#1979=CARTESIAN_POINT('',(-8.67361737988404E-19,1.7347234759768E-18,0.08812058));
#1980=CARTESIAN_POINT('',(-0.00782879301041994,-0.01,0.08812058));
#1981=CARTESIAN_POINT('',(-0.00782879301041994,-0.00811086804606046,0.08812058));
#1982=CARTESIAN_POINT('',(0.,-0.0307745069492762,0.08612058));
#1983=CARTESIAN_POINT('',(-0.00175121209237474,-0.0326529392930316,0.0771174908355714));
#1984=CARTESIAN_POINT('',(-0.000804102082642214,-0.0332408314233166,0.0776643664847708));
#1985=CARTESIAN_POINT('',(0.000451051769618503,-0.0333346435851338,0.0777506925949235));
#1986=CARTESIAN_POINT('',(0.0015166549824084,-0.0328549926669327,0.0773066210451862));
#1987=CARTESIAN_POINT('',(0.00217520460176049,-0.0321167434406423,0.076609484916066));
#1988=CARTESIAN_POINT('',(0.00260305261440792,-0.031008161615569,0.0755372827954059));
#1989=CARTESIAN_POINT('',(0.00245303957575943,-0.0298606335212944,0.0743803845149298));
#1990=CARTESIAN_POINT('',(0.0017224456616804,-0.0288782116556623,0.0733477158659875));
#1991=CARTESIAN_POINT('',(0.000810089807220623,-0.0283123010547895,0.0727369104398118));
#1992=CARTESIAN_POINT('',(-0.000451133880298351,-0.0282142133942362,0.0726294892628905));
#1993=CARTESIAN_POINT('',(-0.00149774548758363,-0.0286863697984462,0.0731424191900469));
#1994=CARTESIAN_POINT('',(-0.00214069771400337,-0.0293855073082139,0.0738830941523019));
#1995=CARTESIAN_POINT('',(-0.00247953261176156,-0.0301878060972223,0.0747100162135817));
#1996=CARTESIAN_POINT('',(-0.00253358242007323,-0.0310373352747856,0.0755611005628439));
#1997=CARTESIAN_POINT('',(-0.00230455322567815,-0.0318722255910503,0.0763750829461369));
#1998=CARTESIAN_POINT('',(-0.00175121209237474,-0.0326529392930316,0.0771174908355714));
#1999=CARTESIAN_POINT('',(-0.000804102082642214,-0.0332408314233166,0.0776643664847708));
#2000=CARTESIAN_POINT('',(0.000451051769618503,-0.0333346435851338,0.0777506925949235));
#2001=CARTESIAN_POINT('',(-0.000752761442220734,-0.0331584847619052,0.0775876082282629));
#2002=CARTESIAN_POINT('',(0.,-0.0307745069492762,0.08612058));
#2003=CARTESIAN_POINT('',(0.0025,-0.0307745069492762,0.08612058));
#2004=CARTESIAN_POINT('',(0.,0.0307745069492762,0.08612058));
#2005=CARTESIAN_POINT('',(-0.00175121209237471,0.0326529392930317,0.0771174908355715));
#2006=CARTESIAN_POINT('',(-0.00080410208264222,0.0332408314233166,0.0776643664847708));
#2007=CARTESIAN_POINT('',(0.00045105176961851,0.0333346435851338,0.0777506925949236));
#2008=CARTESIAN_POINT('',(0.00151665498240842,0.0328549926669327,0.0773066210451862));
#2009=CARTESIAN_POINT('',(0.0021752046017605,0.0321167434406423,0.076609484916066));
#2010=CARTESIAN_POINT('',(0.00260305261440792,0.031008161615569,0.075537282795406));
#2011=CARTESIAN_POINT('',(0.00245303957575942,0.0298606335212944,0.0743803845149297));
#2012=CARTESIAN_POINT('',(0.00172244566168038,0.0288782116556623,0.0733477158659875));
#2013=CARTESIAN_POINT('',(0.000810089807220596,0.0283123010547894,0.0727369104398118));
#2014=CARTESIAN_POINT('',(-0.000451133880298405,0.0282142133942362,0.0726294892628905));
#2015=CARTESIAN_POINT('',(-0.00149774548758365,0.0286863697984462,0.0731424191900469));
#2016=CARTESIAN_POINT('',(-0.00214069771400339,0.029385507308214,0.0738830941523019));
#2017=CARTESIAN_POINT('',(-0.00247953261176157,0.0301878060972223,0.0747100162135817));
#2018=CARTESIAN_POINT('',(-0.00253358242007323,0.0310373352747857,0.075561100562844));
#2019=CARTESIAN_POINT('',(-0.00230455322567815,0.0318722255910504,0.0763750829461369));
#2020=CARTESIAN_POINT('',(-0.00175121209237471,0.0326529392930317,0.0771174908355715));
#2021=CARTESIAN_POINT('',(-0.00080410208264222,0.0332408314233166,0.0776643664847708));
#2022=CARTESIAN_POINT('',(0.00045105176961851,0.0333346435851338,0.0777506925949236));
#2023=CARTESIAN_POINT('',(-0.000752761442220733,0.0331584847619052,0.0775876082282629));
#2024=CARTESIAN_POINT('',(0.,0.0307745069492762,0.08612058));
#2025=CARTESIAN_POINT('',(0.0025,0.0307745069492762,0.08612058));
#2026=CARTESIAN_POINT('',(3.46944695195361E-18,-4.77048955893622E-18,0.00835));
#2027=CARTESIAN_POINT('',(3.46944695195361E-18,-4.77048955893622E-18,0.05712058));
#2028=CARTESIAN_POINT('',(0.0127,-4.77048955893622E-18,0.05712058));
#2029=CARTESIAN_POINT('',(-0.0102244419642857,0.00753331178957524,0.00835));
#2030=CARTESIAN_POINT('',(-0.0102244419642857,0.00753331178957524,0.));
#2031=CARTESIAN_POINT('',(-0.0102244419642857,0.00753331178957524,0.00735));
#2032=CARTESIAN_POINT('',(-0.0101676749465812,0.00760975598693316,0.00742236483295576));
#2033=CARTESIAN_POINT('',(-0.0101867065032411,0.00758432722388503,0.00739827331698407));
#2034=CARTESIAN_POINT('',(-0.0102056220234141,0.00755885479092556,0.007374136583383));
#2035=CARTESIAN_POINT('',(-0.0102244419642857,0.00753331178957524,0.00735));
#2036=CARTESIAN_POINT('',(-0.0101676749465812,0.00760975598693316,0.00742236483295576));
#2037=CARTESIAN_POINT('',(-0.0101676749465812,0.00760975598693316,0.00835));
#2038=CARTESIAN_POINT('',(-0.0101676749465812,0.00760975598693316,0.0402347410505991));
#2039=CARTESIAN_POINT('',(-0.0114404950659974,0.00551407949207207,0.0432892135623731));
#2040=CARTESIAN_POINT('',(-0.0112829319981737,0.00584098800012153,0.0432892135623731));
#2041=CARTESIAN_POINT('',(-0.0109508000657292,0.00645431050556417,0.0430359085183805));
#2042=CARTESIAN_POINT('',(-0.0103886604177136,0.00732780031058765,0.042010346827347));
#2043=CARTESIAN_POINT('',(-0.0101676749465812,0.00760975598693317,0.040956374885948));
#2044=CARTESIAN_POINT('',(-0.0101676749465812,0.00760975598693316,0.0402347410505991));
#2045=CARTESIAN_POINT('',(-0.0114404950659974,0.00551407949207207,0.0432892135623731));
#2046=CARTESIAN_POINT('',(3.46944695195361E-18,-4.77048955893622E-18,0.0432892135623731));
#2047=CARTESIAN_POINT('',(-0.0114404950659974,-0.00551407949207207,0.0432892135623731));
#2048=CARTESIAN_POINT('',(-0.0101676749465812,-0.00760975598693316,0.0402347410505991));
#2049=CARTESIAN_POINT('',(-0.0101676749465812,-0.00760975598693316,0.0409562821812703));
#2050=CARTESIAN_POINT('',(-0.0103897105770657,-0.00732635735004575,0.0420135937133798));
#2051=CARTESIAN_POINT('',(-0.0109513800006139,-0.00645323636212746,0.0430362071406171));
#2052=CARTESIAN_POINT('',(-0.0112828530172354,-0.0058411518680956,0.0432892135623731));
#2053=CARTESIAN_POINT('',(-0.0114404950659974,-0.00551407949207208,0.0432892135623731));
#2054=CARTESIAN_POINT('',(-0.0101676749465812,-0.00760975598693316,0.0402347410505991));
#2055=CARTESIAN_POINT('',(-0.0101676749465812,-0.00760975598693316,0.00835));
#2056=CARTESIAN_POINT('',(-0.0101676749465812,-0.00760975598693316,0.00742236483295601));
#2057=CARTESIAN_POINT('',(-0.0101676749465812,-0.00760975598693316,0.00742236483295601));
#2058=CARTESIAN_POINT('',(-0.0101867065032412,-0.00758432722388497,0.00739827331698434));
#2059=CARTESIAN_POINT('',(-0.0102056220234141,-0.00755885479092549,0.0073741365833832));
#2060=CARTESIAN_POINT('',(-0.0102244419642857,-0.00753331178957524,0.00735));
#2061=CARTESIAN_POINT('',(-0.0102244419642857,-0.00753331178957524,0.00735));
#2062=CARTESIAN_POINT('',(-0.0102244419642857,-0.00753331178957524,0.00835));
#2063=CARTESIAN_POINT('',(-0.0102244419642857,-0.00753331178957524,0.));
#2064=CARTESIAN_POINT('',(-5.20417042793042E-18,2.16840434497101E-18,0.));
#2065=CARTESIAN_POINT('',(0.0102244419642857,-0.00753331178957523,0.));
#2066=CARTESIAN_POINT('',(0.0102244419642857,-0.00753331178957524,0.00835));
#2067=CARTESIAN_POINT('',(0.0102244419642857,-0.00753331178957524,0.00735));
#2068=CARTESIAN_POINT('',(0.0101676749465812,-0.00760975598693317,0.00742236483295581));
#2069=CARTESIAN_POINT('',(0.0101867065032412,-0.00758432722388503,0.00739827331698412));
#2070=CARTESIAN_POINT('',(0.0102056220234136,-0.00755885479092622,0.00737413658338194));
#2071=CARTESIAN_POINT('',(0.0102244419642857,-0.00753331178957524,0.00735));
#2072=CARTESIAN_POINT('',(0.0101676749465812,-0.00760975598693317,0.00742236483295581));
#2073=CARTESIAN_POINT('',(0.0101676749465812,-0.00760975598693317,0.00835));
#2074=CARTESIAN_POINT('',(0.0101676749465812,-0.00760975598693317,0.0402347410505991));
#2075=CARTESIAN_POINT('',(0.0114404950659974,-0.00551407949207208,0.0432892135623731));
#2076=CARTESIAN_POINT('',(0.0112829319981738,-0.00584098800012155,0.0432892135623731));
#2077=CARTESIAN_POINT('',(0.0109508000657292,-0.00645431050556417,0.0430359085183805));
#2078=CARTESIAN_POINT('',(0.0103886604177136,-0.00732780031058765,0.042010346827347));
#2079=CARTESIAN_POINT('',(0.0101676749465812,-0.00760975598693318,0.040956374885948));
#2080=CARTESIAN_POINT('',(0.0101676749465812,-0.00760975598693317,0.0402347410505991));
#2081=CARTESIAN_POINT('',(0.0114404950659974,-0.00551407949207208,0.0432892135623731));
#2082=CARTESIAN_POINT('',(3.46944695195361E-18,-4.77048955893622E-18,0.0432892135623731));
#2083=CARTESIAN_POINT('',(0.0114404950659974,0.00551407949207207,0.0432892135623731));
#2084=CARTESIAN_POINT('',(0.0101676749465812,0.00760975598693316,0.0402347410505991));
#2085=CARTESIAN_POINT('',(0.0101676749465812,0.00760975598693316,0.0409562821812703));
#2086=CARTESIAN_POINT('',(0.0103897105770657,0.00732635735004575,0.0420135937133798));
#2087=CARTESIAN_POINT('',(0.0109513800006139,0.00645323636212745,0.0430362071406171));
#2088=CARTESIAN_POINT('',(0.0112828530172355,0.00584115186809559,0.0432892135623731));
#2089=CARTESIAN_POINT('',(0.0114404950659974,0.00551407949207207,0.0432892135623731));
#2090=CARTESIAN_POINT('',(0.0101676749465812,0.00760975598693316,0.0402347410505991));
#2091=CARTESIAN_POINT('',(0.0101676749465812,0.00760975598693316,0.00835));
#2092=CARTESIAN_POINT('',(0.0101676749465812,0.00760975598693316,0.007422364832956));
#2093=CARTESIAN_POINT('',(0.0101676749465812,0.00760975598693316,0.007422364832956));
#2094=CARTESIAN_POINT('',(0.0101867065032412,0.00758432722388497,0.00739827331698433));
#2095=CARTESIAN_POINT('',(0.0102056220234136,0.00755885479092618,0.00737413658338207));
#2096=CARTESIAN_POINT('',(0.0102244419642857,0.00753331178957524,0.00735));
#2097=CARTESIAN_POINT('',(0.0102244419642857,0.00753331178957524,0.00735));
#2098=CARTESIAN_POINT('',(0.0102244419642857,0.00753331178957524,0.00835));
#2099=CARTESIAN_POINT('',(0.0102244419642857,0.00753331178957524,0.));
#2100=CARTESIAN_POINT('',(3.46944695195361E-18,-4.77048955893622E-18,0.));
#2101=CARTESIAN_POINT('',(0.,0.,0.00835));
#2102=CARTESIAN_POINT('',(-0.00936707062007874,0.00701056260213527,0.00835));
#2103=CARTESIAN_POINT('',(-0.00979643350316038,0.00610743054388918,0.00835));
#2104=CARTESIAN_POINT('',(-0.010066614237444,0.00629597270058092,0.00835));
#2105=CARTESIAN_POINT('',(-0.0118345903051181,0.00871966010289417,0.00835));
#2106=CARTESIAN_POINT('',(-0.0121308789310406,0.0057343271147421,0.00835));
#2107=CARTESIAN_POINT('',(-0.0127,8.47764567955901E-19,0.00835));
#2108=CARTESIAN_POINT('',(-0.0121308789310406,-0.0057343271147421,0.00835));
#2109=CARTESIAN_POINT('',(-0.0118345903051181,-0.00871966010289418,0.00835));
#2110=CARTESIAN_POINT('',(-0.0100666142374441,-0.00629597270058093,0.00835));
#2111=CARTESIAN_POINT('',(-0.00936707062007874,-0.00701056260213527,0.00835));
#2112=CARTESIAN_POINT('',(-0.00979643350316039,-0.00610743054388918,0.00835));
#2113=CARTESIAN_POINT('',(-0.0127,-8.67361737988404E-19,0.00835));
#2114=CARTESIAN_POINT('',(-0.0127,0.,0.00835));
#2115=CARTESIAN_POINT('',(-0.0174625,0.,0.00835));
#2116=CARTESIAN_POINT('',(0.,0.,0.00835));
#2117=CARTESIAN_POINT('',(0.00936707062007874,-0.00701056260213528,0.00835));
#2118=CARTESIAN_POINT('',(0.00979643350316039,-0.00610743054388919,0.00835));
#2119=CARTESIAN_POINT('',(0.0100666142374441,-0.00629597270058093,0.00835));
#2120=CARTESIAN_POINT('',(0.0118345903051181,-0.00871966010289417,0.00835));
#2121=CARTESIAN_POINT('',(0.0121308789310406,-0.0057343271147421,0.00835));
#2122=CARTESIAN_POINT('',(0.0127,-4.33680868994202E-19,0.00835));
#2123=CARTESIAN_POINT('',(0.0121308789310406,0.0057343271147421,0.00835));
#2124=CARTESIAN_POINT('',(0.0118345903051181,0.00871966010289418,0.00835));
#2125=CARTESIAN_POINT('',(0.0100666142374441,0.00629597270058092,0.00835));
#2126=CARTESIAN_POINT('',(0.00936707062007874,0.00701056260213527,0.00835));
#2127=CARTESIAN_POINT('',(0.00979643350316039,0.00610743054388918,0.00835));
#2128=CARTESIAN_POINT('',(0.0127,-3.46944695195361E-18,0.00835));
#2129=CARTESIAN_POINT('',(0.0127,0.,0.00835));
#2130=CARTESIAN_POINT('',(0.0079375,0.,0.00835));
#2131=CARTESIAN_POINT('',(0.0127,-4.33680868994202E-19,0.00835));
#2132=CARTESIAN_POINT('',(0.0120321160557331,0.00672943811079279,0.00835));
#2133=CARTESIAN_POINT('',(0.0120321160557331,0.00672943811079279,0.));
#2134=CARTESIAN_POINT('',(0.0120321160557331,0.00672943811079279,0.00735));
#2135=CARTESIAN_POINT('',(0.0127,-4.33680868994202E-19,0.00735));
#2136=CARTESIAN_POINT('',(0.0120321160557331,-0.00672943811079279,0.00735));
#2137=CARTESIAN_POINT('',(0.0120321160557331,-0.00672943811079279,0.00835));
#2138=CARTESIAN_POINT('',(0.0120321160557331,-0.00672943811079279,0.));
#2139=CARTESIAN_POINT('',(0.0127,-4.33680868994202E-19,0.));
#2140=CARTESIAN_POINT('',(-0.0127,8.47764567955901E-19,0.00835));
#2141=CARTESIAN_POINT('',(-0.0120321160557331,-0.00672943811079279,0.00835));
#2142=CARTESIAN_POINT('',(-0.0120321160557331,-0.00672943811079279,0.));
#2143=CARTESIAN_POINT('',(-0.0120321160557331,-0.00672943811079279,0.00735));
#2144=CARTESIAN_POINT('',(-0.0127,8.47764567955901E-19,0.00735));
#2145=CARTESIAN_POINT('',(-0.0120321160557331,0.00672943811079279,0.00735));
#2146=CARTESIAN_POINT('',(-0.0120321160557331,0.00672943811079279,0.00835));
#2147=CARTESIAN_POINT('',(-0.0120321160557331,0.00672943811079279,0.));
#2148=CARTESIAN_POINT('',(-0.0127,8.47764567955901E-19,0.));
#2149=CARTESIAN_POINT('',(0.,0.,0.));
#2150=CARTESIAN_POINT('',(-0.0127,0.,0.));
#2151=CARTESIAN_POINT('',(-0.009525,0.,0.));
#2152=CARTESIAN_POINT('',(0.0127,0.,0.));
#2153=CARTESIAN_POINT('',(0.015875,0.,0.));
#2154=CARTESIAN_POINT('',(0.0118345903051181,-0.00871966010289417,0.));
#2155=CARTESIAN_POINT('',(-0.0118345903051181,-0.00871966010289418,0.));
#2156=CARTESIAN_POINT('',(-0.0118345903051181,0.00871966010289417,0.));
#2157=CARTESIAN_POINT('',(0.0118345903051181,0.00871966010289418,0.));
#2158=CARTESIAN_POINT('',(0.0127,0.,0.00835));
#2159=CARTESIAN_POINT('',(0.0127,0.,0.002));
#2160=CARTESIAN_POINT('',(0.009525,0.,0.002));
#2161=CARTESIAN_POINT('',(0.0174625,0.,0.002));
#2162=CARTESIAN_POINT('',(0.0127,0.,0.002));
#2163=CARTESIAN_POINT('',(0.0079375,0.,0.002));
#2164=CARTESIAN_POINT('',(0.0127,0.,0.00835));
#2165=CARTESIAN_POINT('',(-0.0127,0.,0.00835));
#2166=CARTESIAN_POINT('',(-0.0127,0.,0.002));
#2167=CARTESIAN_POINT('',(-0.015875,0.,0.002));
#2168=CARTESIAN_POINT('',(-0.0079375,0.,0.002));
#2169=CARTESIAN_POINT('',(-0.0127,0.,0.002));
#2170=CARTESIAN_POINT('',(-0.0174625,0.,0.002));
#2171=CARTESIAN_POINT('',(-0.0127,0.,0.00835));
#2172=CARTESIAN_POINT('',(-0.0127,-8.67361737988404E-19,0.03335));
#2173=CARTESIAN_POINT('',(-0.00979643350316039,-0.00610743054388918,0.03335));
#2174=CARTESIAN_POINT('',(-0.00979643350316039,-0.00610743054388918,0.0402347410505991));
#2175=CARTESIAN_POINT('',(-0.00979643350316039,-0.00610743054388918,0.0402347410505991));
#2176=CARTESIAN_POINT('',(-0.00927701246554006,-0.00586048978676553,0.0397448338879417));
#2177=CARTESIAN_POINT('',(-0.00831586821761649,-0.00524504717275801,0.0387755558377124));
#2178=CARTESIAN_POINT('',(-0.00710583155238075,-0.00394056141408096,0.0373654869410042));
#2179=CARTESIAN_POINT('',(-0.0062100215565084,-0.00224600773874946,0.0361325456820007));
#2180=CARTESIAN_POINT('',(-0.00587224867873709,-0.000404277519199058,0.0355948908291689));
#2181=CARTESIAN_POINT('',(-0.00600051815659047,0.00112357302801368,0.0357976560184059));
#2182=CARTESIAN_POINT('',(-0.00635185439851738,0.00250339945215678,0.0363285002634822));
#2183=CARTESIAN_POINT('',(-0.00710111108838142,0.00393625337972941,0.0373589144755301));
#2184=CARTESIAN_POINT('',(-0.00830243665331747,0.0052336794718931,0.0387613978899243));
#2185=CARTESIAN_POINT('',(-0.00927585290260913,0.00585993851269815,0.0397437402122061));
#2186=CARTESIAN_POINT('',(-0.00979643350316038,0.00610743054388918,0.0402347410505991));
#2187=CARTESIAN_POINT('',(-0.00979643350316038,0.00610743054388918,0.0402347410505991));
#2188=CARTESIAN_POINT('',(-0.00979643350316038,0.00610743054388918,0.03335));
#2189=CARTESIAN_POINT('',(0.0127,-3.46944695195361E-18,0.03335));
#2190=CARTESIAN_POINT('',(0.00979643350316039,0.00610743054388918,0.0402347410505991));
#2191=CARTESIAN_POINT('',(0.00927701246554006,0.00586048978676553,0.0397448338879417));
#2192=CARTESIAN_POINT('',(0.00831586821761649,0.005245047172758,0.0387755558377124));
#2193=CARTESIAN_POINT('',(0.00710583155238074,0.00394056141408095,0.0373654869410042));
#2194=CARTESIAN_POINT('',(0.00621002155650841,0.00224600773874946,0.0361325456820007));
#2195=CARTESIAN_POINT('',(0.00587224867873709,0.000404277519199048,0.0355948908291689));
#2196=CARTESIAN_POINT('',(0.00600051815659047,-0.00112357302801369,0.0357976560184059));
#2197=CARTESIAN_POINT('',(0.00635185439851739,-0.00250339945215679,0.0363285002634822));
#2198=CARTESIAN_POINT('',(0.00710111108838143,-0.00393625337972941,0.0373589144755301));
#2199=CARTESIAN_POINT('',(0.00830243665331747,-0.00523367947189311,0.0387613978899243));
#2200=CARTESIAN_POINT('',(0.00927585290260914,-0.00585993851269816,0.0397437402122061));
#2201=CARTESIAN_POINT('',(0.00979643350316039,-0.00610743054388919,0.0402347410505991));
#2202=CARTESIAN_POINT('',(0.00979643350316039,0.00610743054388918,0.0402347410505991));
#2203=CARTESIAN_POINT('',(0.00979643350316039,-0.00610743054388919,0.0402347410505991));
#2204=CARTESIAN_POINT('',(0.00979643350316039,-0.00610743054388919,0.03335));
#2205=CARTESIAN_POINT('',(0.00979643350316039,0.00610743054388918,0.03335));
#2206=CARTESIAN_POINT('',(1.7347234759768E-18,-1.7347234759768E-18,0.08612058));
#2207=CARTESIAN_POINT('',(0.01,-0.0107745069492761,0.08612058));
#2208=CARTESIAN_POINT('',(0.01,-0.0107745069492761,0.05912058));
#2209=CARTESIAN_POINT('',(3.46944695195361E-18,-4.77048955893622E-18,0.05912058));
#2210=CARTESIAN_POINT('',(0.01,0.0107745069492761,0.05912058));
#2211=CARTESIAN_POINT('',(0.01,0.0107745069492761,0.08612058));
#2212=CARTESIAN_POINT('',(0.01,0.0257745069492761,0.08612058));
#2213=CARTESIAN_POINT('',(0.01,0.0107745069492761,0.05912058));
#2214=CARTESIAN_POINT('',(0.01,0.0130389599006571,0.0607803326572084));
#2215=CARTESIAN_POINT('',(0.01,0.0173413030036793,0.0643648414024962));
#2216=CARTESIAN_POINT('',(0.01,0.0256575994804725,0.0718740979702489));
#2217=CARTESIAN_POINT('',(0.01,0.0317383813439563,0.0776793267461043));
#2218=CARTESIAN_POINT('',(0.01,0.0357745069492762,0.081566445819278));
#2219=CARTESIAN_POINT('',(0.01,0.0357745069492762,0.081566445819278));
#2220=CARTESIAN_POINT('',(0.01,0.0357745069492762,0.08612058));
#2221=CARTESIAN_POINT('',(0.00625,0.0407745069492762,0.08612058));
#2222=CARTESIAN_POINT('',(0.005,0.0407745069492762,0.0855005071780826));
#2223=CARTESIAN_POINT('',(0.00483342392872545,0.0407745069492762,0.0854802325472936));
#2224=CARTESIAN_POINT('',(0.00466675748863488,0.0407745069492762,0.0854609451175393));
#2225=CARTESIAN_POINT('',(0.0045,0.0407745069492762,0.0854426523142624));
#2226=CARTESIAN_POINT('',(0.005,0.0407745069492762,0.0855005071780826));
#2227=CARTESIAN_POINT('',(0.0045,0.0407745069492762,0.0854426523142624));
#2228=CARTESIAN_POINT('',(0.0045,0.0407745069492762,0.08612058));
#2229=CARTESIAN_POINT('',(0.005,0.0407745069492762,0.08612058));
#2230=CARTESIAN_POINT('',(0.0025,0.0393630303224758,0.08612058));
#2231=CARTESIAN_POINT('',(0.0025,0.0387745069492762,0.08612058));
#2232=CARTESIAN_POINT('',(0.0025,0.0387745069492691,0.0832755975544796));
#2233=CARTESIAN_POINT('',(0.0025,0.0387745069492691,0.0832755975544796));
#2234=CARTESIAN_POINT('',(0.0025,0.0385001953413069,0.0830018543414111));
#2235=CARTESIAN_POINT('',(0.0025,0.0382258777230355,0.082728117150777));
#2236=CARTESIAN_POINT('',(0.0025,0.0379515536956754,0.0824543863821613));
#2237=CARTESIAN_POINT('',(0.0025,0.0379515536956754,0.0824543863821613));
#2238=CARTESIAN_POINT('',(0.0025,0.0379515536956754,0.08612058));
#2239=CARTESIAN_POINT('',(0.0025,0.0379515536956754,0.08612058));
#2240=CARTESIAN_POINT('',(0.0025,0.0379515536956754,0.08612058));
#2241=CARTESIAN_POINT('',(6.50521303491303E-19,0.0307745069492762,0.08612058));
#2242=CARTESIAN_POINT('',(-4.7511918942994E-19,0.0307745069492762,0.08612058));
#2243=CARTESIAN_POINT('',(-0.0025,0.0379515536956754,0.08612058));
#2244=CARTESIAN_POINT('',(0.0025,0.0379515536956754,0.0824543863821613));
#2245=CARTESIAN_POINT('',(0.00171002129438787,0.0382267291033068,0.0826770406021816));
#2246=CARTESIAN_POINT('',(2.99119489837862E-6,0.0385222305629479,0.0829130894174265));
#2247=CARTESIAN_POINT('',(-0.00170971178144422,0.0382268369167832,0.082677127837904));
#2248=CARTESIAN_POINT('',(-0.0025,0.0379515536956754,0.0824543863821613));
#2249=CARTESIAN_POINT('',(-0.0025,0.0379515536956754,0.0824543863821613));
#2250=CARTESIAN_POINT('',(-0.0025,0.0379515536956754,0.08612058));
#2251=CARTESIAN_POINT('',(-0.0025,0.0393630303224758,0.08612058));
#2252=CARTESIAN_POINT('',(-0.0025,0.0379515536956754,0.0824543863821613));
#2253=CARTESIAN_POINT('',(-0.0025,0.0382258777230378,0.0827281171507794));
#2254=CARTESIAN_POINT('',(-0.0025,0.0385001953413116,0.0830018543414158));
#2255=CARTESIAN_POINT('',(-0.0025,0.0387745069492761,0.0832755975544866));
#2256=CARTESIAN_POINT('',(-0.0025,0.0387745069492762,0.0832755975544866));
#2257=CARTESIAN_POINT('',(-0.0025,0.0387745069492762,0.08612058));
#2258=CARTESIAN_POINT('',(-0.0025,0.0379515536956754,0.08612058));
#2259=CARTESIAN_POINT('',(-0.00625,0.0407745069492762,0.08612058));
#2260=CARTESIAN_POINT('',(-0.0045,0.0407745069492762,0.08612058));
#2261=CARTESIAN_POINT('',(-0.0045,0.0407745069492762,0.0854426523142624));
#2262=CARTESIAN_POINT('',(-0.0045,0.0407745069492762,0.0854426523142624));
#2263=CARTESIAN_POINT('',(-0.00466675748863488,0.0407745069492762,0.0854609451175393));
#2264=CARTESIAN_POINT('',(-0.00483342392872545,0.0407745069492762,0.0854802325472936));
#2265=CARTESIAN_POINT('',(-0.005,0.0407745069492762,0.0855005071780826));
#2266=CARTESIAN_POINT('',(-0.005,0.0407745069492762,0.0855005071780826));
#2267=CARTESIAN_POINT('',(-0.005,0.0407745069492762,0.08612058));
#2268=CARTESIAN_POINT('',(-0.01,0.0257745069492761,0.08612058));
#2269=CARTESIAN_POINT('',(-0.01,0.0357745069492762,0.08612058));
#2270=CARTESIAN_POINT('',(-0.01,0.0357745069492762,0.081566445819278));
#2271=CARTESIAN_POINT('',(-0.01,0.0357745069492762,0.081566445819278));
#2272=CARTESIAN_POINT('',(-0.01,0.031738740536311,0.0776796726777203));
#2273=CARTESIAN_POINT('',(-0.01,0.0256605128738647,0.0718768877648196));
#2274=CARTESIAN_POINT('',(-0.01,0.0173484530312736,0.0643712382723621));
#2275=CARTESIAN_POINT('',(-0.01,0.0130438370009728,0.0607839073749801));
#2276=CARTESIAN_POINT('',(-0.01,0.0107745069492761,0.05912058));
#2277=CARTESIAN_POINT('',(-0.01,0.0107745069492761,0.05912058));
#2278=CARTESIAN_POINT('',(-0.01,0.0107745069492761,0.08612058));
#2279=CARTESIAN_POINT('',(0.,-5.20417042793042E-18,0.08612058));
#2280=CARTESIAN_POINT('',(3.46944695195361E-18,-4.77048955893622E-18,0.05912058));
#2281=CARTESIAN_POINT('',(-0.01,-0.0107745069492761,0.05912058));
#2282=CARTESIAN_POINT('',(-0.01,-0.0107745069492761,0.08612058));
#2283=CARTESIAN_POINT('',(-0.01,-0.0257745069492761,0.08612058));
#2284=CARTESIAN_POINT('',(-0.01,-0.0107745069492761,0.05912058));
#2285=CARTESIAN_POINT('',(-0.01,-0.0130389599006571,0.0607803326572084));
#2286=CARTESIAN_POINT('',(-0.01,-0.0173413030036793,0.0643648414024962));
#2287=CARTESIAN_POINT('',(-0.01,-0.0256575994804725,0.0718740979702489));
#2288=CARTESIAN_POINT('',(-0.01,-0.0317383813439563,0.0776793267461043));
#2289=CARTESIAN_POINT('',(-0.01,-0.0357745069492762,0.081566445819278));
#2290=CARTESIAN_POINT('',(-0.01,-0.0357745069492762,0.081566445819278));
#2291=CARTESIAN_POINT('',(-0.01,-0.0357745069492762,0.08612058));
#2292=CARTESIAN_POINT('',(-0.00625,-0.0407745069492762,0.08612058));
#2293=CARTESIAN_POINT('',(-0.005,-0.0407745069492762,0.0855005071780826));
#2294=CARTESIAN_POINT('',(-0.00483343953293083,-0.0407745069492762,0.085480234446543));
#2295=CARTESIAN_POINT('',(-0.00466677315184106,-0.0407745069492762,0.0854609468357467));
#2296=CARTESIAN_POINT('',(-0.0045,-0.0407745069492762,0.0854426523142623));
#2297=CARTESIAN_POINT('',(-0.005,-0.0407745069492762,0.0855005071780826));
#2298=CARTESIAN_POINT('',(-0.0045,-0.0407745069492762,0.0854426523142623));
#2299=CARTESIAN_POINT('',(-0.0045,-0.0407745069492762,0.08812058));
#2300=CARTESIAN_POINT('',(-0.005,-0.0407745069492762,0.08612058));
#2301=CARTESIAN_POINT('',(-0.0025,-0.0393630303224758,0.08612058));
#2302=CARTESIAN_POINT('',(-0.0025,-0.0387745069492762,0.0852716560807665));
#2303=CARTESIAN_POINT('',(-0.0025,-0.0387745069492655,0.083275597554476));
#2304=CARTESIAN_POINT('',(-0.0025,-0.0387745069492655,0.083275597554476));
#2305=CARTESIAN_POINT('',(-0.0025,-0.0385001953413045,0.0830018543414087));
#2306=CARTESIAN_POINT('',(-0.0025,-0.0382258777230343,0.0827281171507758));
#2307=CARTESIAN_POINT('',(-0.0025,-0.0379515536956754,0.0824543863821613));
#2308=CARTESIAN_POINT('',(-0.0025,-0.0379515536956754,0.0824543863821613));
#2309=CARTESIAN_POINT('',(-0.0025,-0.0379515536956754,0.08612058));
#2310=CARTESIAN_POINT('',(-0.0025,-0.0379515536956754,0.08612058));
#2311=CARTESIAN_POINT('',(-0.0025,-0.0379515536956754,0.08612058));
#2312=CARTESIAN_POINT('',(-3.90312782094781E-18,-0.0307745069492762,0.08612058));
#2313=CARTESIAN_POINT('',(0.0025,-0.0379515536956754,0.08612058));
#2314=CARTESIAN_POINT('',(0.0025,-0.0379515536956754,0.0824543863821613));
#2315=CARTESIAN_POINT('',(0.0025,-0.0379515536956754,0.08612058));
#2316=CARTESIAN_POINT('',(-3.90312782094781E-18,-0.0307745069492762,0.08612058));
#2317=CARTESIAN_POINT('',(-0.0025,-0.0379515536956754,0.0824543863821613));
#2318=CARTESIAN_POINT('',(-0.00171002129438787,-0.0382267291033068,0.0826770406021816));
#2319=CARTESIAN_POINT('',(-2.99119489839477E-6,-0.0385222305629478,0.0829130894174264));
#2320=CARTESIAN_POINT('',(0.00170971178144422,-0.0382268369167832,0.082677127837904));
#2321=CARTESIAN_POINT('',(0.0025,-0.0379515536956754,0.0824543863821613));
#2322=CARTESIAN_POINT('',(0.0025,-0.0393630303224758,0.08612058));
#2323=CARTESIAN_POINT('',(0.0025,-0.0379515536956754,0.0824543863821613));
#2324=CARTESIAN_POINT('',(0.0025,-0.0382258777230378,0.0827281171507794));
#2325=CARTESIAN_POINT('',(0.0025,-0.0385001953413116,0.0830018543414158));
#2326=CARTESIAN_POINT('',(0.0025,-0.0387745069492761,0.0832755975544866));
#2327=CARTESIAN_POINT('',(0.0025,-0.0387745069492762,0.0832755975544866));
#2328=CARTESIAN_POINT('',(0.0025,-0.0387745069492762,0.08812058));
#2329=CARTESIAN_POINT('',(0.0025,-0.0379515536956754,0.08612058));
#2330=CARTESIAN_POINT('',(0.00625,-0.0407745069492762,0.08612058));
#2331=CARTESIAN_POINT('',(0.0045,-0.0407745069492762,0.0852716560807665));
#2332=CARTESIAN_POINT('',(0.0045,-0.0407745069492762,0.0854426523142623));
#2333=CARTESIAN_POINT('',(0.0045,-0.0407745069492762,0.0854426523142623));
#2334=CARTESIAN_POINT('',(0.00466675748863488,-0.0407745069492762,0.0854609451175393));
#2335=CARTESIAN_POINT('',(0.00483342392872545,-0.0407745069492762,0.0854802325472936));
#2336=CARTESIAN_POINT('',(0.005,-0.0407745069492762,0.0855005071780826));
#2337=CARTESIAN_POINT('',(0.005,-0.0407745069492762,0.0855005071780826));
#2338=CARTESIAN_POINT('',(0.005,-0.0407745069492762,0.08612058));
#2339=CARTESIAN_POINT('',(0.01,-0.0257745069492761,0.08612058));
#2340=CARTESIAN_POINT('',(0.01,-0.0357745069492762,0.08612058));
#2341=CARTESIAN_POINT('',(0.01,-0.0357745069492762,0.081566445819278));
#2342=CARTESIAN_POINT('',(0.01,-0.0357745069492762,0.081566445819278));
#2343=CARTESIAN_POINT('',(0.01,-0.031738740536311,0.0776796726777203));
#2344=CARTESIAN_POINT('',(0.01,-0.0256605128738647,0.0718768877648196));
#2345=CARTESIAN_POINT('',(0.01,-0.0173484530312736,0.0643712382723621));
#2346=CARTESIAN_POINT('',(0.01,-0.0130438370009728,0.0607839073749801));
#2347=CARTESIAN_POINT('',(0.01,-0.0107745069492761,0.05912058));
#2348=CARTESIAN_POINT('',(-0.005,-0.0357745069492762,0.08612058));
#2349=CARTESIAN_POINT('',(-0.01,-0.0357745069492762,0.081566445819278));
#2350=CARTESIAN_POINT('',(-0.01,-0.0363229337058611,0.0820946256417668));
#2351=CARTESIAN_POINT('',(-0.00982297419715831,-0.0374301106464513,0.0831144812122027));
#2352=CARTESIAN_POINT('',(-0.0089382813401614,-0.0390593616466337,0.0844795431751472));
#2353=CARTESIAN_POINT('',(-0.00728256488178147,-0.040408366572521,0.0854607752719718));
#2354=CARTESIAN_POINT('',(-0.00576166107902613,-0.0407745069492762,0.0855932119528165));
#2355=CARTESIAN_POINT('',(-0.005,-0.0407745069492762,0.0855005071780826));
#2356=CARTESIAN_POINT('',(0.005,-0.0357745069492762,0.08612058));
#2357=CARTESIAN_POINT('',(0.005,-0.0407745069492762,0.0855005071780826));
#2358=CARTESIAN_POINT('',(0.00576109333036655,-0.0407745069492762,0.0855931428498874));
#2359=CARTESIAN_POINT('',(0.00728464034917347,-0.0404082962215374,0.0854609871054413));
#2360=CARTESIAN_POINT('',(0.00894202176726514,-0.0390546914499372,0.0844758470041541));
#2361=CARTESIAN_POINT('',(0.00982281296386774,-0.0374289892376336,0.0831133878187089));
#2362=CARTESIAN_POINT('',(0.01,-0.0363226051728427,0.0820943092375993));
#2363=CARTESIAN_POINT('',(0.01,-0.0357745069492762,0.081566445819278));
#2364=CARTESIAN_POINT('',(0.005,0.0357745069492762,0.08612058));
#2365=CARTESIAN_POINT('',(0.01,0.0357745069492762,0.081566445819278));
#2366=CARTESIAN_POINT('',(0.01,0.0363229337058611,0.0820946256417668));
#2367=CARTESIAN_POINT('',(0.00982297419715831,0.0374301106464513,0.0831144812122027));
#2368=CARTESIAN_POINT('',(0.00893828134016142,0.0390593616466337,0.0844795431751472));
#2369=CARTESIAN_POINT('',(0.00728256488178147,0.040408366572521,0.0854607752719719));
#2370=CARTESIAN_POINT('',(0.00576166107902613,0.0407745069492762,0.0855932119528165));
#2371=CARTESIAN_POINT('',(0.005,0.0407745069492762,0.0855005071780826));
#2372=CARTESIAN_POINT('',(-0.005,0.0357745069492762,0.08612058));
#2373=CARTESIAN_POINT('',(-0.005,0.0407745069492762,0.0855005071780826));
#2374=CARTESIAN_POINT('',(-0.00576109333036654,0.0407745069492762,0.0855931428498874));
#2375=CARTESIAN_POINT('',(-0.00728464034917347,0.0404082962215374,0.0854609871054413));
#2376=CARTESIAN_POINT('',(-0.00894202176726514,0.0390546914499372,0.0844758470041541));
#2377=CARTESIAN_POINT('',(-0.00982281296386774,0.0374289892376336,0.0831133878187089));
#2378=CARTESIAN_POINT('',(-0.01,0.0363226051728427,0.0820943092375994));
#2379=CARTESIAN_POINT('',(-0.01,0.0357745069492762,0.0815664458192781));
#2380=CARTESIAN_POINT('',(3.46944695195361E-18,-4.77048955893622E-18,0.08612058));
#2381=CARTESIAN_POINT('',(0.0025,0.0387745069492762,0.0832755975544725));
#2382=CARTESIAN_POINT('',(0.0025,0.0392356173392749,0.083735752488036));
#2383=CARTESIAN_POINT('',(0.00272477998299569,0.0399150804853768,0.0844266310471942));
#2384=CARTESIAN_POINT('',(0.003557287666366,0.0406099187984856,0.0851837288727778));
#2385=CARTESIAN_POINT('',(0.00417348789250711,0.0407745069492762,0.0854068349018103));
#2386=CARTESIAN_POINT('',(0.0045,0.0407745069492762,0.0854426523142624));
#2387=CARTESIAN_POINT('',(0.0045,-0.0407745069492762,0.0854426523142623));
#2388=CARTESIAN_POINT('',(0.0041735243507368,-0.0407745069492762,0.0854068389011702));
#2389=CARTESIAN_POINT('',(0.00356208977875919,-0.0406116685449638,0.0851859092907748));
#2390=CARTESIAN_POINT('',(0.00272605728756047,-0.0399189539893063,0.084430540880797));
#2391=CARTESIAN_POINT('',(0.0025,-0.0392353734924255,0.0837355091464701));
#2392=CARTESIAN_POINT('',(0.0025,-0.0387745069492762,0.0832755975544866));
#2393=CARTESIAN_POINT('',(-0.0025,-0.0387745069492762,0.0832755975544654));
#2394=CARTESIAN_POINT('',(-0.0025,-0.0392356173392755,0.0837357524880294));
#2395=CARTESIAN_POINT('',(-0.00272477998299405,-0.0399150804853741,0.084426631047193));
#2396=CARTESIAN_POINT('',(-0.00355728766636484,-0.0406099187984853,0.0851837288727771));
#2397=CARTESIAN_POINT('',(-0.00417348789250669,-0.0407745069492762,0.0854068349018102));
#2398=CARTESIAN_POINT('',(-0.0045,-0.0407745069492762,0.0854426523142623));
#2399=CARTESIAN_POINT('',(-0.0045,0.0407745069492762,0.0854426523142624));
#2400=CARTESIAN_POINT('',(-0.00417352435073678,0.0407745069492762,0.0854068389011703));
#2401=CARTESIAN_POINT('',(-0.0035620897787592,0.0406116685449637,0.0851859092907748));
#2402=CARTESIAN_POINT('',(-0.00272605728756047,0.0399189539893063,0.084430540880797));
#2403=CARTESIAN_POINT('',(-0.0025,0.0392353734924255,0.0837355091464701));
#2404=CARTESIAN_POINT('',(-0.0025,0.0387745069492762,0.0832755975544866));
#2405=CARTESIAN_POINT('',(-4.7511918942994E-19,0.0307745069492762,0.08612058));
#2406=CARTESIAN_POINT('',(-4.7511918942994E-19,0.0307745069492762,0.08612058));
#2407=CARTESIAN_POINT('',(0.,0.,0.08612058));
#2408=CARTESIAN_POINT('',(-3.90312782094781E-18,-0.0307745069492762,0.08612058));
#2409=CARTESIAN_POINT('',(-3.90312782094781E-18,-0.0307745069492762,0.08612058));
#2410=CARTESIAN_POINT('',(0.,0.,0.08612058));
#2411=CARTESIAN_POINT('',(-0.00782879301041994,0.00811086804606046,0.10812058));
#2412=CARTESIAN_POINT('',(-0.00782879301041994,0.00622173609212091,0.10812058));
#2413=CARTESIAN_POINT('',(-0.00782879301041994,0.01,0.10812058));
#2414=CARTESIAN_POINT('',(-1.7347234759768E-18,8.67361737988404E-19,0.10812058));
#2415=CARTESIAN_POINT('',(-0.00782879301041993,-0.00622173609212091,0.10812058));
#2416=CARTESIAN_POINT('',(-0.00782879301041993,-0.00622173609212091,0.10812058));
#2417=CARTESIAN_POINT('',(0.,4.33680868994202E-19,0.10812058));
#2418=CARTESIAN_POINT('',(0.00782879301041994,-0.00622173609212091,0.10812058));
#2419=CARTESIAN_POINT('',(0.00782879301041994,-0.00622173609212091,0.10812058));
#2420=CARTESIAN_POINT('',(0.00782879301041993,0.00622173609212091,0.10812058));
#2421=CARTESIAN_POINT('',(0.,4.33680868994202E-19,0.12312058));
#2422=CARTESIAN_POINT('',(0.01,4.33680868994202E-19,0.12312058));
#2423=CARTESIAN_POINT('',(-0.00782879301041994,-0.00811086804606046,0.10812058));
#2424=CARTESIAN_POINT('',(-0.00782879301041994,-0.01,0.10812058));
#2425=CARTESIAN_POINT('',(-0.00782879301041994,-0.01,0.10812058));
#2426=CARTESIAN_POINT('',(-0.00782879301041994,-0.00811086804606046,0.10812058));
#2427=CARTESIAN_POINT('',(-8.67361737988404E-19,1.7347234759768E-18,0.10812058));
#2428=CARTESIAN_POINT('',(0.00782879301041994,-0.01,0.10812058));
#2429=CARTESIAN_POINT('',(0.00782879301041994,-0.01,0.10812058));
#2430=CARTESIAN_POINT('',(-8.67361737988404E-19,1.7347234759768E-18,0.10812058));
#2431=CARTESIAN_POINT('',(0.00782879301041994,-0.00811086804606046,0.10812058));
#2432=CARTESIAN_POINT('',(0.00782879301041994,-0.00811086804606046,0.10812058));
#2433=CARTESIAN_POINT('',(0.00782879301041994,0.00811086804606046,0.10812058));
#2434=CARTESIAN_POINT('',(0.00782879301041993,0.01,0.10812058));
#2435=CARTESIAN_POINT('',(-2.60208521396521E-18,0.,0.10812058));
#2436=CARTESIAN_POINT('',(0.,0.,0.10812058));
#2437=CARTESIAN_POINT('',(0.,0.,0.12312058));
#2438=CARTESIAN_POINT('',(3.46944695195361E-18,-4.77048955893622E-18,0.03335));
#2439=CARTESIAN_POINT('',(-0.0111766491270447,0.00538691126441646,0.0425821067811865));
#2440=CARTESIAN_POINT('',(-0.010569129134562,0.00528294956337027,0.0419896987055809));
#2441=CARTESIAN_POINT('',(-0.00941987259118141,0.00489406819569913,0.0407913077911719));
#2442=CARTESIAN_POINT('',(-0.00817921702339747,0.0040190301340791,0.0392849125310973));
#2443=CARTESIAN_POINT('',(-0.00734012195648899,0.00309428758253448,0.0381359673953774));
#2444=CARTESIAN_POINT('',(-0.00679399761363713,0.00225978027509612,0.0373247005853936));
#2445=CARTESIAN_POINT('',(-0.00636470663415023,0.00126054151961294,0.0366342872940118));
#2446=CARTESIAN_POINT('',(-0.00616180365212012,-1.10697062268431E-5,0.0362885404089931));
#2447=CARTESIAN_POINT('',(-0.0063705139891351,-0.0012787420065404,0.0366440385142935));
#2448=CARTESIAN_POINT('',(-0.0068014792429948,-0.0022725421340469,0.0373360790058678));
#2449=CARTESIAN_POINT('',(-0.00734337603019345,-0.00309851322766717,0.038140667122636));
#2450=CARTESIAN_POINT('',(-0.00818914957901362,-0.00402779036616759,0.039297662598992));
#2451=CARTESIAN_POINT('',(-0.0094154067218183,-0.00489061692973062,0.040785786607172));
#2452=CARTESIAN_POINT('',(-0.0105702277758423,-0.00528313756807422,0.0419907700184178));
#2453=CARTESIAN_POINT('',(-0.0111766491270447,-0.00538691126441646,0.0425821067811865));
#2454=CARTESIAN_POINT('',(-0.0111766491270447,0.00538691126441646,0.0425821067811865));
#2455=CARTESIAN_POINT('',(-0.0111766491270447,-0.00538691126441646,0.0425821067811865));
#2456=CARTESIAN_POINT('',(3.46944695195361E-18,-4.77048955893622E-18,0.0425821067811865));
#2457=CARTESIAN_POINT('',(3.46944695195361E-18,-4.77048955893622E-18,0.03335));
#2458=CARTESIAN_POINT('',(3.46944695195361E-18,-4.77048955893622E-18,0.0425821067811865));
#2459=CARTESIAN_POINT('',(0.0111766491270447,0.00538691126441646,0.0425821067811865));
#2460=CARTESIAN_POINT('',(0.0111766491270447,-0.00538691126441647,0.0425821067811865));
#2461=CARTESIAN_POINT('',(0.0111766491270447,-0.00538691126441647,0.0425821067811865));
#2462=CARTESIAN_POINT('',(0.010569129134562,-0.00528294956337028,0.0419896987055809));
#2463=CARTESIAN_POINT('',(0.00941987259118142,-0.00489406819569914,0.0407913077911718));
#2464=CARTESIAN_POINT('',(0.00817921702339748,-0.00401903013407911,0.0392849125310973));
#2465=CARTESIAN_POINT('',(0.007340121956489,-0.00309428758253449,0.0381359673953774));
#2466=CARTESIAN_POINT('',(0.00679399761363713,-0.00225978027509613,0.0373247005853936));
#2467=CARTESIAN_POINT('',(0.00636470663415024,-0.00126054151961294,0.0366342872940118));
#2468=CARTESIAN_POINT('',(0.00616180365212012,1.10697062268307E-5,0.036288540408993));
#2469=CARTESIAN_POINT('',(0.0063705139891351,0.0012787420065404,0.0366440385142935));
#2470=CARTESIAN_POINT('',(0.0068014792429948,0.00227254213404689,0.0373360790058678));
#2471=CARTESIAN_POINT('',(0.00734337603019345,0.00309851322766717,0.038140667122636));
#2472=CARTESIAN_POINT('',(0.00818914957901362,0.00402779036616758,0.039297662598992));
#2473=CARTESIAN_POINT('',(0.00941540672181831,0.00489061692973062,0.040785786607172));
#2474=CARTESIAN_POINT('',(0.0105702277758423,0.00528313756807422,0.0419907700184178));
#2475=CARTESIAN_POINT('',(0.0111766491270447,0.00538691126441646,0.0425821067811865));
#2476=CARTESIAN_POINT('',(0.0045,0.0387745069492762,0.08612058));
#2477=CARTESIAN_POINT('',(-0.0045,0.0387745069492762,0.08612058));
#2478=CARTESIAN_POINT('',(-0.0045,-0.0387745069492762,0.08612058));
#2479=CARTESIAN_POINT('',(0.0045,-0.0387745069492762,0.08612058));
#2480=CARTESIAN_POINT('',(0.0118345903051181,0.00871966010289418,0.00835));
#2481=CARTESIAN_POINT('',(0.0118345903051181,0.00871966010289418,0.00735));
#2482=CARTESIAN_POINT('',(-0.0118345903051181,0.00871966010289417,0.00835));
#2483=CARTESIAN_POINT('',(-0.0118345903051181,0.00871966010289417,0.00735));
#2484=CARTESIAN_POINT('',(0.0118345903051181,-0.00871966010289417,0.00835));
#2485=CARTESIAN_POINT('',(0.0118345903051181,-0.00871966010289417,0.00735));
#2486=CARTESIAN_POINT('',(-0.0118345903051181,-0.00871966010289418,0.00835));
#2487=CARTESIAN_POINT('',(-0.0118345903051181,-0.00871966010289418,0.00735));
#2488=CARTESIAN_POINT('',(-0.0127,8.47764567955901E-19,0.00735));
#2489=CARTESIAN_POINT('',(-0.0121308789310406,-0.0057343271147421,0.00735));
#2490=CARTESIAN_POINT('',(-0.0121308789310406,0.0057343271147421,0.00735));
#2491=CARTESIAN_POINT('',(-0.0118345903051181,0.00871966010289417,0.00735));
#2492=CARTESIAN_POINT('',(-0.010066614237444,0.00629597270058092,0.00835));
#2493=CARTESIAN_POINT('',(-0.0101743276831059,0.00640141815013633,0.00835));
#2494=CARTESIAN_POINT('',(-0.0103326702901505,0.00665740289351874,0.00827933481377994));
#2495=CARTESIAN_POINT('',(-0.0103769567258189,0.00696824826665147,0.0080605811019824));
#2496=CARTESIAN_POINT('',(-0.0103560463816583,0.00718297035540215,0.00785656248565854));
#2497=CARTESIAN_POINT('',(-0.0103193834378891,0.00732834728336792,0.00769328932874428));
#2498=CARTESIAN_POINT('',(-0.0102697458151873,0.00744452008471418,0.00755450498291366));
#2499=CARTESIAN_POINT('',(-0.010226563765565,0.00752441073035989,0.00743724659564489));
#2500=CARTESIAN_POINT('',(-0.0101855237980815,0.00758590747976204,0.00739977047041295));
#2501=CARTESIAN_POINT('',(-0.0101676749465816,0.00760975598693255,0.00742236483295764));
#2502=CARTESIAN_POINT('',(-0.0118345903051181,-0.00871966010289418,0.00735));
#2503=CARTESIAN_POINT('',(-0.0100666142374441,-0.00629597270058093,0.00835));
#2504=CARTESIAN_POINT('',(-0.0101743276831059,-0.00640141815013634,0.00835));
#2505=CARTESIAN_POINT('',(-0.0103326702901505,-0.00665740289351878,0.00827933481377993));
#2506=CARTESIAN_POINT('',(-0.0103769567258189,-0.00696824826665152,0.00806058110198238));
#2507=CARTESIAN_POINT('',(-0.0103560463816583,-0.0071829703554022,0.00785656248565851));
#2508=CARTESIAN_POINT('',(-0.010319383437889,-0.007328347283368,0.00769328932874427));
#2509=CARTESIAN_POINT('',(-0.0102697458151873,-0.00744452008471422,0.00755450498291361));
#2510=CARTESIAN_POINT('',(-0.0102265637655649,-0.00752441073036008,0.00743724659564498));
#2511=CARTESIAN_POINT('',(-0.0101855237980814,-0.00758590747976211,0.00739977047041302));
#2512=CARTESIAN_POINT('',(-0.0101676749465816,-0.00760975598693261,0.00742236483295772));
#2513=CARTESIAN_POINT('',(-0.00936707062007874,0.00701056260213527,0.00835));
#2514=CARTESIAN_POINT('',(-0.00936707062007874,0.00701056260213527,0.0402347410505991));
#2515=CARTESIAN_POINT('',(-0.00936707062007874,-0.00701056260213527,0.03335));
#2516=CARTESIAN_POINT('',(-0.00936707062007874,-0.00701056260213527,0.0402347410505991));
#2517=CARTESIAN_POINT('',(-0.0112655934372656,0.00540143718984313,0.0426685631110417));
#2518=CARTESIAN_POINT('',(-0.0109153109582099,0.00657892152846889,0.0428617800242967));
#2519=CARTESIAN_POINT('',(-0.011764926651262,0.00669754015161387,0.0419614563298551));
#2520=CARTESIAN_POINT('',(-0.0106394090973867,0.00530405312734589,0.0420618225023494));
#2521=CARTESIAN_POINT('',(-0.0102592207049603,0.00639538648380738,0.0422078867127129));
#2522=CARTESIAN_POINT('',(-0.0110248245236006,0.00659421120408173,0.0413547157217089));
#2523=CARTESIAN_POINT('',(-0.0094393538569079,0.00491202869368459,0.0408170078130031));
#2524=CARTESIAN_POINT('',(-0.00903466190433078,0.00584836604654963,0.0408905930468702));
#2525=CARTESIAN_POINT('',(-0.00960966401056289,0.00614720006571621,0.0401099010315566));
#2526=CARTESIAN_POINT('',(-0.00815470653358396,0.00400237105857406,0.0392550892047385));
#2527=CARTESIAN_POINT('',(-0.00772104451000831,0.0047046246371385,0.0391748379265268));
#2528=CARTESIAN_POINT('',(-0.00811016954407113,0.00506477166520728,0.0385479824235842));
#2529=CARTESIAN_POINT('',(-0.0072983919088583,0.00304192388470112,0.0380767995178291));
#2530=CARTESIAN_POINT('',(-0.00689255681668968,0.0035466072720947,0.0378953587879623));
#2531=CARTESIAN_POINT('',(-0.00712673293250015,0.00389098635393157,0.0373696927366364));
#2532=CARTESIAN_POINT('',(-0.00675098259116793,0.00218136259535267,0.0372578438591513));
#2533=CARTESIAN_POINT('',(-0.00639201972619626,0.00254492772205679,0.0370252078861268));
#2534=CARTESIAN_POINT('',(-0.00650851551817986,0.00281839146322026,0.0365507370779664));
#2535=CARTESIAN_POINT('',(-0.00634200412027806,0.0011712029354366,0.036595875826316));
#2536=CARTESIAN_POINT('',(-0.00603294374959897,0.00137359689846058,0.036318752873171));
#2537=CARTESIAN_POINT('',(-0.006057650484262,0.00152961596610201,0.035888769045129));
#2538=CARTESIAN_POINT('',(-0.00617199871682923,-2.60348940243968E-5,0.0363057995083972));
#2539=CARTESIAN_POINT('',(-0.00588853976582822,-3.051202356321E-5,0.0360068349432263));
#2540=CARTESIAN_POINT('',(-0.00587461438979876,-3.41591875513063E-5,0.0355986927272109));
#2541=CARTESIAN_POINT('',(-0.00635272967485344,-0.00120487321721419,0.036613908816805));
#2542=CARTESIAN_POINT('',(-0.00604217602192889,-0.00141278114678931,0.0363381296803192));
#2543=CARTESIAN_POINT('',(-0.00606929157033173,-0.00157305836312915,0.0359068020356179));
#2544=CARTESIAN_POINT('',(-0.00676595758289153,-0.0022092153699384,0.0372809441511593));
#2545=CARTESIAN_POINT('',(-0.00640533105651327,-0.0025769213855792,0.0370494607157383));
#2546=CARTESIAN_POINT('',(-0.00652529182538056,-0.00285341272571057,0.0365738373699744));
#2547=CARTESIAN_POINT('',(-0.00730964543157986,-0.00305643782053005,0.0380929869981915));
#2548=CARTESIAN_POINT('',(-0.00690307868287565,-0.00356356268018905,0.0379125974848189));
#2549=CARTESIAN_POINT('',(-0.00713956171900881,-0.00390885358921978,0.0373858802169988));
#2550=CARTESIAN_POINT('',(-0.00817400648997926,-0.00401929328676847,0.039279861897569));
#2551=CARTESIAN_POINT('',(-0.00773992633446772,-0.00472525442692142,0.0392014454372218));
#2552=CARTESIAN_POINT('',(-0.00813255586725756,-0.00508516961256103,0.0385727551164148));
#2553=CARTESIAN_POINT('',(-0.00944272547237875,-0.00491198790886626,0.0408200113450442));
#2554=CARTESIAN_POINT('',(-0.009037452631904,-0.00584765824802519,0.0408926236637316));
#2555=CARTESIAN_POINT('',(-0.0096136978420864,-0.00614699529696822,0.0401129045635973));
#2556=CARTESIAN_POINT('',(-0.0106448104053276,-0.00530479451993122,0.0420670173044728));
#2557=CARTESIAN_POINT('',(-0.0102646034870502,-0.0063967859510099,0.042213201359645));
#2558=CARTESIAN_POINT('',(-0.0110312100474621,-0.00659498285518326,0.0413599105238332));
#2559=CARTESIAN_POINT('',(-0.011264684795485,-0.00540129580583207,0.0426676826552078));
#2560=CARTESIAN_POINT('',(-0.0109143197905284,-0.00657864417764842,0.0428607921373801));
#2561=CARTESIAN_POINT('',(-0.0117638527071494,-0.00669739012571976,0.0419605758740213));
#2562=CARTESIAN_POINT('',(-0.00979643350316038,0.00610743054388918,0.0402347410505991));
#2563=CARTESIAN_POINT('',(-0.00986078012604337,0.00613802191894376,0.0404731972829755));
#2564=CARTESIAN_POINT('',(-0.0100214805890613,0.00615627744021042,0.0409428180112018));
#2565=CARTESIAN_POINT('',(-0.0103430925290526,0.0060696853906527,0.0416129218021663));
#2566=CARTESIAN_POINT('',(-0.0107263533441789,0.00585759331997173,0.0422069519635853));
#2567=CARTESIAN_POINT('',(-0.0110381915843001,0.00559467515560688,0.0425475873935477));
#2568=CARTESIAN_POINT('',(-0.0111766491270447,0.00538691126441647,0.0425821067811865));
#2569=CARTESIAN_POINT('',(-0.0111766491270447,-0.00538691126441646,0.0425821067811866));
#2570=CARTESIAN_POINT('',(-0.0110381482809814,-0.00559474013484758,0.0425475765974292));
#2571=CARTESIAN_POINT('',(-0.0107267133212471,-0.00585729326220313,0.0422073583969267));
#2572=CARTESIAN_POINT('',(-0.0103433436897635,-0.00606958458768662,0.041613365928093));
#2573=CARTESIAN_POINT('',(-0.010021813151195,-0.00615626435293976,0.0409436804964339));
#2574=CARTESIAN_POINT('',(-0.00986077693015324,-0.00613802039956838,0.0404731854396201));
#2575=CARTESIAN_POINT('',(-0.00979643350316039,-0.00610743054388918,0.0402347410505992));
#2576=CARTESIAN_POINT('',(-0.00979643350316041,0.00610743054388919,0.0402347410505992));
#2577=CARTESIAN_POINT('',(-0.0108995509350393,0.00663186955212129,0.0402347410505992));
#2578=CARTESIAN_POINT('',(-0.0101676749465812,0.00760975598693316,0.0402347410505991));
#2579=CARTESIAN_POINT('',(-0.00993060130042115,0.00617121598005285,0.0407319411531436));
#2580=CARTESIAN_POINT('',(-0.0107978676978225,0.00676773226231948,0.0406454418731211));
#2581=CARTESIAN_POINT('',(-0.0101676749516727,0.00760975598013021,0.0409321327570791));
#2582=CARTESIAN_POINT('',(-0.0102430159365181,0.00613470917415679,0.0414771323481578));
#2583=CARTESIAN_POINT('',(-0.0107635700655433,0.00678088965141372,0.0414807899650026));
#2584=CARTESIAN_POINT('',(-0.0103726866172459,0.00734862391383013,0.0419580807593294));
#2585=CARTESIAN_POINT('',(-0.0107945452592633,0.00581384467886704,0.0423003038442256));
#2586=CARTESIAN_POINT('',(-0.0110774513432451,0.00622847780553887,0.0425356780029902));
#2587=CARTESIAN_POINT('',(-0.0109282983025338,0.00649275782416051,0.0430095737698747));
#2588=CARTESIAN_POINT('',(-0.0110738933861125,0.0055411024504994,0.0425564883488952));
#2589=CARTESIAN_POINT('',(-0.0113220813825904,0.00575976169327843,0.042853616544815));
#2590=CARTESIAN_POINT('',(-0.0112748485188257,0.00585775943146025,0.0432892135711859));
#2591=CARTESIAN_POINT('',(-0.0111766491270447,0.00538691126441646,0.0425821067811865));
#2592=CARTESIAN_POINT('',(-0.0114404950659974,0.00551407949207207,0.042875));
#2593=CARTESIAN_POINT('',(-0.0114404950659974,0.00551407949207207,0.0432892135623731));
#2594=CARTESIAN_POINT('',(-0.010539668682848,0.00507990000450734,0.0432892135623731));
#2595=CARTESIAN_POINT('',(-0.0111766491270446,-0.00538691126441647,0.0425821067811865));
#2596=CARTESIAN_POINT('',(-0.0114404950659974,-0.0055140794920721,0.0428749999999999));
#2597=CARTESIAN_POINT('',(-0.0114404950659974,-0.0055140794920721,0.0432892135623731));
#2598=CARTESIAN_POINT('',(-0.0110736565386851,-0.00554145778009091,0.0425564292673038));
#2599=CARTESIAN_POINT('',(-0.0113218064196806,-0.00576033217094372,0.0428535668164461));
#2600=CARTESIAN_POINT('',(-0.0112744667765516,-0.00585855146222623,0.0432892134909101));
#2601=CARTESIAN_POINT('',(-0.0107946781330572,-0.00581361092426895,0.0423002501732152));
#2602=CARTESIAN_POINT('',(-0.0110776579911153,-0.00622808086064692,0.0425357631140972));
#2603=CARTESIAN_POINT('',(-0.0109285513708928,-0.0064922726075415,0.0430094461398191));
#2604=CARTESIAN_POINT('',(-0.0102429538966598,-0.00613506705151027,0.0414776738379672));
#2605=CARTESIAN_POINT('',(-0.0107631845496184,-0.0067815408564496,0.0414807255891376));
#2606=CARTESIAN_POINT('',(-0.01037232955348,-0.00734921988012654,0.0419589062400106));
#2607=CARTESIAN_POINT('',(-0.00992938548646885,-0.0061706379633878,0.0407274355787525));
#2608=CARTESIAN_POINT('',(-0.0107987131372183,-0.00676660263832468,0.0406420271435709));
#2609=CARTESIAN_POINT('',(-0.0101676749571348,-0.00760975597283208,0.040925813068615));
#2610=CARTESIAN_POINT('',(-0.00979643350315858,-0.00610743054389217,0.0402347410505993));
#2611=CARTESIAN_POINT('',(-0.0108995509350373,-0.00663186955212461,0.0402347410505992));
#2612=CARTESIAN_POINT('',(-0.0101676749465789,-0.00760975598693624,0.0402347410505994));
#2613=CARTESIAN_POINT('',(-0.010539668682848,-0.00507990000450734,0.0432892135623731));
#2614=CARTESIAN_POINT('',(3.46944695195361E-18,-4.77048955893622E-18,0.0432892135623731));
#2615=CARTESIAN_POINT('',(0.0127,-4.33680868994202E-19,0.00735));
#2616=CARTESIAN_POINT('',(0.0121308789310406,-0.0057343271147421,0.00735));
#2617=CARTESIAN_POINT('',(0.0121308789310406,0.0057343271147421,0.00735));
#2618=CARTESIAN_POINT('',(0.0118345903051181,0.00871966010289418,0.00735));
#2619=CARTESIAN_POINT('',(0.0100666142374441,0.00629597270058092,0.00835));
#2620=CARTESIAN_POINT('',(0.0101743276831059,0.00640141815013633,0.00835));
#2621=CARTESIAN_POINT('',(0.0103326702901505,0.00665740289351878,0.00827933481377993));
#2622=CARTESIAN_POINT('',(0.0103769567258189,0.00696824826665153,0.00806058110198238));
#2623=CARTESIAN_POINT('',(0.0103560463816583,0.00718297035540222,0.0078565624856585));
#2624=CARTESIAN_POINT('',(0.010319383437889,0.00732834728336801,0.00769328932874426));
#2625=CARTESIAN_POINT('',(0.0102697458151873,0.00744452008471423,0.0075545049829136));
#2626=CARTESIAN_POINT('',(0.0102265637655649,0.0075244107303601,0.00743724659564496));
#2627=CARTESIAN_POINT('',(0.0101855237980814,0.00758590747976211,0.00739977047041301));
#2628=CARTESIAN_POINT('',(0.0101676749465816,0.00760975598693261,0.00742236483295771));
#2629=CARTESIAN_POINT('',(0.0118345903051181,-0.00871966010289417,0.00735));
#2630=CARTESIAN_POINT('',(0.0100666142374441,-0.00629597270058093,0.00835));
#2631=CARTESIAN_POINT('',(0.0101743276831059,-0.00640141815013634,0.00835));
#2632=CARTESIAN_POINT('',(0.0103326702901505,-0.00665740289351876,0.00827933481377994));
#2633=CARTESIAN_POINT('',(0.0103769567258189,-0.00696824826665147,0.0080605811019824));
#2634=CARTESIAN_POINT('',(0.0103560463816583,-0.00718297035540215,0.00785656248565856));
#2635=CARTESIAN_POINT('',(0.0103193834378891,-0.00732834728336793,0.00769328932874432));
#2636=CARTESIAN_POINT('',(0.0102697458151873,-0.00744452008471417,0.00755450498291369));
#2637=CARTESIAN_POINT('',(0.010226563765565,-0.00752441073035994,0.00743724659564498));
#2638=CARTESIAN_POINT('',(0.0101855237980815,-0.00758590747976205,0.00739977047041301));
#2639=CARTESIAN_POINT('',(0.0101676749465816,-0.00760975598693256,0.00742236483295769));
#2640=CARTESIAN_POINT('',(0.00936707062007874,0.00701056260213527,0.03335));
#2641=CARTESIAN_POINT('',(0.00936707062007875,0.00701056260213527,0.0402347410505991));
#2642=CARTESIAN_POINT('',(0.00936707062007874,-0.00701056260213528,0.00835));
#2643=CARTESIAN_POINT('',(0.00936707062007875,-0.00701056260213528,0.0402347410505991));
#2644=CARTESIAN_POINT('',(3.46944695195361E-18,-4.77048955893622E-18,0.0432892135623731));
#2645=CARTESIAN_POINT('',(0.010539668682848,0.00507990000450734,0.0432892135623731));
#2646=CARTESIAN_POINT('',(0.010539668682848,-0.00507990000450735,0.0432892135623731));
#2647=CARTESIAN_POINT('',(0.0111766491270447,0.00538691126441648,0.0425821067811865));
#2648=CARTESIAN_POINT('',(0.0114404950659974,0.00551407949207209,0.042875));
#2649=CARTESIAN_POINT('',(0.0114404950659974,0.0055140794920721,0.0432892135623731));
#2650=CARTESIAN_POINT('',(0.0110736565386662,0.00554145778008556,0.0425564292672844));
#2651=CARTESIAN_POINT('',(0.0113218064196819,0.00576033217094655,0.042853566816438));
#2652=CARTESIAN_POINT('',(0.0112744667765535,0.0058585514622223,0.043289213490915));
#2653=CARTESIAN_POINT('',(0.0107946781330657,0.00581361092427134,0.042300250173224));
#2654=CARTESIAN_POINT('',(0.0110776579911154,0.00622808086064408,0.0425357631141019));
#2655=CARTESIAN_POINT('',(0.0109285513708919,0.0064922726075433,0.0430094461398169));
#2656=CARTESIAN_POINT('',(0.0102429538966549,0.00613506705150896,0.0414776738379619));
#2657=CARTESIAN_POINT('',(0.0107631845496181,0.00678154085645281,0.0414807255891324));
#2658=CARTESIAN_POINT('',(0.0103723295534806,0.00734921988012536,0.041958906240012));
#2659=CARTESIAN_POINT('',(0.00992938548646741,0.00617063796338711,0.0407274355787525));
#2660=CARTESIAN_POINT('',(0.0107987131372162,0.00676660263832407,0.040642027143569));
#2661=CARTESIAN_POINT('',(0.0101676749571345,0.00760975597283256,0.040925813068615));
#2662=CARTESIAN_POINT('',(0.00979643350315858,0.00610743054389216,0.0402347410505993));
#2663=CARTESIAN_POINT('',(0.0108995509350373,0.00663186955212461,0.0402347410505992));
#2664=CARTESIAN_POINT('',(0.0101676749465789,0.00760975598693624,0.0402347410505994));
#2665=CARTESIAN_POINT('',(0.0111766491270447,0.00538691126441646,0.0425821067811865));
#2666=CARTESIAN_POINT('',(0.0110381482809814,0.00559474013484758,0.0425475765974292));
#2667=CARTESIAN_POINT('',(0.0107267133212471,0.00585729326220313,0.0422073583969267));
#2668=CARTESIAN_POINT('',(0.0103433436897635,0.00606958458768662,0.0416133659280931));
#2669=CARTESIAN_POINT('',(0.010021813151195,0.00615626435293975,0.0409436804964339));
#2670=CARTESIAN_POINT('',(0.00986077693015324,0.00613802039956838,0.0404731854396201));
#2671=CARTESIAN_POINT('',(0.00979643350316039,0.00610743054388918,0.0402347410505991));
#2672=CARTESIAN_POINT('',(0.0097964335031604,-0.00610743054388919,0.0402347410505992));
#2673=CARTESIAN_POINT('',(0.0108995509350394,-0.00663186955212128,0.0402347410505992));
#2674=CARTESIAN_POINT('',(0.0101676749465812,-0.00760975598693317,0.0402347410505991));
#2675=CARTESIAN_POINT('',(0.00993060129958193,-0.00617121597965386,0.0407319411522072));
#2676=CARTESIAN_POINT('',(0.0107978676984072,-0.00676773226154093,0.0406454418722661));
#2677=CARTESIAN_POINT('',(0.0101676749516732,-0.00760975598012954,0.0409321327570791));
#2678=CARTESIAN_POINT('',(0.0102430159367267,-0.00613470917424878,0.0414771323483872));
#2679=CARTESIAN_POINT('',(0.0107635700654303,-0.00678088965156631,0.0414807899651417));
#2680=CARTESIAN_POINT('',(0.010372686617252,-0.00734862391381744,0.0419580807593972));
#2681=CARTESIAN_POINT('',(0.0107945452591954,-0.00581384467884672,0.0423003038441553));
#2682=CARTESIAN_POINT('',(0.0110774513432665,-0.00622847780551044,0.0425356780029054));
#2683=CARTESIAN_POINT('',(0.0109282983025235,-0.00649275782418188,0.0430095737697616));
#2684=CARTESIAN_POINT('',(0.011073893386178,-0.00554110245050425,0.0425564883489564));
#2685=CARTESIAN_POINT('',(0.0113220813826047,-0.00575976169325015,0.0428536165450096));
#2686=CARTESIAN_POINT('',(0.0112748485188484,-0.0058577594314132,0.0432892135714346));
#2687=CARTESIAN_POINT('',(0.0111766491270447,-0.00538691126441647,0.0425821067811865));
#2688=CARTESIAN_POINT('',(0.0114404950659974,-0.00551407949207208,0.042875));
#2689=CARTESIAN_POINT('',(0.0114404950659974,-0.00551407949207208,0.0432892135623731));
#2690=CARTESIAN_POINT('',(0.00979643350316039,-0.00610743054388919,0.0402347410505991));
#2691=CARTESIAN_POINT('',(0.00986078012604338,-0.00613802191894377,0.0404731972829755));
#2692=CARTESIAN_POINT('',(0.0100214805890613,-0.00615627744021042,0.0409428180112018));
#2693=CARTESIAN_POINT('',(0.0103430925290526,-0.0060696853906527,0.0416129218021664));
#2694=CARTESIAN_POINT('',(0.0107263533441789,-0.00585759331997174,0.0422069519635853));
#2695=CARTESIAN_POINT('',(0.0110381915843001,-0.00559467515560689,0.0425475873935478));
#2696=CARTESIAN_POINT('',(0.0111766491270447,-0.00538691126441647,0.0425821067811865));
#2697=CARTESIAN_POINT('',(0.0112655934372661,-0.00540143718984323,0.0426685631110422));
#2698=CARTESIAN_POINT('',(0.0109153109582105,-0.00657892152846907,0.0428617800242973));
#2699=CARTESIAN_POINT('',(0.0117649266512627,-0.00669754015161396,0.0419614563298557));
#2700=CARTESIAN_POINT('',(0.0106394090973902,-0.00530405312734371,0.0420618225023517));
#2701=CARTESIAN_POINT('',(0.0102592207049647,-0.00639538648380376,0.042207886712702));
#2702=CARTESIAN_POINT('',(0.0110248245236049,-0.00659421120408241,0.0413547157217094));
#2703=CARTESIAN_POINT('',(0.0094393538569069,-0.00491202869368594,0.0408170078130027));
#2704=CARTESIAN_POINT('',(0.00903466190432899,-0.00584836604655139,0.0408905930468752));
#2705=CARTESIAN_POINT('',(0.00960966401056166,-0.00614720006571624,0.0401099010315571));
#2706=CARTESIAN_POINT('',(0.00815470653358447,-0.00400237105857422,0.039255089204739));
#2707=CARTESIAN_POINT('',(0.00772104451000895,-0.00470462463713876,0.0391748379265268));
#2708=CARTESIAN_POINT('',(0.00811016954407173,-0.00506477166520766,0.0385479824235846));
#2709=CARTESIAN_POINT('',(0.00729839190885851,-0.00304192388470148,0.0380767995178294));
#2710=CARTESIAN_POINT('',(0.00689255681668985,-0.0035466072720951,0.0378953587879628));
#2711=CARTESIAN_POINT('',(0.00712673293250039,-0.00389098635393198,0.0373696927366368));
#2712=CARTESIAN_POINT('',(0.00675098259116811,-0.002181362595353,0.0372578438591516));
#2713=CARTESIAN_POINT('',(0.00639201972619643,-0.00254492772205717,0.037025207886127));
#2714=CARTESIAN_POINT('',(0.00650851551818006,-0.00281839146322068,0.0365507370779667));
#2715=CARTESIAN_POINT('',(0.00634200412027816,-0.00117120293543699,0.0365958758263162));
#2716=CARTESIAN_POINT('',(0.00603294374959905,-0.00137359689846103,0.0363187528731711));
#2717=CARTESIAN_POINT('',(0.00605765048426212,-0.0015296159661025,0.0358887690451292));
#2718=CARTESIAN_POINT('',(0.00617199871682922,2.60348940240242E-5,0.0363057995083971));
#2719=CARTESIAN_POINT('',(0.00588853976582823,3.05120235627804E-5,0.0360068349432263));
#2720=CARTESIAN_POINT('',(0.00587461438979875,3.4159187550819E-5,0.0355986927272108));
#2721=CARTESIAN_POINT('',(0.00635272967485336,0.00120487321721393,0.0366139088168048));
#2722=CARTESIAN_POINT('',(0.00604217602192878,0.00141278114678898,0.036338129680319));
#2723=CARTESIAN_POINT('',(0.00606929157033163,0.0015730583631288,0.0359068020356178));
#2724=CARTESIAN_POINT('',(0.00676595758289142,0.00220921536993818,0.0372809441511591));
#2725=CARTESIAN_POINT('',(0.00640533105651332,0.00257692138557901,0.0370494607157382));
#2726=CARTESIAN_POINT('',(0.00652529182538045,0.0028534127257103,0.0365738373699742));
#2727=CARTESIAN_POINT('',(0.00730964543157974,0.00305643782052994,0.0380929869981913));
#2728=CARTESIAN_POINT('',(0.00690307868287501,0.00356356268018874,0.0379125974848184));
#2729=CARTESIAN_POINT('',(0.00713956171900862,0.00390885358921961,0.0373858802169987));
#2730=CARTESIAN_POINT('',(0.00817400648997935,0.00401929328676832,0.0392798618975691));
#2731=CARTESIAN_POINT('',(0.00773992633447036,0.00472525442692167,0.0392014454372234));
#2732=CARTESIAN_POINT('',(0.00813255586725789,0.00508516961256099,0.0385727551164147));
#2733=CARTESIAN_POINT('',(0.00944272547237721,0.00491198790886673,0.040820011345043));
#2734=CARTESIAN_POINT('',(0.00903745263188555,0.00584765824802721,0.0408926236637243));
#2735=CARTESIAN_POINT('',(0.00961369784208283,0.00614699529696771,0.0401129045635972));
#2736=CARTESIAN_POINT('',(0.0106448104053307,0.00530479451993019,0.0420670173044752));
#2737=CARTESIAN_POINT('',(0.0102646034870793,0.00639678595099959,0.0422132013596478));
#2738=CARTESIAN_POINT('',(0.0110312100474695,0.00659498285518429,0.0413599105238332));
#2739=CARTESIAN_POINT('',(0.0112646847954851,0.00540129580583207,0.0426676826552079));
#2740=CARTESIAN_POINT('',(0.0109143197905284,0.00657864417764843,0.0428607921373801));
#2741=CARTESIAN_POINT('',(0.0117638527071495,0.00669739012571976,0.0419605758740213));
#2742=MECHANICAL_DESIGN_GEOMETRIC_PRESENTATION_REPRESENTATION('',(#1359),
#2743);
#2743=(
GEOMETRIC_REPRESENTATION_CONTEXT(3)
GLOBAL_UNCERTAINTY_ASSIGNED_CONTEXT((#2744))
GLOBAL_UNIT_ASSIGNED_CONTEXT((#2747,#2746,#2745))
REPRESENTATION_CONTEXT('Part 1','TOP_LEVEL_ASSEMBLY_PART')
);
#2744=UNCERTAINTY_MEASURE_WITH_UNIT(LENGTH_MEASURE(2.E-5),#2747,
'DISTANCE_ACCURACY_VALUE','Maximum Tolerance applied to model');
#2745=(
NAMED_UNIT(*)
SI_UNIT($,.STERADIAN.)
SOLID_ANGLE_UNIT()
);
#2746=(
NAMED_UNIT(*)
PLANE_ANGLE_UNIT()
SI_UNIT($,.RADIAN.)
);
#2747=(
LENGTH_UNIT()
NAMED_UNIT(*)
SI_UNIT($,.METRE.)
);
#2748=PRODUCT_DEFINITION_SHAPE('','',#2749);
#2749=PRODUCT_DEFINITION('','',#2751,#2750);
#2750=PRODUCT_DEFINITION_CONTEXT('',#2757,'design');
#2751=PRODUCT_DEFINITION_FORMATION_WITH_SPECIFIED_SOURCE('','',#2753,
 .NOT_KNOWN.);
#2752=PRODUCT_RELATED_PRODUCT_CATEGORY('','',(#2753));
#2753=PRODUCT('Part 1','Part 1','Part 1',(#2755));
#2754=PRODUCT_CATEGORY('','');
#2755=PRODUCT_CONTEXT('',#2757,'mechanical');
#2756=APPLICATION_PROTOCOL_DEFINITION('international standard',
'ap242_managed_model_based_3d_engineering',2020,#2757);
#2757=APPLICATION_CONTEXT('managed model based 3d engineering');
ENDSEC;
END-ISO-10303-21;
