ISO-10303-21;
HEADER;
/* Generated by software containing ST-Developer
 * from STEP Tools, Inc. (www.steptools.com) 
 */
/* OPTION: using custom renumber hook */

FILE_DESCRIPTION(
/* description */ ('STEP AP242 Edition 2',
'CAx-IF Rec.Pracs.---Representation and Presentation of Product Manufa
cturing Information (PMI)---4.0---2014-10-13',
'CAx-IF Rec.Pracs.---3D Tessellated Geometry---0.4---2014-09-14','2;1',
'CAx-IF Rec.Pracs.---User Defined Attributes---1.5---2016-08-15'),
/* implementation_level */ '2;1');

FILE_NAME(
/* name */ 'N-Metheus - IR Ring Light Lampshade',
/* time_stamp */ '2026-01-30T20:52:39Z',
/* author */ (''),
/* organization */ (''),
/* preprocessor_version */ 'ST-DEVELOPER v20',
/* originating_system */ 'ONSHAPE BY PTC INC, 1.210',
/* authorisation */ '  ');

FILE_SCHEMA (('AP242_MANAGED_MODEL_BASED_3D_ENGINEERING_MIM_LF { 1 0 10303 442 3 1 4 }'));
ENDSEC;

DATA;
#10=SHAPE_REPRESENTATION_RELATIONSHIP('','',#3948,#11);
#11=ADVANCED_BREP_SHAPE_REPRESENTATION('',(#3946),#7712);
#12=B_SPLINE_SURFACE_WITH_KNOTS('',1,3,((#6576,#6577,#6578,#6579),(#6580,
#6581,#6582,#6583)),.SURF_OF_LINEAR_EXTRUSION.,.F.,.F.,.F.,(2,2),(4,4),
(0.521057130923123,1.),(0.,0.00968417270531198),
 .PIECEWISE_BEZIER_KNOTS.);
#13=B_SPLINE_SURFACE_WITH_KNOTS('',1,3,((#6603,#6604,#6605,#6606,#6607,
#6608,#6609,#6610,#6611,#6612,#6613,#6614,#6615,#6616,#6617,#6618,#6619,
#6620),(#6621,#6622,#6623,#6624,#6625,#6626,#6627,#6628,#6629,#6630,#6631,
#6632,#6633,#6634,#6635,#6636,#6637,#6638)),.RULED_SURF.,.F.,.F.,.F.,(2,
2),(4,2,2,2,2,2,2,2,4),(0.512927145950547,1.),(0.,0.00245134348003739,0.00490268696007477,
0.00735403044011215,0.00980537392014954,0.0122567174001869,0.0147080608802243,
0.0171594043602617,0.0196107478402991),.UNSPECIFIED.);
#14=B_SPLINE_SURFACE_WITH_KNOTS('',1,3,((#6665,#6666,#6667,#6668,#6669,
#6670),(#6671,#6672,#6673,#6674,#6675,#6676)),.RULED_SURF.,.F.,.F.,.F.,
(2,2),(4,2,4),(0.,0.504632007057809),(0.,0.00132691926990678,0.00240065260443557),
 .UNSPECIFIED.);
#15=B_SPLINE_SURFACE_WITH_KNOTS('',1,3,((#6691,#6692,#6693,#6694),(#6695,
#6696,#6697,#6698)),.SURF_OF_LINEAR_EXTRUSION.,.F.,.F.,.F.,(2,2),(4,4),
(0.521057130923131,1.),(0.,0.00968417270531198),
 .PIECEWISE_BEZIER_KNOTS.);
#16=B_SPLINE_SURFACE_WITH_KNOTS('',1,3,((#6726,#6727,#6728,#6729,#6730,
#6731),(#6732,#6733,#6734,#6735,#6736,#6737)),.RULED_SURF.,.F.,.F.,.F.,
(2,2),(4,2,4),(0.,0.504624564662154),(0.00290702447519157,0.00398075780972035,
0.00530767707962713),.UNSPECIFIED.);
#17=B_SPLINE_SURFACE_WITH_KNOTS('',1,3,((#6793,#6794,#6795,#6796,#6797,
#6798),(#6799,#6800,#6801,#6802,#6803,#6804)),.RULED_SURF.,.F.,.F.,.F.,
(2,2),(4,2,4),(0.,0.504718867462971),(0.00290702447519151,0.00398075780972035,
0.00530767707962714),.UNSPECIFIED.);
#18=B_SPLINE_SURFACE_WITH_KNOTS('',1,3,((#6826,#6827,#6828,#6829),(#6830,
#6831,#6832,#6833)),.SURF_OF_LINEAR_EXTRUSION.,.F.,.F.,.F.,(2,2),(4,4),
(0.521057130923097,1.),(0.,0.00968417270531207),
 .PIECEWISE_BEZIER_KNOTS.);
#19=B_SPLINE_SURFACE_WITH_KNOTS('',1,3,((#6850,#6851,#6852,#6853,#6854,
#6855,#6856,#6857,#6858,#6859,#6860,#6861,#6862,#6863,#6864,#6865,#6866,
#6867),(#6868,#6869,#6870,#6871,#6872,#6873,#6874,#6875,#6876,#6877,#6878,
#6879,#6880,#6881,#6882,#6883,#6884,#6885)),.RULED_SURF.,.F.,.F.,.F.,(2,
2),(4,2,2,2,2,2,2,2,4),(0.51292714592008,1.),(0.,0.00245134348003739,0.00490268696007477,
0.00735403044011216,0.00980537392014954,0.0122567174001869,0.0147080608802243,
0.0171594043602617,0.0196107478402991),.UNSPECIFIED.);
#20=B_SPLINE_SURFACE_WITH_KNOTS('',1,3,((#6914,#6915,#6916,#6917),(#6918,
#6919,#6920,#6921)),.SURF_OF_LINEAR_EXTRUSION.,.F.,.F.,.F.,(2,2),(4,4),
(0.521057130923124,1.),(0.,0.00968417270531211),
 .PIECEWISE_BEZIER_KNOTS.);
#21=B_SPLINE_SURFACE_WITH_KNOTS('',1,3,((#6938,#6939,#6940,#6941,#6942,
#6943),(#6944,#6945,#6946,#6947,#6948,#6949)),.RULED_SURF.,.F.,.F.,.F.,
(2,2),(4,2,4),(0.,0.5046320070575),(0.,0.00132691926990678,0.00240065260443554),
 .UNSPECIFIED.);
#22=B_SPLINE_SURFACE_WITH_KNOTS('',3,3,((#7129,#7130,#7131,#7132,#7133,
#7134,#7135),(#7136,#7137,#7138,#7139,#7140,#7141,#7142),(#7143,#7144,#7145,
#7146,#7147,#7148,#7149),(#7150,#7151,#7152,#7153,#7154,#7155,#7156),(#7157,
#7158,#7159,#7160,#7161,#7162,#7163),(#7164,#7165,#7166,#7167,#7168,#7169,
#7170),(#7171,#7172,#7173,#7174,#7175,#7176,#7177),(#7178,#7179,#7180,#7181,
#7182,#7183,#7184),(#7185,#7186,#7187,#7188,#7189,#7190,#7191),(#7192,#7193,
#7194,#7195,#7196,#7197,#7198)),.UNSPECIFIED.,.F.,.F.,.F.,(4,1,1,1,1,1,
1,4),(4,1,1,1,4),(0.0163962936807093,0.0169702806499251,0.0175442676191409,
0.0186922415575725,0.0192662285267883,0.0198402154960041,0.02041420246522,
0.0209881894344358),(-0.0134531842840433,0.241902099550933,0.49725738338591,
0.752612667220887,1.00796795105586),.UNSPECIFIED.);
#23=B_SPLINE_SURFACE_WITH_KNOTS('',3,3,((#7427,#7428,#7429,#7430,#7431,
#7432,#7433),(#7434,#7435,#7436,#7437,#7438,#7439,#7440),(#7441,#7442,#7443,
#7444,#7445,#7446,#7447),(#7448,#7449,#7450,#7451,#7452,#7453,#7454),(#7455,
#7456,#7457,#7458,#7459,#7460,#7461),(#7462,#7463,#7464,#7465,#7466,#7467,
#7468),(#7469,#7470,#7471,#7472,#7473,#7474,#7475),(#7476,#7477,#7478,#7479,
#7480,#7481,#7482),(#7483,#7484,#7485,#7486,#7487,#7488,#7489),(#7490,#7491,
#7492,#7493,#7494,#7495,#7496)),.UNSPECIFIED.,.F.,.F.,.F.,(4,1,1,1,1,1,
1,4),(4,1,1,1,4),(0.01639629368071,0.0169702806499258,0.0175442676191417,
0.0186922415575733,0.0192662285267892,0.019840215496005,0.0204142024652208,
0.0209881894344366),(-0.0134630362008642,0.242307670130375,0.498078376461615,
0.753849082792854,1.00961978912409),.UNSPECIFIED.);
#24=(
BOUNDED_SURFACE()
B_SPLINE_SURFACE(3,2,((#6414,#6415,#6416),(#6417,#6418,#6419),(#6420,#6421,
#6422),(#6423,#6424,#6425),(#6426,#6427,#6428),(#6429,#6430,#6431),(#6432,
#6433,#6434)),.UNSPECIFIED.,.F.,.F.,.F.)
B_SPLINE_SURFACE_WITH_KNOTS((4,1,1,1,4),(3,3),(4.71238898038469,5.49778714378214,
6.28318530717959,7.06858347057703,7.85398163397448),(0.,1.),
 .UNSPECIFIED.)
GEOMETRIC_REPRESENTATION_ITEM()
RATIONAL_B_SPLINE_SURFACE(((1.,0.707106781186548,1.),(1.,0.772556628386017,
1.),(1.,0.883832727120042,1.),(1.,0.943902935207464,1.),(1.,0.883832727117822,
1.),(1.,0.772556628391194,1.),(1.,0.707106781186546,1.)))
REPRESENTATION_ITEM('')
SURFACE()
);
#25=(
BOUNDED_SURFACE()
B_SPLINE_SURFACE(3,2,((#7091,#7092,#7093),(#7094,#7095,#7096),(#7097,#7098,
#7099),(#7100,#7101,#7102)),.UNSPECIFIED.,.F.,.F.,.F.)
B_SPLINE_SURFACE_WITH_KNOTS((4,4),(3,3),(0.0232473850638642,0.0246753987511773),
(0.,1.),.PIECEWISE_BEZIER_KNOTS.)
GEOMETRIC_REPRESENTATION_ITEM()
RATIONAL_B_SPLINE_SURFACE(((1.,0.968955847636723,1.),(1.,0.966830211904831,
1.),(1.,0.964258116039578,1.),(1.,0.960743311405708,1.)))
REPRESENTATION_ITEM('')
SURFACE()
);
#26=(
BOUNDED_SURFACE()
B_SPLINE_SURFACE(3,2,((#7107,#7108,#7109),(#7110,#7111,#7112),(#7113,#7114,
#7115),(#7116,#7117,#7118),(#7119,#7120,#7121),(#7122,#7123,#7124)),
 .UNSPECIFIED.,.F.,.F.,.F.)
B_SPLINE_SURFACE_WITH_KNOTS((4,1,1,4),(3,3),(0.00424584671324612,0.00590431868622758,
0.00673355467271831,0.00756279065920904),(0.,1.),.UNSPECIFIED.)
GEOMETRIC_REPRESENTATION_ITEM()
RATIONAL_B_SPLINE_SURFACE(((1.,0.974548105942057,1.),(1.,0.97470123989322,
1.),(1.,0.973339011206256,1.),(1.,0.962551058905985,1.),(1.,0.950804382224928,
1.),(1.,0.939176684687884,1.)))
REPRESENTATION_ITEM('')
SURFACE()
);
#27=(
BOUNDED_SURFACE()
B_SPLINE_SURFACE(3,2,((#7203,#7204,#7205),(#7206,#7207,#7208),(#7209,#7210,
#7211),(#7212,#7213,#7214)),.UNSPECIFIED.,.F.,.F.,.F.)
B_SPLINE_SURFACE_WITH_KNOTS((4,4),(3,3),(-0.000125933663795745,0.000786385127557493),
(0.,1.),.PIECEWISE_BEZIER_KNOTS.)
GEOMETRIC_REPRESENTATION_ITEM()
RATIONAL_B_SPLINE_SURFACE(((1.,0.949800972768534,1.),(1.,0.944077028701761,
1.),(1.,0.937533810843987,1.),(1.,0.930547259460874,1.)))
REPRESENTATION_ITEM('')
SURFACE()
);
#28=(
BOUNDED_SURFACE()
B_SPLINE_SURFACE(3,2,((#7216,#7217,#7218),(#7219,#7220,#7221),(#7222,#7223,
#7224),(#7225,#7226,#7227)),.UNSPECIFIED.,.F.,.F.,.F.)
B_SPLINE_SURFACE_WITH_KNOTS((4,4),(3,3),(0.0115439730143838,0.0204975826148805),
(0.,1.),.PIECEWISE_BEZIER_KNOTS.)
GEOMETRIC_REPRESENTATION_ITEM()
RATIONAL_B_SPLINE_SURFACE(((1.,0.929840157549308,1.),(1.,0.93005123247779,
1.),(1.,0.930283691101074,1.),(1.,0.930547259460895,1.)))
REPRESENTATION_ITEM('')
SURFACE()
);
#29=(
BOUNDED_SURFACE()
B_SPLINE_SURFACE(3,2,((#7232,#7233,#7234),(#7235,#7236,#7237),(#7238,#7239,
#7240),(#7241,#7242,#7243),(#7244,#7245,#7246)),.UNSPECIFIED.,.F.,.F.,.F.)
B_SPLINE_SURFACE_WITH_KNOTS((4,1,4),(3,3),(-5.59277548739576E-5,0.000339023576023849,
0.000733974906921656),(0.,1.),.UNSPECIFIED.)
GEOMETRIC_REPRESENTATION_ITEM()
RATIONAL_B_SPLINE_SURFACE(((1.,0.930239606242977,1.),(1.,0.929162214098504,
1.),(1.,0.926569707416682,1.),(1.,0.923795694494791,1.),(1.,0.922333536255154,
1.)))
REPRESENTATION_ITEM('')
SURFACE()
);
#30=(
BOUNDED_SURFACE()
B_SPLINE_SURFACE(3,2,((#7248,#7249,#7250),(#7251,#7252,#7253),(#7254,#7255,
#7256),(#7257,#7258,#7259),(#7260,#7261,#7262),(#7263,#7264,#7265),(#7266,
#7267,#7268),(#7269,#7270,#7271),(#7272,#7273,#7274),(#7275,#7276,#7277),
(#7278,#7279,#7280),(#7281,#7282,#7283)),.UNSPECIFIED.,.F.,.F.,.F.)
B_SPLINE_SURFACE_WITH_KNOTS((4,1,1,1,1,1,1,1,1,4),(3,3),(0.0106542652018068,
0.012696379233918,0.0147384932660291,0.0167806072981403,0.0178016643141959,
0.0188227213302515,0.0208648353623627,0.0229069493944739,0.0249490634265851,
0.0269911774586963),(0.,1.),.UNSPECIFIED.)
GEOMETRIC_REPRESENTATION_ITEM()
RATIONAL_B_SPLINE_SURFACE(((1.,0.922329898470693,1.),(1.,0.930228502181716,
1.),(1.,0.944665043874127,1.),(1.,0.963151908433116,1.),(1.,0.974546953197255,
1.),(1.,0.979879871219288,1.),(1.,0.981716003362179,1.),(1.,0.976936415119282,
1.),(1.,0.963125460107642,1.),(1.,0.944747968053592,1.),(1.,0.930204084790613,
1.),(1.,0.922333536255154,1.)))
REPRESENTATION_ITEM('')
SURFACE()
);
#31=(
BOUNDED_SURFACE()
B_SPLINE_SURFACE(3,2,((#7285,#7286,#7287),(#7288,#7289,#7290),(#7291,#7292,
#7293),(#7294,#7295,#7296),(#7297,#7298,#7299)),.UNSPECIFIED.,.F.,.F.,.F.)
B_SPLINE_SURFACE_WITH_KNOTS((4,1,4),(3,3),(-2.86229373536173E-17,0.000396874286754867,
0.000793748573509763),(0.,1.),.UNSPECIFIED.)
GEOMETRIC_REPRESENTATION_ITEM()
RATIONAL_B_SPLINE_SURFACE(((1.,0.922329898470693,1.),(1.,0.923798864915214,
1.),(1.,0.926581275549822,1.),(1.,0.929171048095974,1.),(1.,0.93024333903729,
1.)))
REPRESENTATION_ITEM('')
SURFACE()
);
#32=(
BOUNDED_SURFACE()
B_SPLINE_SURFACE(3,2,((#7304,#7305,#7306),(#7307,#7308,#7309),(#7310,#7311,
#7312),(#7313,#7314,#7315)),.UNSPECIFIED.,.F.,.F.,.F.)
B_SPLINE_SURFACE_WITH_KNOTS((4,4),(3,3),(0.0115982787626077,0.0204984497147389),
(0.,1.),.PIECEWISE_BEZIER_KNOTS.)
GEOMETRIC_REPRESENTATION_ITEM()
RATIONAL_B_SPLINE_SURFACE(((1.,0.92984393691652,1.),(1.,0.930053771276009,
1.),(1.,0.93028526418257,1.),(1.,0.930547259460899,1.)))
REPRESENTATION_ITEM('')
SURFACE()
);
#33=(
BOUNDED_SURFACE()
B_SPLINE_SURFACE(3,2,((#7317,#7318,#7319),(#7320,#7321,#7322),(#7323,#7324,
#7325),(#7326,#7327,#7328)),.UNSPECIFIED.,.F.,.F.,.F.)
B_SPLINE_SURFACE_WITH_KNOTS((4,4),(3,3),(-0.000125933604838036,0.00078638499832338),
(0.,1.),.PIECEWISE_BEZIER_KNOTS.)
GEOMETRIC_REPRESENTATION_ITEM()
RATIONAL_B_SPLINE_SURFACE(((1.,0.949800972811438,1.),(1.,0.944077026315186,
1.),(1.,0.937533809454965,1.),(1.,0.930547259460898,1.)))
REPRESENTATION_ITEM('')
SURFACE()
);
#34=(
BOUNDED_SURFACE()
B_SPLINE_SURFACE(3,2,((#7333,#7334,#7335),(#7336,#7337,#7338),(#7339,#7340,
#7341),(#7342,#7343,#7344),(#7345,#7346,#7347),(#7348,#7349,#7350)),
 .UNSPECIFIED.,.F.,.F.,.F.)
B_SPLINE_SURFACE_WITH_KNOTS((4,1,1,4),(3,3),(0.0164257367908602,0.0187069560489693,
0.0198475656780238,0.0209881753070783),(0.,1.),.UNSPECIFIED.)
GEOMETRIC_REPRESENTATION_ITEM()
RATIONAL_B_SPLINE_SURFACE(((1.,0.95104720014721,1.),(1.,0.957855887037382,
1.),(1.,0.966707564003704,1.),(1.,0.975309802257808,1.),(1.,0.978135269325252,
1.),(1.,0.979176287870196,1.)))
REPRESENTATION_ITEM('')
SURFACE()
);
#35=(
BOUNDED_SURFACE()
B_SPLINE_SURFACE(3,2,((#7355,#7356,#7357),(#7358,#7359,#7360),(#7361,#7362,
#7363),(#7364,#7365,#7366),(#7367,#7368,#7369),(#7370,#7371,#7372)),
 .UNSPECIFIED.,.F.,.F.,.F.)
B_SPLINE_SURFACE_WITH_KNOTS((4,1,1,4),(3,3),(0.00424584669645252,0.00590431922555841,
0.00673355549011136,0.0075627917546643),(0.,1.),.UNSPECIFIED.)
GEOMETRIC_REPRESENTATION_ITEM()
RATIONAL_B_SPLINE_SURFACE(((1.,0.974548105939964,1.),(1.,0.974701239953235,
1.),(1.,0.973338992373946,1.),(1.,0.962551113309991,1.),(1.,0.950804320266441,
1.),(1.,0.939176689371179,1.)))
REPRESENTATION_ITEM('')
SURFACE()
);
#36=(
BOUNDED_SURFACE()
B_SPLINE_SURFACE(3,2,((#7377,#7378,#7379),(#7380,#7381,#7382),(#7383,#7384,
#7385),(#7386,#7387,#7388)),.UNSPECIFIED.,.F.,.F.,.F.)
B_SPLINE_SURFACE_WITH_KNOTS((4,4),(3,3),(0.0232473851657544,0.024675381667475),
(0.,1.),.PIECEWISE_BEZIER_KNOTS.)
GEOMETRIC_REPRESENTATION_ITEM()
RATIONAL_B_SPLINE_SURFACE(((1.,0.968955847181724,1.),(1.,0.966830236962192,
1.),(1.,0.96425817617121,1.),(1.,0.960743437550881,1.)))
REPRESENTATION_ITEM('')
SURFACE()
);
#37=(
BOUNDED_SURFACE()
B_SPLINE_SURFACE(3,2,((#7389,#7390,#7391),(#7392,#7393,#7394),(#7395,#7396,
#7397),(#7398,#7399,#7400)),.UNSPECIFIED.,.F.,.F.,.F.)
B_SPLINE_SURFACE_WITH_KNOTS((4,4),(3,3),(0.0232473850638642,0.0246753987511619),
(0.,1.),.PIECEWISE_BEZIER_KNOTS.)
GEOMETRIC_REPRESENTATION_ITEM()
RATIONAL_B_SPLINE_SURFACE(((1.,0.968955847636725,1.),(1.,0.966830211904563,
1.),(1.,0.964258116039656,1.),(1.,0.960743311405824,1.)))
REPRESENTATION_ITEM('')
SURFACE()
);
#38=(
BOUNDED_SURFACE()
B_SPLINE_SURFACE(3,2,((#7405,#7406,#7407),(#7408,#7409,#7410),(#7411,#7412,
#7413),(#7414,#7415,#7416),(#7417,#7418,#7419),(#7420,#7421,#7422)),
 .UNSPECIFIED.,.F.,.F.,.F.)
B_SPLINE_SURFACE_WITH_KNOTS((4,1,1,4),(3,3),(0.0042458489306157,0.00590425146200523,
0.00673345272769999,0.00756265399339475),(0.,1.),.UNSPECIFIED.)
GEOMETRIC_REPRESENTATION_ITEM()
RATIONAL_B_SPLINE_SURFACE(((1.,0.974548106201309,1.),(1.,0.974701232022689,
1.),(1.,0.973341849003507,1.),(1.,0.962543130066652,1.),(1.,0.950813090741011,
1.),(1.,0.939176020959929,1.)))
REPRESENTATION_ITEM('')
SURFACE()
);
#39=(
BOUNDED_SURFACE()
B_SPLINE_SURFACE(3,2,((#7501,#7502,#7503),(#7504,#7505,#7506),(#7507,#7508,
#7509),(#7510,#7511,#7512)),.UNSPECIFIED.,.F.,.F.,.F.)
B_SPLINE_SURFACE_WITH_KNOTS((4,4),(3,3),(1.77809156287623E-17,0.000914461212256262),
(0.,1.),.PIECEWISE_BEZIER_KNOTS.)
GEOMETRIC_REPRESENTATION_ITEM()
RATIONAL_B_SPLINE_SURFACE(((1.,0.930547259460893,1.),(1.,0.937639847451966,
1.),(1.,0.944123250341369,1.),(1.,0.949800117380322,1.)))
REPRESENTATION_ITEM('')
SURFACE()
);
#40=(
BOUNDED_SURFACE()
B_SPLINE_SURFACE(3,2,((#7514,#7515,#7516),(#7517,#7518,#7519),(#7520,#7521,
#7522),(#7523,#7524,#7525)),.UNSPECIFIED.,.F.,.F.,.F.)
B_SPLINE_SURFACE_WITH_KNOTS((4,4),(3,3),(0.0115439730143835,0.0204975826148804),
(0.,1.),.PIECEWISE_BEZIER_KNOTS.)
GEOMETRIC_REPRESENTATION_ITEM()
RATIONAL_B_SPLINE_SURFACE(((1.,0.92984015754931,1.),(1.,0.930051232479282,
1.),(1.,0.930283691105049,1.),(1.,0.930547259460893,1.)))
REPRESENTATION_ITEM('')
SURFACE()
);
#41=(
BOUNDED_SURFACE()
B_SPLINE_SURFACE(3,2,((#7530,#7531,#7532),(#7533,#7534,#7535),(#7536,#7537,
#7538),(#7539,#7540,#7541),(#7542,#7543,#7544)),.UNSPECIFIED.,.F.,.F.,.F.)
B_SPLINE_SURFACE_WITH_KNOTS((4,1,4),(3,3),(-2.23345647532014E-17,0.000396878195367369,
0.000793756390734761),(0.,1.),.UNSPECIFIED.)
GEOMETRIC_REPRESENTATION_ITEM()
RATIONAL_B_SPLINE_SURFACE(((1.,0.922333536255153,1.),(1.,0.923803706169296,
1.),(1.,0.926585345229898,1.),(1.,0.929167462502896,1.),(1.,0.930239411283346,
1.)))
REPRESENTATION_ITEM('')
SURFACE()
);
#42=(
BOUNDED_SURFACE()
B_SPLINE_SURFACE(3,2,((#7546,#7547,#7548),(#7549,#7550,#7551),(#7552,#7553,
#7554),(#7555,#7556,#7557),(#7558,#7559,#7560),(#7561,#7562,#7563),(#7564,
#7565,#7566),(#7567,#7568,#7569),(#7570,#7571,#7572),(#7573,#7574,#7575),
(#7576,#7577,#7578),(#7579,#7580,#7581)),.UNSPECIFIED.,.F.,.F.,.F.)
B_SPLINE_SURFACE_WITH_KNOTS((4,1,1,1,1,1,1,1,1,4),(3,3),(0.0106542652018055,
0.0126963792339167,0.014738493266028,0.0167806072981392,0.0178016643141948,
0.0188227213302505,0.0208648353623617,0.022906949394473,0.0249490634265842,
0.0269911774586955),(0.,1.),.UNSPECIFIED.)
GEOMETRIC_REPRESENTATION_ITEM()
RATIONAL_B_SPLINE_SURFACE(((1.,0.92232989847069,1.),(1.,0.930228502181335,
1.),(1.,0.944665043874308,1.),(1.,0.963151908433071,1.),(1.,0.974546953197266,
1.),(1.,0.979879871219272,1.),(1.,0.981716003362212,1.),(1.,0.976936415119033,
1.),(1.,0.963125460108536,1.),(1.,0.944747968050256,1.),(1.,0.930204084797818,
1.),(1.,0.922333536255154,1.)))
REPRESENTATION_ITEM('')
SURFACE()
);
#43=(
BOUNDED_SURFACE()
B_SPLINE_SURFACE(3,2,((#7583,#7584,#7585),(#7586,#7587,#7588),(#7589,#7590,
#7591),(#7592,#7593,#7594),(#7595,#7596,#7597)),.UNSPECIFIED.,.F.,.F.,.F.)
B_SPLINE_SURFACE_WITH_KNOTS((4,1,4),(3,3),(-6.35342473076506E-17,0.000396874286754866,
0.000793748573509796),(0.,1.),.UNSPECIFIED.)
GEOMETRIC_REPRESENTATION_ITEM()
RATIONAL_B_SPLINE_SURFACE(((1.,0.922329898470686,1.),(1.,0.923798864915944,
1.),(1.,0.926581275549639,1.),(1.,0.929171048095598,1.),(1.,0.930243339037289,
1.)))
REPRESENTATION_ITEM('')
SURFACE()
);
#44=(
BOUNDED_SURFACE()
B_SPLINE_SURFACE(3,2,((#7602,#7603,#7604),(#7605,#7606,#7607),(#7608,#7609,
#7610),(#7611,#7612,#7613)),.UNSPECIFIED.,.F.,.F.,.F.)
B_SPLINE_SURFACE_WITH_KNOTS((4,4),(3,3),(0.011598278762608,0.0204984497147393),
(0.,1.),.PIECEWISE_BEZIER_KNOTS.)
GEOMETRIC_REPRESENTATION_ITEM()
RATIONAL_B_SPLINE_SURFACE(((1.,0.929843936916517,1.),(1.,0.930053771277324,
1.),(1.,0.930285264182073,1.),(1.,0.930547259460896,1.)))
REPRESENTATION_ITEM('')
SURFACE()
);
#45=(
BOUNDED_SURFACE()
B_SPLINE_SURFACE(3,2,((#7615,#7616,#7617),(#7618,#7619,#7620),(#7621,#7622,
#7623),(#7624,#7625,#7626)),.UNSPECIFIED.,.F.,.F.,.F.)
B_SPLINE_SURFACE_WITH_KNOTS((4,4),(3,3),(-0.000125933604838064,0.000786384998323363),
(0.,1.),.PIECEWISE_BEZIER_KNOTS.)
GEOMETRIC_REPRESENTATION_ITEM()
RATIONAL_B_SPLINE_SURFACE(((1.,0.949800972811436,1.),(1.,0.944077026315286,
1.),(1.,0.937533809455334,1.),(1.,0.930547259460895,1.)))
REPRESENTATION_ITEM('')
SURFACE()
);
#46=(
BOUNDED_SURFACE()
B_SPLINE_SURFACE(3,2,((#7631,#7632,#7633),(#7634,#7635,#7636),(#7637,#7638,
#7639),(#7640,#7641,#7642),(#7643,#7644,#7645),(#7646,#7647,#7648)),
 .UNSPECIFIED.,.F.,.F.,.F.)
B_SPLINE_SURFACE_WITH_KNOTS((4,1,1,4),(3,3),(0.0164257367908584,0.0187069560489674,
0.0198475656780219,0.0209881753070764),(0.,1.),.UNSPECIFIED.)
GEOMETRIC_REPRESENTATION_ITEM()
RATIONAL_B_SPLINE_SURFACE(((1.,0.95104720014721,1.),(1.,0.957855887037424,
1.),(1.,0.966707564004073,1.),(1.,0.975309802257177,1.),(1.,0.978135269326642,
1.),(1.,0.979176287870202,1.)))
REPRESENTATION_ITEM('')
SURFACE()
);
#47=(
BOUNDED_SURFACE()
B_SPLINE_SURFACE(3,2,((#7653,#7654,#7655),(#7656,#7657,#7658),(#7659,#7660,
#7661),(#7662,#7663,#7664),(#7665,#7666,#7667),(#7668,#7669,#7670)),
 .UNSPECIFIED.,.F.,.F.,.F.)
B_SPLINE_SURFACE_WITH_KNOTS((4,1,1,4),(3,3),(0.00424584669645255,0.00590431922555469,
0.00673355549010577,0.00756279175465684),(0.,1.),.UNSPECIFIED.)
GEOMETRIC_REPRESENTATION_ITEM()
RATIONAL_B_SPLINE_SURFACE(((1.,0.974548105939966,1.),(1.,0.974701239957138,
1.),(1.,0.973338992370809,1.),(1.,0.962551113314022,1.),(1.,0.950804320258309,
1.),(1.,0.939176689371508,1.)))
REPRESENTATION_ITEM('')
SURFACE()
);
#48=(
BOUNDED_SURFACE()
B_SPLINE_SURFACE(3,2,((#7675,#7676,#7677),(#7678,#7679,#7680),(#7681,#7682,
#7683),(#7684,#7685,#7686)),.UNSPECIFIED.,.F.,.F.,.F.)
B_SPLINE_SURFACE_WITH_KNOTS((4,4),(3,3),(0.0232473851657544,0.0246753816674676),
(0.,1.),.PIECEWISE_BEZIER_KNOTS.)
GEOMETRIC_REPRESENTATION_ITEM()
RATIONAL_B_SPLINE_SURFACE(((1.,0.968955847181724,1.),(1.,0.966830236962229,
1.),(1.,0.964258176171273,1.),(1.,0.960743437550935,1.)))
REPRESENTATION_ITEM('')
SURFACE()
);
#49=(
BOUNDED_SURFACE()
B_SPLINE_SURFACE(3,2,((#7687,#7688,#7689),(#7690,#7691,#7692),(#7693,#7694,
#7695),(#7696,#7697,#7698)),.UNSPECIFIED.,.F.,.F.,.F.)
B_SPLINE_SURFACE_WITH_KNOTS((4,4),(3,3),(0.00671977620370488,0.0109544245245398),
(0.,1.),.PIECEWISE_BEZIER_KNOTS.)
GEOMETRIC_REPRESENTATION_ITEM()
RATIONAL_B_SPLINE_SURFACE(((1.,0.600243821442415,1.),(1.,0.585604885006736,
1.),(1.,0.566651011711269,1.),(1.,0.529112106007338,1.)))
REPRESENTATION_ITEM('')
SURFACE()
);
#50=(
BOUNDED_SURFACE()
B_SPLINE_SURFACE(3,2,((#7699,#7700,#7701),(#7702,#7703,#7704),(#7705,#7706,
#7707),(#7708,#7709,#7710)),.UNSPECIFIED.,.F.,.F.,.F.)
B_SPLINE_SURFACE_WITH_KNOTS((4,4),(3,3),(0.00672072432685975,0.0109544188697299),
(0.,1.),.PIECEWISE_BEZIER_KNOTS.)
GEOMETRIC_REPRESENTATION_ITEM()
RATIONAL_B_SPLINE_SURFACE(((1.,0.600233987749874,1.),(1.,0.585595757777585,
1.),(1.,0.566642653461107,1.),(1.,0.529112256391885,1.)))
REPRESENTATION_ITEM('')
SURFACE()
);
#51=PLANE('',#3968);
#52=PLANE('',#3979);
#53=PLANE('',#4010);
#54=PLANE('',#4013);
#55=PLANE('',#4039);
#56=PLANE('',#4058);
#57=PLANE('',#4059);
#58=PLANE('',#4060);
#59=PLANE('',#4061);
#60=PLANE('',#4062);
#61=PLANE('',#4063);
#62=PLANE('',#4064);
#63=PLANE('',#4065);
#64=PLANE('',#4066);
#65=PLANE('',#4067);
#66=PLANE('',#4068);
#67=PLANE('',#4069);
#68=PLANE('',#4070);
#69=PLANE('',#4071);
#70=PLANE('',#4074);
#71=PLANE('',#4075);
#72=PLANE('',#4076);
#73=PLANE('',#4077);
#74=PLANE('',#4099);
#75=PLANE('',#4101);
#76=PLANE('',#4103);
#77=PLANE('',#4107);
#78=PLANE('',#4108);
#79=PLANE('',#4114);
#80=PLANE('',#4115);
#81=PLANE('',#4118);
#82=PLANE('',#4121);
#83=PLANE('',#4126);
#84=PLANE('',#4127);
#85=PLANE('',#4128);
#86=PLANE('',#4131);
#87=PLANE('',#4135);
#88=PLANE('',#4136);
#89=PLANE('',#4137);
#90=PLANE('',#4140);
#91=PLANE('',#4143);
#92=PLANE('',#4144);
#93=PLANE('',#4149);
#94=PLANE('',#4150);
#95=PLANE('',#4151);
#96=PLANE('',#4154);
#97=PLANE('',#4156);
#98=PLANE('',#4157);
#99=PLANE('',#4158);
#100=PLANE('',#4159);
#101=PLANE('',#4160);
#102=PLANE('',#4215);
#103=PLANE('',#4217);
#104=PLANE('',#4219);
#105=PLANE('',#4222);
#106=PLANE('',#4225);
#107=PLANE('',#4228);
#108=PLANE('',#4230);
#109=PLANE('',#4232);
#110=PLANE('',#4239);
#111=PLANE('',#4242);
#112=PLANE('',#4246);
#113=PLANE('',#4249);
#114=PLANE('',#4250);
#115=PLANE('',#4253);
#116=PLANE('',#4256);
#117=PLANE('',#4257);
#118=PLANE('',#4268);
#119=PLANE('',#4269);
#120=PLANE('',#4274);
#121=PLANE('',#4275);
#122=PLANE('',#4278);
#123=PLANE('',#4283);
#124=PLANE('',#4286);
#125=PLANE('',#4289);
#126=ELLIPSE('',#3963,0.00816241385865716,0.00625);
#127=ELLIPSE('',#3978,0.00816241385865716,0.00625);
#128=ELLIPSE('',#4123,0.0107480230740355,0.0076);
#129=ELLIPSE('',#4124,0.0107480230740355,0.0076);
#130=ELLIPSE('',#4132,0.00742462120245866,0.00524999999999994);
#131=ELLIPSE('',#4170,0.00108239220029239,0.001);
#132=ELLIPSE('',#4175,0.00108239220029239,0.001);
#133=CONICAL_SURFACE('',#3956,0.052,0.785398163397473);
#134=CONICAL_SURFACE('',#3958,0.052,0.785398163397465);
#135=CONICAL_SURFACE('',#4072,0.065,0.785398163397448);
#136=CONICAL_SURFACE('',#4073,0.065,0.785398163397448);
#137=CONICAL_SURFACE('',#4216,0.001,0.785398163397449);
#138=CONICAL_SURFACE('',#4218,0.004,0.785398163397447);
#139=CONICAL_SURFACE('',#4220,0.006,0.785398163397448);
#140=CONICAL_SURFACE('',#4221,0.0137,0.785398163397449);
#141=CONICAL_SURFACE('',#4223,0.006,0.785398163397449);
#142=CONICAL_SURFACE('',#4224,0.006,0.78539816339745);
#143=CONICAL_SURFACE('',#4226,0.0137,0.785398163397449);
#144=CONICAL_SURFACE('',#4227,0.006,0.78539816339745);
#145=CONICAL_SURFACE('',#4229,0.004,0.785398163397449);
#146=CONICAL_SURFACE('',#4231,0.001,0.785398163397448);
#147=CONICAL_SURFACE('',#4233,0.002,0.785398163397448);
#148=CONICAL_SURFACE('',#4234,0.05,0.785398163397452);
#149=CONICAL_SURFACE('',#4235,0.002,0.785398163397448);
#150=CONICAL_SURFACE('',#4236,0.002,0.785398163397448);
#151=CONICAL_SURFACE('',#4237,0.05,0.785398163397446);
#152=CONICAL_SURFACE('',#4238,0.006,0.785398163397448);
#153=CONICAL_SURFACE('',#4240,0.0147,0.785398163397448);
#154=CONICAL_SURFACE('',#4241,0.006,0.785398163397448);
#155=CONICAL_SURFACE('',#4243,0.002,0.785398163397449);
#156=CONICAL_SURFACE('',#4244,0.004,0.785398163397446);
#157=CONICAL_SURFACE('',#4245,0.05,0.785398163397446);
#158=CONICAL_SURFACE('',#4247,0.003,0.785398163397448);
#159=CONICAL_SURFACE('',#4248,0.004,0.785398163397446);
#160=CONICAL_SURFACE('',#4251,0.001,0.785398163397448);
#161=CONICAL_SURFACE('',#4252,0.006,0.785398163397446);
#162=CONICAL_SURFACE('',#4254,0.0147,0.785398163397446);
#163=CONICAL_SURFACE('',#4255,0.001,0.785398163397448);
#164=CONICAL_SURFACE('',#4258,0.006,0.785398163397448);
#165=CONICAL_SURFACE('',#4259,0.003,0.785398163397447);
#166=CONICAL_SURFACE('',#4260,0.05,0.785398163397449);
#167=CONICAL_SURFACE('',#4261,0.0295,0.785398163397449);
#168=CONICAL_SURFACE('',#4262,0.05411961,0.785398163397452);
#169=CONICAL_SURFACE('',#4263,0.05411961,0.78539816339745);
#170=CONICAL_SURFACE('',#4264,0.05411961,0.785398163397466);
#171=CONICAL_SURFACE('',#4265,0.05411961,0.78539816339747);
#172=CONICAL_SURFACE('',#4266,0.052,0.78539816339745);
#173=CONICAL_SURFACE('',#4267,0.002,0.785398163397451);
#174=CONICAL_SURFACE('',#4270,0.002,0.785398163397449);
#175=CONICAL_SURFACE('',#4271,0.052,0.78539816339745);
#176=CONICAL_SURFACE('',#4272,0.052,0.785398163397473);
#177=CONICAL_SURFACE('',#4273,0.0020000000000001,0.785398163397473);
#178=CONICAL_SURFACE('',#4276,0.00200000000000008,0.785398163397467);
#179=CONICAL_SURFACE('',#4277,0.052,0.785398163397469);
#180=CONICAL_SURFACE('',#4279,0.00200000000000017,0.78539816339749);
#181=CONICAL_SURFACE('',#4280,0.052,0.785398163397491);
#182=CONICAL_SURFACE('',#4281,0.052,0.785398163397491);
#183=CONICAL_SURFACE('',#4282,0.00200000000000017,0.785398163397491);
#184=CONICAL_SURFACE('',#4284,0.00625,0.785398163397448);
#185=CONICAL_SURFACE('',#4285,0.052,0.785398163397465);
#186=CONICAL_SURFACE('',#4287,0.052,0.785398163397473);
#187=CONICAL_SURFACE('',#4288,0.00625,0.785398163397449);
#188=CIRCLE('',#3951,0.00625);
#189=CIRCLE('',#3952,0.00625);
#190=CIRCLE('',#3954,0.00625);
#191=CIRCLE('',#3955,0.00625);
#192=CIRCLE('',#3957,0.051);
#193=CIRCLE('',#3959,0.05);
#194=CIRCLE('',#3961,0.00625);
#195=CIRCLE('',#3962,0.00625);
#196=CIRCLE('',#3965,0.048);
#197=CIRCLE('',#3966,0.048);
#198=CIRCLE('',#3967,0.048);
#199=CIRCLE('',#3970,0.00625);
#200=CIRCLE('',#3971,0.00625);
#201=CIRCLE('',#3973,0.00625);
#202=CIRCLE('',#3974,0.00625);
#203=CIRCLE('',#3976,0.00625);
#204=CIRCLE('',#3977,0.00625);
#205=CIRCLE('',#3981,0.0025);
#206=CIRCLE('',#3982,0.0025);
#207=CIRCLE('',#3984,0.0025);
#208=CIRCLE('',#3985,0.0025);
#209=CIRCLE('',#3987,0.05);
#210=CIRCLE('',#3988,0.05);
#211=CIRCLE('',#3989,0.05);
#212=CIRCLE('',#3990,0.05);
#213=CIRCLE('',#3991,0.0499999999999982);
#214=CIRCLE('',#3992,0.0499999999999982);
#215=CIRCLE('',#3994,0.05);
#216=CIRCLE('',#3995,0.05);
#217=CIRCLE('',#3996,0.05);
#218=CIRCLE('',#3997,0.05);
#219=CIRCLE('',#3999,0.05);
#220=CIRCLE('',#4000,0.05);
#221=CIRCLE('',#4001,0.05);
#222=CIRCLE('',#4003,0.05);
#223=CIRCLE('',#4004,0.05);
#224=CIRCLE('',#4005,0.05);
#225=CIRCLE('',#4006,0.05);
#226=CIRCLE('',#4008,0.0285);
#227=CIRCLE('',#4009,0.0285);
#228=CIRCLE('',#4011,0.002);
#229=CIRCLE('',#4012,0.0295);
#230=CIRCLE('',#4014,0.0295);
#231=CIRCLE('',#4015,0.05);
#232=CIRCLE('',#4016,0.003);
#233=CIRCLE('',#4017,0.049);
#234=CIRCLE('',#4018,0.003);
#235=CIRCLE('',#4019,0.05);
#236=CIRCLE('',#4020,0.003);
#237=CIRCLE('',#4021,0.049);
#238=CIRCLE('',#4022,0.003);
#239=CIRCLE('',#4023,0.003);
#240=CIRCLE('',#4024,0.049);
#241=CIRCLE('',#4025,0.006);
#242=CIRCLE('',#4026,0.0137);
#243=CIRCLE('',#4027,0.006);
#244=CIRCLE('',#4028,0.004);
#245=CIRCLE('',#4029,0.004);
#246=CIRCLE('',#4030,0.006);
#247=CIRCLE('',#4031,0.0137);
#248=CIRCLE('',#4032,0.006);
#249=CIRCLE('',#4033,0.049);
#250=CIRCLE('',#4034,0.003);
#251=CIRCLE('',#4035,0.0129);
#252=CIRCLE('',#4036,0.0102);
#253=CIRCLE('',#4037,0.0129);
#254=CIRCLE('',#4038,0.0102);
#255=CIRCLE('',#4040,0.00625);
#256=CIRCLE('',#4041,0.00425);
#257=CIRCLE('',#4042,0.00625);
#258=CIRCLE('',#4043,0.002);
#259=CIRCLE('',#4044,0.001);
#260=CIRCLE('',#4045,0.00425);
#261=CIRCLE('',#4046,0.001);
#262=CIRCLE('',#4047,0.002);
#263=CIRCLE('',#4048,0.001);
#264=CIRCLE('',#4049,0.00425);
#265=CIRCLE('',#4050,0.001);
#266=CIRCLE('',#4051,0.002);
#267=CIRCLE('',#4052,0.001);
#268=CIRCLE('',#4053,0.00425);
#269=CIRCLE('',#4054,0.001);
#270=CIRCLE('',#4055,0.002);
#271=CIRCLE('',#4057,0.0295);
#272=CIRCLE('',#4078,0.0076);
#273=CIRCLE('',#4079,0.0025);
#274=CIRCLE('',#4080,0.00825);
#275=CIRCLE('',#4081,0.051);
#276=CIRCLE('',#4082,0.006);
#277=CIRCLE('',#4083,0.0137);
#278=CIRCLE('',#4084,0.006);
#279=CIRCLE('',#4085,0.004);
#280=CIRCLE('',#4086,0.001);
#281=CIRCLE('',#4087,0.0076);
#282=CIRCLE('',#4088,0.001);
#283=CIRCLE('',#4089,0.004);
#284=CIRCLE('',#4090,0.006);
#285=CIRCLE('',#4091,0.0137);
#286=CIRCLE('',#4092,0.006);
#287=CIRCLE('',#4093,0.00825);
#288=CIRCLE('',#4094,0.00425);
#289=CIRCLE('',#4095,0.0129);
#290=CIRCLE('',#4096,0.0102);
#291=CIRCLE('',#4097,0.0129);
#292=CIRCLE('',#4098,0.0102);
#293=CIRCLE('',#4105,0.0147);
#294=CIRCLE('',#4106,0.0147);
#295=CIRCLE('',#4110,0.0147);
#296=CIRCLE('',#4111,0.0147);
#297=CIRCLE('',#4117,0.0025);
#298=CIRCLE('',#4120,0.0076);
#299=CIRCLE('',#4125,0.0076);
#300=CIRCLE('',#4129,0.002);
#301=CIRCLE('',#4130,0.002);
#302=CIRCLE('',#4134,0.00425);
#303=CIRCLE('',#4138,0.001);
#304=CIRCLE('',#4139,0.001);
#305=CIRCLE('',#4142,0.00425);
#306=CIRCLE('',#4145,0.001);
#307=CIRCLE('',#4146,0.001);
#308=CIRCLE('',#4148,0.00425);
#309=CIRCLE('',#4152,0.001);
#310=CIRCLE('',#4153,0.001);
#311=CIRCLE('',#4161,0.002);
#312=CIRCLE('',#4169,0.001);
#313=CIRCLE('',#4172,0.001);
#314=CIRCLE('',#4174,0.001);
#315=CIRCLE('',#4176,0.001);
#316=CIRCLE('',#4179,0.002);
#317=CIRCLE('',#4181,0.002);
#318=CIRCLE('',#4183,0.002);
#319=CIRCLE('',#4185,0.002);
#320=CIRCLE('',#4187,0.002);
#321=CIRCLE('',#4188,0.002);
#322=CIRCLE('',#4190,0.002);
#323=CIRCLE('',#4192,0.002);
#324=CIRCLE('',#4194,0.002);
#325=CIRCLE('',#4196,0.002);
#326=CIRCLE('',#4198,0.005);
#327=CIRCLE('',#4199,0.005);
#328=CIRCLE('',#4201,0.005);
#329=CIRCLE('',#4202,0.005);
#330=CIRCLE('',#4204,0.005);
#331=CIRCLE('',#4205,0.005);
#332=CIRCLE('',#4207,0.005);
#333=CIRCLE('',#4208,0.005);
#334=CIRCLE('',#4210,0.005);
#335=CIRCLE('',#4211,0.005);
#336=CIRCLE('',#4213,0.005);
#337=CIRCLE('',#4214,0.005);
#338=CIRCLE('',#4294,0.002);
#339=CIRCLE('',#4295,0.002);
#340=CIRCLE('',#4296,0.002);
#341=CIRCLE('',#4297,0.002);
#342=CIRCLE('',#4298,0.002);
#343=CIRCLE('',#4299,0.002);
#344=CIRCLE('',#4300,0.002);
#345=CIRCLE('',#4301,0.002);
#346=B_SPLINE_CURVE_WITH_KNOTS('',3,(#5282,#5283,#5284,#5285,#5286,#5287,
#5288),.UNSPECIFIED.,.F.,.F.,(4,1,1,1,4),(0.,0.00213335195914253,0.00426670391828507,
0.0064000558774276,0.00853340783657014),.UNSPECIFIED.);
#347=B_SPLINE_CURVE_WITH_KNOTS('',3,(#5299,#5300,#5301,#5302,#5303,#5304,
#5305),.UNSPECIFIED.,.F.,.F.,(4,1,1,1,4),(0.,0.00213335195914245,0.00426670391828491,
0.00640005587742736,0.00853340783656981),.UNSPECIFIED.);
#348=B_SPLINE_CURVE_WITH_KNOTS('',3,(#5316,#5317,#5318,#5319),
 .UNSPECIFIED.,.F.,.F.,(4,4),(-0.00522167423270063,-0.00290330094246271),
 .UNSPECIFIED.);
#349=B_SPLINE_CURVE_WITH_KNOTS('',3,(#5321,#5322,#5323,#5324),
 .UNSPECIFIED.,.F.,.F.,(4,4),(0.,0.000907920451781812),.UNSPECIFIED.);
#350=B_SPLINE_CURVE_WITH_KNOTS('',3,(#5326,#5327,#5328,#5329),
 .UNSPECIFIED.,.F.,.F.,(4,4),(0.0035395333558068,0.00450365942186439),
 .UNSPECIFIED.);
#351=B_SPLINE_CURVE_WITH_KNOTS('',3,(#5332,#5333,#5334,#5335),
 .UNSPECIFIED.,.F.,.F.,(4,4),(-0.00720630232952358,-0.00490624994160656),
 .UNSPECIFIED.);
#352=B_SPLINE_CURVE_WITH_KNOTS('',3,(#5386,#5387,#5388,#5389,#5390,#5391),
 .UNSPECIFIED.,.F.,.F.,(4,1,1,4),(0.0130735153920571,0.0173440848794389,
0.0194793696231298,0.0216146543668207),.UNSPECIFIED.);
#353=B_SPLINE_CURVE_WITH_KNOTS('',3,(#5402,#5403,#5404,#5405,#5406,#5407),
 .UNSPECIFIED.,.F.,.F.,(4,1,1,4),(0.0130735153921015,0.0173440848794612,
0.0194793696231411,0.0216146543668209),.UNSPECIFIED.);
#354=B_SPLINE_CURVE_WITH_KNOTS('',3,(#5481,#5482,#5483,#5484),
 .UNSPECIFIED.,.F.,.F.,(4,4),(0.,2.41281742397397E-5),.UNSPECIFIED.);
#355=B_SPLINE_CURVE_WITH_KNOTS('',3,(#5503,#5504,#5505,#5506),
 .UNSPECIFIED.,.F.,.F.,(4,4),(0.,2.4128173674257E-5),.UNSPECIFIED.);
#356=B_SPLINE_CURVE_WITH_KNOTS('',3,(#5522,#5523,#5524,#5525),
 .UNSPECIFIED.,.F.,.F.,(4,4),(0.,2.4128174244109E-5),.UNSPECIFIED.);
#357=B_SPLINE_CURVE_WITH_KNOTS('',3,(#5541,#5542,#5543,#5544),
 .UNSPECIFIED.,.F.,.F.,(4,4),(0.,2.41281741604335E-5),.UNSPECIFIED.);
#358=B_SPLINE_CURVE_WITH_KNOTS('',3,(#5564,#5565,#5566,#5567),
 .UNSPECIFIED.,.F.,.F.,(4,4),(1.94915308322811E-17,0.00100629332689209),
 .UNSPECIFIED.);
#359=B_SPLINE_CURVE_WITH_KNOTS('',3,(#5575,#5576,#5577,#5578),
 .UNSPECIFIED.,.F.,.F.,(4,4),(0.,0.00100628071186213),.UNSPECIFIED.);
#360=B_SPLINE_CURVE_WITH_KNOTS('',3,(#5582,#5583,#5584,#5585),
 .UNSPECIFIED.,.F.,.F.,(4,4),(2.60930321732885E-17,0.00100629332689208),
 .UNSPECIFIED.);
#361=B_SPLINE_CURVE_WITH_KNOTS('',3,(#5633,#5634,#5635,#5636),
 .UNSPECIFIED.,.F.,.F.,(4,4),(0.,0.00100738554996218),.UNSPECIFIED.);
#362=B_SPLINE_CURVE_WITH_KNOTS('',3,(#5657,#5658,#5659,#5660,#5661,#5662,
#5663),.UNSPECIFIED.,.F.,.F.,(4,1,1,1,4),(0.,0.000615495532839037,0.00123099106567807,
0.00184648659851711,0.00246198213135615),.UNSPECIFIED.);
#363=B_SPLINE_CURVE_WITH_KNOTS('',3,(#5671,#5672,#5673,#5674,#5675,#5676,
#5677),.UNSPECIFIED.,.F.,.F.,(4,1,1,1,4),(0.,0.000608075274574688,0.00121615054914938,
0.00182422582372407,0.00243230109829875),.UNSPECIFIED.);
#364=B_SPLINE_CURVE_WITH_KNOTS('',3,(#5750,#5751,#5752,#5753),
 .UNSPECIFIED.,.F.,.F.,(4,4),(0.,0.00890017095461411),.UNSPECIFIED.);
#365=B_SPLINE_CURVE_WITH_KNOTS('',3,(#5755,#5756,#5757,#5758),
 .UNSPECIFIED.,.F.,.F.,(4,4),(0.,0.000789453785742591),.UNSPECIFIED.);
#366=B_SPLINE_CURVE_WITH_KNOTS('',3,(#5763,#5764,#5765,#5766),
 .UNSPECIFIED.,.F.,.F.,(4,4),(0.,0.000789449793437755),.UNSPECIFIED.);
#367=B_SPLINE_CURVE_WITH_KNOTS('',3,(#5768,#5769,#5770,#5771),
 .UNSPECIFIED.,.F.,.F.,(4,4),(0.,0.00890017094939365),.UNSPECIFIED.);
#368=B_SPLINE_CURVE_WITH_KNOTS('',3,(#5779,#5780,#5781,#5782),
 .UNSPECIFIED.,.F.,.F.,(4,4),(0.,0.000789449793437703),.UNSPECIFIED.);
#369=B_SPLINE_CURVE_WITH_KNOTS('',3,(#5784,#5785,#5786,#5787),
 .UNSPECIFIED.,.F.,.F.,(4,4),(0.,0.00890017094939376),.UNSPECIFIED.);
#370=B_SPLINE_CURVE_WITH_KNOTS('',3,(#5798,#5799,#5800,#5801),
 .UNSPECIFIED.,.F.,.F.,(4,4),(0.,0.0089001709546142),.UNSPECIFIED.);
#371=B_SPLINE_CURVE_WITH_KNOTS('',3,(#5803,#5804,#5805,#5806),
 .UNSPECIFIED.,.F.,.F.,(4,4),(0.,0.000789453785742634),.UNSPECIFIED.);
#372=B_SPLINE_CURVE_WITH_KNOTS('',3,(#5823,#5824,#5825,#5826,#5827),
 .UNSPECIFIED.,.F.,.F.,(4,1,4),(0.,0.0101229333621289,0.0202458667242578),
 .UNSPECIFIED.);
#373=B_SPLINE_CURVE_WITH_KNOTS('',3,(#5833,#5834,#5835,#5836),
 .UNSPECIFIED.,.F.,.F.,(4,4),(0.0374577257363372,0.0401380861447276),
 .UNSPECIFIED.);
#374=B_SPLINE_CURVE_WITH_KNOTS('',3,(#5838,#5839,#5840,#5841),
 .UNSPECIFIED.,.F.,.F.,(4,4),(0.00490373517538435,0.00720260863965967),
 .UNSPECIFIED.);
#375=B_SPLINE_CURVE_WITH_KNOTS('',3,(#5845,#5846,#5847,#5848),
 .UNSPECIFIED.,.F.,.F.,(4,4),(0.000873295675480562,0.0211164242499577),
 .UNSPECIFIED.);
#376=B_SPLINE_CURVE_WITH_KNOTS('',3,(#5849,#5850,#5851,#5852),
 .UNSPECIFIED.,.F.,.F.,(4,4),(0.0374577257363049,0.0401380861446962),
 .UNSPECIFIED.);
#377=B_SPLINE_CURVE_WITH_KNOTS('',3,(#5856,#5857,#5858,#5859),
 .UNSPECIFIED.,.F.,.F.,(4,4),(0.00290478983264116,0.00522435204655257),
 .UNSPECIFIED.);
#378=B_SPLINE_CURVE_WITH_KNOTS('',3,(#5865,#5866,#5867,#5868),
 .UNSPECIFIED.,.F.,.F.,(4,4),(0.000873295675480628,0.0211164242499577),
 .UNSPECIFIED.);
#379=B_SPLINE_CURVE_WITH_KNOTS('',3,(#5869,#5870,#5871,#5872),
 .UNSPECIFIED.,.F.,.F.,(4,4),(-0.00721335602560201,0.0047824674691727),
 .UNSPECIFIED.);
#380=B_SPLINE_CURVE_WITH_KNOTS('',3,(#5874,#5875,#5876,#5877,#5878,#5879),
 .UNSPECIFIED.,.F.,.F.,(4,1,1,4),(0.,0.000473126659877953,0.000946253319755906,
0.00189250663951181),.UNSPECIFIED.);
#381=B_SPLINE_CURVE_WITH_KNOTS('',3,(#5883,#5884,#5885,#5886,#5887),
 .UNSPECIFIED.,.F.,.F.,(4,1,4),(0.,0.0101229333621289,0.0202458667242578),
 .UNSPECIFIED.);
#382=B_SPLINE_CURVE_WITH_KNOTS('',3,(#5892,#5893,#5894,#5895,#5896,#5897),
 .UNSPECIFIED.,.F.,.F.,(4,1,1,4),(0.,0.000942469336844144,0.00141370400526622,
0.00188493867368829),.UNSPECIFIED.);
#383=B_SPLINE_CURVE_WITH_KNOTS('',3,(#5899,#5900,#5901,#5902),
 .UNSPECIFIED.,.F.,.F.,(4,4),(-0.00477534193378189,0.00720260863965976),
 .UNSPECIFIED.);
#384=B_SPLINE_CURVE_WITH_KNOTS('',3,(#5906,#5907,#5908,#5909),
 .UNSPECIFIED.,.F.,.F.,(4,4),(0.000873295675480514,0.0211164242499576),
 .UNSPECIFIED.);
#385=B_SPLINE_CURVE_WITH_KNOTS('',3,(#5910,#5911,#5912,#5913),
 .UNSPECIFIED.,.F.,.F.,(4,4),(-0.0072133560256019,0.00478246746917273),
 .UNSPECIFIED.);
#386=B_SPLINE_CURVE_WITH_KNOTS('',3,(#5915,#5916,#5917,#5918,#5919,#5920),
 .UNSPECIFIED.,.F.,.F.,(4,1,1,4),(0.,0.000473126659878015,0.000946253319756031,
0.00189250663951206),.UNSPECIFIED.);
#387=B_SPLINE_CURVE_WITH_KNOTS('',3,(#5924,#5925,#5926,#5927,#5928),
 .UNSPECIFIED.,.F.,.F.,(4,1,4),(0.,0.0101229333621289,0.0202458667242578),
 .UNSPECIFIED.);
#388=B_SPLINE_CURVE_WITH_KNOTS('',3,(#5933,#5934,#5935,#5936,#5937,#5938),
 .UNSPECIFIED.,.F.,.F.,(4,1,1,4),(0.,0.000942469336844275,0.00141370400526641,
0.00188493867368855),.UNSPECIFIED.);
#389=B_SPLINE_CURVE_WITH_KNOTS('',3,(#5940,#5941,#5942,#5943),
 .UNSPECIFIED.,.F.,.F.,(4,4),(-0.0047753419337819,0.00720260863965981),
 .UNSPECIFIED.);
#390=B_SPLINE_CURVE_WITH_KNOTS('',3,(#5947,#5948,#5949,#5950),
 .UNSPECIFIED.,.F.,.F.,(4,4),(0.000873295675480566,0.0211164242499576),
 .UNSPECIFIED.);
#391=B_SPLINE_CURVE_WITH_KNOTS('',3,(#5951,#5952,#5953,#5954),
 .UNSPECIFIED.,.F.,.F.,(4,4),(-0.00721335602560194,0.00478246746917273),
 .UNSPECIFIED.);
#392=B_SPLINE_CURVE_WITH_KNOTS('',3,(#5956,#5957,#5958,#5959,#5960,#5961),
 .UNSPECIFIED.,.F.,.F.,(4,1,1,4),(0.,0.00047312665987811,0.00094625331975622,
0.00189250663951244),.UNSPECIFIED.);
#393=B_SPLINE_CURVE_WITH_KNOTS('',3,(#5965,#5966,#5967,#5968,#5969),
 .UNSPECIFIED.,.F.,.F.,(4,1,4),(0.,0.0101229333621289,0.0202458667242578),
 .UNSPECIFIED.);
#394=B_SPLINE_CURVE_WITH_KNOTS('',3,(#5974,#5975,#5976,#5977,#5978,#5979),
 .UNSPECIFIED.,.F.,.F.,(4,1,1,4),(0.,0.000942469336844352,0.00141370400526653,
0.0018849386736887),.UNSPECIFIED.);
#395=B_SPLINE_CURVE_WITH_KNOTS('',3,(#5981,#5982,#5983,#5984),
 .UNSPECIFIED.,.F.,.F.,(4,4),(-0.00477534193378188,0.00720260863965971),
 .UNSPECIFIED.);
#396=B_SPLINE_CURVE_WITH_KNOTS('',3,(#5986,#5987,#5988,#5989,#5990,#5991),
 .UNSPECIFIED.,.F.,.F.,(4,1,1,4),(0.,0.349914067195919,0.524871100793878,
0.699828134391838),.UNSPECIFIED.);
#397=B_SPLINE_CURVE_WITH_KNOTS('',3,(#5994,#5995,#5996,#5997),
 .UNSPECIFIED.,.F.,.F.,(4,4),(0.,0.00142448434979294),.UNSPECIFIED.);
#398=B_SPLINE_CURVE_WITH_KNOTS('',3,(#5998,#5999,#6000,#6001),
 .UNSPECIFIED.,.F.,.F.,(4,4),(1.53137642558825E-18,0.00142460541119318),
 .UNSPECIFIED.);
#399=B_SPLINE_CURVE_WITH_KNOTS('',3,(#6003,#6004,#6005,#6006,#6007,#6008),
 .UNSPECIFIED.,.F.,.F.,(4,1,1,4),(0.300215774747402,0.475161831060551,0.650107887373701,
1.),.UNSPECIFIED.);
#400=B_SPLINE_CURVE_WITH_KNOTS('',3,(#6010,#6011,#6012,#6013),
 .UNSPECIFIED.,.F.,.F.,(4,4),(0.,1.),.UNSPECIFIED.);
#401=B_SPLINE_CURVE_WITH_KNOTS('',3,(#6015,#6016,#6017,#6018,#6019,#6020,
#6021,#6022,#6023,#6024,#6025,#6026,#6027,#6028,#6029,#6030,#6031,#6032,
#6033,#6034,#6035),.UNSPECIFIED.,.F.,.F.,(4,1,1,1,1,1,1,1,1,1,1,1,1,1,1,
1,1,1,4),(0.,0.125,0.1875,0.21875,0.25,0.28125,0.3125,0.375,0.4375,0.5,
0.5625,0.625,0.6875,0.71875,0.75,0.78125,0.8125,0.875,1.),.UNSPECIFIED.);
#402=B_SPLINE_CURVE_WITH_KNOTS('',3,(#6037,#6038,#6039,#6040),
 .UNSPECIFIED.,.F.,.F.,(4,4),(0.,1.),.UNSPECIFIED.);
#403=B_SPLINE_CURVE_WITH_KNOTS('',3,(#6042,#6043,#6044,#6045,#6046,#6047),
 .UNSPECIFIED.,.F.,.F.,(4,1,1,4),(0.,0.349914067205409,0.524871100808114,
0.699828134410819),.UNSPECIFIED.);
#404=B_SPLINE_CURVE_WITH_KNOTS('',3,(#6050,#6051,#6052,#6053),
 .UNSPECIFIED.,.F.,.F.,(4,4),(0.,0.00142448434977905),.UNSPECIFIED.);
#405=B_SPLINE_CURVE_WITH_KNOTS('',3,(#6054,#6055,#6056,#6057),
 .UNSPECIFIED.,.F.,.F.,(4,4),(4.41929501168948E-19,0.00142460541116448),
 .UNSPECIFIED.);
#406=B_SPLINE_CURVE_WITH_KNOTS('',3,(#6059,#6060,#6061,#6062,#6063,#6064),
 .UNSPECIFIED.,.F.,.F.,(4,1,1,4),(0.300215774707954,0.475161831030965,0.650107887353977,
1.),.UNSPECIFIED.);
#407=B_SPLINE_CURVE_WITH_KNOTS('',3,(#6066,#6067,#6068,#6069),
 .UNSPECIFIED.,.F.,.F.,(4,4),(0.,1.),.UNSPECIFIED.);
#408=B_SPLINE_CURVE_WITH_KNOTS('',3,(#6071,#6072,#6073,#6074,#6075,#6076,
#6077,#6078,#6079,#6080,#6081,#6082,#6083,#6084,#6085,#6086,#6087,#6088,
#6089,#6090,#6091),.UNSPECIFIED.,.F.,.F.,(4,1,1,1,1,1,1,1,1,1,1,1,1,1,1,
1,1,1,4),(0.,0.125,0.1875,0.21875,0.25,0.28125,0.3125,0.375,0.4375,0.5,
0.5625,0.625,0.6875,0.71875,0.75,0.78125,0.8125,0.875,1.),.UNSPECIFIED.);
#409=B_SPLINE_CURVE_WITH_KNOTS('',3,(#6093,#6094,#6095,#6096),
 .UNSPECIFIED.,.F.,.F.,(4,4),(0.,1.),.UNSPECIFIED.);
#410=B_SPLINE_CURVE_WITH_KNOTS('',3,(#6136,#6137,#6138,#6139,#6140,#6141,
#6142),.UNSPECIFIED.,.F.,.F.,(4,1,1,1,4),(0.,0.000559798865507785,0.00111959773101557,
0.00167939659652336,0.00223919546203114),.UNSPECIFIED.);
#411=B_SPLINE_CURVE_WITH_KNOTS('',3,(#6190,#6191,#6192,#6193,#6194,#6195,
#6196),.UNSPECIFIED.,.F.,.F.,(4,1,1,1,4),(0.,0.000565733656299312,0.00113146731259862,
0.00169720096889793,0.00226293462519725),.UNSPECIFIED.);
#412=B_SPLINE_CURVE_WITH_KNOTS('',3,(#6326,#6327,#6328,#6329,#6330),
 .UNSPECIFIED.,.F.,.F.,(4,1,4),(0.,0.00156111267985568,0.00312222535971135),
 .UNSPECIFIED.);
#413=B_SPLINE_CURVE_WITH_KNOTS('',3,(#6348,#6349,#6350,#6351,#6352),
 .UNSPECIFIED.,.F.,.F.,(4,1,4),(0.,0.00227108563359151,0.00454217126718301),
 .UNSPECIFIED.);
#414=B_SPLINE_CURVE_WITH_KNOTS('',3,(#6370,#6371,#6372,#6373,#6374),
 .UNSPECIFIED.,.F.,.F.,(4,1,4),(4.77048955893622E-18,0.00227108563356852,
0.00454217126713704),.UNSPECIFIED.);
#415=B_SPLINE_CURVE_WITH_KNOTS('',3,(#6378,#6379,#6380,#6381),
 .UNSPECIFIED.,.F.,.F.,(4,4),(2.50209973999111E-15,0.0030866185692626),
 .UNSPECIFIED.);
#416=B_SPLINE_CURVE_WITH_KNOTS('',3,(#6386,#6387,#6388,#6389),
 .UNSPECIFIED.,.F.,.F.,(4,4),(0.,0.00308764797160266),.UNSPECIFIED.);
#417=B_SPLINE_CURVE_WITH_KNOTS('',3,(#6442,#6443,#6444,#6445,#6446,#6447),
 .UNSPECIFIED.,.F.,.F.,(4,1,1,4),(0.,0.00158073817391059,0.00237110726086589,
0.00316147634782118),.UNSPECIFIED.);
#418=B_SPLINE_CURVE_WITH_KNOTS('',3,(#6450,#6451,#6452,#6453),
 .UNSPECIFIED.,.F.,.F.,(4,4),(1.86885762303156E-17,0.000609854930236706),
 .UNSPECIFIED.);
#419=B_SPLINE_CURVE_WITH_KNOTS('',3,(#6455,#6456,#6457,#6458),
 .UNSPECIFIED.,.F.,.F.,(4,4),(0.,0.000687332120742435),.UNSPECIFIED.);
#420=B_SPLINE_CURVE_WITH_KNOTS('',3,(#6460,#6461,#6462,#6463),
 .UNSPECIFIED.,.F.,.F.,(4,4),(0.,0.000609854930236792),.UNSPECIFIED.);
#421=B_SPLINE_CURVE_WITH_KNOTS('',3,(#6465,#6466,#6467,#6468,#6469,#6470),
 .UNSPECIFIED.,.F.,.F.,(4,1,1,4),(2.17773099908349E-5,0.000814811933759201,
0.00160784655752757,0.0031939158050643),.UNSPECIFIED.);
#422=B_SPLINE_CURVE_WITH_KNOTS('',3,(#6472,#6473,#6474,#6475),
 .UNSPECIFIED.,.F.,.F.,(4,4),(0.,0.000689301561751026),.UNSPECIFIED.);
#423=B_SPLINE_CURVE_WITH_KNOTS('',3,(#6485,#6486,#6487,#6488),
 .UNSPECIFIED.,.F.,.F.,(4,4),(0.,0.000609854930236761),.UNSPECIFIED.);
#424=B_SPLINE_CURVE_WITH_KNOTS('',3,(#6490,#6491,#6492,#6493,#6494,#6495),
 .UNSPECIFIED.,.F.,.F.,(4,1,1,4),(2.17773099907109E-5,0.000814811933759038,
0.00160784655752737,0.00319391580506402),.UNSPECIFIED.);
#425=B_SPLINE_CURVE_WITH_KNOTS('',3,(#6497,#6498,#6499,#6500),
 .UNSPECIFIED.,.F.,.F.,(4,4),(0.,0.000689301561750972),.UNSPECIFIED.);
#426=B_SPLINE_CURVE_WITH_KNOTS('',3,(#6503,#6504,#6505,#6506,#6507,#6508),
 .UNSPECIFIED.,.F.,.F.,(4,1,1,4),(0.,0.00158073817391041,0.00237110726086561,
0.00316147634782081),.UNSPECIFIED.);
#427=B_SPLINE_CURVE_WITH_KNOTS('',3,(#6511,#6512,#6513,#6514),
 .UNSPECIFIED.,.F.,.F.,(4,4),(9.54344289560695E-18,0.000609854930236827),
 .UNSPECIFIED.);
#428=B_SPLINE_CURVE_WITH_KNOTS('',3,(#6516,#6517,#6518,#6519),
 .UNSPECIFIED.,.F.,.F.,(4,4),(0.,0.000687398886016662),.UNSPECIFIED.);
#429=B_SPLINE_CURVE_WITH_KNOTS('',3,(#6555,#6556,#6557,#6558),
 .UNSPECIFIED.,.F.,.F.,(4,4),(0.,0.000979035428936862),.UNSPECIFIED.);
#430=B_SPLINE_CURVE_WITH_KNOTS('',3,(#6584,#6585,#6586,#6587),
 .UNSPECIFIED.,.F.,.F.,(4,4),(0.,1.),.UNSPECIFIED.);
#431=B_SPLINE_CURVE_WITH_KNOTS('',3,(#6589,#6590,#6591,#6592),
 .UNSPECIFIED.,.F.,.F.,(4,4),(0.,0.0089007288637838),.UNSPECIFIED.);
#432=B_SPLINE_CURVE_WITH_KNOTS('',3,(#6594,#6595,#6596,#6597),
 .UNSPECIFIED.,.F.,.F.,(4,4),(0.,0.000786406913556732),.UNSPECIFIED.);
#433=B_SPLINE_CURVE_WITH_KNOTS('',3,(#6599,#6600,#6601,#6602),
 .UNSPECIFIED.,.F.,.F.,(4,4),(0.,1.),.UNSPECIFIED.);
#434=B_SPLINE_CURVE_WITH_KNOTS('',3,(#6639,#6640,#6641,#6642,#6643,#6644,
#6645,#6646,#6647,#6648,#6649),.UNSPECIFIED.,.F.,.F.,(4,1,1,1,1,1,1,1,4),
(0.,0.00240618549619512,0.00481237099239024,0.00721855648858536,0.00962474198478048,
0.0120309274809756,0.0144371129771707,0.0168432984733658,0.019249483969561),
 .UNSPECIFIED.);
#435=B_SPLINE_CURVE_WITH_KNOTS('',3,(#6652,#6653,#6654,#6655),
 .UNSPECIFIED.,.F.,.F.,(4,4),(0.,0.000848881154954882),.UNSPECIFIED.);
#436=B_SPLINE_CURVE_WITH_KNOTS('',3,(#6656,#6657,#6658,#6659),
 .UNSPECIFIED.,.F.,.F.,(4,4),(0.,1.),.UNSPECIFIED.);
#437=B_SPLINE_CURVE_WITH_KNOTS('',3,(#6661,#6662,#6663,#6664),
 .UNSPECIFIED.,.F.,.F.,(4,4),(-6.00000000738574E-8,0.000848600147625418),
 .UNSPECIFIED.);
#438=B_SPLINE_CURVE_WITH_KNOTS('',3,(#6677,#6678,#6679,#6680),
 .UNSPECIFIED.,.F.,.F.,(4,4),(0.,0.000490617442160817),.UNSPECIFIED.);
#439=B_SPLINE_CURVE_WITH_KNOTS('',3,(#6683,#6684,#6685,#6686),
 .UNSPECIFIED.,.F.,.F.,(4,4),(7.83202314923094E-17,0.000357327045365561),
 .UNSPECIFIED.);
#440=B_SPLINE_CURVE_WITH_KNOTS('',3,(#6687,#6688,#6689,#6690),
 .UNSPECIFIED.,.F.,.F.,(4,4),(3.20965365341208E-7,0.0021829208868748),
 .UNSPECIFIED.);
#441=B_SPLINE_CURVE_WITH_KNOTS('',3,(#6699,#6700,#6701,#6702),
 .UNSPECIFIED.,.F.,.F.,(4,4),(-6.0000000034395E-8,0.000786346913556708),
 .UNSPECIFIED.);
#442=B_SPLINE_CURVE_WITH_KNOTS('',3,(#6705,#6706,#6707,#6708),
 .UNSPECIFIED.,.F.,.F.,(4,4),(0.,0.00890072886892559),.UNSPECIFIED.);
#443=B_SPLINE_CURVE_WITH_KNOTS('',3,(#6709,#6710,#6711,#6712),
 .UNSPECIFIED.,.F.,.F.,(4,4),(0.,1.),.UNSPECIFIED.);
#444=B_SPLINE_CURVE_WITH_KNOTS('',3,(#6714,#6715,#6716,#6717),
 .UNSPECIFIED.,.F.,.F.,(4,4),(1.72958996063322E-19,0.000624856672983988),
 .UNSPECIFIED.);
#445=B_SPLINE_CURVE_WITH_KNOTS('',3,(#6719,#6720,#6721,#6722,#6723),
 .UNSPECIFIED.,.F.,.F.,(4,1,4),(0.,0.000886460759921026,0.00177292151984205),
 .UNSPECIFIED.);
#446=B_SPLINE_CURVE_WITH_KNOTS('',3,(#6738,#6739,#6740,#6741),
 .UNSPECIFIED.,.F.,.F.,(4,4),(3.50526932032378E-5,0.000525657281320994),
 .UNSPECIFIED.);
#447=B_SPLINE_CURVE_WITH_KNOTS('',3,(#6744,#6745,#6746,#6747),
 .UNSPECIFIED.,.F.,.F.,(4,4),(0.,0.00219528478745718),.UNSPECIFIED.);
#448=B_SPLINE_CURVE_WITH_KNOTS('',3,(#6748,#6749,#6750,#6751),
 .UNSPECIFIED.,.F.,.F.,(4,4),(0.,0.000357350132163536),.UNSPECIFIED.);
#449=B_SPLINE_CURVE_WITH_KNOTS('',3,(#6753,#6754,#6755,#6756),
 .UNSPECIFIED.,.F.,.F.,(4,4),(0.,3.48707234896275E-5),.UNSPECIFIED.);
#450=B_SPLINE_CURVE_WITH_KNOTS('',3,(#6757,#6758,#6759,#6760),
 .UNSPECIFIED.,.F.,.F.,(4,4),(0.,3.48707234334317E-5),.UNSPECIFIED.);
#451=B_SPLINE_CURVE_WITH_KNOTS('',3,(#6766,#6767,#6768,#6769,#6770),
 .UNSPECIFIED.,.F.,.F.,(4,1,4),(1.04893408390121E-17,0.000885199671647601,
0.00177039934329519),.UNSPECIFIED.);
#452=B_SPLINE_CURVE_WITH_KNOTS('',3,(#6772,#6773,#6774,#6775),
 .UNSPECIFIED.,.F.,.F.,(4,4),(0.,0.000624898210452731),.UNSPECIFIED.);
#453=B_SPLINE_CURVE_WITH_KNOTS('',3,(#6777,#6778,#6779,#6780,#6781),
 .UNSPECIFIED.,.F.,.F.,(4,1,4),(8.74111736584338E-18,0.000885312623872388,
0.00177062524774477),.UNSPECIFIED.);
#454=B_SPLINE_CURVE_WITH_KNOTS('',3,(#6783,#6784,#6785,#6786),
 .UNSPECIFIED.,.F.,.F.,(4,4),(0.,0.000624898210452722),.UNSPECIFIED.);
#455=B_SPLINE_CURVE_WITH_KNOTS('',3,(#6788,#6789,#6790,#6791),
 .UNSPECIFIED.,.F.,.F.,(4,4),(0.,3.48707230961276E-5),.UNSPECIFIED.);
#456=B_SPLINE_CURVE_WITH_KNOTS('',3,(#6805,#6806,#6807,#6808),
 .UNSPECIFIED.,.F.,.F.,(4,4),(0.,0.000357350132142703),.UNSPECIFIED.);
#457=B_SPLINE_CURVE_WITH_KNOTS('',3,(#6810,#6811,#6812,#6813),
 .UNSPECIFIED.,.F.,.F.,(4,4),(3.50525958338215E-5,0.000525656900787968),
 .UNSPECIFIED.);
#458=B_SPLINE_CURVE_WITH_KNOTS('',3,(#6815,#6816,#6817,#6818),
 .UNSPECIFIED.,.F.,.F.,(4,4),(0.,0.00219528478745672),.UNSPECIFIED.);
#459=B_SPLINE_CURVE_WITH_KNOTS('',3,(#6820,#6821,#6822,#6823),
 .UNSPECIFIED.,.F.,.F.,(4,4),(0.,1.),.UNSPECIFIED.);
#460=B_SPLINE_CURVE_WITH_KNOTS('',3,(#6834,#6835,#6836,#6837),
 .UNSPECIFIED.,.F.,.F.,(4,4),(-5.99999999596993E-8,0.000786346913556708),
 .UNSPECIFIED.);
#461=B_SPLINE_CURVE_WITH_KNOTS('',3,(#6839,#6840,#6841,#6842),
 .UNSPECIFIED.,.F.,.F.,(4,4),(0.,0.0089007288689257),.UNSPECIFIED.);
#462=B_SPLINE_CURVE_WITH_KNOTS('',3,(#6844,#6845,#6846,#6847),
 .UNSPECIFIED.,.F.,.F.,(4,4),(0.,1.),.UNSPECIFIED.);
#463=B_SPLINE_CURVE_WITH_KNOTS('',3,(#6886,#6887,#6888,#6889),
 .UNSPECIFIED.,.F.,.F.,(4,4),(-6.00000000744001E-8,0.000848600147625386),
 .UNSPECIFIED.);
#464=B_SPLINE_CURVE_WITH_KNOTS('',3,(#6891,#6892,#6893,#6894,#6895,#6896,
#6897,#6898,#6899,#6900,#6901),.UNSPECIFIED.,.F.,.F.,(4,1,1,1,1,1,1,1,4),
(0.,0.00240618549619519,0.00481237099239039,0.00721855648858558,0.00962474198478077,
0.012030927480976,0.0144371129771712,0.0168432984733664,0.0192494839695615),
 .UNSPECIFIED.);
#465=B_SPLINE_CURVE_WITH_KNOTS('',3,(#6903,#6904,#6905,#6906),
 .UNSPECIFIED.,.F.,.F.,(4,4),(0.,0.000848881154954896),.UNSPECIFIED.);
#466=B_SPLINE_CURVE_WITH_KNOTS('',3,(#6908,#6909,#6910,#6911),
 .UNSPECIFIED.,.F.,.F.,(4,4),(0.,1.),.UNSPECIFIED.);
#467=B_SPLINE_CURVE_WITH_KNOTS('',3,(#6922,#6923,#6924,#6925),
 .UNSPECIFIED.,.F.,.F.,(4,4),(0.,0.00890072886378392),.UNSPECIFIED.);
#468=B_SPLINE_CURVE_WITH_KNOTS('',3,(#6927,#6928,#6929,#6930),
 .UNSPECIFIED.,.F.,.F.,(4,4),(0.,0.000786406913556652),.UNSPECIFIED.);
#469=B_SPLINE_CURVE_WITH_KNOTS('',3,(#6932,#6933,#6934,#6935),
 .UNSPECIFIED.,.F.,.F.,(4,4),(0.,1.),.UNSPECIFIED.);
#470=B_SPLINE_CURVE_WITH_KNOTS('',3,(#6950,#6951,#6952,#6953),
 .UNSPECIFIED.,.F.,.F.,(4,4),(0.,0.000490617442160744),.UNSPECIFIED.);
#471=B_SPLINE_CURVE_WITH_KNOTS('',3,(#6956,#6957,#6958,#6959),
 .UNSPECIFIED.,.F.,.F.,(4,4),(6.84481999699691E-17,0.000357327045355627),
 .UNSPECIFIED.);
#472=B_SPLINE_CURVE_WITH_KNOTS('',3,(#6960,#6961,#6962,#6963),
 .UNSPECIFIED.,.F.,.F.,(4,4),(3.20965365345697E-7,0.00218292088687469),
 .UNSPECIFIED.);
#473=B_SPLINE_CURVE_WITH_KNOTS('',3,(#6967,#6968,#6969,#6970),
 .UNSPECIFIED.,.F.,.F.,(4,4),(5.76529986877613E-19,0.000624856672983979),
 .UNSPECIFIED.);
#474=B_SPLINE_CURVE_WITH_KNOTS('',3,(#6972,#6973,#6974,#6975,#6976),
 .UNSPECIFIED.,.F.,.F.,(4,1,4),(0.,0.000886460759921015,0.00177292151984203),
 .UNSPECIFIED.);
#475=B_SPLINE_CURVE_WITH_KNOTS('',3,(#6982,#6983,#6984,#6985),
 .UNSPECIFIED.,.F.,.F.,(4,4),(0.,3.48707234869922E-5),.UNSPECIFIED.);
#476=B_SPLINE_CURVE_WITH_KNOTS('',3,(#7018,#7019,#7020,#7021),
 .UNSPECIFIED.,.F.,.F.,(4,4),(0.,0.00159903362505292),.UNSPECIFIED.);
#477=B_SPLINE_CURVE_WITH_KNOTS('',3,(#7023,#7024,#7025,#7026),
 .UNSPECIFIED.,.F.,.F.,(4,4),(0.,0.00159903362505286),.UNSPECIFIED.);
#478=B_SPLINE_CURVE_WITH_KNOTS('',3,(#7028,#7029,#7030,#7031),
 .UNSPECIFIED.,.F.,.F.,(4,4),(4.17776736080521E-17,0.00159903362505291),
 .UNSPECIFIED.);
#479=B_SPLINE_CURVE_WITH_KNOTS('',3,(#7033,#7034,#7035,#7036),
 .UNSPECIFIED.,.F.,.F.,(4,4),(0.,0.00159903362505292),.UNSPECIFIED.);
#480=B_SPLINE_CURVE_WITH_KNOTS('',3,(#7068,#7069,#7070,#7071),
 .UNSPECIFIED.,.F.,.F.,(4,4),(0.,0.00306070408623298),.UNSPECIFIED.);
#481=B_SPLINE_CURVE_WITH_KNOTS('',3,(#7074,#7075,#7076,#7077),
 .UNSPECIFIED.,.F.,.F.,(4,4),(0.,0.000907920451781912),.UNSPECIFIED.);
#482=B_SPLINE_CURVE_WITH_KNOTS('',3,(#7081,#7082,#7083,#7084),
 .UNSPECIFIED.,.F.,.F.,(4,4),(0.,0.0030602748272696),.UNSPECIFIED.);
#483=B_SPLINE_CURVE_WITH_KNOTS('',3,(#7103,#7104,#7105,#7106),
 .UNSPECIFIED.,.F.,.F.,(4,4),(1.62326465396227E-17,0.000939356631438208),
 .UNSPECIFIED.);
#484=B_SPLINE_CURVE_WITH_KNOTS('',3,(#7125,#7126,#7127,#7128),
 .UNSPECIFIED.,.F.,.F.,(4,4),(1.11161129068771E-17,0.00135621569262342),
 .UNSPECIFIED.);
#485=B_SPLINE_CURVE_WITH_KNOTS('',3,(#7199,#7200,#7201,#7202),
 .UNSPECIFIED.,.F.,.F.,(4,4),(0.00161292973198687,0.993061715494983),
 .UNSPECIFIED.);
#486=B_SPLINE_CURVE_WITH_KNOTS('',3,(#7228,#7229,#7230,#7231),
 .UNSPECIFIED.,.F.,.F.,(4,4),(0.,1.),.UNSPECIFIED.);
#487=B_SPLINE_CURVE_WITH_KNOTS('',3,(#7300,#7301,#7302,#7303),
 .UNSPECIFIED.,.F.,.F.,(4,4),(0.,1.),.UNSPECIFIED.);
#488=B_SPLINE_CURVE_WITH_KNOTS('',3,(#7329,#7330,#7331,#7332),
 .UNSPECIFIED.,.F.,.F.,(4,4),(0.,1.),.UNSPECIFIED.);
#489=B_SPLINE_CURVE_WITH_KNOTS('',3,(#7351,#7352,#7353,#7354),
 .UNSPECIFIED.,.F.,.F.,(4,4),(2.22248222988515E-17,0.00135621569262349),
 .UNSPECIFIED.);
#490=B_SPLINE_CURVE_WITH_KNOTS('',3,(#7373,#7374,#7375,#7376),
 .UNSPECIFIED.,.F.,.F.,(4,4),(7.7970947816201E-17,0.000939356631438285),
 .UNSPECIFIED.);
#491=B_SPLINE_CURVE_WITH_KNOTS('',3,(#7401,#7402,#7403,#7404),
 .UNSPECIFIED.,.F.,.F.,(4,4),(9.68576123491903E-17,0.000939356631438347),
 .UNSPECIFIED.);
#492=B_SPLINE_CURVE_WITH_KNOTS('',3,(#7423,#7424,#7425,#7426),
 .UNSPECIFIED.,.F.,.F.,(4,4),(1.55294694376434E-17,0.00135621569262561),
 .UNSPECIFIED.);
#493=B_SPLINE_CURVE_WITH_KNOTS('',3,(#7497,#7498,#7499,#7500),
 .UNSPECIFIED.,.F.,.F.,(4,4),(0.,0.993061715494895),.UNSPECIFIED.);
#494=B_SPLINE_CURVE_WITH_KNOTS('',3,(#7526,#7527,#7528,#7529),
 .UNSPECIFIED.,.F.,.F.,(4,4),(0.,1.),.UNSPECIFIED.);
#495=B_SPLINE_CURVE_WITH_KNOTS('',3,(#7598,#7599,#7600,#7601),
 .UNSPECIFIED.,.F.,.F.,(4,4),(0.,1.),.UNSPECIFIED.);
#496=B_SPLINE_CURVE_WITH_KNOTS('',3,(#7627,#7628,#7629,#7630),
 .UNSPECIFIED.,.F.,.F.,(4,4),(0.,1.),.UNSPECIFIED.);
#497=B_SPLINE_CURVE_WITH_KNOTS('',3,(#7649,#7650,#7651,#7652),
 .UNSPECIFIED.,.F.,.F.,(4,4),(6.40413912248864E-17,0.00135621569262344),
 .UNSPECIFIED.);
#498=B_SPLINE_CURVE_WITH_KNOTS('',3,(#7671,#7672,#7673,#7674),
 .UNSPECIFIED.,.F.,.F.,(4,4),(7.81595473172973E-17,0.000939356631438348),
 .UNSPECIFIED.);
#499=ORIENTED_EDGE('',*,*,#1673,.F.);
#500=ORIENTED_EDGE('',*,*,#1674,.T.);
#501=ORIENTED_EDGE('',*,*,#1675,.F.);
#502=ORIENTED_EDGE('',*,*,#1676,.T.);
#503=ORIENTED_EDGE('',*,*,#1677,.F.);
#504=ORIENTED_EDGE('',*,*,#1678,.F.);
#505=ORIENTED_EDGE('',*,*,#1679,.T.);
#506=ORIENTED_EDGE('',*,*,#1680,.F.);
#507=ORIENTED_EDGE('',*,*,#1681,.T.);
#508=ORIENTED_EDGE('',*,*,#1682,.F.);
#509=ORIENTED_EDGE('',*,*,#1683,.F.);
#510=ORIENTED_EDGE('',*,*,#1684,.F.);
#511=ORIENTED_EDGE('',*,*,#1685,.F.);
#512=ORIENTED_EDGE('',*,*,#1686,.F.);
#513=ORIENTED_EDGE('',*,*,#1687,.F.);
#514=ORIENTED_EDGE('',*,*,#1688,.F.);
#515=ORIENTED_EDGE('',*,*,#1689,.F.);
#516=ORIENTED_EDGE('',*,*,#1690,.T.);
#517=ORIENTED_EDGE('',*,*,#1691,.F.);
#518=ORIENTED_EDGE('',*,*,#1692,.F.);
#519=ORIENTED_EDGE('',*,*,#1693,.T.);
#520=ORIENTED_EDGE('',*,*,#1694,.T.);
#521=ORIENTED_EDGE('',*,*,#1695,.T.);
#522=ORIENTED_EDGE('',*,*,#1696,.T.);
#523=ORIENTED_EDGE('',*,*,#1697,.F.);
#524=ORIENTED_EDGE('',*,*,#1698,.F.);
#525=ORIENTED_EDGE('',*,*,#1699,.T.);
#526=ORIENTED_EDGE('',*,*,#1700,.T.);
#527=ORIENTED_EDGE('',*,*,#1701,.T.);
#528=ORIENTED_EDGE('',*,*,#1702,.T.);
#529=ORIENTED_EDGE('',*,*,#1703,.T.);
#530=ORIENTED_EDGE('',*,*,#1704,.F.);
#531=ORIENTED_EDGE('',*,*,#1705,.T.);
#532=ORIENTED_EDGE('',*,*,#1706,.T.);
#533=ORIENTED_EDGE('',*,*,#1707,.T.);
#534=ORIENTED_EDGE('',*,*,#1708,.T.);
#535=ORIENTED_EDGE('',*,*,#1692,.T.);
#536=ORIENTED_EDGE('',*,*,#1709,.T.);
#537=ORIENTED_EDGE('',*,*,#1710,.F.);
#538=ORIENTED_EDGE('',*,*,#1711,.T.);
#539=ORIENTED_EDGE('',*,*,#1712,.T.);
#540=ORIENTED_EDGE('',*,*,#1713,.F.);
#541=ORIENTED_EDGE('',*,*,#1714,.T.);
#542=ORIENTED_EDGE('',*,*,#1715,.F.);
#543=ORIENTED_EDGE('',*,*,#1716,.T.);
#544=ORIENTED_EDGE('',*,*,#1717,.T.);
#545=ORIENTED_EDGE('',*,*,#1718,.F.);
#546=ORIENTED_EDGE('',*,*,#1719,.T.);
#547=ORIENTED_EDGE('',*,*,#1720,.F.);
#548=ORIENTED_EDGE('',*,*,#1721,.T.);
#549=ORIENTED_EDGE('',*,*,#1722,.F.);
#550=ORIENTED_EDGE('',*,*,#1723,.T.);
#551=ORIENTED_EDGE('',*,*,#1724,.T.);
#552=ORIENTED_EDGE('',*,*,#1725,.T.);
#553=ORIENTED_EDGE('',*,*,#1726,.T.);
#554=ORIENTED_EDGE('',*,*,#1727,.T.);
#555=ORIENTED_EDGE('',*,*,#1728,.T.);
#556=ORIENTED_EDGE('',*,*,#1729,.T.);
#557=ORIENTED_EDGE('',*,*,#1730,.T.);
#558=ORIENTED_EDGE('',*,*,#1731,.T.);
#559=ORIENTED_EDGE('',*,*,#1732,.T.);
#560=ORIENTED_EDGE('',*,*,#1733,.F.);
#561=ORIENTED_EDGE('',*,*,#1734,.T.);
#562=ORIENTED_EDGE('',*,*,#1735,.T.);
#563=ORIENTED_EDGE('',*,*,#1736,.F.);
#564=ORIENTED_EDGE('',*,*,#1737,.T.);
#565=ORIENTED_EDGE('',*,*,#1738,.T.);
#566=ORIENTED_EDGE('',*,*,#1739,.T.);
#567=ORIENTED_EDGE('',*,*,#1740,.T.);
#568=ORIENTED_EDGE('',*,*,#1741,.T.);
#569=ORIENTED_EDGE('',*,*,#1742,.T.);
#570=ORIENTED_EDGE('',*,*,#1743,.T.);
#571=ORIENTED_EDGE('',*,*,#1744,.T.);
#572=ORIENTED_EDGE('',*,*,#1745,.T.);
#573=ORIENTED_EDGE('',*,*,#1746,.T.);
#574=ORIENTED_EDGE('',*,*,#1747,.F.);
#575=ORIENTED_EDGE('',*,*,#1748,.F.);
#576=ORIENTED_EDGE('',*,*,#1749,.T.);
#577=ORIENTED_EDGE('',*,*,#1750,.T.);
#578=ORIENTED_EDGE('',*,*,#1751,.T.);
#579=ORIENTED_EDGE('',*,*,#1752,.T.);
#580=ORIENTED_EDGE('',*,*,#1753,.T.);
#581=ORIENTED_EDGE('',*,*,#1754,.T.);
#582=ORIENTED_EDGE('',*,*,#1755,.T.);
#583=ORIENTED_EDGE('',*,*,#1756,.T.);
#584=ORIENTED_EDGE('',*,*,#1757,.T.);
#585=ORIENTED_EDGE('',*,*,#1758,.T.);
#586=ORIENTED_EDGE('',*,*,#1759,.T.);
#587=ORIENTED_EDGE('',*,*,#1760,.T.);
#588=ORIENTED_EDGE('',*,*,#1761,.T.);
#589=ORIENTED_EDGE('',*,*,#1688,.T.);
#590=ORIENTED_EDGE('',*,*,#1762,.T.);
#591=ORIENTED_EDGE('',*,*,#1763,.T.);
#592=ORIENTED_EDGE('',*,*,#1764,.T.);
#593=ORIENTED_EDGE('',*,*,#1765,.T.);
#594=ORIENTED_EDGE('',*,*,#1766,.T.);
#595=ORIENTED_EDGE('',*,*,#1767,.T.);
#596=ORIENTED_EDGE('',*,*,#1768,.T.);
#597=ORIENTED_EDGE('',*,*,#1769,.T.);
#598=ORIENTED_EDGE('',*,*,#1770,.T.);
#599=ORIENTED_EDGE('',*,*,#1771,.T.);
#600=ORIENTED_EDGE('',*,*,#1772,.T.);
#601=ORIENTED_EDGE('',*,*,#1773,.T.);
#602=ORIENTED_EDGE('',*,*,#1774,.T.);
#603=ORIENTED_EDGE('',*,*,#1775,.T.);
#604=ORIENTED_EDGE('',*,*,#1776,.T.);
#605=ORIENTED_EDGE('',*,*,#1777,.T.);
#606=ORIENTED_EDGE('',*,*,#1695,.F.);
#607=ORIENTED_EDGE('',*,*,#1778,.F.);
#608=ORIENTED_EDGE('',*,*,#1746,.F.);
#609=ORIENTED_EDGE('',*,*,#1779,.T.);
#610=ORIENTED_EDGE('',*,*,#1704,.T.);
#611=ORIENTED_EDGE('',*,*,#1780,.F.);
#612=ORIENTED_EDGE('',*,*,#1781,.T.);
#613=ORIENTED_EDGE('',*,*,#1782,.T.);
#614=ORIENTED_EDGE('',*,*,#1783,.T.);
#615=ORIENTED_EDGE('',*,*,#1784,.F.);
#616=ORIENTED_EDGE('',*,*,#1785,.T.);
#617=ORIENTED_EDGE('',*,*,#1786,.T.);
#618=ORIENTED_EDGE('',*,*,#1787,.T.);
#619=ORIENTED_EDGE('',*,*,#1788,.T.);
#620=ORIENTED_EDGE('',*,*,#1789,.T.);
#621=ORIENTED_EDGE('',*,*,#1790,.F.);
#622=ORIENTED_EDGE('',*,*,#1791,.T.);
#623=ORIENTED_EDGE('',*,*,#1792,.T.);
#624=ORIENTED_EDGE('',*,*,#1793,.T.);
#625=ORIENTED_EDGE('',*,*,#1794,.T.);
#626=ORIENTED_EDGE('',*,*,#1795,.T.);
#627=ORIENTED_EDGE('',*,*,#1796,.T.);
#628=ORIENTED_EDGE('',*,*,#1797,.T.);
#629=ORIENTED_EDGE('',*,*,#1798,.T.);
#630=ORIENTED_EDGE('',*,*,#1799,.T.);
#631=ORIENTED_EDGE('',*,*,#1800,.T.);
#632=ORIENTED_EDGE('',*,*,#1801,.T.);
#633=ORIENTED_EDGE('',*,*,#1802,.T.);
#634=ORIENTED_EDGE('',*,*,#1803,.T.);
#635=ORIENTED_EDGE('',*,*,#1804,.T.);
#636=ORIENTED_EDGE('',*,*,#1805,.T.);
#637=ORIENTED_EDGE('',*,*,#1806,.T.);
#638=ORIENTED_EDGE('',*,*,#1807,.T.);
#639=ORIENTED_EDGE('',*,*,#1808,.T.);
#640=ORIENTED_EDGE('',*,*,#1809,.T.);
#641=ORIENTED_EDGE('',*,*,#1810,.T.);
#642=ORIENTED_EDGE('',*,*,#1811,.T.);
#643=ORIENTED_EDGE('',*,*,#1812,.T.);
#644=ORIENTED_EDGE('',*,*,#1813,.T.);
#645=ORIENTED_EDGE('',*,*,#1814,.T.);
#646=ORIENTED_EDGE('',*,*,#1815,.T.);
#647=ORIENTED_EDGE('',*,*,#1735,.F.);
#648=ORIENTED_EDGE('',*,*,#1816,.T.);
#649=ORIENTED_EDGE('',*,*,#1817,.T.);
#650=ORIENTED_EDGE('',*,*,#1818,.T.);
#651=ORIENTED_EDGE('',*,*,#1819,.T.);
#652=ORIENTED_EDGE('',*,*,#1820,.T.);
#653=ORIENTED_EDGE('',*,*,#1821,.F.);
#654=ORIENTED_EDGE('',*,*,#1822,.T.);
#655=ORIENTED_EDGE('',*,*,#1823,.F.);
#656=ORIENTED_EDGE('',*,*,#1733,.T.);
#657=ORIENTED_EDGE('',*,*,#1824,.T.);
#658=ORIENTED_EDGE('',*,*,#1825,.T.);
#659=ORIENTED_EDGE('',*,*,#1826,.F.);
#660=ORIENTED_EDGE('',*,*,#1827,.F.);
#661=ORIENTED_EDGE('',*,*,#1828,.F.);
#662=ORIENTED_EDGE('',*,*,#1829,.T.);
#663=ORIENTED_EDGE('',*,*,#1830,.T.);
#664=ORIENTED_EDGE('',*,*,#1831,.T.);
#665=ORIENTED_EDGE('',*,*,#1832,.T.);
#666=ORIENTED_EDGE('',*,*,#1833,.T.);
#667=ORIENTED_EDGE('',*,*,#1834,.T.);
#668=ORIENTED_EDGE('',*,*,#1709,.F.);
#669=ORIENTED_EDGE('',*,*,#1691,.T.);
#670=ORIENTED_EDGE('',*,*,#1835,.T.);
#671=ORIENTED_EDGE('',*,*,#1836,.F.);
#672=ORIENTED_EDGE('',*,*,#1837,.F.);
#673=ORIENTED_EDGE('',*,*,#1838,.F.);
#674=ORIENTED_EDGE('',*,*,#1839,.T.);
#675=ORIENTED_EDGE('',*,*,#1720,.T.);
#676=ORIENTED_EDGE('',*,*,#1840,.T.);
#677=ORIENTED_EDGE('',*,*,#1841,.T.);
#678=ORIENTED_EDGE('',*,*,#1842,.T.);
#679=ORIENTED_EDGE('',*,*,#1843,.T.);
#680=ORIENTED_EDGE('',*,*,#1844,.F.);
#681=ORIENTED_EDGE('',*,*,#1682,.T.);
#682=ORIENTED_EDGE('',*,*,#1845,.T.);
#683=ORIENTED_EDGE('',*,*,#1846,.F.);
#684=ORIENTED_EDGE('',*,*,#1847,.F.);
#685=ORIENTED_EDGE('',*,*,#1848,.F.);
#686=ORIENTED_EDGE('',*,*,#1849,.T.);
#687=ORIENTED_EDGE('',*,*,#1718,.T.);
#688=ORIENTED_EDGE('',*,*,#1850,.T.);
#689=ORIENTED_EDGE('',*,*,#1851,.T.);
#690=ORIENTED_EDGE('',*,*,#1852,.T.);
#691=ORIENTED_EDGE('',*,*,#1853,.T.);
#692=ORIENTED_EDGE('',*,*,#1854,.F.);
#693=ORIENTED_EDGE('',*,*,#1677,.T.);
#694=ORIENTED_EDGE('',*,*,#1855,.T.);
#695=ORIENTED_EDGE('',*,*,#1856,.F.);
#696=ORIENTED_EDGE('',*,*,#1857,.F.);
#697=ORIENTED_EDGE('',*,*,#1858,.F.);
#698=ORIENTED_EDGE('',*,*,#1859,.T.);
#699=ORIENTED_EDGE('',*,*,#1713,.T.);
#700=ORIENTED_EDGE('',*,*,#1860,.T.);
#701=ORIENTED_EDGE('',*,*,#1861,.T.);
#702=ORIENTED_EDGE('',*,*,#1862,.T.);
#703=ORIENTED_EDGE('',*,*,#1863,.T.);
#704=ORIENTED_EDGE('',*,*,#1864,.F.);
#705=ORIENTED_EDGE('',*,*,#1694,.F.);
#706=ORIENTED_EDGE('',*,*,#1782,.F.);
#707=ORIENTED_EDGE('',*,*,#1865,.F.);
#708=ORIENTED_EDGE('',*,*,#1777,.F.);
#709=ORIENTED_EDGE('',*,*,#1865,.T.);
#710=ORIENTED_EDGE('',*,*,#1866,.T.);
#711=ORIENTED_EDGE('',*,*,#1867,.T.);
#712=ORIENTED_EDGE('',*,*,#1868,.T.);
#713=ORIENTED_EDGE('',*,*,#1673,.T.);
#714=ORIENTED_EDGE('',*,*,#1854,.T.);
#715=ORIENTED_EDGE('',*,*,#1869,.T.);
#716=ORIENTED_EDGE('',*,*,#1870,.T.);
#717=ORIENTED_EDGE('',*,*,#1712,.F.);
#718=ORIENTED_EDGE('',*,*,#1871,.T.);
#719=ORIENTED_EDGE('',*,*,#1872,.T.);
#720=ORIENTED_EDGE('',*,*,#1873,.T.);
#721=ORIENTED_EDGE('',*,*,#1874,.T.);
#722=ORIENTED_EDGE('',*,*,#1875,.F.);
#723=ORIENTED_EDGE('',*,*,#1860,.F.);
#724=ORIENTED_EDGE('',*,*,#1876,.T.);
#725=ORIENTED_EDGE('',*,*,#1877,.T.);
#726=ORIENTED_EDGE('',*,*,#1878,.T.);
#727=ORIENTED_EDGE('',*,*,#1879,.T.);
#728=ORIENTED_EDGE('',*,*,#1880,.F.);
#729=ORIENTED_EDGE('',*,*,#1850,.F.);
#730=ORIENTED_EDGE('',*,*,#1717,.F.);
#731=ORIENTED_EDGE('',*,*,#1881,.T.);
#732=ORIENTED_EDGE('',*,*,#1882,.T.);
#733=ORIENTED_EDGE('',*,*,#1883,.T.);
#734=ORIENTED_EDGE('',*,*,#1678,.T.);
#735=ORIENTED_EDGE('',*,*,#1844,.T.);
#736=ORIENTED_EDGE('',*,*,#1884,.T.);
#737=ORIENTED_EDGE('',*,*,#1885,.T.);
#738=ORIENTED_EDGE('',*,*,#1886,.T.);
#739=ORIENTED_EDGE('',*,*,#1887,.T.);
#740=ORIENTED_EDGE('',*,*,#1888,.F.);
#741=ORIENTED_EDGE('',*,*,#1840,.F.);
#742=ORIENTED_EDGE('',*,*,#1724,.F.);
#743=ORIENTED_EDGE('',*,*,#1889,.T.);
#744=ORIENTED_EDGE('',*,*,#1890,.T.);
#745=ORIENTED_EDGE('',*,*,#1891,.T.);
#746=ORIENTED_EDGE('',*,*,#1892,.T.);
#747=ORIENTED_EDGE('',*,*,#1893,.T.);
#748=ORIENTED_EDGE('',*,*,#1832,.F.);
#749=ORIENTED_EDGE('',*,*,#1894,.T.);
#750=ORIENTED_EDGE('',*,*,#1684,.T.);
#751=ORIENTED_EDGE('',*,*,#1895,.T.);
#752=ORIENTED_EDGE('',*,*,#1896,.F.);
#753=ORIENTED_EDGE('',*,*,#1897,.T.);
#754=ORIENTED_EDGE('',*,*,#1741,.F.);
#755=ORIENTED_EDGE('',*,*,#1863,.F.);
#756=ORIENTED_EDGE('',*,*,#1898,.T.);
#757=ORIENTED_EDGE('',*,*,#1899,.T.);
#758=ORIENTED_EDGE('',*,*,#1762,.F.);
#759=ORIENTED_EDGE('',*,*,#1687,.T.);
#760=ORIENTED_EDGE('',*,*,#1900,.T.);
#761=ORIENTED_EDGE('',*,*,#1901,.F.);
#762=ORIENTED_EDGE('',*,*,#1902,.T.);
#763=ORIENTED_EDGE('',*,*,#1903,.T.);
#764=ORIENTED_EDGE('',*,*,#1834,.F.);
#765=ORIENTED_EDGE('',*,*,#1904,.T.);
#766=ORIENTED_EDGE('',*,*,#1905,.T.);
#767=ORIENTED_EDGE('',*,*,#1739,.F.);
#768=ORIENTED_EDGE('',*,*,#1906,.T.);
#769=ORIENTED_EDGE('',*,*,#1907,.T.);
#770=ORIENTED_EDGE('',*,*,#1908,.T.);
#771=ORIENTED_EDGE('',*,*,#1699,.F.);
#772=ORIENTED_EDGE('',*,*,#1909,.T.);
#773=ORIENTED_EDGE('',*,*,#1910,.T.);
#774=ORIENTED_EDGE('',*,*,#1841,.F.);
#775=ORIENTED_EDGE('',*,*,#1888,.T.);
#776=ORIENTED_EDGE('',*,*,#1911,.T.);
#777=ORIENTED_EDGE('',*,*,#1912,.T.);
#778=ORIENTED_EDGE('',*,*,#1913,.T.);
#779=ORIENTED_EDGE('',*,*,#1755,.F.);
#780=ORIENTED_EDGE('',*,*,#1843,.F.);
#781=ORIENTED_EDGE('',*,*,#1914,.T.);
#782=ORIENTED_EDGE('',*,*,#1915,.T.);
#783=ORIENTED_EDGE('',*,*,#1753,.F.);
#784=ORIENTED_EDGE('',*,*,#1916,.T.);
#785=ORIENTED_EDGE('',*,*,#1917,.T.);
#786=ORIENTED_EDGE('',*,*,#1918,.T.);
#787=ORIENTED_EDGE('',*,*,#1884,.F.);
#788=ORIENTED_EDGE('',*,*,#1919,.T.);
#789=ORIENTED_EDGE('',*,*,#1920,.T.);
#790=ORIENTED_EDGE('',*,*,#1851,.F.);
#791=ORIENTED_EDGE('',*,*,#1880,.T.);
#792=ORIENTED_EDGE('',*,*,#1921,.T.);
#793=ORIENTED_EDGE('',*,*,#1922,.T.);
#794=ORIENTED_EDGE('',*,*,#1923,.T.);
#795=ORIENTED_EDGE('',*,*,#1772,.F.);
#796=ORIENTED_EDGE('',*,*,#1853,.F.);
#797=ORIENTED_EDGE('',*,*,#1924,.T.);
#798=ORIENTED_EDGE('',*,*,#1925,.T.);
#799=ORIENTED_EDGE('',*,*,#1770,.F.);
#800=ORIENTED_EDGE('',*,*,#1926,.T.);
#801=ORIENTED_EDGE('',*,*,#1927,.T.);
#802=ORIENTED_EDGE('',*,*,#1928,.T.);
#803=ORIENTED_EDGE('',*,*,#1869,.F.);
#804=ORIENTED_EDGE('',*,*,#1929,.T.);
#805=ORIENTED_EDGE('',*,*,#1930,.T.);
#806=ORIENTED_EDGE('',*,*,#1861,.F.);
#807=ORIENTED_EDGE('',*,*,#1875,.T.);
#808=ORIENTED_EDGE('',*,*,#1931,.T.);
#809=ORIENTED_EDGE('',*,*,#1932,.T.);
#810=ORIENTED_EDGE('',*,*,#1933,.T.);
#811=ORIENTED_EDGE('',*,*,#1764,.F.);
#812=ORIENTED_EDGE('',*,*,#1934,.T.);
#813=ORIENTED_EDGE('',*,*,#1935,.T.);
#814=ORIENTED_EDGE('',*,*,#1784,.T.);
#815=ORIENTED_EDGE('',*,*,#1936,.T.);
#816=ORIENTED_EDGE('',*,*,#1937,.T.);
#817=ORIENTED_EDGE('',*,*,#1938,.T.);
#818=ORIENTED_EDGE('',*,*,#1939,.T.);
#819=ORIENTED_EDGE('',*,*,#1940,.T.);
#820=ORIENTED_EDGE('',*,*,#1941,.T.);
#821=ORIENTED_EDGE('',*,*,#1942,.T.);
#822=ORIENTED_EDGE('',*,*,#1790,.T.);
#823=ORIENTED_EDGE('',*,*,#1943,.T.);
#824=ORIENTED_EDGE('',*,*,#1944,.T.);
#825=ORIENTED_EDGE('',*,*,#1945,.T.);
#826=ORIENTED_EDGE('',*,*,#1946,.T.);
#827=ORIENTED_EDGE('',*,*,#1947,.T.);
#828=ORIENTED_EDGE('',*,*,#1948,.T.);
#829=ORIENTED_EDGE('',*,*,#1949,.T.);
#830=ORIENTED_EDGE('',*,*,#1950,.T.);
#831=ORIENTED_EDGE('',*,*,#1951,.T.);
#832=ORIENTED_EDGE('',*,*,#1952,.T.);
#833=ORIENTED_EDGE('',*,*,#1953,.T.);
#834=ORIENTED_EDGE('',*,*,#1954,.T.);
#835=ORIENTED_EDGE('',*,*,#1955,.T.);
#836=ORIENTED_EDGE('',*,*,#1956,.F.);
#837=ORIENTED_EDGE('',*,*,#1957,.T.);
#838=ORIENTED_EDGE('',*,*,#1958,.T.);
#839=ORIENTED_EDGE('',*,*,#1959,.T.);
#840=ORIENTED_EDGE('',*,*,#1960,.F.);
#841=ORIENTED_EDGE('',*,*,#1961,.T.);
#842=ORIENTED_EDGE('',*,*,#1962,.T.);
#843=ORIENTED_EDGE('',*,*,#1963,.F.);
#844=ORIENTED_EDGE('',*,*,#1964,.T.);
#845=ORIENTED_EDGE('',*,*,#1965,.T.);
#846=ORIENTED_EDGE('',*,*,#1966,.T.);
#847=ORIENTED_EDGE('',*,*,#1967,.T.);
#848=ORIENTED_EDGE('',*,*,#1968,.T.);
#849=ORIENTED_EDGE('',*,*,#1901,.T.);
#850=ORIENTED_EDGE('',*,*,#1969,.T.);
#851=ORIENTED_EDGE('',*,*,#1970,.T.);
#852=ORIENTED_EDGE('',*,*,#1971,.T.);
#853=ORIENTED_EDGE('',*,*,#1972,.T.);
#854=ORIENTED_EDGE('',*,*,#1973,.T.);
#855=ORIENTED_EDGE('',*,*,#1974,.T.);
#856=ORIENTED_EDGE('',*,*,#1975,.T.);
#857=ORIENTED_EDGE('',*,*,#1976,.T.);
#858=ORIENTED_EDGE('',*,*,#1977,.T.);
#859=ORIENTED_EDGE('',*,*,#1978,.F.);
#860=ORIENTED_EDGE('',*,*,#1979,.T.);
#861=ORIENTED_EDGE('',*,*,#1980,.T.);
#862=ORIENTED_EDGE('',*,*,#1981,.T.);
#863=ORIENTED_EDGE('',*,*,#1982,.T.);
#864=ORIENTED_EDGE('',*,*,#1983,.T.);
#865=ORIENTED_EDGE('',*,*,#1984,.T.);
#866=ORIENTED_EDGE('',*,*,#1985,.T.);
#867=ORIENTED_EDGE('',*,*,#1986,.T.);
#868=ORIENTED_EDGE('',*,*,#1987,.T.);
#869=ORIENTED_EDGE('',*,*,#1895,.F.);
#870=ORIENTED_EDGE('',*,*,#1683,.T.);
#871=ORIENTED_EDGE('',*,*,#1988,.T.);
#872=ORIENTED_EDGE('',*,*,#1989,.T.);
#873=ORIENTED_EDGE('',*,*,#1990,.T.);
#874=ORIENTED_EDGE('',*,*,#1991,.T.);
#875=ORIENTED_EDGE('',*,*,#1992,.T.);
#876=ORIENTED_EDGE('',*,*,#1993,.F.);
#877=ORIENTED_EDGE('',*,*,#1994,.T.);
#878=ORIENTED_EDGE('',*,*,#1995,.F.);
#879=ORIENTED_EDGE('',*,*,#1996,.T.);
#880=ORIENTED_EDGE('',*,*,#1997,.F.);
#881=ORIENTED_EDGE('',*,*,#1998,.F.);
#882=ORIENTED_EDGE('',*,*,#1999,.F.);
#883=ORIENTED_EDGE('',*,*,#2000,.F.);
#884=ORIENTED_EDGE('',*,*,#1994,.F.);
#885=ORIENTED_EDGE('',*,*,#2001,.T.);
#886=ORIENTED_EDGE('',*,*,#1823,.T.);
#887=ORIENTED_EDGE('',*,*,#2002,.F.);
#888=ORIENTED_EDGE('',*,*,#2003,.F.);
#889=ORIENTED_EDGE('',*,*,#1995,.T.);
#890=ORIENTED_EDGE('',*,*,#2002,.T.);
#891=ORIENTED_EDGE('',*,*,#1822,.F.);
#892=ORIENTED_EDGE('',*,*,#1996,.F.);
#893=ORIENTED_EDGE('',*,*,#2003,.T.);
#894=ORIENTED_EDGE('',*,*,#1821,.T.);
#895=ORIENTED_EDGE('',*,*,#2004,.F.);
#896=ORIENTED_EDGE('',*,*,#2005,.F.);
#897=ORIENTED_EDGE('',*,*,#1997,.T.);
#898=ORIENTED_EDGE('',*,*,#2004,.T.);
#899=ORIENTED_EDGE('',*,*,#1820,.F.);
#900=ORIENTED_EDGE('',*,*,#2006,.F.);
#901=ORIENTED_EDGE('',*,*,#1998,.T.);
#902=ORIENTED_EDGE('',*,*,#2005,.T.);
#903=ORIENTED_EDGE('',*,*,#1819,.F.);
#904=ORIENTED_EDGE('',*,*,#2007,.T.);
#905=ORIENTED_EDGE('',*,*,#2008,.T.);
#906=ORIENTED_EDGE('',*,*,#1956,.T.);
#907=ORIENTED_EDGE('',*,*,#2009,.T.);
#908=ORIENTED_EDGE('',*,*,#2010,.T.);
#909=ORIENTED_EDGE('',*,*,#2011,.T.);
#910=ORIENTED_EDGE('',*,*,#2012,.T.);
#911=ORIENTED_EDGE('',*,*,#2013,.T.);
#912=ORIENTED_EDGE('',*,*,#2014,.T.);
#913=ORIENTED_EDGE('',*,*,#2015,.T.);
#914=ORIENTED_EDGE('',*,*,#2016,.T.);
#915=ORIENTED_EDGE('',*,*,#2017,.T.);
#916=ORIENTED_EDGE('',*,*,#1954,.F.);
#917=ORIENTED_EDGE('',*,*,#2018,.T.);
#918=ORIENTED_EDGE('',*,*,#2019,.T.);
#919=ORIENTED_EDGE('',*,*,#2020,.T.);
#920=ORIENTED_EDGE('',*,*,#2021,.F.);
#921=ORIENTED_EDGE('',*,*,#1999,.T.);
#922=ORIENTED_EDGE('',*,*,#2006,.T.);
#923=ORIENTED_EDGE('',*,*,#1818,.F.);
#924=ORIENTED_EDGE('',*,*,#2001,.F.);
#925=ORIENTED_EDGE('',*,*,#1993,.T.);
#926=ORIENTED_EDGE('',*,*,#2022,.T.);
#927=ORIENTED_EDGE('',*,*,#1816,.F.);
#928=ORIENTED_EDGE('',*,*,#2022,.F.);
#929=ORIENTED_EDGE('',*,*,#2000,.T.);
#930=ORIENTED_EDGE('',*,*,#2021,.T.);
#931=ORIENTED_EDGE('',*,*,#1817,.F.);
#932=ORIENTED_EDGE('',*,*,#1960,.T.);
#933=ORIENTED_EDGE('',*,*,#2023,.F.);
#934=ORIENTED_EDGE('',*,*,#2024,.F.);
#935=ORIENTED_EDGE('',*,*,#2025,.T.);
#936=ORIENTED_EDGE('',*,*,#1963,.T.);
#937=ORIENTED_EDGE('',*,*,#2026,.F.);
#938=ORIENTED_EDGE('',*,*,#2027,.F.);
#939=ORIENTED_EDGE('',*,*,#2023,.T.);
#940=ORIENTED_EDGE('',*,*,#1962,.F.);
#941=ORIENTED_EDGE('',*,*,#2028,.F.);
#942=ORIENTED_EDGE('',*,*,#2029,.T.);
#943=ORIENTED_EDGE('',*,*,#2026,.T.);
#944=ORIENTED_EDGE('',*,*,#1961,.F.);
#945=ORIENTED_EDGE('',*,*,#2025,.F.);
#946=ORIENTED_EDGE('',*,*,#2030,.T.);
#947=ORIENTED_EDGE('',*,*,#2028,.T.);
#948=ORIENTED_EDGE('',*,*,#2024,.T.);
#949=ORIENTED_EDGE('',*,*,#2027,.T.);
#950=ORIENTED_EDGE('',*,*,#2029,.F.);
#951=ORIENTED_EDGE('',*,*,#2030,.F.);
#952=ORIENTED_EDGE('',*,*,#1736,.T.);
#953=ORIENTED_EDGE('',*,*,#2031,.T.);
#954=ORIENTED_EDGE('',*,*,#2032,.T.);
#955=ORIENTED_EDGE('',*,*,#1978,.T.);
#956=ORIENTED_EDGE('',*,*,#2033,.T.);
#957=ORIENTED_EDGE('',*,*,#2034,.F.);
#958=ORIENTED_EDGE('',*,*,#2035,.F.);
#959=ORIENTED_EDGE('',*,*,#2034,.T.);
#960=ORIENTED_EDGE('',*,*,#2036,.T.);
#961=ORIENTED_EDGE('',*,*,#2037,.T.);
#962=ORIENTED_EDGE('',*,*,#2038,.F.);
#963=ORIENTED_EDGE('',*,*,#2039,.T.);
#964=ORIENTED_EDGE('',*,*,#2040,.T.);
#965=ORIENTED_EDGE('',*,*,#2031,.F.);
#966=ORIENTED_EDGE('',*,*,#2041,.T.);
#967=ORIENTED_EDGE('',*,*,#1734,.F.);
#968=ORIENTED_EDGE('',*,*,#2035,.T.);
#969=ORIENTED_EDGE('',*,*,#2038,.T.);
#970=ORIENTED_EDGE('',*,*,#2042,.T.);
#971=ORIENTED_EDGE('',*,*,#1728,.F.);
#972=ORIENTED_EDGE('',*,*,#2043,.T.);
#973=ORIENTED_EDGE('',*,*,#2041,.F.);
#974=ORIENTED_EDGE('',*,*,#1951,.F.);
#975=ORIENTED_EDGE('',*,*,#2044,.T.);
#976=ORIENTED_EDGE('',*,*,#2045,.T.);
#977=ORIENTED_EDGE('',*,*,#2046,.T.);
#978=ORIENTED_EDGE('',*,*,#1837,.T.);
#979=ORIENTED_EDGE('',*,*,#2047,.F.);
#980=ORIENTED_EDGE('',*,*,#2048,.F.);
#981=ORIENTED_EDGE('',*,*,#2049,.T.);
#982=ORIENTED_EDGE('',*,*,#1836,.T.);
#983=ORIENTED_EDGE('',*,*,#2050,.T.);
#984=ORIENTED_EDGE('',*,*,#2051,.F.);
#985=ORIENTED_EDGE('',*,*,#2047,.T.);
#986=ORIENTED_EDGE('',*,*,#2052,.F.);
#987=ORIENTED_EDGE('',*,*,#2053,.T.);
#988=ORIENTED_EDGE('',*,*,#1838,.T.);
#989=ORIENTED_EDGE('',*,*,#2049,.F.);
#990=ORIENTED_EDGE('',*,*,#1689,.T.);
#991=ORIENTED_EDGE('',*,*,#2054,.T.);
#992=ORIENTED_EDGE('',*,*,#1722,.T.);
#993=ORIENTED_EDGE('',*,*,#2055,.T.);
#994=ORIENTED_EDGE('',*,*,#2052,.T.);
#995=ORIENTED_EDGE('',*,*,#2048,.T.);
#996=ORIENTED_EDGE('',*,*,#2051,.T.);
#997=ORIENTED_EDGE('',*,*,#2056,.T.);
#998=ORIENTED_EDGE('',*,*,#2057,.F.);
#999=ORIENTED_EDGE('',*,*,#2058,.T.);
#1000=ORIENTED_EDGE('',*,*,#1848,.T.);
#1001=ORIENTED_EDGE('',*,*,#2059,.F.);
#1002=ORIENTED_EDGE('',*,*,#1847,.T.);
#1003=ORIENTED_EDGE('',*,*,#2060,.F.);
#1004=ORIENTED_EDGE('',*,*,#2061,.F.);
#1005=ORIENTED_EDGE('',*,*,#2059,.T.);
#1006=ORIENTED_EDGE('',*,*,#1846,.T.);
#1007=ORIENTED_EDGE('',*,*,#2062,.T.);
#1008=ORIENTED_EDGE('',*,*,#2063,.F.);
#1009=ORIENTED_EDGE('',*,*,#2060,.T.);
#1010=ORIENTED_EDGE('',*,*,#1680,.T.);
#1011=ORIENTED_EDGE('',*,*,#2064,.T.);
#1012=ORIENTED_EDGE('',*,*,#1715,.T.);
#1013=ORIENTED_EDGE('',*,*,#2065,.T.);
#1014=ORIENTED_EDGE('',*,*,#2057,.T.);
#1015=ORIENTED_EDGE('',*,*,#2061,.T.);
#1016=ORIENTED_EDGE('',*,*,#2063,.T.);
#1017=ORIENTED_EDGE('',*,*,#2066,.T.);
#1018=ORIENTED_EDGE('',*,*,#1857,.T.);
#1019=ORIENTED_EDGE('',*,*,#2067,.F.);
#1020=ORIENTED_EDGE('',*,*,#2068,.F.);
#1021=ORIENTED_EDGE('',*,*,#2069,.T.);
#1022=ORIENTED_EDGE('',*,*,#1856,.T.);
#1023=ORIENTED_EDGE('',*,*,#2070,.T.);
#1024=ORIENTED_EDGE('',*,*,#2071,.F.);
#1025=ORIENTED_EDGE('',*,*,#2067,.T.);
#1026=ORIENTED_EDGE('',*,*,#2072,.F.);
#1027=ORIENTED_EDGE('',*,*,#2073,.T.);
#1028=ORIENTED_EDGE('',*,*,#1858,.T.);
#1029=ORIENTED_EDGE('',*,*,#2069,.F.);
#1030=ORIENTED_EDGE('',*,*,#1675,.T.);
#1031=ORIENTED_EDGE('',*,*,#2074,.T.);
#1032=ORIENTED_EDGE('',*,*,#1710,.T.);
#1033=ORIENTED_EDGE('',*,*,#2075,.T.);
#1034=ORIENTED_EDGE('',*,*,#2072,.T.);
#1035=ORIENTED_EDGE('',*,*,#2068,.T.);
#1036=ORIENTED_EDGE('',*,*,#2071,.T.);
#1037=ORIENTED_EDGE('',*,*,#2076,.T.);
#1038=ORIENTED_EDGE('',*,*,#1991,.F.);
#1039=ORIENTED_EDGE('',*,*,#2077,.T.);
#1040=ORIENTED_EDGE('',*,*,#1828,.T.);
#1041=ORIENTED_EDGE('',*,*,#2078,.F.);
#1042=ORIENTED_EDGE('',*,*,#1827,.T.);
#1043=ORIENTED_EDGE('',*,*,#2079,.F.);
#1044=ORIENTED_EDGE('',*,*,#1992,.F.);
#1045=ORIENTED_EDGE('',*,*,#2078,.T.);
#1046=ORIENTED_EDGE('',*,*,#1826,.T.);
#1047=ORIENTED_EDGE('',*,*,#2080,.T.);
#1048=ORIENTED_EDGE('',*,*,#1964,.F.);
#1049=ORIENTED_EDGE('',*,*,#2079,.T.);
#1050=ORIENTED_EDGE('',*,*,#1780,.T.);
#1051=ORIENTED_EDGE('',*,*,#1703,.F.);
#1052=ORIENTED_EDGE('',*,*,#2081,.F.);
#1053=ORIENTED_EDGE('',*,*,#2082,.T.);
#1054=ORIENTED_EDGE('',*,*,#1781,.F.);
#1055=ORIENTED_EDGE('',*,*,#2082,.F.);
#1056=ORIENTED_EDGE('',*,*,#2083,.T.);
#1057=ORIENTED_EDGE('',*,*,#1696,.F.);
#1058=ORIENTED_EDGE('',*,*,#1698,.T.);
#1059=ORIENTED_EDGE('',*,*,#2084,.F.);
#1060=ORIENTED_EDGE('',*,*,#1747,.T.);
#1061=ORIENTED_EDGE('',*,*,#1778,.T.);
#1062=ORIENTED_EDGE('',*,*,#1697,.T.);
#1063=ORIENTED_EDGE('',*,*,#2083,.F.);
#1064=ORIENTED_EDGE('',*,*,#2081,.T.);
#1065=ORIENTED_EDGE('',*,*,#1702,.F.);
#1066=ORIENTED_EDGE('',*,*,#2085,.T.);
#1067=ORIENTED_EDGE('',*,*,#1748,.T.);
#1068=ORIENTED_EDGE('',*,*,#2084,.T.);
#1069=ORIENTED_EDGE('',*,*,#2055,.F.);
#1070=ORIENTED_EDGE('',*,*,#1721,.F.);
#1071=ORIENTED_EDGE('',*,*,#1839,.F.);
#1072=ORIENTED_EDGE('',*,*,#2053,.F.);
#1073=ORIENTED_EDGE('',*,*,#2056,.F.);
#1074=ORIENTED_EDGE('',*,*,#2050,.F.);
#1075=ORIENTED_EDGE('',*,*,#1835,.F.);
#1076=ORIENTED_EDGE('',*,*,#1690,.F.);
#1077=ORIENTED_EDGE('',*,*,#2065,.F.);
#1078=ORIENTED_EDGE('',*,*,#1719,.F.);
#1079=ORIENTED_EDGE('',*,*,#1849,.F.);
#1080=ORIENTED_EDGE('',*,*,#2058,.F.);
#1081=ORIENTED_EDGE('',*,*,#2066,.F.);
#1082=ORIENTED_EDGE('',*,*,#2062,.F.);
#1083=ORIENTED_EDGE('',*,*,#1845,.F.);
#1084=ORIENTED_EDGE('',*,*,#1681,.F.);
#1085=ORIENTED_EDGE('',*,*,#2076,.F.);
#1086=ORIENTED_EDGE('',*,*,#2070,.F.);
#1087=ORIENTED_EDGE('',*,*,#1855,.F.);
#1088=ORIENTED_EDGE('',*,*,#1676,.F.);
#1089=ORIENTED_EDGE('',*,*,#2075,.F.);
#1090=ORIENTED_EDGE('',*,*,#1714,.F.);
#1091=ORIENTED_EDGE('',*,*,#1859,.F.);
#1092=ORIENTED_EDGE('',*,*,#2073,.F.);
#1093=ORIENTED_EDGE('',*,*,#1950,.F.);
#1094=ORIENTED_EDGE('',*,*,#2086,.T.);
#1095=ORIENTED_EDGE('',*,*,#1890,.F.);
#1096=ORIENTED_EDGE('',*,*,#2087,.F.);
#1097=ORIENTED_EDGE('',*,*,#2087,.T.);
#1098=ORIENTED_EDGE('',*,*,#1889,.F.);
#1099=ORIENTED_EDGE('',*,*,#2088,.F.);
#1100=ORIENTED_EDGE('',*,*,#2044,.F.);
#1101=ORIENTED_EDGE('',*,*,#1707,.F.);
#1102=ORIENTED_EDGE('',*,*,#2089,.T.);
#1103=ORIENTED_EDGE('',*,*,#1948,.F.);
#1104=ORIENTED_EDGE('',*,*,#2090,.F.);
#1105=ORIENTED_EDGE('',*,*,#2054,.F.);
#1106=ORIENTED_EDGE('',*,*,#1693,.F.);
#1107=ORIENTED_EDGE('',*,*,#2091,.F.);
#1108=ORIENTED_EDGE('',*,*,#2045,.F.);
#1109=ORIENTED_EDGE('',*,*,#2088,.T.);
#1110=ORIENTED_EDGE('',*,*,#1723,.F.);
#1111=ORIENTED_EDGE('',*,*,#2090,.T.);
#1112=ORIENTED_EDGE('',*,*,#2046,.F.);
#1113=ORIENTED_EDGE('',*,*,#2091,.T.);
#1114=ORIENTED_EDGE('',*,*,#1708,.F.);
#1115=ORIENTED_EDGE('',*,*,#1727,.F.);
#1116=ORIENTED_EDGE('',*,*,#2092,.T.);
#1117=ORIENTED_EDGE('',*,*,#2039,.F.);
#1118=ORIENTED_EDGE('',*,*,#2043,.F.);
#1119=ORIENTED_EDGE('',*,*,#2037,.F.);
#1120=ORIENTED_EDGE('',*,*,#2093,.T.);
#1121=ORIENTED_EDGE('',*,*,#1729,.F.);
#1122=ORIENTED_EDGE('',*,*,#2042,.F.);
#1123=ORIENTED_EDGE('',*,*,#2094,.T.);
#1124=ORIENTED_EDGE('',*,*,#2095,.T.);
#1125=ORIENTED_EDGE('',*,*,#1774,.F.);
#1126=ORIENTED_EDGE('',*,*,#2096,.T.);
#1127=ORIENTED_EDGE('',*,*,#1878,.F.);
#1128=ORIENTED_EDGE('',*,*,#2097,.T.);
#1129=ORIENTED_EDGE('',*,*,#1751,.F.);
#1130=ORIENTED_EDGE('',*,*,#2098,.T.);
#1131=ORIENTED_EDGE('',*,*,#2099,.T.);
#1132=ORIENTED_EDGE('',*,*,#2100,.T.);
#1133=ORIENTED_EDGE('',*,*,#1881,.F.);
#1134=ORIENTED_EDGE('',*,*,#2101,.T.);
#1135=ORIENTED_EDGE('',*,*,#1757,.F.);
#1136=ORIENTED_EDGE('',*,*,#2102,.T.);
#1137=ORIENTED_EDGE('',*,*,#1886,.F.);
#1138=ORIENTED_EDGE('',*,*,#2103,.T.);
#1139=ORIENTED_EDGE('',*,*,#1745,.F.);
#1140=ORIENTED_EDGE('',*,*,#2104,.T.);
#1141=ORIENTED_EDGE('',*,*,#1705,.F.);
#1142=ORIENTED_EDGE('',*,*,#1779,.F.);
#1143=ORIENTED_EDGE('',*,*,#1701,.F.);
#1144=ORIENTED_EDGE('',*,*,#2105,.T.);
#1145=ORIENTED_EDGE('',*,*,#1737,.F.);
#1146=ORIENTED_EDGE('',*,*,#2085,.F.);
#1147=ORIENTED_EDGE('',*,*,#1768,.F.);
#1148=ORIENTED_EDGE('',*,*,#2106,.T.);
#1149=ORIENTED_EDGE('',*,*,#2107,.T.);
#1150=ORIENTED_EDGE('',*,*,#2108,.T.);
#1151=ORIENTED_EDGE('',*,*,#1866,.F.);
#1152=ORIENTED_EDGE('',*,*,#2109,.T.);
#1153=ORIENTED_EDGE('',*,*,#2110,.T.);
#1154=ORIENTED_EDGE('',*,*,#2111,.T.);
#1155=ORIENTED_EDGE('',*,*,#1758,.F.);
#1156=ORIENTED_EDGE('',*,*,#2112,.T.);
#1157=ORIENTED_EDGE('',*,*,#1873,.F.);
#1158=ORIENTED_EDGE('',*,*,#2113,.T.);
#1159=ORIENTED_EDGE('',*,*,#1958,.F.);
#1160=ORIENTED_EDGE('',*,*,#2114,.T.);
#1161=ORIENTED_EDGE('',*,*,#1761,.F.);
#1162=ORIENTED_EDGE('',*,*,#2115,.T.);
#1163=ORIENTED_EDGE('',*,*,#1743,.F.);
#1164=ORIENTED_EDGE('',*,*,#2116,.T.);
#1165=ORIENTED_EDGE('',*,*,#1952,.F.);
#1166=ORIENTED_EDGE('',*,*,#2117,.T.);
#1167=ORIENTED_EDGE('',*,*,#2019,.F.);
#1168=ORIENTED_EDGE('',*,*,#2118,.T.);
#1169=ORIENTED_EDGE('',*,*,#2014,.F.);
#1170=ORIENTED_EDGE('',*,*,#2119,.T.);
#1171=ORIENTED_EDGE('',*,*,#2012,.F.);
#1172=ORIENTED_EDGE('',*,*,#2120,.T.);
#1173=ORIENTED_EDGE('',*,*,#2007,.F.);
#1174=ORIENTED_EDGE('',*,*,#2121,.T.);
#1175=ORIENTED_EDGE('',*,*,#2016,.F.);
#1176=ORIENTED_EDGE('',*,*,#2122,.T.);
#1177=ORIENTED_EDGE('',*,*,#1725,.F.);
#1178=ORIENTED_EDGE('',*,*,#2123,.T.);
#1179=ORIENTED_EDGE('',*,*,#1731,.F.);
#1180=ORIENTED_EDGE('',*,*,#2124,.T.);
#1181=ORIENTED_EDGE('',*,*,#2010,.F.);
#1182=ORIENTED_EDGE('',*,*,#2125,.T.);
#1183=ORIENTED_EDGE('',*,*,#2032,.F.);
#1184=ORIENTED_EDGE('',*,*,#2040,.F.);
#1185=ORIENTED_EDGE('',*,*,#2126,.F.);
#1186=ORIENTED_EDGE('',*,*,#1979,.F.);
#1187=ORIENTED_EDGE('',*,*,#2126,.T.);
#1188=ORIENTED_EDGE('',*,*,#2092,.F.);
#1189=ORIENTED_EDGE('',*,*,#2127,.F.);
#1190=ORIENTED_EDGE('',*,*,#1980,.F.);
#1191=ORIENTED_EDGE('',*,*,#2127,.T.);
#1192=ORIENTED_EDGE('',*,*,#1726,.F.);
#1193=ORIENTED_EDGE('',*,*,#2128,.F.);
#1194=ORIENTED_EDGE('',*,*,#1981,.F.);
#1195=ORIENTED_EDGE('',*,*,#2128,.T.);
#1196=ORIENTED_EDGE('',*,*,#2122,.F.);
#1197=ORIENTED_EDGE('',*,*,#2129,.F.);
#1198=ORIENTED_EDGE('',*,*,#1982,.F.);
#1199=ORIENTED_EDGE('',*,*,#2129,.T.);
#1200=ORIENTED_EDGE('',*,*,#2015,.F.);
#1201=ORIENTED_EDGE('',*,*,#2130,.F.);
#1202=ORIENTED_EDGE('',*,*,#1983,.F.);
#1203=ORIENTED_EDGE('',*,*,#2130,.T.);
#1204=ORIENTED_EDGE('',*,*,#2118,.F.);
#1205=ORIENTED_EDGE('',*,*,#2131,.F.);
#1206=ORIENTED_EDGE('',*,*,#1984,.F.);
#1207=ORIENTED_EDGE('',*,*,#2131,.T.);
#1208=ORIENTED_EDGE('',*,*,#2018,.F.);
#1209=ORIENTED_EDGE('',*,*,#2132,.F.);
#1210=ORIENTED_EDGE('',*,*,#1985,.F.);
#1211=ORIENTED_EDGE('',*,*,#2132,.T.);
#1212=ORIENTED_EDGE('',*,*,#1953,.F.);
#1213=ORIENTED_EDGE('',*,*,#2133,.F.);
#1214=ORIENTED_EDGE('',*,*,#1986,.F.);
#1215=ORIENTED_EDGE('',*,*,#2116,.F.);
#1216=ORIENTED_EDGE('',*,*,#2134,.T.);
#1217=ORIENTED_EDGE('',*,*,#1896,.T.);
#1218=ORIENTED_EDGE('',*,*,#1987,.F.);
#1219=ORIENTED_EDGE('',*,*,#2133,.T.);
#1220=ORIENTED_EDGE('',*,*,#1969,.F.);
#1221=ORIENTED_EDGE('',*,*,#1900,.F.);
#1222=ORIENTED_EDGE('',*,*,#1686,.T.);
#1223=ORIENTED_EDGE('',*,*,#2114,.F.);
#1224=ORIENTED_EDGE('',*,*,#2135,.F.);
#1225=ORIENTED_EDGE('',*,*,#2135,.T.);
#1226=ORIENTED_EDGE('',*,*,#1957,.F.);
#1227=ORIENTED_EDGE('',*,*,#2136,.F.);
#1228=ORIENTED_EDGE('',*,*,#1970,.F.);
#1229=ORIENTED_EDGE('',*,*,#2136,.T.);
#1230=ORIENTED_EDGE('',*,*,#2008,.F.);
#1231=ORIENTED_EDGE('',*,*,#2137,.F.);
#1232=ORIENTED_EDGE('',*,*,#1971,.F.);
#1233=ORIENTED_EDGE('',*,*,#2137,.T.);
#1234=ORIENTED_EDGE('',*,*,#2120,.F.);
#1235=ORIENTED_EDGE('',*,*,#2138,.F.);
#1236=ORIENTED_EDGE('',*,*,#1972,.F.);
#1237=ORIENTED_EDGE('',*,*,#2138,.T.);
#1238=ORIENTED_EDGE('',*,*,#2011,.F.);
#1239=ORIENTED_EDGE('',*,*,#2139,.F.);
#1240=ORIENTED_EDGE('',*,*,#1973,.F.);
#1241=ORIENTED_EDGE('',*,*,#2139,.T.);
#1242=ORIENTED_EDGE('',*,*,#2124,.F.);
#1243=ORIENTED_EDGE('',*,*,#2140,.F.);
#1244=ORIENTED_EDGE('',*,*,#1974,.F.);
#1245=ORIENTED_EDGE('',*,*,#2140,.T.);
#1246=ORIENTED_EDGE('',*,*,#1730,.F.);
#1247=ORIENTED_EDGE('',*,*,#2141,.F.);
#1248=ORIENTED_EDGE('',*,*,#1975,.F.);
#1249=ORIENTED_EDGE('',*,*,#2141,.T.);
#1250=ORIENTED_EDGE('',*,*,#2093,.F.);
#1251=ORIENTED_EDGE('',*,*,#2142,.F.);
#1252=ORIENTED_EDGE('',*,*,#1976,.F.);
#1253=ORIENTED_EDGE('',*,*,#2033,.F.);
#1254=ORIENTED_EDGE('',*,*,#1977,.F.);
#1255=ORIENTED_EDGE('',*,*,#2142,.T.);
#1256=ORIENTED_EDGE('',*,*,#2036,.F.);
#1257=ORIENTED_EDGE('',*,*,#2143,.F.);
#1258=ORIENTED_EDGE('',*,*,#2144,.T.);
#1259=ORIENTED_EDGE('',*,*,#2145,.T.);
#1260=ORIENTED_EDGE('',*,*,#2146,.F.);
#1261=ORIENTED_EDGE('',*,*,#1940,.F.);
#1262=ORIENTED_EDGE('',*,*,#2147,.T.);
#1263=ORIENTED_EDGE('',*,*,#2148,.T.);
#1264=ORIENTED_EDGE('',*,*,#2143,.T.);
#1265=ORIENTED_EDGE('',*,*,#1939,.F.);
#1266=ORIENTED_EDGE('',*,*,#2149,.F.);
#1267=ORIENTED_EDGE('',*,*,#2150,.T.);
#1268=ORIENTED_EDGE('',*,*,#2151,.T.);
#1269=ORIENTED_EDGE('',*,*,#2152,.T.);
#1270=ORIENTED_EDGE('',*,*,#1934,.F.);
#1271=ORIENTED_EDGE('',*,*,#2146,.T.);
#1272=ORIENTED_EDGE('',*,*,#2153,.T.);
#1273=ORIENTED_EDGE('',*,*,#2154,.T.);
#1274=ORIENTED_EDGE('',*,*,#2155,.T.);
#1275=ORIENTED_EDGE('',*,*,#2149,.T.);
#1276=ORIENTED_EDGE('',*,*,#1938,.F.);
#1277=ORIENTED_EDGE('',*,*,#2156,.F.);
#1278=ORIENTED_EDGE('',*,*,#1786,.F.);
#1279=ORIENTED_EDGE('',*,*,#2157,.T.);
#1280=ORIENTED_EDGE('',*,*,#2158,.T.);
#1281=ORIENTED_EDGE('',*,*,#2159,.F.);
#1282=ORIENTED_EDGE('',*,*,#2160,.T.);
#1283=ORIENTED_EDGE('',*,*,#2161,.T.);
#1284=ORIENTED_EDGE('',*,*,#2156,.T.);
#1285=ORIENTED_EDGE('',*,*,#1937,.F.);
#1286=ORIENTED_EDGE('',*,*,#2162,.T.);
#1287=ORIENTED_EDGE('',*,*,#2159,.T.);
#1288=ORIENTED_EDGE('',*,*,#2163,.T.);
#1289=ORIENTED_EDGE('',*,*,#1766,.F.);
#1290=ORIENTED_EDGE('',*,*,#2164,.T.);
#1291=ORIENTED_EDGE('',*,*,#2165,.F.);
#1292=ORIENTED_EDGE('',*,*,#1787,.F.);
#1293=ORIENTED_EDGE('',*,*,#2166,.F.);
#1294=ORIENTED_EDGE('',*,*,#2167,.T.);
#1295=ORIENTED_EDGE('',*,*,#2168,.T.);
#1296=ORIENTED_EDGE('',*,*,#1814,.F.);
#1297=ORIENTED_EDGE('',*,*,#2169,.T.);
#1298=ORIENTED_EDGE('',*,*,#2170,.T.);
#1299=ORIENTED_EDGE('',*,*,#1788,.F.);
#1300=ORIENTED_EDGE('',*,*,#2165,.T.);
#1301=ORIENTED_EDGE('',*,*,#1760,.F.);
#1302=ORIENTED_EDGE('',*,*,#2171,.T.);
#1303=ORIENTED_EDGE('',*,*,#2166,.T.);
#1304=ORIENTED_EDGE('',*,*,#1813,.F.);
#1305=ORIENTED_EDGE('',*,*,#2172,.F.);
#1306=ORIENTED_EDGE('',*,*,#1944,.F.);
#1307=ORIENTED_EDGE('',*,*,#2173,.T.);
#1308=ORIENTED_EDGE('',*,*,#2174,.T.);
#1309=ORIENTED_EDGE('',*,*,#2175,.T.);
#1310=ORIENTED_EDGE('',*,*,#2176,.F.);
#1311=ORIENTED_EDGE('',*,*,#2172,.T.);
#1312=ORIENTED_EDGE('',*,*,#1812,.F.);
#1313=ORIENTED_EDGE('',*,*,#2177,.F.);
#1314=ORIENTED_EDGE('',*,*,#2115,.F.);
#1315=ORIENTED_EDGE('',*,*,#2176,.T.);
#1316=ORIENTED_EDGE('',*,*,#2178,.T.);
#1317=ORIENTED_EDGE('',*,*,#2179,.T.);
#1318=ORIENTED_EDGE('',*,*,#2180,.F.);
#1319=ORIENTED_EDGE('',*,*,#1945,.F.);
#1320=ORIENTED_EDGE('',*,*,#2177,.T.);
#1321=ORIENTED_EDGE('',*,*,#1811,.F.);
#1322=ORIENTED_EDGE('',*,*,#2181,.F.);
#1323=ORIENTED_EDGE('',*,*,#1959,.F.);
#1324=ORIENTED_EDGE('',*,*,#2180,.T.);
#1325=ORIENTED_EDGE('',*,*,#2182,.T.);
#1326=ORIENTED_EDGE('',*,*,#2183,.T.);
#1327=ORIENTED_EDGE('',*,*,#2184,.T.);
#1328=ORIENTED_EDGE('',*,*,#2185,.F.);
#1329=ORIENTED_EDGE('',*,*,#1946,.F.);
#1330=ORIENTED_EDGE('',*,*,#2181,.T.);
#1331=ORIENTED_EDGE('',*,*,#1810,.F.);
#1332=ORIENTED_EDGE('',*,*,#2186,.F.);
#1333=ORIENTED_EDGE('',*,*,#2009,.F.);
#1334=ORIENTED_EDGE('',*,*,#2185,.T.);
#1335=ORIENTED_EDGE('',*,*,#2187,.T.);
#1336=ORIENTED_EDGE('',*,*,#2188,.T.);
#1337=ORIENTED_EDGE('',*,*,#2189,.F.);
#1338=ORIENTED_EDGE('',*,*,#1947,.F.);
#1339=ORIENTED_EDGE('',*,*,#2186,.T.);
#1340=ORIENTED_EDGE('',*,*,#1809,.F.);
#1341=ORIENTED_EDGE('',*,*,#2190,.F.);
#1342=ORIENTED_EDGE('',*,*,#2121,.F.);
#1343=ORIENTED_EDGE('',*,*,#2191,.T.);
#1344=ORIENTED_EDGE('',*,*,#2192,.T.);
#1345=ORIENTED_EDGE('',*,*,#1941,.F.);
#1346=ORIENTED_EDGE('',*,*,#2189,.T.);
#1347=ORIENTED_EDGE('',*,*,#2193,.T.);
#1348=ORIENTED_EDGE('',*,*,#2190,.T.);
#1349=ORIENTED_EDGE('',*,*,#1808,.F.);
#1350=ORIENTED_EDGE('',*,*,#2194,.F.);
#1351=ORIENTED_EDGE('',*,*,#2013,.F.);
#1352=ORIENTED_EDGE('',*,*,#1792,.F.);
#1353=ORIENTED_EDGE('',*,*,#2195,.T.);
#1354=ORIENTED_EDGE('',*,*,#2196,.T.);
#1355=ORIENTED_EDGE('',*,*,#2197,.F.);
#1356=ORIENTED_EDGE('',*,*,#2194,.T.);
#1357=ORIENTED_EDGE('',*,*,#1807,.F.);
#1358=ORIENTED_EDGE('',*,*,#2198,.F.);
#1359=ORIENTED_EDGE('',*,*,#2125,.F.);
#1360=ORIENTED_EDGE('',*,*,#2197,.T.);
#1361=ORIENTED_EDGE('',*,*,#2199,.T.);
#1362=ORIENTED_EDGE('',*,*,#1749,.F.);
#1363=ORIENTED_EDGE('',*,*,#2200,.F.);
#1364=ORIENTED_EDGE('',*,*,#1793,.F.);
#1365=ORIENTED_EDGE('',*,*,#2198,.T.);
#1366=ORIENTED_EDGE('',*,*,#1806,.F.);
#1367=ORIENTED_EDGE('',*,*,#2201,.F.);
#1368=ORIENTED_EDGE('',*,*,#1732,.F.);
#1369=ORIENTED_EDGE('',*,*,#2200,.T.);
#1370=ORIENTED_EDGE('',*,*,#2103,.F.);
#1371=ORIENTED_EDGE('',*,*,#2202,.F.);
#1372=ORIENTED_EDGE('',*,*,#1794,.F.);
#1373=ORIENTED_EDGE('',*,*,#2201,.T.);
#1374=ORIENTED_EDGE('',*,*,#1805,.F.);
#1375=ORIENTED_EDGE('',*,*,#2203,.F.);
#1376=ORIENTED_EDGE('',*,*,#2123,.F.);
#1377=ORIENTED_EDGE('',*,*,#2202,.T.);
#1378=ORIENTED_EDGE('',*,*,#1891,.F.);
#1379=ORIENTED_EDGE('',*,*,#2204,.F.);
#1380=ORIENTED_EDGE('',*,*,#1795,.F.);
#1381=ORIENTED_EDGE('',*,*,#2203,.T.);
#1382=ORIENTED_EDGE('',*,*,#1804,.F.);
#1383=ORIENTED_EDGE('',*,*,#2205,.F.);
#1384=ORIENTED_EDGE('',*,*,#2017,.F.);
#1385=ORIENTED_EDGE('',*,*,#2204,.T.);
#1386=ORIENTED_EDGE('',*,*,#2086,.F.);
#1387=ORIENTED_EDGE('',*,*,#2206,.F.);
#1388=ORIENTED_EDGE('',*,*,#2205,.T.);
#1389=ORIENTED_EDGE('',*,*,#1803,.F.);
#1390=ORIENTED_EDGE('',*,*,#2207,.F.);
#1391=ORIENTED_EDGE('',*,*,#2119,.F.);
#1392=ORIENTED_EDGE('',*,*,#2206,.T.);
#1393=ORIENTED_EDGE('',*,*,#1949,.F.);
#1394=ORIENTED_EDGE('',*,*,#2208,.F.);
#1395=ORIENTED_EDGE('',*,*,#1796,.F.);
#1396=ORIENTED_EDGE('',*,*,#2207,.T.);
#1397=ORIENTED_EDGE('',*,*,#1802,.F.);
#1398=ORIENTED_EDGE('',*,*,#2209,.F.);
#1399=ORIENTED_EDGE('',*,*,#2020,.F.);
#1400=ORIENTED_EDGE('',*,*,#2208,.T.);
#1401=ORIENTED_EDGE('',*,*,#2089,.F.);
#1402=ORIENTED_EDGE('',*,*,#2210,.F.);
#1403=ORIENTED_EDGE('',*,*,#2209,.T.);
#1404=ORIENTED_EDGE('',*,*,#1801,.F.);
#1405=ORIENTED_EDGE('',*,*,#2211,.F.);
#1406=ORIENTED_EDGE('',*,*,#1955,.F.);
#1407=ORIENTED_EDGE('',*,*,#2210,.T.);
#1408=ORIENTED_EDGE('',*,*,#1706,.F.);
#1409=ORIENTED_EDGE('',*,*,#2212,.F.);
#1410=ORIENTED_EDGE('',*,*,#1797,.F.);
#1411=ORIENTED_EDGE('',*,*,#2211,.T.);
#1412=ORIENTED_EDGE('',*,*,#1800,.F.);
#1413=ORIENTED_EDGE('',*,*,#2213,.F.);
#1414=ORIENTED_EDGE('',*,*,#2117,.F.);
#1415=ORIENTED_EDGE('',*,*,#2212,.T.);
#1416=ORIENTED_EDGE('',*,*,#2104,.F.);
#1417=ORIENTED_EDGE('',*,*,#2214,.F.);
#1418=ORIENTED_EDGE('',*,*,#1798,.F.);
#1419=ORIENTED_EDGE('',*,*,#2213,.T.);
#1420=ORIENTED_EDGE('',*,*,#1799,.F.);
#1421=ORIENTED_EDGE('',*,*,#2214,.T.);
#1422=ORIENTED_EDGE('',*,*,#1744,.F.);
#1423=ORIENTED_EDGE('',*,*,#1776,.F.);
#1424=ORIENTED_EDGE('',*,*,#1783,.F.);
#1425=ORIENTED_EDGE('',*,*,#1899,.F.);
#1426=ORIENTED_EDGE('',*,*,#2215,.T.);
#1427=ORIENTED_EDGE('',*,*,#1929,.F.);
#1428=ORIENTED_EDGE('',*,*,#1763,.F.);
#1429=ORIENTED_EDGE('',*,*,#1925,.F.);
#1430=ORIENTED_EDGE('',*,*,#2216,.T.);
#1431=ORIENTED_EDGE('',*,*,#1919,.F.);
#1432=ORIENTED_EDGE('',*,*,#1771,.F.);
#1433=ORIENTED_EDGE('',*,*,#1915,.F.);
#1434=ORIENTED_EDGE('',*,*,#2217,.T.);
#1435=ORIENTED_EDGE('',*,*,#1909,.F.);
#1436=ORIENTED_EDGE('',*,*,#1754,.F.);
#1437=ORIENTED_EDGE('',*,*,#1905,.F.);
#1438=ORIENTED_EDGE('',*,*,#2218,.T.);
#1439=ORIENTED_EDGE('',*,*,#1892,.F.);
#1440=ORIENTED_EDGE('',*,*,#1740,.F.);
#1441=ORIENTED_EDGE('',*,*,#1926,.F.);
#1442=ORIENTED_EDGE('',*,*,#1769,.F.);
#1443=ORIENTED_EDGE('',*,*,#2219,.F.);
#1444=ORIENTED_EDGE('',*,*,#2219,.T.);
#1445=ORIENTED_EDGE('',*,*,#2109,.F.);
#1446=ORIENTED_EDGE('',*,*,#2220,.F.);
#1447=ORIENTED_EDGE('',*,*,#1927,.F.);
#1448=ORIENTED_EDGE('',*,*,#2220,.T.);
#1449=ORIENTED_EDGE('',*,*,#1870,.F.);
#1450=ORIENTED_EDGE('',*,*,#1928,.F.);
#1451=ORIENTED_EDGE('',*,*,#1931,.F.);
#1452=ORIENTED_EDGE('',*,*,#1874,.F.);
#1453=ORIENTED_EDGE('',*,*,#2221,.F.);
#1454=ORIENTED_EDGE('',*,*,#2221,.T.);
#1455=ORIENTED_EDGE('',*,*,#2112,.F.);
#1456=ORIENTED_EDGE('',*,*,#2222,.F.);
#1457=ORIENTED_EDGE('',*,*,#1932,.F.);
#1458=ORIENTED_EDGE('',*,*,#2222,.T.);
#1459=ORIENTED_EDGE('',*,*,#1765,.F.);
#1460=ORIENTED_EDGE('',*,*,#1933,.F.);
#1461=ORIENTED_EDGE('',*,*,#1916,.F.);
#1462=ORIENTED_EDGE('',*,*,#1752,.F.);
#1463=ORIENTED_EDGE('',*,*,#2223,.F.);
#1464=ORIENTED_EDGE('',*,*,#2223,.T.);
#1465=ORIENTED_EDGE('',*,*,#2101,.F.);
#1466=ORIENTED_EDGE('',*,*,#2224,.F.);
#1467=ORIENTED_EDGE('',*,*,#1917,.F.);
#1468=ORIENTED_EDGE('',*,*,#2224,.T.);
#1469=ORIENTED_EDGE('',*,*,#1885,.F.);
#1470=ORIENTED_EDGE('',*,*,#1918,.F.);
#1471=ORIENTED_EDGE('',*,*,#1921,.F.);
#1472=ORIENTED_EDGE('',*,*,#1879,.F.);
#1473=ORIENTED_EDGE('',*,*,#2225,.F.);
#1474=ORIENTED_EDGE('',*,*,#2225,.T.);
#1475=ORIENTED_EDGE('',*,*,#2096,.F.);
#1476=ORIENTED_EDGE('',*,*,#2226,.F.);
#1477=ORIENTED_EDGE('',*,*,#1922,.F.);
#1478=ORIENTED_EDGE('',*,*,#2226,.T.);
#1479=ORIENTED_EDGE('',*,*,#1773,.F.);
#1480=ORIENTED_EDGE('',*,*,#1923,.F.);
#1481=ORIENTED_EDGE('',*,*,#1911,.F.);
#1482=ORIENTED_EDGE('',*,*,#1887,.F.);
#1483=ORIENTED_EDGE('',*,*,#2227,.F.);
#1484=ORIENTED_EDGE('',*,*,#2227,.T.);
#1485=ORIENTED_EDGE('',*,*,#2102,.F.);
#1486=ORIENTED_EDGE('',*,*,#2228,.F.);
#1487=ORIENTED_EDGE('',*,*,#1912,.F.);
#1488=ORIENTED_EDGE('',*,*,#2228,.T.);
#1489=ORIENTED_EDGE('',*,*,#1756,.F.);
#1490=ORIENTED_EDGE('',*,*,#1913,.F.);
#1491=ORIENTED_EDGE('',*,*,#1906,.F.);
#1492=ORIENTED_EDGE('',*,*,#1738,.F.);
#1493=ORIENTED_EDGE('',*,*,#2229,.F.);
#1494=ORIENTED_EDGE('',*,*,#2229,.T.);
#1495=ORIENTED_EDGE('',*,*,#2105,.F.);
#1496=ORIENTED_EDGE('',*,*,#2230,.F.);
#1497=ORIENTED_EDGE('',*,*,#1907,.F.);
#1498=ORIENTED_EDGE('',*,*,#2230,.T.);
#1499=ORIENTED_EDGE('',*,*,#1700,.F.);
#1500=ORIENTED_EDGE('',*,*,#1908,.F.);
#1501=ORIENTED_EDGE('',*,*,#1966,.F.);
#1502=ORIENTED_EDGE('',*,*,#2231,.T.);
#1503=ORIENTED_EDGE('',*,*,#1824,.F.);
#1504=ORIENTED_EDGE('',*,*,#2232,.F.);
#1505=ORIENTED_EDGE('',*,*,#1902,.F.);
#1506=ORIENTED_EDGE('',*,*,#1968,.F.);
#1507=ORIENTED_EDGE('',*,*,#2233,.F.);
#1508=ORIENTED_EDGE('',*,*,#2232,.T.);
#1509=ORIENTED_EDGE('',*,*,#1864,.T.);
#1510=ORIENTED_EDGE('',*,*,#1903,.F.);
#1511=ORIENTED_EDGE('',*,*,#2233,.T.);
#1512=ORIENTED_EDGE('',*,*,#1967,.F.);
#1513=ORIENTED_EDGE('',*,*,#1742,.F.);
#1514=ORIENTED_EDGE('',*,*,#1897,.F.);
#1515=ORIENTED_EDGE('',*,*,#2134,.F.);
#1516=ORIENTED_EDGE('',*,*,#1830,.F.);
#1517=ORIENTED_EDGE('',*,*,#2234,.T.);
#1518=ORIENTED_EDGE('',*,*,#1989,.F.);
#1519=ORIENTED_EDGE('',*,*,#2235,.F.);
#1520=ORIENTED_EDGE('',*,*,#1988,.F.);
#1521=ORIENTED_EDGE('',*,*,#1685,.T.);
#1522=ORIENTED_EDGE('',*,*,#1894,.F.);
#1523=ORIENTED_EDGE('',*,*,#1831,.F.);
#1524=ORIENTED_EDGE('',*,*,#2235,.T.);
#1525=ORIENTED_EDGE('',*,*,#2216,.F.);
#1526=ORIENTED_EDGE('',*,*,#1924,.F.);
#1527=ORIENTED_EDGE('',*,*,#1852,.F.);
#1528=ORIENTED_EDGE('',*,*,#1920,.F.);
#1529=ORIENTED_EDGE('',*,*,#2217,.F.);
#1530=ORIENTED_EDGE('',*,*,#1914,.F.);
#1531=ORIENTED_EDGE('',*,*,#1842,.F.);
#1532=ORIENTED_EDGE('',*,*,#1910,.F.);
#1533=ORIENTED_EDGE('',*,*,#2218,.F.);
#1534=ORIENTED_EDGE('',*,*,#1904,.F.);
#1535=ORIENTED_EDGE('',*,*,#1833,.F.);
#1536=ORIENTED_EDGE('',*,*,#1893,.F.);
#1537=ORIENTED_EDGE('',*,*,#2215,.F.);
#1538=ORIENTED_EDGE('',*,*,#1898,.F.);
#1539=ORIENTED_EDGE('',*,*,#1862,.F.);
#1540=ORIENTED_EDGE('',*,*,#1930,.F.);
#1541=ORIENTED_EDGE('',*,*,#1815,.F.);
#1542=ORIENTED_EDGE('',*,*,#2168,.F.);
#1543=ORIENTED_EDGE('',*,*,#2236,.F.);
#1544=ORIENTED_EDGE('',*,*,#2162,.F.);
#1545=ORIENTED_EDGE('',*,*,#1936,.F.);
#1546=ORIENTED_EDGE('',*,*,#1759,.F.);
#1547=ORIENTED_EDGE('',*,*,#2111,.F.);
#1548=ORIENTED_EDGE('',*,*,#2237,.F.);
#1549=ORIENTED_EDGE('',*,*,#2160,.F.);
#1550=ORIENTED_EDGE('',*,*,#2236,.T.);
#1551=ORIENTED_EDGE('',*,*,#2167,.F.);
#1552=ORIENTED_EDGE('',*,*,#2171,.F.);
#1553=ORIENTED_EDGE('',*,*,#2237,.T.);
#1554=ORIENTED_EDGE('',*,*,#2110,.F.);
#1555=ORIENTED_EDGE('',*,*,#2238,.F.);
#1556=ORIENTED_EDGE('',*,*,#2161,.F.);
#1557=ORIENTED_EDGE('',*,*,#2238,.T.);
#1558=ORIENTED_EDGE('',*,*,#2113,.F.);
#1559=ORIENTED_EDGE('',*,*,#2239,.F.);
#1560=ORIENTED_EDGE('',*,*,#2154,.F.);
#1561=ORIENTED_EDGE('',*,*,#2239,.T.);
#1562=ORIENTED_EDGE('',*,*,#1872,.F.);
#1563=ORIENTED_EDGE('',*,*,#2240,.F.);
#1564=ORIENTED_EDGE('',*,*,#2155,.F.);
#1565=ORIENTED_EDGE('',*,*,#2240,.T.);
#1566=ORIENTED_EDGE('',*,*,#1871,.F.);
#1567=ORIENTED_EDGE('',*,*,#2241,.F.);
#1568=ORIENTED_EDGE('',*,*,#2150,.F.);
#1569=ORIENTED_EDGE('',*,*,#2074,.F.);
#1570=ORIENTED_EDGE('',*,*,#1674,.F.);
#1571=ORIENTED_EDGE('',*,*,#2242,.F.);
#1572=ORIENTED_EDGE('',*,*,#2147,.F.);
#1573=ORIENTED_EDGE('',*,*,#2241,.T.);
#1574=ORIENTED_EDGE('',*,*,#1711,.F.);
#1575=ORIENTED_EDGE('',*,*,#2242,.T.);
#1576=ORIENTED_EDGE('',*,*,#1868,.F.);
#1577=ORIENTED_EDGE('',*,*,#2243,.F.);
#1578=ORIENTED_EDGE('',*,*,#2148,.F.);
#1579=ORIENTED_EDGE('',*,*,#2243,.T.);
#1580=ORIENTED_EDGE('',*,*,#1867,.F.);
#1581=ORIENTED_EDGE('',*,*,#2244,.F.);
#1582=ORIENTED_EDGE('',*,*,#2144,.F.);
#1583=ORIENTED_EDGE('',*,*,#2244,.T.);
#1584=ORIENTED_EDGE('',*,*,#2108,.F.);
#1585=ORIENTED_EDGE('',*,*,#2245,.F.);
#1586=ORIENTED_EDGE('',*,*,#2145,.F.);
#1587=ORIENTED_EDGE('',*,*,#2245,.T.);
#1588=ORIENTED_EDGE('',*,*,#2107,.F.);
#1589=ORIENTED_EDGE('',*,*,#2246,.F.);
#1590=ORIENTED_EDGE('',*,*,#2153,.F.);
#1591=ORIENTED_EDGE('',*,*,#2163,.F.);
#1592=ORIENTED_EDGE('',*,*,#2158,.F.);
#1593=ORIENTED_EDGE('',*,*,#2247,.F.);
#1594=ORIENTED_EDGE('',*,*,#2151,.F.);
#1595=ORIENTED_EDGE('',*,*,#2246,.T.);
#1596=ORIENTED_EDGE('',*,*,#2106,.F.);
#1597=ORIENTED_EDGE('',*,*,#1767,.F.);
#1598=ORIENTED_EDGE('',*,*,#2247,.T.);
#1599=ORIENTED_EDGE('',*,*,#2157,.F.);
#1600=ORIENTED_EDGE('',*,*,#1785,.F.);
#1601=ORIENTED_EDGE('',*,*,#1935,.F.);
#1602=ORIENTED_EDGE('',*,*,#2152,.F.);
#1603=ORIENTED_EDGE('',*,*,#1789,.F.);
#1604=ORIENTED_EDGE('',*,*,#2170,.F.);
#1605=ORIENTED_EDGE('',*,*,#2248,.F.);
#1606=ORIENTED_EDGE('',*,*,#2173,.F.);
#1607=ORIENTED_EDGE('',*,*,#1943,.F.);
#1608=ORIENTED_EDGE('',*,*,#1775,.F.);
#1609=ORIENTED_EDGE('',*,*,#2095,.F.);
#1610=ORIENTED_EDGE('',*,*,#2249,.F.);
#1611=ORIENTED_EDGE('',*,*,#2174,.F.);
#1612=ORIENTED_EDGE('',*,*,#2248,.T.);
#1613=ORIENTED_EDGE('',*,*,#2169,.F.);
#1614=ORIENTED_EDGE('',*,*,#2164,.F.);
#1615=ORIENTED_EDGE('',*,*,#2249,.T.);
#1616=ORIENTED_EDGE('',*,*,#2094,.F.);
#1617=ORIENTED_EDGE('',*,*,#2250,.F.);
#1618=ORIENTED_EDGE('',*,*,#2175,.F.);
#1619=ORIENTED_EDGE('',*,*,#2250,.T.);
#1620=ORIENTED_EDGE('',*,*,#2097,.F.);
#1621=ORIENTED_EDGE('',*,*,#2251,.F.);
#1622=ORIENTED_EDGE('',*,*,#2178,.F.);
#1623=ORIENTED_EDGE('',*,*,#2251,.T.);
#1624=ORIENTED_EDGE('',*,*,#1877,.F.);
#1625=ORIENTED_EDGE('',*,*,#2252,.F.);
#1626=ORIENTED_EDGE('',*,*,#2179,.F.);
#1627=ORIENTED_EDGE('',*,*,#2252,.T.);
#1628=ORIENTED_EDGE('',*,*,#1876,.F.);
#1629=ORIENTED_EDGE('',*,*,#2253,.F.);
#1630=ORIENTED_EDGE('',*,*,#2182,.F.);
#1631=ORIENTED_EDGE('',*,*,#2064,.F.);
#1632=ORIENTED_EDGE('',*,*,#1679,.F.);
#1633=ORIENTED_EDGE('',*,*,#2254,.F.);
#1634=ORIENTED_EDGE('',*,*,#2183,.F.);
#1635=ORIENTED_EDGE('',*,*,#2253,.T.);
#1636=ORIENTED_EDGE('',*,*,#1716,.F.);
#1637=ORIENTED_EDGE('',*,*,#2254,.T.);
#1638=ORIENTED_EDGE('',*,*,#1883,.F.);
#1639=ORIENTED_EDGE('',*,*,#2255,.F.);
#1640=ORIENTED_EDGE('',*,*,#2184,.F.);
#1641=ORIENTED_EDGE('',*,*,#2255,.T.);
#1642=ORIENTED_EDGE('',*,*,#1882,.F.);
#1643=ORIENTED_EDGE('',*,*,#2256,.F.);
#1644=ORIENTED_EDGE('',*,*,#2187,.F.);
#1645=ORIENTED_EDGE('',*,*,#2256,.T.);
#1646=ORIENTED_EDGE('',*,*,#2100,.F.);
#1647=ORIENTED_EDGE('',*,*,#2257,.F.);
#1648=ORIENTED_EDGE('',*,*,#2188,.F.);
#1649=ORIENTED_EDGE('',*,*,#2257,.T.);
#1650=ORIENTED_EDGE('',*,*,#2099,.F.);
#1651=ORIENTED_EDGE('',*,*,#2258,.F.);
#1652=ORIENTED_EDGE('',*,*,#2193,.F.);
#1653=ORIENTED_EDGE('',*,*,#2199,.F.);
#1654=ORIENTED_EDGE('',*,*,#2196,.F.);
#1655=ORIENTED_EDGE('',*,*,#2259,.F.);
#1656=ORIENTED_EDGE('',*,*,#2191,.F.);
#1657=ORIENTED_EDGE('',*,*,#2258,.T.);
#1658=ORIENTED_EDGE('',*,*,#2098,.F.);
#1659=ORIENTED_EDGE('',*,*,#1750,.F.);
#1660=ORIENTED_EDGE('',*,*,#2259,.T.);
#1661=ORIENTED_EDGE('',*,*,#2195,.F.);
#1662=ORIENTED_EDGE('',*,*,#1791,.F.);
#1663=ORIENTED_EDGE('',*,*,#1942,.F.);
#1664=ORIENTED_EDGE('',*,*,#2192,.F.);
#1665=ORIENTED_EDGE('',*,*,#1825,.F.);
#1666=ORIENTED_EDGE('',*,*,#2231,.F.);
#1667=ORIENTED_EDGE('',*,*,#1965,.F.);
#1668=ORIENTED_EDGE('',*,*,#2080,.F.);
#1669=ORIENTED_EDGE('',*,*,#1990,.F.);
#1670=ORIENTED_EDGE('',*,*,#2234,.F.);
#1671=ORIENTED_EDGE('',*,*,#1829,.F.);
#1672=ORIENTED_EDGE('',*,*,#2077,.F.);
#1673=EDGE_CURVE('',#2260,#2261,#2630,.T.);
#1674=EDGE_CURVE('',#2260,#2262,#346,.T.);
#1675=EDGE_CURVE('',#2263,#2262,#188,.T.);
#1676=EDGE_CURVE('',#2263,#2264,#2631,.T.);
#1677=EDGE_CURVE('',#2261,#2264,#189,.T.);
#1678=EDGE_CURVE('',#2265,#2266,#2632,.T.);
#1679=EDGE_CURVE('',#2265,#2267,#347,.T.);
#1680=EDGE_CURVE('',#2268,#2267,#190,.T.);
#1681=EDGE_CURVE('',#2268,#2269,#2633,.T.);
#1682=EDGE_CURVE('',#2266,#2269,#191,.T.);
#1683=EDGE_CURVE('',#2270,#2271,#192,.F.);
#1684=EDGE_CURVE('',#2272,#2270,#348,.T.);
#1685=EDGE_CURVE('',#2271,#2272,#349,.F.);
#1686=EDGE_CURVE('',#2273,#2274,#350,.T.);
#1687=EDGE_CURVE('',#2275,#2273,#351,.T.);
#1688=EDGE_CURVE('',#2274,#2275,#193,.F.);
#1689=EDGE_CURVE('',#2276,#2277,#194,.T.);
#1690=EDGE_CURVE('',#2276,#2278,#2634,.T.);
#1691=EDGE_CURVE('',#2279,#2278,#195,.T.);
#1692=EDGE_CURVE('',#2280,#2279,#2635,.T.);
#1693=EDGE_CURVE('',#2280,#2277,#126,.T.);
#1694=EDGE_CURVE('',#2281,#2281,#196,.T.);
#1695=EDGE_CURVE('',#2282,#2283,#197,.F.);
#1696=EDGE_CURVE('',#2283,#2284,#2636,.F.);
#1697=EDGE_CURVE('',#2285,#2284,#198,.T.);
#1698=EDGE_CURVE('',#2282,#2285,#2637,.F.);
#1699=EDGE_CURVE('',#2286,#2287,#2638,.T.);
#1700=EDGE_CURVE('',#2287,#2288,#2639,.T.);
#1701=EDGE_CURVE('',#2288,#2289,#2640,.F.);
#1702=EDGE_CURVE('',#2289,#2290,#2641,.T.);
#1703=EDGE_CURVE('',#2290,#2291,#2642,.T.);
#1704=EDGE_CURVE('',#2292,#2291,#2643,.T.);
#1705=EDGE_CURVE('',#2292,#2293,#2644,.F.);
#1706=EDGE_CURVE('',#2293,#2294,#2645,.T.);
#1707=EDGE_CURVE('',#2294,#2295,#2646,.T.);
#1708=EDGE_CURVE('',#2295,#2280,#2647,.F.);
#1709=EDGE_CURVE('',#2279,#2286,#2648,.T.);
#1710=EDGE_CURVE('',#2296,#2297,#199,.T.);
#1711=EDGE_CURVE('',#2296,#2298,#352,.T.);
#1712=EDGE_CURVE('',#2298,#2299,#2649,.T.);
#1713=EDGE_CURVE('',#2300,#2299,#200,.T.);
#1714=EDGE_CURVE('',#2300,#2297,#2650,.F.);
#1715=EDGE_CURVE('',#2301,#2302,#201,.T.);
#1716=EDGE_CURVE('',#2301,#2303,#353,.T.);
#1717=EDGE_CURVE('',#2303,#2304,#2651,.T.);
#1718=EDGE_CURVE('',#2305,#2304,#202,.T.);
#1719=EDGE_CURVE('',#2305,#2302,#2652,.F.);
#1720=EDGE_CURVE('',#2306,#2307,#203,.T.);
#1721=EDGE_CURVE('',#2306,#2308,#2653,.F.);
#1722=EDGE_CURVE('',#2309,#2308,#204,.T.);
#1723=EDGE_CURVE('',#2309,#2310,#127,.T.);
#1724=EDGE_CURVE('',#2310,#2307,#2654,.T.);
#1725=EDGE_CURVE('',#2311,#2312,#2655,.F.);
#1726=EDGE_CURVE('',#2312,#2313,#2656,.T.);
#1727=EDGE_CURVE('',#2313,#2314,#2657,.F.);
#1728=EDGE_CURVE('',#2314,#2315,#2658,.T.);
#1729=EDGE_CURVE('',#2315,#2316,#2659,.T.);
#1730=EDGE_CURVE('',#2316,#2317,#2660,.T.);
#1731=EDGE_CURVE('',#2317,#2318,#2661,.T.);
#1732=EDGE_CURVE('',#2318,#2311,#2662,.T.);
#1733=EDGE_CURVE('',#2319,#2319,#205,.T.);
#1734=EDGE_CURVE('',#2320,#2320,#206,.T.);
#1735=EDGE_CURVE('',#2321,#2321,#207,.T.);
#1736=EDGE_CURVE('',#2322,#2322,#208,.T.);
#1737=EDGE_CURVE('',#2323,#2324,#2663,.F.);
#1738=EDGE_CURVE('',#2324,#2325,#209,.F.);
#1739=EDGE_CURVE('',#2325,#2326,#2664,.T.);
#1740=EDGE_CURVE('',#2326,#2327,#210,.F.);
#1741=EDGE_CURVE('',#2327,#2328,#2665,.F.);
#1742=EDGE_CURVE('',#2328,#2329,#211,.F.);
#1743=EDGE_CURVE('',#2329,#2330,#2666,.T.);
#1744=EDGE_CURVE('',#2330,#2331,#212,.T.);
#1745=EDGE_CURVE('',#2331,#2332,#2667,.F.);
#1746=EDGE_CURVE('',#2332,#2333,#213,.T.);
#1747=EDGE_CURVE('',#2334,#2333,#2668,.T.);
#1748=EDGE_CURVE('',#2323,#2334,#214,.T.);
#1749=EDGE_CURVE('',#2335,#2336,#215,.T.);
#1750=EDGE_CURVE('',#2336,#2337,#354,.T.);
#1751=EDGE_CURVE('',#2337,#2338,#2669,.F.);
#1752=EDGE_CURVE('',#2338,#2339,#216,.F.);
#1753=EDGE_CURVE('',#2339,#2340,#2670,.T.);
#1754=EDGE_CURVE('',#2340,#2341,#217,.F.);
#1755=EDGE_CURVE('',#2341,#2342,#2671,.F.);
#1756=EDGE_CURVE('',#2342,#2343,#218,.F.);
#1757=EDGE_CURVE('',#2343,#2335,#2672,.T.);
#1758=EDGE_CURVE('',#2344,#2345,#2673,.T.);
#1759=EDGE_CURVE('',#2345,#2346,#355,.T.);
#1760=EDGE_CURVE('',#2346,#2347,#219,.T.);
#1761=EDGE_CURVE('',#2347,#2274,#2674,.F.);
#1762=EDGE_CURVE('',#2275,#2348,#2675,.T.);
#1763=EDGE_CURVE('',#2348,#2349,#220,.F.);
#1764=EDGE_CURVE('',#2349,#2350,#2676,.F.);
#1765=EDGE_CURVE('',#2350,#2344,#221,.F.);
#1766=EDGE_CURVE('',#2351,#2352,#222,.T.);
#1767=EDGE_CURVE('',#2352,#2353,#356,.T.);
#1768=EDGE_CURVE('',#2353,#2354,#2677,.F.);
#1769=EDGE_CURVE('',#2354,#2355,#223,.F.);
#1770=EDGE_CURVE('',#2355,#2356,#2678,.T.);
#1771=EDGE_CURVE('',#2356,#2357,#224,.F.);
#1772=EDGE_CURVE('',#2357,#2358,#2679,.F.);
#1773=EDGE_CURVE('',#2358,#2359,#225,.F.);
#1774=EDGE_CURVE('',#2359,#2360,#2680,.T.);
#1775=EDGE_CURVE('',#2360,#2351,#357,.T.);
#1776=EDGE_CURVE('',#2361,#2361,#226,.F.);
#1777=EDGE_CURVE('',#2362,#2362,#227,.T.);
#1778=EDGE_CURVE('',#2333,#2282,#2681,.T.);
#1779=EDGE_CURVE('',#2332,#2292,#228,.F.);
#1780=EDGE_CURVE('',#2363,#2291,#2682,.T.);
#1781=EDGE_CURVE('',#2363,#2283,#2683,.T.);
#1782=EDGE_CURVE('',#2364,#2364,#229,.F.);
#1783=EDGE_CURVE('',#2365,#2365,#230,.T.);
#1784=EDGE_CURVE('',#2366,#2367,#231,.T.);
#1785=EDGE_CURVE('',#2366,#2368,#358,.T.);
#1786=EDGE_CURVE('',#2368,#2369,#232,.T.);
#1787=EDGE_CURVE('',#2369,#2370,#233,.F.);
#1788=EDGE_CURVE('',#2370,#2371,#234,.T.);
#1789=EDGE_CURVE('',#2371,#2372,#359,.T.);
#1790=EDGE_CURVE('',#2373,#2372,#235,.T.);
#1791=EDGE_CURVE('',#2373,#2374,#360,.T.);
#1792=EDGE_CURVE('',#2374,#2375,#236,.T.);
#1793=EDGE_CURVE('',#2375,#2376,#237,.F.);
#1794=EDGE_CURVE('',#2376,#2377,#238,.T.);
#1795=EDGE_CURVE('',#2377,#2378,#2684,.T.);
#1796=EDGE_CURVE('',#2378,#2379,#2685,.T.);
#1797=EDGE_CURVE('',#2379,#2380,#2686,.T.);
#1798=EDGE_CURVE('',#2380,#2381,#239,.T.);
#1799=EDGE_CURVE('',#2381,#2382,#240,.F.);
#1800=EDGE_CURVE('',#2382,#2383,#241,.T.);
#1801=EDGE_CURVE('',#2383,#2384,#2687,.T.);
#1802=EDGE_CURVE('',#2384,#2385,#242,.F.);
#1803=EDGE_CURVE('',#2385,#2386,#243,.T.);
#1804=EDGE_CURVE('',#2386,#2387,#2688,.T.);
#1805=EDGE_CURVE('',#2387,#2388,#244,.F.);
#1806=EDGE_CURVE('',#2388,#2389,#2689,.T.);
#1807=EDGE_CURVE('',#2389,#2390,#245,.F.);
#1808=EDGE_CURVE('',#2390,#2391,#2690,.T.);
#1809=EDGE_CURVE('',#2391,#2392,#246,.T.);
#1810=EDGE_CURVE('',#2392,#2393,#247,.F.);
#1811=EDGE_CURVE('',#2393,#2394,#2691,.T.);
#1812=EDGE_CURVE('',#2394,#2395,#248,.T.);
#1813=EDGE_CURVE('',#2395,#2396,#249,.F.);
#1814=EDGE_CURVE('',#2396,#2397,#250,.T.);
#1815=EDGE_CURVE('',#2397,#2367,#361,.T.);
#1816=EDGE_CURVE('',#2398,#2399,#251,.T.);
#1817=EDGE_CURVE('',#2399,#2400,#2692,.T.);
#1818=EDGE_CURVE('',#2400,#2401,#252,.T.);
#1819=EDGE_CURVE('',#2401,#2402,#2693,.T.);
#1820=EDGE_CURVE('',#2402,#2403,#253,.T.);
#1821=EDGE_CURVE('',#2404,#2403,#2694,.T.);
#1822=EDGE_CURVE('',#2404,#2405,#254,.T.);
#1823=EDGE_CURVE('',#2398,#2405,#2695,.T.);
#1824=EDGE_CURVE('',#2406,#2407,#255,.T.);
#1825=EDGE_CURVE('',#2407,#2408,#362,.T.);
#1826=EDGE_CURVE('',#2409,#2408,#2696,.T.);
#1827=EDGE_CURVE('',#2410,#2409,#256,.T.);
#1828=EDGE_CURVE('',#2411,#2410,#2697,.T.);
#1829=EDGE_CURVE('',#2411,#2412,#363,.T.);
#1830=EDGE_CURVE('',#2412,#2413,#257,.T.);
#1831=EDGE_CURVE('',#2413,#2414,#2698,.T.);
#1832=EDGE_CURVE('',#2414,#2415,#2699,.T.);
#1833=EDGE_CURVE('',#2415,#2416,#258,.T.);
#1834=EDGE_CURVE('',#2416,#2286,#2700,.T.);
#1835=EDGE_CURVE('',#2278,#2417,#259,.T.);
#1836=EDGE_CURVE('',#2418,#2417,#2701,.T.);
#1837=EDGE_CURVE('',#2419,#2418,#260,.T.);
#1838=EDGE_CURVE('',#2420,#2419,#2702,.T.);
#1839=EDGE_CURVE('',#2420,#2306,#261,.T.);
#1840=EDGE_CURVE('',#2307,#2421,#2703,.T.);
#1841=EDGE_CURVE('',#2421,#2422,#2704,.T.);
#1842=EDGE_CURVE('',#2422,#2423,#262,.T.);
#1843=EDGE_CURVE('',#2423,#2424,#2705,.T.);
#1844=EDGE_CURVE('',#2266,#2424,#2706,.T.);
#1845=EDGE_CURVE('',#2269,#2425,#263,.T.);
#1846=EDGE_CURVE('',#2426,#2425,#2707,.T.);
#1847=EDGE_CURVE('',#2427,#2426,#264,.T.);
#1848=EDGE_CURVE('',#2428,#2427,#2708,.T.);
#1849=EDGE_CURVE('',#2428,#2305,#265,.T.);
#1850=EDGE_CURVE('',#2304,#2429,#2709,.T.);
#1851=EDGE_CURVE('',#2429,#2430,#2710,.T.);
#1852=EDGE_CURVE('',#2430,#2431,#266,.T.);
#1853=EDGE_CURVE('',#2431,#2432,#2711,.T.);
#1854=EDGE_CURVE('',#2261,#2432,#2712,.T.);
#1855=EDGE_CURVE('',#2264,#2433,#267,.T.);
#1856=EDGE_CURVE('',#2434,#2433,#2713,.T.);
#1857=EDGE_CURVE('',#2435,#2434,#268,.T.);
#1858=EDGE_CURVE('',#2436,#2435,#2714,.T.);
#1859=EDGE_CURVE('',#2436,#2300,#269,.T.);
#1860=EDGE_CURVE('',#2299,#2437,#2715,.T.);
#1861=EDGE_CURVE('',#2437,#2438,#2716,.T.);
#1862=EDGE_CURVE('',#2438,#2439,#270,.T.);
#1863=EDGE_CURVE('',#2439,#2440,#2717,.T.);
#1864=EDGE_CURVE('',#2406,#2440,#2718,.T.);
#1865=EDGE_CURVE('',#2441,#2441,#271,.T.);
#1866=EDGE_CURVE('',#2442,#2443,#2719,.F.);
#1867=EDGE_CURVE('',#2443,#2444,#364,.T.);
#1868=EDGE_CURVE('',#2444,#2260,#365,.T.);
#1869=EDGE_CURVE('',#2432,#2445,#2720,.T.);
#1870=EDGE_CURVE('',#2445,#2442,#2721,.T.);
#1871=EDGE_CURVE('',#2298,#2446,#366,.T.);
#1872=EDGE_CURVE('',#2446,#2447,#367,.T.);
#1873=EDGE_CURVE('',#2447,#2448,#2722,.F.);
#1874=EDGE_CURVE('',#2448,#2449,#2723,.T.);
#1875=EDGE_CURVE('',#2437,#2449,#2724,.T.);
#1876=EDGE_CURVE('',#2303,#2450,#368,.T.);
#1877=EDGE_CURVE('',#2450,#2451,#369,.T.);
#1878=EDGE_CURVE('',#2451,#2452,#2725,.F.);
#1879=EDGE_CURVE('',#2452,#2453,#2726,.T.);
#1880=EDGE_CURVE('',#2429,#2453,#2727,.T.);
#1881=EDGE_CURVE('',#2454,#2455,#2728,.F.);
#1882=EDGE_CURVE('',#2455,#2456,#370,.T.);
#1883=EDGE_CURVE('',#2456,#2265,#371,.T.);
#1884=EDGE_CURVE('',#2424,#2457,#2729,.T.);
#1885=EDGE_CURVE('',#2457,#2454,#2730,.T.);
#1886=EDGE_CURVE('',#2458,#2459,#2731,.F.);
#1887=EDGE_CURVE('',#2459,#2460,#2732,.T.);
#1888=EDGE_CURVE('',#2421,#2460,#2733,.T.);
#1889=EDGE_CURVE('',#2310,#2461,#2734,.F.);
#1890=EDGE_CURVE('',#2461,#2462,#2735,.F.);
#1891=EDGE_CURVE('',#2462,#2458,#2736,.T.);
#1892=EDGE_CURVE('',#2327,#2463,#372,.T.);
#1893=EDGE_CURVE('',#2463,#2415,#2737,.T.);
#1894=EDGE_CURVE('',#2414,#2272,#2738,.F.);
#1895=EDGE_CURVE('',#2270,#2464,#2739,.T.);
#1896=EDGE_CURVE('',#2465,#2464,#373,.F.);
#1897=EDGE_CURVE('',#2465,#2328,#374,.T.);
#1898=EDGE_CURVE('',#2439,#2466,#2740,.F.);
#1899=EDGE_CURVE('',#2466,#2348,#375,.T.);
#1900=EDGE_CURVE('',#2273,#2467,#376,.F.);
#1901=EDGE_CURVE('',#2468,#2467,#2741,.T.);
#1902=EDGE_CURVE('',#2468,#2469,#377,.T.);
#1903=EDGE_CURVE('',#2469,#2440,#2742,.T.);
#1904=EDGE_CURVE('',#2416,#2470,#2743,.F.);
#1905=EDGE_CURVE('',#2470,#2326,#378,.T.);
#1906=EDGE_CURVE('',#2325,#2471,#379,.T.);
#1907=EDGE_CURVE('',#2471,#2472,#380,.T.);
#1908=EDGE_CURVE('',#2472,#2287,#2744,.F.);
#1909=EDGE_CURVE('',#2341,#2473,#381,.T.);
#1910=EDGE_CURVE('',#2473,#2422,#2745,.T.);
#1911=EDGE_CURVE('',#2460,#2474,#2746,.T.);
#1912=EDGE_CURVE('',#2474,#2475,#382,.T.);
#1913=EDGE_CURVE('',#2475,#2342,#383,.T.);
#1914=EDGE_CURVE('',#2423,#2476,#2747,.F.);
#1915=EDGE_CURVE('',#2476,#2340,#384,.T.);
#1916=EDGE_CURVE('',#2339,#2477,#385,.T.);
#1917=EDGE_CURVE('',#2477,#2478,#386,.T.);
#1918=EDGE_CURVE('',#2478,#2457,#2748,.F.);
#1919=EDGE_CURVE('',#2357,#2479,#387,.T.);
#1920=EDGE_CURVE('',#2479,#2430,#2749,.T.);
#1921=EDGE_CURVE('',#2453,#2480,#2750,.T.);
#1922=EDGE_CURVE('',#2480,#2481,#388,.T.);
#1923=EDGE_CURVE('',#2481,#2358,#389,.T.);
#1924=EDGE_CURVE('',#2431,#2482,#2751,.F.);
#1925=EDGE_CURVE('',#2482,#2356,#390,.T.);
#1926=EDGE_CURVE('',#2355,#2483,#391,.T.);
#1927=EDGE_CURVE('',#2483,#2484,#392,.T.);
#1928=EDGE_CURVE('',#2484,#2445,#2752,.F.);
#1929=EDGE_CURVE('',#2349,#2485,#393,.T.);
#1930=EDGE_CURVE('',#2485,#2438,#2753,.T.);
#1931=EDGE_CURVE('',#2449,#2486,#2754,.T.);
#1932=EDGE_CURVE('',#2486,#2487,#394,.T.);
#1933=EDGE_CURVE('',#2487,#2350,#395,.T.);
#1934=EDGE_CURVE('',#2488,#2489,#396,.T.);
#1935=EDGE_CURVE('',#2489,#2366,#397,.T.);
#1936=EDGE_CURVE('',#2367,#2490,#398,.T.);
#1937=EDGE_CURVE('',#2490,#2491,#399,.T.);
#1938=EDGE_CURVE('',#2491,#2492,#400,.T.);
#1939=EDGE_CURVE('',#2492,#2493,#401,.T.);
#1940=EDGE_CURVE('',#2493,#2488,#402,.T.);
#1941=EDGE_CURVE('',#2494,#2495,#403,.T.);
#1942=EDGE_CURVE('',#2495,#2373,#404,.T.);
#1943=EDGE_CURVE('',#2372,#2496,#405,.T.);
#1944=EDGE_CURVE('',#2496,#2497,#406,.T.);
#1945=EDGE_CURVE('',#2497,#2498,#407,.T.);
#1946=EDGE_CURVE('',#2498,#2499,#408,.T.);
#1947=EDGE_CURVE('',#2499,#2494,#409,.T.);
#1948=EDGE_CURVE('',#2500,#2501,#2755,.F.);
#1949=EDGE_CURVE('',#2501,#2502,#2756,.T.);
#1950=EDGE_CURVE('',#2502,#2503,#2757,.T.);
#1951=EDGE_CURVE('',#2503,#2500,#2758,.T.);
#1952=EDGE_CURVE('',#2504,#2505,#2759,.F.);
#1953=EDGE_CURVE('',#2505,#2506,#2760,.T.);
#1954=EDGE_CURVE('',#2506,#2507,#2761,.T.);
#1955=EDGE_CURVE('',#2507,#2504,#2762,.T.);
#1956=EDGE_CURVE('',#2508,#2509,#2763,.T.);
#1957=EDGE_CURVE('',#2508,#2510,#2764,.T.);
#1958=EDGE_CURVE('',#2510,#2511,#2765,.T.);
#1959=EDGE_CURVE('',#2511,#2509,#2766,.T.);
#1960=EDGE_CURVE('',#2512,#2513,#2767,.T.);
#1961=EDGE_CURVE('',#2512,#2514,#272,.T.);
#1962=EDGE_CURVE('',#2514,#2515,#2768,.T.);
#1963=EDGE_CURVE('',#2513,#2515,#273,.T.);
#1964=EDGE_CURVE('',#2516,#2517,#2769,.T.);
#1965=EDGE_CURVE('',#2517,#2518,#410,.T.);
#1966=EDGE_CURVE('',#2518,#2519,#274,.F.);
#1967=EDGE_CURVE('',#2519,#2520,#2770,.T.);
#1968=EDGE_CURVE('',#2520,#2468,#275,.F.);
#1969=EDGE_CURVE('',#2467,#2521,#276,.F.);
#1970=EDGE_CURVE('',#2521,#2522,#2771,.T.);
#1971=EDGE_CURVE('',#2522,#2523,#277,.T.);
#1972=EDGE_CURVE('',#2523,#2524,#278,.F.);
#1973=EDGE_CURVE('',#2524,#2525,#2772,.T.);
#1974=EDGE_CURVE('',#2525,#2526,#279,.T.);
#1975=EDGE_CURVE('',#2526,#2527,#2773,.T.);
#1976=EDGE_CURVE('',#2527,#2528,#280,.T.);
#1977=EDGE_CURVE('',#2528,#2529,#2774,.T.);
#1978=EDGE_CURVE('',#2530,#2529,#281,.T.);
#1979=EDGE_CURVE('',#2530,#2531,#2775,.T.);
#1980=EDGE_CURVE('',#2531,#2532,#282,.T.);
#1981=EDGE_CURVE('',#2532,#2533,#2776,.T.);
#1982=EDGE_CURVE('',#2533,#2534,#283,.T.);
#1983=EDGE_CURVE('',#2534,#2535,#2777,.T.);
#1984=EDGE_CURVE('',#2535,#2536,#284,.F.);
#1985=EDGE_CURVE('',#2536,#2537,#285,.T.);
#1986=EDGE_CURVE('',#2537,#2538,#2778,.T.);
#1987=EDGE_CURVE('',#2538,#2464,#286,.F.);
#1988=EDGE_CURVE('',#2271,#2539,#2779,.T.);
#1989=EDGE_CURVE('',#2539,#2540,#287,.F.);
#1990=EDGE_CURVE('',#2540,#2541,#411,.T.);
#1991=EDGE_CURVE('',#2541,#2542,#2780,.T.);
#1992=EDGE_CURVE('',#2542,#2516,#288,.T.);
#1993=EDGE_CURVE('',#2543,#2544,#289,.T.);
#1994=EDGE_CURVE('',#2543,#2545,#2781,.T.);
#1995=EDGE_CURVE('',#2546,#2545,#290,.T.);
#1996=EDGE_CURVE('',#2546,#2547,#2782,.T.);
#1997=EDGE_CURVE('',#2548,#2547,#291,.T.);
#1998=EDGE_CURVE('',#2549,#2548,#2783,.T.);
#1999=EDGE_CURVE('',#2550,#2549,#292,.T.);
#2000=EDGE_CURVE('',#2544,#2550,#2784,.T.);
#2001=EDGE_CURVE('',#2543,#2398,#2785,.T.);
#2002=EDGE_CURVE('',#2545,#2405,#2786,.T.);
#2003=EDGE_CURVE('',#2546,#2404,#2787,.T.);
#2004=EDGE_CURVE('',#2547,#2403,#2788,.T.);
#2005=EDGE_CURVE('',#2548,#2402,#2789,.T.);
#2006=EDGE_CURVE('',#2549,#2401,#2790,.T.);
#2007=EDGE_CURVE('',#2551,#2552,#2791,.F.);
#2008=EDGE_CURVE('',#2552,#2508,#293,.F.);
#2009=EDGE_CURVE('',#2509,#2551,#294,.T.);
#2010=EDGE_CURVE('',#2553,#2554,#2792,.F.);
#2011=EDGE_CURVE('',#2554,#2555,#2793,.T.);
#2012=EDGE_CURVE('',#2555,#2556,#2794,.T.);
#2013=EDGE_CURVE('',#2556,#2553,#2795,.T.);
#2014=EDGE_CURVE('',#2557,#2558,#2796,.T.);
#2015=EDGE_CURVE('',#2558,#2559,#2797,.T.);
#2016=EDGE_CURVE('',#2559,#2560,#2798,.T.);
#2017=EDGE_CURVE('',#2560,#2557,#2799,.T.);
#2018=EDGE_CURVE('',#2506,#2561,#295,.F.);
#2019=EDGE_CURVE('',#2561,#2562,#2800,.T.);
#2020=EDGE_CURVE('',#2562,#2507,#296,.T.);
#2021=EDGE_CURVE('',#2550,#2400,#2801,.T.);
#2022=EDGE_CURVE('',#2544,#2399,#2802,.T.);
#2023=EDGE_CURVE('',#2563,#2513,#2803,.T.);
#2024=EDGE_CURVE('',#2564,#2563,#2804,.T.);
#2025=EDGE_CURVE('',#2564,#2512,#2805,.T.);
#2026=EDGE_CURVE('',#2565,#2515,#2806,.T.);
#2027=EDGE_CURVE('',#2563,#2565,#297,.T.);
#2028=EDGE_CURVE('',#2566,#2514,#2807,.T.);
#2029=EDGE_CURVE('',#2566,#2565,#2808,.T.);
#2030=EDGE_CURVE('',#2564,#2566,#298,.T.);
#2031=EDGE_CURVE('',#2567,#2568,#2809,.T.);
#2032=EDGE_CURVE('',#2568,#2530,#128,.F.);
#2033=EDGE_CURVE('',#2529,#2569,#129,.T.);
#2034=EDGE_CURVE('',#2570,#2569,#2810,.T.);
#2035=EDGE_CURVE('',#2567,#2570,#299,.T.);
#2036=EDGE_CURVE('',#2569,#2571,#2811,.T.);
#2037=EDGE_CURVE('',#2571,#2572,#2812,.F.);
#2038=EDGE_CURVE('',#2570,#2572,#2813,.T.);
#2039=EDGE_CURVE('',#2573,#2574,#2814,.T.);
#2040=EDGE_CURVE('',#2574,#2568,#2815,.T.);
#2041=EDGE_CURVE('',#2567,#2573,#2816,.T.);
#2042=EDGE_CURVE('',#2572,#2315,#300,.F.);
#2043=EDGE_CURVE('',#2314,#2573,#301,.F.);
#2044=EDGE_CURVE('',#2503,#2575,#2817,.F.);
#2045=EDGE_CURVE('',#2575,#2576,#130,.T.);
#2046=EDGE_CURVE('',#2576,#2500,#2818,.F.);
#2047=EDGE_CURVE('',#2577,#2418,#2819,.T.);
#2048=EDGE_CURVE('',#2578,#2577,#302,.T.);
#2049=EDGE_CURVE('',#2578,#2419,#2820,.T.);
#2050=EDGE_CURVE('',#2417,#2579,#2821,.T.);
#2051=EDGE_CURVE('',#2577,#2579,#2822,.T.);
#2052=EDGE_CURVE('',#2580,#2578,#2823,.T.);
#2053=EDGE_CURVE('',#2580,#2420,#2824,.F.);
#2054=EDGE_CURVE('',#2277,#2309,#412,.T.);
#2055=EDGE_CURVE('',#2308,#2580,#303,.F.);
#2056=EDGE_CURVE('',#2579,#2276,#304,.F.);
#2057=EDGE_CURVE('',#2581,#2582,#2825,.T.);
#2058=EDGE_CURVE('',#2581,#2428,#2826,.F.);
#2059=EDGE_CURVE('',#2582,#2427,#2827,.T.);
#2060=EDGE_CURVE('',#2583,#2426,#2828,.T.);
#2061=EDGE_CURVE('',#2582,#2583,#305,.T.);
#2062=EDGE_CURVE('',#2425,#2584,#2829,.T.);
#2063=EDGE_CURVE('',#2583,#2584,#2830,.T.);
#2064=EDGE_CURVE('',#2267,#2301,#413,.T.);
#2065=EDGE_CURVE('',#2302,#2581,#306,.F.);
#2066=EDGE_CURVE('',#2584,#2268,#307,.F.);
#2067=EDGE_CURVE('',#2585,#2434,#2831,.T.);
#2068=EDGE_CURVE('',#2586,#2585,#308,.T.);
#2069=EDGE_CURVE('',#2586,#2435,#2832,.T.);
#2070=EDGE_CURVE('',#2433,#2587,#2833,.T.);
#2071=EDGE_CURVE('',#2585,#2587,#2834,.T.);
#2072=EDGE_CURVE('',#2588,#2586,#2835,.T.);
#2073=EDGE_CURVE('',#2588,#2436,#2836,.F.);
#2074=EDGE_CURVE('',#2262,#2296,#414,.T.);
#2075=EDGE_CURVE('',#2297,#2588,#309,.F.);
#2076=EDGE_CURVE('',#2587,#2263,#310,.F.);
#2077=EDGE_CURVE('',#2541,#2411,#415,.T.);
#2078=EDGE_CURVE('',#2542,#2410,#2837,.T.);
#2079=EDGE_CURVE('',#2516,#2409,#2838,.T.);
#2080=EDGE_CURVE('',#2408,#2517,#416,.T.);
#2081=EDGE_CURVE('',#2589,#2290,#2839,.T.);
#2082=EDGE_CURVE('',#2589,#2363,#2840,.T.);
#2083=EDGE_CURVE('',#2589,#2284,#2841,.T.);
#2084=EDGE_CURVE('',#2334,#2285,#2842,.T.);
#2085=EDGE_CURVE('',#2289,#2323,#311,.T.);
#2086=EDGE_CURVE('',#2502,#2462,#312,.T.);
#2087=EDGE_CURVE('',#2503,#2461,#131,.F.);
#2088=EDGE_CURVE('',#2575,#2310,#313,.T.);
#2089=EDGE_CURVE('',#2294,#2501,#314,.T.);
#2090=EDGE_CURVE('',#2295,#2500,#132,.F.);
#2091=EDGE_CURVE('',#2576,#2280,#315,.T.);
#2092=EDGE_CURVE('',#2313,#2574,#316,.F.);
#2093=EDGE_CURVE('',#2571,#2316,#317,.F.);
#2094=EDGE_CURVE('',#2590,#2591,#417,.T.);
#2095=EDGE_CURVE('',#2591,#2360,#418,.T.);
#2096=EDGE_CURVE('',#2359,#2452,#318,.T.);
#2097=EDGE_CURVE('',#2451,#2590,#419,.T.);
#2098=EDGE_CURVE('',#2337,#2592,#420,.T.);
#2099=EDGE_CURVE('',#2592,#2593,#421,.T.);
#2100=EDGE_CURVE('',#2593,#2455,#422,.T.);
#2101=EDGE_CURVE('',#2454,#2338,#319,.T.);
#2102=EDGE_CURVE('',#2343,#2459,#320,.T.);
#2103=EDGE_CURVE('',#2458,#2335,#321,.F.);
#2104=EDGE_CURVE('',#2331,#2293,#322,.F.);
#2105=EDGE_CURVE('',#2288,#2324,#323,.T.);
#2106=EDGE_CURVE('',#2353,#2594,#423,.T.);
#2107=EDGE_CURVE('',#2594,#2595,#424,.T.);
#2108=EDGE_CURVE('',#2595,#2443,#425,.T.);
#2109=EDGE_CURVE('',#2442,#2354,#324,.T.);
#2110=EDGE_CURVE('',#2596,#2597,#426,.T.);
#2111=EDGE_CURVE('',#2597,#2345,#427,.T.);
#2112=EDGE_CURVE('',#2344,#2448,#325,.T.);
#2113=EDGE_CURVE('',#2447,#2596,#428,.T.);
#2114=EDGE_CURVE('',#2510,#2274,#326,.T.);
#2115=EDGE_CURVE('',#2347,#2511,#327,.F.);
#2116=EDGE_CURVE('',#2329,#2505,#328,.T.);
#2117=EDGE_CURVE('',#2504,#2330,#329,.F.);
#2118=EDGE_CURVE('',#2561,#2558,#330,.T.);
#2119=EDGE_CURVE('',#2557,#2562,#331,.F.);
#2120=EDGE_CURVE('',#2555,#2552,#332,.T.);
#2121=EDGE_CURVE('',#2551,#2556,#333,.F.);
#2122=EDGE_CURVE('',#2559,#2312,#334,.F.);
#2123=EDGE_CURVE('',#2311,#2560,#335,.T.);
#2124=EDGE_CURVE('',#2317,#2554,#336,.F.);
#2125=EDGE_CURVE('',#2553,#2318,#337,.T.);
#2126=EDGE_CURVE('',#2531,#2574,#2843,.T.);
#2127=EDGE_CURVE('',#2532,#2313,#2844,.T.);
#2128=EDGE_CURVE('',#2533,#2312,#2845,.T.);
#2129=EDGE_CURVE('',#2534,#2559,#2846,.T.);
#2130=EDGE_CURVE('',#2535,#2558,#2847,.T.);
#2131=EDGE_CURVE('',#2536,#2561,#2848,.T.);
#2132=EDGE_CURVE('',#2537,#2506,#2849,.T.);
#2133=EDGE_CURVE('',#2538,#2505,#2850,.T.);
#2134=EDGE_CURVE('',#2329,#2465,#429,.T.);
#2135=EDGE_CURVE('',#2521,#2510,#2851,.T.);
#2136=EDGE_CURVE('',#2522,#2508,#2852,.T.);
#2137=EDGE_CURVE('',#2523,#2552,#2853,.T.);
#2138=EDGE_CURVE('',#2524,#2555,#2854,.T.);
#2139=EDGE_CURVE('',#2525,#2554,#2855,.T.);
#2140=EDGE_CURVE('',#2526,#2317,#2856,.T.);
#2141=EDGE_CURVE('',#2527,#2316,#2857,.T.);
#2142=EDGE_CURVE('',#2528,#2571,#2858,.T.);
#2143=EDGE_CURVE('',#2598,#2493,#430,.F.);
#2144=EDGE_CURVE('',#2598,#2599,#431,.T.);
#2145=EDGE_CURVE('',#2599,#2600,#432,.T.);
#2146=EDGE_CURVE('',#2488,#2600,#433,.F.);
#2147=EDGE_CURVE('',#2601,#2602,#434,.T.);
#2148=EDGE_CURVE('',#2602,#2598,#435,.T.);
#2149=EDGE_CURVE('',#2603,#2492,#436,.F.);
#2150=EDGE_CURVE('',#2603,#2601,#437,.T.);
#2151=EDGE_CURVE('',#2604,#2605,#438,.T.);
#2152=EDGE_CURVE('',#2605,#2489,#439,.T.);
#2153=EDGE_CURVE('',#2600,#2604,#440,.T.);
#2154=EDGE_CURVE('',#2606,#2607,#441,.T.);
#2155=EDGE_CURVE('',#2607,#2603,#442,.T.);
#2156=EDGE_CURVE('',#2606,#2491,#443,.F.);
#2157=EDGE_CURVE('',#2368,#2608,#444,.T.);
#2158=EDGE_CURVE('',#2608,#2609,#445,.T.);
#2159=EDGE_CURVE('',#2369,#2609,#2859,.T.);
#2160=EDGE_CURVE('',#2610,#2611,#446,.T.);
#2161=EDGE_CURVE('',#2611,#2606,#447,.T.);
#2162=EDGE_CURVE('',#2490,#2610,#448,.T.);
#2163=EDGE_CURVE('',#2609,#2352,#449,.F.);
#2164=EDGE_CURVE('',#2351,#2612,#450,.T.);
#2165=EDGE_CURVE('',#2370,#2612,#2860,.T.);
#2166=EDGE_CURVE('',#2613,#2396,#2861,.T.);
#2167=EDGE_CURVE('',#2613,#2614,#451,.T.);
#2168=EDGE_CURVE('',#2614,#2397,#452,.T.);
#2169=EDGE_CURVE('',#2612,#2615,#453,.T.);
#2170=EDGE_CURVE('',#2615,#2371,#454,.T.);
#2171=EDGE_CURVE('',#2346,#2613,#455,.T.);
#2172=EDGE_CURVE('',#2347,#2395,#2862,.T.);
#2173=EDGE_CURVE('',#2496,#2616,#456,.T.);
#2174=EDGE_CURVE('',#2616,#2617,#457,.T.);
#2175=EDGE_CURVE('',#2617,#2618,#458,.T.);
#2176=EDGE_CURVE('',#2497,#2618,#459,.F.);
#2177=EDGE_CURVE('',#2511,#2394,#2863,.T.);
#2178=EDGE_CURVE('',#2618,#2619,#460,.T.);
#2179=EDGE_CURVE('',#2619,#2620,#461,.T.);
#2180=EDGE_CURVE('',#2498,#2620,#462,.F.);
#2181=EDGE_CURVE('',#2509,#2393,#2864,.T.);
#2182=EDGE_CURVE('',#2620,#2621,#463,.T.);
#2183=EDGE_CURVE('',#2621,#2622,#464,.T.);
#2184=EDGE_CURVE('',#2622,#2623,#465,.T.);
#2185=EDGE_CURVE('',#2499,#2623,#466,.F.);
#2186=EDGE_CURVE('',#2551,#2392,#2865,.T.);
#2187=EDGE_CURVE('',#2623,#2624,#467,.T.);
#2188=EDGE_CURVE('',#2624,#2625,#468,.T.);
#2189=EDGE_CURVE('',#2494,#2625,#469,.F.);
#2190=EDGE_CURVE('',#2556,#2391,#2866,.T.);
#2191=EDGE_CURVE('',#2626,#2627,#470,.T.);
#2192=EDGE_CURVE('',#2627,#2495,#471,.T.);
#2193=EDGE_CURVE('',#2625,#2626,#472,.T.);
#2194=EDGE_CURVE('',#2553,#2390,#2867,.T.);
#2195=EDGE_CURVE('',#2374,#2628,#473,.T.);
#2196=EDGE_CURVE('',#2628,#2629,#474,.T.);
#2197=EDGE_CURVE('',#2375,#2629,#2868,.T.);
#2198=EDGE_CURVE('',#2318,#2389,#2869,.T.);
#2199=EDGE_CURVE('',#2629,#2336,#475,.F.);
#2200=EDGE_CURVE('',#2376,#2335,#2870,.T.);
#2201=EDGE_CURVE('',#2311,#2388,#2871,.T.);
#2202=EDGE_CURVE('',#2377,#2458,#2872,.T.);
#2203=EDGE_CURVE('',#2560,#2387,#2873,.T.);
#2204=EDGE_CURVE('',#2378,#2462,#2874,.T.);
#2205=EDGE_CURVE('',#2557,#2386,#2875,.T.);
#2206=EDGE_CURVE('',#2378,#2502,#2876,.T.);
#2207=EDGE_CURVE('',#2562,#2385,#2877,.T.);
#2208=EDGE_CURVE('',#2379,#2501,#2878,.T.);
#2209=EDGE_CURVE('',#2507,#2384,#2879,.T.);
#2210=EDGE_CURVE('',#2379,#2294,#2880,.T.);
#2211=EDGE_CURVE('',#2504,#2383,#2881,.T.);
#2212=EDGE_CURVE('',#2380,#2293,#2882,.T.);
#2213=EDGE_CURVE('',#2330,#2382,#2883,.T.);
#2214=EDGE_CURVE('',#2381,#2331,#2884,.T.);
#2215=EDGE_CURVE('',#2466,#2485,#476,.T.);
#2216=EDGE_CURVE('',#2482,#2479,#477,.T.);
#2217=EDGE_CURVE('',#2476,#2473,#478,.T.);
#2218=EDGE_CURVE('',#2470,#2463,#479,.T.);
#2219=EDGE_CURVE('',#2483,#2354,#2885,.T.);
#2220=EDGE_CURVE('',#2484,#2442,#2886,.T.);
#2221=EDGE_CURVE('',#2486,#2448,#2887,.T.);
#2222=EDGE_CURVE('',#2487,#2344,#2888,.T.);
#2223=EDGE_CURVE('',#2477,#2338,#2889,.T.);
#2224=EDGE_CURVE('',#2478,#2454,#2890,.T.);
#2225=EDGE_CURVE('',#2480,#2452,#2891,.T.);
#2226=EDGE_CURVE('',#2481,#2359,#2892,.T.);
#2227=EDGE_CURVE('',#2474,#2459,#2893,.T.);
#2228=EDGE_CURVE('',#2475,#2343,#2894,.T.);
#2229=EDGE_CURVE('',#2471,#2324,#2895,.T.);
#2230=EDGE_CURVE('',#2472,#2288,#2896,.T.);
#2231=EDGE_CURVE('',#2518,#2407,#480,.T.);
#2232=EDGE_CURVE('',#2519,#2406,#2897,.T.);
#2233=EDGE_CURVE('',#2469,#2520,#481,.F.);
#2234=EDGE_CURVE('',#2412,#2540,#482,.T.);
#2235=EDGE_CURVE('',#2413,#2539,#2898,.T.);
#2236=EDGE_CURVE('',#2610,#2614,#483,.T.);
#2237=EDGE_CURVE('',#2611,#2597,#484,.F.);
#2238=EDGE_CURVE('',#2606,#2596,#485,.F.);
#2239=EDGE_CURVE('',#2607,#2447,#338,.T.);
#2240=EDGE_CURVE('',#2603,#2446,#486,.F.);
#2241=EDGE_CURVE('',#2601,#2298,#339,.T.);
#2242=EDGE_CURVE('',#2602,#2260,#340,.T.);
#2243=EDGE_CURVE('',#2598,#2444,#487,.F.);
#2244=EDGE_CURVE('',#2599,#2443,#341,.T.);
#2245=EDGE_CURVE('',#2600,#2595,#488,.F.);
#2246=EDGE_CURVE('',#2604,#2594,#489,.F.);
#2247=EDGE_CURVE('',#2605,#2608,#490,.T.);
#2248=EDGE_CURVE('',#2616,#2615,#491,.T.);
#2249=EDGE_CURVE('',#2617,#2591,#492,.F.);
#2250=EDGE_CURVE('',#2618,#2590,#493,.F.);
#2251=EDGE_CURVE('',#2619,#2451,#342,.T.);
#2252=EDGE_CURVE('',#2620,#2450,#494,.F.);
#2253=EDGE_CURVE('',#2621,#2303,#343,.T.);
#2254=EDGE_CURVE('',#2622,#2265,#344,.T.);
#2255=EDGE_CURVE('',#2623,#2456,#495,.F.);
#2256=EDGE_CURVE('',#2624,#2455,#345,.T.);
#2257=EDGE_CURVE('',#2625,#2593,#496,.F.);
#2258=EDGE_CURVE('',#2626,#2592,#497,.F.);
#2259=EDGE_CURVE('',#2627,#2628,#498,.T.);
#2260=VERTEX_POINT('',#5280);
#2261=VERTEX_POINT('',#5281);
#2262=VERTEX_POINT('',#5289);
#2263=VERTEX_POINT('',#5291);
#2264=VERTEX_POINT('',#5293);
#2265=VERTEX_POINT('',#5297);
#2266=VERTEX_POINT('',#5298);
#2267=VERTEX_POINT('',#5306);
#2268=VERTEX_POINT('',#5308);
#2269=VERTEX_POINT('',#5310);
#2270=VERTEX_POINT('',#5314);
#2271=VERTEX_POINT('',#5315);
#2272=VERTEX_POINT('',#5320);
#2273=VERTEX_POINT('',#5330);
#2274=VERTEX_POINT('',#5331);
#2275=VERTEX_POINT('',#5336);
#2276=VERTEX_POINT('',#5340);
#2277=VERTEX_POINT('',#5341);
#2278=VERTEX_POINT('',#5343);
#2279=VERTEX_POINT('',#5345);
#2280=VERTEX_POINT('',#5347);
#2281=VERTEX_POINT('',#5351);
#2282=VERTEX_POINT('',#5353);
#2283=VERTEX_POINT('',#5354);
#2284=VERTEX_POINT('',#5356);
#2285=VERTEX_POINT('',#5358);
#2286=VERTEX_POINT('',#5362);
#2287=VERTEX_POINT('',#5363);
#2288=VERTEX_POINT('',#5365);
#2289=VERTEX_POINT('',#5367);
#2290=VERTEX_POINT('',#5369);
#2291=VERTEX_POINT('',#5371);
#2292=VERTEX_POINT('',#5373);
#2293=VERTEX_POINT('',#5375);
#2294=VERTEX_POINT('',#5377);
#2295=VERTEX_POINT('',#5379);
#2296=VERTEX_POINT('',#5384);
#2297=VERTEX_POINT('',#5385);
#2298=VERTEX_POINT('',#5392);
#2299=VERTEX_POINT('',#5394);
#2300=VERTEX_POINT('',#5396);
#2301=VERTEX_POINT('',#5400);
#2302=VERTEX_POINT('',#5401);
#2303=VERTEX_POINT('',#5408);
#2304=VERTEX_POINT('',#5410);
#2305=VERTEX_POINT('',#5412);
#2306=VERTEX_POINT('',#5416);
#2307=VERTEX_POINT('',#5417);
#2308=VERTEX_POINT('',#5419);
#2309=VERTEX_POINT('',#5421);
#2310=VERTEX_POINT('',#5423);
#2311=VERTEX_POINT('',#5427);
#2312=VERTEX_POINT('',#5428);
#2313=VERTEX_POINT('',#5430);
#2314=VERTEX_POINT('',#5432);
#2315=VERTEX_POINT('',#5434);
#2316=VERTEX_POINT('',#5436);
#2317=VERTEX_POINT('',#5438);
#2318=VERTEX_POINT('',#5440);
#2319=VERTEX_POINT('',#5444);
#2320=VERTEX_POINT('',#5446);
#2321=VERTEX_POINT('',#5449);
#2322=VERTEX_POINT('',#5451);
#2323=VERTEX_POINT('',#5454);
#2324=VERTEX_POINT('',#5455);
#2325=VERTEX_POINT('',#5457);
#2326=VERTEX_POINT('',#5459);
#2327=VERTEX_POINT('',#5461);
#2328=VERTEX_POINT('',#5463);
#2329=VERTEX_POINT('',#5465);
#2330=VERTEX_POINT('',#5467);
#2331=VERTEX_POINT('',#5469);
#2332=VERTEX_POINT('',#5471);
#2333=VERTEX_POINT('',#5473);
#2334=VERTEX_POINT('',#5475);
#2335=VERTEX_POINT('',#5479);
#2336=VERTEX_POINT('',#5480);
#2337=VERTEX_POINT('',#5485);
#2338=VERTEX_POINT('',#5487);
#2339=VERTEX_POINT('',#5489);
#2340=VERTEX_POINT('',#5491);
#2341=VERTEX_POINT('',#5493);
#2342=VERTEX_POINT('',#5495);
#2343=VERTEX_POINT('',#5497);
#2344=VERTEX_POINT('',#5501);
#2345=VERTEX_POINT('',#5502);
#2346=VERTEX_POINT('',#5507);
#2347=VERTEX_POINT('',#5509);
#2348=VERTEX_POINT('',#5512);
#2349=VERTEX_POINT('',#5514);
#2350=VERTEX_POINT('',#5516);
#2351=VERTEX_POINT('',#5520);
#2352=VERTEX_POINT('',#5521);
#2353=VERTEX_POINT('',#5526);
#2354=VERTEX_POINT('',#5528);
#2355=VERTEX_POINT('',#5530);
#2356=VERTEX_POINT('',#5532);
#2357=VERTEX_POINT('',#5534);
#2358=VERTEX_POINT('',#5536);
#2359=VERTEX_POINT('',#5538);
#2360=VERTEX_POINT('',#5540);
#2361=VERTEX_POINT('',#5547);
#2362=VERTEX_POINT('',#5549);
#2363=VERTEX_POINT('',#5554);
#2364=VERTEX_POINT('',#5557);
#2365=VERTEX_POINT('',#5560);
#2366=VERTEX_POINT('',#5562);
#2367=VERTEX_POINT('',#5563);
#2368=VERTEX_POINT('',#5568);
#2369=VERTEX_POINT('',#5570);
#2370=VERTEX_POINT('',#5572);
#2371=VERTEX_POINT('',#5574);
#2372=VERTEX_POINT('',#5579);
#2373=VERTEX_POINT('',#5581);
#2374=VERTEX_POINT('',#5586);
#2375=VERTEX_POINT('',#5588);
#2376=VERTEX_POINT('',#5590);
#2377=VERTEX_POINT('',#5592);
#2378=VERTEX_POINT('',#5594);
#2379=VERTEX_POINT('',#5596);
#2380=VERTEX_POINT('',#5598);
#2381=VERTEX_POINT('',#5600);
#2382=VERTEX_POINT('',#5602);
#2383=VERTEX_POINT('',#5604);
#2384=VERTEX_POINT('',#5606);
#2385=VERTEX_POINT('',#5608);
#2386=VERTEX_POINT('',#5610);
#2387=VERTEX_POINT('',#5612);
#2388=VERTEX_POINT('',#5614);
#2389=VERTEX_POINT('',#5616);
#2390=VERTEX_POINT('',#5618);
#2391=VERTEX_POINT('',#5620);
#2392=VERTEX_POINT('',#5622);
#2393=VERTEX_POINT('',#5624);
#2394=VERTEX_POINT('',#5626);
#2395=VERTEX_POINT('',#5628);
#2396=VERTEX_POINT('',#5630);
#2397=VERTEX_POINT('',#5632);
#2398=VERTEX_POINT('',#5638);
#2399=VERTEX_POINT('',#5639);
#2400=VERTEX_POINT('',#5641);
#2401=VERTEX_POINT('',#5643);
#2402=VERTEX_POINT('',#5645);
#2403=VERTEX_POINT('',#5647);
#2404=VERTEX_POINT('',#5649);
#2405=VERTEX_POINT('',#5651);
#2406=VERTEX_POINT('',#5655);
#2407=VERTEX_POINT('',#5656);
#2408=VERTEX_POINT('',#5664);
#2409=VERTEX_POINT('',#5666);
#2410=VERTEX_POINT('',#5668);
#2411=VERTEX_POINT('',#5670);
#2412=VERTEX_POINT('',#5678);
#2413=VERTEX_POINT('',#5680);
#2414=VERTEX_POINT('',#5682);
#2415=VERTEX_POINT('',#5684);
#2416=VERTEX_POINT('',#5686);
#2417=VERTEX_POINT('',#5689);
#2418=VERTEX_POINT('',#5691);
#2419=VERTEX_POINT('',#5693);
#2420=VERTEX_POINT('',#5695);
#2421=VERTEX_POINT('',#5698);
#2422=VERTEX_POINT('',#5700);
#2423=VERTEX_POINT('',#5702);
#2424=VERTEX_POINT('',#5704);
#2425=VERTEX_POINT('',#5707);
#2426=VERTEX_POINT('',#5709);
#2427=VERTEX_POINT('',#5711);
#2428=VERTEX_POINT('',#5713);
#2429=VERTEX_POINT('',#5716);
#2430=VERTEX_POINT('',#5718);
#2431=VERTEX_POINT('',#5720);
#2432=VERTEX_POINT('',#5722);
#2433=VERTEX_POINT('',#5725);
#2434=VERTEX_POINT('',#5727);
#2435=VERTEX_POINT('',#5729);
#2436=VERTEX_POINT('',#5731);
#2437=VERTEX_POINT('',#5734);
#2438=VERTEX_POINT('',#5736);
#2439=VERTEX_POINT('',#5738);
#2440=VERTEX_POINT('',#5740);
#2441=VERTEX_POINT('',#5744);
#2442=VERTEX_POINT('',#5748);
#2443=VERTEX_POINT('',#5749);
#2444=VERTEX_POINT('',#5754);
#2445=VERTEX_POINT('',#5760);
#2446=VERTEX_POINT('',#5767);
#2447=VERTEX_POINT('',#5772);
#2448=VERTEX_POINT('',#5774);
#2449=VERTEX_POINT('',#5776);
#2450=VERTEX_POINT('',#5783);
#2451=VERTEX_POINT('',#5788);
#2452=VERTEX_POINT('',#5790);
#2453=VERTEX_POINT('',#5792);
#2454=VERTEX_POINT('',#5796);
#2455=VERTEX_POINT('',#5797);
#2456=VERTEX_POINT('',#5802);
#2457=VERTEX_POINT('',#5808);
#2458=VERTEX_POINT('',#5812);
#2459=VERTEX_POINT('',#5813);
#2460=VERTEX_POINT('',#5815);
#2461=VERTEX_POINT('',#5818);
#2462=VERTEX_POINT('',#5820);
#2463=VERTEX_POINT('',#5828);
#2464=VERTEX_POINT('',#5832);
#2465=VERTEX_POINT('',#5837);
#2466=VERTEX_POINT('',#5844);
#2467=VERTEX_POINT('',#5853);
#2468=VERTEX_POINT('',#5855);
#2469=VERTEX_POINT('',#5860);
#2470=VERTEX_POINT('',#5864);
#2471=VERTEX_POINT('',#5873);
#2472=VERTEX_POINT('',#5880);
#2473=VERTEX_POINT('',#5888);
#2474=VERTEX_POINT('',#5891);
#2475=VERTEX_POINT('',#5898);
#2476=VERTEX_POINT('',#5905);
#2477=VERTEX_POINT('',#5914);
#2478=VERTEX_POINT('',#5921);
#2479=VERTEX_POINT('',#5929);
#2480=VERTEX_POINT('',#5932);
#2481=VERTEX_POINT('',#5939);
#2482=VERTEX_POINT('',#5946);
#2483=VERTEX_POINT('',#5955);
#2484=VERTEX_POINT('',#5962);
#2485=VERTEX_POINT('',#5970);
#2486=VERTEX_POINT('',#5973);
#2487=VERTEX_POINT('',#5980);
#2488=VERTEX_POINT('',#5992);
#2489=VERTEX_POINT('',#5993);
#2490=VERTEX_POINT('',#6002);
#2491=VERTEX_POINT('',#6009);
#2492=VERTEX_POINT('',#6014);
#2493=VERTEX_POINT('',#6036);
#2494=VERTEX_POINT('',#6048);
#2495=VERTEX_POINT('',#6049);
#2496=VERTEX_POINT('',#6058);
#2497=VERTEX_POINT('',#6065);
#2498=VERTEX_POINT('',#6070);
#2499=VERTEX_POINT('',#6092);
#2500=VERTEX_POINT('',#6099);
#2501=VERTEX_POINT('',#6100);
#2502=VERTEX_POINT('',#6102);
#2503=VERTEX_POINT('',#6104);
#2504=VERTEX_POINT('',#6108);
#2505=VERTEX_POINT('',#6109);
#2506=VERTEX_POINT('',#6111);
#2507=VERTEX_POINT('',#6113);
#2508=VERTEX_POINT('',#6117);
#2509=VERTEX_POINT('',#6118);
#2510=VERTEX_POINT('',#6120);
#2511=VERTEX_POINT('',#6122);
#2512=VERTEX_POINT('',#6126);
#2513=VERTEX_POINT('',#6127);
#2514=VERTEX_POINT('',#6129);
#2515=VERTEX_POINT('',#6131);
#2516=VERTEX_POINT('',#6134);
#2517=VERTEX_POINT('',#6135);
#2518=VERTEX_POINT('',#6143);
#2519=VERTEX_POINT('',#6145);
#2520=VERTEX_POINT('',#6147);
#2521=VERTEX_POINT('',#6150);
#2522=VERTEX_POINT('',#6152);
#2523=VERTEX_POINT('',#6154);
#2524=VERTEX_POINT('',#6156);
#2525=VERTEX_POINT('',#6158);
#2526=VERTEX_POINT('',#6160);
#2527=VERTEX_POINT('',#6162);
#2528=VERTEX_POINT('',#6164);
#2529=VERTEX_POINT('',#6166);
#2530=VERTEX_POINT('',#6168);
#2531=VERTEX_POINT('',#6170);
#2532=VERTEX_POINT('',#6172);
#2533=VERTEX_POINT('',#6174);
#2534=VERTEX_POINT('',#6176);
#2535=VERTEX_POINT('',#6178);
#2536=VERTEX_POINT('',#6180);
#2537=VERTEX_POINT('',#6182);
#2538=VERTEX_POINT('',#6184);
#2539=VERTEX_POINT('',#6187);
#2540=VERTEX_POINT('',#6189);
#2541=VERTEX_POINT('',#6197);
#2542=VERTEX_POINT('',#6199);
#2543=VERTEX_POINT('',#6202);
#2544=VERTEX_POINT('',#6203);
#2545=VERTEX_POINT('',#6205);
#2546=VERTEX_POINT('',#6207);
#2547=VERTEX_POINT('',#6209);
#2548=VERTEX_POINT('',#6211);
#2549=VERTEX_POINT('',#6213);
#2550=VERTEX_POINT('',#6215);
#2551=VERTEX_POINT('',#6230);
#2552=VERTEX_POINT('',#6231);
#2553=VERTEX_POINT('',#6236);
#2554=VERTEX_POINT('',#6237);
#2555=VERTEX_POINT('',#6239);
#2556=VERTEX_POINT('',#6241);
#2557=VERTEX_POINT('',#6245);
#2558=VERTEX_POINT('',#6246);
#2559=VERTEX_POINT('',#6248);
#2560=VERTEX_POINT('',#6250);
#2561=VERTEX_POINT('',#6254);
#2562=VERTEX_POINT('',#6256);
#2563=VERTEX_POINT('',#6265);
#2564=VERTEX_POINT('',#6267);
#2565=VERTEX_POINT('',#6271);
#2566=VERTEX_POINT('',#6275);
#2567=VERTEX_POINT('',#6282);
#2568=VERTEX_POINT('',#6283);
#2569=VERTEX_POINT('',#6286);
#2570=VERTEX_POINT('',#6288);
#2571=VERTEX_POINT('',#6292);
#2572=VERTEX_POINT('',#6294);
#2573=VERTEX_POINT('',#6298);
#2574=VERTEX_POINT('',#6299);
#2575=VERTEX_POINT('',#6307);
#2576=VERTEX_POINT('',#6309);
#2577=VERTEX_POINT('',#6313);
#2578=VERTEX_POINT('',#6315);
#2579=VERTEX_POINT('',#6319);
#2580=VERTEX_POINT('',#6323);
#2581=VERTEX_POINT('',#6335);
#2582=VERTEX_POINT('',#6336);
#2583=VERTEX_POINT('',#6341);
#2584=VERTEX_POINT('',#6345);
#2585=VERTEX_POINT('',#6357);
#2586=VERTEX_POINT('',#6359);
#2587=VERTEX_POINT('',#6363);
#2588=VERTEX_POINT('',#6367);
#2589=VERTEX_POINT('',#6392);
#2590=VERTEX_POINT('',#6448);
#2591=VERTEX_POINT('',#6449);
#2592=VERTEX_POINT('',#6464);
#2593=VERTEX_POINT('',#6471);
#2594=VERTEX_POINT('',#6489);
#2595=VERTEX_POINT('',#6496);
#2596=VERTEX_POINT('',#6509);
#2597=VERTEX_POINT('',#6510);
#2598=VERTEX_POINT('',#6588);
#2599=VERTEX_POINT('',#6593);
#2600=VERTEX_POINT('',#6598);
#2601=VERTEX_POINT('',#6650);
#2602=VERTEX_POINT('',#6651);
#2603=VERTEX_POINT('',#6660);
#2604=VERTEX_POINT('',#6681);
#2605=VERTEX_POINT('',#6682);
#2606=VERTEX_POINT('',#6703);
#2607=VERTEX_POINT('',#6704);
#2608=VERTEX_POINT('',#6718);
#2609=VERTEX_POINT('',#6724);
#2610=VERTEX_POINT('',#6742);
#2611=VERTEX_POINT('',#6743);
#2612=VERTEX_POINT('',#6761);
#2613=VERTEX_POINT('',#6765);
#2614=VERTEX_POINT('',#6771);
#2615=VERTEX_POINT('',#6782);
#2616=VERTEX_POINT('',#6809);
#2617=VERTEX_POINT('',#6814);
#2618=VERTEX_POINT('',#6819);
#2619=VERTEX_POINT('',#6838);
#2620=VERTEX_POINT('',#6843);
#2621=VERTEX_POINT('',#6890);
#2622=VERTEX_POINT('',#6902);
#2623=VERTEX_POINT('',#6907);
#2624=VERTEX_POINT('',#6926);
#2625=VERTEX_POINT('',#6931);
#2626=VERTEX_POINT('',#6954);
#2627=VERTEX_POINT('',#6955);
#2628=VERTEX_POINT('',#6971);
#2629=VERTEX_POINT('',#6977);
#2630=LINE('',#5279,#2899);
#2631=LINE('',#5292,#2900);
#2632=LINE('',#5296,#2901);
#2633=LINE('',#5309,#2902);
#2634=LINE('',#5342,#2903);
#2635=LINE('',#5346,#2904);
#2636=LINE('',#5355,#2905);
#2637=LINE('',#5359,#2906);
#2638=LINE('',#5361,#2907);
#2639=LINE('',#5364,#2908);
#2640=LINE('',#5366,#2909);
#2641=LINE('',#5368,#2910);
#2642=LINE('',#5370,#2911);
#2643=LINE('',#5372,#2912);
#2644=LINE('',#5374,#2913);
#2645=LINE('',#5376,#2914);
#2646=LINE('',#5378,#2915);
#2647=LINE('',#5380,#2916);
#2648=LINE('',#5381,#2917);
#2649=LINE('',#5393,#2918);
#2650=LINE('',#5397,#2919);
#2651=LINE('',#5409,#2920);
#2652=LINE('',#5413,#2921);
#2653=LINE('',#5418,#2922);
#2654=LINE('',#5424,#2923);
#2655=LINE('',#5426,#2924);
#2656=LINE('',#5429,#2925);
#2657=LINE('',#5431,#2926);
#2658=LINE('',#5433,#2927);
#2659=LINE('',#5435,#2928);
#2660=LINE('',#5437,#2929);
#2661=LINE('',#5439,#2930);
#2662=LINE('',#5441,#2931);
#2663=LINE('',#5453,#2932);
#2664=LINE('',#5458,#2933);
#2665=LINE('',#5462,#2934);
#2666=LINE('',#5466,#2935);
#2667=LINE('',#5470,#2936);
#2668=LINE('',#5474,#2937);
#2669=LINE('',#5486,#2938);
#2670=LINE('',#5490,#2939);
#2671=LINE('',#5494,#2940);
#2672=LINE('',#5498,#2941);
#2673=LINE('',#5500,#2942);
#2674=LINE('',#5510,#2943);
#2675=LINE('',#5511,#2944);
#2676=LINE('',#5515,#2945);
#2677=LINE('',#5527,#2946);
#2678=LINE('',#5531,#2947);
#2679=LINE('',#5535,#2948);
#2680=LINE('',#5539,#2949);
#2681=LINE('',#5551,#2950);
#2682=LINE('',#5553,#2951);
#2683=LINE('',#5555,#2952);
#2684=LINE('',#5593,#2953);
#2685=LINE('',#5595,#2954);
#2686=LINE('',#5597,#2955);
#2687=LINE('',#5605,#2956);
#2688=LINE('',#5611,#2957);
#2689=LINE('',#5615,#2958);
#2690=LINE('',#5619,#2959);
#2691=LINE('',#5625,#2960);
#2692=LINE('',#5640,#2961);
#2693=LINE('',#5644,#2962);
#2694=LINE('',#5648,#2963);
#2695=LINE('',#5652,#2964);
#2696=LINE('',#5665,#2965);
#2697=LINE('',#5669,#2966);
#2698=LINE('',#5681,#2967);
#2699=LINE('',#5683,#2968);
#2700=LINE('',#5687,#2969);
#2701=LINE('',#5690,#2970);
#2702=LINE('',#5694,#2971);
#2703=LINE('',#5697,#2972);
#2704=LINE('',#5699,#2973);
#2705=LINE('',#5703,#2974);
#2706=LINE('',#5705,#2975);
#2707=LINE('',#5708,#2976);
#2708=LINE('',#5712,#2977);
#2709=LINE('',#5715,#2978);
#2710=LINE('',#5717,#2979);
#2711=LINE('',#5721,#2980);
#2712=LINE('',#5723,#2981);
#2713=LINE('',#5726,#2982);
#2714=LINE('',#5730,#2983);
#2715=LINE('',#5733,#2984);
#2716=LINE('',#5735,#2985);
#2717=LINE('',#5739,#2986);
#2718=LINE('',#5741,#2987);
#2719=LINE('',#5747,#2988);
#2720=LINE('',#5759,#2989);
#2721=LINE('',#5761,#2990);
#2722=LINE('',#5773,#2991);
#2723=LINE('',#5775,#2992);
#2724=LINE('',#5777,#2993);
#2725=LINE('',#5789,#2994);
#2726=LINE('',#5791,#2995);
#2727=LINE('',#5793,#2996);
#2728=LINE('',#5795,#2997);
#2729=LINE('',#5807,#2998);
#2730=LINE('',#5809,#2999);
#2731=LINE('',#5811,#3000);
#2732=LINE('',#5814,#3001);
#2733=LINE('',#5816,#3002);
#2734=LINE('',#5817,#3003);
#2735=LINE('',#5819,#3004);
#2736=LINE('',#5821,#3005);
#2737=LINE('',#5829,#3006);
#2738=LINE('',#5830,#3007);
#2739=LINE('',#5831,#3008);
#2740=LINE('',#5843,#3009);
#2741=LINE('',#5854,#3010);
#2742=LINE('',#5861,#3011);
#2743=LINE('',#5863,#3012);
#2744=LINE('',#5881,#3013);
#2745=LINE('',#5889,#3014);
#2746=LINE('',#5890,#3015);
#2747=LINE('',#5904,#3016);
#2748=LINE('',#5922,#3017);
#2749=LINE('',#5930,#3018);
#2750=LINE('',#5931,#3019);
#2751=LINE('',#5945,#3020);
#2752=LINE('',#5963,#3021);
#2753=LINE('',#5971,#3022);
#2754=LINE('',#5972,#3023);
#2755=LINE('',#6098,#3024);
#2756=LINE('',#6101,#3025);
#2757=LINE('',#6103,#3026);
#2758=LINE('',#6105,#3027);
#2759=LINE('',#6107,#3028);
#2760=LINE('',#6110,#3029);
#2761=LINE('',#6112,#3030);
#2762=LINE('',#6114,#3031);
#2763=LINE('',#6116,#3032);
#2764=LINE('',#6119,#3033);
#2765=LINE('',#6121,#3034);
#2766=LINE('',#6123,#3035);
#2767=LINE('',#6125,#3036);
#2768=LINE('',#6130,#3037);
#2769=LINE('',#6133,#3038);
#2770=LINE('',#6146,#3039);
#2771=LINE('',#6151,#3040);
#2772=LINE('',#6157,#3041);
#2773=LINE('',#6161,#3042);
#2774=LINE('',#6165,#3043);
#2775=LINE('',#6169,#3044);
#2776=LINE('',#6173,#3045);
#2777=LINE('',#6177,#3046);
#2778=LINE('',#6183,#3047);
#2779=LINE('',#6186,#3048);
#2780=LINE('',#6198,#3049);
#2781=LINE('',#6204,#3050);
#2782=LINE('',#6208,#3051);
#2783=LINE('',#6212,#3052);
#2784=LINE('',#6216,#3053);
#2785=LINE('',#6218,#3054);
#2786=LINE('',#6219,#3055);
#2787=LINE('',#6221,#3056);
#2788=LINE('',#6223,#3057);
#2789=LINE('',#6225,#3058);
#2790=LINE('',#6227,#3059);
#2791=LINE('',#6229,#3060);
#2792=LINE('',#6235,#3061);
#2793=LINE('',#6238,#3062);
#2794=LINE('',#6240,#3063);
#2795=LINE('',#6242,#3064);
#2796=LINE('',#6244,#3065);
#2797=LINE('',#6247,#3066);
#2798=LINE('',#6249,#3067);
#2799=LINE('',#6251,#3068);
#2800=LINE('',#6255,#3069);
#2801=LINE('',#6259,#3070);
#2802=LINE('',#6261,#3071);
#2803=LINE('',#6264,#3072);
#2804=LINE('',#6266,#3073);
#2805=LINE('',#6268,#3074);
#2806=LINE('',#6270,#3075);
#2807=LINE('',#6274,#3076);
#2808=LINE('',#6276,#3077);
#2809=LINE('',#6281,#3078);
#2810=LINE('',#6287,#3079);
#2811=LINE('',#6291,#3080);
#2812=LINE('',#6293,#3081);
#2813=LINE('',#6295,#3082);
#2814=LINE('',#6297,#3083);
#2815=LINE('',#6300,#3084);
#2816=LINE('',#6301,#3085);
#2817=LINE('',#6306,#3086);
#2818=LINE('',#6310,#3087);
#2819=LINE('',#6312,#3088);
#2820=LINE('',#6316,#3089);
#2821=LINE('',#6318,#3090);
#2822=LINE('',#6320,#3091);
#2823=LINE('',#6322,#3092);
#2824=LINE('',#6324,#3093);
#2825=LINE('',#6334,#3094);
#2826=LINE('',#6337,#3095);
#2827=LINE('',#6338,#3096);
#2828=LINE('',#6340,#3097);
#2829=LINE('',#6344,#3098);
#2830=LINE('',#6346,#3099);
#2831=LINE('',#6356,#3100);
#2832=LINE('',#6360,#3101);
#2833=LINE('',#6362,#3102);
#2834=LINE('',#6364,#3103);
#2835=LINE('',#6366,#3104);
#2836=LINE('',#6368,#3105);
#2837=LINE('',#6382,#3106);
#2838=LINE('',#6384,#3107);
#2839=LINE('',#6391,#3108);
#2840=LINE('',#6393,#3109);
#2841=LINE('',#6395,#3110);
#2842=LINE('',#6397,#3111);
#2843=LINE('',#6539,#3112);
#2844=LINE('',#6541,#3113);
#2845=LINE('',#6543,#3114);
#2846=LINE('',#6545,#3115);
#2847=LINE('',#6547,#3116);
#2848=LINE('',#6549,#3117);
#2849=LINE('',#6551,#3118);
#2850=LINE('',#6553,#3119);
#2851=LINE('',#6560,#3120);
#2852=LINE('',#6562,#3121);
#2853=LINE('',#6564,#3122);
#2854=LINE('',#6566,#3123);
#2855=LINE('',#6568,#3124);
#2856=LINE('',#6570,#3125);
#2857=LINE('',#6572,#3126);
#2858=LINE('',#6574,#3127);
#2859=LINE('',#6725,#3128);
#2860=LINE('',#6762,#3129);
#2861=LINE('',#6764,#3130);
#2862=LINE('',#6792,#3131);
#2863=LINE('',#6825,#3132);
#2864=LINE('',#6849,#3133);
#2865=LINE('',#6913,#3134);
#2866=LINE('',#6937,#3135);
#2867=LINE('',#6965,#3136);
#2868=LINE('',#6978,#3137);
#2869=LINE('',#6980,#3138);
#2870=LINE('',#6986,#3139);
#2871=LINE('',#6988,#3140);
#2872=LINE('',#6990,#3141);
#2873=LINE('',#6992,#3142);
#2874=LINE('',#6994,#3143);
#2875=LINE('',#6996,#3144);
#2876=LINE('',#6998,#3145);
#2877=LINE('',#7000,#3146);
#2878=LINE('',#7002,#3147);
#2879=LINE('',#7004,#3148);
#2880=LINE('',#7006,#3149);
#2881=LINE('',#7008,#3150);
#2882=LINE('',#7010,#3151);
#2883=LINE('',#7012,#3152);
#2884=LINE('',#7014,#3153);
#2885=LINE('',#7038,#3154);
#2886=LINE('',#7040,#3155);
#2887=LINE('',#7043,#3156);
#2888=LINE('',#7045,#3157);
#2889=LINE('',#7048,#3158);
#2890=LINE('',#7050,#3159);
#2891=LINE('',#7053,#3160);
#2892=LINE('',#7055,#3161);
#2893=LINE('',#7058,#3162);
#2894=LINE('',#7060,#3163);
#2895=LINE('',#7063,#3164);
#2896=LINE('',#7065,#3165);
#2897=LINE('',#7072,#3166);
#2898=LINE('',#7085,#3167);
#2899=VECTOR('',#4306,1.);
#2900=VECTOR('',#4309,1.);
#2901=VECTOR('',#4314,1.);
#2902=VECTOR('',#4317,1.);
#2903=VECTOR('',#4332,1.);
#2904=VECTOR('',#4335,1.);
#2905=VECTOR('',#4344,1.);
#2906=VECTOR('',#4347,1.);
#2907=VECTOR('',#4350,1.);
#2908=VECTOR('',#4351,1.);
#2909=VECTOR('',#4352,1.);
#2910=VECTOR('',#4353,1.);
#2911=VECTOR('',#4354,1.);
#2912=VECTOR('',#4355,1.);
#2913=VECTOR('',#4356,1.);
#2914=VECTOR('',#4357,1.);
#2915=VECTOR('',#4358,1.);
#2916=VECTOR('',#4359,1.);
#2917=VECTOR('',#4360,1.);
#2918=VECTOR('',#4365,1.);
#2919=VECTOR('',#4368,1.);
#2920=VECTOR('',#4373,1.);
#2921=VECTOR('',#4376,1.);
#2922=VECTOR('',#4381,1.);
#2923=VECTOR('',#4386,1.);
#2924=VECTOR('',#4389,1.);
#2925=VECTOR('',#4390,1.);
#2926=VECTOR('',#4391,1.);
#2927=VECTOR('',#4392,1.);
#2928=VECTOR('',#4393,1.);
#2929=VECTOR('',#4394,1.);
#2930=VECTOR('',#4395,1.);
#2931=VECTOR('',#4396,1.);
#2932=VECTOR('',#4411,1.);
#2933=VECTOR('',#4414,1.);
#2934=VECTOR('',#4417,1.);
#2935=VECTOR('',#4420,1.);
#2936=VECTOR('',#4423,1.);
#2937=VECTOR('',#4426,1.);
#2938=VECTOR('',#4433,1.);
#2939=VECTOR('',#4436,1.);
#2940=VECTOR('',#4439,1.);
#2941=VECTOR('',#4442,1.);
#2942=VECTOR('',#4445,1.);
#2943=VECTOR('',#4448,1.);
#2944=VECTOR('',#4449,1.);
#2945=VECTOR('',#4452,1.);
#2946=VECTOR('',#4459,1.);
#2947=VECTOR('',#4462,1.);
#2948=VECTOR('',#4465,1.);
#2949=VECTOR('',#4468,1.);
#2950=VECTOR('',#4477,1.);
#2951=VECTOR('',#4480,1.);
#2952=VECTOR('',#4481,1.);
#2953=VECTOR('',#4504,1.);
#2954=VECTOR('',#4505,1.);
#2955=VECTOR('',#4506,1.);
#2956=VECTOR('',#4513,1.);
#2957=VECTOR('',#4518,1.);
#2958=VECTOR('',#4521,1.);
#2959=VECTOR('',#4524,1.);
#2960=VECTOR('',#4529,1.);
#2961=VECTOR('',#4538,1.);
#2962=VECTOR('',#4541,1.);
#2963=VECTOR('',#4544,1.);
#2964=VECTOR('',#4547,1.);
#2965=VECTOR('',#4552,1.);
#2966=VECTOR('',#4555,1.);
#2967=VECTOR('',#4558,1.);
#2968=VECTOR('',#4559,1.);
#2969=VECTOR('',#4562,1.);
#2970=VECTOR('',#4565,1.);
#2971=VECTOR('',#4568,1.);
#2972=VECTOR('',#4571,1.);
#2973=VECTOR('',#4572,1.);
#2974=VECTOR('',#4575,1.);
#2975=VECTOR('',#4576,1.);
#2976=VECTOR('',#4579,1.);
#2977=VECTOR('',#4582,1.);
#2978=VECTOR('',#4585,1.);
#2979=VECTOR('',#4586,1.);
#2980=VECTOR('',#4589,1.);
#2981=VECTOR('',#4590,1.);
#2982=VECTOR('',#4593,1.);
#2983=VECTOR('',#4596,1.);
#2984=VECTOR('',#4599,1.);
#2985=VECTOR('',#4600,1.);
#2986=VECTOR('',#4603,1.);
#2987=VECTOR('',#4604,1.);
#2988=VECTOR('',#4613,1.);
#2989=VECTOR('',#4614,1.);
#2990=VECTOR('',#4615,1.);
#2991=VECTOR('',#4618,1.);
#2992=VECTOR('',#4619,1.);
#2993=VECTOR('',#4620,1.);
#2994=VECTOR('',#4623,1.);
#2995=VECTOR('',#4624,1.);
#2996=VECTOR('',#4625,1.);
#2997=VECTOR('',#4628,1.);
#2998=VECTOR('',#4629,1.);
#2999=VECTOR('',#4630,1.);
#3000=VECTOR('',#4633,1.);
#3001=VECTOR('',#4634,1.);
#3002=VECTOR('',#4635,1.);
#3003=VECTOR('',#4636,1.);
#3004=VECTOR('',#4637,1.);
#3005=VECTOR('',#4638,1.);
#3006=VECTOR('',#4641,1.);
#3007=VECTOR('',#4642,1.);
#3008=VECTOR('',#4643,1.);
#3009=VECTOR('',#4646,1.);
#3010=VECTOR('',#4647,1.);
#3011=VECTOR('',#4648,1.);
#3012=VECTOR('',#4651,1.);
#3013=VECTOR('',#4652,1.);
#3014=VECTOR('',#4655,1.);
#3015=VECTOR('',#4656,1.);
#3016=VECTOR('',#4659,1.);
#3017=VECTOR('',#4660,1.);
#3018=VECTOR('',#4663,1.);
#3019=VECTOR('',#4664,1.);
#3020=VECTOR('',#4667,1.);
#3021=VECTOR('',#4668,1.);
#3022=VECTOR('',#4671,1.);
#3023=VECTOR('',#4672,1.);
#3024=VECTOR('',#4679,1.);
#3025=VECTOR('',#4680,1.);
#3026=VECTOR('',#4681,1.);
#3027=VECTOR('',#4682,1.);
#3028=VECTOR('',#4685,1.);
#3029=VECTOR('',#4686,1.);
#3030=VECTOR('',#4687,1.);
#3031=VECTOR('',#4688,1.);
#3032=VECTOR('',#4691,1.);
#3033=VECTOR('',#4692,1.);
#3034=VECTOR('',#4693,1.);
#3035=VECTOR('',#4694,1.);
#3036=VECTOR('',#4697,1.);
#3037=VECTOR('',#4700,1.);
#3038=VECTOR('',#4703,1.);
#3039=VECTOR('',#4706,1.);
#3040=VECTOR('',#4711,1.);
#3041=VECTOR('',#4716,1.);
#3042=VECTOR('',#4719,1.);
#3043=VECTOR('',#4722,1.);
#3044=VECTOR('',#4725,1.);
#3045=VECTOR('',#4728,1.);
#3046=VECTOR('',#4731,1.);
#3047=VECTOR('',#4736,1.);
#3048=VECTOR('',#4739,1.);
#3049=VECTOR('',#4742,1.);
#3050=VECTOR('',#4747,1.);
#3051=VECTOR('',#4750,1.);
#3052=VECTOR('',#4753,1.);
#3053=VECTOR('',#4756,1.);
#3054=VECTOR('',#4759,1.);
#3055=VECTOR('',#4760,1.);
#3056=VECTOR('',#4763,1.);
#3057=VECTOR('',#4766,1.);
#3058=VECTOR('',#4769,1.);
#3059=VECTOR('',#4772,1.);
#3060=VECTOR('',#4775,1.);
#3061=VECTOR('',#4782,1.);
#3062=VECTOR('',#4783,1.);
#3063=VECTOR('',#4784,1.);
#3064=VECTOR('',#4785,1.);
#3065=VECTOR('',#4788,1.);
#3066=VECTOR('',#4789,1.);
#3067=VECTOR('',#4790,1.);
#3068=VECTOR('',#4791,1.);
#3069=VECTOR('',#4796,1.);
#3070=VECTOR('',#4801,1.);
#3071=VECTOR('',#4804,1.);
#3072=VECTOR('',#4809,1.);
#3073=VECTOR('',#4810,1.);
#3074=VECTOR('',#4811,1.);
#3075=VECTOR('',#4814,1.);
#3076=VECTOR('',#4819,1.);
#3077=VECTOR('',#4820,1.);
#3078=VECTOR('',#4829,1.);
#3079=VECTOR('',#4834,1.);
#3080=VECTOR('',#4839,1.);
#3081=VECTOR('',#4840,1.);
#3082=VECTOR('',#4841,1.);
#3083=VECTOR('',#4844,1.);
#3084=VECTOR('',#4845,1.);
#3085=VECTOR('',#4846,1.);
#3086=VECTOR('',#4855,1.);
#3087=VECTOR('',#4858,1.);
#3088=VECTOR('',#4861,1.);
#3089=VECTOR('',#4864,1.);
#3090=VECTOR('',#4867,1.);
#3091=VECTOR('',#4868,1.);
#3092=VECTOR('',#4871,1.);
#3093=VECTOR('',#4872,1.);
#3094=VECTOR('',#4881,1.);
#3095=VECTOR('',#4882,1.);
#3096=VECTOR('',#4883,1.);
#3097=VECTOR('',#4886,1.);
#3098=VECTOR('',#4891,1.);
#3099=VECTOR('',#4892,1.);
#3100=VECTOR('',#4901,1.);
#3101=VECTOR('',#4904,1.);
#3102=VECTOR('',#4907,1.);
#3103=VECTOR('',#4908,1.);
#3104=VECTOR('',#4911,1.);
#3105=VECTOR('',#4912,1.);
#3106=VECTOR('',#4921,1.);
#3107=VECTOR('',#4924,1.);
#3108=VECTOR('',#4929,1.);
#3109=VECTOR('',#4930,1.);
#3110=VECTOR('',#4933,1.);
#3111=VECTOR('',#4936,1.);
#3112=VECTOR('',#5049,1.);
#3113=VECTOR('',#5052,1.);
#3114=VECTOR('',#5055,1.);
#3115=VECTOR('',#5058,1.);
#3116=VECTOR('',#5061,1.);
#3117=VECTOR('',#5064,1.);
#3118=VECTOR('',#5067,1.);
#3119=VECTOR('',#5070,1.);
#3120=VECTOR('',#5075,1.);
#3121=VECTOR('',#5078,1.);
#3122=VECTOR('',#5081,1.);
#3123=VECTOR('',#5084,1.);
#3124=VECTOR('',#5087,1.);
#3125=VECTOR('',#5090,1.);
#3126=VECTOR('',#5093,1.);
#3127=VECTOR('',#5096,1.);
#3128=VECTOR('',#5101,1.);
#3129=VECTOR('',#5104,1.);
#3130=VECTOR('',#5107,1.);
#3131=VECTOR('',#5112,1.);
#3132=VECTOR('',#5115,1.);
#3133=VECTOR('',#5118,1.);
#3134=VECTOR('',#5121,1.);
#3135=VECTOR('',#5124,1.);
#3136=VECTOR('',#5127,1.);
#3137=VECTOR('',#5130,1.);
#3138=VECTOR('',#5133,1.);
#3139=VECTOR('',#5136,1.);
#3140=VECTOR('',#5139,1.);
#3141=VECTOR('',#5142,1.);
#3142=VECTOR('',#5145,1.);
#3143=VECTOR('',#5148,1.);
#3144=VECTOR('',#5151,1.);
#3145=VECTOR('',#5154,1.);
#3146=VECTOR('',#5157,1.);
#3147=VECTOR('',#5160,1.);
#3148=VECTOR('',#5163,1.);
#3149=VECTOR('',#5166,1.);
#3150=VECTOR('',#5169,1.);
#3151=VECTOR('',#5172,1.);
#3152=VECTOR('',#5175,1.);
#3153=VECTOR('',#5178,1.);
#3154=VECTOR('',#5193,1.);
#3155=VECTOR('',#5196,1.);
#3156=VECTOR('',#5201,1.);
#3157=VECTOR('',#5204,1.);
#3158=VECTOR('',#5209,1.);
#3159=VECTOR('',#5212,1.);
#3160=VECTOR('',#5217,1.);
#3161=VECTOR('',#5220,1.);
#3162=VECTOR('',#5225,1.);
#3163=VECTOR('',#5228,1.);
#3164=VECTOR('',#5233,1.);
#3165=VECTOR('',#5236,1.);
#3166=VECTOR('',#5241,1.);
#3167=VECTOR('',#5250,1.);
#3168=EDGE_LOOP('',(#499,#500,#501,#502,#503));
#3169=EDGE_LOOP('',(#504,#505,#506,#507,#508));
#3170=EDGE_LOOP('',(#509,#510,#511));
#3171=EDGE_LOOP('',(#512,#513,#514));
#3172=EDGE_LOOP('',(#515,#516,#517,#518,#519));
#3173=EDGE_LOOP('',(#520));
#3174=EDGE_LOOP('',(#521,#522,#523,#524));
#3175=EDGE_LOOP('',(#525,#526,#527,#528,#529,#530,#531,#532,#533,#534,#535,
#536));
#3176=EDGE_LOOP('',(#537,#538,#539,#540,#541));
#3177=EDGE_LOOP('',(#542,#543,#544,#545,#546));
#3178=EDGE_LOOP('',(#547,#548,#549,#550,#551));
#3179=EDGE_LOOP('',(#552,#553,#554,#555,#556,#557,#558,#559));
#3180=EDGE_LOOP('',(#560));
#3181=EDGE_LOOP('',(#561));
#3182=EDGE_LOOP('',(#562));
#3183=EDGE_LOOP('',(#563));
#3184=EDGE_LOOP('',(#564,#565,#566,#567,#568,#569,#570,#571,#572,#573,#574,
#575));
#3185=EDGE_LOOP('',(#576,#577,#578,#579,#580,#581,#582,#583,#584));
#3186=EDGE_LOOP('',(#585,#586,#587,#588,#589,#590,#591,#592,#593));
#3187=EDGE_LOOP('',(#594,#595,#596,#597,#598,#599,#600,#601,#602,#603));
#3188=EDGE_LOOP('',(#604));
#3189=EDGE_LOOP('',(#605));
#3190=EDGE_LOOP('',(#606,#607,#608,#609,#610,#611,#612));
#3191=EDGE_LOOP('',(#613));
#3192=EDGE_LOOP('',(#614));
#3193=EDGE_LOOP('',(#615,#616,#617,#618,#619,#620,#621,#622,#623,#624,#625,
#626,#627,#628,#629,#630,#631,#632,#633,#634,#635,#636,#637,#638,#639,#640,
#641,#642,#643,#644,#645,#646));
#3194=EDGE_LOOP('',(#647));
#3195=EDGE_LOOP('',(#648,#649,#650,#651,#652,#653,#654,#655));
#3196=EDGE_LOOP('',(#656));
#3197=EDGE_LOOP('',(#657,#658,#659,#660,#661,#662,#663,#664,#665,#666,#667,
#668,#669,#670,#671,#672,#673,#674,#675,#676,#677,#678,#679,#680,#681,#682,
#683,#684,#685,#686,#687,#688,#689,#690,#691,#692,#693,#694,#695,#696,#697,
#698,#699,#700,#701,#702,#703,#704));
#3198=EDGE_LOOP('',(#705));
#3199=EDGE_LOOP('',(#706));
#3200=EDGE_LOOP('',(#707));
#3201=EDGE_LOOP('',(#708));
#3202=EDGE_LOOP('',(#709));
#3203=EDGE_LOOP('',(#710,#711,#712,#713,#714,#715,#716));
#3204=EDGE_LOOP('',(#717,#718,#719,#720,#721,#722,#723));
#3205=EDGE_LOOP('',(#724,#725,#726,#727,#728,#729,#730));
#3206=EDGE_LOOP('',(#731,#732,#733,#734,#735,#736,#737));
#3207=EDGE_LOOP('',(#738,#739,#740,#741,#742,#743,#744,#745));
#3208=EDGE_LOOP('',(#746,#747,#748,#749,#750,#751,#752,#753,#754));
#3209=EDGE_LOOP('',(#755,#756,#757,#758,#759,#760,#761,#762,#763));
#3210=EDGE_LOOP('',(#764,#765,#766,#767,#768,#769,#770,#771));
#3211=EDGE_LOOP('',(#772,#773,#774,#775,#776,#777,#778,#779));
#3212=EDGE_LOOP('',(#780,#781,#782,#783,#784,#785,#786,#787));
#3213=EDGE_LOOP('',(#788,#789,#790,#791,#792,#793,#794,#795));
#3214=EDGE_LOOP('',(#796,#797,#798,#799,#800,#801,#802,#803));
#3215=EDGE_LOOP('',(#804,#805,#806,#807,#808,#809,#810,#811));
#3216=EDGE_LOOP('',(#812,#813,#814,#815,#816,#817,#818,#819));
#3217=EDGE_LOOP('',(#820,#821,#822,#823,#824,#825,#826,#827));
#3218=EDGE_LOOP('',(#828,#829,#830,#831));
#3219=EDGE_LOOP('',(#832,#833,#834,#835));
#3220=EDGE_LOOP('',(#836,#837,#838,#839));
#3221=EDGE_LOOP('',(#840,#841,#842,#843));
#3222=EDGE_LOOP('',(#844,#845,#846,#847,#848,#849,#850,#851,#852,#853,#854,
#855,#856,#857,#858,#859,#860,#861,#862,#863,#864,#865,#866,#867,#868,#869,
#870,#871,#872,#873,#874,#875));
#3223=EDGE_LOOP('',(#876,#877,#878,#879,#880,#881,#882,#883));
#3224=EDGE_LOOP('',(#884,#885,#886,#887));
#3225=EDGE_LOOP('',(#888,#889,#890,#891));
#3226=EDGE_LOOP('',(#892,#893,#894,#895));
#3227=EDGE_LOOP('',(#896,#897,#898,#899));
#3228=EDGE_LOOP('',(#900,#901,#902,#903));
#3229=EDGE_LOOP('',(#904,#905,#906,#907));
#3230=EDGE_LOOP('',(#908,#909,#910,#911));
#3231=EDGE_LOOP('',(#912,#913,#914,#915));
#3232=EDGE_LOOP('',(#916,#917,#918,#919));
#3233=EDGE_LOOP('',(#920,#921,#922,#923));
#3234=EDGE_LOOP('',(#924,#925,#926,#927));
#3235=EDGE_LOOP('',(#928,#929,#930,#931));
#3236=EDGE_LOOP('',(#932,#933,#934,#935));
#3237=EDGE_LOOP('',(#936,#937,#938,#939));
#3238=EDGE_LOOP('',(#940,#941,#942,#943));
#3239=EDGE_LOOP('',(#944,#945,#946,#947));
#3240=EDGE_LOOP('',(#948,#949,#950,#951));
#3241=EDGE_LOOP('',(#952));
#3242=EDGE_LOOP('',(#953,#954,#955,#956,#957,#958));
#3243=EDGE_LOOP('',(#959,#960,#961,#962));
#3244=EDGE_LOOP('',(#963,#964,#965,#966));
#3245=EDGE_LOOP('',(#967));
#3246=EDGE_LOOP('',(#968,#969,#970,#971,#972,#973));
#3247=EDGE_LOOP('',(#974,#975,#976,#977));
#3248=EDGE_LOOP('',(#978,#979,#980,#981));
#3249=EDGE_LOOP('',(#982,#983,#984,#985));
#3250=EDGE_LOOP('',(#986,#987,#988,#989));
#3251=EDGE_LOOP('',(#990,#991,#992,#993,#994,#995,#996,#997));
#3252=EDGE_LOOP('',(#998,#999,#1000,#1001));
#3253=EDGE_LOOP('',(#1002,#1003,#1004,#1005));
#3254=EDGE_LOOP('',(#1006,#1007,#1008,#1009));
#3255=EDGE_LOOP('',(#1010,#1011,#1012,#1013,#1014,#1015,#1016,#1017));
#3256=EDGE_LOOP('',(#1018,#1019,#1020,#1021));
#3257=EDGE_LOOP('',(#1022,#1023,#1024,#1025));
#3258=EDGE_LOOP('',(#1026,#1027,#1028,#1029));
#3259=EDGE_LOOP('',(#1030,#1031,#1032,#1033,#1034,#1035,#1036,#1037));
#3260=EDGE_LOOP('',(#1038,#1039,#1040,#1041));
#3261=EDGE_LOOP('',(#1042,#1043,#1044,#1045));
#3262=EDGE_LOOP('',(#1046,#1047,#1048,#1049));
#3263=EDGE_LOOP('',(#1050,#1051,#1052,#1053));
#3264=EDGE_LOOP('',(#1054,#1055,#1056,#1057));
#3265=EDGE_LOOP('',(#1058,#1059,#1060,#1061));
#3266=EDGE_LOOP('',(#1062,#1063,#1064,#1065,#1066,#1067,#1068));
#3267=EDGE_LOOP('',(#1069,#1070,#1071,#1072));
#3268=EDGE_LOOP('',(#1073,#1074,#1075,#1076));
#3269=EDGE_LOOP('',(#1077,#1078,#1079,#1080));
#3270=EDGE_LOOP('',(#1081,#1082,#1083,#1084));
#3271=EDGE_LOOP('',(#1085,#1086,#1087,#1088));
#3272=EDGE_LOOP('',(#1089,#1090,#1091,#1092));
#3273=EDGE_LOOP('',(#1093,#1094,#1095,#1096));
#3274=EDGE_LOOP('',(#1097,#1098,#1099,#1100));
#3275=EDGE_LOOP('',(#1101,#1102,#1103,#1104));
#3276=EDGE_LOOP('',(#1105,#1106,#1107,#1108,#1109,#1110));
#3277=EDGE_LOOP('',(#1111,#1112,#1113,#1114));
#3278=EDGE_LOOP('',(#1115,#1116,#1117,#1118));
#3279=EDGE_LOOP('',(#1119,#1120,#1121,#1122));
#3280=EDGE_LOOP('',(#1123,#1124,#1125,#1126,#1127,#1128));
#3281=EDGE_LOOP('',(#1129,#1130,#1131,#1132,#1133,#1134));
#3282=EDGE_LOOP('',(#1135,#1136,#1137,#1138));
#3283=EDGE_LOOP('',(#1139,#1140,#1141,#1142));
#3284=EDGE_LOOP('',(#1143,#1144,#1145,#1146));
#3285=EDGE_LOOP('',(#1147,#1148,#1149,#1150,#1151,#1152));
#3286=EDGE_LOOP('',(#1153,#1154,#1155,#1156,#1157,#1158));
#3287=EDGE_LOOP('',(#1159,#1160,#1161,#1162));
#3288=EDGE_LOOP('',(#1163,#1164,#1165,#1166));
#3289=EDGE_LOOP('',(#1167,#1168,#1169,#1170));
#3290=EDGE_LOOP('',(#1171,#1172,#1173,#1174));
#3291=EDGE_LOOP('',(#1175,#1176,#1177,#1178));
#3292=EDGE_LOOP('',(#1179,#1180,#1181,#1182));
#3293=EDGE_LOOP('',(#1183,#1184,#1185,#1186));
#3294=EDGE_LOOP('',(#1187,#1188,#1189,#1190));
#3295=EDGE_LOOP('',(#1191,#1192,#1193,#1194));
#3296=EDGE_LOOP('',(#1195,#1196,#1197,#1198));
#3297=EDGE_LOOP('',(#1199,#1200,#1201,#1202));
#3298=EDGE_LOOP('',(#1203,#1204,#1205,#1206));
#3299=EDGE_LOOP('',(#1207,#1208,#1209,#1210));
#3300=EDGE_LOOP('',(#1211,#1212,#1213,#1214));
#3301=EDGE_LOOP('',(#1215,#1216,#1217,#1218,#1219));
#3302=EDGE_LOOP('',(#1220,#1221,#1222,#1223,#1224));
#3303=EDGE_LOOP('',(#1225,#1226,#1227,#1228));
#3304=EDGE_LOOP('',(#1229,#1230,#1231,#1232));
#3305=EDGE_LOOP('',(#1233,#1234,#1235,#1236));
#3306=EDGE_LOOP('',(#1237,#1238,#1239,#1240));
#3307=EDGE_LOOP('',(#1241,#1242,#1243,#1244));
#3308=EDGE_LOOP('',(#1245,#1246,#1247,#1248));
#3309=EDGE_LOOP('',(#1249,#1250,#1251,#1252));
#3310=EDGE_LOOP('',(#1253,#1254,#1255,#1256));
#3311=EDGE_LOOP('',(#1257,#1258,#1259,#1260,#1261));
#3312=EDGE_LOOP('',(#1262,#1263,#1264,#1265,#1266,#1267));
#3313=EDGE_LOOP('',(#1268,#1269,#1270,#1271,#1272));
#3314=EDGE_LOOP('',(#1273,#1274,#1275,#1276,#1277));
#3315=EDGE_LOOP('',(#1278,#1279,#1280,#1281));
#3316=EDGE_LOOP('',(#1282,#1283,#1284,#1285,#1286));
#3317=EDGE_LOOP('',(#1287,#1288,#1289,#1290,#1291,#1292));
#3318=EDGE_LOOP('',(#1293,#1294,#1295,#1296));
#3319=EDGE_LOOP('',(#1297,#1298,#1299,#1300));
#3320=EDGE_LOOP('',(#1301,#1302,#1303,#1304,#1305));
#3321=EDGE_LOOP('',(#1306,#1307,#1308,#1309,#1310));
#3322=EDGE_LOOP('',(#1311,#1312,#1313,#1314));
#3323=EDGE_LOOP('',(#1315,#1316,#1317,#1318,#1319));
#3324=EDGE_LOOP('',(#1320,#1321,#1322,#1323));
#3325=EDGE_LOOP('',(#1324,#1325,#1326,#1327,#1328,#1329));
#3326=EDGE_LOOP('',(#1330,#1331,#1332,#1333));
#3327=EDGE_LOOP('',(#1334,#1335,#1336,#1337,#1338));
#3328=EDGE_LOOP('',(#1339,#1340,#1341,#1342));
#3329=EDGE_LOOP('',(#1343,#1344,#1345,#1346,#1347));
#3330=EDGE_LOOP('',(#1348,#1349,#1350,#1351));
#3331=EDGE_LOOP('',(#1352,#1353,#1354,#1355));
#3332=EDGE_LOOP('',(#1356,#1357,#1358,#1359));
#3333=EDGE_LOOP('',(#1360,#1361,#1362,#1363,#1364));
#3334=EDGE_LOOP('',(#1365,#1366,#1367,#1368));
#3335=EDGE_LOOP('',(#1369,#1370,#1371,#1372));
#3336=EDGE_LOOP('',(#1373,#1374,#1375,#1376));
#3337=EDGE_LOOP('',(#1377,#1378,#1379,#1380));
#3338=EDGE_LOOP('',(#1381,#1382,#1383,#1384));
#3339=EDGE_LOOP('',(#1385,#1386,#1387));
#3340=EDGE_LOOP('',(#1388,#1389,#1390,#1391));
#3341=EDGE_LOOP('',(#1392,#1393,#1394,#1395));
#3342=EDGE_LOOP('',(#1396,#1397,#1398,#1399));
#3343=EDGE_LOOP('',(#1400,#1401,#1402));
#3344=EDGE_LOOP('',(#1403,#1404,#1405,#1406));
#3345=EDGE_LOOP('',(#1407,#1408,#1409,#1410));
#3346=EDGE_LOOP('',(#1411,#1412,#1413,#1414));
#3347=EDGE_LOOP('',(#1415,#1416,#1417,#1418));
#3348=EDGE_LOOP('',(#1419,#1420,#1421,#1422));
#3349=EDGE_LOOP('',(#1423));
#3350=EDGE_LOOP('',(#1424));
#3351=EDGE_LOOP('',(#1425,#1426,#1427,#1428));
#3352=EDGE_LOOP('',(#1429,#1430,#1431,#1432));
#3353=EDGE_LOOP('',(#1433,#1434,#1435,#1436));
#3354=EDGE_LOOP('',(#1437,#1438,#1439,#1440));
#3355=EDGE_LOOP('',(#1441,#1442,#1443));
#3356=EDGE_LOOP('',(#1444,#1445,#1446,#1447));
#3357=EDGE_LOOP('',(#1448,#1449,#1450));
#3358=EDGE_LOOP('',(#1451,#1452,#1453));
#3359=EDGE_LOOP('',(#1454,#1455,#1456,#1457));
#3360=EDGE_LOOP('',(#1458,#1459,#1460));
#3361=EDGE_LOOP('',(#1461,#1462,#1463));
#3362=EDGE_LOOP('',(#1464,#1465,#1466,#1467));
#3363=EDGE_LOOP('',(#1468,#1469,#1470));
#3364=EDGE_LOOP('',(#1471,#1472,#1473));
#3365=EDGE_LOOP('',(#1474,#1475,#1476,#1477));
#3366=EDGE_LOOP('',(#1478,#1479,#1480));
#3367=EDGE_LOOP('',(#1481,#1482,#1483));
#3368=EDGE_LOOP('',(#1484,#1485,#1486,#1487));
#3369=EDGE_LOOP('',(#1488,#1489,#1490));
#3370=EDGE_LOOP('',(#1491,#1492,#1493));
#3371=EDGE_LOOP('',(#1494,#1495,#1496,#1497));
#3372=EDGE_LOOP('',(#1498,#1499,#1500));
#3373=EDGE_LOOP('',(#1501,#1502,#1503,#1504));
#3374=EDGE_LOOP('',(#1505,#1506,#1507));
#3375=EDGE_LOOP('',(#1508,#1509,#1510,#1511,#1512));
#3376=EDGE_LOOP('',(#1513,#1514,#1515));
#3377=EDGE_LOOP('',(#1516,#1517,#1518,#1519));
#3378=EDGE_LOOP('',(#1520,#1521,#1522,#1523,#1524));
#3379=EDGE_LOOP('',(#1525,#1526,#1527,#1528));
#3380=EDGE_LOOP('',(#1529,#1530,#1531,#1532));
#3381=EDGE_LOOP('',(#1533,#1534,#1535,#1536));
#3382=EDGE_LOOP('',(#1537,#1538,#1539,#1540));
#3383=EDGE_LOOP('',(#1541,#1542,#1543,#1544,#1545));
#3384=EDGE_LOOP('',(#1546,#1547,#1548,#1549,#1550,#1551,#1552));
#3385=EDGE_LOOP('',(#1553,#1554,#1555,#1556));
#3386=EDGE_LOOP('',(#1557,#1558,#1559,#1560));
#3387=EDGE_LOOP('',(#1561,#1562,#1563,#1564));
#3388=EDGE_LOOP('',(#1565,#1566,#1567,#1568));
#3389=EDGE_LOOP('',(#1569,#1570,#1571,#1572,#1573,#1574));
#3390=EDGE_LOOP('',(#1575,#1576,#1577,#1578));
#3391=EDGE_LOOP('',(#1579,#1580,#1581,#1582));
#3392=EDGE_LOOP('',(#1583,#1584,#1585,#1586));
#3393=EDGE_LOOP('',(#1587,#1588,#1589,#1590));
#3394=EDGE_LOOP('',(#1591,#1592,#1593,#1594,#1595,#1596,#1597));
#3395=EDGE_LOOP('',(#1598,#1599,#1600,#1601,#1602));
#3396=EDGE_LOOP('',(#1603,#1604,#1605,#1606,#1607));
#3397=EDGE_LOOP('',(#1608,#1609,#1610,#1611,#1612,#1613,#1614));
#3398=EDGE_LOOP('',(#1615,#1616,#1617,#1618));
#3399=EDGE_LOOP('',(#1619,#1620,#1621,#1622));
#3400=EDGE_LOOP('',(#1623,#1624,#1625,#1626));
#3401=EDGE_LOOP('',(#1627,#1628,#1629,#1630));
#3402=EDGE_LOOP('',(#1631,#1632,#1633,#1634,#1635,#1636));
#3403=EDGE_LOOP('',(#1637,#1638,#1639,#1640));
#3404=EDGE_LOOP('',(#1641,#1642,#1643,#1644));
#3405=EDGE_LOOP('',(#1645,#1646,#1647,#1648));
#3406=EDGE_LOOP('',(#1649,#1650,#1651,#1652));
#3407=EDGE_LOOP('',(#1653,#1654,#1655,#1656,#1657,#1658,#1659));
#3408=EDGE_LOOP('',(#1660,#1661,#1662,#1663,#1664));
#3409=EDGE_LOOP('',(#1665,#1666,#1667,#1668));
#3410=EDGE_LOOP('',(#1669,#1670,#1671,#1672));
#3411=FACE_BOUND('',#3168,.T.);
#3412=FACE_BOUND('',#3169,.T.);
#3413=FACE_BOUND('',#3170,.T.);
#3414=FACE_BOUND('',#3171,.T.);
#3415=FACE_BOUND('',#3172,.T.);
#3416=FACE_BOUND('',#3173,.T.);
#3417=FACE_BOUND('',#3174,.T.);
#3418=FACE_BOUND('',#3175,.T.);
#3419=FACE_BOUND('',#3176,.T.);
#3420=FACE_BOUND('',#3177,.T.);
#3421=FACE_BOUND('',#3178,.T.);
#3422=FACE_BOUND('',#3179,.T.);
#3423=FACE_BOUND('',#3180,.T.);
#3424=FACE_BOUND('',#3181,.T.);
#3425=FACE_BOUND('',#3182,.T.);
#3426=FACE_BOUND('',#3183,.T.);
#3427=FACE_BOUND('',#3184,.T.);
#3428=FACE_BOUND('',#3185,.T.);
#3429=FACE_BOUND('',#3186,.T.);
#3430=FACE_BOUND('',#3187,.T.);
#3431=FACE_BOUND('',#3188,.T.);
#3432=FACE_BOUND('',#3189,.T.);
#3433=FACE_BOUND('',#3190,.T.);
#3434=FACE_BOUND('',#3191,.T.);
#3435=FACE_BOUND('',#3192,.T.);
#3436=FACE_BOUND('',#3193,.T.);
#3437=FACE_BOUND('',#3194,.T.);
#3438=FACE_BOUND('',#3195,.T.);
#3439=FACE_BOUND('',#3196,.T.);
#3440=FACE_BOUND('',#3197,.T.);
#3441=FACE_BOUND('',#3198,.T.);
#3442=FACE_BOUND('',#3199,.T.);
#3443=FACE_BOUND('',#3200,.T.);
#3444=FACE_BOUND('',#3201,.T.);
#3445=FACE_BOUND('',#3202,.T.);
#3446=FACE_BOUND('',#3203,.T.);
#3447=FACE_BOUND('',#3204,.T.);
#3448=FACE_BOUND('',#3205,.T.);
#3449=FACE_BOUND('',#3206,.T.);
#3450=FACE_BOUND('',#3207,.T.);
#3451=FACE_BOUND('',#3208,.T.);
#3452=FACE_BOUND('',#3209,.T.);
#3453=FACE_BOUND('',#3210,.T.);
#3454=FACE_BOUND('',#3211,.T.);
#3455=FACE_BOUND('',#3212,.T.);
#3456=FACE_BOUND('',#3213,.T.);
#3457=FACE_BOUND('',#3214,.T.);
#3458=FACE_BOUND('',#3215,.T.);
#3459=FACE_BOUND('',#3216,.T.);
#3460=FACE_BOUND('',#3217,.T.);
#3461=FACE_BOUND('',#3218,.T.);
#3462=FACE_BOUND('',#3219,.T.);
#3463=FACE_BOUND('',#3220,.T.);
#3464=FACE_BOUND('',#3221,.T.);
#3465=FACE_BOUND('',#3222,.T.);
#3466=FACE_BOUND('',#3223,.T.);
#3467=FACE_BOUND('',#3224,.T.);
#3468=FACE_BOUND('',#3225,.T.);
#3469=FACE_BOUND('',#3226,.T.);
#3470=FACE_BOUND('',#3227,.T.);
#3471=FACE_BOUND('',#3228,.T.);
#3472=FACE_BOUND('',#3229,.T.);
#3473=FACE_BOUND('',#3230,.T.);
#3474=FACE_BOUND('',#3231,.T.);
#3475=FACE_BOUND('',#3232,.T.);
#3476=FACE_BOUND('',#3233,.T.);
#3477=FACE_BOUND('',#3234,.T.);
#3478=FACE_BOUND('',#3235,.T.);
#3479=FACE_BOUND('',#3236,.T.);
#3480=FACE_BOUND('',#3237,.T.);
#3481=FACE_BOUND('',#3238,.T.);
#3482=FACE_BOUND('',#3239,.T.);
#3483=FACE_BOUND('',#3240,.T.);
#3484=FACE_BOUND('',#3241,.T.);
#3485=FACE_BOUND('',#3242,.T.);
#3486=FACE_BOUND('',#3243,.T.);
#3487=FACE_BOUND('',#3244,.T.);
#3488=FACE_BOUND('',#3245,.T.);
#3489=FACE_BOUND('',#3246,.T.);
#3490=FACE_BOUND('',#3247,.T.);
#3491=FACE_BOUND('',#3248,.T.);
#3492=FACE_BOUND('',#3249,.T.);
#3493=FACE_BOUND('',#3250,.T.);
#3494=FACE_BOUND('',#3251,.T.);
#3495=FACE_BOUND('',#3252,.T.);
#3496=FACE_BOUND('',#3253,.T.);
#3497=FACE_BOUND('',#3254,.T.);
#3498=FACE_BOUND('',#3255,.T.);
#3499=FACE_BOUND('',#3256,.T.);
#3500=FACE_BOUND('',#3257,.T.);
#3501=FACE_BOUND('',#3258,.T.);
#3502=FACE_BOUND('',#3259,.T.);
#3503=FACE_BOUND('',#3260,.T.);
#3504=FACE_BOUND('',#3261,.T.);
#3505=FACE_BOUND('',#3262,.T.);
#3506=FACE_BOUND('',#3263,.T.);
#3507=FACE_BOUND('',#3264,.T.);
#3508=FACE_BOUND('',#3265,.T.);
#3509=FACE_BOUND('',#3266,.T.);
#3510=FACE_BOUND('',#3267,.T.);
#3511=FACE_BOUND('',#3268,.T.);
#3512=FACE_BOUND('',#3269,.T.);
#3513=FACE_BOUND('',#3270,.T.);
#3514=FACE_BOUND('',#3271,.T.);
#3515=FACE_BOUND('',#3272,.T.);
#3516=FACE_BOUND('',#3273,.T.);
#3517=FACE_BOUND('',#3274,.T.);
#3518=FACE_BOUND('',#3275,.T.);
#3519=FACE_BOUND('',#3276,.T.);
#3520=FACE_BOUND('',#3277,.T.);
#3521=FACE_BOUND('',#3278,.T.);
#3522=FACE_BOUND('',#3279,.T.);
#3523=FACE_BOUND('',#3280,.T.);
#3524=FACE_BOUND('',#3281,.T.);
#3525=FACE_BOUND('',#3282,.T.);
#3526=FACE_BOUND('',#3283,.T.);
#3527=FACE_BOUND('',#3284,.T.);
#3528=FACE_BOUND('',#3285,.T.);
#3529=FACE_BOUND('',#3286,.T.);
#3530=FACE_BOUND('',#3287,.T.);
#3531=FACE_BOUND('',#3288,.T.);
#3532=FACE_BOUND('',#3289,.T.);
#3533=FACE_BOUND('',#3290,.T.);
#3534=FACE_BOUND('',#3291,.T.);
#3535=FACE_BOUND('',#3292,.T.);
#3536=FACE_BOUND('',#3293,.T.);
#3537=FACE_BOUND('',#3294,.T.);
#3538=FACE_BOUND('',#3295,.T.);
#3539=FACE_BOUND('',#3296,.T.);
#3540=FACE_BOUND('',#3297,.T.);
#3541=FACE_BOUND('',#3298,.T.);
#3542=FACE_BOUND('',#3299,.T.);
#3543=FACE_BOUND('',#3300,.T.);
#3544=FACE_BOUND('',#3301,.T.);
#3545=FACE_BOUND('',#3302,.T.);
#3546=FACE_BOUND('',#3303,.T.);
#3547=FACE_BOUND('',#3304,.T.);
#3548=FACE_BOUND('',#3305,.T.);
#3549=FACE_BOUND('',#3306,.T.);
#3550=FACE_BOUND('',#3307,.T.);
#3551=FACE_BOUND('',#3308,.T.);
#3552=FACE_BOUND('',#3309,.T.);
#3553=FACE_BOUND('',#3310,.T.);
#3554=FACE_BOUND('',#3311,.T.);
#3555=FACE_BOUND('',#3312,.T.);
#3556=FACE_BOUND('',#3313,.T.);
#3557=FACE_BOUND('',#3314,.T.);
#3558=FACE_BOUND('',#3315,.T.);
#3559=FACE_BOUND('',#3316,.T.);
#3560=FACE_BOUND('',#3317,.T.);
#3561=FACE_BOUND('',#3318,.T.);
#3562=FACE_BOUND('',#3319,.T.);
#3563=FACE_BOUND('',#3320,.T.);
#3564=FACE_BOUND('',#3321,.T.);
#3565=FACE_BOUND('',#3322,.T.);
#3566=FACE_BOUND('',#3323,.T.);
#3567=FACE_BOUND('',#3324,.T.);
#3568=FACE_BOUND('',#3325,.T.);
#3569=FACE_BOUND('',#3326,.T.);
#3570=FACE_BOUND('',#3327,.T.);
#3571=FACE_BOUND('',#3328,.T.);
#3572=FACE_BOUND('',#3329,.T.);
#3573=FACE_BOUND('',#3330,.T.);
#3574=FACE_BOUND('',#3331,.T.);
#3575=FACE_BOUND('',#3332,.T.);
#3576=FACE_BOUND('',#3333,.T.);
#3577=FACE_BOUND('',#3334,.T.);
#3578=FACE_BOUND('',#3335,.T.);
#3579=FACE_BOUND('',#3336,.T.);
#3580=FACE_BOUND('',#3337,.T.);
#3581=FACE_BOUND('',#3338,.T.);
#3582=FACE_BOUND('',#3339,.T.);
#3583=FACE_BOUND('',#3340,.T.);
#3584=FACE_BOUND('',#3341,.T.);
#3585=FACE_BOUND('',#3342,.T.);
#3586=FACE_BOUND('',#3343,.T.);
#3587=FACE_BOUND('',#3344,.T.);
#3588=FACE_BOUND('',#3345,.T.);
#3589=FACE_BOUND('',#3346,.T.);
#3590=FACE_BOUND('',#3347,.T.);
#3591=FACE_BOUND('',#3348,.T.);
#3592=FACE_BOUND('',#3349,.T.);
#3593=FACE_BOUND('',#3350,.T.);
#3594=FACE_BOUND('',#3351,.T.);
#3595=FACE_BOUND('',#3352,.T.);
#3596=FACE_BOUND('',#3353,.T.);
#3597=FACE_BOUND('',#3354,.T.);
#3598=FACE_BOUND('',#3355,.T.);
#3599=FACE_BOUND('',#3356,.T.);
#3600=FACE_BOUND('',#3357,.T.);
#3601=FACE_BOUND('',#3358,.T.);
#3602=FACE_BOUND('',#3359,.T.);
#3603=FACE_BOUND('',#3360,.T.);
#3604=FACE_BOUND('',#3361,.T.);
#3605=FACE_BOUND('',#3362,.T.);
#3606=FACE_BOUND('',#3363,.T.);
#3607=FACE_BOUND('',#3364,.T.);
#3608=FACE_BOUND('',#3365,.T.);
#3609=FACE_BOUND('',#3366,.T.);
#3610=FACE_BOUND('',#3367,.T.);
#3611=FACE_BOUND('',#3368,.T.);
#3612=FACE_BOUND('',#3369,.T.);
#3613=FACE_BOUND('',#3370,.T.);
#3614=FACE_BOUND('',#3371,.T.);
#3615=FACE_BOUND('',#3372,.T.);
#3616=FACE_BOUND('',#3373,.T.);
#3617=FACE_BOUND('',#3374,.T.);
#3618=FACE_BOUND('',#3375,.T.);
#3619=FACE_BOUND('',#3376,.T.);
#3620=FACE_BOUND('',#3377,.T.);
#3621=FACE_BOUND('',#3378,.T.);
#3622=FACE_BOUND('',#3379,.T.);
#3623=FACE_BOUND('',#3380,.T.);
#3624=FACE_BOUND('',#3381,.T.);
#3625=FACE_BOUND('',#3382,.T.);
#3626=FACE_BOUND('',#3383,.T.);
#3627=FACE_BOUND('',#3384,.T.);
#3628=FACE_BOUND('',#3385,.T.);
#3629=FACE_BOUND('',#3386,.T.);
#3630=FACE_BOUND('',#3387,.T.);
#3631=FACE_BOUND('',#3388,.T.);
#3632=FACE_BOUND('',#3389,.T.);
#3633=FACE_BOUND('',#3390,.T.);
#3634=FACE_BOUND('',#3391,.T.);
#3635=FACE_BOUND('',#3392,.T.);
#3636=FACE_BOUND('',#3393,.T.);
#3637=FACE_BOUND('',#3394,.T.);
#3638=FACE_BOUND('',#3395,.T.);
#3639=FACE_BOUND('',#3396,.T.);
#3640=FACE_BOUND('',#3397,.T.);
#3641=FACE_BOUND('',#3398,.T.);
#3642=FACE_BOUND('',#3399,.T.);
#3643=FACE_BOUND('',#3400,.T.);
#3644=FACE_BOUND('',#3401,.T.);
#3645=FACE_BOUND('',#3402,.T.);
#3646=FACE_BOUND('',#3403,.T.);
#3647=FACE_BOUND('',#3404,.T.);
#3648=FACE_BOUND('',#3405,.T.);
#3649=FACE_BOUND('',#3406,.T.);
#3650=FACE_BOUND('',#3407,.T.);
#3651=FACE_BOUND('',#3408,.T.);
#3652=FACE_BOUND('',#3409,.T.);
#3653=FACE_BOUND('',#3410,.T.);
#3654=CYLINDRICAL_SURFACE('',#3950,0.00625);
#3655=CYLINDRICAL_SURFACE('',#3953,0.00625);
#3656=CYLINDRICAL_SURFACE('',#3960,0.00625);
#3657=CYLINDRICAL_SURFACE('',#3964,0.048);
#3658=CYLINDRICAL_SURFACE('',#3969,0.00625);
#3659=CYLINDRICAL_SURFACE('',#3972,0.00625);
#3660=CYLINDRICAL_SURFACE('',#3975,0.00625);
#3661=CYLINDRICAL_SURFACE('',#3980,0.0025);
#3662=CYLINDRICAL_SURFACE('',#3983,0.0025);
#3663=CYLINDRICAL_SURFACE('',#3986,0.05);
#3664=CYLINDRICAL_SURFACE('',#3993,0.05);
#3665=CYLINDRICAL_SURFACE('',#3998,0.05);
#3666=CYLINDRICAL_SURFACE('',#4002,0.05);
#3667=CYLINDRICAL_SURFACE('',#4007,0.0285);
#3668=CYLINDRICAL_SURFACE('',#4056,0.0295);
#3669=CYLINDRICAL_SURFACE('',#4100,0.0102);
#3670=CYLINDRICAL_SURFACE('',#4102,0.0129);
#3671=CYLINDRICAL_SURFACE('',#4104,0.0147);
#3672=CYLINDRICAL_SURFACE('',#4109,0.0147);
#3673=CYLINDRICAL_SURFACE('',#4112,0.0102);
#3674=CYLINDRICAL_SURFACE('',#4113,0.0129);
#3675=CYLINDRICAL_SURFACE('',#4116,0.0025);
#3676=CYLINDRICAL_SURFACE('',#4119,0.0076);
#3677=CYLINDRICAL_SURFACE('',#4122,0.0076);
#3678=CYLINDRICAL_SURFACE('',#4133,0.00425);
#3679=CYLINDRICAL_SURFACE('',#4141,0.00425);
#3680=CYLINDRICAL_SURFACE('',#4147,0.00425);
#3681=CYLINDRICAL_SURFACE('',#4155,0.00425);
#3682=CYLINDRICAL_SURFACE('',#4162,0.001);
#3683=CYLINDRICAL_SURFACE('',#4163,0.001);
#3684=CYLINDRICAL_SURFACE('',#4164,0.001);
#3685=CYLINDRICAL_SURFACE('',#4165,0.001);
#3686=CYLINDRICAL_SURFACE('',#4166,0.001);
#3687=CYLINDRICAL_SURFACE('',#4167,0.001);
#3688=CYLINDRICAL_SURFACE('',#4168,0.001);
#3689=CYLINDRICAL_SURFACE('',#4171,0.001);
#3690=CYLINDRICAL_SURFACE('',#4173,0.001);
#3691=CYLINDRICAL_SURFACE('',#4177,0.001);
#3692=CYLINDRICAL_SURFACE('',#4178,0.002);
#3693=CYLINDRICAL_SURFACE('',#4180,0.002);
#3694=CYLINDRICAL_SURFACE('',#4182,0.002);
#3695=CYLINDRICAL_SURFACE('',#4184,0.002);
#3696=CYLINDRICAL_SURFACE('',#4186,0.002);
#3697=CYLINDRICAL_SURFACE('',#4189,0.002);
#3698=CYLINDRICAL_SURFACE('',#4191,0.002);
#3699=CYLINDRICAL_SURFACE('',#4193,0.002);
#3700=CYLINDRICAL_SURFACE('',#4195,0.002);
#3701=CYLINDRICAL_SURFACE('',#4197,0.005);
#3702=CYLINDRICAL_SURFACE('',#4200,0.005);
#3703=CYLINDRICAL_SURFACE('',#4203,0.005);
#3704=CYLINDRICAL_SURFACE('',#4206,0.005);
#3705=CYLINDRICAL_SURFACE('',#4209,0.005);
#3706=CYLINDRICAL_SURFACE('',#4212,0.005);
#3707=CYLINDRICAL_SURFACE('',#4290,0.002);
#3708=CYLINDRICAL_SURFACE('',#4291,0.002);
#3709=CYLINDRICAL_SURFACE('',#4292,0.002);
#3710=CYLINDRICAL_SURFACE('',#4293,0.002);
#3711=ADVANCED_FACE('',(#3411),#3654,.T.);
#3712=ADVANCED_FACE('',(#3412),#3655,.T.);
#3713=ADVANCED_FACE('',(#3413),#133,.T.);
#3714=ADVANCED_FACE('',(#3414),#134,.T.);
#3715=ADVANCED_FACE('',(#3415),#3656,.T.);
#3716=ADVANCED_FACE('',(#3416,#3417),#3657,.F.);
#3717=ADVANCED_FACE('',(#3418),#51,.F.);
#3718=ADVANCED_FACE('',(#3419),#3658,.T.);
#3719=ADVANCED_FACE('',(#3420),#3659,.T.);
#3720=ADVANCED_FACE('',(#3421),#3660,.T.);
#3721=ADVANCED_FACE('',(#3422),#52,.T.);
#3722=ADVANCED_FACE('',(#3423,#3424),#3661,.F.);
#3723=ADVANCED_FACE('',(#3425,#3426),#3662,.F.);
#3724=ADVANCED_FACE('',(#3427),#3663,.T.);
#3725=ADVANCED_FACE('',(#3428),#3664,.T.);
#3726=ADVANCED_FACE('',(#3429),#3665,.T.);
#3727=ADVANCED_FACE('',(#3430),#3666,.T.);
#3728=ADVANCED_FACE('',(#3431,#3432),#3667,.F.);
#3729=ADVANCED_FACE('',(#3433,#3434),#53,.T.);
#3730=ADVANCED_FACE('',(#3435,#3436,#3437,#3438,#3439),#54,.F.);
#3731=ADVANCED_FACE('',(#3440,#3441),#55,.T.);
#3732=ADVANCED_FACE('',(#3442,#3443),#3668,.T.);
#3733=ADVANCED_FACE('',(#3444,#3445),#56,.T.);
#3734=ADVANCED_FACE('',(#3446),#57,.F.);
#3735=ADVANCED_FACE('',(#3447),#58,.T.);
#3736=ADVANCED_FACE('',(#3448),#59,.T.);
#3737=ADVANCED_FACE('',(#3449),#60,.F.);
#3738=ADVANCED_FACE('',(#3450),#61,.T.);
#3739=ADVANCED_FACE('',(#3451),#62,.T.);
#3740=ADVANCED_FACE('',(#3452),#63,.T.);
#3741=ADVANCED_FACE('',(#3453),#64,.T.);
#3742=ADVANCED_FACE('',(#3454),#65,.T.);
#3743=ADVANCED_FACE('',(#3455),#66,.T.);
#3744=ADVANCED_FACE('',(#3456),#67,.T.);
#3745=ADVANCED_FACE('',(#3457),#68,.T.);
#3746=ADVANCED_FACE('',(#3458),#69,.T.);
#3747=ADVANCED_FACE('',(#3459),#135,.T.);
#3748=ADVANCED_FACE('',(#3460),#136,.T.);
#3749=ADVANCED_FACE('',(#3461),#70,.F.);
#3750=ADVANCED_FACE('',(#3462),#71,.T.);
#3751=ADVANCED_FACE('',(#3463),#72,.T.);
#3752=ADVANCED_FACE('',(#3464,#3465,#3466),#73,.T.);
#3753=ADVANCED_FACE('',(#3467),#74,.F.);
#3754=ADVANCED_FACE('',(#3468),#3669,.F.);
#3755=ADVANCED_FACE('',(#3469),#75,.F.);
#3756=ADVANCED_FACE('',(#3470),#3670,.F.);
#3757=ADVANCED_FACE('',(#3471),#76,.T.);
#3758=ADVANCED_FACE('',(#3472),#3671,.T.);
#3759=ADVANCED_FACE('',(#3473),#77,.T.);
#3760=ADVANCED_FACE('',(#3474),#78,.F.);
#3761=ADVANCED_FACE('',(#3475),#3672,.T.);
#3762=ADVANCED_FACE('',(#3476),#3673,.F.);
#3763=ADVANCED_FACE('',(#3477),#3674,.F.);
#3764=ADVANCED_FACE('',(#3478),#79,.T.);
#3765=ADVANCED_FACE('',(#3479),#80,.F.);
#3766=ADVANCED_FACE('',(#3480),#3675,.F.);
#3767=ADVANCED_FACE('',(#3481),#81,.T.);
#3768=ADVANCED_FACE('',(#3482),#3676,.F.);
#3769=ADVANCED_FACE('',(#3483,#3484),#82,.T.);
#3770=ADVANCED_FACE('',(#3485),#3677,.F.);
#3771=ADVANCED_FACE('',(#3486),#83,.F.);
#3772=ADVANCED_FACE('',(#3487),#84,.T.);
#3773=ADVANCED_FACE('',(#3488,#3489),#85,.T.);
#3774=ADVANCED_FACE('',(#3490),#86,.T.);
#3775=ADVANCED_FACE('',(#3491),#3678,.F.);
#3776=ADVANCED_FACE('',(#3492),#87,.F.);
#3777=ADVANCED_FACE('',(#3493),#88,.F.);
#3778=ADVANCED_FACE('',(#3494),#89,.T.);
#3779=ADVANCED_FACE('',(#3495),#90,.F.);
#3780=ADVANCED_FACE('',(#3496),#3679,.F.);
#3781=ADVANCED_FACE('',(#3497),#91,.F.);
#3782=ADVANCED_FACE('',(#3498),#92,.T.);
#3783=ADVANCED_FACE('',(#3499),#3680,.F.);
#3784=ADVANCED_FACE('',(#3500),#93,.F.);
#3785=ADVANCED_FACE('',(#3501),#94,.F.);
#3786=ADVANCED_FACE('',(#3502),#95,.T.);
#3787=ADVANCED_FACE('',(#3503),#96,.F.);
#3788=ADVANCED_FACE('',(#3504),#3681,.F.);
#3789=ADVANCED_FACE('',(#3505),#97,.F.);
#3790=ADVANCED_FACE('',(#3506),#98,.F.);
#3791=ADVANCED_FACE('',(#3507),#99,.T.);
#3792=ADVANCED_FACE('',(#3508),#100,.F.);
#3793=ADVANCED_FACE('',(#3509),#101,.F.);
#3794=ADVANCED_FACE('',(#3510),#3682,.T.);
#3795=ADVANCED_FACE('',(#3511),#3683,.T.);
#3796=ADVANCED_FACE('',(#3512),#3684,.T.);
#3797=ADVANCED_FACE('',(#3513),#3685,.T.);
#3798=ADVANCED_FACE('',(#3514),#3686,.T.);
#3799=ADVANCED_FACE('',(#3515),#3687,.T.);
#3800=ADVANCED_FACE('',(#3516),#3688,.T.);
#3801=ADVANCED_FACE('',(#3517),#3689,.T.);
#3802=ADVANCED_FACE('',(#3518),#3690,.T.);
#3803=ADVANCED_FACE('',(#3519),#24,.T.);
#3804=ADVANCED_FACE('',(#3520),#3691,.T.);
#3805=ADVANCED_FACE('',(#3521),#3692,.T.);
#3806=ADVANCED_FACE('',(#3522),#3693,.T.);
#3807=ADVANCED_FACE('',(#3523),#3694,.F.);
#3808=ADVANCED_FACE('',(#3524),#3695,.F.);
#3809=ADVANCED_FACE('',(#3525),#3696,.F.);
#3810=ADVANCED_FACE('',(#3526),#3697,.F.);
#3811=ADVANCED_FACE('',(#3527),#3698,.F.);
#3812=ADVANCED_FACE('',(#3528),#3699,.F.);
#3813=ADVANCED_FACE('',(#3529),#3700,.F.);
#3814=ADVANCED_FACE('',(#3530),#3701,.F.);
#3815=ADVANCED_FACE('',(#3531),#3702,.F.);
#3816=ADVANCED_FACE('',(#3532),#3703,.F.);
#3817=ADVANCED_FACE('',(#3533),#3704,.F.);
#3818=ADVANCED_FACE('',(#3534),#3705,.T.);
#3819=ADVANCED_FACE('',(#3535),#3706,.T.);
#3820=ADVANCED_FACE('',(#3536),#102,.F.);
#3821=ADVANCED_FACE('',(#3537),#137,.T.);
#3822=ADVANCED_FACE('',(#3538),#103,.F.);
#3823=ADVANCED_FACE('',(#3539),#138,.T.);
#3824=ADVANCED_FACE('',(#3540),#104,.T.);
#3825=ADVANCED_FACE('',(#3541),#139,.F.);
#3826=ADVANCED_FACE('',(#3542),#140,.T.);
#3827=ADVANCED_FACE('',(#3543),#105,.F.);
#3828=ADVANCED_FACE('',(#3544),#141,.F.);
#3829=ADVANCED_FACE('',(#3545),#142,.F.);
#3830=ADVANCED_FACE('',(#3546),#106,.F.);
#3831=ADVANCED_FACE('',(#3547),#143,.T.);
#3832=ADVANCED_FACE('',(#3548),#144,.F.);
#3833=ADVANCED_FACE('',(#3549),#107,.F.);
#3834=ADVANCED_FACE('',(#3550),#145,.T.);
#3835=ADVANCED_FACE('',(#3551),#108,.F.);
#3836=ADVANCED_FACE('',(#3552),#146,.T.);
#3837=ADVANCED_FACE('',(#3553),#109,.T.);
#3838=ADVANCED_FACE('',(#3554),#12,.T.);
#3839=ADVANCED_FACE('',(#3555),#13,.T.);
#3840=ADVANCED_FACE('',(#3556),#14,.T.);
#3841=ADVANCED_FACE('',(#3557),#15,.T.);
#3842=ADVANCED_FACE('',(#3558),#147,.F.);
#3843=ADVANCED_FACE('',(#3559),#16,.T.);
#3844=ADVANCED_FACE('',(#3560),#148,.T.);
#3845=ADVANCED_FACE('',(#3561),#149,.F.);
#3846=ADVANCED_FACE('',(#3562),#150,.F.);
#3847=ADVANCED_FACE('',(#3563),#151,.T.);
#3848=ADVANCED_FACE('',(#3564),#17,.T.);
#3849=ADVANCED_FACE('',(#3565),#152,.F.);
#3850=ADVANCED_FACE('',(#3566),#18,.T.);
#3851=ADVANCED_FACE('',(#3567),#110,.T.);
#3852=ADVANCED_FACE('',(#3568),#19,.T.);
#3853=ADVANCED_FACE('',(#3569),#153,.T.);
#3854=ADVANCED_FACE('',(#3570),#20,.T.);
#3855=ADVANCED_FACE('',(#3571),#154,.F.);
#3856=ADVANCED_FACE('',(#3572),#21,.T.);
#3857=ADVANCED_FACE('',(#3573),#111,.T.);
#3858=ADVANCED_FACE('',(#3574),#155,.F.);
#3859=ADVANCED_FACE('',(#3575),#156,.T.);
#3860=ADVANCED_FACE('',(#3576),#157,.T.);
#3861=ADVANCED_FACE('',(#3577),#112,.T.);
#3862=ADVANCED_FACE('',(#3578),#158,.F.);
#3863=ADVANCED_FACE('',(#3579),#159,.T.);
#3864=ADVANCED_FACE('',(#3580),#113,.T.);
#3865=ADVANCED_FACE('',(#3581),#114,.F.);
#3866=ADVANCED_FACE('',(#3582),#160,.T.);
#3867=ADVANCED_FACE('',(#3583),#161,.F.);
#3868=ADVANCED_FACE('',(#3584),#115,.F.);
#3869=ADVANCED_FACE('',(#3585),#162,.T.);
#3870=ADVANCED_FACE('',(#3586),#163,.T.);
#3871=ADVANCED_FACE('',(#3587),#116,.T.);
#3872=ADVANCED_FACE('',(#3588),#117,.F.);
#3873=ADVANCED_FACE('',(#3589),#164,.F.);
#3874=ADVANCED_FACE('',(#3590),#165,.F.);
#3875=ADVANCED_FACE('',(#3591),#166,.T.);
#3876=ADVANCED_FACE('',(#3592,#3593),#167,.F.);
#3877=ADVANCED_FACE('',(#3594),#168,.T.);
#3878=ADVANCED_FACE('',(#3595),#169,.T.);
#3879=ADVANCED_FACE('',(#3596),#170,.T.);
#3880=ADVANCED_FACE('',(#3597),#171,.T.);
#3881=ADVANCED_FACE('',(#3598),#172,.T.);
#3882=ADVANCED_FACE('',(#3599),#173,.F.);
#3883=ADVANCED_FACE('',(#3600),#118,.T.);
#3884=ADVANCED_FACE('',(#3601),#119,.F.);
#3885=ADVANCED_FACE('',(#3602),#174,.F.);
#3886=ADVANCED_FACE('',(#3603),#175,.T.);
#3887=ADVANCED_FACE('',(#3604),#176,.T.);
#3888=ADVANCED_FACE('',(#3605),#177,.F.);
#3889=ADVANCED_FACE('',(#3606),#120,.T.);
#3890=ADVANCED_FACE('',(#3607),#121,.F.);
#3891=ADVANCED_FACE('',(#3608),#178,.F.);
#3892=ADVANCED_FACE('',(#3609),#179,.T.);
#3893=ADVANCED_FACE('',(#3610),#122,.F.);
#3894=ADVANCED_FACE('',(#3611),#180,.F.);
#3895=ADVANCED_FACE('',(#3612),#181,.T.);
#3896=ADVANCED_FACE('',(#3613),#182,.T.);
#3897=ADVANCED_FACE('',(#3614),#183,.F.);
#3898=ADVANCED_FACE('',(#3615),#123,.T.);
#3899=ADVANCED_FACE('',(#3616),#184,.T.);
#3900=ADVANCED_FACE('',(#3617),#185,.T.);
#3901=ADVANCED_FACE('',(#3618),#124,.F.);
#3902=ADVANCED_FACE('',(#3619),#186,.T.);
#3903=ADVANCED_FACE('',(#3620),#187,.T.);
#3904=ADVANCED_FACE('',(#3621),#125,.T.);
#3905=ADVANCED_FACE('',(#3622),#3707,.T.);
#3906=ADVANCED_FACE('',(#3623),#3708,.T.);
#3907=ADVANCED_FACE('',(#3624),#3709,.T.);
#3908=ADVANCED_FACE('',(#3625),#3710,.T.);
#3909=ADVANCED_FACE('',(#3626),#25,.T.);
#3910=ADVANCED_FACE('',(#3627),#26,.T.);
#3911=ADVANCED_FACE('',(#3628),#22,.T.);
#3912=ADVANCED_FACE('',(#3629),#27,.T.);
#3913=ADVANCED_FACE('',(#3630),#28,.T.);
#3914=ADVANCED_FACE('',(#3631),#29,.T.);
#3915=ADVANCED_FACE('',(#3632),#30,.T.);
#3916=ADVANCED_FACE('',(#3633),#31,.T.);
#3917=ADVANCED_FACE('',(#3634),#32,.T.);
#3918=ADVANCED_FACE('',(#3635),#33,.T.);
#3919=ADVANCED_FACE('',(#3636),#34,.T.);
#3920=ADVANCED_FACE('',(#3637),#35,.T.);
#3921=ADVANCED_FACE('',(#3638),#36,.T.);
#3922=ADVANCED_FACE('',(#3639),#37,.T.);
#3923=ADVANCED_FACE('',(#3640),#38,.T.);
#3924=ADVANCED_FACE('',(#3641),#23,.T.);
#3925=ADVANCED_FACE('',(#3642),#39,.T.);
#3926=ADVANCED_FACE('',(#3643),#40,.T.);
#3927=ADVANCED_FACE('',(#3644),#41,.T.);
#3928=ADVANCED_FACE('',(#3645),#42,.T.);
#3929=ADVANCED_FACE('',(#3646),#43,.T.);
#3930=ADVANCED_FACE('',(#3647),#44,.T.);
#3931=ADVANCED_FACE('',(#3648),#45,.T.);
#3932=ADVANCED_FACE('',(#3649),#46,.T.);
#3933=ADVANCED_FACE('',(#3650),#47,.T.);
#3934=ADVANCED_FACE('',(#3651),#48,.T.);
#3935=ADVANCED_FACE('',(#3652),#49,.T.);
#3936=ADVANCED_FACE('',(#3653),#50,.T.);
#3937=CLOSED_SHELL('',(#3711,#3712,#3713,#3714,#3715,#3716,#3717,#3718,
#3719,#3720,#3721,#3722,#3723,#3724,#3725,#3726,#3727,#3728,#3729,#3730,
#3731,#3732,#3733,#3734,#3735,#3736,#3737,#3738,#3739,#3740,#3741,#3742,
#3743,#3744,#3745,#3746,#3747,#3748,#3749,#3750,#3751,#3752,#3753,#3754,
#3755,#3756,#3757,#3758,#3759,#3760,#3761,#3762,#3763,#3764,#3765,#3766,
#3767,#3768,#3769,#3770,#3771,#3772,#3773,#3774,#3775,#3776,#3777,#3778,
#3779,#3780,#3781,#3782,#3783,#3784,#3785,#3786,#3787,#3788,#3789,#3790,
#3791,#3792,#3793,#3794,#3795,#3796,#3797,#3798,#3799,#3800,#3801,#3802,
#3803,#3804,#3805,#3806,#3807,#3808,#3809,#3810,#3811,#3812,#3813,#3814,
#3815,#3816,#3817,#3818,#3819,#3820,#3821,#3822,#3823,#3824,#3825,#3826,
#3827,#3828,#3829,#3830,#3831,#3832,#3833,#3834,#3835,#3836,#3837,#3838,
#3839,#3840,#3841,#3842,#3843,#3844,#3845,#3846,#3847,#3848,#3849,#3850,
#3851,#3852,#3853,#3854,#3855,#3856,#3857,#3858,#3859,#3860,#3861,#3862,
#3863,#3864,#3865,#3866,#3867,#3868,#3869,#3870,#3871,#3872,#3873,#3874,
#3875,#3876,#3877,#3878,#3879,#3880,#3881,#3882,#3883,#3884,#3885,#3886,
#3887,#3888,#3889,#3890,#3891,#3892,#3893,#3894,#3895,#3896,#3897,#3898,
#3899,#3900,#3901,#3902,#3903,#3904,#3905,#3906,#3907,#3908,#3909,#3910,
#3911,#3912,#3913,#3914,#3915,#3916,#3917,#3918,#3919,#3920,#3921,#3922,
#3923,#3924,#3925,#3926,#3927,#3928,#3929,#3930,#3931,#3932,#3933,#3934,
#3935,#3936));
#3938=STYLED_ITEM('',(#3939),#3946);
#3939=PRESENTATION_STYLE_ASSIGNMENT((#3940));
#3940=SURFACE_STYLE_USAGE(.BOTH.,#3941);
#3941=SURFACE_SIDE_STYLE('',(#3942));
#3942=SURFACE_STYLE_FILL_AREA(#3943);
#3943=FILL_AREA_STYLE('',(#3944));
#3944=FILL_AREA_STYLE_COLOUR('',#3945);
#3945=COLOUR_RGB('',0.615686274509804,0.811764705882353,0.929411764705882);
#3946=MANIFOLD_SOLID_BREP('IR Ring Light Lampshade',#3937);
#3947=SHAPE_DEFINITION_REPRESENTATION(#7717,#3948);
#3948=SHAPE_REPRESENTATION('IR Ring Light Lampshade',(#3949),#7712);
#3949=AXIS2_PLACEMENT_3D('',#5277,#4302,#4303);
#3950=AXIS2_PLACEMENT_3D('',#5278,#4304,#4305);
#3951=AXIS2_PLACEMENT_3D('',#5290,#4307,#4308);
#3952=AXIS2_PLACEMENT_3D('',#5294,#4310,#4311);
#3953=AXIS2_PLACEMENT_3D('',#5295,#4312,#4313);
#3954=AXIS2_PLACEMENT_3D('',#5307,#4315,#4316);
#3955=AXIS2_PLACEMENT_3D('',#5311,#4318,#4319);
#3956=AXIS2_PLACEMENT_3D('',#5312,#4320,#4321);
#3957=AXIS2_PLACEMENT_3D('',#5313,#4322,#4323);
#3958=AXIS2_PLACEMENT_3D('',#5325,#4324,#4325);
#3959=AXIS2_PLACEMENT_3D('',#5337,#4326,#4327);
#3960=AXIS2_PLACEMENT_3D('',#5338,#4328,#4329);
#3961=AXIS2_PLACEMENT_3D('',#5339,#4330,#4331);
#3962=AXIS2_PLACEMENT_3D('',#5344,#4333,#4334);
#3963=AXIS2_PLACEMENT_3D('',#5348,#4336,#4337);
#3964=AXIS2_PLACEMENT_3D('',#5349,#4338,#4339);
#3965=AXIS2_PLACEMENT_3D('',#5350,#4340,#4341);
#3966=AXIS2_PLACEMENT_3D('',#5352,#4342,#4343);
#3967=AXIS2_PLACEMENT_3D('',#5357,#4345,#4346);
#3968=AXIS2_PLACEMENT_3D('',#5360,#4348,#4349);
#3969=AXIS2_PLACEMENT_3D('',#5382,#4361,#4362);
#3970=AXIS2_PLACEMENT_3D('',#5383,#4363,#4364);
#3971=AXIS2_PLACEMENT_3D('',#5395,#4366,#4367);
#3972=AXIS2_PLACEMENT_3D('',#5398,#4369,#4370);
#3973=AXIS2_PLACEMENT_3D('',#5399,#4371,#4372);
#3974=AXIS2_PLACEMENT_3D('',#5411,#4374,#4375);
#3975=AXIS2_PLACEMENT_3D('',#5414,#4377,#4378);
#3976=AXIS2_PLACEMENT_3D('',#5415,#4379,#4380);
#3977=AXIS2_PLACEMENT_3D('',#5420,#4382,#4383);
#3978=AXIS2_PLACEMENT_3D('',#5422,#4384,#4385);
#3979=AXIS2_PLACEMENT_3D('',#5425,#4387,#4388);
#3980=AXIS2_PLACEMENT_3D('',#5442,#4397,#4398);
#3981=AXIS2_PLACEMENT_3D('',#5443,#4399,#4400);
#3982=AXIS2_PLACEMENT_3D('',#5445,#4401,#4402);
#3983=AXIS2_PLACEMENT_3D('',#5447,#4403,#4404);
#3984=AXIS2_PLACEMENT_3D('',#5448,#4405,#4406);
#3985=AXIS2_PLACEMENT_3D('',#5450,#4407,#4408);
#3986=AXIS2_PLACEMENT_3D('',#5452,#4409,#4410);
#3987=AXIS2_PLACEMENT_3D('',#5456,#4412,#4413);
#3988=AXIS2_PLACEMENT_3D('',#5460,#4415,#4416);
#3989=AXIS2_PLACEMENT_3D('',#5464,#4418,#4419);
#3990=AXIS2_PLACEMENT_3D('',#5468,#4421,#4422);
#3991=AXIS2_PLACEMENT_3D('',#5472,#4424,#4425);
#3992=AXIS2_PLACEMENT_3D('',#5476,#4427,#4428);
#3993=AXIS2_PLACEMENT_3D('',#5477,#4429,#4430);
#3994=AXIS2_PLACEMENT_3D('',#5478,#4431,#4432);
#3995=AXIS2_PLACEMENT_3D('',#5488,#4434,#4435);
#3996=AXIS2_PLACEMENT_3D('',#5492,#4437,#4438);
#3997=AXIS2_PLACEMENT_3D('',#5496,#4440,#4441);
#3998=AXIS2_PLACEMENT_3D('',#5499,#4443,#4444);
#3999=AXIS2_PLACEMENT_3D('',#5508,#4446,#4447);
#4000=AXIS2_PLACEMENT_3D('',#5513,#4450,#4451);
#4001=AXIS2_PLACEMENT_3D('',#5517,#4453,#4454);
#4002=AXIS2_PLACEMENT_3D('',#5518,#4455,#4456);
#4003=AXIS2_PLACEMENT_3D('',#5519,#4457,#4458);
#4004=AXIS2_PLACEMENT_3D('',#5529,#4460,#4461);
#4005=AXIS2_PLACEMENT_3D('',#5533,#4463,#4464);
#4006=AXIS2_PLACEMENT_3D('',#5537,#4466,#4467);
#4007=AXIS2_PLACEMENT_3D('',#5545,#4469,#4470);
#4008=AXIS2_PLACEMENT_3D('',#5546,#4471,#4472);
#4009=AXIS2_PLACEMENT_3D('',#5548,#4473,#4474);
#4010=AXIS2_PLACEMENT_3D('',#5550,#4475,#4476);
#4011=AXIS2_PLACEMENT_3D('',#5552,#4478,#4479);
#4012=AXIS2_PLACEMENT_3D('',#5556,#4482,#4483);
#4013=AXIS2_PLACEMENT_3D('',#5558,#4484,#4485);
#4014=AXIS2_PLACEMENT_3D('',#5559,#4486,#4487);
#4015=AXIS2_PLACEMENT_3D('',#5561,#4488,#4489);
#4016=AXIS2_PLACEMENT_3D('',#5569,#4490,#4491);
#4017=AXIS2_PLACEMENT_3D('',#5571,#4492,#4493);
#4018=AXIS2_PLACEMENT_3D('',#5573,#4494,#4495);
#4019=AXIS2_PLACEMENT_3D('',#5580,#4496,#4497);
#4020=AXIS2_PLACEMENT_3D('',#5587,#4498,#4499);
#4021=AXIS2_PLACEMENT_3D('',#5589,#4500,#4501);
#4022=AXIS2_PLACEMENT_3D('',#5591,#4502,#4503);
#4023=AXIS2_PLACEMENT_3D('',#5599,#4507,#4508);
#4024=AXIS2_PLACEMENT_3D('',#5601,#4509,#4510);
#4025=AXIS2_PLACEMENT_3D('',#5603,#4511,#4512);
#4026=AXIS2_PLACEMENT_3D('',#5607,#4514,#4515);
#4027=AXIS2_PLACEMENT_3D('',#5609,#4516,#4517);
#4028=AXIS2_PLACEMENT_3D('',#5613,#4519,#4520);
#4029=AXIS2_PLACEMENT_3D('',#5617,#4522,#4523);
#4030=AXIS2_PLACEMENT_3D('',#5621,#4525,#4526);
#4031=AXIS2_PLACEMENT_3D('',#5623,#4527,#4528);
#4032=AXIS2_PLACEMENT_3D('',#5627,#4530,#4531);
#4033=AXIS2_PLACEMENT_3D('',#5629,#4532,#4533);
#4034=AXIS2_PLACEMENT_3D('',#5631,#4534,#4535);
#4035=AXIS2_PLACEMENT_3D('',#5637,#4536,#4537);
#4036=AXIS2_PLACEMENT_3D('',#5642,#4539,#4540);
#4037=AXIS2_PLACEMENT_3D('',#5646,#4542,#4543);
#4038=AXIS2_PLACEMENT_3D('',#5650,#4545,#4546);
#4039=AXIS2_PLACEMENT_3D('',#5653,#4548,#4549);
#4040=AXIS2_PLACEMENT_3D('',#5654,#4550,#4551);
#4041=AXIS2_PLACEMENT_3D('',#5667,#4553,#4554);
#4042=AXIS2_PLACEMENT_3D('',#5679,#4556,#4557);
#4043=AXIS2_PLACEMENT_3D('',#5685,#4560,#4561);
#4044=AXIS2_PLACEMENT_3D('',#5688,#4563,#4564);
#4045=AXIS2_PLACEMENT_3D('',#5692,#4566,#4567);
#4046=AXIS2_PLACEMENT_3D('',#5696,#4569,#4570);
#4047=AXIS2_PLACEMENT_3D('',#5701,#4573,#4574);
#4048=AXIS2_PLACEMENT_3D('',#5706,#4577,#4578);
#4049=AXIS2_PLACEMENT_3D('',#5710,#4580,#4581);
#4050=AXIS2_PLACEMENT_3D('',#5714,#4583,#4584);
#4051=AXIS2_PLACEMENT_3D('',#5719,#4587,#4588);
#4052=AXIS2_PLACEMENT_3D('',#5724,#4591,#4592);
#4053=AXIS2_PLACEMENT_3D('',#5728,#4594,#4595);
#4054=AXIS2_PLACEMENT_3D('',#5732,#4597,#4598);
#4055=AXIS2_PLACEMENT_3D('',#5737,#4601,#4602);
#4056=AXIS2_PLACEMENT_3D('',#5742,#4605,#4606);
#4057=AXIS2_PLACEMENT_3D('',#5743,#4607,#4608);
#4058=AXIS2_PLACEMENT_3D('',#5745,#4609,#4610);
#4059=AXIS2_PLACEMENT_3D('',#5746,#4611,#4612);
#4060=AXIS2_PLACEMENT_3D('',#5762,#4616,#4617);
#4061=AXIS2_PLACEMENT_3D('',#5778,#4621,#4622);
#4062=AXIS2_PLACEMENT_3D('',#5794,#4626,#4627);
#4063=AXIS2_PLACEMENT_3D('',#5810,#4631,#4632);
#4064=AXIS2_PLACEMENT_3D('',#5822,#4639,#4640);
#4065=AXIS2_PLACEMENT_3D('',#5842,#4644,#4645);
#4066=AXIS2_PLACEMENT_3D('',#5862,#4649,#4650);
#4067=AXIS2_PLACEMENT_3D('',#5882,#4653,#4654);
#4068=AXIS2_PLACEMENT_3D('',#5903,#4657,#4658);
#4069=AXIS2_PLACEMENT_3D('',#5923,#4661,#4662);
#4070=AXIS2_PLACEMENT_3D('',#5944,#4665,#4666);
#4071=AXIS2_PLACEMENT_3D('',#5964,#4669,#4670);
#4072=AXIS2_PLACEMENT_3D('',#5985,#4673,#4674);
#4073=AXIS2_PLACEMENT_3D('',#6041,#4675,#4676);
#4074=AXIS2_PLACEMENT_3D('',#6097,#4677,#4678);
#4075=AXIS2_PLACEMENT_3D('',#6106,#4683,#4684);
#4076=AXIS2_PLACEMENT_3D('',#6115,#4689,#4690);
#4077=AXIS2_PLACEMENT_3D('',#6124,#4695,#4696);
#4078=AXIS2_PLACEMENT_3D('',#6128,#4698,#4699);
#4079=AXIS2_PLACEMENT_3D('',#6132,#4701,#4702);
#4080=AXIS2_PLACEMENT_3D('',#6144,#4704,#4705);
#4081=AXIS2_PLACEMENT_3D('',#6148,#4707,#4708);
#4082=AXIS2_PLACEMENT_3D('',#6149,#4709,#4710);
#4083=AXIS2_PLACEMENT_3D('',#6153,#4712,#4713);
#4084=AXIS2_PLACEMENT_3D('',#6155,#4714,#4715);
#4085=AXIS2_PLACEMENT_3D('',#6159,#4717,#4718);
#4086=AXIS2_PLACEMENT_3D('',#6163,#4720,#4721);
#4087=AXIS2_PLACEMENT_3D('',#6167,#4723,#4724);
#4088=AXIS2_PLACEMENT_3D('',#6171,#4726,#4727);
#4089=AXIS2_PLACEMENT_3D('',#6175,#4729,#4730);
#4090=AXIS2_PLACEMENT_3D('',#6179,#4732,#4733);
#4091=AXIS2_PLACEMENT_3D('',#6181,#4734,#4735);
#4092=AXIS2_PLACEMENT_3D('',#6185,#4737,#4738);
#4093=AXIS2_PLACEMENT_3D('',#6188,#4740,#4741);
#4094=AXIS2_PLACEMENT_3D('',#6200,#4743,#4744);
#4095=AXIS2_PLACEMENT_3D('',#6201,#4745,#4746);
#4096=AXIS2_PLACEMENT_3D('',#6206,#4748,#4749);
#4097=AXIS2_PLACEMENT_3D('',#6210,#4751,#4752);
#4098=AXIS2_PLACEMENT_3D('',#6214,#4754,#4755);
#4099=AXIS2_PLACEMENT_3D('',#6217,#4757,#4758);
#4100=AXIS2_PLACEMENT_3D('',#6220,#4761,#4762);
#4101=AXIS2_PLACEMENT_3D('',#6222,#4764,#4765);
#4102=AXIS2_PLACEMENT_3D('',#6224,#4767,#4768);
#4103=AXIS2_PLACEMENT_3D('',#6226,#4770,#4771);
#4104=AXIS2_PLACEMENT_3D('',#6228,#4773,#4774);
#4105=AXIS2_PLACEMENT_3D('',#6232,#4776,#4777);
#4106=AXIS2_PLACEMENT_3D('',#6233,#4778,#4779);
#4107=AXIS2_PLACEMENT_3D('',#6234,#4780,#4781);
#4108=AXIS2_PLACEMENT_3D('',#6243,#4786,#4787);
#4109=AXIS2_PLACEMENT_3D('',#6252,#4792,#4793);
#4110=AXIS2_PLACEMENT_3D('',#6253,#4794,#4795);
#4111=AXIS2_PLACEMENT_3D('',#6257,#4797,#4798);
#4112=AXIS2_PLACEMENT_3D('',#6258,#4799,#4800);
#4113=AXIS2_PLACEMENT_3D('',#6260,#4802,#4803);
#4114=AXIS2_PLACEMENT_3D('',#6262,#4805,#4806);
#4115=AXIS2_PLACEMENT_3D('',#6263,#4807,#4808);
#4116=AXIS2_PLACEMENT_3D('',#6269,#4812,#4813);
#4117=AXIS2_PLACEMENT_3D('',#6272,#4815,#4816);
#4118=AXIS2_PLACEMENT_3D('',#6273,#4817,#4818);
#4119=AXIS2_PLACEMENT_3D('',#6277,#4821,#4822);
#4120=AXIS2_PLACEMENT_3D('',#6278,#4823,#4824);
#4121=AXIS2_PLACEMENT_3D('',#6279,#4825,#4826);
#4122=AXIS2_PLACEMENT_3D('',#6280,#4827,#4828);
#4123=AXIS2_PLACEMENT_3D('',#6284,#4830,#4831);
#4124=AXIS2_PLACEMENT_3D('',#6285,#4832,#4833);
#4125=AXIS2_PLACEMENT_3D('',#6289,#4835,#4836);
#4126=AXIS2_PLACEMENT_3D('',#6290,#4837,#4838);
#4127=AXIS2_PLACEMENT_3D('',#6296,#4842,#4843);
#4128=AXIS2_PLACEMENT_3D('',#6302,#4847,#4848);
#4129=AXIS2_PLACEMENT_3D('',#6303,#4849,#4850);
#4130=AXIS2_PLACEMENT_3D('',#6304,#4851,#4852);
#4131=AXIS2_PLACEMENT_3D('',#6305,#4853,#4854);
#4132=AXIS2_PLACEMENT_3D('',#6308,#4856,#4857);
#4133=AXIS2_PLACEMENT_3D('',#6311,#4859,#4860);
#4134=AXIS2_PLACEMENT_3D('',#6314,#4862,#4863);
#4135=AXIS2_PLACEMENT_3D('',#6317,#4865,#4866);
#4136=AXIS2_PLACEMENT_3D('',#6321,#4869,#4870);
#4137=AXIS2_PLACEMENT_3D('',#6325,#4873,#4874);
#4138=AXIS2_PLACEMENT_3D('',#6331,#4875,#4876);
#4139=AXIS2_PLACEMENT_3D('',#6332,#4877,#4878);
#4140=AXIS2_PLACEMENT_3D('',#6333,#4879,#4880);
#4141=AXIS2_PLACEMENT_3D('',#6339,#4884,#4885);
#4142=AXIS2_PLACEMENT_3D('',#6342,#4887,#4888);
#4143=AXIS2_PLACEMENT_3D('',#6343,#4889,#4890);
#4144=AXIS2_PLACEMENT_3D('',#6347,#4893,#4894);
#4145=AXIS2_PLACEMENT_3D('',#6353,#4895,#4896);
#4146=AXIS2_PLACEMENT_3D('',#6354,#4897,#4898);
#4147=AXIS2_PLACEMENT_3D('',#6355,#4899,#4900);
#4148=AXIS2_PLACEMENT_3D('',#6358,#4902,#4903);
#4149=AXIS2_PLACEMENT_3D('',#6361,#4905,#4906);
#4150=AXIS2_PLACEMENT_3D('',#6365,#4909,#4910);
#4151=AXIS2_PLACEMENT_3D('',#6369,#4913,#4914);
#4152=AXIS2_PLACEMENT_3D('',#6375,#4915,#4916);
#4153=AXIS2_PLACEMENT_3D('',#6376,#4917,#4918);
#4154=AXIS2_PLACEMENT_3D('',#6377,#4919,#4920);
#4155=AXIS2_PLACEMENT_3D('',#6383,#4922,#4923);
#4156=AXIS2_PLACEMENT_3D('',#6385,#4925,#4926);
#4157=AXIS2_PLACEMENT_3D('',#6390,#4927,#4928);
#4158=AXIS2_PLACEMENT_3D('',#6394,#4931,#4932);
#4159=AXIS2_PLACEMENT_3D('',#6396,#4934,#4935);
#4160=AXIS2_PLACEMENT_3D('',#6398,#4937,#4938);
#4161=AXIS2_PLACEMENT_3D('',#6399,#4939,#4940);
#4162=AXIS2_PLACEMENT_3D('',#6400,#4941,#4942);
#4163=AXIS2_PLACEMENT_3D('',#6401,#4943,#4944);
#4164=AXIS2_PLACEMENT_3D('',#6402,#4945,#4946);
#4165=AXIS2_PLACEMENT_3D('',#6403,#4947,#4948);
#4166=AXIS2_PLACEMENT_3D('',#6404,#4949,#4950);
#4167=AXIS2_PLACEMENT_3D('',#6405,#4951,#4952);
#4168=AXIS2_PLACEMENT_3D('',#6406,#4953,#4954);
#4169=AXIS2_PLACEMENT_3D('',#6407,#4955,#4956);
#4170=AXIS2_PLACEMENT_3D('',#6408,#4957,#4958);
#4171=AXIS2_PLACEMENT_3D('',#6409,#4959,#4960);
#4172=AXIS2_PLACEMENT_3D('',#6410,#4961,#4962);
#4173=AXIS2_PLACEMENT_3D('',#6411,#4963,#4964);
#4174=AXIS2_PLACEMENT_3D('',#6412,#4965,#4966);
#4175=AXIS2_PLACEMENT_3D('',#6413,#4967,#4968);
#4176=AXIS2_PLACEMENT_3D('',#6435,#4969,#4970);
#4177=AXIS2_PLACEMENT_3D('',#6436,#4971,#4972);
#4178=AXIS2_PLACEMENT_3D('',#6437,#4973,#4974);
#4179=AXIS2_PLACEMENT_3D('',#6438,#4975,#4976);
#4180=AXIS2_PLACEMENT_3D('',#6439,#4977,#4978);
#4181=AXIS2_PLACEMENT_3D('',#6440,#4979,#4980);
#4182=AXIS2_PLACEMENT_3D('',#6441,#4981,#4982);
#4183=AXIS2_PLACEMENT_3D('',#6454,#4983,#4984);
#4184=AXIS2_PLACEMENT_3D('',#6459,#4985,#4986);
#4185=AXIS2_PLACEMENT_3D('',#6476,#4987,#4988);
#4186=AXIS2_PLACEMENT_3D('',#6477,#4989,#4990);
#4187=AXIS2_PLACEMENT_3D('',#6478,#4991,#4992);
#4188=AXIS2_PLACEMENT_3D('',#6479,#4993,#4994);
#4189=AXIS2_PLACEMENT_3D('',#6480,#4995,#4996);
#4190=AXIS2_PLACEMENT_3D('',#6481,#4997,#4998);
#4191=AXIS2_PLACEMENT_3D('',#6482,#4999,#5000);
#4192=AXIS2_PLACEMENT_3D('',#6483,#5001,#5002);
#4193=AXIS2_PLACEMENT_3D('',#6484,#5003,#5004);
#4194=AXIS2_PLACEMENT_3D('',#6501,#5005,#5006);
#4195=AXIS2_PLACEMENT_3D('',#6502,#5007,#5008);
#4196=AXIS2_PLACEMENT_3D('',#6515,#5009,#5010);
#4197=AXIS2_PLACEMENT_3D('',#6520,#5011,#5012);
#4198=AXIS2_PLACEMENT_3D('',#6521,#5013,#5014);
#4199=AXIS2_PLACEMENT_3D('',#6522,#5015,#5016);
#4200=AXIS2_PLACEMENT_3D('',#6523,#5017,#5018);
#4201=AXIS2_PLACEMENT_3D('',#6524,#5019,#5020);
#4202=AXIS2_PLACEMENT_3D('',#6525,#5021,#5022);
#4203=AXIS2_PLACEMENT_3D('',#6526,#5023,#5024);
#4204=AXIS2_PLACEMENT_3D('',#6527,#5025,#5026);
#4205=AXIS2_PLACEMENT_3D('',#6528,#5027,#5028);
#4206=AXIS2_PLACEMENT_3D('',#6529,#5029,#5030);
#4207=AXIS2_PLACEMENT_3D('',#6530,#5031,#5032);
#4208=AXIS2_PLACEMENT_3D('',#6531,#5033,#5034);
#4209=AXIS2_PLACEMENT_3D('',#6532,#5035,#5036);
#4210=AXIS2_PLACEMENT_3D('',#6533,#5037,#5038);
#4211=AXIS2_PLACEMENT_3D('',#6534,#5039,#5040);
#4212=AXIS2_PLACEMENT_3D('',#6535,#5041,#5042);
#4213=AXIS2_PLACEMENT_3D('',#6536,#5043,#5044);
#4214=AXIS2_PLACEMENT_3D('',#6537,#5045,#5046);
#4215=AXIS2_PLACEMENT_3D('',#6538,#5047,#5048);
#4216=AXIS2_PLACEMENT_3D('',#6540,#5050,#5051);
#4217=AXIS2_PLACEMENT_3D('',#6542,#5053,#5054);
#4218=AXIS2_PLACEMENT_3D('',#6544,#5056,#5057);
#4219=AXIS2_PLACEMENT_3D('',#6546,#5059,#5060);
#4220=AXIS2_PLACEMENT_3D('',#6548,#5062,#5063);
#4221=AXIS2_PLACEMENT_3D('',#6550,#5065,#5066);
#4222=AXIS2_PLACEMENT_3D('',#6552,#5068,#5069);
#4223=AXIS2_PLACEMENT_3D('',#6554,#5071,#5072);
#4224=AXIS2_PLACEMENT_3D('',#6559,#5073,#5074);
#4225=AXIS2_PLACEMENT_3D('',#6561,#5076,#5077);
#4226=AXIS2_PLACEMENT_3D('',#6563,#5079,#5080);
#4227=AXIS2_PLACEMENT_3D('',#6565,#5082,#5083);
#4228=AXIS2_PLACEMENT_3D('',#6567,#5085,#5086);
#4229=AXIS2_PLACEMENT_3D('',#6569,#5088,#5089);
#4230=AXIS2_PLACEMENT_3D('',#6571,#5091,#5092);
#4231=AXIS2_PLACEMENT_3D('',#6573,#5094,#5095);
#4232=AXIS2_PLACEMENT_3D('',#6575,#5097,#5098);
#4233=AXIS2_PLACEMENT_3D('',#6713,#5099,#5100);
#4234=AXIS2_PLACEMENT_3D('',#6752,#5102,#5103);
#4235=AXIS2_PLACEMENT_3D('',#6763,#5105,#5106);
#4236=AXIS2_PLACEMENT_3D('',#6776,#5108,#5109);
#4237=AXIS2_PLACEMENT_3D('',#6787,#5110,#5111);
#4238=AXIS2_PLACEMENT_3D('',#6824,#5113,#5114);
#4239=AXIS2_PLACEMENT_3D('',#6848,#5116,#5117);
#4240=AXIS2_PLACEMENT_3D('',#6912,#5119,#5120);
#4241=AXIS2_PLACEMENT_3D('',#6936,#5122,#5123);
#4242=AXIS2_PLACEMENT_3D('',#6964,#5125,#5126);
#4243=AXIS2_PLACEMENT_3D('',#6966,#5128,#5129);
#4244=AXIS2_PLACEMENT_3D('',#6979,#5131,#5132);
#4245=AXIS2_PLACEMENT_3D('',#6981,#5134,#5135);
#4246=AXIS2_PLACEMENT_3D('',#6987,#5137,#5138);
#4247=AXIS2_PLACEMENT_3D('',#6989,#5140,#5141);
#4248=AXIS2_PLACEMENT_3D('',#6991,#5143,#5144);
#4249=AXIS2_PLACEMENT_3D('',#6993,#5146,#5147);
#4250=AXIS2_PLACEMENT_3D('',#6995,#5149,#5150);
#4251=AXIS2_PLACEMENT_3D('',#6997,#5152,#5153);
#4252=AXIS2_PLACEMENT_3D('',#6999,#5155,#5156);
#4253=AXIS2_PLACEMENT_3D('',#7001,#5158,#5159);
#4254=AXIS2_PLACEMENT_3D('',#7003,#5161,#5162);
#4255=AXIS2_PLACEMENT_3D('',#7005,#5164,#5165);
#4256=AXIS2_PLACEMENT_3D('',#7007,#5167,#5168);
#4257=AXIS2_PLACEMENT_3D('',#7009,#5170,#5171);
#4258=AXIS2_PLACEMENT_3D('',#7011,#5173,#5174);
#4259=AXIS2_PLACEMENT_3D('',#7013,#5176,#5177);
#4260=AXIS2_PLACEMENT_3D('',#7015,#5179,#5180);
#4261=AXIS2_PLACEMENT_3D('',#7016,#5181,#5182);
#4262=AXIS2_PLACEMENT_3D('',#7017,#5183,#5184);
#4263=AXIS2_PLACEMENT_3D('',#7022,#5185,#5186);
#4264=AXIS2_PLACEMENT_3D('',#7027,#5187,#5188);
#4265=AXIS2_PLACEMENT_3D('',#7032,#5189,#5190);
#4266=AXIS2_PLACEMENT_3D('',#7037,#5191,#5192);
#4267=AXIS2_PLACEMENT_3D('',#7039,#5194,#5195);
#4268=AXIS2_PLACEMENT_3D('',#7041,#5197,#5198);
#4269=AXIS2_PLACEMENT_3D('',#7042,#5199,#5200);
#4270=AXIS2_PLACEMENT_3D('',#7044,#5202,#5203);
#4271=AXIS2_PLACEMENT_3D('',#7046,#5205,#5206);
#4272=AXIS2_PLACEMENT_3D('',#7047,#5207,#5208);
#4273=AXIS2_PLACEMENT_3D('',#7049,#5210,#5211);
#4274=AXIS2_PLACEMENT_3D('',#7051,#5213,#5214);
#4275=AXIS2_PLACEMENT_3D('',#7052,#5215,#5216);
#4276=AXIS2_PLACEMENT_3D('',#7054,#5218,#5219);
#4277=AXIS2_PLACEMENT_3D('',#7056,#5221,#5222);
#4278=AXIS2_PLACEMENT_3D('',#7057,#5223,#5224);
#4279=AXIS2_PLACEMENT_3D('',#7059,#5226,#5227);
#4280=AXIS2_PLACEMENT_3D('',#7061,#5229,#5230);
#4281=AXIS2_PLACEMENT_3D('',#7062,#5231,#5232);
#4282=AXIS2_PLACEMENT_3D('',#7064,#5234,#5235);
#4283=AXIS2_PLACEMENT_3D('',#7066,#5237,#5238);
#4284=AXIS2_PLACEMENT_3D('',#7067,#5239,#5240);
#4285=AXIS2_PLACEMENT_3D('',#7073,#5242,#5243);
#4286=AXIS2_PLACEMENT_3D('',#7078,#5244,#5245);
#4287=AXIS2_PLACEMENT_3D('',#7079,#5246,#5247);
#4288=AXIS2_PLACEMENT_3D('',#7080,#5248,#5249);
#4289=AXIS2_PLACEMENT_3D('',#7086,#5251,#5252);
#4290=AXIS2_PLACEMENT_3D('',#7087,#5253,#5254);
#4291=AXIS2_PLACEMENT_3D('',#7088,#5255,#5256);
#4292=AXIS2_PLACEMENT_3D('',#7089,#5257,#5258);
#4293=AXIS2_PLACEMENT_3D('',#7090,#5259,#5260);
#4294=AXIS2_PLACEMENT_3D('',#7215,#5261,#5262);
#4295=AXIS2_PLACEMENT_3D('',#7247,#5263,#5264);
#4296=AXIS2_PLACEMENT_3D('',#7284,#5265,#5266);
#4297=AXIS2_PLACEMENT_3D('',#7316,#5267,#5268);
#4298=AXIS2_PLACEMENT_3D('',#7513,#5269,#5270);
#4299=AXIS2_PLACEMENT_3D('',#7545,#5271,#5272);
#4300=AXIS2_PLACEMENT_3D('',#7582,#5273,#5274);
#4301=AXIS2_PLACEMENT_3D('',#7614,#5275,#5276);
#4302=DIRECTION('',(0.,0.,1.));
#4303=DIRECTION('',(1.,0.,0.));
#4304=DIRECTION('',(0.,0.,1.));
#4305=DIRECTION('',(1.,0.,0.));
#4306=DIRECTION('',(0.,0.,1.));
#4307=DIRECTION('',(0.,0.,1.));
#4308=DIRECTION('',(1.,0.,0.));
#4309=DIRECTION('',(0.,0.,1.));
#4310=DIRECTION('',(0.,0.,1.));
#4311=DIRECTION('',(1.,0.,0.));
#4312=DIRECTION('',(0.,0.,1.));
#4313=DIRECTION('',(1.,0.,0.));
#4314=DIRECTION('',(0.,0.,1.));
#4315=DIRECTION('',(0.,0.,1.));
#4316=DIRECTION('',(1.,0.,0.));
#4317=DIRECTION('',(0.,0.,1.));
#4318=DIRECTION('',(0.,0.,1.));
#4319=DIRECTION('',(1.,0.,0.));
#4320=DIRECTION('',(0.,0.,1.));
#4321=DIRECTION('',(1.,0.,0.));
#4322=DIRECTION('',(0.,0.,1.));
#4323=DIRECTION('',(1.,0.,0.));
#4324=DIRECTION('',(0.,0.,1.));
#4325=DIRECTION('',(1.,0.,0.));
#4326=DIRECTION('',(0.,0.,1.));
#4327=DIRECTION('',(1.,0.,0.));
#4328=DIRECTION('',(0.,0.,1.));
#4329=DIRECTION('',(1.,0.,0.));
#4330=DIRECTION('',(0.,0.,1.));
#4331=DIRECTION('',(1.,0.,0.));
#4332=DIRECTION('',(0.,0.,1.));
#4333=DIRECTION('',(0.,0.,1.));
#4334=DIRECTION('',(1.,0.,0.));
#4335=DIRECTION('',(0.,0.,1.));
#4336=DIRECTION('',(0.,-0.643192086423272,0.765704864789612));
#4337=DIRECTION('',(0.,0.765704864789612,0.643192086423273));
#4338=DIRECTION('',(0.,0.,-1.));
#4339=DIRECTION('',(-1.,0.,0.));
#4340=DIRECTION('',(0.,0.,1.));
#4341=DIRECTION('',(1.,0.,0.));
#4342=DIRECTION('',(0.,0.,1.));
#4343=DIRECTION('',(1.,0.,0.));
#4344=DIRECTION('',(0.,0.,-1.));
#4345=DIRECTION('',(0.,0.,1.));
#4346=DIRECTION('',(1.,0.,0.));
#4347=DIRECTION('',(0.,0.,-1.));
#4348=DIRECTION('',(-1.,0.,0.));
#4349=DIRECTION('',(0.,0.,1.));
#4350=DIRECTION('',(0.,0.,-1.));
#4351=DIRECTION('',(0.,-1.,0.));
#4352=DIRECTION('',(0.,0.,1.));
#4353=DIRECTION('',(5.259137951018E-16,1.,0.));
#4354=DIRECTION('',(0.,0.,-1.));
#4355=DIRECTION('',(5.259137951018E-16,1.,0.));
#4356=DIRECTION('',(0.,0.,1.));
#4357=DIRECTION('',(0.,1.,0.));
#4358=DIRECTION('',(0.,0.,1.));
#4359=DIRECTION('',(0.,-0.707106781186548,-0.707106781186547));
#4360=DIRECTION('',(0.,-1.,0.));
#4361=DIRECTION('',(0.,0.,1.));
#4362=DIRECTION('',(1.,0.,0.));
#4363=DIRECTION('',(0.,0.,1.));
#4364=DIRECTION('',(1.,0.,0.));
#4365=DIRECTION('',(0.,0.,1.));
#4366=DIRECTION('',(0.,0.,1.));
#4367=DIRECTION('',(1.,0.,0.));
#4368=DIRECTION('',(0.,0.,1.));
#4369=DIRECTION('',(0.,0.,1.));
#4370=DIRECTION('',(1.,0.,0.));
#4371=DIRECTION('',(0.,0.,1.));
#4372=DIRECTION('',(1.,0.,0.));
#4373=DIRECTION('',(0.,0.,1.));
#4374=DIRECTION('',(0.,0.,1.));
#4375=DIRECTION('',(1.,0.,0.));
#4376=DIRECTION('',(0.,0.,1.));
#4377=DIRECTION('',(0.,0.,1.));
#4378=DIRECTION('',(1.,0.,0.));
#4379=DIRECTION('',(0.,0.,1.));
#4380=DIRECTION('',(1.,0.,0.));
#4381=DIRECTION('',(0.,0.,1.));
#4382=DIRECTION('',(0.,0.,1.));
#4383=DIRECTION('',(1.,0.,0.));
#4384=DIRECTION('',(0.,-0.643192086423272,0.765704864789612));
#4385=DIRECTION('',(0.,0.765704864789612,0.643192086423273));
#4386=DIRECTION('',(0.,0.,1.));
#4387=DIRECTION('',(1.,0.,0.));
#4388=DIRECTION('',(0.,0.,-1.));
#4389=DIRECTION('',(0.,0.,-1.));
#4390=DIRECTION('',(0.,-1.,0.));
#4391=DIRECTION('',(0.,0.,1.));
#4392=DIRECTION('',(0.,-1.,0.));
#4393=DIRECTION('',(0.,0.,1.));
#4394=DIRECTION('',(0.,-1.,0.));
#4395=DIRECTION('',(0.,0.,-1.));
#4396=DIRECTION('',(0.,1.,0.));
#4397=DIRECTION('',(0.,0.,-1.));
#4398=DIRECTION('',(-1.,0.,0.));
#4399=DIRECTION('',(0.,0.,1.));
#4400=DIRECTION('',(1.,0.,0.));
#4401=DIRECTION('',(0.,0.,1.));
#4402=DIRECTION('',(1.,0.,0.));
#4403=DIRECTION('',(0.,0.,-1.));
#4404=DIRECTION('',(-1.,0.,0.));
#4405=DIRECTION('',(0.,0.,-1.));
#4406=DIRECTION('',(1.,0.,0.));
#4407=DIRECTION('',(0.,0.,-1.));
#4408=DIRECTION('',(1.,0.,0.));
#4409=DIRECTION('',(0.,0.,-1.));
#4410=DIRECTION('',(-1.,0.,0.));
#4411=DIRECTION('',(0.,0.,-1.));
#4412=DIRECTION('',(0.,0.,1.));
#4413=DIRECTION('',(1.,0.,0.));
#4414=DIRECTION('',(0.,0.,-1.));
#4415=DIRECTION('',(0.,0.,1.));
#4416=DIRECTION('',(1.,0.,0.));
#4417=DIRECTION('',(0.,0.,-1.));
#4418=DIRECTION('',(0.,0.,1.));
#4419=DIRECTION('',(1.,0.,0.));
#4420=DIRECTION('',(0.,0.,-1.));
#4421=DIRECTION('',(0.,0.,1.));
#4422=DIRECTION('',(1.,0.,0.));
#4423=DIRECTION('',(0.,0.,-1.));
#4424=DIRECTION('',(0.,0.,1.));
#4425=DIRECTION('',(1.,0.,0.));
#4426=DIRECTION('',(0.,0.,-1.));
#4427=DIRECTION('',(0.,0.,1.));
#4428=DIRECTION('',(1.,0.,0.));
#4429=DIRECTION('',(0.,0.,-1.));
#4430=DIRECTION('',(-1.,0.,0.));
#4431=DIRECTION('',(0.,0.,1.));
#4432=DIRECTION('',(1.,0.,0.));
#4433=DIRECTION('',(0.,0.,-1.));
#4434=DIRECTION('',(0.,0.,1.));
#4435=DIRECTION('',(1.,0.,0.));
#4436=DIRECTION('',(0.,0.,-1.));
#4437=DIRECTION('',(0.,0.,1.));
#4438=DIRECTION('',(1.,0.,0.));
#4439=DIRECTION('',(0.,0.,-1.));
#4440=DIRECTION('',(0.,0.,1.));
#4441=DIRECTION('',(1.,0.,0.));
#4442=DIRECTION('',(0.,0.,-1.));
#4443=DIRECTION('',(0.,0.,-1.));
#4444=DIRECTION('',(-1.,0.,0.));
#4445=DIRECTION('',(0.,0.,-1.));
#4446=DIRECTION('',(0.,0.,1.));
#4447=DIRECTION('',(1.,0.,0.));
#4448=DIRECTION('',(0.,0.,-1.));
#4449=DIRECTION('',(0.,0.,-1.));
#4450=DIRECTION('',(0.,0.,1.));
#4451=DIRECTION('',(1.,0.,0.));
#4452=DIRECTION('',(0.,0.,-1.));
#4453=DIRECTION('',(0.,0.,1.));
#4454=DIRECTION('',(1.,0.,0.));
#4455=DIRECTION('',(0.,0.,-1.));
#4456=DIRECTION('',(-1.,0.,0.));
#4457=DIRECTION('',(0.,0.,1.));
#4458=DIRECTION('',(1.,0.,0.));
#4459=DIRECTION('',(0.,0.,-1.));
#4460=DIRECTION('',(0.,0.,1.));
#4461=DIRECTION('',(1.,0.,0.));
#4462=DIRECTION('',(0.,0.,-1.));
#4463=DIRECTION('',(0.,0.,1.));
#4464=DIRECTION('',(1.,0.,0.));
#4465=DIRECTION('',(0.,0.,-1.));
#4466=DIRECTION('',(0.,0.,1.));
#4467=DIRECTION('',(1.,0.,0.));
#4468=DIRECTION('',(0.,0.,-1.));
#4469=DIRECTION('',(0.,0.,-1.));
#4470=DIRECTION('',(-1.,0.,0.));
#4471=DIRECTION('',(0.,0.,1.));
#4472=DIRECTION('',(1.,0.,0.));
#4473=DIRECTION('',(0.,0.,1.));
#4474=DIRECTION('',(1.,0.,0.));
#4475=DIRECTION('',(0.,0.,1.));
#4476=DIRECTION('',(1.,0.,0.));
#4477=DIRECTION('',(0.,-1.,0.));
#4478=DIRECTION('',(0.,0.,1.));
#4479=DIRECTION('',(1.,0.,0.));
#4480=DIRECTION('',(1.,0.,0.));
#4481=DIRECTION('',(0.,-1.,0.));
#4482=DIRECTION('',(0.,0.,1.));
#4483=DIRECTION('',(1.,0.,0.));
#4484=DIRECTION('',(0.,0.,1.));
#4485=DIRECTION('',(1.,0.,0.));
#4486=DIRECTION('',(0.,0.,1.));
#4487=DIRECTION('',(1.,0.,0.));
#4488=DIRECTION('',(0.,0.,1.));
#4489=DIRECTION('',(1.,0.,0.));
#4490=DIRECTION('',(0.,0.,1.));
#4491=DIRECTION('',(1.,0.,0.));
#4492=DIRECTION('',(0.,0.,1.));
#4493=DIRECTION('',(1.,0.,0.));
#4494=DIRECTION('',(0.,0.,1.));
#4495=DIRECTION('',(1.,0.,0.));
#4496=DIRECTION('',(0.,0.,1.));
#4497=DIRECTION('',(1.,0.,0.));
#4498=DIRECTION('',(0.,0.,1.));
#4499=DIRECTION('',(1.,0.,0.));
#4500=DIRECTION('',(0.,0.,1.));
#4501=DIRECTION('',(1.,0.,0.));
#4502=DIRECTION('',(0.,0.,1.));
#4503=DIRECTION('',(1.,0.,0.));
#4504=DIRECTION('',(0.,1.,0.));
#4505=DIRECTION('',(1.,0.,0.));
#4506=DIRECTION('',(0.,-1.,0.));
#4507=DIRECTION('',(0.,0.,1.));
#4508=DIRECTION('',(1.,0.,0.));
#4509=DIRECTION('',(0.,0.,1.));
#4510=DIRECTION('',(1.,0.,0.));
#4511=DIRECTION('',(0.,0.,1.));
#4512=DIRECTION('',(1.,0.,0.));
#4513=DIRECTION('',(1.,0.,0.));
#4514=DIRECTION('',(0.,0.,1.));
#4515=DIRECTION('',(1.,0.,0.));
#4516=DIRECTION('',(0.,0.,1.));
#4517=DIRECTION('',(1.,0.,0.));
#4518=DIRECTION('',(1.,1.73472347597681E-16,0.));
#4519=DIRECTION('',(0.,0.,1.));
#4520=DIRECTION('',(1.,0.,0.));
#4521=DIRECTION('',(0.,-1.,0.));
#4522=DIRECTION('',(0.,0.,1.));
#4523=DIRECTION('',(1.,0.,0.));
#4524=DIRECTION('',(-1.,-1.73472347597681E-16,0.));
#4525=DIRECTION('',(0.,0.,1.));
#4526=DIRECTION('',(1.,0.,0.));
#4527=DIRECTION('',(0.,0.,1.));
#4528=DIRECTION('',(1.,0.,0.));
#4529=DIRECTION('',(-1.,-1.26425875500307E-16,0.));
#4530=DIRECTION('',(0.,0.,1.));
#4531=DIRECTION('',(1.,0.,0.));
#4532=DIRECTION('',(0.,0.,1.));
#4533=DIRECTION('',(1.,0.,0.));
#4534=DIRECTION('',(0.,0.,1.));
#4535=DIRECTION('',(1.,0.,0.));
#4536=DIRECTION('',(0.,0.,1.));
#4537=DIRECTION('',(1.,0.,0.));
#4538=DIRECTION('',(1.,-4.59132426498844E-16,0.));
#4539=DIRECTION('',(0.,0.,1.));
#4540=DIRECTION('',(1.,0.,0.));
#4541=DIRECTION('',(1.,-4.59132426498842E-16,0.));
#4542=DIRECTION('',(0.,0.,1.));
#4543=DIRECTION('',(1.,0.,0.));
#4544=DIRECTION('',(1.,-4.59132426498841E-16,0.));
#4545=DIRECTION('',(0.,0.,1.));
#4546=DIRECTION('',(1.,0.,0.));
#4547=DIRECTION('',(1.,-4.59132426498842E-16,0.));
#4548=DIRECTION('',(0.,0.,1.));
#4549=DIRECTION('',(1.,0.,0.));
#4550=DIRECTION('',(0.,0.,1.));
#4551=DIRECTION('',(1.,0.,0.));
#4552=DIRECTION('',(1.,0.,0.));
#4553=DIRECTION('',(0.,0.,1.));
#4554=DIRECTION('',(1.,0.,0.));
#4555=DIRECTION('',(-1.,-3.99455586050975E-16,0.));
#4556=DIRECTION('',(0.,0.,1.));
#4557=DIRECTION('',(1.,0.,0.));
#4558=DIRECTION('',(-1.,-2.01782704898044E-16,0.));
#4559=DIRECTION('',(-0.38268343236509,0.923879532511287,0.));
#4560=DIRECTION('',(0.,0.,1.));
#4561=DIRECTION('',(1.,0.,0.));
#4562=DIRECTION('',(-0.923879532511287,0.38268343236509,0.));
#4563=DIRECTION('',(0.,0.,1.));
#4564=DIRECTION('',(1.,0.,0.));
#4565=DIRECTION('',(0.,1.,0.));
#4566=DIRECTION('',(0.,0.,1.));
#4567=DIRECTION('',(1.,0.,0.));
#4568=DIRECTION('',(3.99455586050975E-16,-1.,0.));
#4569=DIRECTION('',(0.,0.,1.));
#4570=DIRECTION('',(1.,0.,0.));
#4571=DIRECTION('',(0.,-1.,0.));
#4572=DIRECTION('',(-0.923879532511287,-0.38268343236509,0.));
#4573=DIRECTION('',(0.,0.,1.));
#4574=DIRECTION('',(1.,0.,0.));
#4575=DIRECTION('',(-0.38268343236509,-0.923879532511287,0.));
#4576=DIRECTION('',(1.,0.,0.));
#4577=DIRECTION('',(0.,0.,1.));
#4578=DIRECTION('',(1.,0.,0.));
#4579=DIRECTION('',(-1.,0.,0.));
#4580=DIRECTION('',(0.,0.,1.));
#4581=DIRECTION('',(1.,0.,0.));
#4582=DIRECTION('',(1.,0.,0.));
#4583=DIRECTION('',(0.,0.,1.));
#4584=DIRECTION('',(1.,0.,0.));
#4585=DIRECTION('',(1.,0.,0.));
#4586=DIRECTION('',(0.38268343236509,-0.923879532511287,0.));
#4587=DIRECTION('',(0.,0.,1.));
#4588=DIRECTION('',(1.,0.,0.));
#4589=DIRECTION('',(0.923879532511287,-0.38268343236509,0.));
#4590=DIRECTION('',(0.,1.,0.));
#4591=DIRECTION('',(0.,0.,1.));
#4592=DIRECTION('',(1.,0.,0.));
#4593=DIRECTION('',(0.,-1.,0.));
#4594=DIRECTION('',(0.,0.,1.));
#4595=DIRECTION('',(1.,0.,0.));
#4596=DIRECTION('',(0.,1.,0.));
#4597=DIRECTION('',(0.,0.,1.));
#4598=DIRECTION('',(1.,0.,0.));
#4599=DIRECTION('',(0.,1.,0.));
#4600=DIRECTION('',(0.923879532511287,0.38268343236509,0.));
#4601=DIRECTION('',(0.,0.,1.));
#4602=DIRECTION('',(1.,0.,0.));
#4603=DIRECTION('',(0.38268343236509,0.923879532511287,0.));
#4604=DIRECTION('',(-1.,-2.01782704898044E-16,0.));
#4605=DIRECTION('',(0.,0.,-1.));
#4606=DIRECTION('',(-1.,0.,0.));
#4607=DIRECTION('',(0.,0.,1.));
#4608=DIRECTION('',(1.,0.,0.));
#4609=DIRECTION('',(0.,0.,1.));
#4610=DIRECTION('',(1.,0.,0.));
#4611=DIRECTION('',(1.,0.,0.));
#4612=DIRECTION('',(0.,0.,-1.));
#4613=DIRECTION('',(0.,0.,1.));
#4614=DIRECTION('',(0.,0.,-1.));
#4615=DIRECTION('',(0.,1.,0.));
#4616=DIRECTION('',(1.,0.,0.));
#4617=DIRECTION('',(0.,0.,-1.));
#4618=DIRECTION('',(0.,0.,-1.));
#4619=DIRECTION('',(0.,-1.,0.));
#4620=DIRECTION('',(0.,0.,-1.));
#4621=DIRECTION('',(0.,-1.,0.));
#4622=DIRECTION('',(0.,0.,-1.));
#4623=DIRECTION('',(0.,0.,-1.));
#4624=DIRECTION('',(-1.,0.,0.));
#4625=DIRECTION('',(0.,0.,-1.));
#4626=DIRECTION('',(0.,-1.,0.));
#4627=DIRECTION('',(0.,0.,-1.));
#4628=DIRECTION('',(0.,0.,1.));
#4629=DIRECTION('',(0.,0.,-1.));
#4630=DIRECTION('',(1.,0.,0.));
#4631=DIRECTION('',(-1.,0.,0.));
#4632=DIRECTION('',(0.,0.,1.));
#4633=DIRECTION('',(0.,0.,-1.));
#4634=DIRECTION('',(0.,1.,0.));
#4635=DIRECTION('',(0.,0.,-1.));
#4636=DIRECTION('',(0.,0.707106781186548,0.707106781186547));
#4637=DIRECTION('',(0.,0.,1.));
#4638=DIRECTION('',(0.,-1.,0.));
#4639=DIRECTION('',(0.923879532511287,0.38268343236509,0.));
#4640=DIRECTION('',(-0.38268343236509,0.923879532511287,0.));
#4641=DIRECTION('',(0.,0.,1.));
#4642=DIRECTION('',(0.281084637714821,-0.678598344545848,0.678598344545846));
#4643=DIRECTION('',(-0.38268343236509,0.923879532511287,0.));
#4644=DIRECTION('',(0.923879532511287,-0.38268343236509,0.));
#4645=DIRECTION('',(0.38268343236509,0.923879532511287,0.));
#4646=DIRECTION('',(0.,0.,1.));
#4647=DIRECTION('',(-0.38268343236509,-0.923879532511287,0.));
#4648=DIRECTION('',(0.28108463771482,0.678598344545846,0.678598344545848));
#4649=DIRECTION('',(0.38268343236509,0.923879532511287,0.));
#4650=DIRECTION('',(-0.923879532511287,0.38268343236509,0.));
#4651=DIRECTION('',(0.,0.,1.));
#4652=DIRECTION('',(0.678598344545874,-0.281084637714832,0.678598344545816));
#4653=DIRECTION('',(-0.38268343236509,0.923879532511287,0.));
#4654=DIRECTION('',(-0.923879532511287,-0.38268343236509,0.));
#4655=DIRECTION('',(0.,0.,1.));
#4656=DIRECTION('',(-0.678598344545874,-0.281084637714831,0.678598344545816));
#4657=DIRECTION('',(-0.923879532511287,0.38268343236509,0.));
#4658=DIRECTION('',(-0.38268343236509,-0.923879532511287,0.));
#4659=DIRECTION('',(0.,0.,1.));
#4660=DIRECTION('',(0.281084637714827,0.678598344545862,0.678598344545829));
#4661=DIRECTION('',(-0.923879532511287,-0.38268343236509,0.));
#4662=DIRECTION('',(0.38268343236509,-0.923879532511287,0.));
#4663=DIRECTION('',(0.,0.,1.));
#4664=DIRECTION('',(0.281084637714825,-0.678598344545859,0.678598344545833));
#4665=DIRECTION('',(-0.38268343236509,-0.923879532511287,0.));
#4666=DIRECTION('',(0.923879532511287,-0.38268343236509,0.));
#4667=DIRECTION('',(0.,0.,1.));
#4668=DIRECTION('',(-0.678598344545849,0.281084637714821,0.678598344545845));
#4669=DIRECTION('',(0.38268343236509,-0.923879532511287,0.));
#4670=DIRECTION('',(0.923879532511287,0.38268343236509,0.));
#4671=DIRECTION('',(0.,0.,1.));
#4672=DIRECTION('',(0.678598344545848,0.28108463771482,0.678598344545846));
#4673=DIRECTION('',(0.,0.,1.));
#4674=DIRECTION('',(1.,0.,0.));
#4675=DIRECTION('',(0.,0.,1.));
#4676=DIRECTION('',(1.,0.,0.));
#4677=DIRECTION('',(0.,-1.,0.));
#4678=DIRECTION('',(0.,0.,-1.));
#4679=DIRECTION('',(0.,0.,1.));
#4680=DIRECTION('',(-1.,0.,0.));
#4681=DIRECTION('',(0.,0.,1.));
#4682=DIRECTION('',(1.,0.,0.));
#4683=DIRECTION('',(0.,1.,0.));
#4684=DIRECTION('',(0.,0.,1.));
#4685=DIRECTION('',(0.,0.,-1.));
#4686=DIRECTION('',(1.,0.,0.));
#4687=DIRECTION('',(0.,0.,-1.));
#4688=DIRECTION('',(-1.,0.,0.));
#4689=DIRECTION('',(1.26425875500307E-16,-1.,0.));
#4690=DIRECTION('',(1.,1.26425875500307E-16,0.));
#4691=DIRECTION('',(0.,0.,-1.));
#4692=DIRECTION('',(-1.,-1.26425875500307E-16,0.));
#4693=DIRECTION('',(0.,0.,-1.));
#4694=DIRECTION('',(1.,1.26425875500307E-16,0.));
#4695=DIRECTION('',(0.,0.,1.));
#4696=DIRECTION('',(1.,0.,0.));
#4697=DIRECTION('',(1.,0.,0.));
#4698=DIRECTION('',(0.,0.,-1.));
#4699=DIRECTION('',(1.,0.,0.));
#4700=DIRECTION('',(1.,0.,0.));
#4701=DIRECTION('',(0.,0.,1.));
#4702=DIRECTION('',(1.,0.,0.));
#4703=DIRECTION('',(1.,0.,0.));
#4704=DIRECTION('',(0.,0.,1.));
#4705=DIRECTION('',(1.,0.,0.));
#4706=DIRECTION('',(-1.,-2.01782704898044E-16,0.));
#4707=DIRECTION('',(0.,0.,1.));
#4708=DIRECTION('',(1.,0.,0.));
#4709=DIRECTION('',(0.,0.,1.));
#4710=DIRECTION('',(1.,0.,0.));
#4711=DIRECTION('',(1.,1.26425875500307E-16,0.));
#4712=DIRECTION('',(0.,0.,1.));
#4713=DIRECTION('',(1.,0.,0.));
#4714=DIRECTION('',(0.,0.,1.));
#4715=DIRECTION('',(1.,0.,0.));
#4716=DIRECTION('',(1.,1.73472347597681E-16,0.));
#4717=DIRECTION('',(0.,0.,1.));
#4718=DIRECTION('',(1.,0.,0.));
#4719=DIRECTION('',(0.,1.,0.));
#4720=DIRECTION('',(0.,0.,1.));
#4721=DIRECTION('',(1.,0.,0.));
#4722=DIRECTION('',(-1.,0.,0.));
#4723=DIRECTION('',(0.,0.,1.));
#4724=DIRECTION('',(1.,0.,0.));
#4725=DIRECTION('',(1.,0.,0.));
#4726=DIRECTION('',(0.,0.,1.));
#4727=DIRECTION('',(1.,0.,0.));
#4728=DIRECTION('',(0.,1.,0.));
#4729=DIRECTION('',(0.,0.,1.));
#4730=DIRECTION('',(1.,0.,0.));
#4731=DIRECTION('',(-1.,-1.73472347597681E-16,0.));
#4732=DIRECTION('',(0.,0.,1.));
#4733=DIRECTION('',(1.,0.,0.));
#4734=DIRECTION('',(0.,0.,1.));
#4735=DIRECTION('',(1.,0.,0.));
#4736=DIRECTION('',(-1.,0.,0.));
#4737=DIRECTION('',(0.,0.,1.));
#4738=DIRECTION('',(1.,0.,0.));
#4739=DIRECTION('',(1.,2.01782704898044E-16,0.));
#4740=DIRECTION('',(0.,0.,1.));
#4741=DIRECTION('',(1.,0.,0.));
#4742=DIRECTION('',(-1.,-3.99455586050975E-16,0.));
#4743=DIRECTION('',(0.,0.,1.));
#4744=DIRECTION('',(1.,0.,0.));
#4745=DIRECTION('',(0.,0.,1.));
#4746=DIRECTION('',(1.,0.,0.));
#4747=DIRECTION('',(1.,-4.59132426498842E-16,0.));
#4748=DIRECTION('',(0.,0.,1.));
#4749=DIRECTION('',(1.,0.,0.));
#4750=DIRECTION('',(1.,-4.59132426498841E-16,0.));
#4751=DIRECTION('',(0.,0.,1.));
#4752=DIRECTION('',(1.,0.,0.));
#4753=DIRECTION('',(1.,-4.59132426498842E-16,0.));
#4754=DIRECTION('',(0.,0.,1.));
#4755=DIRECTION('',(1.,0.,0.));
#4756=DIRECTION('',(1.,-4.59132426498844E-16,0.));
#4757=DIRECTION('',(4.59132426498842E-16,1.,0.));
#4758=DIRECTION('',(-1.,4.59132426498842E-16,0.));
#4759=DIRECTION('',(0.,0.,-1.));
#4760=DIRECTION('',(0.,0.,-1.));
#4761=DIRECTION('',(0.,0.,-1.));
#4762=DIRECTION('',(-1.,0.,0.));
#4763=DIRECTION('',(0.,0.,-1.));
#4764=DIRECTION('',(4.59132426498841E-16,1.,0.));
#4765=DIRECTION('',(-1.,4.59132426498841E-16,0.));
#4766=DIRECTION('',(0.,0.,-1.));
#4767=DIRECTION('',(0.,0.,-1.));
#4768=DIRECTION('',(-1.,0.,0.));
#4769=DIRECTION('',(0.,0.,-1.));
#4770=DIRECTION('',(4.59132426498842E-16,1.,0.));
#4771=DIRECTION('',(-1.,4.59132426498842E-16,0.));
#4772=DIRECTION('',(0.,0.,-1.));
#4773=DIRECTION('',(0.,0.,-1.));
#4774=DIRECTION('',(-1.,0.,0.));
#4775=DIRECTION('',(0.,0.,-1.));
#4776=DIRECTION('',(0.,0.,1.));
#4777=DIRECTION('',(1.,0.,0.));
#4778=DIRECTION('',(0.,0.,1.));
#4779=DIRECTION('',(1.,0.,0.));
#4780=DIRECTION('',(1.73472347597681E-16,-1.,0.));
#4781=DIRECTION('',(1.,1.73472347597681E-16,0.));
#4782=DIRECTION('',(0.,0.,-1.));
#4783=DIRECTION('',(-1.,-1.73472347597681E-16,0.));
#4784=DIRECTION('',(0.,0.,-1.));
#4785=DIRECTION('',(1.,1.73472347597681E-16,0.));
#4786=DIRECTION('',(1.73472347597681E-16,-1.,0.));
#4787=DIRECTION('',(1.,1.73472347597681E-16,0.));
#4788=DIRECTION('',(0.,0.,1.));
#4789=DIRECTION('',(1.,1.73472347597681E-16,0.));
#4790=DIRECTION('',(0.,0.,-1.));
#4791=DIRECTION('',(-1.,-1.73472347597681E-16,0.));
#4792=DIRECTION('',(0.,0.,-1.));
#4793=DIRECTION('',(-1.,0.,0.));
#4794=DIRECTION('',(0.,0.,1.));
#4795=DIRECTION('',(1.,0.,0.));
#4796=DIRECTION('',(0.,0.,-1.));
#4797=DIRECTION('',(0.,0.,1.));
#4798=DIRECTION('',(1.,0.,0.));
#4799=DIRECTION('',(0.,0.,-1.));
#4800=DIRECTION('',(-1.,0.,0.));
#4801=DIRECTION('',(0.,0.,-1.));
#4802=DIRECTION('',(0.,0.,-1.));
#4803=DIRECTION('',(-1.,0.,0.));
#4804=DIRECTION('',(0.,0.,-1.));
#4805=DIRECTION('',(4.59132426498844E-16,1.,0.));
#4806=DIRECTION('',(-1.,4.59132426498844E-16,0.));
#4807=DIRECTION('',(0.,-1.,0.));
#4808=DIRECTION('',(0.,0.,-1.));
#4809=DIRECTION('',(0.,0.,1.));
#4810=DIRECTION('',(1.,0.,0.));
#4811=DIRECTION('',(0.,0.,1.));
#4812=DIRECTION('',(0.,0.,1.));
#4813=DIRECTION('',(1.,0.,0.));
#4814=DIRECTION('',(0.,0.,1.));
#4815=DIRECTION('',(0.,0.,1.));
#4816=DIRECTION('',(1.,0.,0.));
#4817=DIRECTION('',(0.,-1.,0.));
#4818=DIRECTION('',(0.,0.,-1.));
#4819=DIRECTION('',(0.,0.,1.));
#4820=DIRECTION('',(1.,0.,0.));
#4821=DIRECTION('',(0.,0.,1.));
#4822=DIRECTION('',(1.,0.,0.));
#4823=DIRECTION('',(0.,0.,-1.));
#4824=DIRECTION('',(1.,0.,0.));
#4825=DIRECTION('',(0.,0.,1.));
#4826=DIRECTION('',(1.,0.,0.));
#4827=DIRECTION('',(0.,0.,1.));
#4828=DIRECTION('',(1.,0.,0.));
#4829=DIRECTION('',(0.,0.,1.));
#4830=DIRECTION('',(0.,0.707106781186547,-0.707106781186548));
#4831=DIRECTION('',(0.,0.707106781186548,0.707106781186547));
#4832=DIRECTION('',(0.,0.707106781186547,0.707106781186548));
#4833=DIRECTION('',(0.,-0.707106781186548,0.707106781186547));
#4834=DIRECTION('',(0.,0.,1.));
#4835=DIRECTION('',(0.,0.,1.));
#4836=DIRECTION('',(1.,0.,0.));
#4837=DIRECTION('',(0.,-1.,0.));
#4838=DIRECTION('',(0.,0.,-1.));
#4839=DIRECTION('',(1.,0.,0.));
#4840=DIRECTION('',(0.,0.,1.));
#4841=DIRECTION('',(1.,0.,0.));
#4842=DIRECTION('',(0.,-1.,0.));
#4843=DIRECTION('',(0.,0.,-1.));
#4844=DIRECTION('',(0.,0.,1.));
#4845=DIRECTION('',(-1.,0.,0.));
#4846=DIRECTION('',(1.,0.,0.));
#4847=DIRECTION('',(0.,0.,1.));
#4848=DIRECTION('',(1.,0.,0.));
#4849=DIRECTION('',(0.,0.,1.));
#4850=DIRECTION('',(1.,0.,0.));
#4851=DIRECTION('',(0.,0.,1.));
#4852=DIRECTION('',(1.,0.,0.));
#4853=DIRECTION('',(0.,0.707106781186547,-0.707106781186548));
#4854=DIRECTION('',(-1.,0.,0.));
#4855=DIRECTION('',(0.,-0.707106781186548,-0.707106781186547));
#4856=DIRECTION('',(0.,0.707106781186547,-0.707106781186548));
#4857=DIRECTION('',(0.,0.707106781186548,0.707106781186547));
#4858=DIRECTION('',(0.,0.707106781186548,0.707106781186547));
#4859=DIRECTION('',(0.,0.,1.));
#4860=DIRECTION('',(1.,0.,0.));
#4861=DIRECTION('',(0.,0.,1.));
#4862=DIRECTION('',(0.,0.,1.));
#4863=DIRECTION('',(1.,0.,0.));
#4864=DIRECTION('',(0.,0.,1.));
#4865=DIRECTION('',(1.,0.,0.));
#4866=DIRECTION('',(0.,0.,-1.));
#4867=DIRECTION('',(0.,0.,-1.));
#4868=DIRECTION('',(0.,1.,0.));
#4869=DIRECTION('',(-1.,-3.99455586050975E-16,0.));
#4870=DIRECTION('',(3.99455586050975E-16,-1.,0.));
#4871=DIRECTION('',(3.99455586050975E-16,-1.,0.));
#4872=DIRECTION('',(0.,0.,-1.));
#4873=DIRECTION('',(0.,0.,1.));
#4874=DIRECTION('',(1.,0.,0.));
#4875=DIRECTION('',(0.,0.,1.));
#4876=DIRECTION('',(1.,0.,0.));
#4877=DIRECTION('',(0.,0.,1.));
#4878=DIRECTION('',(1.,0.,0.));
#4879=DIRECTION('',(0.,-1.,0.));
#4880=DIRECTION('',(0.,0.,-1.));
#4881=DIRECTION('',(1.,0.,0.));
#4882=DIRECTION('',(0.,0.,-1.));
#4883=DIRECTION('',(0.,0.,1.));
#4884=DIRECTION('',(0.,0.,1.));
#4885=DIRECTION('',(1.,0.,0.));
#4886=DIRECTION('',(0.,0.,1.));
#4887=DIRECTION('',(0.,0.,1.));
#4888=DIRECTION('',(1.,0.,0.));
#4889=DIRECTION('',(0.,1.,0.));
#4890=DIRECTION('',(0.,0.,1.));
#4891=DIRECTION('',(0.,0.,-1.));
#4892=DIRECTION('',(-1.,0.,0.));
#4893=DIRECTION('',(0.,0.,1.));
#4894=DIRECTION('',(1.,0.,0.));
#4895=DIRECTION('',(0.,0.,1.));
#4896=DIRECTION('',(1.,0.,0.));
#4897=DIRECTION('',(0.,0.,1.));
#4898=DIRECTION('',(1.,0.,0.));
#4899=DIRECTION('',(0.,0.,1.));
#4900=DIRECTION('',(1.,0.,0.));
#4901=DIRECTION('',(0.,0.,1.));
#4902=DIRECTION('',(0.,0.,1.));
#4903=DIRECTION('',(1.,0.,0.));
#4904=DIRECTION('',(0.,0.,1.));
#4905=DIRECTION('',(-1.,0.,0.));
#4906=DIRECTION('',(0.,0.,1.));
#4907=DIRECTION('',(0.,0.,-1.));
#4908=DIRECTION('',(0.,-1.,0.));
#4909=DIRECTION('',(1.,0.,0.));
#4910=DIRECTION('',(0.,0.,-1.));
#4911=DIRECTION('',(0.,1.,0.));
#4912=DIRECTION('',(0.,0.,-1.));
#4913=DIRECTION('',(0.,0.,1.));
#4914=DIRECTION('',(1.,0.,0.));
#4915=DIRECTION('',(0.,0.,1.));
#4916=DIRECTION('',(1.,0.,0.));
#4917=DIRECTION('',(0.,0.,1.));
#4918=DIRECTION('',(1.,0.,0.));
#4919=DIRECTION('',(-3.99455586050975E-16,1.,0.));
#4920=DIRECTION('',(-1.,-3.99455586050975E-16,0.));
#4921=DIRECTION('',(0.,0.,1.));
#4922=DIRECTION('',(0.,0.,1.));
#4923=DIRECTION('',(1.,0.,0.));
#4924=DIRECTION('',(0.,0.,1.));
#4925=DIRECTION('',(0.,-1.,0.));
#4926=DIRECTION('',(0.,0.,-1.));
#4927=DIRECTION('',(0.,1.,0.));
#4928=DIRECTION('',(0.,0.,1.));
#4929=DIRECTION('',(1.,0.,0.));
#4930=DIRECTION('',(0.,0.,-1.));
#4931=DIRECTION('',(1.,0.,0.));
#4932=DIRECTION('',(0.,0.,-1.));
#4933=DIRECTION('',(0.,-1.,0.));
#4934=DIRECTION('',(1.,0.,0.));
#4935=DIRECTION('',(0.,0.,-1.));
#4936=DIRECTION('',(0.,-1.,0.));
#4937=DIRECTION('',(0.,0.,1.));
#4938=DIRECTION('',(1.,0.,0.));
#4939=DIRECTION('',(0.,0.,1.));
#4940=DIRECTION('',(1.,0.,0.));
#4941=DIRECTION('',(0.,0.,1.));
#4942=DIRECTION('',(1.,0.,0.));
#4943=DIRECTION('',(0.,0.,1.));
#4944=DIRECTION('',(1.,0.,0.));
#4945=DIRECTION('',(0.,0.,1.));
#4946=DIRECTION('',(1.,0.,0.));
#4947=DIRECTION('',(0.,0.,1.));
#4948=DIRECTION('',(1.,0.,0.));
#4949=DIRECTION('',(0.,0.,1.));
#4950=DIRECTION('',(1.,0.,0.));
#4951=DIRECTION('',(0.,0.,1.));
#4952=DIRECTION('',(1.,0.,0.));
#4953=DIRECTION('',(0.,0.,-1.));
#4954=DIRECTION('',(-1.,0.,0.));
#4955=DIRECTION('',(0.,0.,1.));
#4956=DIRECTION('',(1.,0.,0.));
#4957=DIRECTION('',(0.,-0.38268343236509,-0.923879532511287));
#4958=DIRECTION('',(0.,-0.923879532511287,0.38268343236509));
#4959=DIRECTION('',(0.,-0.707106781186548,-0.707106781186547));
#4960=DIRECTION('',(0.,0.707106781186547,-0.707106781186548));
#4961=DIRECTION('',(-9.81307786677359E-15,0.707106781186549,0.707106781186546));
#4962=DIRECTION('',(0.,-0.707106781186546,0.707106781186549));
#4963=DIRECTION('',(0.,0.,1.));
#4964=DIRECTION('',(1.,0.,0.));
#4965=DIRECTION('',(0.,0.,1.));
#4966=DIRECTION('',(1.,0.,0.));
#4967=DIRECTION('',(0.,-0.38268343236509,-0.923879532511287));
#4968=DIRECTION('',(0.,-0.923879532511287,0.38268343236509));
#4969=DIRECTION('',(-9.81307786677361E-15,-0.707106781186549,-0.707106781186546));
#4970=DIRECTION('',(0.,0.707106781186546,-0.707106781186549));
#4971=DIRECTION('',(0.,-0.707106781186548,-0.707106781186547));
#4972=DIRECTION('',(0.,0.707106781186547,-0.707106781186548));
#4973=DIRECTION('',(0.,0.,1.));
#4974=DIRECTION('',(1.,0.,0.));
#4975=DIRECTION('',(0.,0.,1.));
#4976=DIRECTION('',(1.,0.,0.));
#4977=DIRECTION('',(0.,0.,-1.));
#4978=DIRECTION('',(-1.,0.,0.));
#4979=DIRECTION('',(0.,0.,1.));
#4980=DIRECTION('',(1.,0.,0.));
#4981=DIRECTION('',(0.,0.,-1.));
#4982=DIRECTION('',(-1.,0.,0.));
#4983=DIRECTION('',(0.,0.,1.));
#4984=DIRECTION('',(1.,0.,0.));
#4985=DIRECTION('',(0.,0.,-1.));
#4986=DIRECTION('',(-1.,0.,0.));
#4987=DIRECTION('',(0.,0.,1.));
#4988=DIRECTION('',(1.,0.,0.));
#4989=DIRECTION('',(0.,0.,-1.));
#4990=DIRECTION('',(-1.,0.,0.));
#4991=DIRECTION('',(0.,0.,1.));
#4992=DIRECTION('',(1.,0.,0.));
#4993=DIRECTION('',(0.,0.,1.));
#4994=DIRECTION('',(1.,0.,0.));
#4995=DIRECTION('',(0.,0.,-1.));
#4996=DIRECTION('',(-1.,0.,0.));
#4997=DIRECTION('',(0.,0.,1.));
#4998=DIRECTION('',(1.,0.,0.));
#4999=DIRECTION('',(0.,0.,-1.));
#5000=DIRECTION('',(-1.,0.,0.));
#5001=DIRECTION('',(0.,0.,1.));
#5002=DIRECTION('',(1.,0.,0.));
#5003=DIRECTION('',(0.,0.,-1.));
#5004=DIRECTION('',(-1.,0.,0.));
#5005=DIRECTION('',(0.,0.,1.));
#5006=DIRECTION('',(1.,0.,0.));
#5007=DIRECTION('',(0.,0.,-1.));
#5008=DIRECTION('',(-1.,0.,0.));
#5009=DIRECTION('',(0.,0.,1.));
#5010=DIRECTION('',(1.,0.,0.));
#5011=DIRECTION('',(0.,0.,-1.));
#5012=DIRECTION('',(-1.,0.,0.));
#5013=DIRECTION('',(0.,0.,1.));
#5014=DIRECTION('',(1.,0.,0.));
#5015=DIRECTION('',(0.,0.,1.));
#5016=DIRECTION('',(1.,0.,0.));
#5017=DIRECTION('',(0.,0.,-1.));
#5018=DIRECTION('',(-1.,0.,0.));
#5019=DIRECTION('',(0.,0.,1.));
#5020=DIRECTION('',(1.,0.,0.));
#5021=DIRECTION('',(0.,0.,1.));
#5022=DIRECTION('',(1.,0.,0.));
#5023=DIRECTION('',(0.,0.,-1.));
#5024=DIRECTION('',(-1.,0.,0.));
#5025=DIRECTION('',(0.,0.,1.));
#5026=DIRECTION('',(1.,0.,0.));
#5027=DIRECTION('',(0.,0.,1.));
#5028=DIRECTION('',(1.,0.,0.));
#5029=DIRECTION('',(0.,0.,-1.));
#5030=DIRECTION('',(-1.,0.,0.));
#5031=DIRECTION('',(0.,0.,1.));
#5032=DIRECTION('',(1.,0.,0.));
#5033=DIRECTION('',(0.,0.,1.));
#5034=DIRECTION('',(1.,0.,0.));
#5035=DIRECTION('',(0.,0.,1.));
#5036=DIRECTION('',(1.,0.,0.));
#5037=DIRECTION('',(0.,0.,1.));
#5038=DIRECTION('',(1.,0.,0.));
#5039=DIRECTION('',(0.,0.,1.));
#5040=DIRECTION('',(1.,0.,0.));
#5041=DIRECTION('',(0.,0.,-1.));
#5042=DIRECTION('',(-1.,0.,0.));
#5043=DIRECTION('',(0.,0.,1.));
#5044=DIRECTION('',(1.,0.,0.));
#5045=DIRECTION('',(0.,0.,1.));
#5046=DIRECTION('',(1.,0.,0.));
#5047=DIRECTION('',(0.,0.707106781186547,-0.707106781186548));
#5048=DIRECTION('',(1.,0.,0.));
#5049=DIRECTION('',(0.,-0.707106781186548,-0.707106781186547));
#5050=DIRECTION('',(0.,0.,-1.));
#5051=DIRECTION('',(-1.,0.,0.));
#5052=DIRECTION('',(0.707106781186548,0.,-0.707106781186547));
#5053=DIRECTION('',(-0.707106781186547,0.,-0.707106781186548));
#5054=DIRECTION('',(0.,-1.,0.));
#5055=DIRECTION('',(0.707106781186548,0.,-0.707106781186547));
#5056=DIRECTION('',(0.,0.,-1.));
#5057=DIRECTION('',(-1.,0.,0.));
#5058=DIRECTION('',(0.,0.707106781186547,-0.707106781186548));
#5059=DIRECTION('',(-1.2266347333467E-16,0.707106781186547,0.707106781186548));
#5060=DIRECTION('',(1.,1.73472347597681E-16,0.));
#5061=DIRECTION('',(0.,0.707106781186548,-0.707106781186547));
#5062=DIRECTION('',(0.,0.,1.));
#5063=DIRECTION('',(1.,0.,0.));
#5064=DIRECTION('',(0.45838715828362,0.538406178568437,-0.707106781186548));
#5065=DIRECTION('',(0.,0.,-1.));
#5066=DIRECTION('',(-1.,0.,0.));
#5067=DIRECTION('',(0.,0.707106781186548,-0.707106781186547));
#5068=DIRECTION('',(0.,-0.707106781186547,-0.707106781186548));
#5069=DIRECTION('',(1.,0.,0.));
#5070=DIRECTION('',(0.,0.707106781186548,-0.707106781186547));
#5071=DIRECTION('',(0.,0.,1.));
#5072=DIRECTION('',(1.,0.,0.));
#5073=DIRECTION('',(0.,0.,1.));
#5074=DIRECTION('',(1.,0.,0.));
#5075=DIRECTION('',(0.,-0.707106781186548,-0.707106781186547));
#5076=DIRECTION('',(-8.93965938837132E-17,0.707106781186547,-0.707106781186548));
#5077=DIRECTION('',(-1.,-1.26425875500307E-16,0.));
#5078=DIRECTION('',(0.,-0.707106781186548,-0.707106781186548));
#5079=DIRECTION('',(0.,0.,-1.));
#5080=DIRECTION('',(-1.,0.,0.));
#5081=DIRECTION('',(0.45838715828362,-0.538406178568438,-0.707106781186547));
#5082=DIRECTION('',(0.,0.,1.));
#5083=DIRECTION('',(1.,0.,0.));
#5084=DIRECTION('',(0.,-0.707106781186548,-0.707106781186547));
#5085=DIRECTION('',(-1.2266347333467E-16,0.707106781186547,-0.707106781186548));
#5086=DIRECTION('',(-1.,-1.73472347597681E-16,0.));
#5087=DIRECTION('',(0.,-0.707106781186548,-0.707106781186547));
#5088=DIRECTION('',(0.,0.,-1.));
#5089=DIRECTION('',(-1.,0.,0.));
#5090=DIRECTION('',(0.707106781186548,0.,-0.707106781186547));
#5091=DIRECTION('',(-0.707106781186547,0.,-0.707106781186548));
#5092=DIRECTION('',(0.,-1.,0.));
#5093=DIRECTION('',(0.707106781186548,0.,-0.707106781186547));
#5094=DIRECTION('',(0.,0.,-1.));
#5095=DIRECTION('',(-1.,0.,0.));
#5096=DIRECTION('',(0.,0.707106781186548,-0.707106781186548));
#5097=DIRECTION('',(0.,0.707106781186547,0.707106781186548));
#5098=DIRECTION('',(-1.,0.,0.));
#5099=DIRECTION('',(0.,0.,-1.));
#5100=DIRECTION('',(-1.,0.,0.));
#5101=DIRECTION('',(-0.112185210476711,-0.698150756320078,0.707106781186547));
#5102=DIRECTION('',(0.,0.,1.));
#5103=DIRECTION('',(1.,0.,0.));
#5104=DIRECTION('',(-0.698150756320081,-0.112185210476711,0.707106781186544));
#5105=DIRECTION('',(0.,0.,-1.));
#5106=DIRECTION('',(-1.,0.,0.));
#5107=DIRECTION('',(-0.112185210476711,0.698150756320078,-0.707106781186547));
#5108=DIRECTION('',(0.,0.,-1.));
#5109=DIRECTION('',(-1.,0.,0.));
#5110=DIRECTION('',(0.,0.,1.));
#5111=DIRECTION('',(1.,0.,0.));
#5112=DIRECTION('',(-0.660191557475543,0.25327279253409,-0.707106781186548));
#5113=DIRECTION('',(0.,0.,-1.));
#5114=DIRECTION('',(-1.,0.,0.));
#5115=DIRECTION('',(0.,0.707106781186548,-0.707106781186547));
#5116=DIRECTION('',(8.93965938837135E-17,-0.707106781186549,-0.707106781186546));
#5117=DIRECTION('',(1.,1.26425875500307E-16,0.));
#5118=DIRECTION('',(0.,0.707106781186547,-0.707106781186548));
#5119=DIRECTION('',(0.,0.,1.));
#5120=DIRECTION('',(1.,0.,0.));
#5121=DIRECTION('',(-0.45838715828362,0.538406178568436,-0.707106781186548));
#5122=DIRECTION('',(0.,0.,-1.));
#5123=DIRECTION('',(-1.,0.,0.));
#5124=DIRECTION('',(0.,0.707106781186547,-0.707106781186548));
#5125=DIRECTION('',(1.2266347333467E-16,-0.707106781186549,-0.707106781186546));
#5126=DIRECTION('',(1.,1.73472347597681E-16,0.));
#5127=DIRECTION('',(0.,0.707106781186546,-0.707106781186549));
#5128=DIRECTION('',(0.,0.,-1.));
#5129=DIRECTION('',(-1.,0.,0.));
#5130=DIRECTION('',(-0.698150756320078,0.112185210476713,0.707106781186547));
#5131=DIRECTION('',(0.,0.,1.));
#5132=DIRECTION('',(1.,0.,0.));
#5133=DIRECTION('',(-0.707106781186548,0.,-0.707106781186548));
#5134=DIRECTION('',(0.,0.,1.));
#5135=DIRECTION('',(1.,0.,0.));
#5136=DIRECTION('',(-0.112185210476712,0.698150756320076,0.707106781186549));
#5137=DIRECTION('',(0.707106781186548,0.,-0.707106781186548));
#5138=DIRECTION('',(0.,1.,0.));
#5139=DIRECTION('',(-0.707106781186548,0.,-0.707106781186548));
#5140=DIRECTION('',(0.,0.,-1.));
#5141=DIRECTION('',(-1.,0.,0.));
#5142=DIRECTION('',(-0.707106781186548,0.,0.707106781186548));
#5143=DIRECTION('',(0.,0.,1.));
#5144=DIRECTION('',(1.,0.,0.));
#5145=DIRECTION('',(0.,-0.707106781186547,-0.707106781186549));
#5146=DIRECTION('',(-0.707106781186548,0.,-0.707106781186547));
#5147=DIRECTION('',(0.,-1.,0.));
#5148=DIRECTION('',(-0.707106781186547,0.,0.707106781186548));
#5149=DIRECTION('',(1.2266347333467E-16,-0.707106781186549,0.707106781186546));
#5150=DIRECTION('',(-1.,-1.73472347597681E-16,0.));
#5151=DIRECTION('',(0.,-0.707106781186546,-0.707106781186549));
#5152=DIRECTION('',(0.,0.,1.));
#5153=DIRECTION('',(1.,0.,0.));
#5154=DIRECTION('',(0.,0.707106781186548,0.707106781186547));
#5155=DIRECTION('',(0.,0.,-1.));
#5156=DIRECTION('',(-1.,0.,0.));
#5157=DIRECTION('',(-0.45838715828362,-0.538406178568435,-0.707106781186549));
#5158=DIRECTION('',(0.,-0.707106781186547,0.707106781186548));
#5159=DIRECTION('',(-1.,0.,0.));
#5160=DIRECTION('',(0.,0.707106781186548,0.707106781186547));
#5161=DIRECTION('',(0.,0.,1.));
#5162=DIRECTION('',(1.,0.,0.));
#5163=DIRECTION('',(0.,-0.707106781186546,-0.707106781186549));
#5164=DIRECTION('',(0.,0.,1.));
#5165=DIRECTION('',(1.,0.,0.));
#5166=DIRECTION('',(0.707106781186547,0.,0.707106781186548));
#5167=DIRECTION('',(0.,0.707106781186549,-0.707106781186546));
#5168=DIRECTION('',(-1.,0.,0.));
#5169=DIRECTION('',(0.,-0.707106781186546,-0.707106781186549));
#5170=DIRECTION('',(-0.707106781186548,0.,0.707106781186547));
#5171=DIRECTION('',(0.,1.,0.));
#5172=DIRECTION('',(0.707106781186547,0.,0.707106781186548));
#5173=DIRECTION('',(0.,0.,-1.));
#5174=DIRECTION('',(-1.,0.,0.));
#5175=DIRECTION('',(-0.660191557475543,-0.253272792534092,-0.707106781186548));
#5176=DIRECTION('',(0.,0.,-1.));
#5177=DIRECTION('',(-1.,0.,0.));
#5178=DIRECTION('',(0.112185210476711,0.698150756320078,0.707106781186547));
#5179=DIRECTION('',(0.,0.,1.));
#5180=DIRECTION('',(1.,0.,0.));
#5181=DIRECTION('',(0.,0.,-1.));
#5182=DIRECTION('',(-1.,0.,0.));
#5183=DIRECTION('',(0.,0.,1.));
#5184=DIRECTION('',(1.,0.,0.));
#5185=DIRECTION('',(0.,0.,1.));
#5186=DIRECTION('',(1.,0.,0.));
#5187=DIRECTION('',(0.,0.,1.));
#5188=DIRECTION('',(1.,0.,0.));
#5189=DIRECTION('',(0.,0.,1.));
#5190=DIRECTION('',(1.,0.,0.));
#5191=DIRECTION('',(0.,0.,1.));
#5192=DIRECTION('',(1.,0.,0.));
#5193=DIRECTION('',(0.112185210476712,0.698150756320079,-0.707106781186546));
#5194=DIRECTION('',(0.,0.,-1.));
#5195=DIRECTION('',(-1.,0.,0.));
#5196=DIRECTION('',(0.70710678118655,0.,-0.707106781186545));
#5197=DIRECTION('',(-0.707106781186545,0.,-0.70710678118655));
#5198=DIRECTION('',(0.,1.,0.));
#5199=DIRECTION('',(-0.707106781186547,0.,0.707106781186548));
#5200=DIRECTION('',(0.,-1.,0.));
#5201=DIRECTION('',(-0.707106781186548,0.,-0.707106781186547));
#5202=DIRECTION('',(0.,0.,-1.));
#5203=DIRECTION('',(-1.,0.,0.));
#5204=DIRECTION('',(-0.112185210476712,0.698150756320077,-0.707106781186548));
#5205=DIRECTION('',(0.,0.,1.));
#5206=DIRECTION('',(1.,0.,0.));
#5207=DIRECTION('',(0.,0.,1.));
#5208=DIRECTION('',(1.,0.,0.));
#5209=DIRECTION('',(0.698150756320095,-0.112185210476716,-0.707106781186529));
#5210=DIRECTION('',(0.,0.,-1.));
#5211=DIRECTION('',(-1.,0.,0.));
#5212=DIRECTION('',(0.,-0.707106781186565,-0.70710678118653));
#5213=DIRECTION('',(0.,0.70710678118653,-0.707106781186565));
#5214=DIRECTION('',(1.,0.,0.));
#5215=DIRECTION('',(0.,0.707106781186534,0.707106781186561));
#5216=DIRECTION('',(-1.,0.,0.));
#5217=DIRECTION('',(0.,0.707106781186561,-0.707106781186534));
#5218=DIRECTION('',(0.,0.,-1.));
#5219=DIRECTION('',(-1.,0.,0.));
#5220=DIRECTION('',(0.69815075632009,0.112185210476712,-0.707106781186534));
#5221=DIRECTION('',(0.,0.,1.));
#5222=DIRECTION('',(1.,0.,0.));
#5223=DIRECTION('',(0.707106781186518,0.,0.707106781186578));
#5224=DIRECTION('',(0.,1.,0.));
#5225=DIRECTION('',(0.707106781186578,0.,-0.707106781186518));
#5226=DIRECTION('',(0.,0.,-1.));
#5227=DIRECTION('',(-1.,0.,0.));
#5228=DIRECTION('',(0.112185210476717,-0.698150756320106,-0.707106781186518));
#5229=DIRECTION('',(0.,0.,1.));
#5230=DIRECTION('',(1.,0.,0.));
#5231=DIRECTION('',(0.,0.,1.));
#5232=DIRECTION('',(1.,0.,0.));
#5233=DIRECTION('',(-0.112185210476716,-0.698150756320108,-0.707106781186517));
#5234=DIRECTION('',(0.,0.,-1.));
#5235=DIRECTION('',(-1.,0.,0.));
#5236=DIRECTION('',(-0.707106781186578,0.,-0.707106781186518));
#5237=DIRECTION('',(0.707106781186518,0.,-0.707106781186578));
#5238=DIRECTION('',(0.,-1.,0.));
#5239=DIRECTION('',(0.,0.,-1.));
#5240=DIRECTION('',(-1.,0.,0.));
#5241=DIRECTION('',(0.,0.707106781186547,0.707106781186548));
#5242=DIRECTION('',(0.,0.,1.));
#5243=DIRECTION('',(1.,0.,0.));
#5244=DIRECTION('',(-1.42681918959571E-16,0.707106781186548,-0.707106781186547));
#5245=DIRECTION('',(-1.,-2.01782704898044E-16,0.));
#5246=DIRECTION('',(0.,0.,1.));
#5247=DIRECTION('',(1.,0.,0.));
#5248=DIRECTION('',(0.,0.,-1.));
#5249=DIRECTION('',(-1.,0.,0.));
#5250=DIRECTION('',(0.,0.707106781186548,-0.707106781186547));
#5251=DIRECTION('',(-1.42681918959571E-16,0.707106781186547,0.707106781186549));
#5252=DIRECTION('',(1.,2.01782704898044E-16,0.));
#5253=DIRECTION('',(0.,0.,1.));
#5254=DIRECTION('',(1.,0.,0.));
#5255=DIRECTION('',(0.,0.,1.));
#5256=DIRECTION('',(1.,0.,0.));
#5257=DIRECTION('',(0.,0.,1.));
#5258=DIRECTION('',(1.,0.,0.));
#5259=DIRECTION('',(0.,0.,1.));
#5260=DIRECTION('',(1.,0.,0.));
#5261=DIRECTION('',(9.1814516143864E-16,-0.708511233317634,0.705699533982222));
#5262=DIRECTION('',(0.,-0.705699533982222,-0.708511233317634));
#5263=DIRECTION('',(1.34376468604994E-14,-0.68015821115667,0.733065350290244));
#5264=DIRECTION('',(0.,-0.733065350290244,-0.68015821115667));
#5265=DIRECTION('',(8.35001247482308E-15,0.68004777942798,-0.733167796411622));
#5266=DIRECTION('',(0.,0.733167796411622,0.68004777942798));
#5267=DIRECTION('',(0.,0.708511233317643,-0.705699533982213));
#5268=DIRECTION('',(0.,0.705699533982213,0.708511233317643));
#5269=DIRECTION('',(-0.708511233317638,6.12096774292423E-16,0.705699533982218));
#5270=DIRECTION('',(0.705699533982218,0.,0.708511233317638));
#5271=DIRECTION('',(-0.680158211156671,6.17476985026468E-15,0.733065350290244));
#5272=DIRECTION('',(0.733065350290244,0.,0.680158211156671));
#5273=DIRECTION('',(0.680047779427974,-1.64326974175368E-14,-0.733167796411628));
#5274=DIRECTION('',(-0.733167796411628,0.,-0.680047779427974));
#5275=DIRECTION('',(0.708511233317641,3.97862903290073E-15,-0.705699533982214));
#5276=DIRECTION('',(-0.705699533982215,0.,-0.708511233317641));
#5277=CARTESIAN_POINT('',(0.,0.,0.));
#5278=CARTESIAN_POINT('',(-1.30104260698261E-17,-0.058204825,0.015));
#5279=CARTESIAN_POINT('',(-0.00625,-0.058204825,0.015));
#5280=CARTESIAN_POINT('',(-0.00625,-0.058204825,0.010973249115375));
#5281=CARTESIAN_POINT('',(-0.00625,-0.058204825,0.017));
#5282=CARTESIAN_POINT('',(-0.00625,-0.058204825,0.010973249115375));
#5283=CARTESIAN_POINT('',(-0.00625,-0.0587869541510604,0.0114000174758906));
#5284=CARTESIAN_POINT('',(-0.00609310853436172,-0.0599343845515533,0.0122235665720598));
#5285=CARTESIAN_POINT('',(-0.00534391274953316,-0.0616233613379051,0.013390569595774));
#5286=CARTESIAN_POINT('',(-0.00407290114265824,-0.063083468132829,0.0143704277903327));
#5287=CARTESIAN_POINT('',(-0.00288284994369377,-0.0637941251371246,0.0148349563469542));
#5288=CARTESIAN_POINT('',(-0.00222985203494015,-0.0640435114877533,0.0149999999999999));
#5289=CARTESIAN_POINT('',(-0.00222985203494016,-0.0640435114877533,0.015));
#5290=CARTESIAN_POINT('',(-6.93889390390723E-18,-0.0582048250000001,0.015));
#5291=CARTESIAN_POINT('',(-0.00357142857142857,-0.0633338987915518,0.015));
#5292=CARTESIAN_POINT('',(-0.00357142857142858,-0.0633338987915518,0.015));
#5293=CARTESIAN_POINT('',(-0.00357142857142858,-0.0633338987915518,0.017));
#5294=CARTESIAN_POINT('',(-1.30104260698261E-17,-0.058204825,0.017));
#5295=CARTESIAN_POINT('',(-0.058204825,-4.55364912443912E-18,0.015));
#5296=CARTESIAN_POINT('',(-0.058204825,0.00625,0.015));
#5297=CARTESIAN_POINT('',(-0.058204825,0.00625,0.0109732491153751));
#5298=CARTESIAN_POINT('',(-0.058204825,0.00625,0.017));
#5299=CARTESIAN_POINT('',(-0.058204825,0.00625,0.0109732491153751));
#5300=CARTESIAN_POINT('',(-0.0587869541510604,0.00625,0.0114000174758907));
#5301=CARTESIAN_POINT('',(-0.0599343845515532,0.0060931085343617,0.0122235665720599));
#5302=CARTESIAN_POINT('',(-0.061623361337905,0.0053439127495332,0.013390569595774));
#5303=CARTESIAN_POINT('',(-0.0630834681328289,0.00407290114265837,0.0143704277903326));
#5304=CARTESIAN_POINT('',(-0.0637941251371245,0.00288284994369402,0.0148349563469542));
#5305=CARTESIAN_POINT('',(-0.0640435114877532,0.00222985203494044,0.0149999999999999));
#5306=CARTESIAN_POINT('',(-0.0640435114877532,0.00222985203494045,0.015));
#5307=CARTESIAN_POINT('',(-0.0582048250000001,2.38524477946811E-18,0.015));
#5308=CARTESIAN_POINT('',(-0.0633338987915518,0.00357142857142858,0.015));
#5309=CARTESIAN_POINT('',(-0.0633338987915518,0.00357142857142858,0.015));
#5310=CARTESIAN_POINT('',(-0.0633338987915518,0.00357142857142858,0.017));
#5311=CARTESIAN_POINT('',(-0.058204825,-4.55364912443912E-18,0.017));
#5312=CARTESIAN_POINT('',(-5.20417042793042E-18,-8.67361737988404E-17,0.016));
#5313=CARTESIAN_POINT('',(-5.20417042793042E-18,-8.67361737988404E-17,0.015));
#5314=CARTESIAN_POINT('',(0.050039897523097,0.00984929722761707,0.015));
#5315=CARTESIAN_POINT('',(0.0503282972094228,0.00825,0.015));
#5316=CARTESIAN_POINT('',(0.050907203283911,0.00775543589713549,0.0154945641028645));
#5317=CARTESIAN_POINT('',(0.0506192925844169,0.00845051381260647,0.0153146209098063));
#5318=CARTESIAN_POINT('',(0.0503302122588874,0.00914841545511492,0.0151494926809727));
#5319=CARTESIAN_POINT('',(0.050039897523097,0.00984929722761706,0.015));
#5320=CARTESIAN_POINT('',(0.050907203283911,0.00775543589713549,0.0154945641028645));
#5321=CARTESIAN_POINT('',(0.050907203283911,0.00775543589713549,0.0154945641028645));
#5322=CARTESIAN_POINT('',(0.0507148872274679,0.00792067256515423,0.0153293274348458));
#5323=CARTESIAN_POINT('',(0.0505219229805602,0.00808552986738889,0.0151644701326111));
#5324=CARTESIAN_POINT('',(0.0503282972094228,0.00825,0.015));
#5325=CARTESIAN_POINT('',(-5.20417042793042E-18,-8.67361737988404E-17,0.016));
#5326=CARTESIAN_POINT('',(0.0470745143650834,-0.0170083654653262,0.0140529159840918));
#5327=CARTESIAN_POINT('',(0.0469311407877118,-0.0173019833556462,0.0140178474749485));
#5328=CARTESIAN_POINT('',(0.0468003476938478,-0.0176021458140984,0.014));
#5329=CARTESIAN_POINT('',(0.0466825927173064,-0.0179090909090909,0.014));
#5330=CARTESIAN_POINT('',(0.0470745143650834,-0.0170083654653262,0.0140529159840918));
#5331=CARTESIAN_POINT('',(0.0466825927173064,-0.0179090909090909,0.014));
#5332=CARTESIAN_POINT('',(0.0461939766255643,-0.0191341716182546,0.014));
#5333=CARTESIAN_POINT('',(0.0464879716685687,-0.0184244047981628,0.014));
#5334=CARTESIAN_POINT('',(0.0467814821599448,-0.0177158077891838,0.0140177150147621));
#5335=CARTESIAN_POINT('',(0.0470745143650834,-0.0170083654653262,0.0140529159840918));
#5336=CARTESIAN_POINT('',(0.0461939766255643,-0.0191341716182546,0.014));
#5337=CARTESIAN_POINT('',(-5.20417042793042E-18,-8.67361737988404E-17,0.014));
#5338=CARTESIAN_POINT('',(0.,0.0582048250000001,0.015));
#5339=CARTESIAN_POINT('',(0.,0.0582048250000001,0.015));
#5340=CARTESIAN_POINT('',(0.00357142857142859,0.0633338987915518,0.015));
#5341=CARTESIAN_POINT('',(0.00155094711337426,0.0642593326638416,0.015));
#5342=CARTESIAN_POINT('',(0.00357142857142859,0.0633338987915518,0.015));
#5343=CARTESIAN_POINT('',(0.00357142857142859,0.0633338987915518,0.017));
#5344=CARTESIAN_POINT('',(0.,0.0582048250000001,0.017));
#5345=CARTESIAN_POINT('',(0.00625,0.058204825,0.017));
#5346=CARTESIAN_POINT('',(0.00625,0.058204825,0.015));
#5347=CARTESIAN_POINT('',(0.00625,0.058204825,0.00991421356237311));
#5348=CARTESIAN_POINT('',(0.,0.0582048250000001,0.00991421356237316));
#5349=CARTESIAN_POINT('',(0.,2.93915231795365E-18,0.017));
#5350=CARTESIAN_POINT('',(0.,2.93915231795365E-18,0.017));
#5351=CARTESIAN_POINT('',(0.048,2.93915231795365E-18,0.017));
#5352=CARTESIAN_POINT('',(0.,2.93915231795365E-18,0.002));
#5353=CARTESIAN_POINT('',(0.00425,0.0478114787472632,0.002));
#5354=CARTESIAN_POINT('',(-0.00425,0.0478114787472632,0.002));
#5355=CARTESIAN_POINT('',(-0.00425,0.0478114787472632,0.017));
#5356=CARTESIAN_POINT('',(-0.00425,0.0478114787472632,0.012));
#5357=CARTESIAN_POINT('',(0.,2.93915231795365E-18,0.012));
#5358=CARTESIAN_POINT('',(0.00425,0.0478114787472632,0.012));
#5359=CARTESIAN_POINT('',(0.00425,0.0478114787472632,0.017));
#5360=CARTESIAN_POINT('',(0.00625,0.0539063310412305,0.015));
#5361=CARTESIAN_POINT('',(0.00625,0.0515307752497879,0.015));
#5362=CARTESIAN_POINT('',(0.00625,0.0515307752497879,0.017));
#5363=CARTESIAN_POINT('',(0.00625,0.0515307752497879,0.014));
#5364=CARTESIAN_POINT('',(0.00625,0.051341381944782,0.014));
#5365=CARTESIAN_POINT('',(0.00625,0.051341381944782,0.014));
#5366=CARTESIAN_POINT('',(0.00625,0.051341381944782,0.012));
#5367=CARTESIAN_POINT('',(0.00625,0.051341381944782,0.012));
#5368=CARTESIAN_POINT('',(0.00625,0.0529063310412305,0.012));
#5369=CARTESIAN_POINT('',(0.00625,0.056204825,0.012));
#5370=CARTESIAN_POINT('',(0.00625,0.056204825,0.012));
#5371=CARTESIAN_POINT('',(0.00625,0.056204825,0.002));
#5372=CARTESIAN_POINT('',(0.00625,0.0529063310412305,0.002));
#5373=CARTESIAN_POINT('',(0.00625,0.051341381944782,0.002));
#5374=CARTESIAN_POINT('',(0.00625,0.051341381944782,0.));
#5375=CARTESIAN_POINT('',(0.00625,0.051341381944782,0.001));
#5376=CARTESIAN_POINT('',(0.00625,0.0539063310412305,0.001));
#5377=CARTESIAN_POINT('',(0.00625,0.057204825,0.001));
#5378=CARTESIAN_POINT('',(0.00625,0.057204825,0.015));
#5379=CARTESIAN_POINT('',(0.00625,0.057204825,0.00891421356237309));
#5380=CARTESIAN_POINT('',(0.00625,0.0585984712394287,0.0103078598018018));
#5381=CARTESIAN_POINT('',(0.00625,0.0539063310412305,0.017));
#5382=CARTESIAN_POINT('',(-1.30104260698261E-17,-0.058204825,0.015));
#5383=CARTESIAN_POINT('',(-6.93889390390723E-18,-0.0582048250000001,0.015));
#5384=CARTESIAN_POINT('',(0.00222914043508373,-0.0640437832050803,0.015));
#5385=CARTESIAN_POINT('',(0.00357142857142856,-0.0633338987915518,0.015));
#5386=CARTESIAN_POINT('',(0.00222914043508489,-0.0640437832050799,0.0150000000000053));
#5387=CARTESIAN_POINT('',(0.00353743732535612,-0.0635443143963012,0.0146698304479889));
#5388=CARTESIAN_POINT('',(0.00510226601792449,-0.0621784383970885,0.0137747254511248));
#5389=CARTESIAN_POINT('',(0.00609041346849934,-0.0599395826311855,0.0122268997134875));
#5390=CARTESIAN_POINT('',(0.00625,-0.0587872998164939,0.0114001341799325));
#5391=CARTESIAN_POINT('',(0.00625,-0.058204825,0.0109732413968986));
#5392=CARTESIAN_POINT('',(0.00625,-0.058204825,0.0109732413968986));
#5393=CARTESIAN_POINT('',(0.00625,-0.058204825,0.015));
#5394=CARTESIAN_POINT('',(0.00625,-0.058204825,0.017));
#5395=CARTESIAN_POINT('',(-1.30104260698261E-17,-0.058204825,0.017));
#5396=CARTESIAN_POINT('',(0.00357142857142856,-0.0633338987915518,0.017));
#5397=CARTESIAN_POINT('',(0.00357142857142856,-0.0633338987915518,0.015));
#5398=CARTESIAN_POINT('',(-0.058204825,-4.55364912443912E-18,0.015));
#5399=CARTESIAN_POINT('',(-0.0582048250000001,2.38524477946811E-18,0.015));
#5400=CARTESIAN_POINT('',(-0.0640437832050639,-0.00222914043512671,0.015));
#5401=CARTESIAN_POINT('',(-0.0633338987915518,-0.00357142857142856,0.015));
#5402=CARTESIAN_POINT('',(-0.0640437832050643,-0.00222914043512565,0.0149999999999951));
#5403=CARTESIAN_POINT('',(-0.0635443143962797,-0.0035374373253853,0.0146698304479748));
#5404=CARTESIAN_POINT('',(-0.0621784383970692,-0.00510226601793637,0.0137747254511117));
#5405=CARTESIAN_POINT('',(-0.0599395826311764,-0.00609041346850105,0.0122268997134811));
#5406=CARTESIAN_POINT('',(-0.0587872998164909,-0.00625,0.0114001341799303));
#5407=CARTESIAN_POINT('',(-0.058204825,-0.00625,0.0109732413968986));
#5408=CARTESIAN_POINT('',(-0.058204825,-0.00625,0.0109732413968986));
#5409=CARTESIAN_POINT('',(-0.058204825,-0.00625,0.015));
#5410=CARTESIAN_POINT('',(-0.058204825,-0.00625,0.017));
#5411=CARTESIAN_POINT('',(-0.058204825,-4.55364912443912E-18,0.017));
#5412=CARTESIAN_POINT('',(-0.0633338987915518,-0.00357142857142857,0.017));
#5413=CARTESIAN_POINT('',(-0.0633338987915518,-0.00357142857142857,0.015));
#5414=CARTESIAN_POINT('',(0.,0.0582048250000001,0.015));
#5415=CARTESIAN_POINT('',(0.,0.0582048250000001,0.017));
#5416=CARTESIAN_POINT('',(-0.00357142857142859,0.0633338987915518,0.017));
#5417=CARTESIAN_POINT('',(-0.00625,0.058204825,0.017));
#5418=CARTESIAN_POINT('',(-0.00357142857142859,0.0633338987915518,0.015));
#5419=CARTESIAN_POINT('',(-0.00357142857142859,0.0633338987915518,0.015));
#5420=CARTESIAN_POINT('',(0.,0.0582048250000001,0.015));
#5421=CARTESIAN_POINT('',(-0.00155094711337426,0.0642593326638416,0.015));
#5422=CARTESIAN_POINT('',(0.,0.0582048250000001,0.00991421356237316));
#5423=CARTESIAN_POINT('',(-0.00625,0.058204825,0.0099142135623731));
#5424=CARTESIAN_POINT('',(-0.00625,0.058204825,0.015));
#5425=CARTESIAN_POINT('',(0.155074506949276,-0.00625,0.015002));
#5426=CARTESIAN_POINT('',(0.155074506949276,0.005,0.015));
#5427=CARTESIAN_POINT('',(0.155074506949276,0.005,0.001));
#5428=CARTESIAN_POINT('',(0.155074506949276,0.005,0.014));
#5429=CARTESIAN_POINT('',(0.155074506949276,-0.00625,0.014));
#5430=CARTESIAN_POINT('',(0.155074506949276,0.0045,0.014));
#5431=CARTESIAN_POINT('',(0.155074506949276,0.0045,0.015002));
#5432=CARTESIAN_POINT('',(0.155074506949276,0.0045,0.013));
#5433=CARTESIAN_POINT('',(0.155074506949276,1.25767452008318E-17,0.013));
#5434=CARTESIAN_POINT('',(0.155074506949276,-0.0045,0.013));
#5435=CARTESIAN_POINT('',(0.155074506949276,-0.0045,0.015));
#5436=CARTESIAN_POINT('',(0.155074506949276,-0.0045,0.014));
#5437=CARTESIAN_POINT('',(0.155074506949276,-0.00625,0.014));
#5438=CARTESIAN_POINT('',(0.155074506949276,-0.005,0.014));
#5439=CARTESIAN_POINT('',(0.155074506949276,-0.005,0.015002));
#5440=CARTESIAN_POINT('',(0.155074506949276,-0.005,0.001));
#5441=CARTESIAN_POINT('',(0.155074506949276,0.005,0.001));
#5442=CARTESIAN_POINT('',(0.145074506949276,7.80625564189563E-18,0.015002));
#5443=CARTESIAN_POINT('',(0.145074506949276,7.80625564189563E-18,0.));
#5444=CARTESIAN_POINT('',(0.147574506949276,7.80625564189563E-18,0.));
#5445=CARTESIAN_POINT('',(0.145074506949276,7.80625564189563E-18,0.013));
#5446=CARTESIAN_POINT('',(0.147574506949276,7.80625564189563E-18,0.013));
#5447=CARTESIAN_POINT('',(0.0835254930507239,5.20417042793042E-18,0.015002));
#5448=CARTESIAN_POINT('',(0.0835254930507239,5.20417042793042E-18,0.));
#5449=CARTESIAN_POINT('',(0.0860254930507239,5.20417042793042E-18,0.));
#5450=CARTESIAN_POINT('',(0.0835254930507239,5.20417042793042E-18,0.013));
#5451=CARTESIAN_POINT('',(0.0860254930507239,5.20417042793042E-18,0.013));
#5452=CARTESIAN_POINT('',(-5.20417042793042E-18,-8.67361737988404E-17,0.002));
#5453=CARTESIAN_POINT('',(0.0079326923076923,0.0493667134084442,0.002));
#5454=CARTESIAN_POINT('',(0.00793269230769233,0.0493667134084444,0.012));
#5455=CARTESIAN_POINT('',(0.0079326923076923,0.0493667134084442,0.014));
#5456=CARTESIAN_POINT('',(-5.20417042793042E-18,-8.67361737988404E-17,0.014));
#5457=CARTESIAN_POINT('',(0.0191341716182544,0.0461939766255642,0.014));
#5458=CARTESIAN_POINT('',(0.0191341716182544,0.0461939766255642,0.013940195));
#5459=CARTESIAN_POINT('',(0.0191341716182544,0.0461939766255642,0.01188039));
#5460=CARTESIAN_POINT('',(-5.20417042793042E-18,-8.67361737988404E-17,0.01188039));
#5461=CARTESIAN_POINT('',(0.0461939766255642,0.0191341716182544,0.01188039));
#5462=CARTESIAN_POINT('',(0.0461939766255643,0.0191341716182543,0.013940195));
#5463=CARTESIAN_POINT('',(0.0461939766255643,0.0191341716182543,0.014));
#5464=CARTESIAN_POINT('',(-5.20417042793042E-18,-8.67361737988404E-17,0.014));
#5465=CARTESIAN_POINT('',(0.0466825927173064,0.0179090909090909,0.014));
#5466=CARTESIAN_POINT('',(0.0466825927173064,0.0179090909090909,0.002));
#5467=CARTESIAN_POINT('',(0.0466825927173064,0.0179090909090909,0.001));
#5468=CARTESIAN_POINT('',(-5.20417042793042E-18,-8.67361737988404E-17,0.001));
#5469=CARTESIAN_POINT('',(0.0079326923076923,0.0493667134084442,0.001));
#5470=CARTESIAN_POINT('',(0.0079326923076923,0.0493667134084442,0.002));
#5471=CARTESIAN_POINT('',(0.00793269230769233,0.0493667134084444,0.002));
#5472=CARTESIAN_POINT('',(3.98986399474665E-16,1.78329573330416E-15,0.002));
#5473=CARTESIAN_POINT('',(0.00425,0.0498190475621524,0.002));
#5474=CARTESIAN_POINT('',(0.00425,0.0498190475621524,0.012));
#5475=CARTESIAN_POINT('',(0.00425,0.0498190475621524,0.012));
#5476=CARTESIAN_POINT('',(3.98986399474665E-16,1.78329573330416E-15,0.012));
#5477=CARTESIAN_POINT('',(-5.20417042793042E-18,-8.67361737988404E-17,0.002));
#5478=CARTESIAN_POINT('',(-5.20417042793042E-18,-8.67361737988404E-17,0.001));
#5479=CARTESIAN_POINT('',(-0.00793269230769231,0.0493667134084442,0.001));
#5480=CARTESIAN_POINT('',(-0.0493628797968993,0.00795651293952743,0.001));
#5481=CARTESIAN_POINT('',(-0.0493628797968993,0.00795651293952743,0.001));
#5482=CARTESIAN_POINT('',(-0.0493641595112148,0.00794857348358616,0.00100012324560603));
#5483=CARTESIAN_POINT('',(-0.0493654373816785,0.00794063327466855,0.00100019774933068));
#5484=CARTESIAN_POINT('',(-0.0493667134084443,0.0079326923076923,0.00100022296555953));
#5485=CARTESIAN_POINT('',(-0.0493667134084443,0.00793269230769231,0.00100022296556031));
#5486=CARTESIAN_POINT('',(-0.0493667134084443,0.00793269230769231,0.002));
#5487=CARTESIAN_POINT('',(-0.0493667134084443,0.00793269230769231,0.014));
#5488=CARTESIAN_POINT('',(-5.20417042793042E-18,-8.67361737988404E-17,0.014));
#5489=CARTESIAN_POINT('',(-0.0461939766255643,0.0191341716182544,0.014));
#5490=CARTESIAN_POINT('',(-0.0461939766255643,0.0191341716182544,0.013940195));
#5491=CARTESIAN_POINT('',(-0.0461939766255642,0.0191341716182544,0.01188039));
#5492=CARTESIAN_POINT('',(-5.20417042793042E-18,-8.67361737988404E-17,0.01188039));
#5493=CARTESIAN_POINT('',(-0.0191341716182544,0.0461939766255642,0.01188039));
#5494=CARTESIAN_POINT('',(-0.0191341716182544,0.0461939766255642,0.013940195));
#5495=CARTESIAN_POINT('',(-0.0191341716182544,0.0461939766255642,0.014));
#5496=CARTESIAN_POINT('',(-5.20417042793042E-18,-8.67361737988404E-17,0.014));
#5497=CARTESIAN_POINT('',(-0.00793269230769231,0.0493667134084442,0.014));
#5498=CARTESIAN_POINT('',(-0.00793269230769231,0.0493667134084442,0.002));
#5499=CARTESIAN_POINT('',(-5.20417042793042E-18,-8.67361737988404E-17,0.002));
#5500=CARTESIAN_POINT('',(0.0079326923076923,-0.0493667134084444,0.002));
#5501=CARTESIAN_POINT('',(0.0079326923076923,-0.0493667134084444,0.014));
#5502=CARTESIAN_POINT('',(0.0079326923076923,-0.0493667134084444,0.00100022296555957));
#5503=CARTESIAN_POINT('',(0.0079326923076923,-0.0493667134084444,0.00100022296555957));
#5504=CARTESIAN_POINT('',(0.00794063327448244,-0.0493654373817085,0.00100019774933132));
#5505=CARTESIAN_POINT('',(0.0079485734832139,-0.0493641595112747,0.00100012324560746));
#5506=CARTESIAN_POINT('',(0.00795651293896913,-0.0493628797969893,0.00100000000000661));
#5507=CARTESIAN_POINT('',(0.00795651293896911,-0.0493628797969893,0.001));
#5508=CARTESIAN_POINT('',(-5.20417042793042E-18,-8.67361737988404E-17,0.001));
#5509=CARTESIAN_POINT('',(0.0466825927173064,-0.0179090909090909,0.001));
#5510=CARTESIAN_POINT('',(0.0466825927173064,-0.0179090909090909,0.002));
#5511=CARTESIAN_POINT('',(0.0461939766255643,-0.0191341716182546,0.013940195));
#5512=CARTESIAN_POINT('',(0.0461939766255643,-0.0191341716182544,0.01188039));
#5513=CARTESIAN_POINT('',(-5.20417042793042E-18,-8.67361737988404E-17,0.01188039));
#5514=CARTESIAN_POINT('',(0.0191341716182544,-0.0461939766255644,0.01188039));
#5515=CARTESIAN_POINT('',(0.0191341716182544,-0.0461939766255644,0.013940195));
#5516=CARTESIAN_POINT('',(0.0191341716182544,-0.0461939766255644,0.014));
#5517=CARTESIAN_POINT('',(-5.20417042793042E-18,-8.67361737988404E-17,0.014));
#5518=CARTESIAN_POINT('',(-5.20417042793042E-18,-8.67361737988404E-17,0.002));
#5519=CARTESIAN_POINT('',(-5.20417042793042E-18,-8.67361737988404E-17,0.001));
#5520=CARTESIAN_POINT('',(-0.0493628797969119,-0.00795651293944913,0.001));
#5521=CARTESIAN_POINT('',(-0.00795651293953173,-0.0493628797968986,0.001));
#5522=CARTESIAN_POINT('',(-0.00795651293953173,-0.0493628797968986,0.001));
#5523=CARTESIAN_POINT('',(-0.00794857348358903,-0.0493641595112143,0.00100012324560607));
#5524=CARTESIAN_POINT('',(-0.00794063327467,-0.0493654373816784,0.0010001977493309));
#5525=CARTESIAN_POINT('',(-0.00793269230769231,-0.0493667134084444,0.00100022296555976));
#5526=CARTESIAN_POINT('',(-0.00793269230769231,-0.0493667134084444,0.00100022296555998));
#5527=CARTESIAN_POINT('',(-0.00793269230769231,-0.0493667134084444,0.002));
#5528=CARTESIAN_POINT('',(-0.00793269230769231,-0.0493667134084444,0.014));
#5529=CARTESIAN_POINT('',(-5.20417042793042E-18,-8.67361737988404E-17,0.014));
#5530=CARTESIAN_POINT('',(-0.0191341716182544,-0.0461939766255644,0.014));
#5531=CARTESIAN_POINT('',(-0.0191341716182544,-0.0461939766255644,0.013940195));
#5532=CARTESIAN_POINT('',(-0.0191341716182545,-0.0461939766255643,0.01188039));
#5533=CARTESIAN_POINT('',(-5.20417042793042E-18,-8.67361737988404E-17,0.01188039));
#5534=CARTESIAN_POINT('',(-0.0461939766255643,-0.0191341716182545,0.01188039));
#5535=CARTESIAN_POINT('',(-0.0461939766255643,-0.0191341716182546,0.013940195));
#5536=CARTESIAN_POINT('',(-0.0461939766255643,-0.0191341716182546,0.014));
#5537=CARTESIAN_POINT('',(-5.20417042793042E-18,-8.67361737988404E-17,0.014));
#5538=CARTESIAN_POINT('',(-0.0493667134084443,-0.00793269230769231,0.014));
#5539=CARTESIAN_POINT('',(-0.0493667134084443,-0.00793269230769231,0.002));
#5540=CARTESIAN_POINT('',(-0.0493667134084443,-0.00793269230769231,0.00100022296555979));
#5541=CARTESIAN_POINT('',(-0.0493667134084443,-0.00793269230769231,0.00100022296555979));
#5542=CARTESIAN_POINT('',(-0.0493654373816827,-0.00794063327464246,0.00100019774933102));
#5543=CARTESIAN_POINT('',(-0.0493641595112232,-0.00794857348353396,0.00100012324560485));
#5544=CARTESIAN_POINT('',(-0.0493628797969119,-0.00795651293944913,0.000999999999999538));
#5545=CARTESIAN_POINT('',(0.,1.74512168878498E-18,0.002));
#5546=CARTESIAN_POINT('',(0.,1.74512168878498E-18,0.001));
#5547=CARTESIAN_POINT('',(0.0285,1.74512168878498E-18,0.001));
#5548=CARTESIAN_POINT('',(0.,1.74512168878498E-18,0.017));
#5549=CARTESIAN_POINT('',(0.0285,1.74512168878498E-18,0.017));
#5550=CARTESIAN_POINT('',(6.93889390390723E-18,0.,0.002));
#5551=CARTESIAN_POINT('',(0.00425,0.0473190475621522,0.002));
#5552=CARTESIAN_POINT('',(0.00825,0.051341381944782,0.002));
#5553=CARTESIAN_POINT('',(-8.67361737988404E-19,0.056204825,0.002));
#5554=CARTESIAN_POINT('',(-0.00425,0.056204825,0.002));
#5555=CARTESIAN_POINT('',(-0.00425,0.0530119362810761,0.002));
#5556=CARTESIAN_POINT('',(0.,1.80635402874235E-18,0.002));
#5557=CARTESIAN_POINT('',(0.0295,1.80635402874235E-18,0.002));
#5558=CARTESIAN_POINT('',(6.93889390390723E-18,0.,0.));
#5559=CARTESIAN_POINT('',(0.,1.74512168878498E-18,0.));
#5560=CARTESIAN_POINT('',(0.0295,1.74512168878498E-18,0.));
#5561=CARTESIAN_POINT('',(-5.20417042793042E-18,-8.67361737988404E-17,0.));
#5562=CARTESIAN_POINT('',(-0.0051734766409391,-0.0497316311762007,0.));
#5563=CARTESIAN_POINT('',(0.00517347664093905,-0.0497316311762007,0.));
#5564=CARTESIAN_POINT('',(-0.00517347664093911,-0.0497316311762008,1.09003110113255E-16));
#5565=CARTESIAN_POINT('',(-0.00551171509788257,-0.0496964449433208,1.09003110113255E-16));
#5566=CARTESIAN_POINT('',(-0.0058272618889773,-0.0495397100208845,0.));
#5567=CARTESIAN_POINT('',(-0.00605967685627807,-0.0492913857189134,0.));
#5568=CARTESIAN_POINT('',(-0.00605967685627807,-0.0492913857189134,0.));
#5569=CARTESIAN_POINT('',(-0.00825,-0.0513413819447821,0.));
#5570=CARTESIAN_POINT('',(-0.00777403846153846,-0.0483793791402755,0.));
#5571=CARTESIAN_POINT('',(-5.20417042793042E-18,-8.67361737988404E-17,0.));
#5572=CARTESIAN_POINT('',(-0.0483793791402754,-0.00777403846153846,0.));
#5573=CARTESIAN_POINT('',(-0.0513413819447821,-0.00825,0.));
#5574=CARTESIAN_POINT('',(-0.0492913857189133,-0.00605967685627807,0.));
#5575=CARTESIAN_POINT('',(-0.0492913857189133,-0.00605967685627807,4.76095425893875E-19));
#5576=CARTESIAN_POINT('',(-0.0495396655430645,-0.0058273035172444,4.76095425893875E-19));
#5577=CARTESIAN_POINT('',(-0.0496964389625697,-0.00551177258968605,0.));
#5578=CARTESIAN_POINT('',(-0.0497316311762006,-0.00517347664093905,0.));
#5579=CARTESIAN_POINT('',(-0.0497316311762006,-0.00517347664093905,0.));
#5580=CARTESIAN_POINT('',(-5.20417042793042E-18,-8.67361737988404E-17,0.));
#5581=CARTESIAN_POINT('',(-0.0497316311762006,0.00517347664093911,0.));
#5582=CARTESIAN_POINT('',(-0.0497316311762007,0.00517347664093911,1.07624651021588E-16));
#5583=CARTESIAN_POINT('',(-0.0496964449433207,0.00551171509788256,1.07624651021588E-16));
#5584=CARTESIAN_POINT('',(-0.0495397100208844,0.0058272618889773,0.));
#5585=CARTESIAN_POINT('',(-0.0492913857189133,0.00605967685627807,0.));
#5586=CARTESIAN_POINT('',(-0.0492913857189133,0.00605967685627807,0.));
#5587=CARTESIAN_POINT('',(-0.051341381944782,0.00825,0.));
#5588=CARTESIAN_POINT('',(-0.0483793791402754,0.00777403846153846,0.));
#5589=CARTESIAN_POINT('',(-5.20417042793042E-18,-8.67361737988404E-17,0.));
#5590=CARTESIAN_POINT('',(-0.00777403846153846,0.0483793791402753,0.));
#5591=CARTESIAN_POINT('',(-0.00825,0.051341381944782,0.));
#5592=CARTESIAN_POINT('',(-0.00525,0.051341381944782,0.));
#5593=CARTESIAN_POINT('',(-0.00525,0.057204825,0.));
#5594=CARTESIAN_POINT('',(-0.00525,0.057204825,0.));
#5595=CARTESIAN_POINT('',(6.93889390390723E-18,0.057204825,0.));
#5596=CARTESIAN_POINT('',(0.00525,0.057204825,0.));
#5597=CARTESIAN_POINT('',(0.00525,0.,0.));
#5598=CARTESIAN_POINT('',(0.00525,0.051341381944782,0.));
#5599=CARTESIAN_POINT('',(0.00825,0.051341381944782,0.));
#5600=CARTESIAN_POINT('',(0.00777403846153846,0.0483793791402753,0.));
#5601=CARTESIAN_POINT('',(-5.20417042793042E-18,-8.67361737988404E-17,0.));
#5602=CARTESIAN_POINT('',(0.0457489408629602,0.0175509090909091,0.));
#5603=CARTESIAN_POINT('',(0.051350851989037,0.0197,0.));
#5604=CARTESIAN_POINT('',(0.051350851989037,0.0137,0.));
#5605=CARTESIAN_POINT('',(0.1143,0.0137,0.));
#5606=CARTESIAN_POINT('',(0.1143,0.0137,0.));
#5607=CARTESIAN_POINT('',(0.1143,2.42861286636753E-17,0.));
#5608=CARTESIAN_POINT('',(0.123181125504054,0.0104314720812183,0.));
#5609=CARTESIAN_POINT('',(0.127070669520428,0.015,0.));
#5610=CARTESIAN_POINT('',(0.127070669520428,0.009,0.));
#5611=CARTESIAN_POINT('',(5.3776427755281E-18,0.009,0.));
#5612=CARTESIAN_POINT('',(0.150074506949276,0.009,0.));
#5613=CARTESIAN_POINT('',(0.150074506949276,0.005,0.));
#5614=CARTESIAN_POINT('',(0.154074506949276,0.005,0.));
#5615=CARTESIAN_POINT('',(0.154074506949276,-0.005,0.));
#5616=CARTESIAN_POINT('',(0.154074506949276,-0.005,0.));
#5617=CARTESIAN_POINT('',(0.150074506949276,-0.005,0.));
#5618=CARTESIAN_POINT('',(0.150074506949276,-0.009,0.));
#5619=CARTESIAN_POINT('',(0.127070669520428,-0.009,0.));
#5620=CARTESIAN_POINT('',(0.127070669520428,-0.009,0.));
#5621=CARTESIAN_POINT('',(0.127070669520428,-0.015,0.));
#5622=CARTESIAN_POINT('',(0.123181125504054,-0.0104314720812183,0.));
#5623=CARTESIAN_POINT('',(0.1143,-9.54097911787244E-18,0.));
#5624=CARTESIAN_POINT('',(0.1143,-0.0137,0.));
#5625=CARTESIAN_POINT('',(0.0513508519890371,-0.0137,0.));
#5626=CARTESIAN_POINT('',(0.0513508519890371,-0.0137,0.));
#5627=CARTESIAN_POINT('',(0.0513508519890371,-0.0197,0.));
#5628=CARTESIAN_POINT('',(0.0457489408629603,-0.0175509090909091,0.));
#5629=CARTESIAN_POINT('',(-5.20417042793042E-18,-8.67361737988404E-17,0.));
#5630=CARTESIAN_POINT('',(0.00777403846153845,-0.0483793791402755,0.));
#5631=CARTESIAN_POINT('',(0.00825,-0.0513413819447821,0.));
#5632=CARTESIAN_POINT('',(0.00605967685627806,-0.0492913857189134,0.));
#5633=CARTESIAN_POINT('',(0.00605967685627806,-0.0492913857189134,8.33166995314282E-19));
#5634=CARTESIAN_POINT('',(0.00582689925487721,-0.049540097478113,8.33166995314282E-19));
#5635=CARTESIAN_POINT('',(0.00551224605085669,-0.0496963897094034,0.));
#5636=CARTESIAN_POINT('',(0.00517347664093905,-0.0497316311762007,0.));
#5637=CARTESIAN_POINT('',(0.1143,-6.93889390390723E-18,0.));
#5638=CARTESIAN_POINT('',(0.104203045865418,0.0080287930104187,0.));
#5639=CARTESIAN_POINT('',(0.104203045865418,-0.00802879301041868,0.));
#5640=CARTESIAN_POINT('',(0.106189131953939,-0.00802879301041868,0.));
#5641=CARTESIAN_POINT('',(0.108008856797382,-0.00802879301041868,0.));
#5642=CARTESIAN_POINT('',(0.1143,-8.67361737988404E-18,0.));
#5643=CARTESIAN_POINT('',(0.120591143202618,-0.00802879301041868,0.));
#5644=CARTESIAN_POINT('',(0.122410868046061,-0.00802879301041868,0.));
#5645=CARTESIAN_POINT('',(0.124396954134582,-0.00802879301041868,0.));
#5646=CARTESIAN_POINT('',(0.1143,4.33680868994202E-18,0.));
#5647=CARTESIAN_POINT('',(0.124396954134582,0.0080287930104187,0.));
#5648=CARTESIAN_POINT('',(0.122410868046061,0.0080287930104187,0.));
#5649=CARTESIAN_POINT('',(0.120591143202618,0.0080287930104187,0.));
#5650=CARTESIAN_POINT('',(0.1143,-6.07153216591882E-18,0.));
#5651=CARTESIAN_POINT('',(0.108008856797382,0.0080287930104187,0.));
#5652=CARTESIAN_POINT('',(0.106189131953939,0.0080287930104187,0.));
#5653=CARTESIAN_POINT('',(6.93889390390723E-18,0.,0.017));
#5654=CARTESIAN_POINT('',(0.058204825,-2.05998412772246E-17,0.017));
#5655=CARTESIAN_POINT('',(0.058204825,-0.00625,0.017));
#5656=CARTESIAN_POINT('',(0.063460276783314,-0.00338270994223008,0.017));
#5657=CARTESIAN_POINT('',(0.063460276783314,-0.00338270994223008,0.017));
#5658=CARTESIAN_POINT('',(0.0635725805598265,-0.00320823235100148,0.017));
#5659=CARTESIAN_POINT('',(0.0636355112813932,-0.00276050266324647,0.017));
#5660=CARTESIAN_POINT('',(0.063184327265847,-0.00227914842818665,0.017));
#5661=CARTESIAN_POINT('',(0.0626139657273067,-0.00204867990035329,0.017));
#5662=CARTESIAN_POINT('',(0.0622031698981831,-0.002,0.017));
#5663=CARTESIAN_POINT('',(0.061997558904499,-0.002,0.017));
#5664=CARTESIAN_POINT('',(0.061997558904499,-0.002,0.017));
#5665=CARTESIAN_POINT('',(0.0630405048205818,-0.002,0.017));
#5666=CARTESIAN_POINT('',(0.061954825,-0.002,0.017));
#5667=CARTESIAN_POINT('',(0.058204825,2.84060969191202E-17,0.017));
#5668=CARTESIAN_POINT('',(0.061954825,0.002,0.017));
#5669=CARTESIAN_POINT('',(0.0630405048205818,0.002,0.017));
#5670=CARTESIAN_POINT('',(0.0619975589044989,0.002,0.017));
#5671=CARTESIAN_POINT('',(0.0619975589044989,0.002,0.017));
#5672=CARTESIAN_POINT('',(0.0622032684453415,0.00199999999999999,0.017));
#5673=CARTESIAN_POINT('',(0.0626066828714037,0.00204710858524107,0.017));
#5674=CARTESIAN_POINT('',(0.0631831560863367,0.00227782046906828,0.017));
#5675=CARTESIAN_POINT('',(0.0636349881537991,0.00275876940829845,0.017));
#5676=CARTESIAN_POINT('',(0.063572826153015,0.0032078507920789,0.017));
#5677=CARTESIAN_POINT('',(0.0634602767833139,0.00338270994223009,0.017));
#5678=CARTESIAN_POINT('',(0.0634602767833139,0.00338270994223009,0.017));
#5679=CARTESIAN_POINT('',(0.058204825,-2.05998412772246E-17,0.017));
#5680=CARTESIAN_POINT('',(0.058204825,0.00625,0.017));
#5681=CARTESIAN_POINT('',(0.0539063310412305,0.00625,0.017));
#5682=CARTESIAN_POINT('',(0.0515307752497879,0.00625,0.017));
#5683=CARTESIAN_POINT('',(0.050156793320092,0.00956708580912724,0.017));
#5684=CARTESIAN_POINT('',(0.0385853685720712,0.0375029763717788,0.017));
#5685=CARTESIAN_POINT('',(0.0367376095070487,0.0367376095070487,0.017));
#5686=CARTESIAN_POINT('',(0.0375029763717788,0.0385853685720712,0.017));
#5687=CARTESIAN_POINT('',(0.0287012574273817,0.0422311599310367,0.017));
#5688=CARTESIAN_POINT('',(0.003,0.0625132469849035,0.017));
#5689=CARTESIAN_POINT('',(0.002,0.0625132469849035,0.017));
#5690=CARTESIAN_POINT('',(0.002,0.0630405048205818,0.017));
#5691=CARTESIAN_POINT('',(0.002,0.061954825,0.017));
#5692=CARTESIAN_POINT('',(6.07153216591882E-18,0.058204825,0.017));
#5693=CARTESIAN_POINT('',(-0.002,0.061954825,0.017));
#5694=CARTESIAN_POINT('',(-0.002,0.0630405048205818,0.017));
#5695=CARTESIAN_POINT('',(-0.002,0.0625132469849035,0.017));
#5696=CARTESIAN_POINT('',(-0.003,0.0625132469849035,0.017));
#5697=CARTESIAN_POINT('',(-0.00625,0.0539063310412305,0.017));
#5698=CARTESIAN_POINT('',(-0.00625,0.0515307752497879,0.017));
#5699=CARTESIAN_POINT('',(-0.00956708580912723,0.050156793320092,0.017));
#5700=CARTESIAN_POINT('',(-0.0375029763717788,0.0385853685720712,0.017));
#5701=CARTESIAN_POINT('',(-0.0367376095070486,0.0367376095070487,0.017));
#5702=CARTESIAN_POINT('',(-0.0385853685720711,0.0375029763717788,0.017));
#5703=CARTESIAN_POINT('',(-0.0422311599310367,0.0287012574273817,0.017));
#5704=CARTESIAN_POINT('',(-0.0515307752497879,0.00625,0.017));
#5705=CARTESIAN_POINT('',(-0.0539063310412305,0.00625,0.017));
#5706=CARTESIAN_POINT('',(-0.0625132469849035,0.003,0.017));
#5707=CARTESIAN_POINT('',(-0.0625132469849035,0.002,0.017));
#5708=CARTESIAN_POINT('',(-0.0630405048205818,0.002,0.017));
#5709=CARTESIAN_POINT('',(-0.061954825,0.002,0.017));
#5710=CARTESIAN_POINT('',(-0.058204825,-3.68628738645072E-18,0.017));
#5711=CARTESIAN_POINT('',(-0.061954825,-0.002,0.017));
#5712=CARTESIAN_POINT('',(-0.0630405048205818,-0.002,0.017));
#5713=CARTESIAN_POINT('',(-0.0625132469849035,-0.002,0.017));
#5714=CARTESIAN_POINT('',(-0.0625132469849035,-0.003,0.017));
#5715=CARTESIAN_POINT('',(-0.0539063310412305,-0.00625,0.017));
#5716=CARTESIAN_POINT('',(-0.0515307752497879,-0.00625,0.017));
#5717=CARTESIAN_POINT('',(-0.050156793320092,-0.00956708580912725,0.017));
#5718=CARTESIAN_POINT('',(-0.0385853685720712,-0.0375029763717788,0.017));
#5719=CARTESIAN_POINT('',(-0.0367376095070486,-0.0367376095070487,0.017));
#5720=CARTESIAN_POINT('',(-0.0375029763717788,-0.0385853685720712,0.017));
#5721=CARTESIAN_POINT('',(-0.0287012574273817,-0.0422311599310367,0.017));
#5722=CARTESIAN_POINT('',(-0.00625,-0.0515307752497879,0.017));
#5723=CARTESIAN_POINT('',(-0.00625,-0.0539063310412305,0.017));
#5724=CARTESIAN_POINT('',(-0.003,-0.0625132469849035,0.017));
#5725=CARTESIAN_POINT('',(-0.002,-0.0625132469849035,0.017));
#5726=CARTESIAN_POINT('',(-0.002,-0.0630405048205818,0.017));
#5727=CARTESIAN_POINT('',(-0.002,-0.061954825,0.017));
#5728=CARTESIAN_POINT('',(-4.98725768487759E-18,-0.058204825,0.017));
#5729=CARTESIAN_POINT('',(0.002,-0.061954825,0.017));
#5730=CARTESIAN_POINT('',(0.002,-0.0630405048205818,0.017));
#5731=CARTESIAN_POINT('',(0.002,-0.0625132469849035,0.017));
#5732=CARTESIAN_POINT('',(0.003,-0.0625132469849035,0.017));
#5733=CARTESIAN_POINT('',(0.00625,-0.0539063310412305,0.017));
#5734=CARTESIAN_POINT('',(0.00625,-0.0515307752497879,0.017));
#5735=CARTESIAN_POINT('',(0.00956708580912724,-0.050156793320092,0.017));
#5736=CARTESIAN_POINT('',(0.0375029763717788,-0.0385853685720712,0.017));
#5737=CARTESIAN_POINT('',(0.0367376095070487,-0.0367376095070487,0.017));
#5738=CARTESIAN_POINT('',(0.0385853685720712,-0.0375029763717788,0.017));
#5739=CARTESIAN_POINT('',(0.050156793320092,-0.00956708580912725,0.017));
#5740=CARTESIAN_POINT('',(0.0515307752497879,-0.00625,0.017));
#5741=CARTESIAN_POINT('',(0.0539063310412305,-0.00625,0.017));
#5742=CARTESIAN_POINT('',(0.,1.80635402874235E-18,0.017));
#5743=CARTESIAN_POINT('',(0.,1.80635402874235E-18,0.017));
#5744=CARTESIAN_POINT('',(0.0295,1.80635402874235E-18,0.017));
#5745=CARTESIAN_POINT('',(6.93889390390723E-18,0.,0.017));
#5746=CARTESIAN_POINT('',(-0.00625,-0.0539063310412305,0.015));
#5747=CARTESIAN_POINT('',(-0.00625,-0.0513413819447821,3.46944695195361E-18));
#5748=CARTESIAN_POINT('',(-0.00625,-0.0513413819447821,0.014));
#5749=CARTESIAN_POINT('',(-0.00625,-0.0513413819447821,0.00413345951281411));
#5750=CARTESIAN_POINT('',(-0.00625,-0.0513413819447821,0.00413345951281411));
#5751=CARTESIAN_POINT('',(-0.00625,-0.0534433389793219,0.00622707501242939));
#5752=CARTESIAN_POINT('',(-0.00625,-0.0555447962069313,0.00832119226514508));
#5753=CARTESIAN_POINT('',(-0.00625,-0.0576459027012227,0.0104156613455113));
#5754=CARTESIAN_POINT('',(-0.00625,-0.0576455606208332,0.0104160320407453));
#5755=CARTESIAN_POINT('',(-0.00625,-0.0576452185404437,0.0104164027359793));
#5756=CARTESIAN_POINT('',(-0.00625,-0.057838746111162,0.0105949914544204));
#5757=CARTESIAN_POINT('',(-0.00625,-0.0580257260037221,0.0107801603054224));
#5758=CARTESIAN_POINT('',(-0.00625,-0.058204825,0.010973249115375));
#5759=CARTESIAN_POINT('',(-0.00625,-0.0515307752497879,0.015));
#5760=CARTESIAN_POINT('',(-0.00625,-0.0515307752497879,0.014));
#5761=CARTESIAN_POINT('',(-0.00625,-0.0513413819447821,0.014));
#5762=CARTESIAN_POINT('',(0.00625,-0.0539063310412305,0.015));
#5763=CARTESIAN_POINT('',(0.00625,-0.058204825,0.0109732413968986));
#5764=CARTESIAN_POINT('',(0.00625,-0.0580256990872411,0.0107801819030503));
#5765=CARTESIAN_POINT('',(0.00625,-0.0578386702721637,0.0105950640782656));
#5766=CARTESIAN_POINT('',(0.00625,-0.0576452355686418,0.0104163835652475));
#5767=CARTESIAN_POINT('',(0.00625,-0.0576455691349322,0.0104160224553794));
#5768=CARTESIAN_POINT('',(0.00625,-0.0576459027012227,0.0104156613455112));
#5769=CARTESIAN_POINT('',(0.00625,-0.0555447962069316,0.00832119226514519));
#5770=CARTESIAN_POINT('',(0.00625,-0.0534433389793217,0.0062270750124292));
#5771=CARTESIAN_POINT('',(0.00625,-0.0513413819447821,0.00413345951281413));
#5772=CARTESIAN_POINT('',(0.00625,-0.0513413819447821,0.00413345951281413));
#5773=CARTESIAN_POINT('',(0.00625,-0.0513413819447821,0.015));
#5774=CARTESIAN_POINT('',(0.00625,-0.0513413819447821,0.014));
#5775=CARTESIAN_POINT('',(0.00625,-0.0539063310412305,0.014));
#5776=CARTESIAN_POINT('',(0.00625,-0.0515307752497879,0.014));
#5777=CARTESIAN_POINT('',(0.00625,-0.0515307752497879,0.015));
#5778=CARTESIAN_POINT('',(-0.0539063310412305,-0.00625,0.015));
#5779=CARTESIAN_POINT('',(-0.058204825,-0.00625,0.0109732413968986));
#5780=CARTESIAN_POINT('',(-0.0580256990872411,-0.00625,0.0107801819030503));
#5781=CARTESIAN_POINT('',(-0.0578386702721638,-0.00625,0.0105950640782656));
#5782=CARTESIAN_POINT('',(-0.0576452355686419,-0.00625,0.0104163835652475));
#5783=CARTESIAN_POINT('',(-0.0576452355686418,-0.00625,0.0104163835652476));
#5784=CARTESIAN_POINT('',(-0.0576459027012227,-0.00625,0.0104156613455113));
#5785=CARTESIAN_POINT('',(-0.0555447962069315,-0.00625,0.0083211922651453));
#5786=CARTESIAN_POINT('',(-0.0534433389793216,-0.00625,0.00622707501242928));
#5787=CARTESIAN_POINT('',(-0.0513413819447821,-0.00625,0.00413345951281415));
#5788=CARTESIAN_POINT('',(-0.0513413819447821,-0.00625,0.00413345951281415));
#5789=CARTESIAN_POINT('',(-0.0513413819447821,-0.00625,0.015));
#5790=CARTESIAN_POINT('',(-0.0513413819447821,-0.00625,0.014));
#5791=CARTESIAN_POINT('',(-0.0539063310412305,-0.00625,0.014));
#5792=CARTESIAN_POINT('',(-0.0515307752497879,-0.00625,0.014));
#5793=CARTESIAN_POINT('',(-0.0515307752497879,-0.00625,0.015));
#5794=CARTESIAN_POINT('',(-0.0539063310412305,0.00625,0.015));
#5795=CARTESIAN_POINT('',(-0.051341381944782,0.00625,1.7347234759768E-18));
#5796=CARTESIAN_POINT('',(-0.051341381944782,0.00625,0.014));
#5797=CARTESIAN_POINT('',(-0.051341381944782,0.00625,0.00413345951281413));
#5798=CARTESIAN_POINT('',(-0.051341381944782,0.00625,0.00413345951281414));
#5799=CARTESIAN_POINT('',(-0.0534433389793218,0.00625,0.00622707501242945));
#5800=CARTESIAN_POINT('',(-0.0555447962069313,0.00625,0.00832119226514514));
#5801=CARTESIAN_POINT('',(-0.0576459027012227,0.00625,0.0104156613455113));
#5802=CARTESIAN_POINT('',(-0.0576455606208332,0.00625,0.0104160320407454));
#5803=CARTESIAN_POINT('',(-0.0576452185404437,0.00625,0.0104164027359794));
#5804=CARTESIAN_POINT('',(-0.057838746111162,0.00625,0.0105949914544206));
#5805=CARTESIAN_POINT('',(-0.0580257260037221,0.00625,0.0107801603054226));
#5806=CARTESIAN_POINT('',(-0.058204825,0.00625,0.0109732491153751));
#5807=CARTESIAN_POINT('',(-0.0515307752497879,0.00625,0.015));
#5808=CARTESIAN_POINT('',(-0.0515307752497879,0.00625,0.014));
#5809=CARTESIAN_POINT('',(-0.051341381944782,0.00625,0.014));
#5810=CARTESIAN_POINT('',(-0.00625,0.0539063310412305,0.015));
#5811=CARTESIAN_POINT('',(-0.00625,0.051341381944782,0.015));
#5812=CARTESIAN_POINT('',(-0.00625,0.051341381944782,0.001));
#5813=CARTESIAN_POINT('',(-0.00625,0.051341381944782,0.014));
#5814=CARTESIAN_POINT('',(-0.00625,0.0539063310412305,0.014));
#5815=CARTESIAN_POINT('',(-0.00625,0.0515307752497879,0.014));
#5816=CARTESIAN_POINT('',(-0.00625,0.0515307752497879,0.015));
#5817=CARTESIAN_POINT('',(-0.00625,0.0574977182188135,0.00920710678118655));
#5818=CARTESIAN_POINT('',(-0.00625,0.057204825,0.00891421356237309));
#5819=CARTESIAN_POINT('',(-0.00625,0.057204825,0.));
#5820=CARTESIAN_POINT('',(-0.00625,0.057204825,0.001));
#5821=CARTESIAN_POINT('',(-0.00625,0.051341381944782,0.001));
#5822=CARTESIAN_POINT('',(0.050156793320092,0.00956708580912724,0.016));
#5823=CARTESIAN_POINT('',(0.0461939766255642,0.0191341716182544,0.01188039));
#5824=CARTESIAN_POINT('',(0.0448833411045909,0.022298325668316,0.01188039));
#5825=CARTESIAN_POINT('',(0.042311344732549,0.0285076741920747,0.0125874401851531));
#5826=CARTESIAN_POINT('',(0.0398107751307957,0.0345445832382851,0.0145052159302962));
#5827=CARTESIAN_POINT('',(0.0385853685720708,0.0375029763717798,0.0156884182540146));
#5828=CARTESIAN_POINT('',(0.0385853685720708,0.0375029763717799,0.0156884182540145));
#5829=CARTESIAN_POINT('',(0.0385853685720712,0.0375029763717788,0.016));
#5830=CARTESIAN_POINT('',(0.0505987625389287,0.00850007772686041,0.0147499222731396));
#5831=CARTESIAN_POINT('',(0.0461939766255643,0.0191341716182544,0.015));
#5832=CARTESIAN_POINT('',(0.0480293212660114,0.0147032576956584,0.015));
#5833=CARTESIAN_POINT('',(0.0480293212660114,0.0147032576956584,0.015));
#5834=CARTESIAN_POINT('',(0.0477296457227822,0.0154267384564338,0.0145633891000052));
#5835=CARTESIAN_POINT('',(0.0474159511486156,0.0161840641518299,0.0142030508608941));
#5836=CARTESIAN_POINT('',(0.0470745143650838,0.0170083654653253,0.0140529159840919));
#5837=CARTESIAN_POINT('',(0.0470745143650838,0.0170083654653253,0.0140529159840919));
#5838=CARTESIAN_POINT('',(0.0470745143650838,0.0170083654653253,0.0140529159840919));
#5839=CARTESIAN_POINT('',(0.0467814821599451,0.0177158077891831,0.0140177150147622));
#5840=CARTESIAN_POINT('',(0.0464879716685689,0.0184244047981624,0.0140000000000001));
#5841=CARTESIAN_POINT('',(0.0461939766255644,0.0191341716182544,0.0140000000000001));
#5842=CARTESIAN_POINT('',(0.050156793320092,-0.00956708580912725,0.016));
#5843=CARTESIAN_POINT('',(0.0385853685720712,-0.0375029763717788,0.016));
#5844=CARTESIAN_POINT('',(0.0385853685720712,-0.0375029763717788,0.0156884182540141));
#5845=CARTESIAN_POINT('',(0.0385853685720712,-0.0375029763717788,0.015688418254014));
#5846=CARTESIAN_POINT('',(0.0410379336270098,-0.0315819605535437,0.0133203220075788));
#5847=CARTESIAN_POINT('',(0.0435611509775961,-0.0254903750049433,0.01188039));
#5848=CARTESIAN_POINT('',(0.0461939766255644,-0.0191341716182544,0.01188039));
#5849=CARTESIAN_POINT('',(0.0480293212660114,-0.0147032576956585,0.015));
#5850=CARTESIAN_POINT('',(0.0477296457227821,-0.0154267384564341,0.0145633891000051));
#5851=CARTESIAN_POINT('',(0.0474159511486153,-0.0161840641518305,0.0142030508608939));
#5852=CARTESIAN_POINT('',(0.0470745143650834,-0.0170083654653262,0.0140529159840918));
#5853=CARTESIAN_POINT('',(0.0480293212660114,-0.0147032576956585,0.015));
#5854=CARTESIAN_POINT('',(0.050156793320092,-0.00956708580912725,0.015));
#5855=CARTESIAN_POINT('',(0.050039897523097,-0.00984929722761702,0.015));
#5856=CARTESIAN_POINT('',(0.050039897523097,-0.00984929722761701,0.015));
#5857=CARTESIAN_POINT('',(0.0503302122588875,-0.00914841545511487,0.0151494926809727));
#5858=CARTESIAN_POINT('',(0.0506192925844169,-0.00845051381260641,0.0153146209098063));
#5859=CARTESIAN_POINT('',(0.050907203283911,-0.00775543589713543,0.0154945641028645));
#5860=CARTESIAN_POINT('',(0.0509072032839111,-0.00775543589713547,0.0154945641028646));
#5861=CARTESIAN_POINT('',(0.0505987625389287,-0.00850007772686041,0.0147499222731396));
#5862=CARTESIAN_POINT('',(0.0287012574273817,0.0422311599310367,0.016));
#5863=CARTESIAN_POINT('',(0.0375029763717788,0.0385853685720712,0.016));
#5864=CARTESIAN_POINT('',(0.0375029763717788,0.0385853685720712,0.0156884182540141));
#5865=CARTESIAN_POINT('',(0.0375029763717788,0.0385853685720712,0.0156884182540142));
#5866=CARTESIAN_POINT('',(0.0315819605535437,0.0410379336270098,0.013320322007579));
#5867=CARTESIAN_POINT('',(0.0254903750049433,0.0435611509775961,0.0118803900000002));
#5868=CARTESIAN_POINT('',(0.0191341716182544,0.0461939766255644,0.0118803900000002));
#5869=CARTESIAN_POINT('',(0.0191341716182544,0.0461939766255642,0.014));
#5870=CARTESIAN_POINT('',(0.0154360333684352,0.04772579564417,0.014));
#5871=CARTESIAN_POINT('',(0.0117561815071135,0.0492500401926536,0.0144914158030882));
#5872=CARTESIAN_POINT('',(0.008153722432776,0.0507422275991382,0.015393159576285));
#5873=CARTESIAN_POINT('',(0.00815372243277601,0.0507422275991382,0.015393159576285));
#5874=CARTESIAN_POINT('',(0.00815372243277601,0.0507422275991382,0.015393159576285));
#5875=CARTESIAN_POINT('',(0.00801031009704819,0.0508016309336083,0.0154290576054017));
#5876=CARTESIAN_POINT('',(0.00771258883240645,0.0509249511192297,0.0153571352476543));
#5877=CARTESIAN_POINT('',(0.00724488228614497,0.0511186815139019,0.0149844558682676));
#5878=CARTESIAN_POINT('',(0.00692033508192996,0.051253113367518,0.0146703350819301));
#5879=CARTESIAN_POINT('',(0.0067072358855679,0.051341381944782,0.014457235885568));
#5880=CARTESIAN_POINT('',(0.00670723588556796,0.051341381944782,0.0144572358855679));
#5881=CARTESIAN_POINT('',(0.0179211468801624,0.0466964279235761,0.0256711468801615));
#5882=CARTESIAN_POINT('',(-0.00956708580912723,0.050156793320092,0.016));
#5883=CARTESIAN_POINT('',(-0.0191341716182544,0.0461939766255642,0.01188039));
#5884=CARTESIAN_POINT('',(-0.022298325668316,0.0448833411045909,0.01188039));
#5885=CARTESIAN_POINT('',(-0.0285076741920747,0.042311344732549,0.0125874401851531));
#5886=CARTESIAN_POINT('',(-0.034544583238285,0.0398107751307957,0.0145052159302962));
#5887=CARTESIAN_POINT('',(-0.0375029763717798,0.0385853685720708,0.0156884182540146));
#5888=CARTESIAN_POINT('',(-0.0375029763717799,0.0385853685720708,0.0156884182540145));
#5889=CARTESIAN_POINT('',(-0.0375029763717788,0.0385853685720712,0.016));
#5890=CARTESIAN_POINT('',(-0.00579687800800856,0.0517184645242802,0.0135468780080086));
#5891=CARTESIAN_POINT('',(-0.00670723588556789,0.051341381944782,0.0144572358855678));
#5892=CARTESIAN_POINT('',(-0.00670723588556789,0.051341381944782,0.0144572358855678));
#5893=CARTESIAN_POINT('',(-0.00692046601549056,0.0512530591330614,0.0146704660154905));
#5894=CARTESIAN_POINT('',(-0.00724405858782293,0.0511190227009181,0.0149841839733892));
#5895=CARTESIAN_POINT('',(-0.00771510039021371,0.0509239107979232,0.015358530741846));
#5896=CARTESIAN_POINT('',(-0.00801074671392252,0.0508014500809773,0.0154289483143482));
#5897=CARTESIAN_POINT('',(-0.00815372243277602,0.0507422275991381,0.0153931595762851));
#5898=CARTESIAN_POINT('',(-0.00815372243277602,0.0507422275991381,0.0153931595762851));
#5899=CARTESIAN_POINT('',(-0.00815372243277602,0.0507422275991381,0.0153931595762851));
#5900=CARTESIAN_POINT('',(-0.0117561815071136,0.0492500401926535,0.0144914158030884));
#5901=CARTESIAN_POINT('',(-0.0154360333684353,0.0477257956441701,0.0140000000000002));
#5902=CARTESIAN_POINT('',(-0.0191341716182546,0.0461939766255643,0.0140000000000002));
#5903=CARTESIAN_POINT('',(-0.0422311599310367,0.0287012574273817,0.016));
#5904=CARTESIAN_POINT('',(-0.0385853685720711,0.0375029763717788,0.016));
#5905=CARTESIAN_POINT('',(-0.0385853685720711,0.0375029763717788,0.0156884182540141));
#5906=CARTESIAN_POINT('',(-0.0385853685720712,0.0375029763717788,0.0156884182540142));
#5907=CARTESIAN_POINT('',(-0.0410379336270098,0.0315819605535438,0.013320322007579));
#5908=CARTESIAN_POINT('',(-0.0435611509775961,0.0254903750049433,0.01188039));
#5909=CARTESIAN_POINT('',(-0.0461939766255644,0.0191341716182544,0.01188039));
#5910=CARTESIAN_POINT('',(-0.0461939766255643,0.0191341716182544,0.014));
#5911=CARTESIAN_POINT('',(-0.0477257956441701,0.0154360333684352,0.014));
#5912=CARTESIAN_POINT('',(-0.0492500401926535,0.0117561815071135,0.0144914158030882));
#5913=CARTESIAN_POINT('',(-0.0507422275991381,0.008153722432776,0.015393159576285));
#5914=CARTESIAN_POINT('',(-0.0507422275991381,0.00815372243277599,0.015393159576285));
#5915=CARTESIAN_POINT('',(-0.0507422275991381,0.00815372243277599,0.015393159576285));
#5916=CARTESIAN_POINT('',(-0.0508016309336082,0.00801031009704814,0.0154290576054016));
#5917=CARTESIAN_POINT('',(-0.0509249511192297,0.00771258883240637,0.0153571352476543));
#5918=CARTESIAN_POINT('',(-0.0511186815139019,0.00724488228614484,0.0149844558682675));
#5919=CARTESIAN_POINT('',(-0.0512531133675181,0.00692033508192976,0.0146703350819298));
#5920=CARTESIAN_POINT('',(-0.0513413819447821,0.00670723588556767,0.0144572358855677));
#5921=CARTESIAN_POINT('',(-0.051341381944782,0.00670723588556771,0.0144572358855677));
#5922=CARTESIAN_POINT('',(-0.0466964279235763,0.0179211468801621,0.0256711468801615));
#5923=CARTESIAN_POINT('',(-0.050156793320092,-0.00956708580912725,0.016));
#5924=CARTESIAN_POINT('',(-0.0461939766255643,-0.0191341716182545,0.01188039));
#5925=CARTESIAN_POINT('',(-0.044883341104591,-0.0222983256683161,0.01188039));
#5926=CARTESIAN_POINT('',(-0.0423113447325489,-0.0285076741920747,0.0125874401851527));
#5927=CARTESIAN_POINT('',(-0.0398107751307957,-0.0345445832382852,0.0145052159302961));
#5928=CARTESIAN_POINT('',(-0.0385853685720707,-0.0375029763717799,0.0156884182540145));
#5929=CARTESIAN_POINT('',(-0.0385853685720708,-0.0375029763717799,0.0156884182540145));
#5930=CARTESIAN_POINT('',(-0.0385853685720712,-0.0375029763717788,0.016));
#5931=CARTESIAN_POINT('',(-0.0517184645242802,-0.00579687800800857,0.0135468780080086));
#5932=CARTESIAN_POINT('',(-0.0513413819447821,-0.00670723588556764,0.0144572358855676));
#5933=CARTESIAN_POINT('',(-0.0513413819447821,-0.00670723588556764,0.0144572358855676));
#5934=CARTESIAN_POINT('',(-0.0512530591330615,-0.00692046601549034,0.0146704660154903));
#5935=CARTESIAN_POINT('',(-0.0511190227009182,-0.0072440585878228,0.014984183973389));
#5936=CARTESIAN_POINT('',(-0.0509239107979233,-0.00771510039021364,0.0153585307418459));
#5937=CARTESIAN_POINT('',(-0.0508014500809773,-0.00801074671392247,0.0154289483143482));
#5938=CARTESIAN_POINT('',(-0.0507422275991381,-0.00815372243277599,0.0153931595762851));
#5939=CARTESIAN_POINT('',(-0.0507422275991381,-0.00815372243277599,0.0153931595762851));
#5940=CARTESIAN_POINT('',(-0.0507422275991381,-0.00815372243277599,0.0153931595762851));
#5941=CARTESIAN_POINT('',(-0.0492500401926535,-0.0117561815071135,0.0144914158030882));
#5942=CARTESIAN_POINT('',(-0.0477257956441701,-0.0154360333684353,0.014));
#5943=CARTESIAN_POINT('',(-0.0461939766255643,-0.0191341716182546,0.014));
#5944=CARTESIAN_POINT('',(-0.0287012574273817,-0.0422311599310367,0.016));
#5945=CARTESIAN_POINT('',(-0.0375029763717788,-0.0385853685720712,0.016));
#5946=CARTESIAN_POINT('',(-0.0375029763717788,-0.0385853685720712,0.0156884182540141));
#5947=CARTESIAN_POINT('',(-0.0375029763717788,-0.0385853685720712,0.015688418254014));
#5948=CARTESIAN_POINT('',(-0.0315819605535437,-0.0410379336270098,0.0133203220075788));
#5949=CARTESIAN_POINT('',(-0.0254903750049433,-0.043561150977596,0.01188039));
#5950=CARTESIAN_POINT('',(-0.0191341716182545,-0.0461939766255643,0.01188039));
#5951=CARTESIAN_POINT('',(-0.0191341716182544,-0.0461939766255644,0.014));
#5952=CARTESIAN_POINT('',(-0.0154360333684352,-0.0477257956441702,0.014));
#5953=CARTESIAN_POINT('',(-0.0117561815071135,-0.0492500401926536,0.0144914158030881));
#5954=CARTESIAN_POINT('',(-0.00815372243277599,-0.0507422275991382,0.015393159576285));
#5955=CARTESIAN_POINT('',(-0.00815372243277599,-0.0507422275991382,0.015393159576285));
#5956=CARTESIAN_POINT('',(-0.00815372243277599,-0.0507422275991382,0.015393159576285));
#5957=CARTESIAN_POINT('',(-0.0080103100970481,-0.0508016309336083,0.0154290576054016));
#5958=CARTESIAN_POINT('',(-0.00771258883240627,-0.0509249511192297,0.015357135247654));
#5959=CARTESIAN_POINT('',(-0.00724488228614472,-0.051118681513902,0.0149844558682673));
#5960=CARTESIAN_POINT('',(-0.00692033508192959,-0.0512531133675181,0.0146703350819296));
#5961=CARTESIAN_POINT('',(-0.00670723588556749,-0.0513413819447821,0.0144572358855675));
#5962=CARTESIAN_POINT('',(-0.0067072358855675,-0.0513413819447821,0.0144572358855675));
#5963=CARTESIAN_POINT('',(-0.0179211468801616,-0.0466964279235765,0.0256711468801616));
#5964=CARTESIAN_POINT('',(0.00956708580912724,-0.050156793320092,0.016));
#5965=CARTESIAN_POINT('',(0.0191341716182544,-0.0461939766255644,0.01188039));
#5966=CARTESIAN_POINT('',(0.022298325668316,-0.0448833411045911,0.01188039));
#5967=CARTESIAN_POINT('',(0.0285076741920747,-0.0423113447325489,0.0125874401851527));
#5968=CARTESIAN_POINT('',(0.0345445832382851,-0.0398107751307957,0.0145052159302961));
#5969=CARTESIAN_POINT('',(0.0375029763717799,-0.0385853685720707,0.0156884182540144));
#5970=CARTESIAN_POINT('',(0.0375029763717799,-0.0385853685720708,0.0156884182540145));
#5971=CARTESIAN_POINT('',(0.0375029763717788,-0.0385853685720712,0.016));
#5972=CARTESIAN_POINT('',(0.00579687800800859,-0.0517184645242802,0.0135468780080086));
#5973=CARTESIAN_POINT('',(0.00670723588556747,-0.0513413819447821,0.0144572358855675));
#5974=CARTESIAN_POINT('',(0.00670723588556747,-0.0513413819447821,0.0144572358855675));
#5975=CARTESIAN_POINT('',(0.00692046601549018,-0.0512530591330615,0.0146704660154902));
#5976=CARTESIAN_POINT('',(0.00724405858782273,-0.0511190227009182,0.0149841839733889));
#5977=CARTESIAN_POINT('',(0.00771510039021358,-0.0509239107979233,0.0153585307418459));
#5978=CARTESIAN_POINT('',(0.00801074671392245,-0.0508014500809773,0.015428948314348));
#5979=CARTESIAN_POINT('',(0.00815372243277597,-0.0507422275991381,0.015393159576285));
#5980=CARTESIAN_POINT('',(0.00815372243277597,-0.0507422275991381,0.015393159576285));
#5981=CARTESIAN_POINT('',(0.00815372243277597,-0.0507422275991381,0.015393159576285));
#5982=CARTESIAN_POINT('',(0.0117561815071135,-0.0492500401926535,0.0144914158030881));
#5983=CARTESIAN_POINT('',(0.0154360333684352,-0.0477257956441702,0.014));
#5984=CARTESIAN_POINT('',(0.0191341716182545,-0.0461939766255644,0.014));
#5985=CARTESIAN_POINT('',(-5.20417042793042E-18,-8.67361737988404E-17,0.015));
#5986=CARTESIAN_POINT('',(-0.00532193130757352,-0.0520448205611453,0.0023162145045332));
#5987=CARTESIAN_POINT('',(-0.00532249070780086,-0.0518049320315178,0.00207762731874838));
#5988=CARTESIAN_POINT('',(-0.00536652899236967,-0.0514533773149971,0.00173238021657138));
#5989=CARTESIAN_POINT('',(-0.00550240221385706,-0.0510079960290057,0.00130382613376507));
#5990=CARTESIAN_POINT('',(-0.00561108324868513,-0.0507638786584953,0.00107299115610757));
#5991=CARTESIAN_POINT('',(-0.00567105498972216,-0.0506510555927727,0.000967541605992705));
#5992=CARTESIAN_POINT('',(-0.00532193130757328,-0.0520448205611452,0.00231621450453322));
#5993=CARTESIAN_POINT('',(-0.00567129728337717,-0.0506511154659196,0.00096761534457515));
#5994=CARTESIAN_POINT('',(-0.00567105520616147,-0.050651055185592,0.000967541225423198));
#5995=CARTESIAN_POINT('',(-0.00549565720494344,-0.0503479528092469,0.000646804800905527));
#5996=CARTESIAN_POINT('',(-0.00533086743163134,-0.0500410372102459,0.00032403048695939));
#5997=CARTESIAN_POINT('',(-0.0051734766409387,-0.049731631176201,1.80730265108117E-16));
#5998=CARTESIAN_POINT('',(0.00517347664093905,-0.0497316311762007,2.1725305090117E-18));
#5999=CARTESIAN_POINT('',(0.00533087095710175,-0.0500410441407764,0.000324037745069944));
#6000=CARTESIAN_POINT('',(0.00549566457807395,-0.0503479665606152,0.000646819261224839));
#6001=CARTESIAN_POINT('',(0.00567106699044414,-0.0506510755497815,0.000967562774374221));
#6002=CARTESIAN_POINT('',(0.00567129895712099,-0.0506511335699641,0.000967633522510865));
#6003=CARTESIAN_POINT('',(0.00567106678156202,-0.0506510759427633,0.000967563141673752));
#6004=CARTESIAN_POINT('',(0.00561109704054739,-0.0507639004849105,0.00107301436819988));
#6005=CARTESIAN_POINT('',(0.00550237405780338,-0.0510080985594224,0.00130392502142055));
#6006=CARTESIAN_POINT('',(0.00536652667886658,-0.0514532688777254,0.00173227221589819));
#6007=CARTESIAN_POINT('',(0.00532249087119485,-0.0518048619629995,0.00207755763033674));
#6008=CARTESIAN_POINT('',(0.00532193130757349,-0.0520448205611453,0.0023162145045332));
#6009=CARTESIAN_POINT('',(0.00532193130757325,-0.0520448205611452,0.00231621450453321));
#6010=CARTESIAN_POINT('',(0.00532193130757349,-0.0520448205611453,0.0023162145045332));
#6011=CARTESIAN_POINT('',(0.00531895682297705,-0.0541913510436486,0.00445130713013859));
#6012=CARTESIAN_POINT('',(0.00531615354581556,-0.0564794325430124,0.00672864354734208));
#6013=CARTESIAN_POINT('',(0.00531352223902259,-0.0589090727725557,0.00914822375614369));
#6014=CARTESIAN_POINT('',(0.00531352223902253,-0.0589090727725556,0.00914822375614369));
#6015=CARTESIAN_POINT('',(0.00531352223902259,-0.0589090727725557,0.00914822375614369));
#6016=CARTESIAN_POINT('',(0.00531228563882581,-0.0594979191948201,0.00973457823707236));
#6017=CARTESIAN_POINT('',(0.00517447132585356,-0.0603501416676039,0.0105705730786991));
#6018=CARTESIAN_POINT('',(0.00470797991819564,-0.0613803893432625,0.0115601785875314));
#6019=CARTESIAN_POINT('',(0.00436134385136111,-0.0619181675179107,0.012071354705833));
#6020=CARTESIAN_POINT('',(0.00407608872101568,-0.0622879291995453,0.0124208118563157));
#6021=CARTESIAN_POINT('',(0.00369365013330302,-0.0626963795804692,0.0128046026743685));
#6022=CARTESIAN_POINT('',(0.00315352870069778,-0.0631592011208782,0.0132367923470225));
#6023=CARTESIAN_POINT('',(0.00240639828538392,-0.0636369439319553,0.0136795896466964));
#6024=CARTESIAN_POINT('',(0.00125998775054796,-0.0640597715493569,0.0140682450215096));
#6025=CARTESIAN_POINT('',(1.29843558362779E-5,-0.0642115925583747,0.0142074796741976));
#6026=CARTESIAN_POINT('',(-0.00123716102572191,-0.0640653620439323,0.0140733473683466));
#6027=CARTESIAN_POINT('',(-0.00239180690434771,-0.0636445357039599,0.01368659068964));
#6028=CARTESIAN_POINT('',(-0.00314196537199086,-0.0631681539571657,0.0132451534750489));
#6029=CARTESIAN_POINT('',(-0.00368360299882798,-0.0627066564184195,0.0128142709288096));
#6030=CARTESIAN_POINT('',(-0.00406601652841752,-0.0622997401671904,0.0124319406418584));
#6031=CARTESIAN_POINT('',(-0.00435230705587147,-0.0619300614352852,0.0120825831243624));
#6032=CARTESIAN_POINT('',(-0.00470034916571815,-0.0613929007333185,0.0115720675473524));
#6033=CARTESIAN_POINT('',(-0.00517004736258495,-0.0603676207216477,0.0105875928079856));
#6034=CARTESIAN_POINT('',(-0.00531266963062445,-0.0595038071335179,0.00974047686489298));
#6035=CARTESIAN_POINT('',(-0.00531352223902256,-0.0589090727725557,0.00914822375614369));
#6036=CARTESIAN_POINT('',(-0.00531352223902261,-0.0589090727725556,0.0091482237561437));
#6037=CARTESIAN_POINT('',(-0.00531352223902257,-0.0589090727725557,0.0091482237561437));
#6038=CARTESIAN_POINT('',(-0.00531615354581547,-0.0564794325430202,0.00672864354734983));
#6039=CARTESIAN_POINT('',(-0.00531895682297716,-0.0541913510436564,0.00445130713014633));
#6040=CARTESIAN_POINT('',(-0.00532193130757352,-0.0520448205611453,0.0023162145045332));
#6041=CARTESIAN_POINT('',(-5.20417042793042E-18,-8.67361737988404E-17,0.015));
#6042=CARTESIAN_POINT('',(-0.0520448205611452,0.00532193130757331,0.00231621450453322));
#6043=CARTESIAN_POINT('',(-0.0518049320315479,0.00532249070780074,0.00207762731877835));
#6044=CARTESIAN_POINT('',(-0.0514533773150436,0.00536652899237082,0.00173238021661778));
#6045=CARTESIAN_POINT('',(-0.0510079960289613,0.00550240221386922,0.00130382613372237));
#6046=CARTESIAN_POINT('',(-0.0507638786584858,0.00561108324867923,0.00107299115609753));
#6047=CARTESIAN_POINT('',(-0.0506510555927638,0.00567105498971711,0.000967541605983387));
#6048=CARTESIAN_POINT('',(-0.0520448205611451,0.00532193130757325,0.00231621450453322));
#6049=CARTESIAN_POINT('',(-0.0506511154659117,0.00567129728337642,0.000967615344567282));
#6050=CARTESIAN_POINT('',(-0.050651055185583,0.00567105520615636,0.000967541225413851));
#6051=CARTESIAN_POINT('',(-0.0503479528092407,0.00549565720494025,0.000646804800899265));
#6052=CARTESIAN_POINT('',(-0.0500410372102428,0.0053308674316298,0.000324030486956225));
#6053=CARTESIAN_POINT('',(-0.0497316311762009,0.0051734766409387,1.75535742191068E-16));
#6054=CARTESIAN_POINT('',(-0.0497316311762006,-0.00517347664093905,3.034067441304E-18));
#6055=CARTESIAN_POINT('',(-0.05004104414077,-0.00533087095709857,0.000324037745063417));
#6056=CARTESIAN_POINT('',(-0.0503479665606028,-0.00549566457806733,0.000646819261211806));
#6057=CARTESIAN_POINT('',(-0.0506510755497631,-0.00567106699043355,0.000967562774354813));
#6058=CARTESIAN_POINT('',(-0.0506511335699477,-0.00567129895711947,0.000967633522494514));
#6059=CARTESIAN_POINT('',(-0.0506510759427449,-0.0056710667815515,0.000967563141654398));
#6060=CARTESIAN_POINT('',(-0.0507639004848908,-0.0056110970405351,0.00107301436817901));
#6061=CARTESIAN_POINT('',(-0.0510080985593301,-0.00550237405782889,0.00130392502133165));
#6062=CARTESIAN_POINT('',(-0.0514532688778227,-0.0053665266788686,0.0017322722159952));
#6063=CARTESIAN_POINT('',(-0.0518048619630624,-0.00532249087119451,0.00207755763039933));
#6064=CARTESIAN_POINT('',(-0.0520448205611452,-0.00532193130757317,0.00231621450453322));
#6065=CARTESIAN_POINT('',(-0.0520448205611452,-0.00532193130757321,0.00231621450453322));
#6066=CARTESIAN_POINT('',(-0.0520448205611452,-0.00532193130757317,0.00231621450453322));
#6067=CARTESIAN_POINT('',(-0.0541913510436522,-0.0053189568229769,0.00445130713014224));
#6068=CARTESIAN_POINT('',(-0.056479432543016,-0.00531615354581541,0.00672864354734575));
#6069=CARTESIAN_POINT('',(-0.0589090727725557,-0.0053135222390225,0.00914822375614376));
#6070=CARTESIAN_POINT('',(-0.0589090727725556,-0.00531352223902255,0.00914822375614376));
#6071=CARTESIAN_POINT('',(-0.0589090727725557,-0.0053135222390225,0.00914822375614376));
#6072=CARTESIAN_POINT('',(-0.0594979191950701,-0.00531228563882532,0.00973457823732139));
#6073=CARTESIAN_POINT('',(-0.0603501416673334,-0.00517447132598914,0.0105705730784402));
#6074=CARTESIAN_POINT('',(-0.0613803893435503,-0.00470797991801387,0.0115601785878042));
#6075=CARTESIAN_POINT('',(-0.0619181675181321,-0.00436134385120717,0.0120713547060434));
#6076=CARTESIAN_POINT('',(-0.0622879291994616,-0.00407608872108859,0.012420811856237));
#6077=CARTESIAN_POINT('',(-0.0626963795805825,-0.00369365013316642,0.0128046026744732));
#6078=CARTESIAN_POINT('',(-0.0631592011209994,-0.00315352870053016,0.0132367923471356));
#6079=CARTESIAN_POINT('',(-0.0636369439319142,-0.00240639828544057,0.0136795896466581));
#6080=CARTESIAN_POINT('',(-0.0640597715493679,-0.00125998775053293,0.0140682450215199));
#6081=CARTESIAN_POINT('',(-0.0642115925583719,-1.29843558391397E-5,0.0142074796741951));
#6082=CARTESIAN_POINT('',(-0.0640653620439326,0.0012371610257193,0.0140733473683467));
#6083=CARTESIAN_POINT('',(-0.0636445357039616,0.00239180690436184,0.0136865906896425));
#6084=CARTESIAN_POINT('',(-0.06316815395716,0.00314196537194897,0.0132451534750414));
#6085=CARTESIAN_POINT('',(-0.0627066564184372,0.00368360299878168,0.0128142709288245));
#6086=CARTESIAN_POINT('',(-0.0622997401671323,0.00406601652846773,0.0124319406418038));
#6087=CARTESIAN_POINT('',(-0.0619300614355,0.00435230705571591,0.0120825831245662));
#6088=CARTESIAN_POINT('',(-0.0613929007336111,0.00470034916552226,0.011572067547629));
#6089=CARTESIAN_POINT('',(-0.0603676207213677,0.00517004736273148,0.0105875928077179));
#6090=CARTESIAN_POINT('',(-0.0595038071337947,0.0053126696306242,0.00974047686516875));
#6091=CARTESIAN_POINT('',(-0.0589090727725557,0.00531352223902271,0.00914822375614378));
#6092=CARTESIAN_POINT('',(-0.0589090727725556,0.00531352223902258,0.00914822375614378));
#6093=CARTESIAN_POINT('',(-0.0589090727725557,0.00531352223902271,0.00914822375614378));
#6094=CARTESIAN_POINT('',(-0.0564794325430178,0.00531615354581557,0.00672864354734753));
#6095=CARTESIAN_POINT('',(-0.054191351043654,0.00531895682297708,0.00445130713014401));
#6096=CARTESIAN_POINT('',(-0.0520448205611452,0.00532193130757331,0.00231621450453322));
#6097=CARTESIAN_POINT('',(-0.00525,0.058204825,-1.99999999999853E-6));
#6098=CARTESIAN_POINT('',(0.00525,0.058204825,-1.99999999999853E-6));
#6099=CARTESIAN_POINT('',(0.00525,0.058204825,0.0085));
#6100=CARTESIAN_POINT('',(0.00525,0.058204825,0.001));
#6101=CARTESIAN_POINT('',(-0.00525,0.058204825,0.001));
#6102=CARTESIAN_POINT('',(-0.00525,0.058204825,0.001));
#6103=CARTESIAN_POINT('',(-0.00525,0.058204825,0.0085));
#6104=CARTESIAN_POINT('',(-0.00525,0.058204825,0.0085));
#6105=CARTESIAN_POINT('',(0.00625,0.058204825,0.0085));
#6106=CARTESIAN_POINT('',(0.0799968269131624,0.0147,0.015002));
#6107=CARTESIAN_POINT('',(0.051350851989037,0.0147,0.015002));
#6108=CARTESIAN_POINT('',(0.051350851989037,0.0147,0.001));
#6109=CARTESIAN_POINT('',(0.051350851989037,0.0147,0.014));
#6110=CARTESIAN_POINT('',(0.0799968269131624,0.0147,0.014));
#6111=CARTESIAN_POINT('',(0.1143,0.0147,0.014));
#6112=CARTESIAN_POINT('',(0.1143,0.0147,0.015002));
#6113=CARTESIAN_POINT('',(0.1143,0.0147,0.001));
#6114=CARTESIAN_POINT('',(0.051350851989037,0.0147,0.001));
#6115=CARTESIAN_POINT('',(0.0799968269131624,-0.0147,0.015002));
#6116=CARTESIAN_POINT('',(0.1143,-0.0147,0.015002));
#6117=CARTESIAN_POINT('',(0.1143,-0.0147,0.014));
#6118=CARTESIAN_POINT('',(0.1143,-0.0147,0.001));
#6119=CARTESIAN_POINT('',(0.0799968269131624,-0.0147,0.014));
#6120=CARTESIAN_POINT('',(0.0513508519890371,-0.0147,0.014));
#6121=CARTESIAN_POINT('',(0.0513508519890371,-0.0147,0.015002));
#6122=CARTESIAN_POINT('',(0.0513508519890371,-0.0147,0.001));
#6123=CARTESIAN_POINT('',(0.1143,-0.0147,0.001));
#6124=CARTESIAN_POINT('',(0.,0.,0.015));
#6125=CARTESIAN_POINT('',(0.0932025397971231,-0.0025,0.015));
#6126=CARTESIAN_POINT('',(0.0907025397971231,-0.0025,0.015));
#6127=CARTESIAN_POINT('',(0.0957025397971231,-0.0025,0.015));
#6128=CARTESIAN_POINT('',(0.0835254930507239,6.23973111081022E-18,0.015));
#6129=CARTESIAN_POINT('',(0.0907025397971231,0.0025,0.015));
#6130=CARTESIAN_POINT('',(0.0932025397971231,0.0025,0.015));
#6131=CARTESIAN_POINT('',(0.0957025397971231,0.0025,0.015));
#6132=CARTESIAN_POINT('',(0.0957025397971231,0.,0.015));
#6133=CARTESIAN_POINT('',(0.0630405048205818,-0.002,0.015));
#6134=CARTESIAN_POINT('',(0.061954825,-0.002,0.015));
#6135=CARTESIAN_POINT('',(0.0643471353325088,-0.002,0.015));
#6136=CARTESIAN_POINT('',(0.0643471353325088,-0.002,0.015));
#6137=CARTESIAN_POINT('',(0.0645364323305397,-0.002,0.015));
#6138=CARTESIAN_POINT('',(0.0649077689058946,-0.00204649166245294,0.015));
#6139=CARTESIAN_POINT('',(0.0654347122617541,-0.00226861864261539,0.015));
#6140=CARTESIAN_POINT('',(0.0658460895327132,-0.00269892462858888,0.015));
#6141=CARTESIAN_POINT('',(0.0658502440271325,-0.00310589577028655,0.015));
#6142=CARTESIAN_POINT('',(0.0657742372245856,-0.00328123430652162,0.015));
#6143=CARTESIAN_POINT('',(0.0657742372245856,-0.00328123430652162,0.015));
#6144=CARTESIAN_POINT('',(0.058204825,-2.05998412772246E-17,0.015));
#6145=CARTESIAN_POINT('',(0.058204825,-0.00825,0.015));
#6146=CARTESIAN_POINT('',(1.66470731540886E-18,-0.00825,0.015));
#6147=CARTESIAN_POINT('',(0.0503282972094228,-0.00825,0.015));
#6148=CARTESIAN_POINT('',(-5.20417042793042E-18,-8.67361737988404E-17,0.015));
#6149=CARTESIAN_POINT('',(0.0513508519890371,-0.0197,0.015));
#6150=CARTESIAN_POINT('',(0.0513508519890371,-0.0137,0.015));
#6151=CARTESIAN_POINT('',(1.73203449435421E-18,-0.0137,0.015));
#6152=CARTESIAN_POINT('',(0.1143,-0.0137,0.015));
#6153=CARTESIAN_POINT('',(0.1143,-9.54097911787244E-18,0.015));
#6154=CARTESIAN_POINT('',(0.123181125504054,-0.0104314720812183,0.015));
#6155=CARTESIAN_POINT('',(0.127070669520428,-0.015,0.015));
#6156=CARTESIAN_POINT('',(0.127070669520428,-0.009,0.015));
#6157=CARTESIAN_POINT('',(1.56125112837913E-18,-0.009,0.015));
#6158=CARTESIAN_POINT('',(0.150074506949276,-0.009,0.015));
#6159=CARTESIAN_POINT('',(0.150074506949276,-0.005,0.015));
#6160=CARTESIAN_POINT('',(0.154074506949276,-0.005,0.015));
#6161=CARTESIAN_POINT('',(0.154074506949276,0.,0.015));
#6162=CARTESIAN_POINT('',(0.154074506949276,-0.0045,0.015));
#6163=CARTESIAN_POINT('',(0.153074506949276,-0.0045,0.015));
#6164=CARTESIAN_POINT('',(0.153074506949276,-0.0035,0.015));
#6165=CARTESIAN_POINT('',(0.152251553695676,-0.0035,0.015));
#6166=CARTESIAN_POINT('',(0.151820616939486,-0.0035,0.015));
#6167=CARTESIAN_POINT('',(0.145074506949276,6.35292767733565E-18,0.015));
#6168=CARTESIAN_POINT('',(0.151820616939486,0.0035,0.015));
#6169=CARTESIAN_POINT('',(0.,0.0035,0.015));
#6170=CARTESIAN_POINT('',(0.153074506949276,0.0035,0.015));
#6171=CARTESIAN_POINT('',(0.153074506949276,0.0045,0.015));
#6172=CARTESIAN_POINT('',(0.154074506949276,0.0045,0.015));
#6173=CARTESIAN_POINT('',(0.154074506949276,0.,0.015));
#6174=CARTESIAN_POINT('',(0.154074506949276,0.005,0.015));
#6175=CARTESIAN_POINT('',(0.150074506949276,0.005,0.015));
#6176=CARTESIAN_POINT('',(0.150074506949276,0.009,0.015));
#6177=CARTESIAN_POINT('',(0.127070669520428,0.009,0.015));
#6178=CARTESIAN_POINT('',(0.127070669520428,0.009,0.015));
#6179=CARTESIAN_POINT('',(0.127070669520428,0.015,0.015));
#6180=CARTESIAN_POINT('',(0.123181125504054,0.0104314720812183,0.015));
#6181=CARTESIAN_POINT('',(0.1143,2.42861286636753E-17,0.015));
#6182=CARTESIAN_POINT('',(0.1143,0.0137,0.015));
#6183=CARTESIAN_POINT('',(0.,0.0137,0.015));
#6184=CARTESIAN_POINT('',(0.051350851989037,0.0137,0.015));
#6185=CARTESIAN_POINT('',(0.051350851989037,0.0197,0.015));
#6186=CARTESIAN_POINT('',(0.058204825,0.00825,0.015));
#6187=CARTESIAN_POINT('',(0.058204825,0.00825,0.015));
#6188=CARTESIAN_POINT('',(0.058204825,-2.05998412772246E-17,0.015));
#6189=CARTESIAN_POINT('',(0.0657742372245856,0.00328123430652163,0.015));
#6190=CARTESIAN_POINT('',(0.0657742372245856,0.00328123430652163,0.015));
#6191=CARTESIAN_POINT('',(0.0658502427542282,0.00310589870672333,0.015));
#6192=CARTESIAN_POINT('',(0.0658460887396846,0.00269837078976692,0.015));
#6193=CARTESIAN_POINT('',(0.0654336353431271,0.00226795806302696,0.015));
#6194=CARTESIAN_POINT('',(0.0649075254984122,0.00204652933018791,0.015));
#6195=CARTESIAN_POINT('',(0.0645364095467504,0.00199999999999965,0.015));
#6196=CARTESIAN_POINT('',(0.0643471353325046,0.002,0.015));
#6197=CARTESIAN_POINT('',(0.0643471353325046,0.002,0.015));
#6198=CARTESIAN_POINT('',(0.0630405048205818,0.002,0.015));
#6199=CARTESIAN_POINT('',(0.061954825,0.002,0.015));
#6200=CARTESIAN_POINT('',(0.058204825,2.84060969191202E-17,0.015));
#6201=CARTESIAN_POINT('',(0.1143,-6.93889390390723E-18,0.015));
#6202=CARTESIAN_POINT('',(0.104203045865418,0.0080287930104187,0.015));
#6203=CARTESIAN_POINT('',(0.104203045865418,-0.00802879301041868,0.015));
#6204=CARTESIAN_POINT('',(0.106189131953939,0.0080287930104187,0.015));
#6205=CARTESIAN_POINT('',(0.108008856797382,0.0080287930104187,0.015));
#6206=CARTESIAN_POINT('',(0.1143,-6.07153216591882E-18,0.015));
#6207=CARTESIAN_POINT('',(0.120591143202618,0.0080287930104187,0.015));
#6208=CARTESIAN_POINT('',(0.122410868046061,0.0080287930104187,0.015));
#6209=CARTESIAN_POINT('',(0.124396954134582,0.0080287930104187,0.015));
#6210=CARTESIAN_POINT('',(0.1143,4.33680868994202E-18,0.015));
#6211=CARTESIAN_POINT('',(0.124396954134582,-0.00802879301041868,0.015));
#6212=CARTESIAN_POINT('',(0.122410868046061,-0.00802879301041868,0.015));
#6213=CARTESIAN_POINT('',(0.120591143202618,-0.00802879301041868,0.015));
#6214=CARTESIAN_POINT('',(0.1143,-8.67361737988404E-18,0.015));
#6215=CARTESIAN_POINT('',(0.108008856797382,-0.00802879301041868,0.015));
#6216=CARTESIAN_POINT('',(0.106189131953939,-0.00802879301041868,0.015));
#6217=CARTESIAN_POINT('',(0.106189131953939,0.0080287930104187,0.015002));
#6218=CARTESIAN_POINT('',(0.104203045865418,0.0080287930104187,0.015));
#6219=CARTESIAN_POINT('',(0.108008856797382,0.0080287930104187,0.015));
#6220=CARTESIAN_POINT('',(0.1143,-6.07153216591882E-18,0.015002));
#6221=CARTESIAN_POINT('',(0.120591143202618,0.0080287930104187,0.015));
#6222=CARTESIAN_POINT('',(0.122410868046061,0.0080287930104187,0.015002));
#6223=CARTESIAN_POINT('',(0.124396954134582,0.0080287930104187,0.015));
#6224=CARTESIAN_POINT('',(0.1143,4.33680868994202E-18,0.015002));
#6225=CARTESIAN_POINT('',(0.124396954134582,-0.00802879301041868,0.015));
#6226=CARTESIAN_POINT('',(0.122410868046061,-0.00802879301041868,0.015002));
#6227=CARTESIAN_POINT('',(0.120591143202618,-0.00802879301041868,0.015));
#6228=CARTESIAN_POINT('',(0.1143,-9.54097911787244E-18,0.015002));
#6229=CARTESIAN_POINT('',(0.123829382840117,-0.0111928934010152,0.015002));
#6230=CARTESIAN_POINT('',(0.123829382840117,-0.0111928934010152,0.001));
#6231=CARTESIAN_POINT('',(0.123829382840117,-0.0111928934010152,0.014));
#6232=CARTESIAN_POINT('',(0.1143,-9.54097911787244E-18,0.014));
#6233=CARTESIAN_POINT('',(0.1143,-9.54097911787244E-18,0.001));
#6234=CARTESIAN_POINT('',(0.140074506949276,-0.01,0.015002));
#6235=CARTESIAN_POINT('',(0.150074506949276,-0.01,0.015002));
#6236=CARTESIAN_POINT('',(0.150074506949276,-0.01,0.001));
#6237=CARTESIAN_POINT('',(0.150074506949276,-0.01,0.014));
#6238=CARTESIAN_POINT('',(0.140074506949276,-0.01,0.014));
#6239=CARTESIAN_POINT('',(0.127070669520428,-0.01,0.014));
#6240=CARTESIAN_POINT('',(0.127070669520428,-0.01,0.015002));
#6241=CARTESIAN_POINT('',(0.127070669520428,-0.01,0.001));
#6242=CARTESIAN_POINT('',(0.150074506949276,-0.01,0.001));
#6243=CARTESIAN_POINT('',(0.140074506949276,0.01,0.015002));
#6244=CARTESIAN_POINT('',(0.127070669520428,0.01,0.015));
#6245=CARTESIAN_POINT('',(0.127070669520428,0.01,0.001));
#6246=CARTESIAN_POINT('',(0.127070669520428,0.01,0.014));
#6247=CARTESIAN_POINT('',(0.150074506949276,0.01,0.014));
#6248=CARTESIAN_POINT('',(0.150074506949276,0.01,0.014));
#6249=CARTESIAN_POINT('',(0.150074506949276,0.01,0.));
#6250=CARTESIAN_POINT('',(0.150074506949276,0.01,0.001));
#6251=CARTESIAN_POINT('',(0.140074506949276,0.01,0.001));
#6252=CARTESIAN_POINT('',(0.1143,2.42861286636753E-17,0.015002));
#6253=CARTESIAN_POINT('',(0.1143,2.42861286636753E-17,0.014));
#6254=CARTESIAN_POINT('',(0.123829382840117,0.0111928934010152,0.014));
#6255=CARTESIAN_POINT('',(0.123829382840117,0.0111928934010152,0.015002));
#6256=CARTESIAN_POINT('',(0.123829382840117,0.0111928934010152,0.001));
#6257=CARTESIAN_POINT('',(0.1143,2.42861286636753E-17,0.001));
#6258=CARTESIAN_POINT('',(0.1143,-8.67361737988404E-18,0.015002));
#6259=CARTESIAN_POINT('',(0.108008856797382,-0.00802879301041868,0.015));
#6260=CARTESIAN_POINT('',(0.1143,-6.93889390390723E-18,0.015002));
#6261=CARTESIAN_POINT('',(0.104203045865418,-0.00802879301041868,0.015));
#6262=CARTESIAN_POINT('',(0.106189131953939,-0.00802879301041868,0.015002));
#6263=CARTESIAN_POINT('',(0.0932025397971231,-0.0025,0.013));
#6264=CARTESIAN_POINT('',(0.0957025397971231,-0.0025,0.013));
#6265=CARTESIAN_POINT('',(0.0957025397971231,-0.0025,0.013));
#6266=CARTESIAN_POINT('',(0.0932025397971231,-0.0025,0.013));
#6267=CARTESIAN_POINT('',(0.0907025397971231,-0.0025,0.013));
#6268=CARTESIAN_POINT('',(0.0907025397971231,-0.0025,0.013));
#6269=CARTESIAN_POINT('',(0.0957025397971231,0.,0.013));
#6270=CARTESIAN_POINT('',(0.0957025397971231,0.0025,0.013));
#6271=CARTESIAN_POINT('',(0.0957025397971231,0.0025,0.013));
#6272=CARTESIAN_POINT('',(0.0957025397971231,0.,0.013));
#6273=CARTESIAN_POINT('',(0.0932025397971231,0.0025,0.013));
#6274=CARTESIAN_POINT('',(0.0907025397971231,0.0025,0.013));
#6275=CARTESIAN_POINT('',(0.0907025397971231,0.0025,0.013));
#6276=CARTESIAN_POINT('',(0.0932025397971231,0.0025,0.013));
#6277=CARTESIAN_POINT('',(0.0835254930507239,6.23973111081022E-18,0.013));
#6278=CARTESIAN_POINT('',(0.0835254930507239,6.23973111081022E-18,0.013));
#6279=CARTESIAN_POINT('',(0.0775372534746381,1.7347234759768E-18,0.013));
#6280=CARTESIAN_POINT('',(0.145074506949276,6.35292767733565E-18,0.013));
#6281=CARTESIAN_POINT('',(0.152251553695676,0.0025,0.013));
#6282=CARTESIAN_POINT('',(0.152251553695676,0.0025,0.013));
#6283=CARTESIAN_POINT('',(0.152251553695676,0.0025,0.014));
#6284=CARTESIAN_POINT('',(0.145074506949276,6.35292767733565E-18,0.0115));
#6285=CARTESIAN_POINT('',(0.145074506949276,6.35292767733565E-18,0.0115));
#6286=CARTESIAN_POINT('',(0.152251553695676,-0.0025,0.014));
#6287=CARTESIAN_POINT('',(0.152251553695676,-0.0025,0.013));
#6288=CARTESIAN_POINT('',(0.152251553695676,-0.0025,0.013));
#6289=CARTESIAN_POINT('',(0.145074506949276,6.35292767733565E-18,0.013));
#6290=CARTESIAN_POINT('',(0.153663030322475,-0.0025,0.013));
#6291=CARTESIAN_POINT('',(0.153074506949276,-0.0025,0.014));
#6292=CARTESIAN_POINT('',(0.153074506949276,-0.0025,0.014));
#6293=CARTESIAN_POINT('',(0.153074506949276,-0.0025,0.013));
#6294=CARTESIAN_POINT('',(0.153074506949276,-0.0025,0.013));
#6295=CARTESIAN_POINT('',(0.153663030322475,-0.0025,0.013));
#6296=CARTESIAN_POINT('',(0.153663030322475,0.0025,0.013));
#6297=CARTESIAN_POINT('',(0.153074506949276,0.0025,0.013));
#6298=CARTESIAN_POINT('',(0.153074506949276,0.0025,0.013));
#6299=CARTESIAN_POINT('',(0.153074506949276,0.0025,0.014));
#6300=CARTESIAN_POINT('',(0.153663030322475,0.0025,0.014));
#6301=CARTESIAN_POINT('',(0.153663030322475,0.0025,0.013));
#6302=CARTESIAN_POINT('',(0.0775372534746381,1.7347234759768E-18,0.013));
#6303=CARTESIAN_POINT('',(0.153074506949276,-0.0045,0.013));
#6304=CARTESIAN_POINT('',(0.153074506949276,0.0045,0.013));
#6305=CARTESIAN_POINT('',(-0.00525,0.058204825,0.0085));
#6306=CARTESIAN_POINT('',(-0.00525,0.058204825,0.0085));
#6307=CARTESIAN_POINT('',(-0.00524999999999994,0.0589119317811866,0.00920710678118656));
#6308=CARTESIAN_POINT('',(0.,0.0589119317811866,0.00920710678118662));
#6309=CARTESIAN_POINT('',(0.00525,0.0589119317811866,0.00920710678118656));
#6310=CARTESIAN_POINT('',(0.00525,0.058204825,0.0085));
#6311=CARTESIAN_POINT('',(6.07153216591882E-18,0.058204825,0.015));
#6312=CARTESIAN_POINT('',(0.002,0.061954825,0.015));
#6313=CARTESIAN_POINT('',(0.002,0.061954825,0.015));
#6314=CARTESIAN_POINT('',(6.07153216591882E-18,0.058204825,0.015));
#6315=CARTESIAN_POINT('',(-0.002,0.061954825,0.015));
#6316=CARTESIAN_POINT('',(-0.002,0.061954825,0.015));
#6317=CARTESIAN_POINT('',(0.002,0.0630405048205818,0.015));
#6318=CARTESIAN_POINT('',(0.002,0.0625132469849035,0.015));
#6319=CARTESIAN_POINT('',(0.002,0.0625132469849035,0.015));
#6320=CARTESIAN_POINT('',(0.002,0.0630405048205818,0.015));
#6321=CARTESIAN_POINT('',(-0.002,0.0630405048205818,0.015));
#6322=CARTESIAN_POINT('',(-0.002,0.0630405048205818,0.015));
#6323=CARTESIAN_POINT('',(-0.002,0.0625132469849035,0.015));
#6324=CARTESIAN_POINT('',(-0.002,0.0625132469849035,0.017));
#6325=CARTESIAN_POINT('',(0.,0.,0.015));
#6326=CARTESIAN_POINT('',(0.00155094711337426,0.0642593326638416,0.015));
#6327=CARTESIAN_POINT('',(0.00104207924920605,0.0643896863092311,0.015));
#6328=CARTESIAN_POINT('',(9.81803893899957E-7,0.064492827814092,0.015));
#6329=CARTESIAN_POINT('',(-0.00104219271196546,0.0643896572441529,0.015));
#6330=CARTESIAN_POINT('',(-0.00155094711337426,0.0642593326638416,0.015));
#6331=CARTESIAN_POINT('',(-0.003,0.0625132469849035,0.015));
#6332=CARTESIAN_POINT('',(0.003,0.0625132469849035,0.015));
#6333=CARTESIAN_POINT('',(-0.0630405048205818,-0.002,0.015));
#6334=CARTESIAN_POINT('',(-0.0630405048205818,-0.002,0.015));
#6335=CARTESIAN_POINT('',(-0.0625132469849035,-0.002,0.015));
#6336=CARTESIAN_POINT('',(-0.061954825,-0.002,0.015));
#6337=CARTESIAN_POINT('',(-0.0625132469849035,-0.002,0.017));
#6338=CARTESIAN_POINT('',(-0.061954825,-0.002,0.015));
#6339=CARTESIAN_POINT('',(-0.058204825,-3.68628738645072E-18,0.015));
#6340=CARTESIAN_POINT('',(-0.061954825,0.002,0.015));
#6341=CARTESIAN_POINT('',(-0.061954825,0.002,0.015));
#6342=CARTESIAN_POINT('',(-0.058204825,-3.68628738645072E-18,0.015));
#6343=CARTESIAN_POINT('',(-0.0630405048205818,0.002,0.015));
#6344=CARTESIAN_POINT('',(-0.0625132469849035,0.002,0.015));
#6345=CARTESIAN_POINT('',(-0.0625132469849035,0.002,0.015));
#6346=CARTESIAN_POINT('',(-0.0630405048205818,0.002,0.015));
#6347=CARTESIAN_POINT('',(0.,0.,0.015));
#6348=CARTESIAN_POINT('',(-0.0640435114877532,0.00222985203494045,0.015));
#6349=CARTESIAN_POINT('',(-0.0643164992269659,0.00151505580663094,0.015));
#6350=CARTESIAN_POINT('',(-0.0645573013763939,-3.82335493983265E-6,0.015));
#6351=CARTESIAN_POINT('',(-0.0643166599953427,-0.00151437336686121,0.015));
#6352=CARTESIAN_POINT('',(-0.0640437832050639,-0.00222914043512671,0.015));
#6353=CARTESIAN_POINT('',(-0.0625132469849035,-0.003,0.015));
#6354=CARTESIAN_POINT('',(-0.0625132469849035,0.003,0.015));
#6355=CARTESIAN_POINT('',(-4.98725768487759E-18,-0.058204825,0.015));
#6356=CARTESIAN_POINT('',(-0.002,-0.061954825,0.015));
#6357=CARTESIAN_POINT('',(-0.002,-0.061954825,0.015));
#6358=CARTESIAN_POINT('',(-4.98725768487759E-18,-0.058204825,0.015));
#6359=CARTESIAN_POINT('',(0.002,-0.061954825,0.015));
#6360=CARTESIAN_POINT('',(0.002,-0.061954825,0.015));
#6361=CARTESIAN_POINT('',(-0.002,-0.0630405048205818,0.015));
#6362=CARTESIAN_POINT('',(-0.002,-0.0625132469849035,0.015));
#6363=CARTESIAN_POINT('',(-0.002,-0.0625132469849035,0.015));
#6364=CARTESIAN_POINT('',(-0.002,-0.0630405048205818,0.015));
#6365=CARTESIAN_POINT('',(0.002,-0.0630405048205818,0.015));
#6366=CARTESIAN_POINT('',(0.002,-0.0630405048205818,0.015));
#6367=CARTESIAN_POINT('',(0.002,-0.0625132469849035,0.015));
#6368=CARTESIAN_POINT('',(0.002,-0.0625132469849035,0.017));
#6369=CARTESIAN_POINT('',(0.,0.,0.015));
#6370=CARTESIAN_POINT('',(-0.00222985203494016,-0.0640435114877533,0.015));
#6371=CARTESIAN_POINT('',(-0.00151505580663788,-0.0643164992269633,0.015));
#6372=CARTESIAN_POINT('',(3.82335491707925E-6,-0.0645573013763915,0.015));
#6373=CARTESIAN_POINT('',(0.00151437336682315,-0.0643166599953503,0.015));
#6374=CARTESIAN_POINT('',(0.00222914043508373,-0.0640437832050803,0.015));
#6375=CARTESIAN_POINT('',(0.003,-0.0625132469849035,0.015));
#6376=CARTESIAN_POINT('',(-0.003,-0.0625132469849035,0.015));
#6377=CARTESIAN_POINT('',(0.0630405048205818,0.002,0.015));
#6378=CARTESIAN_POINT('',(0.0643471353325046,0.002,0.0150000000000037));
#6379=CARTESIAN_POINT('',(0.0635818293122321,0.002,0.0156876673399275));
#6380=CARTESIAN_POINT('',(0.0628074741168918,0.002,0.016364779043609));
#6381=CARTESIAN_POINT('',(0.0619975589044989,0.002,0.017));
#6382=CARTESIAN_POINT('',(0.061954825,0.002,0.015));
#6383=CARTESIAN_POINT('',(0.058204825,2.84060969191202E-17,0.015));
#6384=CARTESIAN_POINT('',(0.061954825,-0.002,0.015));
#6385=CARTESIAN_POINT('',(0.0630405048205818,-0.002,0.015));
#6386=CARTESIAN_POINT('',(0.061997558904499,-0.002,0.017));
#6387=CARTESIAN_POINT('',(0.0628074064855991,-0.002,0.016364832087204));
#6388=CARTESIAN_POINT('',(0.0635818531463686,-0.002,0.015687645923714));
#6389=CARTESIAN_POINT('',(0.0643471353325088,-0.002,0.015));
#6390=CARTESIAN_POINT('',(-8.67361737988404E-19,0.056204825,0.012));
#6391=CARTESIAN_POINT('',(-8.67361737988404E-19,0.056204825,0.012));
#6392=CARTESIAN_POINT('',(-0.00425,0.056204825,0.012));
#6393=CARTESIAN_POINT('',(-0.00425,0.056204825,0.012));
#6394=CARTESIAN_POINT('',(-0.00425,0.0530119362810761,0.012));
#6395=CARTESIAN_POINT('',(-0.00425,0.0530119362810761,0.012));
#6396=CARTESIAN_POINT('',(0.00425,0.0473190475621522,0.012));
#6397=CARTESIAN_POINT('',(0.00425,0.0473190475621522,0.012));
#6398=CARTESIAN_POINT('',(0.,0.0505119362810761,0.012));
#6399=CARTESIAN_POINT('',(0.00825,0.051341381944782,0.012));
#6400=CARTESIAN_POINT('',(-0.003,0.0625132469849035,0.015));
#6401=CARTESIAN_POINT('',(0.003,0.0625132469849035,0.015));
#6402=CARTESIAN_POINT('',(-0.0625132469849035,-0.003,0.015));
#6403=CARTESIAN_POINT('',(-0.0625132469849035,0.003,0.015));
#6404=CARTESIAN_POINT('',(-0.003,-0.0625132469849035,0.015));
#6405=CARTESIAN_POINT('',(0.003,-0.0625132469849035,0.015));
#6406=CARTESIAN_POINT('',(-0.00525,0.057204825,-1.99999999999853E-6));
#6407=CARTESIAN_POINT('',(-0.00525,0.057204825,0.001));
#6408=CARTESIAN_POINT('',(-0.00525,0.057204825,0.00891421356237309));
#6409=CARTESIAN_POINT('',(-0.00525,0.0585984712394287,0.0103078598018018));
#6410=CARTESIAN_POINT('',(-0.00525,0.058204825,0.00991421356237311));
#6411=CARTESIAN_POINT('',(0.00525,0.057204825,0.015));
#6412=CARTESIAN_POINT('',(0.00525,0.057204825,0.001));
#6413=CARTESIAN_POINT('',(0.00525,0.057204825,0.00891421356237309));
#6414=CARTESIAN_POINT('',(-0.00624999999999994,0.0582048250000001,0.00991421356237316));
#6415=CARTESIAN_POINT('',(-0.00624999999999994,0.0589119317811866,0.00920710678118661));
#6416=CARTESIAN_POINT('',(-0.00524999999999994,0.0589119317811866,0.00920710678118661));
#6417=CARTESIAN_POINT('',(-0.00624999999999994,0.0598410711836406,0.011288660356629));
#6418=CARTESIAN_POINT('',(-0.0060805629853536,0.0602897475591289,0.0105849225591337));
#6419=CARTESIAN_POINT('',(-0.0052499999999991,0.0602863785754391,0.0105815535754391));
#6420=CARTESIAN_POINT('',(-0.00489757265557014,0.0631005366730109,0.0140266113677039));
#6421=CARTESIAN_POINT('',(-0.00474971989556027,0.06314967450839,0.0134448495083894));
#6422=CARTESIAN_POINT('',(-0.00411396103067927,0.0630243295865186,0.0133195045865186));
#6423=CARTESIAN_POINT('',(3.22258245729538E-17,0.0651319691634968,0.0157330146597077));
#6424=CARTESIAN_POINT('',(2.70846038010124E-15,0.0650658702014072,0.0153610452014032));
#6425=CARTESIAN_POINT('',(2.69716140447548E-17,0.064730732878522,0.015025907878522));
#6426=CARTESIAN_POINT('',(0.00489757265557007,0.0631005366730023,0.0140266113677039));
#6427=CARTESIAN_POINT('',(0.0047497198955607,0.0631496745083786,0.0134448495083962));
#6428=CARTESIAN_POINT('',(0.00411396103067922,0.0630243295865129,0.0133195045865128));
#6429=CARTESIAN_POINT('',(0.00624999999999995,0.0598410711836608,0.011288660356629));
#6430=CARTESIAN_POINT('',(0.00608056298533902,0.0602897475591786,0.0105849225591347));
#6431=CARTESIAN_POINT('',(0.0052499999999991,0.0602863785754526,0.0105815535754526));
#6432=CARTESIAN_POINT('',(0.00624999999999994,0.0582048250000001,0.00991421356237314));
#6433=CARTESIAN_POINT('',(0.00624999999999995,0.0589119317811866,0.00920710678118659));
#6434=CARTESIAN_POINT('',(0.00524999999999994,0.0589119317811866,0.00920710678118659));
#6435=CARTESIAN_POINT('',(0.00524999999999994,0.058204825,0.00991421356237311));
#6436=CARTESIAN_POINT('',(0.00525,0.0585984712394287,0.0103078598018018));
#6437=CARTESIAN_POINT('',(0.153074506949276,0.0045,0.013));
#6438=CARTESIAN_POINT('',(0.153074506949276,0.0045,0.014));
#6439=CARTESIAN_POINT('',(0.153074506949276,-0.0045,0.015002));
#6440=CARTESIAN_POINT('',(0.153074506949276,-0.0045,0.014));
#6441=CARTESIAN_POINT('',(-0.0513413819447821,-0.00825,0.002));
#6442=CARTESIAN_POINT('',(-0.0510010570989543,-0.0062791679423877,0.00353659141116656));
#6443=CARTESIAN_POINT('',(-0.0507452966128734,-0.00632333286636391,0.00307563345641998));
#6444=CARTESIAN_POINT('',(-0.0503659084283352,-0.00646156455436793,0.00238624370514522));
#6445=CARTESIAN_POINT('',(-0.0498851302403488,-0.00684932679348007,0.00153673350412718));
#6446=CARTESIAN_POINT('',(-0.0496550392817683,-0.00715143416448392,0.00115584129538933));
#6447=CARTESIAN_POINT('',(-0.0495540915510408,-0.00735245164562558,0.00101176600222549));
#6448=CARTESIAN_POINT('',(-0.0509976244557606,-0.00627976377336582,0.00353900989279492));
#6449=CARTESIAN_POINT('',(-0.0495540915510408,-0.00735245164562556,0.00101176600222547));
#6450=CARTESIAN_POINT('',(-0.0495540915510408,-0.00735245164562558,0.0010117660022255));
#6451=CARTESIAN_POINT('',(-0.0494618543914012,-0.0075361237436985,0.0010016215424906));
#6452=CARTESIAN_POINT('',(-0.0493993506153743,-0.00772958451295245,0.00100086792638762));
#6453=CARTESIAN_POINT('',(-0.0493667134084443,-0.00793269230769231,0.0010002229655599));
#6454=CARTESIAN_POINT('',(-0.0513413819447821,-0.00825,0.014));
#6455=CARTESIAN_POINT('',(-0.0513413819447821,-0.00625,0.00413345951281415));
#6456=CARTESIAN_POINT('',(-0.0512383181533939,-0.00625,0.00392814993935105));
#6457=CARTESIAN_POINT('',(-0.0511268902207169,-0.00625721009468653,0.0037280381753025));
#6458=CARTESIAN_POINT('',(-0.0509976244557606,-0.00627976377336582,0.00353900989279493));
#6459=CARTESIAN_POINT('',(-0.051341381944782,0.00825,0.002));
#6460=CARTESIAN_POINT('',(-0.0493667134084443,0.00793269230769231,0.00100022296556031));
#6461=CARTESIAN_POINT('',(-0.0493993506153743,0.00772958451295241,0.00100086792638803));
#6462=CARTESIAN_POINT('',(-0.0494618543914013,0.00753612374369842,0.00100162154249054));
#6463=CARTESIAN_POINT('',(-0.0495540915510409,0.00735245164562547,0.00101176600222544));
#6464=CARTESIAN_POINT('',(-0.0495540915510408,0.00735245164562548,0.00101176600222558));
#6465=CARTESIAN_POINT('',(-0.0495540915510408,0.0073524516456254,0.0010117660022255));
#6466=CARTESIAN_POINT('',(-0.0496550393173077,0.00715143409371401,0.00115584134611225));
#6467=CARTESIAN_POINT('',(-0.0498851300186875,0.00684932709637097,0.00153673313907742));
#6468=CARTESIAN_POINT('',(-0.0503659079797433,0.00646156475387234,0.00238624288599099));
#6469=CARTESIAN_POINT('',(-0.0507452965980354,0.00632333286892615,0.00307563342967709));
#6470=CARTESIAN_POINT('',(-0.0510010570989543,0.00627916794238771,0.00353659141116653));
#6471=CARTESIAN_POINT('',(-0.0509993407773575,0.00627946585787677,0.00353780065198071));
#6472=CARTESIAN_POINT('',(-0.0509976244557606,0.00627976377336583,0.0035390098927949));
#6473=CARTESIAN_POINT('',(-0.0511267124422932,0.00625724111262425,0.00372777820585029));
#6474=CARTESIAN_POINT('',(-0.0512383879263937,0.00625,0.00392828893156788));
#6475=CARTESIAN_POINT('',(-0.0513413819447821,0.00625,0.00413345951281414));
#6476=CARTESIAN_POINT('',(-0.051341381944782,0.00825,0.014));
#6477=CARTESIAN_POINT('',(-0.00825,0.051341381944782,0.002));
#6478=CARTESIAN_POINT('',(-0.00825,0.051341381944782,0.014));
#6479=CARTESIAN_POINT('',(-0.00825,0.051341381944782,0.001));
#6480=CARTESIAN_POINT('',(0.00825,0.051341381944782,0.002));
#6481=CARTESIAN_POINT('',(0.00825,0.051341381944782,0.001));
#6482=CARTESIAN_POINT('',(0.00825,0.051341381944782,0.002));
#6483=CARTESIAN_POINT('',(0.00825,0.051341381944782,0.014));
#6484=CARTESIAN_POINT('',(-0.00825,-0.0513413819447821,0.002));
#6485=CARTESIAN_POINT('',(-0.00793269230769231,-0.0493667134084444,0.00100022296555998));
#6486=CARTESIAN_POINT('',(-0.00772958451295242,-0.0493993506153744,0.0010008679263877));
#6487=CARTESIAN_POINT('',(-0.00753612374369849,-0.0494618543914013,0.00100162154249064));
#6488=CARTESIAN_POINT('',(-0.00735245164562555,-0.0495540915510409,0.00101176600222552));
#6489=CARTESIAN_POINT('',(-0.00735245164562552,-0.0495540915510409,0.0010117660022255));
#6490=CARTESIAN_POINT('',(-0.00735245164562551,-0.0495540915510409,0.00101176600222548));
#6491=CARTESIAN_POINT('',(-0.00715143409371407,-0.0496550393173078,0.0011558413461122));
#6492=CARTESIAN_POINT('',(-0.00684932709637102,-0.0498851300186876,0.00153673313907734));
#6493=CARTESIAN_POINT('',(-0.00646156475387237,-0.0503659079797433,0.00238624288599084));
#6494=CARTESIAN_POINT('',(-0.00632333286892616,-0.0507452965980354,0.00307563342967714));
#6495=CARTESIAN_POINT('',(-0.00627916794238771,-0.0510010570989544,0.00353659141116656));
#6496=CARTESIAN_POINT('',(-0.00627946585787677,-0.0509993407773576,0.00353780065198074));
#6497=CARTESIAN_POINT('',(-0.00627976377336583,-0.0509976244557607,0.00353900989279492));
#6498=CARTESIAN_POINT('',(-0.00625724111262425,-0.0511267124422933,0.0037277782058503));
#6499=CARTESIAN_POINT('',(-0.00625,-0.0512383879263937,0.00392828893156788));
#6500=CARTESIAN_POINT('',(-0.00625,-0.0513413819447821,0.00413345951281411));
#6501=CARTESIAN_POINT('',(-0.00825,-0.0513413819447821,0.014));
#6502=CARTESIAN_POINT('',(0.00825,-0.0513413819447821,0.002));
#6503=CARTESIAN_POINT('',(0.00627916794238769,-0.0510010570989544,0.00353659141116657));
#6504=CARTESIAN_POINT('',(0.00632333286636388,-0.0507452966128736,0.00307563345641997));
#6505=CARTESIAN_POINT('',(0.00646156455436785,-0.0503659084283353,0.00238624370514532));
#6506=CARTESIAN_POINT('',(0.00684932679347993,-0.049885130240349,0.00153673350412731));
#6507=CARTESIAN_POINT('',(0.00715143416448378,-0.0496550392817684,0.00115584129538943));
#6508=CARTESIAN_POINT('',(0.00735245164562539,-0.0495540915510409,0.00101176600222556));
#6509=CARTESIAN_POINT('',(0.00627946585787675,-0.0509993407773576,0.00353780065198075));
#6510=CARTESIAN_POINT('',(0.00735245164562546,-0.0495540915510409,0.00101176600222558));
#6511=CARTESIAN_POINT('',(0.00735245164562545,-0.0495540915510409,0.00101176600222557));
#6512=CARTESIAN_POINT('',(0.0075361237436984,-0.0494618543914013,0.00100162154249068));
#6513=CARTESIAN_POINT('',(0.00772958451295237,-0.0493993506153744,0.00100086792638674));
#6514=CARTESIAN_POINT('',(0.00793269230769228,-0.0493667134084444,0.0010002229655591));
#6515=CARTESIAN_POINT('',(0.00825,-0.0513413819447821,0.014));
#6516=CARTESIAN_POINT('',(0.00625,-0.0513413819447821,0.00413345951281413));
#6517=CARTESIAN_POINT('',(0.00625,-0.0512383879263937,0.00392828893156789));
#6518=CARTESIAN_POINT('',(0.00625724111262421,-0.0511267124422932,0.0037277782058503));
#6519=CARTESIAN_POINT('',(0.00627976377336579,-0.0509976244557607,0.00353900989279492));
#6520=CARTESIAN_POINT('',(0.0513508519890371,-0.0197,0.002));
#6521=CARTESIAN_POINT('',(0.0513508519890371,-0.0197,0.014));
#6522=CARTESIAN_POINT('',(0.0513508519890371,-0.0197,0.001));
#6523=CARTESIAN_POINT('',(0.051350851989037,0.0197,0.002));
#6524=CARTESIAN_POINT('',(0.051350851989037,0.0197,0.014));
#6525=CARTESIAN_POINT('',(0.051350851989037,0.0197,0.001));
#6526=CARTESIAN_POINT('',(0.127070669520428,0.015,0.015002));
#6527=CARTESIAN_POINT('',(0.127070669520428,0.015,0.014));
#6528=CARTESIAN_POINT('',(0.127070669520428,0.015,0.001));
#6529=CARTESIAN_POINT('',(0.127070669520428,-0.015,0.015002));
#6530=CARTESIAN_POINT('',(0.127070669520428,-0.015,0.014));
#6531=CARTESIAN_POINT('',(0.127070669520428,-0.015,0.001));
#6532=CARTESIAN_POINT('',(0.150074506949276,0.005,0.015002));
#6533=CARTESIAN_POINT('',(0.150074506949276,0.005,0.014));
#6534=CARTESIAN_POINT('',(0.150074506949276,0.005,0.001));
#6535=CARTESIAN_POINT('',(0.150074506949276,-0.005,0.015002));
#6536=CARTESIAN_POINT('',(0.150074506949276,-0.005,0.014));
#6537=CARTESIAN_POINT('',(0.150074506949276,-0.005,0.001));
#6538=CARTESIAN_POINT('',(0.,0.0035,0.015));
#6539=CARTESIAN_POINT('',(0.153074506949276,0.0035,0.015));
#6540=CARTESIAN_POINT('',(0.153074506949276,0.0045,0.015));
#6541=CARTESIAN_POINT('',(0.154074506949276,0.0045,0.015));
#6542=CARTESIAN_POINT('',(0.155074506949276,-0.00625,0.014));
#6543=CARTESIAN_POINT('',(0.154074506949276,0.005,0.015));
#6544=CARTESIAN_POINT('',(0.150074506949276,0.005,0.015));
#6545=CARTESIAN_POINT('',(0.150074506949276,0.009,0.015));
#6546=CARTESIAN_POINT('',(-1.56125112837913E-18,0.009,0.015));
#6547=CARTESIAN_POINT('',(0.127070669520428,0.009,0.015));
#6548=CARTESIAN_POINT('',(0.127070669520428,0.015,0.015));
#6549=CARTESIAN_POINT('',(0.123181125504054,0.0104314720812183,0.015));
#6550=CARTESIAN_POINT('',(0.1143,2.42861286636753E-17,0.015));
#6551=CARTESIAN_POINT('',(0.1143,0.0137,0.015));
#6552=CARTESIAN_POINT('',(0.0799968269131624,0.0147,0.014));
#6553=CARTESIAN_POINT('',(0.051350851989037,0.0137,0.015));
#6554=CARTESIAN_POINT('',(0.051350851989037,0.0197,0.015));
#6555=CARTESIAN_POINT('',(0.0466825927173064,0.0179090909090909,0.014));
#6556=CARTESIAN_POINT('',(0.0468011369521979,0.0176000884999506,0.014));
#6557=CARTESIAN_POINT('',(0.0469320778920113,0.0173000642392196,0.0140180766862949));
#6558=CARTESIAN_POINT('',(0.0470745143650838,0.0170083654653253,0.0140529159840919));
#6559=CARTESIAN_POINT('',(0.0513508519890371,-0.0197,0.015));
#6560=CARTESIAN_POINT('',(0.0513508519890371,-0.0137,0.015));
#6561=CARTESIAN_POINT('',(0.0799968269131624,-0.0147,0.014));
#6562=CARTESIAN_POINT('',(0.1143,-0.0137,0.015));
#6563=CARTESIAN_POINT('',(0.1143,-9.54097911787244E-18,0.015));
#6564=CARTESIAN_POINT('',(0.123181125504054,-0.0104314720812183,0.015));
#6565=CARTESIAN_POINT('',(0.127070669520428,-0.015,0.015));
#6566=CARTESIAN_POINT('',(0.127070669520428,-0.009,0.015));
#6567=CARTESIAN_POINT('',(0.140074506949276,-0.01,0.014));
#6568=CARTESIAN_POINT('',(0.150074506949276,-0.009,0.015));
#6569=CARTESIAN_POINT('',(0.150074506949276,-0.005,0.015));
#6570=CARTESIAN_POINT('',(0.154074506949276,-0.005,0.015));
#6571=CARTESIAN_POINT('',(0.155074506949276,-0.00625,0.014));
#6572=CARTESIAN_POINT('',(0.154074506949276,-0.0045,0.015));
#6573=CARTESIAN_POINT('',(0.153074506949276,-0.0045,0.015));
#6574=CARTESIAN_POINT('',(0.153074506949276,-0.0035,0.015));
#6575=CARTESIAN_POINT('',(0.153663030322475,-0.0025,0.014));
#6576=CARTESIAN_POINT('',(-0.00576642318982456,-0.0517079136520048,0.00265487825505842));
#6577=CARTESIAN_POINT('',(-0.00576477043893897,-0.0539965899604045,0.00493151844186358));
#6578=CARTESIAN_POINT('',(-0.00576333229133675,-0.0562844590834366,0.0072089366583729));
#6579=CARTESIAN_POINT('',(-0.00576204158469181,-0.0585717783238268,0.0094868875066689));
#6580=CARTESIAN_POINT('',(-0.00532193130757328,-0.0520448205611452,0.00231621450453321));
#6581=CARTESIAN_POINT('',(-0.00531875938881908,-0.0543336521319747,0.00459285469133837));
#6582=CARTESIAN_POINT('',(-0.00531599933139567,-0.0566216464429821,0.0068702729078477));
#6583=CARTESIAN_POINT('',(-0.00531352223902261,-0.0589090727725556,0.0091482237561437));
#6584=CARTESIAN_POINT('',(-0.00531352223902261,-0.0589090727725556,0.0091482237561437));
#6585=CARTESIAN_POINT('',(-0.00544507979633688,-0.0588101391720345,0.00924755899374312));
#6586=CARTESIAN_POINT('',(-0.00557663735365116,-0.0587112055715134,0.00934689423134254));
#6587=CARTESIAN_POINT('',(-0.00570819491096543,-0.0586122719709923,0.00944622946894196));
#6588=CARTESIAN_POINT('',(-0.00570819491096544,-0.0586122719709923,0.00944622946894196));
#6589=CARTESIAN_POINT('',(-0.00570843898808166,-0.0586120884207014,0.00944641376438517));
#6590=CARTESIAN_POINT('',(-0.00570999991081668,-0.0565096764232218,0.00735299204493763));
#6591=CARTESIAN_POINT('',(-0.00571172243759554,-0.0544067886463245,0.00526004839463959));
#6592=CARTESIAN_POINT('',(-0.00571367280836075,-0.0523032226860467,0.00316778653581358));
#6593=CARTESIAN_POINT('',(-0.00571367280836075,-0.0523032226860467,0.00316778653581359));
#6594=CARTESIAN_POINT('',(-0.00571367280836075,-0.0523032226860467,0.00316778653581359));
#6595=CARTESIAN_POINT('',(-0.00571384570042584,-0.0521167505191056,0.00298231642934165));
#6596=CARTESIAN_POINT('',(-0.00572685625573932,-0.0519208699911037,0.00280694154387933));
#6597=CARTESIAN_POINT('',(-0.00575767709607162,-0.0517145428381182,0.00264821450026089));
#6598=CARTESIAN_POINT('',(-0.0057637721448012,-0.0517099230371488,0.00265285839173521));
#6599=CARTESIAN_POINT('',(-0.00576377214480119,-0.0517099230371488,0.0026528583917352));
#6600=CARTESIAN_POINT('',(-0.00561649186572522,-0.0518215555451476,0.00254064376266787));
#6601=CARTESIAN_POINT('',(-0.00546921158664925,-0.0519331880531464,0.00242842913360054));
#6602=CARTESIAN_POINT('',(-0.00532193130757328,-0.0520448205611452,0.00231621450453321));
#6603=CARTESIAN_POINT('',(-0.00576965513481571,-0.058566052800019,0.00949263627417395));
#6604=CARTESIAN_POINT('',(-0.00576910328910044,-0.0592069640566254,0.0100767726284207));
#6605=CARTESIAN_POINT('',(-0.00566208012498816,-0.0598530782601021,0.0106565866473709));
#6606=CARTESIAN_POINT('',(-0.00521343815354221,-0.0611100938772125,0.0117692520092054));
#6607=CARTESIAN_POINT('',(-0.00487657547495496,-0.0617163566026313,0.0122979887237123));
#6608=CARTESIAN_POINT('',(-0.00392170855138636,-0.0628382028608489,0.0132657085192167));
#6609=CARTESIAN_POINT('',(-0.00330851681113147,-0.0633387571877338,0.0136915780753898));
#6610=CARTESIAN_POINT('',(-0.00179595061350692,-0.0640852480632639,0.0143227723470165));
#6611=CARTESIAN_POINT('',(-0.000895746448104022,-0.0643066287214376,0.0145080534322634));
#6612=CARTESIAN_POINT('',(0.000922820676092678,-0.0643025238888158,0.0145046086326792));
#6613=CARTESIAN_POINT('',(0.00181795931369956,-0.0640775880883621,0.0143163220645775));
#6614=CARTESIAN_POINT('',(0.00331987337145416,-0.0633299664539688,0.0136841151366106));
#6615=CARTESIAN_POINT('',(0.00393697543848859,-0.0628219010898342,0.0132516861878715));
#6616=CARTESIAN_POINT('',(0.00488279632925921,-0.0617073825646358,0.0122902071166771));
#6617=CARTESIAN_POINT('',(0.00522306101029175,-0.0610907396868907,0.0117522851984735));
#6618=CARTESIAN_POINT('',(0.0056635442465792,-0.0598411888394159,0.0106458945130991));
#6619=CARTESIAN_POINT('',(0.00576867785008495,-0.0592076031056608,0.0100773184865063));
#6620=CARTESIAN_POINT('',(0.00576965513481567,-0.058566052800019,0.00949263627417395));
#6621=CARTESIAN_POINT('',(-0.00531352223902261,-0.0589090727725556,0.00914822375614369));
#6622=CARTESIAN_POINT('',(-0.00531267888510602,-0.0594956013796253,0.00973236011039044));
#6623=CARTESIAN_POINT('',(-0.00521379494698624,-0.0600869478981331,0.0103121741398524));
#6624=CARTESIAN_POINT('',(-0.00480012832267433,-0.0612375006931999,0.0114248394806634));
#6625=CARTESIAN_POINT('',(-0.00448972751847313,-0.0617924610309159,0.0119535762086214));
#6626=CARTESIAN_POINT('',(-0.0036102645376496,-0.062819431809906,0.0129212959982471));
#6627=CARTESIAN_POINT('',(-0.00304564539229966,-0.0632776847665801,0.013347165553824));
#6628=CARTESIAN_POINT('',(-0.00165314984391131,-0.0639611093892793,0.0139783598325218));
#6629=CARTESIAN_POINT('',(-0.000824518340063956,-0.0641637963893328,0.0141636409147887));
#6630=CARTESIAN_POINT('',(0.000849439722787105,-0.0641600382195964,0.0141601961140934));
#6631=CARTESIAN_POINT('',(0.00167340997042044,-0.0639540964458066,0.0139719095671465));
#6632=CARTESIAN_POINT('',(0.00305610192152728,-0.0632696368328069,0.013339702597981));
#6633=CARTESIAN_POINT('',(0.00362432474178507,-0.0628045084892018,0.0129072736698835));
#6634=CARTESIAN_POINT('',(0.00449545821445742,-0.0617842461429851,0.0119457945986046));
#6635=CARTESIAN_POINT('',(0.00480899650987156,-0.0612197847730194,0.0114078726790049));
#6636=CARTESIAN_POINT('',(0.0052151495198354,-0.0600760664004841,0.0103014819965072));
#6637=CARTESIAN_POINT('',(0.00531228682404282,-0.0594961864302221,0.00973290596847603));
#6638=CARTESIAN_POINT('',(0.00531352223902253,-0.0589090727725556,0.00914822375614369));
#6639=CARTESIAN_POINT('',(0.00565279660840373,-0.0592498383067923,0.0100036492846792));
#6640=CARTESIAN_POINT('',(0.00559468645405494,-0.0598402374013589,0.0105559002528521));
#6641=CARTESIAN_POINT('',(0.00528964051740868,-0.0610069534927036,0.011626079533175));
#6642=CARTESIAN_POINT('',(0.00420603253045335,-0.0626453998710614,0.0130802232396058));
#6643=CARTESIAN_POINT('',(0.00241593247869601,-0.0639439665863572,0.0141968858396867));
#6644=CARTESIAN_POINT('',(-3.96975099269485E-6,-0.0644830853633383,0.0146546953477682));
#6645=CARTESIAN_POINT('',(-0.00242598049384828,-0.0639391890232741,0.0141933338479147));
#6646=CARTESIAN_POINT('',(-0.0042099431323481,-0.062641607611303,0.0130751997506859));
#6647=CARTESIAN_POINT('',(-0.00529410319776698,-0.0609958917974426,0.0116165897121794));
#6648=CARTESIAN_POINT('',(-0.00559470840226443,-0.0598400099752718,0.010555876301309));
#6649=CARTESIAN_POINT('',(-0.00565276976645184,-0.059250003713071,0.0100037964656432));
#6650=CARTESIAN_POINT('',(0.00565279660840372,-0.0592498383067923,0.0100036492846792));
#6651=CARTESIAN_POINT('',(-0.00565276976645184,-0.059250003713071,0.0100037964656432));
#6652=CARTESIAN_POINT('',(-0.00565276976645185,-0.059250003713071,0.0100037964656432));
#6653=CARTESIAN_POINT('',(-0.00567306168566606,-0.0590438018854698,0.00981084957950097));
#6654=CARTESIAN_POINT('',(-0.00569159776051169,-0.0588314185489648,0.00962452304039482));
#6655=CARTESIAN_POINT('',(-0.00570795083384923,-0.0586124555212832,0.00944604517349875));
#6656=CARTESIAN_POINT('',(0.00531352223902253,-0.0589090727725556,0.00914822375614369));
#6657=CARTESIAN_POINT('',(0.00544508187841793,-0.0588101376062728,0.00924756056586125));
#6658=CARTESIAN_POINT('',(0.00557664151781333,-0.0587112024399901,0.00934689737557881));
#6659=CARTESIAN_POINT('',(0.00570820115720873,-0.0586122672737073,0.00944623418529637));
#6660=CARTESIAN_POINT('',(0.00570820115720874,-0.0586122672737073,0.00944623418529638));
#6661=CARTESIAN_POINT('',(0.00570796332633588,-0.0586124461267131,0.0094460546062076));
#6662=CARTESIAN_POINT('',(0.00569159596249251,-0.0588312776803692,0.00962457562610238));
#6663=CARTESIAN_POINT('',(0.005673090011107,-0.0590436573610358,0.00981079054224426));
#6664=CARTESIAN_POINT('',(0.00565279660840372,-0.0592498383067923,0.0100036492846792));
#6665=CARTESIAN_POINT('',(-0.00532193130757328,-0.0520448205611452,0.00231621450453321));
#6666=CARTESIAN_POINT('',(-0.00532267190900543,-0.0517268117758689,0.00199994937224723));
#6667=CARTESIAN_POINT('',(-0.00537295884354051,-0.0514119273006185,0.00169173773298644));
#6668=CARTESIAN_POINT('',(-0.00556241851506009,-0.0508488590377056,0.00115207627271986));
#6669=CARTESIAN_POINT('',(-0.00568510786411983,-0.0505970212307346,0.000915019722770251));
#6670=CARTESIAN_POINT('',(-0.00584957542342408,-0.0503585121146186,0.00069710173737574));
#6671=CARTESIAN_POINT('',(-0.00579026447452009,-0.0516898429203279,0.00267304321872757));
#6672=CARTESIAN_POINT('',(-0.00579073082271469,-0.0514253420007484,0.00235677808644159));
#6673=CARTESIAN_POINT('',(-0.00583218502521479,-0.0511634623133454,0.00204856644610192));
#6674=CARTESIAN_POINT('',(-0.00598863251071395,-0.0506952307034608,0.00150890498778722));
#6675=CARTESIAN_POINT('',(-0.00608999163953692,-0.0504858301659081,0.00127184843729431));
#6676=CARTESIAN_POINT('',(-0.00622590441552958,-0.0502875442680494,0.00105393045166348));
#6677=CARTESIAN_POINT('',(-0.00621815881354681,-0.0502959298852971,0.00106045860349367));
#6678=CARTESIAN_POINT('',(-0.00609004384190853,-0.0503339678312149,0.000966198036532419));
#6679=CARTESIAN_POINT('',(-0.00596391312370473,-0.0503707589430642,0.000868778895042108));
#6680=CARTESIAN_POINT('',(-0.00583923319327099,-0.0504060415836926,0.000769008190570665));
#6681=CARTESIAN_POINT('',(-0.00621815881354674,-0.0502959298852971,0.00106045860349361));
#6682=CARTESIAN_POINT('',(-0.00583923319327103,-0.0504060415836924,0.000769008190570557));
#6683=CARTESIAN_POINT('',(-0.00583923319327101,-0.0504060415836925,0.000769008190570581));
#6684=CARTESIAN_POINT('',(-0.00576841476363873,-0.0504877578961795,0.000822635914637935));
#6685=CARTESIAN_POINT('',(-0.00571516008935594,-0.0505693336320796,0.000891257778402924));
#6686=CARTESIAN_POINT('',(-0.00567156367302989,-0.0506511682158511,0.000967710187385829));
#6687=CARTESIAN_POINT('',(-0.00576987290486556,-0.05170505173164,0.00265721291126843));
#6688=CARTESIAN_POINT('',(-0.00578081585210572,-0.0512241734387529,0.00210393359781077));
#6689=CARTESIAN_POINT('',(-0.00591287385810441,-0.0507453112719353,0.00155441312570656));
#6690=CARTESIAN_POINT('',(-0.00621815881354325,-0.0502959298852979,0.00106045860349324));
#6691=CARTESIAN_POINT('',(0.00576204158469176,-0.0585717783238268,0.00948688750666889));
#6692=CARTESIAN_POINT('',(0.00576333229133677,-0.0562844590834366,0.00720893665837289));
#6693=CARTESIAN_POINT('',(0.00576477043893891,-0.0539965899604045,0.00493151844186357));
#6694=CARTESIAN_POINT('',(0.00576642318982454,-0.0517079136520048,0.0026548782550584));
#6695=CARTESIAN_POINT('',(0.00531352223902253,-0.0589090727725556,0.00914822375614369));
#6696=CARTESIAN_POINT('',(0.00531599933139573,-0.0566216464429821,0.0068702729078477));
#6697=CARTESIAN_POINT('',(0.00531875938881897,-0.0543336521319747,0.00459285469133837));
#6698=CARTESIAN_POINT('',(0.00532193130757325,-0.0520448205611452,0.00231621450453321));
#6699=CARTESIAN_POINT('',(0.0057576770960716,-0.0517145428381182,0.00264821450026088));
#6700=CARTESIAN_POINT('',(0.00572685625574218,-0.0519208699910843,0.00280694154390518));
#6701=CARTESIAN_POINT('',(0.00571384570042581,-0.0521167505191056,0.00298231642934166));
#6702=CARTESIAN_POINT('',(0.00571367280836072,-0.0523032226860467,0.0031677865358136));
#6703=CARTESIAN_POINT('',(0.00576377214480118,-0.0517099230371488,0.00265285839173521));
#6704=CARTESIAN_POINT('',(0.00571367280836071,-0.0523032226860467,0.0031677865358136));
#6705=CARTESIAN_POINT('',(0.00571367280836071,-0.0523032226860467,0.0031677865358136));
#6706=CARTESIAN_POINT('',(0.00571172243760007,-0.0544067886413621,0.00526004838970382));
#6707=CARTESIAN_POINT('',(0.00570999991081492,-0.0565096764256324,0.00735299204733791));
#6708=CARTESIAN_POINT('',(0.0057084389880816,-0.0586120884207014,0.00944641376438516));
#6709=CARTESIAN_POINT('',(0.00532193130757325,-0.0520448205611452,0.00231621450453321));
#6710=CARTESIAN_POINT('',(0.00546921158664922,-0.0519331880531464,0.00242842913360053));
#6711=CARTESIAN_POINT('',(0.0056164918657252,-0.0518215555451476,0.00254064376266786));
#6712=CARTESIAN_POINT('',(0.00576377214480117,-0.0517099230371488,0.00265285839173519));
#6713=CARTESIAN_POINT('',(-0.00825,-0.0513413819447821,0.001));
#6714=CARTESIAN_POINT('',(-0.00605967685627807,-0.0492913857189134,3.57071569420406E-19));
#6715=CARTESIAN_POINT('',(-0.00614037963426008,-0.0494173148923233,0.000144973164197889));
#6716=CARTESIAN_POINT('',(-0.00622331767670544,-0.0495418124129173,0.000289919942222786));
#6717=CARTESIAN_POINT('',(-0.00630892807126118,-0.0496644673977294,0.000434887403903085));
#6718=CARTESIAN_POINT('',(-0.00630892807126118,-0.0496644673977294,0.000434887403903091));
#6719=CARTESIAN_POINT('',(-0.00630892807126118,-0.0496644673977294,0.000434887403903091));
#6720=CARTESIAN_POINT('',(-0.00655603332577368,-0.0496140333103084,0.000588906147063015));
#6721=CARTESIAN_POINT('',(-0.00707482346532071,-0.0494894110595498,0.000855019895479046));
#6722=CARTESIAN_POINT('',(-0.00763622740025975,-0.0493598160386264,0.000946154692604665));
#6723=CARTESIAN_POINT('',(-0.00792986743924195,-0.0493491336932863,0.000982194768555288));
#6724=CARTESIAN_POINT('',(-0.00792986743924195,-0.0493491336932863,0.000982194768555296));
#6725=CARTESIAN_POINT('',(-0.00777403846153847,-0.0483793791402755,0.));
#6726=CARTESIAN_POINT('',(0.00584957542342406,-0.0503585121146186,0.000697101737375751));
#6727=CARTESIAN_POINT('',(0.00568510786411983,-0.0505970212307347,0.000915019722770264));
#6728=CARTESIAN_POINT('',(0.00556241851506009,-0.0508488590377057,0.00115207627271987));
#6729=CARTESIAN_POINT('',(0.00537295884354046,-0.0514119273006185,0.00169173773298642));
#6730=CARTESIAN_POINT('',(0.00532267190900541,-0.0517268117758689,0.00199994937224723));
#6731=CARTESIAN_POINT('',(0.00532193130757325,-0.0520448205611452,0.00231621450453321));
#6732=CARTESIAN_POINT('',(0.00622589886536783,-0.0502875453146949,0.00105392518909505));
#6733=CARTESIAN_POINT('',(0.00608998566824455,-0.0504858318057722,0.00127184317472589));
#6734=CARTESIAN_POINT('',(0.00598862622483999,-0.0506952329691968,0.00150889972521878));
#6735=CARTESIAN_POINT('',(0.00583217825247166,-0.0511634659777478,0.00204856118353349));
#6736=CARTESIAN_POINT('',(0.005790723919705,-0.0514253464468741,0.00235677282387315));
#6737=CARTESIAN_POINT('',(0.00579025756746567,-0.0516898481555964,0.00267303795615913));
#6738=CARTESIAN_POINT('',(0.00583923319327104,-0.0504060415836924,0.000769008190570549));
#6739=CARTESIAN_POINT('',(0.00596391312491557,-0.0503707589427214,0.00086877889601089));
#6740=CARTESIAN_POINT('',(0.00609004383888869,-0.0503339678321115,0.000966198034310656));
#6741=CARTESIAN_POINT('',(0.00621815881354673,-0.0502959298852971,0.00106045860349369));
#6742=CARTESIAN_POINT('',(0.00583923319327106,-0.0504060415836924,0.000769008190570505));
#6743=CARTESIAN_POINT('',(0.00621815881354675,-0.0502959298852971,0.00106045860349364));
#6744=CARTESIAN_POINT('',(0.00621815881354669,-0.0502959298852971,0.00106045860349359));
#6745=CARTESIAN_POINT('',(0.00591287358870989,-0.0507453116684891,0.00155441356159478));
#6746=CARTESIAN_POINT('',(0.00578081585964378,-0.0512241731075004,0.00210393321668495));
#6747=CARTESIAN_POINT('',(0.00576987290486556,-0.05170505173164,0.00265721291126842));
#6748=CARTESIAN_POINT('',(0.005671555222908,-0.0506511840777716,0.000967725006187238));
#6749=CARTESIAN_POINT('',(0.00571515307326799,-0.0505693442729002,0.000891266658511696));
#6750=CARTESIAN_POINT('',(0.00576841008733721,-0.050487763292093,0.00082263945579826));
#6751=CARTESIAN_POINT('',(0.00583923319327114,-0.0504060415836924,0.000769008190570565));
#6752=CARTESIAN_POINT('',(-5.20417042793042E-18,-8.67361737988404E-17,0.001));
#6753=CARTESIAN_POINT('',(-0.00795651293953173,-0.0493628797968986,0.001));
#6754=CARTESIAN_POINT('',(-0.00794765662324335,-0.0493582748743492,0.000994044447331498));
#6755=CARTESIAN_POINT('',(-0.00793876710691776,-0.0493537000317483,0.000988115237505099));
#6756=CARTESIAN_POINT('',(-0.0079298674392429,-0.0493491336932866,0.000982194768555664));
#6757=CARTESIAN_POINT('',(-0.0493628797969119,-0.00795651293944913,0.001));
#6758=CARTESIAN_POINT('',(-0.049358274874382,-0.00794765662316232,0.00099404444735105));
#6759=CARTESIAN_POINT('',(-0.0493537000316816,-0.0079387671069646,0.000988115237446829));
#6760=CARTESIAN_POINT('',(-0.0493491336932861,-0.00792986743924177,0.000982194768555182));
#6761=CARTESIAN_POINT('',(-0.0493491336932863,-0.00792986743924195,0.000982194768555308));
#6762=CARTESIAN_POINT('',(-0.0483793791402754,-0.00777403846153846,0.));
#6763=CARTESIAN_POINT('',(0.00825,-0.0513413819447821,0.001));
#6764=CARTESIAN_POINT('',(0.0079326923076923,-0.0493667134084444,0.001));
#6765=CARTESIAN_POINT('',(0.00792986743924193,-0.0493491336932863,0.000982194768555265));
#6766=CARTESIAN_POINT('',(0.00792986743924194,-0.0493491336932863,0.000982194768555267));
#6767=CARTESIAN_POINT('',(0.00763711999040654,-0.0493597835670457,0.000946264245160155));
#6768=CARTESIAN_POINT('',(0.00707230775007147,-0.0494899263578847,0.000854342127686781));
#6769=CARTESIAN_POINT('',(0.00655560873149668,-0.0496141199698371,0.000588641500821353));
#6770=CARTESIAN_POINT('',(0.00630892807126119,-0.0496644673977294,0.000434887403903091));
#6771=CARTESIAN_POINT('',(0.00630892807126117,-0.0496644673977294,0.000434887403903098));
#6772=CARTESIAN_POINT('',(0.00630892807126117,-0.0496644673977294,0.000434887403903098));
#6773=CARTESIAN_POINT('',(0.00622331767670543,-0.0495418124129173,0.000289919942222797));
#6774=CARTESIAN_POINT('',(0.00614037963426007,-0.0494173148923233,0.000144973164197889));
#6775=CARTESIAN_POINT('',(0.00605967685627806,-0.0492913857189134,-1.1117039855598E-18));
#6776=CARTESIAN_POINT('',(-0.0513413819447821,-0.00825,0.001));
#6777=CARTESIAN_POINT('',(-0.0493491336932863,-0.00792986743924194,0.000982194768555306));
#6778=CARTESIAN_POINT('',(-0.0493597843236487,-0.00763709919263827,0.000946261692534307));
#6779=CARTESIAN_POINT('',(-0.0494898445580506,-0.00707266147407503,0.000854458832954242));
#6780=CARTESIAN_POINT('',(-0.0496141223614986,-0.00655559701338726,0.000588634197016808));
#6781=CARTESIAN_POINT('',(-0.0496644673977293,-0.00630892807126118,0.000434887403903079));
#6782=CARTESIAN_POINT('',(-0.0496644673977293,-0.00630892807126118,0.000434887403903089));
#6783=CARTESIAN_POINT('',(-0.0496644673977293,-0.00630892807126118,0.000434887403903089));
#6784=CARTESIAN_POINT('',(-0.0495418124129172,-0.00622331767670544,0.000289919942222791));
#6785=CARTESIAN_POINT('',(-0.0494173148923232,-0.00614037963426008,0.000144973164197887));
#6786=CARTESIAN_POINT('',(-0.0492913857189133,-0.00605967685627807,-1.40131119376402E-18));
#6787=CARTESIAN_POINT('',(-5.20417042793042E-18,-8.67361737988404E-17,0.001));
#6788=CARTESIAN_POINT('',(0.00795651293896911,-0.0493628797969893,0.001));
#6789=CARTESIAN_POINT('',(0.00794765662269258,-0.0493582748745751,0.000994044447466922));
#6790=CARTESIAN_POINT('',(0.00793876710681285,-0.0493537000317008,0.000988115237441483));
#6791=CARTESIAN_POINT('',(0.00792986743924272,-0.0493491336932865,0.000982194768555526));
#6792=CARTESIAN_POINT('',(0.0466825927173064,-0.0179090909090909,0.001));
#6793=CARTESIAN_POINT('',(-0.0503585121146185,-0.00584957542342407,0.000697101737375725));
#6794=CARTESIAN_POINT('',(-0.0505970212307346,-0.00568510786411981,0.000915019722770239));
#6795=CARTESIAN_POINT('',(-0.0508488590377056,-0.00556241851506006,0.00115207627271986));
#6796=CARTESIAN_POINT('',(-0.0514119273006184,-0.00537295884354045,0.00169173773298642));
#6797=CARTESIAN_POINT('',(-0.0517268117758688,-0.00532267190900543,0.00199994937224724));
#6798=CARTESIAN_POINT('',(-0.0520448205611452,-0.00532193130757323,0.00231621450453322));
#6799=CARTESIAN_POINT('',(-0.0502875320526214,-0.00622596919162041,0.00105399187124498));
#6800=CARTESIAN_POINT('',(-0.0504858110270091,-0.00609006133065496,0.00127190985687587));
#6801=CARTESIAN_POINT('',(-0.0506952042599947,-0.00598870587332239,0.00150896640736888));
#6802=CARTESIAN_POINT('',(-0.0511634195460036,-0.00583226407008635,0.00204862786568323));
#6803=CARTESIAN_POINT('',(-0.0514252901098923,-0.00579081138793115,0.0023568395060231));
#6804=CARTESIAN_POINT('',(-0.0516897818193647,-0.00579034508694271,0.00267310463830908));
#6805=CARTESIAN_POINT('',(-0.0506511840777573,-0.00567155522291557,0.000967725006173907));
#6806=CARTESIAN_POINT('',(-0.0505693442728905,-0.00571515307327426,0.000891266658503721));
#6807=CARTESIAN_POINT('',(-0.0504877632920881,-0.00576841008734137,0.000822639455795016));
#6808=CARTESIAN_POINT('',(-0.0504060415836923,-0.00583923319327108,0.000769008190570512));
#6809=CARTESIAN_POINT('',(-0.0504060415836924,-0.005839233193271,0.000769008190570513));
#6810=CARTESIAN_POINT('',(-0.0504060415836923,-0.00583923319327101,0.000769008190570478));
#6811=CARTESIAN_POINT('',(-0.0503707588877535,-0.00596391331915794,0.000868779051446448));
#6812=CARTESIAN_POINT('',(-0.0503339679656018,-0.00609004338928156,0.000966197703512213));
#6813=CARTESIAN_POINT('',(-0.050295929885297,-0.00621815881354679,0.00106045860349365));
#6814=CARTESIAN_POINT('',(-0.0502959298852971,-0.0062181588135467,0.00106045860349366));
#6815=CARTESIAN_POINT('',(-0.0502959298852971,-0.0062181588135467,0.00106045860349366));
#6816=CARTESIAN_POINT('',(-0.050745311668489,-0.00591287358870993,0.0015544135615948));
#6817=CARTESIAN_POINT('',(-0.0512241731075002,-0.00578081585964388,0.00210393321668508));
#6818=CARTESIAN_POINT('',(-0.05170505173164,-0.00576987290486553,0.00265721291126836));
#6819=CARTESIAN_POINT('',(-0.0517099230371487,-0.00576377214480117,0.00265285839173521));
#6820=CARTESIAN_POINT('',(-0.0517099230371487,-0.00576377214480119,0.00265285839173523));
#6821=CARTESIAN_POINT('',(-0.0518215555451476,-0.0056164918657252,0.00254064376266789));
#6822=CARTESIAN_POINT('',(-0.0519331880531464,-0.00546921158664922,0.00242842913360056));
#6823=CARTESIAN_POINT('',(-0.0520448205611452,-0.00532193130757323,0.00231621450453322));
#6824=CARTESIAN_POINT('',(0.0513508519890371,-0.0197,0.));
#6825=CARTESIAN_POINT('',(0.0513508519890371,-0.0147,0.001));
#6826=CARTESIAN_POINT('',(-0.0585717783238268,-0.0057620415846918,0.00948688750666898));
#6827=CARTESIAN_POINT('',(-0.0562844590834366,-0.00576333229133678,0.00720893665837297));
#6828=CARTESIAN_POINT('',(-0.0539965899604044,-0.00576477043893896,0.00493151844186363));
#6829=CARTESIAN_POINT('',(-0.0517079136520048,-0.00576642318982456,0.00265487825505844));
#6830=CARTESIAN_POINT('',(-0.0589090727725556,-0.00531352223902255,0.00914822375614376));
#6831=CARTESIAN_POINT('',(-0.056621646442982,-0.00531599933139569,0.00687027290784775));
#6832=CARTESIAN_POINT('',(-0.0543336521319746,-0.005318759388819,0.00459285469133841));
#6833=CARTESIAN_POINT('',(-0.0520448205611452,-0.00532193130757323,0.00231621450453322));
#6834=CARTESIAN_POINT('',(-0.0517145428381182,-0.00575767709607158,0.00264821450026089));
#6835=CARTESIAN_POINT('',(-0.0519208699909198,-0.00572685625576656,0.00280694154412363));
#6836=CARTESIAN_POINT('',(-0.0521167505191055,-0.00571384570042581,0.00298231642934169));
#6837=CARTESIAN_POINT('',(-0.0523032226860466,-0.00571367280836071,0.0031677865358136));
#6838=CARTESIAN_POINT('',(-0.0523032226860466,-0.00571367280836071,0.0031677865358136));
#6839=CARTESIAN_POINT('',(-0.0523032226860466,-0.00571367280836071,0.0031677865358136));
#6840=CARTESIAN_POINT('',(-0.054406788641362,-0.00571172243760008,0.0052600483897039));
#6841=CARTESIAN_POINT('',(-0.0565096764256324,-0.00570999991081485,0.00735299204733793));
#6842=CARTESIAN_POINT('',(-0.0586120884207014,-0.00570843898808162,0.00944641376438523));
#6843=CARTESIAN_POINT('',(-0.0586122672737073,-0.00570820115720876,0.00944623418529644));
#6844=CARTESIAN_POINT('',(-0.0586122672737073,-0.00570820115720874,0.00944623418529644));
#6845=CARTESIAN_POINT('',(-0.05871120243999,-0.00557664151781335,0.00934689737557888));
#6846=CARTESIAN_POINT('',(-0.0588101376062728,-0.00544508187841795,0.00924756056586132));
#6847=CARTESIAN_POINT('',(-0.0589090727725556,-0.00531352223902255,0.00914822375614376));
#6848=CARTESIAN_POINT('',(8.67092839826144E-18,-0.0137,0.));
#6849=CARTESIAN_POINT('',(0.1143,-0.0147,0.001));
#6850=CARTESIAN_POINT('',(-0.0585660527999975,0.00576965513484423,0.00949263627419557));
#6851=CARTESIAN_POINT('',(-0.0592069640566073,0.00576910328912895,0.0100767726284423));
#6852=CARTESIAN_POINT('',(-0.0598530782600875,0.00566208012501619,0.0106565866473926));
#6853=CARTESIAN_POINT('',(-0.0611100938772045,0.00521343815356802,0.011769252009227));
#6854=CARTESIAN_POINT('',(-0.0617163566026266,0.00487657547497913,0.0122979887237339));
#6855=CARTESIAN_POINT('',(-0.0628382028608501,0.00392170855140582,0.0132657085192384));
#6856=CARTESIAN_POINT('',(-0.0633387571877377,0.00330851681114788,0.0136915780754114));
#6857=CARTESIAN_POINT('',(-0.0640852480632717,0.00179595061351584,0.0143227723470381));
#6858=CARTESIAN_POINT('',(-0.0643066287214466,0.000895746448108414,0.0145080534322851));
#6859=CARTESIAN_POINT('',(-0.0643025238888247,-0.000922820676097263,0.0145046086327009));
#6860=CARTESIAN_POINT('',(-0.0640775880883699,-0.00181795931370863,0.0143163220645992));
#6861=CARTESIAN_POINT('',(-0.0633299664539726,-0.00331987337147066,0.0136841151366322));
#6862=CARTESIAN_POINT('',(-0.0628219010898353,-0.00393697543850819,0.0132516861878931));
#6863=CARTESIAN_POINT('',(-0.061707382564631,-0.00488279632928346,0.0122902071166987));
#6864=CARTESIAN_POINT('',(-0.0610907396868827,-0.00522306101031767,0.0117522851984951));
#6865=CARTESIAN_POINT('',(-0.0598411888394013,-0.00566354424660727,0.0106458945131207));
#6866=CARTESIAN_POINT('',(-0.0592076031056427,-0.00576867785011351,0.0100773184865279));
#6867=CARTESIAN_POINT('',(-0.0585660527999975,-0.00576965513484423,0.00949263627419556));
#6868=CARTESIAN_POINT('',(-0.0589090727725556,0.00531352223902258,0.00914822375614377));
#6869=CARTESIAN_POINT('',(-0.0594956013796253,0.00531267888510596,0.00973236011039053));
#6870=CARTESIAN_POINT('',(-0.0600869478981331,0.00521379494698622,0.0103121741398525));
#6871=CARTESIAN_POINT('',(-0.0612375006931999,0.00480012832267427,0.0114248394806634));
#6872=CARTESIAN_POINT('',(-0.061792461030916,0.00448972751847309,0.0119535762086215));
#6873=CARTESIAN_POINT('',(-0.062819431809906,0.00361026453764957,0.0129212959982472));
#6874=CARTESIAN_POINT('',(-0.0632776847665801,0.00304564539229961,0.0133471655538241));
#6875=CARTESIAN_POINT('',(-0.0639611093892793,0.00165314984391128,0.0139783598325219));
#6876=CARTESIAN_POINT('',(-0.0641637963893328,0.000824518340063865,0.0141636409147888));
#6877=CARTESIAN_POINT('',(-0.0641600382195964,-0.000849439722787091,0.0141601961140935));
#6878=CARTESIAN_POINT('',(-0.0639540964458066,-0.00167340997042047,0.0139719095671466));
#6879=CARTESIAN_POINT('',(-0.0632696368328069,-0.00305610192152728,0.0133397025979811));
#6880=CARTESIAN_POINT('',(-0.0628045084892018,-0.00362432474178513,0.0129072736698836));
#6881=CARTESIAN_POINT('',(-0.0617842461429851,-0.00449545821445746,0.0119457945986047));
#6882=CARTESIAN_POINT('',(-0.0612197847730194,-0.00480899650987158,0.011407872679005));
#6883=CARTESIAN_POINT('',(-0.0600760664004842,-0.00521514951983542,0.0103014819965073));
#6884=CARTESIAN_POINT('',(-0.0594961864302221,-0.00531228682404283,0.00973290596847609));
#6885=CARTESIAN_POINT('',(-0.0589090727725556,-0.00531352223902258,0.00914822375614376));
#6886=CARTESIAN_POINT('',(-0.0586124461267131,-0.0057079633263359,0.00944605460620767));
#6887=CARTESIAN_POINT('',(-0.0588312776803539,-0.00569159596251675,0.00962457562612342));
#6888=CARTESIAN_POINT('',(-0.0590436573610358,-0.005673090011107,0.00981079054224429));
#6889=CARTESIAN_POINT('',(-0.0592498383067923,-0.00565279660840373,0.0100036492846792));
#6890=CARTESIAN_POINT('',(-0.0592498383067923,-0.00565279660840378,0.0100036492846793));
#6891=CARTESIAN_POINT('',(-0.0592498383067923,-0.00565279660840378,0.0100036492846793));
#6892=CARTESIAN_POINT('',(-0.059840237401359,-0.00559468645405502,0.0105559002528522));
#6893=CARTESIAN_POINT('',(-0.0610069534927036,-0.00528964051740864,0.0116260795331751));
#6894=CARTESIAN_POINT('',(-0.0626453998710615,-0.00420603253045332,0.0130802232396059));
#6895=CARTESIAN_POINT('',(-0.0639439665863572,-0.00241593247869581,0.0141968858396867));
#6896=CARTESIAN_POINT('',(-0.0644830853633383,3.9697509928804E-6,0.0146546953477683));
#6897=CARTESIAN_POINT('',(-0.063939189023274,0.00242598049384834,0.0141933338479148));
#6898=CARTESIAN_POINT('',(-0.0626416076113029,0.00420994313234824,0.013075199750686));
#6899=CARTESIAN_POINT('',(-0.0609958917974426,0.00529410319776687,0.0116165897121795));
#6900=CARTESIAN_POINT('',(-0.0598400099752718,0.00559470840226441,0.0105558763013091));
#6901=CARTESIAN_POINT('',(-0.059250003713071,0.00565276976645181,0.0100037964656433));
#6902=CARTESIAN_POINT('',(-0.059250003713071,0.00565276976645181,0.0100037964656433));
#6903=CARTESIAN_POINT('',(-0.059250003713071,0.00565276976645181,0.0100037964656433));
#6904=CARTESIAN_POINT('',(-0.0590438018854698,0.00567306168566602,0.00981084957950109));
#6905=CARTESIAN_POINT('',(-0.0588314185489881,0.00569159776051189,0.00962452304036633));
#6906=CARTESIAN_POINT('',(-0.0586124555212832,0.00570795083384922,0.00944604517349885));
#6907=CARTESIAN_POINT('',(-0.0586122719709923,0.00570819491096542,0.00944622946894205));
#6908=CARTESIAN_POINT('',(-0.0586122719709923,0.00570819491096542,0.00944622946894204));
#6909=CARTESIAN_POINT('',(-0.0587112055715134,0.00557663735365114,0.00934689423134262));
#6910=CARTESIAN_POINT('',(-0.0588101391720345,0.00544507979633686,0.00924755899374319));
#6911=CARTESIAN_POINT('',(-0.0589090727725556,0.00531352223902258,0.00914822375614377));
#6912=CARTESIAN_POINT('',(0.1143,-9.54097911787244E-18,0.001));
#6913=CARTESIAN_POINT('',(0.123829382840117,-0.0111928934010152,0.001));
#6914=CARTESIAN_POINT('',(-0.0517079136520047,0.00576642318982454,0.00265487825505842));
#6915=CARTESIAN_POINT('',(-0.0539965899604044,0.00576477043893896,0.00493151844186362));
#6916=CARTESIAN_POINT('',(-0.0562844590834366,0.00576333229133676,0.00720893665837296));
#6917=CARTESIAN_POINT('',(-0.0585717783238268,0.00576204158469179,0.00948688750666898));
#6918=CARTESIAN_POINT('',(-0.0520448205611451,0.00532193130757325,0.00231621450453322));
#6919=CARTESIAN_POINT('',(-0.0543336521319746,0.00531875938881905,0.00459285469133841));
#6920=CARTESIAN_POINT('',(-0.056621646442982,0.00531599933139569,0.00687027290784776));
#6921=CARTESIAN_POINT('',(-0.0589090727725556,0.00531352223902258,0.00914822375614378));
#6922=CARTESIAN_POINT('',(-0.0586120884207014,0.00570843898808163,0.00944641376438525));
#6923=CARTESIAN_POINT('',(-0.0565096764232218,0.00570999991081663,0.00735299204493766));
#6924=CARTESIAN_POINT('',(-0.0544067886463244,0.00571172243759553,0.00526004839463964));
#6925=CARTESIAN_POINT('',(-0.0523032226860466,0.00571367280836074,0.00316778653581359));
#6926=CARTESIAN_POINT('',(-0.0523032226860466,0.00571367280836073,0.00316778653581358));
#6927=CARTESIAN_POINT('',(-0.0523032226860466,0.00571367280836073,0.00316778653581358));
#6928=CARTESIAN_POINT('',(-0.0521167505191055,0.00571384570042582,0.00298231642934167));
#6929=CARTESIAN_POINT('',(-0.0519208699909307,0.00572685625576498,0.00280694154410922));
#6930=CARTESIAN_POINT('',(-0.0517145428381182,0.0057576770960716,0.00264821450026089));
#6931=CARTESIAN_POINT('',(-0.0517099230371487,0.00576377214480119,0.00265285839173521));
#6932=CARTESIAN_POINT('',(-0.0517099230371487,0.00576377214480117,0.00265285839173521));
#6933=CARTESIAN_POINT('',(-0.0518215555451475,0.0056164918657252,0.00254064376266788));
#6934=CARTESIAN_POINT('',(-0.0519331880531463,0.00546921158664922,0.00242842913360055));
#6935=CARTESIAN_POINT('',(-0.0520448205611451,0.00532193130757325,0.00231621450453322));
#6936=CARTESIAN_POINT('',(0.127070669520428,-0.015,0.));
#6937=CARTESIAN_POINT('',(0.127070669520428,-0.01,0.001));
#6938=CARTESIAN_POINT('',(-0.0520448205611451,0.00532193130757325,0.00231621450453322));
#6939=CARTESIAN_POINT('',(-0.0517268117758688,0.00532267190900545,0.00199994937224722));
#6940=CARTESIAN_POINT('',(-0.0514119273006184,0.00537295884354046,0.00169173773298641));
#6941=CARTESIAN_POINT('',(-0.0508488590377055,0.00556241851506007,0.00115207627271986));
#6942=CARTESIAN_POINT('',(-0.0505970212307345,0.00568510786411981,0.000915019722770259));
#6943=CARTESIAN_POINT('',(-0.0503585121146185,0.00584957542342406,0.000697101737375757));
#6944=CARTESIAN_POINT('',(-0.051689842920328,0.00579026447451979,0.00267304321872736));
#6945=CARTESIAN_POINT('',(-0.0514253420007485,0.00579073082271441,0.00235677808644136));
#6946=CARTESIAN_POINT('',(-0.0511634623133454,0.00583218502521448,0.00204856644610168));
#6947=CARTESIAN_POINT('',(-0.0506952307034608,0.00598863251071368,0.00150890498778701));
#6948=CARTESIAN_POINT('',(-0.050485830165908,0.00608999163953667,0.00127184843729411));
#6949=CARTESIAN_POINT('',(-0.0502875442680494,0.00622590441552934,0.00105393045166328));
#6950=CARTESIAN_POINT('',(-0.050295929885297,0.00621815881354671,0.00106045860349364));
#6951=CARTESIAN_POINT('',(-0.0503339678312147,0.00609004384190846,0.000966198036532399));
#6952=CARTESIAN_POINT('',(-0.0503707589430641,0.00596391312370468,0.000868778895042123));
#6953=CARTESIAN_POINT('',(-0.0504060415836925,0.00583923319327096,0.000769008190570687));
#6954=CARTESIAN_POINT('',(-0.050295929885297,0.00621815881354672,0.00106045860349365));
#6955=CARTESIAN_POINT('',(-0.0504060415836923,0.00583923319327102,0.000769008190570541));
#6956=CARTESIAN_POINT('',(-0.0504060415836924,0.00583923319327101,0.000769008190570576));
#6957=CARTESIAN_POINT('',(-0.0504877578961771,0.00576841476364073,0.000822635914636408));
#6958=CARTESIAN_POINT('',(-0.0505693336320749,0.00571516008935895,0.000891257778399096));
#6959=CARTESIAN_POINT('',(-0.0506511682158442,0.00567156367303351,0.000967710187379446));
#6960=CARTESIAN_POINT('',(-0.0517050517316399,0.00576987290486556,0.00265721291126843));
#6961=CARTESIAN_POINT('',(-0.0512241734387528,0.00578081585210578,0.00210393359781078));
#6962=CARTESIAN_POINT('',(-0.0507453112719352,0.00591287385810448,0.00155441312570669));
#6963=CARTESIAN_POINT('',(-0.0502959298852978,0.00621815881354321,0.00106045860349327));
#6964=CARTESIAN_POINT('',(8.50014503228636E-18,-0.009,0.));
#6965=CARTESIAN_POINT('',(0.150074506949276,-0.01,0.001));
#6966=CARTESIAN_POINT('',(-0.051341381944782,0.00825,0.001));
#6967=CARTESIAN_POINT('',(-0.0492913857189133,0.00605967685627807,1.19023856473469E-18));
#6968=CARTESIAN_POINT('',(-0.0494173148923232,0.00614037963426008,0.000144973164197887));
#6969=CARTESIAN_POINT('',(-0.0495418124129172,0.00622331767670544,0.000289919942222787));
#6970=CARTESIAN_POINT('',(-0.0496644673977293,0.00630892807126118,0.000434887403903083));
#6971=CARTESIAN_POINT('',(-0.0496644673977293,0.00630892807126118,0.000434887403903081));
#6972=CARTESIAN_POINT('',(-0.0496644673977293,0.00630892807126118,0.000434887403903081));
#6973=CARTESIAN_POINT('',(-0.0496140333103083,0.00655603332577367,0.000588906147063));
#6974=CARTESIAN_POINT('',(-0.0494894110595497,0.0070748234653207,0.000855019895478996));
#6975=CARTESIAN_POINT('',(-0.0493598160386264,0.00763622740025975,0.000946154692604762));
#6976=CARTESIAN_POINT('',(-0.0493491336932862,0.00792986743924195,0.000982194768555287));
#6977=CARTESIAN_POINT('',(-0.0493491336932862,0.00792986743924194,0.000982194768555278));
#6978=CARTESIAN_POINT('',(-0.0483793791402754,0.00777403846153846,0.));
#6979=CARTESIAN_POINT('',(0.150074506949276,-0.005,0.));
#6980=CARTESIAN_POINT('',(0.155074506949276,-0.005,0.001));
#6981=CARTESIAN_POINT('',(-5.20417042793042E-18,-8.67361737988404E-17,0.001));
#6982=CARTESIAN_POINT('',(-0.0493628797968993,0.00795651293952743,0.001));
#6983=CARTESIAN_POINT('',(-0.0493582748743509,0.00794765662323909,0.000994044447332496));
#6984=CARTESIAN_POINT('',(-0.0493537000317151,0.00793876710695156,0.000988115237477814));
#6985=CARTESIAN_POINT('',(-0.0493491336932864,0.00792986743924278,0.000982194768555606));
#6986=CARTESIAN_POINT('',(-0.00777403846153846,0.0483793791402753,0.));
#6987=CARTESIAN_POINT('',(0.154074506949276,0.,0.));
#6988=CARTESIAN_POINT('',(0.155074506949276,0.005,0.001));
#6989=CARTESIAN_POINT('',(-0.00825,0.051341381944782,0.));
#6990=CARTESIAN_POINT('',(-0.00525,0.051341381944782,0.));
#6991=CARTESIAN_POINT('',(0.150074506949276,0.005,0.));
#6992=CARTESIAN_POINT('',(0.150074506949276,0.01,0.001));
#6993=CARTESIAN_POINT('',(-0.00525,0.,0.));
#6994=CARTESIAN_POINT('',(-0.00525,0.057204825,0.));
#6995=CARTESIAN_POINT('',(0.140074506949276,0.01,0.001));
#6996=CARTESIAN_POINT('',(0.127070669520428,0.01,0.001));
#6997=CARTESIAN_POINT('',(-0.00525,0.057204825,0.001));
#6998=CARTESIAN_POINT('',(-0.00525,0.057204825,0.));
#6999=CARTESIAN_POINT('',(0.127070669520428,0.015,0.));
#7000=CARTESIAN_POINT('',(0.123829382840117,0.0111928934010152,0.001));
#7001=CARTESIAN_POINT('',(-0.00525,0.058204825,0.001));
#7002=CARTESIAN_POINT('',(0.00525,0.057204825,0.));
#7003=CARTESIAN_POINT('',(0.1143,2.42861286636753E-17,0.001));
#7004=CARTESIAN_POINT('',(0.1143,0.0147,0.001));
#7005=CARTESIAN_POINT('',(0.00525,0.057204825,0.001));
#7006=CARTESIAN_POINT('',(0.00525,0.057204825,0.));
#7007=CARTESIAN_POINT('',(6.93889390390723E-18,0.0137,0.));
#7008=CARTESIAN_POINT('',(0.051350851989037,0.0147,0.001));
#7009=CARTESIAN_POINT('',(0.00625,0.0539063310412305,0.001));
#7010=CARTESIAN_POINT('',(0.00525,0.051341381944782,0.));
#7011=CARTESIAN_POINT('',(0.051350851989037,0.0197,0.));
#7012=CARTESIAN_POINT('',(0.0466825927173064,0.0179090909090909,0.001));
#7013=CARTESIAN_POINT('',(0.00825,0.051341381944782,0.));
#7014=CARTESIAN_POINT('',(0.00777403846153846,0.0483793791402753,0.));
#7015=CARTESIAN_POINT('',(-5.20417042793042E-18,-8.67361737988404E-17,0.001));
#7016=CARTESIAN_POINT('',(0.,1.74512168878498E-18,0.));
#7017=CARTESIAN_POINT('',(-5.20417042793042E-18,-8.67361737988404E-17,0.016));
#7018=CARTESIAN_POINT('',(0.0385853685720712,-0.0375029763717788,0.0156884182540141));
#7019=CARTESIAN_POINT('',(0.0383916682522437,-0.0379706103109424,0.0158754473399065));
#7020=CARTESIAN_POINT('',(0.0379707880323853,-0.0383915946376122,0.0158755184191768));
#7021=CARTESIAN_POINT('',(0.0375029763717772,-0.0385853685720719,0.0156884182540135));
#7022=CARTESIAN_POINT('',(-5.20417042793042E-18,-8.67361737988404E-17,0.016));
#7023=CARTESIAN_POINT('',(-0.0375029763717788,-0.0385853685720712,0.0156884182540141));
#7024=CARTESIAN_POINT('',(-0.0379706103109424,-0.0383916682522437,0.0158754473399065));
#7025=CARTESIAN_POINT('',(-0.0383915946376122,-0.0379707880323853,0.0158755184191768));
#7026=CARTESIAN_POINT('',(-0.0385853685720719,-0.0375029763717772,0.0156884182540135));
#7027=CARTESIAN_POINT('',(-5.20417042793042E-18,-8.67361737988404E-17,0.016));
#7028=CARTESIAN_POINT('',(-0.0385853685720711,0.0375029763717788,0.0156884182540141));
#7029=CARTESIAN_POINT('',(-0.0383916682522437,0.0379706103109424,0.0158754473399065));
#7030=CARTESIAN_POINT('',(-0.0379707880323853,0.0383915946376122,0.0158755184191768));
#7031=CARTESIAN_POINT('',(-0.0375029763717771,0.0385853685720719,0.0156884182540134));
#7032=CARTESIAN_POINT('',(-5.20417042793042E-18,-8.67361737988404E-17,0.016));
#7033=CARTESIAN_POINT('',(0.0375029763717788,0.0385853685720712,0.0156884182540141));
#7034=CARTESIAN_POINT('',(0.0379706103109424,0.0383916682522437,0.0158754473399065));
#7035=CARTESIAN_POINT('',(0.0383915946376122,0.0379707880323853,0.0158755184191768));
#7036=CARTESIAN_POINT('',(0.0385853685720719,0.0375029763717772,0.0156884182540134));
#7037=CARTESIAN_POINT('',(-5.20417042793042E-18,-8.67361737988404E-17,0.016));
#7038=CARTESIAN_POINT('',(-0.00825,-0.0513413819447821,0.016));
#7039=CARTESIAN_POINT('',(-0.00825,-0.0513413819447821,0.014));
#7040=CARTESIAN_POINT('',(-0.00825,-0.0513413819447821,0.016));
#7041=CARTESIAN_POINT('',(-0.00825,0.,0.016));
#7042=CARTESIAN_POINT('',(0.00625,-0.0539063310412305,0.014));
#7043=CARTESIAN_POINT('',(0.00825,-0.0513413819447821,0.016));
#7044=CARTESIAN_POINT('',(0.00825,-0.0513413819447821,0.014));
#7045=CARTESIAN_POINT('',(0.00825,-0.0513413819447821,0.016));
#7046=CARTESIAN_POINT('',(-5.20417042793042E-18,-8.67361737988404E-17,0.016));
#7047=CARTESIAN_POINT('',(-5.20417042793042E-18,-8.67361737988404E-17,0.016));
#7048=CARTESIAN_POINT('',(-0.0513413819447821,0.00825,0.016));
#7049=CARTESIAN_POINT('',(-0.051341381944782,0.00825,0.014));
#7050=CARTESIAN_POINT('',(-0.051341381944782,0.0082500000000001,0.016));
#7051=CARTESIAN_POINT('',(6.93889390390723E-18,0.0082500000000001,0.016));
#7052=CARTESIAN_POINT('',(-0.0539063310412305,-0.00625,0.014));
#7053=CARTESIAN_POINT('',(-0.0513413819447821,-0.00825,0.016));
#7054=CARTESIAN_POINT('',(-0.0513413819447821,-0.00825,0.014));
#7055=CARTESIAN_POINT('',(-0.0513413819447822,-0.00825,0.016));
#7056=CARTESIAN_POINT('',(-5.20417042793042E-18,-8.67361737988404E-17,0.016));
#7057=CARTESIAN_POINT('',(-0.00625,0.0539063310412305,0.014));
#7058=CARTESIAN_POINT('',(-0.00825000000000017,0.051341381944782,0.016));
#7059=CARTESIAN_POINT('',(-0.00825,0.051341381944782,0.014));
#7060=CARTESIAN_POINT('',(-0.00825,0.0513413819447821,0.016));
#7061=CARTESIAN_POINT('',(-5.20417042793042E-18,-8.67361737988404E-17,0.016));
#7062=CARTESIAN_POINT('',(-5.20417042793042E-18,-8.67361737988404E-17,0.016));
#7063=CARTESIAN_POINT('',(0.00825,0.0513413819447821,0.016));
#7064=CARTESIAN_POINT('',(0.00825,0.051341381944782,0.014));
#7065=CARTESIAN_POINT('',(0.00825000000000017,0.051341381944782,0.016));
#7066=CARTESIAN_POINT('',(0.00825000000000017,0.,0.016));
#7067=CARTESIAN_POINT('',(0.058204825,-2.05998412772246E-17,0.017));
#7068=CARTESIAN_POINT('',(0.0657742372245856,-0.00328123430652162,0.015));
#7069=CARTESIAN_POINT('',(0.0650176635672884,-0.00330673763514112,0.0156840164234603));
#7070=CARTESIAN_POINT('',(0.0642521916261456,-0.00333838907452761,0.0163580886986933));
#7071=CARTESIAN_POINT('',(0.063460276783314,-0.00338270994223008,0.017));
#7072=CARTESIAN_POINT('',(0.058204825,-0.00825,0.015));
#7073=CARTESIAN_POINT('',(-5.20417042793042E-18,-8.67361737988404E-17,0.016));
#7074=CARTESIAN_POINT('',(0.0503282972094228,-0.00825,0.015));
#7075=CARTESIAN_POINT('',(0.0505219229805603,-0.00808552986738887,0.0151644701326111));
#7076=CARTESIAN_POINT('',(0.0507148872274679,-0.00792067256515423,0.0153293274348458));
#7077=CARTESIAN_POINT('',(0.0509072032839111,-0.00775543589713547,0.0154945641028646));
#7078=CARTESIAN_POINT('',(1.66470731540886E-18,-0.00825,0.015));
#7079=CARTESIAN_POINT('',(-5.20417042793042E-18,-8.67361737988404E-17,0.016));
#7080=CARTESIAN_POINT('',(0.058204825,-2.05998412772246E-17,0.017));
#7081=CARTESIAN_POINT('',(0.0634602767833139,0.00338270994223009,0.017));
#7082=CARTESIAN_POINT('',(0.0642521916261456,0.00333838907452763,0.0163580886986933));
#7083=CARTESIAN_POINT('',(0.0650176635672884,0.00330673763514113,0.0156840164234603));
#7084=CARTESIAN_POINT('',(0.0657742372245856,0.00328123430652162,0.015));
#7085=CARTESIAN_POINT('',(0.058204825,0.00625,0.017));
#7086=CARTESIAN_POINT('',(0.0539063310412305,0.00625,0.017));
#7087=CARTESIAN_POINT('',(-0.0367376095070486,-0.0367376095070487,0.016));
#7088=CARTESIAN_POINT('',(-0.0367376095070486,0.0367376095070487,0.016));
#7089=CARTESIAN_POINT('',(0.0367376095070487,0.0367376095070487,0.016));
#7090=CARTESIAN_POINT('',(0.0367376095070487,-0.0367376095070487,0.016));
#7091=CARTESIAN_POINT('',(0.00605643355093819,-0.0492863221790967,-5.8284061117699E-6));
#7092=CARTESIAN_POINT('',(0.00565189661571854,-0.0495834566305088,-9.78993945439381E-5));
#7093=CARTESIAN_POINT('',(0.00517064650105401,-0.049726065681092,-5.8284061117699E-6));
#7094=CARTESIAN_POINT('',(0.00623871295575624,-0.0495710516243925,0.000321860962946771));
#7095=CARTESIAN_POINT('',(0.00582669349335723,-0.0498875507056281,0.000223887101651515));
#7096=CARTESIAN_POINT('',(0.00532971535448079,-0.0500389814431684,0.000321860962983848));
#7097=CARTESIAN_POINT('',(0.00643212231295224,-0.0498486039520877,0.000649165487304206));
#7098=CARTESIAN_POINT('',(0.00601191087294199,-0.0501878140226696,0.000543584781376849));
#7099=CARTESIAN_POINT('',(0.00549679797750387,-0.0503502078860378,0.000649165487400567));
#7100=CARTESIAN_POINT('',(0.00664030720153621,-0.05011040971299,0.000973573702087969));
#7101=CARTESIAN_POINT('',(0.00621073548009856,-0.0504780023668258,0.000855640887464775));
#7102=CARTESIAN_POINT('',(0.00567435553673512,-0.0506567557706266,0.000973573702087969));
#7103=CARTESIAN_POINT('',(0.00583923319327105,-0.0504060415836924,0.000769008190570524));
#7104=CARTESIAN_POINT('',(0.00602551050454067,-0.0501910990178097,0.000627948465007145));
#7105=CARTESIAN_POINT('',(0.00618238903106028,-0.0499384749386323,0.000518262243995521));
#7106=CARTESIAN_POINT('',(0.00630892807126118,-0.0496644673977294,0.000434887403903081));
#7107=CARTESIAN_POINT('',(0.00591437210653602,-0.0497401505938916,0.000168198542305323));
#7108=CARTESIAN_POINT('',(0.00592894205986016,-0.0501351748946347,0.000403580610597076));
#7109=CARTESIAN_POINT('',(0.00582480813558514,-0.0504101189445198,0.000757449364570378));
#7110=CARTESIAN_POINT('',(0.00629118293324657,-0.0496720818198546,0.000440497301218794));
#7111=CARTESIAN_POINT('',(0.0063164240917339,-0.050048169672523,0.000704158850355138));
#7112=CARTESIAN_POINT('',(0.00623035042576156,-0.0502956223174417,0.00108285066858682));
#7113=CARTESIAN_POINT('',(0.00683036935145978,-0.0495515074334535,0.000755655204768812));
#7114=CARTESIAN_POINT('',(0.00689213297839481,-0.0498995722721603,0.00107280268172334));
#7115=CARTESIAN_POINT('',(0.00684250471895438,-0.0500977496794015,0.00150443430633343));
#7116=CARTESIAN_POINT('',(0.00747519929991473,-0.0493930130089446,0.000922146772001866));
#7117=CARTESIAN_POINT('',(0.00755039277399356,-0.0497895205860882,0.00131820547475837));
#7118=CARTESIAN_POINT('',(0.00752889779503195,-0.0499361050919759,0.00186359566792673));
#7119=CARTESIAN_POINT('',(0.00780461142399407,-0.0493515575824459,0.0009674121103069));
#7120=CARTESIAN_POINT('',(0.00783768600114438,-0.049818011586779,0.00142814859851444));
#7121=CARTESIAN_POINT('',(0.00779541853150507,-0.0499306629973159,0.00207290843600909));
#7122=CARTESIAN_POINT('',(0.00796808047233652,-0.0493480259457944,0.000986806825270657));
#7123=CARTESIAN_POINT('',(0.00796863702285244,-0.0498676848619599,0.00150142317378062));
#7124=CARTESIAN_POINT('',(0.00792234558460019,-0.0499344414699069,0.00222824938622241));
#7125=CARTESIAN_POINT('',(0.00735245164562545,-0.0495540915510409,0.00101176600222557));
#7126=CARTESIAN_POINT('',(0.00694629912271698,-0.0497580547849049,0.00103419835835422));
#7127=CARTESIAN_POINT('',(0.0065909793393297,-0.0500406996028197,0.00104524741456472));
#7128=CARTESIAN_POINT('',(0.00621815881354687,-0.0502959298852969,0.00106045860349343));
#7129=CARTESIAN_POINT('',(0.00575865092830174,-0.0517312237878381,0.00266971207546305));
#7130=CARTESIAN_POINT('',(0.00582745225707805,-0.0516824535333395,0.00273599929133822));
#7131=CARTESIAN_POINT('',(0.00596505491463066,-0.0515849130243422,0.00286857372308856));
#7132=CARTESIAN_POINT('',(0.00611773831816193,-0.0514079650010001,0.00309126687511329));
#7133=CARTESIAN_POINT('',(0.00623001760529522,-0.0512148489671344,0.00332432185528343));
#7134=CARTESIAN_POINT('',(0.00626227397812346,-0.0510751533513834,0.00348391284364694));
#7135=CARTESIAN_POINT('',(0.00627840216453758,-0.0510053055435079,0.00356370833782869));
#7136=CARTESIAN_POINT('',(0.00576358864120094,-0.0516285798169833,0.00255200905529876));
#7137=CARTESIAN_POINT('',(0.00583199282404891,-0.0515828438146991,0.00261789481410183));
#7138=CARTESIAN_POINT('',(0.00596880118974486,-0.0514913718101307,0.00274966633170796));
#7139=CARTESIAN_POINT('',(0.00612283757926008,-0.0513231320464981,0.00297010687182501));
#7140=CARTESIAN_POINT('',(0.00623831573029573,-0.0511381000468691,0.00320044127155802));
#7141=CARTESIAN_POINT('',(0.00627451772457822,-0.0510028112651107,0.00335802789922595));
#7142=CARTESIAN_POINT('',(0.00629261872171946,-0.0509351668742315,0.00343682121305991));
#7143=CARTESIAN_POINT('',(0.00577346406699933,-0.0514232918752738,0.0023166030149702));
#7144=CARTESIAN_POINT('',(0.00584107395799064,-0.0513836243774184,0.00238168585962906));
#7145=CARTESIAN_POINT('',(0.00597629373997325,-0.0513042893817076,0.00251185154894678));
#7146=CARTESIAN_POINT('',(0.0061330361014564,-0.0511534661374939,0.00272778686524844));
#7147=CARTESIAN_POINT('',(0.00625491198029675,-0.0509846022063387,0.00295268010410718));
#7148=CARTESIAN_POINT('',(0.00629900521748772,-0.0508581270925653,0.00310625801038397));
#7149=CARTESIAN_POINT('',(0.00632105183608321,-0.0507948895356787,0.00318304696352236));
#7150=CARTESIAN_POINT('',(0.0058525976554717,-0.0510234035258463,0.00186193673264177));
#7151=CARTESIAN_POINT('',(0.0059170523690028,-0.050994867999729,0.00192497341759423));
#7152=CARTESIAN_POINT('',(0.00604596179606499,-0.0509377969474942,0.00205104678749915));
#7153=CARTESIAN_POINT('',(0.00620282383140805,-0.0508202326494709,0.00225702220320348));
#7154=CARTESIAN_POINT('',(0.00633188632323427,-0.0506833975744398,0.00247026443563027));
#7155=CARTESIAN_POINT('',(0.00638792286302548,-0.0505758267089774,0.00261538611753806));
#7156=CARTESIAN_POINT('',(0.00641594113292109,-0.0505220412762462,0.00268794695849195));
#7157=CARTESIAN_POINT('',(0.00600472191792364,-0.0506187192913135,0.00140499630830275));
#7158=CARTESIAN_POINT('',(0.00606440462908119,-0.0506015143006166,0.00146678192253389));
#7159=CARTESIAN_POINT('',(0.0061837700513963,-0.0505671043192229,0.00159035315099616));
#7160=CARTESIAN_POINT('',(0.00633475722327776,-0.0504846276385305,0.00178965990149426));
#7161=CARTESIAN_POINT('',(0.00646424713760817,-0.0503827212785133,0.00199495265751565));
#7162=CARTESIAN_POINT('',(0.00652712080846855,-0.0502972646558265,0.00213425295581235));
#7163=CARTESIAN_POINT('',(0.00655855764389874,-0.0502545363444831,0.00220390310496071));
#7164=CARTESIAN_POINT('',(0.00623991479457593,-0.0502400271113341,0.00098761062762592));
#7165=CARTESIAN_POINT('',(0.00629276057115535,-0.0502334128513843,0.00104866388225115));
#7166=CARTESIAN_POINT('',(0.00639845212431421,-0.0502201843314847,0.0011707703915016));
#7167=CARTESIAN_POINT('',(0.00653593458398058,-0.0501712821828746,0.00136562963273182));
#7168=CARTESIAN_POINT('',(0.00665722412225591,-0.050103525615402,0.00156549233424502));
#7169=CARTESIAN_POINT('',(0.00672027962506093,-0.0500406581177639,0.00170077236515296));
#7170=CARTESIAN_POINT('',(0.00675180737646344,-0.0500092243689448,0.00176841238060693));
#7171=CARTESIAN_POINT('',(0.00646131960606947,-0.0499712877821367,0.000698700586016548));
#7172=CARTESIAN_POINT('',(0.00650787618021819,-0.0499722489582791,0.000759492868629585));
#7173=CARTESIAN_POINT('',(0.00660098932851564,-0.0499741713105639,0.000881077433855657));
#7174=CARTESIAN_POINT('',(0.00672420060083999,-0.0499495068565521,0.00107377083509207));
#7175=CARTESIAN_POINT('',(0.00683473094944147,-0.0499066299799808,0.00127086618804483));
#7176=CARTESIAN_POINT('',(0.00689440947142494,-0.0498605377655056,0.00140405630141379));
#7177=CARTESIAN_POINT('',(0.00692424873241668,-0.049837491658268,0.00147065135809827));
#7178=CARTESIAN_POINT('',(0.00673547262939966,-0.0497139692449724,0.00043173071220032));
#7179=CARTESIAN_POINT('',(0.00677421852072942,-0.0497224287561013,0.000492751529187381));
#7180=CARTESIAN_POINT('',(0.00685171030338894,-0.0497393477783591,0.000614793163161502));
#7181=CARTESIAN_POINT('',(0.00695547892729538,-0.0497386955201893,0.00080709886552508));
#7182=CARTESIAN_POINT('',(0.00704965396441911,-0.049720551792783,0.00100334099206479));
#7183=CARTESIAN_POINT('',(0.00710182201767717,-0.049691303696649,0.00113577266007146));
#7184=CARTESIAN_POINT('',(0.00712790604430619,-0.049676679648582,0.0012019884940748));
#7185=CARTESIAN_POINT('',(0.00696039217117798,-0.0495735810155364,0.000300746165952508));
#7186=CARTESIAN_POINT('',(0.00699258487057254,-0.0495863018419466,0.00036214760160234));
#7187=CARTESIAN_POINT('',(0.00705697026936165,-0.0496117434947668,0.000484950472902004));
#7188=CARTESIAN_POINT('',(0.00714317444504195,-0.0496245800819255,0.00067796505789359));
#7189=CARTESIAN_POINT('',(0.00722144096016392,-0.0496202634942507,0.000874728671774266));
#7190=CARTESIAN_POINT('',(0.00726486544733535,-0.0496004084502021,0.00100743166452569));
#7191=CARTESIAN_POINT('',(0.00728657769092106,-0.0495904809281777,0.0010737831609014));
#7192=CARTESIAN_POINT('',(0.00707285194206715,-0.0495033869008184,0.000235253892828601));
#7193=CARTESIAN_POINT('',(0.0071017680454941,-0.0495182383848692,0.000296845637809819));
#7194=CARTESIAN_POINT('',(0.007159600252348,-0.0495479413529706,0.000420029127772255));
#7195=CARTESIAN_POINT('',(0.00723702220391523,-0.0495675223627936,0.000613398154077845));
#7196=CARTESIAN_POINT('',(0.00730733445803632,-0.0495701193449846,0.000810422511629004));
#7197=CARTESIAN_POINT('',(0.00734638716216444,-0.0495549608269786,0.000943261166752802));
#7198=CARTESIAN_POINT('',(0.0073659135142285,-0.0495473815679756,0.0010096804943147));
#7199=CARTESIAN_POINT('',(0.00627952633598447,-0.0509989759609766,0.00353747093158639));
#7200=CARTESIAN_POINT('',(0.00623211267079573,-0.051276106053049,0.00322214592348602));
#7201=CARTESIAN_POINT('',(0.00604861490222614,-0.0515292278280678,0.00290749155440846));
#7202=CARTESIAN_POINT('',(0.00576362578125913,-0.0517106892423094,0.00265357022120993));
#7203=CARTESIAN_POINT('',(0.00628014914508121,-0.0509954229741281,0.00353579446779026));
#7204=CARTESIAN_POINT('',(0.00621366106940355,-0.0513739984811253,0.00300077058647733));
#7205=CARTESIAN_POINT('',(0.00577457788267246,-0.0516107418544343,0.00257048096005696));
#7206=CARTESIAN_POINT('',(0.00625853449954212,-0.0511184942964686,0.0037153337711825));
#7207=CARTESIAN_POINT('',(0.00620518968906622,-0.0515619036376071,0.00317484943058273));
#7208=CARTESIAN_POINT('',(0.00573114645126164,-0.0518570820206965,0.00274991032218));
#7209=CARTESIAN_POINT('',(0.00624999999999998,-0.0512336497641515,0.0039188502052784));
#7210=CARTESIAN_POINT('',(0.00622030636655063,-0.0517362809103598,0.00337123763670528));
#7211=CARTESIAN_POINT('',(0.00571387273089304,-0.0520875910615266,0.00295331366008147));
#7212=CARTESIAN_POINT('',(0.00625,-0.0513413819447824,0.00413345951281473));
#7213=CARTESIAN_POINT('',(0.00625000000000009,-0.0518967697048174,0.00357585893653073));
#7214=CARTESIAN_POINT('',(0.00571367280836073,-0.0523032226860473,0.00316778653581418));
#7215=CARTESIAN_POINT('',(0.00425,-0.0513413819447821,0.00413345951281413));
#7216=CARTESIAN_POINT('',(0.00570841087436529,-0.0586499561187847,0.00948411953528768));
#7217=CARTESIAN_POINT('',(0.00625,-0.0582425069649524,0.0098928599165055));
#7218=CARTESIAN_POINT('',(0.00625,-0.0576837492636844,0.0104533883497506));
#7219=CARTESIAN_POINT('',(0.00570998100192276,-0.0565350536889861,0.0073782606610738));
#7220=CARTESIAN_POINT('',(0.00624999999999082,-0.0561283285458755,0.00778723343535215));
#7221=CARTESIAN_POINT('',(0.00625,-0.0555700272163555,0.00834634363580571));
#7222=CARTESIAN_POINT('',(0.00571171070587894,-0.0544194418732911,0.00527263362597554));
#7223=CARTESIAN_POINT('',(0.00625000000001753,-0.0540132092942506,0.0056815523842674));
#7224=CARTESIAN_POINT('',(0.00625,-0.0534559596023881,0.00623964555112467));
#7225=CARTESIAN_POINT('',(0.00571367280836072,-0.0523032226860467,0.00316778653581358));
#7226=CARTESIAN_POINT('',(0.00625,-0.051896769704817,0.00357585893653014));
#7227=CARTESIAN_POINT('',(0.00625,-0.0513413819447821,0.00413345951281412));
#7228=CARTESIAN_POINT('',(0.00625,-0.0576459291875896,0.0104156877482075));
#7229=CARTESIAN_POINT('',(0.00625,-0.0580006156978279,0.0100598594715143));
#7230=CARTESIAN_POINT('',(0.00605222834375423,-0.058353446367339,0.00970589291766277));
#7231=CARTESIAN_POINT('',(0.00570843898819327,-0.0586120882702845,0.00944641361461138));
#7232=CARTESIAN_POINT('',(0.00625,-0.0576417402865346,0.0104131549695223));
#7233=CARTESIAN_POINT('',(0.00625,-0.0581770518591491,0.00983361077420502));
#7234=CARTESIAN_POINT('',(0.00571138290009235,-0.0585681994483693,0.00941014278576277));
#7235=CARTESIAN_POINT('',(0.00625,-0.0577394151703378,0.0105033750011271));
#7236=CARTESIAN_POINT('',(0.00624999999999904,-0.0582798723779635,0.00991933532180458));
#7237=CARTESIAN_POINT('',(0.00570336503725755,-0.0586724277108581,0.00949473404241609));
#7238=CARTESIAN_POINT('',(0.00625,-0.057932056845794,0.0106860480444422));
#7239=CARTESIAN_POINT('',(0.00625000000000023,-0.0585081528113837,0.0101132784477397));
#7240=CARTESIAN_POINT('',(0.00568410347256585,-0.0589206548872472,0.00970189956140672));
#7241=CARTESIAN_POINT('',(0.00624999999999998,-0.0581150978320504,0.0108765346630864));
#7242=CARTESIAN_POINT('',(0.00625000000000047,-0.0587158340309135,0.0103051941205018));
#7243=CARTESIAN_POINT('',(0.00566358538832098,-0.0591402243129573,0.00990111790365967));
#7244=CARTESIAN_POINT('',(0.00624999999999998,-0.058204825,0.0109732413968986));
#7245=CARTESIAN_POINT('',(0.00624999999999998,-0.0588190335038004,0.0104033618396986));
#7246=CARTESIAN_POINT('',(0.00565279660840372,-0.0592498383067923,0.0100036492846792));
#7247=CARTESIAN_POINT('',(0.00425,-0.058204825,0.0109732413968986));
#7248=CARTESIAN_POINT('',(-0.00565276976645185,-0.0592500037130709,0.0100037964656432));
#7249=CARTESIAN_POINT('',(-0.00625000000000001,-0.0588191355674533,0.0104034470327953));
#7250=CARTESIAN_POINT('',(-0.00625000000000001,-0.058204825,0.010973249115375));
#7251=CARTESIAN_POINT('',(-0.00559708948783244,-0.0598158139237636,0.0105332356048948));
#7252=CARTESIAN_POINT('',(-0.00618358729308351,-0.0594549334150628,0.0109258691552197));
#7253=CARTESIAN_POINT('',(-0.00625000000000001,-0.0588862947327754,0.0114728456727295));
#7254=CARTESIAN_POINT('',(-0.00531636532394244,-0.0609243699810681,0.0115513121691195));
#7255=CARTESIAN_POINT('',(-0.00586626457005192,-0.0606964570427569,0.0119329347993675));
#7256=CARTESIAN_POINT('',(-0.00603463063850992,-0.0602418051666897,0.0124414416171629));
#7257=CARTESIAN_POINT('',(-0.00430259556004081,-0.0625368154175952,0.0129846325994807));
#7258=CARTESIAN_POINT('',(-0.00473593411608072,-0.062498308160601,0.0133600781876625));
#7259=CARTESIAN_POINT('',(-0.00496647634633119,-0.062245321428657,0.0138142877881348));
#7260=CARTESIAN_POINT('',(-0.00284886059423185,-0.063655927003516,0.0139469267010052));
#7261=CARTESIAN_POINT('',(-0.00312507896650097,-0.0637431252033953,0.0143201725882414));
#7262=CARTESIAN_POINT('',(-0.00330946853148235,-0.0636476835911708,0.0147382057470463));
#7263=CARTESIAN_POINT('',(-0.0013033201772188,-0.064201504200275,0.014420598291708));
#7264=CARTESIAN_POINT('',(-0.00142718280765764,-0.0643432968443356,0.014788646397516));
#7265=CARTESIAN_POINT('',(-0.00151846575745316,-0.0643280545474759,0.0151889882948622));
#7266=CARTESIAN_POINT('',(0.000435062348471016,-0.0644049217441586,0.0145855531973081));
#7267=CARTESIAN_POINT('',(0.000476068492159797,-0.0645673485843562,0.0149522684485672));
#7268=CARTESIAN_POINT('',(0.000507760331093587,-0.0645827814459546,0.0153473143564752));
#7269=CARTESIAN_POINT('',(0.00256041113236519,-0.0638869399253116,0.0141495350714548));
#7270=CARTESIAN_POINT('',(0.00280990248334589,-0.0639964697003133,0.0145195308305059));
#7271=CARTESIAN_POINT('',(0.00298058811390819,-0.0639370598868056,0.0149322263125019));
#7272=CARTESIAN_POINT('',(0.00429705081273085,-0.0625390342481778,0.0129865936031497));
#7273=CARTESIAN_POINT('',(0.00473087008606334,-0.0624998327748806,0.0133613105592263));
#7274=CARTESIAN_POINT('',(0.00496215385443424,-0.0622459067047416,0.0138148636362743));
#7275=CARTESIAN_POINT('',(0.00531487798196638,-0.0609311025814174,0.0115573195624186));
#7276=CARTESIAN_POINT('',(0.00586445724507388,-0.0607039945876911,0.0119388940142205));
#7277=CARTESIAN_POINT('',(0.0060332185430576,-0.0602500801004294,0.0124471485542161));
#7278=CARTESIAN_POINT('',(0.00559722103662223,-0.0598144860387083,0.0105318127912128));
#7279=CARTESIAN_POINT('',(0.00618376734016077,-0.0594533952954589,0.01092443562067));
#7280=CARTESIAN_POINT('',(0.00624999999999997,-0.0588845396620105,0.0114714007583281));
#7281=CARTESIAN_POINT('',(0.00565279660840372,-0.0592498383067923,0.0100036492846792));
#7282=CARTESIAN_POINT('',(0.00624999999999997,-0.0588190335038004,0.0104033618396986));
#7283=CARTESIAN_POINT('',(0.00624999999999998,-0.058204825,0.0109732413968986));
#7284=CARTESIAN_POINT('',(-0.00425,-0.058204825,0.010973249115375));
#7285=CARTESIAN_POINT('',(-0.00625,-0.058204825,0.010973249115375));
#7286=CARTESIAN_POINT('',(-0.00625,-0.0588191355674533,0.0104034470327953));
#7287=CARTESIAN_POINT('',(-0.00565276976645183,-0.059250003713071,0.0100037964656432));
#7288=CARTESIAN_POINT('',(-0.00625,-0.0581146175884959,0.0108759954042224));
#7289=CARTESIAN_POINT('',(-0.00625000000000153,-0.0587154191911284,0.0103047510752744));
#7290=CARTESIAN_POINT('',(-0.0056636087391425,-0.0591398605558845,0.00990073346393865));
#7291=CARTESIAN_POINT('',(-0.00624999999999999,-0.0579310299591413,0.0106848967339804));
#7292=CARTESIAN_POINT('',(-0.00624999999999836,-0.0585071474787034,0.0101122371002385));
#7293=CARTESIAN_POINT('',(-0.00568418917761286,-0.0589196900480106,0.00970091281042895));
#7294=CARTESIAN_POINT('',(-0.00625000000000001,-0.0577389638959051,0.0105029069961853));
#7295=CARTESIAN_POINT('',(-0.00625000000000174,-0.0582790980042882,0.00991864419620493));
#7296=CARTESIAN_POINT('',(-0.00570343074716798,-0.0586714380290346,0.00949386353875234));
#7297=CARTESIAN_POINT('',(-0.00625000000000001,-0.05764173937554,0.0104131922211396));
#7298=CARTESIAN_POINT('',(-0.00625000000000001,-0.0581767476755626,0.00983340003753859));
#7299=CARTESIAN_POINT('',(-0.005711410679293,-0.0585676810971443,0.00940974279309605));
#7300=CARTESIAN_POINT('',(-0.0062499997455661,-0.0576459027011357,0.0104156613456056));
#7301=CARTESIAN_POINT('',(-0.00624974727152451,-0.0579981678884846,0.0100596518343317));
#7302=CARTESIAN_POINT('',(-0.00605305886523516,-0.0583500331939194,0.00970431027744873));
#7303=CARTESIAN_POINT('',(-0.00570843889537364,-0.0586120883616851,0.00944641382830043));
#7304=CARTESIAN_POINT('',(-0.00625,-0.0576459027012227,0.0104156613455113));
#7305=CARTESIAN_POINT('',(-0.00625,-0.0582046436377021,0.0098551497479574));
#7306=CARTESIAN_POINT('',(-0.00570843898808165,-0.0586120884207014,0.00944641376438516));
#7307=CARTESIAN_POINT('',(-0.00625,-0.0555447962079884,0.00832119226627205));
#7308=CARTESIAN_POINT('',(-0.00624999999998921,-0.0561030175619451,0.00776202491668231));
#7309=CARTESIAN_POINT('',(-0.00570999989375956,-0.0565096994160774,0.00735301493949247));
#7310=CARTESIAN_POINT('',(-0.00625,-0.0534433389749738,0.00622707500808535));
#7311=CARTESIAN_POINT('',(-0.00624999999999502,-0.0540005739966533,0.00566898124179539));
#7312=CARTESIAN_POINT('',(-0.00571172241644989,-0.0544068114485661,0.00526007107434086));
#7313=CARTESIAN_POINT('',(-0.00625,-0.0513413819447821,0.00413345951281409));
#7314=CARTESIAN_POINT('',(-0.00625,-0.0518967697048169,0.00357585893653013));
#7315=CARTESIAN_POINT('',(-0.00571367280836076,-0.0523032226860466,0.00316778653581357));
#7316=CARTESIAN_POINT('',(-0.00425,-0.0513413819447821,0.00413345951281411));
#7317=CARTESIAN_POINT('',(-0.005774577882998,-0.0516107418525879,0.00257048095871211));
#7318=CARTESIAN_POINT('',(-0.00621366106946666,-0.0513739984797254,0.00300077058518045));
#7319=CARTESIAN_POINT('',(-0.00628014914524321,-0.0509954229732057,0.00353579446644459));
#7320=CARTESIAN_POINT('',(-0.00573114643299147,-0.0518570821236646,0.00274991039700339));
#7321=CARTESIAN_POINT('',(-0.00620518968538839,-0.0515619037166378,0.00317484950363339));
#7322=CARTESIAN_POINT('',(-0.0062585344904484,-0.0511184943479089,0.00371533384605291));
#7323=CARTESIAN_POINT('',(-0.0057138727308501,-0.0520875911043926,0.00295331370271221));
#7324=CARTESIAN_POINT('',(-0.00622030637241318,-0.0517362809420234,0.00337123767707412));
#7325=CARTESIAN_POINT('',(-0.00625,-0.0512336497855698,0.00391885024793257));
#7326=CARTESIAN_POINT('',(-0.00571367280836076,-0.0523032226860467,0.00316778653581361));
#7327=CARTESIAN_POINT('',(-0.00625000000000001,-0.051896769704817,0.00357585893653017));
#7328=CARTESIAN_POINT('',(-0.00625,-0.0513413819447821,0.00413345951281414));
#7329=CARTESIAN_POINT('',(-0.00627916125669035,-0.0510010559263432,0.00353659142354906));
#7330=CARTESIAN_POINT('',(-0.00623540289153291,-0.0512475690469037,0.0032546515746188));
#7331=CARTESIAN_POINT('',(-0.00607602271269784,-0.0515086207411165,0.00293449175733362));
#7332=CARTESIAN_POINT('',(-0.00576980985487799,-0.0517052661552771,0.00265753935110688));
#7333=CARTESIAN_POINT('',(-0.00627916794238771,-0.0510010570989543,0.00353659141116646));
#7334=CARTESIAN_POINT('',(-0.00620573686110256,-0.0514262988372409,0.00305063337245532));
#7335=CARTESIAN_POINT('',(-0.00576986719353082,-0.0517053032361793,0.00265750228320956));
#7336=CARTESIAN_POINT('',(-0.00632765037441994,-0.0507202937857507,0.00303057078246776));
#7337=CARTESIAN_POINT('',(-0.00620020491571646,-0.0510996230531451,0.00257908447803994));
#7338=CARTESIAN_POINT('',(-0.00577897360098138,-0.0513034527856611,0.00219514641096342));
#7339=CARTESIAN_POINT('',(-0.00649050454828227,-0.0503072661259558,0.002279958590088));
#7340=CARTESIAN_POINT('',(-0.00630836132896065,-0.0505923024141837,0.00186469345233496));
#7341=CARTESIAN_POINT('',(-0.00592873273742018,-0.0506935505629164,0.00149644867095421));
#7342=CARTESIAN_POINT('',(-0.00690868181774415,-0.0498300243210305,0.00144167180822971));
#7343=CARTESIAN_POINT('',(-0.00673113043172266,-0.0499775400713498,0.00104757512975901));
#7344=CARTESIAN_POINT('',(-0.00644390709512542,-0.0499600957557548,0.00068994011438018));
#7345=CARTESIAN_POINT('',(-0.00720006756133515,-0.0496293245630396,0.00111845351289606));
#7346=CARTESIAN_POINT('',(-0.00706351010667468,-0.049709484191877,0.00072226728362321));
#7347=CARTESIAN_POINT('',(-0.00684889353311814,-0.049634163566579,0.000360117514038129));
#7348=CARTESIAN_POINT('',(-0.00736416185835718,-0.0495482587513537,0.00100346833649914));
#7349=CARTESIAN_POINT('',(-0.007252749125048,-0.0496032988339267,0.000607868354720626));
#7350=CARTESIAN_POINT('',(-0.00707750236817498,-0.0495059992633317,0.00024487672784236));
#7351=CARTESIAN_POINT('',(-0.00735245164562555,-0.0495540915510409,0.00101176600222553));
#7352=CARTESIAN_POINT('',(-0.00694629912271706,-0.0497580547849049,0.00103419835835416));
#7353=CARTESIAN_POINT('',(-0.00659097933932036,-0.0500406996028079,0.00104524741453329));
#7354=CARTESIAN_POINT('',(-0.00621815881354689,-0.0502959298852969,0.0010604586034934));
#7355=CARTESIAN_POINT('',(-0.00582480813006723,-0.0504101189460778,0.000757449360143089));
#7356=CARTESIAN_POINT('',(-0.0059289420545872,-0.0501351748958188,0.000403580606506827));
#7357=CARTESIAN_POINT('',(-0.00591437210140909,-0.0497401505948178,0.000168198538600456));
#7358=CARTESIAN_POINT('',(-0.00623035056991347,-0.0502956222768399,0.00108285078457729));
#7359=CARTESIAN_POINT('',(-0.00631642422950346,-0.0500481696416428,0.000704158957550324));
#7360=CARTESIAN_POINT('',(-0.00629118306728044,-0.0496720817956936,0.000440497398454506));
#7361=CARTESIAN_POINT('',(-0.0068425040704257,-0.0500977499872712,0.00150443406249075));
#7362=CARTESIAN_POINT('',(-0.00689213237401588,-0.0498995725945435,0.00107280234774662));
#7363=CARTESIAN_POINT('',(-0.00683036891500775,-0.0495515076229977,0.000755654855218624));
#7364=CARTESIAN_POINT('',(-0.00752889673201483,-0.0499361051571729,0.00186359480708794));
#7365=CARTESIAN_POINT('',(-0.00755039170324959,-0.0497895204629447,0.00131820504515556));
#7366=CARTESIAN_POINT('',(-0.00747519806203069,-0.0493930131610361,0.000922146608354654));
#7367=CARTESIAN_POINT('',(-0.00779541919139611,-0.0499306630175308,0.00207290925539435));
#7368=CARTESIAN_POINT('',(-0.00783768666968439,-0.0498180118501195,0.00142814897845807));
#7369=CARTESIAN_POINT('',(-0.00780461227367026,-0.0493515575683176,0.000967412210029384));
#7370=CARTESIAN_POINT('',(-0.0079223455334778,-0.0499344414683851,0.00222824932365536));
#7371=CARTESIAN_POINT('',(-0.00796863696945638,-0.0498676848417054,0.00150142314390211));
#7372=CARTESIAN_POINT('',(-0.00796808040649628,-0.0493480259472169,0.000986806817458767));
#7373=CARTESIAN_POINT('',(-0.00583923319327101,-0.0504060415836925,0.000769008190570552));
#7374=CARTESIAN_POINT('',(-0.00602551050454053,-0.0501910990178098,0.000627948465006984));
#7375=CARTESIAN_POINT('',(-0.00618238903103668,-0.0499384749386277,0.000518262243974698));
#7376=CARTESIAN_POINT('',(-0.00630892807126117,-0.0496644673977294,0.000434887403903081));
#7377=CARTESIAN_POINT('',(-0.00517064653510319,-0.0497260657480726,-5.8283359688281E-6));
#7378=CARTESIAN_POINT('',(-0.00565189665305227,-0.0495834566954583,-9.78993258156288E-5));
#7379=CARTESIAN_POINT('',(-0.00605643358995567,-0.049286322240044,-5.8283359688281E-6));
#7380=CARTESIAN_POINT('',(-0.00532971347535728,-0.0500389777440604,0.000321857089432692));
#7381=CARTESIAN_POINT('',(-0.0058266914239814,-0.0498875471023384,0.000223883289007829));
#7382=CARTESIAN_POINT('',(-0.00623871080271472,-0.0495710482576207,0.00032185708939319));
#7383=CARTESIAN_POINT('',(-0.00549679400163504,-0.0503502004687353,0.000649157687870262));
#7384=CARTESIAN_POINT('',(-0.00601190645256811,-0.0501878068390366,0.000543577134481308));
#7385=CARTESIAN_POINT('',(-0.00643211771039559,-0.0498485973247464,0.000649157687772804));
#7386=CARTESIAN_POINT('',(-0.00567434916423681,-0.0506567447686866,0.000973562059145276));
#7387=CARTESIAN_POINT('',(-0.00621072831822663,-0.0504779919139227,0.000855629646862288));
#7388=CARTESIAN_POINT('',(-0.00664029972983143,-0.0501104003168304,0.000973562059145276));
#7389=CARTESIAN_POINT('',(-0.0492863221790967,-0.00605643355093827,-5.82840611172762E-6));
#7390=CARTESIAN_POINT('',(-0.0495834566305088,-0.00565189661571861,-9.78993945438903E-5));
#7391=CARTESIAN_POINT('',(-0.049726065681092,-0.00517064650105411,-5.82840611172957E-6));
#7392=CARTESIAN_POINT('',(-0.0495710516243843,-0.0062387129557551,0.000321860962940364));
#7393=CARTESIAN_POINT('',(-0.0498875507056054,-0.00582669349335976,0.000223887101644732));
#7394=CARTESIAN_POINT('',(-0.0500389814431617,-0.00532971535448145,0.000321860962977305));
#7395=CARTESIAN_POINT('',(-0.0498486039520874,-0.00643212231294448,0.000649165487297754));
#7396=CARTESIAN_POINT('',(-0.0501878140226547,-0.00601191087293647,0.000543584781368607));
#7397=CARTESIAN_POINT('',(-0.0503502078860339,-0.00549679797749594,0.000649165487395911));
#7398=CARTESIAN_POINT('',(-0.0501104097129815,-0.00664030720152952,0.000973573702077485));
#7399=CARTESIAN_POINT('',(-0.0504780023668163,-0.00621073548009215,0.000855640887454662));
#7400=CARTESIAN_POINT('',(-0.0506567557706167,-0.00567435553672945,0.000973573702077483));
#7401=CARTESIAN_POINT('',(-0.0504060415836923,-0.00583923319327102,0.000769008190570476));
#7402=CARTESIAN_POINT('',(-0.0501910990178096,-0.00602551050454067,0.000627948465007126));
#7403=CARTESIAN_POINT('',(-0.0499384749386592,-0.00618238903119982,0.00051826224411875));
#7404=CARTESIAN_POINT('',(-0.0496644673977293,-0.00630892807126114,0.00043488740390305));
#7405=CARTESIAN_POINT('',(-0.0497401504786528,-0.0059143727444671,0.000168199003300088));
#7406=CARTESIAN_POINT('',(-0.0501351747473138,-0.00592894271596036,0.000403581119548207));
#7407=CARTESIAN_POINT('',(-0.0504101187506798,-0.00582480882215778,0.000757449915466339));
#7408=CARTESIAN_POINT('',(-0.0496720848087793,-0.00629116632008158,0.000440485245676876));
#7409=CARTESIAN_POINT('',(-0.0500481734972065,-0.00631640701967782,0.000704145558695792));
#7410=CARTESIAN_POINT('',(-0.0502956273485771,-0.00623033256082683,0.00108283629241578));
#7411=CARTESIAN_POINT('',(-0.0495514825643625,-0.00683042180621517,0.000755701959267425));
#7412=CARTESIAN_POINT('',(-0.0498995277713125,-0.00689220946303466,0.00107284604773816));
#7413=CARTESIAN_POINT('',(-0.0500977080346425,-0.00684258711798491,0.00150446308765901));
#7414=CARTESIAN_POINT('',(-0.049392989540109,-0.00747538433299773,0.000922172064797506));
#7415=CARTESIAN_POINT('',(-0.0497895373082766,-0.00755055378793526,0.00131826986456076));
#7416=CARTESIAN_POINT('',(-0.0499360943346948,-0.00752905768803451,0.00186372323065736));
#7417=CARTESIAN_POINT('',(-0.0493515595722287,-0.007804492049588,0.000967398111689968));
#7418=CARTESIAN_POINT('',(-0.0498179745681069,-0.00783759208444094,0.00142809523013305));
#7419=CARTESIAN_POINT('',(-0.0499306601562036,-0.00779532582884485,0.00207279330524363));
#7420=CARTESIAN_POINT('',(-0.0493480257442215,-0.0079680898033292,0.000986807932337344));
#7421=CARTESIAN_POINT('',(-0.049867687732505,-0.00796864459021484,0.00150142740817477));
#7422=CARTESIAN_POINT('',(-0.0499344416855883,-0.0079223528297382,0.00222825825330052));
#7423=CARTESIAN_POINT('',(-0.0495540915510408,-0.00735245164562558,0.0010117660022255));
#7424=CARTESIAN_POINT('',(-0.0497580547849051,-0.00694629912271642,0.00103419835835422));
#7425=CARTESIAN_POINT('',(-0.0500406996028267,-0.00659097933933365,0.00104524741458346));
#7426=CARTESIAN_POINT('',(-0.0502959298852984,-0.00621815881354549,0.0010604586034947));
#7427=CARTESIAN_POINT('',(-0.0517312291313898,-0.00575864255175324,0.00266970465864495));
#7428=CARTESIAN_POINT('',(-0.0516823755766709,-0.00582755047580066,0.00273610308805305));
#7429=CARTESIAN_POINT('',(-0.0515846684672331,-0.0059653663238955,0.00286889994686924));
#7430=CARTESIAN_POINT('',(-0.051407377910568,-0.00611818686766745,0.00309199508001554));
#7431=CARTESIAN_POINT('',(-0.0512138794626707,-0.00623046080185412,0.00332546973148445));
#7432=CARTESIAN_POINT('',(-0.0510739163506808,-0.00626256656011875,0.00348532729464806));
#7433=CARTESIAN_POINT('',(-0.0510039347946859,-0.00627861943925106,0.00356525607622987));
#7434=CARTESIAN_POINT('',(-0.0516285848093482,-0.00576358033074176,0.00255200167389147));
#7435=CARTESIAN_POINT('',(-0.0515827704473553,-0.005832090724634,0.00261799784664071));
#7436=CARTESIAN_POINT('',(-0.0514911417233694,-0.00596911151241847,0.0027499901921392));
#7437=CARTESIAN_POINT('',(-0.0513225723605714,-0.0061232924246221,0.00297082728406032));
#7438=CARTESIAN_POINT('',(-0.0511371678281738,-0.00623877889062786,0.00320157509842444));
#7439=CARTESIAN_POINT('',(-0.0510016133928819,-0.00627484504833927,0.00335942472484198));
#7440=CARTESIAN_POINT('',(-0.050933836175236,-0.00629287812719497,0.00343834953805074));
#7441=CARTESIAN_POINT('',(-0.051423296165265,-0.00577345588871881,0.0023165957043845));
#7442=CARTESIAN_POINT('',(-0.0513835601887239,-0.00584117122230068,0.00238178736381604));
#7443=CARTESIAN_POINT('',(-0.0513040882356419,-0.00597660188946442,0.00251217068267913));
#7444=CARTESIAN_POINT('',(-0.0511529612605783,-0.0061335035385314,0.00272849169214987));
#7445=CARTESIAN_POINT('',(-0.0509837445591802,-0.00625541506817534,0.00295378583230442));
#7446=CARTESIAN_POINT('',(-0.0508570074772841,-0.00629940202478031,0.0031076195852298));
#7447=CARTESIAN_POINT('',(-0.0507936389363361,-0.0063213955030828,0.00318453646169249));
#7448=CARTESIAN_POINT('',(-0.0510234065367948,-0.00585258991725457,0.00186192961836052));
#7449=CARTESIAN_POINT('',(-0.0509948207782882,-0.00591714591163485,0.00192507125292309));
#7450=CARTESIAN_POINT('',(-0.050937649261275,-0.00604625790039541,0.00205135452204823));
#7451=CARTESIAN_POINT('',(-0.0508198336206825,-0.00620329908222423,0.00225769301726162));
#7452=CARTESIAN_POINT('',(-0.0506826908791195,-0.00633244152516035,0.00247131058153603));
#7453=CARTESIAN_POINT('',(-0.0505748748290372,-0.00638842466947808,0.00261667321579222));
#7454=CARTESIAN_POINT('',(-0.050520966803996,-0.00641641624163695,0.00268935453292031));
#7455=CARTESIAN_POINT('',(-0.0506187210084347,-0.00600471479735578,0.00140498930776761));
#7456=CARTESIAN_POINT('',(-0.0506014844584099,-0.0060644918706179,0.00146687742559189));
#7457=CARTESIAN_POINT('',(-0.0505670113583604,-0.00618404601714216,0.00159065366124046));
#7458=CARTESIAN_POINT('',(-0.050484341430796,-0.00633522019744445,0.00179030776600029));
#7459=CARTESIAN_POINT('',(-0.0503821823815674,-0.00646482000074139,0.00199595791151453));
#7460=CARTESIAN_POINT('',(-0.0502965089523078,-0.00652768243761367,0.0021354888314982));
#7461=CARTESIAN_POINT('',(-0.050253672237678,-0.0065591136560498,0.00220525429149004));
#7462=CARTESIAN_POINT('',(-0.0502400276238399,-0.00623990851893928,0.000987603687791675));
#7463=CARTESIAN_POINT('',(-0.0502333993173453,-0.00629283822593939,0.00104875793655888));
#7464=CARTESIAN_POINT('',(-0.0502201427043561,-0.00639869763993961,0.00117106643409329));
#7465=CARTESIAN_POINT('',(-0.0501711046628471,-0.00653635969160136,0.00136626203948036));
#7466=CARTESIAN_POINT('',(-0.0501031527756667,-0.00665777051759992,0.00156646945366371));
#7467=CARTESIAN_POINT('',(-0.0500401028016588,-0.0067208421323067,0.00170197290683234));
#7468=CARTESIAN_POINT('',(-0.0500085778146549,-0.00675237793966009,0.00176972463341666));
#7469=CARTESIAN_POINT('',(-0.0499712874341303,-0.00646131409325988,0.000698693661565473));
#7470=CARTESIAN_POINT('',(-0.0499722471040849,-0.00650794481519288,0.000759586317966342));
#7471=CARTESIAN_POINT('',(-0.0499741664439941,-0.00660120625905889,0.000881371630768079));
#7472=CARTESIAN_POINT('',(-0.0499494080238252,-0.00672458349626124,0.00107439556885065));
#7473=CARTESIAN_POINT('',(-0.0499063787513783,-0.0068352340621054,0.0012718287798455));
#7474=CARTESIAN_POINT('',(-0.0498601312728673,-0.00689494149747546,0.00140523851231456));
#7475=CARTESIAN_POINT('',(-0.0498370075336119,-0.00692479521516048,0.00147194337854909));
#7476=CARTESIAN_POINT('',(-0.0497139680447398,-0.006735468050562,0.000431723749773938));
#7477=CARTESIAN_POINT('',(-0.0497224384552448,-0.00677427576721115,0.000492845160169283));
#7478=CARTESIAN_POINT('',(-0.0497393792762547,-0.00685189120050944,0.000615087980959972));
#7479=CARTESIAN_POINT('',(-0.0497386747189054,-0.00695580253347547,0.000807721803424194));
#7480=CARTESIAN_POINT('',(-0.0497204217386276,-0.00705008568168116,0.00100429857922857));
#7481=CARTESIAN_POINT('',(-0.0496910466649663,-0.00710228690011103,0.00113694832058722));
#7482=CARTESIAN_POINT('',(-0.0496763591281356,-0.00712838750932596,0.00120327319126655));
#7483=CARTESIAN_POINT('',(-0.049573579329335,-0.00696038836623453,0.000300739154817414));
#7484=CARTESIAN_POINT('',(-0.0495863180833389,-0.00699263242706271,0.00036224174163193));
#7485=CARTESIAN_POINT('',(-0.0496117955913468,-0.00705712054871908,0.000485246915260961));
#7486=CARTESIAN_POINT('',(-0.0496246030369255,-0.0071434433016662,0.00067859005371968));
#7487=CARTESIAN_POINT('',(-0.0496202010632054,-0.00722179986807652,0.000875688432335429));
#7488=CARTESIAN_POINT('',(-0.0496002347932222,-0.00726525241926803,0.00100860981434826));
#7489=CARTESIAN_POINT('',(-0.0495902516582306,-0.00728697869486379,0.00107507050535467));
#7490=CARTESIAN_POINT('',(-0.0495033849716325,-0.00707284852407079,0.000235246857339153));
#7491=CARTESIAN_POINT('',(-0.049518257897386,-0.0071018107569885,0.000296940032363254));
#7492=CARTESIAN_POINT('',(-0.0495480037488929,-0.0071597352228239,0.000420326382411456));
#7493=CARTESIAN_POINT('',(-0.0495675671959356,-0.00723726368576156,0.000614024178867424));
#7494=CARTESIAN_POINT('',(-0.0495700907254944,-0.0073076569612742,0.000811383358888859));
#7495=CARTESIAN_POINT('',(-0.0495548288573502,-0.00734673517884654,0.000944440561228775));
#7496=CARTESIAN_POINT('',(-0.0495471979232781,-0.0073662742876327,0.00101096916239873));
#7497=CARTESIAN_POINT('',(-0.0509976232418467,-0.00627975669189598,0.00353900988079824));
#7498=CARTESIAN_POINT('',(-0.0512752776758073,-0.00623269589704568,0.00322317273797258));
#7499=CARTESIAN_POINT('',(-0.0515289326191628,-0.0060490785342696,0.00290790464409468));
#7500=CARTESIAN_POINT('',(-0.0517106892423092,-0.00576362578125917,0.00265357022120979));
#7501=CARTESIAN_POINT('',(-0.0523032226860467,-0.00571367280836071,0.0031677865358136));
#7502=CARTESIAN_POINT('',(-0.051896769704817,-0.00625,0.00357585893653017));
#7503=CARTESIAN_POINT('',(-0.0513413819447821,-0.00625,0.00413345951281415));
#7504=CARTESIAN_POINT('',(-0.0520843183651635,-0.00571387576658339,0.00295005855248996));
#7505=CARTESIAN_POINT('',(-0.0517338635554929,-0.0062198591091436,0.00336815554013751));
#7506=CARTESIAN_POINT('',(-0.0512320146852675,-0.00625,0.0039155930270189));
#7507=CARTESIAN_POINT('',(-0.0518550876577349,-0.00573150042074077,0.0027484612374456));
#7508=CARTESIAN_POINT('',(-0.051560372863776,-0.00620526099418893,0.00317343476916727));
#7509=CARTESIAN_POINT('',(-0.051117497914951,-0.00625871066585034,0.00371388380005266));
#7510=CARTESIAN_POINT('',(-0.0516107786672108,-0.00577457139250773,0.00257050777403105));
#7511=CARTESIAN_POINT('',(-0.0513740263922164,-0.0062136598112506,0.00300079644409154));
#7512=CARTESIAN_POINT('',(-0.0509954413657578,-0.00628014591510324,0.00353582129819411));
#7513=CARTESIAN_POINT('',(-0.0513413819447821,-0.00425,0.00413345951281415));
#7514=CARTESIAN_POINT('',(-0.0586499561187847,-0.0057084108743653,0.00948411953528778));
#7515=CARTESIAN_POINT('',(-0.0582425069649524,-0.00625,0.0098928599165056));
#7516=CARTESIAN_POINT('',(-0.0576837492636845,-0.00625,0.0104533883497507));
#7517=CARTESIAN_POINT('',(-0.056535053688976,-0.00570998100193612,0.00737826066108395));
#7518=CARTESIAN_POINT('',(-0.0561283285459191,-0.00625000000000306,0.00778723343535922));
#7519=CARTESIAN_POINT('',(-0.0555700272163452,-0.00625,0.0083463436358006));
#7520=CARTESIAN_POINT('',(-0.054419441873355,-0.00571171070585279,0.00527263362599971));
#7521=CARTESIAN_POINT('',(-0.0540132092944094,-0.00624999999998386,0.00568155238422854));
#7522=CARTESIAN_POINT('',(-0.0534559596024813,-0.00625,0.00623964555111564));
#7523=CARTESIAN_POINT('',(-0.0523032226860466,-0.00571367280836071,0.00316778653581357));
#7524=CARTESIAN_POINT('',(-0.0518967697048169,-0.00625,0.00357585893653014));
#7525=CARTESIAN_POINT('',(-0.0513413819447821,-0.00625,0.00413345951281411));
#7526=CARTESIAN_POINT('',(-0.0576459291875897,-0.00625,0.0104156877482076));
#7527=CARTESIAN_POINT('',(-0.0580006156978279,-0.00625,0.0100598594715144));
#7528=CARTESIAN_POINT('',(-0.058353446367339,-0.00605222834375424,0.00970589291766285));
#7529=CARTESIAN_POINT('',(-0.0586120882702845,-0.00570843898819328,0.00944641361461146));
#7530=CARTESIAN_POINT('',(-0.0592498383067923,-0.00565279660840374,0.0100036492846792));
#7531=CARTESIAN_POINT('',(-0.0588190335038004,-0.00625,0.0104033618396986));
#7532=CARTESIAN_POINT('',(-0.058204825,-0.00625,0.0109732413968986));
#7533=CARTESIAN_POINT('',(-0.0591396236992967,-0.00566364450391272,0.00990055609822721));
#7534=CARTESIAN_POINT('',(-0.0587152694644874,-0.0062500000000057,0.0103046570811742));
#7535=CARTESIAN_POINT('',(-0.0581146061852583,-0.00625,0.0108760047730378));
#7536=CARTESIAN_POINT('',(-0.0589192865498757,-0.00568421943948802,0.00970071195727804));
#7537=CARTESIAN_POINT('',(-0.0585068814199252,-0.00624999999999616,0.0101121541252327));
#7538=CARTESIAN_POINT('',(-0.0579309678677704,-0.00625,0.01068496695796));
#7539=CARTESIAN_POINT('',(-0.0586719195418739,-0.00570340409712155,0.00949432161715217));
#7540=CARTESIAN_POINT('',(-0.05827937045428,-0.00625000000000197,0.00991891684732855));
#7541=CARTESIAN_POINT('',(-0.0577389389373349,-0.00625000000000001,0.0105029351394618));
#7542=CARTESIAN_POINT('',(-0.0585682183089685,-0.00571138144921916,0.00941015809295274));
#7543=CARTESIAN_POINT('',(-0.0581770704434615,-0.00625000000000001,0.00983362626850267));
#7544=CARTESIAN_POINT('',(-0.0576417579612673,-0.00625000000000001,0.0104131712952665));
#7545=CARTESIAN_POINT('',(-0.058204825,-0.00425,0.0109732413968986));
#7546=CARTESIAN_POINT('',(-0.0592500037130709,0.00565276976645179,0.0100037964656433));
#7547=CARTESIAN_POINT('',(-0.0588191355674533,0.00624999999999998,0.0104034470327954));
#7548=CARTESIAN_POINT('',(-0.058204825,0.00624999999999998,0.0109732491153751));
#7549=CARTESIAN_POINT('',(-0.0598158139237775,0.00559708948783456,0.010533235604913));
#7550=CARTESIAN_POINT('',(-0.0594549334150667,0.00618358729308885,0.0109258691552331));
#7551=CARTESIAN_POINT('',(-0.0588862947327731,0.00624999999999997,0.0114728456727367));
#7552=CARTESIAN_POINT('',(-0.0609243699810618,0.00531636532394137,0.0115513121691113));
#7553=CARTESIAN_POINT('',(-0.060696457042755,0.00586626457004942,0.0119329347993613));
#7554=CARTESIAN_POINT('',(-0.060241805166691,0.00603463063850982,0.0124414416171597));
#7555=CARTESIAN_POINT('',(-0.0625368154175972,0.004302595560041,0.0129846325994832));
#7556=CARTESIAN_POINT('',(-0.0624983081606017,0.00473593411608122,0.0133600781876644));
#7557=CARTESIAN_POINT('',(-0.0622453214286568,0.00496647634633113,0.0138142877881357));
#7558=CARTESIAN_POINT('',(-0.0636559270035159,0.00284886059423138,0.0139469267010051));
#7559=CARTESIAN_POINT('',(-0.0637431252033954,0.00312507896650045,0.0143201725882415));
#7560=CARTESIAN_POINT('',(-0.063647683591171,0.00330946853148186,0.0147382057470464));
#7561=CARTESIAN_POINT('',(-0.0642015042002751,0.0013033201772186,0.0144205982917082));
#7562=CARTESIAN_POINT('',(-0.0643432968443357,0.00142718280765746,0.0147886463975162));
#7563=CARTESIAN_POINT('',(-0.064328054547476,0.00151846575745301,0.0151889882948626));
#7564=CARTESIAN_POINT('',(-0.0644049217441586,-0.000435062348471343,0.0145855531973082));
#7565=CARTESIAN_POINT('',(-0.0645673485843562,-0.000476068492160132,0.0149522684485673));
#7566=CARTESIAN_POINT('',(-0.0645827814459549,-0.000507760331094075,0.0153473143564753));
#7567=CARTESIAN_POINT('',(-0.0638869399253114,-0.00256041113236578,0.0141495350714552));
#7568=CARTESIAN_POINT('',(-0.0639964697003132,-0.00280990248334742,0.0145195308305071));
#7569=CARTESIAN_POINT('',(-0.0639370598868033,-0.00298058811390843,0.0149322263125025));
#7570=CARTESIAN_POINT('',(-0.0625390342481776,-0.00429705081272986,0.0129865936031479));
#7571=CARTESIAN_POINT('',(-0.0624998327748815,-0.00473087008605703,0.0133613105592224));
#7572=CARTESIAN_POINT('',(-0.0622459067047491,-0.00496215385443443,0.013814863636272));
#7573=CARTESIAN_POINT('',(-0.0609311025814176,-0.00531487798197079,0.0115573195624253));
#7574=CARTESIAN_POINT('',(-0.0607039945876811,-0.00586445724510254,0.0119388940142306));
#7575=CARTESIAN_POINT('',(-0.0602500801004008,-0.00603321854305752,0.012447148554225));
#7576=CARTESIAN_POINT('',(-0.0598144860387077,-0.00559722103661277,0.0105318127911984));
#7577=CARTESIAN_POINT('',(-0.05945339529549,-0.0061837673400955,0.0109244356206558));
#7578=CARTESIAN_POINT('',(-0.0588845396620717,-0.00625000000000002,0.0114714007583087));
#7579=CARTESIAN_POINT('',(-0.0592498383067922,-0.00565279660840378,0.0100036492846792));
#7580=CARTESIAN_POINT('',(-0.0588190335038003,-0.00625000000000003,0.0104033618396986));
#7581=CARTESIAN_POINT('',(-0.058204825,-0.00625000000000002,0.0109732413968986));
#7582=CARTESIAN_POINT('',(-0.058204825,0.00425,0.0109732491153752));
#7583=CARTESIAN_POINT('',(-0.058204825,0.00625,0.0109732491153751));
#7584=CARTESIAN_POINT('',(-0.0588191355674533,0.00625,0.0104034470327954));
#7585=CARTESIAN_POINT('',(-0.059250003713071,0.00565276976645179,0.0100037964656433));
#7586=CARTESIAN_POINT('',(-0.0581146175884959,0.00625,0.0108759954042186));
#7587=CARTESIAN_POINT('',(-0.05871541919113,0.00624999999999929,0.0103047510752778));
#7588=CARTESIAN_POINT('',(-0.0591398605558866,0.00566360873914577,0.00990073346394572));
#7589=CARTESIAN_POINT('',(-0.057931029959142,0.00624999999999998,0.0106848967339799));
#7590=CARTESIAN_POINT('',(-0.0585071474787009,0.00624999999999814,0.0101122371002364));
#7591=CARTESIAN_POINT('',(-0.0589196900480102,0.00568418917761078,0.00970091281042556));
#7592=CARTESIAN_POINT('',(-0.0577389638959038,0.00625,0.0105029069961908));
#7593=CARTESIAN_POINT('',(-0.0582790980042915,0.00625000000000437,0.00991864419620592));
#7594=CARTESIAN_POINT('',(-0.0586714380290335,0.00570343074716877,0.00949386353875251));
#7595=CARTESIAN_POINT('',(-0.05764173937554,0.00625,0.0104131922211396));
#7596=CARTESIAN_POINT('',(-0.0581767476755626,0.00625,0.00983340003753867));
#7597=CARTESIAN_POINT('',(-0.0585676810971443,0.00571141067929298,0.00940974279309614));
#7598=CARTESIAN_POINT('',(-0.0576459027011356,0.0062499997455661,0.0104156613456056));
#7599=CARTESIAN_POINT('',(-0.0579981678884846,0.00624974727152451,0.0100596518343318));
#7600=CARTESIAN_POINT('',(-0.0583500331939194,0.00605305886523514,0.00970431027744879));
#7601=CARTESIAN_POINT('',(-0.0586120883616851,0.0057084388953736,0.0094464138283005));
#7602=CARTESIAN_POINT('',(-0.0576459027012227,0.00625,0.0104156613455113));
#7603=CARTESIAN_POINT('',(-0.0582046436377021,0.00625,0.00985514974795748));
#7604=CARTESIAN_POINT('',(-0.0586120884207014,0.00570843898808163,0.00944641376438525));
#7605=CARTESIAN_POINT('',(-0.0555447962080604,0.00625,0.00832119226626697));
#7606=CARTESIAN_POINT('',(-0.056103017561921,0.00625000000000941,0.00776202491670734));
#7607=CARTESIAN_POINT('',(-0.0565096994160979,0.00570999989375285,0.00735301493950293));
#7608=CARTESIAN_POINT('',(-0.0534433389749738,0.00625,0.00622707500801592));
#7609=CARTESIAN_POINT('',(-0.0540005739966598,0.00624999999999972,0.00566898124172238));
#7610=CARTESIAN_POINT('',(-0.0544068114485496,0.0057117224164223,0.00526007107428276));
#7611=CARTESIAN_POINT('',(-0.051341381944782,0.00625,0.00413345951281412));
#7612=CARTESIAN_POINT('',(-0.0518967697048168,0.00625,0.00357585893653014));
#7613=CARTESIAN_POINT('',(-0.0523032226860465,0.00571367280836073,0.00316778653581358));
#7614=CARTESIAN_POINT('',(-0.051341381944782,0.00425,0.00413345951281412));
#7615=CARTESIAN_POINT('',(-0.0516107418525878,0.00577457788299799,0.0025704809587121));
#7616=CARTESIAN_POINT('',(-0.0513739984797253,0.00621366106946667,0.00300077058518045));
#7617=CARTESIAN_POINT('',(-0.0509954229732056,0.00628014914524322,0.00353579446644459));
#7618=CARTESIAN_POINT('',(-0.0518570821236647,0.00573114643298978,0.00274991039700104));
#7619=CARTESIAN_POINT('',(-0.0515619037166423,0.00620518968538292,0.00317484950362929));
#7620=CARTESIAN_POINT('',(-0.0511184943479085,0.00625853449044846,0.00371533384605211));
#7621=CARTESIAN_POINT('',(-0.0520875911043865,0.00571387273085187,0.00295331370270898));
#7622=CARTESIAN_POINT('',(-0.0517362809420231,0.00622030637241043,0.00337123767706954));
#7623=CARTESIAN_POINT('',(-0.0512336497855644,0.00625,0.00391885024792888));
#7624=CARTESIAN_POINT('',(-0.0523032226860466,0.00571367280836074,0.0031677865358136));
#7625=CARTESIAN_POINT('',(-0.0518967697048169,0.00625,0.00357585893653017));
#7626=CARTESIAN_POINT('',(-0.051341381944782,0.00625,0.00413345951281415));
#7627=CARTESIAN_POINT('',(-0.051001055926343,0.00627916125669035,0.00353659142354908));
#7628=CARTESIAN_POINT('',(-0.0512475690469036,0.00623540289153291,0.00325465157461882));
#7629=CARTESIAN_POINT('',(-0.0515086207411164,0.00607602271269783,0.00293449175733363));
#7630=CARTESIAN_POINT('',(-0.051705266155277,0.00576980985487798,0.00265753935110689));
#7631=CARTESIAN_POINT('',(-0.0510010570989542,0.00627916794238771,0.00353659141116642));
#7632=CARTESIAN_POINT('',(-0.0514262988372408,0.00620573686110255,0.0030506333724553));
#7633=CARTESIAN_POINT('',(-0.0517053032361792,0.0057698671935308,0.00265750228320957));
#7634=CARTESIAN_POINT('',(-0.0507202937857219,0.00632765037442488,0.00303057078251681));
#7635=CARTESIAN_POINT('',(-0.0510996230531261,0.00620020491574585,0.00257908447809726));
#7636=CARTESIAN_POINT('',(-0.051303452785646,0.00577897360102134,0.00219514641101194));
#7637=CARTESIAN_POINT('',(-0.0503072661259694,0.00649050454826665,0.0022799585900732));
#7638=CARTESIAN_POINT('',(-0.0505923024141903,0.00630836132894287,0.00186469345231943));
#7639=CARTESIAN_POINT('',(-0.050693550562922,0.00592873273740499,0.00149644867094353));
#7640=CARTESIAN_POINT('',(-0.0498300243210171,0.00690868181776848,0.00144167180823803));
#7641=CARTESIAN_POINT('',(-0.0499775400713445,0.0067311304317426,0.00104757512976534));
#7642=CARTESIAN_POINT('',(-0.0499600957557504,0.00644390709513732,0.000689940114381824));
#7643=CARTESIAN_POINT('',(-0.0496293245630659,0.00720006756128195,0.00111845351288289));
#7644=CARTESIAN_POINT('',(-0.0497094841918869,0.00706351010663315,0.000722267283615579));
#7645=CARTESIAN_POINT('',(-0.0496341635665872,0.00684889353309577,0.000360117514039579));
#7646=CARTESIAN_POINT('',(-0.0495482587513536,0.00736416185835716,0.00100346833649916));
#7647=CARTESIAN_POINT('',(-0.0496032988339267,0.00725274912504793,0.000607868354720741));
#7648=CARTESIAN_POINT('',(-0.0495059992633317,0.00707750236817488,0.000244876727842532));
#7649=CARTESIAN_POINT('',(-0.0495540915510409,0.00735245164562547,0.00101176600222557));
#7650=CARTESIAN_POINT('',(-0.0497580547849049,0.00694629912271702,0.00103419835835426));
#7651=CARTESIAN_POINT('',(-0.0500406996028224,0.00659097933933203,0.00104524741457797));
#7652=CARTESIAN_POINT('',(-0.0502959298852968,0.00621815881354679,0.00106045860349329));
#7653=CARTESIAN_POINT('',(-0.0504101189460777,0.00582480813006723,0.000757449360143144));
#7654=CARTESIAN_POINT('',(-0.0501351748958187,0.0059289420545872,0.000403580606506896));
#7655=CARTESIAN_POINT('',(-0.0497401505948177,0.00591437210140911,0.000168198538600532));
#7656=CARTESIAN_POINT('',(-0.0502956222767932,0.00623035056993667,0.00108285078452452));
#7657=CARTESIAN_POINT('',(-0.0500481696415875,0.00631642422949641,0.000704158957525532));
#7658=CARTESIAN_POINT('',(-0.0496720817956865,0.00629118306727642,0.000440497398447257));
#7659=CARTESIAN_POINT('',(-0.0500977499872863,0.00684250407041637,0.00150443406254226));
#7660=CARTESIAN_POINT('',(-0.0498995725945598,0.00689213237400909,0.0010728023477754));
#7661=CARTESIAN_POINT('',(-0.0495515076230051,0.00683036891499606,0.00075565485522287));
#7662=CARTESIAN_POINT('',(-0.049936105157165,0.00752889673201533,0.00186359480701518));
#7663=CARTESIAN_POINT('',(-0.0497895204629373,0.00755039170325436,0.00131820504511161));
#7664=CARTESIAN_POINT('',(-0.0493930131610276,0.00747519806204475,0.000922146608347622));
#7665=CARTESIAN_POINT('',(-0.0499306630175442,0.0077954191913872,0.00207290925554216));
#7666=CARTESIAN_POINT('',(-0.0498180118501303,0.0078376866696645,0.00142814897855006));
#7667=CARTESIAN_POINT('',(-0.0493515575683371,0.00780461227362771,0.000967412210042098));
#7668=CARTESIAN_POINT('',(-0.0499344414683849,0.00792234553347439,0.00222824932365065));
#7669=CARTESIAN_POINT('',(-0.0498676848417038,0.00796863696945286,0.00150142314389969));
#7670=CARTESIAN_POINT('',(-0.0493480259472169,0.00796808040649204,0.000986806817457905));
#7671=CARTESIAN_POINT('',(-0.0504060415836924,0.00583923319327101,0.000769008190570558));
#7672=CARTESIAN_POINT('',(-0.0501910990178097,0.00602551050454053,0.000627948465006989));
#7673=CARTESIAN_POINT('',(-0.0499384749386382,0.00618238903109113,0.000518262244022794));
#7674=CARTESIAN_POINT('',(-0.0496644673977293,0.00630892807126117,0.000434887403903094));
#7675=CARTESIAN_POINT('',(-0.0497260657480725,0.0051706465351032,-5.82833596879709E-6));
#7676=CARTESIAN_POINT('',(-0.0495834566954582,0.00565189665305228,-9.78993258155991E-5));
#7677=CARTESIAN_POINT('',(-0.0492863222400439,0.00605643358995568,-5.82833596879709E-6));
#7678=CARTESIAN_POINT('',(-0.0500389777440601,0.00532971347535144,0.000321857089431906));
#7679=CARTESIAN_POINT('',(-0.0498875471023456,0.00582669142397496,0.000223883289007012));
#7680=CARTESIAN_POINT('',(-0.0495710482576215,0.00623871080271085,0.000321857089391037));
#7681=CARTESIAN_POINT('',(-0.0503502004687325,0.00549679400162707,0.000649157687866724));
#7682=CARTESIAN_POINT('',(-0.0501878068390373,0.00601190645256222,0.000543577134475241));
#7683=CARTESIAN_POINT('',(-0.0498485973247475,0.00643211771038891,0.000649157687768185));
#7684=CARTESIAN_POINT('',(-0.0506567447686817,0.00567434916423403,0.000973562059140206));
#7685=CARTESIAN_POINT('',(-0.0504779919139181,0.00621072831822351,0.000855629646857393));
#7686=CARTESIAN_POINT('',(-0.0501104003168261,0.00664029972982817,0.000973562059140206));
#7687=CARTESIAN_POINT('',(0.0651789682587832,-0.002,0.0142437725945131));
#7688=CARTESIAN_POINT('',(0.0660804013205429,-0.002,0.0152250676481961));
#7689=CARTESIAN_POINT('',(0.065828527663331,-0.00327941470964041,0.0149508793756997));
#7690=CARTESIAN_POINT('',(0.0641393567599641,-0.002,0.015198776061028));
#7691=CARTESIAN_POINT('',(0.0650383633624571,-0.00199999999999982,0.0162530050495707));
#7692=CARTESIAN_POINT('',(0.064773797005917,-0.00331456243398671,0.0159058828413182));
#7693=CARTESIAN_POINT('',(0.0630895784188136,-0.002,0.0161452650653068));
#7694=CARTESIAN_POINT('',(0.063978789675535,-0.00199999999998554,0.0172984645584661));
#7695=CARTESIAN_POINT('',(0.0637062207607775,-0.00336063160402963,0.0168523718534272));
#7696=CARTESIAN_POINT('',(0.0619777908845549,-0.002,0.0170154885665389));
#7697=CARTESIAN_POINT('',(0.0629662725354553,-0.00200000000000001,0.018278361368265));
#7698=CARTESIAN_POINT('',(0.0625312607807114,-0.00344008075855297,0.0177225953477255));
#7699=CARTESIAN_POINT('',(0.0658278192078019,0.00327943831989977,0.0149515208389604));
#7700=CARTESIAN_POINT('',(0.0660797184629549,0.002,0.0152257412650272));
#7701=CARTESIAN_POINT('',(0.0651782699599603,0.002,0.0142444140577738));
#7702=CARTESIAN_POINT('',(0.0647733146219961,0.00331458377225534,0.0159063012092808));
#7703=CARTESIAN_POINT('',(0.0650379114753428,0.0019999999999999,0.0162534492188272));
#7704=CARTESIAN_POINT('',(0.0641388850692968,0.002,0.0151991944289948));
#7705=CARTESIAN_POINT('',(0.0637059605080362,0.00336064927127069,0.0168525641079502));
#7706=CARTESIAN_POINT('',(0.0639785809592156,0.00199999999999863,0.0172986664671017));
#7707=CARTESIAN_POINT('',(0.0630893322883955,0.002,0.0161454573198234));
#7708=CARTESIAN_POINT('',(0.0625312654877193,0.00344008044027178,0.0177225918615216));
#7709=CARTESIAN_POINT('',(0.0629662768794793,0.002,0.0182783571641925));
#7710=CARTESIAN_POINT('',(0.0619777953384879,0.002,0.017015485080335));
#7711=MECHANICAL_DESIGN_GEOMETRIC_PRESENTATION_REPRESENTATION('',(#3938),
#7712);
#7712=(
GEOMETRIC_REPRESENTATION_CONTEXT(3)
GLOBAL_UNCERTAINTY_ASSIGNED_CONTEXT((#7713))
GLOBAL_UNIT_ASSIGNED_CONTEXT((#7716,#7715,#7714))
REPRESENTATION_CONTEXT('IR Ring Light Lampshade',
'TOP_LEVEL_ASSEMBLY_PART')
);
#7713=UNCERTAINTY_MEASURE_WITH_UNIT(LENGTH_MEASURE(2.E-5),#7716,
'DISTANCE_ACCURACY_VALUE','Maximum Tolerance applied to model');
#7714=(
NAMED_UNIT(*)
SI_UNIT($,.STERADIAN.)
SOLID_ANGLE_UNIT()
);
#7715=(
NAMED_UNIT(*)
PLANE_ANGLE_UNIT()
SI_UNIT($,.RADIAN.)
);
#7716=(
LENGTH_UNIT()
NAMED_UNIT(*)
SI_UNIT($,.METRE.)
);
#7717=PRODUCT_DEFINITION_SHAPE('','',#7718);
#7718=PRODUCT_DEFINITION('','',#7720,#7719);
#7719=PRODUCT_DEFINITION_CONTEXT('',#7726,'design');
#7720=PRODUCT_DEFINITION_FORMATION_WITH_SPECIFIED_SOURCE('','',#7722,
 .NOT_KNOWN.);
#7721=PRODUCT_RELATED_PRODUCT_CATEGORY('','',(#7722));
#7722=PRODUCT('IR Ring Light Lampshade','IR Ring Light Lampshade',
'IR Ring Light Lampshade',(#7724));
#7723=PRODUCT_CATEGORY('','');
#7724=PRODUCT_CONTEXT('',#7726,'mechanical');
#7725=APPLICATION_PROTOCOL_DEFINITION('international standard',
'ap242_managed_model_based_3d_engineering',2020,#7726);
#7726=APPLICATION_CONTEXT('managed model based 3d engineering');
ENDSEC;
END-ISO-10303-21;
