ISO-10303-21;
HEADER;
/* Generated by software containing ST-Developer
 * from STEP Tools, Inc. (www.steptools.com) 
 */
/* OPTION: using custom renumber hook */

FILE_DESCRIPTION(
/* description */ ('STEP AP242 Edition 2',
'CAx-IF Rec.Pracs.---Representation and Presentation of Product Manufa
cturing Information (PMI)---4.0---2014-10-13',
'CAx-IF Rec.Pracs.---3D Tessellated Geometry---0.4---2014-09-14','2;1',
'CAx-IF Rec.Pracs.---User Defined Attributes---1.5---2016-08-15'),
/* implementation_level */ '2;1');

FILE_NAME(
/* name */ 'N-Metheus - Opto Stadium Lights',
/* time_stamp */ '2026-01-30T20:52:40Z',
/* author */ (''),
/* organization */ (''),
/* preprocessor_version */ 'ST-DEVELOPER v20',
/* originating_system */ 'ONSHAPE BY PTC INC, 1.210',
/* authorisation */ '  ');

FILE_SCHEMA (('AP242_MANAGED_MODEL_BASED_3D_ENGINEERING_MIM_LF { 1 0 10303 442 3 1 4 }'));
ENDSEC;

DATA;
#10=SHAPE_REPRESENTATION_RELATIONSHIP('','',#7673,#11);
#11=ADVANCED_BREP_SHAPE_REPRESENTATION('',(#7671),#13079);
#12=SPHERICAL_SURFACE('',#8221,0.004);
#13=SPHERICAL_SURFACE('',#8229,0.004);
#14=SPHERICAL_SURFACE('',#8237,0.004);
#15=SPHERICAL_SURFACE('',#8245,0.004);
#16=SPHERICAL_SURFACE('',#8253,0.004);
#17=SPHERICAL_SURFACE('',#8261,0.004);
#18=SPHERICAL_SURFACE('',#8269,0.004);
#19=SPHERICAL_SURFACE('',#8277,0.004);
#20=(
BOUNDED_SURFACE()
B_SPLINE_SURFACE(3,2,((#12480,#12481,#12482),(#12483,#12484,#12485),(#12486,
#12487,#12488),(#12489,#12490,#12491)),.UNSPECIFIED.,.F.,.F.,.F.)
B_SPLINE_SURFACE_WITH_KNOTS((4,4),(3,3),(3.14159265358979,3.64443586451765),
(0.,1.),.PIECEWISE_BEZIER_KNOTS.)
GEOMETRIC_REPRESENTATION_ITEM()
RATIONAL_B_SPLINE_SURFACE(((1.,0.923879532511286,1.),(1.,0.923879532511919,
1.),(1.,0.931104573337285,1.),(1.,0.942106672930946,1.)))
REPRESENTATION_ITEM('')
SURFACE()
);
#21=(
BOUNDED_SURFACE()
B_SPLINE_SURFACE(3,2,((#12500,#12501,#12502),(#12503,#12504,#12505),(#12506,
#12507,#12508),(#12509,#12510,#12511)),.UNSPECIFIED.,.F.,.F.,.F.)
B_SPLINE_SURFACE_WITH_KNOTS((4,4),(3,3),(3.14159265358979,3.64443586451767),
(0.,1.),.PIECEWISE_BEZIER_KNOTS.)
GEOMETRIC_REPRESENTATION_ITEM()
RATIONAL_B_SPLINE_SURFACE(((1.,0.923879532511287,1.),(1.,0.923879532511845,
1.),(1.,0.931104573337286,1.),(1.,0.942106672930947,1.)))
REPRESENTATION_ITEM('')
SURFACE()
);
#22=(
BOUNDED_SURFACE()
B_SPLINE_SURFACE(3,2,((#12520,#12521,#12522),(#12523,#12524,#12525),(#12526,
#12527,#12528),(#12529,#12530,#12531)),.UNSPECIFIED.,.F.,.F.,.F.)
B_SPLINE_SURFACE_WITH_KNOTS((4,4),(3,3),(3.14159265358979,3.64443586451767),
(0.,1.),.PIECEWISE_BEZIER_KNOTS.)
GEOMETRIC_REPRESENTATION_ITEM()
RATIONAL_B_SPLINE_SURFACE(((1.,0.923879532511286,1.),(1.,0.923879532511919,
1.),(1.,0.931104573337096,1.),(1.,0.942106672930947,1.)))
REPRESENTATION_ITEM('')
SURFACE()
);
#23=(
BOUNDED_SURFACE()
B_SPLINE_SURFACE(3,2,((#12540,#12541,#12542),(#12543,#12544,#12545),(#12546,
#12547,#12548),(#12549,#12550,#12551)),.UNSPECIFIED.,.F.,.F.,.F.)
B_SPLINE_SURFACE_WITH_KNOTS((4,4),(3,3),(3.14159265358979,3.64443586451765),
(0.,1.),.PIECEWISE_BEZIER_KNOTS.)
GEOMETRIC_REPRESENTATION_ITEM()
RATIONAL_B_SPLINE_SURFACE(((1.,0.923879532511287,1.),(1.,0.923879532511845,
1.),(1.,0.931104573337665,1.),(1.,0.942106672930946,1.)))
REPRESENTATION_ITEM('')
SURFACE()
);
#24=(
BOUNDED_SURFACE()
B_SPLINE_SURFACE(3,2,((#12560,#12561,#12562),(#12563,#12564,#12565),(#12566,
#12567,#12568),(#12569,#12570,#12571)),.UNSPECIFIED.,.F.,.F.,.F.)
B_SPLINE_SURFACE_WITH_KNOTS((4,4),(3,3),(3.14159265358979,3.64443586451767),
(0.,1.),.PIECEWISE_BEZIER_KNOTS.)
GEOMETRIC_REPRESENTATION_ITEM()
RATIONAL_B_SPLINE_SURFACE(((1.,0.923879532511286,1.),(1.,0.923879532512291,
1.),(1.,0.93110457333721,1.),(1.,0.942106672930947,1.)))
REPRESENTATION_ITEM('')
SURFACE()
);
#25=(
BOUNDED_SURFACE()
B_SPLINE_SURFACE(3,2,((#12580,#12581,#12582),(#12583,#12584,#12585),(#12586,
#12587,#12588),(#12589,#12590,#12591)),.UNSPECIFIED.,.F.,.F.,.F.)
B_SPLINE_SURFACE_WITH_KNOTS((4,4),(3,3),(3.14159265358979,3.64443586451765),
(0.,1.),.PIECEWISE_BEZIER_KNOTS.)
GEOMETRIC_REPRESENTATION_ITEM()
RATIONAL_B_SPLINE_SURFACE(((1.,0.923879532511288,1.),(1.,0.923879532511771,
1.),(1.,0.931104573337439,1.),(1.,0.942106672930947,1.)))
REPRESENTATION_ITEM('')
SURFACE()
);
#26=(
BOUNDED_SURFACE()
B_SPLINE_SURFACE(3,2,((#12600,#12601,#12602),(#12603,#12604,#12605),(#12606,
#12607,#12608),(#12609,#12610,#12611)),.UNSPECIFIED.,.F.,.F.,.F.)
B_SPLINE_SURFACE_WITH_KNOTS((4,4),(3,3),(3.14159265358979,3.64443586451767),
(0.,1.),.PIECEWISE_BEZIER_KNOTS.)
GEOMETRIC_REPRESENTATION_ITEM()
RATIONAL_B_SPLINE_SURFACE(((1.,0.923879532511288,1.),(1.,0.923879532511771,
1.),(1.,0.93110457333706,1.),(1.,0.942106672930949,1.)))
REPRESENTATION_ITEM('')
SURFACE()
);
#27=(
BOUNDED_SURFACE()
B_SPLINE_SURFACE(3,2,((#12620,#12621,#12622),(#12623,#12624,#12625),(#12626,
#12627,#12628),(#12629,#12630,#12631)),.UNSPECIFIED.,.F.,.F.,.F.)
B_SPLINE_SURFACE_WITH_KNOTS((4,4),(3,3),(6.28318530717959,6.78602851810746),
(0.,1.),.PIECEWISE_BEZIER_KNOTS.)
GEOMETRIC_REPRESENTATION_ITEM()
RATIONAL_B_SPLINE_SURFACE(((1.,0.923879532511287,1.),(1.,0.923879532511845,
1.),(1.,0.931104573337647,1.),(1.,0.942106672930946,1.)))
REPRESENTATION_ITEM('')
SURFACE()
);
#28=(
BOUNDED_SURFACE()
B_SPLINE_SURFACE(3,2,((#12636,#12637,#12638),(#12639,#12640,#12641),(#12642,
#12643,#12644),(#12645,#12646,#12647)),.UNSPECIFIED.,.F.,.F.,.F.)
B_SPLINE_SURFACE_WITH_KNOTS((4,4),(3,3),(5.60981384469911,5.94750661202481),
(0.,1.),.PIECEWISE_BEZIER_KNOTS.)
GEOMETRIC_REPRESENTATION_ITEM()
RATIONAL_B_SPLINE_SURFACE(((1.,0.843025824768522,1.),(1.,0.854247279176555,
1.),(1.,0.862855377395366,1.),(1.,0.868608179061887,1.)))
REPRESENTATION_ITEM('')
SURFACE()
);
#29=(
BOUNDED_SURFACE()
B_SPLINE_SURFACE(3,2,((#12660,#12661,#12662),(#12663,#12664,#12665),(#12666,
#12667,#12668),(#12669,#12670,#12671)),.UNSPECIFIED.,.F.,.F.,.F.)
B_SPLINE_SURFACE_WITH_KNOTS((4,4),(3,3),(0.335678695154778,0.673371462480488),
(0.,1.),.PIECEWISE_BEZIER_KNOTS.)
GEOMETRIC_REPRESENTATION_ITEM()
RATIONAL_B_SPLINE_SURFACE(((1.,0.868608179061886,1.),(1.,0.862855377396027,
1.),(1.,0.854247279175293,1.),(1.,0.843025824768521,1.)))
REPRESENTATION_ITEM('')
SURFACE()
);
#30=(
BOUNDED_SURFACE()
B_SPLINE_SURFACE(3,2,((#12684,#12685,#12686),(#12687,#12688,#12689),(#12690,
#12691,#12692),(#12693,#12694,#12695)),.UNSPECIFIED.,.F.,.F.,.F.)
B_SPLINE_SURFACE_WITH_KNOTS((4,4),(3,3),(5.6098138446991,5.9475066120248),
(0.,1.),.PIECEWISE_BEZIER_KNOTS.)
GEOMETRIC_REPRESENTATION_ITEM()
RATIONAL_B_SPLINE_SURFACE(((1.,0.843025824768521,1.),(1.,0.854247279175141,
1.),(1.,0.862855377395902,1.),(1.,0.868608179061886,1.)))
REPRESENTATION_ITEM('')
SURFACE()
);
#31=(
BOUNDED_SURFACE()
B_SPLINE_SURFACE(3,2,((#12708,#12709,#12710),(#12711,#12712,#12713),(#12714,
#12715,#12716),(#12717,#12718,#12719)),.UNSPECIFIED.,.F.,.F.,.F.)
B_SPLINE_SURFACE_WITH_KNOTS((4,4),(3,3),(0.335678695154768,0.673371462480481),
(0.,1.),.PIECEWISE_BEZIER_KNOTS.)
GEOMETRIC_REPRESENTATION_ITEM()
RATIONAL_B_SPLINE_SURFACE(((1.,0.868608179061885,1.),(1.,0.862855377395534,
1.),(1.,0.854247279176563,1.),(1.,0.84302582476852,1.)))
REPRESENTATION_ITEM('')
SURFACE()
);
#32=(
BOUNDED_SURFACE()
B_SPLINE_SURFACE(3,2,((#12732,#12733,#12734),(#12735,#12736,#12737),(#12738,
#12739,#12740),(#12741,#12742,#12743)),.UNSPECIFIED.,.F.,.F.,.F.)
B_SPLINE_SURFACE_WITH_KNOTS((4,4),(3,3),(5.60981384469911,5.94750661202482),
(0.,1.),.PIECEWISE_BEZIER_KNOTS.)
GEOMETRIC_REPRESENTATION_ITEM()
RATIONAL_B_SPLINE_SURFACE(((1.,0.843025824768522,1.),(1.,0.854247279175378,
1.),(1.,0.862855377395723,1.),(1.,0.868608179061886,1.)))
REPRESENTATION_ITEM('')
SURFACE()
);
#33=(
BOUNDED_SURFACE()
B_SPLINE_SURFACE(3,2,((#12756,#12757,#12758),(#12759,#12760,#12761),(#12762,
#12763,#12764),(#12765,#12766,#12767)),.UNSPECIFIED.,.F.,.F.,.F.)
B_SPLINE_SURFACE_WITH_KNOTS((4,4),(3,3),(0.335678695154772,0.673371462480484),
(0.,1.),.PIECEWISE_BEZIER_KNOTS.)
GEOMETRIC_REPRESENTATION_ITEM()
RATIONAL_B_SPLINE_SURFACE(((1.,0.868608179061888,1.),(1.,0.862855377395447,
1.),(1.,0.854247279178024,1.),(1.,0.843025824768521,1.)))
REPRESENTATION_ITEM('')
SURFACE()
);
#34=(
BOUNDED_SURFACE()
B_SPLINE_SURFACE(3,2,((#12780,#12781,#12782),(#12783,#12784,#12785),(#12786,
#12787,#12788),(#12789,#12790,#12791)),.UNSPECIFIED.,.F.,.F.,.F.)
B_SPLINE_SURFACE_WITH_KNOTS((4,4),(3,3),(5.6098138446991,5.94750661202481),
(0.,1.),.PIECEWISE_BEZIER_KNOTS.)
GEOMETRIC_REPRESENTATION_ITEM()
RATIONAL_B_SPLINE_SURFACE(((1.,0.843025824768523,1.),(1.,0.854247279175473,
1.),(1.,0.862855377396751,1.),(1.,0.868608179061886,1.)))
REPRESENTATION_ITEM('')
SURFACE()
);
#35=(
BOUNDED_SURFACE()
B_SPLINE_SURFACE(3,2,((#12804,#12805,#12806),(#12807,#12808,#12809),(#12810,
#12811,#12812),(#12813,#12814,#12815)),.UNSPECIFIED.,.F.,.F.,.F.)
B_SPLINE_SURFACE_WITH_KNOTS((4,4),(3,3),(0.335678695154772,0.673371462480482),
(0.,1.),.PIECEWISE_BEZIER_KNOTS.)
GEOMETRIC_REPRESENTATION_ITEM()
RATIONAL_B_SPLINE_SURFACE(((1.,0.868608179061887,1.),(1.,0.862855377393882,
1.),(1.,0.854247279176988,1.),(1.,0.843025824768521,1.)))
REPRESENTATION_ITEM('')
SURFACE()
);
#36=(
BOUNDED_SURFACE()
B_SPLINE_SURFACE(3,2,((#12858,#12859,#12860),(#12861,#12862,#12863),(#12864,
#12865,#12866),(#12867,#12868,#12869),(#12870,#12871,#12872)),
 .UNSPECIFIED.,.F.,.F.,.F.)
B_SPLINE_SURFACE_WITH_KNOTS((4,1,4),(3,3),(2.63874944266191,3.10351618211497,
3.56828292156803),(0.,1.),.UNSPECIFIED.)
GEOMETRIC_REPRESENTATION_ITEM()
RATIONAL_B_SPLINE_SURFACE(((1.,0.942106672930947,1.),(1.,0.931937678695998,
1.),(1.,0.917901261533881,1.),(1.,0.928237306582825,1.),(1.,0.937356277806225,
1.)))
REPRESENTATION_ITEM('')
SURFACE()
);
#37=(
BOUNDED_SURFACE()
B_SPLINE_SURFACE(3,2,((#12881,#12882,#12883),(#12884,#12885,#12886),(#12887,
#12888,#12889),(#12890,#12891,#12892),(#12893,#12894,#12895),(#12896,#12897,
#12898),(#12899,#12900,#12901),(#12902,#12903,#12904)),.UNSPECIFIED.,.F.,
 .F.,.F.)
B_SPLINE_SURFACE_WITH_KNOTS((4,1,1,1,1,4),(3,3),(-9.53067379151171E-6,0.000848400286731995,
0.0017063312472555,0.00342219316830251,0.00513805508934953,0.00685391701039654),
(0.,1.),.UNSPECIFIED.)
GEOMETRIC_REPRESENTATION_ITEM()
RATIONAL_B_SPLINE_SURFACE(((1.,1.,1.),(1.,0.999999998605627,1.),(1.,0.987013522598837,
1.),(1.,0.942272388324125,1.),(1.,0.919387245694093,1.),(1.,0.928259033517813,
1.),(1.,0.937445457642313,1.),(1.,0.942106672930945,1.)))
REPRESENTATION_ITEM('')
SURFACE()
);
#38=(
BOUNDED_SURFACE()
B_SPLINE_SURFACE(3,2,((#12913,#12914,#12915),(#12916,#12917,#12918),(#12919,
#12920,#12921),(#12922,#12923,#12924),(#12925,#12926,#12927)),
 .UNSPECIFIED.,.F.,.F.,.F.)
B_SPLINE_SURFACE_WITH_KNOTS((4,1,4),(3,3),(2.63874944266191,3.10351618211497,
3.56828292156803),(0.,1.),.UNSPECIFIED.)
GEOMETRIC_REPRESENTATION_ITEM()
RATIONAL_B_SPLINE_SURFACE(((1.,0.942106672930948,1.),(1.,0.93193767869542,
1.),(1.,0.917901261534198,1.),(1.,0.928237306582773,1.),(1.,0.937356277806226,
1.)))
REPRESENTATION_ITEM('')
SURFACE()
);
#39=(
BOUNDED_SURFACE()
B_SPLINE_SURFACE(3,2,((#12936,#12937,#12938),(#12939,#12940,#12941),(#12942,
#12943,#12944),(#12945,#12946,#12947),(#12948,#12949,#12950),(#12951,#12952,
#12953),(#12954,#12955,#12956),(#12957,#12958,#12959)),.UNSPECIFIED.,.F.,
 .F.,.F.)
B_SPLINE_SURFACE_WITH_KNOTS((4,1,1,1,1,4),(3,3),(-9.53067379094617E-6,0.000848400286732561,
0.00170633124725607,0.00342219316830308,0.0051380550893501,0.00685391701039711),
(0.,1.),.UNSPECIFIED.)
GEOMETRIC_REPRESENTATION_ITEM()
RATIONAL_B_SPLINE_SURFACE(((1.,1.,1.),(1.,0.999999998605627,1.),(1.,0.987013522598825,
1.),(1.,0.94227238832415,1.),(1.,0.919387245693932,1.),(1.,0.928259033518394,
1.),(1.,0.937445457641069,1.),(1.,0.942106672930947,1.)))
REPRESENTATION_ITEM('')
SURFACE()
);
#40=(
BOUNDED_SURFACE()
B_SPLINE_SURFACE(3,2,((#12968,#12969,#12970),(#12971,#12972,#12973),(#12974,
#12975,#12976),(#12977,#12978,#12979),(#12980,#12981,#12982)),
 .UNSPECIFIED.,.F.,.F.,.F.)
B_SPLINE_SURFACE_WITH_KNOTS((4,1,4),(3,3),(2.63874944266193,3.10351618211498,
3.56828292156803),(0.,1.),.UNSPECIFIED.)
GEOMETRIC_REPRESENTATION_ITEM()
RATIONAL_B_SPLINE_SURFACE(((1.,0.942106672930947,1.),(1.,0.931937678695367,
1.),(1.,0.917901261534303,1.),(1.,0.928237306582616,1.),(1.,0.937356277806226,
1.)))
REPRESENTATION_ITEM('')
SURFACE()
);
#41=(
BOUNDED_SURFACE()
B_SPLINE_SURFACE(3,2,((#12991,#12992,#12993),(#12994,#12995,#12996),(#12997,
#12998,#12999),(#13000,#13001,#13002),(#13003,#13004,#13005),(#13006,#13007,
#13008),(#13009,#13010,#13011),(#13012,#13013,#13014)),.UNSPECIFIED.,.F.,
 .F.,.F.)
B_SPLINE_SURFACE_WITH_KNOTS((4,1,1,1,1,4),(3,3),(-9.53067379118107E-6,0.000848400286732335,
0.00170633124725585,0.00342219316830288,0.00513805508934992,0.00685391701039695),
(0.,1.),.UNSPECIFIED.)
GEOMETRIC_REPRESENTATION_ITEM()
RATIONAL_B_SPLINE_SURFACE(((1.,1.,1.),(1.,0.999999998605627,1.),(1.,0.987013522598826,
1.),(1.,0.942272388324152,1.),(1.,0.919387245693868,1.),(1.,0.928259033518631,
1.),(1.,0.937445457640559,1.),(1.,0.942106672930947,1.)))
REPRESENTATION_ITEM('')
SURFACE()
);
#42=(
BOUNDED_SURFACE()
B_SPLINE_SURFACE(3,2,((#13023,#13024,#13025),(#13026,#13027,#13028),(#13029,
#13030,#13031),(#13032,#13033,#13034),(#13035,#13036,#13037)),
 .UNSPECIFIED.,.F.,.F.,.F.)
B_SPLINE_SURFACE_WITH_KNOTS((4,1,4),(3,3),(5.78034209625171,6.24510883570477,
6.70987557515783),(0.,1.),.UNSPECIFIED.)
GEOMETRIC_REPRESENTATION_ITEM()
RATIONAL_B_SPLINE_SURFACE(((1.,0.942106672930948,1.),(1.,0.931937678695077,
1.),(1.,0.917901261534579,1.),(1.,0.928237306582355,1.),(1.,0.937356277806226,
1.)))
REPRESENTATION_ITEM('')
SURFACE()
);
#43=(
BOUNDED_SURFACE()
B_SPLINE_SURFACE(3,2,((#13046,#13047,#13048),(#13049,#13050,#13051),(#13052,
#13053,#13054),(#13055,#13056,#13057),(#13058,#13059,#13060),(#13061,#13062,
#13063),(#13064,#13065,#13066),(#13067,#13068,#13069)),.UNSPECIFIED.,.F.,
 .F.,.F.)
B_SPLINE_SURFACE_WITH_KNOTS((4,1,1,1,1,4),(3,3),(-9.5306737915964E-6,0.000848400286731908,
0.00170633124725541,0.00342219316830242,0.00513805508934943,0.00685391701039643),
(0.,1.),.UNSPECIFIED.)
GEOMETRIC_REPRESENTATION_ITEM()
RATIONAL_B_SPLINE_SURFACE(((1.,1.,1.),(1.,0.999999998605627,1.),(1.,0.987013522598826,
1.),(1.,0.94227238832415,1.),(1.,0.919387245693937,1.),(1.,0.928259033518379,
1.),(1.,0.9374454576411,1.),(1.,0.942106672930946,1.)))
REPRESENTATION_ITEM('')
SURFACE()
);
#44=CYLINDRICAL_SURFACE('',#7847,0.00624999999999991);
#45=CYLINDRICAL_SURFACE('',#7850,0.00625);
#46=CYLINDRICAL_SURFACE('',#7853,0.00624999999999988);
#47=CYLINDRICAL_SURFACE('',#7856,0.00625);
#48=CYLINDRICAL_SURFACE('',#7876,0.00425);
#49=CYLINDRICAL_SURFACE('',#7879,0.00425);
#50=CYLINDRICAL_SURFACE('',#7882,0.00425);
#51=CYLINDRICAL_SURFACE('',#7885,0.00425);
#52=CYLINDRICAL_SURFACE('',#7893,0.0025);
#53=CYLINDRICAL_SURFACE('',#7898,0.0025);
#54=CYLINDRICAL_SURFACE('',#7918,0.0025);
#55=CYLINDRICAL_SURFACE('',#7923,0.0025);
#56=CYLINDRICAL_SURFACE('',#7943,0.0025);
#57=CYLINDRICAL_SURFACE('',#7948,0.0025);
#58=CYLINDRICAL_SURFACE('',#7968,0.0025);
#59=CYLINDRICAL_SURFACE('',#7973,0.0025);
#60=CYLINDRICAL_SURFACE('',#7993,0.0025);
#61=CYLINDRICAL_SURFACE('',#7998,0.0025);
#62=CYLINDRICAL_SURFACE('',#8018,0.0025);
#63=CYLINDRICAL_SURFACE('',#8023,0.0025);
#64=CYLINDRICAL_SURFACE('',#8043,0.0025);
#65=CYLINDRICAL_SURFACE('',#8048,0.0025);
#66=CYLINDRICAL_SURFACE('',#8068,0.0025);
#67=CYLINDRICAL_SURFACE('',#8073,0.0025);
#68=CYLINDRICAL_SURFACE('',#8088,0.005);
#69=CYLINDRICAL_SURFACE('',#8091,0.005);
#70=CYLINDRICAL_SURFACE('',#8094,0.005);
#71=CYLINDRICAL_SURFACE('',#8097,0.005);
#72=CYLINDRICAL_SURFACE('',#8100,0.002);
#73=CYLINDRICAL_SURFACE('',#8101,0.002);
#74=CYLINDRICAL_SURFACE('',#8103,0.002);
#75=CYLINDRICAL_SURFACE('',#8104,0.002);
#76=CYLINDRICAL_SURFACE('',#8106,0.002);
#77=CYLINDRICAL_SURFACE('',#8107,0.002);
#78=CYLINDRICAL_SURFACE('',#8108,0.002);
#79=CYLINDRICAL_SURFACE('',#8110,0.002);
#80=CYLINDRICAL_SURFACE('',#8111,0.002);
#81=CYLINDRICAL_SURFACE('',#8113,0.002);
#82=CYLINDRICAL_SURFACE('',#8114,0.002);
#83=CYLINDRICAL_SURFACE('',#8115,0.002);
#84=CYLINDRICAL_SURFACE('',#8117,0.002);
#85=CYLINDRICAL_SURFACE('',#8118,0.002);
#86=CYLINDRICAL_SURFACE('',#8120,0.002);
#87=CYLINDRICAL_SURFACE('',#8121,0.002);
#88=CYLINDRICAL_SURFACE('',#8122,0.002);
#89=CYLINDRICAL_SURFACE('',#8123,0.002);
#90=CYLINDRICAL_SURFACE('',#8125,0.002);
#91=CYLINDRICAL_SURFACE('',#8126,0.002);
#92=CYLINDRICAL_SURFACE('',#8128,0.002);
#93=CYLINDRICAL_SURFACE('',#8130,0.002);
#94=CYLINDRICAL_SURFACE('',#8132,0.002);
#95=CYLINDRICAL_SURFACE('',#8135,0.002);
#96=CYLINDRICAL_SURFACE('',#8136,0.002);
#97=CYLINDRICAL_SURFACE('',#8138,0.002);
#98=CYLINDRICAL_SURFACE('',#8140,0.002);
#99=CYLINDRICAL_SURFACE('',#8143,0.002);
#100=CYLINDRICAL_SURFACE('',#8144,0.002);
#101=CYLINDRICAL_SURFACE('',#8146,0.002);
#102=CYLINDRICAL_SURFACE('',#8148,0.002);
#103=CYLINDRICAL_SURFACE('',#8151,0.002);
#104=CYLINDRICAL_SURFACE('',#8152,0.002);
#105=CYLINDRICAL_SURFACE('',#8154,0.002);
#106=CYLINDRICAL_SURFACE('',#8156,0.002);
#107=CYLINDRICAL_SURFACE('',#8159,0.002);
#108=CYLINDRICAL_SURFACE('',#8160,0.002);
#109=CYLINDRICAL_SURFACE('',#8162,0.002);
#110=CYLINDRICAL_SURFACE('',#8164,0.002);
#111=CYLINDRICAL_SURFACE('',#8167,0.002);
#112=CYLINDRICAL_SURFACE('',#8168,0.002);
#113=CYLINDRICAL_SURFACE('',#8170,0.002);
#114=CYLINDRICAL_SURFACE('',#8172,0.002);
#115=CYLINDRICAL_SURFACE('',#8175,0.002);
#116=CYLINDRICAL_SURFACE('',#8176,0.002);
#117=CYLINDRICAL_SURFACE('',#8178,0.002);
#118=CYLINDRICAL_SURFACE('',#8180,0.002);
#119=CYLINDRICAL_SURFACE('',#8183,0.002);
#120=CYLINDRICAL_SURFACE('',#8184,0.002);
#121=CYLINDRICAL_SURFACE('',#8186,0.002);
#122=CYLINDRICAL_SURFACE('',#8188,0.002);
#123=CYLINDRICAL_SURFACE('',#8191,0.002);
#124=CYLINDRICAL_SURFACE('',#8192,0.002);
#125=CYLINDRICAL_SURFACE('',#8194,0.002);
#126=CYLINDRICAL_SURFACE('',#8196,0.002);
#127=CYLINDRICAL_SURFACE('',#8198,0.002);
#128=CYLINDRICAL_SURFACE('',#8200,0.002);
#129=CYLINDRICAL_SURFACE('',#8202,0.002);
#130=CYLINDRICAL_SURFACE('',#8204,0.002);
#131=CYLINDRICAL_SURFACE('',#8206,0.002);
#132=CYLINDRICAL_SURFACE('',#8217,0.004);
#133=CYLINDRICAL_SURFACE('',#8219,0.004);
#134=CYLINDRICAL_SURFACE('',#8223,0.004);
#135=CYLINDRICAL_SURFACE('',#8225,0.004);
#136=CYLINDRICAL_SURFACE('',#8227,0.004);
#137=CYLINDRICAL_SURFACE('',#8231,0.004);
#138=CYLINDRICAL_SURFACE('',#8233,0.004);
#139=CYLINDRICAL_SURFACE('',#8235,0.004);
#140=CYLINDRICAL_SURFACE('',#8239,0.004);
#141=CYLINDRICAL_SURFACE('',#8241,0.004);
#142=CYLINDRICAL_SURFACE('',#8243,0.004);
#143=CYLINDRICAL_SURFACE('',#8247,0.004);
#144=CYLINDRICAL_SURFACE('',#8249,0.004);
#145=CYLINDRICAL_SURFACE('',#8251,0.004);
#146=CYLINDRICAL_SURFACE('',#8255,0.004);
#147=CYLINDRICAL_SURFACE('',#8257,0.004);
#148=CYLINDRICAL_SURFACE('',#8259,0.004);
#149=CYLINDRICAL_SURFACE('',#8263,0.004);
#150=CYLINDRICAL_SURFACE('',#8265,0.004);
#151=CYLINDRICAL_SURFACE('',#8267,0.004);
#152=CYLINDRICAL_SURFACE('',#8271,0.004);
#153=CYLINDRICAL_SURFACE('',#8273,0.004);
#154=CYLINDRICAL_SURFACE('',#8275,0.004);
#155=CYLINDRICAL_SURFACE('',#8279,0.004);
#156=B_SPLINE_CURVE_WITH_KNOTS('',3,(#10868,#10869,#10870,#10871),
 .UNSPECIFIED.,.F.,.F.,(4,4),(0.,0.000980888878036139),.UNSPECIFIED.);
#157=B_SPLINE_CURVE_WITH_KNOTS('',3,(#10961,#10962,#10963,#10964),
 .UNSPECIFIED.,.F.,.F.,(4,4),(0.,0.000980888878036086),.UNSPECIFIED.);
#158=B_SPLINE_CURVE_WITH_KNOTS('',3,(#11060,#11061,#11062,#11063),
 .UNSPECIFIED.,.F.,.F.,(4,4),(0.,0.000980888878036239),.UNSPECIFIED.);
#159=B_SPLINE_CURVE_WITH_KNOTS('',3,(#11153,#11154,#11155,#11156),
 .UNSPECIFIED.,.F.,.F.,(4,4),(0.,0.000980888878035987),.UNSPECIFIED.);
#160=B_SPLINE_CURVE_WITH_KNOTS('',3,(#11252,#11253,#11254,#11255),
 .UNSPECIFIED.,.F.,.F.,(4,4),(0.,0.00098088887803621),.UNSPECIFIED.);
#161=B_SPLINE_CURVE_WITH_KNOTS('',3,(#11345,#11346,#11347,#11348),
 .UNSPECIFIED.,.F.,.F.,(4,4),(0.,0.000980888878036105),.UNSPECIFIED.);
#162=B_SPLINE_CURVE_WITH_KNOTS('',3,(#11444,#11445,#11446,#11447),
 .UNSPECIFIED.,.F.,.F.,(4,4),(0.,0.000980888878036287),.UNSPECIFIED.);
#163=B_SPLINE_CURVE_WITH_KNOTS('',3,(#11502,#11503,#11504,#11505),
 .UNSPECIFIED.,.F.,.F.,(4,4),(0.,0.000980888878036001),.UNSPECIFIED.);
#164=B_SPLINE_CURVE_WITH_KNOTS('',3,(#11519,#11520,#11521,#11522),
 .UNSPECIFIED.,.F.,.F.,(4,4),(3.46944695195361E-18,0.00100214331376536),
 .UNSPECIFIED.);
#165=B_SPLINE_CURVE_WITH_KNOTS('',3,(#11523,#11524,#11525,#11526,#11527),
 .UNSPECIFIED.,.F.,.F.,(4,1,4),(0.,0.0010780256653597,0.0021560513307194),
 .UNSPECIFIED.);
#166=B_SPLINE_CURVE_WITH_KNOTS('',3,(#11531,#11532,#11533,#11534),
 .UNSPECIFIED.,.F.,.F.,(4,4),(0.,0.00334145314503869),.UNSPECIFIED.);
#167=B_SPLINE_CURVE_WITH_KNOTS('',3,(#11538,#11539,#11540,#11541,#11542),
 .UNSPECIFIED.,.F.,.F.,(4,1,4),(0.,0.00107817049808132,0.00215634099616264),
 .UNSPECIFIED.);
#168=B_SPLINE_CURVE_WITH_KNOTS('',3,(#11543,#11544,#11545,#11546),
 .UNSPECIFIED.,.F.,.F.,(4,4),(4.73169479187971E-17,0.00100213012438778),
 .UNSPECIFIED.);
#169=B_SPLINE_CURVE_WITH_KNOTS('',3,(#11548,#11549,#11550,#11551),
 .UNSPECIFIED.,.F.,.F.,(4,4),(0.,0.00100214331376538),.UNSPECIFIED.);
#170=B_SPLINE_CURVE_WITH_KNOTS('',3,(#11552,#11553,#11554,#11555,#11556),
 .UNSPECIFIED.,.F.,.F.,(4,1,4),(0.,0.0010780256653597,0.0021560513307194),
 .UNSPECIFIED.);
#171=B_SPLINE_CURVE_WITH_KNOTS('',3,(#11560,#11561,#11562,#11563),
 .UNSPECIFIED.,.F.,.F.,(4,4),(0.,0.00334145314503877),.UNSPECIFIED.);
#172=B_SPLINE_CURVE_WITH_KNOTS('',3,(#11567,#11568,#11569,#11570,#11571),
 .UNSPECIFIED.,.F.,.F.,(4,1,4),(0.,0.00107817049808133,0.00215634099616267),
 .UNSPECIFIED.);
#173=B_SPLINE_CURVE_WITH_KNOTS('',3,(#11572,#11573,#11574,#11575),
 .UNSPECIFIED.,.F.,.F.,(4,4),(0.,0.00100213012438783),.UNSPECIFIED.);
#174=B_SPLINE_CURVE_WITH_KNOTS('',3,(#11577,#11578,#11579,#11580),
 .UNSPECIFIED.,.F.,.F.,(4,4),(0.,0.00100213012438783),.UNSPECIFIED.);
#175=B_SPLINE_CURVE_WITH_KNOTS('',3,(#11581,#11582,#11583,#11584),
 .UNSPECIFIED.,.F.,.F.,(4,4),(1.38777878078145E-17,0.00100214331376535),
 .UNSPECIFIED.);
#176=B_SPLINE_CURVE_WITH_KNOTS('',3,(#11585,#11586,#11587,#11588,#11589),
 .UNSPECIFIED.,.F.,.F.,(4,1,4),(0.,0.00107802566535966,0.00215605133071933),
 .UNSPECIFIED.);
#177=B_SPLINE_CURVE_WITH_KNOTS('',3,(#11593,#11594,#11595,#11596),
 .UNSPECIFIED.,.F.,.F.,(4,4),(0.,0.00334145314503874),.UNSPECIFIED.);
#178=B_SPLINE_CURVE_WITH_KNOTS('',3,(#11600,#11601,#11602,#11603,#11604),
 .UNSPECIFIED.,.F.,.F.,(4,1,4),(0.,0.00107817049808135,0.00215634099616271),
 .UNSPECIFIED.);
#179=B_SPLINE_CURVE_WITH_KNOTS('',3,(#11606,#11607,#11608,#11609),
 .UNSPECIFIED.,.F.,.F.,(4,4),(0.,0.00100214331376537),.UNSPECIFIED.);
#180=B_SPLINE_CURVE_WITH_KNOTS('',3,(#11610,#11611,#11612,#11613,#11614),
 .UNSPECIFIED.,.F.,.F.,(4,1,4),(0.,0.00107802566535967,0.00215605133071935),
 .UNSPECIFIED.);
#181=B_SPLINE_CURVE_WITH_KNOTS('',3,(#11618,#11619,#11620,#11621),
 .UNSPECIFIED.,.F.,.F.,(4,4),(0.,0.00334145314503877),.UNSPECIFIED.);
#182=B_SPLINE_CURVE_WITH_KNOTS('',3,(#11625,#11626,#11627,#11628,#11629),
 .UNSPECIFIED.,.F.,.F.,(4,1,4),(0.,0.00107817049808131,0.00215634099616263),
 .UNSPECIFIED.);
#183=B_SPLINE_CURVE_WITH_KNOTS('',3,(#11630,#11631,#11632,#11633),
 .UNSPECIFIED.,.F.,.F.,(4,4),(0.,0.00100213012438778),.UNSPECIFIED.);
#184=B_SPLINE_CURVE_WITH_KNOTS('',3,(#12430,#12431,#12432,#12433,#12434),
 .UNSPECIFIED.,.F.,.F.,(4,1,4),(0.,0.00080764104309958,0.00161528208619916),
 .UNSPECIFIED.);
#185=B_SPLINE_CURVE_WITH_KNOTS('',3,(#12442,#12443,#12444,#12445,#12446),
 .UNSPECIFIED.,.F.,.F.,(4,1,4),(0.,0.000807641043099581,0.00161528208619916),
 .UNSPECIFIED.);
#186=B_SPLINE_CURVE_WITH_KNOTS('',3,(#12454,#12455,#12456,#12457,#12458),
 .UNSPECIFIED.,.F.,.F.,(4,1,4),(0.,0.000807641043099583,0.00161528208619917),
 .UNSPECIFIED.);
#187=B_SPLINE_CURVE_WITH_KNOTS('',3,(#12467,#12468,#12469,#12470,#12471),
 .UNSPECIFIED.,.F.,.F.,(4,1,4),(0.,0.000807641043099587,0.00161528208619917),
 .UNSPECIFIED.);
#188=B_SPLINE_CURVE_WITH_KNOTS('',3,(#12648,#12649,#12650,#12651,#12652,
#12653,#12654,#12655,#12656,#12657),.UNSPECIFIED.,.F.,.F.,(4,1,1,1,1,1,
1,4),(2.13871073731809E-17,0.000434615738234141,0.000869231476468261,0.00130384721470238,
0.0017384629529365,0.00217307869117062,0.00260769442940474,0.00347692590587298),
 .UNSPECIFIED.);
#189=B_SPLINE_CURVE_WITH_KNOTS('',3,(#12672,#12673,#12674,#12675,#12676,
#12677,#12678,#12679,#12680,#12681),.UNSPECIFIED.,.F.,.F.,(4,1,1,1,1,1,
1,4),(0.,0.000434615738234113,0.000869231476468225,0.00130384721470234,
0.00173846295293645,0.00217307869117056,0.00260769442940468,0.0034769259058729),
 .UNSPECIFIED.);
#190=B_SPLINE_CURVE_WITH_KNOTS('',3,(#12696,#12697,#12698,#12699,#12700,
#12701,#12702,#12703,#12704,#12705),.UNSPECIFIED.,.F.,.F.,(4,1,1,1,1,1,
1,4),(0.,0.000434615738234108,0.000869231476468216,0.00130384721470232,
0.00173846295293643,0.00217307869117054,0.00260769442940465,0.00347692590587286),
 .UNSPECIFIED.);
#191=B_SPLINE_CURVE_WITH_KNOTS('',3,(#12720,#12721,#12722,#12723,#12724,
#12725,#12726,#12727,#12728,#12729),.UNSPECIFIED.,.F.,.F.,(4,1,1,1,1,1,
1,4),(0.,0.000434615738234114,0.000869231476468229,0.00130384721470234,
0.00173846295293646,0.00217307869117057,0.00260769442940469,0.00347692590587291),
 .UNSPECIFIED.);
#192=B_SPLINE_CURVE_WITH_KNOTS('',3,(#12744,#12745,#12746,#12747,#12748,
#12749,#12750,#12751,#12752,#12753),.UNSPECIFIED.,.F.,.F.,(4,1,1,1,1,1,
1,4),(0.,0.000434615738234092,0.000869231476468185,0.00130384721470228,
0.00173846295293637,0.00217307869117046,0.00260769442940455,0.00347692590587274),
 .UNSPECIFIED.);
#193=B_SPLINE_CURVE_WITH_KNOTS('',3,(#12768,#12769,#12770,#12771,#12772,
#12773,#12774,#12775,#12776,#12777),.UNSPECIFIED.,.F.,.F.,(4,1,1,1,1,1,
1,4),(0.,0.000434615738234071,0.000869231476468143,0.00130384721470221,
0.00173846295293629,0.00217307869117036,0.00260769442940443,0.00347692590587257),
 .UNSPECIFIED.);
#194=B_SPLINE_CURVE_WITH_KNOTS('',3,(#12792,#12793,#12794,#12795,#12796,
#12797,#12798,#12799,#12800,#12801),.UNSPECIFIED.,.F.,.F.,(4,1,1,1,1,1,
1,4),(0.,0.000434615738234103,0.000869231476468207,0.00130384721470231,
0.00173846295293641,0.00217307869117052,0.00260769442940462,0.00347692590587283),
 .UNSPECIFIED.);
#195=B_SPLINE_CURVE_WITH_KNOTS('',3,(#12816,#12817,#12818,#12819,#12820,
#12821,#12822,#12823,#12824,#12825),.UNSPECIFIED.,.F.,.F.,(4,1,1,1,1,1,
1,4),(0.,0.0004346157382341,0.0008692314764682,0.0013038472147023,0.0017384629529364,
0.0021730786911705,0.0026076944294046,0.0034769259058728),.UNSPECIFIED.);
#196=CIRCLE('',#7678,0.0025);
#197=CIRCLE('',#7679,0.0025);
#198=CIRCLE('',#7681,0.0025);
#199=CIRCLE('',#7682,0.0025);
#200=CIRCLE('',#7688,0.0025);
#201=CIRCLE('',#7689,0.0025);
#202=CIRCLE('',#7691,0.0025);
#203=CIRCLE('',#7692,0.0025);
#204=CIRCLE('',#7698,0.0025);
#205=CIRCLE('',#7699,0.0025);
#206=CIRCLE('',#7701,0.0025);
#207=CIRCLE('',#7702,0.0025);
#208=CIRCLE('',#7708,0.0025);
#209=CIRCLE('',#7709,0.0025);
#210=CIRCLE('',#7711,0.0025);
#211=CIRCLE('',#7712,0.0025);
#212=CIRCLE('',#7741,0.002);
#213=CIRCLE('',#7743,0.002);
#214=CIRCLE('',#7745,0.00425);
#215=CIRCLE('',#7746,0.00625);
#216=CIRCLE('',#7747,0.002);
#217=CIRCLE('',#7749,0.002);
#218=CIRCLE('',#7750,0.002);
#219=CIRCLE('',#7752,0.002);
#220=CIRCLE('',#7758,0.002);
#221=CIRCLE('',#7760,0.002);
#222=CIRCLE('',#7762,0.00425);
#223=CIRCLE('',#7763,0.002);
#224=CIRCLE('',#7764,0.00624999999999991);
#225=CIRCLE('',#7766,0.002);
#226=CIRCLE('',#7772,0.002);
#227=CIRCLE('',#7774,0.002);
#228=CIRCLE('',#7776,0.002);
#229=CIRCLE('',#7777,0.002);
#230=CIRCLE('',#7779,0.002);
#231=CIRCLE('',#7785,0.002);
#232=CIRCLE('',#7787,0.002);
#233=CIRCLE('',#7789,0.00425);
#234=CIRCLE('',#7790,0.002);
#235=CIRCLE('',#7791,0.00625);
#236=CIRCLE('',#7793,0.002);
#237=CIRCLE('',#7799,0.002);
#238=CIRCLE('',#7801,0.002);
#239=CIRCLE('',#7803,0.002);
#240=CIRCLE('',#7804,0.002);
#241=CIRCLE('',#7806,0.002);
#242=CIRCLE('',#7812,0.002);
#243=CIRCLE('',#7814,0.002);
#244=CIRCLE('',#7816,0.00425);
#245=CIRCLE('',#7817,0.002);
#246=CIRCLE('',#7818,0.00624999999999988);
#247=CIRCLE('',#7820,0.002);
#248=CIRCLE('',#7826,0.002);
#249=CIRCLE('',#7828,0.002);
#250=CIRCLE('',#7830,0.002);
#251=CIRCLE('',#7831,0.002);
#252=CIRCLE('',#7833,0.002);
#253=CIRCLE('',#7839,0.002);
#254=CIRCLE('',#7841,0.002);
#255=CIRCLE('',#7843,0.002);
#256=CIRCLE('',#7877,0.00425);
#257=CIRCLE('',#7880,0.00425);
#258=CIRCLE('',#7883,0.00425);
#259=CIRCLE('',#7886,0.00425);
#260=CIRCLE('',#7890,0.002);
#261=CIRCLE('',#7894,0.0025);
#262=CIRCLE('',#7899,0.0025);
#263=CIRCLE('',#7915,0.002);
#264=CIRCLE('',#7919,0.0025);
#265=CIRCLE('',#7924,0.0025);
#266=CIRCLE('',#7940,0.002);
#267=CIRCLE('',#7944,0.0025);
#268=CIRCLE('',#7949,0.0025);
#269=CIRCLE('',#7965,0.002);
#270=CIRCLE('',#7969,0.0025);
#271=CIRCLE('',#7974,0.0025);
#272=CIRCLE('',#7990,0.002);
#273=CIRCLE('',#7994,0.0025);
#274=CIRCLE('',#7999,0.0025);
#275=CIRCLE('',#8015,0.002);
#276=CIRCLE('',#8019,0.0025);
#277=CIRCLE('',#8024,0.0025);
#278=CIRCLE('',#8040,0.002);
#279=CIRCLE('',#8044,0.0025);
#280=CIRCLE('',#8049,0.0025);
#281=CIRCLE('',#8065,0.002);
#282=CIRCLE('',#8069,0.0025);
#283=CIRCLE('',#8074,0.0025);
#284=CIRCLE('',#8131,0.002);
#285=CIRCLE('',#8134,0.002);
#286=CIRCLE('',#8139,0.002);
#287=CIRCLE('',#8142,0.002);
#288=CIRCLE('',#8147,0.002);
#289=CIRCLE('',#8150,0.002);
#290=CIRCLE('',#8155,0.002);
#291=CIRCLE('',#8158,0.002);
#292=CIRCLE('',#8163,0.002);
#293=CIRCLE('',#8166,0.002);
#294=CIRCLE('',#8171,0.002);
#295=CIRCLE('',#8174,0.002);
#296=CIRCLE('',#8179,0.002);
#297=CIRCLE('',#8182,0.002);
#298=CIRCLE('',#8187,0.002);
#299=CIRCLE('',#8190,0.002);
#300=CIRCLE('',#8193,0.002);
#301=CIRCLE('',#8195,0.002);
#302=CIRCLE('',#8197,0.002);
#303=CIRCLE('',#8199,0.002);
#304=CIRCLE('',#8201,0.002);
#305=CIRCLE('',#8203,0.002);
#306=CIRCLE('',#8205,0.002);
#307=CIRCLE('',#8207,0.002);
#308=CIRCLE('',#8216,0.004);
#309=CIRCLE('',#8218,0.004);
#310=CIRCLE('',#8220,0.004);
#311=CIRCLE('',#8222,0.004);
#312=CIRCLE('',#8224,0.004);
#313=CIRCLE('',#8226,0.004);
#314=CIRCLE('',#8228,0.004);
#315=CIRCLE('',#8230,0.004);
#316=CIRCLE('',#8232,0.004);
#317=CIRCLE('',#8234,0.004);
#318=CIRCLE('',#8236,0.004);
#319=CIRCLE('',#8238,0.004);
#320=CIRCLE('',#8240,0.004);
#321=CIRCLE('',#8242,0.004);
#322=CIRCLE('',#8244,0.004);
#323=CIRCLE('',#8246,0.004);
#324=CIRCLE('',#8248,0.004);
#325=CIRCLE('',#8250,0.004);
#326=CIRCLE('',#8252,0.004);
#327=CIRCLE('',#8254,0.004);
#328=CIRCLE('',#8256,0.004);
#329=CIRCLE('',#8258,0.004);
#330=CIRCLE('',#8260,0.004);
#331=CIRCLE('',#8262,0.004);
#332=CIRCLE('',#8264,0.004);
#333=CIRCLE('',#8266,0.004);
#334=CIRCLE('',#8268,0.004);
#335=CIRCLE('',#8270,0.004);
#336=CIRCLE('',#8272,0.004);
#337=CIRCLE('',#8274,0.004);
#338=CIRCLE('',#8276,0.004);
#339=CIRCLE('',#8278,0.004);
#340=ELLIPSE('',#7676,0.00831081266163438,0.007);
#341=ELLIPSE('',#7677,0.0129689911483105,0.00625);
#342=ELLIPSE('',#7683,0.0129689911483104,0.00624999999999991);
#343=ELLIPSE('',#7684,0.00831081266163436,0.007);
#344=ELLIPSE('',#7686,0.00831081266163439,0.007);
#345=ELLIPSE('',#7687,0.0129689911483104,0.00624999999999991);
#346=ELLIPSE('',#7693,0.0129689911483105,0.00625);
#347=ELLIPSE('',#7694,0.00831081266163438,0.007);
#348=ELLIPSE('',#7696,0.00831081266163435,0.007);
#349=ELLIPSE('',#7697,0.0129689911483105,0.00625);
#350=ELLIPSE('',#7703,0.0129689911483103,0.00624999999999988);
#351=ELLIPSE('',#7704,0.00831081266163437,0.007);
#352=ELLIPSE('',#7706,0.00831081266163436,0.007);
#353=ELLIPSE('',#7707,0.0129689911483104,0.00624999999999988);
#354=ELLIPSE('',#7713,0.0129689911483105,0.00625);
#355=ELLIPSE('',#7714,0.00831081266163438,0.007);
#356=ELLIPSE('',#7716,0.00232757452706827,0.002);
#357=ELLIPSE('',#7717,0.00232757452706827,0.002);
#358=ELLIPSE('',#7718,0.00232757452706827,0.002);
#359=ELLIPSE('',#7719,0.00232757452706827,0.002);
#360=ELLIPSE('',#7720,0.00232757452706827,0.002);
#361=ELLIPSE('',#7721,0.00232757452706827,0.002);
#362=ELLIPSE('',#7722,0.00232757452706827,0.002);
#363=ELLIPSE('',#7723,0.00232757452706827,0.002);
#364=ELLIPSE('',#7724,0.00700354105319385,0.004);
#365=ELLIPSE('',#7725,0.00700354105319384,0.004);
#366=ELLIPSE('',#7726,0.00700354105319385,0.004);
#367=ELLIPSE('',#7727,0.00700354105319384,0.004);
#368=ELLIPSE('',#7728,0.00700354105319385,0.004);
#369=ELLIPSE('',#7729,0.00700354105319383,0.004);
#370=ELLIPSE('',#7730,0.00700354105319385,0.004);
#371=ELLIPSE('',#7731,0.00700354105319384,0.004);
#372=ELLIPSE('',#7732,0.00700354105319385,0.004);
#373=ELLIPSE('',#7733,0.00700354105319384,0.004);
#374=ELLIPSE('',#7734,0.00700354105319385,0.004);
#375=ELLIPSE('',#7735,0.00700354105319383,0.004);
#376=ELLIPSE('',#7736,0.00700354105319385,0.004);
#377=ELLIPSE('',#7737,0.00700354105319385,0.004);
#378=ELLIPSE('',#7738,0.00700354105319386,0.004);
#379=ELLIPSE('',#7739,0.00700354105319384,0.004);
#380=ELLIPSE('',#7848,0.0122799352717979,0.00624999999999991);
#381=ELLIPSE('',#7849,0.0122799352717979,0.00624999999999991);
#382=ELLIPSE('',#7851,0.0122799352717979,0.00625);
#383=ELLIPSE('',#7852,0.012279935271798,0.00625);
#384=ELLIPSE('',#7854,0.0122799352717978,0.00624999999999988);
#385=ELLIPSE('',#7855,0.0122799352717978,0.00624999999999988);
#386=ELLIPSE('',#7857,0.012279935271798,0.00625);
#387=ELLIPSE('',#7858,0.012279935271798,0.00625);
#388=ELLIPSE('',#8089,0.00671339013440917,0.005);
#389=ELLIPSE('',#8090,0.00671339013440914,0.005);
#390=ELLIPSE('',#8092,0.00671339013440913,0.005);
#391=ELLIPSE('',#8093,0.00671339013440917,0.005);
#392=ELLIPSE('',#8095,0.00671339013440915,0.005);
#393=ELLIPSE('',#8096,0.00671339013440916,0.005);
#394=ELLIPSE('',#8098,0.00671339013440917,0.005);
#395=ELLIPSE('',#8099,0.00671339013440916,0.005);
#396=ELLIPSE('',#8102,0.0031900820536684,0.002);
#397=ELLIPSE('',#8105,0.0031900820536684,0.002);
#398=ELLIPSE('',#8109,0.0031900820536684,0.002);
#399=ELLIPSE('',#8112,0.0031900820536684,0.002);
#400=ELLIPSE('',#8116,0.0031900820536684,0.002);
#401=ELLIPSE('',#8119,0.0031900820536684,0.002);
#402=ELLIPSE('',#8124,0.0031900820536684,0.002);
#403=ELLIPSE('',#8127,0.0031900820536684,0.002);
#404=ELLIPSE('',#8129,0.00259714574178288,0.002);
#405=ELLIPSE('',#8133,0.00259714574178289,0.002);
#406=ELLIPSE('',#8137,0.00259714574178289,0.002);
#407=ELLIPSE('',#8141,0.00259714574178289,0.002);
#408=ELLIPSE('',#8145,0.00259714574178289,0.002);
#409=ELLIPSE('',#8149,0.00259714574178288,0.002);
#410=ELLIPSE('',#8153,0.00259714574178289,0.002);
#411=ELLIPSE('',#8157,0.00259714574178289,0.002);
#412=ELLIPSE('',#8161,0.00259714574178288,0.002);
#413=ELLIPSE('',#8165,0.00259714574178289,0.002);
#414=ELLIPSE('',#8169,0.00259714574178288,0.002);
#415=ELLIPSE('',#8173,0.00259714574178289,0.002);
#416=ELLIPSE('',#8177,0.00259714574178289,0.002);
#417=ELLIPSE('',#8181,0.00259714574178288,0.002);
#418=ELLIPSE('',#8185,0.00259714574178288,0.002);
#419=ELLIPSE('',#8189,0.00259714574178289,0.002);
#420=ORIENTED_EDGE('',*,*,#2644,.T.);
#421=ORIENTED_EDGE('',*,*,#2645,.T.);
#422=ORIENTED_EDGE('',*,*,#2646,.T.);
#423=ORIENTED_EDGE('',*,*,#2647,.T.);
#424=ORIENTED_EDGE('',*,*,#2648,.T.);
#425=ORIENTED_EDGE('',*,*,#2649,.T.);
#426=ORIENTED_EDGE('',*,*,#2650,.T.);
#427=ORIENTED_EDGE('',*,*,#2651,.T.);
#428=ORIENTED_EDGE('',*,*,#2652,.T.);
#429=ORIENTED_EDGE('',*,*,#2653,.F.);
#430=ORIENTED_EDGE('',*,*,#2654,.T.);
#431=ORIENTED_EDGE('',*,*,#2655,.F.);
#432=ORIENTED_EDGE('',*,*,#2656,.F.);
#433=ORIENTED_EDGE('',*,*,#2657,.F.);
#434=ORIENTED_EDGE('',*,*,#2658,.T.);
#435=ORIENTED_EDGE('',*,*,#2659,.F.);
#436=ORIENTED_EDGE('',*,*,#2660,.F.);
#437=ORIENTED_EDGE('',*,*,#2661,.F.);
#438=ORIENTED_EDGE('',*,*,#2662,.T.);
#439=ORIENTED_EDGE('',*,*,#2663,.T.);
#440=ORIENTED_EDGE('',*,*,#2664,.T.);
#441=ORIENTED_EDGE('',*,*,#2665,.T.);
#442=ORIENTED_EDGE('',*,*,#2666,.T.);
#443=ORIENTED_EDGE('',*,*,#2667,.T.);
#444=ORIENTED_EDGE('',*,*,#2668,.T.);
#445=ORIENTED_EDGE('',*,*,#2669,.F.);
#446=ORIENTED_EDGE('',*,*,#2670,.T.);
#447=ORIENTED_EDGE('',*,*,#2671,.F.);
#448=ORIENTED_EDGE('',*,*,#2672,.F.);
#449=ORIENTED_EDGE('',*,*,#2673,.F.);
#450=ORIENTED_EDGE('',*,*,#2674,.T.);
#451=ORIENTED_EDGE('',*,*,#2675,.F.);
#452=ORIENTED_EDGE('',*,*,#2676,.F.);
#453=ORIENTED_EDGE('',*,*,#2677,.F.);
#454=ORIENTED_EDGE('',*,*,#2678,.T.);
#455=ORIENTED_EDGE('',*,*,#2679,.T.);
#456=ORIENTED_EDGE('',*,*,#2680,.T.);
#457=ORIENTED_EDGE('',*,*,#2681,.T.);
#458=ORIENTED_EDGE('',*,*,#2682,.T.);
#459=ORIENTED_EDGE('',*,*,#2683,.T.);
#460=ORIENTED_EDGE('',*,*,#2684,.T.);
#461=ORIENTED_EDGE('',*,*,#2685,.T.);
#462=ORIENTED_EDGE('',*,*,#2686,.T.);
#463=ORIENTED_EDGE('',*,*,#2687,.T.);
#464=ORIENTED_EDGE('',*,*,#2688,.T.);
#465=ORIENTED_EDGE('',*,*,#2689,.T.);
#466=ORIENTED_EDGE('',*,*,#2690,.T.);
#467=ORIENTED_EDGE('',*,*,#2691,.T.);
#468=ORIENTED_EDGE('',*,*,#2692,.T.);
#469=ORIENTED_EDGE('',*,*,#2693,.F.);
#470=ORIENTED_EDGE('',*,*,#2694,.T.);
#471=ORIENTED_EDGE('',*,*,#2695,.F.);
#472=ORIENTED_EDGE('',*,*,#2696,.F.);
#473=ORIENTED_EDGE('',*,*,#2697,.F.);
#474=ORIENTED_EDGE('',*,*,#2698,.T.);
#475=ORIENTED_EDGE('',*,*,#2699,.F.);
#476=ORIENTED_EDGE('',*,*,#2700,.F.);
#477=ORIENTED_EDGE('',*,*,#2701,.F.);
#478=ORIENTED_EDGE('',*,*,#2702,.T.);
#479=ORIENTED_EDGE('',*,*,#2703,.T.);
#480=ORIENTED_EDGE('',*,*,#2704,.T.);
#481=ORIENTED_EDGE('',*,*,#2705,.T.);
#482=ORIENTED_EDGE('',*,*,#2706,.T.);
#483=ORIENTED_EDGE('',*,*,#2707,.T.);
#484=ORIENTED_EDGE('',*,*,#2708,.T.);
#485=ORIENTED_EDGE('',*,*,#2709,.T.);
#486=ORIENTED_EDGE('',*,*,#2710,.T.);
#487=ORIENTED_EDGE('',*,*,#2711,.F.);
#488=ORIENTED_EDGE('',*,*,#2712,.T.);
#489=ORIENTED_EDGE('',*,*,#2713,.F.);
#490=ORIENTED_EDGE('',*,*,#2714,.F.);
#491=ORIENTED_EDGE('',*,*,#2715,.F.);
#492=ORIENTED_EDGE('',*,*,#2716,.T.);
#493=ORIENTED_EDGE('',*,*,#2717,.F.);
#494=ORIENTED_EDGE('',*,*,#2718,.F.);
#495=ORIENTED_EDGE('',*,*,#2719,.F.);
#496=ORIENTED_EDGE('',*,*,#2720,.T.);
#497=ORIENTED_EDGE('',*,*,#2721,.T.);
#498=ORIENTED_EDGE('',*,*,#2722,.T.);
#499=ORIENTED_EDGE('',*,*,#2723,.T.);
#500=ORIENTED_EDGE('',*,*,#2724,.T.);
#501=ORIENTED_EDGE('',*,*,#2725,.T.);
#502=ORIENTED_EDGE('',*,*,#2726,.T.);
#503=ORIENTED_EDGE('',*,*,#2727,.T.);
#504=ORIENTED_EDGE('',*,*,#2728,.T.);
#505=ORIENTED_EDGE('',*,*,#2729,.T.);
#506=ORIENTED_EDGE('',*,*,#2730,.T.);
#507=ORIENTED_EDGE('',*,*,#2731,.T.);
#508=ORIENTED_EDGE('',*,*,#2732,.T.);
#509=ORIENTED_EDGE('',*,*,#2733,.T.);
#510=ORIENTED_EDGE('',*,*,#2734,.T.);
#511=ORIENTED_EDGE('',*,*,#2735,.F.);
#512=ORIENTED_EDGE('',*,*,#2736,.T.);
#513=ORIENTED_EDGE('',*,*,#2737,.F.);
#514=ORIENTED_EDGE('',*,*,#2738,.F.);
#515=ORIENTED_EDGE('',*,*,#2739,.F.);
#516=ORIENTED_EDGE('',*,*,#2740,.T.);
#517=ORIENTED_EDGE('',*,*,#2741,.F.);
#518=ORIENTED_EDGE('',*,*,#2742,.F.);
#519=ORIENTED_EDGE('',*,*,#2743,.F.);
#520=ORIENTED_EDGE('',*,*,#2744,.T.);
#521=ORIENTED_EDGE('',*,*,#2745,.T.);
#522=ORIENTED_EDGE('',*,*,#2746,.T.);
#523=ORIENTED_EDGE('',*,*,#2747,.T.);
#524=ORIENTED_EDGE('',*,*,#2748,.T.);
#525=ORIENTED_EDGE('',*,*,#2749,.T.);
#526=ORIENTED_EDGE('',*,*,#2750,.T.);
#527=ORIENTED_EDGE('',*,*,#2751,.T.);
#528=ORIENTED_EDGE('',*,*,#2752,.T.);
#529=ORIENTED_EDGE('',*,*,#2753,.F.);
#530=ORIENTED_EDGE('',*,*,#2754,.T.);
#531=ORIENTED_EDGE('',*,*,#2755,.F.);
#532=ORIENTED_EDGE('',*,*,#2756,.F.);
#533=ORIENTED_EDGE('',*,*,#2757,.F.);
#534=ORIENTED_EDGE('',*,*,#2758,.T.);
#535=ORIENTED_EDGE('',*,*,#2759,.F.);
#536=ORIENTED_EDGE('',*,*,#2760,.F.);
#537=ORIENTED_EDGE('',*,*,#2761,.F.);
#538=ORIENTED_EDGE('',*,*,#2762,.T.);
#539=ORIENTED_EDGE('',*,*,#2763,.T.);
#540=ORIENTED_EDGE('',*,*,#2764,.T.);
#541=ORIENTED_EDGE('',*,*,#2765,.T.);
#542=ORIENTED_EDGE('',*,*,#2766,.T.);
#543=ORIENTED_EDGE('',*,*,#2767,.T.);
#544=ORIENTED_EDGE('',*,*,#2768,.T.);
#545=ORIENTED_EDGE('',*,*,#2769,.T.);
#546=ORIENTED_EDGE('',*,*,#2770,.T.);
#547=ORIENTED_EDGE('',*,*,#2771,.T.);
#548=ORIENTED_EDGE('',*,*,#2772,.T.);
#549=ORIENTED_EDGE('',*,*,#2773,.T.);
#550=ORIENTED_EDGE('',*,*,#2774,.T.);
#551=ORIENTED_EDGE('',*,*,#2775,.T.);
#552=ORIENTED_EDGE('',*,*,#2776,.T.);
#553=ORIENTED_EDGE('',*,*,#2777,.F.);
#554=ORIENTED_EDGE('',*,*,#2778,.T.);
#555=ORIENTED_EDGE('',*,*,#2779,.F.);
#556=ORIENTED_EDGE('',*,*,#2780,.F.);
#557=ORIENTED_EDGE('',*,*,#2781,.F.);
#558=ORIENTED_EDGE('',*,*,#2782,.T.);
#559=ORIENTED_EDGE('',*,*,#2783,.F.);
#560=ORIENTED_EDGE('',*,*,#2784,.F.);
#561=ORIENTED_EDGE('',*,*,#2785,.F.);
#562=ORIENTED_EDGE('',*,*,#2786,.T.);
#563=ORIENTED_EDGE('',*,*,#2787,.T.);
#564=ORIENTED_EDGE('',*,*,#2788,.T.);
#565=ORIENTED_EDGE('',*,*,#2789,.T.);
#566=ORIENTED_EDGE('',*,*,#2790,.T.);
#567=ORIENTED_EDGE('',*,*,#2791,.T.);
#568=ORIENTED_EDGE('',*,*,#2792,.T.);
#569=ORIENTED_EDGE('',*,*,#2793,.T.);
#570=ORIENTED_EDGE('',*,*,#2794,.T.);
#571=ORIENTED_EDGE('',*,*,#2795,.F.);
#572=ORIENTED_EDGE('',*,*,#2796,.T.);
#573=ORIENTED_EDGE('',*,*,#2797,.F.);
#574=ORIENTED_EDGE('',*,*,#2798,.F.);
#575=ORIENTED_EDGE('',*,*,#2799,.F.);
#576=ORIENTED_EDGE('',*,*,#2800,.T.);
#577=ORIENTED_EDGE('',*,*,#2801,.F.);
#578=ORIENTED_EDGE('',*,*,#2802,.F.);
#579=ORIENTED_EDGE('',*,*,#2803,.F.);
#580=ORIENTED_EDGE('',*,*,#2804,.T.);
#581=ORIENTED_EDGE('',*,*,#2805,.T.);
#582=ORIENTED_EDGE('',*,*,#2806,.T.);
#583=ORIENTED_EDGE('',*,*,#2807,.T.);
#584=ORIENTED_EDGE('',*,*,#2808,.T.);
#585=ORIENTED_EDGE('',*,*,#2809,.T.);
#586=ORIENTED_EDGE('',*,*,#2810,.T.);
#587=ORIENTED_EDGE('',*,*,#2811,.T.);
#588=ORIENTED_EDGE('',*,*,#2812,.T.);
#589=ORIENTED_EDGE('',*,*,#2813,.T.);
#590=ORIENTED_EDGE('',*,*,#2814,.T.);
#591=ORIENTED_EDGE('',*,*,#2815,.T.);
#592=ORIENTED_EDGE('',*,*,#2816,.T.);
#593=ORIENTED_EDGE('',*,*,#2817,.T.);
#594=ORIENTED_EDGE('',*,*,#2818,.T.);
#595=ORIENTED_EDGE('',*,*,#2819,.T.);
#596=ORIENTED_EDGE('',*,*,#2820,.T.);
#597=ORIENTED_EDGE('',*,*,#2821,.T.);
#598=ORIENTED_EDGE('',*,*,#2822,.T.);
#599=ORIENTED_EDGE('',*,*,#2823,.T.);
#600=ORIENTED_EDGE('',*,*,#2824,.T.);
#601=ORIENTED_EDGE('',*,*,#2825,.T.);
#602=ORIENTED_EDGE('',*,*,#2826,.T.);
#603=ORIENTED_EDGE('',*,*,#2827,.T.);
#604=ORIENTED_EDGE('',*,*,#2646,.F.);
#605=ORIENTED_EDGE('',*,*,#2828,.T.);
#606=ORIENTED_EDGE('',*,*,#2829,.F.);
#607=ORIENTED_EDGE('',*,*,#2830,.T.);
#608=ORIENTED_EDGE('',*,*,#2665,.F.);
#609=ORIENTED_EDGE('',*,*,#2831,.T.);
#610=ORIENTED_EDGE('',*,*,#2832,.F.);
#611=ORIENTED_EDGE('',*,*,#2833,.T.);
#612=ORIENTED_EDGE('',*,*,#2686,.F.);
#613=ORIENTED_EDGE('',*,*,#2834,.T.);
#614=ORIENTED_EDGE('',*,*,#2835,.F.);
#615=ORIENTED_EDGE('',*,*,#2836,.T.);
#616=ORIENTED_EDGE('',*,*,#2707,.F.);
#617=ORIENTED_EDGE('',*,*,#2837,.T.);
#618=ORIENTED_EDGE('',*,*,#2838,.F.);
#619=ORIENTED_EDGE('',*,*,#2839,.T.);
#620=ORIENTED_EDGE('',*,*,#2728,.F.);
#621=ORIENTED_EDGE('',*,*,#2840,.T.);
#622=ORIENTED_EDGE('',*,*,#2841,.F.);
#623=ORIENTED_EDGE('',*,*,#2842,.T.);
#624=ORIENTED_EDGE('',*,*,#2749,.F.);
#625=ORIENTED_EDGE('',*,*,#2843,.T.);
#626=ORIENTED_EDGE('',*,*,#2844,.F.);
#627=ORIENTED_EDGE('',*,*,#2845,.T.);
#628=ORIENTED_EDGE('',*,*,#2770,.F.);
#629=ORIENTED_EDGE('',*,*,#2846,.T.);
#630=ORIENTED_EDGE('',*,*,#2847,.F.);
#631=ORIENTED_EDGE('',*,*,#2848,.T.);
#632=ORIENTED_EDGE('',*,*,#2791,.F.);
#633=ORIENTED_EDGE('',*,*,#2849,.T.);
#634=ORIENTED_EDGE('',*,*,#2850,.F.);
#635=ORIENTED_EDGE('',*,*,#2851,.T.);
#636=ORIENTED_EDGE('',*,*,#2852,.T.);
#637=ORIENTED_EDGE('',*,*,#2853,.T.);
#638=ORIENTED_EDGE('',*,*,#2854,.F.);
#639=ORIENTED_EDGE('',*,*,#2855,.T.);
#640=ORIENTED_EDGE('',*,*,#2856,.F.);
#641=ORIENTED_EDGE('',*,*,#2857,.T.);
#642=ORIENTED_EDGE('',*,*,#2858,.F.);
#643=ORIENTED_EDGE('',*,*,#2859,.F.);
#644=ORIENTED_EDGE('',*,*,#2860,.T.);
#645=ORIENTED_EDGE('',*,*,#2861,.T.);
#646=ORIENTED_EDGE('',*,*,#2862,.T.);
#647=ORIENTED_EDGE('',*,*,#2863,.T.);
#648=ORIENTED_EDGE('',*,*,#2864,.F.);
#649=ORIENTED_EDGE('',*,*,#2865,.F.);
#650=ORIENTED_EDGE('',*,*,#2866,.T.);
#651=ORIENTED_EDGE('',*,*,#2867,.F.);
#652=ORIENTED_EDGE('',*,*,#2868,.F.);
#653=ORIENTED_EDGE('',*,*,#2859,.T.);
#654=ORIENTED_EDGE('',*,*,#2869,.T.);
#655=ORIENTED_EDGE('',*,*,#2870,.T.);
#656=ORIENTED_EDGE('',*,*,#2871,.T.);
#657=ORIENTED_EDGE('',*,*,#2872,.T.);
#658=ORIENTED_EDGE('',*,*,#2873,.T.);
#659=ORIENTED_EDGE('',*,*,#2874,.T.);
#660=ORIENTED_EDGE('',*,*,#2875,.T.);
#661=ORIENTED_EDGE('',*,*,#2876,.F.);
#662=ORIENTED_EDGE('',*,*,#2877,.T.);
#663=ORIENTED_EDGE('',*,*,#2878,.F.);
#664=ORIENTED_EDGE('',*,*,#2879,.T.);
#665=ORIENTED_EDGE('',*,*,#2880,.F.);
#666=ORIENTED_EDGE('',*,*,#2881,.F.);
#667=ORIENTED_EDGE('',*,*,#2882,.T.);
#668=ORIENTED_EDGE('',*,*,#2883,.F.);
#669=ORIENTED_EDGE('',*,*,#2884,.T.);
#670=ORIENTED_EDGE('',*,*,#2885,.T.);
#671=ORIENTED_EDGE('',*,*,#2886,.T.);
#672=ORIENTED_EDGE('',*,*,#2887,.F.);
#673=ORIENTED_EDGE('',*,*,#2888,.T.);
#674=ORIENTED_EDGE('',*,*,#2889,.F.);
#675=ORIENTED_EDGE('',*,*,#2890,.T.);
#676=ORIENTED_EDGE('',*,*,#2863,.F.);
#677=ORIENTED_EDGE('',*,*,#2891,.F.);
#678=ORIENTED_EDGE('',*,*,#2892,.T.);
#679=ORIENTED_EDGE('',*,*,#2893,.F.);
#680=ORIENTED_EDGE('',*,*,#2894,.T.);
#681=ORIENTED_EDGE('',*,*,#2895,.T.);
#682=ORIENTED_EDGE('',*,*,#2896,.T.);
#683=ORIENTED_EDGE('',*,*,#2897,.T.);
#684=ORIENTED_EDGE('',*,*,#2898,.T.);
#685=ORIENTED_EDGE('',*,*,#2872,.F.);
#686=ORIENTED_EDGE('',*,*,#2899,.F.);
#687=ORIENTED_EDGE('',*,*,#2900,.T.);
#688=ORIENTED_EDGE('',*,*,#2653,.T.);
#689=ORIENTED_EDGE('',*,*,#2901,.T.);
#690=ORIENTED_EDGE('',*,*,#2902,.T.);
#691=ORIENTED_EDGE('',*,*,#2902,.F.);
#692=ORIENTED_EDGE('',*,*,#2903,.T.);
#693=ORIENTED_EDGE('',*,*,#2904,.F.);
#694=ORIENTED_EDGE('',*,*,#2873,.F.);
#695=ORIENTED_EDGE('',*,*,#2905,.T.);
#696=ORIENTED_EDGE('',*,*,#2906,.T.);
#697=ORIENTED_EDGE('',*,*,#2907,.T.);
#698=ORIENTED_EDGE('',*,*,#2908,.F.);
#699=ORIENTED_EDGE('',*,*,#2886,.F.);
#700=ORIENTED_EDGE('',*,*,#2883,.T.);
#701=ORIENTED_EDGE('',*,*,#2909,.T.);
#702=ORIENTED_EDGE('',*,*,#2910,.T.);
#703=ORIENTED_EDGE('',*,*,#2852,.F.);
#704=ORIENTED_EDGE('',*,*,#2814,.F.);
#705=ORIENTED_EDGE('',*,*,#2911,.T.);
#706=ORIENTED_EDGE('',*,*,#2912,.T.);
#707=ORIENTED_EDGE('',*,*,#2860,.F.);
#708=ORIENTED_EDGE('',*,*,#2913,.F.);
#709=ORIENTED_EDGE('',*,*,#2854,.T.);
#710=ORIENTED_EDGE('',*,*,#2914,.T.);
#711=ORIENTED_EDGE('',*,*,#2915,.T.);
#712=ORIENTED_EDGE('',*,*,#2916,.T.);
#713=ORIENTED_EDGE('',*,*,#2917,.T.);
#714=ORIENTED_EDGE('',*,*,#2918,.F.);
#715=ORIENTED_EDGE('',*,*,#2919,.T.);
#716=ORIENTED_EDGE('',*,*,#2920,.F.);
#717=ORIENTED_EDGE('',*,*,#2921,.T.);
#718=ORIENTED_EDGE('',*,*,#2922,.F.);
#719=ORIENTED_EDGE('',*,*,#2894,.F.);
#720=ORIENTED_EDGE('',*,*,#2923,.T.);
#721=ORIENTED_EDGE('',*,*,#2924,.T.);
#722=ORIENTED_EDGE('',*,*,#2925,.T.);
#723=ORIENTED_EDGE('',*,*,#2926,.T.);
#724=ORIENTED_EDGE('',*,*,#2927,.F.);
#725=ORIENTED_EDGE('',*,*,#2928,.F.);
#726=ORIENTED_EDGE('',*,*,#2929,.T.);
#727=ORIENTED_EDGE('',*,*,#2930,.F.);
#728=ORIENTED_EDGE('',*,*,#2931,.F.);
#729=ORIENTED_EDGE('',*,*,#2932,.F.);
#730=ORIENTED_EDGE('',*,*,#2933,.T.);
#731=ORIENTED_EDGE('',*,*,#2926,.F.);
#732=ORIENTED_EDGE('',*,*,#2934,.F.);
#733=ORIENTED_EDGE('',*,*,#2935,.T.);
#734=ORIENTED_EDGE('',*,*,#2936,.F.);
#735=ORIENTED_EDGE('',*,*,#2937,.T.);
#736=ORIENTED_EDGE('',*,*,#2938,.T.);
#737=ORIENTED_EDGE('',*,*,#2939,.T.);
#738=ORIENTED_EDGE('',*,*,#2940,.T.);
#739=ORIENTED_EDGE('',*,*,#2941,.T.);
#740=ORIENTED_EDGE('',*,*,#2942,.T.);
#741=ORIENTED_EDGE('',*,*,#2943,.T.);
#742=ORIENTED_EDGE('',*,*,#2944,.T.);
#743=ORIENTED_EDGE('',*,*,#2945,.F.);
#744=ORIENTED_EDGE('',*,*,#2946,.T.);
#745=ORIENTED_EDGE('',*,*,#2898,.F.);
#746=ORIENTED_EDGE('',*,*,#2947,.F.);
#747=ORIENTED_EDGE('',*,*,#2948,.T.);
#748=ORIENTED_EDGE('',*,*,#2669,.T.);
#749=ORIENTED_EDGE('',*,*,#2949,.T.);
#750=ORIENTED_EDGE('',*,*,#2950,.T.);
#751=ORIENTED_EDGE('',*,*,#2951,.T.);
#752=ORIENTED_EDGE('',*,*,#2952,.T.);
#753=ORIENTED_EDGE('',*,*,#2953,.T.);
#754=ORIENTED_EDGE('',*,*,#2884,.F.);
#755=ORIENTED_EDGE('',*,*,#2950,.F.);
#756=ORIENTED_EDGE('',*,*,#2954,.T.);
#757=ORIENTED_EDGE('',*,*,#2955,.T.);
#758=ORIENTED_EDGE('',*,*,#2956,.F.);
#759=ORIENTED_EDGE('',*,*,#2944,.F.);
#760=ORIENTED_EDGE('',*,*,#2893,.T.);
#761=ORIENTED_EDGE('',*,*,#2957,.T.);
#762=ORIENTED_EDGE('',*,*,#2958,.T.);
#763=ORIENTED_EDGE('',*,*,#2916,.F.);
#764=ORIENTED_EDGE('',*,*,#2959,.T.);
#765=ORIENTED_EDGE('',*,*,#2960,.T.);
#766=ORIENTED_EDGE('',*,*,#2812,.F.);
#767=ORIENTED_EDGE('',*,*,#2961,.T.);
#768=ORIENTED_EDGE('',*,*,#2962,.T.);
#769=ORIENTED_EDGE('',*,*,#2923,.F.);
#770=ORIENTED_EDGE('',*,*,#2963,.F.);
#771=ORIENTED_EDGE('',*,*,#2918,.T.);
#772=ORIENTED_EDGE('',*,*,#2964,.T.);
#773=ORIENTED_EDGE('',*,*,#2965,.T.);
#774=ORIENTED_EDGE('',*,*,#2966,.F.);
#775=ORIENTED_EDGE('',*,*,#2967,.T.);
#776=ORIENTED_EDGE('',*,*,#2968,.F.);
#777=ORIENTED_EDGE('',*,*,#2969,.T.);
#778=ORIENTED_EDGE('',*,*,#2970,.F.);
#779=ORIENTED_EDGE('',*,*,#2937,.F.);
#780=ORIENTED_EDGE('',*,*,#2971,.T.);
#781=ORIENTED_EDGE('',*,*,#2972,.T.);
#782=ORIENTED_EDGE('',*,*,#2973,.T.);
#783=ORIENTED_EDGE('',*,*,#2974,.T.);
#784=ORIENTED_EDGE('',*,*,#2975,.F.);
#785=ORIENTED_EDGE('',*,*,#2976,.F.);
#786=ORIENTED_EDGE('',*,*,#2977,.T.);
#787=ORIENTED_EDGE('',*,*,#2978,.F.);
#788=ORIENTED_EDGE('',*,*,#2979,.T.);
#789=ORIENTED_EDGE('',*,*,#2980,.T.);
#790=ORIENTED_EDGE('',*,*,#2981,.T.);
#791=ORIENTED_EDGE('',*,*,#2982,.F.);
#792=ORIENTED_EDGE('',*,*,#2983,.T.);
#793=ORIENTED_EDGE('',*,*,#2984,.F.);
#794=ORIENTED_EDGE('',*,*,#2985,.T.);
#795=ORIENTED_EDGE('',*,*,#2974,.F.);
#796=ORIENTED_EDGE('',*,*,#2986,.F.);
#797=ORIENTED_EDGE('',*,*,#2987,.T.);
#798=ORIENTED_EDGE('',*,*,#2988,.F.);
#799=ORIENTED_EDGE('',*,*,#2989,.T.);
#800=ORIENTED_EDGE('',*,*,#2990,.T.);
#801=ORIENTED_EDGE('',*,*,#2991,.T.);
#802=ORIENTED_EDGE('',*,*,#2992,.T.);
#803=ORIENTED_EDGE('',*,*,#2993,.T.);
#804=ORIENTED_EDGE('',*,*,#2941,.F.);
#805=ORIENTED_EDGE('',*,*,#2994,.F.);
#806=ORIENTED_EDGE('',*,*,#2995,.T.);
#807=ORIENTED_EDGE('',*,*,#2693,.T.);
#808=ORIENTED_EDGE('',*,*,#2996,.T.);
#809=ORIENTED_EDGE('',*,*,#2997,.T.);
#810=ORIENTED_EDGE('',*,*,#2997,.F.);
#811=ORIENTED_EDGE('',*,*,#2998,.T.);
#812=ORIENTED_EDGE('',*,*,#2999,.F.);
#813=ORIENTED_EDGE('',*,*,#2942,.F.);
#814=ORIENTED_EDGE('',*,*,#3000,.T.);
#815=ORIENTED_EDGE('',*,*,#3001,.T.);
#816=ORIENTED_EDGE('',*,*,#3002,.T.);
#817=ORIENTED_EDGE('',*,*,#3003,.F.);
#818=ORIENTED_EDGE('',*,*,#2981,.F.);
#819=ORIENTED_EDGE('',*,*,#2936,.T.);
#820=ORIENTED_EDGE('',*,*,#3004,.T.);
#821=ORIENTED_EDGE('',*,*,#3005,.T.);
#822=ORIENTED_EDGE('',*,*,#2964,.F.);
#823=ORIENTED_EDGE('',*,*,#3006,.T.);
#824=ORIENTED_EDGE('',*,*,#3007,.T.);
#825=ORIENTED_EDGE('',*,*,#2826,.F.);
#826=ORIENTED_EDGE('',*,*,#3008,.T.);
#827=ORIENTED_EDGE('',*,*,#3009,.T.);
#828=ORIENTED_EDGE('',*,*,#2971,.F.);
#829=ORIENTED_EDGE('',*,*,#3010,.F.);
#830=ORIENTED_EDGE('',*,*,#2966,.T.);
#831=ORIENTED_EDGE('',*,*,#3011,.T.);
#832=ORIENTED_EDGE('',*,*,#3012,.T.);
#833=ORIENTED_EDGE('',*,*,#3013,.F.);
#834=ORIENTED_EDGE('',*,*,#3014,.T.);
#835=ORIENTED_EDGE('',*,*,#3015,.F.);
#836=ORIENTED_EDGE('',*,*,#3016,.T.);
#837=ORIENTED_EDGE('',*,*,#3017,.F.);
#838=ORIENTED_EDGE('',*,*,#2989,.F.);
#839=ORIENTED_EDGE('',*,*,#3018,.T.);
#840=ORIENTED_EDGE('',*,*,#3019,.T.);
#841=ORIENTED_EDGE('',*,*,#3020,.T.);
#842=ORIENTED_EDGE('',*,*,#3021,.T.);
#843=ORIENTED_EDGE('',*,*,#3022,.F.);
#844=ORIENTED_EDGE('',*,*,#3023,.F.);
#845=ORIENTED_EDGE('',*,*,#3024,.T.);
#846=ORIENTED_EDGE('',*,*,#3025,.F.);
#847=ORIENTED_EDGE('',*,*,#3026,.F.);
#848=ORIENTED_EDGE('',*,*,#3027,.F.);
#849=ORIENTED_EDGE('',*,*,#3028,.T.);
#850=ORIENTED_EDGE('',*,*,#3021,.F.);
#851=ORIENTED_EDGE('',*,*,#3029,.F.);
#852=ORIENTED_EDGE('',*,*,#3030,.T.);
#853=ORIENTED_EDGE('',*,*,#3031,.F.);
#854=ORIENTED_EDGE('',*,*,#3032,.T.);
#855=ORIENTED_EDGE('',*,*,#3033,.T.);
#856=ORIENTED_EDGE('',*,*,#3034,.T.);
#857=ORIENTED_EDGE('',*,*,#3035,.T.);
#858=ORIENTED_EDGE('',*,*,#3036,.T.);
#859=ORIENTED_EDGE('',*,*,#3037,.T.);
#860=ORIENTED_EDGE('',*,*,#3038,.T.);
#861=ORIENTED_EDGE('',*,*,#3039,.T.);
#862=ORIENTED_EDGE('',*,*,#3040,.F.);
#863=ORIENTED_EDGE('',*,*,#3041,.T.);
#864=ORIENTED_EDGE('',*,*,#2993,.F.);
#865=ORIENTED_EDGE('',*,*,#3042,.F.);
#866=ORIENTED_EDGE('',*,*,#3043,.T.);
#867=ORIENTED_EDGE('',*,*,#2711,.T.);
#868=ORIENTED_EDGE('',*,*,#3044,.T.);
#869=ORIENTED_EDGE('',*,*,#3045,.T.);
#870=ORIENTED_EDGE('',*,*,#3046,.T.);
#871=ORIENTED_EDGE('',*,*,#3047,.T.);
#872=ORIENTED_EDGE('',*,*,#3048,.T.);
#873=ORIENTED_EDGE('',*,*,#2979,.F.);
#874=ORIENTED_EDGE('',*,*,#3045,.F.);
#875=ORIENTED_EDGE('',*,*,#3049,.T.);
#876=ORIENTED_EDGE('',*,*,#3050,.T.);
#877=ORIENTED_EDGE('',*,*,#3051,.F.);
#878=ORIENTED_EDGE('',*,*,#3039,.F.);
#879=ORIENTED_EDGE('',*,*,#2988,.T.);
#880=ORIENTED_EDGE('',*,*,#3052,.T.);
#881=ORIENTED_EDGE('',*,*,#3053,.T.);
#882=ORIENTED_EDGE('',*,*,#3011,.F.);
#883=ORIENTED_EDGE('',*,*,#3054,.T.);
#884=ORIENTED_EDGE('',*,*,#3055,.T.);
#885=ORIENTED_EDGE('',*,*,#2824,.F.);
#886=ORIENTED_EDGE('',*,*,#3056,.T.);
#887=ORIENTED_EDGE('',*,*,#3057,.T.);
#888=ORIENTED_EDGE('',*,*,#3018,.F.);
#889=ORIENTED_EDGE('',*,*,#3058,.F.);
#890=ORIENTED_EDGE('',*,*,#3013,.T.);
#891=ORIENTED_EDGE('',*,*,#3059,.T.);
#892=ORIENTED_EDGE('',*,*,#3060,.T.);
#893=ORIENTED_EDGE('',*,*,#3061,.F.);
#894=ORIENTED_EDGE('',*,*,#3062,.T.);
#895=ORIENTED_EDGE('',*,*,#3063,.F.);
#896=ORIENTED_EDGE('',*,*,#3064,.T.);
#897=ORIENTED_EDGE('',*,*,#3065,.F.);
#898=ORIENTED_EDGE('',*,*,#3032,.F.);
#899=ORIENTED_EDGE('',*,*,#3066,.T.);
#900=ORIENTED_EDGE('',*,*,#3067,.T.);
#901=ORIENTED_EDGE('',*,*,#3068,.T.);
#902=ORIENTED_EDGE('',*,*,#3069,.T.);
#903=ORIENTED_EDGE('',*,*,#3070,.F.);
#904=ORIENTED_EDGE('',*,*,#3071,.F.);
#905=ORIENTED_EDGE('',*,*,#3072,.T.);
#906=ORIENTED_EDGE('',*,*,#3073,.F.);
#907=ORIENTED_EDGE('',*,*,#3074,.T.);
#908=ORIENTED_EDGE('',*,*,#3075,.T.);
#909=ORIENTED_EDGE('',*,*,#3076,.T.);
#910=ORIENTED_EDGE('',*,*,#3077,.F.);
#911=ORIENTED_EDGE('',*,*,#3078,.T.);
#912=ORIENTED_EDGE('',*,*,#3079,.F.);
#913=ORIENTED_EDGE('',*,*,#3080,.T.);
#914=ORIENTED_EDGE('',*,*,#3069,.F.);
#915=ORIENTED_EDGE('',*,*,#3081,.F.);
#916=ORIENTED_EDGE('',*,*,#3082,.T.);
#917=ORIENTED_EDGE('',*,*,#3083,.F.);
#918=ORIENTED_EDGE('',*,*,#3084,.T.);
#919=ORIENTED_EDGE('',*,*,#3085,.T.);
#920=ORIENTED_EDGE('',*,*,#3086,.T.);
#921=ORIENTED_EDGE('',*,*,#3087,.T.);
#922=ORIENTED_EDGE('',*,*,#3088,.T.);
#923=ORIENTED_EDGE('',*,*,#3036,.F.);
#924=ORIENTED_EDGE('',*,*,#3089,.F.);
#925=ORIENTED_EDGE('',*,*,#3090,.T.);
#926=ORIENTED_EDGE('',*,*,#2735,.T.);
#927=ORIENTED_EDGE('',*,*,#3091,.T.);
#928=ORIENTED_EDGE('',*,*,#3092,.T.);
#929=ORIENTED_EDGE('',*,*,#3092,.F.);
#930=ORIENTED_EDGE('',*,*,#3093,.T.);
#931=ORIENTED_EDGE('',*,*,#3094,.F.);
#932=ORIENTED_EDGE('',*,*,#3037,.F.);
#933=ORIENTED_EDGE('',*,*,#3095,.T.);
#934=ORIENTED_EDGE('',*,*,#3096,.T.);
#935=ORIENTED_EDGE('',*,*,#3097,.T.);
#936=ORIENTED_EDGE('',*,*,#3098,.F.);
#937=ORIENTED_EDGE('',*,*,#3076,.F.);
#938=ORIENTED_EDGE('',*,*,#3031,.T.);
#939=ORIENTED_EDGE('',*,*,#3099,.T.);
#940=ORIENTED_EDGE('',*,*,#3100,.T.);
#941=ORIENTED_EDGE('',*,*,#3059,.F.);
#942=ORIENTED_EDGE('',*,*,#2822,.F.);
#943=ORIENTED_EDGE('',*,*,#3101,.T.);
#944=ORIENTED_EDGE('',*,*,#3102,.T.);
#945=ORIENTED_EDGE('',*,*,#3066,.F.);
#946=ORIENTED_EDGE('',*,*,#3103,.F.);
#947=ORIENTED_EDGE('',*,*,#3061,.T.);
#948=ORIENTED_EDGE('',*,*,#3104,.T.);
#949=ORIENTED_EDGE('',*,*,#3105,.T.);
#950=ORIENTED_EDGE('',*,*,#3106,.T.);
#951=ORIENTED_EDGE('',*,*,#3107,.T.);
#952=ORIENTED_EDGE('',*,*,#3108,.F.);
#953=ORIENTED_EDGE('',*,*,#3109,.T.);
#954=ORIENTED_EDGE('',*,*,#3110,.F.);
#955=ORIENTED_EDGE('',*,*,#3111,.T.);
#956=ORIENTED_EDGE('',*,*,#3112,.F.);
#957=ORIENTED_EDGE('',*,*,#3084,.F.);
#958=ORIENTED_EDGE('',*,*,#3113,.T.);
#959=ORIENTED_EDGE('',*,*,#3114,.T.);
#960=ORIENTED_EDGE('',*,*,#3115,.T.);
#961=ORIENTED_EDGE('',*,*,#3116,.T.);
#962=ORIENTED_EDGE('',*,*,#3117,.F.);
#963=ORIENTED_EDGE('',*,*,#3118,.F.);
#964=ORIENTED_EDGE('',*,*,#3119,.T.);
#965=ORIENTED_EDGE('',*,*,#3120,.F.);
#966=ORIENTED_EDGE('',*,*,#3121,.F.);
#967=ORIENTED_EDGE('',*,*,#3122,.F.);
#968=ORIENTED_EDGE('',*,*,#3123,.T.);
#969=ORIENTED_EDGE('',*,*,#3116,.F.);
#970=ORIENTED_EDGE('',*,*,#3124,.F.);
#971=ORIENTED_EDGE('',*,*,#3125,.T.);
#972=ORIENTED_EDGE('',*,*,#3126,.F.);
#973=ORIENTED_EDGE('',*,*,#3127,.T.);
#974=ORIENTED_EDGE('',*,*,#3128,.T.);
#975=ORIENTED_EDGE('',*,*,#3129,.T.);
#976=ORIENTED_EDGE('',*,*,#3130,.T.);
#977=ORIENTED_EDGE('',*,*,#3131,.T.);
#978=ORIENTED_EDGE('',*,*,#3132,.T.);
#979=ORIENTED_EDGE('',*,*,#3133,.T.);
#980=ORIENTED_EDGE('',*,*,#3134,.T.);
#981=ORIENTED_EDGE('',*,*,#3135,.F.);
#982=ORIENTED_EDGE('',*,*,#3136,.T.);
#983=ORIENTED_EDGE('',*,*,#3088,.F.);
#984=ORIENTED_EDGE('',*,*,#3137,.F.);
#985=ORIENTED_EDGE('',*,*,#3138,.T.);
#986=ORIENTED_EDGE('',*,*,#2753,.T.);
#987=ORIENTED_EDGE('',*,*,#3139,.T.);
#988=ORIENTED_EDGE('',*,*,#3140,.T.);
#989=ORIENTED_EDGE('',*,*,#3141,.T.);
#990=ORIENTED_EDGE('',*,*,#3142,.T.);
#991=ORIENTED_EDGE('',*,*,#3143,.T.);
#992=ORIENTED_EDGE('',*,*,#3074,.F.);
#993=ORIENTED_EDGE('',*,*,#3140,.F.);
#994=ORIENTED_EDGE('',*,*,#3144,.T.);
#995=ORIENTED_EDGE('',*,*,#3145,.T.);
#996=ORIENTED_EDGE('',*,*,#3146,.F.);
#997=ORIENTED_EDGE('',*,*,#3134,.F.);
#998=ORIENTED_EDGE('',*,*,#3083,.T.);
#999=ORIENTED_EDGE('',*,*,#3147,.T.);
#1000=ORIENTED_EDGE('',*,*,#3148,.T.);
#1001=ORIENTED_EDGE('',*,*,#3106,.F.);
#1002=ORIENTED_EDGE('',*,*,#3149,.T.);
#1003=ORIENTED_EDGE('',*,*,#3150,.T.);
#1004=ORIENTED_EDGE('',*,*,#2820,.F.);
#1005=ORIENTED_EDGE('',*,*,#3151,.T.);
#1006=ORIENTED_EDGE('',*,*,#3152,.T.);
#1007=ORIENTED_EDGE('',*,*,#3113,.F.);
#1008=ORIENTED_EDGE('',*,*,#3153,.F.);
#1009=ORIENTED_EDGE('',*,*,#3108,.T.);
#1010=ORIENTED_EDGE('',*,*,#3154,.T.);
#1011=ORIENTED_EDGE('',*,*,#3155,.T.);
#1012=ORIENTED_EDGE('',*,*,#3156,.F.);
#1013=ORIENTED_EDGE('',*,*,#3157,.T.);
#1014=ORIENTED_EDGE('',*,*,#3158,.F.);
#1015=ORIENTED_EDGE('',*,*,#3159,.T.);
#1016=ORIENTED_EDGE('',*,*,#3160,.F.);
#1017=ORIENTED_EDGE('',*,*,#3127,.F.);
#1018=ORIENTED_EDGE('',*,*,#3161,.T.);
#1019=ORIENTED_EDGE('',*,*,#3162,.T.);
#1020=ORIENTED_EDGE('',*,*,#3163,.T.);
#1021=ORIENTED_EDGE('',*,*,#3164,.T.);
#1022=ORIENTED_EDGE('',*,*,#3165,.F.);
#1023=ORIENTED_EDGE('',*,*,#3166,.F.);
#1024=ORIENTED_EDGE('',*,*,#3167,.T.);
#1025=ORIENTED_EDGE('',*,*,#3168,.F.);
#1026=ORIENTED_EDGE('',*,*,#3169,.T.);
#1027=ORIENTED_EDGE('',*,*,#3170,.T.);
#1028=ORIENTED_EDGE('',*,*,#3171,.T.);
#1029=ORIENTED_EDGE('',*,*,#3172,.F.);
#1030=ORIENTED_EDGE('',*,*,#3173,.T.);
#1031=ORIENTED_EDGE('',*,*,#3174,.F.);
#1032=ORIENTED_EDGE('',*,*,#3175,.T.);
#1033=ORIENTED_EDGE('',*,*,#3164,.F.);
#1034=ORIENTED_EDGE('',*,*,#3176,.F.);
#1035=ORIENTED_EDGE('',*,*,#3177,.T.);
#1036=ORIENTED_EDGE('',*,*,#3178,.F.);
#1037=ORIENTED_EDGE('',*,*,#3179,.T.);
#1038=ORIENTED_EDGE('',*,*,#3180,.T.);
#1039=ORIENTED_EDGE('',*,*,#3181,.T.);
#1040=ORIENTED_EDGE('',*,*,#3182,.T.);
#1041=ORIENTED_EDGE('',*,*,#3183,.T.);
#1042=ORIENTED_EDGE('',*,*,#3131,.F.);
#1043=ORIENTED_EDGE('',*,*,#3184,.F.);
#1044=ORIENTED_EDGE('',*,*,#3185,.T.);
#1045=ORIENTED_EDGE('',*,*,#2777,.T.);
#1046=ORIENTED_EDGE('',*,*,#3186,.T.);
#1047=ORIENTED_EDGE('',*,*,#3187,.T.);
#1048=ORIENTED_EDGE('',*,*,#3187,.F.);
#1049=ORIENTED_EDGE('',*,*,#3188,.T.);
#1050=ORIENTED_EDGE('',*,*,#3189,.F.);
#1051=ORIENTED_EDGE('',*,*,#3132,.F.);
#1052=ORIENTED_EDGE('',*,*,#3190,.T.);
#1053=ORIENTED_EDGE('',*,*,#3191,.T.);
#1054=ORIENTED_EDGE('',*,*,#3192,.T.);
#1055=ORIENTED_EDGE('',*,*,#3193,.F.);
#1056=ORIENTED_EDGE('',*,*,#3171,.F.);
#1057=ORIENTED_EDGE('',*,*,#3126,.T.);
#1058=ORIENTED_EDGE('',*,*,#3194,.T.);
#1059=ORIENTED_EDGE('',*,*,#3195,.T.);
#1060=ORIENTED_EDGE('',*,*,#3154,.F.);
#1061=ORIENTED_EDGE('',*,*,#3156,.T.);
#1062=ORIENTED_EDGE('',*,*,#3196,.T.);
#1063=ORIENTED_EDGE('',*,*,#3197,.T.);
#1064=ORIENTED_EDGE('',*,*,#2818,.F.);
#1065=ORIENTED_EDGE('',*,*,#3198,.T.);
#1066=ORIENTED_EDGE('',*,*,#3199,.T.);
#1067=ORIENTED_EDGE('',*,*,#3161,.F.);
#1068=ORIENTED_EDGE('',*,*,#3200,.F.);
#1069=ORIENTED_EDGE('',*,*,#3201,.T.);
#1070=ORIENTED_EDGE('',*,*,#3202,.T.);
#1071=ORIENTED_EDGE('',*,*,#3203,.F.);
#1072=ORIENTED_EDGE('',*,*,#3204,.T.);
#1073=ORIENTED_EDGE('',*,*,#3205,.F.);
#1074=ORIENTED_EDGE('',*,*,#3206,.T.);
#1075=ORIENTED_EDGE('',*,*,#3207,.F.);
#1076=ORIENTED_EDGE('',*,*,#3179,.F.);
#1077=ORIENTED_EDGE('',*,*,#3208,.T.);
#1078=ORIENTED_EDGE('',*,*,#3209,.T.);
#1079=ORIENTED_EDGE('',*,*,#3210,.T.);
#1080=ORIENTED_EDGE('',*,*,#2880,.T.);
#1081=ORIENTED_EDGE('',*,*,#3211,.F.);
#1082=ORIENTED_EDGE('',*,*,#3212,.F.);
#1083=ORIENTED_EDGE('',*,*,#3213,.T.);
#1084=ORIENTED_EDGE('',*,*,#3214,.F.);
#1085=ORIENTED_EDGE('',*,*,#3183,.F.);
#1086=ORIENTED_EDGE('',*,*,#3215,.F.);
#1087=ORIENTED_EDGE('',*,*,#3216,.T.);
#1088=ORIENTED_EDGE('',*,*,#2795,.T.);
#1089=ORIENTED_EDGE('',*,*,#3217,.T.);
#1090=ORIENTED_EDGE('',*,*,#3218,.T.);
#1091=ORIENTED_EDGE('',*,*,#3219,.T.);
#1092=ORIENTED_EDGE('',*,*,#3220,.T.);
#1093=ORIENTED_EDGE('',*,*,#3221,.T.);
#1094=ORIENTED_EDGE('',*,*,#3169,.F.);
#1095=ORIENTED_EDGE('',*,*,#3218,.F.);
#1096=ORIENTED_EDGE('',*,*,#3222,.T.);
#1097=ORIENTED_EDGE('',*,*,#3223,.T.);
#1098=ORIENTED_EDGE('',*,*,#3224,.F.);
#1099=ORIENTED_EDGE('',*,*,#2875,.F.);
#1100=ORIENTED_EDGE('',*,*,#3178,.T.);
#1101=ORIENTED_EDGE('',*,*,#3225,.T.);
#1102=ORIENTED_EDGE('',*,*,#3226,.T.);
#1103=ORIENTED_EDGE('',*,*,#3201,.F.);
#1104=ORIENTED_EDGE('',*,*,#2999,.T.);
#1105=ORIENTED_EDGE('',*,*,#3227,.T.);
#1106=ORIENTED_EDGE('',*,*,#2691,.F.);
#1107=ORIENTED_EDGE('',*,*,#3228,.T.);
#1108=ORIENTED_EDGE('',*,*,#3229,.T.);
#1109=ORIENTED_EDGE('',*,*,#3230,.T.);
#1110=ORIENTED_EDGE('',*,*,#3231,.T.);
#1111=ORIENTED_EDGE('',*,*,#3232,.T.);
#1112=ORIENTED_EDGE('',*,*,#2681,.F.);
#1113=ORIENTED_EDGE('',*,*,#3233,.T.);
#1114=ORIENTED_EDGE('',*,*,#2954,.F.);
#1115=ORIENTED_EDGE('',*,*,#2943,.F.);
#1116=ORIENTED_EDGE('',*,*,#3094,.T.);
#1117=ORIENTED_EDGE('',*,*,#3234,.T.);
#1118=ORIENTED_EDGE('',*,*,#2733,.F.);
#1119=ORIENTED_EDGE('',*,*,#3235,.T.);
#1120=ORIENTED_EDGE('',*,*,#3236,.T.);
#1121=ORIENTED_EDGE('',*,*,#3237,.T.);
#1122=ORIENTED_EDGE('',*,*,#3238,.T.);
#1123=ORIENTED_EDGE('',*,*,#3239,.T.);
#1124=ORIENTED_EDGE('',*,*,#2723,.F.);
#1125=ORIENTED_EDGE('',*,*,#3240,.T.);
#1126=ORIENTED_EDGE('',*,*,#3049,.F.);
#1127=ORIENTED_EDGE('',*,*,#3038,.F.);
#1128=ORIENTED_EDGE('',*,*,#2765,.F.);
#1129=ORIENTED_EDGE('',*,*,#3241,.T.);
#1130=ORIENTED_EDGE('',*,*,#3144,.F.);
#1131=ORIENTED_EDGE('',*,*,#3133,.F.);
#1132=ORIENTED_EDGE('',*,*,#3189,.T.);
#1133=ORIENTED_EDGE('',*,*,#3242,.T.);
#1134=ORIENTED_EDGE('',*,*,#2775,.F.);
#1135=ORIENTED_EDGE('',*,*,#3243,.T.);
#1136=ORIENTED_EDGE('',*,*,#3244,.T.);
#1137=ORIENTED_EDGE('',*,*,#3245,.T.);
#1138=ORIENTED_EDGE('',*,*,#3246,.T.);
#1139=ORIENTED_EDGE('',*,*,#3247,.T.);
#1140=ORIENTED_EDGE('',*,*,#2904,.T.);
#1141=ORIENTED_EDGE('',*,*,#3248,.T.);
#1142=ORIENTED_EDGE('',*,*,#2651,.F.);
#1143=ORIENTED_EDGE('',*,*,#3249,.T.);
#1144=ORIENTED_EDGE('',*,*,#3250,.T.);
#1145=ORIENTED_EDGE('',*,*,#3251,.T.);
#1146=ORIENTED_EDGE('',*,*,#3252,.T.);
#1147=ORIENTED_EDGE('',*,*,#3253,.T.);
#1148=ORIENTED_EDGE('',*,*,#2807,.F.);
#1149=ORIENTED_EDGE('',*,*,#3254,.T.);
#1150=ORIENTED_EDGE('',*,*,#3222,.F.);
#1151=ORIENTED_EDGE('',*,*,#2874,.F.);
#1152=ORIENTED_EDGE('',*,*,#3203,.T.);
#1153=ORIENTED_EDGE('',*,*,#3255,.T.);
#1154=ORIENTED_EDGE('',*,*,#3256,.T.);
#1155=ORIENTED_EDGE('',*,*,#2816,.F.);
#1156=ORIENTED_EDGE('',*,*,#3257,.T.);
#1157=ORIENTED_EDGE('',*,*,#3258,.T.);
#1158=ORIENTED_EDGE('',*,*,#3208,.F.);
#1159=ORIENTED_EDGE('',*,*,#3259,.F.);
#1160=ORIENTED_EDGE('',*,*,#3260,.T.);
#1161=ORIENTED_EDGE('',*,*,#3261,.T.);
#1162=ORIENTED_EDGE('',*,*,#2881,.T.);
#1163=ORIENTED_EDGE('',*,*,#3210,.F.);
#1164=ORIENTED_EDGE('',*,*,#3262,.T.);
#1165=ORIENTED_EDGE('',*,*,#3263,.T.);
#1166=ORIENTED_EDGE('',*,*,#2891,.T.);
#1167=ORIENTED_EDGE('',*,*,#2862,.F.);
#1168=ORIENTED_EDGE('',*,*,#3264,.T.);
#1169=ORIENTED_EDGE('',*,*,#3265,.T.);
#1170=ORIENTED_EDGE('',*,*,#2934,.T.);
#1171=ORIENTED_EDGE('',*,*,#2925,.F.);
#1172=ORIENTED_EDGE('',*,*,#3266,.T.);
#1173=ORIENTED_EDGE('',*,*,#3267,.T.);
#1174=ORIENTED_EDGE('',*,*,#2986,.T.);
#1175=ORIENTED_EDGE('',*,*,#2973,.F.);
#1176=ORIENTED_EDGE('',*,*,#3268,.T.);
#1177=ORIENTED_EDGE('',*,*,#3269,.T.);
#1178=ORIENTED_EDGE('',*,*,#3029,.T.);
#1179=ORIENTED_EDGE('',*,*,#3020,.F.);
#1180=ORIENTED_EDGE('',*,*,#3270,.T.);
#1181=ORIENTED_EDGE('',*,*,#3271,.T.);
#1182=ORIENTED_EDGE('',*,*,#3081,.T.);
#1183=ORIENTED_EDGE('',*,*,#3068,.F.);
#1184=ORIENTED_EDGE('',*,*,#3272,.T.);
#1185=ORIENTED_EDGE('',*,*,#3273,.T.);
#1186=ORIENTED_EDGE('',*,*,#3124,.T.);
#1187=ORIENTED_EDGE('',*,*,#3115,.F.);
#1188=ORIENTED_EDGE('',*,*,#3274,.T.);
#1189=ORIENTED_EDGE('',*,*,#3275,.T.);
#1190=ORIENTED_EDGE('',*,*,#3176,.T.);
#1191=ORIENTED_EDGE('',*,*,#3163,.F.);
#1192=ORIENTED_EDGE('',*,*,#3229,.F.);
#1193=ORIENTED_EDGE('',*,*,#3276,.T.);
#1194=ORIENTED_EDGE('',*,*,#3277,.T.);
#1195=ORIENTED_EDGE('',*,*,#3278,.T.);
#1196=ORIENTED_EDGE('',*,*,#3279,.T.);
#1197=ORIENTED_EDGE('',*,*,#3231,.F.);
#1198=ORIENTED_EDGE('',*,*,#3236,.F.);
#1199=ORIENTED_EDGE('',*,*,#3280,.T.);
#1200=ORIENTED_EDGE('',*,*,#3281,.T.);
#1201=ORIENTED_EDGE('',*,*,#3282,.T.);
#1202=ORIENTED_EDGE('',*,*,#3283,.T.);
#1203=ORIENTED_EDGE('',*,*,#3238,.F.);
#1204=ORIENTED_EDGE('',*,*,#3244,.F.);
#1205=ORIENTED_EDGE('',*,*,#3284,.T.);
#1206=ORIENTED_EDGE('',*,*,#3285,.T.);
#1207=ORIENTED_EDGE('',*,*,#3286,.T.);
#1208=ORIENTED_EDGE('',*,*,#3287,.T.);
#1209=ORIENTED_EDGE('',*,*,#3246,.F.);
#1210=ORIENTED_EDGE('',*,*,#3250,.F.);
#1211=ORIENTED_EDGE('',*,*,#3288,.T.);
#1212=ORIENTED_EDGE('',*,*,#3289,.T.);
#1213=ORIENTED_EDGE('',*,*,#3290,.T.);
#1214=ORIENTED_EDGE('',*,*,#3291,.T.);
#1215=ORIENTED_EDGE('',*,*,#3252,.F.);
#1216=ORIENTED_EDGE('',*,*,#3292,.F.);
#1217=ORIENTED_EDGE('',*,*,#2931,.T.);
#1218=ORIENTED_EDGE('',*,*,#3292,.T.);
#1219=ORIENTED_EDGE('',*,*,#3293,.F.);
#1220=ORIENTED_EDGE('',*,*,#2868,.T.);
#1221=ORIENTED_EDGE('',*,*,#3293,.T.);
#1222=ORIENTED_EDGE('',*,*,#3294,.F.);
#1223=ORIENTED_EDGE('',*,*,#3026,.T.);
#1224=ORIENTED_EDGE('',*,*,#3294,.T.);
#1225=ORIENTED_EDGE('',*,*,#3295,.F.);
#1226=ORIENTED_EDGE('',*,*,#3121,.T.);
#1227=ORIENTED_EDGE('',*,*,#3295,.T.);
#1228=ORIENTED_EDGE('',*,*,#3296,.F.);
#1229=ORIENTED_EDGE('',*,*,#3204,.F.);
#1230=ORIENTED_EDGE('',*,*,#3259,.T.);
#1231=ORIENTED_EDGE('',*,*,#3214,.T.);
#1232=ORIENTED_EDGE('',*,*,#3297,.T.);
#1233=ORIENTED_EDGE('',*,*,#2876,.T.);
#1234=ORIENTED_EDGE('',*,*,#3224,.T.);
#1235=ORIENTED_EDGE('',*,*,#3298,.T.);
#1236=ORIENTED_EDGE('',*,*,#2805,.F.);
#1237=ORIENTED_EDGE('',*,*,#3299,.F.);
#1238=ORIENTED_EDGE('',*,*,#3300,.F.);
#1239=ORIENTED_EDGE('',*,*,#3301,.F.);
#1240=ORIENTED_EDGE('',*,*,#3302,.T.);
#1241=ORIENTED_EDGE('',*,*,#3212,.T.);
#1242=ORIENTED_EDGE('',*,*,#3303,.F.);
#1243=ORIENTED_EDGE('',*,*,#3304,.T.);
#1244=ORIENTED_EDGE('',*,*,#2803,.T.);
#1245=ORIENTED_EDGE('',*,*,#3305,.F.);
#1246=ORIENTED_EDGE('',*,*,#3306,.F.);
#1247=ORIENTED_EDGE('',*,*,#3301,.T.);
#1248=ORIENTED_EDGE('',*,*,#3307,.T.);
#1249=ORIENTED_EDGE('',*,*,#3308,.T.);
#1250=ORIENTED_EDGE('',*,*,#2802,.T.);
#1251=ORIENTED_EDGE('',*,*,#3309,.F.);
#1252=ORIENTED_EDGE('',*,*,#3310,.F.);
#1253=ORIENTED_EDGE('',*,*,#3305,.T.);
#1254=ORIENTED_EDGE('',*,*,#2801,.T.);
#1255=ORIENTED_EDGE('',*,*,#3311,.F.);
#1256=ORIENTED_EDGE('',*,*,#3312,.F.);
#1257=ORIENTED_EDGE('',*,*,#3313,.F.);
#1258=ORIENTED_EDGE('',*,*,#3314,.F.);
#1259=ORIENTED_EDGE('',*,*,#3309,.T.);
#1260=ORIENTED_EDGE('',*,*,#3315,.F.);
#1261=ORIENTED_EDGE('',*,*,#3316,.F.);
#1262=ORIENTED_EDGE('',*,*,#3317,.T.);
#1263=ORIENTED_EDGE('',*,*,#3313,.T.);
#1264=ORIENTED_EDGE('',*,*,#2799,.T.);
#1265=ORIENTED_EDGE('',*,*,#3318,.F.);
#1266=ORIENTED_EDGE('',*,*,#3319,.F.);
#1267=ORIENTED_EDGE('',*,*,#3316,.T.);
#1268=ORIENTED_EDGE('',*,*,#3320,.T.);
#1269=ORIENTED_EDGE('',*,*,#3321,.T.);
#1270=ORIENTED_EDGE('',*,*,#2798,.T.);
#1271=ORIENTED_EDGE('',*,*,#3322,.F.);
#1272=ORIENTED_EDGE('',*,*,#3323,.F.);
#1273=ORIENTED_EDGE('',*,*,#3318,.T.);
#1274=ORIENTED_EDGE('',*,*,#2797,.T.);
#1275=ORIENTED_EDGE('',*,*,#3324,.F.);
#1276=ORIENTED_EDGE('',*,*,#3325,.F.);
#1277=ORIENTED_EDGE('',*,*,#3326,.F.);
#1278=ORIENTED_EDGE('',*,*,#3327,.F.);
#1279=ORIENTED_EDGE('',*,*,#3322,.T.);
#1280=ORIENTED_EDGE('',*,*,#3328,.F.);
#1281=ORIENTED_EDGE('',*,*,#3329,.F.);
#1282=ORIENTED_EDGE('',*,*,#3330,.F.);
#1283=ORIENTED_EDGE('',*,*,#3206,.F.);
#1284=ORIENTED_EDGE('',*,*,#3331,.T.);
#1285=ORIENTED_EDGE('',*,*,#3326,.T.);
#1286=ORIENTED_EDGE('',*,*,#3213,.F.);
#1287=ORIENTED_EDGE('',*,*,#3302,.F.);
#1288=ORIENTED_EDGE('',*,*,#3306,.T.);
#1289=ORIENTED_EDGE('',*,*,#3310,.T.);
#1290=ORIENTED_EDGE('',*,*,#3314,.T.);
#1291=ORIENTED_EDGE('',*,*,#3317,.F.);
#1292=ORIENTED_EDGE('',*,*,#3319,.T.);
#1293=ORIENTED_EDGE('',*,*,#3323,.T.);
#1294=ORIENTED_EDGE('',*,*,#3327,.T.);
#1295=ORIENTED_EDGE('',*,*,#3331,.F.);
#1296=ORIENTED_EDGE('',*,*,#3205,.T.);
#1297=ORIENTED_EDGE('',*,*,#3296,.T.);
#1298=ORIENTED_EDGE('',*,*,#3332,.T.);
#1299=ORIENTED_EDGE('',*,*,#3303,.T.);
#1300=ORIENTED_EDGE('',*,*,#3211,.T.);
#1301=ORIENTED_EDGE('',*,*,#2879,.F.);
#1302=ORIENTED_EDGE('',*,*,#3333,.F.);
#1303=ORIENTED_EDGE('',*,*,#3304,.F.);
#1304=ORIENTED_EDGE('',*,*,#3332,.F.);
#1305=ORIENTED_EDGE('',*,*,#2878,.T.);
#1306=ORIENTED_EDGE('',*,*,#3334,.T.);
#1307=ORIENTED_EDGE('',*,*,#3180,.F.);
#1308=ORIENTED_EDGE('',*,*,#3207,.T.);
#1309=ORIENTED_EDGE('',*,*,#3330,.T.);
#1310=ORIENTED_EDGE('',*,*,#3335,.F.);
#1311=ORIENTED_EDGE('',*,*,#3181,.F.);
#1312=ORIENTED_EDGE('',*,*,#3334,.F.);
#1313=ORIENTED_EDGE('',*,*,#3329,.T.);
#1314=ORIENTED_EDGE('',*,*,#2796,.F.);
#1315=ORIENTED_EDGE('',*,*,#3216,.F.);
#1316=ORIENTED_EDGE('',*,*,#3336,.T.);
#1317=ORIENTED_EDGE('',*,*,#3324,.T.);
#1318=ORIENTED_EDGE('',*,*,#3328,.T.);
#1319=ORIENTED_EDGE('',*,*,#3325,.T.);
#1320=ORIENTED_EDGE('',*,*,#3336,.F.);
#1321=ORIENTED_EDGE('',*,*,#3215,.T.);
#1322=ORIENTED_EDGE('',*,*,#3182,.F.);
#1323=ORIENTED_EDGE('',*,*,#3335,.T.);
#1324=ORIENTED_EDGE('',*,*,#2804,.F.);
#1325=ORIENTED_EDGE('',*,*,#3308,.F.);
#1326=ORIENTED_EDGE('',*,*,#3337,.T.);
#1327=ORIENTED_EDGE('',*,*,#3299,.T.);
#1328=ORIENTED_EDGE('',*,*,#3307,.F.);
#1329=ORIENTED_EDGE('',*,*,#3300,.T.);
#1330=ORIENTED_EDGE('',*,*,#3333,.T.);
#1331=ORIENTED_EDGE('',*,*,#2877,.F.);
#1332=ORIENTED_EDGE('',*,*,#3297,.F.);
#1333=ORIENTED_EDGE('',*,*,#3337,.F.);
#1334=ORIENTED_EDGE('',*,*,#2800,.F.);
#1335=ORIENTED_EDGE('',*,*,#3321,.F.);
#1336=ORIENTED_EDGE('',*,*,#3338,.T.);
#1337=ORIENTED_EDGE('',*,*,#3311,.T.);
#1338=ORIENTED_EDGE('',*,*,#3320,.F.);
#1339=ORIENTED_EDGE('',*,*,#3315,.T.);
#1340=ORIENTED_EDGE('',*,*,#3312,.T.);
#1341=ORIENTED_EDGE('',*,*,#3338,.F.);
#1342=ORIENTED_EDGE('',*,*,#3339,.F.);
#1343=ORIENTED_EDGE('',*,*,#3157,.F.);
#1344=ORIENTED_EDGE('',*,*,#3200,.T.);
#1345=ORIENTED_EDGE('',*,*,#3168,.T.);
#1346=ORIENTED_EDGE('',*,*,#3340,.T.);
#1347=ORIENTED_EDGE('',*,*,#3172,.T.);
#1348=ORIENTED_EDGE('',*,*,#3193,.T.);
#1349=ORIENTED_EDGE('',*,*,#3341,.T.);
#1350=ORIENTED_EDGE('',*,*,#2787,.F.);
#1351=ORIENTED_EDGE('',*,*,#3342,.F.);
#1352=ORIENTED_EDGE('',*,*,#3343,.F.);
#1353=ORIENTED_EDGE('',*,*,#3344,.F.);
#1354=ORIENTED_EDGE('',*,*,#3345,.T.);
#1355=ORIENTED_EDGE('',*,*,#3166,.T.);
#1356=ORIENTED_EDGE('',*,*,#3346,.F.);
#1357=ORIENTED_EDGE('',*,*,#3347,.T.);
#1358=ORIENTED_EDGE('',*,*,#2785,.T.);
#1359=ORIENTED_EDGE('',*,*,#3348,.F.);
#1360=ORIENTED_EDGE('',*,*,#3349,.F.);
#1361=ORIENTED_EDGE('',*,*,#3344,.T.);
#1362=ORIENTED_EDGE('',*,*,#3350,.T.);
#1363=ORIENTED_EDGE('',*,*,#3351,.T.);
#1364=ORIENTED_EDGE('',*,*,#2784,.T.);
#1365=ORIENTED_EDGE('',*,*,#3352,.F.);
#1366=ORIENTED_EDGE('',*,*,#3353,.F.);
#1367=ORIENTED_EDGE('',*,*,#3348,.T.);
#1368=ORIENTED_EDGE('',*,*,#2783,.T.);
#1369=ORIENTED_EDGE('',*,*,#3354,.F.);
#1370=ORIENTED_EDGE('',*,*,#3355,.F.);
#1371=ORIENTED_EDGE('',*,*,#3356,.F.);
#1372=ORIENTED_EDGE('',*,*,#3357,.F.);
#1373=ORIENTED_EDGE('',*,*,#3352,.T.);
#1374=ORIENTED_EDGE('',*,*,#3358,.F.);
#1375=ORIENTED_EDGE('',*,*,#3359,.F.);
#1376=ORIENTED_EDGE('',*,*,#3360,.T.);
#1377=ORIENTED_EDGE('',*,*,#3356,.T.);
#1378=ORIENTED_EDGE('',*,*,#2781,.T.);
#1379=ORIENTED_EDGE('',*,*,#3361,.F.);
#1380=ORIENTED_EDGE('',*,*,#3362,.F.);
#1381=ORIENTED_EDGE('',*,*,#3359,.T.);
#1382=ORIENTED_EDGE('',*,*,#3363,.T.);
#1383=ORIENTED_EDGE('',*,*,#3364,.T.);
#1384=ORIENTED_EDGE('',*,*,#2780,.T.);
#1385=ORIENTED_EDGE('',*,*,#3365,.F.);
#1386=ORIENTED_EDGE('',*,*,#3366,.F.);
#1387=ORIENTED_EDGE('',*,*,#3361,.T.);
#1388=ORIENTED_EDGE('',*,*,#2779,.T.);
#1389=ORIENTED_EDGE('',*,*,#3367,.F.);
#1390=ORIENTED_EDGE('',*,*,#3368,.F.);
#1391=ORIENTED_EDGE('',*,*,#3369,.F.);
#1392=ORIENTED_EDGE('',*,*,#3370,.F.);
#1393=ORIENTED_EDGE('',*,*,#3365,.T.);
#1394=ORIENTED_EDGE('',*,*,#3371,.F.);
#1395=ORIENTED_EDGE('',*,*,#3372,.F.);
#1396=ORIENTED_EDGE('',*,*,#3373,.F.);
#1397=ORIENTED_EDGE('',*,*,#3159,.F.);
#1398=ORIENTED_EDGE('',*,*,#3374,.T.);
#1399=ORIENTED_EDGE('',*,*,#3369,.T.);
#1400=ORIENTED_EDGE('',*,*,#3167,.F.);
#1401=ORIENTED_EDGE('',*,*,#3345,.F.);
#1402=ORIENTED_EDGE('',*,*,#3349,.T.);
#1403=ORIENTED_EDGE('',*,*,#3353,.T.);
#1404=ORIENTED_EDGE('',*,*,#3357,.T.);
#1405=ORIENTED_EDGE('',*,*,#3360,.F.);
#1406=ORIENTED_EDGE('',*,*,#3362,.T.);
#1407=ORIENTED_EDGE('',*,*,#3366,.T.);
#1408=ORIENTED_EDGE('',*,*,#3370,.T.);
#1409=ORIENTED_EDGE('',*,*,#3374,.F.);
#1410=ORIENTED_EDGE('',*,*,#3158,.T.);
#1411=ORIENTED_EDGE('',*,*,#3339,.T.);
#1412=ORIENTED_EDGE('',*,*,#3375,.T.);
#1413=ORIENTED_EDGE('',*,*,#3346,.T.);
#1414=ORIENTED_EDGE('',*,*,#3165,.T.);
#1415=ORIENTED_EDGE('',*,*,#3175,.F.);
#1416=ORIENTED_EDGE('',*,*,#3376,.F.);
#1417=ORIENTED_EDGE('',*,*,#3347,.F.);
#1418=ORIENTED_EDGE('',*,*,#3375,.F.);
#1419=ORIENTED_EDGE('',*,*,#3174,.T.);
#1420=ORIENTED_EDGE('',*,*,#3377,.T.);
#1421=ORIENTED_EDGE('',*,*,#3128,.F.);
#1422=ORIENTED_EDGE('',*,*,#3160,.T.);
#1423=ORIENTED_EDGE('',*,*,#3373,.T.);
#1424=ORIENTED_EDGE('',*,*,#3378,.F.);
#1425=ORIENTED_EDGE('',*,*,#3129,.F.);
#1426=ORIENTED_EDGE('',*,*,#3377,.F.);
#1427=ORIENTED_EDGE('',*,*,#3372,.T.);
#1428=ORIENTED_EDGE('',*,*,#2778,.F.);
#1429=ORIENTED_EDGE('',*,*,#3185,.F.);
#1430=ORIENTED_EDGE('',*,*,#3379,.T.);
#1431=ORIENTED_EDGE('',*,*,#3367,.T.);
#1432=ORIENTED_EDGE('',*,*,#3371,.T.);
#1433=ORIENTED_EDGE('',*,*,#3368,.T.);
#1434=ORIENTED_EDGE('',*,*,#3379,.F.);
#1435=ORIENTED_EDGE('',*,*,#3184,.T.);
#1436=ORIENTED_EDGE('',*,*,#3130,.F.);
#1437=ORIENTED_EDGE('',*,*,#3378,.T.);
#1438=ORIENTED_EDGE('',*,*,#2786,.F.);
#1439=ORIENTED_EDGE('',*,*,#3351,.F.);
#1440=ORIENTED_EDGE('',*,*,#3380,.T.);
#1441=ORIENTED_EDGE('',*,*,#3342,.T.);
#1442=ORIENTED_EDGE('',*,*,#3350,.F.);
#1443=ORIENTED_EDGE('',*,*,#3343,.T.);
#1444=ORIENTED_EDGE('',*,*,#3376,.T.);
#1445=ORIENTED_EDGE('',*,*,#3173,.F.);
#1446=ORIENTED_EDGE('',*,*,#3340,.F.);
#1447=ORIENTED_EDGE('',*,*,#3380,.F.);
#1448=ORIENTED_EDGE('',*,*,#2782,.F.);
#1449=ORIENTED_EDGE('',*,*,#3364,.F.);
#1450=ORIENTED_EDGE('',*,*,#3381,.T.);
#1451=ORIENTED_EDGE('',*,*,#3354,.T.);
#1452=ORIENTED_EDGE('',*,*,#3363,.F.);
#1453=ORIENTED_EDGE('',*,*,#3358,.T.);
#1454=ORIENTED_EDGE('',*,*,#3355,.T.);
#1455=ORIENTED_EDGE('',*,*,#3381,.F.);
#1456=ORIENTED_EDGE('',*,*,#3382,.F.);
#1457=ORIENTED_EDGE('',*,*,#3109,.F.);
#1458=ORIENTED_EDGE('',*,*,#3153,.T.);
#1459=ORIENTED_EDGE('',*,*,#3120,.T.);
#1460=ORIENTED_EDGE('',*,*,#3383,.T.);
#1461=ORIENTED_EDGE('',*,*,#3135,.T.);
#1462=ORIENTED_EDGE('',*,*,#3146,.T.);
#1463=ORIENTED_EDGE('',*,*,#3384,.T.);
#1464=ORIENTED_EDGE('',*,*,#2763,.F.);
#1465=ORIENTED_EDGE('',*,*,#3385,.F.);
#1466=ORIENTED_EDGE('',*,*,#3386,.F.);
#1467=ORIENTED_EDGE('',*,*,#3387,.F.);
#1468=ORIENTED_EDGE('',*,*,#3388,.T.);
#1469=ORIENTED_EDGE('',*,*,#3118,.T.);
#1470=ORIENTED_EDGE('',*,*,#3389,.F.);
#1471=ORIENTED_EDGE('',*,*,#3390,.T.);
#1472=ORIENTED_EDGE('',*,*,#2761,.T.);
#1473=ORIENTED_EDGE('',*,*,#3391,.F.);
#1474=ORIENTED_EDGE('',*,*,#3392,.F.);
#1475=ORIENTED_EDGE('',*,*,#3387,.T.);
#1476=ORIENTED_EDGE('',*,*,#3393,.T.);
#1477=ORIENTED_EDGE('',*,*,#3394,.T.);
#1478=ORIENTED_EDGE('',*,*,#2760,.T.);
#1479=ORIENTED_EDGE('',*,*,#3395,.F.);
#1480=ORIENTED_EDGE('',*,*,#3396,.F.);
#1481=ORIENTED_EDGE('',*,*,#3391,.T.);
#1482=ORIENTED_EDGE('',*,*,#2759,.T.);
#1483=ORIENTED_EDGE('',*,*,#3397,.F.);
#1484=ORIENTED_EDGE('',*,*,#3398,.F.);
#1485=ORIENTED_EDGE('',*,*,#3399,.F.);
#1486=ORIENTED_EDGE('',*,*,#3400,.F.);
#1487=ORIENTED_EDGE('',*,*,#3395,.T.);
#1488=ORIENTED_EDGE('',*,*,#3401,.F.);
#1489=ORIENTED_EDGE('',*,*,#3402,.F.);
#1490=ORIENTED_EDGE('',*,*,#3403,.T.);
#1491=ORIENTED_EDGE('',*,*,#3399,.T.);
#1492=ORIENTED_EDGE('',*,*,#2757,.T.);
#1493=ORIENTED_EDGE('',*,*,#3404,.F.);
#1494=ORIENTED_EDGE('',*,*,#3405,.F.);
#1495=ORIENTED_EDGE('',*,*,#3402,.T.);
#1496=ORIENTED_EDGE('',*,*,#3406,.T.);
#1497=ORIENTED_EDGE('',*,*,#3407,.T.);
#1498=ORIENTED_EDGE('',*,*,#2756,.T.);
#1499=ORIENTED_EDGE('',*,*,#3408,.F.);
#1500=ORIENTED_EDGE('',*,*,#3409,.F.);
#1501=ORIENTED_EDGE('',*,*,#3404,.T.);
#1502=ORIENTED_EDGE('',*,*,#2755,.T.);
#1503=ORIENTED_EDGE('',*,*,#3410,.F.);
#1504=ORIENTED_EDGE('',*,*,#3411,.F.);
#1505=ORIENTED_EDGE('',*,*,#3412,.F.);
#1506=ORIENTED_EDGE('',*,*,#3413,.F.);
#1507=ORIENTED_EDGE('',*,*,#3408,.T.);
#1508=ORIENTED_EDGE('',*,*,#3414,.F.);
#1509=ORIENTED_EDGE('',*,*,#3415,.F.);
#1510=ORIENTED_EDGE('',*,*,#3416,.F.);
#1511=ORIENTED_EDGE('',*,*,#3111,.F.);
#1512=ORIENTED_EDGE('',*,*,#3417,.T.);
#1513=ORIENTED_EDGE('',*,*,#3412,.T.);
#1514=ORIENTED_EDGE('',*,*,#3119,.F.);
#1515=ORIENTED_EDGE('',*,*,#3388,.F.);
#1516=ORIENTED_EDGE('',*,*,#3392,.T.);
#1517=ORIENTED_EDGE('',*,*,#3396,.T.);
#1518=ORIENTED_EDGE('',*,*,#3400,.T.);
#1519=ORIENTED_EDGE('',*,*,#3403,.F.);
#1520=ORIENTED_EDGE('',*,*,#3405,.T.);
#1521=ORIENTED_EDGE('',*,*,#3409,.T.);
#1522=ORIENTED_EDGE('',*,*,#3413,.T.);
#1523=ORIENTED_EDGE('',*,*,#3417,.F.);
#1524=ORIENTED_EDGE('',*,*,#3110,.T.);
#1525=ORIENTED_EDGE('',*,*,#3382,.T.);
#1526=ORIENTED_EDGE('',*,*,#3418,.T.);
#1527=ORIENTED_EDGE('',*,*,#3389,.T.);
#1528=ORIENTED_EDGE('',*,*,#3117,.T.);
#1529=ORIENTED_EDGE('',*,*,#3123,.F.);
#1530=ORIENTED_EDGE('',*,*,#3419,.F.);
#1531=ORIENTED_EDGE('',*,*,#3390,.F.);
#1532=ORIENTED_EDGE('',*,*,#3418,.F.);
#1533=ORIENTED_EDGE('',*,*,#3122,.T.);
#1534=ORIENTED_EDGE('',*,*,#3420,.T.);
#1535=ORIENTED_EDGE('',*,*,#3085,.F.);
#1536=ORIENTED_EDGE('',*,*,#3112,.T.);
#1537=ORIENTED_EDGE('',*,*,#3416,.T.);
#1538=ORIENTED_EDGE('',*,*,#3421,.F.);
#1539=ORIENTED_EDGE('',*,*,#3086,.F.);
#1540=ORIENTED_EDGE('',*,*,#3420,.F.);
#1541=ORIENTED_EDGE('',*,*,#3415,.T.);
#1542=ORIENTED_EDGE('',*,*,#2754,.F.);
#1543=ORIENTED_EDGE('',*,*,#3138,.F.);
#1544=ORIENTED_EDGE('',*,*,#3422,.T.);
#1545=ORIENTED_EDGE('',*,*,#3410,.T.);
#1546=ORIENTED_EDGE('',*,*,#3414,.T.);
#1547=ORIENTED_EDGE('',*,*,#3411,.T.);
#1548=ORIENTED_EDGE('',*,*,#3422,.F.);
#1549=ORIENTED_EDGE('',*,*,#3137,.T.);
#1550=ORIENTED_EDGE('',*,*,#3087,.F.);
#1551=ORIENTED_EDGE('',*,*,#3421,.T.);
#1552=ORIENTED_EDGE('',*,*,#2762,.F.);
#1553=ORIENTED_EDGE('',*,*,#3394,.F.);
#1554=ORIENTED_EDGE('',*,*,#3423,.T.);
#1555=ORIENTED_EDGE('',*,*,#3385,.T.);
#1556=ORIENTED_EDGE('',*,*,#3393,.F.);
#1557=ORIENTED_EDGE('',*,*,#3386,.T.);
#1558=ORIENTED_EDGE('',*,*,#3419,.T.);
#1559=ORIENTED_EDGE('',*,*,#3136,.F.);
#1560=ORIENTED_EDGE('',*,*,#3383,.F.);
#1561=ORIENTED_EDGE('',*,*,#3423,.F.);
#1562=ORIENTED_EDGE('',*,*,#2758,.F.);
#1563=ORIENTED_EDGE('',*,*,#3407,.F.);
#1564=ORIENTED_EDGE('',*,*,#3424,.T.);
#1565=ORIENTED_EDGE('',*,*,#3397,.T.);
#1566=ORIENTED_EDGE('',*,*,#3406,.F.);
#1567=ORIENTED_EDGE('',*,*,#3401,.T.);
#1568=ORIENTED_EDGE('',*,*,#3398,.T.);
#1569=ORIENTED_EDGE('',*,*,#3424,.F.);
#1570=ORIENTED_EDGE('',*,*,#3425,.F.);
#1571=ORIENTED_EDGE('',*,*,#3062,.F.);
#1572=ORIENTED_EDGE('',*,*,#3103,.T.);
#1573=ORIENTED_EDGE('',*,*,#3073,.T.);
#1574=ORIENTED_EDGE('',*,*,#3426,.T.);
#1575=ORIENTED_EDGE('',*,*,#3077,.T.);
#1576=ORIENTED_EDGE('',*,*,#3098,.T.);
#1577=ORIENTED_EDGE('',*,*,#3427,.T.);
#1578=ORIENTED_EDGE('',*,*,#2745,.F.);
#1579=ORIENTED_EDGE('',*,*,#3428,.F.);
#1580=ORIENTED_EDGE('',*,*,#3429,.F.);
#1581=ORIENTED_EDGE('',*,*,#3430,.F.);
#1582=ORIENTED_EDGE('',*,*,#3431,.T.);
#1583=ORIENTED_EDGE('',*,*,#3071,.T.);
#1584=ORIENTED_EDGE('',*,*,#3432,.F.);
#1585=ORIENTED_EDGE('',*,*,#3433,.T.);
#1586=ORIENTED_EDGE('',*,*,#2743,.T.);
#1587=ORIENTED_EDGE('',*,*,#3434,.F.);
#1588=ORIENTED_EDGE('',*,*,#3435,.F.);
#1589=ORIENTED_EDGE('',*,*,#3430,.T.);
#1590=ORIENTED_EDGE('',*,*,#3436,.T.);
#1591=ORIENTED_EDGE('',*,*,#3437,.T.);
#1592=ORIENTED_EDGE('',*,*,#2742,.T.);
#1593=ORIENTED_EDGE('',*,*,#3438,.F.);
#1594=ORIENTED_EDGE('',*,*,#3439,.F.);
#1595=ORIENTED_EDGE('',*,*,#3434,.T.);
#1596=ORIENTED_EDGE('',*,*,#2741,.T.);
#1597=ORIENTED_EDGE('',*,*,#3440,.F.);
#1598=ORIENTED_EDGE('',*,*,#3441,.F.);
#1599=ORIENTED_EDGE('',*,*,#3442,.F.);
#1600=ORIENTED_EDGE('',*,*,#3443,.F.);
#1601=ORIENTED_EDGE('',*,*,#3438,.T.);
#1602=ORIENTED_EDGE('',*,*,#3444,.F.);
#1603=ORIENTED_EDGE('',*,*,#3445,.F.);
#1604=ORIENTED_EDGE('',*,*,#3446,.T.);
#1605=ORIENTED_EDGE('',*,*,#3442,.T.);
#1606=ORIENTED_EDGE('',*,*,#2739,.T.);
#1607=ORIENTED_EDGE('',*,*,#3447,.F.);
#1608=ORIENTED_EDGE('',*,*,#3448,.F.);
#1609=ORIENTED_EDGE('',*,*,#3445,.T.);
#1610=ORIENTED_EDGE('',*,*,#3449,.T.);
#1611=ORIENTED_EDGE('',*,*,#3450,.T.);
#1612=ORIENTED_EDGE('',*,*,#2738,.T.);
#1613=ORIENTED_EDGE('',*,*,#3451,.F.);
#1614=ORIENTED_EDGE('',*,*,#3452,.F.);
#1615=ORIENTED_EDGE('',*,*,#3447,.T.);
#1616=ORIENTED_EDGE('',*,*,#2737,.T.);
#1617=ORIENTED_EDGE('',*,*,#3453,.F.);
#1618=ORIENTED_EDGE('',*,*,#3454,.F.);
#1619=ORIENTED_EDGE('',*,*,#3455,.F.);
#1620=ORIENTED_EDGE('',*,*,#3456,.F.);
#1621=ORIENTED_EDGE('',*,*,#3451,.T.);
#1622=ORIENTED_EDGE('',*,*,#3457,.F.);
#1623=ORIENTED_EDGE('',*,*,#3458,.F.);
#1624=ORIENTED_EDGE('',*,*,#3459,.F.);
#1625=ORIENTED_EDGE('',*,*,#3064,.F.);
#1626=ORIENTED_EDGE('',*,*,#3460,.T.);
#1627=ORIENTED_EDGE('',*,*,#3455,.T.);
#1628=ORIENTED_EDGE('',*,*,#3072,.F.);
#1629=ORIENTED_EDGE('',*,*,#3431,.F.);
#1630=ORIENTED_EDGE('',*,*,#3435,.T.);
#1631=ORIENTED_EDGE('',*,*,#3439,.T.);
#1632=ORIENTED_EDGE('',*,*,#3443,.T.);
#1633=ORIENTED_EDGE('',*,*,#3446,.F.);
#1634=ORIENTED_EDGE('',*,*,#3448,.T.);
#1635=ORIENTED_EDGE('',*,*,#3452,.T.);
#1636=ORIENTED_EDGE('',*,*,#3456,.T.);
#1637=ORIENTED_EDGE('',*,*,#3460,.F.);
#1638=ORIENTED_EDGE('',*,*,#3063,.T.);
#1639=ORIENTED_EDGE('',*,*,#3425,.T.);
#1640=ORIENTED_EDGE('',*,*,#3461,.T.);
#1641=ORIENTED_EDGE('',*,*,#3432,.T.);
#1642=ORIENTED_EDGE('',*,*,#3070,.T.);
#1643=ORIENTED_EDGE('',*,*,#3080,.F.);
#1644=ORIENTED_EDGE('',*,*,#3462,.F.);
#1645=ORIENTED_EDGE('',*,*,#3433,.F.);
#1646=ORIENTED_EDGE('',*,*,#3461,.F.);
#1647=ORIENTED_EDGE('',*,*,#3079,.T.);
#1648=ORIENTED_EDGE('',*,*,#3463,.T.);
#1649=ORIENTED_EDGE('',*,*,#3033,.F.);
#1650=ORIENTED_EDGE('',*,*,#3065,.T.);
#1651=ORIENTED_EDGE('',*,*,#3459,.T.);
#1652=ORIENTED_EDGE('',*,*,#3464,.F.);
#1653=ORIENTED_EDGE('',*,*,#3034,.F.);
#1654=ORIENTED_EDGE('',*,*,#3463,.F.);
#1655=ORIENTED_EDGE('',*,*,#3458,.T.);
#1656=ORIENTED_EDGE('',*,*,#2736,.F.);
#1657=ORIENTED_EDGE('',*,*,#3090,.F.);
#1658=ORIENTED_EDGE('',*,*,#3465,.T.);
#1659=ORIENTED_EDGE('',*,*,#3453,.T.);
#1660=ORIENTED_EDGE('',*,*,#3457,.T.);
#1661=ORIENTED_EDGE('',*,*,#3454,.T.);
#1662=ORIENTED_EDGE('',*,*,#3465,.F.);
#1663=ORIENTED_EDGE('',*,*,#3089,.T.);
#1664=ORIENTED_EDGE('',*,*,#3035,.F.);
#1665=ORIENTED_EDGE('',*,*,#3464,.T.);
#1666=ORIENTED_EDGE('',*,*,#2744,.F.);
#1667=ORIENTED_EDGE('',*,*,#3437,.F.);
#1668=ORIENTED_EDGE('',*,*,#3466,.T.);
#1669=ORIENTED_EDGE('',*,*,#3428,.T.);
#1670=ORIENTED_EDGE('',*,*,#3436,.F.);
#1671=ORIENTED_EDGE('',*,*,#3429,.T.);
#1672=ORIENTED_EDGE('',*,*,#3462,.T.);
#1673=ORIENTED_EDGE('',*,*,#3078,.F.);
#1674=ORIENTED_EDGE('',*,*,#3426,.F.);
#1675=ORIENTED_EDGE('',*,*,#3466,.F.);
#1676=ORIENTED_EDGE('',*,*,#2740,.F.);
#1677=ORIENTED_EDGE('',*,*,#3450,.F.);
#1678=ORIENTED_EDGE('',*,*,#3467,.T.);
#1679=ORIENTED_EDGE('',*,*,#3440,.T.);
#1680=ORIENTED_EDGE('',*,*,#3449,.F.);
#1681=ORIENTED_EDGE('',*,*,#3444,.T.);
#1682=ORIENTED_EDGE('',*,*,#3441,.T.);
#1683=ORIENTED_EDGE('',*,*,#3467,.F.);
#1684=ORIENTED_EDGE('',*,*,#3468,.F.);
#1685=ORIENTED_EDGE('',*,*,#3014,.F.);
#1686=ORIENTED_EDGE('',*,*,#3058,.T.);
#1687=ORIENTED_EDGE('',*,*,#3025,.T.);
#1688=ORIENTED_EDGE('',*,*,#3469,.T.);
#1689=ORIENTED_EDGE('',*,*,#3040,.T.);
#1690=ORIENTED_EDGE('',*,*,#3051,.T.);
#1691=ORIENTED_EDGE('',*,*,#3470,.T.);
#1692=ORIENTED_EDGE('',*,*,#2721,.F.);
#1693=ORIENTED_EDGE('',*,*,#3471,.F.);
#1694=ORIENTED_EDGE('',*,*,#3472,.F.);
#1695=ORIENTED_EDGE('',*,*,#3473,.F.);
#1696=ORIENTED_EDGE('',*,*,#3474,.T.);
#1697=ORIENTED_EDGE('',*,*,#3023,.T.);
#1698=ORIENTED_EDGE('',*,*,#3475,.F.);
#1699=ORIENTED_EDGE('',*,*,#3476,.T.);
#1700=ORIENTED_EDGE('',*,*,#2719,.T.);
#1701=ORIENTED_EDGE('',*,*,#3477,.F.);
#1702=ORIENTED_EDGE('',*,*,#3478,.F.);
#1703=ORIENTED_EDGE('',*,*,#3473,.T.);
#1704=ORIENTED_EDGE('',*,*,#3479,.T.);
#1705=ORIENTED_EDGE('',*,*,#3480,.T.);
#1706=ORIENTED_EDGE('',*,*,#2718,.T.);
#1707=ORIENTED_EDGE('',*,*,#3481,.F.);
#1708=ORIENTED_EDGE('',*,*,#3482,.F.);
#1709=ORIENTED_EDGE('',*,*,#3477,.T.);
#1710=ORIENTED_EDGE('',*,*,#2717,.T.);
#1711=ORIENTED_EDGE('',*,*,#3483,.F.);
#1712=ORIENTED_EDGE('',*,*,#3484,.F.);
#1713=ORIENTED_EDGE('',*,*,#3485,.F.);
#1714=ORIENTED_EDGE('',*,*,#3486,.F.);
#1715=ORIENTED_EDGE('',*,*,#3481,.T.);
#1716=ORIENTED_EDGE('',*,*,#3487,.F.);
#1717=ORIENTED_EDGE('',*,*,#3488,.F.);
#1718=ORIENTED_EDGE('',*,*,#3489,.T.);
#1719=ORIENTED_EDGE('',*,*,#3485,.T.);
#1720=ORIENTED_EDGE('',*,*,#2715,.T.);
#1721=ORIENTED_EDGE('',*,*,#3490,.F.);
#1722=ORIENTED_EDGE('',*,*,#3491,.F.);
#1723=ORIENTED_EDGE('',*,*,#3488,.T.);
#1724=ORIENTED_EDGE('',*,*,#3492,.T.);
#1725=ORIENTED_EDGE('',*,*,#3493,.T.);
#1726=ORIENTED_EDGE('',*,*,#2714,.T.);
#1727=ORIENTED_EDGE('',*,*,#3494,.F.);
#1728=ORIENTED_EDGE('',*,*,#3495,.F.);
#1729=ORIENTED_EDGE('',*,*,#3490,.T.);
#1730=ORIENTED_EDGE('',*,*,#2713,.T.);
#1731=ORIENTED_EDGE('',*,*,#3496,.F.);
#1732=ORIENTED_EDGE('',*,*,#3497,.F.);
#1733=ORIENTED_EDGE('',*,*,#3498,.F.);
#1734=ORIENTED_EDGE('',*,*,#3499,.F.);
#1735=ORIENTED_EDGE('',*,*,#3494,.T.);
#1736=ORIENTED_EDGE('',*,*,#3500,.F.);
#1737=ORIENTED_EDGE('',*,*,#3501,.F.);
#1738=ORIENTED_EDGE('',*,*,#3502,.F.);
#1739=ORIENTED_EDGE('',*,*,#3016,.F.);
#1740=ORIENTED_EDGE('',*,*,#3503,.T.);
#1741=ORIENTED_EDGE('',*,*,#3498,.T.);
#1742=ORIENTED_EDGE('',*,*,#3024,.F.);
#1743=ORIENTED_EDGE('',*,*,#3474,.F.);
#1744=ORIENTED_EDGE('',*,*,#3478,.T.);
#1745=ORIENTED_EDGE('',*,*,#3482,.T.);
#1746=ORIENTED_EDGE('',*,*,#3486,.T.);
#1747=ORIENTED_EDGE('',*,*,#3489,.F.);
#1748=ORIENTED_EDGE('',*,*,#3491,.T.);
#1749=ORIENTED_EDGE('',*,*,#3495,.T.);
#1750=ORIENTED_EDGE('',*,*,#3499,.T.);
#1751=ORIENTED_EDGE('',*,*,#3503,.F.);
#1752=ORIENTED_EDGE('',*,*,#3015,.T.);
#1753=ORIENTED_EDGE('',*,*,#3468,.T.);
#1754=ORIENTED_EDGE('',*,*,#3504,.T.);
#1755=ORIENTED_EDGE('',*,*,#3475,.T.);
#1756=ORIENTED_EDGE('',*,*,#3022,.T.);
#1757=ORIENTED_EDGE('',*,*,#3028,.F.);
#1758=ORIENTED_EDGE('',*,*,#3505,.F.);
#1759=ORIENTED_EDGE('',*,*,#3476,.F.);
#1760=ORIENTED_EDGE('',*,*,#3504,.F.);
#1761=ORIENTED_EDGE('',*,*,#3027,.T.);
#1762=ORIENTED_EDGE('',*,*,#3506,.T.);
#1763=ORIENTED_EDGE('',*,*,#2990,.F.);
#1764=ORIENTED_EDGE('',*,*,#3017,.T.);
#1765=ORIENTED_EDGE('',*,*,#3502,.T.);
#1766=ORIENTED_EDGE('',*,*,#3507,.F.);
#1767=ORIENTED_EDGE('',*,*,#2991,.F.);
#1768=ORIENTED_EDGE('',*,*,#3506,.F.);
#1769=ORIENTED_EDGE('',*,*,#3501,.T.);
#1770=ORIENTED_EDGE('',*,*,#2712,.F.);
#1771=ORIENTED_EDGE('',*,*,#3043,.F.);
#1772=ORIENTED_EDGE('',*,*,#3508,.T.);
#1773=ORIENTED_EDGE('',*,*,#3496,.T.);
#1774=ORIENTED_EDGE('',*,*,#3500,.T.);
#1775=ORIENTED_EDGE('',*,*,#3497,.T.);
#1776=ORIENTED_EDGE('',*,*,#3508,.F.);
#1777=ORIENTED_EDGE('',*,*,#3042,.T.);
#1778=ORIENTED_EDGE('',*,*,#2992,.F.);
#1779=ORIENTED_EDGE('',*,*,#3507,.T.);
#1780=ORIENTED_EDGE('',*,*,#2720,.F.);
#1781=ORIENTED_EDGE('',*,*,#3480,.F.);
#1782=ORIENTED_EDGE('',*,*,#3509,.T.);
#1783=ORIENTED_EDGE('',*,*,#3471,.T.);
#1784=ORIENTED_EDGE('',*,*,#3479,.F.);
#1785=ORIENTED_EDGE('',*,*,#3472,.T.);
#1786=ORIENTED_EDGE('',*,*,#3505,.T.);
#1787=ORIENTED_EDGE('',*,*,#3041,.F.);
#1788=ORIENTED_EDGE('',*,*,#3469,.F.);
#1789=ORIENTED_EDGE('',*,*,#3509,.F.);
#1790=ORIENTED_EDGE('',*,*,#2716,.F.);
#1791=ORIENTED_EDGE('',*,*,#3493,.F.);
#1792=ORIENTED_EDGE('',*,*,#3510,.T.);
#1793=ORIENTED_EDGE('',*,*,#3483,.T.);
#1794=ORIENTED_EDGE('',*,*,#3492,.F.);
#1795=ORIENTED_EDGE('',*,*,#3487,.T.);
#1796=ORIENTED_EDGE('',*,*,#3484,.T.);
#1797=ORIENTED_EDGE('',*,*,#3510,.F.);
#1798=ORIENTED_EDGE('',*,*,#3511,.F.);
#1799=ORIENTED_EDGE('',*,*,#2967,.F.);
#1800=ORIENTED_EDGE('',*,*,#3010,.T.);
#1801=ORIENTED_EDGE('',*,*,#2978,.T.);
#1802=ORIENTED_EDGE('',*,*,#3512,.T.);
#1803=ORIENTED_EDGE('',*,*,#2982,.T.);
#1804=ORIENTED_EDGE('',*,*,#3003,.T.);
#1805=ORIENTED_EDGE('',*,*,#3513,.T.);
#1806=ORIENTED_EDGE('',*,*,#2703,.F.);
#1807=ORIENTED_EDGE('',*,*,#3514,.F.);
#1808=ORIENTED_EDGE('',*,*,#3515,.F.);
#1809=ORIENTED_EDGE('',*,*,#3516,.F.);
#1810=ORIENTED_EDGE('',*,*,#3517,.T.);
#1811=ORIENTED_EDGE('',*,*,#2976,.T.);
#1812=ORIENTED_EDGE('',*,*,#3518,.F.);
#1813=ORIENTED_EDGE('',*,*,#3519,.T.);
#1814=ORIENTED_EDGE('',*,*,#2701,.T.);
#1815=ORIENTED_EDGE('',*,*,#3520,.F.);
#1816=ORIENTED_EDGE('',*,*,#3521,.F.);
#1817=ORIENTED_EDGE('',*,*,#3516,.T.);
#1818=ORIENTED_EDGE('',*,*,#3522,.T.);
#1819=ORIENTED_EDGE('',*,*,#3523,.T.);
#1820=ORIENTED_EDGE('',*,*,#2700,.T.);
#1821=ORIENTED_EDGE('',*,*,#3524,.F.);
#1822=ORIENTED_EDGE('',*,*,#3525,.F.);
#1823=ORIENTED_EDGE('',*,*,#3520,.T.);
#1824=ORIENTED_EDGE('',*,*,#2699,.T.);
#1825=ORIENTED_EDGE('',*,*,#3526,.F.);
#1826=ORIENTED_EDGE('',*,*,#3527,.F.);
#1827=ORIENTED_EDGE('',*,*,#3528,.F.);
#1828=ORIENTED_EDGE('',*,*,#3529,.F.);
#1829=ORIENTED_EDGE('',*,*,#3524,.T.);
#1830=ORIENTED_EDGE('',*,*,#3530,.F.);
#1831=ORIENTED_EDGE('',*,*,#3531,.F.);
#1832=ORIENTED_EDGE('',*,*,#3532,.T.);
#1833=ORIENTED_EDGE('',*,*,#3528,.T.);
#1834=ORIENTED_EDGE('',*,*,#2697,.T.);
#1835=ORIENTED_EDGE('',*,*,#3533,.F.);
#1836=ORIENTED_EDGE('',*,*,#3534,.F.);
#1837=ORIENTED_EDGE('',*,*,#3531,.T.);
#1838=ORIENTED_EDGE('',*,*,#3535,.T.);
#1839=ORIENTED_EDGE('',*,*,#3536,.T.);
#1840=ORIENTED_EDGE('',*,*,#2696,.T.);
#1841=ORIENTED_EDGE('',*,*,#3537,.F.);
#1842=ORIENTED_EDGE('',*,*,#3538,.F.);
#1843=ORIENTED_EDGE('',*,*,#3533,.T.);
#1844=ORIENTED_EDGE('',*,*,#2695,.T.);
#1845=ORIENTED_EDGE('',*,*,#3539,.F.);
#1846=ORIENTED_EDGE('',*,*,#3540,.F.);
#1847=ORIENTED_EDGE('',*,*,#3541,.F.);
#1848=ORIENTED_EDGE('',*,*,#3542,.F.);
#1849=ORIENTED_EDGE('',*,*,#3537,.T.);
#1850=ORIENTED_EDGE('',*,*,#3543,.F.);
#1851=ORIENTED_EDGE('',*,*,#3544,.F.);
#1852=ORIENTED_EDGE('',*,*,#3545,.F.);
#1853=ORIENTED_EDGE('',*,*,#2969,.F.);
#1854=ORIENTED_EDGE('',*,*,#3546,.T.);
#1855=ORIENTED_EDGE('',*,*,#3541,.T.);
#1856=ORIENTED_EDGE('',*,*,#2977,.F.);
#1857=ORIENTED_EDGE('',*,*,#3517,.F.);
#1858=ORIENTED_EDGE('',*,*,#3521,.T.);
#1859=ORIENTED_EDGE('',*,*,#3525,.T.);
#1860=ORIENTED_EDGE('',*,*,#3529,.T.);
#1861=ORIENTED_EDGE('',*,*,#3532,.F.);
#1862=ORIENTED_EDGE('',*,*,#3534,.T.);
#1863=ORIENTED_EDGE('',*,*,#3538,.T.);
#1864=ORIENTED_EDGE('',*,*,#3542,.T.);
#1865=ORIENTED_EDGE('',*,*,#3546,.F.);
#1866=ORIENTED_EDGE('',*,*,#2968,.T.);
#1867=ORIENTED_EDGE('',*,*,#3511,.T.);
#1868=ORIENTED_EDGE('',*,*,#3547,.T.);
#1869=ORIENTED_EDGE('',*,*,#3518,.T.);
#1870=ORIENTED_EDGE('',*,*,#2975,.T.);
#1871=ORIENTED_EDGE('',*,*,#2985,.F.);
#1872=ORIENTED_EDGE('',*,*,#3548,.F.);
#1873=ORIENTED_EDGE('',*,*,#3519,.F.);
#1874=ORIENTED_EDGE('',*,*,#3547,.F.);
#1875=ORIENTED_EDGE('',*,*,#2984,.T.);
#1876=ORIENTED_EDGE('',*,*,#3549,.T.);
#1877=ORIENTED_EDGE('',*,*,#2938,.F.);
#1878=ORIENTED_EDGE('',*,*,#2970,.T.);
#1879=ORIENTED_EDGE('',*,*,#3545,.T.);
#1880=ORIENTED_EDGE('',*,*,#3550,.F.);
#1881=ORIENTED_EDGE('',*,*,#2939,.F.);
#1882=ORIENTED_EDGE('',*,*,#3549,.F.);
#1883=ORIENTED_EDGE('',*,*,#3544,.T.);
#1884=ORIENTED_EDGE('',*,*,#2694,.F.);
#1885=ORIENTED_EDGE('',*,*,#2995,.F.);
#1886=ORIENTED_EDGE('',*,*,#3551,.T.);
#1887=ORIENTED_EDGE('',*,*,#3539,.T.);
#1888=ORIENTED_EDGE('',*,*,#3543,.T.);
#1889=ORIENTED_EDGE('',*,*,#3540,.T.);
#1890=ORIENTED_EDGE('',*,*,#3551,.F.);
#1891=ORIENTED_EDGE('',*,*,#2994,.T.);
#1892=ORIENTED_EDGE('',*,*,#2940,.F.);
#1893=ORIENTED_EDGE('',*,*,#3550,.T.);
#1894=ORIENTED_EDGE('',*,*,#2702,.F.);
#1895=ORIENTED_EDGE('',*,*,#3523,.F.);
#1896=ORIENTED_EDGE('',*,*,#3552,.T.);
#1897=ORIENTED_EDGE('',*,*,#3514,.T.);
#1898=ORIENTED_EDGE('',*,*,#3522,.F.);
#1899=ORIENTED_EDGE('',*,*,#3515,.T.);
#1900=ORIENTED_EDGE('',*,*,#3548,.T.);
#1901=ORIENTED_EDGE('',*,*,#2983,.F.);
#1902=ORIENTED_EDGE('',*,*,#3512,.F.);
#1903=ORIENTED_EDGE('',*,*,#3552,.F.);
#1904=ORIENTED_EDGE('',*,*,#2698,.F.);
#1905=ORIENTED_EDGE('',*,*,#3536,.F.);
#1906=ORIENTED_EDGE('',*,*,#3553,.T.);
#1907=ORIENTED_EDGE('',*,*,#3526,.T.);
#1908=ORIENTED_EDGE('',*,*,#3535,.F.);
#1909=ORIENTED_EDGE('',*,*,#3530,.T.);
#1910=ORIENTED_EDGE('',*,*,#3527,.T.);
#1911=ORIENTED_EDGE('',*,*,#3553,.F.);
#1912=ORIENTED_EDGE('',*,*,#3554,.F.);
#1913=ORIENTED_EDGE('',*,*,#2919,.F.);
#1914=ORIENTED_EDGE('',*,*,#2963,.T.);
#1915=ORIENTED_EDGE('',*,*,#2930,.T.);
#1916=ORIENTED_EDGE('',*,*,#3555,.T.);
#1917=ORIENTED_EDGE('',*,*,#2945,.T.);
#1918=ORIENTED_EDGE('',*,*,#2956,.T.);
#1919=ORIENTED_EDGE('',*,*,#3556,.T.);
#1920=ORIENTED_EDGE('',*,*,#2679,.F.);
#1921=ORIENTED_EDGE('',*,*,#3557,.F.);
#1922=ORIENTED_EDGE('',*,*,#3558,.F.);
#1923=ORIENTED_EDGE('',*,*,#3559,.F.);
#1924=ORIENTED_EDGE('',*,*,#3560,.T.);
#1925=ORIENTED_EDGE('',*,*,#2928,.T.);
#1926=ORIENTED_EDGE('',*,*,#3561,.F.);
#1927=ORIENTED_EDGE('',*,*,#3562,.T.);
#1928=ORIENTED_EDGE('',*,*,#2677,.T.);
#1929=ORIENTED_EDGE('',*,*,#3563,.F.);
#1930=ORIENTED_EDGE('',*,*,#3564,.F.);
#1931=ORIENTED_EDGE('',*,*,#3559,.T.);
#1932=ORIENTED_EDGE('',*,*,#3565,.T.);
#1933=ORIENTED_EDGE('',*,*,#3566,.T.);
#1934=ORIENTED_EDGE('',*,*,#2676,.T.);
#1935=ORIENTED_EDGE('',*,*,#3567,.F.);
#1936=ORIENTED_EDGE('',*,*,#3568,.F.);
#1937=ORIENTED_EDGE('',*,*,#3563,.T.);
#1938=ORIENTED_EDGE('',*,*,#2675,.T.);
#1939=ORIENTED_EDGE('',*,*,#3569,.F.);
#1940=ORIENTED_EDGE('',*,*,#3570,.F.);
#1941=ORIENTED_EDGE('',*,*,#3571,.F.);
#1942=ORIENTED_EDGE('',*,*,#3572,.F.);
#1943=ORIENTED_EDGE('',*,*,#3567,.T.);
#1944=ORIENTED_EDGE('',*,*,#3573,.F.);
#1945=ORIENTED_EDGE('',*,*,#3574,.F.);
#1946=ORIENTED_EDGE('',*,*,#3575,.T.);
#1947=ORIENTED_EDGE('',*,*,#3571,.T.);
#1948=ORIENTED_EDGE('',*,*,#2673,.T.);
#1949=ORIENTED_EDGE('',*,*,#3576,.F.);
#1950=ORIENTED_EDGE('',*,*,#3577,.F.);
#1951=ORIENTED_EDGE('',*,*,#3574,.T.);
#1952=ORIENTED_EDGE('',*,*,#3578,.T.);
#1953=ORIENTED_EDGE('',*,*,#3579,.T.);
#1954=ORIENTED_EDGE('',*,*,#2672,.T.);
#1955=ORIENTED_EDGE('',*,*,#3580,.F.);
#1956=ORIENTED_EDGE('',*,*,#3581,.F.);
#1957=ORIENTED_EDGE('',*,*,#3576,.T.);
#1958=ORIENTED_EDGE('',*,*,#2671,.T.);
#1959=ORIENTED_EDGE('',*,*,#3582,.F.);
#1960=ORIENTED_EDGE('',*,*,#3583,.F.);
#1961=ORIENTED_EDGE('',*,*,#3584,.F.);
#1962=ORIENTED_EDGE('',*,*,#3585,.F.);
#1963=ORIENTED_EDGE('',*,*,#3580,.T.);
#1964=ORIENTED_EDGE('',*,*,#3586,.F.);
#1965=ORIENTED_EDGE('',*,*,#3587,.F.);
#1966=ORIENTED_EDGE('',*,*,#3588,.F.);
#1967=ORIENTED_EDGE('',*,*,#2921,.F.);
#1968=ORIENTED_EDGE('',*,*,#3589,.T.);
#1969=ORIENTED_EDGE('',*,*,#3584,.T.);
#1970=ORIENTED_EDGE('',*,*,#2929,.F.);
#1971=ORIENTED_EDGE('',*,*,#3560,.F.);
#1972=ORIENTED_EDGE('',*,*,#3564,.T.);
#1973=ORIENTED_EDGE('',*,*,#3568,.T.);
#1974=ORIENTED_EDGE('',*,*,#3572,.T.);
#1975=ORIENTED_EDGE('',*,*,#3575,.F.);
#1976=ORIENTED_EDGE('',*,*,#3577,.T.);
#1977=ORIENTED_EDGE('',*,*,#3581,.T.);
#1978=ORIENTED_EDGE('',*,*,#3585,.T.);
#1979=ORIENTED_EDGE('',*,*,#3589,.F.);
#1980=ORIENTED_EDGE('',*,*,#2920,.T.);
#1981=ORIENTED_EDGE('',*,*,#3554,.T.);
#1982=ORIENTED_EDGE('',*,*,#3590,.T.);
#1983=ORIENTED_EDGE('',*,*,#3561,.T.);
#1984=ORIENTED_EDGE('',*,*,#2927,.T.);
#1985=ORIENTED_EDGE('',*,*,#2933,.F.);
#1986=ORIENTED_EDGE('',*,*,#3591,.F.);
#1987=ORIENTED_EDGE('',*,*,#3562,.F.);
#1988=ORIENTED_EDGE('',*,*,#3590,.F.);
#1989=ORIENTED_EDGE('',*,*,#2932,.T.);
#1990=ORIENTED_EDGE('',*,*,#3592,.T.);
#1991=ORIENTED_EDGE('',*,*,#2895,.F.);
#1992=ORIENTED_EDGE('',*,*,#2922,.T.);
#1993=ORIENTED_EDGE('',*,*,#3588,.T.);
#1994=ORIENTED_EDGE('',*,*,#3593,.F.);
#1995=ORIENTED_EDGE('',*,*,#2896,.F.);
#1996=ORIENTED_EDGE('',*,*,#3592,.F.);
#1997=ORIENTED_EDGE('',*,*,#3587,.T.);
#1998=ORIENTED_EDGE('',*,*,#2670,.F.);
#1999=ORIENTED_EDGE('',*,*,#2948,.F.);
#2000=ORIENTED_EDGE('',*,*,#3594,.T.);
#2001=ORIENTED_EDGE('',*,*,#3582,.T.);
#2002=ORIENTED_EDGE('',*,*,#3586,.T.);
#2003=ORIENTED_EDGE('',*,*,#3583,.T.);
#2004=ORIENTED_EDGE('',*,*,#3594,.F.);
#2005=ORIENTED_EDGE('',*,*,#2947,.T.);
#2006=ORIENTED_EDGE('',*,*,#2897,.F.);
#2007=ORIENTED_EDGE('',*,*,#3593,.T.);
#2008=ORIENTED_EDGE('',*,*,#2678,.F.);
#2009=ORIENTED_EDGE('',*,*,#3566,.F.);
#2010=ORIENTED_EDGE('',*,*,#3595,.T.);
#2011=ORIENTED_EDGE('',*,*,#3557,.T.);
#2012=ORIENTED_EDGE('',*,*,#3565,.F.);
#2013=ORIENTED_EDGE('',*,*,#3558,.T.);
#2014=ORIENTED_EDGE('',*,*,#3591,.T.);
#2015=ORIENTED_EDGE('',*,*,#2946,.F.);
#2016=ORIENTED_EDGE('',*,*,#3555,.F.);
#2017=ORIENTED_EDGE('',*,*,#3595,.F.);
#2018=ORIENTED_EDGE('',*,*,#2674,.F.);
#2019=ORIENTED_EDGE('',*,*,#3579,.F.);
#2020=ORIENTED_EDGE('',*,*,#3596,.T.);
#2021=ORIENTED_EDGE('',*,*,#3569,.T.);
#2022=ORIENTED_EDGE('',*,*,#3578,.F.);
#2023=ORIENTED_EDGE('',*,*,#3573,.T.);
#2024=ORIENTED_EDGE('',*,*,#3570,.T.);
#2025=ORIENTED_EDGE('',*,*,#3596,.F.);
#2026=ORIENTED_EDGE('',*,*,#3597,.F.);
#2027=ORIENTED_EDGE('',*,*,#2855,.F.);
#2028=ORIENTED_EDGE('',*,*,#2913,.T.);
#2029=ORIENTED_EDGE('',*,*,#2867,.T.);
#2030=ORIENTED_EDGE('',*,*,#3598,.T.);
#2031=ORIENTED_EDGE('',*,*,#2887,.T.);
#2032=ORIENTED_EDGE('',*,*,#2908,.T.);
#2033=ORIENTED_EDGE('',*,*,#3599,.T.);
#2034=ORIENTED_EDGE('',*,*,#2663,.F.);
#2035=ORIENTED_EDGE('',*,*,#3600,.F.);
#2036=ORIENTED_EDGE('',*,*,#3601,.F.);
#2037=ORIENTED_EDGE('',*,*,#3602,.F.);
#2038=ORIENTED_EDGE('',*,*,#3603,.T.);
#2039=ORIENTED_EDGE('',*,*,#2865,.T.);
#2040=ORIENTED_EDGE('',*,*,#3604,.F.);
#2041=ORIENTED_EDGE('',*,*,#3605,.T.);
#2042=ORIENTED_EDGE('',*,*,#2661,.T.);
#2043=ORIENTED_EDGE('',*,*,#3606,.F.);
#2044=ORIENTED_EDGE('',*,*,#3607,.F.);
#2045=ORIENTED_EDGE('',*,*,#3602,.T.);
#2046=ORIENTED_EDGE('',*,*,#3608,.T.);
#2047=ORIENTED_EDGE('',*,*,#3609,.T.);
#2048=ORIENTED_EDGE('',*,*,#2660,.T.);
#2049=ORIENTED_EDGE('',*,*,#3610,.F.);
#2050=ORIENTED_EDGE('',*,*,#3611,.F.);
#2051=ORIENTED_EDGE('',*,*,#3606,.T.);
#2052=ORIENTED_EDGE('',*,*,#2659,.T.);
#2053=ORIENTED_EDGE('',*,*,#3612,.F.);
#2054=ORIENTED_EDGE('',*,*,#3613,.F.);
#2055=ORIENTED_EDGE('',*,*,#3614,.F.);
#2056=ORIENTED_EDGE('',*,*,#3615,.F.);
#2057=ORIENTED_EDGE('',*,*,#3610,.T.);
#2058=ORIENTED_EDGE('',*,*,#3616,.F.);
#2059=ORIENTED_EDGE('',*,*,#3617,.F.);
#2060=ORIENTED_EDGE('',*,*,#3618,.T.);
#2061=ORIENTED_EDGE('',*,*,#3614,.T.);
#2062=ORIENTED_EDGE('',*,*,#2657,.T.);
#2063=ORIENTED_EDGE('',*,*,#3619,.F.);
#2064=ORIENTED_EDGE('',*,*,#3620,.F.);
#2065=ORIENTED_EDGE('',*,*,#3617,.T.);
#2066=ORIENTED_EDGE('',*,*,#3621,.T.);
#2067=ORIENTED_EDGE('',*,*,#3622,.T.);
#2068=ORIENTED_EDGE('',*,*,#2656,.T.);
#2069=ORIENTED_EDGE('',*,*,#3623,.F.);
#2070=ORIENTED_EDGE('',*,*,#3624,.F.);
#2071=ORIENTED_EDGE('',*,*,#3619,.T.);
#2072=ORIENTED_EDGE('',*,*,#2655,.T.);
#2073=ORIENTED_EDGE('',*,*,#3625,.F.);
#2074=ORIENTED_EDGE('',*,*,#3626,.F.);
#2075=ORIENTED_EDGE('',*,*,#3627,.F.);
#2076=ORIENTED_EDGE('',*,*,#3628,.F.);
#2077=ORIENTED_EDGE('',*,*,#3623,.T.);
#2078=ORIENTED_EDGE('',*,*,#3629,.F.);
#2079=ORIENTED_EDGE('',*,*,#3630,.F.);
#2080=ORIENTED_EDGE('',*,*,#3631,.F.);
#2081=ORIENTED_EDGE('',*,*,#2857,.F.);
#2082=ORIENTED_EDGE('',*,*,#3632,.T.);
#2083=ORIENTED_EDGE('',*,*,#3627,.T.);
#2084=ORIENTED_EDGE('',*,*,#2866,.F.);
#2085=ORIENTED_EDGE('',*,*,#3603,.F.);
#2086=ORIENTED_EDGE('',*,*,#3607,.T.);
#2087=ORIENTED_EDGE('',*,*,#3611,.T.);
#2088=ORIENTED_EDGE('',*,*,#3615,.T.);
#2089=ORIENTED_EDGE('',*,*,#3618,.F.);
#2090=ORIENTED_EDGE('',*,*,#3620,.T.);
#2091=ORIENTED_EDGE('',*,*,#3624,.T.);
#2092=ORIENTED_EDGE('',*,*,#3628,.T.);
#2093=ORIENTED_EDGE('',*,*,#3632,.F.);
#2094=ORIENTED_EDGE('',*,*,#2856,.T.);
#2095=ORIENTED_EDGE('',*,*,#3597,.T.);
#2096=ORIENTED_EDGE('',*,*,#3633,.T.);
#2097=ORIENTED_EDGE('',*,*,#3604,.T.);
#2098=ORIENTED_EDGE('',*,*,#2864,.T.);
#2099=ORIENTED_EDGE('',*,*,#2890,.F.);
#2100=ORIENTED_EDGE('',*,*,#3634,.F.);
#2101=ORIENTED_EDGE('',*,*,#3605,.F.);
#2102=ORIENTED_EDGE('',*,*,#3633,.F.);
#2103=ORIENTED_EDGE('',*,*,#2889,.T.);
#2104=ORIENTED_EDGE('',*,*,#3635,.T.);
#2105=ORIENTED_EDGE('',*,*,#2869,.F.);
#2106=ORIENTED_EDGE('',*,*,#2858,.T.);
#2107=ORIENTED_EDGE('',*,*,#3631,.T.);
#2108=ORIENTED_EDGE('',*,*,#3636,.F.);
#2109=ORIENTED_EDGE('',*,*,#2870,.F.);
#2110=ORIENTED_EDGE('',*,*,#3635,.F.);
#2111=ORIENTED_EDGE('',*,*,#3630,.T.);
#2112=ORIENTED_EDGE('',*,*,#2654,.F.);
#2113=ORIENTED_EDGE('',*,*,#2900,.F.);
#2114=ORIENTED_EDGE('',*,*,#3637,.T.);
#2115=ORIENTED_EDGE('',*,*,#3625,.T.);
#2116=ORIENTED_EDGE('',*,*,#3629,.T.);
#2117=ORIENTED_EDGE('',*,*,#3626,.T.);
#2118=ORIENTED_EDGE('',*,*,#3637,.F.);
#2119=ORIENTED_EDGE('',*,*,#2899,.T.);
#2120=ORIENTED_EDGE('',*,*,#2871,.F.);
#2121=ORIENTED_EDGE('',*,*,#3636,.T.);
#2122=ORIENTED_EDGE('',*,*,#2662,.F.);
#2123=ORIENTED_EDGE('',*,*,#3609,.F.);
#2124=ORIENTED_EDGE('',*,*,#3638,.T.);
#2125=ORIENTED_EDGE('',*,*,#3600,.T.);
#2126=ORIENTED_EDGE('',*,*,#3608,.F.);
#2127=ORIENTED_EDGE('',*,*,#3601,.T.);
#2128=ORIENTED_EDGE('',*,*,#3634,.T.);
#2129=ORIENTED_EDGE('',*,*,#2888,.F.);
#2130=ORIENTED_EDGE('',*,*,#3598,.F.);
#2131=ORIENTED_EDGE('',*,*,#3638,.F.);
#2132=ORIENTED_EDGE('',*,*,#2658,.F.);
#2133=ORIENTED_EDGE('',*,*,#3622,.F.);
#2134=ORIENTED_EDGE('',*,*,#3639,.T.);
#2135=ORIENTED_EDGE('',*,*,#3612,.T.);
#2136=ORIENTED_EDGE('',*,*,#3621,.F.);
#2137=ORIENTED_EDGE('',*,*,#3616,.T.);
#2138=ORIENTED_EDGE('',*,*,#3613,.T.);
#2139=ORIENTED_EDGE('',*,*,#3639,.F.);
#2140=ORIENTED_EDGE('',*,*,#3277,.F.);
#2141=ORIENTED_EDGE('',*,*,#3640,.T.);
#2142=ORIENTED_EDGE('',*,*,#3641,.T.);
#2143=ORIENTED_EDGE('',*,*,#3278,.F.);
#2144=ORIENTED_EDGE('',*,*,#3230,.F.);
#2145=ORIENTED_EDGE('',*,*,#3281,.F.);
#2146=ORIENTED_EDGE('',*,*,#3642,.T.);
#2147=ORIENTED_EDGE('',*,*,#3643,.T.);
#2148=ORIENTED_EDGE('',*,*,#3282,.F.);
#2149=ORIENTED_EDGE('',*,*,#3237,.F.);
#2150=ORIENTED_EDGE('',*,*,#3285,.F.);
#2151=ORIENTED_EDGE('',*,*,#3644,.T.);
#2152=ORIENTED_EDGE('',*,*,#3645,.T.);
#2153=ORIENTED_EDGE('',*,*,#3286,.F.);
#2154=ORIENTED_EDGE('',*,*,#3245,.F.);
#2155=ORIENTED_EDGE('',*,*,#3289,.F.);
#2156=ORIENTED_EDGE('',*,*,#3646,.T.);
#2157=ORIENTED_EDGE('',*,*,#3647,.T.);
#2158=ORIENTED_EDGE('',*,*,#3290,.F.);
#2159=ORIENTED_EDGE('',*,*,#3251,.F.);
#2160=ORIENTED_EDGE('',*,*,#3241,.F.);
#2161=ORIENTED_EDGE('',*,*,#2764,.F.);
#2162=ORIENTED_EDGE('',*,*,#3384,.F.);
#2163=ORIENTED_EDGE('',*,*,#3145,.F.);
#2164=ORIENTED_EDGE('',*,*,#3097,.F.);
#2165=ORIENTED_EDGE('',*,*,#3648,.T.);
#2166=ORIENTED_EDGE('',*,*,#2746,.F.);
#2167=ORIENTED_EDGE('',*,*,#3427,.F.);
#2168=ORIENTED_EDGE('',*,*,#3143,.F.);
#2169=ORIENTED_EDGE('',*,*,#3649,.T.);
#2170=ORIENTED_EDGE('',*,*,#3095,.F.);
#2171=ORIENTED_EDGE('',*,*,#3075,.F.);
#2172=ORIENTED_EDGE('',*,*,#2752,.F.);
#2173=ORIENTED_EDGE('',*,*,#3650,.T.);
#2174=ORIENTED_EDGE('',*,*,#3141,.F.);
#2175=ORIENTED_EDGE('',*,*,#3139,.F.);
#2176=ORIENTED_EDGE('',*,*,#3091,.F.);
#2177=ORIENTED_EDGE('',*,*,#2734,.F.);
#2178=ORIENTED_EDGE('',*,*,#3234,.F.);
#2179=ORIENTED_EDGE('',*,*,#3093,.F.);
#2180=ORIENTED_EDGE('',*,*,#3240,.F.);
#2181=ORIENTED_EDGE('',*,*,#2722,.F.);
#2182=ORIENTED_EDGE('',*,*,#3470,.F.);
#2183=ORIENTED_EDGE('',*,*,#3050,.F.);
#2184=ORIENTED_EDGE('',*,*,#3002,.F.);
#2185=ORIENTED_EDGE('',*,*,#3651,.T.);
#2186=ORIENTED_EDGE('',*,*,#2704,.F.);
#2187=ORIENTED_EDGE('',*,*,#3513,.F.);
#2188=ORIENTED_EDGE('',*,*,#3048,.F.);
#2189=ORIENTED_EDGE('',*,*,#3652,.T.);
#2190=ORIENTED_EDGE('',*,*,#3000,.F.);
#2191=ORIENTED_EDGE('',*,*,#2980,.F.);
#2192=ORIENTED_EDGE('',*,*,#2710,.F.);
#2193=ORIENTED_EDGE('',*,*,#3653,.T.);
#2194=ORIENTED_EDGE('',*,*,#3046,.F.);
#2195=ORIENTED_EDGE('',*,*,#3044,.F.);
#2196=ORIENTED_EDGE('',*,*,#2996,.F.);
#2197=ORIENTED_EDGE('',*,*,#2692,.F.);
#2198=ORIENTED_EDGE('',*,*,#3227,.F.);
#2199=ORIENTED_EDGE('',*,*,#2998,.F.);
#2200=ORIENTED_EDGE('',*,*,#3233,.F.);
#2201=ORIENTED_EDGE('',*,*,#2680,.F.);
#2202=ORIENTED_EDGE('',*,*,#3556,.F.);
#2203=ORIENTED_EDGE('',*,*,#2955,.F.);
#2204=ORIENTED_EDGE('',*,*,#2907,.F.);
#2205=ORIENTED_EDGE('',*,*,#3654,.T.);
#2206=ORIENTED_EDGE('',*,*,#2664,.F.);
#2207=ORIENTED_EDGE('',*,*,#3599,.F.);
#2208=ORIENTED_EDGE('',*,*,#2953,.F.);
#2209=ORIENTED_EDGE('',*,*,#3655,.T.);
#2210=ORIENTED_EDGE('',*,*,#2905,.F.);
#2211=ORIENTED_EDGE('',*,*,#2885,.F.);
#2212=ORIENTED_EDGE('',*,*,#2668,.F.);
#2213=ORIENTED_EDGE('',*,*,#3656,.T.);
#2214=ORIENTED_EDGE('',*,*,#2951,.F.);
#2215=ORIENTED_EDGE('',*,*,#2949,.F.);
#2216=ORIENTED_EDGE('',*,*,#2901,.F.);
#2217=ORIENTED_EDGE('',*,*,#2652,.F.);
#2218=ORIENTED_EDGE('',*,*,#3248,.F.);
#2219=ORIENTED_EDGE('',*,*,#2903,.F.);
#2220=ORIENTED_EDGE('',*,*,#3254,.F.);
#2221=ORIENTED_EDGE('',*,*,#2806,.F.);
#2222=ORIENTED_EDGE('',*,*,#3298,.F.);
#2223=ORIENTED_EDGE('',*,*,#3223,.F.);
#2224=ORIENTED_EDGE('',*,*,#3186,.F.);
#2225=ORIENTED_EDGE('',*,*,#2776,.F.);
#2226=ORIENTED_EDGE('',*,*,#3242,.F.);
#2227=ORIENTED_EDGE('',*,*,#3188,.F.);
#2228=ORIENTED_EDGE('',*,*,#2794,.F.);
#2229=ORIENTED_EDGE('',*,*,#3657,.T.);
#2230=ORIENTED_EDGE('',*,*,#3219,.F.);
#2231=ORIENTED_EDGE('',*,*,#3217,.F.);
#2232=ORIENTED_EDGE('',*,*,#3221,.F.);
#2233=ORIENTED_EDGE('',*,*,#3658,.T.);
#2234=ORIENTED_EDGE('',*,*,#3190,.F.);
#2235=ORIENTED_EDGE('',*,*,#3170,.F.);
#2236=ORIENTED_EDGE('',*,*,#3192,.F.);
#2237=ORIENTED_EDGE('',*,*,#3659,.T.);
#2238=ORIENTED_EDGE('',*,*,#2788,.F.);
#2239=ORIENTED_EDGE('',*,*,#3341,.F.);
#2240=ORIENTED_EDGE('',*,*,#3155,.F.);
#2241=ORIENTED_EDGE('',*,*,#3195,.F.);
#2242=ORIENTED_EDGE('',*,*,#3660,.F.);
#2243=ORIENTED_EDGE('',*,*,#3196,.F.);
#2244=ORIENTED_EDGE('',*,*,#2819,.F.);
#2245=ORIENTED_EDGE('',*,*,#3197,.F.);
#2246=ORIENTED_EDGE('',*,*,#3661,.F.);
#2247=ORIENTED_EDGE('',*,*,#3151,.F.);
#2248=ORIENTED_EDGE('',*,*,#3114,.F.);
#2249=ORIENTED_EDGE('',*,*,#3152,.F.);
#2250=ORIENTED_EDGE('',*,*,#3662,.F.);
#2251=ORIENTED_EDGE('',*,*,#3272,.F.);
#2252=ORIENTED_EDGE('',*,*,#3661,.T.);
#2253=ORIENTED_EDGE('',*,*,#3660,.T.);
#2254=ORIENTED_EDGE('',*,*,#3663,.F.);
#2255=ORIENTED_EDGE('',*,*,#3662,.T.);
#2256=ORIENTED_EDGE('',*,*,#3125,.F.);
#2257=ORIENTED_EDGE('',*,*,#3273,.F.);
#2258=ORIENTED_EDGE('',*,*,#3663,.T.);
#2259=ORIENTED_EDGE('',*,*,#3194,.F.);
#2260=ORIENTED_EDGE('',*,*,#3107,.F.);
#2261=ORIENTED_EDGE('',*,*,#3148,.F.);
#2262=ORIENTED_EDGE('',*,*,#3664,.F.);
#2263=ORIENTED_EDGE('',*,*,#3149,.F.);
#2264=ORIENTED_EDGE('',*,*,#2821,.F.);
#2265=ORIENTED_EDGE('',*,*,#3150,.F.);
#2266=ORIENTED_EDGE('',*,*,#3665,.F.);
#2267=ORIENTED_EDGE('',*,*,#3101,.F.);
#2268=ORIENTED_EDGE('',*,*,#3067,.F.);
#2269=ORIENTED_EDGE('',*,*,#3102,.F.);
#2270=ORIENTED_EDGE('',*,*,#3666,.F.);
#2271=ORIENTED_EDGE('',*,*,#3270,.F.);
#2272=ORIENTED_EDGE('',*,*,#3665,.T.);
#2273=ORIENTED_EDGE('',*,*,#3664,.T.);
#2274=ORIENTED_EDGE('',*,*,#3667,.F.);
#2275=ORIENTED_EDGE('',*,*,#3666,.T.);
#2276=ORIENTED_EDGE('',*,*,#3082,.F.);
#2277=ORIENTED_EDGE('',*,*,#3271,.F.);
#2278=ORIENTED_EDGE('',*,*,#3667,.T.);
#2279=ORIENTED_EDGE('',*,*,#3147,.F.);
#2280=ORIENTED_EDGE('',*,*,#3060,.F.);
#2281=ORIENTED_EDGE('',*,*,#3100,.F.);
#2282=ORIENTED_EDGE('',*,*,#3668,.F.);
#2283=ORIENTED_EDGE('',*,*,#3104,.F.);
#2284=ORIENTED_EDGE('',*,*,#2823,.F.);
#2285=ORIENTED_EDGE('',*,*,#3105,.F.);
#2286=ORIENTED_EDGE('',*,*,#3669,.F.);
#2287=ORIENTED_EDGE('',*,*,#3056,.F.);
#2288=ORIENTED_EDGE('',*,*,#3019,.F.);
#2289=ORIENTED_EDGE('',*,*,#3057,.F.);
#2290=ORIENTED_EDGE('',*,*,#3670,.F.);
#2291=ORIENTED_EDGE('',*,*,#3268,.F.);
#2292=ORIENTED_EDGE('',*,*,#3669,.T.);
#2293=ORIENTED_EDGE('',*,*,#3668,.T.);
#2294=ORIENTED_EDGE('',*,*,#3671,.F.);
#2295=ORIENTED_EDGE('',*,*,#3670,.T.);
#2296=ORIENTED_EDGE('',*,*,#3030,.F.);
#2297=ORIENTED_EDGE('',*,*,#3269,.F.);
#2298=ORIENTED_EDGE('',*,*,#3671,.T.);
#2299=ORIENTED_EDGE('',*,*,#3099,.F.);
#2300=ORIENTED_EDGE('',*,*,#3012,.F.);
#2301=ORIENTED_EDGE('',*,*,#3053,.F.);
#2302=ORIENTED_EDGE('',*,*,#3672,.F.);
#2303=ORIENTED_EDGE('',*,*,#3054,.F.);
#2304=ORIENTED_EDGE('',*,*,#2825,.F.);
#2305=ORIENTED_EDGE('',*,*,#3055,.F.);
#2306=ORIENTED_EDGE('',*,*,#3673,.F.);
#2307=ORIENTED_EDGE('',*,*,#3008,.F.);
#2308=ORIENTED_EDGE('',*,*,#2972,.F.);
#2309=ORIENTED_EDGE('',*,*,#3009,.F.);
#2310=ORIENTED_EDGE('',*,*,#3674,.F.);
#2311=ORIENTED_EDGE('',*,*,#3266,.F.);
#2312=ORIENTED_EDGE('',*,*,#3673,.T.);
#2313=ORIENTED_EDGE('',*,*,#3672,.T.);
#2314=ORIENTED_EDGE('',*,*,#3675,.F.);
#2315=ORIENTED_EDGE('',*,*,#3674,.T.);
#2316=ORIENTED_EDGE('',*,*,#2987,.F.);
#2317=ORIENTED_EDGE('',*,*,#3267,.F.);
#2318=ORIENTED_EDGE('',*,*,#3675,.T.);
#2319=ORIENTED_EDGE('',*,*,#3052,.F.);
#2320=ORIENTED_EDGE('',*,*,#2965,.F.);
#2321=ORIENTED_EDGE('',*,*,#3005,.F.);
#2322=ORIENTED_EDGE('',*,*,#3676,.F.);
#2323=ORIENTED_EDGE('',*,*,#3006,.F.);
#2324=ORIENTED_EDGE('',*,*,#2827,.F.);
#2325=ORIENTED_EDGE('',*,*,#3007,.F.);
#2326=ORIENTED_EDGE('',*,*,#3677,.F.);
#2327=ORIENTED_EDGE('',*,*,#2961,.F.);
#2328=ORIENTED_EDGE('',*,*,#2924,.F.);
#2329=ORIENTED_EDGE('',*,*,#2962,.F.);
#2330=ORIENTED_EDGE('',*,*,#3678,.F.);
#2331=ORIENTED_EDGE('',*,*,#3264,.F.);
#2332=ORIENTED_EDGE('',*,*,#3677,.T.);
#2333=ORIENTED_EDGE('',*,*,#3676,.T.);
#2334=ORIENTED_EDGE('',*,*,#3679,.F.);
#2335=ORIENTED_EDGE('',*,*,#3678,.T.);
#2336=ORIENTED_EDGE('',*,*,#2935,.F.);
#2337=ORIENTED_EDGE('',*,*,#3265,.F.);
#2338=ORIENTED_EDGE('',*,*,#3679,.T.);
#2339=ORIENTED_EDGE('',*,*,#3004,.F.);
#2340=ORIENTED_EDGE('',*,*,#2917,.F.);
#2341=ORIENTED_EDGE('',*,*,#2958,.F.);
#2342=ORIENTED_EDGE('',*,*,#3680,.F.);
#2343=ORIENTED_EDGE('',*,*,#2959,.F.);
#2344=ORIENTED_EDGE('',*,*,#2813,.F.);
#2345=ORIENTED_EDGE('',*,*,#2960,.F.);
#2346=ORIENTED_EDGE('',*,*,#3681,.F.);
#2347=ORIENTED_EDGE('',*,*,#2911,.F.);
#2348=ORIENTED_EDGE('',*,*,#2861,.F.);
#2349=ORIENTED_EDGE('',*,*,#2912,.F.);
#2350=ORIENTED_EDGE('',*,*,#3682,.F.);
#2351=ORIENTED_EDGE('',*,*,#3262,.F.);
#2352=ORIENTED_EDGE('',*,*,#3681,.T.);
#2353=ORIENTED_EDGE('',*,*,#3680,.T.);
#2354=ORIENTED_EDGE('',*,*,#3683,.F.);
#2355=ORIENTED_EDGE('',*,*,#3682,.T.);
#2356=ORIENTED_EDGE('',*,*,#2892,.F.);
#2357=ORIENTED_EDGE('',*,*,#3263,.F.);
#2358=ORIENTED_EDGE('',*,*,#3683,.T.);
#2359=ORIENTED_EDGE('',*,*,#2957,.F.);
#2360=ORIENTED_EDGE('',*,*,#2853,.F.);
#2361=ORIENTED_EDGE('',*,*,#2910,.F.);
#2362=ORIENTED_EDGE('',*,*,#3684,.F.);
#2363=ORIENTED_EDGE('',*,*,#2914,.F.);
#2364=ORIENTED_EDGE('',*,*,#2815,.F.);
#2365=ORIENTED_EDGE('',*,*,#2915,.F.);
#2366=ORIENTED_EDGE('',*,*,#3685,.F.);
#2367=ORIENTED_EDGE('',*,*,#3257,.F.);
#2368=ORIENTED_EDGE('',*,*,#3209,.F.);
#2369=ORIENTED_EDGE('',*,*,#3258,.F.);
#2370=ORIENTED_EDGE('',*,*,#3686,.F.);
#2371=ORIENTED_EDGE('',*,*,#3260,.F.);
#2372=ORIENTED_EDGE('',*,*,#3685,.T.);
#2373=ORIENTED_EDGE('',*,*,#3684,.T.);
#2374=ORIENTED_EDGE('',*,*,#3687,.F.);
#2375=ORIENTED_EDGE('',*,*,#3686,.T.);
#2376=ORIENTED_EDGE('',*,*,#2882,.F.);
#2377=ORIENTED_EDGE('',*,*,#3261,.F.);
#2378=ORIENTED_EDGE('',*,*,#3687,.T.);
#2379=ORIENTED_EDGE('',*,*,#2909,.F.);
#2380=ORIENTED_EDGE('',*,*,#3202,.F.);
#2381=ORIENTED_EDGE('',*,*,#3226,.F.);
#2382=ORIENTED_EDGE('',*,*,#3688,.F.);
#2383=ORIENTED_EDGE('',*,*,#3255,.F.);
#2384=ORIENTED_EDGE('',*,*,#2817,.F.);
#2385=ORIENTED_EDGE('',*,*,#3256,.F.);
#2386=ORIENTED_EDGE('',*,*,#3689,.F.);
#2387=ORIENTED_EDGE('',*,*,#3198,.F.);
#2388=ORIENTED_EDGE('',*,*,#3162,.F.);
#2389=ORIENTED_EDGE('',*,*,#3199,.F.);
#2390=ORIENTED_EDGE('',*,*,#3690,.F.);
#2391=ORIENTED_EDGE('',*,*,#3274,.F.);
#2392=ORIENTED_EDGE('',*,*,#3689,.T.);
#2393=ORIENTED_EDGE('',*,*,#3688,.T.);
#2394=ORIENTED_EDGE('',*,*,#3691,.F.);
#2395=ORIENTED_EDGE('',*,*,#3690,.T.);
#2396=ORIENTED_EDGE('',*,*,#3177,.F.);
#2397=ORIENTED_EDGE('',*,*,#3275,.F.);
#2398=ORIENTED_EDGE('',*,*,#3691,.T.);
#2399=ORIENTED_EDGE('',*,*,#3225,.F.);
#2400=ORIENTED_EDGE('',*,*,#3247,.F.);
#2401=ORIENTED_EDGE('',*,*,#3287,.F.);
#2402=ORIENTED_EDGE('',*,*,#3692,.F.);
#2403=ORIENTED_EDGE('',*,*,#2766,.F.);
#2404=ORIENTED_EDGE('',*,*,#3645,.F.);
#2405=ORIENTED_EDGE('',*,*,#3693,.T.);
#2406=ORIENTED_EDGE('',*,*,#2767,.F.);
#2407=ORIENTED_EDGE('',*,*,#3692,.T.);
#2408=ORIENTED_EDGE('',*,*,#3243,.F.);
#2409=ORIENTED_EDGE('',*,*,#2774,.F.);
#2410=ORIENTED_EDGE('',*,*,#3694,.F.);
#2411=ORIENTED_EDGE('',*,*,#3284,.F.);
#2412=ORIENTED_EDGE('',*,*,#2773,.F.);
#2413=ORIENTED_EDGE('',*,*,#3695,.T.);
#2414=ORIENTED_EDGE('',*,*,#3644,.F.);
#2415=ORIENTED_EDGE('',*,*,#3694,.T.);
#2416=ORIENTED_EDGE('',*,*,#3239,.F.);
#2417=ORIENTED_EDGE('',*,*,#3283,.F.);
#2418=ORIENTED_EDGE('',*,*,#3696,.F.);
#2419=ORIENTED_EDGE('',*,*,#2724,.F.);
#2420=ORIENTED_EDGE('',*,*,#3643,.F.);
#2421=ORIENTED_EDGE('',*,*,#3697,.T.);
#2422=ORIENTED_EDGE('',*,*,#2725,.F.);
#2423=ORIENTED_EDGE('',*,*,#3696,.T.);
#2424=ORIENTED_EDGE('',*,*,#3235,.F.);
#2425=ORIENTED_EDGE('',*,*,#2732,.F.);
#2426=ORIENTED_EDGE('',*,*,#3698,.F.);
#2427=ORIENTED_EDGE('',*,*,#3280,.F.);
#2428=ORIENTED_EDGE('',*,*,#2731,.F.);
#2429=ORIENTED_EDGE('',*,*,#3699,.T.);
#2430=ORIENTED_EDGE('',*,*,#3642,.F.);
#2431=ORIENTED_EDGE('',*,*,#3698,.T.);
#2432=ORIENTED_EDGE('',*,*,#3232,.F.);
#2433=ORIENTED_EDGE('',*,*,#3279,.F.);
#2434=ORIENTED_EDGE('',*,*,#3700,.F.);
#2435=ORIENTED_EDGE('',*,*,#2682,.F.);
#2436=ORIENTED_EDGE('',*,*,#3641,.F.);
#2437=ORIENTED_EDGE('',*,*,#3701,.T.);
#2438=ORIENTED_EDGE('',*,*,#2683,.F.);
#2439=ORIENTED_EDGE('',*,*,#3700,.T.);
#2440=ORIENTED_EDGE('',*,*,#3228,.F.);
#2441=ORIENTED_EDGE('',*,*,#2690,.F.);
#2442=ORIENTED_EDGE('',*,*,#3702,.F.);
#2443=ORIENTED_EDGE('',*,*,#3276,.F.);
#2444=ORIENTED_EDGE('',*,*,#2689,.F.);
#2445=ORIENTED_EDGE('',*,*,#3703,.T.);
#2446=ORIENTED_EDGE('',*,*,#3640,.F.);
#2447=ORIENTED_EDGE('',*,*,#3702,.T.);
#2448=ORIENTED_EDGE('',*,*,#3253,.F.);
#2449=ORIENTED_EDGE('',*,*,#3291,.F.);
#2450=ORIENTED_EDGE('',*,*,#3704,.F.);
#2451=ORIENTED_EDGE('',*,*,#2808,.F.);
#2452=ORIENTED_EDGE('',*,*,#3647,.F.);
#2453=ORIENTED_EDGE('',*,*,#3705,.T.);
#2454=ORIENTED_EDGE('',*,*,#2809,.F.);
#2455=ORIENTED_EDGE('',*,*,#3704,.T.);
#2456=ORIENTED_EDGE('',*,*,#3249,.F.);
#2457=ORIENTED_EDGE('',*,*,#2650,.F.);
#2458=ORIENTED_EDGE('',*,*,#3706,.F.);
#2459=ORIENTED_EDGE('',*,*,#3288,.F.);
#2460=ORIENTED_EDGE('',*,*,#2649,.F.);
#2461=ORIENTED_EDGE('',*,*,#3707,.T.);
#2462=ORIENTED_EDGE('',*,*,#3646,.F.);
#2463=ORIENTED_EDGE('',*,*,#3706,.T.);
#2464=ORIENTED_EDGE('',*,*,#2844,.T.);
#2465=ORIENTED_EDGE('',*,*,#3708,.T.);
#2466=ORIENTED_EDGE('',*,*,#3709,.T.);
#2467=ORIENTED_EDGE('',*,*,#2841,.T.);
#2468=ORIENTED_EDGE('',*,*,#3710,.T.);
#2469=ORIENTED_EDGE('',*,*,#3711,.T.);
#2470=ORIENTED_EDGE('',*,*,#2838,.T.);
#2471=ORIENTED_EDGE('',*,*,#3712,.T.);
#2472=ORIENTED_EDGE('',*,*,#3713,.T.);
#2473=ORIENTED_EDGE('',*,*,#2835,.T.);
#2474=ORIENTED_EDGE('',*,*,#3714,.T.);
#2475=ORIENTED_EDGE('',*,*,#3715,.T.);
#2476=ORIENTED_EDGE('',*,*,#2832,.T.);
#2477=ORIENTED_EDGE('',*,*,#3716,.T.);
#2478=ORIENTED_EDGE('',*,*,#3717,.T.);
#2479=ORIENTED_EDGE('',*,*,#2829,.T.);
#2480=ORIENTED_EDGE('',*,*,#3718,.T.);
#2481=ORIENTED_EDGE('',*,*,#3719,.T.);
#2482=ORIENTED_EDGE('',*,*,#3720,.T.);
#2483=ORIENTED_EDGE('',*,*,#3721,.T.);
#2484=ORIENTED_EDGE('',*,*,#2850,.T.);
#2485=ORIENTED_EDGE('',*,*,#2847,.T.);
#2486=ORIENTED_EDGE('',*,*,#3722,.T.);
#2487=ORIENTED_EDGE('',*,*,#3723,.T.);
#2488=ORIENTED_EDGE('',*,*,#2952,.F.);
#2489=ORIENTED_EDGE('',*,*,#3656,.F.);
#2490=ORIENTED_EDGE('',*,*,#3724,.F.);
#2491=ORIENTED_EDGE('',*,*,#3654,.F.);
#2492=ORIENTED_EDGE('',*,*,#2906,.F.);
#2493=ORIENTED_EDGE('',*,*,#3655,.F.);
#2494=ORIENTED_EDGE('',*,*,#2830,.F.);
#2495=ORIENTED_EDGE('',*,*,#3719,.F.);
#2496=ORIENTED_EDGE('',*,*,#3725,.F.);
#2497=ORIENTED_EDGE('',*,*,#2666,.F.);
#2498=ORIENTED_EDGE('',*,*,#3724,.T.);
#2499=ORIENTED_EDGE('',*,*,#2667,.F.);
#2500=ORIENTED_EDGE('',*,*,#3726,.F.);
#2501=ORIENTED_EDGE('',*,*,#2644,.F.);
#2502=ORIENTED_EDGE('',*,*,#3726,.T.);
#2503=ORIENTED_EDGE('',*,*,#3725,.T.);
#2504=ORIENTED_EDGE('',*,*,#3727,.F.);
#2505=ORIENTED_EDGE('',*,*,#3727,.T.);
#2506=ORIENTED_EDGE('',*,*,#3718,.F.);
#2507=ORIENTED_EDGE('',*,*,#2828,.F.);
#2508=ORIENTED_EDGE('',*,*,#2645,.F.);
#2509=ORIENTED_EDGE('',*,*,#3701,.F.);
#2510=ORIENTED_EDGE('',*,*,#3703,.F.);
#2511=ORIENTED_EDGE('',*,*,#3728,.F.);
#2512=ORIENTED_EDGE('',*,*,#2833,.F.);
#2513=ORIENTED_EDGE('',*,*,#3717,.F.);
#2514=ORIENTED_EDGE('',*,*,#3729,.F.);
#2515=ORIENTED_EDGE('',*,*,#2687,.F.);
#2516=ORIENTED_EDGE('',*,*,#3728,.T.);
#2517=ORIENTED_EDGE('',*,*,#2688,.F.);
#2518=ORIENTED_EDGE('',*,*,#3730,.F.);
#2519=ORIENTED_EDGE('',*,*,#2684,.F.);
#2520=ORIENTED_EDGE('',*,*,#3730,.T.);
#2521=ORIENTED_EDGE('',*,*,#3729,.T.);
#2522=ORIENTED_EDGE('',*,*,#3731,.F.);
#2523=ORIENTED_EDGE('',*,*,#3731,.T.);
#2524=ORIENTED_EDGE('',*,*,#3716,.F.);
#2525=ORIENTED_EDGE('',*,*,#2831,.F.);
#2526=ORIENTED_EDGE('',*,*,#2685,.F.);
#2527=ORIENTED_EDGE('',*,*,#3047,.F.);
#2528=ORIENTED_EDGE('',*,*,#3653,.F.);
#2529=ORIENTED_EDGE('',*,*,#3732,.F.);
#2530=ORIENTED_EDGE('',*,*,#3651,.F.);
#2531=ORIENTED_EDGE('',*,*,#3001,.F.);
#2532=ORIENTED_EDGE('',*,*,#3652,.F.);
#2533=ORIENTED_EDGE('',*,*,#2836,.F.);
#2534=ORIENTED_EDGE('',*,*,#3715,.F.);
#2535=ORIENTED_EDGE('',*,*,#3733,.F.);
#2536=ORIENTED_EDGE('',*,*,#2708,.F.);
#2537=ORIENTED_EDGE('',*,*,#3732,.T.);
#2538=ORIENTED_EDGE('',*,*,#2709,.F.);
#2539=ORIENTED_EDGE('',*,*,#3734,.F.);
#2540=ORIENTED_EDGE('',*,*,#2705,.F.);
#2541=ORIENTED_EDGE('',*,*,#3734,.T.);
#2542=ORIENTED_EDGE('',*,*,#3733,.T.);
#2543=ORIENTED_EDGE('',*,*,#3735,.F.);
#2544=ORIENTED_EDGE('',*,*,#3735,.T.);
#2545=ORIENTED_EDGE('',*,*,#3714,.F.);
#2546=ORIENTED_EDGE('',*,*,#2834,.F.);
#2547=ORIENTED_EDGE('',*,*,#2706,.F.);
#2548=ORIENTED_EDGE('',*,*,#3697,.F.);
#2549=ORIENTED_EDGE('',*,*,#3699,.F.);
#2550=ORIENTED_EDGE('',*,*,#3736,.F.);
#2551=ORIENTED_EDGE('',*,*,#2839,.F.);
#2552=ORIENTED_EDGE('',*,*,#3713,.F.);
#2553=ORIENTED_EDGE('',*,*,#3737,.F.);
#2554=ORIENTED_EDGE('',*,*,#2729,.F.);
#2555=ORIENTED_EDGE('',*,*,#3736,.T.);
#2556=ORIENTED_EDGE('',*,*,#2730,.F.);
#2557=ORIENTED_EDGE('',*,*,#3738,.F.);
#2558=ORIENTED_EDGE('',*,*,#2726,.F.);
#2559=ORIENTED_EDGE('',*,*,#3738,.T.);
#2560=ORIENTED_EDGE('',*,*,#3737,.T.);
#2561=ORIENTED_EDGE('',*,*,#3739,.F.);
#2562=ORIENTED_EDGE('',*,*,#3739,.T.);
#2563=ORIENTED_EDGE('',*,*,#3712,.F.);
#2564=ORIENTED_EDGE('',*,*,#2837,.F.);
#2565=ORIENTED_EDGE('',*,*,#2727,.F.);
#2566=ORIENTED_EDGE('',*,*,#3142,.F.);
#2567=ORIENTED_EDGE('',*,*,#3650,.F.);
#2568=ORIENTED_EDGE('',*,*,#3740,.F.);
#2569=ORIENTED_EDGE('',*,*,#3648,.F.);
#2570=ORIENTED_EDGE('',*,*,#3096,.F.);
#2571=ORIENTED_EDGE('',*,*,#3649,.F.);
#2572=ORIENTED_EDGE('',*,*,#2842,.F.);
#2573=ORIENTED_EDGE('',*,*,#3711,.F.);
#2574=ORIENTED_EDGE('',*,*,#3741,.F.);
#2575=ORIENTED_EDGE('',*,*,#2750,.F.);
#2576=ORIENTED_EDGE('',*,*,#3740,.T.);
#2577=ORIENTED_EDGE('',*,*,#2751,.F.);
#2578=ORIENTED_EDGE('',*,*,#3742,.F.);
#2579=ORIENTED_EDGE('',*,*,#2747,.F.);
#2580=ORIENTED_EDGE('',*,*,#3742,.T.);
#2581=ORIENTED_EDGE('',*,*,#3741,.T.);
#2582=ORIENTED_EDGE('',*,*,#3743,.F.);
#2583=ORIENTED_EDGE('',*,*,#3743,.T.);
#2584=ORIENTED_EDGE('',*,*,#3710,.F.);
#2585=ORIENTED_EDGE('',*,*,#2840,.F.);
#2586=ORIENTED_EDGE('',*,*,#2748,.F.);
#2587=ORIENTED_EDGE('',*,*,#3693,.F.);
#2588=ORIENTED_EDGE('',*,*,#3695,.F.);
#2589=ORIENTED_EDGE('',*,*,#3744,.F.);
#2590=ORIENTED_EDGE('',*,*,#2845,.F.);
#2591=ORIENTED_EDGE('',*,*,#3709,.F.);
#2592=ORIENTED_EDGE('',*,*,#3745,.F.);
#2593=ORIENTED_EDGE('',*,*,#2771,.F.);
#2594=ORIENTED_EDGE('',*,*,#3744,.T.);
#2595=ORIENTED_EDGE('',*,*,#2772,.F.);
#2596=ORIENTED_EDGE('',*,*,#3746,.F.);
#2597=ORIENTED_EDGE('',*,*,#2768,.F.);
#2598=ORIENTED_EDGE('',*,*,#3746,.T.);
#2599=ORIENTED_EDGE('',*,*,#3745,.T.);
#2600=ORIENTED_EDGE('',*,*,#3747,.F.);
#2601=ORIENTED_EDGE('',*,*,#3747,.T.);
#2602=ORIENTED_EDGE('',*,*,#3708,.F.);
#2603=ORIENTED_EDGE('',*,*,#2843,.F.);
#2604=ORIENTED_EDGE('',*,*,#2769,.F.);
#2605=ORIENTED_EDGE('',*,*,#3220,.F.);
#2606=ORIENTED_EDGE('',*,*,#3657,.F.);
#2607=ORIENTED_EDGE('',*,*,#3748,.F.);
#2608=ORIENTED_EDGE('',*,*,#3659,.F.);
#2609=ORIENTED_EDGE('',*,*,#3191,.F.);
#2610=ORIENTED_EDGE('',*,*,#3658,.F.);
#2611=ORIENTED_EDGE('',*,*,#2848,.F.);
#2612=ORIENTED_EDGE('',*,*,#3723,.F.);
#2613=ORIENTED_EDGE('',*,*,#3749,.F.);
#2614=ORIENTED_EDGE('',*,*,#2792,.F.);
#2615=ORIENTED_EDGE('',*,*,#3748,.T.);
#2616=ORIENTED_EDGE('',*,*,#2793,.F.);
#2617=ORIENTED_EDGE('',*,*,#3750,.F.);
#2618=ORIENTED_EDGE('',*,*,#2789,.F.);
#2619=ORIENTED_EDGE('',*,*,#3750,.T.);
#2620=ORIENTED_EDGE('',*,*,#3749,.T.);
#2621=ORIENTED_EDGE('',*,*,#3751,.F.);
#2622=ORIENTED_EDGE('',*,*,#3751,.T.);
#2623=ORIENTED_EDGE('',*,*,#3722,.F.);
#2624=ORIENTED_EDGE('',*,*,#2846,.F.);
#2625=ORIENTED_EDGE('',*,*,#2790,.F.);
#2626=ORIENTED_EDGE('',*,*,#3705,.F.);
#2627=ORIENTED_EDGE('',*,*,#3707,.F.);
#2628=ORIENTED_EDGE('',*,*,#3752,.F.);
#2629=ORIENTED_EDGE('',*,*,#3752,.T.);
#2630=ORIENTED_EDGE('',*,*,#2648,.F.);
#2631=ORIENTED_EDGE('',*,*,#3753,.F.);
#2632=ORIENTED_EDGE('',*,*,#2810,.F.);
#2633=ORIENTED_EDGE('',*,*,#2849,.F.);
#2634=ORIENTED_EDGE('',*,*,#2811,.F.);
#2635=ORIENTED_EDGE('',*,*,#3754,.F.);
#2636=ORIENTED_EDGE('',*,*,#3720,.F.);
#2637=ORIENTED_EDGE('',*,*,#3754,.T.);
#2638=ORIENTED_EDGE('',*,*,#3753,.T.);
#2639=ORIENTED_EDGE('',*,*,#3755,.F.);
#2640=ORIENTED_EDGE('',*,*,#2851,.F.);
#2641=ORIENTED_EDGE('',*,*,#3721,.F.);
#2642=ORIENTED_EDGE('',*,*,#3755,.T.);
#2643=ORIENTED_EDGE('',*,*,#2647,.F.);
#2644=EDGE_CURVE('',#3756,#3757,#4472,.F.);
#2645=EDGE_CURVE('',#3757,#3758,#4473,.T.);
#2646=EDGE_CURVE('',#3758,#3759,#4474,.T.);
#2647=EDGE_CURVE('',#3759,#3760,#4475,.T.);
#2648=EDGE_CURVE('',#3760,#3761,#4476,.T.);
#2649=EDGE_CURVE('',#3761,#3762,#340,.F.);
#2650=EDGE_CURVE('',#3762,#3763,#4477,.T.);
#2651=EDGE_CURVE('',#3763,#3764,#341,.F.);
#2652=EDGE_CURVE('',#3764,#3765,#4478,.F.);
#2653=EDGE_CURVE('',#3766,#3765,#4479,.T.);
#2654=EDGE_CURVE('',#3766,#3767,#4480,.T.);
#2655=EDGE_CURVE('',#3768,#3767,#4481,.T.);
#2656=EDGE_CURVE('',#3769,#3768,#196,.T.);
#2657=EDGE_CURVE('',#3770,#3769,#4482,.T.);
#2658=EDGE_CURVE('',#3770,#3771,#4483,.T.);
#2659=EDGE_CURVE('',#3772,#3771,#4484,.T.);
#2660=EDGE_CURVE('',#3773,#3772,#197,.T.);
#2661=EDGE_CURVE('',#3774,#3773,#4485,.T.);
#2662=EDGE_CURVE('',#3774,#3775,#4486,.T.);
#2663=EDGE_CURVE('',#3775,#3776,#4487,.T.);
#2664=EDGE_CURVE('',#3776,#3756,#4488,.F.);
#2665=EDGE_CURVE('',#3777,#3778,#4489,.T.);
#2666=EDGE_CURVE('',#3778,#3779,#4490,.T.);
#2667=EDGE_CURVE('',#3779,#3780,#4491,.T.);
#2668=EDGE_CURVE('',#3780,#3781,#4492,.F.);
#2669=EDGE_CURVE('',#3782,#3781,#4493,.T.);
#2670=EDGE_CURVE('',#3782,#3783,#4494,.T.);
#2671=EDGE_CURVE('',#3784,#3783,#4495,.T.);
#2672=EDGE_CURVE('',#3785,#3784,#198,.T.);
#2673=EDGE_CURVE('',#3786,#3785,#4496,.T.);
#2674=EDGE_CURVE('',#3786,#3787,#4497,.T.);
#2675=EDGE_CURVE('',#3788,#3787,#4498,.T.);
#2676=EDGE_CURVE('',#3789,#3788,#199,.T.);
#2677=EDGE_CURVE('',#3790,#3789,#4499,.T.);
#2678=EDGE_CURVE('',#3790,#3791,#4500,.T.);
#2679=EDGE_CURVE('',#3791,#3792,#4501,.T.);
#2680=EDGE_CURVE('',#3792,#3793,#4502,.F.);
#2681=EDGE_CURVE('',#3793,#3794,#342,.F.);
#2682=EDGE_CURVE('',#3794,#3795,#4503,.T.);
#2683=EDGE_CURVE('',#3795,#3796,#343,.F.);
#2684=EDGE_CURVE('',#3796,#3797,#4504,.F.);
#2685=EDGE_CURVE('',#3797,#3777,#4505,.T.);
#2686=EDGE_CURVE('',#3798,#3799,#4506,.T.);
#2687=EDGE_CURVE('',#3799,#3800,#4507,.T.);
#2688=EDGE_CURVE('',#3800,#3801,#4508,.T.);
#2689=EDGE_CURVE('',#3801,#3802,#344,.F.);
#2690=EDGE_CURVE('',#3802,#3803,#4509,.T.);
#2691=EDGE_CURVE('',#3803,#3804,#345,.F.);
#2692=EDGE_CURVE('',#3804,#3805,#4510,.F.);
#2693=EDGE_CURVE('',#3806,#3805,#4511,.T.);
#2694=EDGE_CURVE('',#3806,#3807,#4512,.T.);
#2695=EDGE_CURVE('',#3808,#3807,#4513,.T.);
#2696=EDGE_CURVE('',#3809,#3808,#200,.T.);
#2697=EDGE_CURVE('',#3810,#3809,#4514,.T.);
#2698=EDGE_CURVE('',#3810,#3811,#4515,.T.);
#2699=EDGE_CURVE('',#3812,#3811,#4516,.T.);
#2700=EDGE_CURVE('',#3813,#3812,#201,.T.);
#2701=EDGE_CURVE('',#3814,#3813,#4517,.T.);
#2702=EDGE_CURVE('',#3814,#3815,#4518,.T.);
#2703=EDGE_CURVE('',#3815,#3816,#4519,.T.);
#2704=EDGE_CURVE('',#3816,#3817,#4520,.F.);
#2705=EDGE_CURVE('',#3817,#3818,#4521,.F.);
#2706=EDGE_CURVE('',#3818,#3798,#4522,.T.);
#2707=EDGE_CURVE('',#3819,#3820,#4523,.T.);
#2708=EDGE_CURVE('',#3820,#3821,#4524,.T.);
#2709=EDGE_CURVE('',#3821,#3822,#4525,.T.);
#2710=EDGE_CURVE('',#3822,#3823,#4526,.F.);
#2711=EDGE_CURVE('',#3824,#3823,#4527,.T.);
#2712=EDGE_CURVE('',#3824,#3825,#4528,.T.);
#2713=EDGE_CURVE('',#3826,#3825,#4529,.T.);
#2714=EDGE_CURVE('',#3827,#3826,#202,.T.);
#2715=EDGE_CURVE('',#3828,#3827,#4530,.T.);
#2716=EDGE_CURVE('',#3828,#3829,#4531,.T.);
#2717=EDGE_CURVE('',#3830,#3829,#4532,.T.);
#2718=EDGE_CURVE('',#3831,#3830,#203,.T.);
#2719=EDGE_CURVE('',#3832,#3831,#4533,.T.);
#2720=EDGE_CURVE('',#3832,#3833,#4534,.T.);
#2721=EDGE_CURVE('',#3833,#3834,#4535,.T.);
#2722=EDGE_CURVE('',#3834,#3835,#4536,.F.);
#2723=EDGE_CURVE('',#3835,#3836,#346,.F.);
#2724=EDGE_CURVE('',#3836,#3837,#4537,.T.);
#2725=EDGE_CURVE('',#3837,#3838,#347,.F.);
#2726=EDGE_CURVE('',#3838,#3839,#4538,.F.);
#2727=EDGE_CURVE('',#3839,#3819,#4539,.T.);
#2728=EDGE_CURVE('',#3840,#3841,#4540,.T.);
#2729=EDGE_CURVE('',#3841,#3842,#4541,.T.);
#2730=EDGE_CURVE('',#3842,#3843,#4542,.T.);
#2731=EDGE_CURVE('',#3843,#3844,#348,.F.);
#2732=EDGE_CURVE('',#3844,#3845,#4543,.T.);
#2733=EDGE_CURVE('',#3845,#3846,#349,.F.);
#2734=EDGE_CURVE('',#3846,#3847,#4544,.F.);
#2735=EDGE_CURVE('',#3848,#3847,#4545,.T.);
#2736=EDGE_CURVE('',#3848,#3849,#4546,.T.);
#2737=EDGE_CURVE('',#3850,#3849,#4547,.T.);
#2738=EDGE_CURVE('',#3851,#3850,#204,.T.);
#2739=EDGE_CURVE('',#3852,#3851,#4548,.T.);
#2740=EDGE_CURVE('',#3852,#3853,#4549,.T.);
#2741=EDGE_CURVE('',#3854,#3853,#4550,.T.);
#2742=EDGE_CURVE('',#3855,#3854,#205,.T.);
#2743=EDGE_CURVE('',#3856,#3855,#4551,.T.);
#2744=EDGE_CURVE('',#3856,#3857,#4552,.T.);
#2745=EDGE_CURVE('',#3857,#3858,#4553,.T.);
#2746=EDGE_CURVE('',#3858,#3859,#4554,.F.);
#2747=EDGE_CURVE('',#3859,#3860,#4555,.F.);
#2748=EDGE_CURVE('',#3860,#3840,#4556,.T.);
#2749=EDGE_CURVE('',#3861,#3862,#4557,.T.);
#2750=EDGE_CURVE('',#3862,#3863,#4558,.T.);
#2751=EDGE_CURVE('',#3863,#3864,#4559,.T.);
#2752=EDGE_CURVE('',#3864,#3865,#4560,.F.);
#2753=EDGE_CURVE('',#3866,#3865,#4561,.T.);
#2754=EDGE_CURVE('',#3866,#3867,#4562,.T.);
#2755=EDGE_CURVE('',#3868,#3867,#4563,.T.);
#2756=EDGE_CURVE('',#3869,#3868,#206,.T.);
#2757=EDGE_CURVE('',#3870,#3869,#4564,.T.);
#2758=EDGE_CURVE('',#3870,#3871,#4565,.T.);
#2759=EDGE_CURVE('',#3872,#3871,#4566,.T.);
#2760=EDGE_CURVE('',#3873,#3872,#207,.T.);
#2761=EDGE_CURVE('',#3874,#3873,#4567,.T.);
#2762=EDGE_CURVE('',#3874,#3875,#4568,.T.);
#2763=EDGE_CURVE('',#3875,#3876,#4569,.T.);
#2764=EDGE_CURVE('',#3876,#3877,#4570,.F.);
#2765=EDGE_CURVE('',#3877,#3878,#350,.F.);
#2766=EDGE_CURVE('',#3878,#3879,#4571,.T.);
#2767=EDGE_CURVE('',#3879,#3880,#351,.F.);
#2768=EDGE_CURVE('',#3880,#3881,#4572,.F.);
#2769=EDGE_CURVE('',#3881,#3861,#4573,.T.);
#2770=EDGE_CURVE('',#3882,#3883,#4574,.T.);
#2771=EDGE_CURVE('',#3883,#3884,#4575,.T.);
#2772=EDGE_CURVE('',#3884,#3885,#4576,.T.);
#2773=EDGE_CURVE('',#3885,#3886,#352,.F.);
#2774=EDGE_CURVE('',#3886,#3887,#4577,.T.);
#2775=EDGE_CURVE('',#3887,#3888,#353,.F.);
#2776=EDGE_CURVE('',#3888,#3889,#4578,.F.);
#2777=EDGE_CURVE('',#3890,#3889,#4579,.T.);
#2778=EDGE_CURVE('',#3890,#3891,#4580,.T.);
#2779=EDGE_CURVE('',#3892,#3891,#4581,.T.);
#2780=EDGE_CURVE('',#3893,#3892,#208,.T.);
#2781=EDGE_CURVE('',#3894,#3893,#4582,.T.);
#2782=EDGE_CURVE('',#3894,#3895,#4583,.T.);
#2783=EDGE_CURVE('',#3896,#3895,#4584,.T.);
#2784=EDGE_CURVE('',#3897,#3896,#209,.T.);
#2785=EDGE_CURVE('',#3898,#3897,#4585,.T.);
#2786=EDGE_CURVE('',#3898,#3899,#4586,.T.);
#2787=EDGE_CURVE('',#3899,#3900,#4587,.T.);
#2788=EDGE_CURVE('',#3900,#3901,#4588,.F.);
#2789=EDGE_CURVE('',#3901,#3902,#4589,.F.);
#2790=EDGE_CURVE('',#3902,#3882,#4590,.T.);
#2791=EDGE_CURVE('',#3903,#3904,#4591,.T.);
#2792=EDGE_CURVE('',#3904,#3905,#4592,.T.);
#2793=EDGE_CURVE('',#3905,#3906,#4593,.T.);
#2794=EDGE_CURVE('',#3906,#3907,#4594,.F.);
#2795=EDGE_CURVE('',#3908,#3907,#4595,.T.);
#2796=EDGE_CURVE('',#3908,#3909,#4596,.T.);
#2797=EDGE_CURVE('',#3910,#3909,#4597,.T.);
#2798=EDGE_CURVE('',#3911,#3910,#210,.T.);
#2799=EDGE_CURVE('',#3912,#3911,#4598,.T.);
#2800=EDGE_CURVE('',#3912,#3913,#4599,.T.);
#2801=EDGE_CURVE('',#3914,#3913,#4600,.T.);
#2802=EDGE_CURVE('',#3915,#3914,#211,.T.);
#2803=EDGE_CURVE('',#3916,#3915,#4601,.T.);
#2804=EDGE_CURVE('',#3916,#3917,#4602,.T.);
#2805=EDGE_CURVE('',#3917,#3918,#4603,.T.);
#2806=EDGE_CURVE('',#3918,#3919,#4604,.F.);
#2807=EDGE_CURVE('',#3919,#3920,#354,.F.);
#2808=EDGE_CURVE('',#3920,#3921,#4605,.T.);
#2809=EDGE_CURVE('',#3921,#3922,#355,.F.);
#2810=EDGE_CURVE('',#3922,#3923,#4606,.F.);
#2811=EDGE_CURVE('',#3923,#3903,#4607,.T.);
#2812=EDGE_CURVE('',#3924,#3925,#4608,.T.);
#2813=EDGE_CURVE('',#3925,#3926,#356,.T.);
#2814=EDGE_CURVE('',#3926,#3927,#4609,.T.);
#2815=EDGE_CURVE('',#3927,#3928,#357,.T.);
#2816=EDGE_CURVE('',#3928,#3929,#4610,.T.);
#2817=EDGE_CURVE('',#3929,#3930,#358,.T.);
#2818=EDGE_CURVE('',#3930,#3931,#4611,.T.);
#2819=EDGE_CURVE('',#3931,#3932,#359,.T.);
#2820=EDGE_CURVE('',#3932,#3933,#4612,.T.);
#2821=EDGE_CURVE('',#3933,#3934,#360,.T.);
#2822=EDGE_CURVE('',#3934,#3935,#4613,.T.);
#2823=EDGE_CURVE('',#3935,#3936,#361,.T.);
#2824=EDGE_CURVE('',#3936,#3937,#4614,.T.);
#2825=EDGE_CURVE('',#3937,#3938,#362,.T.);
#2826=EDGE_CURVE('',#3938,#3939,#4615,.T.);
#2827=EDGE_CURVE('',#3939,#3924,#363,.T.);
#2828=EDGE_CURVE('',#3758,#3940,#364,.F.);
#2829=EDGE_CURVE('',#3941,#3940,#4616,.T.);
#2830=EDGE_CURVE('',#3941,#3778,#365,.F.);
#2831=EDGE_CURVE('',#3777,#3942,#366,.F.);
#2832=EDGE_CURVE('',#3943,#3942,#4617,.T.);
#2833=EDGE_CURVE('',#3943,#3799,#367,.F.);
#2834=EDGE_CURVE('',#3798,#3944,#368,.F.);
#2835=EDGE_CURVE('',#3945,#3944,#4618,.T.);
#2836=EDGE_CURVE('',#3945,#3820,#369,.F.);
#2837=EDGE_CURVE('',#3819,#3946,#370,.F.);
#2838=EDGE_CURVE('',#3947,#3946,#4619,.T.);
#2839=EDGE_CURVE('',#3947,#3841,#371,.F.);
#2840=EDGE_CURVE('',#3840,#3948,#372,.F.);
#2841=EDGE_CURVE('',#3949,#3948,#4620,.T.);
#2842=EDGE_CURVE('',#3949,#3862,#373,.F.);
#2843=EDGE_CURVE('',#3861,#3950,#374,.F.);
#2844=EDGE_CURVE('',#3951,#3950,#4621,.T.);
#2845=EDGE_CURVE('',#3951,#3883,#375,.F.);
#2846=EDGE_CURVE('',#3882,#3952,#376,.F.);
#2847=EDGE_CURVE('',#3953,#3952,#4622,.T.);
#2848=EDGE_CURVE('',#3953,#3904,#377,.F.);
#2849=EDGE_CURVE('',#3903,#3954,#378,.F.);
#2850=EDGE_CURVE('',#3955,#3954,#4623,.T.);
#2851=EDGE_CURVE('',#3955,#3759,#379,.F.);
#2852=EDGE_CURVE('',#3956,#3957,#4624,.T.);
#2853=EDGE_CURVE('',#3957,#3958,#212,.F.);
#2854=EDGE_CURVE('',#3959,#3958,#4625,.T.);
#2855=EDGE_CURVE('',#3959,#3960,#4626,.T.);
#2856=EDGE_CURVE('',#3961,#3960,#4627,.T.);
#2857=EDGE_CURVE('',#3961,#3962,#4628,.T.);
#2858=EDGE_CURVE('',#3963,#3962,#4629,.T.);
#2859=EDGE_CURVE('',#3956,#3963,#4630,.T.);
#2860=EDGE_CURVE('',#3964,#3965,#4631,.T.);
#2861=EDGE_CURVE('',#3965,#3966,#213,.T.);
#2862=EDGE_CURVE('',#3966,#3967,#4632,.T.);
#2863=EDGE_CURVE('',#3967,#3968,#4633,.T.);
#2864=EDGE_CURVE('',#3969,#3968,#4634,.T.);
#2865=EDGE_CURVE('',#3970,#3969,#4635,.T.);
#2866=EDGE_CURVE('',#3970,#3971,#4636,.T.);
#2867=EDGE_CURVE('',#3964,#3971,#4637,.T.);
#2868=EDGE_CURVE('',#3972,#3972,#214,.T.);
#2869=EDGE_CURVE('',#3963,#3973,#4638,.T.);
#2870=EDGE_CURVE('',#3973,#3974,#4639,.T.);
#2871=EDGE_CURVE('',#3974,#3975,#4640,.T.);
#2872=EDGE_CURVE('',#3975,#3976,#4641,.T.);
#2873=EDGE_CURVE('',#3976,#3977,#4642,.T.);
#2874=EDGE_CURVE('',#3977,#3978,#215,.T.);
#2875=EDGE_CURVE('',#3978,#3979,#4643,.T.);
#2876=EDGE_CURVE('',#3980,#3979,#4644,.T.);
#2877=EDGE_CURVE('',#3980,#3981,#4645,.T.);
#2878=EDGE_CURVE('',#3982,#3981,#4646,.T.);
#2879=EDGE_CURVE('',#3982,#3983,#4647,.T.);
#2880=EDGE_CURVE('',#3984,#3983,#4648,.T.);
#2881=EDGE_CURVE('',#3985,#3984,#4649,.T.);
#2882=EDGE_CURVE('',#3985,#3986,#216,.F.);
#2883=EDGE_CURVE('',#3956,#3986,#4650,.T.);
#2884=EDGE_CURVE('',#3987,#3988,#4651,.T.);
#2885=EDGE_CURVE('',#3988,#3989,#217,.T.);
#2886=EDGE_CURVE('',#3989,#3990,#4652,.T.);
#2887=EDGE_CURVE('',#3991,#3990,#4653,.T.);
#2888=EDGE_CURVE('',#3991,#3992,#4654,.T.);
#2889=EDGE_CURVE('',#3993,#3992,#4655,.T.);
#2890=EDGE_CURVE('',#3993,#3968,#4656,.T.);
#2891=EDGE_CURVE('',#3994,#3967,#4657,.T.);
#2892=EDGE_CURVE('',#3994,#3995,#218,.F.);
#2893=EDGE_CURVE('',#3996,#3995,#4658,.T.);
#2894=EDGE_CURVE('',#3996,#3997,#4659,.T.);
#2895=EDGE_CURVE('',#3997,#3998,#4660,.T.);
#2896=EDGE_CURVE('',#3998,#3999,#4661,.T.);
#2897=EDGE_CURVE('',#3999,#4000,#4662,.T.);
#2898=EDGE_CURVE('',#4000,#3987,#4663,.T.);
#2899=EDGE_CURVE('',#4001,#3975,#4664,.T.);
#2900=EDGE_CURVE('',#4001,#3766,#4665,.T.);
#2901=EDGE_CURVE('',#3765,#4002,#219,.T.);
#2902=EDGE_CURVE('',#4002,#3976,#4666,.T.);
#2903=EDGE_CURVE('',#4002,#4003,#4667,.T.);
#2904=EDGE_CURVE('',#3977,#4003,#4668,.T.);
#2905=EDGE_CURVE('',#3989,#4004,#4669,.T.);
#2906=EDGE_CURVE('',#4004,#4005,#156,.T.);
#2907=EDGE_CURVE('',#4005,#4006,#4670,.T.);
#2908=EDGE_CURVE('',#3990,#4006,#4671,.T.);
#2909=EDGE_CURVE('',#3986,#4007,#4672,.T.);
#2910=EDGE_CURVE('',#4007,#3957,#4673,.F.);
#2911=EDGE_CURVE('',#3926,#4008,#4674,.T.);
#2912=EDGE_CURVE('',#4008,#3965,#4675,.T.);
#2913=EDGE_CURVE('',#3959,#3964,#4676,.T.);
#2914=EDGE_CURVE('',#3958,#4009,#4677,.T.);
#2915=EDGE_CURVE('',#4009,#3927,#4678,.F.);
#2916=EDGE_CURVE('',#3996,#4010,#4679,.T.);
#2917=EDGE_CURVE('',#4010,#4011,#220,.F.);
#2918=EDGE_CURVE('',#4012,#4011,#4680,.T.);
#2919=EDGE_CURVE('',#4012,#4013,#4681,.T.);
#2920=EDGE_CURVE('',#4014,#4013,#4682,.T.);
#2921=EDGE_CURVE('',#4014,#4015,#4683,.T.);
#2922=EDGE_CURVE('',#3997,#4015,#4684,.T.);
#2923=EDGE_CURVE('',#4016,#4017,#4685,.T.);
#2924=EDGE_CURVE('',#4017,#4018,#221,.T.);
#2925=EDGE_CURVE('',#4018,#4019,#4686,.T.);
#2926=EDGE_CURVE('',#4019,#4020,#4687,.T.);
#2927=EDGE_CURVE('',#4021,#4020,#4688,.T.);
#2928=EDGE_CURVE('',#4022,#4021,#4689,.T.);
#2929=EDGE_CURVE('',#4022,#4023,#4690,.T.);
#2930=EDGE_CURVE('',#4016,#4023,#4691,.T.);
#2931=EDGE_CURVE('',#4024,#4024,#222,.T.);
#2932=EDGE_CURVE('',#4025,#4026,#4692,.T.);
#2933=EDGE_CURVE('',#4025,#4020,#4693,.T.);
#2934=EDGE_CURVE('',#4027,#4019,#4694,.T.);
#2935=EDGE_CURVE('',#4027,#4028,#223,.F.);
#2936=EDGE_CURVE('',#4029,#4028,#4695,.T.);
#2937=EDGE_CURVE('',#4029,#4030,#4696,.T.);
#2938=EDGE_CURVE('',#4030,#4031,#4697,.T.);
#2939=EDGE_CURVE('',#4031,#4032,#4698,.T.);
#2940=EDGE_CURVE('',#4032,#4033,#4699,.T.);
#2941=EDGE_CURVE('',#4033,#4034,#4700,.T.);
#2942=EDGE_CURVE('',#4034,#4035,#4701,.T.);
#2943=EDGE_CURVE('',#4035,#4036,#224,.T.);
#2944=EDGE_CURVE('',#4036,#4037,#4702,.T.);
#2945=EDGE_CURVE('',#4038,#4037,#4703,.T.);
#2946=EDGE_CURVE('',#4038,#4026,#4704,.T.);
#2947=EDGE_CURVE('',#4039,#4000,#4705,.T.);
#2948=EDGE_CURVE('',#4039,#3782,#4706,.T.);
#2949=EDGE_CURVE('',#3781,#4040,#225,.T.);
#2950=EDGE_CURVE('',#4040,#3987,#4707,.T.);
#2951=EDGE_CURVE('',#4040,#4041,#4708,.T.);
#2952=EDGE_CURVE('',#4041,#4042,#157,.F.);
#2953=EDGE_CURVE('',#4042,#3988,#4709,.F.);
#2954=EDGE_CURVE('',#4036,#4043,#4710,.T.);
#2955=EDGE_CURVE('',#4043,#4044,#4711,.T.);
#2956=EDGE_CURVE('',#4037,#4044,#4712,.T.);
#2957=EDGE_CURVE('',#3995,#4045,#4713,.T.);
#2958=EDGE_CURVE('',#4045,#4010,#4714,.F.);
#2959=EDGE_CURVE('',#4011,#4046,#4715,.T.);
#2960=EDGE_CURVE('',#4046,#3925,#4716,.F.);
#2961=EDGE_CURVE('',#3924,#4047,#4717,.T.);
#2962=EDGE_CURVE('',#4047,#4017,#4718,.T.);
#2963=EDGE_CURVE('',#4012,#4016,#4719,.T.);
#2964=EDGE_CURVE('',#4029,#4048,#4720,.T.);
#2965=EDGE_CURVE('',#4048,#4049,#226,.F.);
#2966=EDGE_CURVE('',#4050,#4049,#4721,.T.);
#2967=EDGE_CURVE('',#4050,#4051,#4722,.T.);
#2968=EDGE_CURVE('',#4052,#4051,#4723,.T.);
#2969=EDGE_CURVE('',#4052,#4053,#4724,.T.);
#2970=EDGE_CURVE('',#4030,#4053,#4725,.T.);
#2971=EDGE_CURVE('',#4054,#4055,#4726,.T.);
#2972=EDGE_CURVE('',#4055,#4056,#227,.T.);
#2973=EDGE_CURVE('',#4056,#4057,#4727,.T.);
#2974=EDGE_CURVE('',#4057,#4058,#4728,.T.);
#2975=EDGE_CURVE('',#4059,#4058,#4729,.T.);
#2976=EDGE_CURVE('',#4060,#4059,#4730,.T.);
#2977=EDGE_CURVE('',#4060,#4061,#4731,.T.);
#2978=EDGE_CURVE('',#4054,#4061,#4732,.T.);
#2979=EDGE_CURVE('',#4062,#4063,#4733,.T.);
#2980=EDGE_CURVE('',#4063,#4064,#228,.T.);
#2981=EDGE_CURVE('',#4064,#4065,#4734,.T.);
#2982=EDGE_CURVE('',#4066,#4065,#4735,.T.);
#2983=EDGE_CURVE('',#4066,#4067,#4736,.T.);
#2984=EDGE_CURVE('',#4068,#4067,#4737,.T.);
#2985=EDGE_CURVE('',#4068,#4058,#4738,.T.);
#2986=EDGE_CURVE('',#4069,#4057,#4739,.T.);
#2987=EDGE_CURVE('',#4069,#4070,#229,.F.);
#2988=EDGE_CURVE('',#4071,#4070,#4740,.T.);
#2989=EDGE_CURVE('',#4071,#4072,#4741,.T.);
#2990=EDGE_CURVE('',#4072,#4073,#4742,.T.);
#2991=EDGE_CURVE('',#4073,#4074,#4743,.T.);
#2992=EDGE_CURVE('',#4074,#4075,#4744,.T.);
#2993=EDGE_CURVE('',#4075,#4062,#4745,.T.);
#2994=EDGE_CURVE('',#4076,#4033,#4746,.T.);
#2995=EDGE_CURVE('',#4076,#3806,#4747,.T.);
#2996=EDGE_CURVE('',#3805,#4077,#230,.T.);
#2997=EDGE_CURVE('',#4077,#4034,#4748,.T.);
#2998=EDGE_CURVE('',#4077,#4078,#4749,.T.);
#2999=EDGE_CURVE('',#4035,#4078,#4750,.T.);
#3000=EDGE_CURVE('',#4064,#4079,#4751,.T.);
#3001=EDGE_CURVE('',#4079,#4080,#158,.T.);
#3002=EDGE_CURVE('',#4080,#4081,#4752,.T.);
#3003=EDGE_CURVE('',#4065,#4081,#4753,.T.);
#3004=EDGE_CURVE('',#4028,#4082,#4754,.T.);
#3005=EDGE_CURVE('',#4082,#4048,#4755,.F.);
#3006=EDGE_CURVE('',#4049,#4083,#4756,.T.);
#3007=EDGE_CURVE('',#4083,#3939,#4757,.F.);
#3008=EDGE_CURVE('',#3938,#4084,#4758,.T.);
#3009=EDGE_CURVE('',#4084,#4055,#4759,.T.);
#3010=EDGE_CURVE('',#4050,#4054,#4760,.T.);
#3011=EDGE_CURVE('',#4071,#4085,#4761,.T.);
#3012=EDGE_CURVE('',#4085,#4086,#231,.F.);
#3013=EDGE_CURVE('',#4087,#4086,#4762,.T.);
#3014=EDGE_CURVE('',#4087,#4088,#4763,.T.);
#3015=EDGE_CURVE('',#4089,#4088,#4764,.T.);
#3016=EDGE_CURVE('',#4089,#4090,#4765,.T.);
#3017=EDGE_CURVE('',#4072,#4090,#4766,.T.);
#3018=EDGE_CURVE('',#4091,#4092,#4767,.T.);
#3019=EDGE_CURVE('',#4092,#4093,#232,.T.);
#3020=EDGE_CURVE('',#4093,#4094,#4768,.T.);
#3021=EDGE_CURVE('',#4094,#4095,#4769,.T.);
#3022=EDGE_CURVE('',#4096,#4095,#4770,.T.);
#3023=EDGE_CURVE('',#4097,#4096,#4771,.T.);
#3024=EDGE_CURVE('',#4097,#4098,#4772,.T.);
#3025=EDGE_CURVE('',#4091,#4098,#4773,.T.);
#3026=EDGE_CURVE('',#4099,#4099,#233,.T.);
#3027=EDGE_CURVE('',#4100,#4101,#4774,.T.);
#3028=EDGE_CURVE('',#4100,#4095,#4775,.T.);
#3029=EDGE_CURVE('',#4102,#4094,#4776,.T.);
#3030=EDGE_CURVE('',#4102,#4103,#234,.F.);
#3031=EDGE_CURVE('',#4104,#4103,#4777,.T.);
#3032=EDGE_CURVE('',#4104,#4105,#4778,.T.);
#3033=EDGE_CURVE('',#4105,#4106,#4779,.T.);
#3034=EDGE_CURVE('',#4106,#4107,#4780,.T.);
#3035=EDGE_CURVE('',#4107,#4108,#4781,.T.);
#3036=EDGE_CURVE('',#4108,#4109,#4782,.T.);
#3037=EDGE_CURVE('',#4109,#4110,#4783,.T.);
#3038=EDGE_CURVE('',#4110,#4111,#235,.T.);
#3039=EDGE_CURVE('',#4111,#4112,#4784,.T.);
#3040=EDGE_CURVE('',#4113,#4112,#4785,.T.);
#3041=EDGE_CURVE('',#4113,#4101,#4786,.T.);
#3042=EDGE_CURVE('',#4114,#4075,#4787,.T.);
#3043=EDGE_CURVE('',#4114,#3824,#4788,.T.);
#3044=EDGE_CURVE('',#3823,#4115,#236,.T.);
#3045=EDGE_CURVE('',#4115,#4062,#4789,.T.);
#3046=EDGE_CURVE('',#4115,#4116,#4790,.T.);
#3047=EDGE_CURVE('',#4116,#4117,#159,.F.);
#3048=EDGE_CURVE('',#4117,#4063,#4791,.F.);
#3049=EDGE_CURVE('',#4111,#4118,#4792,.T.);
#3050=EDGE_CURVE('',#4118,#4119,#4793,.T.);
#3051=EDGE_CURVE('',#4112,#4119,#4794,.T.);
#3052=EDGE_CURVE('',#4070,#4120,#4795,.T.);
#3053=EDGE_CURVE('',#4120,#4085,#4796,.F.);
#3054=EDGE_CURVE('',#4086,#4121,#4797,.T.);
#3055=EDGE_CURVE('',#4121,#3937,#4798,.F.);
#3056=EDGE_CURVE('',#3936,#4122,#4799,.T.);
#3057=EDGE_CURVE('',#4122,#4092,#4800,.T.);
#3058=EDGE_CURVE('',#4087,#4091,#4801,.T.);
#3059=EDGE_CURVE('',#4104,#4123,#4802,.T.);
#3060=EDGE_CURVE('',#4123,#4124,#237,.F.);
#3061=EDGE_CURVE('',#4125,#4124,#4803,.T.);
#3062=EDGE_CURVE('',#4125,#4126,#4804,.T.);
#3063=EDGE_CURVE('',#4127,#4126,#4805,.T.);
#3064=EDGE_CURVE('',#4127,#4128,#4806,.T.);
#3065=EDGE_CURVE('',#4105,#4128,#4807,.T.);
#3066=EDGE_CURVE('',#4129,#4130,#4808,.T.);
#3067=EDGE_CURVE('',#4130,#4131,#238,.T.);
#3068=EDGE_CURVE('',#4131,#4132,#4809,.T.);
#3069=EDGE_CURVE('',#4132,#4133,#4810,.T.);
#3070=EDGE_CURVE('',#4134,#4133,#4811,.T.);
#3071=EDGE_CURVE('',#4135,#4134,#4812,.T.);
#3072=EDGE_CURVE('',#4135,#4136,#4813,.T.);
#3073=EDGE_CURVE('',#4129,#4136,#4814,.T.);
#3074=EDGE_CURVE('',#4137,#4138,#4815,.T.);
#3075=EDGE_CURVE('',#4138,#4139,#239,.T.);
#3076=EDGE_CURVE('',#4139,#4140,#4816,.T.);
#3077=EDGE_CURVE('',#4141,#4140,#4817,.T.);
#3078=EDGE_CURVE('',#4141,#4142,#4818,.T.);
#3079=EDGE_CURVE('',#4143,#4142,#4819,.T.);
#3080=EDGE_CURVE('',#4143,#4133,#4820,.T.);
#3081=EDGE_CURVE('',#4144,#4132,#4821,.T.);
#3082=EDGE_CURVE('',#4144,#4145,#240,.F.);
#3083=EDGE_CURVE('',#4146,#4145,#4822,.T.);
#3084=EDGE_CURVE('',#4146,#4147,#4823,.T.);
#3085=EDGE_CURVE('',#4147,#4148,#4824,.T.);
#3086=EDGE_CURVE('',#4148,#4149,#4825,.T.);
#3087=EDGE_CURVE('',#4149,#4150,#4826,.T.);
#3088=EDGE_CURVE('',#4150,#4137,#4827,.T.);
#3089=EDGE_CURVE('',#4151,#4108,#4828,.T.);
#3090=EDGE_CURVE('',#4151,#3848,#4829,.T.);
#3091=EDGE_CURVE('',#3847,#4152,#241,.T.);
#3092=EDGE_CURVE('',#4152,#4109,#4830,.T.);
#3093=EDGE_CURVE('',#4152,#4153,#4831,.T.);
#3094=EDGE_CURVE('',#4110,#4153,#4832,.T.);
#3095=EDGE_CURVE('',#4139,#4154,#4833,.T.);
#3096=EDGE_CURVE('',#4154,#4155,#160,.T.);
#3097=EDGE_CURVE('',#4155,#4156,#4834,.T.);
#3098=EDGE_CURVE('',#4140,#4156,#4835,.T.);
#3099=EDGE_CURVE('',#4103,#4157,#4836,.T.);
#3100=EDGE_CURVE('',#4157,#4123,#4837,.F.);
#3101=EDGE_CURVE('',#3934,#4158,#4838,.T.);
#3102=EDGE_CURVE('',#4158,#4130,#4839,.T.);
#3103=EDGE_CURVE('',#4125,#4129,#4840,.T.);
#3104=EDGE_CURVE('',#4124,#4159,#4841,.T.);
#3105=EDGE_CURVE('',#4159,#3935,#4842,.F.);
#3106=EDGE_CURVE('',#4146,#4160,#4843,.T.);
#3107=EDGE_CURVE('',#4160,#4161,#242,.F.);
#3108=EDGE_CURVE('',#4162,#4161,#4844,.T.);
#3109=EDGE_CURVE('',#4162,#4163,#4845,.T.);
#3110=EDGE_CURVE('',#4164,#4163,#4846,.T.);
#3111=EDGE_CURVE('',#4164,#4165,#4847,.T.);
#3112=EDGE_CURVE('',#4147,#4165,#4848,.T.);
#3113=EDGE_CURVE('',#4166,#4167,#4849,.T.);
#3114=EDGE_CURVE('',#4167,#4168,#243,.T.);
#3115=EDGE_CURVE('',#4168,#4169,#4850,.T.);
#3116=EDGE_CURVE('',#4169,#4170,#4851,.T.);
#3117=EDGE_CURVE('',#4171,#4170,#4852,.T.);
#3118=EDGE_CURVE('',#4172,#4171,#4853,.T.);
#3119=EDGE_CURVE('',#4172,#4173,#4854,.T.);
#3120=EDGE_CURVE('',#4166,#4173,#4855,.T.);
#3121=EDGE_CURVE('',#4174,#4174,#244,.T.);
#3122=EDGE_CURVE('',#4175,#4176,#4856,.T.);
#3123=EDGE_CURVE('',#4175,#4170,#4857,.T.);
#3124=EDGE_CURVE('',#4177,#4169,#4858,.T.);
#3125=EDGE_CURVE('',#4177,#4178,#245,.F.);
#3126=EDGE_CURVE('',#4179,#4178,#4859,.T.);
#3127=EDGE_CURVE('',#4179,#4180,#4860,.T.);
#3128=EDGE_CURVE('',#4180,#4181,#4861,.T.);
#3129=EDGE_CURVE('',#4181,#4182,#4862,.T.);
#3130=EDGE_CURVE('',#4182,#4183,#4863,.T.);
#3131=EDGE_CURVE('',#4183,#4184,#4864,.T.);
#3132=EDGE_CURVE('',#4184,#4185,#4865,.T.);
#3133=EDGE_CURVE('',#4185,#4186,#246,.T.);
#3134=EDGE_CURVE('',#4186,#4187,#4866,.T.);
#3135=EDGE_CURVE('',#4188,#4187,#4867,.T.);
#3136=EDGE_CURVE('',#4188,#4176,#4868,.T.);
#3137=EDGE_CURVE('',#4189,#4150,#4869,.T.);
#3138=EDGE_CURVE('',#4189,#3866,#4870,.T.);
#3139=EDGE_CURVE('',#3865,#4190,#247,.T.);
#3140=EDGE_CURVE('',#4190,#4137,#4871,.T.);
#3141=EDGE_CURVE('',#4190,#4191,#4872,.T.);
#3142=EDGE_CURVE('',#4191,#4192,#161,.F.);
#3143=EDGE_CURVE('',#4192,#4138,#4873,.F.);
#3144=EDGE_CURVE('',#4186,#4193,#4874,.T.);
#3145=EDGE_CURVE('',#4193,#4194,#4875,.T.);
#3146=EDGE_CURVE('',#4187,#4194,#4876,.T.);
#3147=EDGE_CURVE('',#4145,#4195,#4877,.T.);
#3148=EDGE_CURVE('',#4195,#4160,#4878,.F.);
#3149=EDGE_CURVE('',#4161,#4196,#4879,.T.);
#3150=EDGE_CURVE('',#4196,#3933,#4880,.F.);
#3151=EDGE_CURVE('',#3932,#4197,#4881,.T.);
#3152=EDGE_CURVE('',#4197,#4167,#4882,.T.);
#3153=EDGE_CURVE('',#4162,#4166,#4883,.T.);
#3154=EDGE_CURVE('',#4179,#4198,#4884,.T.);
#3155=EDGE_CURVE('',#4198,#4199,#248,.F.);
#3156=EDGE_CURVE('',#4200,#4199,#4885,.T.);
#3157=EDGE_CURVE('',#4200,#4201,#4886,.T.);
#3158=EDGE_CURVE('',#4202,#4201,#4887,.T.);
#3159=EDGE_CURVE('',#4202,#4203,#4888,.T.);
#3160=EDGE_CURVE('',#4180,#4203,#4889,.T.);
#3161=EDGE_CURVE('',#4204,#4205,#4890,.T.);
#3162=EDGE_CURVE('',#4205,#4206,#249,.T.);
#3163=EDGE_CURVE('',#4206,#4207,#4891,.T.);
#3164=EDGE_CURVE('',#4207,#4208,#4892,.T.);
#3165=EDGE_CURVE('',#4209,#4208,#4893,.T.);
#3166=EDGE_CURVE('',#4210,#4209,#4894,.T.);
#3167=EDGE_CURVE('',#4210,#4211,#4895,.T.);
#3168=EDGE_CURVE('',#4204,#4211,#4896,.T.);
#3169=EDGE_CURVE('',#4212,#4213,#4897,.T.);
#3170=EDGE_CURVE('',#4213,#4214,#250,.T.);
#3171=EDGE_CURVE('',#4214,#4215,#4898,.T.);
#3172=EDGE_CURVE('',#4216,#4215,#4899,.T.);
#3173=EDGE_CURVE('',#4216,#4217,#4900,.T.);
#3174=EDGE_CURVE('',#4218,#4217,#4901,.T.);
#3175=EDGE_CURVE('',#4218,#4208,#4902,.T.);
#3176=EDGE_CURVE('',#4219,#4207,#4903,.T.);
#3177=EDGE_CURVE('',#4219,#4220,#251,.F.);
#3178=EDGE_CURVE('',#4221,#4220,#4904,.T.);
#3179=EDGE_CURVE('',#4221,#4222,#4905,.T.);
#3180=EDGE_CURVE('',#4222,#4223,#4906,.T.);
#3181=EDGE_CURVE('',#4223,#4224,#4907,.T.);
#3182=EDGE_CURVE('',#4224,#4225,#4908,.T.);
#3183=EDGE_CURVE('',#4225,#4212,#4909,.T.);
#3184=EDGE_CURVE('',#4226,#4183,#4910,.T.);
#3185=EDGE_CURVE('',#4226,#3890,#4911,.T.);
#3186=EDGE_CURVE('',#3889,#4227,#252,.T.);
#3187=EDGE_CURVE('',#4227,#4184,#4912,.T.);
#3188=EDGE_CURVE('',#4227,#4228,#4913,.T.);
#3189=EDGE_CURVE('',#4185,#4228,#4914,.T.);
#3190=EDGE_CURVE('',#4214,#4229,#4915,.T.);
#3191=EDGE_CURVE('',#4229,#4230,#162,.T.);
#3192=EDGE_CURVE('',#4230,#4231,#4916,.T.);
#3193=EDGE_CURVE('',#4215,#4231,#4917,.T.);
#3194=EDGE_CURVE('',#4178,#4232,#4918,.T.);
#3195=EDGE_CURVE('',#4232,#4198,#4919,.F.);
#3196=EDGE_CURVE('',#4199,#4233,#4920,.T.);
#3197=EDGE_CURVE('',#4233,#3931,#4921,.F.);
#3198=EDGE_CURVE('',#3930,#4234,#4922,.T.);
#3199=EDGE_CURVE('',#4234,#4205,#4923,.T.);
#3200=EDGE_CURVE('',#4200,#4204,#4924,.T.);
#3201=EDGE_CURVE('',#4221,#4235,#4925,.T.);
#3202=EDGE_CURVE('',#4235,#4236,#253,.F.);
#3203=EDGE_CURVE('',#4237,#4236,#4926,.T.);
#3204=EDGE_CURVE('',#4237,#4238,#4927,.T.);
#3205=EDGE_CURVE('',#4239,#4238,#4928,.T.);
#3206=EDGE_CURVE('',#4239,#4240,#4929,.T.);
#3207=EDGE_CURVE('',#4222,#4240,#4930,.T.);
#3208=EDGE_CURVE('',#4241,#4242,#4931,.T.);
#3209=EDGE_CURVE('',#4242,#4243,#254,.T.);
#3210=EDGE_CURVE('',#4243,#3984,#4932,.T.);
#3211=EDGE_CURVE('',#4244,#3983,#4933,.T.);
#3212=EDGE_CURVE('',#4245,#4244,#4934,.T.);
#3213=EDGE_CURVE('',#4245,#4246,#4935,.T.);
#3214=EDGE_CURVE('',#4241,#4246,#4936,.T.);
#3215=EDGE_CURVE('',#4247,#4225,#4937,.T.);
#3216=EDGE_CURVE('',#4247,#3908,#4938,.T.);
#3217=EDGE_CURVE('',#3907,#4248,#255,.T.);
#3218=EDGE_CURVE('',#4248,#4212,#4939,.T.);
#3219=EDGE_CURVE('',#4248,#4249,#4940,.T.);
#3220=EDGE_CURVE('',#4249,#4250,#163,.F.);
#3221=EDGE_CURVE('',#4250,#4213,#4941,.F.);
#3222=EDGE_CURVE('',#3978,#4251,#4942,.T.);
#3223=EDGE_CURVE('',#4251,#4252,#4943,.T.);
#3224=EDGE_CURVE('',#3979,#4252,#4944,.T.);
#3225=EDGE_CURVE('',#4220,#4253,#4945,.T.);
#3226=EDGE_CURVE('',#4253,#4235,#4946,.F.);
#3227=EDGE_CURVE('',#4078,#3804,#164,.T.);
#3228=EDGE_CURVE('',#3803,#4254,#165,.T.);
#3229=EDGE_CURVE('',#4254,#4255,#380,.T.);
#3230=EDGE_CURVE('',#4255,#4256,#166,.T.);
#3231=EDGE_CURVE('',#4256,#4257,#381,.T.);
#3232=EDGE_CURVE('',#4257,#3794,#167,.T.);
#3233=EDGE_CURVE('',#3793,#4043,#168,.T.);
#3234=EDGE_CURVE('',#4153,#3846,#169,.T.);
#3235=EDGE_CURVE('',#3845,#4258,#170,.T.);
#3236=EDGE_CURVE('',#4258,#4259,#382,.T.);
#3237=EDGE_CURVE('',#4259,#4260,#171,.T.);
#3238=EDGE_CURVE('',#4260,#4261,#383,.T.);
#3239=EDGE_CURVE('',#4261,#3836,#172,.T.);
#3240=EDGE_CURVE('',#3835,#4118,#173,.T.);
#3241=EDGE_CURVE('',#3877,#4193,#174,.T.);
#3242=EDGE_CURVE('',#4228,#3888,#175,.T.);
#3243=EDGE_CURVE('',#3887,#4262,#176,.T.);
#3244=EDGE_CURVE('',#4262,#4263,#384,.T.);
#3245=EDGE_CURVE('',#4263,#4264,#177,.T.);
#3246=EDGE_CURVE('',#4264,#4265,#385,.T.);
#3247=EDGE_CURVE('',#4265,#3878,#178,.T.);
#3248=EDGE_CURVE('',#4003,#3764,#179,.T.);
#3249=EDGE_CURVE('',#3763,#4266,#180,.T.);
#3250=EDGE_CURVE('',#4266,#4267,#386,.T.);
#3251=EDGE_CURVE('',#4267,#4268,#181,.T.);
#3252=EDGE_CURVE('',#4268,#4269,#387,.T.);
#3253=EDGE_CURVE('',#4269,#3920,#182,.T.);
#3254=EDGE_CURVE('',#3919,#4251,#183,.T.);
#3255=EDGE_CURVE('',#4236,#4270,#4947,.T.);
#3256=EDGE_CURVE('',#4270,#3929,#4948,.F.);
#3257=EDGE_CURVE('',#3928,#4271,#4949,.T.);
#3258=EDGE_CURVE('',#4271,#4242,#4950,.T.);
#3259=EDGE_CURVE('',#4237,#4241,#4951,.T.);
#3260=EDGE_CURVE('',#4243,#4272,#4952,.F.);
#3261=EDGE_CURVE('',#4272,#3985,#4953,.F.);
#3262=EDGE_CURVE('',#3966,#4273,#4954,.F.);
#3263=EDGE_CURVE('',#4273,#3994,#4955,.F.);
#3264=EDGE_CURVE('',#4018,#4274,#4956,.F.);
#3265=EDGE_CURVE('',#4274,#4027,#4957,.F.);
#3266=EDGE_CURVE('',#4056,#4275,#4958,.F.);
#3267=EDGE_CURVE('',#4275,#4069,#4959,.F.);
#3268=EDGE_CURVE('',#4093,#4276,#4960,.F.);
#3269=EDGE_CURVE('',#4276,#4102,#4961,.F.);
#3270=EDGE_CURVE('',#4131,#4277,#4962,.F.);
#3271=EDGE_CURVE('',#4277,#4144,#4963,.F.);
#3272=EDGE_CURVE('',#4168,#4278,#4964,.F.);
#3273=EDGE_CURVE('',#4278,#4177,#4965,.F.);
#3274=EDGE_CURVE('',#4206,#4279,#4966,.F.);
#3275=EDGE_CURVE('',#4279,#4219,#4967,.F.);
#3276=EDGE_CURVE('',#4254,#4280,#4968,.F.);
#3277=EDGE_CURVE('',#4280,#4255,#4969,.F.);
#3278=EDGE_CURVE('',#4256,#4281,#4970,.T.);
#3279=EDGE_CURVE('',#4281,#4257,#4971,.F.);
#3280=EDGE_CURVE('',#4258,#4282,#4972,.F.);
#3281=EDGE_CURVE('',#4282,#4259,#4973,.F.);
#3282=EDGE_CURVE('',#4260,#4283,#4974,.T.);
#3283=EDGE_CURVE('',#4283,#4261,#4975,.F.);
#3284=EDGE_CURVE('',#4262,#4284,#4976,.F.);
#3285=EDGE_CURVE('',#4284,#4263,#4977,.F.);
#3286=EDGE_CURVE('',#4264,#4285,#4978,.T.);
#3287=EDGE_CURVE('',#4285,#4265,#4979,.F.);
#3288=EDGE_CURVE('',#4266,#4286,#4980,.F.);
#3289=EDGE_CURVE('',#4286,#4267,#4981,.F.);
#3290=EDGE_CURVE('',#4268,#4287,#4982,.T.);
#3291=EDGE_CURVE('',#4287,#4269,#4983,.F.);
#3292=EDGE_CURVE('',#4288,#4288,#256,.T.);
#3293=EDGE_CURVE('',#4289,#4289,#257,.T.);
#3294=EDGE_CURVE('',#4290,#4290,#258,.T.);
#3295=EDGE_CURVE('',#4291,#4291,#259,.T.);
#3296=EDGE_CURVE('',#4238,#4246,#4984,.T.);
#3297=EDGE_CURVE('',#4292,#3980,#4985,.T.);
#3298=EDGE_CURVE('',#4252,#3918,#260,.F.);
#3299=EDGE_CURVE('',#4292,#3917,#4986,.T.);
#3300=EDGE_CURVE('',#4293,#4294,#4987,.T.);
#3301=EDGE_CURVE('',#4295,#4293,#4988,.T.);
#3302=EDGE_CURVE('',#4295,#4245,#4989,.T.);
#3303=EDGE_CURVE('',#4296,#4244,#4990,.T.);
#3304=EDGE_CURVE('',#4296,#4294,#4991,.T.);
#3305=EDGE_CURVE('',#4297,#3915,#4992,.T.);
#3306=EDGE_CURVE('',#4295,#4297,#4993,.T.);
#3307=EDGE_CURVE('',#4293,#4298,#4994,.T.);
#3308=EDGE_CURVE('',#4298,#3916,#4995,.T.);
#3309=EDGE_CURVE('',#4299,#3914,#4996,.T.);
#3310=EDGE_CURVE('',#4297,#4299,#261,.T.);
#3311=EDGE_CURVE('',#4300,#3913,#4997,.T.);
#3312=EDGE_CURVE('',#4301,#4300,#4998,.T.);
#3313=EDGE_CURVE('',#4302,#4301,#4999,.T.);
#3314=EDGE_CURVE('',#4299,#4302,#5000,.T.);
#3315=EDGE_CURVE('',#4303,#4301,#5001,.T.);
#3316=EDGE_CURVE('',#4304,#4303,#5002,.T.);
#3317=EDGE_CURVE('',#4304,#4302,#5003,.T.);
#3318=EDGE_CURVE('',#4305,#3911,#5004,.T.);
#3319=EDGE_CURVE('',#4304,#4305,#5005,.T.);
#3320=EDGE_CURVE('',#4303,#4306,#5006,.T.);
#3321=EDGE_CURVE('',#4306,#3912,#5007,.T.);
#3322=EDGE_CURVE('',#4307,#3910,#5008,.T.);
#3323=EDGE_CURVE('',#4305,#4307,#262,.T.);
#3324=EDGE_CURVE('',#4308,#3909,#5009,.T.);
#3325=EDGE_CURVE('',#4309,#4308,#5010,.T.);
#3326=EDGE_CURVE('',#4310,#4309,#5011,.T.);
#3327=EDGE_CURVE('',#4307,#4310,#5012,.T.);
#3328=EDGE_CURVE('',#4311,#4309,#5013,.T.);
#3329=EDGE_CURVE('',#4312,#4311,#5014,.T.);
#3330=EDGE_CURVE('',#4240,#4312,#5015,.T.);
#3331=EDGE_CURVE('',#4239,#4310,#5016,.T.);
#3332=EDGE_CURVE('',#3982,#4296,#5017,.T.);
#3333=EDGE_CURVE('',#4294,#3981,#5018,.T.);
#3334=EDGE_CURVE('',#4312,#4223,#5019,.T.);
#3335=EDGE_CURVE('',#4224,#4311,#5020,.T.);
#3336=EDGE_CURVE('',#4247,#4308,#5021,.T.);
#3337=EDGE_CURVE('',#4298,#4292,#5022,.T.);
#3338=EDGE_CURVE('',#4306,#4300,#5023,.T.);
#3339=EDGE_CURVE('',#4201,#4211,#5024,.T.);
#3340=EDGE_CURVE('',#4313,#4216,#5025,.T.);
#3341=EDGE_CURVE('',#4231,#3900,#263,.F.);
#3342=EDGE_CURVE('',#4313,#3899,#5026,.T.);
#3343=EDGE_CURVE('',#4314,#4315,#5027,.T.);
#3344=EDGE_CURVE('',#4316,#4314,#5028,.T.);
#3345=EDGE_CURVE('',#4316,#4210,#5029,.T.);
#3346=EDGE_CURVE('',#4317,#4209,#5030,.T.);
#3347=EDGE_CURVE('',#4317,#4315,#5031,.T.);
#3348=EDGE_CURVE('',#4318,#3897,#5032,.T.);
#3349=EDGE_CURVE('',#4316,#4318,#5033,.T.);
#3350=EDGE_CURVE('',#4314,#4319,#5034,.T.);
#3351=EDGE_CURVE('',#4319,#3898,#5035,.T.);
#3352=EDGE_CURVE('',#4320,#3896,#5036,.T.);
#3353=EDGE_CURVE('',#4318,#4320,#264,.T.);
#3354=EDGE_CURVE('',#4321,#3895,#5037,.T.);
#3355=EDGE_CURVE('',#4322,#4321,#5038,.T.);
#3356=EDGE_CURVE('',#4323,#4322,#5039,.T.);
#3357=EDGE_CURVE('',#4320,#4323,#5040,.T.);
#3358=EDGE_CURVE('',#4324,#4322,#5041,.T.);
#3359=EDGE_CURVE('',#4325,#4324,#5042,.T.);
#3360=EDGE_CURVE('',#4325,#4323,#5043,.T.);
#3361=EDGE_CURVE('',#4326,#3893,#5044,.T.);
#3362=EDGE_CURVE('',#4325,#4326,#5045,.T.);
#3363=EDGE_CURVE('',#4324,#4327,#5046,.T.);
#3364=EDGE_CURVE('',#4327,#3894,#5047,.T.);
#3365=EDGE_CURVE('',#4328,#3892,#5048,.T.);
#3366=EDGE_CURVE('',#4326,#4328,#265,.T.);
#3367=EDGE_CURVE('',#4329,#3891,#5049,.T.);
#3368=EDGE_CURVE('',#4330,#4329,#5050,.T.);
#3369=EDGE_CURVE('',#4331,#4330,#5051,.T.);
#3370=EDGE_CURVE('',#4328,#4331,#5052,.T.);
#3371=EDGE_CURVE('',#4332,#4330,#5053,.T.);
#3372=EDGE_CURVE('',#4333,#4332,#5054,.T.);
#3373=EDGE_CURVE('',#4203,#4333,#5055,.T.);
#3374=EDGE_CURVE('',#4202,#4331,#5056,.T.);
#3375=EDGE_CURVE('',#4218,#4317,#5057,.T.);
#3376=EDGE_CURVE('',#4315,#4217,#5058,.T.);
#3377=EDGE_CURVE('',#4333,#4181,#5059,.T.);
#3378=EDGE_CURVE('',#4182,#4332,#5060,.T.);
#3379=EDGE_CURVE('',#4226,#4329,#5061,.T.);
#3380=EDGE_CURVE('',#4319,#4313,#5062,.T.);
#3381=EDGE_CURVE('',#4327,#4321,#5063,.T.);
#3382=EDGE_CURVE('',#4163,#4173,#5064,.T.);
#3383=EDGE_CURVE('',#4334,#4188,#5065,.T.);
#3384=EDGE_CURVE('',#4194,#3876,#266,.F.);
#3385=EDGE_CURVE('',#4334,#3875,#5066,.T.);
#3386=EDGE_CURVE('',#4335,#4336,#5067,.T.);
#3387=EDGE_CURVE('',#4337,#4335,#5068,.T.);
#3388=EDGE_CURVE('',#4337,#4172,#5069,.T.);
#3389=EDGE_CURVE('',#4338,#4171,#5070,.T.);
#3390=EDGE_CURVE('',#4338,#4336,#5071,.T.);
#3391=EDGE_CURVE('',#4339,#3873,#5072,.T.);
#3392=EDGE_CURVE('',#4337,#4339,#5073,.T.);
#3393=EDGE_CURVE('',#4335,#4340,#5074,.T.);
#3394=EDGE_CURVE('',#4340,#3874,#5075,.T.);
#3395=EDGE_CURVE('',#4341,#3872,#5076,.T.);
#3396=EDGE_CURVE('',#4339,#4341,#267,.T.);
#3397=EDGE_CURVE('',#4342,#3871,#5077,.T.);
#3398=EDGE_CURVE('',#4343,#4342,#5078,.T.);
#3399=EDGE_CURVE('',#4344,#4343,#5079,.T.);
#3400=EDGE_CURVE('',#4341,#4344,#5080,.T.);
#3401=EDGE_CURVE('',#4345,#4343,#5081,.T.);
#3402=EDGE_CURVE('',#4346,#4345,#5082,.T.);
#3403=EDGE_CURVE('',#4346,#4344,#5083,.T.);
#3404=EDGE_CURVE('',#4347,#3869,#5084,.T.);
#3405=EDGE_CURVE('',#4346,#4347,#5085,.T.);
#3406=EDGE_CURVE('',#4345,#4348,#5086,.T.);
#3407=EDGE_CURVE('',#4348,#3870,#5087,.T.);
#3408=EDGE_CURVE('',#4349,#3868,#5088,.T.);
#3409=EDGE_CURVE('',#4347,#4349,#268,.T.);
#3410=EDGE_CURVE('',#4350,#3867,#5089,.T.);
#3411=EDGE_CURVE('',#4351,#4350,#5090,.T.);
#3412=EDGE_CURVE('',#4352,#4351,#5091,.T.);
#3413=EDGE_CURVE('',#4349,#4352,#5092,.T.);
#3414=EDGE_CURVE('',#4353,#4351,#5093,.T.);
#3415=EDGE_CURVE('',#4354,#4353,#5094,.T.);
#3416=EDGE_CURVE('',#4165,#4354,#5095,.T.);
#3417=EDGE_CURVE('',#4164,#4352,#5096,.T.);
#3418=EDGE_CURVE('',#4175,#4338,#5097,.T.);
#3419=EDGE_CURVE('',#4336,#4176,#5098,.T.);
#3420=EDGE_CURVE('',#4354,#4148,#5099,.T.);
#3421=EDGE_CURVE('',#4149,#4353,#5100,.T.);
#3422=EDGE_CURVE('',#4189,#4350,#5101,.T.);
#3423=EDGE_CURVE('',#4340,#4334,#5102,.T.);
#3424=EDGE_CURVE('',#4348,#4342,#5103,.T.);
#3425=EDGE_CURVE('',#4126,#4136,#5104,.T.);
#3426=EDGE_CURVE('',#4355,#4141,#5105,.T.);
#3427=EDGE_CURVE('',#4156,#3858,#269,.F.);
#3428=EDGE_CURVE('',#4355,#3857,#5106,.T.);
#3429=EDGE_CURVE('',#4356,#4357,#5107,.T.);
#3430=EDGE_CURVE('',#4358,#4356,#5108,.T.);
#3431=EDGE_CURVE('',#4358,#4135,#5109,.T.);
#3432=EDGE_CURVE('',#4359,#4134,#5110,.T.);
#3433=EDGE_CURVE('',#4359,#4357,#5111,.T.);
#3434=EDGE_CURVE('',#4360,#3855,#5112,.T.);
#3435=EDGE_CURVE('',#4358,#4360,#5113,.T.);
#3436=EDGE_CURVE('',#4356,#4361,#5114,.T.);
#3437=EDGE_CURVE('',#4361,#3856,#5115,.T.);
#3438=EDGE_CURVE('',#4362,#3854,#5116,.T.);
#3439=EDGE_CURVE('',#4360,#4362,#270,.T.);
#3440=EDGE_CURVE('',#4363,#3853,#5117,.T.);
#3441=EDGE_CURVE('',#4364,#4363,#5118,.T.);
#3442=EDGE_CURVE('',#4365,#4364,#5119,.T.);
#3443=EDGE_CURVE('',#4362,#4365,#5120,.T.);
#3444=EDGE_CURVE('',#4366,#4364,#5121,.T.);
#3445=EDGE_CURVE('',#4367,#4366,#5122,.T.);
#3446=EDGE_CURVE('',#4367,#4365,#5123,.T.);
#3447=EDGE_CURVE('',#4368,#3851,#5124,.T.);
#3448=EDGE_CURVE('',#4367,#4368,#5125,.T.);
#3449=EDGE_CURVE('',#4366,#4369,#5126,.T.);
#3450=EDGE_CURVE('',#4369,#3852,#5127,.T.);
#3451=EDGE_CURVE('',#4370,#3850,#5128,.T.);
#3452=EDGE_CURVE('',#4368,#4370,#271,.T.);
#3453=EDGE_CURVE('',#4371,#3849,#5129,.T.);
#3454=EDGE_CURVE('',#4372,#4371,#5130,.T.);
#3455=EDGE_CURVE('',#4373,#4372,#5131,.T.);
#3456=EDGE_CURVE('',#4370,#4373,#5132,.T.);
#3457=EDGE_CURVE('',#4374,#4372,#5133,.T.);
#3458=EDGE_CURVE('',#4375,#4374,#5134,.T.);
#3459=EDGE_CURVE('',#4128,#4375,#5135,.T.);
#3460=EDGE_CURVE('',#4127,#4373,#5136,.T.);
#3461=EDGE_CURVE('',#4143,#4359,#5137,.T.);
#3462=EDGE_CURVE('',#4357,#4142,#5138,.T.);
#3463=EDGE_CURVE('',#4375,#4106,#5139,.T.);
#3464=EDGE_CURVE('',#4107,#4374,#5140,.T.);
#3465=EDGE_CURVE('',#4151,#4371,#5141,.T.);
#3466=EDGE_CURVE('',#4361,#4355,#5142,.T.);
#3467=EDGE_CURVE('',#4369,#4363,#5143,.T.);
#3468=EDGE_CURVE('',#4088,#4098,#5144,.T.);
#3469=EDGE_CURVE('',#4376,#4113,#5145,.T.);
#3470=EDGE_CURVE('',#4119,#3834,#272,.F.);
#3471=EDGE_CURVE('',#4376,#3833,#5146,.T.);
#3472=EDGE_CURVE('',#4377,#4378,#5147,.T.);
#3473=EDGE_CURVE('',#4379,#4377,#5148,.T.);
#3474=EDGE_CURVE('',#4379,#4097,#5149,.T.);
#3475=EDGE_CURVE('',#4380,#4096,#5150,.T.);
#3476=EDGE_CURVE('',#4380,#4378,#5151,.T.);
#3477=EDGE_CURVE('',#4381,#3831,#5152,.T.);
#3478=EDGE_CURVE('',#4379,#4381,#5153,.T.);
#3479=EDGE_CURVE('',#4377,#4382,#5154,.T.);
#3480=EDGE_CURVE('',#4382,#3832,#5155,.T.);
#3481=EDGE_CURVE('',#4383,#3830,#5156,.T.);
#3482=EDGE_CURVE('',#4381,#4383,#273,.T.);
#3483=EDGE_CURVE('',#4384,#3829,#5157,.T.);
#3484=EDGE_CURVE('',#4385,#4384,#5158,.T.);
#3485=EDGE_CURVE('',#4386,#4385,#5159,.T.);
#3486=EDGE_CURVE('',#4383,#4386,#5160,.T.);
#3487=EDGE_CURVE('',#4387,#4385,#5161,.T.);
#3488=EDGE_CURVE('',#4388,#4387,#5162,.T.);
#3489=EDGE_CURVE('',#4388,#4386,#5163,.T.);
#3490=EDGE_CURVE('',#4389,#3827,#5164,.T.);
#3491=EDGE_CURVE('',#4388,#4389,#5165,.T.);
#3492=EDGE_CURVE('',#4387,#4390,#5166,.T.);
#3493=EDGE_CURVE('',#4390,#3828,#5167,.T.);
#3494=EDGE_CURVE('',#4391,#3826,#5168,.T.);
#3495=EDGE_CURVE('',#4389,#4391,#274,.T.);
#3496=EDGE_CURVE('',#4392,#3825,#5169,.T.);
#3497=EDGE_CURVE('',#4393,#4392,#5170,.T.);
#3498=EDGE_CURVE('',#4394,#4393,#5171,.T.);
#3499=EDGE_CURVE('',#4391,#4394,#5172,.T.);
#3500=EDGE_CURVE('',#4395,#4393,#5173,.T.);
#3501=EDGE_CURVE('',#4396,#4395,#5174,.T.);
#3502=EDGE_CURVE('',#4090,#4396,#5175,.T.);
#3503=EDGE_CURVE('',#4089,#4394,#5176,.T.);
#3504=EDGE_CURVE('',#4100,#4380,#5177,.T.);
#3505=EDGE_CURVE('',#4378,#4101,#5178,.T.);
#3506=EDGE_CURVE('',#4396,#4073,#5179,.T.);
#3507=EDGE_CURVE('',#4074,#4395,#5180,.T.);
#3508=EDGE_CURVE('',#4114,#4392,#5181,.T.);
#3509=EDGE_CURVE('',#4382,#4376,#5182,.T.);
#3510=EDGE_CURVE('',#4390,#4384,#5183,.T.);
#3511=EDGE_CURVE('',#4051,#4061,#5184,.T.);
#3512=EDGE_CURVE('',#4397,#4066,#5185,.T.);
#3513=EDGE_CURVE('',#4081,#3816,#275,.F.);
#3514=EDGE_CURVE('',#4397,#3815,#5186,.T.);
#3515=EDGE_CURVE('',#4398,#4399,#5187,.T.);
#3516=EDGE_CURVE('',#4400,#4398,#5188,.T.);
#3517=EDGE_CURVE('',#4400,#4060,#5189,.T.);
#3518=EDGE_CURVE('',#4401,#4059,#5190,.T.);
#3519=EDGE_CURVE('',#4401,#4399,#5191,.T.);
#3520=EDGE_CURVE('',#4402,#3813,#5192,.T.);
#3521=EDGE_CURVE('',#4400,#4402,#5193,.T.);
#3522=EDGE_CURVE('',#4398,#4403,#5194,.T.);
#3523=EDGE_CURVE('',#4403,#3814,#5195,.T.);
#3524=EDGE_CURVE('',#4404,#3812,#5196,.T.);
#3525=EDGE_CURVE('',#4402,#4404,#276,.T.);
#3526=EDGE_CURVE('',#4405,#3811,#5197,.T.);
#3527=EDGE_CURVE('',#4406,#4405,#5198,.T.);
#3528=EDGE_CURVE('',#4407,#4406,#5199,.T.);
#3529=EDGE_CURVE('',#4404,#4407,#5200,.T.);
#3530=EDGE_CURVE('',#4408,#4406,#5201,.T.);
#3531=EDGE_CURVE('',#4409,#4408,#5202,.T.);
#3532=EDGE_CURVE('',#4409,#4407,#5203,.T.);
#3533=EDGE_CURVE('',#4410,#3809,#5204,.T.);
#3534=EDGE_CURVE('',#4409,#4410,#5205,.T.);
#3535=EDGE_CURVE('',#4408,#4411,#5206,.T.);
#3536=EDGE_CURVE('',#4411,#3810,#5207,.T.);
#3537=EDGE_CURVE('',#4412,#3808,#5208,.T.);
#3538=EDGE_CURVE('',#4410,#4412,#277,.T.);
#3539=EDGE_CURVE('',#4413,#3807,#5209,.T.);
#3540=EDGE_CURVE('',#4414,#4413,#5210,.T.);
#3541=EDGE_CURVE('',#4415,#4414,#5211,.T.);
#3542=EDGE_CURVE('',#4412,#4415,#5212,.T.);
#3543=EDGE_CURVE('',#4416,#4414,#5213,.T.);
#3544=EDGE_CURVE('',#4417,#4416,#5214,.T.);
#3545=EDGE_CURVE('',#4053,#4417,#5215,.T.);
#3546=EDGE_CURVE('',#4052,#4415,#5216,.T.);
#3547=EDGE_CURVE('',#4068,#4401,#5217,.T.);
#3548=EDGE_CURVE('',#4399,#4067,#5218,.T.);
#3549=EDGE_CURVE('',#4417,#4031,#5219,.T.);
#3550=EDGE_CURVE('',#4032,#4416,#5220,.T.);
#3551=EDGE_CURVE('',#4076,#4413,#5221,.T.);
#3552=EDGE_CURVE('',#4403,#4397,#5222,.T.);
#3553=EDGE_CURVE('',#4411,#4405,#5223,.T.);
#3554=EDGE_CURVE('',#4013,#4023,#5224,.T.);
#3555=EDGE_CURVE('',#4418,#4038,#5225,.T.);
#3556=EDGE_CURVE('',#4044,#3792,#278,.F.);
#3557=EDGE_CURVE('',#4418,#3791,#5226,.T.);
#3558=EDGE_CURVE('',#4419,#4420,#5227,.T.);
#3559=EDGE_CURVE('',#4421,#4419,#5228,.T.);
#3560=EDGE_CURVE('',#4421,#4022,#5229,.T.);
#3561=EDGE_CURVE('',#4422,#4021,#5230,.T.);
#3562=EDGE_CURVE('',#4422,#4420,#5231,.T.);
#3563=EDGE_CURVE('',#4423,#3789,#5232,.T.);
#3564=EDGE_CURVE('',#4421,#4423,#5233,.T.);
#3565=EDGE_CURVE('',#4419,#4424,#5234,.T.);
#3566=EDGE_CURVE('',#4424,#3790,#5235,.T.);
#3567=EDGE_CURVE('',#4425,#3788,#5236,.T.);
#3568=EDGE_CURVE('',#4423,#4425,#279,.T.);
#3569=EDGE_CURVE('',#4426,#3787,#5237,.T.);
#3570=EDGE_CURVE('',#4427,#4426,#5238,.T.);
#3571=EDGE_CURVE('',#4428,#4427,#5239,.T.);
#3572=EDGE_CURVE('',#4425,#4428,#5240,.T.);
#3573=EDGE_CURVE('',#4429,#4427,#5241,.T.);
#3574=EDGE_CURVE('',#4430,#4429,#5242,.T.);
#3575=EDGE_CURVE('',#4430,#4428,#5243,.T.);
#3576=EDGE_CURVE('',#4431,#3785,#5244,.T.);
#3577=EDGE_CURVE('',#4430,#4431,#5245,.T.);
#3578=EDGE_CURVE('',#4429,#4432,#5246,.T.);
#3579=EDGE_CURVE('',#4432,#3786,#5247,.T.);
#3580=EDGE_CURVE('',#4433,#3784,#5248,.T.);
#3581=EDGE_CURVE('',#4431,#4433,#280,.T.);
#3582=EDGE_CURVE('',#4434,#3783,#5249,.T.);
#3583=EDGE_CURVE('',#4435,#4434,#5250,.T.);
#3584=EDGE_CURVE('',#4436,#4435,#5251,.T.);
#3585=EDGE_CURVE('',#4433,#4436,#5252,.T.);
#3586=EDGE_CURVE('',#4437,#4435,#5253,.T.);
#3587=EDGE_CURVE('',#4438,#4437,#5254,.T.);
#3588=EDGE_CURVE('',#4015,#4438,#5255,.T.);
#3589=EDGE_CURVE('',#4014,#4436,#5256,.T.);
#3590=EDGE_CURVE('',#4025,#4422,#5257,.T.);
#3591=EDGE_CURVE('',#4420,#4026,#5258,.T.);
#3592=EDGE_CURVE('',#4438,#3998,#5259,.T.);
#3593=EDGE_CURVE('',#3999,#4437,#5260,.T.);
#3594=EDGE_CURVE('',#4039,#4434,#5261,.T.);
#3595=EDGE_CURVE('',#4424,#4418,#5262,.T.);
#3596=EDGE_CURVE('',#4432,#4426,#5263,.T.);
#3597=EDGE_CURVE('',#3960,#3971,#5264,.T.);
#3598=EDGE_CURVE('',#4439,#3991,#5265,.T.);
#3599=EDGE_CURVE('',#4006,#3776,#281,.F.);
#3600=EDGE_CURVE('',#4439,#3775,#5266,.T.);
#3601=EDGE_CURVE('',#4440,#4441,#5267,.T.);
#3602=EDGE_CURVE('',#4442,#4440,#5268,.T.);
#3603=EDGE_CURVE('',#4442,#3970,#5269,.T.);
#3604=EDGE_CURVE('',#4443,#3969,#5270,.T.);
#3605=EDGE_CURVE('',#4443,#4441,#5271,.T.);
#3606=EDGE_CURVE('',#4444,#3773,#5272,.T.);
#3607=EDGE_CURVE('',#4442,#4444,#5273,.T.);
#3608=EDGE_CURVE('',#4440,#4445,#5274,.T.);
#3609=EDGE_CURVE('',#4445,#3774,#5275,.T.);
#3610=EDGE_CURVE('',#4446,#3772,#5276,.T.);
#3611=EDGE_CURVE('',#4444,#4446,#282,.T.);
#3612=EDGE_CURVE('',#4447,#3771,#5277,.T.);
#3613=EDGE_CURVE('',#4448,#4447,#5278,.T.);
#3614=EDGE_CURVE('',#4449,#4448,#5279,.T.);
#3615=EDGE_CURVE('',#4446,#4449,#5280,.T.);
#3616=EDGE_CURVE('',#4450,#4448,#5281,.T.);
#3617=EDGE_CURVE('',#4451,#4450,#5282,.T.);
#3618=EDGE_CURVE('',#4451,#4449,#5283,.T.);
#3619=EDGE_CURVE('',#4452,#3769,#5284,.T.);
#3620=EDGE_CURVE('',#4451,#4452,#5285,.T.);
#3621=EDGE_CURVE('',#4450,#4453,#5286,.T.);
#3622=EDGE_CURVE('',#4453,#3770,#5287,.T.);
#3623=EDGE_CURVE('',#4454,#3768,#5288,.T.);
#3624=EDGE_CURVE('',#4452,#4454,#283,.T.);
#3625=EDGE_CURVE('',#4455,#3767,#5289,.T.);
#3626=EDGE_CURVE('',#4456,#4455,#5290,.T.);
#3627=EDGE_CURVE('',#4457,#4456,#5291,.T.);
#3628=EDGE_CURVE('',#4454,#4457,#5292,.T.);
#3629=EDGE_CURVE('',#4458,#4456,#5293,.T.);
#3630=EDGE_CURVE('',#4459,#4458,#5294,.T.);
#3631=EDGE_CURVE('',#3962,#4459,#5295,.T.);
#3632=EDGE_CURVE('',#3961,#4457,#5296,.T.);
#3633=EDGE_CURVE('',#3993,#4443,#5297,.T.);
#3634=EDGE_CURVE('',#4441,#3992,#5298,.T.);
#3635=EDGE_CURVE('',#4459,#3973,#5299,.T.);
#3636=EDGE_CURVE('',#3974,#4458,#5300,.T.);
#3637=EDGE_CURVE('',#4001,#4455,#5301,.T.);
#3638=EDGE_CURVE('',#4445,#4439,#5302,.T.);
#3639=EDGE_CURVE('',#4453,#4447,#5303,.T.);
#3640=EDGE_CURVE('',#4280,#4460,#388,.F.);
#3641=EDGE_CURVE('',#4460,#4281,#389,.F.);
#3642=EDGE_CURVE('',#4282,#4461,#390,.F.);
#3643=EDGE_CURVE('',#4461,#4283,#391,.F.);
#3644=EDGE_CURVE('',#4284,#4462,#392,.F.);
#3645=EDGE_CURVE('',#4462,#4285,#393,.F.);
#3646=EDGE_CURVE('',#4286,#4463,#394,.F.);
#3647=EDGE_CURVE('',#4463,#4287,#395,.F.);
#3648=EDGE_CURVE('',#4155,#3859,#396,.T.);
#3649=EDGE_CURVE('',#4192,#4154,#184,.T.);
#3650=EDGE_CURVE('',#3864,#4191,#397,.F.);
#3651=EDGE_CURVE('',#4080,#3817,#398,.T.);
#3652=EDGE_CURVE('',#4117,#4079,#185,.T.);
#3653=EDGE_CURVE('',#3822,#4116,#399,.F.);
#3654=EDGE_CURVE('',#4005,#3756,#400,.T.);
#3655=EDGE_CURVE('',#4042,#4004,#186,.T.);
#3656=EDGE_CURVE('',#3780,#4041,#401,.F.);
#3657=EDGE_CURVE('',#3906,#4249,#402,.F.);
#3658=EDGE_CURVE('',#4250,#4229,#187,.T.);
#3659=EDGE_CURVE('',#4230,#3901,#403,.T.);
#3660=EDGE_CURVE('',#4233,#4232,#404,.T.);
#3661=EDGE_CURVE('',#4197,#4233,#284,.T.);
#3662=EDGE_CURVE('',#4278,#4197,#405,.F.);
#3663=EDGE_CURVE('',#4278,#4232,#285,.F.);
#3664=EDGE_CURVE('',#4196,#4195,#406,.T.);
#3665=EDGE_CURVE('',#4158,#4196,#286,.T.);
#3666=EDGE_CURVE('',#4277,#4158,#407,.F.);
#3667=EDGE_CURVE('',#4277,#4195,#287,.F.);
#3668=EDGE_CURVE('',#4159,#4157,#408,.T.);
#3669=EDGE_CURVE('',#4122,#4159,#288,.T.);
#3670=EDGE_CURVE('',#4276,#4122,#409,.F.);
#3671=EDGE_CURVE('',#4276,#4157,#289,.F.);
#3672=EDGE_CURVE('',#4121,#4120,#410,.T.);
#3673=EDGE_CURVE('',#4084,#4121,#290,.T.);
#3674=EDGE_CURVE('',#4275,#4084,#411,.F.);
#3675=EDGE_CURVE('',#4275,#4120,#291,.F.);
#3676=EDGE_CURVE('',#4083,#4082,#412,.T.);
#3677=EDGE_CURVE('',#4047,#4083,#292,.T.);
#3678=EDGE_CURVE('',#4274,#4047,#413,.F.);
#3679=EDGE_CURVE('',#4274,#4082,#293,.F.);
#3680=EDGE_CURVE('',#4046,#4045,#414,.T.);
#3681=EDGE_CURVE('',#4008,#4046,#294,.T.);
#3682=EDGE_CURVE('',#4273,#4008,#415,.F.);
#3683=EDGE_CURVE('',#4273,#4045,#295,.F.);
#3684=EDGE_CURVE('',#4009,#4007,#416,.T.);
#3685=EDGE_CURVE('',#4271,#4009,#296,.T.);
#3686=EDGE_CURVE('',#4272,#4271,#417,.F.);
#3687=EDGE_CURVE('',#4272,#4007,#297,.F.);
#3688=EDGE_CURVE('',#4270,#4253,#418,.T.);
#3689=EDGE_CURVE('',#4234,#4270,#298,.T.);
#3690=EDGE_CURVE('',#4279,#4234,#419,.F.);
#3691=EDGE_CURVE('',#4279,#4253,#299,.F.);
#3692=EDGE_CURVE('',#3879,#4285,#300,.T.);
#3693=EDGE_CURVE('',#4462,#3880,#188,.F.);
#3694=EDGE_CURVE('',#4284,#3886,#301,.T.);
#3695=EDGE_CURVE('',#3885,#4462,#189,.T.);
#3696=EDGE_CURVE('',#3837,#4283,#302,.T.);
#3697=EDGE_CURVE('',#4461,#3838,#190,.F.);
#3698=EDGE_CURVE('',#4282,#3844,#303,.T.);
#3699=EDGE_CURVE('',#3843,#4461,#191,.T.);
#3700=EDGE_CURVE('',#3795,#4281,#304,.T.);
#3701=EDGE_CURVE('',#4460,#3796,#192,.F.);
#3702=EDGE_CURVE('',#4280,#3802,#305,.T.);
#3703=EDGE_CURVE('',#3801,#4460,#193,.T.);
#3704=EDGE_CURVE('',#3921,#4287,#306,.T.);
#3705=EDGE_CURVE('',#4463,#3922,#194,.F.);
#3706=EDGE_CURVE('',#4286,#3762,#307,.T.);
#3707=EDGE_CURVE('',#3761,#4463,#195,.T.);
#3708=EDGE_CURVE('',#3950,#4464,#5304,.F.);
#3709=EDGE_CURVE('',#4464,#3951,#5305,.F.);
#3710=EDGE_CURVE('',#3948,#4465,#5306,.F.);
#3711=EDGE_CURVE('',#4465,#3949,#5307,.F.);
#3712=EDGE_CURVE('',#3946,#4466,#5308,.F.);
#3713=EDGE_CURVE('',#4466,#3947,#5309,.F.);
#3714=EDGE_CURVE('',#3944,#4467,#5310,.F.);
#3715=EDGE_CURVE('',#4467,#3945,#5311,.F.);
#3716=EDGE_CURVE('',#3942,#4468,#5312,.F.);
#3717=EDGE_CURVE('',#4468,#3943,#5313,.F.);
#3718=EDGE_CURVE('',#3940,#4469,#5314,.F.);
#3719=EDGE_CURVE('',#4469,#3941,#5315,.F.);
#3720=EDGE_CURVE('',#3954,#4470,#5316,.F.);
#3721=EDGE_CURVE('',#4470,#3955,#5317,.F.);
#3722=EDGE_CURVE('',#3952,#4471,#5318,.F.);
#3723=EDGE_CURVE('',#4471,#3953,#5319,.F.);
#3724=EDGE_CURVE('',#3756,#3780,#308,.T.);
#3725=EDGE_CURVE('',#3779,#4469,#309,.T.);
#3726=EDGE_CURVE('',#3757,#3779,#310,.T.);
#3727=EDGE_CURVE('',#3757,#4469,#311,.F.);
#3728=EDGE_CURVE('',#3796,#3801,#312,.T.);
#3729=EDGE_CURVE('',#3800,#4468,#313,.T.);
#3730=EDGE_CURVE('',#3797,#3800,#314,.T.);
#3731=EDGE_CURVE('',#3797,#4468,#315,.F.);
#3732=EDGE_CURVE('',#3817,#3822,#316,.T.);
#3733=EDGE_CURVE('',#3821,#4467,#317,.T.);
#3734=EDGE_CURVE('',#3818,#3821,#318,.T.);
#3735=EDGE_CURVE('',#3818,#4467,#319,.F.);
#3736=EDGE_CURVE('',#3838,#3843,#320,.T.);
#3737=EDGE_CURVE('',#3842,#4466,#321,.T.);
#3738=EDGE_CURVE('',#3839,#3842,#322,.T.);
#3739=EDGE_CURVE('',#3839,#4466,#323,.F.);
#3740=EDGE_CURVE('',#3859,#3864,#324,.T.);
#3741=EDGE_CURVE('',#3863,#4465,#325,.T.);
#3742=EDGE_CURVE('',#3860,#3863,#326,.T.);
#3743=EDGE_CURVE('',#3860,#4465,#327,.F.);
#3744=EDGE_CURVE('',#3880,#3885,#328,.T.);
#3745=EDGE_CURVE('',#3884,#4464,#329,.T.);
#3746=EDGE_CURVE('',#3881,#3884,#330,.T.);
#3747=EDGE_CURVE('',#3881,#4464,#331,.F.);
#3748=EDGE_CURVE('',#3901,#3906,#332,.T.);
#3749=EDGE_CURVE('',#3905,#4471,#333,.T.);
#3750=EDGE_CURVE('',#3902,#3905,#334,.T.);
#3751=EDGE_CURVE('',#3902,#4471,#335,.F.);
#3752=EDGE_CURVE('',#3922,#3761,#336,.T.);
#3753=EDGE_CURVE('',#3923,#3760,#337,.T.);
#3754=EDGE_CURVE('',#4470,#3923,#338,.T.);
#3755=EDGE_CURVE('',#4470,#3760,#339,.F.);
#3756=VERTEX_POINT('',#10343);
#3757=VERTEX_POINT('',#10344);
#3758=VERTEX_POINT('',#10346);
#3759=VERTEX_POINT('',#10348);
#3760=VERTEX_POINT('',#10350);
#3761=VERTEX_POINT('',#10352);
#3762=VERTEX_POINT('',#10354);
#3763=VERTEX_POINT('',#10356);
#3764=VERTEX_POINT('',#10358);
#3765=VERTEX_POINT('',#10360);
#3766=VERTEX_POINT('',#10362);
#3767=VERTEX_POINT('',#10364);
#3768=VERTEX_POINT('',#10366);
#3769=VERTEX_POINT('',#10368);
#3770=VERTEX_POINT('',#10370);
#3771=VERTEX_POINT('',#10372);
#3772=VERTEX_POINT('',#10374);
#3773=VERTEX_POINT('',#10376);
#3774=VERTEX_POINT('',#10378);
#3775=VERTEX_POINT('',#10380);
#3776=VERTEX_POINT('',#10382);
#3777=VERTEX_POINT('',#10386);
#3778=VERTEX_POINT('',#10387);
#3779=VERTEX_POINT('',#10389);
#3780=VERTEX_POINT('',#10391);
#3781=VERTEX_POINT('',#10393);
#3782=VERTEX_POINT('',#10395);
#3783=VERTEX_POINT('',#10397);
#3784=VERTEX_POINT('',#10399);
#3785=VERTEX_POINT('',#10401);
#3786=VERTEX_POINT('',#10403);
#3787=VERTEX_POINT('',#10405);
#3788=VERTEX_POINT('',#10407);
#3789=VERTEX_POINT('',#10409);
#3790=VERTEX_POINT('',#10411);
#3791=VERTEX_POINT('',#10413);
#3792=VERTEX_POINT('',#10415);
#3793=VERTEX_POINT('',#10417);
#3794=VERTEX_POINT('',#10419);
#3795=VERTEX_POINT('',#10421);
#3796=VERTEX_POINT('',#10423);
#3797=VERTEX_POINT('',#10425);
#3798=VERTEX_POINT('',#10429);
#3799=VERTEX_POINT('',#10430);
#3800=VERTEX_POINT('',#10432);
#3801=VERTEX_POINT('',#10434);
#3802=VERTEX_POINT('',#10436);
#3803=VERTEX_POINT('',#10438);
#3804=VERTEX_POINT('',#10440);
#3805=VERTEX_POINT('',#10442);
#3806=VERTEX_POINT('',#10444);
#3807=VERTEX_POINT('',#10446);
#3808=VERTEX_POINT('',#10448);
#3809=VERTEX_POINT('',#10450);
#3810=VERTEX_POINT('',#10452);
#3811=VERTEX_POINT('',#10454);
#3812=VERTEX_POINT('',#10456);
#3813=VERTEX_POINT('',#10458);
#3814=VERTEX_POINT('',#10460);
#3815=VERTEX_POINT('',#10462);
#3816=VERTEX_POINT('',#10464);
#3817=VERTEX_POINT('',#10466);
#3818=VERTEX_POINT('',#10468);
#3819=VERTEX_POINT('',#10472);
#3820=VERTEX_POINT('',#10473);
#3821=VERTEX_POINT('',#10475);
#3822=VERTEX_POINT('',#10477);
#3823=VERTEX_POINT('',#10479);
#3824=VERTEX_POINT('',#10481);
#3825=VERTEX_POINT('',#10483);
#3826=VERTEX_POINT('',#10485);
#3827=VERTEX_POINT('',#10487);
#3828=VERTEX_POINT('',#10489);
#3829=VERTEX_POINT('',#10491);
#3830=VERTEX_POINT('',#10493);
#3831=VERTEX_POINT('',#10495);
#3832=VERTEX_POINT('',#10497);
#3833=VERTEX_POINT('',#10499);
#3834=VERTEX_POINT('',#10501);
#3835=VERTEX_POINT('',#10503);
#3836=VERTEX_POINT('',#10505);
#3837=VERTEX_POINT('',#10507);
#3838=VERTEX_POINT('',#10509);
#3839=VERTEX_POINT('',#10511);
#3840=VERTEX_POINT('',#10515);
#3841=VERTEX_POINT('',#10516);
#3842=VERTEX_POINT('',#10518);
#3843=VERTEX_POINT('',#10520);
#3844=VERTEX_POINT('',#10522);
#3845=VERTEX_POINT('',#10524);
#3846=VERTEX_POINT('',#10526);
#3847=VERTEX_POINT('',#10528);
#3848=VERTEX_POINT('',#10530);
#3849=VERTEX_POINT('',#10532);
#3850=VERTEX_POINT('',#10534);
#3851=VERTEX_POINT('',#10536);
#3852=VERTEX_POINT('',#10538);
#3853=VERTEX_POINT('',#10540);
#3854=VERTEX_POINT('',#10542);
#3855=VERTEX_POINT('',#10544);
#3856=VERTEX_POINT('',#10546);
#3857=VERTEX_POINT('',#10548);
#3858=VERTEX_POINT('',#10550);
#3859=VERTEX_POINT('',#10552);
#3860=VERTEX_POINT('',#10554);
#3861=VERTEX_POINT('',#10558);
#3862=VERTEX_POINT('',#10559);
#3863=VERTEX_POINT('',#10561);
#3864=VERTEX_POINT('',#10563);
#3865=VERTEX_POINT('',#10565);
#3866=VERTEX_POINT('',#10567);
#3867=VERTEX_POINT('',#10569);
#3868=VERTEX_POINT('',#10571);
#3869=VERTEX_POINT('',#10573);
#3870=VERTEX_POINT('',#10575);
#3871=VERTEX_POINT('',#10577);
#3872=VERTEX_POINT('',#10579);
#3873=VERTEX_POINT('',#10581);
#3874=VERTEX_POINT('',#10583);
#3875=VERTEX_POINT('',#10585);
#3876=VERTEX_POINT('',#10587);
#3877=VERTEX_POINT('',#10589);
#3878=VERTEX_POINT('',#10591);
#3879=VERTEX_POINT('',#10593);
#3880=VERTEX_POINT('',#10595);
#3881=VERTEX_POINT('',#10597);
#3882=VERTEX_POINT('',#10601);
#3883=VERTEX_POINT('',#10602);
#3884=VERTEX_POINT('',#10604);
#3885=VERTEX_POINT('',#10606);
#3886=VERTEX_POINT('',#10608);
#3887=VERTEX_POINT('',#10610);
#3888=VERTEX_POINT('',#10612);
#3889=VERTEX_POINT('',#10614);
#3890=VERTEX_POINT('',#10616);
#3891=VERTEX_POINT('',#10618);
#3892=VERTEX_POINT('',#10620);
#3893=VERTEX_POINT('',#10622);
#3894=VERTEX_POINT('',#10624);
#3895=VERTEX_POINT('',#10626);
#3896=VERTEX_POINT('',#10628);
#3897=VERTEX_POINT('',#10630);
#3898=VERTEX_POINT('',#10632);
#3899=VERTEX_POINT('',#10634);
#3900=VERTEX_POINT('',#10636);
#3901=VERTEX_POINT('',#10638);
#3902=VERTEX_POINT('',#10640);
#3903=VERTEX_POINT('',#10644);
#3904=VERTEX_POINT('',#10645);
#3905=VERTEX_POINT('',#10647);
#3906=VERTEX_POINT('',#10649);
#3907=VERTEX_POINT('',#10651);
#3908=VERTEX_POINT('',#10653);
#3909=VERTEX_POINT('',#10655);
#3910=VERTEX_POINT('',#10657);
#3911=VERTEX_POINT('',#10659);
#3912=VERTEX_POINT('',#10661);
#3913=VERTEX_POINT('',#10663);
#3914=VERTEX_POINT('',#10665);
#3915=VERTEX_POINT('',#10667);
#3916=VERTEX_POINT('',#10669);
#3917=VERTEX_POINT('',#10671);
#3918=VERTEX_POINT('',#10673);
#3919=VERTEX_POINT('',#10675);
#3920=VERTEX_POINT('',#10677);
#3921=VERTEX_POINT('',#10679);
#3922=VERTEX_POINT('',#10681);
#3923=VERTEX_POINT('',#10683);
#3924=VERTEX_POINT('',#10687);
#3925=VERTEX_POINT('',#10688);
#3926=VERTEX_POINT('',#10690);
#3927=VERTEX_POINT('',#10692);
#3928=VERTEX_POINT('',#10694);
#3929=VERTEX_POINT('',#10696);
#3930=VERTEX_POINT('',#10698);
#3931=VERTEX_POINT('',#10700);
#3932=VERTEX_POINT('',#10702);
#3933=VERTEX_POINT('',#10704);
#3934=VERTEX_POINT('',#10706);
#3935=VERTEX_POINT('',#10708);
#3936=VERTEX_POINT('',#10710);
#3937=VERTEX_POINT('',#10712);
#3938=VERTEX_POINT('',#10714);
#3939=VERTEX_POINT('',#10716);
#3940=VERTEX_POINT('',#10719);
#3941=VERTEX_POINT('',#10721);
#3942=VERTEX_POINT('',#10724);
#3943=VERTEX_POINT('',#10726);
#3944=VERTEX_POINT('',#10729);
#3945=VERTEX_POINT('',#10731);
#3946=VERTEX_POINT('',#10734);
#3947=VERTEX_POINT('',#10736);
#3948=VERTEX_POINT('',#10739);
#3949=VERTEX_POINT('',#10741);
#3950=VERTEX_POINT('',#10744);
#3951=VERTEX_POINT('',#10746);
#3952=VERTEX_POINT('',#10749);
#3953=VERTEX_POINT('',#10751);
#3954=VERTEX_POINT('',#10754);
#3955=VERTEX_POINT('',#10756);
#3956=VERTEX_POINT('',#10760);
#3957=VERTEX_POINT('',#10761);
#3958=VERTEX_POINT('',#10763);
#3959=VERTEX_POINT('',#10765);
#3960=VERTEX_POINT('',#10767);
#3961=VERTEX_POINT('',#10769);
#3962=VERTEX_POINT('',#10771);
#3963=VERTEX_POINT('',#10773);
#3964=VERTEX_POINT('',#10777);
#3965=VERTEX_POINT('',#10778);
#3966=VERTEX_POINT('',#10780);
#3967=VERTEX_POINT('',#10782);
#3968=VERTEX_POINT('',#10784);
#3969=VERTEX_POINT('',#10786);
#3970=VERTEX_POINT('',#10788);
#3971=VERTEX_POINT('',#10790);
#3972=VERTEX_POINT('',#10794);
#3973=VERTEX_POINT('',#10796);
#3974=VERTEX_POINT('',#10798);
#3975=VERTEX_POINT('',#10800);
#3976=VERTEX_POINT('',#10802);
#3977=VERTEX_POINT('',#10804);
#3978=VERTEX_POINT('',#10806);
#3979=VERTEX_POINT('',#10808);
#3980=VERTEX_POINT('',#10810);
#3981=VERTEX_POINT('',#10812);
#3982=VERTEX_POINT('',#10814);
#3983=VERTEX_POINT('',#10816);
#3984=VERTEX_POINT('',#10818);
#3985=VERTEX_POINT('',#10820);
#3986=VERTEX_POINT('',#10822);
#3987=VERTEX_POINT('',#10826);
#3988=VERTEX_POINT('',#10827);
#3989=VERTEX_POINT('',#10829);
#3990=VERTEX_POINT('',#10831);
#3991=VERTEX_POINT('',#10833);
#3992=VERTEX_POINT('',#10835);
#3993=VERTEX_POINT('',#10837);
#3994=VERTEX_POINT('',#10840);
#3995=VERTEX_POINT('',#10842);
#3996=VERTEX_POINT('',#10844);
#3997=VERTEX_POINT('',#10846);
#3998=VERTEX_POINT('',#10848);
#3999=VERTEX_POINT('',#10850);
#4000=VERTEX_POINT('',#10852);
#4001=VERTEX_POINT('',#10856);
#4002=VERTEX_POINT('',#10859);
#4003=VERTEX_POINT('',#10863);
#4004=VERTEX_POINT('',#10867);
#4005=VERTEX_POINT('',#10872);
#4006=VERTEX_POINT('',#10874);
#4007=VERTEX_POINT('',#10878);
#4008=VERTEX_POINT('',#10882);
#4009=VERTEX_POINT('',#10886);
#4010=VERTEX_POINT('',#10890);
#4011=VERTEX_POINT('',#10892);
#4012=VERTEX_POINT('',#10894);
#4013=VERTEX_POINT('',#10896);
#4014=VERTEX_POINT('',#10898);
#4015=VERTEX_POINT('',#10900);
#4016=VERTEX_POINT('',#10904);
#4017=VERTEX_POINT('',#10905);
#4018=VERTEX_POINT('',#10907);
#4019=VERTEX_POINT('',#10909);
#4020=VERTEX_POINT('',#10911);
#4021=VERTEX_POINT('',#10913);
#4022=VERTEX_POINT('',#10915);
#4023=VERTEX_POINT('',#10917);
#4024=VERTEX_POINT('',#10921);
#4025=VERTEX_POINT('',#10923);
#4026=VERTEX_POINT('',#10924);
#4027=VERTEX_POINT('',#10927);
#4028=VERTEX_POINT('',#10929);
#4029=VERTEX_POINT('',#10931);
#4030=VERTEX_POINT('',#10933);
#4031=VERTEX_POINT('',#10935);
#4032=VERTEX_POINT('',#10937);
#4033=VERTEX_POINT('',#10939);
#4034=VERTEX_POINT('',#10941);
#4035=VERTEX_POINT('',#10943);
#4036=VERTEX_POINT('',#10945);
#4037=VERTEX_POINT('',#10947);
#4038=VERTEX_POINT('',#10949);
#4039=VERTEX_POINT('',#10953);
#4040=VERTEX_POINT('',#10956);
#4041=VERTEX_POINT('',#10960);
#4042=VERTEX_POINT('',#10965);
#4043=VERTEX_POINT('',#10969);
#4044=VERTEX_POINT('',#10971);
#4045=VERTEX_POINT('',#10975);
#4046=VERTEX_POINT('',#10979);
#4047=VERTEX_POINT('',#10982);
#4048=VERTEX_POINT('',#10987);
#4049=VERTEX_POINT('',#10989);
#4050=VERTEX_POINT('',#10991);
#4051=VERTEX_POINT('',#10993);
#4052=VERTEX_POINT('',#10995);
#4053=VERTEX_POINT('',#10997);
#4054=VERTEX_POINT('',#11001);
#4055=VERTEX_POINT('',#11002);
#4056=VERTEX_POINT('',#11004);
#4057=VERTEX_POINT('',#11006);
#4058=VERTEX_POINT('',#11008);
#4059=VERTEX_POINT('',#11010);
#4060=VERTEX_POINT('',#11012);
#4061=VERTEX_POINT('',#11014);
#4062=VERTEX_POINT('',#11018);
#4063=VERTEX_POINT('',#11019);
#4064=VERTEX_POINT('',#11021);
#4065=VERTEX_POINT('',#11023);
#4066=VERTEX_POINT('',#11025);
#4067=VERTEX_POINT('',#11027);
#4068=VERTEX_POINT('',#11029);
#4069=VERTEX_POINT('',#11032);
#4070=VERTEX_POINT('',#11034);
#4071=VERTEX_POINT('',#11036);
#4072=VERTEX_POINT('',#11038);
#4073=VERTEX_POINT('',#11040);
#4074=VERTEX_POINT('',#11042);
#4075=VERTEX_POINT('',#11044);
#4076=VERTEX_POINT('',#11048);
#4077=VERTEX_POINT('',#11051);
#4078=VERTEX_POINT('',#11055);
#4079=VERTEX_POINT('',#11059);
#4080=VERTEX_POINT('',#11064);
#4081=VERTEX_POINT('',#11066);
#4082=VERTEX_POINT('',#11070);
#4083=VERTEX_POINT('',#11074);
#4084=VERTEX_POINT('',#11077);
#4085=VERTEX_POINT('',#11082);
#4086=VERTEX_POINT('',#11084);
#4087=VERTEX_POINT('',#11086);
#4088=VERTEX_POINT('',#11088);
#4089=VERTEX_POINT('',#11090);
#4090=VERTEX_POINT('',#11092);
#4091=VERTEX_POINT('',#11096);
#4092=VERTEX_POINT('',#11097);
#4093=VERTEX_POINT('',#11099);
#4094=VERTEX_POINT('',#11101);
#4095=VERTEX_POINT('',#11103);
#4096=VERTEX_POINT('',#11105);
#4097=VERTEX_POINT('',#11107);
#4098=VERTEX_POINT('',#11109);
#4099=VERTEX_POINT('',#11113);
#4100=VERTEX_POINT('',#11115);
#4101=VERTEX_POINT('',#11116);
#4102=VERTEX_POINT('',#11119);
#4103=VERTEX_POINT('',#11121);
#4104=VERTEX_POINT('',#11123);
#4105=VERTEX_POINT('',#11125);
#4106=VERTEX_POINT('',#11127);
#4107=VERTEX_POINT('',#11129);
#4108=VERTEX_POINT('',#11131);
#4109=VERTEX_POINT('',#11133);
#4110=VERTEX_POINT('',#11135);
#4111=VERTEX_POINT('',#11137);
#4112=VERTEX_POINT('',#11139);
#4113=VERTEX_POINT('',#11141);
#4114=VERTEX_POINT('',#11145);
#4115=VERTEX_POINT('',#11148);
#4116=VERTEX_POINT('',#11152);
#4117=VERTEX_POINT('',#11157);
#4118=VERTEX_POINT('',#11161);
#4119=VERTEX_POINT('',#11163);
#4120=VERTEX_POINT('',#11167);
#4121=VERTEX_POINT('',#11171);
#4122=VERTEX_POINT('',#11174);
#4123=VERTEX_POINT('',#11179);
#4124=VERTEX_POINT('',#11181);
#4125=VERTEX_POINT('',#11183);
#4126=VERTEX_POINT('',#11185);
#4127=VERTEX_POINT('',#11187);
#4128=VERTEX_POINT('',#11189);
#4129=VERTEX_POINT('',#11193);
#4130=VERTEX_POINT('',#11194);
#4131=VERTEX_POINT('',#11196);
#4132=VERTEX_POINT('',#11198);
#4133=VERTEX_POINT('',#11200);
#4134=VERTEX_POINT('',#11202);
#4135=VERTEX_POINT('',#11204);
#4136=VERTEX_POINT('',#11206);
#4137=VERTEX_POINT('',#11210);
#4138=VERTEX_POINT('',#11211);
#4139=VERTEX_POINT('',#11213);
#4140=VERTEX_POINT('',#11215);
#4141=VERTEX_POINT('',#11217);
#4142=VERTEX_POINT('',#11219);
#4143=VERTEX_POINT('',#11221);
#4144=VERTEX_POINT('',#11224);
#4145=VERTEX_POINT('',#11226);
#4146=VERTEX_POINT('',#11228);
#4147=VERTEX_POINT('',#11230);
#4148=VERTEX_POINT('',#11232);
#4149=VERTEX_POINT('',#11234);
#4150=VERTEX_POINT('',#11236);
#4151=VERTEX_POINT('',#11240);
#4152=VERTEX_POINT('',#11243);
#4153=VERTEX_POINT('',#11247);
#4154=VERTEX_POINT('',#11251);
#4155=VERTEX_POINT('',#11256);
#4156=VERTEX_POINT('',#11258);
#4157=VERTEX_POINT('',#11262);
#4158=VERTEX_POINT('',#11266);
#4159=VERTEX_POINT('',#11270);
#4160=VERTEX_POINT('',#11274);
#4161=VERTEX_POINT('',#11276);
#4162=VERTEX_POINT('',#11278);
#4163=VERTEX_POINT('',#11280);
#4164=VERTEX_POINT('',#11282);
#4165=VERTEX_POINT('',#11284);
#4166=VERTEX_POINT('',#11288);
#4167=VERTEX_POINT('',#11289);
#4168=VERTEX_POINT('',#11291);
#4169=VERTEX_POINT('',#11293);
#4170=VERTEX_POINT('',#11295);
#4171=VERTEX_POINT('',#11297);
#4172=VERTEX_POINT('',#11299);
#4173=VERTEX_POINT('',#11301);
#4174=VERTEX_POINT('',#11305);
#4175=VERTEX_POINT('',#11307);
#4176=VERTEX_POINT('',#11308);
#4177=VERTEX_POINT('',#11311);
#4178=VERTEX_POINT('',#11313);
#4179=VERTEX_POINT('',#11315);
#4180=VERTEX_POINT('',#11317);
#4181=VERTEX_POINT('',#11319);
#4182=VERTEX_POINT('',#11321);
#4183=VERTEX_POINT('',#11323);
#4184=VERTEX_POINT('',#11325);
#4185=VERTEX_POINT('',#11327);
#4186=VERTEX_POINT('',#11329);
#4187=VERTEX_POINT('',#11331);
#4188=VERTEX_POINT('',#11333);
#4189=VERTEX_POINT('',#11337);
#4190=VERTEX_POINT('',#11340);
#4191=VERTEX_POINT('',#11344);
#4192=VERTEX_POINT('',#11349);
#4193=VERTEX_POINT('',#11353);
#4194=VERTEX_POINT('',#11355);
#4195=VERTEX_POINT('',#11359);
#4196=VERTEX_POINT('',#11363);
#4197=VERTEX_POINT('',#11366);
#4198=VERTEX_POINT('',#11371);
#4199=VERTEX_POINT('',#11373);
#4200=VERTEX_POINT('',#11375);
#4201=VERTEX_POINT('',#11377);
#4202=VERTEX_POINT('',#11379);
#4203=VERTEX_POINT('',#11381);
#4204=VERTEX_POINT('',#11385);
#4205=VERTEX_POINT('',#11386);
#4206=VERTEX_POINT('',#11388);
#4207=VERTEX_POINT('',#11390);
#4208=VERTEX_POINT('',#11392);
#4209=VERTEX_POINT('',#11394);
#4210=VERTEX_POINT('',#11396);
#4211=VERTEX_POINT('',#11398);
#4212=VERTEX_POINT('',#11402);
#4213=VERTEX_POINT('',#11403);
#4214=VERTEX_POINT('',#11405);
#4215=VERTEX_POINT('',#11407);
#4216=VERTEX_POINT('',#11409);
#4217=VERTEX_POINT('',#11411);
#4218=VERTEX_POINT('',#11413);
#4219=VERTEX_POINT('',#11416);
#4220=VERTEX_POINT('',#11418);
#4221=VERTEX_POINT('',#11420);
#4222=VERTEX_POINT('',#11422);
#4223=VERTEX_POINT('',#11424);
#4224=VERTEX_POINT('',#11426);
#4225=VERTEX_POINT('',#11428);
#4226=VERTEX_POINT('',#11432);
#4227=VERTEX_POINT('',#11435);
#4228=VERTEX_POINT('',#11439);
#4229=VERTEX_POINT('',#11443);
#4230=VERTEX_POINT('',#11448);
#4231=VERTEX_POINT('',#11450);
#4232=VERTEX_POINT('',#11454);
#4233=VERTEX_POINT('',#11458);
#4234=VERTEX_POINT('',#11461);
#4235=VERTEX_POINT('',#11466);
#4236=VERTEX_POINT('',#11468);
#4237=VERTEX_POINT('',#11470);
#4238=VERTEX_POINT('',#11472);
#4239=VERTEX_POINT('',#11474);
#4240=VERTEX_POINT('',#11476);
#4241=VERTEX_POINT('',#11480);
#4242=VERTEX_POINT('',#11481);
#4243=VERTEX_POINT('',#11483);
#4244=VERTEX_POINT('',#11486);
#4245=VERTEX_POINT('',#11488);
#4246=VERTEX_POINT('',#11490);
#4247=VERTEX_POINT('',#11494);
#4248=VERTEX_POINT('',#11497);
#4249=VERTEX_POINT('',#11501);
#4250=VERTEX_POINT('',#11506);
#4251=VERTEX_POINT('',#11510);
#4252=VERTEX_POINT('',#11512);
#4253=VERTEX_POINT('',#11516);
#4254=VERTEX_POINT('',#11528);
#4255=VERTEX_POINT('',#11530);
#4256=VERTEX_POINT('',#11535);
#4257=VERTEX_POINT('',#11537);
#4258=VERTEX_POINT('',#11557);
#4259=VERTEX_POINT('',#11559);
#4260=VERTEX_POINT('',#11564);
#4261=VERTEX_POINT('',#11566);
#4262=VERTEX_POINT('',#11590);
#4263=VERTEX_POINT('',#11592);
#4264=VERTEX_POINT('',#11597);
#4265=VERTEX_POINT('',#11599);
#4266=VERTEX_POINT('',#11615);
#4267=VERTEX_POINT('',#11617);
#4268=VERTEX_POINT('',#11622);
#4269=VERTEX_POINT('',#11624);
#4270=VERTEX_POINT('',#11636);
#4271=VERTEX_POINT('',#11639);
#4272=VERTEX_POINT('',#11644);
#4273=VERTEX_POINT('',#11648);
#4274=VERTEX_POINT('',#11652);
#4275=VERTEX_POINT('',#11656);
#4276=VERTEX_POINT('',#11660);
#4277=VERTEX_POINT('',#11664);
#4278=VERTEX_POINT('',#11668);
#4279=VERTEX_POINT('',#11672);
#4280=VERTEX_POINT('',#11676);
#4281=VERTEX_POINT('',#11680);
#4282=VERTEX_POINT('',#11684);
#4283=VERTEX_POINT('',#11688);
#4284=VERTEX_POINT('',#11692);
#4285=VERTEX_POINT('',#11696);
#4286=VERTEX_POINT('',#11700);
#4287=VERTEX_POINT('',#11704);
#4288=VERTEX_POINT('',#11708);
#4289=VERTEX_POINT('',#11712);
#4290=VERTEX_POINT('',#11716);
#4291=VERTEX_POINT('',#11720);
#4292=VERTEX_POINT('',#11726);
#4293=VERTEX_POINT('',#11731);
#4294=VERTEX_POINT('',#11732);
#4295=VERTEX_POINT('',#11734);
#4296=VERTEX_POINT('',#11737);
#4297=VERTEX_POINT('',#11741);
#4298=VERTEX_POINT('',#11744);
#4299=VERTEX_POINT('',#11748);
#4300=VERTEX_POINT('',#11752);
#4301=VERTEX_POINT('',#11754);
#4302=VERTEX_POINT('',#11756);
#4303=VERTEX_POINT('',#11760);
#4304=VERTEX_POINT('',#11762);
#4305=VERTEX_POINT('',#11766);
#4306=VERTEX_POINT('',#11769);
#4307=VERTEX_POINT('',#11773);
#4308=VERTEX_POINT('',#11777);
#4309=VERTEX_POINT('',#11779);
#4310=VERTEX_POINT('',#11781);
#4311=VERTEX_POINT('',#11785);
#4312=VERTEX_POINT('',#11787);
#4313=VERTEX_POINT('',#11812);
#4314=VERTEX_POINT('',#11817);
#4315=VERTEX_POINT('',#11818);
#4316=VERTEX_POINT('',#11820);
#4317=VERTEX_POINT('',#11823);
#4318=VERTEX_POINT('',#11827);
#4319=VERTEX_POINT('',#11830);
#4320=VERTEX_POINT('',#11834);
#4321=VERTEX_POINT('',#11838);
#4322=VERTEX_POINT('',#11840);
#4323=VERTEX_POINT('',#11842);
#4324=VERTEX_POINT('',#11846);
#4325=VERTEX_POINT('',#11848);
#4326=VERTEX_POINT('',#11852);
#4327=VERTEX_POINT('',#11855);
#4328=VERTEX_POINT('',#11859);
#4329=VERTEX_POINT('',#11863);
#4330=VERTEX_POINT('',#11865);
#4331=VERTEX_POINT('',#11867);
#4332=VERTEX_POINT('',#11871);
#4333=VERTEX_POINT('',#11873);
#4334=VERTEX_POINT('',#11898);
#4335=VERTEX_POINT('',#11903);
#4336=VERTEX_POINT('',#11904);
#4337=VERTEX_POINT('',#11906);
#4338=VERTEX_POINT('',#11909);
#4339=VERTEX_POINT('',#11913);
#4340=VERTEX_POINT('',#11916);
#4341=VERTEX_POINT('',#11920);
#4342=VERTEX_POINT('',#11924);
#4343=VERTEX_POINT('',#11926);
#4344=VERTEX_POINT('',#11928);
#4345=VERTEX_POINT('',#11932);
#4346=VERTEX_POINT('',#11934);
#4347=VERTEX_POINT('',#11938);
#4348=VERTEX_POINT('',#11941);
#4349=VERTEX_POINT('',#11945);
#4350=VERTEX_POINT('',#11949);
#4351=VERTEX_POINT('',#11951);
#4352=VERTEX_POINT('',#11953);
#4353=VERTEX_POINT('',#11957);
#4354=VERTEX_POINT('',#11959);
#4355=VERTEX_POINT('',#11984);
#4356=VERTEX_POINT('',#11989);
#4357=VERTEX_POINT('',#11990);
#4358=VERTEX_POINT('',#11992);
#4359=VERTEX_POINT('',#11995);
#4360=VERTEX_POINT('',#11999);
#4361=VERTEX_POINT('',#12002);
#4362=VERTEX_POINT('',#12006);
#4363=VERTEX_POINT('',#12010);
#4364=VERTEX_POINT('',#12012);
#4365=VERTEX_POINT('',#12014);
#4366=VERTEX_POINT('',#12018);
#4367=VERTEX_POINT('',#12020);
#4368=VERTEX_POINT('',#12024);
#4369=VERTEX_POINT('',#12027);
#4370=VERTEX_POINT('',#12031);
#4371=VERTEX_POINT('',#12035);
#4372=VERTEX_POINT('',#12037);
#4373=VERTEX_POINT('',#12039);
#4374=VERTEX_POINT('',#12043);
#4375=VERTEX_POINT('',#12045);
#4376=VERTEX_POINT('',#12070);
#4377=VERTEX_POINT('',#12075);
#4378=VERTEX_POINT('',#12076);
#4379=VERTEX_POINT('',#12078);
#4380=VERTEX_POINT('',#12081);
#4381=VERTEX_POINT('',#12085);
#4382=VERTEX_POINT('',#12088);
#4383=VERTEX_POINT('',#12092);
#4384=VERTEX_POINT('',#12096);
#4385=VERTEX_POINT('',#12098);
#4386=VERTEX_POINT('',#12100);
#4387=VERTEX_POINT('',#12104);
#4388=VERTEX_POINT('',#12106);
#4389=VERTEX_POINT('',#12110);
#4390=VERTEX_POINT('',#12113);
#4391=VERTEX_POINT('',#12117);
#4392=VERTEX_POINT('',#12121);
#4393=VERTEX_POINT('',#12123);
#4394=VERTEX_POINT('',#12125);
#4395=VERTEX_POINT('',#12129);
#4396=VERTEX_POINT('',#12131);
#4397=VERTEX_POINT('',#12156);
#4398=VERTEX_POINT('',#12161);
#4399=VERTEX_POINT('',#12162);
#4400=VERTEX_POINT('',#12164);
#4401=VERTEX_POINT('',#12167);
#4402=VERTEX_POINT('',#12171);
#4403=VERTEX_POINT('',#12174);
#4404=VERTEX_POINT('',#12178);
#4405=VERTEX_POINT('',#12182);
#4406=VERTEX_POINT('',#12184);
#4407=VERTEX_POINT('',#12186);
#4408=VERTEX_POINT('',#12190);
#4409=VERTEX_POINT('',#12192);
#4410=VERTEX_POINT('',#12196);
#4411=VERTEX_POINT('',#12199);
#4412=VERTEX_POINT('',#12203);
#4413=VERTEX_POINT('',#12207);
#4414=VERTEX_POINT('',#12209);
#4415=VERTEX_POINT('',#12211);
#4416=VERTEX_POINT('',#12215);
#4417=VERTEX_POINT('',#12217);
#4418=VERTEX_POINT('',#12242);
#4419=VERTEX_POINT('',#12247);
#4420=VERTEX_POINT('',#12248);
#4421=VERTEX_POINT('',#12250);
#4422=VERTEX_POINT('',#12253);
#4423=VERTEX_POINT('',#12257);
#4424=VERTEX_POINT('',#12260);
#4425=VERTEX_POINT('',#12264);
#4426=VERTEX_POINT('',#12268);
#4427=VERTEX_POINT('',#12270);
#4428=VERTEX_POINT('',#12272);
#4429=VERTEX_POINT('',#12276);
#4430=VERTEX_POINT('',#12278);
#4431=VERTEX_POINT('',#12282);
#4432=VERTEX_POINT('',#12285);
#4433=VERTEX_POINT('',#12289);
#4434=VERTEX_POINT('',#12293);
#4435=VERTEX_POINT('',#12295);
#4436=VERTEX_POINT('',#12297);
#4437=VERTEX_POINT('',#12301);
#4438=VERTEX_POINT('',#12303);
#4439=VERTEX_POINT('',#12328);
#4440=VERTEX_POINT('',#12333);
#4441=VERTEX_POINT('',#12334);
#4442=VERTEX_POINT('',#12336);
#4443=VERTEX_POINT('',#12339);
#4444=VERTEX_POINT('',#12343);
#4445=VERTEX_POINT('',#12346);
#4446=VERTEX_POINT('',#12350);
#4447=VERTEX_POINT('',#12354);
#4448=VERTEX_POINT('',#12356);
#4449=VERTEX_POINT('',#12358);
#4450=VERTEX_POINT('',#12362);
#4451=VERTEX_POINT('',#12364);
#4452=VERTEX_POINT('',#12368);
#4453=VERTEX_POINT('',#12371);
#4454=VERTEX_POINT('',#12375);
#4455=VERTEX_POINT('',#12379);
#4456=VERTEX_POINT('',#12381);
#4457=VERTEX_POINT('',#12383);
#4458=VERTEX_POINT('',#12387);
#4459=VERTEX_POINT('',#12389);
#4460=VERTEX_POINT('',#12412);
#4461=VERTEX_POINT('',#12416);
#4462=VERTEX_POINT('',#12420);
#4463=VERTEX_POINT('',#12424);
#4464=VERTEX_POINT('',#12828);
#4465=VERTEX_POINT('',#12832);
#4466=VERTEX_POINT('',#12836);
#4467=VERTEX_POINT('',#12840);
#4468=VERTEX_POINT('',#12844);
#4469=VERTEX_POINT('',#12848);
#4470=VERTEX_POINT('',#12852);
#4471=VERTEX_POINT('',#12856);
#4472=LINE('',#10342,#5320);
#4473=LINE('',#10345,#5321);
#4474=LINE('',#10347,#5322);
#4475=LINE('',#10349,#5323);
#4476=LINE('',#10351,#5324);
#4477=LINE('',#10355,#5325);
#4478=LINE('',#10359,#5326);
#4479=LINE('',#10361,#5327);
#4480=LINE('',#10363,#5328);
#4481=LINE('',#10365,#5329);
#4482=LINE('',#10369,#5330);
#4483=LINE('',#10371,#5331);
#4484=LINE('',#10373,#5332);
#4485=LINE('',#10377,#5333);
#4486=LINE('',#10379,#5334);
#4487=LINE('',#10381,#5335);
#4488=LINE('',#10383,#5336);
#4489=LINE('',#10385,#5337);
#4490=LINE('',#10388,#5338);
#4491=LINE('',#10390,#5339);
#4492=LINE('',#10392,#5340);
#4493=LINE('',#10394,#5341);
#4494=LINE('',#10396,#5342);
#4495=LINE('',#10398,#5343);
#4496=LINE('',#10402,#5344);
#4497=LINE('',#10404,#5345);
#4498=LINE('',#10406,#5346);
#4499=LINE('',#10410,#5347);
#4500=LINE('',#10412,#5348);
#4501=LINE('',#10414,#5349);
#4502=LINE('',#10416,#5350);
#4503=LINE('',#10420,#5351);
#4504=LINE('',#10424,#5352);
#4505=LINE('',#10426,#5353);
#4506=LINE('',#10428,#5354);
#4507=LINE('',#10431,#5355);
#4508=LINE('',#10433,#5356);
#4509=LINE('',#10437,#5357);
#4510=LINE('',#10441,#5358);
#4511=LINE('',#10443,#5359);
#4512=LINE('',#10445,#5360);
#4513=LINE('',#10447,#5361);
#4514=LINE('',#10451,#5362);
#4515=LINE('',#10453,#5363);
#4516=LINE('',#10455,#5364);
#4517=LINE('',#10459,#5365);
#4518=LINE('',#10461,#5366);
#4519=LINE('',#10463,#5367);
#4520=LINE('',#10465,#5368);
#4521=LINE('',#10467,#5369);
#4522=LINE('',#10469,#5370);
#4523=LINE('',#10471,#5371);
#4524=LINE('',#10474,#5372);
#4525=LINE('',#10476,#5373);
#4526=LINE('',#10478,#5374);
#4527=LINE('',#10480,#5375);
#4528=LINE('',#10482,#5376);
#4529=LINE('',#10484,#5377);
#4530=LINE('',#10488,#5378);
#4531=LINE('',#10490,#5379);
#4532=LINE('',#10492,#5380);
#4533=LINE('',#10496,#5381);
#4534=LINE('',#10498,#5382);
#4535=LINE('',#10500,#5383);
#4536=LINE('',#10502,#5384);
#4537=LINE('',#10506,#5385);
#4538=LINE('',#10510,#5386);
#4539=LINE('',#10512,#5387);
#4540=LINE('',#10514,#5388);
#4541=LINE('',#10517,#5389);
#4542=LINE('',#10519,#5390);
#4543=LINE('',#10523,#5391);
#4544=LINE('',#10527,#5392);
#4545=LINE('',#10529,#5393);
#4546=LINE('',#10531,#5394);
#4547=LINE('',#10533,#5395);
#4548=LINE('',#10537,#5396);
#4549=LINE('',#10539,#5397);
#4550=LINE('',#10541,#5398);
#4551=LINE('',#10545,#5399);
#4552=LINE('',#10547,#5400);
#4553=LINE('',#10549,#5401);
#4554=LINE('',#10551,#5402);
#4555=LINE('',#10553,#5403);
#4556=LINE('',#10555,#5404);
#4557=LINE('',#10557,#5405);
#4558=LINE('',#10560,#5406);
#4559=LINE('',#10562,#5407);
#4560=LINE('',#10564,#5408);
#4561=LINE('',#10566,#5409);
#4562=LINE('',#10568,#5410);
#4563=LINE('',#10570,#5411);
#4564=LINE('',#10574,#5412);
#4565=LINE('',#10576,#5413);
#4566=LINE('',#10578,#5414);
#4567=LINE('',#10582,#5415);
#4568=LINE('',#10584,#5416);
#4569=LINE('',#10586,#5417);
#4570=LINE('',#10588,#5418);
#4571=LINE('',#10592,#5419);
#4572=LINE('',#10596,#5420);
#4573=LINE('',#10598,#5421);
#4574=LINE('',#10600,#5422);
#4575=LINE('',#10603,#5423);
#4576=LINE('',#10605,#5424);
#4577=LINE('',#10609,#5425);
#4578=LINE('',#10613,#5426);
#4579=LINE('',#10615,#5427);
#4580=LINE('',#10617,#5428);
#4581=LINE('',#10619,#5429);
#4582=LINE('',#10623,#5430);
#4583=LINE('',#10625,#5431);
#4584=LINE('',#10627,#5432);
#4585=LINE('',#10631,#5433);
#4586=LINE('',#10633,#5434);
#4587=LINE('',#10635,#5435);
#4588=LINE('',#10637,#5436);
#4589=LINE('',#10639,#5437);
#4590=LINE('',#10641,#5438);
#4591=LINE('',#10643,#5439);
#4592=LINE('',#10646,#5440);
#4593=LINE('',#10648,#5441);
#4594=LINE('',#10650,#5442);
#4595=LINE('',#10652,#5443);
#4596=LINE('',#10654,#5444);
#4597=LINE('',#10656,#5445);
#4598=LINE('',#10660,#5446);
#4599=LINE('',#10662,#5447);
#4600=LINE('',#10664,#5448);
#4601=LINE('',#10668,#5449);
#4602=LINE('',#10670,#5450);
#4603=LINE('',#10672,#5451);
#4604=LINE('',#10674,#5452);
#4605=LINE('',#10678,#5453);
#4606=LINE('',#10682,#5454);
#4607=LINE('',#10684,#5455);
#4608=LINE('',#10686,#5456);
#4609=LINE('',#10691,#5457);
#4610=LINE('',#10695,#5458);
#4611=LINE('',#10699,#5459);
#4612=LINE('',#10703,#5460);
#4613=LINE('',#10707,#5461);
#4614=LINE('',#10711,#5462);
#4615=LINE('',#10715,#5463);
#4616=LINE('',#10720,#5464);
#4617=LINE('',#10725,#5465);
#4618=LINE('',#10730,#5466);
#4619=LINE('',#10735,#5467);
#4620=LINE('',#10740,#5468);
#4621=LINE('',#10745,#5469);
#4622=LINE('',#10750,#5470);
#4623=LINE('',#10755,#5471);
#4624=LINE('',#10759,#5472);
#4625=LINE('',#10764,#5473);
#4626=LINE('',#10766,#5474);
#4627=LINE('',#10768,#5475);
#4628=LINE('',#10770,#5476);
#4629=LINE('',#10772,#5477);
#4630=LINE('',#10774,#5478);
#4631=LINE('',#10776,#5479);
#4632=LINE('',#10781,#5480);
#4633=LINE('',#10783,#5481);
#4634=LINE('',#10785,#5482);
#4635=LINE('',#10787,#5483);
#4636=LINE('',#10789,#5484);
#4637=LINE('',#10791,#5485);
#4638=LINE('',#10795,#5486);
#4639=LINE('',#10797,#5487);
#4640=LINE('',#10799,#5488);
#4641=LINE('',#10801,#5489);
#4642=LINE('',#10803,#5490);
#4643=LINE('',#10807,#5491);
#4644=LINE('',#10809,#5492);
#4645=LINE('',#10811,#5493);
#4646=LINE('',#10813,#5494);
#4647=LINE('',#10815,#5495);
#4648=LINE('',#10817,#5496);
#4649=LINE('',#10819,#5497);
#4650=LINE('',#10823,#5498);
#4651=LINE('',#10825,#5499);
#4652=LINE('',#10830,#5500);
#4653=LINE('',#10832,#5501);
#4654=LINE('',#10834,#5502);
#4655=LINE('',#10836,#5503);
#4656=LINE('',#10838,#5504);
#4657=LINE('',#10839,#5505);
#4658=LINE('',#10843,#5506);
#4659=LINE('',#10845,#5507);
#4660=LINE('',#10847,#5508);
#4661=LINE('',#10849,#5509);
#4662=LINE('',#10851,#5510);
#4663=LINE('',#10853,#5511);
#4664=LINE('',#10855,#5512);
#4665=LINE('',#10857,#5513);
#4666=LINE('',#10860,#5514);
#4667=LINE('',#10862,#5515);
#4668=LINE('',#10864,#5516);
#4669=LINE('',#10866,#5517);
#4670=LINE('',#10873,#5518);
#4671=LINE('',#10875,#5519);
#4672=LINE('',#10877,#5520);
#4673=LINE('',#10879,#5521);
#4674=LINE('',#10881,#5522);
#4675=LINE('',#10883,#5523);
#4676=LINE('',#10884,#5524);
#4677=LINE('',#10885,#5525);
#4678=LINE('',#10887,#5526);
#4679=LINE('',#10889,#5527);
#4680=LINE('',#10893,#5528);
#4681=LINE('',#10895,#5529);
#4682=LINE('',#10897,#5530);
#4683=LINE('',#10899,#5531);
#4684=LINE('',#10901,#5532);
#4685=LINE('',#10903,#5533);
#4686=LINE('',#10908,#5534);
#4687=LINE('',#10910,#5535);
#4688=LINE('',#10912,#5536);
#4689=LINE('',#10914,#5537);
#4690=LINE('',#10916,#5538);
#4691=LINE('',#10918,#5539);
#4692=LINE('',#10922,#5540);
#4693=LINE('',#10925,#5541);
#4694=LINE('',#10926,#5542);
#4695=LINE('',#10930,#5543);
#4696=LINE('',#10932,#5544);
#4697=LINE('',#10934,#5545);
#4698=LINE('',#10936,#5546);
#4699=LINE('',#10938,#5547);
#4700=LINE('',#10940,#5548);
#4701=LINE('',#10942,#5549);
#4702=LINE('',#10946,#5550);
#4703=LINE('',#10948,#5551);
#4704=LINE('',#10950,#5552);
#4705=LINE('',#10952,#5553);
#4706=LINE('',#10954,#5554);
#4707=LINE('',#10957,#5555);
#4708=LINE('',#10959,#5556);
#4709=LINE('',#10966,#5557);
#4710=LINE('',#10968,#5558);
#4711=LINE('',#10970,#5559);
#4712=LINE('',#10972,#5560);
#4713=LINE('',#10974,#5561);
#4714=LINE('',#10976,#5562);
#4715=LINE('',#10978,#5563);
#4716=LINE('',#10980,#5564);
#4717=LINE('',#10981,#5565);
#4718=LINE('',#10983,#5566);
#4719=LINE('',#10984,#5567);
#4720=LINE('',#10986,#5568);
#4721=LINE('',#10990,#5569);
#4722=LINE('',#10992,#5570);
#4723=LINE('',#10994,#5571);
#4724=LINE('',#10996,#5572);
#4725=LINE('',#10998,#5573);
#4726=LINE('',#11000,#5574);
#4727=LINE('',#11005,#5575);
#4728=LINE('',#11007,#5576);
#4729=LINE('',#11009,#5577);
#4730=LINE('',#11011,#5578);
#4731=LINE('',#11013,#5579);
#4732=LINE('',#11015,#5580);
#4733=LINE('',#11017,#5581);
#4734=LINE('',#11022,#5582);
#4735=LINE('',#11024,#5583);
#4736=LINE('',#11026,#5584);
#4737=LINE('',#11028,#5585);
#4738=LINE('',#11030,#5586);
#4739=LINE('',#11031,#5587);
#4740=LINE('',#11035,#5588);
#4741=LINE('',#11037,#5589);
#4742=LINE('',#11039,#5590);
#4743=LINE('',#11041,#5591);
#4744=LINE('',#11043,#5592);
#4745=LINE('',#11045,#5593);
#4746=LINE('',#11047,#5594);
#4747=LINE('',#11049,#5595);
#4748=LINE('',#11052,#5596);
#4749=LINE('',#11054,#5597);
#4750=LINE('',#11056,#5598);
#4751=LINE('',#11058,#5599);
#4752=LINE('',#11065,#5600);
#4753=LINE('',#11067,#5601);
#4754=LINE('',#11069,#5602);
#4755=LINE('',#11071,#5603);
#4756=LINE('',#11073,#5604);
#4757=LINE('',#11075,#5605);
#4758=LINE('',#11076,#5606);
#4759=LINE('',#11078,#5607);
#4760=LINE('',#11079,#5608);
#4761=LINE('',#11081,#5609);
#4762=LINE('',#11085,#5610);
#4763=LINE('',#11087,#5611);
#4764=LINE('',#11089,#5612);
#4765=LINE('',#11091,#5613);
#4766=LINE('',#11093,#5614);
#4767=LINE('',#11095,#5615);
#4768=LINE('',#11100,#5616);
#4769=LINE('',#11102,#5617);
#4770=LINE('',#11104,#5618);
#4771=LINE('',#11106,#5619);
#4772=LINE('',#11108,#5620);
#4773=LINE('',#11110,#5621);
#4774=LINE('',#11114,#5622);
#4775=LINE('',#11117,#5623);
#4776=LINE('',#11118,#5624);
#4777=LINE('',#11122,#5625);
#4778=LINE('',#11124,#5626);
#4779=LINE('',#11126,#5627);
#4780=LINE('',#11128,#5628);
#4781=LINE('',#11130,#5629);
#4782=LINE('',#11132,#5630);
#4783=LINE('',#11134,#5631);
#4784=LINE('',#11138,#5632);
#4785=LINE('',#11140,#5633);
#4786=LINE('',#11142,#5634);
#4787=LINE('',#11144,#5635);
#4788=LINE('',#11146,#5636);
#4789=LINE('',#11149,#5637);
#4790=LINE('',#11151,#5638);
#4791=LINE('',#11158,#5639);
#4792=LINE('',#11160,#5640);
#4793=LINE('',#11162,#5641);
#4794=LINE('',#11164,#5642);
#4795=LINE('',#11166,#5643);
#4796=LINE('',#11168,#5644);
#4797=LINE('',#11170,#5645);
#4798=LINE('',#11172,#5646);
#4799=LINE('',#11173,#5647);
#4800=LINE('',#11175,#5648);
#4801=LINE('',#11176,#5649);
#4802=LINE('',#11178,#5650);
#4803=LINE('',#11182,#5651);
#4804=LINE('',#11184,#5652);
#4805=LINE('',#11186,#5653);
#4806=LINE('',#11188,#5654);
#4807=LINE('',#11190,#5655);
#4808=LINE('',#11192,#5656);
#4809=LINE('',#11197,#5657);
#4810=LINE('',#11199,#5658);
#4811=LINE('',#11201,#5659);
#4812=LINE('',#11203,#5660);
#4813=LINE('',#11205,#5661);
#4814=LINE('',#11207,#5662);
#4815=LINE('',#11209,#5663);
#4816=LINE('',#11214,#5664);
#4817=LINE('',#11216,#5665);
#4818=LINE('',#11218,#5666);
#4819=LINE('',#11220,#5667);
#4820=LINE('',#11222,#5668);
#4821=LINE('',#11223,#5669);
#4822=LINE('',#11227,#5670);
#4823=LINE('',#11229,#5671);
#4824=LINE('',#11231,#5672);
#4825=LINE('',#11233,#5673);
#4826=LINE('',#11235,#5674);
#4827=LINE('',#11237,#5675);
#4828=LINE('',#11239,#5676);
#4829=LINE('',#11241,#5677);
#4830=LINE('',#11244,#5678);
#4831=LINE('',#11246,#5679);
#4832=LINE('',#11248,#5680);
#4833=LINE('',#11250,#5681);
#4834=LINE('',#11257,#5682);
#4835=LINE('',#11259,#5683);
#4836=LINE('',#11261,#5684);
#4837=LINE('',#11263,#5685);
#4838=LINE('',#11265,#5686);
#4839=LINE('',#11267,#5687);
#4840=LINE('',#11268,#5688);
#4841=LINE('',#11269,#5689);
#4842=LINE('',#11271,#5690);
#4843=LINE('',#11273,#5691);
#4844=LINE('',#11277,#5692);
#4845=LINE('',#11279,#5693);
#4846=LINE('',#11281,#5694);
#4847=LINE('',#11283,#5695);
#4848=LINE('',#11285,#5696);
#4849=LINE('',#11287,#5697);
#4850=LINE('',#11292,#5698);
#4851=LINE('',#11294,#5699);
#4852=LINE('',#11296,#5700);
#4853=LINE('',#11298,#5701);
#4854=LINE('',#11300,#5702);
#4855=LINE('',#11302,#5703);
#4856=LINE('',#11306,#5704);
#4857=LINE('',#11309,#5705);
#4858=LINE('',#11310,#5706);
#4859=LINE('',#11314,#5707);
#4860=LINE('',#11316,#5708);
#4861=LINE('',#11318,#5709);
#4862=LINE('',#11320,#5710);
#4863=LINE('',#11322,#5711);
#4864=LINE('',#11324,#5712);
#4865=LINE('',#11326,#5713);
#4866=LINE('',#11330,#5714);
#4867=LINE('',#11332,#5715);
#4868=LINE('',#11334,#5716);
#4869=LINE('',#11336,#5717);
#4870=LINE('',#11338,#5718);
#4871=LINE('',#11341,#5719);
#4872=LINE('',#11343,#5720);
#4873=LINE('',#11350,#5721);
#4874=LINE('',#11352,#5722);
#4875=LINE('',#11354,#5723);
#4876=LINE('',#11356,#5724);
#4877=LINE('',#11358,#5725);
#4878=LINE('',#11360,#5726);
#4879=LINE('',#11362,#5727);
#4880=LINE('',#11364,#5728);
#4881=LINE('',#11365,#5729);
#4882=LINE('',#11367,#5730);
#4883=LINE('',#11368,#5731);
#4884=LINE('',#11370,#5732);
#4885=LINE('',#11374,#5733);
#4886=LINE('',#11376,#5734);
#4887=LINE('',#11378,#5735);
#4888=LINE('',#11380,#5736);
#4889=LINE('',#11382,#5737);
#4890=LINE('',#11384,#5738);
#4891=LINE('',#11389,#5739);
#4892=LINE('',#11391,#5740);
#4893=LINE('',#11393,#5741);
#4894=LINE('',#11395,#5742);
#4895=LINE('',#11397,#5743);
#4896=LINE('',#11399,#5744);
#4897=LINE('',#11401,#5745);
#4898=LINE('',#11406,#5746);
#4899=LINE('',#11408,#5747);
#4900=LINE('',#11410,#5748);
#4901=LINE('',#11412,#5749);
#4902=LINE('',#11414,#5750);
#4903=LINE('',#11415,#5751);
#4904=LINE('',#11419,#5752);
#4905=LINE('',#11421,#5753);
#4906=LINE('',#11423,#5754);
#4907=LINE('',#11425,#5755);
#4908=LINE('',#11427,#5756);
#4909=LINE('',#11429,#5757);
#4910=LINE('',#11431,#5758);
#4911=LINE('',#11433,#5759);
#4912=LINE('',#11436,#5760);
#4913=LINE('',#11438,#5761);
#4914=LINE('',#11440,#5762);
#4915=LINE('',#11442,#5763);
#4916=LINE('',#11449,#5764);
#4917=LINE('',#11451,#5765);
#4918=LINE('',#11453,#5766);
#4919=LINE('',#11455,#5767);
#4920=LINE('',#11457,#5768);
#4921=LINE('',#11459,#5769);
#4922=LINE('',#11460,#5770);
#4923=LINE('',#11462,#5771);
#4924=LINE('',#11463,#5772);
#4925=LINE('',#11465,#5773);
#4926=LINE('',#11469,#5774);
#4927=LINE('',#11471,#5775);
#4928=LINE('',#11473,#5776);
#4929=LINE('',#11475,#5777);
#4930=LINE('',#11477,#5778);
#4931=LINE('',#11479,#5779);
#4932=LINE('',#11484,#5780);
#4933=LINE('',#11485,#5781);
#4934=LINE('',#11487,#5782);
#4935=LINE('',#11489,#5783);
#4936=LINE('',#11491,#5784);
#4937=LINE('',#11493,#5785);
#4938=LINE('',#11495,#5786);
#4939=LINE('',#11498,#5787);
#4940=LINE('',#11500,#5788);
#4941=LINE('',#11507,#5789);
#4942=LINE('',#11509,#5790);
#4943=LINE('',#11511,#5791);
#4944=LINE('',#11513,#5792);
#4945=LINE('',#11515,#5793);
#4946=LINE('',#11517,#5794);
#4947=LINE('',#11635,#5795);
#4948=LINE('',#11637,#5796);
#4949=LINE('',#11638,#5797);
#4950=LINE('',#11640,#5798);
#4951=LINE('',#11641,#5799);
#4952=LINE('',#11643,#5800);
#4953=LINE('',#11645,#5801);
#4954=LINE('',#11647,#5802);
#4955=LINE('',#11649,#5803);
#4956=LINE('',#11651,#5804);
#4957=LINE('',#11653,#5805);
#4958=LINE('',#11655,#5806);
#4959=LINE('',#11657,#5807);
#4960=LINE('',#11659,#5808);
#4961=LINE('',#11661,#5809);
#4962=LINE('',#11663,#5810);
#4963=LINE('',#11665,#5811);
#4964=LINE('',#11667,#5812);
#4965=LINE('',#11669,#5813);
#4966=LINE('',#11671,#5814);
#4967=LINE('',#11673,#5815);
#4968=LINE('',#11675,#5816);
#4969=LINE('',#11677,#5817);
#4970=LINE('',#11679,#5818);
#4971=LINE('',#11681,#5819);
#4972=LINE('',#11683,#5820);
#4973=LINE('',#11685,#5821);
#4974=LINE('',#11687,#5822);
#4975=LINE('',#11689,#5823);
#4976=LINE('',#11691,#5824);
#4977=LINE('',#11693,#5825);
#4978=LINE('',#11695,#5826);
#4979=LINE('',#11697,#5827);
#4980=LINE('',#11699,#5828);
#4981=LINE('',#11701,#5829);
#4982=LINE('',#11703,#5830);
#4983=LINE('',#11705,#5831);
#4984=LINE('',#11723,#5832);
#4985=LINE('',#11725,#5833);
#4986=LINE('',#11728,#5834);
#4987=LINE('',#11730,#5835);
#4988=LINE('',#11733,#5836);
#4989=LINE('',#11735,#5837);
#4990=LINE('',#11736,#5838);
#4991=LINE('',#11738,#5839);
#4992=LINE('',#11740,#5840);
#4993=LINE('',#11742,#5841);
#4994=LINE('',#11743,#5842);
#4995=LINE('',#11745,#5843);
#4996=LINE('',#11747,#5844);
#4997=LINE('',#11751,#5845);
#4998=LINE('',#11753,#5846);
#4999=LINE('',#11755,#5847);
#5000=LINE('',#11757,#5848);
#5001=LINE('',#11759,#5849);
#5002=LINE('',#11761,#5850);
#5003=LINE('',#11763,#5851);
#5004=LINE('',#11765,#5852);
#5005=LINE('',#11767,#5853);
#5006=LINE('',#11768,#5854);
#5007=LINE('',#11770,#5855);
#5008=LINE('',#11772,#5856);
#5009=LINE('',#11776,#5857);
#5010=LINE('',#11778,#5858);
#5011=LINE('',#11780,#5859);
#5012=LINE('',#11782,#5860);
#5013=LINE('',#11784,#5861);
#5014=LINE('',#11786,#5862);
#5015=LINE('',#11788,#5863);
#5016=LINE('',#11789,#5864);
#5017=LINE('',#11792,#5865);
#5018=LINE('',#11794,#5866);
#5019=LINE('',#11796,#5867);
#5020=LINE('',#11798,#5868);
#5021=LINE('',#11800,#5869);
#5022=LINE('',#11803,#5870);
#5023=LINE('',#11806,#5871);
#5024=LINE('',#11809,#5872);
#5025=LINE('',#11811,#5873);
#5026=LINE('',#11814,#5874);
#5027=LINE('',#11816,#5875);
#5028=LINE('',#11819,#5876);
#5029=LINE('',#11821,#5877);
#5030=LINE('',#11822,#5878);
#5031=LINE('',#11824,#5879);
#5032=LINE('',#11826,#5880);
#5033=LINE('',#11828,#5881);
#5034=LINE('',#11829,#5882);
#5035=LINE('',#11831,#5883);
#5036=LINE('',#11833,#5884);
#5037=LINE('',#11837,#5885);
#5038=LINE('',#11839,#5886);
#5039=LINE('',#11841,#5887);
#5040=LINE('',#11843,#5888);
#5041=LINE('',#11845,#5889);
#5042=LINE('',#11847,#5890);
#5043=LINE('',#11849,#5891);
#5044=LINE('',#11851,#5892);
#5045=LINE('',#11853,#5893);
#5046=LINE('',#11854,#5894);
#5047=LINE('',#11856,#5895);
#5048=LINE('',#11858,#5896);
#5049=LINE('',#11862,#5897);
#5050=LINE('',#11864,#5898);
#5051=LINE('',#11866,#5899);
#5052=LINE('',#11868,#5900);
#5053=LINE('',#11870,#5901);
#5054=LINE('',#11872,#5902);
#5055=LINE('',#11874,#5903);
#5056=LINE('',#11875,#5904);
#5057=LINE('',#11878,#5905);
#5058=LINE('',#11880,#5906);
#5059=LINE('',#11882,#5907);
#5060=LINE('',#11884,#5908);
#5061=LINE('',#11886,#5909);
#5062=LINE('',#11889,#5910);
#5063=LINE('',#11892,#5911);
#5064=LINE('',#11895,#5912);
#5065=LINE('',#11897,#5913);
#5066=LINE('',#11900,#5914);
#5067=LINE('',#11902,#5915);
#5068=LINE('',#11905,#5916);
#5069=LINE('',#11907,#5917);
#5070=LINE('',#11908,#5918);
#5071=LINE('',#11910,#5919);
#5072=LINE('',#11912,#5920);
#5073=LINE('',#11914,#5921);
#5074=LINE('',#11915,#5922);
#5075=LINE('',#11917,#5923);
#5076=LINE('',#11919,#5924);
#5077=LINE('',#11923,#5925);
#5078=LINE('',#11925,#5926);
#5079=LINE('',#11927,#5927);
#5080=LINE('',#11929,#5928);
#5081=LINE('',#11931,#5929);
#5082=LINE('',#11933,#5930);
#5083=LINE('',#11935,#5931);
#5084=LINE('',#11937,#5932);
#5085=LINE('',#11939,#5933);
#5086=LINE('',#11940,#5934);
#5087=LINE('',#11942,#5935);
#5088=LINE('',#11944,#5936);
#5089=LINE('',#11948,#5937);
#5090=LINE('',#11950,#5938);
#5091=LINE('',#11952,#5939);
#5092=LINE('',#11954,#5940);
#5093=LINE('',#11956,#5941);
#5094=LINE('',#11958,#5942);
#5095=LINE('',#11960,#5943);
#5096=LINE('',#11961,#5944);
#5097=LINE('',#11964,#5945);
#5098=LINE('',#11966,#5946);
#5099=LINE('',#11968,#5947);
#5100=LINE('',#11970,#5948);
#5101=LINE('',#11972,#5949);
#5102=LINE('',#11975,#5950);
#5103=LINE('',#11978,#5951);
#5104=LINE('',#11981,#5952);
#5105=LINE('',#11983,#5953);
#5106=LINE('',#11986,#5954);
#5107=LINE('',#11988,#5955);
#5108=LINE('',#11991,#5956);
#5109=LINE('',#11993,#5957);
#5110=LINE('',#11994,#5958);
#5111=LINE('',#11996,#5959);
#5112=LINE('',#11998,#5960);
#5113=LINE('',#12000,#5961);
#5114=LINE('',#12001,#5962);
#5115=LINE('',#12003,#5963);
#5116=LINE('',#12005,#5964);
#5117=LINE('',#12009,#5965);
#5118=LINE('',#12011,#5966);
#5119=LINE('',#12013,#5967);
#5120=LINE('',#12015,#5968);
#5121=LINE('',#12017,#5969);
#5122=LINE('',#12019,#5970);
#5123=LINE('',#12021,#5971);
#5124=LINE('',#12023,#5972);
#5125=LINE('',#12025,#5973);
#5126=LINE('',#12026,#5974);
#5127=LINE('',#12028,#5975);
#5128=LINE('',#12030,#5976);
#5129=LINE('',#12034,#5977);
#5130=LINE('',#12036,#5978);
#5131=LINE('',#12038,#5979);
#5132=LINE('',#12040,#5980);
#5133=LINE('',#12042,#5981);
#5134=LINE('',#12044,#5982);
#5135=LINE('',#12046,#5983);
#5136=LINE('',#12047,#5984);
#5137=LINE('',#12050,#5985);
#5138=LINE('',#12052,#5986);
#5139=LINE('',#12054,#5987);
#5140=LINE('',#12056,#5988);
#5141=LINE('',#12058,#5989);
#5142=LINE('',#12061,#5990);
#5143=LINE('',#12064,#5991);
#5144=LINE('',#12067,#5992);
#5145=LINE('',#12069,#5993);
#5146=LINE('',#12072,#5994);
#5147=LINE('',#12074,#5995);
#5148=LINE('',#12077,#5996);
#5149=LINE('',#12079,#5997);
#5150=LINE('',#12080,#5998);
#5151=LINE('',#12082,#5999);
#5152=LINE('',#12084,#6000);
#5153=LINE('',#12086,#6001);
#5154=LINE('',#12087,#6002);
#5155=LINE('',#12089,#6003);
#5156=LINE('',#12091,#6004);
#5157=LINE('',#12095,#6005);
#5158=LINE('',#12097,#6006);
#5159=LINE('',#12099,#6007);
#5160=LINE('',#12101,#6008);
#5161=LINE('',#12103,#6009);
#5162=LINE('',#12105,#6010);
#5163=LINE('',#12107,#6011);
#5164=LINE('',#12109,#6012);
#5165=LINE('',#12111,#6013);
#5166=LINE('',#12112,#6014);
#5167=LINE('',#12114,#6015);
#5168=LINE('',#12116,#6016);
#5169=LINE('',#12120,#6017);
#5170=LINE('',#12122,#6018);
#5171=LINE('',#12124,#6019);
#5172=LINE('',#12126,#6020);
#5173=LINE('',#12128,#6021);
#5174=LINE('',#12130,#6022);
#5175=LINE('',#12132,#6023);
#5176=LINE('',#12133,#6024);
#5177=LINE('',#12136,#6025);
#5178=LINE('',#12138,#6026);
#5179=LINE('',#12140,#6027);
#5180=LINE('',#12142,#6028);
#5181=LINE('',#12144,#6029);
#5182=LINE('',#12147,#6030);
#5183=LINE('',#12150,#6031);
#5184=LINE('',#12153,#6032);
#5185=LINE('',#12155,#6033);
#5186=LINE('',#12158,#6034);
#5187=LINE('',#12160,#6035);
#5188=LINE('',#12163,#6036);
#5189=LINE('',#12165,#6037);
#5190=LINE('',#12166,#6038);
#5191=LINE('',#12168,#6039);
#5192=LINE('',#12170,#6040);
#5193=LINE('',#12172,#6041);
#5194=LINE('',#12173,#6042);
#5195=LINE('',#12175,#6043);
#5196=LINE('',#12177,#6044);
#5197=LINE('',#12181,#6045);
#5198=LINE('',#12183,#6046);
#5199=LINE('',#12185,#6047);
#5200=LINE('',#12187,#6048);
#5201=LINE('',#12189,#6049);
#5202=LINE('',#12191,#6050);
#5203=LINE('',#12193,#6051);
#5204=LINE('',#12195,#6052);
#5205=LINE('',#12197,#6053);
#5206=LINE('',#12198,#6054);
#5207=LINE('',#12200,#6055);
#5208=LINE('',#12202,#6056);
#5209=LINE('',#12206,#6057);
#5210=LINE('',#12208,#6058);
#5211=LINE('',#12210,#6059);
#5212=LINE('',#12212,#6060);
#5213=LINE('',#12214,#6061);
#5214=LINE('',#12216,#6062);
#5215=LINE('',#12218,#6063);
#5216=LINE('',#12219,#6064);
#5217=LINE('',#12222,#6065);
#5218=LINE('',#12224,#6066);
#5219=LINE('',#12226,#6067);
#5220=LINE('',#12228,#6068);
#5221=LINE('',#12230,#6069);
#5222=LINE('',#12233,#6070);
#5223=LINE('',#12236,#6071);
#5224=LINE('',#12239,#6072);
#5225=LINE('',#12241,#6073);
#5226=LINE('',#12244,#6074);
#5227=LINE('',#12246,#6075);
#5228=LINE('',#12249,#6076);
#5229=LINE('',#12251,#6077);
#5230=LINE('',#12252,#6078);
#5231=LINE('',#12254,#6079);
#5232=LINE('',#12256,#6080);
#5233=LINE('',#12258,#6081);
#5234=LINE('',#12259,#6082);
#5235=LINE('',#12261,#6083);
#5236=LINE('',#12263,#6084);
#5237=LINE('',#12267,#6085);
#5238=LINE('',#12269,#6086);
#5239=LINE('',#12271,#6087);
#5240=LINE('',#12273,#6088);
#5241=LINE('',#12275,#6089);
#5242=LINE('',#12277,#6090);
#5243=LINE('',#12279,#6091);
#5244=LINE('',#12281,#6092);
#5245=LINE('',#12283,#6093);
#5246=LINE('',#12284,#6094);
#5247=LINE('',#12286,#6095);
#5248=LINE('',#12288,#6096);
#5249=LINE('',#12292,#6097);
#5250=LINE('',#12294,#6098);
#5251=LINE('',#12296,#6099);
#5252=LINE('',#12298,#6100);
#5253=LINE('',#12300,#6101);
#5254=LINE('',#12302,#6102);
#5255=LINE('',#12304,#6103);
#5256=LINE('',#12305,#6104);
#5257=LINE('',#12308,#6105);
#5258=LINE('',#12310,#6106);
#5259=LINE('',#12312,#6107);
#5260=LINE('',#12314,#6108);
#5261=LINE('',#12316,#6109);
#5262=LINE('',#12319,#6110);
#5263=LINE('',#12322,#6111);
#5264=LINE('',#12325,#6112);
#5265=LINE('',#12327,#6113);
#5266=LINE('',#12330,#6114);
#5267=LINE('',#12332,#6115);
#5268=LINE('',#12335,#6116);
#5269=LINE('',#12337,#6117);
#5270=LINE('',#12338,#6118);
#5271=LINE('',#12340,#6119);
#5272=LINE('',#12342,#6120);
#5273=LINE('',#12344,#6121);
#5274=LINE('',#12345,#6122);
#5275=LINE('',#12347,#6123);
#5276=LINE('',#12349,#6124);
#5277=LINE('',#12353,#6125);
#5278=LINE('',#12355,#6126);
#5279=LINE('',#12357,#6127);
#5280=LINE('',#12359,#6128);
#5281=LINE('',#12361,#6129);
#5282=LINE('',#12363,#6130);
#5283=LINE('',#12365,#6131);
#5284=LINE('',#12367,#6132);
#5285=LINE('',#12369,#6133);
#5286=LINE('',#12370,#6134);
#5287=LINE('',#12372,#6135);
#5288=LINE('',#12374,#6136);
#5289=LINE('',#12378,#6137);
#5290=LINE('',#12380,#6138);
#5291=LINE('',#12382,#6139);
#5292=LINE('',#12384,#6140);
#5293=LINE('',#12386,#6141);
#5294=LINE('',#12388,#6142);
#5295=LINE('',#12390,#6143);
#5296=LINE('',#12391,#6144);
#5297=LINE('',#12394,#6145);
#5298=LINE('',#12396,#6146);
#5299=LINE('',#12398,#6147);
#5300=LINE('',#12400,#6148);
#5301=LINE('',#12402,#6149);
#5302=LINE('',#12405,#6150);
#5303=LINE('',#12408,#6151);
#5304=LINE('',#12827,#6152);
#5305=LINE('',#12829,#6153);
#5306=LINE('',#12831,#6154);
#5307=LINE('',#12833,#6155);
#5308=LINE('',#12835,#6156);
#5309=LINE('',#12837,#6157);
#5310=LINE('',#12839,#6158);
#5311=LINE('',#12841,#6159);
#5312=LINE('',#12843,#6160);
#5313=LINE('',#12845,#6161);
#5314=LINE('',#12847,#6162);
#5315=LINE('',#12849,#6163);
#5316=LINE('',#12851,#6164);
#5317=LINE('',#12853,#6165);
#5318=LINE('',#12855,#6166);
#5319=LINE('',#12857,#6167);
#5320=VECTOR('',#8284,1.);
#5321=VECTOR('',#8285,1.);
#5322=VECTOR('',#8286,1.);
#5323=VECTOR('',#8287,1.);
#5324=VECTOR('',#8288,1.);
#5325=VECTOR('',#8291,1.);
#5326=VECTOR('',#8294,1.);
#5327=VECTOR('',#8295,1.);
#5328=VECTOR('',#8296,1.);
#5329=VECTOR('',#8297,1.);
#5330=VECTOR('',#8300,1.);
#5331=VECTOR('',#8301,1.);
#5332=VECTOR('',#8302,1.);
#5333=VECTOR('',#8305,1.);
#5334=VECTOR('',#8306,1.);
#5335=VECTOR('',#8307,1.);
#5336=VECTOR('',#8308,1.);
#5337=VECTOR('',#8311,1.);
#5338=VECTOR('',#8312,1.);
#5339=VECTOR('',#8313,1.);
#5340=VECTOR('',#8314,1.);
#5341=VECTOR('',#8315,1.);
#5342=VECTOR('',#8316,1.);
#5343=VECTOR('',#8317,1.);
#5344=VECTOR('',#8320,1.);
#5345=VECTOR('',#8321,1.);
#5346=VECTOR('',#8322,1.);
#5347=VECTOR('',#8325,1.);
#5348=VECTOR('',#8326,1.);
#5349=VECTOR('',#8327,1.);
#5350=VECTOR('',#8328,1.);
#5351=VECTOR('',#8331,1.);
#5352=VECTOR('',#8334,1.);
#5353=VECTOR('',#8335,1.);
#5354=VECTOR('',#8338,1.);
#5355=VECTOR('',#8339,1.);
#5356=VECTOR('',#8340,1.);
#5357=VECTOR('',#8343,1.);
#5358=VECTOR('',#8346,1.);
#5359=VECTOR('',#8347,1.);
#5360=VECTOR('',#8348,1.);
#5361=VECTOR('',#8349,1.);
#5362=VECTOR('',#8352,1.);
#5363=VECTOR('',#8353,1.);
#5364=VECTOR('',#8354,1.);
#5365=VECTOR('',#8357,1.);
#5366=VECTOR('',#8358,1.);
#5367=VECTOR('',#8359,1.);
#5368=VECTOR('',#8360,1.);
#5369=VECTOR('',#8361,1.);
#5370=VECTOR('',#8362,1.);
#5371=VECTOR('',#8365,1.);
#5372=VECTOR('',#8366,1.);
#5373=VECTOR('',#8367,1.);
#5374=VECTOR('',#8368,1.);
#5375=VECTOR('',#8369,1.);
#5376=VECTOR('',#8370,1.);
#5377=VECTOR('',#8371,1.);
#5378=VECTOR('',#8374,1.);
#5379=VECTOR('',#8375,1.);
#5380=VECTOR('',#8376,1.);
#5381=VECTOR('',#8379,1.);
#5382=VECTOR('',#8380,1.);
#5383=VECTOR('',#8381,1.);
#5384=VECTOR('',#8382,1.);
#5385=VECTOR('',#8385,1.);
#5386=VECTOR('',#8388,1.);
#5387=VECTOR('',#8389,1.);
#5388=VECTOR('',#8392,1.);
#5389=VECTOR('',#8393,1.);
#5390=VECTOR('',#8394,1.);
#5391=VECTOR('',#8397,1.);
#5392=VECTOR('',#8400,1.);
#5393=VECTOR('',#8401,1.);
#5394=VECTOR('',#8402,1.);
#5395=VECTOR('',#8403,1.);
#5396=VECTOR('',#8406,1.);
#5397=VECTOR('',#8407,1.);
#5398=VECTOR('',#8408,1.);
#5399=VECTOR('',#8411,1.);
#5400=VECTOR('',#8412,1.);
#5401=VECTOR('',#8413,1.);
#5402=VECTOR('',#8414,1.);
#5403=VECTOR('',#8415,1.);
#5404=VECTOR('',#8416,1.);
#5405=VECTOR('',#8419,1.);
#5406=VECTOR('',#8420,1.);
#5407=VECTOR('',#8421,1.);
#5408=VECTOR('',#8422,1.);
#5409=VECTOR('',#8423,1.);
#5410=VECTOR('',#8424,1.);
#5411=VECTOR('',#8425,1.);
#5412=VECTOR('',#8428,1.);
#5413=VECTOR('',#8429,1.);
#5414=VECTOR('',#8430,1.);
#5415=VECTOR('',#8433,1.);
#5416=VECTOR('',#8434,1.);
#5417=VECTOR('',#8435,1.);
#5418=VECTOR('',#8436,1.);
#5419=VECTOR('',#8439,1.);
#5420=VECTOR('',#8442,1.);
#5421=VECTOR('',#8443,1.);
#5422=VECTOR('',#8446,1.);
#5423=VECTOR('',#8447,1.);
#5424=VECTOR('',#8448,1.);
#5425=VECTOR('',#8451,1.);
#5426=VECTOR('',#8454,1.);
#5427=VECTOR('',#8455,1.);
#5428=VECTOR('',#8456,1.);
#5429=VECTOR('',#8457,1.);
#5430=VECTOR('',#8460,1.);
#5431=VECTOR('',#8461,1.);
#5432=VECTOR('',#8462,1.);
#5433=VECTOR('',#8465,1.);
#5434=VECTOR('',#8466,1.);
#5435=VECTOR('',#8467,1.);
#5436=VECTOR('',#8468,1.);
#5437=VECTOR('',#8469,1.);
#5438=VECTOR('',#8470,1.);
#5439=VECTOR('',#8473,1.);
#5440=VECTOR('',#8474,1.);
#5441=VECTOR('',#8475,1.);
#5442=VECTOR('',#8476,1.);
#5443=VECTOR('',#8477,1.);
#5444=VECTOR('',#8478,1.);
#5445=VECTOR('',#8479,1.);
#5446=VECTOR('',#8482,1.);
#5447=VECTOR('',#8483,1.);
#5448=VECTOR('',#8484,1.);
#5449=VECTOR('',#8487,1.);
#5450=VECTOR('',#8488,1.);
#5451=VECTOR('',#8489,1.);
#5452=VECTOR('',#8490,1.);
#5453=VECTOR('',#8493,1.);
#5454=VECTOR('',#8496,1.);
#5455=VECTOR('',#8497,1.);
#5456=VECTOR('',#8500,1.);
#5457=VECTOR('',#8503,1.);
#5458=VECTOR('',#8506,1.);
#5459=VECTOR('',#8509,1.);
#5460=VECTOR('',#8512,1.);
#5461=VECTOR('',#8515,1.);
#5462=VECTOR('',#8518,1.);
#5463=VECTOR('',#8521,1.);
#5464=VECTOR('',#8526,1.);
#5465=VECTOR('',#8531,1.);
#5466=VECTOR('',#8536,1.);
#5467=VECTOR('',#8541,1.);
#5468=VECTOR('',#8546,1.);
#5469=VECTOR('',#8551,1.);
#5470=VECTOR('',#8556,1.);
#5471=VECTOR('',#8561,1.);
#5472=VECTOR('',#8566,1.);
#5473=VECTOR('',#8569,1.);
#5474=VECTOR('',#8570,1.);
#5475=VECTOR('',#8571,1.);
#5476=VECTOR('',#8572,1.);
#5477=VECTOR('',#8573,1.);
#5478=VECTOR('',#8574,1.);
#5479=VECTOR('',#8577,1.);
#5480=VECTOR('',#8580,1.);
#5481=VECTOR('',#8581,1.);
#5482=VECTOR('',#8582,1.);
#5483=VECTOR('',#8583,1.);
#5484=VECTOR('',#8584,1.);
#5485=VECTOR('',#8585,1.);
#5486=VECTOR('',#8590,1.);
#5487=VECTOR('',#8591,1.);
#5488=VECTOR('',#8592,1.);
#5489=VECTOR('',#8593,1.);
#5490=VECTOR('',#8594,1.);
#5491=VECTOR('',#8597,1.);
#5492=VECTOR('',#8598,1.);
#5493=VECTOR('',#8599,1.);
#5494=VECTOR('',#8600,1.);
#5495=VECTOR('',#8601,1.);
#5496=VECTOR('',#8602,1.);
#5497=VECTOR('',#8603,1.);
#5498=VECTOR('',#8606,1.);
#5499=VECTOR('',#8609,1.);
#5500=VECTOR('',#8612,1.);
#5501=VECTOR('',#8613,1.);
#5502=VECTOR('',#8614,1.);
#5503=VECTOR('',#8615,1.);
#5504=VECTOR('',#8616,1.);
#5505=VECTOR('',#8617,1.);
#5506=VECTOR('',#8620,1.);
#5507=VECTOR('',#8621,1.);
#5508=VECTOR('',#8622,1.);
#5509=VECTOR('',#8623,1.);
#5510=VECTOR('',#8624,1.);
#5511=VECTOR('',#8625,1.);
#5512=VECTOR('',#8628,1.);
#5513=VECTOR('',#8629,1.);
#5514=VECTOR('',#8632,1.);
#5515=VECTOR('',#8635,1.);
#5516=VECTOR('',#8636,1.);
#5517=VECTOR('',#8639,1.);
#5518=VECTOR('',#8640,1.);
#5519=VECTOR('',#8641,1.);
#5520=VECTOR('',#8644,1.);
#5521=VECTOR('',#8645,1.);
#5522=VECTOR('',#8648,1.);
#5523=VECTOR('',#8649,1.);
#5524=VECTOR('',#8650,1.);
#5525=VECTOR('',#8651,1.);
#5526=VECTOR('',#8652,1.);
#5527=VECTOR('',#8655,1.);
#5528=VECTOR('',#8658,1.);
#5529=VECTOR('',#8659,1.);
#5530=VECTOR('',#8660,1.);
#5531=VECTOR('',#8661,1.);
#5532=VECTOR('',#8662,1.);
#5533=VECTOR('',#8665,1.);
#5534=VECTOR('',#8668,1.);
#5535=VECTOR('',#8669,1.);
#5536=VECTOR('',#8670,1.);
#5537=VECTOR('',#8671,1.);
#5538=VECTOR('',#8672,1.);
#5539=VECTOR('',#8673,1.);
#5540=VECTOR('',#8678,1.);
#5541=VECTOR('',#8679,1.);
#5542=VECTOR('',#8680,1.);
#5543=VECTOR('',#8683,1.);
#5544=VECTOR('',#8684,1.);
#5545=VECTOR('',#8685,1.);
#5546=VECTOR('',#8686,1.);
#5547=VECTOR('',#8687,1.);
#5548=VECTOR('',#8688,1.);
#5549=VECTOR('',#8689,1.);
#5550=VECTOR('',#8692,1.);
#5551=VECTOR('',#8693,1.);
#5552=VECTOR('',#8694,1.);
#5553=VECTOR('',#8697,1.);
#5554=VECTOR('',#8698,1.);
#5555=VECTOR('',#8701,1.);
#5556=VECTOR('',#8704,1.);
#5557=VECTOR('',#8705,1.);
#5558=VECTOR('',#8708,1.);
#5559=VECTOR('',#8709,1.);
#5560=VECTOR('',#8710,1.);
#5561=VECTOR('',#8713,1.);
#5562=VECTOR('',#8714,1.);
#5563=VECTOR('',#8717,1.);
#5564=VECTOR('',#8718,1.);
#5565=VECTOR('',#8719,1.);
#5566=VECTOR('',#8720,1.);
#5567=VECTOR('',#8721,1.);
#5568=VECTOR('',#8724,1.);
#5569=VECTOR('',#8727,1.);
#5570=VECTOR('',#8728,1.);
#5571=VECTOR('',#8729,1.);
#5572=VECTOR('',#8730,1.);
#5573=VECTOR('',#8731,1.);
#5574=VECTOR('',#8734,1.);
#5575=VECTOR('',#8737,1.);
#5576=VECTOR('',#8738,1.);
#5577=VECTOR('',#8739,1.);
#5578=VECTOR('',#8740,1.);
#5579=VECTOR('',#8741,1.);
#5580=VECTOR('',#8742,1.);
#5581=VECTOR('',#8745,1.);
#5582=VECTOR('',#8748,1.);
#5583=VECTOR('',#8749,1.);
#5584=VECTOR('',#8750,1.);
#5585=VECTOR('',#8751,1.);
#5586=VECTOR('',#8752,1.);
#5587=VECTOR('',#8753,1.);
#5588=VECTOR('',#8756,1.);
#5589=VECTOR('',#8757,1.);
#5590=VECTOR('',#8758,1.);
#5591=VECTOR('',#8759,1.);
#5592=VECTOR('',#8760,1.);
#5593=VECTOR('',#8761,1.);
#5594=VECTOR('',#8764,1.);
#5595=VECTOR('',#8765,1.);
#5596=VECTOR('',#8768,1.);
#5597=VECTOR('',#8771,1.);
#5598=VECTOR('',#8772,1.);
#5599=VECTOR('',#8775,1.);
#5600=VECTOR('',#8776,1.);
#5601=VECTOR('',#8777,1.);
#5602=VECTOR('',#8780,1.);
#5603=VECTOR('',#8781,1.);
#5604=VECTOR('',#8784,1.);
#5605=VECTOR('',#8785,1.);
#5606=VECTOR('',#8786,1.);
#5607=VECTOR('',#8787,1.);
#5608=VECTOR('',#8788,1.);
#5609=VECTOR('',#8791,1.);
#5610=VECTOR('',#8794,1.);
#5611=VECTOR('',#8795,1.);
#5612=VECTOR('',#8796,1.);
#5613=VECTOR('',#8797,1.);
#5614=VECTOR('',#8798,1.);
#5615=VECTOR('',#8801,1.);
#5616=VECTOR('',#8804,1.);
#5617=VECTOR('',#8805,1.);
#5618=VECTOR('',#8806,1.);
#5619=VECTOR('',#8807,1.);
#5620=VECTOR('',#8808,1.);
#5621=VECTOR('',#8809,1.);
#5622=VECTOR('',#8814,1.);
#5623=VECTOR('',#8815,1.);
#5624=VECTOR('',#8816,1.);
#5625=VECTOR('',#8819,1.);
#5626=VECTOR('',#8820,1.);
#5627=VECTOR('',#8821,1.);
#5628=VECTOR('',#8822,1.);
#5629=VECTOR('',#8823,1.);
#5630=VECTOR('',#8824,1.);
#5631=VECTOR('',#8825,1.);
#5632=VECTOR('',#8828,1.);
#5633=VECTOR('',#8829,1.);
#5634=VECTOR('',#8830,1.);
#5635=VECTOR('',#8833,1.);
#5636=VECTOR('',#8834,1.);
#5637=VECTOR('',#8837,1.);
#5638=VECTOR('',#8840,1.);
#5639=VECTOR('',#8841,1.);
#5640=VECTOR('',#8844,1.);
#5641=VECTOR('',#8845,1.);
#5642=VECTOR('',#8846,1.);
#5643=VECTOR('',#8849,1.);
#5644=VECTOR('',#8850,1.);
#5645=VECTOR('',#8853,1.);
#5646=VECTOR('',#8854,1.);
#5647=VECTOR('',#8855,1.);
#5648=VECTOR('',#8856,1.);
#5649=VECTOR('',#8857,1.);
#5650=VECTOR('',#8860,1.);
#5651=VECTOR('',#8863,1.);
#5652=VECTOR('',#8864,1.);
#5653=VECTOR('',#8865,1.);
#5654=VECTOR('',#8866,1.);
#5655=VECTOR('',#8867,1.);
#5656=VECTOR('',#8870,1.);
#5657=VECTOR('',#8873,1.);
#5658=VECTOR('',#8874,1.);
#5659=VECTOR('',#8875,1.);
#5660=VECTOR('',#8876,1.);
#5661=VECTOR('',#8877,1.);
#5662=VECTOR('',#8878,1.);
#5663=VECTOR('',#8881,1.);
#5664=VECTOR('',#8884,1.);
#5665=VECTOR('',#8885,1.);
#5666=VECTOR('',#8886,1.);
#5667=VECTOR('',#8887,1.);
#5668=VECTOR('',#8888,1.);
#5669=VECTOR('',#8889,1.);
#5670=VECTOR('',#8892,1.);
#5671=VECTOR('',#8893,1.);
#5672=VECTOR('',#8894,1.);
#5673=VECTOR('',#8895,1.);
#5674=VECTOR('',#8896,1.);
#5675=VECTOR('',#8897,1.);
#5676=VECTOR('',#8900,1.);
#5677=VECTOR('',#8901,1.);
#5678=VECTOR('',#8904,1.);
#5679=VECTOR('',#8907,1.);
#5680=VECTOR('',#8908,1.);
#5681=VECTOR('',#8911,1.);
#5682=VECTOR('',#8912,1.);
#5683=VECTOR('',#8913,1.);
#5684=VECTOR('',#8916,1.);
#5685=VECTOR('',#8917,1.);
#5686=VECTOR('',#8920,1.);
#5687=VECTOR('',#8921,1.);
#5688=VECTOR('',#8922,1.);
#5689=VECTOR('',#8923,1.);
#5690=VECTOR('',#8924,1.);
#5691=VECTOR('',#8927,1.);
#5692=VECTOR('',#8930,1.);
#5693=VECTOR('',#8931,1.);
#5694=VECTOR('',#8932,1.);
#5695=VECTOR('',#8933,1.);
#5696=VECTOR('',#8934,1.);
#5697=VECTOR('',#8937,1.);
#5698=VECTOR('',#8940,1.);
#5699=VECTOR('',#8941,1.);
#5700=VECTOR('',#8942,1.);
#5701=VECTOR('',#8943,1.);
#5702=VECTOR('',#8944,1.);
#5703=VECTOR('',#8945,1.);
#5704=VECTOR('',#8950,1.);
#5705=VECTOR('',#8951,1.);
#5706=VECTOR('',#8952,1.);
#5707=VECTOR('',#8955,1.);
#5708=VECTOR('',#8956,1.);
#5709=VECTOR('',#8957,1.);
#5710=VECTOR('',#8958,1.);
#5711=VECTOR('',#8959,1.);
#5712=VECTOR('',#8960,1.);
#5713=VECTOR('',#8961,1.);
#5714=VECTOR('',#8964,1.);
#5715=VECTOR('',#8965,1.);
#5716=VECTOR('',#8966,1.);
#5717=VECTOR('',#8969,1.);
#5718=VECTOR('',#8970,1.);
#5719=VECTOR('',#8973,1.);
#5720=VECTOR('',#8976,1.);
#5721=VECTOR('',#8977,1.);
#5722=VECTOR('',#8980,1.);
#5723=VECTOR('',#8981,1.);
#5724=VECTOR('',#8982,1.);
#5725=VECTOR('',#8985,1.);
#5726=VECTOR('',#8986,1.);
#5727=VECTOR('',#8989,1.);
#5728=VECTOR('',#8990,1.);
#5729=VECTOR('',#8991,1.);
#5730=VECTOR('',#8992,1.);
#5731=VECTOR('',#8993,1.);
#5732=VECTOR('',#8996,1.);
#5733=VECTOR('',#8999,1.);
#5734=VECTOR('',#9000,1.);
#5735=VECTOR('',#9001,1.);
#5736=VECTOR('',#9002,1.);
#5737=VECTOR('',#9003,1.);
#5738=VECTOR('',#9006,1.);
#5739=VECTOR('',#9009,1.);
#5740=VECTOR('',#9010,1.);
#5741=VECTOR('',#9011,1.);
#5742=VECTOR('',#9012,1.);
#5743=VECTOR('',#9013,1.);
#5744=VECTOR('',#9014,1.);
#5745=VECTOR('',#9017,1.);
#5746=VECTOR('',#9020,1.);
#5747=VECTOR('',#9021,1.);
#5748=VECTOR('',#9022,1.);
#5749=VECTOR('',#9023,1.);
#5750=VECTOR('',#9024,1.);
#5751=VECTOR('',#9025,1.);
#5752=VECTOR('',#9028,1.);
#5753=VECTOR('',#9029,1.);
#5754=VECTOR('',#9030,1.);
#5755=VECTOR('',#9031,1.);
#5756=VECTOR('',#9032,1.);
#5757=VECTOR('',#9033,1.);
#5758=VECTOR('',#9036,1.);
#5759=VECTOR('',#9037,1.);
#5760=VECTOR('',#9040,1.);
#5761=VECTOR('',#9043,1.);
#5762=VECTOR('',#9044,1.);
#5763=VECTOR('',#9047,1.);
#5764=VECTOR('',#9048,1.);
#5765=VECTOR('',#9049,1.);
#5766=VECTOR('',#9052,1.);
#5767=VECTOR('',#9053,1.);
#5768=VECTOR('',#9056,1.);
#5769=VECTOR('',#9057,1.);
#5770=VECTOR('',#9058,1.);
#5771=VECTOR('',#9059,1.);
#5772=VECTOR('',#9060,1.);
#5773=VECTOR('',#9063,1.);
#5774=VECTOR('',#9066,1.);
#5775=VECTOR('',#9067,1.);
#5776=VECTOR('',#9068,1.);
#5777=VECTOR('',#9069,1.);
#5778=VECTOR('',#9070,1.);
#5779=VECTOR('',#9073,1.);
#5780=VECTOR('',#9076,1.);
#5781=VECTOR('',#9077,1.);
#5782=VECTOR('',#9078,1.);
#5783=VECTOR('',#9079,1.);
#5784=VECTOR('',#9080,1.);
#5785=VECTOR('',#9083,1.);
#5786=VECTOR('',#9084,1.);
#5787=VECTOR('',#9087,1.);
#5788=VECTOR('',#9090,1.);
#5789=VECTOR('',#9091,1.);
#5790=VECTOR('',#9094,1.);
#5791=VECTOR('',#9095,1.);
#5792=VECTOR('',#9096,1.);
#5793=VECTOR('',#9099,1.);
#5794=VECTOR('',#9100,1.);
#5795=VECTOR('',#9127,1.);
#5796=VECTOR('',#9128,1.);
#5797=VECTOR('',#9129,1.);
#5798=VECTOR('',#9130,1.);
#5799=VECTOR('',#9131,1.);
#5800=VECTOR('',#9134,1.);
#5801=VECTOR('',#9135,1.);
#5802=VECTOR('',#9138,1.);
#5803=VECTOR('',#9139,1.);
#5804=VECTOR('',#9142,1.);
#5805=VECTOR('',#9143,1.);
#5806=VECTOR('',#9146,1.);
#5807=VECTOR('',#9147,1.);
#5808=VECTOR('',#9150,1.);
#5809=VECTOR('',#9151,1.);
#5810=VECTOR('',#9154,1.);
#5811=VECTOR('',#9155,1.);
#5812=VECTOR('',#9158,1.);
#5813=VECTOR('',#9159,1.);
#5814=VECTOR('',#9162,1.);
#5815=VECTOR('',#9163,1.);
#5816=VECTOR('',#9166,1.);
#5817=VECTOR('',#9167,1.);
#5818=VECTOR('',#9170,1.);
#5819=VECTOR('',#9171,1.);
#5820=VECTOR('',#9174,1.);
#5821=VECTOR('',#9175,1.);
#5822=VECTOR('',#9178,1.);
#5823=VECTOR('',#9179,1.);
#5824=VECTOR('',#9182,1.);
#5825=VECTOR('',#9183,1.);
#5826=VECTOR('',#9186,1.);
#5827=VECTOR('',#9187,1.);
#5828=VECTOR('',#9190,1.);
#5829=VECTOR('',#9191,1.);
#5830=VECTOR('',#9194,1.);
#5831=VECTOR('',#9195,1.);
#5832=VECTOR('',#9222,1.);
#5833=VECTOR('',#9225,1.);
#5834=VECTOR('',#9228,1.);
#5835=VECTOR('',#9231,1.);
#5836=VECTOR('',#9232,1.);
#5837=VECTOR('',#9233,1.);
#5838=VECTOR('',#9234,1.);
#5839=VECTOR('',#9235,1.);
#5840=VECTOR('',#9238,1.);
#5841=VECTOR('',#9239,1.);
#5842=VECTOR('',#9240,1.);
#5843=VECTOR('',#9241,1.);
#5844=VECTOR('',#9244,1.);
#5845=VECTOR('',#9249,1.);
#5846=VECTOR('',#9250,1.);
#5847=VECTOR('',#9251,1.);
#5848=VECTOR('',#9252,1.);
#5849=VECTOR('',#9255,1.);
#5850=VECTOR('',#9256,1.);
#5851=VECTOR('',#9257,1.);
#5852=VECTOR('',#9260,1.);
#5853=VECTOR('',#9261,1.);
#5854=VECTOR('',#9262,1.);
#5855=VECTOR('',#9263,1.);
#5856=VECTOR('',#9266,1.);
#5857=VECTOR('',#9271,1.);
#5858=VECTOR('',#9272,1.);
#5859=VECTOR('',#9273,1.);
#5860=VECTOR('',#9274,1.);
#5861=VECTOR('',#9277,1.);
#5862=VECTOR('',#9278,1.);
#5863=VECTOR('',#9279,1.);
#5864=VECTOR('',#9280,1.);
#5865=VECTOR('',#9285,1.);
#5866=VECTOR('',#9288,1.);
#5867=VECTOR('',#9291,1.);
#5868=VECTOR('',#9294,1.);
#5869=VECTOR('',#9297,1.);
#5870=VECTOR('',#9302,1.);
#5871=VECTOR('',#9307,1.);
#5872=VECTOR('',#9312,1.);
#5873=VECTOR('',#9315,1.);
#5874=VECTOR('',#9318,1.);
#5875=VECTOR('',#9321,1.);
#5876=VECTOR('',#9322,1.);
#5877=VECTOR('',#9323,1.);
#5878=VECTOR('',#9324,1.);
#5879=VECTOR('',#9325,1.);
#5880=VECTOR('',#9328,1.);
#5881=VECTOR('',#9329,1.);
#5882=VECTOR('',#9330,1.);
#5883=VECTOR('',#9331,1.);
#5884=VECTOR('',#9334,1.);
#5885=VECTOR('',#9339,1.);
#5886=VECTOR('',#9340,1.);
#5887=VECTOR('',#9341,1.);
#5888=VECTOR('',#9342,1.);
#5889=VECTOR('',#9345,1.);
#5890=VECTOR('',#9346,1.);
#5891=VECTOR('',#9347,1.);
#5892=VECTOR('',#9350,1.);
#5893=VECTOR('',#9351,1.);
#5894=VECTOR('',#9352,1.);
#5895=VECTOR('',#9353,1.);
#5896=VECTOR('',#9356,1.);
#5897=VECTOR('',#9361,1.);
#5898=VECTOR('',#9362,1.);
#5899=VECTOR('',#9363,1.);
#5900=VECTOR('',#9364,1.);
#5901=VECTOR('',#9367,1.);
#5902=VECTOR('',#9368,1.);
#5903=VECTOR('',#9369,1.);
#5904=VECTOR('',#9370,1.);
#5905=VECTOR('',#9375,1.);
#5906=VECTOR('',#9378,1.);
#5907=VECTOR('',#9381,1.);
#5908=VECTOR('',#9384,1.);
#5909=VECTOR('',#9387,1.);
#5910=VECTOR('',#9392,1.);
#5911=VECTOR('',#9397,1.);
#5912=VECTOR('',#9402,1.);
#5913=VECTOR('',#9405,1.);
#5914=VECTOR('',#9408,1.);
#5915=VECTOR('',#9411,1.);
#5916=VECTOR('',#9412,1.);
#5917=VECTOR('',#9413,1.);
#5918=VECTOR('',#9414,1.);
#5919=VECTOR('',#9415,1.);
#5920=VECTOR('',#9418,1.);
#5921=VECTOR('',#9419,1.);
#5922=VECTOR('',#9420,1.);
#5923=VECTOR('',#9421,1.);
#5924=VECTOR('',#9424,1.);
#5925=VECTOR('',#9429,1.);
#5926=VECTOR('',#9430,1.);
#5927=VECTOR('',#9431,1.);
#5928=VECTOR('',#9432,1.);
#5929=VECTOR('',#9435,1.);
#5930=VECTOR('',#9436,1.);
#5931=VECTOR('',#9437,1.);
#5932=VECTOR('',#9440,1.);
#5933=VECTOR('',#9441,1.);
#5934=VECTOR('',#9442,1.);
#5935=VECTOR('',#9443,1.);
#5936=VECTOR('',#9446,1.);
#5937=VECTOR('',#9451,1.);
#5938=VECTOR('',#9452,1.);
#5939=VECTOR('',#9453,1.);
#5940=VECTOR('',#9454,1.);
#5941=VECTOR('',#9457,1.);
#5942=VECTOR('',#9458,1.);
#5943=VECTOR('',#9459,1.);
#5944=VECTOR('',#9460,1.);
#5945=VECTOR('',#9465,1.);
#5946=VECTOR('',#9468,1.);
#5947=VECTOR('',#9471,1.);
#5948=VECTOR('',#9474,1.);
#5949=VECTOR('',#9477,1.);
#5950=VECTOR('',#9482,1.);
#5951=VECTOR('',#9487,1.);
#5952=VECTOR('',#9492,1.);
#5953=VECTOR('',#9495,1.);
#5954=VECTOR('',#9498,1.);
#5955=VECTOR('',#9501,1.);
#5956=VECTOR('',#9502,1.);
#5957=VECTOR('',#9503,1.);
#5958=VECTOR('',#9504,1.);
#5959=VECTOR('',#9505,1.);
#5960=VECTOR('',#9508,1.);
#5961=VECTOR('',#9509,1.);
#5962=VECTOR('',#9510,1.);
#5963=VECTOR('',#9511,1.);
#5964=VECTOR('',#9514,1.);
#5965=VECTOR('',#9519,1.);
#5966=VECTOR('',#9520,1.);
#5967=VECTOR('',#9521,1.);
#5968=VECTOR('',#9522,1.);
#5969=VECTOR('',#9525,1.);
#5970=VECTOR('',#9526,1.);
#5971=VECTOR('',#9527,1.);
#5972=VECTOR('',#9530,1.);
#5973=VECTOR('',#9531,1.);
#5974=VECTOR('',#9532,1.);
#5975=VECTOR('',#9533,1.);
#5976=VECTOR('',#9536,1.);
#5977=VECTOR('',#9541,1.);
#5978=VECTOR('',#9542,1.);
#5979=VECTOR('',#9543,1.);
#5980=VECTOR('',#9544,1.);
#5981=VECTOR('',#9547,1.);
#5982=VECTOR('',#9548,1.);
#5983=VECTOR('',#9549,1.);
#5984=VECTOR('',#9550,1.);
#5985=VECTOR('',#9555,1.);
#5986=VECTOR('',#9558,1.);
#5987=VECTOR('',#9561,1.);
#5988=VECTOR('',#9564,1.);
#5989=VECTOR('',#9567,1.);
#5990=VECTOR('',#9572,1.);
#5991=VECTOR('',#9577,1.);
#5992=VECTOR('',#9582,1.);
#5993=VECTOR('',#9585,1.);
#5994=VECTOR('',#9588,1.);
#5995=VECTOR('',#9591,1.);
#5996=VECTOR('',#9592,1.);
#5997=VECTOR('',#9593,1.);
#5998=VECTOR('',#9594,1.);
#5999=VECTOR('',#9595,1.);
#6000=VECTOR('',#9598,1.);
#6001=VECTOR('',#9599,1.);
#6002=VECTOR('',#9600,1.);
#6003=VECTOR('',#9601,1.);
#6004=VECTOR('',#9604,1.);
#6005=VECTOR('',#9609,1.);
#6006=VECTOR('',#9610,1.);
#6007=VECTOR('',#9611,1.);
#6008=VECTOR('',#9612,1.);
#6009=VECTOR('',#9615,1.);
#6010=VECTOR('',#9616,1.);
#6011=VECTOR('',#9617,1.);
#6012=VECTOR('',#9620,1.);
#6013=VECTOR('',#9621,1.);
#6014=VECTOR('',#9622,1.);
#6015=VECTOR('',#9623,1.);
#6016=VECTOR('',#9626,1.);
#6017=VECTOR('',#9631,1.);
#6018=VECTOR('',#9632,1.);
#6019=VECTOR('',#9633,1.);
#6020=VECTOR('',#9634,1.);
#6021=VECTOR('',#9637,1.);
#6022=VECTOR('',#9638,1.);
#6023=VECTOR('',#9639,1.);
#6024=VECTOR('',#9640,1.);
#6025=VECTOR('',#9645,1.);
#6026=VECTOR('',#9648,1.);
#6027=VECTOR('',#9651,1.);
#6028=VECTOR('',#9654,1.);
#6029=VECTOR('',#9657,1.);
#6030=VECTOR('',#9662,1.);
#6031=VECTOR('',#9667,1.);
#6032=VECTOR('',#9672,1.);
#6033=VECTOR('',#9675,1.);
#6034=VECTOR('',#9678,1.);
#6035=VECTOR('',#9681,1.);
#6036=VECTOR('',#9682,1.);
#6037=VECTOR('',#9683,1.);
#6038=VECTOR('',#9684,1.);
#6039=VECTOR('',#9685,1.);
#6040=VECTOR('',#9688,1.);
#6041=VECTOR('',#9689,1.);
#6042=VECTOR('',#9690,1.);
#6043=VECTOR('',#9691,1.);
#6044=VECTOR('',#9694,1.);
#6045=VECTOR('',#9699,1.);
#6046=VECTOR('',#9700,1.);
#6047=VECTOR('',#9701,1.);
#6048=VECTOR('',#9702,1.);
#6049=VECTOR('',#9705,1.);
#6050=VECTOR('',#9706,1.);
#6051=VECTOR('',#9707,1.);
#6052=VECTOR('',#9710,1.);
#6053=VECTOR('',#9711,1.);
#6054=VECTOR('',#9712,1.);
#6055=VECTOR('',#9713,1.);
#6056=VECTOR('',#9716,1.);
#6057=VECTOR('',#9721,1.);
#6058=VECTOR('',#9722,1.);
#6059=VECTOR('',#9723,1.);
#6060=VECTOR('',#9724,1.);
#6061=VECTOR('',#9727,1.);
#6062=VECTOR('',#9728,1.);
#6063=VECTOR('',#9729,1.);
#6064=VECTOR('',#9730,1.);
#6065=VECTOR('',#9735,1.);
#6066=VECTOR('',#9738,1.);
#6067=VECTOR('',#9741,1.);
#6068=VECTOR('',#9744,1.);
#6069=VECTOR('',#9747,1.);
#6070=VECTOR('',#9752,1.);
#6071=VECTOR('',#9757,1.);
#6072=VECTOR('',#9762,1.);
#6073=VECTOR('',#9765,1.);
#6074=VECTOR('',#9768,1.);
#6075=VECTOR('',#9771,1.);
#6076=VECTOR('',#9772,1.);
#6077=VECTOR('',#9773,1.);
#6078=VECTOR('',#9774,1.);
#6079=VECTOR('',#9775,1.);
#6080=VECTOR('',#9778,1.);
#6081=VECTOR('',#9779,1.);
#6082=VECTOR('',#9780,1.);
#6083=VECTOR('',#9781,1.);
#6084=VECTOR('',#9784,1.);
#6085=VECTOR('',#9789,1.);
#6086=VECTOR('',#9790,1.);
#6087=VECTOR('',#9791,1.);
#6088=VECTOR('',#9792,1.);
#6089=VECTOR('',#9795,1.);
#6090=VECTOR('',#9796,1.);
#6091=VECTOR('',#9797,1.);
#6092=VECTOR('',#9800,1.);
#6093=VECTOR('',#9801,1.);
#6094=VECTOR('',#9802,1.);
#6095=VECTOR('',#9803,1.);
#6096=VECTOR('',#9806,1.);
#6097=VECTOR('',#9811,1.);
#6098=VECTOR('',#9812,1.);
#6099=VECTOR('',#9813,1.);
#6100=VECTOR('',#9814,1.);
#6101=VECTOR('',#9817,1.);
#6102=VECTOR('',#9818,1.);
#6103=VECTOR('',#9819,1.);
#6104=VECTOR('',#9820,1.);
#6105=VECTOR('',#9825,1.);
#6106=VECTOR('',#9828,1.);
#6107=VECTOR('',#9831,1.);
#6108=VECTOR('',#9834,1.);
#6109=VECTOR('',#9837,1.);
#6110=VECTOR('',#9842,1.);
#6111=VECTOR('',#9847,1.);
#6112=VECTOR('',#9852,1.);
#6113=VECTOR('',#9855,1.);
#6114=VECTOR('',#9858,1.);
#6115=VECTOR('',#9861,1.);
#6116=VECTOR('',#9862,1.);
#6117=VECTOR('',#9863,1.);
#6118=VECTOR('',#9864,1.);
#6119=VECTOR('',#9865,1.);
#6120=VECTOR('',#9868,1.);
#6121=VECTOR('',#9869,1.);
#6122=VECTOR('',#9870,1.);
#6123=VECTOR('',#9871,1.);
#6124=VECTOR('',#9874,1.);
#6125=VECTOR('',#9879,1.);
#6126=VECTOR('',#9880,1.);
#6127=VECTOR('',#9881,1.);
#6128=VECTOR('',#9882,1.);
#6129=VECTOR('',#9885,1.);
#6130=VECTOR('',#9886,1.);
#6131=VECTOR('',#9887,1.);
#6132=VECTOR('',#9890,1.);
#6133=VECTOR('',#9891,1.);
#6134=VECTOR('',#9892,1.);
#6135=VECTOR('',#9893,1.);
#6136=VECTOR('',#9896,1.);
#6137=VECTOR('',#9901,1.);
#6138=VECTOR('',#9902,1.);
#6139=VECTOR('',#9903,1.);
#6140=VECTOR('',#9904,1.);
#6141=VECTOR('',#9907,1.);
#6142=VECTOR('',#9908,1.);
#6143=VECTOR('',#9909,1.);
#6144=VECTOR('',#9910,1.);
#6145=VECTOR('',#9915,1.);
#6146=VECTOR('',#9918,1.);
#6147=VECTOR('',#9921,1.);
#6148=VECTOR('',#9924,1.);
#6149=VECTOR('',#9927,1.);
#6150=VECTOR('',#9932,1.);
#6151=VECTOR('',#9937,1.);
#6152=VECTOR('',#10182,1.);
#6153=VECTOR('',#10183,1.);
#6154=VECTOR('',#10186,1.);
#6155=VECTOR('',#10187,1.);
#6156=VECTOR('',#10190,1.);
#6157=VECTOR('',#10191,1.);
#6158=VECTOR('',#10194,1.);
#6159=VECTOR('',#10195,1.);
#6160=VECTOR('',#10198,1.);
#6161=VECTOR('',#10199,1.);
#6162=VECTOR('',#10202,1.);
#6163=VECTOR('',#10203,1.);
#6164=VECTOR('',#10206,1.);
#6165=VECTOR('',#10207,1.);
#6166=VECTOR('',#10210,1.);
#6167=VECTOR('',#10211,1.);
#6168=EDGE_LOOP('',(#420,#421,#422,#423,#424,#425,#426,#427,#428,#429,#430,
#431,#432,#433,#434,#435,#436,#437,#438,#439,#440));
#6169=EDGE_LOOP('',(#441,#442,#443,#444,#445,#446,#447,#448,#449,#450,#451,
#452,#453,#454,#455,#456,#457,#458,#459,#460,#461));
#6170=EDGE_LOOP('',(#462,#463,#464,#465,#466,#467,#468,#469,#470,#471,#472,
#473,#474,#475,#476,#477,#478,#479,#480,#481,#482));
#6171=EDGE_LOOP('',(#483,#484,#485,#486,#487,#488,#489,#490,#491,#492,#493,
#494,#495,#496,#497,#498,#499,#500,#501,#502,#503));
#6172=EDGE_LOOP('',(#504,#505,#506,#507,#508,#509,#510,#511,#512,#513,#514,
#515,#516,#517,#518,#519,#520,#521,#522,#523,#524));
#6173=EDGE_LOOP('',(#525,#526,#527,#528,#529,#530,#531,#532,#533,#534,#535,
#536,#537,#538,#539,#540,#541,#542,#543,#544,#545));
#6174=EDGE_LOOP('',(#546,#547,#548,#549,#550,#551,#552,#553,#554,#555,#556,
#557,#558,#559,#560,#561,#562,#563,#564,#565,#566));
#6175=EDGE_LOOP('',(#567,#568,#569,#570,#571,#572,#573,#574,#575,#576,#577,
#578,#579,#580,#581,#582,#583,#584,#585,#586,#587));
#6176=EDGE_LOOP('',(#588,#589,#590,#591,#592,#593,#594,#595,#596,#597,#598,
#599,#600,#601,#602,#603));
#6177=EDGE_LOOP('',(#604,#605,#606,#607,#608,#609,#610,#611,#612,#613,#614,
#615,#616,#617,#618,#619,#620,#621,#622,#623,#624,#625,#626,#627,#628,#629,
#630,#631,#632,#633,#634,#635));
#6178=EDGE_LOOP('',(#636,#637,#638,#639,#640,#641,#642,#643));
#6179=EDGE_LOOP('',(#644,#645,#646,#647,#648,#649,#650,#651));
#6180=EDGE_LOOP('',(#652));
#6181=EDGE_LOOP('',(#653,#654,#655,#656,#657,#658,#659,#660,#661,#662,#663,
#664,#665,#666,#667,#668));
#6182=EDGE_LOOP('',(#669,#670,#671,#672,#673,#674,#675,#676,#677,#678,#679,
#680,#681,#682,#683,#684));
#6183=EDGE_LOOP('',(#685,#686,#687,#688,#689,#690));
#6184=EDGE_LOOP('',(#691,#692,#693,#694));
#6185=EDGE_LOOP('',(#695,#696,#697,#698,#699));
#6186=EDGE_LOOP('',(#700,#701,#702,#703));
#6187=EDGE_LOOP('',(#704,#705,#706,#707,#708,#709,#710,#711));
#6188=EDGE_LOOP('',(#712,#713,#714,#715,#716,#717,#718,#719));
#6189=EDGE_LOOP('',(#720,#721,#722,#723,#724,#725,#726,#727));
#6190=EDGE_LOOP('',(#728));
#6191=EDGE_LOOP('',(#729,#730,#731,#732,#733,#734,#735,#736,#737,#738,#739,
#740,#741,#742,#743,#744));
#6192=EDGE_LOOP('',(#745,#746,#747,#748,#749,#750));
#6193=EDGE_LOOP('',(#751,#752,#753,#754,#755));
#6194=EDGE_LOOP('',(#756,#757,#758,#759));
#6195=EDGE_LOOP('',(#760,#761,#762,#763));
#6196=EDGE_LOOP('',(#764,#765,#766,#767,#768,#769,#770,#771));
#6197=EDGE_LOOP('',(#772,#773,#774,#775,#776,#777,#778,#779));
#6198=EDGE_LOOP('',(#780,#781,#782,#783,#784,#785,#786,#787));
#6199=EDGE_LOOP('',(#788,#789,#790,#791,#792,#793,#794,#795,#796,#797,#798,
#799,#800,#801,#802,#803));
#6200=EDGE_LOOP('',(#804,#805,#806,#807,#808,#809));
#6201=EDGE_LOOP('',(#810,#811,#812,#813));
#6202=EDGE_LOOP('',(#814,#815,#816,#817,#818));
#6203=EDGE_LOOP('',(#819,#820,#821,#822));
#6204=EDGE_LOOP('',(#823,#824,#825,#826,#827,#828,#829,#830));
#6205=EDGE_LOOP('',(#831,#832,#833,#834,#835,#836,#837,#838));
#6206=EDGE_LOOP('',(#839,#840,#841,#842,#843,#844,#845,#846));
#6207=EDGE_LOOP('',(#847));
#6208=EDGE_LOOP('',(#848,#849,#850,#851,#852,#853,#854,#855,#856,#857,#858,
#859,#860,#861,#862,#863));
#6209=EDGE_LOOP('',(#864,#865,#866,#867,#868,#869));
#6210=EDGE_LOOP('',(#870,#871,#872,#873,#874));
#6211=EDGE_LOOP('',(#875,#876,#877,#878));
#6212=EDGE_LOOP('',(#879,#880,#881,#882));
#6213=EDGE_LOOP('',(#883,#884,#885,#886,#887,#888,#889,#890));
#6214=EDGE_LOOP('',(#891,#892,#893,#894,#895,#896,#897,#898));
#6215=EDGE_LOOP('',(#899,#900,#901,#902,#903,#904,#905,#906));
#6216=EDGE_LOOP('',(#907,#908,#909,#910,#911,#912,#913,#914,#915,#916,#917,
#918,#919,#920,#921,#922));
#6217=EDGE_LOOP('',(#923,#924,#925,#926,#927,#928));
#6218=EDGE_LOOP('',(#929,#930,#931,#932));
#6219=EDGE_LOOP('',(#933,#934,#935,#936,#937));
#6220=EDGE_LOOP('',(#938,#939,#940,#941));
#6221=EDGE_LOOP('',(#942,#943,#944,#945,#946,#947,#948,#949));
#6222=EDGE_LOOP('',(#950,#951,#952,#953,#954,#955,#956,#957));
#6223=EDGE_LOOP('',(#958,#959,#960,#961,#962,#963,#964,#965));
#6224=EDGE_LOOP('',(#966));
#6225=EDGE_LOOP('',(#967,#968,#969,#970,#971,#972,#973,#974,#975,#976,#977,
#978,#979,#980,#981,#982));
#6226=EDGE_LOOP('',(#983,#984,#985,#986,#987,#988));
#6227=EDGE_LOOP('',(#989,#990,#991,#992,#993));
#6228=EDGE_LOOP('',(#994,#995,#996,#997));
#6229=EDGE_LOOP('',(#998,#999,#1000,#1001));
#6230=EDGE_LOOP('',(#1002,#1003,#1004,#1005,#1006,#1007,#1008,#1009));
#6231=EDGE_LOOP('',(#1010,#1011,#1012,#1013,#1014,#1015,#1016,#1017));
#6232=EDGE_LOOP('',(#1018,#1019,#1020,#1021,#1022,#1023,#1024,#1025));
#6233=EDGE_LOOP('',(#1026,#1027,#1028,#1029,#1030,#1031,#1032,#1033,#1034,
#1035,#1036,#1037,#1038,#1039,#1040,#1041));
#6234=EDGE_LOOP('',(#1042,#1043,#1044,#1045,#1046,#1047));
#6235=EDGE_LOOP('',(#1048,#1049,#1050,#1051));
#6236=EDGE_LOOP('',(#1052,#1053,#1054,#1055,#1056));
#6237=EDGE_LOOP('',(#1057,#1058,#1059,#1060));
#6238=EDGE_LOOP('',(#1061,#1062,#1063,#1064,#1065,#1066,#1067,#1068));
#6239=EDGE_LOOP('',(#1069,#1070,#1071,#1072,#1073,#1074,#1075,#1076));
#6240=EDGE_LOOP('',(#1077,#1078,#1079,#1080,#1081,#1082,#1083,#1084));
#6241=EDGE_LOOP('',(#1085,#1086,#1087,#1088,#1089,#1090));
#6242=EDGE_LOOP('',(#1091,#1092,#1093,#1094,#1095));
#6243=EDGE_LOOP('',(#1096,#1097,#1098,#1099));
#6244=EDGE_LOOP('',(#1100,#1101,#1102,#1103));
#6245=EDGE_LOOP('',(#1104,#1105,#1106,#1107,#1108,#1109,#1110,#1111,#1112,
#1113,#1114,#1115));
#6246=EDGE_LOOP('',(#1116,#1117,#1118,#1119,#1120,#1121,#1122,#1123,#1124,
#1125,#1126,#1127));
#6247=EDGE_LOOP('',(#1128,#1129,#1130,#1131,#1132,#1133,#1134,#1135,#1136,
#1137,#1138,#1139));
#6248=EDGE_LOOP('',(#1140,#1141,#1142,#1143,#1144,#1145,#1146,#1147,#1148,
#1149,#1150,#1151));
#6249=EDGE_LOOP('',(#1152,#1153,#1154,#1155,#1156,#1157,#1158,#1159));
#6250=EDGE_LOOP('',(#1160,#1161,#1162,#1163));
#6251=EDGE_LOOP('',(#1164,#1165,#1166,#1167));
#6252=EDGE_LOOP('',(#1168,#1169,#1170,#1171));
#6253=EDGE_LOOP('',(#1172,#1173,#1174,#1175));
#6254=EDGE_LOOP('',(#1176,#1177,#1178,#1179));
#6255=EDGE_LOOP('',(#1180,#1181,#1182,#1183));
#6256=EDGE_LOOP('',(#1184,#1185,#1186,#1187));
#6257=EDGE_LOOP('',(#1188,#1189,#1190,#1191));
#6258=EDGE_LOOP('',(#1192,#1193,#1194));
#6259=EDGE_LOOP('',(#1195,#1196,#1197));
#6260=EDGE_LOOP('',(#1198,#1199,#1200));
#6261=EDGE_LOOP('',(#1201,#1202,#1203));
#6262=EDGE_LOOP('',(#1204,#1205,#1206));
#6263=EDGE_LOOP('',(#1207,#1208,#1209));
#6264=EDGE_LOOP('',(#1210,#1211,#1212));
#6265=EDGE_LOOP('',(#1213,#1214,#1215));
#6266=EDGE_LOOP('',(#1216));
#6267=EDGE_LOOP('',(#1217));
#6268=EDGE_LOOP('',(#1218));
#6269=EDGE_LOOP('',(#1219));
#6270=EDGE_LOOP('',(#1220));
#6271=EDGE_LOOP('',(#1221));
#6272=EDGE_LOOP('',(#1222));
#6273=EDGE_LOOP('',(#1223));
#6274=EDGE_LOOP('',(#1224));
#6275=EDGE_LOOP('',(#1225));
#6276=EDGE_LOOP('',(#1226));
#6277=EDGE_LOOP('',(#1227));
#6278=EDGE_LOOP('',(#1228,#1229,#1230,#1231));
#6279=EDGE_LOOP('',(#1232,#1233,#1234,#1235,#1236,#1237));
#6280=EDGE_LOOP('',(#1238,#1239,#1240,#1241,#1242,#1243));
#6281=EDGE_LOOP('',(#1244,#1245,#1246,#1247,#1248,#1249));
#6282=EDGE_LOOP('',(#1250,#1251,#1252,#1253));
#6283=EDGE_LOOP('',(#1254,#1255,#1256,#1257,#1258,#1259));
#6284=EDGE_LOOP('',(#1260,#1261,#1262,#1263));
#6285=EDGE_LOOP('',(#1264,#1265,#1266,#1267,#1268,#1269));
#6286=EDGE_LOOP('',(#1270,#1271,#1272,#1273));
#6287=EDGE_LOOP('',(#1274,#1275,#1276,#1277,#1278,#1279));
#6288=EDGE_LOOP('',(#1280,#1281,#1282,#1283,#1284,#1285));
#6289=EDGE_LOOP('',(#1286,#1287,#1288,#1289,#1290,#1291,#1292,#1293,#1294,
#1295,#1296,#1297));
#6290=EDGE_LOOP('',(#1298,#1299,#1300,#1301));
#6291=EDGE_LOOP('',(#1302,#1303,#1304,#1305));
#6292=EDGE_LOOP('',(#1306,#1307,#1308,#1309));
#6293=EDGE_LOOP('',(#1310,#1311,#1312,#1313));
#6294=EDGE_LOOP('',(#1314,#1315,#1316,#1317));
#6295=EDGE_LOOP('',(#1318,#1319,#1320,#1321,#1322,#1323));
#6296=EDGE_LOOP('',(#1324,#1325,#1326,#1327));
#6297=EDGE_LOOP('',(#1328,#1329,#1330,#1331,#1332,#1333));
#6298=EDGE_LOOP('',(#1334,#1335,#1336,#1337));
#6299=EDGE_LOOP('',(#1338,#1339,#1340,#1341));
#6300=EDGE_LOOP('',(#1342,#1343,#1344,#1345));
#6301=EDGE_LOOP('',(#1346,#1347,#1348,#1349,#1350,#1351));
#6302=EDGE_LOOP('',(#1352,#1353,#1354,#1355,#1356,#1357));
#6303=EDGE_LOOP('',(#1358,#1359,#1360,#1361,#1362,#1363));
#6304=EDGE_LOOP('',(#1364,#1365,#1366,#1367));
#6305=EDGE_LOOP('',(#1368,#1369,#1370,#1371,#1372,#1373));
#6306=EDGE_LOOP('',(#1374,#1375,#1376,#1377));
#6307=EDGE_LOOP('',(#1378,#1379,#1380,#1381,#1382,#1383));
#6308=EDGE_LOOP('',(#1384,#1385,#1386,#1387));
#6309=EDGE_LOOP('',(#1388,#1389,#1390,#1391,#1392,#1393));
#6310=EDGE_LOOP('',(#1394,#1395,#1396,#1397,#1398,#1399));
#6311=EDGE_LOOP('',(#1400,#1401,#1402,#1403,#1404,#1405,#1406,#1407,#1408,
#1409,#1410,#1411));
#6312=EDGE_LOOP('',(#1412,#1413,#1414,#1415));
#6313=EDGE_LOOP('',(#1416,#1417,#1418,#1419));
#6314=EDGE_LOOP('',(#1420,#1421,#1422,#1423));
#6315=EDGE_LOOP('',(#1424,#1425,#1426,#1427));
#6316=EDGE_LOOP('',(#1428,#1429,#1430,#1431));
#6317=EDGE_LOOP('',(#1432,#1433,#1434,#1435,#1436,#1437));
#6318=EDGE_LOOP('',(#1438,#1439,#1440,#1441));
#6319=EDGE_LOOP('',(#1442,#1443,#1444,#1445,#1446,#1447));
#6320=EDGE_LOOP('',(#1448,#1449,#1450,#1451));
#6321=EDGE_LOOP('',(#1452,#1453,#1454,#1455));
#6322=EDGE_LOOP('',(#1456,#1457,#1458,#1459));
#6323=EDGE_LOOP('',(#1460,#1461,#1462,#1463,#1464,#1465));
#6324=EDGE_LOOP('',(#1466,#1467,#1468,#1469,#1470,#1471));
#6325=EDGE_LOOP('',(#1472,#1473,#1474,#1475,#1476,#1477));
#6326=EDGE_LOOP('',(#1478,#1479,#1480,#1481));
#6327=EDGE_LOOP('',(#1482,#1483,#1484,#1485,#1486,#1487));
#6328=EDGE_LOOP('',(#1488,#1489,#1490,#1491));
#6329=EDGE_LOOP('',(#1492,#1493,#1494,#1495,#1496,#1497));
#6330=EDGE_LOOP('',(#1498,#1499,#1500,#1501));
#6331=EDGE_LOOP('',(#1502,#1503,#1504,#1505,#1506,#1507));
#6332=EDGE_LOOP('',(#1508,#1509,#1510,#1511,#1512,#1513));
#6333=EDGE_LOOP('',(#1514,#1515,#1516,#1517,#1518,#1519,#1520,#1521,#1522,
#1523,#1524,#1525));
#6334=EDGE_LOOP('',(#1526,#1527,#1528,#1529));
#6335=EDGE_LOOP('',(#1530,#1531,#1532,#1533));
#6336=EDGE_LOOP('',(#1534,#1535,#1536,#1537));
#6337=EDGE_LOOP('',(#1538,#1539,#1540,#1541));
#6338=EDGE_LOOP('',(#1542,#1543,#1544,#1545));
#6339=EDGE_LOOP('',(#1546,#1547,#1548,#1549,#1550,#1551));
#6340=EDGE_LOOP('',(#1552,#1553,#1554,#1555));
#6341=EDGE_LOOP('',(#1556,#1557,#1558,#1559,#1560,#1561));
#6342=EDGE_LOOP('',(#1562,#1563,#1564,#1565));
#6343=EDGE_LOOP('',(#1566,#1567,#1568,#1569));
#6344=EDGE_LOOP('',(#1570,#1571,#1572,#1573));
#6345=EDGE_LOOP('',(#1574,#1575,#1576,#1577,#1578,#1579));
#6346=EDGE_LOOP('',(#1580,#1581,#1582,#1583,#1584,#1585));
#6347=EDGE_LOOP('',(#1586,#1587,#1588,#1589,#1590,#1591));
#6348=EDGE_LOOP('',(#1592,#1593,#1594,#1595));
#6349=EDGE_LOOP('',(#1596,#1597,#1598,#1599,#1600,#1601));
#6350=EDGE_LOOP('',(#1602,#1603,#1604,#1605));
#6351=EDGE_LOOP('',(#1606,#1607,#1608,#1609,#1610,#1611));
#6352=EDGE_LOOP('',(#1612,#1613,#1614,#1615));
#6353=EDGE_LOOP('',(#1616,#1617,#1618,#1619,#1620,#1621));
#6354=EDGE_LOOP('',(#1622,#1623,#1624,#1625,#1626,#1627));
#6355=EDGE_LOOP('',(#1628,#1629,#1630,#1631,#1632,#1633,#1634,#1635,#1636,
#1637,#1638,#1639));
#6356=EDGE_LOOP('',(#1640,#1641,#1642,#1643));
#6357=EDGE_LOOP('',(#1644,#1645,#1646,#1647));
#6358=EDGE_LOOP('',(#1648,#1649,#1650,#1651));
#6359=EDGE_LOOP('',(#1652,#1653,#1654,#1655));
#6360=EDGE_LOOP('',(#1656,#1657,#1658,#1659));
#6361=EDGE_LOOP('',(#1660,#1661,#1662,#1663,#1664,#1665));
#6362=EDGE_LOOP('',(#1666,#1667,#1668,#1669));
#6363=EDGE_LOOP('',(#1670,#1671,#1672,#1673,#1674,#1675));
#6364=EDGE_LOOP('',(#1676,#1677,#1678,#1679));
#6365=EDGE_LOOP('',(#1680,#1681,#1682,#1683));
#6366=EDGE_LOOP('',(#1684,#1685,#1686,#1687));
#6367=EDGE_LOOP('',(#1688,#1689,#1690,#1691,#1692,#1693));
#6368=EDGE_LOOP('',(#1694,#1695,#1696,#1697,#1698,#1699));
#6369=EDGE_LOOP('',(#1700,#1701,#1702,#1703,#1704,#1705));
#6370=EDGE_LOOP('',(#1706,#1707,#1708,#1709));
#6371=EDGE_LOOP('',(#1710,#1711,#1712,#1713,#1714,#1715));
#6372=EDGE_LOOP('',(#1716,#1717,#1718,#1719));
#6373=EDGE_LOOP('',(#1720,#1721,#1722,#1723,#1724,#1725));
#6374=EDGE_LOOP('',(#1726,#1727,#1728,#1729));
#6375=EDGE_LOOP('',(#1730,#1731,#1732,#1733,#1734,#1735));
#6376=EDGE_LOOP('',(#1736,#1737,#1738,#1739,#1740,#1741));
#6377=EDGE_LOOP('',(#1742,#1743,#1744,#1745,#1746,#1747,#1748,#1749,#1750,
#1751,#1752,#1753));
#6378=EDGE_LOOP('',(#1754,#1755,#1756,#1757));
#6379=EDGE_LOOP('',(#1758,#1759,#1760,#1761));
#6380=EDGE_LOOP('',(#1762,#1763,#1764,#1765));
#6381=EDGE_LOOP('',(#1766,#1767,#1768,#1769));
#6382=EDGE_LOOP('',(#1770,#1771,#1772,#1773));
#6383=EDGE_LOOP('',(#1774,#1775,#1776,#1777,#1778,#1779));
#6384=EDGE_LOOP('',(#1780,#1781,#1782,#1783));
#6385=EDGE_LOOP('',(#1784,#1785,#1786,#1787,#1788,#1789));
#6386=EDGE_LOOP('',(#1790,#1791,#1792,#1793));
#6387=EDGE_LOOP('',(#1794,#1795,#1796,#1797));
#6388=EDGE_LOOP('',(#1798,#1799,#1800,#1801));
#6389=EDGE_LOOP('',(#1802,#1803,#1804,#1805,#1806,#1807));
#6390=EDGE_LOOP('',(#1808,#1809,#1810,#1811,#1812,#1813));
#6391=EDGE_LOOP('',(#1814,#1815,#1816,#1817,#1818,#1819));
#6392=EDGE_LOOP('',(#1820,#1821,#1822,#1823));
#6393=EDGE_LOOP('',(#1824,#1825,#1826,#1827,#1828,#1829));
#6394=EDGE_LOOP('',(#1830,#1831,#1832,#1833));
#6395=EDGE_LOOP('',(#1834,#1835,#1836,#1837,#1838,#1839));
#6396=EDGE_LOOP('',(#1840,#1841,#1842,#1843));
#6397=EDGE_LOOP('',(#1844,#1845,#1846,#1847,#1848,#1849));
#6398=EDGE_LOOP('',(#1850,#1851,#1852,#1853,#1854,#1855));
#6399=EDGE_LOOP('',(#1856,#1857,#1858,#1859,#1860,#1861,#1862,#1863,#1864,
#1865,#1866,#1867));
#6400=EDGE_LOOP('',(#1868,#1869,#1870,#1871));
#6401=EDGE_LOOP('',(#1872,#1873,#1874,#1875));
#6402=EDGE_LOOP('',(#1876,#1877,#1878,#1879));
#6403=EDGE_LOOP('',(#1880,#1881,#1882,#1883));
#6404=EDGE_LOOP('',(#1884,#1885,#1886,#1887));
#6405=EDGE_LOOP('',(#1888,#1889,#1890,#1891,#1892,#1893));
#6406=EDGE_LOOP('',(#1894,#1895,#1896,#1897));
#6407=EDGE_LOOP('',(#1898,#1899,#1900,#1901,#1902,#1903));
#6408=EDGE_LOOP('',(#1904,#1905,#1906,#1907));
#6409=EDGE_LOOP('',(#1908,#1909,#1910,#1911));
#6410=EDGE_LOOP('',(#1912,#1913,#1914,#1915));
#6411=EDGE_LOOP('',(#1916,#1917,#1918,#1919,#1920,#1921));
#6412=EDGE_LOOP('',(#1922,#1923,#1924,#1925,#1926,#1927));
#6413=EDGE_LOOP('',(#1928,#1929,#1930,#1931,#1932,#1933));
#6414=EDGE_LOOP('',(#1934,#1935,#1936,#1937));
#6415=EDGE_LOOP('',(#1938,#1939,#1940,#1941,#1942,#1943));
#6416=EDGE_LOOP('',(#1944,#1945,#1946,#1947));
#6417=EDGE_LOOP('',(#1948,#1949,#1950,#1951,#1952,#1953));
#6418=EDGE_LOOP('',(#1954,#1955,#1956,#1957));
#6419=EDGE_LOOP('',(#1958,#1959,#1960,#1961,#1962,#1963));
#6420=EDGE_LOOP('',(#1964,#1965,#1966,#1967,#1968,#1969));
#6421=EDGE_LOOP('',(#1970,#1971,#1972,#1973,#1974,#1975,#1976,#1977,#1978,
#1979,#1980,#1981));
#6422=EDGE_LOOP('',(#1982,#1983,#1984,#1985));
#6423=EDGE_LOOP('',(#1986,#1987,#1988,#1989));
#6424=EDGE_LOOP('',(#1990,#1991,#1992,#1993));
#6425=EDGE_LOOP('',(#1994,#1995,#1996,#1997));
#6426=EDGE_LOOP('',(#1998,#1999,#2000,#2001));
#6427=EDGE_LOOP('',(#2002,#2003,#2004,#2005,#2006,#2007));
#6428=EDGE_LOOP('',(#2008,#2009,#2010,#2011));
#6429=EDGE_LOOP('',(#2012,#2013,#2014,#2015,#2016,#2017));
#6430=EDGE_LOOP('',(#2018,#2019,#2020,#2021));
#6431=EDGE_LOOP('',(#2022,#2023,#2024,#2025));
#6432=EDGE_LOOP('',(#2026,#2027,#2028,#2029));
#6433=EDGE_LOOP('',(#2030,#2031,#2032,#2033,#2034,#2035));
#6434=EDGE_LOOP('',(#2036,#2037,#2038,#2039,#2040,#2041));
#6435=EDGE_LOOP('',(#2042,#2043,#2044,#2045,#2046,#2047));
#6436=EDGE_LOOP('',(#2048,#2049,#2050,#2051));
#6437=EDGE_LOOP('',(#2052,#2053,#2054,#2055,#2056,#2057));
#6438=EDGE_LOOP('',(#2058,#2059,#2060,#2061));
#6439=EDGE_LOOP('',(#2062,#2063,#2064,#2065,#2066,#2067));
#6440=EDGE_LOOP('',(#2068,#2069,#2070,#2071));
#6441=EDGE_LOOP('',(#2072,#2073,#2074,#2075,#2076,#2077));
#6442=EDGE_LOOP('',(#2078,#2079,#2080,#2081,#2082,#2083));
#6443=EDGE_LOOP('',(#2084,#2085,#2086,#2087,#2088,#2089,#2090,#2091,#2092,
#2093,#2094,#2095));
#6444=EDGE_LOOP('',(#2096,#2097,#2098,#2099));
#6445=EDGE_LOOP('',(#2100,#2101,#2102,#2103));
#6446=EDGE_LOOP('',(#2104,#2105,#2106,#2107));
#6447=EDGE_LOOP('',(#2108,#2109,#2110,#2111));
#6448=EDGE_LOOP('',(#2112,#2113,#2114,#2115));
#6449=EDGE_LOOP('',(#2116,#2117,#2118,#2119,#2120,#2121));
#6450=EDGE_LOOP('',(#2122,#2123,#2124,#2125));
#6451=EDGE_LOOP('',(#2126,#2127,#2128,#2129,#2130,#2131));
#6452=EDGE_LOOP('',(#2132,#2133,#2134,#2135));
#6453=EDGE_LOOP('',(#2136,#2137,#2138,#2139));
#6454=EDGE_LOOP('',(#2140,#2141,#2142,#2143,#2144));
#6455=EDGE_LOOP('',(#2145,#2146,#2147,#2148,#2149));
#6456=EDGE_LOOP('',(#2150,#2151,#2152,#2153,#2154));
#6457=EDGE_LOOP('',(#2155,#2156,#2157,#2158,#2159));
#6458=EDGE_LOOP('',(#2160,#2161,#2162,#2163));
#6459=EDGE_LOOP('',(#2164,#2165,#2166,#2167));
#6460=EDGE_LOOP('',(#2168,#2169,#2170,#2171));
#6461=EDGE_LOOP('',(#2172,#2173,#2174,#2175));
#6462=EDGE_LOOP('',(#2176,#2177,#2178,#2179));
#6463=EDGE_LOOP('',(#2180,#2181,#2182,#2183));
#6464=EDGE_LOOP('',(#2184,#2185,#2186,#2187));
#6465=EDGE_LOOP('',(#2188,#2189,#2190,#2191));
#6466=EDGE_LOOP('',(#2192,#2193,#2194,#2195));
#6467=EDGE_LOOP('',(#2196,#2197,#2198,#2199));
#6468=EDGE_LOOP('',(#2200,#2201,#2202,#2203));
#6469=EDGE_LOOP('',(#2204,#2205,#2206,#2207));
#6470=EDGE_LOOP('',(#2208,#2209,#2210,#2211));
#6471=EDGE_LOOP('',(#2212,#2213,#2214,#2215));
#6472=EDGE_LOOP('',(#2216,#2217,#2218,#2219));
#6473=EDGE_LOOP('',(#2220,#2221,#2222,#2223));
#6474=EDGE_LOOP('',(#2224,#2225,#2226,#2227));
#6475=EDGE_LOOP('',(#2228,#2229,#2230,#2231));
#6476=EDGE_LOOP('',(#2232,#2233,#2234,#2235));
#6477=EDGE_LOOP('',(#2236,#2237,#2238,#2239));
#6478=EDGE_LOOP('',(#2240,#2241,#2242,#2243));
#6479=EDGE_LOOP('',(#2244,#2245,#2246,#2247));
#6480=EDGE_LOOP('',(#2248,#2249,#2250,#2251));
#6481=EDGE_LOOP('',(#2252,#2253,#2254,#2255));
#6482=EDGE_LOOP('',(#2256,#2257,#2258,#2259));
#6483=EDGE_LOOP('',(#2260,#2261,#2262,#2263));
#6484=EDGE_LOOP('',(#2264,#2265,#2266,#2267));
#6485=EDGE_LOOP('',(#2268,#2269,#2270,#2271));
#6486=EDGE_LOOP('',(#2272,#2273,#2274,#2275));
#6487=EDGE_LOOP('',(#2276,#2277,#2278,#2279));
#6488=EDGE_LOOP('',(#2280,#2281,#2282,#2283));
#6489=EDGE_LOOP('',(#2284,#2285,#2286,#2287));
#6490=EDGE_LOOP('',(#2288,#2289,#2290,#2291));
#6491=EDGE_LOOP('',(#2292,#2293,#2294,#2295));
#6492=EDGE_LOOP('',(#2296,#2297,#2298,#2299));
#6493=EDGE_LOOP('',(#2300,#2301,#2302,#2303));
#6494=EDGE_LOOP('',(#2304,#2305,#2306,#2307));
#6495=EDGE_LOOP('',(#2308,#2309,#2310,#2311));
#6496=EDGE_LOOP('',(#2312,#2313,#2314,#2315));
#6497=EDGE_LOOP('',(#2316,#2317,#2318,#2319));
#6498=EDGE_LOOP('',(#2320,#2321,#2322,#2323));
#6499=EDGE_LOOP('',(#2324,#2325,#2326,#2327));
#6500=EDGE_LOOP('',(#2328,#2329,#2330,#2331));
#6501=EDGE_LOOP('',(#2332,#2333,#2334,#2335));
#6502=EDGE_LOOP('',(#2336,#2337,#2338,#2339));
#6503=EDGE_LOOP('',(#2340,#2341,#2342,#2343));
#6504=EDGE_LOOP('',(#2344,#2345,#2346,#2347));
#6505=EDGE_LOOP('',(#2348,#2349,#2350,#2351));
#6506=EDGE_LOOP('',(#2352,#2353,#2354,#2355));
#6507=EDGE_LOOP('',(#2356,#2357,#2358,#2359));
#6508=EDGE_LOOP('',(#2360,#2361,#2362,#2363));
#6509=EDGE_LOOP('',(#2364,#2365,#2366,#2367));
#6510=EDGE_LOOP('',(#2368,#2369,#2370,#2371));
#6511=EDGE_LOOP('',(#2372,#2373,#2374,#2375));
#6512=EDGE_LOOP('',(#2376,#2377,#2378,#2379));
#6513=EDGE_LOOP('',(#2380,#2381,#2382,#2383));
#6514=EDGE_LOOP('',(#2384,#2385,#2386,#2387));
#6515=EDGE_LOOP('',(#2388,#2389,#2390,#2391));
#6516=EDGE_LOOP('',(#2392,#2393,#2394,#2395));
#6517=EDGE_LOOP('',(#2396,#2397,#2398,#2399));
#6518=EDGE_LOOP('',(#2400,#2401,#2402,#2403));
#6519=EDGE_LOOP('',(#2404,#2405,#2406,#2407));
#6520=EDGE_LOOP('',(#2408,#2409,#2410,#2411));
#6521=EDGE_LOOP('',(#2412,#2413,#2414,#2415));
#6522=EDGE_LOOP('',(#2416,#2417,#2418,#2419));
#6523=EDGE_LOOP('',(#2420,#2421,#2422,#2423));
#6524=EDGE_LOOP('',(#2424,#2425,#2426,#2427));
#6525=EDGE_LOOP('',(#2428,#2429,#2430,#2431));
#6526=EDGE_LOOP('',(#2432,#2433,#2434,#2435));
#6527=EDGE_LOOP('',(#2436,#2437,#2438,#2439));
#6528=EDGE_LOOP('',(#2440,#2441,#2442,#2443));
#6529=EDGE_LOOP('',(#2444,#2445,#2446,#2447));
#6530=EDGE_LOOP('',(#2448,#2449,#2450,#2451));
#6531=EDGE_LOOP('',(#2452,#2453,#2454,#2455));
#6532=EDGE_LOOP('',(#2456,#2457,#2458,#2459));
#6533=EDGE_LOOP('',(#2460,#2461,#2462,#2463));
#6534=EDGE_LOOP('',(#2464,#2465,#2466));
#6535=EDGE_LOOP('',(#2467,#2468,#2469));
#6536=EDGE_LOOP('',(#2470,#2471,#2472));
#6537=EDGE_LOOP('',(#2473,#2474,#2475));
#6538=EDGE_LOOP('',(#2476,#2477,#2478));
#6539=EDGE_LOOP('',(#2479,#2480,#2481));
#6540=EDGE_LOOP('',(#2482,#2483,#2484));
#6541=EDGE_LOOP('',(#2485,#2486,#2487));
#6542=EDGE_LOOP('',(#2488,#2489,#2490,#2491,#2492,#2493));
#6543=EDGE_LOOP('',(#2494,#2495,#2496,#2497));
#6544=EDGE_LOOP('',(#2498,#2499,#2500,#2501));
#6545=EDGE_LOOP('',(#2502,#2503,#2504));
#6546=EDGE_LOOP('',(#2505,#2506,#2507,#2508));
#6547=EDGE_LOOP('',(#2509,#2510,#2511));
#6548=EDGE_LOOP('',(#2512,#2513,#2514,#2515));
#6549=EDGE_LOOP('',(#2516,#2517,#2518,#2519));
#6550=EDGE_LOOP('',(#2520,#2521,#2522));
#6551=EDGE_LOOP('',(#2523,#2524,#2525,#2526));
#6552=EDGE_LOOP('',(#2527,#2528,#2529,#2530,#2531,#2532));
#6553=EDGE_LOOP('',(#2533,#2534,#2535,#2536));
#6554=EDGE_LOOP('',(#2537,#2538,#2539,#2540));
#6555=EDGE_LOOP('',(#2541,#2542,#2543));
#6556=EDGE_LOOP('',(#2544,#2545,#2546,#2547));
#6557=EDGE_LOOP('',(#2548,#2549,#2550));
#6558=EDGE_LOOP('',(#2551,#2552,#2553,#2554));
#6559=EDGE_LOOP('',(#2555,#2556,#2557,#2558));
#6560=EDGE_LOOP('',(#2559,#2560,#2561));
#6561=EDGE_LOOP('',(#2562,#2563,#2564,#2565));
#6562=EDGE_LOOP('',(#2566,#2567,#2568,#2569,#2570,#2571));
#6563=EDGE_LOOP('',(#2572,#2573,#2574,#2575));
#6564=EDGE_LOOP('',(#2576,#2577,#2578,#2579));
#6565=EDGE_LOOP('',(#2580,#2581,#2582));
#6566=EDGE_LOOP('',(#2583,#2584,#2585,#2586));
#6567=EDGE_LOOP('',(#2587,#2588,#2589));
#6568=EDGE_LOOP('',(#2590,#2591,#2592,#2593));
#6569=EDGE_LOOP('',(#2594,#2595,#2596,#2597));
#6570=EDGE_LOOP('',(#2598,#2599,#2600));
#6571=EDGE_LOOP('',(#2601,#2602,#2603,#2604));
#6572=EDGE_LOOP('',(#2605,#2606,#2607,#2608,#2609,#2610));
#6573=EDGE_LOOP('',(#2611,#2612,#2613,#2614));
#6574=EDGE_LOOP('',(#2615,#2616,#2617,#2618));
#6575=EDGE_LOOP('',(#2619,#2620,#2621));
#6576=EDGE_LOOP('',(#2622,#2623,#2624,#2625));
#6577=EDGE_LOOP('',(#2626,#2627,#2628));
#6578=EDGE_LOOP('',(#2629,#2630,#2631,#2632));
#6579=EDGE_LOOP('',(#2633,#2634,#2635,#2636));
#6580=EDGE_LOOP('',(#2637,#2638,#2639));
#6581=EDGE_LOOP('',(#2640,#2641,#2642,#2643));
#6582=FACE_BOUND('',#6168,.T.);
#6583=FACE_BOUND('',#6169,.T.);
#6584=FACE_BOUND('',#6170,.T.);
#6585=FACE_BOUND('',#6171,.T.);
#6586=FACE_BOUND('',#6172,.T.);
#6587=FACE_BOUND('',#6173,.T.);
#6588=FACE_BOUND('',#6174,.T.);
#6589=FACE_BOUND('',#6175,.T.);
#6590=FACE_BOUND('',#6176,.T.);
#6591=FACE_BOUND('',#6177,.T.);
#6592=FACE_BOUND('',#6178,.T.);
#6593=FACE_BOUND('',#6179,.T.);
#6594=FACE_BOUND('',#6180,.T.);
#6595=FACE_BOUND('',#6181,.T.);
#6596=FACE_BOUND('',#6182,.T.);
#6597=FACE_BOUND('',#6183,.T.);
#6598=FACE_BOUND('',#6184,.T.);
#6599=FACE_BOUND('',#6185,.T.);
#6600=FACE_BOUND('',#6186,.T.);
#6601=FACE_BOUND('',#6187,.T.);
#6602=FACE_BOUND('',#6188,.T.);
#6603=FACE_BOUND('',#6189,.T.);
#6604=FACE_BOUND('',#6190,.T.);
#6605=FACE_BOUND('',#6191,.T.);
#6606=FACE_BOUND('',#6192,.T.);
#6607=FACE_BOUND('',#6193,.T.);
#6608=FACE_BOUND('',#6194,.T.);
#6609=FACE_BOUND('',#6195,.T.);
#6610=FACE_BOUND('',#6196,.T.);
#6611=FACE_BOUND('',#6197,.T.);
#6612=FACE_BOUND('',#6198,.T.);
#6613=FACE_BOUND('',#6199,.T.);
#6614=FACE_BOUND('',#6200,.T.);
#6615=FACE_BOUND('',#6201,.T.);
#6616=FACE_BOUND('',#6202,.T.);
#6617=FACE_BOUND('',#6203,.T.);
#6618=FACE_BOUND('',#6204,.T.);
#6619=FACE_BOUND('',#6205,.T.);
#6620=FACE_BOUND('',#6206,.T.);
#6621=FACE_BOUND('',#6207,.T.);
#6622=FACE_BOUND('',#6208,.T.);
#6623=FACE_BOUND('',#6209,.T.);
#6624=FACE_BOUND('',#6210,.T.);
#6625=FACE_BOUND('',#6211,.T.);
#6626=FACE_BOUND('',#6212,.T.);
#6627=FACE_BOUND('',#6213,.T.);
#6628=FACE_BOUND('',#6214,.T.);
#6629=FACE_BOUND('',#6215,.T.);
#6630=FACE_BOUND('',#6216,.T.);
#6631=FACE_BOUND('',#6217,.T.);
#6632=FACE_BOUND('',#6218,.T.);
#6633=FACE_BOUND('',#6219,.T.);
#6634=FACE_BOUND('',#6220,.T.);
#6635=FACE_BOUND('',#6221,.T.);
#6636=FACE_BOUND('',#6222,.T.);
#6637=FACE_BOUND('',#6223,.T.);
#6638=FACE_BOUND('',#6224,.T.);
#6639=FACE_BOUND('',#6225,.T.);
#6640=FACE_BOUND('',#6226,.T.);
#6641=FACE_BOUND('',#6227,.T.);
#6642=FACE_BOUND('',#6228,.T.);
#6643=FACE_BOUND('',#6229,.T.);
#6644=FACE_BOUND('',#6230,.T.);
#6645=FACE_BOUND('',#6231,.T.);
#6646=FACE_BOUND('',#6232,.T.);
#6647=FACE_BOUND('',#6233,.T.);
#6648=FACE_BOUND('',#6234,.T.);
#6649=FACE_BOUND('',#6235,.T.);
#6650=FACE_BOUND('',#6236,.T.);
#6651=FACE_BOUND('',#6237,.T.);
#6652=FACE_BOUND('',#6238,.T.);
#6653=FACE_BOUND('',#6239,.T.);
#6654=FACE_BOUND('',#6240,.T.);
#6655=FACE_BOUND('',#6241,.T.);
#6656=FACE_BOUND('',#6242,.T.);
#6657=FACE_BOUND('',#6243,.T.);
#6658=FACE_BOUND('',#6244,.T.);
#6659=FACE_BOUND('',#6245,.T.);
#6660=FACE_BOUND('',#6246,.T.);
#6661=FACE_BOUND('',#6247,.T.);
#6662=FACE_BOUND('',#6248,.T.);
#6663=FACE_BOUND('',#6249,.T.);
#6664=FACE_BOUND('',#6250,.T.);
#6665=FACE_BOUND('',#6251,.T.);
#6666=FACE_BOUND('',#6252,.T.);
#6667=FACE_BOUND('',#6253,.T.);
#6668=FACE_BOUND('',#6254,.T.);
#6669=FACE_BOUND('',#6255,.T.);
#6670=FACE_BOUND('',#6256,.T.);
#6671=FACE_BOUND('',#6257,.T.);
#6672=FACE_BOUND('',#6258,.T.);
#6673=FACE_BOUND('',#6259,.T.);
#6674=FACE_BOUND('',#6260,.T.);
#6675=FACE_BOUND('',#6261,.T.);
#6676=FACE_BOUND('',#6262,.T.);
#6677=FACE_BOUND('',#6263,.T.);
#6678=FACE_BOUND('',#6264,.T.);
#6679=FACE_BOUND('',#6265,.T.);
#6680=FACE_BOUND('',#6266,.T.);
#6681=FACE_BOUND('',#6267,.T.);
#6682=FACE_BOUND('',#6268,.T.);
#6683=FACE_BOUND('',#6269,.T.);
#6684=FACE_BOUND('',#6270,.T.);
#6685=FACE_BOUND('',#6271,.T.);
#6686=FACE_BOUND('',#6272,.T.);
#6687=FACE_BOUND('',#6273,.T.);
#6688=FACE_BOUND('',#6274,.T.);
#6689=FACE_BOUND('',#6275,.T.);
#6690=FACE_BOUND('',#6276,.T.);
#6691=FACE_BOUND('',#6277,.T.);
#6692=FACE_BOUND('',#6278,.T.);
#6693=FACE_BOUND('',#6279,.T.);
#6694=FACE_BOUND('',#6280,.T.);
#6695=FACE_BOUND('',#6281,.T.);
#6696=FACE_BOUND('',#6282,.T.);
#6697=FACE_BOUND('',#6283,.T.);
#6698=FACE_BOUND('',#6284,.T.);
#6699=FACE_BOUND('',#6285,.T.);
#6700=FACE_BOUND('',#6286,.T.);
#6701=FACE_BOUND('',#6287,.T.);
#6702=FACE_BOUND('',#6288,.T.);
#6703=FACE_BOUND('',#6289,.T.);
#6704=FACE_BOUND('',#6290,.T.);
#6705=FACE_BOUND('',#6291,.T.);
#6706=FACE_BOUND('',#6292,.T.);
#6707=FACE_BOUND('',#6293,.T.);
#6708=FACE_BOUND('',#6294,.T.);
#6709=FACE_BOUND('',#6295,.T.);
#6710=FACE_BOUND('',#6296,.T.);
#6711=FACE_BOUND('',#6297,.T.);
#6712=FACE_BOUND('',#6298,.T.);
#6713=FACE_BOUND('',#6299,.T.);
#6714=FACE_BOUND('',#6300,.T.);
#6715=FACE_BOUND('',#6301,.T.);
#6716=FACE_BOUND('',#6302,.T.);
#6717=FACE_BOUND('',#6303,.T.);
#6718=FACE_BOUND('',#6304,.T.);
#6719=FACE_BOUND('',#6305,.T.);
#6720=FACE_BOUND('',#6306,.T.);
#6721=FACE_BOUND('',#6307,.T.);
#6722=FACE_BOUND('',#6308,.T.);
#6723=FACE_BOUND('',#6309,.T.);
#6724=FACE_BOUND('',#6310,.T.);
#6725=FACE_BOUND('',#6311,.T.);
#6726=FACE_BOUND('',#6312,.T.);
#6727=FACE_BOUND('',#6313,.T.);
#6728=FACE_BOUND('',#6314,.T.);
#6729=FACE_BOUND('',#6315,.T.);
#6730=FACE_BOUND('',#6316,.T.);
#6731=FACE_BOUND('',#6317,.T.);
#6732=FACE_BOUND('',#6318,.T.);
#6733=FACE_BOUND('',#6319,.T.);
#6734=FACE_BOUND('',#6320,.T.);
#6735=FACE_BOUND('',#6321,.T.);
#6736=FACE_BOUND('',#6322,.T.);
#6737=FACE_BOUND('',#6323,.T.);
#6738=FACE_BOUND('',#6324,.T.);
#6739=FACE_BOUND('',#6325,.T.);
#6740=FACE_BOUND('',#6326,.T.);
#6741=FACE_BOUND('',#6327,.T.);
#6742=FACE_BOUND('',#6328,.T.);
#6743=FACE_BOUND('',#6329,.T.);
#6744=FACE_BOUND('',#6330,.T.);
#6745=FACE_BOUND('',#6331,.T.);
#6746=FACE_BOUND('',#6332,.T.);
#6747=FACE_BOUND('',#6333,.T.);
#6748=FACE_BOUND('',#6334,.T.);
#6749=FACE_BOUND('',#6335,.T.);
#6750=FACE_BOUND('',#6336,.T.);
#6751=FACE_BOUND('',#6337,.T.);
#6752=FACE_BOUND('',#6338,.T.);
#6753=FACE_BOUND('',#6339,.T.);
#6754=FACE_BOUND('',#6340,.T.);
#6755=FACE_BOUND('',#6341,.T.);
#6756=FACE_BOUND('',#6342,.T.);
#6757=FACE_BOUND('',#6343,.T.);
#6758=FACE_BOUND('',#6344,.T.);
#6759=FACE_BOUND('',#6345,.T.);
#6760=FACE_BOUND('',#6346,.T.);
#6761=FACE_BOUND('',#6347,.T.);
#6762=FACE_BOUND('',#6348,.T.);
#6763=FACE_BOUND('',#6349,.T.);
#6764=FACE_BOUND('',#6350,.T.);
#6765=FACE_BOUND('',#6351,.T.);
#6766=FACE_BOUND('',#6352,.T.);
#6767=FACE_BOUND('',#6353,.T.);
#6768=FACE_BOUND('',#6354,.T.);
#6769=FACE_BOUND('',#6355,.T.);
#6770=FACE_BOUND('',#6356,.T.);
#6771=FACE_BOUND('',#6357,.T.);
#6772=FACE_BOUND('',#6358,.T.);
#6773=FACE_BOUND('',#6359,.T.);
#6774=FACE_BOUND('',#6360,.T.);
#6775=FACE_BOUND('',#6361,.T.);
#6776=FACE_BOUND('',#6362,.T.);
#6777=FACE_BOUND('',#6363,.T.);
#6778=FACE_BOUND('',#6364,.T.);
#6779=FACE_BOUND('',#6365,.T.);
#6780=FACE_BOUND('',#6366,.T.);
#6781=FACE_BOUND('',#6367,.T.);
#6782=FACE_BOUND('',#6368,.T.);
#6783=FACE_BOUND('',#6369,.T.);
#6784=FACE_BOUND('',#6370,.T.);
#6785=FACE_BOUND('',#6371,.T.);
#6786=FACE_BOUND('',#6372,.T.);
#6787=FACE_BOUND('',#6373,.T.);
#6788=FACE_BOUND('',#6374,.T.);
#6789=FACE_BOUND('',#6375,.T.);
#6790=FACE_BOUND('',#6376,.T.);
#6791=FACE_BOUND('',#6377,.T.);
#6792=FACE_BOUND('',#6378,.T.);
#6793=FACE_BOUND('',#6379,.T.);
#6794=FACE_BOUND('',#6380,.T.);
#6795=FACE_BOUND('',#6381,.T.);
#6796=FACE_BOUND('',#6382,.T.);
#6797=FACE_BOUND('',#6383,.T.);
#6798=FACE_BOUND('',#6384,.T.);
#6799=FACE_BOUND('',#6385,.T.);
#6800=FACE_BOUND('',#6386,.T.);
#6801=FACE_BOUND('',#6387,.T.);
#6802=FACE_BOUND('',#6388,.T.);
#6803=FACE_BOUND('',#6389,.T.);
#6804=FACE_BOUND('',#6390,.T.);
#6805=FACE_BOUND('',#6391,.T.);
#6806=FACE_BOUND('',#6392,.T.);
#6807=FACE_BOUND('',#6393,.T.);
#6808=FACE_BOUND('',#6394,.T.);
#6809=FACE_BOUND('',#6395,.T.);
#6810=FACE_BOUND('',#6396,.T.);
#6811=FACE_BOUND('',#6397,.T.);
#6812=FACE_BOUND('',#6398,.T.);
#6813=FACE_BOUND('',#6399,.T.);
#6814=FACE_BOUND('',#6400,.T.);
#6815=FACE_BOUND('',#6401,.T.);
#6816=FACE_BOUND('',#6402,.T.);
#6817=FACE_BOUND('',#6403,.T.);
#6818=FACE_BOUND('',#6404,.T.);
#6819=FACE_BOUND('',#6405,.T.);
#6820=FACE_BOUND('',#6406,.T.);
#6821=FACE_BOUND('',#6407,.T.);
#6822=FACE_BOUND('',#6408,.T.);
#6823=FACE_BOUND('',#6409,.T.);
#6824=FACE_BOUND('',#6410,.T.);
#6825=FACE_BOUND('',#6411,.T.);
#6826=FACE_BOUND('',#6412,.T.);
#6827=FACE_BOUND('',#6413,.T.);
#6828=FACE_BOUND('',#6414,.T.);
#6829=FACE_BOUND('',#6415,.T.);
#6830=FACE_BOUND('',#6416,.T.);
#6831=FACE_BOUND('',#6417,.T.);
#6832=FACE_BOUND('',#6418,.T.);
#6833=FACE_BOUND('',#6419,.T.);
#6834=FACE_BOUND('',#6420,.T.);
#6835=FACE_BOUND('',#6421,.T.);
#6836=FACE_BOUND('',#6422,.T.);
#6837=FACE_BOUND('',#6423,.T.);
#6838=FACE_BOUND('',#6424,.T.);
#6839=FACE_BOUND('',#6425,.T.);
#6840=FACE_BOUND('',#6426,.T.);
#6841=FACE_BOUND('',#6427,.T.);
#6842=FACE_BOUND('',#6428,.T.);
#6843=FACE_BOUND('',#6429,.T.);
#6844=FACE_BOUND('',#6430,.T.);
#6845=FACE_BOUND('',#6431,.T.);
#6846=FACE_BOUND('',#6432,.T.);
#6847=FACE_BOUND('',#6433,.T.);
#6848=FACE_BOUND('',#6434,.T.);
#6849=FACE_BOUND('',#6435,.T.);
#6850=FACE_BOUND('',#6436,.T.);
#6851=FACE_BOUND('',#6437,.T.);
#6852=FACE_BOUND('',#6438,.T.);
#6853=FACE_BOUND('',#6439,.T.);
#6854=FACE_BOUND('',#6440,.T.);
#6855=FACE_BOUND('',#6441,.T.);
#6856=FACE_BOUND('',#6442,.T.);
#6857=FACE_BOUND('',#6443,.T.);
#6858=FACE_BOUND('',#6444,.T.);
#6859=FACE_BOUND('',#6445,.T.);
#6860=FACE_BOUND('',#6446,.T.);
#6861=FACE_BOUND('',#6447,.T.);
#6862=FACE_BOUND('',#6448,.T.);
#6863=FACE_BOUND('',#6449,.T.);
#6864=FACE_BOUND('',#6450,.T.);
#6865=FACE_BOUND('',#6451,.T.);
#6866=FACE_BOUND('',#6452,.T.);
#6867=FACE_BOUND('',#6453,.T.);
#6868=FACE_BOUND('',#6454,.T.);
#6869=FACE_BOUND('',#6455,.T.);
#6870=FACE_BOUND('',#6456,.T.);
#6871=FACE_BOUND('',#6457,.T.);
#6872=FACE_BOUND('',#6458,.T.);
#6873=FACE_BOUND('',#6459,.T.);
#6874=FACE_BOUND('',#6460,.T.);
#6875=FACE_BOUND('',#6461,.T.);
#6876=FACE_BOUND('',#6462,.T.);
#6877=FACE_BOUND('',#6463,.T.);
#6878=FACE_BOUND('',#6464,.T.);
#6879=FACE_BOUND('',#6465,.T.);
#6880=FACE_BOUND('',#6466,.T.);
#6881=FACE_BOUND('',#6467,.T.);
#6882=FACE_BOUND('',#6468,.T.);
#6883=FACE_BOUND('',#6469,.T.);
#6884=FACE_BOUND('',#6470,.T.);
#6885=FACE_BOUND('',#6471,.T.);
#6886=FACE_BOUND('',#6472,.T.);
#6887=FACE_BOUND('',#6473,.T.);
#6888=FACE_BOUND('',#6474,.T.);
#6889=FACE_BOUND('',#6475,.T.);
#6890=FACE_BOUND('',#6476,.T.);
#6891=FACE_BOUND('',#6477,.T.);
#6892=FACE_BOUND('',#6478,.T.);
#6893=FACE_BOUND('',#6479,.T.);
#6894=FACE_BOUND('',#6480,.T.);
#6895=FACE_BOUND('',#6481,.T.);
#6896=FACE_BOUND('',#6482,.T.);
#6897=FACE_BOUND('',#6483,.T.);
#6898=FACE_BOUND('',#6484,.T.);
#6899=FACE_BOUND('',#6485,.T.);
#6900=FACE_BOUND('',#6486,.T.);
#6901=FACE_BOUND('',#6487,.T.);
#6902=FACE_BOUND('',#6488,.T.);
#6903=FACE_BOUND('',#6489,.T.);
#6904=FACE_BOUND('',#6490,.T.);
#6905=FACE_BOUND('',#6491,.T.);
#6906=FACE_BOUND('',#6492,.T.);
#6907=FACE_BOUND('',#6493,.T.);
#6908=FACE_BOUND('',#6494,.T.);
#6909=FACE_BOUND('',#6495,.T.);
#6910=FACE_BOUND('',#6496,.T.);
#6911=FACE_BOUND('',#6497,.T.);
#6912=FACE_BOUND('',#6498,.T.);
#6913=FACE_BOUND('',#6499,.T.);
#6914=FACE_BOUND('',#6500,.T.);
#6915=FACE_BOUND('',#6501,.T.);
#6916=FACE_BOUND('',#6502,.T.);
#6917=FACE_BOUND('',#6503,.T.);
#6918=FACE_BOUND('',#6504,.T.);
#6919=FACE_BOUND('',#6505,.T.);
#6920=FACE_BOUND('',#6506,.T.);
#6921=FACE_BOUND('',#6507,.T.);
#6922=FACE_BOUND('',#6508,.T.);
#6923=FACE_BOUND('',#6509,.T.);
#6924=FACE_BOUND('',#6510,.T.);
#6925=FACE_BOUND('',#6511,.T.);
#6926=FACE_BOUND('',#6512,.T.);
#6927=FACE_BOUND('',#6513,.T.);
#6928=FACE_BOUND('',#6514,.T.);
#6929=FACE_BOUND('',#6515,.T.);
#6930=FACE_BOUND('',#6516,.T.);
#6931=FACE_BOUND('',#6517,.T.);
#6932=FACE_BOUND('',#6518,.T.);
#6933=FACE_BOUND('',#6519,.T.);
#6934=FACE_BOUND('',#6520,.T.);
#6935=FACE_BOUND('',#6521,.T.);
#6936=FACE_BOUND('',#6522,.T.);
#6937=FACE_BOUND('',#6523,.T.);
#6938=FACE_BOUND('',#6524,.T.);
#6939=FACE_BOUND('',#6525,.T.);
#6940=FACE_BOUND('',#6526,.T.);
#6941=FACE_BOUND('',#6527,.T.);
#6942=FACE_BOUND('',#6528,.T.);
#6943=FACE_BOUND('',#6529,.T.);
#6944=FACE_BOUND('',#6530,.T.);
#6945=FACE_BOUND('',#6531,.T.);
#6946=FACE_BOUND('',#6532,.T.);
#6947=FACE_BOUND('',#6533,.T.);
#6948=FACE_BOUND('',#6534,.T.);
#6949=FACE_BOUND('',#6535,.T.);
#6950=FACE_BOUND('',#6536,.T.);
#6951=FACE_BOUND('',#6537,.T.);
#6952=FACE_BOUND('',#6538,.T.);
#6953=FACE_BOUND('',#6539,.T.);
#6954=FACE_BOUND('',#6540,.T.);
#6955=FACE_BOUND('',#6541,.T.);
#6956=FACE_BOUND('',#6542,.T.);
#6957=FACE_BOUND('',#6543,.T.);
#6958=FACE_BOUND('',#6544,.T.);
#6959=FACE_BOUND('',#6545,.T.);
#6960=FACE_BOUND('',#6546,.T.);
#6961=FACE_BOUND('',#6547,.T.);
#6962=FACE_BOUND('',#6548,.T.);
#6963=FACE_BOUND('',#6549,.T.);
#6964=FACE_BOUND('',#6550,.T.);
#6965=FACE_BOUND('',#6551,.T.);
#6966=FACE_BOUND('',#6552,.T.);
#6967=FACE_BOUND('',#6553,.T.);
#6968=FACE_BOUND('',#6554,.T.);
#6969=FACE_BOUND('',#6555,.T.);
#6970=FACE_BOUND('',#6556,.T.);
#6971=FACE_BOUND('',#6557,.T.);
#6972=FACE_BOUND('',#6558,.T.);
#6973=FACE_BOUND('',#6559,.T.);
#6974=FACE_BOUND('',#6560,.T.);
#6975=FACE_BOUND('',#6561,.T.);
#6976=FACE_BOUND('',#6562,.T.);
#6977=FACE_BOUND('',#6563,.T.);
#6978=FACE_BOUND('',#6564,.T.);
#6979=FACE_BOUND('',#6565,.T.);
#6980=FACE_BOUND('',#6566,.T.);
#6981=FACE_BOUND('',#6567,.T.);
#6982=FACE_BOUND('',#6568,.T.);
#6983=FACE_BOUND('',#6569,.T.);
#6984=FACE_BOUND('',#6570,.T.);
#6985=FACE_BOUND('',#6571,.T.);
#6986=FACE_BOUND('',#6572,.T.);
#6987=FACE_BOUND('',#6573,.T.);
#6988=FACE_BOUND('',#6574,.T.);
#6989=FACE_BOUND('',#6575,.T.);
#6990=FACE_BOUND('',#6576,.T.);
#6991=FACE_BOUND('',#6577,.T.);
#6992=FACE_BOUND('',#6578,.T.);
#6993=FACE_BOUND('',#6579,.T.);
#6994=FACE_BOUND('',#6580,.T.);
#6995=FACE_BOUND('',#6581,.T.);
#6996=PLANE('',#7675);
#6997=PLANE('',#7680);
#6998=PLANE('',#7685);
#6999=PLANE('',#7690);
#7000=PLANE('',#7695);
#7001=PLANE('',#7700);
#7002=PLANE('',#7705);
#7003=PLANE('',#7710);
#7004=PLANE('',#7715);
#7005=PLANE('',#7740);
#7006=PLANE('',#7742);
#7007=PLANE('',#7744);
#7008=PLANE('',#7748);
#7009=PLANE('',#7751);
#7010=PLANE('',#7753);
#7011=PLANE('',#7754);
#7012=PLANE('',#7755);
#7013=PLANE('',#7756);
#7014=PLANE('',#7757);
#7015=PLANE('',#7759);
#7016=PLANE('',#7761);
#7017=PLANE('',#7765);
#7018=PLANE('',#7767);
#7019=PLANE('',#7768);
#7020=PLANE('',#7769);
#7021=PLANE('',#7770);
#7022=PLANE('',#7771);
#7023=PLANE('',#7773);
#7024=PLANE('',#7775);
#7025=PLANE('',#7778);
#7026=PLANE('',#7780);
#7027=PLANE('',#7781);
#7028=PLANE('',#7782);
#7029=PLANE('',#7783);
#7030=PLANE('',#7784);
#7031=PLANE('',#7786);
#7032=PLANE('',#7788);
#7033=PLANE('',#7792);
#7034=PLANE('',#7794);
#7035=PLANE('',#7795);
#7036=PLANE('',#7796);
#7037=PLANE('',#7797);
#7038=PLANE('',#7798);
#7039=PLANE('',#7800);
#7040=PLANE('',#7802);
#7041=PLANE('',#7805);
#7042=PLANE('',#7807);
#7043=PLANE('',#7808);
#7044=PLANE('',#7809);
#7045=PLANE('',#7810);
#7046=PLANE('',#7811);
#7047=PLANE('',#7813);
#7048=PLANE('',#7815);
#7049=PLANE('',#7819);
#7050=PLANE('',#7821);
#7051=PLANE('',#7822);
#7052=PLANE('',#7823);
#7053=PLANE('',#7824);
#7054=PLANE('',#7825);
#7055=PLANE('',#7827);
#7056=PLANE('',#7829);
#7057=PLANE('',#7832);
#7058=PLANE('',#7834);
#7059=PLANE('',#7835);
#7060=PLANE('',#7836);
#7061=PLANE('',#7837);
#7062=PLANE('',#7838);
#7063=PLANE('',#7840);
#7064=PLANE('',#7842);
#7065=PLANE('',#7844);
#7066=PLANE('',#7845);
#7067=PLANE('',#7846);
#7068=PLANE('',#7859);
#7069=PLANE('',#7860);
#7070=PLANE('',#7861);
#7071=PLANE('',#7862);
#7072=PLANE('',#7863);
#7073=PLANE('',#7864);
#7074=PLANE('',#7865);
#7075=PLANE('',#7866);
#7076=PLANE('',#7867);
#7077=PLANE('',#7868);
#7078=PLANE('',#7869);
#7079=PLANE('',#7870);
#7080=PLANE('',#7871);
#7081=PLANE('',#7872);
#7082=PLANE('',#7873);
#7083=PLANE('',#7874);
#7084=PLANE('',#7875);
#7085=PLANE('',#7878);
#7086=PLANE('',#7881);
#7087=PLANE('',#7884);
#7088=PLANE('',#7887);
#7089=PLANE('',#7888);
#7090=PLANE('',#7889);
#7091=PLANE('',#7891);
#7092=PLANE('',#7892);
#7093=PLANE('',#7895);
#7094=PLANE('',#7896);
#7095=PLANE('',#7897);
#7096=PLANE('',#7900);
#7097=PLANE('',#7901);
#7098=PLANE('',#7902);
#7099=PLANE('',#7903);
#7100=PLANE('',#7904);
#7101=PLANE('',#7905);
#7102=PLANE('',#7906);
#7103=PLANE('',#7907);
#7104=PLANE('',#7908);
#7105=PLANE('',#7909);
#7106=PLANE('',#7910);
#7107=PLANE('',#7911);
#7108=PLANE('',#7912);
#7109=PLANE('',#7913);
#7110=PLANE('',#7914);
#7111=PLANE('',#7916);
#7112=PLANE('',#7917);
#7113=PLANE('',#7920);
#7114=PLANE('',#7921);
#7115=PLANE('',#7922);
#7116=PLANE('',#7925);
#7117=PLANE('',#7926);
#7118=PLANE('',#7927);
#7119=PLANE('',#7928);
#7120=PLANE('',#7929);
#7121=PLANE('',#7930);
#7122=PLANE('',#7931);
#7123=PLANE('',#7932);
#7124=PLANE('',#7933);
#7125=PLANE('',#7934);
#7126=PLANE('',#7935);
#7127=PLANE('',#7936);
#7128=PLANE('',#7937);
#7129=PLANE('',#7938);
#7130=PLANE('',#7939);
#7131=PLANE('',#7941);
#7132=PLANE('',#7942);
#7133=PLANE('',#7945);
#7134=PLANE('',#7946);
#7135=PLANE('',#7947);
#7136=PLANE('',#7950);
#7137=PLANE('',#7951);
#7138=PLANE('',#7952);
#7139=PLANE('',#7953);
#7140=PLANE('',#7954);
#7141=PLANE('',#7955);
#7142=PLANE('',#7956);
#7143=PLANE('',#7957);
#7144=PLANE('',#7958);
#7145=PLANE('',#7959);
#7146=PLANE('',#7960);
#7147=PLANE('',#7961);
#7148=PLANE('',#7962);
#7149=PLANE('',#7963);
#7150=PLANE('',#7964);
#7151=PLANE('',#7966);
#7152=PLANE('',#7967);
#7153=PLANE('',#7970);
#7154=PLANE('',#7971);
#7155=PLANE('',#7972);
#7156=PLANE('',#7975);
#7157=PLANE('',#7976);
#7158=PLANE('',#7977);
#7159=PLANE('',#7978);
#7160=PLANE('',#7979);
#7161=PLANE('',#7980);
#7162=PLANE('',#7981);
#7163=PLANE('',#7982);
#7164=PLANE('',#7983);
#7165=PLANE('',#7984);
#7166=PLANE('',#7985);
#7167=PLANE('',#7986);
#7168=PLANE('',#7987);
#7169=PLANE('',#7988);
#7170=PLANE('',#7989);
#7171=PLANE('',#7991);
#7172=PLANE('',#7992);
#7173=PLANE('',#7995);
#7174=PLANE('',#7996);
#7175=PLANE('',#7997);
#7176=PLANE('',#8000);
#7177=PLANE('',#8001);
#7178=PLANE('',#8002);
#7179=PLANE('',#8003);
#7180=PLANE('',#8004);
#7181=PLANE('',#8005);
#7182=PLANE('',#8006);
#7183=PLANE('',#8007);
#7184=PLANE('',#8008);
#7185=PLANE('',#8009);
#7186=PLANE('',#8010);
#7187=PLANE('',#8011);
#7188=PLANE('',#8012);
#7189=PLANE('',#8013);
#7190=PLANE('',#8014);
#7191=PLANE('',#8016);
#7192=PLANE('',#8017);
#7193=PLANE('',#8020);
#7194=PLANE('',#8021);
#7195=PLANE('',#8022);
#7196=PLANE('',#8025);
#7197=PLANE('',#8026);
#7198=PLANE('',#8027);
#7199=PLANE('',#8028);
#7200=PLANE('',#8029);
#7201=PLANE('',#8030);
#7202=PLANE('',#8031);
#7203=PLANE('',#8032);
#7204=PLANE('',#8033);
#7205=PLANE('',#8034);
#7206=PLANE('',#8035);
#7207=PLANE('',#8036);
#7208=PLANE('',#8037);
#7209=PLANE('',#8038);
#7210=PLANE('',#8039);
#7211=PLANE('',#8041);
#7212=PLANE('',#8042);
#7213=PLANE('',#8045);
#7214=PLANE('',#8046);
#7215=PLANE('',#8047);
#7216=PLANE('',#8050);
#7217=PLANE('',#8051);
#7218=PLANE('',#8052);
#7219=PLANE('',#8053);
#7220=PLANE('',#8054);
#7221=PLANE('',#8055);
#7222=PLANE('',#8056);
#7223=PLANE('',#8057);
#7224=PLANE('',#8058);
#7225=PLANE('',#8059);
#7226=PLANE('',#8060);
#7227=PLANE('',#8061);
#7228=PLANE('',#8062);
#7229=PLANE('',#8063);
#7230=PLANE('',#8064);
#7231=PLANE('',#8066);
#7232=PLANE('',#8067);
#7233=PLANE('',#8070);
#7234=PLANE('',#8071);
#7235=PLANE('',#8072);
#7236=PLANE('',#8075);
#7237=PLANE('',#8076);
#7238=PLANE('',#8077);
#7239=PLANE('',#8078);
#7240=PLANE('',#8079);
#7241=PLANE('',#8080);
#7242=PLANE('',#8081);
#7243=PLANE('',#8082);
#7244=PLANE('',#8083);
#7245=PLANE('',#8084);
#7246=PLANE('',#8085);
#7247=PLANE('',#8086);
#7248=PLANE('',#8087);
#7249=PLANE('',#8208);
#7250=PLANE('',#8209);
#7251=PLANE('',#8210);
#7252=PLANE('',#8211);
#7253=PLANE('',#8212);
#7254=PLANE('',#8213);
#7255=PLANE('',#8214);
#7256=PLANE('',#8215);
#7257=ADVANCED_FACE('',(#6582),#6996,.T.);
#7258=ADVANCED_FACE('',(#6583),#6997,.T.);
#7259=ADVANCED_FACE('',(#6584),#6998,.T.);
#7260=ADVANCED_FACE('',(#6585),#6999,.T.);
#7261=ADVANCED_FACE('',(#6586),#7000,.T.);
#7262=ADVANCED_FACE('',(#6587),#7001,.T.);
#7263=ADVANCED_FACE('',(#6588),#7002,.T.);
#7264=ADVANCED_FACE('',(#6589),#7003,.T.);
#7265=ADVANCED_FACE('',(#6590,#6591),#7004,.F.);
#7266=ADVANCED_FACE('',(#6592),#7005,.F.);
#7267=ADVANCED_FACE('',(#6593),#7006,.T.);
#7268=ADVANCED_FACE('',(#6594,#6595),#7007,.T.);
#7269=ADVANCED_FACE('',(#6596),#7008,.T.);
#7270=ADVANCED_FACE('',(#6597),#7009,.F.);
#7271=ADVANCED_FACE('',(#6598),#7010,.F.);
#7272=ADVANCED_FACE('',(#6599),#7011,.F.);
#7273=ADVANCED_FACE('',(#6600),#7012,.T.);
#7274=ADVANCED_FACE('',(#6601),#7013,.F.);
#7275=ADVANCED_FACE('',(#6602),#7014,.F.);
#7276=ADVANCED_FACE('',(#6603),#7015,.T.);
#7277=ADVANCED_FACE('',(#6604,#6605),#7016,.T.);
#7278=ADVANCED_FACE('',(#6606),#7017,.F.);
#7279=ADVANCED_FACE('',(#6607),#7018,.F.);
#7280=ADVANCED_FACE('',(#6608),#7019,.F.);
#7281=ADVANCED_FACE('',(#6609),#7020,.T.);
#7282=ADVANCED_FACE('',(#6610),#7021,.F.);
#7283=ADVANCED_FACE('',(#6611),#7022,.F.);
#7284=ADVANCED_FACE('',(#6612),#7023,.T.);
#7285=ADVANCED_FACE('',(#6613),#7024,.T.);
#7286=ADVANCED_FACE('',(#6614),#7025,.F.);
#7287=ADVANCED_FACE('',(#6615),#7026,.F.);
#7288=ADVANCED_FACE('',(#6616),#7027,.F.);
#7289=ADVANCED_FACE('',(#6617),#7028,.T.);
#7290=ADVANCED_FACE('',(#6618),#7029,.F.);
#7291=ADVANCED_FACE('',(#6619),#7030,.F.);
#7292=ADVANCED_FACE('',(#6620),#7031,.T.);
#7293=ADVANCED_FACE('',(#6621,#6622),#7032,.T.);
#7294=ADVANCED_FACE('',(#6623),#7033,.F.);
#7295=ADVANCED_FACE('',(#6624),#7034,.F.);
#7296=ADVANCED_FACE('',(#6625),#7035,.F.);
#7297=ADVANCED_FACE('',(#6626),#7036,.T.);
#7298=ADVANCED_FACE('',(#6627),#7037,.F.);
#7299=ADVANCED_FACE('',(#6628),#7038,.F.);
#7300=ADVANCED_FACE('',(#6629),#7039,.T.);
#7301=ADVANCED_FACE('',(#6630),#7040,.T.);
#7302=ADVANCED_FACE('',(#6631),#7041,.F.);
#7303=ADVANCED_FACE('',(#6632),#7042,.F.);
#7304=ADVANCED_FACE('',(#6633),#7043,.F.);
#7305=ADVANCED_FACE('',(#6634),#7044,.T.);
#7306=ADVANCED_FACE('',(#6635),#7045,.F.);
#7307=ADVANCED_FACE('',(#6636),#7046,.F.);
#7308=ADVANCED_FACE('',(#6637),#7047,.T.);
#7309=ADVANCED_FACE('',(#6638,#6639),#7048,.T.);
#7310=ADVANCED_FACE('',(#6640),#7049,.F.);
#7311=ADVANCED_FACE('',(#6641),#7050,.F.);
#7312=ADVANCED_FACE('',(#6642),#7051,.F.);
#7313=ADVANCED_FACE('',(#6643),#7052,.T.);
#7314=ADVANCED_FACE('',(#6644),#7053,.F.);
#7315=ADVANCED_FACE('',(#6645),#7054,.F.);
#7316=ADVANCED_FACE('',(#6646),#7055,.T.);
#7317=ADVANCED_FACE('',(#6647),#7056,.T.);
#7318=ADVANCED_FACE('',(#6648),#7057,.F.);
#7319=ADVANCED_FACE('',(#6649),#7058,.F.);
#7320=ADVANCED_FACE('',(#6650),#7059,.F.);
#7321=ADVANCED_FACE('',(#6651),#7060,.T.);
#7322=ADVANCED_FACE('',(#6652),#7061,.F.);
#7323=ADVANCED_FACE('',(#6653),#7062,.F.);
#7324=ADVANCED_FACE('',(#6654),#7063,.T.);
#7325=ADVANCED_FACE('',(#6655),#7064,.F.);
#7326=ADVANCED_FACE('',(#6656),#7065,.F.);
#7327=ADVANCED_FACE('',(#6657),#7066,.F.);
#7328=ADVANCED_FACE('',(#6658),#7067,.T.);
#7329=ADVANCED_FACE('',(#6659),#44,.T.);
#7330=ADVANCED_FACE('',(#6660),#45,.T.);
#7331=ADVANCED_FACE('',(#6661),#46,.T.);
#7332=ADVANCED_FACE('',(#6662),#47,.T.);
#7333=ADVANCED_FACE('',(#6663),#7068,.F.);
#7334=ADVANCED_FACE('',(#6664),#7069,.T.);
#7335=ADVANCED_FACE('',(#6665),#7070,.T.);
#7336=ADVANCED_FACE('',(#6666),#7071,.T.);
#7337=ADVANCED_FACE('',(#6667),#7072,.T.);
#7338=ADVANCED_FACE('',(#6668),#7073,.T.);
#7339=ADVANCED_FACE('',(#6669),#7074,.T.);
#7340=ADVANCED_FACE('',(#6670),#7075,.T.);
#7341=ADVANCED_FACE('',(#6671),#7076,.T.);
#7342=ADVANCED_FACE('',(#6672),#7077,.F.);
#7343=ADVANCED_FACE('',(#6673),#7078,.F.);
#7344=ADVANCED_FACE('',(#6674),#7079,.F.);
#7345=ADVANCED_FACE('',(#6675),#7080,.F.);
#7346=ADVANCED_FACE('',(#6676),#7081,.F.);
#7347=ADVANCED_FACE('',(#6677),#7082,.F.);
#7348=ADVANCED_FACE('',(#6678),#7083,.F.);
#7349=ADVANCED_FACE('',(#6679),#7084,.F.);
#7350=ADVANCED_FACE('',(#6680,#6681),#48,.F.);
#7351=ADVANCED_FACE('',(#6682),#7085,.T.);
#7352=ADVANCED_FACE('',(#6683,#6684),#49,.F.);
#7353=ADVANCED_FACE('',(#6685),#7086,.T.);
#7354=ADVANCED_FACE('',(#6686,#6687),#50,.F.);
#7355=ADVANCED_FACE('',(#6688),#7087,.T.);
#7356=ADVANCED_FACE('',(#6689,#6690),#51,.F.);
#7357=ADVANCED_FACE('',(#6691),#7088,.T.);
#7358=ADVANCED_FACE('',(#6692),#7089,.T.);
#7359=ADVANCED_FACE('',(#6693),#7090,.T.);
#7360=ADVANCED_FACE('',(#6694),#7091,.T.);
#7361=ADVANCED_FACE('',(#6695),#7092,.F.);
#7362=ADVANCED_FACE('',(#6696),#52,.F.);
#7363=ADVANCED_FACE('',(#6697),#7093,.F.);
#7364=ADVANCED_FACE('',(#6698),#7094,.T.);
#7365=ADVANCED_FACE('',(#6699),#7095,.F.);
#7366=ADVANCED_FACE('',(#6700),#53,.F.);
#7367=ADVANCED_FACE('',(#6701),#7096,.F.);
#7368=ADVANCED_FACE('',(#6702),#7097,.T.);
#7369=ADVANCED_FACE('',(#6703),#7098,.T.);
#7370=ADVANCED_FACE('',(#6704),#7099,.T.);
#7371=ADVANCED_FACE('',(#6705),#7100,.T.);
#7372=ADVANCED_FACE('',(#6706),#7101,.T.);
#7373=ADVANCED_FACE('',(#6707),#7102,.T.);
#7374=ADVANCED_FACE('',(#6708),#7103,.T.);
#7375=ADVANCED_FACE('',(#6709),#7104,.F.);
#7376=ADVANCED_FACE('',(#6710),#7105,.T.);
#7377=ADVANCED_FACE('',(#6711),#7106,.F.);
#7378=ADVANCED_FACE('',(#6712),#7107,.T.);
#7379=ADVANCED_FACE('',(#6713),#7108,.F.);
#7380=ADVANCED_FACE('',(#6714),#7109,.T.);
#7381=ADVANCED_FACE('',(#6715),#7110,.T.);
#7382=ADVANCED_FACE('',(#6716),#7111,.T.);
#7383=ADVANCED_FACE('',(#6717),#7112,.F.);
#7384=ADVANCED_FACE('',(#6718),#54,.F.);
#7385=ADVANCED_FACE('',(#6719),#7113,.F.);
#7386=ADVANCED_FACE('',(#6720),#7114,.T.);
#7387=ADVANCED_FACE('',(#6721),#7115,.F.);
#7388=ADVANCED_FACE('',(#6722),#55,.F.);
#7389=ADVANCED_FACE('',(#6723),#7116,.F.);
#7390=ADVANCED_FACE('',(#6724),#7117,.T.);
#7391=ADVANCED_FACE('',(#6725),#7118,.T.);
#7392=ADVANCED_FACE('',(#6726),#7119,.T.);
#7393=ADVANCED_FACE('',(#6727),#7120,.T.);
#7394=ADVANCED_FACE('',(#6728),#7121,.T.);
#7395=ADVANCED_FACE('',(#6729),#7122,.T.);
#7396=ADVANCED_FACE('',(#6730),#7123,.T.);
#7397=ADVANCED_FACE('',(#6731),#7124,.F.);
#7398=ADVANCED_FACE('',(#6732),#7125,.T.);
#7399=ADVANCED_FACE('',(#6733),#7126,.F.);
#7400=ADVANCED_FACE('',(#6734),#7127,.T.);
#7401=ADVANCED_FACE('',(#6735),#7128,.F.);
#7402=ADVANCED_FACE('',(#6736),#7129,.T.);
#7403=ADVANCED_FACE('',(#6737),#7130,.T.);
#7404=ADVANCED_FACE('',(#6738),#7131,.T.);
#7405=ADVANCED_FACE('',(#6739),#7132,.F.);
#7406=ADVANCED_FACE('',(#6740),#56,.F.);
#7407=ADVANCED_FACE('',(#6741),#7133,.F.);
#7408=ADVANCED_FACE('',(#6742),#7134,.T.);
#7409=ADVANCED_FACE('',(#6743),#7135,.F.);
#7410=ADVANCED_FACE('',(#6744),#57,.F.);
#7411=ADVANCED_FACE('',(#6745),#7136,.F.);
#7412=ADVANCED_FACE('',(#6746),#7137,.T.);
#7413=ADVANCED_FACE('',(#6747),#7138,.T.);
#7414=ADVANCED_FACE('',(#6748),#7139,.T.);
#7415=ADVANCED_FACE('',(#6749),#7140,.T.);
#7416=ADVANCED_FACE('',(#6750),#7141,.T.);
#7417=ADVANCED_FACE('',(#6751),#7142,.T.);
#7418=ADVANCED_FACE('',(#6752),#7143,.T.);
#7419=ADVANCED_FACE('',(#6753),#7144,.F.);
#7420=ADVANCED_FACE('',(#6754),#7145,.T.);
#7421=ADVANCED_FACE('',(#6755),#7146,.F.);
#7422=ADVANCED_FACE('',(#6756),#7147,.T.);
#7423=ADVANCED_FACE('',(#6757),#7148,.F.);
#7424=ADVANCED_FACE('',(#6758),#7149,.T.);
#7425=ADVANCED_FACE('',(#6759),#7150,.T.);
#7426=ADVANCED_FACE('',(#6760),#7151,.T.);
#7427=ADVANCED_FACE('',(#6761),#7152,.F.);
#7428=ADVANCED_FACE('',(#6762),#58,.F.);
#7429=ADVANCED_FACE('',(#6763),#7153,.F.);
#7430=ADVANCED_FACE('',(#6764),#7154,.T.);
#7431=ADVANCED_FACE('',(#6765),#7155,.F.);
#7432=ADVANCED_FACE('',(#6766),#59,.F.);
#7433=ADVANCED_FACE('',(#6767),#7156,.F.);
#7434=ADVANCED_FACE('',(#6768),#7157,.T.);
#7435=ADVANCED_FACE('',(#6769),#7158,.T.);
#7436=ADVANCED_FACE('',(#6770),#7159,.T.);
#7437=ADVANCED_FACE('',(#6771),#7160,.T.);
#7438=ADVANCED_FACE('',(#6772),#7161,.T.);
#7439=ADVANCED_FACE('',(#6773),#7162,.T.);
#7440=ADVANCED_FACE('',(#6774),#7163,.T.);
#7441=ADVANCED_FACE('',(#6775),#7164,.F.);
#7442=ADVANCED_FACE('',(#6776),#7165,.T.);
#7443=ADVANCED_FACE('',(#6777),#7166,.F.);
#7444=ADVANCED_FACE('',(#6778),#7167,.T.);
#7445=ADVANCED_FACE('',(#6779),#7168,.F.);
#7446=ADVANCED_FACE('',(#6780),#7169,.T.);
#7447=ADVANCED_FACE('',(#6781),#7170,.T.);
#7448=ADVANCED_FACE('',(#6782),#7171,.T.);
#7449=ADVANCED_FACE('',(#6783),#7172,.F.);
#7450=ADVANCED_FACE('',(#6784),#60,.F.);
#7451=ADVANCED_FACE('',(#6785),#7173,.F.);
#7452=ADVANCED_FACE('',(#6786),#7174,.T.);
#7453=ADVANCED_FACE('',(#6787),#7175,.F.);
#7454=ADVANCED_FACE('',(#6788),#61,.F.);
#7455=ADVANCED_FACE('',(#6789),#7176,.F.);
#7456=ADVANCED_FACE('',(#6790),#7177,.T.);
#7457=ADVANCED_FACE('',(#6791),#7178,.T.);
#7458=ADVANCED_FACE('',(#6792),#7179,.T.);
#7459=ADVANCED_FACE('',(#6793),#7180,.T.);
#7460=ADVANCED_FACE('',(#6794),#7181,.T.);
#7461=ADVANCED_FACE('',(#6795),#7182,.T.);
#7462=ADVANCED_FACE('',(#6796),#7183,.T.);
#7463=ADVANCED_FACE('',(#6797),#7184,.F.);
#7464=ADVANCED_FACE('',(#6798),#7185,.T.);
#7465=ADVANCED_FACE('',(#6799),#7186,.F.);
#7466=ADVANCED_FACE('',(#6800),#7187,.T.);
#7467=ADVANCED_FACE('',(#6801),#7188,.F.);
#7468=ADVANCED_FACE('',(#6802),#7189,.T.);
#7469=ADVANCED_FACE('',(#6803),#7190,.T.);
#7470=ADVANCED_FACE('',(#6804),#7191,.T.);
#7471=ADVANCED_FACE('',(#6805),#7192,.F.);
#7472=ADVANCED_FACE('',(#6806),#62,.F.);
#7473=ADVANCED_FACE('',(#6807),#7193,.F.);
#7474=ADVANCED_FACE('',(#6808),#7194,.T.);
#7475=ADVANCED_FACE('',(#6809),#7195,.F.);
#7476=ADVANCED_FACE('',(#6810),#63,.F.);
#7477=ADVANCED_FACE('',(#6811),#7196,.F.);
#7478=ADVANCED_FACE('',(#6812),#7197,.T.);
#7479=ADVANCED_FACE('',(#6813),#7198,.T.);
#7480=ADVANCED_FACE('',(#6814),#7199,.T.);
#7481=ADVANCED_FACE('',(#6815),#7200,.T.);
#7482=ADVANCED_FACE('',(#6816),#7201,.T.);
#7483=ADVANCED_FACE('',(#6817),#7202,.T.);
#7484=ADVANCED_FACE('',(#6818),#7203,.T.);
#7485=ADVANCED_FACE('',(#6819),#7204,.F.);
#7486=ADVANCED_FACE('',(#6820),#7205,.T.);
#7487=ADVANCED_FACE('',(#6821),#7206,.F.);
#7488=ADVANCED_FACE('',(#6822),#7207,.T.);
#7489=ADVANCED_FACE('',(#6823),#7208,.F.);
#7490=ADVANCED_FACE('',(#6824),#7209,.T.);
#7491=ADVANCED_FACE('',(#6825),#7210,.T.);
#7492=ADVANCED_FACE('',(#6826),#7211,.T.);
#7493=ADVANCED_FACE('',(#6827),#7212,.F.);
#7494=ADVANCED_FACE('',(#6828),#64,.F.);
#7495=ADVANCED_FACE('',(#6829),#7213,.F.);
#7496=ADVANCED_FACE('',(#6830),#7214,.T.);
#7497=ADVANCED_FACE('',(#6831),#7215,.F.);
#7498=ADVANCED_FACE('',(#6832),#65,.F.);
#7499=ADVANCED_FACE('',(#6833),#7216,.F.);
#7500=ADVANCED_FACE('',(#6834),#7217,.T.);
#7501=ADVANCED_FACE('',(#6835),#7218,.T.);
#7502=ADVANCED_FACE('',(#6836),#7219,.T.);
#7503=ADVANCED_FACE('',(#6837),#7220,.T.);
#7504=ADVANCED_FACE('',(#6838),#7221,.T.);
#7505=ADVANCED_FACE('',(#6839),#7222,.T.);
#7506=ADVANCED_FACE('',(#6840),#7223,.T.);
#7507=ADVANCED_FACE('',(#6841),#7224,.F.);
#7508=ADVANCED_FACE('',(#6842),#7225,.T.);
#7509=ADVANCED_FACE('',(#6843),#7226,.F.);
#7510=ADVANCED_FACE('',(#6844),#7227,.T.);
#7511=ADVANCED_FACE('',(#6845),#7228,.F.);
#7512=ADVANCED_FACE('',(#6846),#7229,.T.);
#7513=ADVANCED_FACE('',(#6847),#7230,.T.);
#7514=ADVANCED_FACE('',(#6848),#7231,.T.);
#7515=ADVANCED_FACE('',(#6849),#7232,.F.);
#7516=ADVANCED_FACE('',(#6850),#66,.F.);
#7517=ADVANCED_FACE('',(#6851),#7233,.F.);
#7518=ADVANCED_FACE('',(#6852),#7234,.T.);
#7519=ADVANCED_FACE('',(#6853),#7235,.F.);
#7520=ADVANCED_FACE('',(#6854),#67,.F.);
#7521=ADVANCED_FACE('',(#6855),#7236,.F.);
#7522=ADVANCED_FACE('',(#6856),#7237,.T.);
#7523=ADVANCED_FACE('',(#6857),#7238,.T.);
#7524=ADVANCED_FACE('',(#6858),#7239,.T.);
#7525=ADVANCED_FACE('',(#6859),#7240,.T.);
#7526=ADVANCED_FACE('',(#6860),#7241,.T.);
#7527=ADVANCED_FACE('',(#6861),#7242,.T.);
#7528=ADVANCED_FACE('',(#6862),#7243,.T.);
#7529=ADVANCED_FACE('',(#6863),#7244,.F.);
#7530=ADVANCED_FACE('',(#6864),#7245,.T.);
#7531=ADVANCED_FACE('',(#6865),#7246,.F.);
#7532=ADVANCED_FACE('',(#6866),#7247,.T.);
#7533=ADVANCED_FACE('',(#6867),#7248,.F.);
#7534=ADVANCED_FACE('',(#6868),#68,.T.);
#7535=ADVANCED_FACE('',(#6869),#69,.T.);
#7536=ADVANCED_FACE('',(#6870),#70,.T.);
#7537=ADVANCED_FACE('',(#6871),#71,.T.);
#7538=ADVANCED_FACE('',(#6872),#72,.F.);
#7539=ADVANCED_FACE('',(#6873),#73,.F.);
#7540=ADVANCED_FACE('',(#6874),#74,.T.);
#7541=ADVANCED_FACE('',(#6875),#75,.F.);
#7542=ADVANCED_FACE('',(#6876),#76,.F.);
#7543=ADVANCED_FACE('',(#6877),#77,.F.);
#7544=ADVANCED_FACE('',(#6878),#78,.F.);
#7545=ADVANCED_FACE('',(#6879),#79,.T.);
#7546=ADVANCED_FACE('',(#6880),#80,.F.);
#7547=ADVANCED_FACE('',(#6881),#81,.F.);
#7548=ADVANCED_FACE('',(#6882),#82,.F.);
#7549=ADVANCED_FACE('',(#6883),#83,.F.);
#7550=ADVANCED_FACE('',(#6884),#84,.T.);
#7551=ADVANCED_FACE('',(#6885),#85,.F.);
#7552=ADVANCED_FACE('',(#6886),#86,.F.);
#7553=ADVANCED_FACE('',(#6887),#87,.F.);
#7554=ADVANCED_FACE('',(#6888),#88,.F.);
#7555=ADVANCED_FACE('',(#6889),#89,.F.);
#7556=ADVANCED_FACE('',(#6890),#90,.T.);
#7557=ADVANCED_FACE('',(#6891),#91,.F.);
#7558=ADVANCED_FACE('',(#6892),#92,.T.);
#7559=ADVANCED_FACE('',(#6893),#93,.F.);
#7560=ADVANCED_FACE('',(#6894),#94,.T.);
#7561=ADVANCED_FACE('',(#6895),#20,.F.);
#7562=ADVANCED_FACE('',(#6896),#95,.F.);
#7563=ADVANCED_FACE('',(#6897),#96,.T.);
#7564=ADVANCED_FACE('',(#6898),#97,.F.);
#7565=ADVANCED_FACE('',(#6899),#98,.T.);
#7566=ADVANCED_FACE('',(#6900),#21,.F.);
#7567=ADVANCED_FACE('',(#6901),#99,.F.);
#7568=ADVANCED_FACE('',(#6902),#100,.T.);
#7569=ADVANCED_FACE('',(#6903),#101,.F.);
#7570=ADVANCED_FACE('',(#6904),#102,.T.);
#7571=ADVANCED_FACE('',(#6905),#22,.F.);
#7572=ADVANCED_FACE('',(#6906),#103,.F.);
#7573=ADVANCED_FACE('',(#6907),#104,.T.);
#7574=ADVANCED_FACE('',(#6908),#105,.F.);
#7575=ADVANCED_FACE('',(#6909),#106,.T.);
#7576=ADVANCED_FACE('',(#6910),#23,.F.);
#7577=ADVANCED_FACE('',(#6911),#107,.F.);
#7578=ADVANCED_FACE('',(#6912),#108,.T.);
#7579=ADVANCED_FACE('',(#6913),#109,.F.);
#7580=ADVANCED_FACE('',(#6914),#110,.T.);
#7581=ADVANCED_FACE('',(#6915),#24,.F.);
#7582=ADVANCED_FACE('',(#6916),#111,.F.);
#7583=ADVANCED_FACE('',(#6917),#112,.T.);
#7584=ADVANCED_FACE('',(#6918),#113,.F.);
#7585=ADVANCED_FACE('',(#6919),#114,.T.);
#7586=ADVANCED_FACE('',(#6920),#25,.F.);
#7587=ADVANCED_FACE('',(#6921),#115,.F.);
#7588=ADVANCED_FACE('',(#6922),#116,.T.);
#7589=ADVANCED_FACE('',(#6923),#117,.F.);
#7590=ADVANCED_FACE('',(#6924),#118,.T.);
#7591=ADVANCED_FACE('',(#6925),#26,.F.);
#7592=ADVANCED_FACE('',(#6926),#119,.F.);
#7593=ADVANCED_FACE('',(#6927),#120,.T.);
#7594=ADVANCED_FACE('',(#6928),#121,.F.);
#7595=ADVANCED_FACE('',(#6929),#122,.T.);
#7596=ADVANCED_FACE('',(#6930),#27,.F.);
#7597=ADVANCED_FACE('',(#6931),#123,.F.);
#7598=ADVANCED_FACE('',(#6932),#124,.F.);
#7599=ADVANCED_FACE('',(#6933),#28,.F.);
#7600=ADVANCED_FACE('',(#6934),#125,.F.);
#7601=ADVANCED_FACE('',(#6935),#29,.F.);
#7602=ADVANCED_FACE('',(#6936),#126,.F.);
#7603=ADVANCED_FACE('',(#6937),#30,.F.);
#7604=ADVANCED_FACE('',(#6938),#127,.F.);
#7605=ADVANCED_FACE('',(#6939),#31,.F.);
#7606=ADVANCED_FACE('',(#6940),#128,.F.);
#7607=ADVANCED_FACE('',(#6941),#32,.F.);
#7608=ADVANCED_FACE('',(#6942),#129,.F.);
#7609=ADVANCED_FACE('',(#6943),#33,.F.);
#7610=ADVANCED_FACE('',(#6944),#130,.F.);
#7611=ADVANCED_FACE('',(#6945),#34,.F.);
#7612=ADVANCED_FACE('',(#6946),#131,.F.);
#7613=ADVANCED_FACE('',(#6947),#35,.F.);
#7614=ADVANCED_FACE('',(#6948),#7249,.T.);
#7615=ADVANCED_FACE('',(#6949),#7250,.T.);
#7616=ADVANCED_FACE('',(#6950),#7251,.T.);
#7617=ADVANCED_FACE('',(#6951),#7252,.T.);
#7618=ADVANCED_FACE('',(#6952),#7253,.T.);
#7619=ADVANCED_FACE('',(#6953),#7254,.T.);
#7620=ADVANCED_FACE('',(#6954),#7255,.T.);
#7621=ADVANCED_FACE('',(#6955),#7256,.T.);
#7622=ADVANCED_FACE('',(#6956),#36,.T.);
#7623=ADVANCED_FACE('',(#6957),#132,.T.);
#7624=ADVANCED_FACE('',(#6958),#133,.T.);
#7625=ADVANCED_FACE('',(#6959),#12,.T.);
#7626=ADVANCED_FACE('',(#6960),#134,.T.);
#7627=ADVANCED_FACE('',(#6961),#37,.T.);
#7628=ADVANCED_FACE('',(#6962),#135,.T.);
#7629=ADVANCED_FACE('',(#6963),#136,.T.);
#7630=ADVANCED_FACE('',(#6964),#13,.T.);
#7631=ADVANCED_FACE('',(#6965),#137,.T.);
#7632=ADVANCED_FACE('',(#6966),#38,.T.);
#7633=ADVANCED_FACE('',(#6967),#138,.T.);
#7634=ADVANCED_FACE('',(#6968),#139,.T.);
#7635=ADVANCED_FACE('',(#6969),#14,.T.);
#7636=ADVANCED_FACE('',(#6970),#140,.T.);
#7637=ADVANCED_FACE('',(#6971),#39,.T.);
#7638=ADVANCED_FACE('',(#6972),#141,.T.);
#7639=ADVANCED_FACE('',(#6973),#142,.T.);
#7640=ADVANCED_FACE('',(#6974),#15,.T.);
#7641=ADVANCED_FACE('',(#6975),#143,.T.);
#7642=ADVANCED_FACE('',(#6976),#40,.T.);
#7643=ADVANCED_FACE('',(#6977),#144,.T.);
#7644=ADVANCED_FACE('',(#6978),#145,.T.);
#7645=ADVANCED_FACE('',(#6979),#16,.T.);
#7646=ADVANCED_FACE('',(#6980),#146,.T.);
#7647=ADVANCED_FACE('',(#6981),#41,.T.);
#7648=ADVANCED_FACE('',(#6982),#147,.T.);
#7649=ADVANCED_FACE('',(#6983),#148,.T.);
#7650=ADVANCED_FACE('',(#6984),#17,.T.);
#7651=ADVANCED_FACE('',(#6985),#149,.T.);
#7652=ADVANCED_FACE('',(#6986),#42,.T.);
#7653=ADVANCED_FACE('',(#6987),#150,.T.);
#7654=ADVANCED_FACE('',(#6988),#151,.T.);
#7655=ADVANCED_FACE('',(#6989),#18,.T.);
#7656=ADVANCED_FACE('',(#6990),#152,.T.);
#7657=ADVANCED_FACE('',(#6991),#43,.T.);
#7658=ADVANCED_FACE('',(#6992),#153,.T.);
#7659=ADVANCED_FACE('',(#6993),#154,.T.);
#7660=ADVANCED_FACE('',(#6994),#19,.T.);
#7661=ADVANCED_FACE('',(#6995),#155,.T.);
#7662=CLOSED_SHELL('',(#7257,#7258,#7259,#7260,#7261,#7262,#7263,#7264,
#7265,#7266,#7267,#7268,#7269,#7270,#7271,#7272,#7273,#7274,#7275,#7276,
#7277,#7278,#7279,#7280,#7281,#7282,#7283,#7284,#7285,#7286,#7287,#7288,
#7289,#7290,#7291,#7292,#7293,#7294,#7295,#7296,#7297,#7298,#7299,#7300,
#7301,#7302,#7303,#7304,#7305,#7306,#7307,#7308,#7309,#7310,#7311,#7312,
#7313,#7314,#7315,#7316,#7317,#7318,#7319,#7320,#7321,#7322,#7323,#7324,
#7325,#7326,#7327,#7328,#7329,#7330,#7331,#7332,#7333,#7334,#7335,#7336,
#7337,#7338,#7339,#7340,#7341,#7342,#7343,#7344,#7345,#7346,#7347,#7348,
#7349,#7350,#7351,#7352,#7353,#7354,#7355,#7356,#7357,#7358,#7359,#7360,
#7361,#7362,#7363,#7364,#7365,#7366,#7367,#7368,#7369,#7370,#7371,#7372,
#7373,#7374,#7375,#7376,#7377,#7378,#7379,#7380,#7381,#7382,#7383,#7384,
#7385,#7386,#7387,#7388,#7389,#7390,#7391,#7392,#7393,#7394,#7395,#7396,
#7397,#7398,#7399,#7400,#7401,#7402,#7403,#7404,#7405,#7406,#7407,#7408,
#7409,#7410,#7411,#7412,#7413,#7414,#7415,#7416,#7417,#7418,#7419,#7420,
#7421,#7422,#7423,#7424,#7425,#7426,#7427,#7428,#7429,#7430,#7431,#7432,
#7433,#7434,#7435,#7436,#7437,#7438,#7439,#7440,#7441,#7442,#7443,#7444,
#7445,#7446,#7447,#7448,#7449,#7450,#7451,#7452,#7453,#7454,#7455,#7456,
#7457,#7458,#7459,#7460,#7461,#7462,#7463,#7464,#7465,#7466,#7467,#7468,
#7469,#7470,#7471,#7472,#7473,#7474,#7475,#7476,#7477,#7478,#7479,#7480,
#7481,#7482,#7483,#7484,#7485,#7486,#7487,#7488,#7489,#7490,#7491,#7492,
#7493,#7494,#7495,#7496,#7497,#7498,#7499,#7500,#7501,#7502,#7503,#7504,
#7505,#7506,#7507,#7508,#7509,#7510,#7511,#7512,#7513,#7514,#7515,#7516,
#7517,#7518,#7519,#7520,#7521,#7522,#7523,#7524,#7525,#7526,#7527,#7528,
#7529,#7530,#7531,#7532,#7533,#7534,#7535,#7536,#7537,#7538,#7539,#7540,
#7541,#7542,#7543,#7544,#7545,#7546,#7547,#7548,#7549,#7550,#7551,#7552,
#7553,#7554,#7555,#7556,#7557,#7558,#7559,#7560,#7561,#7562,#7563,#7564,
#7565,#7566,#7567,#7568,#7569,#7570,#7571,#7572,#7573,#7574,#7575,#7576,
#7577,#7578,#7579,#7580,#7581,#7582,#7583,#7584,#7585,#7586,#7587,#7588,
#7589,#7590,#7591,#7592,#7593,#7594,#7595,#7596,#7597,#7598,#7599,#7600,
#7601,#7602,#7603,#7604,#7605,#7606,#7607,#7608,#7609,#7610,#7611,#7612,
#7613,#7614,#7615,#7616,#7617,#7618,#7619,#7620,#7621,#7622,#7623,#7624,
#7625,#7626,#7627,#7628,#7629,#7630,#7631,#7632,#7633,#7634,#7635,#7636,
#7637,#7638,#7639,#7640,#7641,#7642,#7643,#7644,#7645,#7646,#7647,#7648,
#7649,#7650,#7651,#7652,#7653,#7654,#7655,#7656,#7657,#7658,#7659,#7660,
#7661));
#7663=STYLED_ITEM('',(#7664),#7671);
#7664=PRESENTATION_STYLE_ASSIGNMENT((#7665));
#7665=SURFACE_STYLE_USAGE(.BOTH.,#7666);
#7666=SURFACE_SIDE_STYLE('',(#7667));
#7667=SURFACE_STYLE_FILL_AREA(#7668);
#7668=FILL_AREA_STYLE('',(#7669));
#7669=FILL_AREA_STYLE_COLOUR('',#7670);
#7670=COLOUR_RGB('',0.615686274509804,0.811764705882353,0.929411764705882);
#7671=MANIFOLD_SOLID_BREP('Opto Stadium Lights',#7662);
#7672=SHAPE_DEFINITION_REPRESENTATION(#13084,#7673);
#7673=SHAPE_REPRESENTATION('Opto Stadium Lights',(#7674),#13079);
#7674=AXIS2_PLACEMENT_3D('',#10340,#8280,#8281);
#7675=AXIS2_PLACEMENT_3D('',#10341,#8282,#8283);
#7676=AXIS2_PLACEMENT_3D('',#10353,#8289,#8290);
#7677=AXIS2_PLACEMENT_3D('',#10357,#8292,#8293);
#7678=AXIS2_PLACEMENT_3D('',#10367,#8298,#8299);
#7679=AXIS2_PLACEMENT_3D('',#10375,#8303,#8304);
#7680=AXIS2_PLACEMENT_3D('',#10384,#8309,#8310);
#7681=AXIS2_PLACEMENT_3D('',#10400,#8318,#8319);
#7682=AXIS2_PLACEMENT_3D('',#10408,#8323,#8324);
#7683=AXIS2_PLACEMENT_3D('',#10418,#8329,#8330);
#7684=AXIS2_PLACEMENT_3D('',#10422,#8332,#8333);
#7685=AXIS2_PLACEMENT_3D('',#10427,#8336,#8337);
#7686=AXIS2_PLACEMENT_3D('',#10435,#8341,#8342);
#7687=AXIS2_PLACEMENT_3D('',#10439,#8344,#8345);
#7688=AXIS2_PLACEMENT_3D('',#10449,#8350,#8351);
#7689=AXIS2_PLACEMENT_3D('',#10457,#8355,#8356);
#7690=AXIS2_PLACEMENT_3D('',#10470,#8363,#8364);
#7691=AXIS2_PLACEMENT_3D('',#10486,#8372,#8373);
#7692=AXIS2_PLACEMENT_3D('',#10494,#8377,#8378);
#7693=AXIS2_PLACEMENT_3D('',#10504,#8383,#8384);
#7694=AXIS2_PLACEMENT_3D('',#10508,#8386,#8387);
#7695=AXIS2_PLACEMENT_3D('',#10513,#8390,#8391);
#7696=AXIS2_PLACEMENT_3D('',#10521,#8395,#8396);
#7697=AXIS2_PLACEMENT_3D('',#10525,#8398,#8399);
#7698=AXIS2_PLACEMENT_3D('',#10535,#8404,#8405);
#7699=AXIS2_PLACEMENT_3D('',#10543,#8409,#8410);
#7700=AXIS2_PLACEMENT_3D('',#10556,#8417,#8418);
#7701=AXIS2_PLACEMENT_3D('',#10572,#8426,#8427);
#7702=AXIS2_PLACEMENT_3D('',#10580,#8431,#8432);
#7703=AXIS2_PLACEMENT_3D('',#10590,#8437,#8438);
#7704=AXIS2_PLACEMENT_3D('',#10594,#8440,#8441);
#7705=AXIS2_PLACEMENT_3D('',#10599,#8444,#8445);
#7706=AXIS2_PLACEMENT_3D('',#10607,#8449,#8450);
#7707=AXIS2_PLACEMENT_3D('',#10611,#8452,#8453);
#7708=AXIS2_PLACEMENT_3D('',#10621,#8458,#8459);
#7709=AXIS2_PLACEMENT_3D('',#10629,#8463,#8464);
#7710=AXIS2_PLACEMENT_3D('',#10642,#8471,#8472);
#7711=AXIS2_PLACEMENT_3D('',#10658,#8480,#8481);
#7712=AXIS2_PLACEMENT_3D('',#10666,#8485,#8486);
#7713=AXIS2_PLACEMENT_3D('',#10676,#8491,#8492);
#7714=AXIS2_PLACEMENT_3D('',#10680,#8494,#8495);
#7715=AXIS2_PLACEMENT_3D('',#10685,#8498,#8499);
#7716=AXIS2_PLACEMENT_3D('',#10689,#8501,#8502);
#7717=AXIS2_PLACEMENT_3D('',#10693,#8504,#8505);
#7718=AXIS2_PLACEMENT_3D('',#10697,#8507,#8508);
#7719=AXIS2_PLACEMENT_3D('',#10701,#8510,#8511);
#7720=AXIS2_PLACEMENT_3D('',#10705,#8513,#8514);
#7721=AXIS2_PLACEMENT_3D('',#10709,#8516,#8517);
#7722=AXIS2_PLACEMENT_3D('',#10713,#8519,#8520);
#7723=AXIS2_PLACEMENT_3D('',#10717,#8522,#8523);
#7724=AXIS2_PLACEMENT_3D('',#10718,#8524,#8525);
#7725=AXIS2_PLACEMENT_3D('',#10722,#8527,#8528);
#7726=AXIS2_PLACEMENT_3D('',#10723,#8529,#8530);
#7727=AXIS2_PLACEMENT_3D('',#10727,#8532,#8533);
#7728=AXIS2_PLACEMENT_3D('',#10728,#8534,#8535);
#7729=AXIS2_PLACEMENT_3D('',#10732,#8537,#8538);
#7730=AXIS2_PLACEMENT_3D('',#10733,#8539,#8540);
#7731=AXIS2_PLACEMENT_3D('',#10737,#8542,#8543);
#7732=AXIS2_PLACEMENT_3D('',#10738,#8544,#8545);
#7733=AXIS2_PLACEMENT_3D('',#10742,#8547,#8548);
#7734=AXIS2_PLACEMENT_3D('',#10743,#8549,#8550);
#7735=AXIS2_PLACEMENT_3D('',#10747,#8552,#8553);
#7736=AXIS2_PLACEMENT_3D('',#10748,#8554,#8555);
#7737=AXIS2_PLACEMENT_3D('',#10752,#8557,#8558);
#7738=AXIS2_PLACEMENT_3D('',#10753,#8559,#8560);
#7739=AXIS2_PLACEMENT_3D('',#10757,#8562,#8563);
#7740=AXIS2_PLACEMENT_3D('',#10758,#8564,#8565);
#7741=AXIS2_PLACEMENT_3D('',#10762,#8567,#8568);
#7742=AXIS2_PLACEMENT_3D('',#10775,#8575,#8576);
#7743=AXIS2_PLACEMENT_3D('',#10779,#8578,#8579);
#7744=AXIS2_PLACEMENT_3D('',#10792,#8586,#8587);
#7745=AXIS2_PLACEMENT_3D('',#10793,#8588,#8589);
#7746=AXIS2_PLACEMENT_3D('',#10805,#8595,#8596);
#7747=AXIS2_PLACEMENT_3D('',#10821,#8604,#8605);
#7748=AXIS2_PLACEMENT_3D('',#10824,#8607,#8608);
#7749=AXIS2_PLACEMENT_3D('',#10828,#8610,#8611);
#7750=AXIS2_PLACEMENT_3D('',#10841,#8618,#8619);
#7751=AXIS2_PLACEMENT_3D('',#10854,#8626,#8627);
#7752=AXIS2_PLACEMENT_3D('',#10858,#8630,#8631);
#7753=AXIS2_PLACEMENT_3D('',#10861,#8633,#8634);
#7754=AXIS2_PLACEMENT_3D('',#10865,#8637,#8638);
#7755=AXIS2_PLACEMENT_3D('',#10876,#8642,#8643);
#7756=AXIS2_PLACEMENT_3D('',#10880,#8646,#8647);
#7757=AXIS2_PLACEMENT_3D('',#10888,#8653,#8654);
#7758=AXIS2_PLACEMENT_3D('',#10891,#8656,#8657);
#7759=AXIS2_PLACEMENT_3D('',#10902,#8663,#8664);
#7760=AXIS2_PLACEMENT_3D('',#10906,#8666,#8667);
#7761=AXIS2_PLACEMENT_3D('',#10919,#8674,#8675);
#7762=AXIS2_PLACEMENT_3D('',#10920,#8676,#8677);
#7763=AXIS2_PLACEMENT_3D('',#10928,#8681,#8682);
#7764=AXIS2_PLACEMENT_3D('',#10944,#8690,#8691);
#7765=AXIS2_PLACEMENT_3D('',#10951,#8695,#8696);
#7766=AXIS2_PLACEMENT_3D('',#10955,#8699,#8700);
#7767=AXIS2_PLACEMENT_3D('',#10958,#8702,#8703);
#7768=AXIS2_PLACEMENT_3D('',#10967,#8706,#8707);
#7769=AXIS2_PLACEMENT_3D('',#10973,#8711,#8712);
#7770=AXIS2_PLACEMENT_3D('',#10977,#8715,#8716);
#7771=AXIS2_PLACEMENT_3D('',#10985,#8722,#8723);
#7772=AXIS2_PLACEMENT_3D('',#10988,#8725,#8726);
#7773=AXIS2_PLACEMENT_3D('',#10999,#8732,#8733);
#7774=AXIS2_PLACEMENT_3D('',#11003,#8735,#8736);
#7775=AXIS2_PLACEMENT_3D('',#11016,#8743,#8744);
#7776=AXIS2_PLACEMENT_3D('',#11020,#8746,#8747);
#7777=AXIS2_PLACEMENT_3D('',#11033,#8754,#8755);
#7778=AXIS2_PLACEMENT_3D('',#11046,#8762,#8763);
#7779=AXIS2_PLACEMENT_3D('',#11050,#8766,#8767);
#7780=AXIS2_PLACEMENT_3D('',#11053,#8769,#8770);
#7781=AXIS2_PLACEMENT_3D('',#11057,#8773,#8774);
#7782=AXIS2_PLACEMENT_3D('',#11068,#8778,#8779);
#7783=AXIS2_PLACEMENT_3D('',#11072,#8782,#8783);
#7784=AXIS2_PLACEMENT_3D('',#11080,#8789,#8790);
#7785=AXIS2_PLACEMENT_3D('',#11083,#8792,#8793);
#7786=AXIS2_PLACEMENT_3D('',#11094,#8799,#8800);
#7787=AXIS2_PLACEMENT_3D('',#11098,#8802,#8803);
#7788=AXIS2_PLACEMENT_3D('',#11111,#8810,#8811);
#7789=AXIS2_PLACEMENT_3D('',#11112,#8812,#8813);
#7790=AXIS2_PLACEMENT_3D('',#11120,#8817,#8818);
#7791=AXIS2_PLACEMENT_3D('',#11136,#8826,#8827);
#7792=AXIS2_PLACEMENT_3D('',#11143,#8831,#8832);
#7793=AXIS2_PLACEMENT_3D('',#11147,#8835,#8836);
#7794=AXIS2_PLACEMENT_3D('',#11150,#8838,#8839);
#7795=AXIS2_PLACEMENT_3D('',#11159,#8842,#8843);
#7796=AXIS2_PLACEMENT_3D('',#11165,#8847,#8848);
#7797=AXIS2_PLACEMENT_3D('',#11169,#8851,#8852);
#7798=AXIS2_PLACEMENT_3D('',#11177,#8858,#8859);
#7799=AXIS2_PLACEMENT_3D('',#11180,#8861,#8862);
#7800=AXIS2_PLACEMENT_3D('',#11191,#8868,#8869);
#7801=AXIS2_PLACEMENT_3D('',#11195,#8871,#8872);
#7802=AXIS2_PLACEMENT_3D('',#11208,#8879,#8880);
#7803=AXIS2_PLACEMENT_3D('',#11212,#8882,#8883);
#7804=AXIS2_PLACEMENT_3D('',#11225,#8890,#8891);
#7805=AXIS2_PLACEMENT_3D('',#11238,#8898,#8899);
#7806=AXIS2_PLACEMENT_3D('',#11242,#8902,#8903);
#7807=AXIS2_PLACEMENT_3D('',#11245,#8905,#8906);
#7808=AXIS2_PLACEMENT_3D('',#11249,#8909,#8910);
#7809=AXIS2_PLACEMENT_3D('',#11260,#8914,#8915);
#7810=AXIS2_PLACEMENT_3D('',#11264,#8918,#8919);
#7811=AXIS2_PLACEMENT_3D('',#11272,#8925,#8926);
#7812=AXIS2_PLACEMENT_3D('',#11275,#8928,#8929);
#7813=AXIS2_PLACEMENT_3D('',#11286,#8935,#8936);
#7814=AXIS2_PLACEMENT_3D('',#11290,#8938,#8939);
#7815=AXIS2_PLACEMENT_3D('',#11303,#8946,#8947);
#7816=AXIS2_PLACEMENT_3D('',#11304,#8948,#8949);
#7817=AXIS2_PLACEMENT_3D('',#11312,#8953,#8954);
#7818=AXIS2_PLACEMENT_3D('',#11328,#8962,#8963);
#7819=AXIS2_PLACEMENT_3D('',#11335,#8967,#8968);
#7820=AXIS2_PLACEMENT_3D('',#11339,#8971,#8972);
#7821=AXIS2_PLACEMENT_3D('',#11342,#8974,#8975);
#7822=AXIS2_PLACEMENT_3D('',#11351,#8978,#8979);
#7823=AXIS2_PLACEMENT_3D('',#11357,#8983,#8984);
#7824=AXIS2_PLACEMENT_3D('',#11361,#8987,#8988);
#7825=AXIS2_PLACEMENT_3D('',#11369,#8994,#8995);
#7826=AXIS2_PLACEMENT_3D('',#11372,#8997,#8998);
#7827=AXIS2_PLACEMENT_3D('',#11383,#9004,#9005);
#7828=AXIS2_PLACEMENT_3D('',#11387,#9007,#9008);
#7829=AXIS2_PLACEMENT_3D('',#11400,#9015,#9016);
#7830=AXIS2_PLACEMENT_3D('',#11404,#9018,#9019);
#7831=AXIS2_PLACEMENT_3D('',#11417,#9026,#9027);
#7832=AXIS2_PLACEMENT_3D('',#11430,#9034,#9035);
#7833=AXIS2_PLACEMENT_3D('',#11434,#9038,#9039);
#7834=AXIS2_PLACEMENT_3D('',#11437,#9041,#9042);
#7835=AXIS2_PLACEMENT_3D('',#11441,#9045,#9046);
#7836=AXIS2_PLACEMENT_3D('',#11452,#9050,#9051);
#7837=AXIS2_PLACEMENT_3D('',#11456,#9054,#9055);
#7838=AXIS2_PLACEMENT_3D('',#11464,#9061,#9062);
#7839=AXIS2_PLACEMENT_3D('',#11467,#9064,#9065);
#7840=AXIS2_PLACEMENT_3D('',#11478,#9071,#9072);
#7841=AXIS2_PLACEMENT_3D('',#11482,#9074,#9075);
#7842=AXIS2_PLACEMENT_3D('',#11492,#9081,#9082);
#7843=AXIS2_PLACEMENT_3D('',#11496,#9085,#9086);
#7844=AXIS2_PLACEMENT_3D('',#11499,#9088,#9089);
#7845=AXIS2_PLACEMENT_3D('',#11508,#9092,#9093);
#7846=AXIS2_PLACEMENT_3D('',#11514,#9097,#9098);
#7847=AXIS2_PLACEMENT_3D('',#11518,#9101,#9102);
#7848=AXIS2_PLACEMENT_3D('',#11529,#9103,#9104);
#7849=AXIS2_PLACEMENT_3D('',#11536,#9105,#9106);
#7850=AXIS2_PLACEMENT_3D('',#11547,#9107,#9108);
#7851=AXIS2_PLACEMENT_3D('',#11558,#9109,#9110);
#7852=AXIS2_PLACEMENT_3D('',#11565,#9111,#9112);
#7853=AXIS2_PLACEMENT_3D('',#11576,#9113,#9114);
#7854=AXIS2_PLACEMENT_3D('',#11591,#9115,#9116);
#7855=AXIS2_PLACEMENT_3D('',#11598,#9117,#9118);
#7856=AXIS2_PLACEMENT_3D('',#11605,#9119,#9120);
#7857=AXIS2_PLACEMENT_3D('',#11616,#9121,#9122);
#7858=AXIS2_PLACEMENT_3D('',#11623,#9123,#9124);
#7859=AXIS2_PLACEMENT_3D('',#11634,#9125,#9126);
#7860=AXIS2_PLACEMENT_3D('',#11642,#9132,#9133);
#7861=AXIS2_PLACEMENT_3D('',#11646,#9136,#9137);
#7862=AXIS2_PLACEMENT_3D('',#11650,#9140,#9141);
#7863=AXIS2_PLACEMENT_3D('',#11654,#9144,#9145);
#7864=AXIS2_PLACEMENT_3D('',#11658,#9148,#9149);
#7865=AXIS2_PLACEMENT_3D('',#11662,#9152,#9153);
#7866=AXIS2_PLACEMENT_3D('',#11666,#9156,#9157);
#7867=AXIS2_PLACEMENT_3D('',#11670,#9160,#9161);
#7868=AXIS2_PLACEMENT_3D('',#11674,#9164,#9165);
#7869=AXIS2_PLACEMENT_3D('',#11678,#9168,#9169);
#7870=AXIS2_PLACEMENT_3D('',#11682,#9172,#9173);
#7871=AXIS2_PLACEMENT_3D('',#11686,#9176,#9177);
#7872=AXIS2_PLACEMENT_3D('',#11690,#9180,#9181);
#7873=AXIS2_PLACEMENT_3D('',#11694,#9184,#9185);
#7874=AXIS2_PLACEMENT_3D('',#11698,#9188,#9189);
#7875=AXIS2_PLACEMENT_3D('',#11702,#9192,#9193);
#7876=AXIS2_PLACEMENT_3D('',#11706,#9196,#9197);
#7877=AXIS2_PLACEMENT_3D('',#11707,#9198,#9199);
#7878=AXIS2_PLACEMENT_3D('',#11709,#9200,#9201);
#7879=AXIS2_PLACEMENT_3D('',#11710,#9202,#9203);
#7880=AXIS2_PLACEMENT_3D('',#11711,#9204,#9205);
#7881=AXIS2_PLACEMENT_3D('',#11713,#9206,#9207);
#7882=AXIS2_PLACEMENT_3D('',#11714,#9208,#9209);
#7883=AXIS2_PLACEMENT_3D('',#11715,#9210,#9211);
#7884=AXIS2_PLACEMENT_3D('',#11717,#9212,#9213);
#7885=AXIS2_PLACEMENT_3D('',#11718,#9214,#9215);
#7886=AXIS2_PLACEMENT_3D('',#11719,#9216,#9217);
#7887=AXIS2_PLACEMENT_3D('',#11721,#9218,#9219);
#7888=AXIS2_PLACEMENT_3D('',#11722,#9220,#9221);
#7889=AXIS2_PLACEMENT_3D('',#11724,#9223,#9224);
#7890=AXIS2_PLACEMENT_3D('',#11727,#9226,#9227);
#7891=AXIS2_PLACEMENT_3D('',#11729,#9229,#9230);
#7892=AXIS2_PLACEMENT_3D('',#11739,#9236,#9237);
#7893=AXIS2_PLACEMENT_3D('',#11746,#9242,#9243);
#7894=AXIS2_PLACEMENT_3D('',#11749,#9245,#9246);
#7895=AXIS2_PLACEMENT_3D('',#11750,#9247,#9248);
#7896=AXIS2_PLACEMENT_3D('',#11758,#9253,#9254);
#7897=AXIS2_PLACEMENT_3D('',#11764,#9258,#9259);
#7898=AXIS2_PLACEMENT_3D('',#11771,#9264,#9265);
#7899=AXIS2_PLACEMENT_3D('',#11774,#9267,#9268);
#7900=AXIS2_PLACEMENT_3D('',#11775,#9269,#9270);
#7901=AXIS2_PLACEMENT_3D('',#11783,#9275,#9276);
#7902=AXIS2_PLACEMENT_3D('',#11790,#9281,#9282);
#7903=AXIS2_PLACEMENT_3D('',#11791,#9283,#9284);
#7904=AXIS2_PLACEMENT_3D('',#11793,#9286,#9287);
#7905=AXIS2_PLACEMENT_3D('',#11795,#9289,#9290);
#7906=AXIS2_PLACEMENT_3D('',#11797,#9292,#9293);
#7907=AXIS2_PLACEMENT_3D('',#11799,#9295,#9296);
#7908=AXIS2_PLACEMENT_3D('',#11801,#9298,#9299);
#7909=AXIS2_PLACEMENT_3D('',#11802,#9300,#9301);
#7910=AXIS2_PLACEMENT_3D('',#11804,#9303,#9304);
#7911=AXIS2_PLACEMENT_3D('',#11805,#9305,#9306);
#7912=AXIS2_PLACEMENT_3D('',#11807,#9308,#9309);
#7913=AXIS2_PLACEMENT_3D('',#11808,#9310,#9311);
#7914=AXIS2_PLACEMENT_3D('',#11810,#9313,#9314);
#7915=AXIS2_PLACEMENT_3D('',#11813,#9316,#9317);
#7916=AXIS2_PLACEMENT_3D('',#11815,#9319,#9320);
#7917=AXIS2_PLACEMENT_3D('',#11825,#9326,#9327);
#7918=AXIS2_PLACEMENT_3D('',#11832,#9332,#9333);
#7919=AXIS2_PLACEMENT_3D('',#11835,#9335,#9336);
#7920=AXIS2_PLACEMENT_3D('',#11836,#9337,#9338);
#7921=AXIS2_PLACEMENT_3D('',#11844,#9343,#9344);
#7922=AXIS2_PLACEMENT_3D('',#11850,#9348,#9349);
#7923=AXIS2_PLACEMENT_3D('',#11857,#9354,#9355);
#7924=AXIS2_PLACEMENT_3D('',#11860,#9357,#9358);
#7925=AXIS2_PLACEMENT_3D('',#11861,#9359,#9360);
#7926=AXIS2_PLACEMENT_3D('',#11869,#9365,#9366);
#7927=AXIS2_PLACEMENT_3D('',#11876,#9371,#9372);
#7928=AXIS2_PLACEMENT_3D('',#11877,#9373,#9374);
#7929=AXIS2_PLACEMENT_3D('',#11879,#9376,#9377);
#7930=AXIS2_PLACEMENT_3D('',#11881,#9379,#9380);
#7931=AXIS2_PLACEMENT_3D('',#11883,#9382,#9383);
#7932=AXIS2_PLACEMENT_3D('',#11885,#9385,#9386);
#7933=AXIS2_PLACEMENT_3D('',#11887,#9388,#9389);
#7934=AXIS2_PLACEMENT_3D('',#11888,#9390,#9391);
#7935=AXIS2_PLACEMENT_3D('',#11890,#9393,#9394);
#7936=AXIS2_PLACEMENT_3D('',#11891,#9395,#9396);
#7937=AXIS2_PLACEMENT_3D('',#11893,#9398,#9399);
#7938=AXIS2_PLACEMENT_3D('',#11894,#9400,#9401);
#7939=AXIS2_PLACEMENT_3D('',#11896,#9403,#9404);
#7940=AXIS2_PLACEMENT_3D('',#11899,#9406,#9407);
#7941=AXIS2_PLACEMENT_3D('',#11901,#9409,#9410);
#7942=AXIS2_PLACEMENT_3D('',#11911,#9416,#9417);
#7943=AXIS2_PLACEMENT_3D('',#11918,#9422,#9423);
#7944=AXIS2_PLACEMENT_3D('',#11921,#9425,#9426);
#7945=AXIS2_PLACEMENT_3D('',#11922,#9427,#9428);
#7946=AXIS2_PLACEMENT_3D('',#11930,#9433,#9434);
#7947=AXIS2_PLACEMENT_3D('',#11936,#9438,#9439);
#7948=AXIS2_PLACEMENT_3D('',#11943,#9444,#9445);
#7949=AXIS2_PLACEMENT_3D('',#11946,#9447,#9448);
#7950=AXIS2_PLACEMENT_3D('',#11947,#9449,#9450);
#7951=AXIS2_PLACEMENT_3D('',#11955,#9455,#9456);
#7952=AXIS2_PLACEMENT_3D('',#11962,#9461,#9462);
#7953=AXIS2_PLACEMENT_3D('',#11963,#9463,#9464);
#7954=AXIS2_PLACEMENT_3D('',#11965,#9466,#9467);
#7955=AXIS2_PLACEMENT_3D('',#11967,#9469,#9470);
#7956=AXIS2_PLACEMENT_3D('',#11969,#9472,#9473);
#7957=AXIS2_PLACEMENT_3D('',#11971,#9475,#9476);
#7958=AXIS2_PLACEMENT_3D('',#11973,#9478,#9479);
#7959=AXIS2_PLACEMENT_3D('',#11974,#9480,#9481);
#7960=AXIS2_PLACEMENT_3D('',#11976,#9483,#9484);
#7961=AXIS2_PLACEMENT_3D('',#11977,#9485,#9486);
#7962=AXIS2_PLACEMENT_3D('',#11979,#9488,#9489);
#7963=AXIS2_PLACEMENT_3D('',#11980,#9490,#9491);
#7964=AXIS2_PLACEMENT_3D('',#11982,#9493,#9494);
#7965=AXIS2_PLACEMENT_3D('',#11985,#9496,#9497);
#7966=AXIS2_PLACEMENT_3D('',#11987,#9499,#9500);
#7967=AXIS2_PLACEMENT_3D('',#11997,#9506,#9507);
#7968=AXIS2_PLACEMENT_3D('',#12004,#9512,#9513);
#7969=AXIS2_PLACEMENT_3D('',#12007,#9515,#9516);
#7970=AXIS2_PLACEMENT_3D('',#12008,#9517,#9518);
#7971=AXIS2_PLACEMENT_3D('',#12016,#9523,#9524);
#7972=AXIS2_PLACEMENT_3D('',#12022,#9528,#9529);
#7973=AXIS2_PLACEMENT_3D('',#12029,#9534,#9535);
#7974=AXIS2_PLACEMENT_3D('',#12032,#9537,#9538);
#7975=AXIS2_PLACEMENT_3D('',#12033,#9539,#9540);
#7976=AXIS2_PLACEMENT_3D('',#12041,#9545,#9546);
#7977=AXIS2_PLACEMENT_3D('',#12048,#9551,#9552);
#7978=AXIS2_PLACEMENT_3D('',#12049,#9553,#9554);
#7979=AXIS2_PLACEMENT_3D('',#12051,#9556,#9557);
#7980=AXIS2_PLACEMENT_3D('',#12053,#9559,#9560);
#7981=AXIS2_PLACEMENT_3D('',#12055,#9562,#9563);
#7982=AXIS2_PLACEMENT_3D('',#12057,#9565,#9566);
#7983=AXIS2_PLACEMENT_3D('',#12059,#9568,#9569);
#7984=AXIS2_PLACEMENT_3D('',#12060,#9570,#9571);
#7985=AXIS2_PLACEMENT_3D('',#12062,#9573,#9574);
#7986=AXIS2_PLACEMENT_3D('',#12063,#9575,#9576);
#7987=AXIS2_PLACEMENT_3D('',#12065,#9578,#9579);
#7988=AXIS2_PLACEMENT_3D('',#12066,#9580,#9581);
#7989=AXIS2_PLACEMENT_3D('',#12068,#9583,#9584);
#7990=AXIS2_PLACEMENT_3D('',#12071,#9586,#9587);
#7991=AXIS2_PLACEMENT_3D('',#12073,#9589,#9590);
#7992=AXIS2_PLACEMENT_3D('',#12083,#9596,#9597);
#7993=AXIS2_PLACEMENT_3D('',#12090,#9602,#9603);
#7994=AXIS2_PLACEMENT_3D('',#12093,#9605,#9606);
#7995=AXIS2_PLACEMENT_3D('',#12094,#9607,#9608);
#7996=AXIS2_PLACEMENT_3D('',#12102,#9613,#9614);
#7997=AXIS2_PLACEMENT_3D('',#12108,#9618,#9619);
#7998=AXIS2_PLACEMENT_3D('',#12115,#9624,#9625);
#7999=AXIS2_PLACEMENT_3D('',#12118,#9627,#9628);
#8000=AXIS2_PLACEMENT_3D('',#12119,#9629,#9630);
#8001=AXIS2_PLACEMENT_3D('',#12127,#9635,#9636);
#8002=AXIS2_PLACEMENT_3D('',#12134,#9641,#9642);
#8003=AXIS2_PLACEMENT_3D('',#12135,#9643,#9644);
#8004=AXIS2_PLACEMENT_3D('',#12137,#9646,#9647);
#8005=AXIS2_PLACEMENT_3D('',#12139,#9649,#9650);
#8006=AXIS2_PLACEMENT_3D('',#12141,#9652,#9653);
#8007=AXIS2_PLACEMENT_3D('',#12143,#9655,#9656);
#8008=AXIS2_PLACEMENT_3D('',#12145,#9658,#9659);
#8009=AXIS2_PLACEMENT_3D('',#12146,#9660,#9661);
#8010=AXIS2_PLACEMENT_3D('',#12148,#9663,#9664);
#8011=AXIS2_PLACEMENT_3D('',#12149,#9665,#9666);
#8012=AXIS2_PLACEMENT_3D('',#12151,#9668,#9669);
#8013=AXIS2_PLACEMENT_3D('',#12152,#9670,#9671);
#8014=AXIS2_PLACEMENT_3D('',#12154,#9673,#9674);
#8015=AXIS2_PLACEMENT_3D('',#12157,#9676,#9677);
#8016=AXIS2_PLACEMENT_3D('',#12159,#9679,#9680);
#8017=AXIS2_PLACEMENT_3D('',#12169,#9686,#9687);
#8018=AXIS2_PLACEMENT_3D('',#12176,#9692,#9693);
#8019=AXIS2_PLACEMENT_3D('',#12179,#9695,#9696);
#8020=AXIS2_PLACEMENT_3D('',#12180,#9697,#9698);
#8021=AXIS2_PLACEMENT_3D('',#12188,#9703,#9704);
#8022=AXIS2_PLACEMENT_3D('',#12194,#9708,#9709);
#8023=AXIS2_PLACEMENT_3D('',#12201,#9714,#9715);
#8024=AXIS2_PLACEMENT_3D('',#12204,#9717,#9718);
#8025=AXIS2_PLACEMENT_3D('',#12205,#9719,#9720);
#8026=AXIS2_PLACEMENT_3D('',#12213,#9725,#9726);
#8027=AXIS2_PLACEMENT_3D('',#12220,#9731,#9732);
#8028=AXIS2_PLACEMENT_3D('',#12221,#9733,#9734);
#8029=AXIS2_PLACEMENT_3D('',#12223,#9736,#9737);
#8030=AXIS2_PLACEMENT_3D('',#12225,#9739,#9740);
#8031=AXIS2_PLACEMENT_3D('',#12227,#9742,#9743);
#8032=AXIS2_PLACEMENT_3D('',#12229,#9745,#9746);
#8033=AXIS2_PLACEMENT_3D('',#12231,#9748,#9749);
#8034=AXIS2_PLACEMENT_3D('',#12232,#9750,#9751);
#8035=AXIS2_PLACEMENT_3D('',#12234,#9753,#9754);
#8036=AXIS2_PLACEMENT_3D('',#12235,#9755,#9756);
#8037=AXIS2_PLACEMENT_3D('',#12237,#9758,#9759);
#8038=AXIS2_PLACEMENT_3D('',#12238,#9760,#9761);
#8039=AXIS2_PLACEMENT_3D('',#12240,#9763,#9764);
#8040=AXIS2_PLACEMENT_3D('',#12243,#9766,#9767);
#8041=AXIS2_PLACEMENT_3D('',#12245,#9769,#9770);
#8042=AXIS2_PLACEMENT_3D('',#12255,#9776,#9777);
#8043=AXIS2_PLACEMENT_3D('',#12262,#9782,#9783);
#8044=AXIS2_PLACEMENT_3D('',#12265,#9785,#9786);
#8045=AXIS2_PLACEMENT_3D('',#12266,#9787,#9788);
#8046=AXIS2_PLACEMENT_3D('',#12274,#9793,#9794);
#8047=AXIS2_PLACEMENT_3D('',#12280,#9798,#9799);
#8048=AXIS2_PLACEMENT_3D('',#12287,#9804,#9805);
#8049=AXIS2_PLACEMENT_3D('',#12290,#9807,#9808);
#8050=AXIS2_PLACEMENT_3D('',#12291,#9809,#9810);
#8051=AXIS2_PLACEMENT_3D('',#12299,#9815,#9816);
#8052=AXIS2_PLACEMENT_3D('',#12306,#9821,#9822);
#8053=AXIS2_PLACEMENT_3D('',#12307,#9823,#9824);
#8054=AXIS2_PLACEMENT_3D('',#12309,#9826,#9827);
#8055=AXIS2_PLACEMENT_3D('',#12311,#9829,#9830);
#8056=AXIS2_PLACEMENT_3D('',#12313,#9832,#9833);
#8057=AXIS2_PLACEMENT_3D('',#12315,#9835,#9836);
#8058=AXIS2_PLACEMENT_3D('',#12317,#9838,#9839);
#8059=AXIS2_PLACEMENT_3D('',#12318,#9840,#9841);
#8060=AXIS2_PLACEMENT_3D('',#12320,#9843,#9844);
#8061=AXIS2_PLACEMENT_3D('',#12321,#9845,#9846);
#8062=AXIS2_PLACEMENT_3D('',#12323,#9848,#9849);
#8063=AXIS2_PLACEMENT_3D('',#12324,#9850,#9851);
#8064=AXIS2_PLACEMENT_3D('',#12326,#9853,#9854);
#8065=AXIS2_PLACEMENT_3D('',#12329,#9856,#9857);
#8066=AXIS2_PLACEMENT_3D('',#12331,#9859,#9860);
#8067=AXIS2_PLACEMENT_3D('',#12341,#9866,#9867);
#8068=AXIS2_PLACEMENT_3D('',#12348,#9872,#9873);
#8069=AXIS2_PLACEMENT_3D('',#12351,#9875,#9876);
#8070=AXIS2_PLACEMENT_3D('',#12352,#9877,#9878);
#8071=AXIS2_PLACEMENT_3D('',#12360,#9883,#9884);
#8072=AXIS2_PLACEMENT_3D('',#12366,#9888,#9889);
#8073=AXIS2_PLACEMENT_3D('',#12373,#9894,#9895);
#8074=AXIS2_PLACEMENT_3D('',#12376,#9897,#9898);
#8075=AXIS2_PLACEMENT_3D('',#12377,#9899,#9900);
#8076=AXIS2_PLACEMENT_3D('',#12385,#9905,#9906);
#8077=AXIS2_PLACEMENT_3D('',#12392,#9911,#9912);
#8078=AXIS2_PLACEMENT_3D('',#12393,#9913,#9914);
#8079=AXIS2_PLACEMENT_3D('',#12395,#9916,#9917);
#8080=AXIS2_PLACEMENT_3D('',#12397,#9919,#9920);
#8081=AXIS2_PLACEMENT_3D('',#12399,#9922,#9923);
#8082=AXIS2_PLACEMENT_3D('',#12401,#9925,#9926);
#8083=AXIS2_PLACEMENT_3D('',#12403,#9928,#9929);
#8084=AXIS2_PLACEMENT_3D('',#12404,#9930,#9931);
#8085=AXIS2_PLACEMENT_3D('',#12406,#9933,#9934);
#8086=AXIS2_PLACEMENT_3D('',#12407,#9935,#9936);
#8087=AXIS2_PLACEMENT_3D('',#12409,#9938,#9939);
#8088=AXIS2_PLACEMENT_3D('',#12410,#9940,#9941);
#8089=AXIS2_PLACEMENT_3D('',#12411,#9942,#9943);
#8090=AXIS2_PLACEMENT_3D('',#12413,#9944,#9945);
#8091=AXIS2_PLACEMENT_3D('',#12414,#9946,#9947);
#8092=AXIS2_PLACEMENT_3D('',#12415,#9948,#9949);
#8093=AXIS2_PLACEMENT_3D('',#12417,#9950,#9951);
#8094=AXIS2_PLACEMENT_3D('',#12418,#9952,#9953);
#8095=AXIS2_PLACEMENT_3D('',#12419,#9954,#9955);
#8096=AXIS2_PLACEMENT_3D('',#12421,#9956,#9957);
#8097=AXIS2_PLACEMENT_3D('',#12422,#9958,#9959);
#8098=AXIS2_PLACEMENT_3D('',#12423,#9960,#9961);
#8099=AXIS2_PLACEMENT_3D('',#12425,#9962,#9963);
#8100=AXIS2_PLACEMENT_3D('',#12426,#9964,#9965);
#8101=AXIS2_PLACEMENT_3D('',#12427,#9966,#9967);
#8102=AXIS2_PLACEMENT_3D('',#12428,#9968,#9969);
#8103=AXIS2_PLACEMENT_3D('',#12429,#9970,#9971);
#8104=AXIS2_PLACEMENT_3D('',#12435,#9972,#9973);
#8105=AXIS2_PLACEMENT_3D('',#12436,#9974,#9975);
#8106=AXIS2_PLACEMENT_3D('',#12437,#9976,#9977);
#8107=AXIS2_PLACEMENT_3D('',#12438,#9978,#9979);
#8108=AXIS2_PLACEMENT_3D('',#12439,#9980,#9981);
#8109=AXIS2_PLACEMENT_3D('',#12440,#9982,#9983);
#8110=AXIS2_PLACEMENT_3D('',#12441,#9984,#9985);
#8111=AXIS2_PLACEMENT_3D('',#12447,#9986,#9987);
#8112=AXIS2_PLACEMENT_3D('',#12448,#9988,#9989);
#8113=AXIS2_PLACEMENT_3D('',#12449,#9990,#9991);
#8114=AXIS2_PLACEMENT_3D('',#12450,#9992,#9993);
#8115=AXIS2_PLACEMENT_3D('',#12451,#9994,#9995);
#8116=AXIS2_PLACEMENT_3D('',#12452,#9996,#9997);
#8117=AXIS2_PLACEMENT_3D('',#12453,#9998,#9999);
#8118=AXIS2_PLACEMENT_3D('',#12459,#10000,#10001);
#8119=AXIS2_PLACEMENT_3D('',#12460,#10002,#10003);
#8120=AXIS2_PLACEMENT_3D('',#12461,#10004,#10005);
#8121=AXIS2_PLACEMENT_3D('',#12462,#10006,#10007);
#8122=AXIS2_PLACEMENT_3D('',#12463,#10008,#10009);
#8123=AXIS2_PLACEMENT_3D('',#12464,#10010,#10011);
#8124=AXIS2_PLACEMENT_3D('',#12465,#10012,#10013);
#8125=AXIS2_PLACEMENT_3D('',#12466,#10014,#10015);
#8126=AXIS2_PLACEMENT_3D('',#12472,#10016,#10017);
#8127=AXIS2_PLACEMENT_3D('',#12473,#10018,#10019);
#8128=AXIS2_PLACEMENT_3D('',#12474,#10020,#10021);
#8129=AXIS2_PLACEMENT_3D('',#12475,#10022,#10023);
#8130=AXIS2_PLACEMENT_3D('',#12476,#10024,#10025);
#8131=AXIS2_PLACEMENT_3D('',#12477,#10026,#10027);
#8132=AXIS2_PLACEMENT_3D('',#12478,#10028,#10029);
#8133=AXIS2_PLACEMENT_3D('',#12479,#10030,#10031);
#8134=AXIS2_PLACEMENT_3D('',#12492,#10032,#10033);
#8135=AXIS2_PLACEMENT_3D('',#12493,#10034,#10035);
#8136=AXIS2_PLACEMENT_3D('',#12494,#10036,#10037);
#8137=AXIS2_PLACEMENT_3D('',#12495,#10038,#10039);
#8138=AXIS2_PLACEMENT_3D('',#12496,#10040,#10041);
#8139=AXIS2_PLACEMENT_3D('',#12497,#10042,#10043);
#8140=AXIS2_PLACEMENT_3D('',#12498,#10044,#10045);
#8141=AXIS2_PLACEMENT_3D('',#12499,#10046,#10047);
#8142=AXIS2_PLACEMENT_3D('',#12512,#10048,#10049);
#8143=AXIS2_PLACEMENT_3D('',#12513,#10050,#10051);
#8144=AXIS2_PLACEMENT_3D('',#12514,#10052,#10053);
#8145=AXIS2_PLACEMENT_3D('',#12515,#10054,#10055);
#8146=AXIS2_PLACEMENT_3D('',#12516,#10056,#10057);
#8147=AXIS2_PLACEMENT_3D('',#12517,#10058,#10059);
#8148=AXIS2_PLACEMENT_3D('',#12518,#10060,#10061);
#8149=AXIS2_PLACEMENT_3D('',#12519,#10062,#10063);
#8150=AXIS2_PLACEMENT_3D('',#12532,#10064,#10065);
#8151=AXIS2_PLACEMENT_3D('',#12533,#10066,#10067);
#8152=AXIS2_PLACEMENT_3D('',#12534,#10068,#10069);
#8153=AXIS2_PLACEMENT_3D('',#12535,#10070,#10071);
#8154=AXIS2_PLACEMENT_3D('',#12536,#10072,#10073);
#8155=AXIS2_PLACEMENT_3D('',#12537,#10074,#10075);
#8156=AXIS2_PLACEMENT_3D('',#12538,#10076,#10077);
#8157=AXIS2_PLACEMENT_3D('',#12539,#10078,#10079);
#8158=AXIS2_PLACEMENT_3D('',#12552,#10080,#10081);
#8159=AXIS2_PLACEMENT_3D('',#12553,#10082,#10083);
#8160=AXIS2_PLACEMENT_3D('',#12554,#10084,#10085);
#8161=AXIS2_PLACEMENT_3D('',#12555,#10086,#10087);
#8162=AXIS2_PLACEMENT_3D('',#12556,#10088,#10089);
#8163=AXIS2_PLACEMENT_3D('',#12557,#10090,#10091);
#8164=AXIS2_PLACEMENT_3D('',#12558,#10092,#10093);
#8165=AXIS2_PLACEMENT_3D('',#12559,#10094,#10095);
#8166=AXIS2_PLACEMENT_3D('',#12572,#10096,#10097);
#8167=AXIS2_PLACEMENT_3D('',#12573,#10098,#10099);
#8168=AXIS2_PLACEMENT_3D('',#12574,#10100,#10101);
#8169=AXIS2_PLACEMENT_3D('',#12575,#10102,#10103);
#8170=AXIS2_PLACEMENT_3D('',#12576,#10104,#10105);
#8171=AXIS2_PLACEMENT_3D('',#12577,#10106,#10107);
#8172=AXIS2_PLACEMENT_3D('',#12578,#10108,#10109);
#8173=AXIS2_PLACEMENT_3D('',#12579,#10110,#10111);
#8174=AXIS2_PLACEMENT_3D('',#12592,#10112,#10113);
#8175=AXIS2_PLACEMENT_3D('',#12593,#10114,#10115);
#8176=AXIS2_PLACEMENT_3D('',#12594,#10116,#10117);
#8177=AXIS2_PLACEMENT_3D('',#12595,#10118,#10119);
#8178=AXIS2_PLACEMENT_3D('',#12596,#10120,#10121);
#8179=AXIS2_PLACEMENT_3D('',#12597,#10122,#10123);
#8180=AXIS2_PLACEMENT_3D('',#12598,#10124,#10125);
#8181=AXIS2_PLACEMENT_3D('',#12599,#10126,#10127);
#8182=AXIS2_PLACEMENT_3D('',#12612,#10128,#10129);
#8183=AXIS2_PLACEMENT_3D('',#12613,#10130,#10131);
#8184=AXIS2_PLACEMENT_3D('',#12614,#10132,#10133);
#8185=AXIS2_PLACEMENT_3D('',#12615,#10134,#10135);
#8186=AXIS2_PLACEMENT_3D('',#12616,#10136,#10137);
#8187=AXIS2_PLACEMENT_3D('',#12617,#10138,#10139);
#8188=AXIS2_PLACEMENT_3D('',#12618,#10140,#10141);
#8189=AXIS2_PLACEMENT_3D('',#12619,#10142,#10143);
#8190=AXIS2_PLACEMENT_3D('',#12632,#10144,#10145);
#8191=AXIS2_PLACEMENT_3D('',#12633,#10146,#10147);
#8192=AXIS2_PLACEMENT_3D('',#12634,#10148,#10149);
#8193=AXIS2_PLACEMENT_3D('',#12635,#10150,#10151);
#8194=AXIS2_PLACEMENT_3D('',#12658,#10152,#10153);
#8195=AXIS2_PLACEMENT_3D('',#12659,#10154,#10155);
#8196=AXIS2_PLACEMENT_3D('',#12682,#10156,#10157);
#8197=AXIS2_PLACEMENT_3D('',#12683,#10158,#10159);
#8198=AXIS2_PLACEMENT_3D('',#12706,#10160,#10161);
#8199=AXIS2_PLACEMENT_3D('',#12707,#10162,#10163);
#8200=AXIS2_PLACEMENT_3D('',#12730,#10164,#10165);
#8201=AXIS2_PLACEMENT_3D('',#12731,#10166,#10167);
#8202=AXIS2_PLACEMENT_3D('',#12754,#10168,#10169);
#8203=AXIS2_PLACEMENT_3D('',#12755,#10170,#10171);
#8204=AXIS2_PLACEMENT_3D('',#12778,#10172,#10173);
#8205=AXIS2_PLACEMENT_3D('',#12779,#10174,#10175);
#8206=AXIS2_PLACEMENT_3D('',#12802,#10176,#10177);
#8207=AXIS2_PLACEMENT_3D('',#12803,#10178,#10179);
#8208=AXIS2_PLACEMENT_3D('',#12826,#10180,#10181);
#8209=AXIS2_PLACEMENT_3D('',#12830,#10184,#10185);
#8210=AXIS2_PLACEMENT_3D('',#12834,#10188,#10189);
#8211=AXIS2_PLACEMENT_3D('',#12838,#10192,#10193);
#8212=AXIS2_PLACEMENT_3D('',#12842,#10196,#10197);
#8213=AXIS2_PLACEMENT_3D('',#12846,#10200,#10201);
#8214=AXIS2_PLACEMENT_3D('',#12850,#10204,#10205);
#8215=AXIS2_PLACEMENT_3D('',#12854,#10208,#10209);
#8216=AXIS2_PLACEMENT_3D('',#12873,#10212,#10213);
#8217=AXIS2_PLACEMENT_3D('',#12874,#10214,#10215);
#8218=AXIS2_PLACEMENT_3D('',#12875,#10216,#10217);
#8219=AXIS2_PLACEMENT_3D('',#12876,#10218,#10219);
#8220=AXIS2_PLACEMENT_3D('',#12877,#10220,#10221);
#8221=AXIS2_PLACEMENT_3D('',#12878,#10222,#10223);
#8222=AXIS2_PLACEMENT_3D('',#12879,#10224,#10225);
#8223=AXIS2_PLACEMENT_3D('',#12880,#10226,#10227);
#8224=AXIS2_PLACEMENT_3D('',#12905,#10228,#10229);
#8225=AXIS2_PLACEMENT_3D('',#12906,#10230,#10231);
#8226=AXIS2_PLACEMENT_3D('',#12907,#10232,#10233);
#8227=AXIS2_PLACEMENT_3D('',#12908,#10234,#10235);
#8228=AXIS2_PLACEMENT_3D('',#12909,#10236,#10237);
#8229=AXIS2_PLACEMENT_3D('',#12910,#10238,#10239);
#8230=AXIS2_PLACEMENT_3D('',#12911,#10240,#10241);
#8231=AXIS2_PLACEMENT_3D('',#12912,#10242,#10243);
#8232=AXIS2_PLACEMENT_3D('',#12928,#10244,#10245);
#8233=AXIS2_PLACEMENT_3D('',#12929,#10246,#10247);
#8234=AXIS2_PLACEMENT_3D('',#12930,#10248,#10249);
#8235=AXIS2_PLACEMENT_3D('',#12931,#10250,#10251);
#8236=AXIS2_PLACEMENT_3D('',#12932,#10252,#10253);
#8237=AXIS2_PLACEMENT_3D('',#12933,#10254,#10255);
#8238=AXIS2_PLACEMENT_3D('',#12934,#10256,#10257);
#8239=AXIS2_PLACEMENT_3D('',#12935,#10258,#10259);
#8240=AXIS2_PLACEMENT_3D('',#12960,#10260,#10261);
#8241=AXIS2_PLACEMENT_3D('',#12961,#10262,#10263);
#8242=AXIS2_PLACEMENT_3D('',#12962,#10264,#10265);
#8243=AXIS2_PLACEMENT_3D('',#12963,#10266,#10267);
#8244=AXIS2_PLACEMENT_3D('',#12964,#10268,#10269);
#8245=AXIS2_PLACEMENT_3D('',#12965,#10270,#10271);
#8246=AXIS2_PLACEMENT_3D('',#12966,#10272,#10273);
#8247=AXIS2_PLACEMENT_3D('',#12967,#10274,#10275);
#8248=AXIS2_PLACEMENT_3D('',#12983,#10276,#10277);
#8249=AXIS2_PLACEMENT_3D('',#12984,#10278,#10279);
#8250=AXIS2_PLACEMENT_3D('',#12985,#10280,#10281);
#8251=AXIS2_PLACEMENT_3D('',#12986,#10282,#10283);
#8252=AXIS2_PLACEMENT_3D('',#12987,#10284,#10285);
#8253=AXIS2_PLACEMENT_3D('',#12988,#10286,#10287);
#8254=AXIS2_PLACEMENT_3D('',#12989,#10288,#10289);
#8255=AXIS2_PLACEMENT_3D('',#12990,#10290,#10291);
#8256=AXIS2_PLACEMENT_3D('',#13015,#10292,#10293);
#8257=AXIS2_PLACEMENT_3D('',#13016,#10294,#10295);
#8258=AXIS2_PLACEMENT_3D('',#13017,#10296,#10297);
#8259=AXIS2_PLACEMENT_3D('',#13018,#10298,#10299);
#8260=AXIS2_PLACEMENT_3D('',#13019,#10300,#10301);
#8261=AXIS2_PLACEMENT_3D('',#13020,#10302,#10303);
#8262=AXIS2_PLACEMENT_3D('',#13021,#10304,#10305);
#8263=AXIS2_PLACEMENT_3D('',#13022,#10306,#10307);
#8264=AXIS2_PLACEMENT_3D('',#13038,#10308,#10309);
#8265=AXIS2_PLACEMENT_3D('',#13039,#10310,#10311);
#8266=AXIS2_PLACEMENT_3D('',#13040,#10312,#10313);
#8267=AXIS2_PLACEMENT_3D('',#13041,#10314,#10315);
#8268=AXIS2_PLACEMENT_3D('',#13042,#10316,#10317);
#8269=AXIS2_PLACEMENT_3D('',#13043,#10318,#10319);
#8270=AXIS2_PLACEMENT_3D('',#13044,#10320,#10321);
#8271=AXIS2_PLACEMENT_3D('',#13045,#10322,#10323);
#8272=AXIS2_PLACEMENT_3D('',#13070,#10324,#10325);
#8273=AXIS2_PLACEMENT_3D('',#13071,#10326,#10327);
#8274=AXIS2_PLACEMENT_3D('',#13072,#10328,#10329);
#8275=AXIS2_PLACEMENT_3D('',#13073,#10330,#10331);
#8276=AXIS2_PLACEMENT_3D('',#13074,#10332,#10333);
#8277=AXIS2_PLACEMENT_3D('',#13075,#10334,#10335);
#8278=AXIS2_PLACEMENT_3D('',#13076,#10336,#10337);
#8279=AXIS2_PLACEMENT_3D('',#13077,#10338,#10339);
#8280=DIRECTION('',(0.,0.,1.));
#8281=DIRECTION('',(1.,0.,0.));
#8282=DIRECTION('',(-0.61957821080879,-0.61957821080879,0.481918749772156));
#8283=DIRECTION('',(0.707106781186547,-0.707106781186548,0.));
#8284=DIRECTION('',(0.472594964074262,0.195755243628785,0.859263571044113));
#8285=DIRECTION('',(0.314126808608729,-0.758369201648171,-0.571139652015871));
#8286=DIRECTION('',(0.707106781186547,-0.707106781186548,0.));
#8287=DIRECTION('',(0.758369201648171,-0.314126808608728,0.571139652015872));
#8288=DIRECTION('',(0.195755243628784,0.472594964074263,0.859263571044113));
#8289=DIRECTION('',(-0.61957821080879,-0.61957821080879,0.481918749772156));
#8290=DIRECTION('',(-0.585426645339009,-0.0442305451928169,-0.809517944087135));
#8291=DIRECTION('',(-0.707106781186547,0.707106781186548,6.21300502221397E-18));
#8292=DIRECTION('',(-0.61957821080879,-0.61957821080879,0.481918749772156));
#8293=DIRECTION('',(0.340768015944834,0.340768015944834,0.876215908676647));
#8294=DIRECTION('',(0.707106781186548,-0.707106781186548,7.76902978166932E-16));
#8295=DIRECTION('',(0.340768015944834,0.340768015944834,0.876215908676647));
#8296=DIRECTION('',(-0.707106781186548,0.707106781186548,-2.91112883123343E-16));
#8297=DIRECTION('',(0.340768015944834,0.340768015944834,0.876215908676647));
#8298=DIRECTION('',(-0.61957821080879,-0.61957821080879,0.481918749772156));
#8299=DIRECTION('',(-0.340768015944834,-0.340768015944834,-0.876215908676647));
#8300=DIRECTION('',(-0.340768015944834,-0.340768015944834,-0.876215908676647));
#8301=DIRECTION('',(-0.707106781186548,0.707106781186548,-3.45932841633583E-16));
#8302=DIRECTION('',(0.340768015944834,0.340768015944834,0.876215908676647));
#8303=DIRECTION('',(-0.61957821080879,-0.61957821080879,0.481918749772156));
#8304=DIRECTION('',(-0.340768015944834,-0.340768015944834,-0.876215908676647));
#8305=DIRECTION('',(-0.340768015944834,-0.340768015944834,-0.876215908676647));
#8306=DIRECTION('',(-0.707106781186547,0.707106781186548,0.));
#8307=DIRECTION('',(0.340768015944834,0.340768015944835,0.876215908676647));
#8308=DIRECTION('',(0.707106781186548,-0.707106781186548,7.76902978166932E-16));
#8309=DIRECTION('',(-0.876215908676647,4.08195180585192E-16,0.481918749772156));
#8310=DIRECTION('',(0.481918749772156,0.,0.876215908676647));
#8311=DIRECTION('',(-4.65861412173731E-16,-1.,0.));
#8312=DIRECTION('',(0.314126808608729,-0.758369201648171,0.571139652015872));
#8313=DIRECTION('',(0.472594964074262,0.195755243628785,0.859263571044113));
#8314=DIRECTION('',(-1.51141256306087E-16,-1.,5.72218465213899E-16));
#8315=DIRECTION('',(0.481918749772156,-8.85270381536348E-17,0.876215908676647));
#8316=DIRECTION('',(2.35849341542642E-17,1.,-2.91112883123343E-16));
#8317=DIRECTION('',(0.481918749772156,-8.85270381536348E-17,0.876215908676647));
#8318=DIRECTION('',(-0.876215908676647,1.60958251188427E-16,0.481918749772156));
#8319=DIRECTION('',(-0.481918749772156,8.85270381536348E-17,-0.876215908676647));
#8320=DIRECTION('',(-0.481918749772156,-5.60332515110983E-17,-0.876215908676647));
#8321=DIRECTION('',(-6.56604302636796E-18,1.,-3.45932841633583E-16));
#8322=DIRECTION('',(0.481918749772156,-8.85270381536348E-17,0.876215908676647));
#8323=DIRECTION('',(-0.876215908676647,1.60958251188427E-16,0.481918749772156));
#8324=DIRECTION('',(-0.481918749772156,8.85270381536348E-17,-0.876215908676647));
#8325=DIRECTION('',(-0.481918749772156,8.85270381536348E-17,-0.876215908676647));
#8326=DIRECTION('',(1.83697019872103E-16,1.,0.));
#8327=DIRECTION('',(0.481918749772156,3.45153830840567E-16,0.876215908676647));
#8328=DIRECTION('',(-1.51141256306087E-16,-1.,5.72218465213899E-16));
#8329=DIRECTION('',(-0.876215908676647,4.08195180585192E-16,0.481918749772156));
#8330=DIRECTION('',(0.481918749772156,-2.24507349321855E-16,0.876215908676647));
#8331=DIRECTION('',(4.65861412173731E-16,1.,5.63876466513535E-32));
#8332=DIRECTION('',(-0.876215908676647,4.08195180585192E-16,0.481918749772156));
#8333=DIRECTION('',(-0.445234869247925,-0.382683432365083,-0.809517944087136));
#8334=DIRECTION('',(0.472594964074262,-0.195755243628785,0.859263571044113));
#8335=DIRECTION('',(-0.314126808608729,-0.758369201648172,-0.571139652015871));
#8336=DIRECTION('',(-0.61957821080879,0.61957821080879,0.481918749772156));
#8337=DIRECTION('',(-0.707106781186548,-0.707106781186547,0.));
#8338=DIRECTION('',(-0.707106781186548,-0.707106781186547,0.));
#8339=DIRECTION('',(-0.314126808608729,-0.758369201648171,0.571139652015872));
#8340=DIRECTION('',(0.472594964074262,-0.195755243628785,0.859263571044113));
#8341=DIRECTION('',(-0.61957821080879,0.61957821080879,0.481918749772156));
#8342=DIRECTION('',(-0.0442305451928106,0.585426645339013,-0.809517944087132));
#8343=DIRECTION('',(0.707106781186548,0.707106781186547,7.59128561562616E-17));
#8344=DIRECTION('',(-0.61957821080879,0.61957821080879,0.481918749772156));
#8345=DIRECTION('',(0.340768015944834,-0.340768015944834,0.876215908676647));
#8346=DIRECTION('',(-0.707106781186548,-0.707106781186548,4.50727794070488E-16));
#8347=DIRECTION('',(0.340768015944834,-0.340768015944834,0.876215908676647));
#8348=DIRECTION('',(0.707106781186548,0.707106781186548,-2.91112883123343E-16));
#8349=DIRECTION('',(0.340768015944834,-0.340768015944834,0.876215908676647));
#8350=DIRECTION('',(-0.61957821080879,0.61957821080879,0.481918749772156));
#8351=DIRECTION('',(-0.340768015944834,0.340768015944834,-0.876215908676647));
#8352=DIRECTION('',(-0.340768015944834,0.340768015944834,-0.876215908676647));
#8353=DIRECTION('',(0.707106781186548,0.707106781186548,-3.45932841633583E-16));
#8354=DIRECTION('',(0.340768015944834,-0.340768015944834,0.876215908676647));
#8355=DIRECTION('',(-0.61957821080879,0.61957821080879,0.481918749772156));
#8356=DIRECTION('',(-0.340768015944834,0.340768015944834,-0.876215908676647));
#8357=DIRECTION('',(-0.340768015944834,0.340768015944834,-0.876215908676647));
#8358=DIRECTION('',(0.707106781186548,0.707106781186548,0.));
#8359=DIRECTION('',(0.340768015944835,-0.340768015944834,0.876215908676647));
#8360=DIRECTION('',(-0.707106781186548,-0.707106781186548,4.50727794070488E-16));
#8361=DIRECTION('',(0.195755243628785,-0.472594964074262,0.859263571044113));
#8362=DIRECTION('',(-0.758369201648171,-0.314126808608729,-0.571139652015871));
#8363=DIRECTION('',(2.04097590292596E-16,0.876215908676647,0.481918749772156));
#8364=DIRECTION('',(0.,-0.481918749772156,0.876215908676647));
#8365=DIRECTION('',(-1.,2.32930706086866E-16,0.));
#8366=DIRECTION('',(-0.758369201648171,-0.314126808608729,0.571139652015872));
#8367=DIRECTION('',(0.195755243628785,-0.472594964074262,0.859263571044113));
#8368=DIRECTION('',(-1.,1.51141256306087E-16,1.48708090510507E-16));
#8369=DIRECTION('',(-5.90180254357565E-17,-0.481918749772156,0.876215908676647));
#8370=DIRECTION('',(1.,3.76474058031035E-17,-2.91112883123343E-16));
#8371=DIRECTION('',(-5.90180254357565E-17,-0.481918749772156,0.876215908676647));
#8372=DIRECTION('',(1.07305500792284E-16,0.876215908676647,0.481918749772156));
#8373=DIRECTION('',(5.90180254357565E-17,0.481918749772156,-0.876215908676647));
#8374=DIRECTION('',(-8.55422642289766E-17,0.481918749772156,-0.876215908676647));
#8375=DIRECTION('',(1.,6.77983829837356E-17,-3.45932841633583E-16));
#8376=DIRECTION('',(-5.90180254357565E-17,-0.481918749772156,0.876215908676647));
#8377=DIRECTION('',(1.07305500792284E-16,0.876215908676647,0.481918749772156));
#8378=DIRECTION('',(5.90180254357565E-17,0.481918749772156,-0.876215908676647));
#8379=DIRECTION('',(5.90180254357565E-17,0.481918749772156,-0.876215908676647));
#8380=DIRECTION('',(1.,-1.22464679914735E-16,0.));
#8381=DIRECTION('',(3.74662843558445E-16,-0.481918749772156,0.876215908676647));
#8382=DIRECTION('',(-1.,1.51141256306087E-16,1.48708090510507E-16));
#8383=DIRECTION('',(2.04097590292596E-16,0.876215908676647,0.481918749772156));
#8384=DIRECTION('',(-1.12253674660928E-16,-0.481918749772156,0.876215908676647));
#8385=DIRECTION('',(1.,-2.32930706086866E-16,0.));
#8386=DIRECTION('',(2.04097590292596E-16,0.876215908676647,0.481918749772156));
#8387=DIRECTION('',(-0.382683432365095,0.445234869247922,-0.809517944087131));
#8388=DIRECTION('',(-0.195755243628785,-0.472594964074262,0.859263571044113));
#8389=DIRECTION('',(-0.758369201648171,0.314126808608729,-0.571139652015871));
#8390=DIRECTION('',(0.61957821080879,0.61957821080879,0.481918749772156));
#8391=DIRECTION('',(-0.707106781186547,0.707106781186548,0.));
#8392=DIRECTION('',(-0.707106781186547,0.707106781186548,0.));
#8393=DIRECTION('',(-0.758369201648171,0.314126808608728,0.571139652015872));
#8394=DIRECTION('',(-0.195755243628785,-0.472594964074262,0.859263571044114));
#8395=DIRECTION('',(0.61957821080879,0.61957821080879,0.481918749772156));
#8396=DIRECTION('',(0.585426645339008,0.044230545192818,-0.809517944087135));
#8397=DIRECTION('',(0.707106781186547,-0.707106781186548,0.));
#8398=DIRECTION('',(0.61957821080879,0.61957821080879,0.481918749772156));
#8399=DIRECTION('',(-0.340768015944834,-0.340768015944834,0.876215908676647));
#8400=DIRECTION('',(-0.707106781186548,0.707106781186548,5.38534517091214E-16));
#8401=DIRECTION('',(-0.340768015944834,-0.340768015944834,0.876215908676647));
#8402=DIRECTION('',(0.707106781186548,-0.707106781186548,-2.91112883123343E-16));
#8403=DIRECTION('',(-0.340768015944834,-0.340768015944834,0.876215908676647));
#8404=DIRECTION('',(0.61957821080879,0.61957821080879,0.481918749772156));
#8405=DIRECTION('',(0.340768015944834,0.340768015944834,-0.876215908676647));
#8406=DIRECTION('',(0.340768015944834,0.340768015944834,-0.876215908676647));
#8407=DIRECTION('',(0.707106781186548,-0.707106781186548,-3.45932841633583E-16));
#8408=DIRECTION('',(-0.340768015944834,-0.340768015944834,0.876215908676647));
#8409=DIRECTION('',(0.61957821080879,0.61957821080879,0.481918749772156));
#8410=DIRECTION('',(0.340768015944834,0.340768015944834,-0.876215908676647));
#8411=DIRECTION('',(0.340768015944834,0.340768015944834,-0.876215908676647));
#8412=DIRECTION('',(0.707106781186548,-0.707106781186548,0.));
#8413=DIRECTION('',(-0.340768015944834,-0.340768015944835,0.876215908676647));
#8414=DIRECTION('',(-0.707106781186548,0.707106781186548,5.38534517091214E-16));
#8415=DIRECTION('',(-0.472594964074262,-0.195755243628784,0.859263571044113));
#8416=DIRECTION('',(-0.314126808608729,0.758369201648171,-0.571139652015871));
#8417=DIRECTION('',(0.876215908676647,0.,0.481918749772156));
#8418=DIRECTION('',(0.481918749772156,0.,-0.876215908676647));
#8419=DIRECTION('',(0.,1.,0.));
#8420=DIRECTION('',(-0.314126808608729,0.758369201648171,0.571139652015871));
#8421=DIRECTION('',(-0.472594964074262,-0.195755243628784,0.859263571044113));
#8422=DIRECTION('',(0.,1.,0.));
#8423=DIRECTION('',(-0.481918749772156,2.95090127178782E-17,0.876215908676647));
#8424=DIRECTION('',(9.88797457604711E-17,-1.,-2.91112883123343E-16));
#8425=DIRECTION('',(-0.481918749772156,2.95090127178782E-17,0.876215908676647));
#8426=DIRECTION('',(0.876215908676647,-5.36527503961423E-17,0.481918749772156));
#8427=DIRECTION('',(0.481918749772156,-2.95090127178782E-17,-0.876215908676647));
#8428=DIRECTION('',(0.481918749772156,1.15051276946855E-16,-0.876215908676647));
#8429=DIRECTION('',(1.29030722941103E-16,-1.,-3.45932841633583E-16));
#8430=DIRECTION('',(-0.481918749772156,2.95090127178782E-17,0.876215908676647));
#8431=DIRECTION('',(0.876215908676647,-5.36527503961423E-17,0.481918749772156));
#8432=DIRECTION('',(0.481918749772156,-2.95090127178782E-17,-0.876215908676647));
#8433=DIRECTION('',(0.481918749772156,-2.95090127178782E-17,-0.876215908676647));
#8434=DIRECTION('',(-6.12323399573677E-17,-1.,0.));
#8435=DIRECTION('',(-0.481918749772156,-4.04171856276323E-16,0.876215908676647));
#8436=DIRECTION('',(0.,1.,0.));
#8437=DIRECTION('',(0.876215908676647,0.,0.481918749772156));
#8438=DIRECTION('',(-0.481918749772156,0.,0.876215908676647));
#8439=DIRECTION('',(0.,-1.,0.));
#8440=DIRECTION('',(0.876215908676647,0.,0.481918749772156));
#8441=DIRECTION('',(0.445234869247923,0.382683432365091,-0.809517944087133));
#8442=DIRECTION('',(-0.472594964074262,0.195755243628784,0.859263571044113));
#8443=DIRECTION('',(0.314126808608729,0.758369201648172,-0.571139652015871));
#8444=DIRECTION('',(0.61957821080879,-0.61957821080879,0.481918749772156));
#8445=DIRECTION('',(0.707106781186548,0.707106781186547,0.));
#8446=DIRECTION('',(0.707106781186548,0.707106781186547,0.));
#8447=DIRECTION('',(0.314126808608728,0.758369201648171,0.571139652015872));
#8448=DIRECTION('',(-0.472594964074262,0.195755243628784,0.859263571044113));
#8449=DIRECTION('',(0.61957821080879,-0.61957821080879,0.481918749772156));
#8450=DIRECTION('',(0.0442305451928159,-0.585426645339009,-0.809517944087134));
#8451=DIRECTION('',(-0.707106781186548,-0.707106781186547,2.30559026513611E-17));
#8452=DIRECTION('',(0.61957821080879,-0.61957821080879,0.481918749772156));
#8453=DIRECTION('',(-0.340768015944834,0.340768015944834,0.876215908676647));
#8454=DIRECTION('',(0.707106781186548,0.707106781186548,6.31290270876622E-16));
#8455=DIRECTION('',(-0.340768015944834,0.340768015944834,0.876215908676647));
#8456=DIRECTION('',(-0.707106781186548,-0.707106781186548,-2.91112883123343E-16));
#8457=DIRECTION('',(-0.340768015944834,0.340768015944834,0.876215908676647));
#8458=DIRECTION('',(0.61957821080879,-0.61957821080879,0.481918749772156));
#8459=DIRECTION('',(0.340768015944834,-0.340768015944834,-0.876215908676647));
#8460=DIRECTION('',(0.340768015944834,-0.340768015944834,-0.876215908676647));
#8461=DIRECTION('',(-0.707106781186548,-0.707106781186548,-3.45932841633583E-16));
#8462=DIRECTION('',(-0.340768015944834,0.340768015944834,0.876215908676647));
#8463=DIRECTION('',(0.61957821080879,-0.61957821080879,0.481918749772156));
#8464=DIRECTION('',(0.340768015944834,-0.340768015944834,-0.876215908676647));
#8465=DIRECTION('',(0.340768015944834,-0.340768015944834,-0.876215908676647));
#8466=DIRECTION('',(-0.707106781186548,-0.707106781186548,0.));
#8467=DIRECTION('',(-0.340768015944835,0.340768015944834,0.876215908676647));
#8468=DIRECTION('',(0.707106781186548,0.707106781186548,6.31290270876622E-16));
#8469=DIRECTION('',(-0.195755243628784,0.472594964074263,0.859263571044113));
#8470=DIRECTION('',(0.758369201648171,0.314126808608729,-0.571139652015871));
#8471=DIRECTION('',(0.,-0.876215908676647,0.481918749772156));
#8472=DIRECTION('',(0.,-0.481918749772156,-0.876215908676647));
#8473=DIRECTION('',(1.,0.,0.));
#8474=DIRECTION('',(0.758369201648171,0.314126808608729,0.571139652015871));
#8475=DIRECTION('',(-0.195755243628784,0.472594964074263,0.859263571044113));
#8476=DIRECTION('',(1.,0.,0.));
#8477=DIRECTION('',(0.,0.481918749772156,0.876215908676647));
#8478=DIRECTION('',(-1.,-1.60112085717839E-16,-2.91112883123343E-16));
#8479=DIRECTION('',(0.,0.481918749772156,0.876215908676647));
#8480=DIRECTION('',(0.,-0.876215908676647,0.481918749772156));
#8481=DIRECTION('',(0.,-0.481918749772156,-0.876215908676647));
#8482=DIRECTION('',(1.44560289664733E-16,-0.481918749772156,-0.876215908676647));
#8483=DIRECTION('',(-1.,-1.90263062898471E-16,-3.45932841633583E-16));
#8484=DIRECTION('',(0.,0.481918749772156,0.876215908676647));
#8485=DIRECTION('',(0.,-0.876215908676647,0.481918749772156));
#8486=DIRECTION('',(0.,-0.481918749772156,-0.876215908676647));
#8487=DIRECTION('',(0.,-0.481918749772156,-0.876215908676647));
#8488=DIRECTION('',(-1.,0.,0.));
#8489=DIRECTION('',(-4.33680868994202E-16,0.481918749772156,0.876215908676647));
#8490=DIRECTION('',(1.,0.,0.));
#8491=DIRECTION('',(0.,-0.876215908676647,0.481918749772156));
#8492=DIRECTION('',(0.,0.481918749772156,0.876215908676647));
#8493=DIRECTION('',(-1.,0.,0.));
#8494=DIRECTION('',(0.,-0.876215908676647,0.481918749772156));
#8495=DIRECTION('',(0.382683432365087,-0.445234869247924,-0.809517944087134));
#8496=DIRECTION('',(0.195755243628784,0.472594964074263,0.859263571044113));
#8497=DIRECTION('',(0.758369201648172,-0.314126808608729,-0.57113965201587));
#8498=DIRECTION('',(0.,0.,1.));
#8499=DIRECTION('',(1.,0.,0.));
#8500=DIRECTION('',(-2.59720492568695E-16,-1.,0.));
#8501=DIRECTION('',(0.,0.,1.));
#8502=DIRECTION('',(-0.923879532511287,-0.38268343236509,0.));
#8503=DIRECTION('',(0.707106781186547,-0.707106781186548,0.));
#8504=DIRECTION('',(0.,0.,1.));
#8505=DIRECTION('',(-0.38268343236509,-0.923879532511287,0.));
#8506=DIRECTION('',(1.,-5.1944098513739E-16,0.));
#8507=DIRECTION('',(0.,0.,1.));
#8508=DIRECTION('',(0.38268343236509,-0.923879532511287,0.));
#8509=DIRECTION('',(0.707106781186548,0.707106781186547,0.));
#8510=DIRECTION('',(0.,0.,1.));
#8511=DIRECTION('',(0.923879532511286,-0.382683432365092,0.));
#8512=DIRECTION('',(5.1944098513739E-16,1.,0.));
#8513=DIRECTION('',(0.,0.,1.));
#8514=DIRECTION('',(0.923879532511287,0.38268343236509,0.));
#8515=DIRECTION('',(-0.707106781186547,0.707106781186548,0.));
#8516=DIRECTION('',(0.,0.,1.));
#8517=DIRECTION('',(0.382683432365091,0.923879532511287,0.));
#8518=DIRECTION('',(-1.,2.59720492568695E-16,0.));
#8519=DIRECTION('',(0.,0.,1.));
#8520=DIRECTION('',(-0.38268343236509,0.923879532511287,0.));
#8521=DIRECTION('',(-0.707106781186548,-0.707106781186547,0.));
#8522=DIRECTION('',(0.,0.,1.));
#8523=DIRECTION('',(-0.923879532511287,0.382683432365091,0.));
#8524=DIRECTION('',(0.,0.,1.));
#8525=DIRECTION('',(0.38268343236509,-0.923879532511287,0.));
#8526=DIRECTION('',(0.38268343236509,-0.923879532511287,0.));
#8527=DIRECTION('',(0.,0.,1.));
#8528=DIRECTION('',(0.38268343236509,-0.923879532511287,0.));
#8529=DIRECTION('',(0.,0.,1.));
#8530=DIRECTION('',(-0.38268343236509,-0.923879532511287,0.));
#8531=DIRECTION('',(-0.38268343236509,-0.923879532511287,0.));
#8532=DIRECTION('',(0.,0.,1.));
#8533=DIRECTION('',(-0.38268343236509,-0.923879532511287,0.));
#8534=DIRECTION('',(0.,0.,1.));
#8535=DIRECTION('',(-0.923879532511287,-0.38268343236509,0.));
#8536=DIRECTION('',(-0.923879532511287,-0.38268343236509,0.));
#8537=DIRECTION('',(0.,0.,1.));
#8538=DIRECTION('',(-0.923879532511287,-0.38268343236509,0.));
#8539=DIRECTION('',(0.,0.,1.));
#8540=DIRECTION('',(-0.923879532511287,0.38268343236509,0.));
#8541=DIRECTION('',(-0.923879532511287,0.38268343236509,0.));
#8542=DIRECTION('',(0.,0.,1.));
#8543=DIRECTION('',(-0.923879532511287,0.38268343236509,0.));
#8544=DIRECTION('',(0.,0.,1.));
#8545=DIRECTION('',(-0.38268343236509,0.923879532511287,0.));
#8546=DIRECTION('',(-0.38268343236509,0.923879532511287,0.));
#8547=DIRECTION('',(0.,0.,1.));
#8548=DIRECTION('',(-0.38268343236509,0.923879532511287,0.));
#8549=DIRECTION('',(0.,0.,1.));
#8550=DIRECTION('',(0.38268343236509,0.923879532511287,0.));
#8551=DIRECTION('',(0.38268343236509,0.923879532511287,0.));
#8552=DIRECTION('',(0.,0.,1.));
#8553=DIRECTION('',(0.38268343236509,0.923879532511287,0.));
#8554=DIRECTION('',(0.,0.,1.));
#8555=DIRECTION('',(0.923879532511287,0.38268343236509,0.));
#8556=DIRECTION('',(0.923879532511287,0.38268343236509,0.));
#8557=DIRECTION('',(0.,0.,1.));
#8558=DIRECTION('',(0.923879532511287,0.38268343236509,0.));
#8559=DIRECTION('',(0.,0.,1.));
#8560=DIRECTION('',(0.923879532511287,-0.38268343236509,0.));
#8561=DIRECTION('',(0.923879532511287,-0.38268343236509,0.));
#8562=DIRECTION('',(0.,0.,1.));
#8563=DIRECTION('',(0.923879532511287,-0.38268343236509,0.));
#8564=DIRECTION('',(0.707106781186547,-0.707106781186548,1.04083408558608E-16));
#8565=DIRECTION('',(0.707106781186548,0.707106781186548,0.));
#8566=DIRECTION('',(2.38994925199377E-16,-2.38994925199377E-16,-1.));
#8567=DIRECTION('',(0.707106781186547,-0.707106781186548,1.04083408558608E-16));
#8568=DIRECTION('',(0.707106781186548,0.707106781186548,0.));
#8569=DIRECTION('',(0.340768015944834,0.340768015944834,0.876215908676647));
#8570=DIRECTION('',(-0.61957821080879,-0.61957821080879,0.481918749772156));
#8571=DIRECTION('',(0.340768015944834,0.340768015944835,0.876215908676647));
#8572=DIRECTION('',(-0.61957821080879,-0.61957821080879,0.481918749772156));
#8573=DIRECTION('',(-0.340768015944834,-0.340768015944834,-0.876215908676647));
#8574=DIRECTION('',(-0.707106781186548,-0.707106781186547,0.));
#8575=DIRECTION('',(0.707106781186547,-0.707106781186548,1.04083408558608E-16));
#8576=DIRECTION('',(0.707106781186548,0.707106781186548,0.));
#8577=DIRECTION('',(0.340768015944834,0.340768015944834,0.876215908676647));
#8578=DIRECTION('',(0.707106781186547,-0.707106781186548,1.04083408558608E-16));
#8579=DIRECTION('',(0.707106781186548,0.707106781186548,0.));
#8580=DIRECTION('',(-2.38994925199377E-16,2.38994925199377E-16,1.));
#8581=DIRECTION('',(-0.707106781186548,-0.707106781186547,0.));
#8582=DIRECTION('',(0.340768015944834,0.340768015944834,0.876215908676647));
#8583=DIRECTION('',(-0.61957821080879,-0.61957821080879,0.481918749772156));
#8584=DIRECTION('',(0.340768015944834,0.340768015944835,0.876215908676647));
#8585=DIRECTION('',(-0.61957821080879,-0.61957821080879,0.481918749772156));
#8586=DIRECTION('',(0.,0.,1.));
#8587=DIRECTION('',(1.,0.,0.));
#8588=DIRECTION('',(0.,0.,1.));
#8589=DIRECTION('',(1.,0.,0.));
#8590=DIRECTION('',(0.707106781186547,-0.707106781186548,0.));
#8591=DIRECTION('',(-0.707106781186548,-0.707106781186548,0.));
#8592=DIRECTION('',(-0.707106781186547,0.707106781186548,0.));
#8593=DIRECTION('',(-0.707106781186548,-0.707106781186547,0.));
#8594=DIRECTION('',(0.707106781186548,-0.707106781186548,0.));
#8595=DIRECTION('',(0.,0.,1.));
#8596=DIRECTION('',(1.,0.,0.));
#8597=DIRECTION('',(1.,0.,0.));
#8598=DIRECTION('',(0.,-1.,0.));
#8599=DIRECTION('',(-1.,0.,0.));
#8600=DIRECTION('',(0.,-1.,0.));
#8601=DIRECTION('',(1.,0.,0.));
#8602=DIRECTION('',(0.,-1.,0.));
#8603=DIRECTION('',(1.,0.,0.));
#8604=DIRECTION('',(0.,0.,1.));
#8605=DIRECTION('',(1.,0.,0.));
#8606=DIRECTION('',(0.707106781186548,-0.707106781186548,0.));
#8607=DIRECTION('',(0.,0.,1.));
#8608=DIRECTION('',(1.,0.,0.));
#8609=DIRECTION('',(-1.51141256306087E-16,-1.,0.));
#8610=DIRECTION('',(0.,0.,1.));
#8611=DIRECTION('',(1.,0.,0.));
#8612=DIRECTION('',(0.707106781186548,-0.707106781186548,0.));
#8613=DIRECTION('',(-0.707106781186548,-0.707106781186547,0.));
#8614=DIRECTION('',(-0.707106781186547,0.707106781186548,0.));
#8615=DIRECTION('',(-0.707106781186548,-0.707106781186547,0.));
#8616=DIRECTION('',(0.707106781186547,-0.707106781186548,0.));
#8617=DIRECTION('',(0.707106781186548,-0.707106781186548,0.));
#8618=DIRECTION('',(0.,0.,1.));
#8619=DIRECTION('',(1.,0.,0.));
#8620=DIRECTION('',(-3.48999411889185E-16,-1.,0.));
#8621=DIRECTION('',(-1.,1.83697019872103E-16,0.));
#8622=DIRECTION('',(-1.83697019872103E-16,-1.,0.));
#8623=DIRECTION('',(-1.,1.83697019872103E-16,0.));
#8624=DIRECTION('',(1.83697019872103E-16,1.,0.));
#8625=DIRECTION('',(-1.,1.83697019872103E-16,0.));
#8626=DIRECTION('',(0.707106781186547,-0.707106781186548,1.04083408558608E-16));
#8627=DIRECTION('',(0.707106781186548,0.707106781186548,0.));
#8628=DIRECTION('',(0.340768015944834,0.340768015944834,0.876215908676647));
#8629=DIRECTION('',(-0.61957821080879,-0.61957821080879,0.481918749772156));
#8630=DIRECTION('',(0.707106781186547,-0.707106781186548,1.04083408558608E-16));
#8631=DIRECTION('',(0.707106781186548,0.707106781186548,0.));
#8632=DIRECTION('',(-2.38994925199377E-16,2.38994925199378E-16,1.));
#8633=DIRECTION('',(0.707106781186548,0.707106781186548,0.));
#8634=DIRECTION('',(-0.707106781186548,0.707106781186548,0.));
#8635=DIRECTION('',(0.707106781186548,-0.707106781186548,7.85584865920107E-16));
#8636=DIRECTION('',(0.,0.,-1.));
#8637=DIRECTION('',(0.707106781186548,0.707106781186548,0.));
#8638=DIRECTION('',(-0.707106781186548,0.707106781186548,0.));
#8639=DIRECTION('',(0.,0.,-1.));
#8640=DIRECTION('',(0.707106781186548,-0.707106781186548,7.85584865920107E-16));
#8641=DIRECTION('',(2.38994925199377E-16,-2.38994925199377E-16,-1.));
#8642=DIRECTION('',(0.707106781186548,0.707106781186548,0.));
#8643=DIRECTION('',(-0.707106781186548,0.707106781186548,0.));
#8644=DIRECTION('',(0.,0.,-1.));
#8645=DIRECTION('',(0.707106781186548,-0.707106781186548,5.80957458239811E-16));
#8646=DIRECTION('',(-0.61957821080879,-0.61957821080879,0.481918749772156));
#8647=DIRECTION('',(0.707106781186547,-0.707106781186548,0.));
#8648=DIRECTION('',(0.472594964074262,0.195755243628785,0.859263571044113));
#8649=DIRECTION('',(0.707106781186548,-0.707106781186548,5.81859572583071E-16));
#8650=DIRECTION('',(-0.707106781186548,0.707106781186548,-2.67637368749294E-16));
#8651=DIRECTION('',(0.707106781186548,-0.707106781186548,5.81859572583071E-16));
#8652=DIRECTION('',(0.195755243628785,0.472594964074262,0.859263571044113));
#8653=DIRECTION('',(-9.56974652675607E-17,-1.,1.59999190190076E-16));
#8654=DIRECTION('',(0.,-1.59999190190076E-16,-1.));
#8655=DIRECTION('',(-1.17958263954306E-31,-3.37989864555303E-16,-1.));
#8656=DIRECTION('',(-9.56974652675607E-17,-1.,1.59999190190076E-16));
#8657=DIRECTION('',(0.,-1.59999190190076E-16,-1.));
#8658=DIRECTION('',(0.481918749772156,9.40754330018186E-17,0.876215908676647));
#8659=DIRECTION('',(-0.876215908676647,1.60958251188427E-16,0.481918749772156));
#8660=DIRECTION('',(0.481918749772156,3.45153830840567E-16,0.876215908676647));
#8661=DIRECTION('',(-0.876215908676647,1.60958251188427E-16,0.481918749772156));
#8662=DIRECTION('',(-0.481918749772156,8.85270381536348E-17,-0.876215908676647));
#8663=DIRECTION('',(-9.56974652675608E-17,-1.,1.59999190190076E-16));
#8664=DIRECTION('',(0.,-1.59999190190076E-16,-1.));
#8665=DIRECTION('',(0.481918749772156,9.40754330018185E-17,0.876215908676647));
#8666=DIRECTION('',(-9.56974652675608E-17,-1.,1.59999190190076E-16));
#8667=DIRECTION('',(0.,-1.59999190190076E-16,-1.));
#8668=DIRECTION('',(1.17958263954306E-31,3.37989864555303E-16,1.));
#8669=DIRECTION('',(-1.,1.83697019872103E-16,0.));
#8670=DIRECTION('',(0.481918749772156,-8.85270381536348E-17,0.876215908676647));
#8671=DIRECTION('',(-0.876215908676647,1.60958251188427E-16,0.481918749772156));
#8672=DIRECTION('',(0.481918749772156,3.45153830840567E-16,0.876215908676647));
#8673=DIRECTION('',(-0.876215908676647,1.60958251188427E-16,0.481918749772156));
#8674=DIRECTION('',(0.,0.,1.));
#8675=DIRECTION('',(1.,0.,0.));
#8676=DIRECTION('',(0.,0.,1.));
#8677=DIRECTION('',(1.,0.,0.));
#8678=DIRECTION('',(-1.,1.83697019872103E-16,0.));
#8679=DIRECTION('',(-1.83697019872103E-16,-1.,0.));
#8680=DIRECTION('',(-3.48999411889185E-16,-1.,0.));
#8681=DIRECTION('',(0.,0.,1.));
#8682=DIRECTION('',(1.,0.,0.));
#8683=DIRECTION('',(-0.707106781186548,-0.707106781186547,0.));
#8684=DIRECTION('',(-0.707106781186547,0.707106781186548,0.));
#8685=DIRECTION('',(-0.707106781186548,-0.707106781186547,0.));
#8686=DIRECTION('',(-0.707106781186548,0.707106781186548,0.));
#8687=DIRECTION('',(0.707106781186548,0.707106781186548,0.));
#8688=DIRECTION('',(-0.707106781186547,0.707106781186548,0.));
#8689=DIRECTION('',(-0.707106781186548,-0.707106781186548,0.));
#8690=DIRECTION('',(0.,0.,1.));
#8691=DIRECTION('',(1.,0.,0.));
#8692=DIRECTION('',(-1.51141256306087E-16,-1.,0.));
#8693=DIRECTION('',(-1.,1.83697019872103E-16,0.));
#8694=DIRECTION('',(1.83697019872103E-16,1.,0.));
#8695=DIRECTION('',(-9.56974652675607E-17,-1.,1.59999190190076E-16));
#8696=DIRECTION('',(0.,-1.59999190190076E-16,-1.));
#8697=DIRECTION('',(0.481918749772156,-8.85270381536348E-17,0.876215908676647));
#8698=DIRECTION('',(-0.876215908676647,1.60958251188427E-16,0.481918749772156));
#8699=DIRECTION('',(-9.56974652675607E-17,-1.,1.59999190190076E-16));
#8700=DIRECTION('',(0.,-1.59999190190076E-16,-1.));
#8701=DIRECTION('',(6.20877308657848E-32,3.37989864555303E-16,1.));
#8702=DIRECTION('',(1.,-1.51141256306087E-16,0.));
#8703=DIRECTION('',(1.51141256306087E-16,1.,0.));
#8704=DIRECTION('',(-1.51141256306087E-16,-1.,5.72218465213899E-16));
#8705=DIRECTION('',(0.,0.,-1.));
#8706=DIRECTION('',(1.,-1.51141256306087E-16,0.));
#8707=DIRECTION('',(1.51141256306087E-16,1.,0.));
#8708=DIRECTION('',(0.,0.,-1.));
#8709=DIRECTION('',(-1.51141256306087E-16,-1.,5.72218465213899E-16));
#8710=DIRECTION('',(-6.20877308657847E-32,-3.37989864555302E-16,-1.));
#8711=DIRECTION('',(1.,-3.48999411889185E-16,0.));
#8712=DIRECTION('',(3.48999411889185E-16,1.,0.));
#8713=DIRECTION('',(0.,0.,-1.));
#8714=DIRECTION('',(-3.48999411889185E-16,-1.,-1.62325307855435E-16));
#8715=DIRECTION('',(-0.876215908676647,2.27571227398025E-16,0.481918749772156));
#8716=DIRECTION('',(0.481918749772156,0.,0.876215908676647));
#8717=DIRECTION('',(-3.48999411889185E-16,-1.,-1.62325307855435E-16));
#8718=DIRECTION('',(0.472594964074262,0.195755243628785,0.859263571044113));
#8719=DIRECTION('',(0.472594964074262,-0.195755243628785,0.859263571044113));
#8720=DIRECTION('',(-3.48999411889185E-16,-1.,-1.62325307855435E-16));
#8721=DIRECTION('',(1.14670840280102E-16,1.,-2.63726640524714E-16));
#8722=DIRECTION('',(-0.707106781186548,-0.707106781186547,1.38777878078144E-16));
#8723=DIRECTION('',(0.707106781186548,-0.707106781186548,0.));
#8724=DIRECTION('',(-2.38994925199378E-16,-2.38994925199377E-16,-1.));
#8725=DIRECTION('',(-0.707106781186548,-0.707106781186547,1.38777878078144E-16));
#8726=DIRECTION('',(0.707106781186548,-0.707106781186548,0.));
#8727=DIRECTION('',(0.340768015944834,-0.340768015944834,0.876215908676647));
#8728=DIRECTION('',(-0.61957821080879,0.61957821080879,0.481918749772156));
#8729=DIRECTION('',(0.340768015944835,-0.340768015944834,0.876215908676647));
#8730=DIRECTION('',(-0.61957821080879,0.61957821080879,0.481918749772156));
#8731=DIRECTION('',(-0.340768015944834,0.340768015944834,-0.876215908676647));
#8732=DIRECTION('',(-0.707106781186548,-0.707106781186547,1.38777878078144E-16));
#8733=DIRECTION('',(0.707106781186548,-0.707106781186548,0.));
#8734=DIRECTION('',(0.340768015944834,-0.340768015944834,0.876215908676647));
#8735=DIRECTION('',(-0.707106781186548,-0.707106781186547,1.38777878078144E-16));
#8736=DIRECTION('',(0.707106781186548,-0.707106781186548,0.));
#8737=DIRECTION('',(2.38994925199377E-16,2.38994925199377E-16,1.));
#8738=DIRECTION('',(-0.707106781186547,0.707106781186548,0.));
#8739=DIRECTION('',(0.340768015944834,-0.340768015944834,0.876215908676647));
#8740=DIRECTION('',(-0.61957821080879,0.61957821080879,0.481918749772156));
#8741=DIRECTION('',(0.340768015944835,-0.340768015944834,0.876215908676647));
#8742=DIRECTION('',(-0.61957821080879,0.61957821080879,0.481918749772156));
#8743=DIRECTION('',(0.,0.,1.));
#8744=DIRECTION('',(1.,0.,0.));
#8745=DIRECTION('',(-1.,1.51141256306087E-16,0.));
#8746=DIRECTION('',(0.,0.,1.));
#8747=DIRECTION('',(1.,0.,0.));
#8748=DIRECTION('',(-0.707106781186548,-0.707106781186548,0.));
#8749=DIRECTION('',(-0.707106781186547,0.707106781186548,0.));
#8750=DIRECTION('',(0.707106781186548,0.707106781186547,0.));
#8751=DIRECTION('',(-0.707106781186547,0.707106781186548,0.));
#8752=DIRECTION('',(-0.707106781186548,-0.707106781186547,0.));
#8753=DIRECTION('',(-0.707106781186548,-0.707106781186547,0.));
#8754=DIRECTION('',(0.,0.,1.));
#8755=DIRECTION('',(1.,0.,0.));
#8756=DIRECTION('',(-1.,1.74499705944592E-16,0.));
#8757=DIRECTION('',(1.22464679914735E-16,1.,0.));
#8758=DIRECTION('',(-1.,1.22464679914735E-16,0.));
#8759=DIRECTION('',(1.22464679914735E-16,1.,0.));
#8760=DIRECTION('',(1.,-1.22464679914735E-16,0.));
#8761=DIRECTION('',(1.22464679914735E-16,1.,0.));
#8762=DIRECTION('',(-0.707106781186548,-0.707106781186547,1.38777878078144E-16));
#8763=DIRECTION('',(0.707106781186548,-0.707106781186548,0.));
#8764=DIRECTION('',(0.340768015944834,-0.340768015944834,0.876215908676647));
#8765=DIRECTION('',(-0.61957821080879,0.61957821080879,0.481918749772156));
#8766=DIRECTION('',(-0.707106781186548,-0.707106781186547,1.38777878078144E-16));
#8767=DIRECTION('',(0.707106781186548,-0.707106781186548,0.));
#8768=DIRECTION('',(2.38994925199378E-16,2.38994925199377E-16,1.));
#8769=DIRECTION('',(0.707106781186548,-0.707106781186548,0.));
#8770=DIRECTION('',(0.707106781186548,0.707106781186548,0.));
#8771=DIRECTION('',(-0.707106781186548,-0.707106781186548,4.64765966591849E-16));
#8772=DIRECTION('',(0.,0.,-1.));
#8773=DIRECTION('',(0.707106781186548,-0.707106781186548,0.));
#8774=DIRECTION('',(0.707106781186548,0.707106781186548,0.));
#8775=DIRECTION('',(0.,0.,-1.));
#8776=DIRECTION('',(-0.707106781186548,-0.707106781186548,4.64765966591849E-16));
#8777=DIRECTION('',(-2.38994925199377E-16,-2.38994925199377E-16,-1.));
#8778=DIRECTION('',(0.707106781186547,-0.707106781186548,0.));
#8779=DIRECTION('',(0.707106781186548,0.707106781186547,0.));
#8780=DIRECTION('',(0.,0.,-1.));
#8781=DIRECTION('',(-0.707106781186548,-0.707106781186547,3.76330050559516E-16));
#8782=DIRECTION('',(-0.61957821080879,0.61957821080879,0.481918749772156));
#8783=DIRECTION('',(-0.707106781186548,-0.707106781186547,0.));
#8784=DIRECTION('',(-0.707106781186548,-0.707106781186547,4.23974896695165E-16));
#8785=DIRECTION('',(0.472594964074262,-0.195755243628785,0.859263571044113));
#8786=DIRECTION('',(0.195755243628785,-0.472594964074262,0.859263571044113));
#8787=DIRECTION('',(-0.707106781186548,-0.707106781186547,4.23974896695165E-16));
#8788=DIRECTION('',(0.707106781186548,0.707106781186547,-4.40829732541121E-16));
#8789=DIRECTION('',(-1.,3.44651253101931E-17,1.59999190190076E-16));
#8790=DIRECTION('',(1.59999190190076E-16,0.,1.));
#8791=DIRECTION('',(-3.37989864555303E-16,5.89791319771529E-32,-1.));
#8792=DIRECTION('',(-1.,3.44651253101931E-17,1.59999190190076E-16));
#8793=DIRECTION('',(1.59999190190076E-16,0.,1.));
#8794=DIRECTION('',(1.23584445719697E-16,-0.481918749772156,0.876215908676647));
#8795=DIRECTION('',(1.07305500792284E-16,0.876215908676647,0.481918749772156));
#8796=DIRECTION('',(3.74662843558445E-16,-0.481918749772156,0.876215908676647));
#8797=DIRECTION('',(1.07305500792284E-16,0.876215908676647,0.481918749772156));
#8798=DIRECTION('',(5.90180254357565E-17,0.481918749772156,-0.876215908676647));
#8799=DIRECTION('',(-1.,3.44651253101931E-17,1.59999190190076E-16));
#8800=DIRECTION('',(1.59999190190076E-16,0.,1.));
#8801=DIRECTION('',(1.23584445719697E-16,-0.481918749772156,0.876215908676647));
#8802=DIRECTION('',(-1.,3.44651253101931E-17,1.59999190190076E-16));
#8803=DIRECTION('',(1.59999190190076E-16,0.,1.));
#8804=DIRECTION('',(3.37989864555303E-16,-5.89791319771528E-32,1.));
#8805=DIRECTION('',(1.22464679914735E-16,1.,0.));
#8806=DIRECTION('',(-5.90180254357565E-17,-0.481918749772156,0.876215908676647));
#8807=DIRECTION('',(1.07305500792284E-16,0.876215908676647,0.481918749772156));
#8808=DIRECTION('',(3.74662843558445E-16,-0.481918749772156,0.876215908676647));
#8809=DIRECTION('',(1.07305500792284E-16,0.876215908676647,0.481918749772156));
#8810=DIRECTION('',(0.,0.,1.));
#8811=DIRECTION('',(1.,0.,0.));
#8812=DIRECTION('',(0.,0.,1.));
#8813=DIRECTION('',(1.,0.,0.));
#8814=DIRECTION('',(1.22464679914735E-16,1.,0.));
#8815=DIRECTION('',(-1.,1.22464679914735E-16,0.));
#8816=DIRECTION('',(-1.,1.74499705944592E-16,0.));
#8817=DIRECTION('',(0.,0.,1.));
#8818=DIRECTION('',(1.,0.,0.));
#8819=DIRECTION('',(-0.707106781186547,0.707106781186548,0.));
#8820=DIRECTION('',(0.707106781186548,0.707106781186548,0.));
#8821=DIRECTION('',(-0.707106781186547,0.707106781186548,0.));
#8822=DIRECTION('',(0.707106781186548,0.707106781186547,0.));
#8823=DIRECTION('',(0.707106781186547,-0.707106781186548,0.));
#8824=DIRECTION('',(0.707106781186548,0.707106781186548,0.));
#8825=DIRECTION('',(-0.707106781186548,0.707106781186548,0.));
#8826=DIRECTION('',(0.,0.,1.));
#8827=DIRECTION('',(1.,0.,0.));
#8828=DIRECTION('',(-1.,1.51141256306087E-16,0.));
#8829=DIRECTION('',(1.22464679914735E-16,1.,0.));
#8830=DIRECTION('',(1.,-1.22464679914735E-16,0.));
#8831=DIRECTION('',(-1.,3.44651253101931E-17,1.59999190190076E-16));
#8832=DIRECTION('',(1.59999190190076E-16,0.,1.));
#8833=DIRECTION('',(-5.90180254357565E-17,-0.481918749772156,0.876215908676647));
#8834=DIRECTION('',(1.07305500792284E-16,0.876215908676647,0.481918749772156));
#8835=DIRECTION('',(-1.,3.44651253101931E-17,1.59999190190076E-16));
#8836=DIRECTION('',(1.59999190190076E-16,0.,1.));
#8837=DIRECTION('',(3.37989864555303E-16,-4.13918205771899E-32,1.));
#8838=DIRECTION('',(-1.51141256306087E-16,-1.,0.));
#8839=DIRECTION('',(1.,-1.51141256306087E-16,0.));
#8840=DIRECTION('',(-1.,1.51141256306087E-16,1.48708090510507E-16));
#8841=DIRECTION('',(0.,0.,-1.));
#8842=DIRECTION('',(-1.51141256306087E-16,-1.,0.));
#8843=DIRECTION('',(1.,-1.51141256306087E-16,0.));
#8844=DIRECTION('',(0.,0.,-1.));
#8845=DIRECTION('',(-1.,1.51141256306087E-16,1.48708090510507E-16));
#8846=DIRECTION('',(-3.37989864555302E-16,4.13918205771899E-32,-1.));
#8847=DIRECTION('',(-1.74499705944592E-16,-1.,0.));
#8848=DIRECTION('',(1.,-1.74499705944592E-16,0.));
#8849=DIRECTION('',(0.,0.,-1.));
#8850=DIRECTION('',(-1.,1.74499705944592E-16,1.54946884771096E-16));
#8851=DIRECTION('',(2.27571227398025E-16,0.876215908676647,0.481918749772156));
#8852=DIRECTION('',(0.,-0.481918749772156,0.876215908676647));
#8853=DIRECTION('',(-1.,1.74499705944592E-16,1.54946884771096E-16));
#8854=DIRECTION('',(0.195755243628785,-0.472594964074262,0.859263571044113));
#8855=DIRECTION('',(-0.195755243628785,-0.472594964074262,0.859263571044113));
#8856=DIRECTION('',(-1.,1.74499705944592E-16,1.54946884771096E-16));
#8857=DIRECTION('',(1.,-1.00449893764092E-16,-2.89582906917461E-16));
#8858=DIRECTION('',(-0.707106781186548,0.707106781186548,1.38777878078145E-16));
#8859=DIRECTION('',(-0.707106781186548,-0.707106781186548,0.));
#8860=DIRECTION('',(-2.38994925199377E-16,2.38994925199378E-16,-1.));
#8861=DIRECTION('',(-0.707106781186548,0.707106781186548,1.38777878078145E-16));
#8862=DIRECTION('',(-0.707106781186548,-0.707106781186548,0.));
#8863=DIRECTION('',(-0.340768015944834,-0.340768015944834,0.876215908676647));
#8864=DIRECTION('',(0.61957821080879,0.61957821080879,0.481918749772156));
#8865=DIRECTION('',(-0.340768015944834,-0.340768015944835,0.876215908676647));
#8866=DIRECTION('',(0.61957821080879,0.61957821080879,0.481918749772156));
#8867=DIRECTION('',(0.340768015944834,0.340768015944834,-0.876215908676647));
#8868=DIRECTION('',(-0.707106781186548,0.707106781186548,1.38777878078145E-16));
#8869=DIRECTION('',(-0.707106781186548,-0.707106781186548,0.));
#8870=DIRECTION('',(-0.340768015944834,-0.340768015944834,0.876215908676647));
#8871=DIRECTION('',(-0.707106781186548,0.707106781186548,1.38777878078145E-16));
#8872=DIRECTION('',(-0.707106781186548,-0.707106781186548,0.));
#8873=DIRECTION('',(2.38994925199377E-16,-2.38994925199377E-16,1.));
#8874=DIRECTION('',(0.707106781186548,0.707106781186548,0.));
#8875=DIRECTION('',(-0.340768015944834,-0.340768015944834,0.876215908676647));
#8876=DIRECTION('',(0.61957821080879,0.61957821080879,0.481918749772156));
#8877=DIRECTION('',(-0.340768015944834,-0.340768015944835,0.876215908676647));
#8878=DIRECTION('',(0.61957821080879,0.61957821080879,0.481918749772156));
#8879=DIRECTION('',(0.,0.,1.));
#8880=DIRECTION('',(1.,0.,0.));
#8881=DIRECTION('',(0.,1.,0.));
#8882=DIRECTION('',(0.,0.,1.));
#8883=DIRECTION('',(1.,0.,0.));
#8884=DIRECTION('',(-0.707106781186548,0.707106781186548,0.));
#8885=DIRECTION('',(0.707106781186548,0.707106781186548,0.));
#8886=DIRECTION('',(0.707106781186548,-0.707106781186548,0.));
#8887=DIRECTION('',(0.707106781186548,0.707106781186548,0.));
#8888=DIRECTION('',(-0.707106781186548,0.707106781186548,0.));
#8889=DIRECTION('',(-0.707106781186547,0.707106781186548,0.));
#8890=DIRECTION('',(0.,0.,1.));
#8891=DIRECTION('',(1.,0.,0.));
#8892=DIRECTION('',(0.,1.,0.));
#8893=DIRECTION('',(1.,-6.12323399573677E-17,0.));
#8894=DIRECTION('',(6.12323399573677E-17,1.,0.));
#8895=DIRECTION('',(1.,-6.12323399573677E-17,0.));
#8896=DIRECTION('',(-6.12323399573677E-17,-1.,0.));
#8897=DIRECTION('',(1.,-6.12323399573677E-17,0.));
#8898=DIRECTION('',(-0.707106781186548,0.707106781186548,1.38777878078145E-16));
#8899=DIRECTION('',(-0.707106781186548,-0.707106781186548,0.));
#8900=DIRECTION('',(-0.340768015944834,-0.340768015944834,0.876215908676647));
#8901=DIRECTION('',(0.61957821080879,0.61957821080879,0.481918749772156));
#8902=DIRECTION('',(-0.707106781186548,0.707106781186548,1.38777878078145E-16));
#8903=DIRECTION('',(-0.707106781186548,-0.707106781186548,0.));
#8904=DIRECTION('',(2.38994925199377E-16,-2.38994925199378E-16,1.));
#8905=DIRECTION('',(-0.707106781186548,-0.707106781186548,0.));
#8906=DIRECTION('',(0.707106781186548,-0.707106781186548,0.));
#8907=DIRECTION('',(-0.707106781186548,0.707106781186548,5.53201882624183E-16));
#8908=DIRECTION('',(0.,0.,-1.));
#8909=DIRECTION('',(-0.707106781186548,-0.707106781186548,0.));
#8910=DIRECTION('',(0.707106781186548,-0.707106781186548,0.));
#8911=DIRECTION('',(0.,0.,-1.));
#8912=DIRECTION('',(-0.707106781186548,0.707106781186548,5.53201882624183E-16));
#8913=DIRECTION('',(-2.38994925199377E-16,2.38994925199377E-16,-1.));
#8914=DIRECTION('',(-0.707106781186548,-0.707106781186547,0.));
#8915=DIRECTION('',(0.707106781186547,-0.707106781186548,0.));
#8916=DIRECTION('',(0.,0.,-1.));
#8917=DIRECTION('',(-0.707106781186547,0.707106781186548,3.76330050559516E-16));
#8918=DIRECTION('',(0.61957821080879,0.61957821080879,0.481918749772156));
#8919=DIRECTION('',(-0.707106781186547,0.707106781186548,0.));
#8920=DIRECTION('',(-0.472594964074262,-0.195755243628785,0.859263571044113));
#8921=DIRECTION('',(-0.707106781186547,0.707106781186548,4.23974896695165E-16));
#8922=DIRECTION('',(0.707106781186547,-0.707106781186548,-4.44514789048275E-16));
#8923=DIRECTION('',(-0.707106781186547,0.707106781186548,4.23974896695165E-16));
#8924=DIRECTION('',(-0.195755243628785,-0.472594964074262,0.859263571044113));
#8925=DIRECTION('',(-2.67672146471746E-17,1.,1.59999190190076E-16));
#8926=DIRECTION('',(0.,-1.59999190190076E-16,1.));
#8927=DIRECTION('',(0.,3.37989864555303E-16,-1.));
#8928=DIRECTION('',(-2.67672146471746E-17,1.,1.59999190190076E-16));
#8929=DIRECTION('',(0.,-1.59999190190076E-16,1.));
#8930=DIRECTION('',(-0.481918749772156,-1.53093458437575E-16,0.876215908676647));
#8931=DIRECTION('',(0.876215908676647,-5.36527503961423E-17,0.481918749772156));
#8932=DIRECTION('',(-0.481918749772156,-4.04171856276323E-16,0.876215908676647));
#8933=DIRECTION('',(0.876215908676647,-5.36527503961423E-17,0.481918749772156));
#8934=DIRECTION('',(0.481918749772156,-2.95090127178782E-17,-0.876215908676647));
#8935=DIRECTION('',(-2.67672146471745E-17,1.,1.59999190190076E-16));
#8936=DIRECTION('',(0.,-1.59999190190076E-16,1.));
#8937=DIRECTION('',(-0.481918749772156,-1.53093458437575E-16,0.876215908676647));
#8938=DIRECTION('',(-2.67672146471745E-17,1.,1.59999190190076E-16));
#8939=DIRECTION('',(0.,-1.59999190190076E-16,1.));
#8940=DIRECTION('',(0.,-3.37989864555303E-16,1.));
#8941=DIRECTION('',(1.,-6.12323399573677E-17,0.));
#8942=DIRECTION('',(-0.481918749772156,2.95090127178782E-17,0.876215908676647));
#8943=DIRECTION('',(0.876215908676647,-5.36527503961423E-17,0.481918749772156));
#8944=DIRECTION('',(-0.481918749772156,-4.04171856276323E-16,0.876215908676647));
#8945=DIRECTION('',(0.876215908676647,-5.36527503961423E-17,0.481918749772156));
#8946=DIRECTION('',(0.,0.,1.));
#8947=DIRECTION('',(1.,0.,0.));
#8948=DIRECTION('',(0.,0.,1.));
#8949=DIRECTION('',(1.,0.,0.));
#8950=DIRECTION('',(1.,-6.12323399573677E-17,0.));
#8951=DIRECTION('',(6.12323399573677E-17,1.,0.));
#8952=DIRECTION('',(0.,1.,0.));
#8953=DIRECTION('',(0.,0.,1.));
#8954=DIRECTION('',(1.,0.,0.));
#8955=DIRECTION('',(0.707106781186548,0.707106781186547,0.));
#8956=DIRECTION('',(0.707106781186548,-0.707106781186548,0.));
#8957=DIRECTION('',(0.707106781186548,0.707106781186547,0.));
#8958=DIRECTION('',(0.707106781186547,-0.707106781186548,0.));
#8959=DIRECTION('',(-0.707106781186548,-0.707106781186547,0.));
#8960=DIRECTION('',(0.707106781186548,-0.707106781186548,0.));
#8961=DIRECTION('',(0.707106781186548,0.707106781186548,0.));
#8962=DIRECTION('',(0.,0.,1.));
#8963=DIRECTION('',(1.,0.,0.));
#8964=DIRECTION('',(0.,1.,0.));
#8965=DIRECTION('',(1.,-6.12323399573677E-17,0.));
#8966=DIRECTION('',(-6.12323399573677E-17,-1.,0.));
#8967=DIRECTION('',(-2.67672146471746E-17,1.,1.59999190190076E-16));
#8968=DIRECTION('',(0.,-1.59999190190076E-16,1.));
#8969=DIRECTION('',(-0.481918749772156,2.95090127178782E-17,0.876215908676647));
#8970=DIRECTION('',(0.876215908676647,-5.36527503961423E-17,0.481918749772156));
#8971=DIRECTION('',(-2.67672146471746E-17,1.,1.59999190190076E-16));
#8972=DIRECTION('',(0.,-1.59999190190076E-16,1.));
#8973=DIRECTION('',(-2.06959102885949E-32,-3.37989864555303E-16,1.));
#8974=DIRECTION('',(-1.,0.,0.));
#8975=DIRECTION('',(0.,0.,1.));
#8976=DIRECTION('',(0.,1.,0.));
#8977=DIRECTION('',(0.,0.,-1.));
#8978=DIRECTION('',(-1.,0.,0.));
#8979=DIRECTION('',(0.,0.,1.));
#8980=DIRECTION('',(0.,0.,-1.));
#8981=DIRECTION('',(0.,1.,0.));
#8982=DIRECTION('',(2.06959102885949E-32,3.37989864555302E-16,-1.));
#8983=DIRECTION('',(-1.,0.,0.));
#8984=DIRECTION('',(0.,0.,1.));
#8985=DIRECTION('',(0.,0.,-1.));
#8986=DIRECTION('',(0.,1.,9.44438154795255E-16));
#8987=DIRECTION('',(0.876215908676647,-4.55142454796051E-16,0.481918749772156));
#8988=DIRECTION('',(0.481918749772156,0.,-0.876215908676647));
#8989=DIRECTION('',(0.,1.,9.44438154795255E-16));
#8990=DIRECTION('',(-0.472594964074262,-0.195755243628785,0.859263571044113));
#8991=DIRECTION('',(-0.472594964074262,0.195755243628786,0.859263571044113));
#8992=DIRECTION('',(0.,1.,9.44438154795255E-16));
#8993=DIRECTION('',(-2.85630477051302E-16,-1.,-4.25110014701978E-16));
#8994=DIRECTION('',(0.707106781186548,0.707106781186548,1.38777878078145E-16));
#8995=DIRECTION('',(-0.707106781186548,0.707106781186548,0.));
#8996=DIRECTION('',(2.38994925199378E-16,2.38994925199377E-16,-1.));
#8997=DIRECTION('',(0.707106781186548,0.707106781186548,1.38777878078145E-16));
#8998=DIRECTION('',(-0.707106781186548,0.707106781186548,0.));
#8999=DIRECTION('',(-0.340768015944834,0.340768015944834,0.876215908676647));
#9000=DIRECTION('',(0.61957821080879,-0.61957821080879,0.481918749772156));
#9001=DIRECTION('',(-0.340768015944835,0.340768015944834,0.876215908676647));
#9002=DIRECTION('',(0.61957821080879,-0.61957821080879,0.481918749772156));
#9003=DIRECTION('',(0.340768015944834,-0.340768015944834,-0.876215908676647));
#9004=DIRECTION('',(0.707106781186548,0.707106781186548,1.38777878078145E-16));
#9005=DIRECTION('',(-0.707106781186548,0.707106781186548,0.));
#9006=DIRECTION('',(-0.340768015944834,0.340768015944834,0.876215908676647));
#9007=DIRECTION('',(0.707106781186548,0.707106781186548,1.38777878078145E-16));
#9008=DIRECTION('',(-0.707106781186548,0.707106781186548,0.));
#9009=DIRECTION('',(-2.38994925199377E-16,-2.38994925199377E-16,1.));
#9010=DIRECTION('',(0.707106781186548,-0.707106781186548,0.));
#9011=DIRECTION('',(-0.340768015944834,0.340768015944834,0.876215908676647));
#9012=DIRECTION('',(0.61957821080879,-0.61957821080879,0.481918749772156));
#9013=DIRECTION('',(-0.340768015944835,0.340768015944834,0.876215908676647));
#9014=DIRECTION('',(0.61957821080879,-0.61957821080879,0.481918749772156));
#9015=DIRECTION('',(0.,0.,1.));
#9016=DIRECTION('',(1.,0.,0.));
#9017=DIRECTION('',(1.,0.,0.));
#9018=DIRECTION('',(0.,0.,1.));
#9019=DIRECTION('',(1.,0.,0.));
#9020=DIRECTION('',(0.707106781186548,0.707106781186548,0.));
#9021=DIRECTION('',(0.707106781186548,-0.707106781186548,0.));
#9022=DIRECTION('',(-0.707106781186548,-0.707106781186548,0.));
#9023=DIRECTION('',(0.707106781186548,-0.707106781186548,0.));
#9024=DIRECTION('',(0.707106781186548,0.707106781186548,0.));
#9025=DIRECTION('',(0.707106781186548,0.707106781186547,0.));
#9026=DIRECTION('',(0.,0.,1.));
#9027=DIRECTION('',(1.,0.,0.));
#9028=DIRECTION('',(1.,0.,0.));
#9029=DIRECTION('',(0.,-1.,0.));
#9030=DIRECTION('',(1.,0.,0.));
#9031=DIRECTION('',(0.,-1.,0.));
#9032=DIRECTION('',(-1.,0.,0.));
#9033=DIRECTION('',(0.,-1.,0.));
#9034=DIRECTION('',(0.707106781186548,0.707106781186548,1.38777878078145E-16));
#9035=DIRECTION('',(-0.707106781186548,0.707106781186548,0.));
#9036=DIRECTION('',(-0.340768015944834,0.340768015944834,0.876215908676647));
#9037=DIRECTION('',(0.61957821080879,-0.61957821080879,0.481918749772156));
#9038=DIRECTION('',(0.707106781186548,0.707106781186548,1.38777878078145E-16));
#9039=DIRECTION('',(-0.707106781186548,0.707106781186548,0.));
#9040=DIRECTION('',(-2.38994925199378E-16,-2.38994925199377E-16,1.));
#9041=DIRECTION('',(-0.707106781186548,0.707106781186548,0.));
#9042=DIRECTION('',(-0.707106781186548,-0.707106781186548,0.));
#9043=DIRECTION('',(0.707106781186548,0.707106781186548,6.69393374272145E-16));
#9044=DIRECTION('',(0.,0.,-1.));
#9045=DIRECTION('',(-0.707106781186548,0.707106781186548,0.));
#9046=DIRECTION('',(-0.707106781186548,-0.707106781186548,0.));
#9047=DIRECTION('',(0.,0.,-1.));
#9048=DIRECTION('',(0.707106781186548,0.707106781186548,6.69393374272145E-16));
#9049=DIRECTION('',(2.38994925199377E-16,2.38994925199377E-16,-1.));
#9050=DIRECTION('',(-0.707106781186547,0.707106781186548,0.));
#9051=DIRECTION('',(-0.707106781186548,-0.707106781186547,0.));
#9052=DIRECTION('',(0.,0.,-1.));
#9053=DIRECTION('',(0.707106781186548,0.707106781186547,8.84359160323334E-17));
#9054=DIRECTION('',(0.61957821080879,-0.61957821080879,0.481918749772156));
#9055=DIRECTION('',(0.707106781186548,0.707106781186547,0.));
#9056=DIRECTION('',(0.707106781186548,0.707106781186547,8.70225120186728E-17));
#9057=DIRECTION('',(-0.472594964074262,0.195755243628786,0.859263571044113));
#9058=DIRECTION('',(-0.195755243628785,0.472594964074262,0.859263571044113));
#9059=DIRECTION('',(0.707106781186548,0.707106781186547,8.70225120186728E-17));
#9060=DIRECTION('',(-0.707106781186548,-0.707106781186548,-3.68601932892013E-16));
#9061=DIRECTION('',(1.,8.79995546045423E-17,1.59999190190077E-16));
#9062=DIRECTION('',(1.59999190190077E-16,0.,-1.));
#9063=DIRECTION('',(3.37989864555303E-16,0.,-1.));
#9064=DIRECTION('',(1.,8.79995546045423E-17,1.59999190190077E-16));
#9065=DIRECTION('',(1.59999190190077E-16,0.,-1.));
#9066=DIRECTION('',(-1.82602471155453E-16,0.481918749772156,0.876215908676647));
#9067=DIRECTION('',(0.,-0.876215908676647,0.481918749772156));
#9068=DIRECTION('',(-4.33680868994202E-16,0.481918749772156,0.876215908676647));
#9069=DIRECTION('',(0.,-0.876215908676647,0.481918749772156));
#9070=DIRECTION('',(0.,-0.481918749772156,-0.876215908676647));
#9071=DIRECTION('',(1.,8.79995546045422E-17,1.59999190190076E-16));
#9072=DIRECTION('',(1.59999190190076E-16,0.,-1.));
#9073=DIRECTION('',(-1.82602471155453E-16,0.481918749772156,0.876215908676647));
#9074=DIRECTION('',(1.,8.79995546045422E-17,1.59999190190076E-16));
#9075=DIRECTION('',(1.59999190190076E-16,0.,-1.));
#9076=DIRECTION('',(-3.37989864555303E-16,0.,1.));
#9077=DIRECTION('',(0.,0.481918749772156,0.876215908676647));
#9078=DIRECTION('',(0.,-0.876215908676647,0.481918749772156));
#9079=DIRECTION('',(-4.33680868994202E-16,0.481918749772156,0.876215908676647));
#9080=DIRECTION('',(0.,-0.876215908676647,0.481918749772156));
#9081=DIRECTION('',(1.,8.79995546045423E-17,1.59999190190077E-16));
#9082=DIRECTION('',(1.59999190190077E-16,0.,-1.));
#9083=DIRECTION('',(0.,0.481918749772156,0.876215908676647));
#9084=DIRECTION('',(0.,-0.876215908676647,0.481918749772156));
#9085=DIRECTION('',(1.,8.79995546045423E-17,1.59999190190077E-16));
#9086=DIRECTION('',(1.59999190190077E-16,0.,-1.));
#9087=DIRECTION('',(-3.37989864555303E-16,0.,1.));
#9088=DIRECTION('',(0.,1.,0.));
#9089=DIRECTION('',(0.,0.,1.));
#9090=DIRECTION('',(1.,0.,0.));
#9091=DIRECTION('',(0.,0.,-1.));
#9092=DIRECTION('',(0.,1.,0.));
#9093=DIRECTION('',(0.,0.,1.));
#9094=DIRECTION('',(0.,0.,-1.));
#9095=DIRECTION('',(1.,0.,0.));
#9096=DIRECTION('',(3.37989864555302E-16,0.,-1.));
#9097=DIRECTION('',(0.,1.,0.));
#9098=DIRECTION('',(0.,0.,1.));
#9099=DIRECTION('',(0.,0.,-1.));
#9100=DIRECTION('',(1.,0.,9.44438154795255E-16));
#9101=DIRECTION('',(0.,0.,1.));
#9102=DIRECTION('',(1.,0.,0.));
#9103=DIRECTION('',(0.608670425963871,-0.608670425963871,0.508960337466408));
#9104=DIRECTION('',(-0.35988930597749,0.35988930597749,0.860789971413515));
#9105=DIRECTION('',(0.860789971413514,-4.01008831667685E-16,0.50896033746641));
#9106=DIRECTION('',(-0.50896033746641,2.37104981552521E-16,0.860789971413514));
#9107=DIRECTION('',(0.,0.,1.));
#9108=DIRECTION('',(1.,0.,0.));
#9109=DIRECTION('',(-0.60867042596387,-0.608670425963869,0.508960337466411));
#9110=DIRECTION('',(0.359889305977493,0.359889305977493,0.860789971413513));
#9111=DIRECTION('',(-2.00504415833842E-16,-0.860789971413514,0.508960337466409));
#9112=DIRECTION('',(1.1855249077626E-16,0.508960337466409,0.860789971413515));
#9113=DIRECTION('',(0.,0.,1.));
#9114=DIRECTION('',(1.,0.,0.));
#9115=DIRECTION('',(-0.60867042596387,0.60867042596387,0.50896033746641));
#9116=DIRECTION('',(0.359889305977492,-0.359889305977492,0.860789971413514));
#9117=DIRECTION('',(-0.860789971413514,0.,0.508960337466409));
#9118=DIRECTION('',(0.508960337466409,0.,0.860789971413515));
#9119=DIRECTION('',(0.,0.,1.));
#9120=DIRECTION('',(1.,0.,0.));
#9121=DIRECTION('',(0.608670425963871,0.608670425963871,0.508960337466408));
#9122=DIRECTION('',(-0.35988930597749,-0.35988930597749,0.860789971413516));
#9123=DIRECTION('',(0.,0.860789971413516,0.508960337466407));
#9124=DIRECTION('',(0.,-0.508960337466407,0.860789971413516));
#9125=DIRECTION('',(-4.55142454796051E-16,-0.876215908676647,0.481918749772156));
#9126=DIRECTION('',(0.,-0.481918749772156,-0.876215908676647));
#9127=DIRECTION('',(1.,-4.75208576485301E-32,9.44438154795255E-16));
#9128=DIRECTION('',(-0.195755243628785,0.472594964074262,0.859263571044113));
#9129=DIRECTION('',(0.195755243628785,0.472594964074262,0.859263571044113));
#9130=DIRECTION('',(1.,-4.75208576485301E-32,9.44438154795255E-16));
#9131=DIRECTION('',(-1.,2.71409530535291E-16,-4.50966281094725E-16));
#9132=DIRECTION('',(0.,1.,0.));
#9133=DIRECTION('',(0.,0.,1.));
#9134=DIRECTION('',(1.,0.,9.44438154795255E-16));
#9135=DIRECTION('',(0.,0.,-1.));
#9136=DIRECTION('',(0.707106781186548,0.707106781186548,0.));
#9137=DIRECTION('',(-0.707106781186548,0.707106781186548,0.));
#9138=DIRECTION('',(0.707106781186548,-0.707106781186548,5.80957458239811E-16));
#9139=DIRECTION('',(0.,0.,-1.));
#9140=DIRECTION('',(1.,-3.48999411889185E-16,0.));
#9141=DIRECTION('',(3.48999411889185E-16,1.,0.));
#9142=DIRECTION('',(-3.48999411889185E-16,-1.,-1.62325307855435E-16));
#9143=DIRECTION('',(0.,0.,-1.));
#9144=DIRECTION('',(0.707106781186547,-0.707106781186548,0.));
#9145=DIRECTION('',(0.707106781186548,0.707106781186547,0.));
#9146=DIRECTION('',(-0.707106781186548,-0.707106781186547,3.76330050559516E-16));
#9147=DIRECTION('',(0.,0.,-1.));
#9148=DIRECTION('',(-1.74499705944592E-16,-1.,0.));
#9149=DIRECTION('',(1.,-1.74499705944592E-16,0.));
#9150=DIRECTION('',(-1.,1.74499705944592E-16,1.54946884771096E-16));
#9151=DIRECTION('',(0.,0.,-1.));
#9152=DIRECTION('',(-0.707106781186548,-0.707106781186547,0.));
#9153=DIRECTION('',(0.707106781186547,-0.707106781186548,0.));
#9154=DIRECTION('',(-0.707106781186547,0.707106781186548,3.76330050559516E-16));
#9155=DIRECTION('',(0.,0.,-1.));
#9156=DIRECTION('',(-1.,0.,0.));
#9157=DIRECTION('',(0.,0.,1.));
#9158=DIRECTION('',(0.,1.,9.44438154795255E-16));
#9159=DIRECTION('',(0.,0.,-1.));
#9160=DIRECTION('',(-0.707106781186547,0.707106781186548,0.));
#9161=DIRECTION('',(-0.707106781186548,-0.707106781186547,0.));
#9162=DIRECTION('',(0.707106781186548,0.707106781186547,8.84359160323334E-17));
#9163=DIRECTION('',(0.,0.,-1.));
#9164=DIRECTION('',(0.608670425963871,-0.608670425963871,0.508960337466408));
#9165=DIRECTION('',(-0.707106781186548,-0.707106781186547,0.));
#9166=DIRECTION('',(0.707106781186548,0.707106781186547,5.64468714503324E-17));
#9167=DIRECTION('',(0.498013698042544,-0.206284027976797,-0.842276235188704));
#9168=DIRECTION('',(0.860789971413514,-4.01008831667685E-16,0.50896033746641));
#9169=DIRECTION('',(-4.65861412173731E-16,-1.,0.));
#9170=DIRECTION('',(0.498013698042545,-0.206284027976797,-0.842276235188704));
#9171=DIRECTION('',(4.65861412173731E-16,1.,4.0671590475954E-32));
#9172=DIRECTION('',(-0.60867042596387,-0.608670425963869,0.508960337466411));
#9173=DIRECTION('',(-0.707106781186547,0.707106781186548,0.));
#9174=DIRECTION('',(0.707106781186548,-0.707106781186548,5.32736576115719E-18));
#9175=DIRECTION('',(-0.206284027976805,-0.498013698042543,-0.842276235188703));
#9176=DIRECTION('',(-2.00504415833842E-16,-0.860789971413514,0.508960337466409));
#9177=DIRECTION('',(-1.,2.32930706086866E-16,0.));
#9178=DIRECTION('',(-0.206284027976805,-0.498013698042543,-0.842276235188704));
#9179=DIRECTION('',(1.,-2.32930706086866E-16,0.));
#9180=DIRECTION('',(-0.60867042596387,0.60867042596387,0.50896033746641));
#9181=DIRECTION('',(0.707106781186548,0.707106781186547,0.));
#9182=DIRECTION('',(-0.707106781186548,-0.707106781186547,-1.46373362292497E-17));
#9183=DIRECTION('',(-0.498013698042543,0.206284027976803,-0.842276235188704));
#9184=DIRECTION('',(-0.860789971413514,0.,0.508960337466409));
#9185=DIRECTION('',(0.,1.,0.));
#9186=DIRECTION('',(-0.498013698042543,0.206284027976803,-0.842276235188704));
#9187=DIRECTION('',(0.,-1.,0.));
#9188=DIRECTION('',(0.608670425963871,0.608670425963871,0.508960337466408));
#9189=DIRECTION('',(0.707106781186547,-0.707106781186548,0.));
#9190=DIRECTION('',(-0.707106781186547,0.707106781186548,-6.57568419184248E-17));
#9191=DIRECTION('',(0.206284027976801,0.498013698042541,-0.842276235188705));
#9192=DIRECTION('',(0.,0.860789971413516,0.508960337466407));
#9193=DIRECTION('',(1.,0.,0.));
#9194=DIRECTION('',(0.206284027976801,0.498013698042541,-0.842276235188705));
#9195=DIRECTION('',(-1.,0.,0.));
#9196=DIRECTION('',(0.,0.,1.));
#9197=DIRECTION('',(1.,0.,0.));
#9198=DIRECTION('',(0.,0.,1.));
#9199=DIRECTION('',(1.,0.,0.));
#9200=DIRECTION('',(0.,0.,1.));
#9201=DIRECTION('',(1.,0.,0.));
#9202=DIRECTION('',(0.,0.,1.));
#9203=DIRECTION('',(1.,0.,0.));
#9204=DIRECTION('',(0.,0.,1.));
#9205=DIRECTION('',(1.,0.,0.));
#9206=DIRECTION('',(0.,0.,1.));
#9207=DIRECTION('',(1.,0.,0.));
#9208=DIRECTION('',(0.,0.,1.));
#9209=DIRECTION('',(1.,0.,0.));
#9210=DIRECTION('',(0.,0.,1.));
#9211=DIRECTION('',(1.,0.,0.));
#9212=DIRECTION('',(0.,0.,1.));
#9213=DIRECTION('',(1.,0.,0.));
#9214=DIRECTION('',(0.,0.,1.));
#9215=DIRECTION('',(1.,0.,0.));
#9216=DIRECTION('',(0.,0.,1.));
#9217=DIRECTION('',(1.,0.,0.));
#9218=DIRECTION('',(0.,0.,1.));
#9219=DIRECTION('',(1.,0.,0.));
#9220=DIRECTION('',(-2.64346488140127E-16,0.481918749772156,0.876215908676647));
#9221=DIRECTION('',(0.,-0.876215908676647,0.481918749772156));
#9222=DIRECTION('',(-1.,-1.2739352907115E-16,-2.31624598311182E-16));
#9223=DIRECTION('',(1.,8.79995546045422E-17,1.59999190190076E-16));
#9224=DIRECTION('',(1.59999190190076E-16,0.,-1.));
#9225=DIRECTION('',(-4.33680868994202E-16,0.481918749772156,0.876215908676647));
#9226=DIRECTION('',(1.,8.79995546045422E-17,1.59999190190076E-16));
#9227=DIRECTION('',(1.59999190190076E-16,0.,-1.));
#9228=DIRECTION('',(0.,-0.876215908676647,0.481918749772156));
#9229=DIRECTION('',(0.,0.481918749772156,0.876215908676647));
#9230=DIRECTION('',(0.,-0.876215908676647,0.481918749772156));
#9231=DIRECTION('',(-1.,0.,0.));
#9232=DIRECTION('',(0.,-0.876215908676647,0.481918749772156));
#9233=DIRECTION('',(-1.,0.,0.));
#9234=DIRECTION('',(1.,2.93005116863644E-16,5.32736576115715E-16));
#9235=DIRECTION('',(0.,-0.876215908676647,0.481918749772156));
#9236=DIRECTION('',(-1.,0.,0.));
#9237=DIRECTION('',(0.,0.,1.));
#9238=DIRECTION('',(0.,-0.876215908676647,0.481918749772156));
#9239=DIRECTION('',(0.,-0.481918749772156,-0.876215908676647));
#9240=DIRECTION('',(0.,0.481918749772156,0.876215908676647));
#9241=DIRECTION('',(0.,-0.876215908676647,0.481918749772156));
#9242=DIRECTION('',(0.,-0.876215908676647,0.481918749772156));
#9243=DIRECTION('',(0.,-0.481918749772156,-0.876215908676647));
#9244=DIRECTION('',(0.,-0.876215908676647,0.481918749772156));
#9245=DIRECTION('',(0.,-0.876215908676647,0.481918749772156));
#9246=DIRECTION('',(0.,-0.481918749772156,-0.876215908676647));
#9247=DIRECTION('',(1.,0.,0.));
#9248=DIRECTION('',(0.,0.,-1.));
#9249=DIRECTION('',(0.,-0.876215908676647,0.481918749772156));
#9250=DIRECTION('',(0.,0.481918749772156,0.876215908676647));
#9251=DIRECTION('',(0.,-0.876215908676647,0.481918749772156));
#9252=DIRECTION('',(0.,0.481918749772156,0.876215908676647));
#9253=DIRECTION('',(0.,0.481918749772156,0.876215908676647));
#9254=DIRECTION('',(0.,-0.876215908676647,0.481918749772156));
#9255=DIRECTION('',(-1.,0.,0.));
#9256=DIRECTION('',(0.,-0.876215908676647,0.481918749772156));
#9257=DIRECTION('',(-1.,0.,0.));
#9258=DIRECTION('',(-1.,-6.96663140619289E-17,-1.26666025567143E-16));
#9259=DIRECTION('',(-1.26666025567143E-16,0.,1.));
#9260=DIRECTION('',(0.,-0.876215908676647,0.481918749772156));
#9261=DIRECTION('',(1.44560289664733E-16,-0.481918749772156,-0.876215908676647));
#9262=DIRECTION('',(0.,0.481918749772156,0.876215908676647));
#9263=DIRECTION('',(0.,-0.876215908676647,0.481918749772156));
#9264=DIRECTION('',(0.,-0.876215908676647,0.481918749772156));
#9265=DIRECTION('',(0.,-0.481918749772156,-0.876215908676647));
#9266=DIRECTION('',(0.,-0.876215908676647,0.481918749772156));
#9267=DIRECTION('',(0.,-0.876215908676647,0.481918749772156));
#9268=DIRECTION('',(0.,-0.481918749772156,-0.876215908676647));
#9269=DIRECTION('',(1.,0.,0.));
#9270=DIRECTION('',(0.,0.,-1.));
#9271=DIRECTION('',(0.,-0.876215908676647,0.481918749772156));
#9272=DIRECTION('',(0.,0.481918749772156,0.876215908676647));
#9273=DIRECTION('',(0.,-0.876215908676647,0.481918749772156));
#9274=DIRECTION('',(0.,0.481918749772156,0.876215908676647));
#9275=DIRECTION('',(0.,0.481918749772156,0.876215908676647));
#9276=DIRECTION('',(0.,-0.876215908676647,0.481918749772156));
#9277=DIRECTION('',(-1.,0.,0.));
#9278=DIRECTION('',(0.,-0.876215908676647,0.481918749772156));
#9279=DIRECTION('',(1.,2.93005116863647E-16,5.32736576115721E-16));
#9280=DIRECTION('',(-1.,0.,0.));
#9281=DIRECTION('',(0.,-0.876215908676647,0.481918749772156));
#9282=DIRECTION('',(1.,0.,0.));
#9283=DIRECTION('',(0.,-0.876215908676647,0.481918749772156));
#9284=DIRECTION('',(1.,0.,0.));
#9285=DIRECTION('',(0.,-0.481918749772156,-0.876215908676647));
#9286=DIRECTION('',(1.,0.,0.));
#9287=DIRECTION('',(0.,0.,-1.));
#9288=DIRECTION('',(0.,0.481918749772156,0.876215908676647));
#9289=DIRECTION('',(0.,-0.876215908676647,0.481918749772156));
#9290=DIRECTION('',(1.,0.,0.));
#9291=DIRECTION('',(-6.80283716069336E-17,0.481918749772156,0.876215908676647));
#9292=DIRECTION('',(-1.,-3.27841477938491E-17,-5.9607541443362E-17));
#9293=DIRECTION('',(-5.9607541443362E-17,0.,1.));
#9294=DIRECTION('',(6.80283716069336E-17,-0.481918749772156,-0.876215908676647));
#9295=DIRECTION('',(-3.32238755585952E-16,0.481918749772156,0.876215908676647));
#9296=DIRECTION('',(0.,-0.876215908676647,0.481918749772156));
#9297=DIRECTION('',(-1.,-1.60112085717839E-16,-2.91112883123343E-16));
#9298=DIRECTION('',(0.,-0.876215908676647,0.481918749772156));
#9299=DIRECTION('',(1.,0.,0.));
#9300=DIRECTION('',(0.,0.481918749772156,0.876215908676647));
#9301=DIRECTION('',(0.,-0.876215908676647,0.481918749772156));
#9302=DIRECTION('',(-1.,0.,0.));
#9303=DIRECTION('',(0.,-0.876215908676647,0.481918749772156));
#9304=DIRECTION('',(1.,0.,0.));
#9305=DIRECTION('',(-3.94803196572917E-16,0.481918749772156,0.876215908676647));
#9306=DIRECTION('',(0.,-0.876215908676647,0.481918749772156));
#9307=DIRECTION('',(-1.,-1.90263062898471E-16,-3.45932841633583E-16));
#9308=DIRECTION('',(0.,-0.876215908676647,0.481918749772156));
#9309=DIRECTION('',(1.,0.,0.));
#9310=DIRECTION('',(-0.340768015944835,0.340768015944834,0.876215908676647));
#9311=DIRECTION('',(0.931998424923993,0.,0.362462323475415));
#9312=DIRECTION('',(-0.707106781186548,-0.707106781186548,-2.31624598311182E-16));
#9313=DIRECTION('',(0.707106781186548,0.707106781186548,1.38777878078145E-16));
#9314=DIRECTION('',(-0.707106781186548,0.707106781186548,0.));
#9315=DIRECTION('',(-0.340768015944835,0.340768015944834,0.876215908676647));
#9316=DIRECTION('',(0.707106781186548,0.707106781186548,1.38777878078145E-16));
#9317=DIRECTION('',(-0.707106781186548,0.707106781186548,0.));
#9318=DIRECTION('',(0.61957821080879,-0.61957821080879,0.481918749772156));
#9319=DIRECTION('',(-0.340768015944834,0.340768015944834,0.876215908676647));
#9320=DIRECTION('',(0.,-0.931998424923993,0.362462323475415));
#9321=DIRECTION('',(-0.707106781186548,-0.707106781186548,0.));
#9322=DIRECTION('',(0.61957821080879,-0.61957821080879,0.481918749772156));
#9323=DIRECTION('',(-0.707106781186548,-0.707106781186548,0.));
#9324=DIRECTION('',(0.707106781186548,0.707106781186548,5.18457781854142E-16));
#9325=DIRECTION('',(0.61957821080879,-0.61957821080879,0.481918749772156));
#9326=DIRECTION('',(-0.707106781186548,-0.707106781186548,0.));
#9327=DIRECTION('',(0.707106781186548,-0.707106781186548,0.));
#9328=DIRECTION('',(0.61957821080879,-0.61957821080879,0.481918749772156));
#9329=DIRECTION('',(0.340768015944834,-0.340768015944834,-0.876215908676647));
#9330=DIRECTION('',(-0.340768015944834,0.340768015944834,0.876215908676647));
#9331=DIRECTION('',(0.61957821080879,-0.61957821080879,0.481918749772156));
#9332=DIRECTION('',(0.61957821080879,-0.61957821080879,0.481918749772156));
#9333=DIRECTION('',(0.707106781186548,0.707106781186548,0.));
#9334=DIRECTION('',(0.61957821080879,-0.61957821080879,0.481918749772156));
#9335=DIRECTION('',(0.61957821080879,-0.61957821080879,0.481918749772156));
#9336=DIRECTION('',(0.340768015944834,-0.340768015944834,-0.876215908676647));
#9337=DIRECTION('',(0.707106781186548,0.707106781186548,0.));
#9338=DIRECTION('',(-0.707106781186548,0.707106781186548,0.));
#9339=DIRECTION('',(0.61957821080879,-0.61957821080879,0.481918749772156));
#9340=DIRECTION('',(-0.340768015944834,0.340768015944834,0.876215908676647));
#9341=DIRECTION('',(0.61957821080879,-0.61957821080879,0.481918749772156));
#9342=DIRECTION('',(-0.340768015944834,0.340768015944834,0.876215908676647));
#9343=DIRECTION('',(-0.340768015944834,0.340768015944834,0.876215908676647));
#9344=DIRECTION('',(0.,-0.931998424923993,0.362462323475415));
#9345=DIRECTION('',(-0.707106781186548,-0.707106781186548,0.));
#9346=DIRECTION('',(0.61957821080879,-0.61957821080879,0.481918749772156));
#9347=DIRECTION('',(-0.707106781186548,-0.707106781186548,0.));
#9348=DIRECTION('',(-0.707106781186548,-0.707106781186548,-1.18276600634782E-16));
#9349=DIRECTION('',(0.707106781186548,-0.707106781186548,0.));
#9350=DIRECTION('',(0.61957821080879,-0.61957821080879,0.481918749772156));
#9351=DIRECTION('',(0.340768015944834,-0.340768015944834,-0.876215908676647));
#9352=DIRECTION('',(-0.340768015944834,0.340768015944834,0.876215908676647));
#9353=DIRECTION('',(0.61957821080879,-0.61957821080879,0.481918749772156));
#9354=DIRECTION('',(0.61957821080879,-0.61957821080879,0.481918749772156));
#9355=DIRECTION('',(0.707106781186548,0.707106781186548,0.));
#9356=DIRECTION('',(0.61957821080879,-0.61957821080879,0.481918749772156));
#9357=DIRECTION('',(0.61957821080879,-0.61957821080879,0.481918749772156));
#9358=DIRECTION('',(0.340768015944834,-0.340768015944834,-0.876215908676647));
#9359=DIRECTION('',(0.707106781186548,0.707106781186548,0.));
#9360=DIRECTION('',(-0.707106781186548,0.707106781186548,0.));
#9361=DIRECTION('',(0.61957821080879,-0.61957821080879,0.481918749772156));
#9362=DIRECTION('',(-0.340768015944834,0.340768015944834,0.876215908676647));
#9363=DIRECTION('',(0.61957821080879,-0.61957821080879,0.481918749772156));
#9364=DIRECTION('',(-0.340768015944834,0.340768015944834,0.876215908676647));
#9365=DIRECTION('',(-0.340768015944834,0.340768015944834,0.876215908676647));
#9366=DIRECTION('',(0.,-0.931998424923993,0.362462323475415));
#9367=DIRECTION('',(-0.707106781186548,-0.707106781186548,0.));
#9368=DIRECTION('',(0.61957821080879,-0.61957821080879,0.481918749772156));
#9369=DIRECTION('',(0.707106781186548,0.707106781186548,5.18457781854142E-16));
#9370=DIRECTION('',(-0.707106781186548,-0.707106781186548,0.));
#9371=DIRECTION('',(0.61957821080879,-0.61957821080879,0.481918749772156));
#9372=DIRECTION('',(0.707106781186548,0.707106781186548,0.));
#9373=DIRECTION('',(0.61957821080879,-0.61957821080879,0.481918749772156));
#9374=DIRECTION('',(0.707106781186548,0.707106781186548,0.));
#9375=DIRECTION('',(0.340768015944834,-0.340768015944834,-0.876215908676647));
#9376=DIRECTION('',(0.707106781186548,0.707106781186547,0.));
#9377=DIRECTION('',(-0.707106781186548,0.707106781186548,0.));
#9378=DIRECTION('',(-0.340768015944834,0.340768015944834,0.876215908676647));
#9379=DIRECTION('',(0.61957821080879,-0.61957821080879,0.481918749772156));
#9380=DIRECTION('',(0.707106781186548,0.707106781186548,0.));
#9381=DIRECTION('',(-0.340768015944834,0.340768015944834,0.876215908676647));
#9382=DIRECTION('',(-0.707106781186548,-0.707106781186547,-8.05700095865264E-17));
#9383=DIRECTION('',(0.707106781186548,-0.707106781186548,0.));
#9384=DIRECTION('',(0.340768015944834,-0.340768015944834,-0.876215908676647));
#9385=DIRECTION('',(-0.340768015944834,0.340768015944834,0.876215908676647));
#9386=DIRECTION('',(0.931998424923993,0.,0.362462323475415));
#9387=DIRECTION('',(-0.707106781186548,-0.707106781186548,-2.91112883123343E-16));
#9388=DIRECTION('',(0.61957821080879,-0.61957821080879,0.481918749772156));
#9389=DIRECTION('',(0.707106781186548,0.707106781186548,0.));
#9390=DIRECTION('',(-0.340768015944834,0.340768015944834,0.876215908676647));
#9391=DIRECTION('',(0.,-0.931998424923993,0.362462323475415));
#9392=DIRECTION('',(-0.707106781186548,-0.707106781186548,0.));
#9393=DIRECTION('',(0.61957821080879,-0.61957821080879,0.481918749772156));
#9394=DIRECTION('',(0.707106781186548,0.707106781186548,0.));
#9395=DIRECTION('',(-0.340768015944835,0.340768015944834,0.876215908676647));
#9396=DIRECTION('',(0.931998424923993,0.,0.362462323475415));
#9397=DIRECTION('',(-0.707106781186548,-0.707106781186548,-3.45932841633583E-16));
#9398=DIRECTION('',(0.61957821080879,-0.61957821080879,0.481918749772156));
#9399=DIRECTION('',(0.707106781186548,0.707106781186548,0.));
#9400=DIRECTION('',(-0.481918749772156,-2.34837475422248E-16,0.876215908676647));
#9401=DIRECTION('',(0.876215908676647,0.,0.481918749772156));
#9402=DIRECTION('',(6.61611891137824E-17,-1.,-2.31624598311182E-16));
#9403=DIRECTION('',(-2.67672146471745E-17,1.,1.59999190190076E-16));
#9404=DIRECTION('',(0.,-1.59999190190076E-16,1.));
#9405=DIRECTION('',(-0.481918749772156,-4.04171856276323E-16,0.876215908676647));
#9406=DIRECTION('',(-2.67672146471745E-17,1.,1.59999190190076E-16));
#9407=DIRECTION('',(0.,-1.59999190190076E-16,1.));
#9408=DIRECTION('',(0.876215908676647,-5.36527503961423E-17,0.481918749772156));
#9409=DIRECTION('',(-0.481918749772156,2.95090127178782E-17,0.876215908676647));
#9410=DIRECTION('',(0.876215908676647,0.,0.481918749772156));
#9411=DIRECTION('',(-6.12323399573677E-17,-1.,0.));
#9412=DIRECTION('',(0.876215908676647,-5.36527503961423E-17,0.481918749772156));
#9413=DIRECTION('',(-6.12323399573677E-17,-1.,0.));
#9414=DIRECTION('',(-2.31772776906276E-16,1.,5.32736576115715E-16));
#9415=DIRECTION('',(0.876215908676647,-5.36527503961423E-17,0.481918749772156));
#9416=DIRECTION('',(-6.12323399573677E-17,-1.,0.));
#9417=DIRECTION('',(1.,-6.12323399573677E-17,0.));
#9418=DIRECTION('',(0.876215908676647,-5.36527503961423E-17,0.481918749772156));
#9419=DIRECTION('',(0.481918749772156,-2.95090127178782E-17,-0.876215908676647));
#9420=DIRECTION('',(-0.481918749772156,2.95090127178782E-17,0.876215908676647));
#9421=DIRECTION('',(0.876215908676647,-5.36527503961423E-17,0.481918749772156));
#9422=DIRECTION('',(0.876215908676647,-5.36527503961423E-17,0.481918749772156));
#9423=DIRECTION('',(0.481918749772156,0.,-0.876215908676647));
#9424=DIRECTION('',(0.876215908676647,-5.36527503961423E-17,0.481918749772156));
#9425=DIRECTION('',(0.876215908676647,-5.36527503961423E-17,0.481918749772156));
#9426=DIRECTION('',(0.481918749772156,-2.95090127178782E-17,-0.876215908676647));
#9427=DIRECTION('',(6.12323399573677E-17,1.,0.));
#9428=DIRECTION('',(-1.,6.12323399573677E-17,0.));
#9429=DIRECTION('',(0.876215908676647,-5.36527503961423E-17,0.481918749772156));
#9430=DIRECTION('',(-0.481918749772156,2.95090127178782E-17,0.876215908676647));
#9431=DIRECTION('',(0.876215908676647,-5.36527503961423E-17,0.481918749772156));
#9432=DIRECTION('',(-0.481918749772156,2.95090127178782E-17,0.876215908676647));
#9433=DIRECTION('',(-0.481918749772156,2.95090127178782E-17,0.876215908676647));
#9434=DIRECTION('',(0.876215908676647,0.,0.481918749772156));
#9435=DIRECTION('',(-6.12323399573677E-17,-1.,0.));
#9436=DIRECTION('',(0.876215908676647,-5.36527503961423E-17,0.481918749772156));
#9437=DIRECTION('',(-6.12323399573677E-17,-1.,0.));
#9438=DIRECTION('',(8.43397410456123E-18,-1.,-1.26666025567143E-16));
#9439=DIRECTION('',(0.,1.26666025567143E-16,-1.));
#9440=DIRECTION('',(0.876215908676647,-5.36527503961423E-17,0.481918749772156));
#9441=DIRECTION('',(0.481918749772156,1.15051276946855E-16,-0.876215908676647));
#9442=DIRECTION('',(-0.481918749772156,2.95090127178782E-17,0.876215908676647));
#9443=DIRECTION('',(0.876215908676647,-5.36527503961423E-17,0.481918749772156));
#9444=DIRECTION('',(0.876215908676647,-5.36527503961423E-17,0.481918749772156));
#9445=DIRECTION('',(0.481918749772156,0.,-0.876215908676647));
#9446=DIRECTION('',(0.876215908676647,-5.36527503961423E-17,0.481918749772156));
#9447=DIRECTION('',(0.876215908676647,-5.36527503961423E-17,0.481918749772156));
#9448=DIRECTION('',(0.481918749772156,-2.95090127178782E-17,-0.876215908676647));
#9449=DIRECTION('',(6.12323399573677E-17,1.,0.));
#9450=DIRECTION('',(-1.,6.12323399573677E-17,0.));
#9451=DIRECTION('',(0.876215908676647,-5.36527503961423E-17,0.481918749772156));
#9452=DIRECTION('',(-0.481918749772156,2.95090127178782E-17,0.876215908676647));
#9453=DIRECTION('',(0.876215908676647,-5.36527503961423E-17,0.481918749772156));
#9454=DIRECTION('',(-0.481918749772156,2.95090127178782E-17,0.876215908676647));
#9455=DIRECTION('',(-0.481918749772156,2.95090127178782E-17,0.876215908676647));
#9456=DIRECTION('',(0.876215908676647,0.,0.481918749772156));
#9457=DIRECTION('',(-6.12323399573677E-17,-1.,0.));
#9458=DIRECTION('',(0.876215908676647,-5.36527503961423E-17,0.481918749772156));
#9459=DIRECTION('',(-2.31772776906279E-16,1.,5.32736576115721E-16));
#9460=DIRECTION('',(-6.12323399573677E-17,-1.,0.));
#9461=DIRECTION('',(0.876215908676647,-5.36527503961423E-17,0.481918749772156));
#9462=DIRECTION('',(6.12323399573677E-17,1.,0.));
#9463=DIRECTION('',(0.876215908676647,-5.36527503961423E-17,0.481918749772156));
#9464=DIRECTION('',(6.12323399573677E-17,1.,0.));
#9465=DIRECTION('',(0.481918749772156,-2.95090127178782E-17,-0.876215908676647));
#9466=DIRECTION('',(6.12323399573677E-17,1.,-2.98168932457437E-33));
#9467=DIRECTION('',(-1.,6.12323399573677E-17,0.));
#9468=DIRECTION('',(-0.481918749772156,2.95090127178782E-17,0.876215908676647));
#9469=DIRECTION('',(0.876215908676647,-5.36527503961423E-17,0.481918749772156));
#9470=DIRECTION('',(6.12323399573677E-17,1.,0.));
#9471=DIRECTION('',(-0.481918749772156,-3.85193588890554E-17,0.876215908676647));
#9472=DIRECTION('',(-2.84481921635185E-17,-1.,-5.9607541443362E-17));
#9473=DIRECTION('',(0.,5.9607541443362E-17,-1.));
#9474=DIRECTION('',(0.481918749772156,3.85193588890553E-17,-0.876215908676647));
#9475=DIRECTION('',(-0.481918749772156,-3.02729742868074E-16,0.876215908676647));
#9476=DIRECTION('',(0.876215908676647,0.,0.481918749772156));
#9477=DIRECTION('',(9.88797457604711E-17,-1.,-2.91112883123343E-16));
#9478=DIRECTION('',(0.876215908676647,-5.36527503961423E-17,0.481918749772156));
#9479=DIRECTION('',(6.12323399573677E-17,1.,0.));
#9480=DIRECTION('',(-0.481918749772156,2.95090127178782E-17,0.876215908676647));
#9481=DIRECTION('',(0.876215908676647,0.,0.481918749772156));
#9482=DIRECTION('',(-6.12323399573677E-17,-1.,0.));
#9483=DIRECTION('',(0.876215908676647,-5.36527503961423E-17,0.481918749772156));
#9484=DIRECTION('',(6.12323399573677E-17,1.,0.));
#9485=DIRECTION('',(-0.481918749772156,-3.65294183855039E-16,0.876215908676647));
#9486=DIRECTION('',(0.876215908676647,0.,0.481918749772156));
#9487=DIRECTION('',(1.29030722941103E-16,-1.,-3.45932841633583E-16));
#9488=DIRECTION('',(0.876215908676647,-5.36527503961423E-17,0.481918749772156));
#9489=DIRECTION('',(6.12323399573677E-17,1.,0.));
#9490=DIRECTION('',(-0.340768015944834,-0.340768015944835,0.876215908676647));
#9491=DIRECTION('',(0.,-0.931998424923993,-0.362462323475415));
#9492=DIRECTION('',(0.707106781186548,-0.707106781186548,-2.31624598311182E-16));
#9493=DIRECTION('',(-0.707106781186548,0.707106781186548,1.38777878078145E-16));
#9494=DIRECTION('',(-0.707106781186548,-0.707106781186548,0.));
#9495=DIRECTION('',(-0.340768015944834,-0.340768015944835,0.876215908676647));
#9496=DIRECTION('',(-0.707106781186548,0.707106781186548,1.38777878078145E-16));
#9497=DIRECTION('',(-0.707106781186548,-0.707106781186548,0.));
#9498=DIRECTION('',(0.61957821080879,0.61957821080879,0.481918749772156));
#9499=DIRECTION('',(-0.340768015944834,-0.340768015944834,0.876215908676647));
#9500=DIRECTION('',(0.931998424923993,0.,0.362462323475415));
#9501=DIRECTION('',(0.707106781186548,-0.707106781186548,0.));
#9502=DIRECTION('',(0.61957821080879,0.61957821080879,0.481918749772156));
#9503=DIRECTION('',(0.707106781186548,-0.707106781186548,0.));
#9504=DIRECTION('',(-0.707106781186548,0.707106781186548,5.18457781854142E-16));
#9505=DIRECTION('',(0.61957821080879,0.61957821080879,0.481918749772156));
#9506=DIRECTION('',(0.707106781186548,-0.707106781186548,0.));
#9507=DIRECTION('',(0.707106781186548,0.707106781186548,0.));
#9508=DIRECTION('',(0.61957821080879,0.61957821080879,0.481918749772156));
#9509=DIRECTION('',(0.340768015944834,0.340768015944834,-0.876215908676647));
#9510=DIRECTION('',(-0.340768015944834,-0.340768015944834,0.876215908676647));
#9511=DIRECTION('',(0.61957821080879,0.61957821080879,0.481918749772156));
#9512=DIRECTION('',(0.61957821080879,0.61957821080879,0.481918749772156));
#9513=DIRECTION('',(-0.707106781186548,0.707106781186548,0.));
#9514=DIRECTION('',(0.61957821080879,0.61957821080879,0.481918749772156));
#9515=DIRECTION('',(0.61957821080879,0.61957821080879,0.481918749772156));
#9516=DIRECTION('',(0.340768015944834,0.340768015944834,-0.876215908676647));
#9517=DIRECTION('',(-0.707106781186548,0.707106781186548,0.));
#9518=DIRECTION('',(-0.707106781186548,-0.707106781186548,0.));
#9519=DIRECTION('',(0.61957821080879,0.61957821080879,0.481918749772156));
#9520=DIRECTION('',(-0.340768015944834,-0.340768015944834,0.876215908676647));
#9521=DIRECTION('',(0.61957821080879,0.61957821080879,0.481918749772156));
#9522=DIRECTION('',(-0.340768015944834,-0.340768015944834,0.876215908676647));
#9523=DIRECTION('',(-0.340768015944834,-0.340768015944834,0.876215908676647));
#9524=DIRECTION('',(0.931998424923993,0.,0.362462323475415));
#9525=DIRECTION('',(0.707106781186548,-0.707106781186548,0.));
#9526=DIRECTION('',(0.61957821080879,0.61957821080879,0.481918749772156));
#9527=DIRECTION('',(0.707106781186548,-0.707106781186548,0.));
#9528=DIRECTION('',(0.707106781186548,-0.707106781186548,-1.18276600634782E-16));
#9529=DIRECTION('',(0.707106781186548,0.707106781186548,0.));
#9530=DIRECTION('',(0.61957821080879,0.61957821080879,0.481918749772156));
#9531=DIRECTION('',(0.340768015944834,0.340768015944834,-0.876215908676647));
#9532=DIRECTION('',(-0.340768015944834,-0.340768015944834,0.876215908676647));
#9533=DIRECTION('',(0.61957821080879,0.61957821080879,0.481918749772156));
#9534=DIRECTION('',(0.61957821080879,0.61957821080879,0.481918749772156));
#9535=DIRECTION('',(-0.707106781186548,0.707106781186548,0.));
#9536=DIRECTION('',(0.61957821080879,0.61957821080879,0.481918749772156));
#9537=DIRECTION('',(0.61957821080879,0.61957821080879,0.481918749772156));
#9538=DIRECTION('',(0.340768015944834,0.340768015944834,-0.876215908676647));
#9539=DIRECTION('',(-0.707106781186548,0.707106781186548,0.));
#9540=DIRECTION('',(-0.707106781186548,-0.707106781186548,0.));
#9541=DIRECTION('',(0.61957821080879,0.61957821080879,0.481918749772156));
#9542=DIRECTION('',(-0.340768015944834,-0.340768015944834,0.876215908676647));
#9543=DIRECTION('',(0.61957821080879,0.61957821080879,0.481918749772156));
#9544=DIRECTION('',(-0.340768015944834,-0.340768015944834,0.876215908676647));
#9545=DIRECTION('',(-0.340768015944834,-0.340768015944834,0.876215908676647));
#9546=DIRECTION('',(0.931998424923993,0.,0.362462323475415));
#9547=DIRECTION('',(0.707106781186548,-0.707106781186548,0.));
#9548=DIRECTION('',(0.61957821080879,0.61957821080879,0.481918749772156));
#9549=DIRECTION('',(-0.707106781186548,0.707106781186548,5.18457781854142E-16));
#9550=DIRECTION('',(0.707106781186548,-0.707106781186548,0.));
#9551=DIRECTION('',(0.61957821080879,0.61957821080879,0.481918749772156));
#9552=DIRECTION('',(-0.707106781186548,0.707106781186548,0.));
#9553=DIRECTION('',(0.61957821080879,0.61957821080879,0.481918749772156));
#9554=DIRECTION('',(-0.707106781186548,0.707106781186548,0.));
#9555=DIRECTION('',(0.340768015944834,0.340768015944834,-0.876215908676647));
#9556=DIRECTION('',(-0.707106781186547,0.707106781186548,0.));
#9557=DIRECTION('',(-0.707106781186548,-0.707106781186548,0.));
#9558=DIRECTION('',(-0.340768015944834,-0.340768015944834,0.876215908676647));
#9559=DIRECTION('',(0.61957821080879,0.61957821080879,0.481918749772156));
#9560=DIRECTION('',(-0.707106781186548,0.707106781186548,0.));
#9561=DIRECTION('',(-0.340768015944834,-0.340768015944834,0.876215908676647));
#9562=DIRECTION('',(0.707106781186547,-0.707106781186548,-8.05700095865264E-17));
#9563=DIRECTION('',(0.707106781186548,0.707106781186548,0.));
#9564=DIRECTION('',(0.340768015944834,0.340768015944834,-0.876215908676647));
#9565=DIRECTION('',(-0.340768015944834,-0.340768015944834,0.876215908676647));
#9566=DIRECTION('',(0.,-0.931998424923993,-0.362462323475415));
#9567=DIRECTION('',(0.707106781186548,-0.707106781186548,-2.91112883123343E-16));
#9568=DIRECTION('',(0.61957821080879,0.61957821080879,0.481918749772156));
#9569=DIRECTION('',(-0.707106781186548,0.707106781186548,0.));
#9570=DIRECTION('',(-0.340768015944834,-0.340768015944834,0.876215908676647));
#9571=DIRECTION('',(0.931998424923993,0.,0.362462323475415));
#9572=DIRECTION('',(0.707106781186548,-0.707106781186548,0.));
#9573=DIRECTION('',(0.61957821080879,0.61957821080879,0.481918749772156));
#9574=DIRECTION('',(-0.707106781186548,0.707106781186548,0.));
#9575=DIRECTION('',(-0.340768015944834,-0.340768015944835,0.876215908676647));
#9576=DIRECTION('',(0.,-0.931998424923993,-0.362462323475415));
#9577=DIRECTION('',(0.707106781186548,-0.707106781186548,-3.45932841633583E-16));
#9578=DIRECTION('',(0.61957821080879,0.61957821080879,0.481918749772156));
#9579=DIRECTION('',(-0.707106781186548,0.707106781186548,0.));
#9580=DIRECTION('',(2.0532846270437E-16,-0.481918749772156,0.876215908676647));
#9581=DIRECTION('',(0.,-0.876215908676647,-0.481918749772156));
#9582=DIRECTION('',(1.,4.92884915641475E-18,-2.31624598311182E-16));
#9583=DIRECTION('',(-1.,3.44651253101931E-17,1.59999190190076E-16));
#9584=DIRECTION('',(1.59999190190076E-16,0.,1.));
#9585=DIRECTION('',(3.74662843558445E-16,-0.481918749772156,0.876215908676647));
#9586=DIRECTION('',(-1.,3.44651253101931E-17,1.59999190190076E-16));
#9587=DIRECTION('',(1.59999190190076E-16,0.,1.));
#9588=DIRECTION('',(1.07305500792284E-16,0.876215908676647,0.481918749772156));
#9589=DIRECTION('',(-5.90180254357565E-17,-0.481918749772156,0.876215908676647));
#9590=DIRECTION('',(0.,-0.876215908676647,-0.481918749772156));
#9591=DIRECTION('',(1.,-1.22464679914735E-16,0.));
#9592=DIRECTION('',(1.07305500792284E-16,0.876215908676647,0.481918749772156));
#9593=DIRECTION('',(1.,-1.22464679914735E-16,0.));
#9594=DIRECTION('',(-1.,-1.70540436948908E-16,5.32736576115715E-16));
#9595=DIRECTION('',(1.07305500792284E-16,0.876215908676647,0.481918749772156));
#9596=DIRECTION('',(1.,-1.22464679914735E-16,0.));
#9597=DIRECTION('',(1.22464679914735E-16,1.,0.));
#9598=DIRECTION('',(1.07305500792284E-16,0.876215908676647,0.481918749772156));
#9599=DIRECTION('',(5.90180254357565E-17,0.481918749772156,-0.876215908676647));
#9600=DIRECTION('',(-5.90180254357565E-17,-0.481918749772156,0.876215908676647));
#9601=DIRECTION('',(1.07305500792284E-16,0.876215908676647,0.481918749772156));
#9602=DIRECTION('',(1.07305500792284E-16,0.876215908676647,0.481918749772156));
#9603=DIRECTION('',(0.,-0.481918749772156,0.876215908676647));
#9604=DIRECTION('',(1.07305500792284E-16,0.876215908676647,0.481918749772156));
#9605=DIRECTION('',(1.07305500792284E-16,0.876215908676647,0.481918749772156));
#9606=DIRECTION('',(5.90180254357565E-17,0.481918749772156,-0.876215908676647));
#9607=DIRECTION('',(-1.,1.22464679914735E-16,0.));
#9608=DIRECTION('',(-1.22464679914735E-16,-1.,0.));
#9609=DIRECTION('',(1.07305500792284E-16,0.876215908676647,0.481918749772156));
#9610=DIRECTION('',(-5.90180254357565E-17,-0.481918749772156,0.876215908676647));
#9611=DIRECTION('',(1.07305500792284E-16,0.876215908676647,0.481918749772156));
#9612=DIRECTION('',(-5.90180254357565E-17,-0.481918749772156,0.876215908676647));
#9613=DIRECTION('',(-5.90180254357565E-17,-0.481918749772156,0.876215908676647));
#9614=DIRECTION('',(0.,-0.876215908676647,-0.481918749772156));
#9615=DIRECTION('',(1.,-1.22464679914735E-16,0.));
#9616=DIRECTION('',(1.07305500792284E-16,0.876215908676647,0.481918749772156));
#9617=DIRECTION('',(1.,-1.22464679914735E-16,0.));
#9618=DIRECTION('',(1.,-5.27983658528064E-17,-1.26666025567143E-16));
#9619=DIRECTION('',(-1.26666025567143E-16,0.,-1.));
#9620=DIRECTION('',(1.07305500792284E-16,0.876215908676647,0.481918749772156));
#9621=DIRECTION('',(-8.55422642289766E-17,0.481918749772156,-0.876215908676647));
#9622=DIRECTION('',(-5.90180254357565E-17,-0.481918749772156,0.876215908676647));
#9623=DIRECTION('',(1.07305500792284E-16,0.876215908676647,0.481918749772156));
#9624=DIRECTION('',(1.07305500792284E-16,0.876215908676647,0.481918749772156));
#9625=DIRECTION('',(0.,-0.481918749772156,0.876215908676647));
#9626=DIRECTION('',(1.07305500792284E-16,0.876215908676647,0.481918749772156));
#9627=DIRECTION('',(1.07305500792284E-16,0.876215908676647,0.481918749772156));
#9628=DIRECTION('',(5.90180254357565E-17,0.481918749772156,-0.876215908676647));
#9629=DIRECTION('',(-1.,1.22464679914735E-16,0.));
#9630=DIRECTION('',(-1.22464679914735E-16,-1.,0.));
#9631=DIRECTION('',(1.07305500792284E-16,0.876215908676647,0.481918749772156));
#9632=DIRECTION('',(-5.90180254357565E-17,-0.481918749772156,0.876215908676647));
#9633=DIRECTION('',(1.07305500792284E-16,0.876215908676647,0.481918749772156));
#9634=DIRECTION('',(-5.90180254357565E-17,-0.481918749772156,0.876215908676647));
#9635=DIRECTION('',(-5.90180254357565E-17,-0.481918749772156,0.876215908676647));
#9636=DIRECTION('',(0.,-0.876215908676647,-0.481918749772156));
#9637=DIRECTION('',(1.,-1.22464679914735E-16,0.));
#9638=DIRECTION('',(1.07305500792284E-16,0.876215908676647,0.481918749772156));
#9639=DIRECTION('',(-1.,-1.70540436948911E-16,5.32736576115721E-16));
#9640=DIRECTION('',(1.,-1.22464679914735E-16,0.));
#9641=DIRECTION('',(1.07305500792284E-16,0.876215908676647,0.481918749772156));
#9642=DIRECTION('',(-1.,1.22464679914735E-16,0.));
#9643=DIRECTION('',(1.07305500792284E-16,0.876215908676647,0.481918749772156));
#9644=DIRECTION('',(-1.,1.22464679914735E-16,0.));
#9645=DIRECTION('',(5.90180254357565E-17,0.481918749772156,-0.876215908676647));
#9646=DIRECTION('',(-1.,1.22464679914735E-16,-5.96337864914875E-33));
#9647=DIRECTION('',(-1.22464679914735E-16,-1.,0.));
#9648=DIRECTION('',(-5.90180254357565E-17,-0.481918749772156,0.876215908676647));
#9649=DIRECTION('',(1.07305500792284E-16,0.876215908676647,0.481918749772156));
#9650=DIRECTION('',(-1.,1.22464679914735E-16,0.));
#9651=DIRECTION('',(9.0103461711771E-18,-0.481918749772156,0.876215908676647));
#9652=DIRECTION('',(1.,-8.96805321208862E-17,-5.9607541443362E-17));
#9653=DIRECTION('',(8.96805321208862E-17,1.,0.));
#9654=DIRECTION('',(-9.0103461711771E-18,0.481918749772156,-0.876215908676647));
#9655=DIRECTION('',(2.73220730150195E-16,-0.481918749772156,0.876215908676647));
#9656=DIRECTION('',(0.,-0.876215908676647,-0.481918749772156));
#9657=DIRECTION('',(1.,3.76474058031035E-17,-2.91112883123343E-16));
#9658=DIRECTION('',(1.07305500792284E-16,0.876215908676647,0.481918749772156));
#9659=DIRECTION('',(-1.,1.22464679914735E-16,0.));
#9660=DIRECTION('',(-5.90180254357565E-17,-0.481918749772156,0.876215908676647));
#9661=DIRECTION('',(0.,-0.876215908676647,-0.481918749772156));
#9662=DIRECTION('',(1.,-1.22464679914735E-16,0.));
#9663=DIRECTION('',(1.07305500792284E-16,0.876215908676647,0.481918749772156));
#9664=DIRECTION('',(-1.,1.22464679914735E-16,0.));
#9665=DIRECTION('',(3.3578517113716E-16,-0.481918749772156,0.876215908676647));
#9666=DIRECTION('',(0.,-0.876215908676647,-0.481918749772156));
#9667=DIRECTION('',(1.,6.77983829837356E-17,-3.45932841633583E-16));
#9668=DIRECTION('',(1.07305500792284E-16,0.876215908676647,0.481918749772156));
#9669=DIRECTION('',(-1.,1.22464679914735E-16,0.));
#9670=DIRECTION('',(0.340768015944834,-0.340768015944834,0.876215908676647));
#9671=DIRECTION('',(0.931998424923993,0.,-0.362462323475415));
#9672=DIRECTION('',(0.707106781186548,0.707106781186548,-2.31624598311182E-16));
#9673=DIRECTION('',(-0.707106781186548,-0.707106781186547,1.38777878078144E-16));
#9674=DIRECTION('',(0.707106781186548,-0.707106781186548,0.));
#9675=DIRECTION('',(0.340768015944835,-0.340768015944834,0.876215908676647));
#9676=DIRECTION('',(-0.707106781186548,-0.707106781186547,1.38777878078144E-16));
#9677=DIRECTION('',(0.707106781186548,-0.707106781186548,0.));
#9678=DIRECTION('',(-0.61957821080879,0.61957821080879,0.481918749772156));
#9679=DIRECTION('',(0.340768015944834,-0.340768015944834,0.876215908676647));
#9680=DIRECTION('',(0.,-0.931998424923993,-0.362462323475415));
#9681=DIRECTION('',(0.707106781186548,0.707106781186548,0.));
#9682=DIRECTION('',(-0.61957821080879,0.61957821080879,0.481918749772156));
#9683=DIRECTION('',(0.707106781186548,0.707106781186548,0.));
#9684=DIRECTION('',(-0.707106781186548,-0.707106781186548,5.18457781854142E-16));
#9685=DIRECTION('',(-0.61957821080879,0.61957821080879,0.481918749772156));
#9686=DIRECTION('',(0.707106781186548,0.707106781186548,0.));
#9687=DIRECTION('',(-0.707106781186548,0.707106781186548,0.));
#9688=DIRECTION('',(-0.61957821080879,0.61957821080879,0.481918749772156));
#9689=DIRECTION('',(-0.340768015944834,0.340768015944834,-0.876215908676647));
#9690=DIRECTION('',(0.340768015944834,-0.340768015944834,0.876215908676647));
#9691=DIRECTION('',(-0.61957821080879,0.61957821080879,0.481918749772156));
#9692=DIRECTION('',(-0.61957821080879,0.61957821080879,0.481918749772156));
#9693=DIRECTION('',(-0.707106781186548,-0.707106781186547,0.));
#9694=DIRECTION('',(-0.61957821080879,0.61957821080879,0.481918749772156));
#9695=DIRECTION('',(-0.61957821080879,0.61957821080879,0.481918749772156));
#9696=DIRECTION('',(-0.340768015944834,0.340768015944834,-0.876215908676647));
#9697=DIRECTION('',(-0.707106781186548,-0.707106781186548,0.));
#9698=DIRECTION('',(0.707106781186548,-0.707106781186548,0.));
#9699=DIRECTION('',(-0.61957821080879,0.61957821080879,0.481918749772156));
#9700=DIRECTION('',(0.340768015944834,-0.340768015944834,0.876215908676647));
#9701=DIRECTION('',(-0.61957821080879,0.61957821080879,0.481918749772156));
#9702=DIRECTION('',(0.340768015944834,-0.340768015944834,0.876215908676647));
#9703=DIRECTION('',(0.340768015944834,-0.340768015944834,0.876215908676647));
#9704=DIRECTION('',(0.,-0.931998424923993,-0.362462323475415));
#9705=DIRECTION('',(0.707106781186548,0.707106781186548,0.));
#9706=DIRECTION('',(-0.61957821080879,0.61957821080879,0.481918749772156));
#9707=DIRECTION('',(0.707106781186548,0.707106781186548,0.));
#9708=DIRECTION('',(0.707106781186548,0.707106781186548,-1.57702134179709E-16));
#9709=DIRECTION('',(-0.707106781186548,0.707106781186548,0.));
#9710=DIRECTION('',(-0.61957821080879,0.61957821080879,0.481918749772156));
#9711=DIRECTION('',(-0.340768015944834,0.340768015944834,-0.876215908676647));
#9712=DIRECTION('',(0.340768015944834,-0.340768015944834,0.876215908676647));
#9713=DIRECTION('',(-0.61957821080879,0.61957821080879,0.481918749772156));
#9714=DIRECTION('',(-0.61957821080879,0.61957821080879,0.481918749772156));
#9715=DIRECTION('',(-0.707106781186548,-0.707106781186547,0.));
#9716=DIRECTION('',(-0.61957821080879,0.61957821080879,0.481918749772156));
#9717=DIRECTION('',(-0.61957821080879,0.61957821080879,0.481918749772156));
#9718=DIRECTION('',(-0.340768015944834,0.340768015944834,-0.876215908676647));
#9719=DIRECTION('',(-0.707106781186548,-0.707106781186548,0.));
#9720=DIRECTION('',(0.707106781186548,-0.707106781186548,0.));
#9721=DIRECTION('',(-0.61957821080879,0.61957821080879,0.481918749772156));
#9722=DIRECTION('',(0.340768015944834,-0.340768015944834,0.876215908676647));
#9723=DIRECTION('',(-0.61957821080879,0.61957821080879,0.481918749772156));
#9724=DIRECTION('',(0.340768015944834,-0.340768015944834,0.876215908676647));
#9725=DIRECTION('',(0.340768015944834,-0.340768015944834,0.876215908676647));
#9726=DIRECTION('',(0.,-0.931998424923993,-0.362462323475415));
#9727=DIRECTION('',(0.707106781186548,0.707106781186548,0.));
#9728=DIRECTION('',(-0.61957821080879,0.61957821080879,0.481918749772156));
#9729=DIRECTION('',(-0.707106781186548,-0.707106781186548,5.18457781854142E-16));
#9730=DIRECTION('',(0.707106781186548,0.707106781186548,0.));
#9731=DIRECTION('',(-0.61957821080879,0.61957821080879,0.481918749772156));
#9732=DIRECTION('',(-0.707106781186548,-0.707106781186548,0.));
#9733=DIRECTION('',(-0.61957821080879,0.61957821080879,0.481918749772156));
#9734=DIRECTION('',(-0.707106781186548,-0.707106781186548,0.));
#9735=DIRECTION('',(-0.340768015944834,0.340768015944834,-0.876215908676647));
#9736=DIRECTION('',(-0.707106781186548,-0.707106781186547,0.));
#9737=DIRECTION('',(0.707106781186548,-0.707106781186548,0.));
#9738=DIRECTION('',(0.340768015944834,-0.340768015944834,0.876215908676647));
#9739=DIRECTION('',(-0.61957821080879,0.61957821080879,0.481918749772156));
#9740=DIRECTION('',(-0.707106781186548,-0.707106781186548,0.));
#9741=DIRECTION('',(0.340768015944834,-0.340768015944834,0.876215908676647));
#9742=DIRECTION('',(0.707106781186548,0.707106781186547,-5.37133397243509E-17));
#9743=DIRECTION('',(-0.707106781186548,0.707106781186548,0.));
#9744=DIRECTION('',(-0.340768015944834,0.340768015944834,-0.876215908676647));
#9745=DIRECTION('',(0.340768015944834,-0.340768015944834,0.876215908676647));
#9746=DIRECTION('',(0.931998424923993,0.,-0.362462323475415));
#9747=DIRECTION('',(0.707106781186548,0.707106781186548,-2.91112883123343E-16));
#9748=DIRECTION('',(-0.61957821080879,0.61957821080879,0.481918749772156));
#9749=DIRECTION('',(-0.707106781186548,-0.707106781186548,0.));
#9750=DIRECTION('',(0.340768015944834,-0.340768015944834,0.876215908676647));
#9751=DIRECTION('',(0.,-0.931998424923993,-0.362462323475415));
#9752=DIRECTION('',(0.707106781186548,0.707106781186548,0.));
#9753=DIRECTION('',(-0.61957821080879,0.61957821080879,0.481918749772156));
#9754=DIRECTION('',(-0.707106781186548,-0.707106781186548,0.));
#9755=DIRECTION('',(0.340768015944835,-0.340768015944834,0.876215908676647));
#9756=DIRECTION('',(0.931998424923993,0.,-0.362462323475415));
#9757=DIRECTION('',(0.707106781186548,0.707106781186548,-3.45932841633583E-16));
#9758=DIRECTION('',(-0.61957821080879,0.61957821080879,0.481918749772156));
#9759=DIRECTION('',(-0.707106781186548,-0.707106781186548,0.));
#9760=DIRECTION('',(0.481918749772156,1.75819449986492E-16,0.876215908676647));
#9761=DIRECTION('',(0.876215908676647,0.,-0.481918749772156));
#9762=DIRECTION('',(5.63034908009529E-17,1.,-2.31624598311182E-16));
#9763=DIRECTION('',(-9.56974652675608E-17,-1.,1.59999190190076E-16));
#9764=DIRECTION('',(0.,-1.59999190190076E-16,-1.));
#9765=DIRECTION('',(0.481918749772156,3.45153830840567E-16,0.876215908676647));
#9766=DIRECTION('',(-9.56974652675608E-17,-1.,1.59999190190076E-16));
#9767=DIRECTION('',(0.,-1.59999190190076E-16,-1.));
#9768=DIRECTION('',(-0.876215908676647,1.60958251188427E-16,0.481918749772156));
#9769=DIRECTION('',(0.481918749772156,-8.85270381536348E-17,0.876215908676647));
#9770=DIRECTION('',(0.876215908676647,0.,-0.481918749772156));
#9771=DIRECTION('',(1.83697019872103E-16,1.,0.));
#9772=DIRECTION('',(-0.876215908676647,1.60958251188427E-16,0.481918749772156));
#9773=DIRECTION('',(1.83697019872103E-16,1.,0.));
#9774=DIRECTION('',(1.09308096991541E-16,-1.,5.32736576115715E-16));
#9775=DIRECTION('',(-0.876215908676647,1.60958251188427E-16,0.481918749772156));
#9776=DIRECTION('',(1.83697019872103E-16,1.,-1.75084540398839E-32));
#9777=DIRECTION('',(-1.,1.83697019872103E-16,0.));
#9778=DIRECTION('',(-0.876215908676647,1.60958251188427E-16,0.481918749772156));
#9779=DIRECTION('',(-0.481918749772156,8.85270381536348E-17,-0.876215908676647));
#9780=DIRECTION('',(0.481918749772156,-8.85270381536348E-17,0.876215908676647));
#9781=DIRECTION('',(-0.876215908676647,1.60958251188427E-16,0.481918749772156));
#9782=DIRECTION('',(-0.876215908676647,1.60958251188427E-16,0.481918749772156));
#9783=DIRECTION('',(0.481918749772156,0.,0.876215908676647));
#9784=DIRECTION('',(-0.876215908676647,1.60958251188427E-16,0.481918749772156));
#9785=DIRECTION('',(-0.876215908676647,1.60958251188427E-16,0.481918749772156));
#9786=DIRECTION('',(-0.481918749772156,8.85270381536348E-17,-0.876215908676647));
#9787=DIRECTION('',(-1.83697019872103E-16,-1.,1.75084540398839E-32));
#9788=DIRECTION('',(1.,-1.83697019872103E-16,0.));
#9789=DIRECTION('',(-0.876215908676647,1.60958251188427E-16,0.481918749772156));
#9790=DIRECTION('',(0.481918749772156,-8.85270381536348E-17,0.876215908676647));
#9791=DIRECTION('',(-0.876215908676647,1.60958251188427E-16,0.481918749772156));
#9792=DIRECTION('',(0.481918749772156,-8.85270381536348E-17,0.876215908676647));
#9793=DIRECTION('',(0.481918749772156,-8.85270381536348E-17,0.876215908676647));
#9794=DIRECTION('',(0.876215908676647,0.,-0.481918749772156));
#9795=DIRECTION('',(1.83697019872103E-16,1.,0.));
#9796=DIRECTION('',(-0.876215908676647,1.60958251188427E-16,0.481918749772156));
#9797=DIRECTION('',(1.83697019872103E-16,1.,0.));
#9798=DIRECTION('',(1.14030705810174E-16,1.,-1.26666025567143E-16));
#9799=DIRECTION('',(0.,1.26666025567143E-16,1.));
#9800=DIRECTION('',(-0.876215908676647,1.60958251188427E-16,0.481918749772156));
#9801=DIRECTION('',(-0.481918749772156,-5.60332515110983E-17,-0.876215908676647));
#9802=DIRECTION('',(0.481918749772156,-8.85270381536348E-17,0.876215908676647));
#9803=DIRECTION('',(-0.876215908676647,1.60958251188427E-16,0.481918749772156));
#9804=DIRECTION('',(-0.876215908676647,1.60958251188427E-16,0.481918749772156));
#9805=DIRECTION('',(0.481918749772156,0.,0.876215908676647));
#9806=DIRECTION('',(-0.876215908676647,1.60958251188427E-16,0.481918749772156));
#9807=DIRECTION('',(-0.876215908676647,1.60958251188427E-16,0.481918749772156));
#9808=DIRECTION('',(-0.481918749772156,8.85270381536348E-17,-0.876215908676647));
#9809=DIRECTION('',(-1.83697019872103E-16,-1.,1.75084540398839E-32));
#9810=DIRECTION('',(1.,-1.83697019872103E-16,0.));
#9811=DIRECTION('',(-0.876215908676647,1.60958251188427E-16,0.481918749772156));
#9812=DIRECTION('',(0.481918749772156,-8.85270381536348E-17,0.876215908676647));
#9813=DIRECTION('',(-0.876215908676647,1.60958251188427E-16,0.481918749772156));
#9814=DIRECTION('',(0.481918749772156,-8.85270381536348E-17,0.876215908676647));
#9815=DIRECTION('',(0.481918749772156,-8.85270381536348E-17,0.876215908676647));
#9816=DIRECTION('',(0.876215908676647,0.,-0.481918749772156));
#9817=DIRECTION('',(1.83697019872103E-16,1.,0.));
#9818=DIRECTION('',(-0.876215908676647,1.60958251188427E-16,0.481918749772156));
#9819=DIRECTION('',(1.09308096991544E-16,-1.,5.32736576115721E-16));
#9820=DIRECTION('',(1.83697019872103E-16,1.,0.));
#9821=DIRECTION('',(-0.876215908676647,1.60958251188427E-16,0.481918749772156));
#9822=DIRECTION('',(-1.83697019872103E-16,-1.,0.));
#9823=DIRECTION('',(-0.876215908676647,1.60958251188427E-16,0.481918749772156));
#9824=DIRECTION('',(-1.83697019872103E-16,-1.,0.));
#9825=DIRECTION('',(-0.481918749772156,8.85270381536348E-17,-0.876215908676647));
#9826=DIRECTION('',(-1.83697019872103E-16,-1.,1.19267572982975E-32));
#9827=DIRECTION('',(1.,-1.83697019872103E-16,0.));
#9828=DIRECTION('',(0.481918749772156,-8.85270381536348E-17,0.876215908676647));
#9829=DIRECTION('',(-0.876215908676647,1.60958251188427E-16,0.481918749772156));
#9830=DIRECTION('',(-1.83697019872103E-16,-1.,0.));
#9831=DIRECTION('',(0.481918749772156,-2.04986665467011E-17,0.876215908676647));
#9832=DIRECTION('',(1.50912872078254E-16,1.,-5.9607541443362E-17));
#9833=DIRECTION('',(-1.,1.50912872078254E-16,0.));
#9834=DIRECTION('',(-0.481918749772156,2.04986665467011E-17,-0.876215908676647));
#9835=DIRECTION('',(0.481918749772156,2.43711717432317E-16,0.876215908676647));
#9836=DIRECTION('',(0.876215908676647,0.,-0.481918749772156));
#9837=DIRECTION('',(2.35849341542642E-17,1.,-2.91112883123343E-16));
#9838=DIRECTION('',(-0.876215908676647,1.60958251188427E-16,0.481918749772156));
#9839=DIRECTION('',(-1.83697019872103E-16,-1.,0.));
#9840=DIRECTION('',(0.481918749772156,-8.85270381536348E-17,0.876215908676647));
#9841=DIRECTION('',(0.876215908676647,0.,-0.481918749772156));
#9842=DIRECTION('',(1.83697019872103E-16,1.,0.));
#9843=DIRECTION('',(-0.876215908676647,1.60958251188427E-16,0.481918749772156));
#9844=DIRECTION('',(-1.83697019872103E-16,-1.,0.));
#9845=DIRECTION('',(0.481918749772156,3.06276158419282E-16,0.876215908676647));
#9846=DIRECTION('',(0.876215908676647,0.,-0.481918749772156));
#9847=DIRECTION('',(-6.56604302636796E-18,1.,-3.45932841633583E-16));
#9848=DIRECTION('',(-0.876215908676647,1.60958251188427E-16,0.481918749772156));
#9849=DIRECTION('',(-1.83697019872103E-16,-1.,0.));
#9850=DIRECTION('',(0.340768015944834,0.340768015944834,0.876215908676647));
#9851=DIRECTION('',(0.,-0.931998424923993,0.362462323475415));
#9852=DIRECTION('',(-0.707106781186548,0.707106781186548,-2.31624598311182E-16));
#9853=DIRECTION('',(0.707106781186547,-0.707106781186548,1.04083408558608E-16));
#9854=DIRECTION('',(0.707106781186548,0.707106781186548,0.));
#9855=DIRECTION('',(0.340768015944834,0.340768015944835,0.876215908676647));
#9856=DIRECTION('',(0.707106781186547,-0.707106781186548,1.04083408558608E-16));
#9857=DIRECTION('',(0.707106781186548,0.707106781186548,0.));
#9858=DIRECTION('',(-0.61957821080879,-0.61957821080879,0.481918749772156));
#9859=DIRECTION('',(0.340768015944835,0.340768015944834,0.876215908676647));
#9860=DIRECTION('',(0.931998424923993,0.,-0.362462323475415));
#9861=DIRECTION('',(-0.707106781186547,0.707106781186548,0.));
#9862=DIRECTION('',(-0.61957821080879,-0.61957821080879,0.481918749772156));
#9863=DIRECTION('',(-0.707106781186547,0.707106781186548,0.));
#9864=DIRECTION('',(0.707106781186548,-0.707106781186548,5.18457781854142E-16));
#9865=DIRECTION('',(-0.61957821080879,-0.61957821080879,0.481918749772156));
#9866=DIRECTION('',(-0.707106781186548,0.707106781186548,3.94255335449275E-17));
#9867=DIRECTION('',(-0.707106781186548,-0.707106781186548,0.));
#9868=DIRECTION('',(-0.61957821080879,-0.61957821080879,0.481918749772156));
#9869=DIRECTION('',(-0.340768015944834,-0.340768015944834,-0.876215908676647));
#9870=DIRECTION('',(0.340768015944834,0.340768015944834,0.876215908676647));
#9871=DIRECTION('',(-0.61957821080879,-0.61957821080879,0.481918749772156));
#9872=DIRECTION('',(-0.61957821080879,-0.61957821080879,0.481918749772156));
#9873=DIRECTION('',(0.707106781186547,-0.707106781186548,0.));
#9874=DIRECTION('',(-0.61957821080879,-0.61957821080879,0.481918749772156));
#9875=DIRECTION('',(-0.61957821080879,-0.61957821080879,0.481918749772156));
#9876=DIRECTION('',(-0.340768015944834,-0.340768015944834,-0.876215908676647));
#9877=DIRECTION('',(0.707106781186548,-0.707106781186548,-3.94255335449275E-17));
#9878=DIRECTION('',(0.707106781186548,0.707106781186548,0.));
#9879=DIRECTION('',(-0.61957821080879,-0.61957821080879,0.481918749772156));
#9880=DIRECTION('',(0.340768015944834,0.340768015944834,0.876215908676647));
#9881=DIRECTION('',(-0.61957821080879,-0.61957821080879,0.481918749772156));
#9882=DIRECTION('',(0.340768015944834,0.340768015944834,0.876215908676647));
#9883=DIRECTION('',(0.340768015944835,0.340768015944834,0.876215908676647));
#9884=DIRECTION('',(0.931998424923993,0.,-0.362462323475415));
#9885=DIRECTION('',(-0.707106781186547,0.707106781186548,0.));
#9886=DIRECTION('',(-0.61957821080879,-0.61957821080879,0.481918749772156));
#9887=DIRECTION('',(-0.707106781186547,0.707106781186548,0.));
#9888=DIRECTION('',(-0.707106781186548,0.707106781186548,-1.18276600634782E-16));
#9889=DIRECTION('',(-0.707106781186548,-0.707106781186548,0.));
#9890=DIRECTION('',(-0.61957821080879,-0.61957821080879,0.481918749772156));
#9891=DIRECTION('',(-0.340768015944834,-0.340768015944834,-0.876215908676647));
#9892=DIRECTION('',(0.340768015944834,0.340768015944834,0.876215908676647));
#9893=DIRECTION('',(-0.61957821080879,-0.61957821080879,0.481918749772156));
#9894=DIRECTION('',(-0.61957821080879,-0.61957821080879,0.481918749772156));
#9895=DIRECTION('',(0.707106781186547,-0.707106781186548,0.));
#9896=DIRECTION('',(-0.61957821080879,-0.61957821080879,0.481918749772156));
#9897=DIRECTION('',(-0.61957821080879,-0.61957821080879,0.481918749772156));
#9898=DIRECTION('',(-0.340768015944834,-0.340768015944834,-0.876215908676647));
#9899=DIRECTION('',(0.707106781186548,-0.707106781186548,-3.94255335449275E-17));
#9900=DIRECTION('',(0.707106781186548,0.707106781186548,0.));
#9901=DIRECTION('',(-0.61957821080879,-0.61957821080879,0.481918749772156));
#9902=DIRECTION('',(0.340768015944834,0.340768015944834,0.876215908676647));
#9903=DIRECTION('',(-0.61957821080879,-0.61957821080879,0.481918749772156));
#9904=DIRECTION('',(0.340768015944834,0.340768015944834,0.876215908676647));
#9905=DIRECTION('',(0.340768015944835,0.340768015944834,0.876215908676647));
#9906=DIRECTION('',(0.931998424923993,0.,-0.362462323475415));
#9907=DIRECTION('',(-0.707106781186547,0.707106781186548,0.));
#9908=DIRECTION('',(-0.61957821080879,-0.61957821080879,0.481918749772156));
#9909=DIRECTION('',(0.707106781186548,-0.707106781186548,5.18457781854142E-16));
#9910=DIRECTION('',(-0.707106781186547,0.707106781186548,0.));
#9911=DIRECTION('',(-0.61957821080879,-0.61957821080879,0.481918749772156));
#9912=DIRECTION('',(0.707106781186547,-0.707106781186548,0.));
#9913=DIRECTION('',(-0.61957821080879,-0.61957821080879,0.481918749772156));
#9914=DIRECTION('',(0.707106781186547,-0.707106781186548,0.));
#9915=DIRECTION('',(-0.340768015944834,-0.340768015944834,-0.876215908676647));
#9916=DIRECTION('',(0.707106781186547,-0.707106781186548,-2.68566698621754E-17));
#9917=DIRECTION('',(0.707106781186548,0.707106781186548,0.));
#9918=DIRECTION('',(0.340768015944834,0.340768015944834,0.876215908676647));
#9919=DIRECTION('',(-0.61957821080879,-0.61957821080879,0.481918749772156));
#9920=DIRECTION('',(0.707106781186547,-0.707106781186548,0.));
#9921=DIRECTION('',(0.340768015944834,0.340768015944834,0.876215908676647));
#9922=DIRECTION('',(-0.707106781186547,0.707106781186548,-2.68566698621754E-17));
#9923=DIRECTION('',(-0.707106781186548,-0.707106781186548,0.));
#9924=DIRECTION('',(-0.340768015944834,-0.340768015944834,-0.876215908676647));
#9925=DIRECTION('',(0.340768015944834,0.340768015944834,0.876215908676647));
#9926=DIRECTION('',(0.,-0.931998424923993,0.362462323475415));
#9927=DIRECTION('',(-0.707106781186548,0.707106781186548,-2.91112883123343E-16));
#9928=DIRECTION('',(-0.61957821080879,-0.61957821080879,0.481918749772156));
#9929=DIRECTION('',(0.707106781186547,-0.707106781186548,0.));
#9930=DIRECTION('',(0.340768015944834,0.340768015944834,0.876215908676647));
#9931=DIRECTION('',(0.931998424923993,0.,-0.362462323475415));
#9932=DIRECTION('',(-0.707106781186547,0.707106781186548,0.));
#9933=DIRECTION('',(-0.61957821080879,-0.61957821080879,0.481918749772156));
#9934=DIRECTION('',(0.707106781186547,-0.707106781186548,0.));
#9935=DIRECTION('',(0.340768015944834,0.340768015944834,0.876215908676647));
#9936=DIRECTION('',(0.,-0.931998424923993,0.362462323475415));
#9937=DIRECTION('',(-0.707106781186548,0.707106781186548,-3.45932841633583E-16));
#9938=DIRECTION('',(-0.61957821080879,-0.61957821080879,0.481918749772156));
#9939=DIRECTION('',(0.707106781186547,-0.707106781186548,0.));
#9940=DIRECTION('',(0.498013698042544,-0.206284027976797,-0.842276235188704));
#9941=DIRECTION('',(-0.860789971413514,0.,-0.50896033746641));
#9942=DIRECTION('',(0.618639906221224,-0.705549698211563,-0.345664996469367));
#9943=DIRECTION('',(0.0558405485975014,0.478331621090937,-0.8764021299591));
#9944=DIRECTION('',(0.936343448871156,0.0614545032678788,-0.345664996469367));
#9945=DIRECTION('',(-0.298746302350889,-0.377716763507816,-0.876402129959103));
#9946=DIRECTION('',(-0.206284027976805,-0.498013698042543,-0.842276235188703));
#9947=DIRECTION('',(0.,0.860789971413514,-0.508960337466409));
#9948=DIRECTION('',(-0.705549698211562,-0.618639906221225,-0.345664996469368));
#9949=DIRECTION('',(0.478331621090933,-0.0558405485974935,-0.876402129959103));
#9950=DIRECTION('',(0.061454503267881,-0.936343448871155,-0.345664996469368));
#9951=DIRECTION('',(-0.377716763507828,0.298746302350886,-0.876402129959099));
#9952=DIRECTION('',(-0.498013698042543,0.206284027976803,-0.842276235188704));
#9953=DIRECTION('',(-0.860789971413515,0.,0.508960337466409));
#9954=DIRECTION('',(-0.618639906221225,0.705549698211562,-0.345664996469367));
#9955=DIRECTION('',(-0.0558405485974959,-0.478331621090934,-0.876402129959102));
#9956=DIRECTION('',(-0.936343448871156,-0.0614545032678806,-0.345664996469368));
#9957=DIRECTION('',(0.298746302350887,0.377716763507824,-0.8764021299591));
#9958=DIRECTION('',(0.206284027976801,0.498013698042541,-0.842276235188705));
#9959=DIRECTION('',(0.,0.860789971413516,0.508960337466407));
#9960=DIRECTION('',(0.705549698211563,0.618639906221225,-0.345664996469367));
#9961=DIRECTION('',(-0.478331621090933,0.0558405485974957,-0.876402129959102));
#9962=DIRECTION('',(-0.0614545032678799,0.936343448871155,-0.345664996469368));
#9963=DIRECTION('',(0.37771676350782,-0.298746302350888,-0.876402129959101));
#9964=DIRECTION('',(0.,1.,0.));
#9965=DIRECTION('',(0.,0.,1.));
#9966=DIRECTION('',(-0.707106781186548,0.707106781186548,5.53201882624183E-16));
#9967=DIRECTION('',(-0.707106781186548,-0.707106781186548,0.));
#9968=DIRECTION('',(-0.107566433945805,-0.994197898955828,8.41541268578081E-17));
#9969=DIRECTION('',(0.994197898955828,-0.107566433945805,-1.08757295065936E-15));
#9970=DIRECTION('',(0.,0.,-1.));
#9971=DIRECTION('',(-1.,0.,0.));
#9972=DIRECTION('',(0.,1.,0.));
#9973=DIRECTION('',(0.,0.,1.));
#9974=DIRECTION('',(0.779065031064217,-0.626943121321951,-6.0949810316936E-16));
#9975=DIRECTION('',(0.626943121321951,0.779065031064217,-5.43786475329681E-16));
#9976=DIRECTION('',(-0.707106781186548,0.707106781186548,5.53201882624183E-16));
#9977=DIRECTION('',(-0.707106781186548,-0.707106781186548,0.));
#9978=DIRECTION('',(-1.,1.51141256306087E-16,1.48708090510507E-16));
#9979=DIRECTION('',(-1.51141256306087E-16,-1.,0.));
#9980=DIRECTION('',(-0.707106781186548,-0.707106781186548,4.64765966591849E-16));
#9981=DIRECTION('',(0.707106781186548,-0.707106781186548,0.));
#9982=DIRECTION('',(0.994197898955828,-0.107566433945806,-9.31401837172211E-17));
#9983=DIRECTION('',(0.107566433945806,0.994197898955828,-5.4378647532968E-16));
#9984=DIRECTION('',(0.,0.,-1.));
#9985=DIRECTION('',(-1.,0.,0.));
#9986=DIRECTION('',(-1.,1.51141256306087E-16,1.48708090510507E-16));
#9987=DIRECTION('',(-1.51141256306087E-16,-1.,0.));
#9988=DIRECTION('',(0.626943121321951,0.779065031064217,-4.89440806414867E-16));
#9989=DIRECTION('',(-0.779065031064217,0.626943121321951,-5.43786475329681E-16));
#9990=DIRECTION('',(-0.707106781186548,-0.707106781186548,4.64765966591849E-16));
#9991=DIRECTION('',(0.707106781186548,-0.707106781186548,0.));
#9992=DIRECTION('',(-1.51141256306087E-16,-1.,5.72218465213899E-16));
#9993=DIRECTION('',(0.,-5.72218465213899E-16,-1.));
#9994=DIRECTION('',(0.707106781186548,-0.707106781186547,7.85584865920107E-16));
#9995=DIRECTION('',(0.707106781186548,0.707106781186548,0.));
#9996=DIRECTION('',(0.107566433945804,0.994197898955828,-5.10945225531998E-16));
#9997=DIRECTION('',(-0.994197898955828,0.107566433945804,-1.08757295065936E-15));
#9998=DIRECTION('',(0.,0.,-1.));
#9999=DIRECTION('',(-1.,0.,0.));
#10000=DIRECTION('',(-1.51141256306087E-16,-1.,5.72218465213899E-16));
#10001=DIRECTION('',(0.,-5.72218465213899E-16,-1.));
#10002=DIRECTION('',(-0.779065031064217,0.626943121321951,-7.78482420019959E-16));
#10003=DIRECTION('',(-0.626943121321951,-0.779065031064217,0.));
#10004=DIRECTION('',(0.707106781186548,-0.707106781186547,7.85584865920107E-16));
#10005=DIRECTION('',(0.707106781186548,0.707106781186548,0.));
#10006=DIRECTION('',(1.,0.,0.));
#10007=DIRECTION('',(0.,0.,-1.));
#10008=DIRECTION('',(0.707106781186548,0.707106781186548,6.69393374272145E-16));
#10009=DIRECTION('',(-0.707106781186548,0.707106781186548,0.));
#10010=DIRECTION('',(1.,0.,0.));
#10011=DIRECTION('',(0.,0.,-1.));
#10012=DIRECTION('',(-0.626943121321951,-0.779065031064217,-7.37513744453723E-16));
#10013=DIRECTION('',(-0.779065031064217,0.626943121321951,1.08757295065936E-15));
#10014=DIRECTION('',(0.,0.,-1.));
#10015=DIRECTION('',(-1.,0.,0.));
#10016=DIRECTION('',(0.707106781186548,0.707106781186548,6.69393374272145E-16));
#10017=DIRECTION('',(-0.707106781186548,0.707106781186548,0.));
#10018=DIRECTION('',(-0.994197898955828,0.107566433945805,1.01829398463099E-16));
#10019=DIRECTION('',(0.107566433945805,0.994197898955828,1.08757295065936E-15));
#10020=DIRECTION('',(-0.707106781186548,-0.707106781186547,-8.84359160323333E-17));
#10021=DIRECTION('',(0.707106781186547,-0.707106781186548,0.));
#10022=DIRECTION('',(0.0934259033737245,0.99562623538093,8.63756939671981E-16));
#10023=DIRECTION('',(0.99562623538093,-0.0934259033737245,0.));
#10024=DIRECTION('',(0.472594964074262,-0.195755243628786,-0.859263571044113));
#10025=DIRECTION('',(-0.876215908676647,0.,-0.481918749772156));
#10026=DIRECTION('',(0.472594964074262,-0.195755243628784,-0.859263571044114));
#10027=DIRECTION('',(-0.876215908676647,0.,-0.481918749772155));
#10028=DIRECTION('',(0.,-1.,-9.44438154795255E-16));
#10029=DIRECTION('',(0.,9.44438154795255E-16,-1.));
#10030=DIRECTION('',(0.63795197275105,0.770076152379129,2.04570029217512E-16));
#10031=DIRECTION('',(0.770076152379129,-0.63795197275105,-1.33586917982197E-15));
#10032=DIRECTION('',(-1.73472347597681E-15,-1.73472347597681E-15,1.));
#10033=DIRECTION('',(1.,0.,1.73472347597681E-15));
#10034=DIRECTION('',(0.,0.,1.));
#10035=DIRECTION('',(1.,0.,0.));
#10036=DIRECTION('',(0.,-1.,-9.44438154795255E-16));
#10037=DIRECTION('',(0.,9.44438154795255E-16,-1.));
#10038=DIRECTION('',(-0.63795197275105,0.770076152379129,4.64308212970863E-16));
#10039=DIRECTION('',(0.770076152379129,0.63795197275105,6.67934589910983E-16));
#10040=DIRECTION('',(0.472594964074262,0.195755243628785,-0.859263571044113));
#10041=DIRECTION('',(-0.876215908676647,0.,-0.481918749772156));
#10042=DIRECTION('',(0.47259496407426,0.195755243628787,-0.859263571044114));
#10043=DIRECTION('',(-0.876215908676648,0.,-0.481918749772154));
#10044=DIRECTION('',(0.707106781186547,-0.707106781186548,-3.76330050559516E-16));
#10045=DIRECTION('',(0.707106781186548,0.707106781186547,0.));
#10046=DIRECTION('',(-0.093425903373723,0.99562623538093,9.01794716016122E-16));
#10047=DIRECTION('',(0.99562623538093,0.093425903373723,0.));
#10048=DIRECTION('',(0.,-2.4532694666934E-15,1.));
#10049=DIRECTION('',(0.,-1.,-2.4532694666934E-15));
#10050=DIRECTION('',(0.,0.,1.));
#10051=DIRECTION('',(1.,0.,0.));
#10052=DIRECTION('',(0.707106781186547,-0.707106781186548,-3.76330050559516E-16));
#10053=DIRECTION('',(0.707106781186548,0.707106781186547,0.));
#10054=DIRECTION('',(-0.995626235380931,0.093425903373723,1.89515430083534E-16));
#10055=DIRECTION('',(0.093425903373723,0.99562623538093,0.));
#10056=DIRECTION('',(0.195755243628785,0.472594964074262,-0.859263571044113));
#10057=DIRECTION('',(0.,0.876215908676647,0.481918749772156));
#10058=DIRECTION('',(0.195755243628828,0.472594964074258,-0.859263571044106));
#10059=DIRECTION('',(0.,0.876215908676647,0.481918749772155));
#10060=DIRECTION('',(1.,-1.74499705944592E-16,-1.54946884771096E-16));
#10061=DIRECTION('',(1.74499705944592E-16,1.,0.));
#10062=DIRECTION('',(-0.770076152379128,0.637951972751051,3.59997326595391E-16));
#10063=DIRECTION('',(0.637951972751051,0.770076152379128,0.));
#10064=DIRECTION('',(-2.25514051876984E-14,2.25514051876984E-14,1.));
#10065=DIRECTION('',(1.,0.,2.25514051876984E-14));
#10066=DIRECTION('',(0.,0.,1.));
#10067=DIRECTION('',(1.,0.,0.));
#10068=DIRECTION('',(1.,-1.74499705944592E-16,-1.54946884771096E-16));
#10069=DIRECTION('',(1.74499705944592E-16,1.,0.));
#10070=DIRECTION('',(-0.77007615237913,-0.637951972751049,3.59997326595391E-16));
#10071=DIRECTION('',(-0.637951972751049,0.77007615237913,-6.67934589910983E-16));
#10072=DIRECTION('',(-0.195755243628785,0.472594964074262,-0.859263571044113));
#10073=DIRECTION('',(0.,0.876215908676647,0.481918749772156));
#10074=DIRECTION('',(-0.195755243628802,0.472594964074247,-0.859263571044117));
#10075=DIRECTION('',(0.,0.876215908676654,0.481918749772142));
#10076=DIRECTION('',(0.707106781186548,0.707106781186547,-3.76330050559516E-16));
#10077=DIRECTION('',(-0.707106781186547,0.707106781186548,0.));
#10078=DIRECTION('',(-0.99562623538093,-0.0934259033737223,1.89515430083534E-16));
#10079=DIRECTION('',(-0.0934259033737224,0.99562623538093,-6.67934589910983E-16));
#10080=DIRECTION('',(1.47196168001604E-14,0.,1.));
#10081=DIRECTION('',(1.,0.,-1.47196168001604E-14));
#10082=DIRECTION('',(0.,0.,1.));
#10083=DIRECTION('',(1.,0.,0.));
#10084=DIRECTION('',(0.707106781186548,0.707106781186547,-3.76330050559516E-16));
#10085=DIRECTION('',(-0.707106781186547,0.707106781186548,0.));
#10086=DIRECTION('',(-0.0934259033737245,-0.99562623538093,-9.6727647440776E-17));
#10087=DIRECTION('',(-0.99562623538093,0.0934259033737245,6.67934589910984E-16));
#10088=DIRECTION('',(-0.472594964074262,0.195755243628785,-0.859263571044113));
#10089=DIRECTION('',(-0.876215908676647,0.,0.481918749772156));
#10090=DIRECTION('',(-0.472594964074259,0.195755243628813,-0.859263571044109));
#10091=DIRECTION('',(-0.876215908676647,0.,0.481918749772155));
#10092=DIRECTION('',(3.48999411889185E-16,1.,1.62325307855435E-16));
#10093=DIRECTION('',(-1.,3.48999411889185E-16,0.));
#10094=DIRECTION('',(-0.63795197275105,-0.770076152379129,3.18077998425809E-16));
#10095=DIRECTION('',(-0.770076152379129,0.63795197275105,6.67934589910983E-16));
#10096=DIRECTION('',(-1.73472347597681E-14,-1.73472347597681E-14,1.));
#10097=DIRECTION('',(1.,0.,1.73472347597681E-14));
#10098=DIRECTION('',(0.,0.,1.));
#10099=DIRECTION('',(1.,0.,0.));
#10100=DIRECTION('',(3.48999411889185E-16,1.,1.62325307855435E-16));
#10101=DIRECTION('',(-1.,3.48999411889185E-16,0.));
#10102=DIRECTION('',(0.637951972751049,-0.770076152379129,5.02692913572745E-16));
#10103=DIRECTION('',(-0.770076152379129,-0.63795197275105,-6.67934589910984E-16));
#10104=DIRECTION('',(-0.472594964074262,-0.195755243628785,-0.859263571044113));
#10105=DIRECTION('',(-0.876215908676647,0.,0.481918749772156));
#10106=DIRECTION('',(-0.472594964074251,-0.195755243628798,-0.859263571044116));
#10107=DIRECTION('',(-0.876215908676653,0.,0.481918749772145));
#10108=DIRECTION('',(-0.707106781186548,0.707106781186548,-5.80957458239811E-16));
#10109=DIRECTION('',(-0.707106781186548,-0.707106781186548,0.));
#10110=DIRECTION('',(0.0934259033737222,-0.99562623538093,-6.9691419071598E-17));
#10111=DIRECTION('',(-0.99562623538093,-0.0934259033737222,-1.33586917982196E-15));
#10112=DIRECTION('',(0.,1.22663473334669E-14,1.));
#10113=DIRECTION('',(0.,-1.,1.22663473334669E-14));
#10114=DIRECTION('',(0.,0.,1.));
#10115=DIRECTION('',(1.,0.,0.));
#10116=DIRECTION('',(-0.707106781186548,0.707106781186548,-5.80957458239811E-16));
#10117=DIRECTION('',(-0.707106781186548,-0.707106781186548,0.));
#10118=DIRECTION('',(0.99562623538093,-0.0934259033737222,9.28830944385301E-16));
#10119=DIRECTION('',(-0.0934259033737222,-0.99562623538093,-6.67934589910982E-16));
#10120=DIRECTION('',(-0.195755243628785,-0.472594964074262,-0.859263571044113));
#10121=DIRECTION('',(0.,0.876215908676647,-0.481918749772156));
#10122=DIRECTION('',(-0.195755243628792,-0.472594964074261,-0.859263571044112));
#10123=DIRECTION('',(0.,0.876215908676647,-0.481918749772155));
#10124=DIRECTION('',(-1.,0.,-9.44438154795254E-16));
#10125=DIRECTION('',(-9.44438154795255E-16,0.,1.));
#10126=DIRECTION('',(0.770076152379129,-0.63795197275105,6.48923128117801E-16));
#10127=DIRECTION('',(-0.63795197275105,-0.770076152379129,-6.67934589910984E-16));
#10128=DIRECTION('',(3.46944695195361E-15,-3.46944695195361E-15,1.));
#10129=DIRECTION('',(1.,0.,-3.46944695195361E-15));
#10130=DIRECTION('',(0.,0.,1.));
#10131=DIRECTION('',(1.,0.,0.));
#10132=DIRECTION('',(-1.,0.,-9.44438154795254E-16));
#10133=DIRECTION('',(-9.44438154795255E-16,0.,1.));
#10134=DIRECTION('',(0.770076152379129,0.637951972751049,2.04570029217512E-16));
#10135=DIRECTION('',(-0.63795197275105,0.770076152379129,-1.33586917982197E-15));
#10136=DIRECTION('',(0.195755243628785,-0.472594964074262,-0.859263571044113));
#10137=DIRECTION('',(0.,0.876215908676647,-0.481918749772156));
#10138=DIRECTION('',(0.195755243628729,-0.472594964074308,-0.859263571044101));
#10139=DIRECTION('',(0.,0.876215908676625,-0.481918749772197));
#10140=DIRECTION('',(-0.707106781186548,-0.707106781186547,-8.84359160323333E-17));
#10141=DIRECTION('',(0.707106781186547,-0.707106781186548,0.));
#10142=DIRECTION('',(0.99562623538093,0.0934259033737222,8.63756939671983E-16));
#10143=DIRECTION('',(-0.0934259033737222,0.99562623538093,-6.67934589910982E-16));
#10144=DIRECTION('',(5.64251977339481E-14,0.,1.));
#10145=DIRECTION('',(1.,0.,-5.64251977339481E-14));
#10146=DIRECTION('',(0.,0.,1.));
#10147=DIRECTION('',(1.,0.,0.));
#10148=DIRECTION('',(0.,-1.,0.));
#10149=DIRECTION('',(0.,0.,-1.));
#10150=DIRECTION('',(0.,1.,0.));
#10151=DIRECTION('',(0.,0.,1.));
#10152=DIRECTION('',(-0.707106781186548,-0.707106781186547,0.));
#10153=DIRECTION('',(0.707106781186547,-0.707106781186548,0.));
#10154=DIRECTION('',(-0.707106781186549,-0.707106781186546,-3.69006802784616E-15));
#10155=DIRECTION('',(0.707106781186546,-0.707106781186549,0.));
#10156=DIRECTION('',(1.,-2.32930706086866E-16,-1.0226369424206E-32));
#10157=DIRECTION('',(2.32930706086866E-16,1.,0.));
#10158=DIRECTION('',(-1.,0.,0.));
#10159=DIRECTION('',(0.,0.,1.));
#10160=DIRECTION('',(0.707106781186547,-0.707106781186548,0.));
#10161=DIRECTION('',(0.707106781186548,0.707106781186547,0.));
#10162=DIRECTION('',(0.707106781186548,-0.707106781186548,0.));
#10163=DIRECTION('',(0.707106781186548,0.707106781186548,0.));
#10164=DIRECTION('',(4.65861412173731E-16,1.,3.2583663918159E-32));
#10165=DIRECTION('',(-1.,4.65861412173731E-16,0.));
#10166=DIRECTION('',(0.,-1.,0.));
#10167=DIRECTION('',(0.,0.,-1.));
#10168=DIRECTION('',(0.707106781186548,0.707106781186547,6.95080903405177E-17));
#10169=DIRECTION('',(-0.707106781186547,0.707106781186548,0.));
#10170=DIRECTION('',(0.707106781186549,0.707106781186546,-1.16852154215128E-15));
#10171=DIRECTION('',(-0.707106781186546,0.707106781186549,0.));
#10172=DIRECTION('',(-1.,0.,0.));
#10173=DIRECTION('',(0.,0.,1.));
#10174=DIRECTION('',(1.,0.,0.));
#10175=DIRECTION('',(0.,0.,-1.));
#10176=DIRECTION('',(-0.707106781186547,0.707106781186548,0.));
#10177=DIRECTION('',(-0.707106781186548,-0.707106781186547,0.));
#10178=DIRECTION('',(-0.707106781186546,0.707106781186549,-1.16852154215129E-15));
#10179=DIRECTION('',(-0.707106781186549,-0.707106781186546,0.));
#10180=DIRECTION('',(0.923879532511287,-0.38268343236509,0.));
#10181=DIRECTION('',(0.38268343236509,0.923879532511287,0.));
#10182=DIRECTION('',(0.314126808608729,0.758369201648172,-0.571139652015871));
#10183=DIRECTION('',(0.314126808608728,0.758369201648171,0.571139652015872));
#10184=DIRECTION('',(0.923879532511287,0.38268343236509,0.));
#10185=DIRECTION('',(-0.38268343236509,0.923879532511287,0.));
#10186=DIRECTION('',(-0.314126808608729,0.758369201648171,-0.571139652015871));
#10187=DIRECTION('',(-0.314126808608729,0.758369201648171,0.571139652015871));
#10188=DIRECTION('',(0.38268343236509,0.923879532511287,0.));
#10189=DIRECTION('',(-0.923879532511287,0.38268343236509,0.));
#10190=DIRECTION('',(-0.758369201648171,0.314126808608729,-0.571139652015871));
#10191=DIRECTION('',(-0.758369201648171,0.314126808608728,0.571139652015872));
#10192=DIRECTION('',(-0.38268343236509,0.923879532511287,0.));
#10193=DIRECTION('',(-0.923879532511287,-0.38268343236509,0.));
#10194=DIRECTION('',(-0.758369201648172,-0.314126808608729,-0.571139652015871));
#10195=DIRECTION('',(-0.758369201648171,-0.314126808608729,0.571139652015872));
#10196=DIRECTION('',(-0.923879532511287,0.38268343236509,0.));
#10197=DIRECTION('',(-0.38268343236509,-0.923879532511287,0.));
#10198=DIRECTION('',(-0.314126808608729,-0.758369201648172,-0.571139652015871));
#10199=DIRECTION('',(-0.314126808608729,-0.758369201648171,0.571139652015872));
#10200=DIRECTION('',(-0.923879532511287,-0.38268343236509,0.));
#10201=DIRECTION('',(0.38268343236509,-0.923879532511287,0.));
#10202=DIRECTION('',(0.314126808608729,-0.758369201648172,-0.571139652015871));
#10203=DIRECTION('',(0.314126808608729,-0.758369201648171,0.571139652015872));
#10204=DIRECTION('',(-0.38268343236509,-0.923879532511287,0.));
#10205=DIRECTION('',(0.923879532511287,-0.38268343236509,0.));
#10206=DIRECTION('',(0.758369201648172,-0.314126808608729,-0.57113965201587));
#10207=DIRECTION('',(0.758369201648171,-0.314126808608728,0.571139652015872));
#10208=DIRECTION('',(0.38268343236509,-0.923879532511287,0.));
#10209=DIRECTION('',(0.923879532511287,0.38268343236509,0.));
#10210=DIRECTION('',(0.758369201648171,0.314126808608729,-0.571139652015871));
#10211=DIRECTION('',(0.758369201648171,0.314126808608729,0.571139652015871));
#10212=DIRECTION('',(-0.472594964074244,-0.195755243628812,-0.859263571044117));
#10213=DIRECTION('',(-0.876215908676656,0.,0.48191874977214));
#10214=DIRECTION('',(0.314126808608729,-0.758369201648171,0.571139652015872));
#10215=DIRECTION('',(0.,-0.601591596457906,-0.798803825148095));
#10216=DIRECTION('',(0.314126808608732,-0.758369201648166,0.571139652015877));
#10217=DIRECTION('',(0.,-0.601591596457912,-0.798803825148091));
#10218=DIRECTION('',(0.472594964074262,0.195755243628785,0.859263571044113));
#10219=DIRECTION('',(0.876215908676647,0.,-0.481918749772156));
#10220=DIRECTION('',(-0.472594964074258,-0.19575524362879,-0.859263571044114));
#10221=DIRECTION('',(-0.876215908676649,0.,0.481918749772152));
#10222=DIRECTION('',(-0.923879532511285,-0.382683432365094,-2.16840434497101E-16));
#10223=DIRECTION('',(0.382683432365094,-0.923879532511285,0.));
#10224=DIRECTION('',(-0.314126808608731,0.758369201648177,0.571139652015863));
#10225=DIRECTION('',(0.,-0.601591596457896,0.798803825148102));
#10226=DIRECTION('',(0.314126808608729,-0.758369201648172,-0.571139652015871));
#10227=DIRECTION('',(0.,0.601591596457904,-0.798803825148096));
#10228=DIRECTION('',(-0.472594964074262,0.195755243628784,-0.859263571044113));
#10229=DIRECTION('',(-0.876215908676647,0.,0.481918749772156));
#10230=DIRECTION('',(-0.314126808608729,-0.758369201648171,0.571139652015872));
#10231=DIRECTION('',(0.,-0.601591596457905,-0.798803825148095));
#10232=DIRECTION('',(-0.314126808608729,-0.758369201648171,0.571139652015871));
#10233=DIRECTION('',(0.,-0.601591596457905,-0.798803825148096));
#10234=DIRECTION('',(0.472594964074262,-0.195755243628785,0.859263571044113));
#10235=DIRECTION('',(0.876215908676647,0.,-0.481918749772156));
#10236=DIRECTION('',(-0.472594964074261,0.195755243628792,-0.859263571044112));
#10237=DIRECTION('',(-0.876215908676647,0.,0.481918749772156));
#10238=DIRECTION('',(-0.923879532511287,0.382683432365091,1.3010426069826E-15));
#10239=DIRECTION('',(-0.382683432365091,-0.923879532511287,0.));
#10240=DIRECTION('',(0.314126808608728,0.758369201648171,0.571139652015872));
#10241=DIRECTION('',(0.,-0.601591596457906,0.798803825148095));
#10242=DIRECTION('',(-0.314126808608729,-0.758369201648172,-0.57113965201587));
#10243=DIRECTION('',(0.,0.601591596457904,-0.798803825148096));
#10244=DIRECTION('',(-0.19575524362878,0.472594964074269,-0.859263571044111));
#10245=DIRECTION('',(0.,0.876215908676644,0.481918749772162));
#10246=DIRECTION('',(-0.758369201648171,-0.314126808608729,0.571139652015872));
#10247=DIRECTION('',(0.601591596457906,0.,0.798803825148095));
#10248=DIRECTION('',(-0.758369201648171,-0.314126808608729,0.571139652015872));
#10249=DIRECTION('',(0.601591596457906,0.,0.798803825148095));
#10250=DIRECTION('',(0.195755243628785,-0.472594964074262,0.859263571044113));
#10251=DIRECTION('',(0.,-0.876215908676647,-0.481918749772155));
#10252=DIRECTION('',(-0.195755243628785,0.472594964074262,-0.859263571044113));
#10253=DIRECTION('',(0.,0.876215908676647,0.481918749772156));
#10254=DIRECTION('',(-0.38268343236509,0.923879532511287,1.0842021724855E-15));
#10255=DIRECTION('',(-0.923879532511287,-0.38268343236509,0.));
#10256=DIRECTION('',(0.75836920164817,0.314126808608728,0.571139652015873));
#10257=DIRECTION('',(0.601591596457906,0.,-0.798803825148095));
#10258=DIRECTION('',(-0.758369201648172,-0.314126808608729,-0.571139652015871));
#10259=DIRECTION('',(-0.601591596457904,0.,0.798803825148096));
#10260=DIRECTION('',(0.195755243628784,0.472594964074263,-0.859263571044113));
#10261=DIRECTION('',(0.,0.876215908676647,0.481918749772156));
#10262=DIRECTION('',(-0.758369201648171,0.314126808608728,0.571139652015872));
#10263=DIRECTION('',(0.601591596457906,0.,0.798803825148095));
#10264=DIRECTION('',(-0.758369201648172,0.314126808608733,0.571139652015868));
#10265=DIRECTION('',(0.601591596457902,0.,0.798803825148098));
#10266=DIRECTION('',(-0.195755243628785,-0.472594964074262,0.859263571044113));
#10267=DIRECTION('',(0.,-0.876215908676647,-0.481918749772155));
#10268=DIRECTION('',(0.195755243628786,0.472594964074262,-0.859263571044113));
#10269=DIRECTION('',(0.,0.876215908676647,0.481918749772155));
#10270=DIRECTION('',(0.382683432365093,0.923879532511285,-1.30104260698261E-15));
#10271=DIRECTION('',(-0.923879532511285,0.382683432365093,0.));
#10272=DIRECTION('',(0.758369201648169,-0.314126808608728,0.571139652015875));
#10273=DIRECTION('',(0.601591596457909,0.,-0.798803825148093));
#10274=DIRECTION('',(-0.758369201648171,0.314126808608729,-0.571139652015871));
#10275=DIRECTION('',(-0.601591596457905,0.,0.798803825148096));
#10276=DIRECTION('',(0.472594964074129,0.195755243628943,-0.859263571044151));
#10277=DIRECTION('',(-0.876215908676714,0.,-0.481918749772035));
#10278=DIRECTION('',(-0.314126808608729,0.758369201648171,0.571139652015871));
#10279=DIRECTION('',(0.,-0.601591596457905,0.798803825148096));
#10280=DIRECTION('',(-0.31412680860873,0.758369201648169,0.571139652015874));
#10281=DIRECTION('',(0.,-0.601591596457908,0.798803825148093));
#10282=DIRECTION('',(-0.472594964074262,-0.195755243628784,0.859263571044113));
#10283=DIRECTION('',(0.876215908676647,0.,0.481918749772156));
#10284=DIRECTION('',(0.472594964074261,0.195755243628787,-0.859263571044114));
#10285=DIRECTION('',(-0.876215908676648,0.,-0.481918749772154));
#10286=DIRECTION('',(0.923879532511286,0.382683432365092,2.16840434497101E-15));
#10287=DIRECTION('',(-0.382683432365092,0.923879532511286,0.));
#10288=DIRECTION('',(0.31412680860873,-0.758369201648174,0.571139652015867));
#10289=DIRECTION('',(0.,-0.601591596457901,-0.798803825148099));
#10290=DIRECTION('',(-0.314126808608729,0.758369201648171,-0.571139652015871));
#10291=DIRECTION('',(0.,0.601591596457905,0.798803825148096));
#10292=DIRECTION('',(0.472594964074267,-0.195755243628796,-0.859263571044108));
#10293=DIRECTION('',(-0.876215908676644,0.,-0.481918749772162));
#10294=DIRECTION('',(0.314126808608728,0.758369201648171,0.571139652015872));
#10295=DIRECTION('',(0.,-0.601591596457906,0.798803825148095));
#10296=DIRECTION('',(0.314126808608726,0.75836920164817,0.571139652015875));
#10297=DIRECTION('',(0.,-0.601591596457908,0.798803825148093));
#10298=DIRECTION('',(-0.472594964074262,0.195755243628784,0.859263571044113));
#10299=DIRECTION('',(0.876215908676647,0.,0.481918749772156));
#10300=DIRECTION('',(0.472594964074263,-0.19575524362878,-0.859263571044114));
#10301=DIRECTION('',(-0.876215908676647,0.,-0.481918749772156));
#10302=DIRECTION('',(0.923879532511287,-0.382683432365088,0.));
#10303=DIRECTION('',(0.382683432365089,0.923879532511288,0.));
#10304=DIRECTION('',(-0.314126808608729,-0.758369201648173,0.571139652015869));
#10305=DIRECTION('',(0.,-0.601591596457903,-0.798803825148097));
#10306=DIRECTION('',(0.314126808608729,0.758369201648172,-0.571139652015871));
#10307=DIRECTION('',(0.,0.601591596457904,0.798803825148096));
#10308=DIRECTION('',(0.195755243628771,-0.472594964074273,-0.859263571044111));
#10309=DIRECTION('',(0.,0.876215908676642,-0.481918749772165));
#10310=DIRECTION('',(0.758369201648171,0.314126808608729,0.571139652015871));
#10311=DIRECTION('',(0.601591596457905,0.,-0.798803825148096));
#10312=DIRECTION('',(0.758369201648172,0.314126808608728,0.57113965201587));
#10313=DIRECTION('',(0.601591596457904,0.,-0.798803825148096));
#10314=DIRECTION('',(-0.195755243628784,0.472594964074263,0.859263571044113));
#10315=DIRECTION('',(0.,-0.876215908676647,0.481918749772156));
#10316=DIRECTION('',(0.195755243628782,-0.472594964074264,-0.859263571044113));
#10317=DIRECTION('',(0.,0.876215908676646,-0.481918749772158));
#10318=DIRECTION('',(0.382683432365091,-0.923879532511287,1.0842021724855E-15));
#10319=DIRECTION('',(0.923879532511287,0.382683432365091,0.));
#10320=DIRECTION('',(-0.75836920164817,-0.314126808608728,0.571139652015874));
#10321=DIRECTION('',(0.601591596457908,0.,0.798803825148094));
#10322=DIRECTION('',(0.758369201648171,0.314126808608729,-0.571139652015871));
#10323=DIRECTION('',(-0.601591596457905,0.,-0.798803825148096));
#10324=DIRECTION('',(-0.195755243628784,-0.472594964074265,-0.859263571044112));
#10325=DIRECTION('',(0.,0.876215908676645,-0.481918749772159));
#10326=DIRECTION('',(0.195755243628784,0.472594964074263,0.859263571044113));
#10327=DIRECTION('',(0.,-0.876215908676647,0.481918749772156));
#10328=DIRECTION('',(-0.195755243628784,-0.472594964074262,-0.859263571044113));
#10329=DIRECTION('',(0.,0.876215908676647,-0.481918749772156));
#10330=DIRECTION('',(0.758369201648172,-0.314126808608729,-0.57113965201587));
#10331=DIRECTION('',(-0.601591596457904,0.,-0.798803825148096));
#10332=DIRECTION('',(-0.758369201648174,0.314126808608729,0.571139652015868));
#10333=DIRECTION('',(0.601591596457901,0.,0.798803825148098));
#10334=DIRECTION('',(-0.382683432365089,-0.923879532511287,-1.3010426069826E-15));
#10335=DIRECTION('',(0.923879532511287,-0.382683432365089,0.));
#10336=DIRECTION('',(0.758369201648171,-0.314126808608729,0.571139652015872));
#10337=DIRECTION('',(0.601591596457905,0.,-0.798803825148095));
#10338=DIRECTION('',(0.758369201648171,-0.314126808608728,0.571139652015872));
#10339=DIRECTION('',(0.601591596457906,0.,-0.798803825148095));
#10340=CARTESIAN_POINT('',(0.,0.,0.));
#10341=CARTESIAN_POINT('',(-0.0390432947614084,-0.0390432947614084,0.0303685563342227));
#10342=CARTESIAN_POINT('',(-0.0522074464433476,-0.0230767944254653,0.0339713922187591));
#10343=CARTESIAN_POINT('',(-0.0546392803463119,-0.0240840930095119,0.0295498760315515));
#10344=CARTESIAN_POINT('',(-0.0657640608202583,-0.0286921279602439,0.00932300244255801));
#10345=CARTESIAN_POINT('',(-0.0644372630813492,-0.031895301056044,0.00691064291726883));
#10346=CARTESIAN_POINT('',(-0.0606364094768514,-0.0410713733766174,0.));
#10347=CARTESIAN_POINT('',(-0.0508538914267344,-0.0508538914267344,0.));
#10348=CARTESIAN_POINT('',(-0.0410713733766174,-0.0606364094768513,0.));
#10349=CARTESIAN_POINT('',(-0.031895301056044,-0.0644372630813492,0.00691064291726887));
#10350=CARTESIAN_POINT('',(-0.0286921279602438,-0.0657640608202583,0.00932300244255809));
#10351=CARTESIAN_POINT('',(-0.0230767944254653,-0.0522074464433477,0.0339713922187592));
#10352=CARTESIAN_POINT('',(-0.025205795386942,-0.0573473094388499,0.0246261867723916));
#10353=CARTESIAN_POINT('',(-0.0220442507160597,-0.0549719608684172,0.0317446863317366));
#10354=CARTESIAN_POINT('',(-0.0254323882477691,-0.0571261186487611,0.0246192416072069));
#10355=CARTESIAN_POINT('',(-0.0412792534482651,-0.0412792534482651,0.0246192416072069));
#10356=CARTESIAN_POINT('',(-0.0285183638304876,-0.0540401430660427,0.0246192416072069));
#10357=CARTESIAN_POINT('',(-0.0222740224461904,-0.0537742470781956,0.0329891197762565));
#10358=CARTESIAN_POINT('',(-0.027823724035503,-0.0508996493203206,0.0295498760315515));
#10359=CARTESIAN_POINT('',(-0.0393616866779119,-0.0393616866779119,0.0295498760315515));
#10360=CARTESIAN_POINT('',(-0.0312299586942665,-0.0474934146615571,0.0295498760315515));
#10361=CARTESIAN_POINT('',(-0.0309697095495249,-0.0472331655168154,0.0302190539771692));
#10362=CARTESIAN_POINT('',(-0.0394037179441595,-0.0556671739114501,0.00853271023742218));
#10363=CARTESIAN_POINT('',(-0.0410212247061237,-0.0540496671494859,0.00853271023742217));
#10364=CARTESIAN_POINT('',(-0.0426387314680879,-0.0524321603875216,0.00853271023742217));
#10365=CARTESIAN_POINT('',(-0.0433202674999777,-0.0531136964194113,0.00678027842006887));
#10366=CARTESIAN_POINT('',(-0.0435758435119363,-0.0533692724313699,0.00612311648856138));
#10367=CARTESIAN_POINT('',(-0.0453436104649026,-0.0516015054784036,0.00612311648856139));
#10368=CARTESIAN_POINT('',(-0.047111377417869,-0.0498337385254372,0.00612311648856138));
#10369=CARTESIAN_POINT('',(-0.0468558014059104,-0.0495781625134786,0.00678027842006887));
#10370=CARTESIAN_POINT('',(-0.0461742653740207,-0.0488966264815889,0.00853271023742217));
#10371=CARTESIAN_POINT('',(-0.0475354459278048,-0.0475354459278048,0.00853271023742217));
#10372=CARTESIAN_POINT('',(-0.0488966264815889,-0.0461742653740207,0.00853271023742217));
#10373=CARTESIAN_POINT('',(-0.0495781625134786,-0.0468558014059104,0.00678027842006887));
#10374=CARTESIAN_POINT('',(-0.0498337385254372,-0.047111377417869,0.00612311648856138));
#10375=CARTESIAN_POINT('',(-0.0516015054784036,-0.0453436104649026,0.00612311648856138));
#10376=CARTESIAN_POINT('',(-0.0533692724313699,-0.0435758435119363,0.00612311648856138));
#10377=CARTESIAN_POINT('',(-0.0531136964194113,-0.0433202674999776,0.00678027842006887));
#10378=CARTESIAN_POINT('',(-0.0524321603875217,-0.0426387314680879,0.00853271023742217));
#10379=CARTESIAN_POINT('',(-0.0540496671494859,-0.0410212247061237,0.00853271023742217));
#10380=CARTESIAN_POINT('',(-0.0556671739114501,-0.0394037179441595,0.00853271023742217));
#10381=CARTESIAN_POINT('',(-0.0549856378795604,-0.0387221819122699,0.0102851420547755));
#10382=CARTESIAN_POINT('',(-0.0474934146615572,-0.0312299586942665,0.0295498760315515));
#10383=CARTESIAN_POINT('',(-0.0393616866779119,-0.0393616866779119,0.0295498760315515));
#10384=CARTESIAN_POINT('',(-0.0552155569713141,2.57227973446154E-17,0.0303685563342227));
#10385=CARTESIAN_POINT('',(-0.0719182629551366,1.38777878078145E-17,0.));
#10386=CARTESIAN_POINT('',(-0.0719182629551366,0.0138345697006352,0.));
#10387=CARTESIAN_POINT('',(-0.0719182629551366,-0.0138345697006351,0.));
#10388=CARTESIAN_POINT('',(-0.0681174093506388,-0.0230106420212085,0.00691064291726878));
#10389=CARTESIAN_POINT('',(-0.0667906116117297,-0.0262138151170087,0.00932300244255799));
#10390=CARTESIAN_POINT('',(-0.053233997234819,-0.0205984815822302,0.0339713922187591));
#10391=CARTESIAN_POINT('',(-0.0556658311377833,-0.0216057801662767,0.0295498760315514));
#10392=CARTESIAN_POINT('',(-0.0556658311377833,2.53223883615223E-17,0.0295498760315514));
#10393=CARTESIAN_POINT('',(-0.0556658311377834,-0.0115,0.0295498760315514));
#10394=CARTESIAN_POINT('',(-0.0552977832676936,-0.0115,0.0302190539771692));
#10395=CARTESIAN_POINT('',(-0.0672252723245545,-0.0115,0.00853271023742218));
#10396=CARTESIAN_POINT('',(-0.0672252723245545,-0.0092125,0.00853271023742217));
#10397=CARTESIAN_POINT('',(-0.0672252723245545,-0.006925,0.00853271023742217));
#10398=CARTESIAN_POINT('',(-0.0681891098240988,-0.006925,0.00678027842006887));
#10399=CARTESIAN_POINT('',(-0.0685505488864279,-0.006925,0.00612311648856138));
#10400=CARTESIAN_POINT('',(-0.0685505488864279,-0.004425,0.00612311648856139));
#10401=CARTESIAN_POINT('',(-0.0685505488864279,-0.001925,0.00612311648856138));
#10402=CARTESIAN_POINT('',(-0.0681891098240988,-0.001925,0.00678027842006887));
#10403=CARTESIAN_POINT('',(-0.0672252723245545,-0.001925,0.00853271023742217));
#10404=CARTESIAN_POINT('',(-0.0672252723245545,1.36501247930938E-17,0.00853271023742217));
#10405=CARTESIAN_POINT('',(-0.0672252723245545,0.001925,0.00853271023742217));
#10406=CARTESIAN_POINT('',(-0.0681891098240988,0.001925,0.00678027842006887));
#10407=CARTESIAN_POINT('',(-0.0685505488864279,0.001925,0.00612311648856138));
#10408=CARTESIAN_POINT('',(-0.0685505488864279,0.004425,0.00612311648856138));
#10409=CARTESIAN_POINT('',(-0.0685505488864279,0.006925,0.00612311648856138));
#10410=CARTESIAN_POINT('',(-0.0681891098240988,0.006925,0.00678027842006887));
#10411=CARTESIAN_POINT('',(-0.0672252723245545,0.006925,0.00853271023742217));
#10412=CARTESIAN_POINT('',(-0.0672252723245545,0.0092125,0.00853271023742217));
#10413=CARTESIAN_POINT('',(-0.0672252723245545,0.0115,0.00853271023742217));
#10414=CARTESIAN_POINT('',(-0.0662614348250102,0.0115,0.0102851420547755));
#10415=CARTESIAN_POINT('',(-0.0556658311377834,0.0115,0.0295498760315514));
#10416=CARTESIAN_POINT('',(-0.0556658311377833,2.53223883615223E-17,0.0295498760315514));
#10417=CARTESIAN_POINT('',(-0.0556658311377833,0.0163171432510486,0.0295498760315513));
#10418=CARTESIAN_POINT('',(-0.0537742470781957,0.0222740224461905,0.0329891197762561));
#10419=CARTESIAN_POINT('',(-0.0583776800711728,0.0180466231654069,0.0246192416072068));
#10420=CARTESIAN_POINT('',(-0.0583776800711728,2.71959084773828E-17,0.0246192416072068));
#10421=CARTESIAN_POINT('',(-0.0583776800711728,0.0224108516876397,0.0246192416072068));
#10422=CARTESIAN_POINT('',(-0.0544586854726815,0.0232834071376773,0.0317446863317365));
#10423=CARTESIAN_POINT('',(-0.0583738602303212,0.0227274825437069,0.0246261867723916));
#10424=CARTESIAN_POINT('',(-0.053233997234819,0.0205984815822303,0.0339713922187591));
#10425=CARTESIAN_POINT('',(-0.0667906116117297,0.0262138151170087,0.00932300244255798));
#10426=CARTESIAN_POINT('',(-0.0681174093506388,0.0230106420212085,0.00691064291726875));
#10427=CARTESIAN_POINT('',(-0.0390432947614084,0.0390432947614084,0.0303685563342227));
#10428=CARTESIAN_POINT('',(-0.0508538914267344,0.0508538914267344,0.));
#10429=CARTESIAN_POINT('',(-0.0410713733766174,0.0606364094768514,0.));
#10430=CARTESIAN_POINT('',(-0.0606364094768514,0.0410713733766174,0.));
#10431=CARTESIAN_POINT('',(-0.0644372630813492,0.031895301056044,0.00691064291726884));
#10432=CARTESIAN_POINT('',(-0.0657640608202582,0.0286921279602439,0.00932300244255799));
#10433=CARTESIAN_POINT('',(-0.0522074464433476,0.0230767944254654,0.0339713922187591));
#10434=CARTESIAN_POINT('',(-0.0573473094388498,0.0252057953869421,0.0246261867723916));
#10435=CARTESIAN_POINT('',(-0.0549719608684172,0.0220442507160597,0.0317446863317366));
#10436=CARTESIAN_POINT('',(-0.057126118648761,0.0254323882477692,0.0246192416072068));
#10437=CARTESIAN_POINT('',(-0.0412792534482651,0.0412792534482651,0.0246192416072068));
#10438=CARTESIAN_POINT('',(-0.0540401430660427,0.0285183638304876,0.0246192416072068));
#10439=CARTESIAN_POINT('',(-0.0537742470781957,0.0222740224461905,0.0329891197762563));
#10440=CARTESIAN_POINT('',(-0.0508996493203207,0.027823724035503,0.0295498760315515));
#10441=CARTESIAN_POINT('',(-0.0393616866779119,0.0393616866779119,0.0295498760315514));
#10442=CARTESIAN_POINT('',(-0.0474934146615572,0.0312299586942665,0.0295498760315515));
#10443=CARTESIAN_POINT('',(-0.0472331655168154,0.0309697095495249,0.0302190539771692));
#10444=CARTESIAN_POINT('',(-0.0556671739114501,0.0394037179441595,0.00853271023742218));
#10445=CARTESIAN_POINT('',(-0.0540496671494859,0.0410212247061237,0.00853271023742217));
#10446=CARTESIAN_POINT('',(-0.0524321603875216,0.0426387314680879,0.00853271023742217));
#10447=CARTESIAN_POINT('',(-0.0531136964194113,0.0433202674999777,0.00678027842006887));
#10448=CARTESIAN_POINT('',(-0.0533692724313699,0.0435758435119363,0.00612311648856138));
#10449=CARTESIAN_POINT('',(-0.0516015054784036,0.0453436104649026,0.00612311648856139));
#10450=CARTESIAN_POINT('',(-0.0498337385254372,0.047111377417869,0.00612311648856138));
#10451=CARTESIAN_POINT('',(-0.0495781625134786,0.0468558014059104,0.00678027842006887));
#10452=CARTESIAN_POINT('',(-0.0488966264815889,0.0461742653740207,0.00853271023742217));
#10453=CARTESIAN_POINT('',(-0.0475354459278048,0.0475354459278048,0.00853271023742217));
#10454=CARTESIAN_POINT('',(-0.0461742653740207,0.0488966264815889,0.00853271023742217));
#10455=CARTESIAN_POINT('',(-0.0468558014059104,0.0495781625134786,0.00678027842006887));
#10456=CARTESIAN_POINT('',(-0.047111377417869,0.0498337385254372,0.00612311648856138));
#10457=CARTESIAN_POINT('',(-0.0453436104649026,0.0516015054784036,0.00612311648856138));
#10458=CARTESIAN_POINT('',(-0.0435758435119363,0.0533692724313699,0.00612311648856138));
#10459=CARTESIAN_POINT('',(-0.0433202674999776,0.0531136964194113,0.00678027842006887));
#10460=CARTESIAN_POINT('',(-0.0426387314680879,0.0524321603875217,0.00853271023742217));
#10461=CARTESIAN_POINT('',(-0.0410212247061237,0.0540496671494859,0.00853271023742217));
#10462=CARTESIAN_POINT('',(-0.0394037179441595,0.0556671739114501,0.00853271023742217));
#10463=CARTESIAN_POINT('',(-0.0387221819122699,0.0549856378795604,0.0102851420547755));
#10464=CARTESIAN_POINT('',(-0.0312299586942665,0.0474934146615572,0.0295498760315514));
#10465=CARTESIAN_POINT('',(-0.0393616866779119,0.0393616866779119,0.0295498760315514));
#10466=CARTESIAN_POINT('',(-0.0240840930095118,0.0546392803463119,0.0295498760315514));
#10467=CARTESIAN_POINT('',(-0.0230767944254653,0.0522074464433477,0.0339713922187591));
#10468=CARTESIAN_POINT('',(-0.0286921279602438,0.0657640608202583,0.00932300244255802));
#10469=CARTESIAN_POINT('',(-0.031895301056044,0.0644372630813492,0.0069106429172688));
#10470=CARTESIAN_POINT('',(1.28613986723077E-17,0.0552155569713141,0.0303685563342227));
#10471=CARTESIAN_POINT('',(1.04083408558608E-17,0.0719182629551366,0.));
#10472=CARTESIAN_POINT('',(0.0138345697006352,0.0719182629551366,0.));
#10473=CARTESIAN_POINT('',(-0.0138345697006351,0.0719182629551366,0.));
#10474=CARTESIAN_POINT('',(-0.0230106420212085,0.0681174093506388,0.00691064291726883));
#10475=CARTESIAN_POINT('',(-0.0262138151170087,0.0667906116117297,0.00932300244255802));
#10476=CARTESIAN_POINT('',(-0.0205984815822302,0.0532339972348191,0.0339713922187591));
#10477=CARTESIAN_POINT('',(-0.0216057801662767,0.0556658311377833,0.0295498760315514));
#10478=CARTESIAN_POINT('',(1.28077092909613E-17,0.0556658311377833,0.0295498760315514));
#10479=CARTESIAN_POINT('',(-0.0115,0.0556658311377833,0.0295498760315514));
#10480=CARTESIAN_POINT('',(-0.0115,0.0552977832676936,0.0302190539771692));
#10481=CARTESIAN_POINT('',(-0.0115,0.0672252723245545,0.00853271023742218));
#10482=CARTESIAN_POINT('',(-0.0092125,0.0672252723245545,0.00853271023742217));
#10483=CARTESIAN_POINT('',(-0.006925,0.0672252723245545,0.00853271023742217));
#10484=CARTESIAN_POINT('',(-0.006925,0.0681891098240988,0.00678027842006887));
#10485=CARTESIAN_POINT('',(-0.006925,0.0685505488864279,0.00612311648856138));
#10486=CARTESIAN_POINT('',(-0.004425,0.0685505488864279,0.00612311648856139));
#10487=CARTESIAN_POINT('',(-0.001925,0.0685505488864279,0.00612311648856138));
#10488=CARTESIAN_POINT('',(-0.001925,0.0681891098240988,0.00678027842006887));
#10489=CARTESIAN_POINT('',(-0.001925,0.0672252723245545,0.00853271023742217));
#10490=CARTESIAN_POINT('',(9.53376406439008E-18,0.0672252723245545,0.00853271023742217));
#10491=CARTESIAN_POINT('',(0.001925,0.0672252723245545,0.00853271023742217));
#10492=CARTESIAN_POINT('',(0.001925,0.0681891098240988,0.00678027842006887));
#10493=CARTESIAN_POINT('',(0.001925,0.0685505488864279,0.00612311648856138));
#10494=CARTESIAN_POINT('',(0.004425,0.0685505488864279,0.00612311648856138));
#10495=CARTESIAN_POINT('',(0.006925,0.0685505488864279,0.00612311648856138));
#10496=CARTESIAN_POINT('',(0.006925,0.0681891098240988,0.00678027842006887));
#10497=CARTESIAN_POINT('',(0.006925,0.0672252723245545,0.00853271023742217));
#10498=CARTESIAN_POINT('',(0.0092125,0.0672252723245545,0.00853271023742217));
#10499=CARTESIAN_POINT('',(0.0115,0.0672252723245545,0.00853271023742217));
#10500=CARTESIAN_POINT('',(0.0115,0.0662614348250102,0.0102851420547755));
#10501=CARTESIAN_POINT('',(0.0115,0.0556658311377833,0.0295498760315514));
#10502=CARTESIAN_POINT('',(1.28077092909613E-17,0.0556658311377833,0.0295498760315514));
#10503=CARTESIAN_POINT('',(0.0163171432510486,0.0556658311377833,0.0295498760315514));
#10504=CARTESIAN_POINT('',(0.0222740224461904,0.0537742470781956,0.0329891197762565));
#10505=CARTESIAN_POINT('',(0.0180466231654071,0.0583776800711729,0.0246192416072068));
#10506=CARTESIAN_POINT('',(1.35979542386914E-17,0.0583776800711729,0.0246192416072069));
#10507=CARTESIAN_POINT('',(0.0224108516876396,0.0583776800711729,0.0246192416072069));
#10508=CARTESIAN_POINT('',(0.0232834071376772,0.0544586854726815,0.0317446863317365));
#10509=CARTESIAN_POINT('',(0.0227274825437068,0.0583738602303213,0.0246261867723916));
#10510=CARTESIAN_POINT('',(0.0205984815822302,0.0532339972348191,0.0339713922187591));
#10511=CARTESIAN_POINT('',(0.0262138151170087,0.0667906116117297,0.00932300244255796));
#10512=CARTESIAN_POINT('',(0.0230106420212085,0.0681174093506388,0.00691064291726876));
#10513=CARTESIAN_POINT('',(0.0390432947614084,0.0390432947614084,0.0303685563342227));
#10514=CARTESIAN_POINT('',(0.0508538914267344,0.0508538914267344,0.));
#10515=CARTESIAN_POINT('',(0.0606364094768514,0.0410713733766173,0.));
#10516=CARTESIAN_POINT('',(0.0410713733766173,0.0606364094768514,0.));
#10517=CARTESIAN_POINT('',(0.031895301056044,0.0644372630813493,0.00691064291726879));
#10518=CARTESIAN_POINT('',(0.0286921279602439,0.0657640608202583,0.00932300244255796));
#10519=CARTESIAN_POINT('',(0.0230767944254653,0.0522074464433477,0.0339713922187591));
#10520=CARTESIAN_POINT('',(0.025205795386942,0.0573473094388499,0.0246261867723915));
#10521=CARTESIAN_POINT('',(0.0220442507160597,0.0549719608684172,0.0317446863317365));
#10522=CARTESIAN_POINT('',(0.0254323882477691,0.0571261186487611,0.0246192416072068));
#10523=CARTESIAN_POINT('',(0.0412792534482651,0.0412792534482651,0.0246192416072068));
#10524=CARTESIAN_POINT('',(0.0285183638304876,0.0540401430660427,0.0246192416072068));
#10525=CARTESIAN_POINT('',(0.0222740224461904,0.0537742470781956,0.0329891197762565));
#10526=CARTESIAN_POINT('',(0.0278237240355031,0.0508996493203206,0.0295498760315514));
#10527=CARTESIAN_POINT('',(0.0393616866779119,0.0393616866779119,0.0295498760315514));
#10528=CARTESIAN_POINT('',(0.0312299586942665,0.0474934146615572,0.0295498760315514));
#10529=CARTESIAN_POINT('',(0.0309697095495249,0.0472331655168154,0.0302190539771692));
#10530=CARTESIAN_POINT('',(0.0394037179441595,0.0556671739114501,0.00853271023742218));
#10531=CARTESIAN_POINT('',(0.0410212247061237,0.0540496671494859,0.00853271023742217));
#10532=CARTESIAN_POINT('',(0.0426387314680879,0.0524321603875216,0.00853271023742217));
#10533=CARTESIAN_POINT('',(0.0433202674999777,0.0531136964194113,0.00678027842006887));
#10534=CARTESIAN_POINT('',(0.0435758435119363,0.0533692724313699,0.00612311648856138));
#10535=CARTESIAN_POINT('',(0.0453436104649026,0.0516015054784036,0.00612311648856139));
#10536=CARTESIAN_POINT('',(0.047111377417869,0.0498337385254372,0.00612311648856138));
#10537=CARTESIAN_POINT('',(0.0468558014059104,0.0495781625134786,0.00678027842006887));
#10538=CARTESIAN_POINT('',(0.0461742653740207,0.0488966264815889,0.00853271023742217));
#10539=CARTESIAN_POINT('',(0.0475354459278048,0.0475354459278048,0.00853271023742217));
#10540=CARTESIAN_POINT('',(0.0488966264815889,0.0461742653740207,0.00853271023742217));
#10541=CARTESIAN_POINT('',(0.0495781625134786,0.0468558014059104,0.00678027842006887));
#10542=CARTESIAN_POINT('',(0.0498337385254372,0.047111377417869,0.00612311648856138));
#10543=CARTESIAN_POINT('',(0.0516015054784036,0.0453436104649026,0.00612311648856138));
#10544=CARTESIAN_POINT('',(0.0533692724313699,0.0435758435119363,0.00612311648856138));
#10545=CARTESIAN_POINT('',(0.0531136964194113,0.0433202674999776,0.00678027842006887));
#10546=CARTESIAN_POINT('',(0.0524321603875217,0.0426387314680879,0.00853271023742217));
#10547=CARTESIAN_POINT('',(0.0540496671494859,0.0410212247061237,0.00853271023742217));
#10548=CARTESIAN_POINT('',(0.0556671739114501,0.0394037179441595,0.00853271023742217));
#10549=CARTESIAN_POINT('',(0.0549856378795604,0.0387221819122699,0.0102851420547755));
#10550=CARTESIAN_POINT('',(0.0474934146615572,0.0312299586942665,0.0295498760315514));
#10551=CARTESIAN_POINT('',(0.0393616866779119,0.0393616866779119,0.0295498760315514));
#10552=CARTESIAN_POINT('',(0.0546392803463119,0.0240840930095119,0.0295498760315514));
#10553=CARTESIAN_POINT('',(0.0522074464433477,0.0230767944254653,0.0339713922187591));
#10554=CARTESIAN_POINT('',(0.0657640608202583,0.0286921279602438,0.00932300244255801));
#10555=CARTESIAN_POINT('',(0.0644372630813492,0.031895301056044,0.0069106429172688));
#10556=CARTESIAN_POINT('',(0.0552155569713141,0.,0.0303685563342227));
#10557=CARTESIAN_POINT('',(0.0719182629551366,-1.04083408558608E-17,0.));
#10558=CARTESIAN_POINT('',(0.0719182629551366,-0.0138345697006351,0.));
#10559=CARTESIAN_POINT('',(0.0719182629551366,0.0138345697006351,0.));
#10560=CARTESIAN_POINT('',(0.0681174093506388,0.0230106420212085,0.00691064291726882));
#10561=CARTESIAN_POINT('',(0.0667906116117297,0.0262138151170087,0.00932300244255801));
#10562=CARTESIAN_POINT('',(0.0532339972348191,0.0205984815822302,0.0339713922187591));
#10563=CARTESIAN_POINT('',(0.0556658311377833,0.0216057801662767,0.0295498760315514));
#10564=CARTESIAN_POINT('',(0.0556658311377833,0.,0.0295498760315514));
#10565=CARTESIAN_POINT('',(0.0556658311377833,0.0115,0.0295498760315514));
#10566=CARTESIAN_POINT('',(0.0552977832676936,0.0115,0.0302190539771692));
#10567=CARTESIAN_POINT('',(0.0672252723245545,0.0115,0.00853271023742218));
#10568=CARTESIAN_POINT('',(0.0672252723245545,0.0092125,0.00853271023742217));
#10569=CARTESIAN_POINT('',(0.0672252723245545,0.006925,0.00853271023742217));
#10570=CARTESIAN_POINT('',(0.0681891098240988,0.006925,0.00678027842006887));
#10571=CARTESIAN_POINT('',(0.0685505488864279,0.006925,0.00612311648856138));
#10572=CARTESIAN_POINT('',(0.0685505488864279,0.004425,0.00612311648856139));
#10573=CARTESIAN_POINT('',(0.0685505488864279,0.001925,0.00612311648856138));
#10574=CARTESIAN_POINT('',(0.0681891098240988,0.001925,0.00678027842006887));
#10575=CARTESIAN_POINT('',(0.0672252723245545,0.001925,0.00853271023742217));
#10576=CARTESIAN_POINT('',(0.0672252723245545,-5.41740333568634E-18,0.00853271023742217));
#10577=CARTESIAN_POINT('',(0.0672252723245545,-0.001925,0.00853271023742217));
#10578=CARTESIAN_POINT('',(0.0681891098240988,-0.001925,0.00678027842006887));
#10579=CARTESIAN_POINT('',(0.0685505488864279,-0.001925,0.00612311648856138));
#10580=CARTESIAN_POINT('',(0.0685505488864279,-0.004425,0.00612311648856138));
#10581=CARTESIAN_POINT('',(0.0685505488864279,-0.006925,0.00612311648856138));
#10582=CARTESIAN_POINT('',(0.0681891098240988,-0.006925,0.00678027842006887));
#10583=CARTESIAN_POINT('',(0.0672252723245545,-0.006925,0.00853271023742217));
#10584=CARTESIAN_POINT('',(0.0672252723245545,-0.0092125,0.00853271023742217));
#10585=CARTESIAN_POINT('',(0.0672252723245545,-0.0115,0.00853271023742217));
#10586=CARTESIAN_POINT('',(0.0662614348250102,-0.0115,0.0102851420547755));
#10587=CARTESIAN_POINT('',(0.0556658311377833,-0.0115,0.0295498760315514));
#10588=CARTESIAN_POINT('',(0.0556658311377833,0.,0.0295498760315514));
#10589=CARTESIAN_POINT('',(0.0556658311377833,-0.0163171432510487,0.0295498760315514));
#10590=CARTESIAN_POINT('',(0.0537742470781957,-0.0222740224461905,0.0329891197762562));
#10591=CARTESIAN_POINT('',(0.0583776800711729,-0.0180466231654071,0.0246192416072068));
#10592=CARTESIAN_POINT('',(0.0583776800711729,0.,0.0246192416072069));
#10593=CARTESIAN_POINT('',(0.0583776800711729,-0.0224108516876396,0.0246192416072069));
#10594=CARTESIAN_POINT('',(0.0544586854726815,-0.0232834071376773,0.0317446863317365));
#10595=CARTESIAN_POINT('',(0.0583738602303213,-0.0227274825437069,0.0246261867723915));
#10596=CARTESIAN_POINT('',(0.0532339972348191,-0.0205984815822302,0.0339713922187592));
#10597=CARTESIAN_POINT('',(0.0667906116117297,-0.0262138151170087,0.00932300244255799));
#10598=CARTESIAN_POINT('',(0.0681174093506388,-0.0230106420212085,0.00691064291726877));
#10599=CARTESIAN_POINT('',(0.0390432947614084,-0.0390432947614084,0.0303685563342227));
#10600=CARTESIAN_POINT('',(0.0508538914267344,-0.0508538914267344,0.));
#10601=CARTESIAN_POINT('',(0.0410713733766173,-0.0606364094768514,0.));
#10602=CARTESIAN_POINT('',(0.0606364094768514,-0.0410713733766173,0.));
#10603=CARTESIAN_POINT('',(0.0644372630813493,-0.031895301056044,0.0069106429172688));
#10604=CARTESIAN_POINT('',(0.0657640608202583,-0.0286921279602439,0.00932300244255797));
#10605=CARTESIAN_POINT('',(0.0522074464433476,-0.0230767944254654,0.0339713922187591));
#10606=CARTESIAN_POINT('',(0.0573473094388498,-0.025205795386942,0.0246261867723916));
#10607=CARTESIAN_POINT('',(0.0549719608684172,-0.0220442507160597,0.0317446863317365));
#10608=CARTESIAN_POINT('',(0.0571261186487611,-0.0254323882477691,0.0246192416072068));
#10609=CARTESIAN_POINT('',(0.0412792534482651,-0.0412792534482651,0.0246192416072068));
#10610=CARTESIAN_POINT('',(0.0540401430660427,-0.0285183638304876,0.0246192416072068));
#10611=CARTESIAN_POINT('',(0.0537742470781957,-0.0222740224461905,0.0329891197762563));
#10612=CARTESIAN_POINT('',(0.0508996493203207,-0.027823724035503,0.0295498760315515));
#10613=CARTESIAN_POINT('',(0.0393616866779119,-0.0393616866779119,0.0295498760315514));
#10614=CARTESIAN_POINT('',(0.0474934146615572,-0.0312299586942665,0.0295498760315515));
#10615=CARTESIAN_POINT('',(0.0472331655168154,-0.0309697095495249,0.0302190539771692));
#10616=CARTESIAN_POINT('',(0.0556671739114501,-0.0394037179441595,0.00853271023742218));
#10617=CARTESIAN_POINT('',(0.0540496671494859,-0.0410212247061237,0.00853271023742217));
#10618=CARTESIAN_POINT('',(0.0524321603875216,-0.0426387314680879,0.00853271023742217));
#10619=CARTESIAN_POINT('',(0.0531136964194113,-0.0433202674999777,0.00678027842006887));
#10620=CARTESIAN_POINT('',(0.0533692724313699,-0.0435758435119363,0.00612311648856138));
#10621=CARTESIAN_POINT('',(0.0516015054784036,-0.0453436104649026,0.00612311648856139));
#10622=CARTESIAN_POINT('',(0.0498337385254372,-0.047111377417869,0.00612311648856138));
#10623=CARTESIAN_POINT('',(0.0495781625134786,-0.0468558014059104,0.00678027842006887));
#10624=CARTESIAN_POINT('',(0.0488966264815889,-0.0461742653740207,0.00853271023742217));
#10625=CARTESIAN_POINT('',(0.0475354459278048,-0.0475354459278048,0.00853271023742217));
#10626=CARTESIAN_POINT('',(0.0461742653740207,-0.0488966264815889,0.00853271023742217));
#10627=CARTESIAN_POINT('',(0.0468558014059104,-0.0495781625134786,0.00678027842006887));
#10628=CARTESIAN_POINT('',(0.047111377417869,-0.0498337385254372,0.00612311648856138));
#10629=CARTESIAN_POINT('',(0.0453436104649026,-0.0516015054784036,0.00612311648856138));
#10630=CARTESIAN_POINT('',(0.0435758435119363,-0.0533692724313699,0.00612311648856138));
#10631=CARTESIAN_POINT('',(0.0433202674999776,-0.0531136964194113,0.00678027842006887));
#10632=CARTESIAN_POINT('',(0.0426387314680879,-0.0524321603875217,0.00853271023742217));
#10633=CARTESIAN_POINT('',(0.0410212247061237,-0.0540496671494859,0.00853271023742217));
#10634=CARTESIAN_POINT('',(0.0394037179441595,-0.0556671739114501,0.00853271023742217));
#10635=CARTESIAN_POINT('',(0.0387221819122699,-0.0549856378795604,0.0102851420547755));
#10636=CARTESIAN_POINT('',(0.0312299586942665,-0.0474934146615572,0.0295498760315514));
#10637=CARTESIAN_POINT('',(0.0393616866779119,-0.0393616866779119,0.0295498760315514));
#10638=CARTESIAN_POINT('',(0.0240840930095118,-0.0546392803463119,0.0295498760315514));
#10639=CARTESIAN_POINT('',(0.0230767944254653,-0.0522074464433477,0.0339713922187591));
#10640=CARTESIAN_POINT('',(0.0286921279602438,-0.0657640608202583,0.00932300244255803));
#10641=CARTESIAN_POINT('',(0.031895301056044,-0.0644372630813492,0.0069106429172688));
#10642=CARTESIAN_POINT('',(0.,-0.0552155569713141,0.0303685563342228));
#10643=CARTESIAN_POINT('',(0.,-0.0719182629551366,0.));
#10644=CARTESIAN_POINT('',(-0.0138345697006349,-0.0719182629551366,0.));
#10645=CARTESIAN_POINT('',(0.013834569700635,-0.0719182629551366,0.));
#10646=CARTESIAN_POINT('',(0.0230106420212085,-0.0681174093506388,0.00691064291726886));
#10647=CARTESIAN_POINT('',(0.0262138151170086,-0.0667906116117297,0.00932300244255804));
#10648=CARTESIAN_POINT('',(0.0205984815822302,-0.0532339972348191,0.0339713922187592));
#10649=CARTESIAN_POINT('',(0.0216057801662767,-0.0556658311377833,0.0295498760315515));
#10650=CARTESIAN_POINT('',(0.,-0.0556658311377833,0.0295498760315515));
#10651=CARTESIAN_POINT('',(0.0115,-0.0556658311377833,0.0295498760315515));
#10652=CARTESIAN_POINT('',(0.0115,-0.0552977832676936,0.0302190539771692));
#10653=CARTESIAN_POINT('',(0.0115,-0.0672252723245545,0.00853271023742218));
#10654=CARTESIAN_POINT('',(0.0092125,-0.0672252723245545,0.00853271023742217));
#10655=CARTESIAN_POINT('',(0.006925,-0.0672252723245545,0.00853271023742217));
#10656=CARTESIAN_POINT('',(0.006925,-0.0681891098240988,0.00678027842006887));
#10657=CARTESIAN_POINT('',(0.006925,-0.0685505488864279,0.00612311648856138));
#10658=CARTESIAN_POINT('',(0.004425,-0.0685505488864279,0.00612311648856139));
#10659=CARTESIAN_POINT('',(0.001925,-0.0685505488864279,0.00612311648856138));
#10660=CARTESIAN_POINT('',(0.001925,-0.0681891098240988,0.00678027842006887));
#10661=CARTESIAN_POINT('',(0.001925,-0.0672252723245545,0.00853271023742217));
#10662=CARTESIAN_POINT('',(-1.3010426069826E-18,-0.0672252723245545,0.00853271023742217));
#10663=CARTESIAN_POINT('',(-0.001925,-0.0672252723245545,0.00853271023742217));
#10664=CARTESIAN_POINT('',(-0.001925,-0.0681891098240988,0.00678027842006887));
#10665=CARTESIAN_POINT('',(-0.001925,-0.0685505488864279,0.00612311648856138));
#10666=CARTESIAN_POINT('',(-0.004425,-0.0685505488864279,0.00612311648856138));
#10667=CARTESIAN_POINT('',(-0.006925,-0.0685505488864279,0.00612311648856138));
#10668=CARTESIAN_POINT('',(-0.006925,-0.0681891098240988,0.00678027842006887));
#10669=CARTESIAN_POINT('',(-0.006925,-0.0672252723245545,0.00853271023742217));
#10670=CARTESIAN_POINT('',(-0.0092125,-0.0672252723245545,0.00853271023742217));
#10671=CARTESIAN_POINT('',(-0.0115,-0.0672252723245545,0.00853271023742217));
#10672=CARTESIAN_POINT('',(-0.0115,-0.0662614348250102,0.0102851420547755));
#10673=CARTESIAN_POINT('',(-0.0115,-0.0556658311377833,0.0295498760315515));
#10674=CARTESIAN_POINT('',(0.,-0.0556658311377833,0.0295498760315515));
#10675=CARTESIAN_POINT('',(-0.0163171432510486,-0.0556658311377833,0.0295498760315515));
#10676=CARTESIAN_POINT('',(-0.0222740224461904,-0.0537742470781956,0.0329891197762564));
#10677=CARTESIAN_POINT('',(-0.018046623165407,-0.0583776800711729,0.0246192416072069));
#10678=CARTESIAN_POINT('',(0.,-0.0583776800711729,0.0246192416072069));
#10679=CARTESIAN_POINT('',(-0.0224108516876396,-0.0583776800711729,0.0246192416072069));
#10680=CARTESIAN_POINT('',(-0.0232834071376772,-0.0544586854726815,0.0317446863317366));
#10681=CARTESIAN_POINT('',(-0.0227274825437068,-0.0583738602303213,0.0246261867723916));
#10682=CARTESIAN_POINT('',(-0.0205984815822302,-0.0532339972348191,0.0339713922187592));
#10683=CARTESIAN_POINT('',(-0.0262138151170087,-0.0667906116117297,0.00932300244255809));
#10684=CARTESIAN_POINT('',(-0.0230106420212084,-0.0681174093506388,0.00691064291726886));
#10685=CARTESIAN_POINT('',(-1.38777878078145E-17,0.,0.));
#10686=CARTESIAN_POINT('',(-0.0645,3.12250225675825E-17,0.));
#10687=CARTESIAN_POINT('',(-0.0645,0.0259908937471828,0.));
#10688=CARTESIAN_POINT('',(-0.0645,-0.0259908937471828,0.));
#10689=CARTESIAN_POINT('',(-0.0622174575578973,-0.0257713147368535,3.46944695195361E-18));
#10690=CARTESIAN_POINT('',(-0.0639867246042643,-0.0272300501688004,0.));
#10691=CARTESIAN_POINT('',(-0.0456083873865323,-0.0456083873865323,0.));
#10692=CARTESIAN_POINT('',(-0.0272300501688004,-0.0639867246042643,0.));
#10693=CARTESIAN_POINT('',(-0.0257713147368535,-0.0622174575578973,0.));
#10694=CARTESIAN_POINT('',(-0.0259908937471828,-0.0645,0.));
#10695=CARTESIAN_POINT('',(-1.7347234759768E-17,-0.0645,0.));
#10696=CARTESIAN_POINT('',(0.0259908937471827,-0.0645,0.));
#10697=CARTESIAN_POINT('',(0.0257713147368534,-0.0622174575578974,3.46944695195361E-18));
#10698=CARTESIAN_POINT('',(0.0272300501688003,-0.0639867246042643,0.));
#10699=CARTESIAN_POINT('',(0.0456083873865323,-0.0456083873865323,0.));
#10700=CARTESIAN_POINT('',(0.0639867246042643,-0.0272300501688004,0.));
#10701=CARTESIAN_POINT('',(0.0622174575578973,-0.0257713147368536,0.));
#10702=CARTESIAN_POINT('',(0.0645,-0.0259908937471828,0.));
#10703=CARTESIAN_POINT('',(0.0645,-2.77555756156289E-17,0.));
#10704=CARTESIAN_POINT('',(0.0645,0.0259908937471828,0.));
#10705=CARTESIAN_POINT('',(0.0622174575578974,0.0257713147368535,3.46944695195361E-18));
#10706=CARTESIAN_POINT('',(0.0639867246042643,0.0272300501688003,0.));
#10707=CARTESIAN_POINT('',(0.0456083873865323,0.0456083873865323,0.));
#10708=CARTESIAN_POINT('',(0.0272300501688004,0.0639867246042643,0.));
#10709=CARTESIAN_POINT('',(0.0257713147368536,0.0622174575578973,0.));
#10710=CARTESIAN_POINT('',(0.0259908937471828,0.0645,0.));
#10711=CARTESIAN_POINT('',(2.42861286636753E-17,0.0645,0.));
#10712=CARTESIAN_POINT('',(-0.0259908937471828,0.0645,0.));
#10713=CARTESIAN_POINT('',(-0.0257713147368535,0.0622174575578973,-3.46944695195361E-18));
#10714=CARTESIAN_POINT('',(-0.0272300501688004,0.0639867246042643,0.));
#10715=CARTESIAN_POINT('',(-0.0456083873865323,0.0456083873865323,0.));
#10716=CARTESIAN_POINT('',(-0.0639867246042643,0.0272300501688004,0.));
#10717=CARTESIAN_POINT('',(-0.0622174575578973,0.0257713147368536,0.));
#10718=CARTESIAN_POINT('',(-0.0592183178831149,-0.0360334600137263,0.));
#10719=CARTESIAN_POINT('',(-0.0629138360131601,-0.0375641937431866,0.));
#10720=CARTESIAN_POINT('',(-0.0669812661070683,-0.027744548846469,0.));
#10721=CARTESIAN_POINT('',(-0.0710486962009764,-0.0179249039497515,0.));
#10722=CARTESIAN_POINT('',(-0.0673531780709313,-0.0163941702202911,0.));
#10723=CARTESIAN_POINT('',(-0.0673531780709313,0.0163941702202912,0.));
#10724=CARTESIAN_POINT('',(-0.0710486962009764,0.0179249039497516,0.));
#10725=CARTESIAN_POINT('',(-0.0669812661070683,0.027744548846469,0.));
#10726=CARTESIAN_POINT('',(-0.0629138360131601,0.0375641937431866,0.));
#10727=CARTESIAN_POINT('',(-0.0592183178831149,0.0360334600137263,0.));
#10728=CARTESIAN_POINT('',(-0.0360334600137262,0.059218317883115,0.));
#10729=CARTESIAN_POINT('',(-0.0375641937431866,0.0629138360131601,0.));
#10730=CARTESIAN_POINT('',(-0.0277445488464691,0.0669812661070683,0.));
#10731=CARTESIAN_POINT('',(-0.0179249039497515,0.0710486962009764,0.));
#10732=CARTESIAN_POINT('',(-0.0163941702202911,0.0673531780709313,0.));
#10733=CARTESIAN_POINT('',(0.0163941702202912,0.0673531780709313,0.));
#10734=CARTESIAN_POINT('',(0.0179249039497516,0.0710486962009764,0.));
#10735=CARTESIAN_POINT('',(0.027744548846469,0.0669812661070683,0.));
#10736=CARTESIAN_POINT('',(0.0375641937431865,0.0629138360131602,0.));
#10737=CARTESIAN_POINT('',(0.0360334600137262,0.059218317883115,0.));
#10738=CARTESIAN_POINT('',(0.059218317883115,0.0360334600137262,8.67361737988404E-19));
#10739=CARTESIAN_POINT('',(0.0629138360131601,0.0375641937431865,0.));
#10740=CARTESIAN_POINT('',(0.0669812661070683,0.027744548846469,0.));
#10741=CARTESIAN_POINT('',(0.0710486962009764,0.0179249039497515,0.));
#10742=CARTESIAN_POINT('',(0.0673531780709313,0.0163941702202911,-8.67361737988404E-19));
#10743=CARTESIAN_POINT('',(0.0673531780709313,-0.0163941702202911,0.));
#10744=CARTESIAN_POINT('',(0.0710486962009764,-0.0179249039497515,0.));
#10745=CARTESIAN_POINT('',(0.0669812661070683,-0.027744548846469,0.));
#10746=CARTESIAN_POINT('',(0.0629138360131602,-0.0375641937431865,0.));
#10747=CARTESIAN_POINT('',(0.059218317883115,-0.0360334600137262,0.));
#10748=CARTESIAN_POINT('',(0.0360334600137262,-0.059218317883115,0.));
#10749=CARTESIAN_POINT('',(0.0375641937431865,-0.0629138360131601,0.));
#10750=CARTESIAN_POINT('',(0.027744548846469,-0.0669812661070683,0.));
#10751=CARTESIAN_POINT('',(0.0179249039497513,-0.0710486962009765,0.));
#10752=CARTESIAN_POINT('',(0.016394170220291,-0.0673531780709313,0.));
#10753=CARTESIAN_POINT('',(-0.016394170220291,-0.0673531780709313,0.));
#10754=CARTESIAN_POINT('',(-0.0179249039497513,-0.0710486962009765,0.));
#10755=CARTESIAN_POINT('',(-0.027744548846469,-0.0669812661070683,0.));
#10756=CARTESIAN_POINT('',(-0.0375641937431866,-0.0629138360131601,0.));
#10757=CARTESIAN_POINT('',(-0.0360334600137263,-0.0592183178831149,0.));
#10758=CARTESIAN_POINT('',(-0.0193138944586845,-0.035577350425975,0.008313656260253));
#10759=CARTESIAN_POINT('',(-0.025809397513309,-0.0420728534805995,0.032));
#10760=CARTESIAN_POINT('',(-0.025809397513309,-0.0420728534805995,0.032));
#10761=CARTESIAN_POINT('',(-0.025809397513309,-0.0420728534805995,0.0305137135310958));
#10762=CARTESIAN_POINT('',(-0.0272236110756821,-0.0434870670429727,0.0305137135310958));
#10763=CARTESIAN_POINT('',(-0.0259844546540645,-0.0422479106213551,0.0295498760315515));
#10764=CARTESIAN_POINT('',(-0.0268843083975695,-0.0431477643648602,0.0272360844529751));
#10765=CARTESIAN_POINT('',(-0.0340133875001866,-0.0502768434674772,0.00890510199088104));
#10766=CARTESIAN_POINT('',(-0.0225511906101604,-0.038814646577451,-1.03948721751467E-5));
#10767=CARTESIAN_POINT('',(-0.0346329657209318,-0.0508964216882224,0.0093870207483819));
#10768=CARTESIAN_POINT('',(-0.0353145017528215,-0.0515779577201121,0.0076345889310286));
#10769=CARTESIAN_POINT('',(-0.0364219978046422,-0.0526854537719328,0.0047868872278295));
#10770=CARTESIAN_POINT('',(-0.0364219978046422,-0.0526854537719328,0.0047868872278295));
#10771=CARTESIAN_POINT('',(-0.037320386210315,-0.0535838421776055,0.00548566941499911));
#10772=CARTESIAN_POINT('',(-0.0284604177957493,-0.0447238737630399,0.028267283040592));
#10773=CARTESIAN_POINT('',(-0.0270087315849132,-0.0432721875522038,0.032));
#10774=CARTESIAN_POINT('',(-0.0133772320238474,-0.029640687991138,0.032));
#10775=CARTESIAN_POINT('',(-0.0355773504259751,-0.0193138944586845,0.00831365626025299));
#10776=CARTESIAN_POINT('',(-0.0431477643648602,-0.0268843083975695,0.0272360844529751));
#10777=CARTESIAN_POINT('',(-0.0502768434674772,-0.0340133875001866,0.00890510199088103));
#10778=CARTESIAN_POINT('',(-0.0422479106213551,-0.0259844546540645,0.0295498760315514));
#10779=CARTESIAN_POINT('',(-0.0434870670429727,-0.0272236110756821,0.0305137135310958));
#10780=CARTESIAN_POINT('',(-0.0420728534805996,-0.025809397513309,0.0305137135310958));
#10781=CARTESIAN_POINT('',(-0.0420728534805996,-0.025809397513309,0.032));
#10782=CARTESIAN_POINT('',(-0.0420728534805996,-0.025809397513309,0.032));
#10783=CARTESIAN_POINT('',(-0.029640687991138,-0.0133772320238473,0.032));
#10784=CARTESIAN_POINT('',(-0.0432721875522037,-0.0270087315849131,0.032));
#10785=CARTESIAN_POINT('',(-0.05337086216764,-0.0371074062003494,0.00603330435792199));
#10786=CARTESIAN_POINT('',(-0.0535838421776055,-0.0373203862103149,0.00548566941499911));
#10787=CARTESIAN_POINT('',(-0.0526854537719328,-0.0364219978046422,0.0047868872278295));
#10788=CARTESIAN_POINT('',(-0.0526854537719328,-0.0364219978046422,0.0047868872278295));
#10789=CARTESIAN_POINT('',(-0.0515779577201121,-0.0353145017528215,0.0076345889310286));
#10790=CARTESIAN_POINT('',(-0.0508964216882224,-0.0346329657209318,0.00938702074838189));
#10791=CARTESIAN_POINT('',(-0.038814646577451,-0.0225511906101604,-1.03948721751606E-5));
#10792=CARTESIAN_POINT('',(6.93889390390723E-18,1.38777878078145E-17,0.032));
#10793=CARTESIAN_POINT('',(-0.0222740224461904,-0.0537742470781956,0.032));
#10794=CARTESIAN_POINT('',(-0.0180240224461904,-0.0537742470781956,0.032));
#10795=CARTESIAN_POINT('',(-0.0265667898466716,-0.0437141292904453,0.032));
#10796=CARTESIAN_POINT('',(-0.02612484810843,-0.0441560710286869,0.032));
#10797=CARTESIAN_POINT('',(0.131548129167907,0.11351690624765,0.032));
#10798=CARTESIAN_POINT('',(-0.0285861999981442,-0.0466174229184012,0.032));
#10799=CARTESIAN_POINT('',(-0.0290281417363858,-0.0461754811801596,0.032));
#10800=CARTESIAN_POINT('',(-0.0294700834746274,-0.045733539441918,0.032));
#10801=CARTESIAN_POINT('',(-0.0133772320238474,-0.029640687991138,0.032));
#10802=CARTESIAN_POINT('',(-0.031054901553511,-0.0473183575208016,0.032));
#10803=CARTESIAN_POINT('',(-0.0391866295371563,-0.0391866295371563,0.032));
#10804=CARTESIAN_POINT('',(-0.027700301443905,-0.0506729576304077,0.032));
#10805=CARTESIAN_POINT('',(-0.0222740224461904,-0.0537742470781956,0.032));
#10806=CARTESIAN_POINT('',(-0.0162441209713431,-0.0554182629551366,0.032));
#10807=CARTESIAN_POINT('',(0.,-0.0554182629551366,0.032));
#10808=CARTESIAN_POINT('',(-0.0115,-0.0554182629551366,0.032));
#10809=CARTESIAN_POINT('',(-0.0115,-0.0304182629551366,0.032));
#10810=CARTESIAN_POINT('',(-0.0115,-0.0531769917340853,0.032));
#10811=CARTESIAN_POINT('',(-0.012125,-0.0531769917340853,0.032));
#10812=CARTESIAN_POINT('',(-0.01275,-0.0531769917340853,0.032));
#10813=CARTESIAN_POINT('',(-0.01275,0.173141994823199,0.032));
#10814=CARTESIAN_POINT('',(-0.01275,-0.0496961145098787,0.032));
#10815=CARTESIAN_POINT('',(-0.012125,-0.0496961145098787,0.032));
#10816=CARTESIAN_POINT('',(-0.0115,-0.0496961145098787,0.032));
#10817=CARTESIAN_POINT('',(-0.0115,-0.0304182629551366,0.032));
#10818=CARTESIAN_POINT('',(-0.0115,-0.048,0.032));
#10819=CARTESIAN_POINT('',(-1.04083408558608E-17,-0.048,0.032));
#10820=CARTESIAN_POINT('',(-0.0190538238691624,-0.048,0.032));
#10821=CARTESIAN_POINT('',(-0.0190538238691624,-0.046,0.032));
#10822=CARTESIAN_POINT('',(-0.0204680374315354,-0.0474142135623731,0.032));
#10823=CARTESIAN_POINT('',(-0.0339411254969543,-0.0339411254969543,0.032));
#10824=CARTESIAN_POINT('',(6.93889390390723E-18,1.38777878078145E-17,0.032));
#10825=CARTESIAN_POINT('',(-0.0554182629551366,1.04083408558608E-17,0.032));
#10826=CARTESIAN_POINT('',(-0.0554182629551366,-0.0115,0.032));
#10827=CARTESIAN_POINT('',(-0.0554182629551366,-0.0221265689944299,0.032));
#10828=CARTESIAN_POINT('',(-0.0534182629551366,-0.0221265689944299,0.032));
#10829=CARTESIAN_POINT('',(-0.0548324765175097,-0.023540782556803,0.032));
#10830=CARTESIAN_POINT('',(-0.0391866295371563,-0.0391866295371563,0.032));
#10831=CARTESIAN_POINT('',(-0.0473183575208016,-0.031054901553511,0.032));
#10832=CARTESIAN_POINT('',(-0.029640687991138,-0.0133772320238473,0.032));
#10833=CARTESIAN_POINT('',(-0.045733539441918,-0.0294700834746274,0.032));
#10834=CARTESIAN_POINT('',(-0.0461754811801596,-0.0290281417363858,0.032));
#10835=CARTESIAN_POINT('',(-0.0466174229184012,-0.0285861999981442,0.032));
#10836=CARTESIAN_POINT('',(0.11351690624765,0.131548129167907,0.032));
#10837=CARTESIAN_POINT('',(-0.0441560710286869,-0.0261248481084299,0.032));
#10838=CARTESIAN_POINT('',(-0.0437141292904454,-0.0265667898466715,0.032));
#10839=CARTESIAN_POINT('',(-0.0339411254969543,-0.0339411254969543,0.032));
#10840=CARTESIAN_POINT('',(-0.0474142135623731,-0.0204680374315354,0.032));
#10841=CARTESIAN_POINT('',(-0.046,-0.0190538238691624,0.032));
#10842=CARTESIAN_POINT('',(-0.048,-0.0190538238691624,0.032));
#10843=CARTESIAN_POINT('',(-0.048,1.7347234759768E-17,0.032));
#10844=CARTESIAN_POINT('',(-0.048,-0.0115,0.032));
#10845=CARTESIAN_POINT('',(-0.0304182629551366,-0.0115,0.032));
#10846=CARTESIAN_POINT('',(-0.0496961145098787,-0.0115,0.032));
#10847=CARTESIAN_POINT('',(-0.0496961145098787,-0.012125,0.032));
#10848=CARTESIAN_POINT('',(-0.0496961145098787,-0.01275,0.032));
#10849=CARTESIAN_POINT('',(0.173141994823199,-0.01275,0.032));
#10850=CARTESIAN_POINT('',(-0.0531769917340853,-0.01275,0.032));
#10851=CARTESIAN_POINT('',(-0.0531769917340853,-0.012125,0.032));
#10852=CARTESIAN_POINT('',(-0.0531769917340853,-0.0115,0.032));
#10853=CARTESIAN_POINT('',(-0.0304182629551366,-0.0115,0.032));
#10854=CARTESIAN_POINT('',(-0.0193138944586845,-0.035577350425975,0.008313656260253));
#10855=CARTESIAN_POINT('',(-0.0303501313387161,-0.0466135873060066,0.0297371352273971));
#10856=CARTESIAN_POINT('',(-0.0387841397333508,-0.0550475957006413,0.00805079148765002));
#10857=CARTESIAN_POINT('',(-0.0387841397333508,-0.0550475957006413,0.00805079148765002));
#10858=CARTESIAN_POINT('',(-0.0324691151158841,-0.0487325710831747,0.0305137135310958));
#10859=CARTESIAN_POINT('',(-0.031054901553511,-0.0473183575208016,0.0305137135310958));
#10860=CARTESIAN_POINT('',(-0.031054901553511,-0.0473183575208016,0.0294337640593762));
#10861=CARTESIAN_POINT('',(-0.0391866295371563,-0.0391866295371563,0.032002));
#10862=CARTESIAN_POINT('',(-0.0391866295371563,-0.0391866295371563,0.0305137135310958));
#10863=CARTESIAN_POINT('',(-0.027700301443905,-0.0506729576304077,0.0305137135310959));
#10864=CARTESIAN_POINT('',(-0.027700301443905,-0.0506729576304077,0.032002));
#10865=CARTESIAN_POINT('',(-0.0391866295371563,-0.0391866295371563,0.032002));
#10866=CARTESIAN_POINT('',(-0.0548324765175097,-0.023540782556803,0.032002));
#10867=CARTESIAN_POINT('',(-0.0548324765175097,-0.023540782556803,0.0310388996268595));
#10868=CARTESIAN_POINT('',(-0.0548324765175097,-0.023540782556803,0.0310388996268595));
#10869=CARTESIAN_POINT('',(-0.0546320983866013,-0.0237411606877113,0.0308752566207415));
#10870=CARTESIAN_POINT('',(-0.0544355629592633,-0.0239376961150494,0.0307022840687012));
#10871=CARTESIAN_POINT('',(-0.0542466900798828,-0.0241265689944298,0.0305137135310953));
#10872=CARTESIAN_POINT('',(-0.0542466900798828,-0.0241265689944298,0.0305137135310958));
#10873=CARTESIAN_POINT('',(-0.0391866295371563,-0.0391866295371563,0.0305137135310958));
#10874=CARTESIAN_POINT('',(-0.0473183575208016,-0.031054901553511,0.0305137135310958));
#10875=CARTESIAN_POINT('',(-0.0473183575208016,-0.031054901553511,0.0294337640593762));
#10876=CARTESIAN_POINT('',(-0.0339411254969543,-0.0339411254969543,0.032));
#10877=CARTESIAN_POINT('',(-0.0204680374315354,-0.0474142135623731,0.03));
#10878=CARTESIAN_POINT('',(-0.0204680374315354,-0.0474142135623731,0.0305137135310958));
#10879=CARTESIAN_POINT('',(-0.025809397513309,-0.0420728534805995,0.0305137135310958));
#10880=CARTESIAN_POINT('',(-0.0350160363812148,-0.0350160363812148,0.0272360844529751));
#10881=CARTESIAN_POINT('',(-0.0475538779937502,-0.0204233422343286,0.0298779029282074));
#10882=CARTESIAN_POINT('',(-0.047734292786911,-0.0204980724885086,0.0295498760315514));
#10883=CARTESIAN_POINT('',(-0.0422479106213551,-0.0259844546540645,0.0295498760315514));
#10884=CARTESIAN_POINT('',(-0.042145115483832,-0.0421451154838319,0.00890510199088104));
#10885=CARTESIAN_POINT('',(-0.0200573081346641,-0.0481750571407555,0.0295498760315515));
#10886=CARTESIAN_POINT('',(-0.0204980724885086,-0.047734292786911,0.0295498760315515));
#10887=CARTESIAN_POINT('',(-0.0272578660134848,-0.0640538779937502,-0.000122097071792586));
#10888=CARTESIAN_POINT('',(-0.0388139714857142,-0.0115,0.008313656260253));
#10889=CARTESIAN_POINT('',(-0.048,-0.0115,0.032));
#10890=CARTESIAN_POINT('',(-0.048,-0.0115,0.0305137135310958));
#10891=CARTESIAN_POINT('',(-0.05,-0.0115,0.0305137135310958));
#10892=CARTESIAN_POINT('',(-0.0482475681826467,-0.0115,0.0295498760315514));
#10893=CARTESIAN_POINT('',(-0.0495201535508637,-0.0115,0.0272360844529751));
#10894=CARTESIAN_POINT('',(-0.0596021939050154,-0.0115,0.00890510199088104));
#10895=CARTESIAN_POINT('',(-0.0433921996085496,-0.0115,-1.03948721751432E-5));
#10896=CARTESIAN_POINT('',(-0.0604784098277443,-0.0115,0.0093870207483819));
#10897=CARTESIAN_POINT('',(-0.0614422473272886,-0.0115,0.0076345889310286));
#10898=CARTESIAN_POINT('',(-0.0630084832640481,-0.0115,0.0047868872278295));
#10899=CARTESIAN_POINT('',(-0.0630084832640481,-0.0115,0.0047868872278295));
#10900=CARTESIAN_POINT('',(-0.0642789963316292,-0.0115,0.00548566941499914));
#10901=CARTESIAN_POINT('',(-0.0517491088375532,-0.0115,0.028267283040592));
#10902=CARTESIAN_POINT('',(-0.0388139714857142,0.0115,0.00831365626025299));
#10903=CARTESIAN_POINT('',(-0.0495201535508637,0.0115,0.0272360844529751));
#10904=CARTESIAN_POINT('',(-0.0596021939050154,0.0115,0.00890510199088103));
#10905=CARTESIAN_POINT('',(-0.0482475681826467,0.0115,0.0295498760315514));
#10906=CARTESIAN_POINT('',(-0.05,0.0115,0.0305137135310958));
#10907=CARTESIAN_POINT('',(-0.048,0.0115,0.0305137135310958));
#10908=CARTESIAN_POINT('',(-0.048,0.0115,0.032));
#10909=CARTESIAN_POINT('',(-0.048,0.0115,0.032));
#10910=CARTESIAN_POINT('',(-0.0304182629551366,0.0115,0.032));
#10911=CARTESIAN_POINT('',(-0.0496961145098787,0.0115,0.032));
#10912=CARTESIAN_POINT('',(-0.0639777971130216,0.0115,0.00603330435792205));
#10913=CARTESIAN_POINT('',(-0.0642789963316292,0.0115,0.00548566941499913));
#10914=CARTESIAN_POINT('',(-0.0630084832640481,0.0115,0.0047868872278295));
#10915=CARTESIAN_POINT('',(-0.0630084832640481,0.0115,0.0047868872278295));
#10916=CARTESIAN_POINT('',(-0.0614422473272886,0.0115,0.0076345889310286));
#10917=CARTESIAN_POINT('',(-0.0604784098277443,0.0115,0.00938702074838189));
#10918=CARTESIAN_POINT('',(-0.0433921996085496,0.0115,-1.03948721751571E-5));
#10919=CARTESIAN_POINT('',(6.93889390390723E-18,1.38777878078145E-17,0.032));
#10920=CARTESIAN_POINT('',(-0.0537742470781957,0.0222740224461904,0.032));
#10921=CARTESIAN_POINT('',(-0.0495242470781957,0.0222740224461904,0.032));
#10922=CARTESIAN_POINT('',(0.173141994823199,0.01275,0.032));
#10923=CARTESIAN_POINT('',(-0.0496961145098787,0.01275,0.032));
#10924=CARTESIAN_POINT('',(-0.0531769917340853,0.01275,0.032));
#10925=CARTESIAN_POINT('',(-0.0496961145098787,0.012125,0.032));
#10926=CARTESIAN_POINT('',(-0.048,1.7347234759768E-17,0.032));
#10927=CARTESIAN_POINT('',(-0.048,0.0190538238691624,0.032));
#10928=CARTESIAN_POINT('',(-0.046,0.0190538238691624,0.032));
#10929=CARTESIAN_POINT('',(-0.0474142135623731,0.0204680374315355,0.032));
#10930=CARTESIAN_POINT('',(-0.0339411254969543,0.0339411254969543,0.032));
#10931=CARTESIAN_POINT('',(-0.0420728534805996,0.025809397513309,0.032));
#10932=CARTESIAN_POINT('',(-0.029640687991138,0.0133772320238474,0.032));
#10933=CARTESIAN_POINT('',(-0.0432721875522038,0.0270087315849132,0.032));
#10934=CARTESIAN_POINT('',(-0.0437141292904453,0.0265667898466716,0.032));
#10935=CARTESIAN_POINT('',(-0.0441560710286869,0.02612484810843,0.032));
#10936=CARTESIAN_POINT('',(0.11351690624765,-0.131548129167907,0.032));
#10937=CARTESIAN_POINT('',(-0.0466174229184012,0.0285861999981443,0.032));
#10938=CARTESIAN_POINT('',(-0.0461754811801596,0.0290281417363858,0.032));
#10939=CARTESIAN_POINT('',(-0.045733539441918,0.0294700834746275,0.032));
#10940=CARTESIAN_POINT('',(-0.029640687991138,0.0133772320238474,0.032));
#10941=CARTESIAN_POINT('',(-0.0473183575208016,0.031054901553511,0.032));
#10942=CARTESIAN_POINT('',(-0.0391866295371563,0.0391866295371563,0.032));
#10943=CARTESIAN_POINT('',(-0.0506729576304077,0.027700301443905,0.032));
#10944=CARTESIAN_POINT('',(-0.0537742470781957,0.0222740224461905,0.032));
#10945=CARTESIAN_POINT('',(-0.0554182629551366,0.0162441209713432,0.032));
#10946=CARTESIAN_POINT('',(-0.0554182629551366,1.04083408558608E-17,0.032));
#10947=CARTESIAN_POINT('',(-0.0554182629551366,0.0115,0.032));
#10948=CARTESIAN_POINT('',(-0.0304182629551366,0.0115,0.032));
#10949=CARTESIAN_POINT('',(-0.0531769917340853,0.0115,0.032));
#10950=CARTESIAN_POINT('',(-0.0531769917340853,0.012125,0.032));
#10951=CARTESIAN_POINT('',(-0.0388139714857142,-0.0115,0.008313656260253));
#10952=CARTESIAN_POINT('',(-0.054421567359017,-0.0115,0.0297371352273971));
#10953=CARTESIAN_POINT('',(-0.0663490564158778,-0.0115,0.00805079148765002));
#10954=CARTESIAN_POINT('',(-0.0663490564158778,-0.0115,0.00805079148765002));
#10955=CARTESIAN_POINT('',(-0.0574182629551366,-0.0115,0.0305137135310957));
#10956=CARTESIAN_POINT('',(-0.0554182629551366,-0.0115,0.0305137135310957));
#10957=CARTESIAN_POINT('',(-0.0554182629551366,-0.0115,0.0294337640593762));
#10958=CARTESIAN_POINT('',(-0.0554182629551366,1.04083408558608E-17,0.032002));
#10959=CARTESIAN_POINT('',(-0.0554182629551366,9.55671585682581E-18,0.0305137135310957));
#10960=CARTESIAN_POINT('',(-0.0554182629551366,-0.0212981418696837,0.0305137135310957));
#10961=CARTESIAN_POINT('',(-0.0554182629551366,-0.0221265689944299,0.0310388996268595));
#10962=CARTESIAN_POINT('',(-0.0554182629551366,-0.0218431915240963,0.0308752566207415));
#10963=CARTESIAN_POINT('',(-0.0554182629551366,-0.0215652484572284,0.0307022840687575));
#10964=CARTESIAN_POINT('',(-0.0554182629551366,-0.0212981418696837,0.0305137135310957));
#10965=CARTESIAN_POINT('',(-0.0554182629551366,-0.0221265689944299,0.0310388996268595));
#10966=CARTESIAN_POINT('',(-0.0554182629551366,-0.0221265689944299,0.032002));
#10967=CARTESIAN_POINT('',(-0.0554182629551366,1.04083408558608E-17,0.032002));
#10968=CARTESIAN_POINT('',(-0.0554182629551366,0.0162441209713432,0.032002));
#10969=CARTESIAN_POINT('',(-0.0554182629551366,0.0162441209713432,0.0305137135310957));
#10970=CARTESIAN_POINT('',(-0.0554182629551366,9.55671585682581E-18,0.0305137135310957));
#10971=CARTESIAN_POINT('',(-0.0554182629551366,0.0115,0.0305137135310957));
#10972=CARTESIAN_POINT('',(-0.0554182629551366,0.0115,0.0294337640593762));
#10973=CARTESIAN_POINT('',(-0.048,1.7347234759768E-17,0.032));
#10974=CARTESIAN_POINT('',(-0.048,-0.0190538238691624,0.03));
#10975=CARTESIAN_POINT('',(-0.048,-0.0190538238691624,0.0305137135310958));
#10976=CARTESIAN_POINT('',(-0.048,-0.0115,0.0305137135310958));
#10977=CARTESIAN_POINT('',(-0.0495201535508637,1.28613986723077E-17,0.0272360844529751));
#10978=CARTESIAN_POINT('',(-0.0482475681826467,-0.0198822509939085,0.0295498760315514));
#10979=CARTESIAN_POINT('',(-0.0482475681826467,-0.019258916066891,0.0295498760315514));
#10980=CARTESIAN_POINT('',(-0.0645671533894859,-0.0260187095918672,-0.000122097071792585));
#10981=CARTESIAN_POINT('',(-0.0480671533894859,0.0191841858127112,0.0298779029282074));
#10982=CARTESIAN_POINT('',(-0.0482475681826467,0.019258916066891,0.0295498760315514));
#10983=CARTESIAN_POINT('',(-0.0482475681826467,0.0115,0.0295498760315514));
#10984=CARTESIAN_POINT('',(-0.0596021939050154,9.18314628921071E-18,0.00890510199088104));
#10985=CARTESIAN_POINT('',(-0.0355773504259751,0.0193138944586845,0.008313656260253));
#10986=CARTESIAN_POINT('',(-0.0420728534805996,0.025809397513309,0.032));
#10987=CARTESIAN_POINT('',(-0.0420728534805996,0.025809397513309,0.0305137135310958));
#10988=CARTESIAN_POINT('',(-0.0434870670429727,0.0272236110756821,0.0305137135310958));
#10989=CARTESIAN_POINT('',(-0.0422479106213551,0.0259844546540645,0.0295498760315515));
#10990=CARTESIAN_POINT('',(-0.0431477643648602,0.0268843083975695,0.0272360844529751));
#10991=CARTESIAN_POINT('',(-0.0502768434674772,0.0340133875001866,0.00890510199088104));
#10992=CARTESIAN_POINT('',(-0.038814646577451,0.0225511906101604,-1.03948721751467E-5));
#10993=CARTESIAN_POINT('',(-0.0508964216882224,0.0346329657209318,0.0093870207483819));
#10994=CARTESIAN_POINT('',(-0.0515779577201121,0.0353145017528215,0.0076345889310286));
#10995=CARTESIAN_POINT('',(-0.0526854537719328,0.0364219978046422,0.0047868872278295));
#10996=CARTESIAN_POINT('',(-0.0526854537719328,0.0364219978046422,0.0047868872278295));
#10997=CARTESIAN_POINT('',(-0.0535838421776055,0.037320386210315,0.00548566941499911));
#10998=CARTESIAN_POINT('',(-0.0447238737630399,0.0284604177957492,0.028267283040592));
#10999=CARTESIAN_POINT('',(-0.0193138944586845,0.0355773504259751,0.00831365626025299));
#11000=CARTESIAN_POINT('',(-0.0268843083975695,0.0431477643648602,0.0272360844529751));
#11001=CARTESIAN_POINT('',(-0.0340133875001866,0.0502768434674772,0.00890510199088103));
#11002=CARTESIAN_POINT('',(-0.0259844546540645,0.0422479106213551,0.0295498760315514));
#11003=CARTESIAN_POINT('',(-0.0272236110756821,0.0434870670429727,0.0305137135310958));
#11004=CARTESIAN_POINT('',(-0.025809397513309,0.0420728534805996,0.0305137135310958));
#11005=CARTESIAN_POINT('',(-0.025809397513309,0.0420728534805996,0.032));
#11006=CARTESIAN_POINT('',(-0.025809397513309,0.0420728534805996,0.032));
#11007=CARTESIAN_POINT('',(-0.0133772320238473,0.029640687991138,0.032));
#11008=CARTESIAN_POINT('',(-0.0270087315849132,0.0432721875522038,0.032));
#11009=CARTESIAN_POINT('',(-0.0371074062003494,0.05337086216764,0.00603330435792202));
#11010=CARTESIAN_POINT('',(-0.0373203862103149,0.0535838421776055,0.00548566941499911));
#11011=CARTESIAN_POINT('',(-0.0364219978046422,0.0526854537719328,0.0047868872278295));
#11012=CARTESIAN_POINT('',(-0.0364219978046422,0.0526854537719328,0.0047868872278295));
#11013=CARTESIAN_POINT('',(-0.0353145017528215,0.0515779577201121,0.0076345889310286));
#11014=CARTESIAN_POINT('',(-0.0346329657209318,0.0508964216882224,0.00938702074838189));
#11015=CARTESIAN_POINT('',(-0.0225511906101604,0.038814646577451,-1.03948721751606E-5));
#11016=CARTESIAN_POINT('',(6.93889390390723E-18,1.38777878078145E-17,0.032));
#11017=CARTESIAN_POINT('',(1.04083408558608E-17,0.0554182629551366,0.032));
#11018=CARTESIAN_POINT('',(-0.0115,0.0554182629551366,0.032));
#11019=CARTESIAN_POINT('',(-0.0221265689944299,0.0554182629551366,0.032));
#11020=CARTESIAN_POINT('',(-0.0221265689944299,0.0534182629551366,0.032));
#11021=CARTESIAN_POINT('',(-0.023540782556803,0.0548324765175097,0.032));
#11022=CARTESIAN_POINT('',(-0.0391866295371563,0.0391866295371563,0.032));
#11023=CARTESIAN_POINT('',(-0.031054901553511,0.0473183575208016,0.032));
#11024=CARTESIAN_POINT('',(-0.0133772320238473,0.029640687991138,0.032));
#11025=CARTESIAN_POINT('',(-0.0294700834746274,0.045733539441918,0.032));
#11026=CARTESIAN_POINT('',(-0.0290281417363858,0.0461754811801596,0.032));
#11027=CARTESIAN_POINT('',(-0.0285861999981442,0.0466174229184012,0.032));
#11028=CARTESIAN_POINT('',(0.131548129167907,-0.11351690624765,0.032));
#11029=CARTESIAN_POINT('',(-0.02612484810843,0.0441560710286869,0.032));
#11030=CARTESIAN_POINT('',(-0.0265667898466715,0.0437141292904454,0.032));
#11031=CARTESIAN_POINT('',(-0.0339411254969543,0.0339411254969543,0.032));
#11032=CARTESIAN_POINT('',(-0.0204680374315354,0.0474142135623731,0.032));
#11033=CARTESIAN_POINT('',(-0.0190538238691624,0.046,0.032));
#11034=CARTESIAN_POINT('',(-0.0190538238691624,0.048,0.032));
#11035=CARTESIAN_POINT('',(1.38777878078145E-17,0.048,0.032));
#11036=CARTESIAN_POINT('',(-0.0115,0.048,0.032));
#11037=CARTESIAN_POINT('',(-0.0115,0.0304182629551366,0.032));
#11038=CARTESIAN_POINT('',(-0.0115,0.0496961145098787,0.032));
#11039=CARTESIAN_POINT('',(-0.012125,0.0496961145098787,0.032));
#11040=CARTESIAN_POINT('',(-0.01275,0.0496961145098787,0.032));
#11041=CARTESIAN_POINT('',(-0.01275,-0.173141994823199,0.032));
#11042=CARTESIAN_POINT('',(-0.01275,0.0531769917340853,0.032));
#11043=CARTESIAN_POINT('',(-0.012125,0.0531769917340853,0.032));
#11044=CARTESIAN_POINT('',(-0.0115,0.0531769917340853,0.032));
#11045=CARTESIAN_POINT('',(-0.0115,0.0304182629551366,0.032));
#11046=CARTESIAN_POINT('',(-0.0355773504259751,0.0193138944586845,0.008313656260253));
#11047=CARTESIAN_POINT('',(-0.0466135873060066,0.0303501313387161,0.0297371352273971));
#11048=CARTESIAN_POINT('',(-0.0550475957006413,0.0387841397333508,0.00805079148765002));
#11049=CARTESIAN_POINT('',(-0.0550475957006413,0.0387841397333508,0.00805079148765002));
#11050=CARTESIAN_POINT('',(-0.0487325710831747,0.0324691151158841,0.0305137135310958));
#11051=CARTESIAN_POINT('',(-0.0473183575208016,0.031054901553511,0.0305137135310958));
#11052=CARTESIAN_POINT('',(-0.0473183575208016,0.031054901553511,0.0294337640593762));
#11053=CARTESIAN_POINT('',(-0.0391866295371563,0.0391866295371563,0.032002));
#11054=CARTESIAN_POINT('',(-0.0391866295371563,0.0391866295371563,0.0305137135310958));
#11055=CARTESIAN_POINT('',(-0.0506729576304077,0.027700301443905,0.0305137135310958));
#11056=CARTESIAN_POINT('',(-0.0506729576304077,0.027700301443905,0.032002));
#11057=CARTESIAN_POINT('',(-0.0391866295371563,0.0391866295371563,0.032002));
#11058=CARTESIAN_POINT('',(-0.023540782556803,0.0548324765175097,0.032002));
#11059=CARTESIAN_POINT('',(-0.023540782556803,0.0548324765175097,0.0310388996268596));
#11060=CARTESIAN_POINT('',(-0.023540782556803,0.0548324765175097,0.0310388996268596));
#11061=CARTESIAN_POINT('',(-0.0237411606877113,0.0546320983866013,0.0308752566207415));
#11062=CARTESIAN_POINT('',(-0.0239376961150644,0.0544355629592483,0.0307022840687314));
#11063=CARTESIAN_POINT('',(-0.0241265689944298,0.0542466900798828,0.0305137135310953));
#11064=CARTESIAN_POINT('',(-0.0241265689944298,0.0542466900798828,0.0305137135310958));
#11065=CARTESIAN_POINT('',(-0.0391866295371563,0.0391866295371563,0.0305137135310958));
#11066=CARTESIAN_POINT('',(-0.031054901553511,0.0473183575208016,0.0305137135310958));
#11067=CARTESIAN_POINT('',(-0.031054901553511,0.0473183575208016,0.0294337640593762));
#11068=CARTESIAN_POINT('',(-0.0339411254969543,0.0339411254969543,0.032));
#11069=CARTESIAN_POINT('',(-0.0474142135623731,0.0204680374315355,0.03));
#11070=CARTESIAN_POINT('',(-0.0474142135623731,0.0204680374315355,0.0305137135310958));
#11071=CARTESIAN_POINT('',(-0.0420728534805996,0.025809397513309,0.0305137135310958));
#11072=CARTESIAN_POINT('',(-0.0350160363812148,0.0350160363812148,0.0272360844529751));
#11073=CARTESIAN_POINT('',(-0.0481750571407555,0.0200573081346641,0.0295498760315515));
#11074=CARTESIAN_POINT('',(-0.047734292786911,0.0204980724885086,0.0295498760315515));
#11075=CARTESIAN_POINT('',(-0.0640538779937502,0.0272578660134848,-0.000122097071792572));
#11076=CARTESIAN_POINT('',(-0.0204233422343287,0.0475538779937502,0.0298779029282074));
#11077=CARTESIAN_POINT('',(-0.0204980724885086,0.047734292786911,0.0295498760315514));
#11078=CARTESIAN_POINT('',(-0.0259844546540645,0.0422479106213551,0.0295498760315514));
#11079=CARTESIAN_POINT('',(-0.042145115483832,0.042145115483832,0.00890510199088104));
#11080=CARTESIAN_POINT('',(-0.0115,0.0388139714857142,0.008313656260253));
#11081=CARTESIAN_POINT('',(-0.0115,0.048,0.032));
#11082=CARTESIAN_POINT('',(-0.0115,0.048,0.0305137135310958));
#11083=CARTESIAN_POINT('',(-0.0115,0.05,0.0305137135310958));
#11084=CARTESIAN_POINT('',(-0.0115,0.0482475681826467,0.0295498760315514));
#11085=CARTESIAN_POINT('',(-0.0115,0.0495201535508637,0.0272360844529751));
#11086=CARTESIAN_POINT('',(-0.0115,0.0596021939050154,0.00890510199088104));
#11087=CARTESIAN_POINT('',(-0.0115,0.0433921996085496,-1.03948721751432E-5));
#11088=CARTESIAN_POINT('',(-0.0115,0.0604784098277443,0.0093870207483819));
#11089=CARTESIAN_POINT('',(-0.0115,0.0614422473272886,0.0076345889310286));
#11090=CARTESIAN_POINT('',(-0.0115,0.0630084832640481,0.0047868872278295));
#11091=CARTESIAN_POINT('',(-0.0115,0.0630084832640481,0.0047868872278295));
#11092=CARTESIAN_POINT('',(-0.0115,0.0642789963316292,0.00548566941499914));
#11093=CARTESIAN_POINT('',(-0.0115,0.0517491088375532,0.028267283040592));
#11094=CARTESIAN_POINT('',(0.0115,0.0388139714857142,0.00831365626025299));
#11095=CARTESIAN_POINT('',(0.0115,0.0495201535508637,0.0272360844529751));
#11096=CARTESIAN_POINT('',(0.0115,0.0596021939050154,0.00890510199088103));
#11097=CARTESIAN_POINT('',(0.0115,0.0482475681826467,0.0295498760315514));
#11098=CARTESIAN_POINT('',(0.0115,0.05,0.0305137135310958));
#11099=CARTESIAN_POINT('',(0.0115,0.048,0.0305137135310958));
#11100=CARTESIAN_POINT('',(0.0115,0.048,0.032));
#11101=CARTESIAN_POINT('',(0.0115,0.048,0.032));
#11102=CARTESIAN_POINT('',(0.0115,0.0304182629551366,0.032));
#11103=CARTESIAN_POINT('',(0.0115,0.0496961145098787,0.032));
#11104=CARTESIAN_POINT('',(0.0115,0.0639777971130216,0.00603330435792205));
#11105=CARTESIAN_POINT('',(0.0115,0.0642789963316292,0.00548566941499913));
#11106=CARTESIAN_POINT('',(0.0115,0.0630084832640481,0.0047868872278295));
#11107=CARTESIAN_POINT('',(0.0115,0.0630084832640481,0.0047868872278295));
#11108=CARTESIAN_POINT('',(0.0115,0.0614422473272886,0.0076345889310286));
#11109=CARTESIAN_POINT('',(0.0115,0.0604784098277443,0.00938702074838189));
#11110=CARTESIAN_POINT('',(0.0115,0.0433921996085496,-1.03948721751571E-5));
#11111=CARTESIAN_POINT('',(6.93889390390723E-18,1.38777878078145E-17,0.032));
#11112=CARTESIAN_POINT('',(0.0222740224461903,0.0537742470781956,0.032));
#11113=CARTESIAN_POINT('',(0.0265240224461903,0.0537742470781956,0.032));
#11114=CARTESIAN_POINT('',(0.01275,-0.173141994823199,0.032));
#11115=CARTESIAN_POINT('',(0.01275,0.0496961145098787,0.032));
#11116=CARTESIAN_POINT('',(0.01275,0.0531769917340853,0.032));
#11117=CARTESIAN_POINT('',(0.012125,0.0496961145098787,0.032));
#11118=CARTESIAN_POINT('',(1.38777878078145E-17,0.048,0.032));
#11119=CARTESIAN_POINT('',(0.0190538238691624,0.048,0.032));
#11120=CARTESIAN_POINT('',(0.0190538238691624,0.046,0.032));
#11121=CARTESIAN_POINT('',(0.0204680374315354,0.0474142135623731,0.032));
#11122=CARTESIAN_POINT('',(0.0339411254969543,0.0339411254969543,0.032));
#11123=CARTESIAN_POINT('',(0.025809397513309,0.0420728534805995,0.032));
#11124=CARTESIAN_POINT('',(0.0133772320238474,0.029640687991138,0.032));
#11125=CARTESIAN_POINT('',(0.0270087315849132,0.0432721875522037,0.032));
#11126=CARTESIAN_POINT('',(0.0265667898466715,0.0437141292904454,0.032));
#11127=CARTESIAN_POINT('',(0.02612484810843,0.0441560710286869,0.032));
#11128=CARTESIAN_POINT('',(-0.131548129167907,-0.11351690624765,0.032));
#11129=CARTESIAN_POINT('',(0.0285861999981443,0.0466174229184012,0.032));
#11130=CARTESIAN_POINT('',(0.0290281417363858,0.0461754811801596,0.032));
#11131=CARTESIAN_POINT('',(0.0294700834746274,0.045733539441918,0.032));
#11132=CARTESIAN_POINT('',(0.0133772320238474,0.029640687991138,0.032));
#11133=CARTESIAN_POINT('',(0.031054901553511,0.0473183575208016,0.032));
#11134=CARTESIAN_POINT('',(0.0391866295371563,0.0391866295371563,0.032));
#11135=CARTESIAN_POINT('',(0.027700301443905,0.0506729576304077,0.032));
#11136=CARTESIAN_POINT('',(0.0222740224461904,0.0537742470781956,0.032));
#11137=CARTESIAN_POINT('',(0.0162441209713432,0.0554182629551366,0.032));
#11138=CARTESIAN_POINT('',(1.04083408558608E-17,0.0554182629551366,0.032));
#11139=CARTESIAN_POINT('',(0.0115,0.0554182629551366,0.032));
#11140=CARTESIAN_POINT('',(0.0115,0.0304182629551366,0.032));
#11141=CARTESIAN_POINT('',(0.0115,0.0531769917340853,0.032));
#11142=CARTESIAN_POINT('',(0.012125,0.0531769917340853,0.032));
#11143=CARTESIAN_POINT('',(-0.0115,0.0388139714857142,0.008313656260253));
#11144=CARTESIAN_POINT('',(-0.0115,0.054421567359017,0.0297371352273971));
#11145=CARTESIAN_POINT('',(-0.0115,0.0663490564158778,0.00805079148765002));
#11146=CARTESIAN_POINT('',(-0.0115,0.0663490564158778,0.00805079148765002));
#11147=CARTESIAN_POINT('',(-0.0115,0.0574182629551366,0.0305137135310958));
#11148=CARTESIAN_POINT('',(-0.0115,0.0554182629551366,0.0305137135310958));
#11149=CARTESIAN_POINT('',(-0.0115,0.0554182629551366,0.0294337640593762));
#11150=CARTESIAN_POINT('',(1.04083408558608E-17,0.0554182629551366,0.032002));
#11151=CARTESIAN_POINT('',(1.01870206169375E-17,0.0554182629551366,0.0305137135310958));
#11152=CARTESIAN_POINT('',(-0.0212981418696837,0.0554182629551366,0.0305137135310958));
#11153=CARTESIAN_POINT('',(-0.0221265689944299,0.0554182629551366,0.0310388996268596));
#11154=CARTESIAN_POINT('',(-0.0218431915240963,0.0554182629551366,0.0308752566207416));
#11155=CARTESIAN_POINT('',(-0.0215652484572423,0.0554182629551366,0.030702284068738));
#11156=CARTESIAN_POINT('',(-0.0212981418696837,0.0554182629551366,0.0305137135310958));
#11157=CARTESIAN_POINT('',(-0.0221265689944299,0.0554182629551366,0.0310388996268596));
#11158=CARTESIAN_POINT('',(-0.0221265689944299,0.0554182629551366,0.032002));
#11159=CARTESIAN_POINT('',(1.04083408558608E-17,0.0554182629551366,0.032002));
#11160=CARTESIAN_POINT('',(0.0162441209713432,0.0554182629551366,0.032002));
#11161=CARTESIAN_POINT('',(0.0162441209713432,0.0554182629551366,0.0305137135310958));
#11162=CARTESIAN_POINT('',(1.01870206169375E-17,0.0554182629551366,0.0305137135310958));
#11163=CARTESIAN_POINT('',(0.0115,0.0554182629551366,0.0305137135310958));
#11164=CARTESIAN_POINT('',(0.0115,0.0554182629551366,0.0294337640593762));
#11165=CARTESIAN_POINT('',(1.38777878078145E-17,0.048,0.032));
#11166=CARTESIAN_POINT('',(-0.0190538238691624,0.048,0.03));
#11167=CARTESIAN_POINT('',(-0.0190538238691624,0.048,0.0305137135310958));
#11168=CARTESIAN_POINT('',(-0.0115,0.048,0.0305137135310958));
#11169=CARTESIAN_POINT('',(1.28613986723077E-17,0.0495201535508637,0.0272360844529751));
#11170=CARTESIAN_POINT('',(-0.0198822509939085,0.0482475681826467,0.0295498760315514));
#11171=CARTESIAN_POINT('',(-0.019258916066891,0.0482475681826467,0.0295498760315514));
#11172=CARTESIAN_POINT('',(-0.0260187095918672,0.0645671533894859,-0.000122097071792583));
#11173=CARTESIAN_POINT('',(0.0191841858127111,0.0480671533894859,0.0298779029282074));
#11174=CARTESIAN_POINT('',(0.019258916066891,0.0482475681826467,0.0295498760315514));
#11175=CARTESIAN_POINT('',(0.0115,0.0482475681826467,0.0295498760315514));
#11176=CARTESIAN_POINT('',(8.5657993667814E-18,0.0596021939050154,0.00890510199088104));
#11177=CARTESIAN_POINT('',(0.0193138944586845,0.0355773504259751,0.008313656260253));
#11178=CARTESIAN_POINT('',(0.025809397513309,0.0420728534805995,0.032));
#11179=CARTESIAN_POINT('',(0.025809397513309,0.0420728534805995,0.0305137135310958));
#11180=CARTESIAN_POINT('',(0.0272236110756821,0.0434870670429727,0.0305137135310958));
#11181=CARTESIAN_POINT('',(0.0259844546540645,0.0422479106213551,0.0295498760315515));
#11182=CARTESIAN_POINT('',(0.0268843083975695,0.0431477643648602,0.0272360844529751));
#11183=CARTESIAN_POINT('',(0.0340133875001866,0.0502768434674772,0.00890510199088104));
#11184=CARTESIAN_POINT('',(0.0225511906101604,0.038814646577451,-1.03948721751467E-5));
#11185=CARTESIAN_POINT('',(0.0346329657209318,0.0508964216882224,0.0093870207483819));
#11186=CARTESIAN_POINT('',(0.0353145017528215,0.0515779577201121,0.0076345889310286));
#11187=CARTESIAN_POINT('',(0.0364219978046422,0.0526854537719328,0.0047868872278295));
#11188=CARTESIAN_POINT('',(0.0364219978046422,0.0526854537719328,0.0047868872278295));
#11189=CARTESIAN_POINT('',(0.037320386210315,0.0535838421776056,0.00548566941499914));
#11190=CARTESIAN_POINT('',(0.0284604177957492,0.0447238737630399,0.0282672830405919));
#11191=CARTESIAN_POINT('',(0.0355773504259751,0.0193138944586845,0.00831365626025299));
#11192=CARTESIAN_POINT('',(0.0431477643648602,0.0268843083975695,0.0272360844529751));
#11193=CARTESIAN_POINT('',(0.0502768434674772,0.0340133875001866,0.00890510199088102));
#11194=CARTESIAN_POINT('',(0.0422479106213551,0.0259844546540645,0.0295498760315515));
#11195=CARTESIAN_POINT('',(0.0434870670429727,0.0272236110756821,0.0305137135310958));
#11196=CARTESIAN_POINT('',(0.0420728534805995,0.025809397513309,0.0305137135310958));
#11197=CARTESIAN_POINT('',(0.0420728534805995,0.025809397513309,0.032));
#11198=CARTESIAN_POINT('',(0.0420728534805995,0.025809397513309,0.032));
#11199=CARTESIAN_POINT('',(0.029640687991138,0.0133772320238473,0.032));
#11200=CARTESIAN_POINT('',(0.0432721875522037,0.0270087315849131,0.032));
#11201=CARTESIAN_POINT('',(0.0533708621676401,0.0371074062003494,0.00603330435792203));
#11202=CARTESIAN_POINT('',(0.0535838421776055,0.037320386210315,0.00548566941499912));
#11203=CARTESIAN_POINT('',(0.0526854537719328,0.0364219978046422,0.0047868872278295));
#11204=CARTESIAN_POINT('',(0.0526854537719328,0.0364219978046422,0.0047868872278295));
#11205=CARTESIAN_POINT('',(0.0515779577201121,0.0353145017528215,0.0076345889310286));
#11206=CARTESIAN_POINT('',(0.0508964216882224,0.0346329657209318,0.00938702074838189));
#11207=CARTESIAN_POINT('',(0.038814646577451,0.0225511906101604,-1.03948721751606E-5));
#11208=CARTESIAN_POINT('',(6.93889390390723E-18,1.38777878078145E-17,0.032));
#11209=CARTESIAN_POINT('',(0.0554182629551366,-6.93889390390723E-18,0.032));
#11210=CARTESIAN_POINT('',(0.0554182629551366,0.0115,0.032));
#11211=CARTESIAN_POINT('',(0.0554182629551366,0.0221265689944299,0.032));
#11212=CARTESIAN_POINT('',(0.0534182629551366,0.0221265689944299,0.032));
#11213=CARTESIAN_POINT('',(0.0548324765175097,0.023540782556803,0.032));
#11214=CARTESIAN_POINT('',(0.0391866295371563,0.0391866295371563,0.032));
#11215=CARTESIAN_POINT('',(0.0473183575208016,0.031054901553511,0.032));
#11216=CARTESIAN_POINT('',(0.029640687991138,0.0133772320238473,0.032));
#11217=CARTESIAN_POINT('',(0.045733539441918,0.0294700834746274,0.032));
#11218=CARTESIAN_POINT('',(0.0461754811801596,0.0290281417363858,0.032));
#11219=CARTESIAN_POINT('',(0.0466174229184012,0.0285861999981442,0.032));
#11220=CARTESIAN_POINT('',(-0.11351690624765,-0.131548129167907,0.032));
#11221=CARTESIAN_POINT('',(0.044156071028687,0.02612484810843,0.032));
#11222=CARTESIAN_POINT('',(0.0437141292904453,0.0265667898466715,0.032));
#11223=CARTESIAN_POINT('',(0.0339411254969543,0.0339411254969543,0.032));
#11224=CARTESIAN_POINT('',(0.0474142135623731,0.0204680374315354,0.032));
#11225=CARTESIAN_POINT('',(0.046,0.0190538238691624,0.032));
#11226=CARTESIAN_POINT('',(0.048,0.0190538238691624,0.032));
#11227=CARTESIAN_POINT('',(0.048,-1.38777878078145E-17,0.032));
#11228=CARTESIAN_POINT('',(0.048,0.0115,0.032));
#11229=CARTESIAN_POINT('',(0.0304182629551366,0.0115,0.032));
#11230=CARTESIAN_POINT('',(0.0496961145098787,0.0115,0.032));
#11231=CARTESIAN_POINT('',(0.0496961145098787,0.012125,0.032));
#11232=CARTESIAN_POINT('',(0.0496961145098787,0.01275,0.032));
#11233=CARTESIAN_POINT('',(-0.173141994823199,0.01275,0.032));
#11234=CARTESIAN_POINT('',(0.0531769917340853,0.01275,0.032));
#11235=CARTESIAN_POINT('',(0.0531769917340853,0.012125,0.032));
#11236=CARTESIAN_POINT('',(0.0531769917340853,0.0115,0.032));
#11237=CARTESIAN_POINT('',(0.0304182629551366,0.0115,0.032));
#11238=CARTESIAN_POINT('',(0.0193138944586845,0.0355773504259751,0.008313656260253));
#11239=CARTESIAN_POINT('',(0.0303501313387161,0.0466135873060066,0.0297371352273971));
#11240=CARTESIAN_POINT('',(0.0387841397333507,0.0550475957006413,0.00805079148765002));
#11241=CARTESIAN_POINT('',(0.0387841397333507,0.0550475957006413,0.00805079148765002));
#11242=CARTESIAN_POINT('',(0.0324691151158841,0.0487325710831747,0.0305137135310958));
#11243=CARTESIAN_POINT('',(0.031054901553511,0.0473183575208016,0.0305137135310958));
#11244=CARTESIAN_POINT('',(0.031054901553511,0.0473183575208016,0.0294337640593762));
#11245=CARTESIAN_POINT('',(0.0391866295371563,0.0391866295371563,0.032002));
#11246=CARTESIAN_POINT('',(0.0391866295371563,0.0391866295371563,0.0305137135310958));
#11247=CARTESIAN_POINT('',(0.027700301443905,0.0506729576304077,0.0305137135310958));
#11248=CARTESIAN_POINT('',(0.027700301443905,0.0506729576304077,0.032002));
#11249=CARTESIAN_POINT('',(0.0391866295371563,0.0391866295371563,0.032002));
#11250=CARTESIAN_POINT('',(0.0548324765175097,0.023540782556803,0.032002));
#11251=CARTESIAN_POINT('',(0.0548324765175097,0.023540782556803,0.0310388996268596));
#11252=CARTESIAN_POINT('',(0.0548324765175097,0.023540782556803,0.0310388996268596));
#11253=CARTESIAN_POINT('',(0.0546320983866013,0.0237411606877114,0.0308752566207416));
#11254=CARTESIAN_POINT('',(0.0544355629592547,0.023937696115058,0.0307022840687184));
#11255=CARTESIAN_POINT('',(0.0542466900798828,0.0241265689944299,0.0305137135310953));
#11256=CARTESIAN_POINT('',(0.0542466900798828,0.0241265689944299,0.0305137135310958));
#11257=CARTESIAN_POINT('',(0.0391866295371563,0.0391866295371563,0.0305137135310958));
#11258=CARTESIAN_POINT('',(0.0473183575208016,0.031054901553511,0.0305137135310958));
#11259=CARTESIAN_POINT('',(0.0473183575208016,0.031054901553511,0.0294337640593762));
#11260=CARTESIAN_POINT('',(0.0339411254969543,0.0339411254969543,0.032));
#11261=CARTESIAN_POINT('',(0.0204680374315354,0.0474142135623731,0.03));
#11262=CARTESIAN_POINT('',(0.0204680374315354,0.0474142135623731,0.0305137135310958));
#11263=CARTESIAN_POINT('',(0.025809397513309,0.0420728534805995,0.0305137135310958));
#11264=CARTESIAN_POINT('',(0.0350160363812148,0.0350160363812148,0.0272360844529751));
#11265=CARTESIAN_POINT('',(0.0475538779937502,0.0204233422343286,0.0298779029282074));
#11266=CARTESIAN_POINT('',(0.047734292786911,0.0204980724885086,0.0295498760315514));
#11267=CARTESIAN_POINT('',(0.0422479106213551,0.0259844546540645,0.0295498760315515));
#11268=CARTESIAN_POINT('',(0.042145115483832,0.0421451154838319,0.00890510199088104));
#11269=CARTESIAN_POINT('',(0.0200573081346641,0.0481750571407555,0.0295498760315515));
#11270=CARTESIAN_POINT('',(0.0204980724885086,0.047734292786911,0.0295498760315515));
#11271=CARTESIAN_POINT('',(0.0272578660134848,0.0640538779937502,-0.000122097071792572));
#11272=CARTESIAN_POINT('',(0.0388139714857142,0.0115,0.008313656260253));
#11273=CARTESIAN_POINT('',(0.048,0.0115,0.032));
#11274=CARTESIAN_POINT('',(0.048,0.0115,0.0305137135310958));
#11275=CARTESIAN_POINT('',(0.05,0.0115,0.0305137135310958));
#11276=CARTESIAN_POINT('',(0.0482475681826467,0.0115,0.0295498760315514));
#11277=CARTESIAN_POINT('',(0.0495201535508637,0.0115,0.0272360844529751));
#11278=CARTESIAN_POINT('',(0.0596021939050154,0.0115,0.00890510199088104));
#11279=CARTESIAN_POINT('',(0.0433921996085496,0.0115,-1.03948721751432E-5));
#11280=CARTESIAN_POINT('',(0.0604784098277443,0.0115,0.0093870207483819));
#11281=CARTESIAN_POINT('',(0.0614422473272886,0.0115,0.0076345889310286));
#11282=CARTESIAN_POINT('',(0.0630084832640481,0.0115,0.0047868872278295));
#11283=CARTESIAN_POINT('',(0.0630084832640481,0.0115,0.0047868872278295));
#11284=CARTESIAN_POINT('',(0.0642789963316292,0.0115,0.00548566941499914));
#11285=CARTESIAN_POINT('',(0.0517491088375532,0.0115,0.028267283040592));
#11286=CARTESIAN_POINT('',(0.0388139714857142,-0.0115,0.00831365626025299));
#11287=CARTESIAN_POINT('',(0.0495201535508637,-0.0115,0.0272360844529751));
#11288=CARTESIAN_POINT('',(0.0596021939050154,-0.0115,0.00890510199088102));
#11289=CARTESIAN_POINT('',(0.0482475681826467,-0.0115,0.0295498760315514));
#11290=CARTESIAN_POINT('',(0.05,-0.0115,0.0305137135310958));
#11291=CARTESIAN_POINT('',(0.048,-0.0115,0.0305137135310958));
#11292=CARTESIAN_POINT('',(0.048,-0.0115,0.032));
#11293=CARTESIAN_POINT('',(0.048,-0.0115,0.032));
#11294=CARTESIAN_POINT('',(0.0304182629551366,-0.0115,0.032));
#11295=CARTESIAN_POINT('',(0.0496961145098787,-0.0115,0.032));
#11296=CARTESIAN_POINT('',(0.0639777971130216,-0.0115,0.00603330435792205));
#11297=CARTESIAN_POINT('',(0.0642789963316292,-0.0115,0.00548566941499913));
#11298=CARTESIAN_POINT('',(0.0630084832640481,-0.0115,0.0047868872278295));
#11299=CARTESIAN_POINT('',(0.0630084832640481,-0.0115,0.0047868872278295));
#11300=CARTESIAN_POINT('',(0.0614422473272886,-0.0115,0.0076345889310286));
#11301=CARTESIAN_POINT('',(0.0604784098277443,-0.0115,0.00938702074838189));
#11302=CARTESIAN_POINT('',(0.0433921996085496,-0.0115,-1.03948721751571E-5));
#11303=CARTESIAN_POINT('',(6.93889390390723E-18,1.38777878078145E-17,0.032));
#11304=CARTESIAN_POINT('',(0.0537742470781956,-0.0222740224461904,0.032));
#11305=CARTESIAN_POINT('',(0.0580242470781956,-0.0222740224461904,0.032));
#11306=CARTESIAN_POINT('',(-0.173141994823199,-0.01275,0.032));
#11307=CARTESIAN_POINT('',(0.0496961145098787,-0.01275,0.032));
#11308=CARTESIAN_POINT('',(0.0531769917340853,-0.01275,0.032));
#11309=CARTESIAN_POINT('',(0.0496961145098787,-0.012125,0.032));
#11310=CARTESIAN_POINT('',(0.048,-1.38777878078145E-17,0.032));
#11311=CARTESIAN_POINT('',(0.048,-0.0190538238691624,0.032));
#11312=CARTESIAN_POINT('',(0.046,-0.0190538238691624,0.032));
#11313=CARTESIAN_POINT('',(0.0474142135623731,-0.0204680374315354,0.032));
#11314=CARTESIAN_POINT('',(0.0339411254969543,-0.0339411254969543,0.032));
#11315=CARTESIAN_POINT('',(0.0420728534805995,-0.025809397513309,0.032));
#11316=CARTESIAN_POINT('',(0.029640687991138,-0.0133772320238474,0.032));
#11317=CARTESIAN_POINT('',(0.0432721875522037,-0.0270087315849132,0.032));
#11318=CARTESIAN_POINT('',(0.0437141292904454,-0.0265667898466715,0.032));
#11319=CARTESIAN_POINT('',(0.0441560710286869,-0.02612484810843,0.032));
#11320=CARTESIAN_POINT('',(-0.11351690624765,0.131548129167907,0.032));
#11321=CARTESIAN_POINT('',(0.0466174229184012,-0.0285861999981443,0.032));
#11322=CARTESIAN_POINT('',(0.0461754811801596,-0.0290281417363858,0.032));
#11323=CARTESIAN_POINT('',(0.045733539441918,-0.0294700834746274,0.032));
#11324=CARTESIAN_POINT('',(0.029640687991138,-0.0133772320238474,0.032));
#11325=CARTESIAN_POINT('',(0.0473183575208016,-0.031054901553511,0.032));
#11326=CARTESIAN_POINT('',(0.0391866295371563,-0.0391866295371563,0.032));
#11327=CARTESIAN_POINT('',(0.0506729576304078,-0.0277003014439049,0.032));
#11328=CARTESIAN_POINT('',(0.0537742470781957,-0.0222740224461905,0.032));
#11329=CARTESIAN_POINT('',(0.0554182629551366,-0.0162441209713432,0.032));
#11330=CARTESIAN_POINT('',(0.0554182629551366,-6.93889390390723E-18,0.032));
#11331=CARTESIAN_POINT('',(0.0554182629551366,-0.0115,0.032));
#11332=CARTESIAN_POINT('',(0.0304182629551366,-0.0115,0.032));
#11333=CARTESIAN_POINT('',(0.0531769917340853,-0.0115,0.032));
#11334=CARTESIAN_POINT('',(0.0531769917340853,-0.012125,0.032));
#11335=CARTESIAN_POINT('',(0.0388139714857142,0.0115,0.008313656260253));
#11336=CARTESIAN_POINT('',(0.054421567359017,0.0115,0.0297371352273971));
#11337=CARTESIAN_POINT('',(0.0663490564158778,0.0115,0.00805079148765002));
#11338=CARTESIAN_POINT('',(0.0663490564158778,0.0115,0.00805079148765002));
#11339=CARTESIAN_POINT('',(0.0574182629551366,0.0115,0.0305137135310958));
#11340=CARTESIAN_POINT('',(0.0554182629551366,0.0115,0.0305137135310958));
#11341=CARTESIAN_POINT('',(0.0554182629551366,0.0115,0.0294337640593762));
#11342=CARTESIAN_POINT('',(0.0554182629551366,-6.93889390390723E-18,0.032002));
#11343=CARTESIAN_POINT('',(0.0554182629551366,-6.93889390390723E-18,0.0305137135310958));
#11344=CARTESIAN_POINT('',(0.0554182629551366,0.0212981418696837,0.0305137135310958));
#11345=CARTESIAN_POINT('',(0.0554182629551366,0.0221265689944299,0.0310388996268596));
#11346=CARTESIAN_POINT('',(0.0554182629551366,0.0218431915240963,0.0308752566207416));
#11347=CARTESIAN_POINT('',(0.0554182629551366,0.0215652484572205,0.0307022840687689));
#11348=CARTESIAN_POINT('',(0.0554182629551366,0.0212981418696837,0.0305137135310958));
#11349=CARTESIAN_POINT('',(0.0554182629551366,0.0221265689944299,0.0310388996268596));
#11350=CARTESIAN_POINT('',(0.0554182629551366,0.0221265689944299,0.032002));
#11351=CARTESIAN_POINT('',(0.0554182629551366,-6.93889390390723E-18,0.032002));
#11352=CARTESIAN_POINT('',(0.0554182629551366,-0.0162441209713432,0.032002));
#11353=CARTESIAN_POINT('',(0.0554182629551366,-0.0162441209713432,0.0305137135310958));
#11354=CARTESIAN_POINT('',(0.0554182629551366,-6.93889390390723E-18,0.0305137135310958));
#11355=CARTESIAN_POINT('',(0.0554182629551366,-0.0115,0.0305137135310958));
#11356=CARTESIAN_POINT('',(0.0554182629551366,-0.0115,0.0294337640593762));
#11357=CARTESIAN_POINT('',(0.048,-1.38777878078145E-17,0.032));
#11358=CARTESIAN_POINT('',(0.048,0.0190538238691624,0.03));
#11359=CARTESIAN_POINT('',(0.048,0.0190538238691624,0.0305137135310958));
#11360=CARTESIAN_POINT('',(0.048,0.0115,0.0305137135310958));
#11361=CARTESIAN_POINT('',(0.0495201535508637,-2.57227973446155E-17,0.0272360844529751));
#11362=CARTESIAN_POINT('',(0.0482475681826467,0.0198822509939085,0.0295498760315514));
#11363=CARTESIAN_POINT('',(0.0482475681826467,0.019258916066891,0.0295498760315514));
#11364=CARTESIAN_POINT('',(0.0645671533894859,0.0260187095918672,-0.000122097071792581));
#11365=CARTESIAN_POINT('',(0.0480671533894859,-0.0191841858127111,0.0298779029282074));
#11366=CARTESIAN_POINT('',(0.0482475681826467,-0.019258916066891,0.0295498760315514));
#11367=CARTESIAN_POINT('',(0.0482475681826467,-0.0115,0.0295498760315514));
#11368=CARTESIAN_POINT('',(0.0596021939050154,-2.08098511166598E-17,0.00890510199088103));
#11369=CARTESIAN_POINT('',(0.0355773504259751,-0.0193138944586845,0.008313656260253));
#11370=CARTESIAN_POINT('',(0.0420728534805995,-0.025809397513309,0.032));
#11371=CARTESIAN_POINT('',(0.0420728534805995,-0.025809397513309,0.0305137135310958));
#11372=CARTESIAN_POINT('',(0.0434870670429727,-0.0272236110756821,0.0305137135310958));
#11373=CARTESIAN_POINT('',(0.0422479106213551,-0.0259844546540645,0.0295498760315514));
#11374=CARTESIAN_POINT('',(0.0431477643648601,-0.0268843083975695,0.0272360844529751));
#11375=CARTESIAN_POINT('',(0.0502768434674772,-0.0340133875001866,0.00890510199088103));
#11376=CARTESIAN_POINT('',(0.038814646577451,-0.0225511906101604,-1.03948721751467E-5));
#11377=CARTESIAN_POINT('',(0.0508964216882224,-0.0346329657209318,0.0093870207483819));
#11378=CARTESIAN_POINT('',(0.0515779577201121,-0.0353145017528215,0.0076345889310286));
#11379=CARTESIAN_POINT('',(0.0526854537719328,-0.0364219978046422,0.0047868872278295));
#11380=CARTESIAN_POINT('',(0.0526854537719328,-0.0364219978046422,0.0047868872278295));
#11381=CARTESIAN_POINT('',(0.0535838421776056,-0.037320386210315,0.00548566941499914));
#11382=CARTESIAN_POINT('',(0.0447238737630399,-0.0284604177957492,0.0282672830405919));
#11383=CARTESIAN_POINT('',(0.0193138944586845,-0.0355773504259751,0.00831365626025299));
#11384=CARTESIAN_POINT('',(0.0268843083975695,-0.0431477643648601,0.0272360844529751));
#11385=CARTESIAN_POINT('',(0.0340133875001866,-0.0502768434674772,0.00890510199088102));
#11386=CARTESIAN_POINT('',(0.0259844546540645,-0.0422479106213551,0.0295498760315514));
#11387=CARTESIAN_POINT('',(0.0272236110756821,-0.0434870670429727,0.0305137135310958));
#11388=CARTESIAN_POINT('',(0.025809397513309,-0.0420728534805996,0.0305137135310958));
#11389=CARTESIAN_POINT('',(0.025809397513309,-0.0420728534805996,0.032));
#11390=CARTESIAN_POINT('',(0.025809397513309,-0.0420728534805996,0.032));
#11391=CARTESIAN_POINT('',(0.0133772320238473,-0.029640687991138,0.032));
#11392=CARTESIAN_POINT('',(0.0270087315849131,-0.0432721875522037,0.032));
#11393=CARTESIAN_POINT('',(0.0371074062003494,-0.0533708621676401,0.00603330435792203));
#11394=CARTESIAN_POINT('',(0.037320386210315,-0.0535838421776055,0.00548566941499912));
#11395=CARTESIAN_POINT('',(0.0364219978046422,-0.0526854537719328,0.0047868872278295));
#11396=CARTESIAN_POINT('',(0.0364219978046422,-0.0526854537719328,0.0047868872278295));
#11397=CARTESIAN_POINT('',(0.0353145017528215,-0.0515779577201121,0.0076345889310286));
#11398=CARTESIAN_POINT('',(0.0346329657209318,-0.0508964216882224,0.00938702074838189));
#11399=CARTESIAN_POINT('',(0.0225511906101604,-0.038814646577451,-1.03948721751606E-5));
#11400=CARTESIAN_POINT('',(6.93889390390723E-18,1.38777878078145E-17,0.032));
#11401=CARTESIAN_POINT('',(0.,-0.0554182629551366,0.032));
#11402=CARTESIAN_POINT('',(0.0115,-0.0554182629551366,0.032));
#11403=CARTESIAN_POINT('',(0.0221265689944299,-0.0554182629551366,0.032));
#11404=CARTESIAN_POINT('',(0.0221265689944299,-0.0534182629551366,0.032));
#11405=CARTESIAN_POINT('',(0.023540782556803,-0.0548324765175097,0.032));
#11406=CARTESIAN_POINT('',(0.0391866295371563,-0.0391866295371563,0.032));
#11407=CARTESIAN_POINT('',(0.031054901553511,-0.0473183575208016,0.032));
#11408=CARTESIAN_POINT('',(0.0133772320238473,-0.029640687991138,0.032));
#11409=CARTESIAN_POINT('',(0.0294700834746274,-0.045733539441918,0.032));
#11410=CARTESIAN_POINT('',(0.0290281417363858,-0.0461754811801596,0.032));
#11411=CARTESIAN_POINT('',(0.0285861999981442,-0.0466174229184012,0.032));
#11412=CARTESIAN_POINT('',(-0.131548129167907,0.11351690624765,0.032));
#11413=CARTESIAN_POINT('',(0.02612484810843,-0.0441560710286869,0.032));
#11414=CARTESIAN_POINT('',(0.0265667898466715,-0.0437141292904453,0.032));
#11415=CARTESIAN_POINT('',(0.0339411254969543,-0.0339411254969543,0.032));
#11416=CARTESIAN_POINT('',(0.0204680374315354,-0.0474142135623731,0.032));
#11417=CARTESIAN_POINT('',(0.0190538238691624,-0.046,0.032));
#11418=CARTESIAN_POINT('',(0.0190538238691624,-0.048,0.032));
#11419=CARTESIAN_POINT('',(-1.04083408558608E-17,-0.048,0.032));
#11420=CARTESIAN_POINT('',(0.0115,-0.048,0.032));
#11421=CARTESIAN_POINT('',(0.0115,-0.0304182629551366,0.032));
#11422=CARTESIAN_POINT('',(0.0115,-0.0496961145098787,0.032));
#11423=CARTESIAN_POINT('',(0.012125,-0.0496961145098787,0.032));
#11424=CARTESIAN_POINT('',(0.01275,-0.0496961145098787,0.032));
#11425=CARTESIAN_POINT('',(0.01275,0.173141994823199,0.032));
#11426=CARTESIAN_POINT('',(0.01275,-0.0531769917340853,0.032));
#11427=CARTESIAN_POINT('',(0.012125,-0.0531769917340853,0.032));
#11428=CARTESIAN_POINT('',(0.0115,-0.0531769917340853,0.032));
#11429=CARTESIAN_POINT('',(0.0115,-0.0304182629551366,0.032));
#11430=CARTESIAN_POINT('',(0.0355773504259751,-0.0193138944586845,0.008313656260253));
#11431=CARTESIAN_POINT('',(0.0466135873060066,-0.0303501313387161,0.0297371352273971));
#11432=CARTESIAN_POINT('',(0.0550475957006413,-0.0387841397333507,0.00805079148765002));
#11433=CARTESIAN_POINT('',(0.0550475957006413,-0.0387841397333507,0.00805079148765002));
#11434=CARTESIAN_POINT('',(0.0487325710831747,-0.0324691151158841,0.0305137135310958));
#11435=CARTESIAN_POINT('',(0.0473183575208016,-0.031054901553511,0.0305137135310958));
#11436=CARTESIAN_POINT('',(0.0473183575208016,-0.031054901553511,0.0294337640593762));
#11437=CARTESIAN_POINT('',(0.0391866295371563,-0.0391866295371563,0.032002));
#11438=CARTESIAN_POINT('',(0.0391866295371563,-0.0391866295371563,0.0305137135310958));
#11439=CARTESIAN_POINT('',(0.0506729576304078,-0.0277003014439049,0.0305137135310958));
#11440=CARTESIAN_POINT('',(0.0506729576304078,-0.0277003014439049,0.032002));
#11441=CARTESIAN_POINT('',(0.0391866295371563,-0.0391866295371563,0.032002));
#11442=CARTESIAN_POINT('',(0.023540782556803,-0.0548324765175097,0.032002));
#11443=CARTESIAN_POINT('',(0.023540782556803,-0.0548324765175097,0.0310388996268596));
#11444=CARTESIAN_POINT('',(0.023540782556803,-0.0548324765175097,0.0310388996268596));
#11445=CARTESIAN_POINT('',(0.0237411606877114,-0.0546320983866013,0.0308752566207415));
#11446=CARTESIAN_POINT('',(0.0239376961150741,-0.0544355629592386,0.0307022840687507));
#11447=CARTESIAN_POINT('',(0.0241265689944299,-0.0542466900798828,0.0305137135310953));
#11448=CARTESIAN_POINT('',(0.0241265689944299,-0.0542466900798828,0.0305137135310958));
#11449=CARTESIAN_POINT('',(0.0391866295371563,-0.0391866295371563,0.0305137135310958));
#11450=CARTESIAN_POINT('',(0.031054901553511,-0.0473183575208016,0.0305137135310958));
#11451=CARTESIAN_POINT('',(0.031054901553511,-0.0473183575208016,0.0294337640593762));
#11452=CARTESIAN_POINT('',(0.0339411254969543,-0.0339411254969543,0.032));
#11453=CARTESIAN_POINT('',(0.0474142135623731,-0.0204680374315354,0.03));
#11454=CARTESIAN_POINT('',(0.0474142135623731,-0.0204680374315354,0.0305137135310958));
#11455=CARTESIAN_POINT('',(0.0420728534805996,-0.025809397513309,0.0305137135310958));
#11456=CARTESIAN_POINT('',(0.0350160363812148,-0.0350160363812148,0.0272360844529751));
#11457=CARTESIAN_POINT('',(0.0481750571407555,-0.0200573081346641,0.0295498760315514));
#11458=CARTESIAN_POINT('',(0.047734292786911,-0.0204980724885086,0.0295498760315514));
#11459=CARTESIAN_POINT('',(0.0640538779937502,-0.0272578660134848,-0.000122097071792582));
#11460=CARTESIAN_POINT('',(0.0204233422343286,-0.0475538779937502,0.0298779029282074));
#11461=CARTESIAN_POINT('',(0.0204980724885086,-0.047734292786911,0.0295498760315514));
#11462=CARTESIAN_POINT('',(0.0259844546540645,-0.0422479106213551,0.0295498760315514));
#11463=CARTESIAN_POINT('',(0.0421451154838319,-0.042145115483832,0.00890510199088103));
#11464=CARTESIAN_POINT('',(0.0115,-0.0388139714857142,0.008313656260253));
#11465=CARTESIAN_POINT('',(0.0115,-0.048,0.032));
#11466=CARTESIAN_POINT('',(0.0115,-0.048,0.0305137135310958));
#11467=CARTESIAN_POINT('',(0.0115,-0.05,0.0305137135310958));
#11468=CARTESIAN_POINT('',(0.0115,-0.0482475681826467,0.0295498760315515));
#11469=CARTESIAN_POINT('',(0.0115,-0.0495201535508638,0.0272360844529751));
#11470=CARTESIAN_POINT('',(0.0115,-0.0596021939050155,0.00890510199088105));
#11471=CARTESIAN_POINT('',(0.0115,-0.0433921996085496,-1.03948721751432E-5));
#11472=CARTESIAN_POINT('',(0.0115,-0.0604784098277443,0.0093870207483819));
#11473=CARTESIAN_POINT('',(0.0115,-0.0614422473272886,0.0076345889310286));
#11474=CARTESIAN_POINT('',(0.0115,-0.0630084832640481,0.0047868872278295));
#11475=CARTESIAN_POINT('',(0.0115,-0.0630084832640481,0.0047868872278295));
#11476=CARTESIAN_POINT('',(0.0115,-0.0642789963316292,0.00548566941499914));
#11477=CARTESIAN_POINT('',(0.0115,-0.0517491088375532,0.028267283040592));
#11478=CARTESIAN_POINT('',(-0.0115,-0.0388139714857142,0.00831365626025299));
#11479=CARTESIAN_POINT('',(-0.0115,-0.0495201535508637,0.0272360844529751));
#11480=CARTESIAN_POINT('',(-0.0115,-0.0596021939050155,0.00890510199088103));
#11481=CARTESIAN_POINT('',(-0.0115,-0.0482475681826467,0.0295498760315515));
#11482=CARTESIAN_POINT('',(-0.0115,-0.05,0.0305137135310958));
#11483=CARTESIAN_POINT('',(-0.0115,-0.048,0.0305137135310958));
#11484=CARTESIAN_POINT('',(-0.0115,-0.048,0.032));
#11485=CARTESIAN_POINT('',(-0.0115,-0.0639777971130216,0.00603330435792205));
#11486=CARTESIAN_POINT('',(-0.0115,-0.0642789963316292,0.00548566941499913));
#11487=CARTESIAN_POINT('',(-0.0115,-0.0630084832640481,0.0047868872278295));
#11488=CARTESIAN_POINT('',(-0.0115,-0.0630084832640481,0.0047868872278295));
#11489=CARTESIAN_POINT('',(-0.0115,-0.0614422473272886,0.0076345889310286));
#11490=CARTESIAN_POINT('',(-0.0115,-0.0604784098277443,0.00938702074838189));
#11491=CARTESIAN_POINT('',(-0.0115,-0.0433921996085496,-1.03948721751571E-5));
#11492=CARTESIAN_POINT('',(0.0115,-0.0388139714857142,0.008313656260253));
#11493=CARTESIAN_POINT('',(0.0115,-0.054421567359017,0.0297371352273971));
#11494=CARTESIAN_POINT('',(0.0115,-0.0663490564158778,0.00805079148765002));
#11495=CARTESIAN_POINT('',(0.0115,-0.0663490564158778,0.00805079148765002));
#11496=CARTESIAN_POINT('',(0.0115,-0.0574182629551366,0.0305137135310958));
#11497=CARTESIAN_POINT('',(0.0115,-0.0554182629551366,0.0305137135310958));
#11498=CARTESIAN_POINT('',(0.0115,-0.0554182629551366,0.0294337640593762));
#11499=CARTESIAN_POINT('',(0.,-0.0554182629551366,0.032002));
#11500=CARTESIAN_POINT('',(0.,-0.0554182629551366,0.0305137135310958));
#11501=CARTESIAN_POINT('',(0.0212981418696837,-0.0554182629551366,0.0305137135310958));
#11502=CARTESIAN_POINT('',(0.0221265689944299,-0.0554182629551366,0.0310388996268596));
#11503=CARTESIAN_POINT('',(0.0218431915240964,-0.0554182629551366,0.0308752566207416));
#11504=CARTESIAN_POINT('',(0.0215652484572514,-0.0554182629551366,0.0307022840687251));
#11505=CARTESIAN_POINT('',(0.0212981418696837,-0.0554182629551366,0.0305137135310958));
#11506=CARTESIAN_POINT('',(0.0221265689944299,-0.0554182629551366,0.0310388996268596));
#11507=CARTESIAN_POINT('',(0.0221265689944299,-0.0554182629551366,0.032002));
#11508=CARTESIAN_POINT('',(0.,-0.0554182629551366,0.032002));
#11509=CARTESIAN_POINT('',(-0.0162441209713431,-0.0554182629551366,0.032002));
#11510=CARTESIAN_POINT('',(-0.0162441209713431,-0.0554182629551366,0.0305137135310958));
#11511=CARTESIAN_POINT('',(0.,-0.0554182629551366,0.0305137135310958));
#11512=CARTESIAN_POINT('',(-0.0115,-0.0554182629551366,0.0305137135310958));
#11513=CARTESIAN_POINT('',(-0.0115,-0.0554182629551366,0.0294337640593762));
#11514=CARTESIAN_POINT('',(-1.04083408558608E-17,-0.048,0.032));
#11515=CARTESIAN_POINT('',(0.0190538238691624,-0.048,0.03));
#11516=CARTESIAN_POINT('',(0.0190538238691624,-0.048,0.0305137135310958));
#11517=CARTESIAN_POINT('',(0.0115,-0.048,0.0305137135310958));
#11518=CARTESIAN_POINT('',(-0.0537742470781957,0.0222740224461905,0.03));
#11519=CARTESIAN_POINT('',(-0.0506729576304077,0.0277003014439049,0.0305137135310958));
#11520=CARTESIAN_POINT('',(-0.0506729576304077,0.0277003014439049,0.0301748608378549));
#11521=CARTESIAN_POINT('',(-0.0507492600822693,0.0277458264117202,0.0298433727371129));
#11522=CARTESIAN_POINT('',(-0.0508996493203207,0.027823724035503,0.0295498760315515));
#11523=CARTESIAN_POINT('',(-0.0540401430660427,0.0285183638304876,0.0246192416072068));
#11524=CARTESIAN_POINT('',(-0.0538108547211501,0.0285281273663379,0.0249014733910477));
#11525=CARTESIAN_POINT('',(-0.0535426235315695,0.0285185968966965,0.0256208398711158));
#11526=CARTESIAN_POINT('',(-0.0538456070955557,0.0285282440280493,0.0263279893289524));
#11527=CARTESIAN_POINT('',(-0.0540858901368881,0.0285162478990215,0.0266009997816845));
#11528=CARTESIAN_POINT('',(-0.0540858901368888,0.0285162478990211,0.026600999781684));
#11529=CARTESIAN_POINT('',(-0.0537742470781957,0.0222740224461905,0.0187631671551216));
#11530=CARTESIAN_POINT('',(-0.0587140856701044,0.0261029249894642,0.0292497866596734));
#11531=CARTESIAN_POINT('',(-0.0587140856701044,0.0261029249894642,0.0292497866596734));
#11532=CARTESIAN_POINT('',(-0.0593911751694774,0.0252293815128734,0.0290148455116249));
#11533=CARTESIAN_POINT('',(-0.0598357694605219,0.024156035931155,0.0290148455161087));
#11534=CARTESIAN_POINT('',(-0.0599746833973526,0.0230595728596449,0.0292497866596734));
#11535=CARTESIAN_POINT('',(-0.0599746833973526,0.0230595728596449,0.0292497866596734));
#11536=CARTESIAN_POINT('',(-0.0537742470781957,0.0222740224461905,0.0187631671551218));
#11537=CARTESIAN_POINT('',(-0.0584085319456991,0.0180804674189101,0.026600999781684));
#11538=CARTESIAN_POINT('',(-0.0584085319456991,0.0180804674189101,0.026600999781684));
#11539=CARTESIAN_POINT('',(-0.0582471738381405,0.0179021510664971,0.0263280994580868));
#11540=CARTESIAN_POINT('',(-0.0580261195194859,0.0176947327480229,0.0256237374714873));
#11541=CARTESIAN_POINT('',(-0.0582223474436224,0.0178774734601017,0.0249016645663889));
#11542=CARTESIAN_POINT('',(-0.0583776800711727,0.0180466231654067,0.0246192416072066));
#11543=CARTESIAN_POINT('',(-0.0556658311377833,0.0163171432510486,0.0295498760315514));
#11544=CARTESIAN_POINT('',(-0.0555044065745925,0.0162658835023523,0.0298433752373529));
#11545=CARTESIAN_POINT('',(-0.0554182629551366,0.0162441209713432,0.0301748567338503));
#11546=CARTESIAN_POINT('',(-0.0554182629551366,0.0162441209713432,0.0305137135310957));
#11547=CARTESIAN_POINT('',(0.0222740224461904,0.0537742470781956,0.03));
#11548=CARTESIAN_POINT('',(0.027700301443905,0.0506729576304077,0.0305137135310958));
#11549=CARTESIAN_POINT('',(0.027700301443905,0.0506729576304077,0.0301748608378549));
#11550=CARTESIAN_POINT('',(0.0277458264117203,0.0507492600822691,0.0298433727371129));
#11551=CARTESIAN_POINT('',(0.0278237240355031,0.0508996493203206,0.0295498760315514));
#11552=CARTESIAN_POINT('',(0.0285183638304876,0.0540401430660427,0.0246192416072068));
#11553=CARTESIAN_POINT('',(0.0285281273663378,0.0538108547211501,0.0249014733910477));
#11554=CARTESIAN_POINT('',(0.0285185968966966,0.0535426235315694,0.0256208398711159));
#11555=CARTESIAN_POINT('',(0.0285282440280493,0.0538456070955557,0.0263279893289523));
#11556=CARTESIAN_POINT('',(0.0285162478990215,0.0540858901368881,0.0266009997816844));
#11557=CARTESIAN_POINT('',(0.0285162478990211,0.0540858901368888,0.026600999781684));
#11558=CARTESIAN_POINT('',(0.0222740224461904,0.0537742470781956,0.0187631671551215));
#11559=CARTESIAN_POINT('',(0.0261029249894642,0.0587140856701043,0.0292497866596731));
#11560=CARTESIAN_POINT('',(0.0261029249894642,0.0587140856701043,0.0292497866596731));
#11561=CARTESIAN_POINT('',(0.0252293815128732,0.0593911751694773,0.0290148455116247));
#11562=CARTESIAN_POINT('',(0.0241560359311549,0.0598357694605219,0.0290148455161084));
#11563=CARTESIAN_POINT('',(0.0230595728596448,0.0599746833973526,0.0292497866596731));
#11564=CARTESIAN_POINT('',(0.0230595728596448,0.0599746833973526,0.0292497866596731));
#11565=CARTESIAN_POINT('',(0.0222740224461904,0.0537742470781956,0.0187631671551214));
#11566=CARTESIAN_POINT('',(0.0180804674189102,0.0584085319456991,0.026600999781684));
#11567=CARTESIAN_POINT('',(0.0180804674189102,0.0584085319456991,0.026600999781684));
#11568=CARTESIAN_POINT('',(0.0179021510664972,0.0582471738381405,0.0263280994580868));
#11569=CARTESIAN_POINT('',(0.0176947327480229,0.058026119519486,0.0256237374714873));
#11570=CARTESIAN_POINT('',(0.0178774734601018,0.0582223474436225,0.0249016645663889));
#11571=CARTESIAN_POINT('',(0.0180466231654068,0.0583776800711728,0.0246192416072066));
#11572=CARTESIAN_POINT('',(0.0163171432510486,0.0556658311377833,0.0295498760315514));
#11573=CARTESIAN_POINT('',(0.0162658835023522,0.0555044065745924,0.029843375237353));
#11574=CARTESIAN_POINT('',(0.0162441209713432,0.0554182629551366,0.0301748567338504));
#11575=CARTESIAN_POINT('',(0.0162441209713432,0.0554182629551366,0.0305137135310958));
#11576=CARTESIAN_POINT('',(0.0537742470781957,-0.0222740224461905,0.03));
#11577=CARTESIAN_POINT('',(0.0556658311377833,-0.0163171432510487,0.0295498760315514));
#11578=CARTESIAN_POINT('',(0.0555044065745924,-0.0162658835023523,0.029843375237353));
#11579=CARTESIAN_POINT('',(0.0554182629551366,-0.0162441209713432,0.0301748567338504));
#11580=CARTESIAN_POINT('',(0.0554182629551366,-0.0162441209713432,0.0305137135310958));
#11581=CARTESIAN_POINT('',(0.0506729576304077,-0.0277003014439049,0.0305137135310958));
#11582=CARTESIAN_POINT('',(0.0506729576304077,-0.0277003014439049,0.0301748608378549));
#11583=CARTESIAN_POINT('',(0.0507492600822693,-0.0277458264117202,0.0298433727371129));
#11584=CARTESIAN_POINT('',(0.0508996493203207,-0.027823724035503,0.0295498760315515));
#11585=CARTESIAN_POINT('',(0.0540401430660427,-0.0285183638304876,0.0246192416072068));
#11586=CARTESIAN_POINT('',(0.0538108547211501,-0.0285281273663378,0.0249014733910477));
#11587=CARTESIAN_POINT('',(0.0535426235315695,-0.0285185968966965,0.0256208398711158));
#11588=CARTESIAN_POINT('',(0.0538456070955557,-0.0285282440280493,0.0263279893289524));
#11589=CARTESIAN_POINT('',(0.0540858901368881,-0.0285162478990215,0.0266009997816845));
#11590=CARTESIAN_POINT('',(0.0540858901368888,-0.0285162478990211,0.026600999781684));
#11591=CARTESIAN_POINT('',(0.0537742470781957,-0.0222740224461905,0.0187631671551217));
#11592=CARTESIAN_POINT('',(0.0587140856701044,-0.0261029249894642,0.0292497866596732));
#11593=CARTESIAN_POINT('',(0.0587140856701044,-0.0261029249894642,0.0292497866596732));
#11594=CARTESIAN_POINT('',(0.0593911751694775,-0.0252293815128733,0.0290148455116248));
#11595=CARTESIAN_POINT('',(0.0598357694605219,-0.024156035931155,0.0290148455161086));
#11596=CARTESIAN_POINT('',(0.0599746833973526,-0.0230595728596449,0.0292497866596733));
#11597=CARTESIAN_POINT('',(0.0599746833973526,-0.0230595728596449,0.0292497866596733));
#11598=CARTESIAN_POINT('',(0.0537742470781957,-0.0222740224461905,0.0187631671551217));
#11599=CARTESIAN_POINT('',(0.0584085319456991,-0.0180804674189102,0.026600999781684));
#11600=CARTESIAN_POINT('',(0.0584085319456991,-0.0180804674189102,0.026600999781684));
#11601=CARTESIAN_POINT('',(0.0582471738381405,-0.0179021510664972,0.0263280994580868));
#11602=CARTESIAN_POINT('',(0.058026119519486,-0.0176947327480231,0.0256237374714873));
#11603=CARTESIAN_POINT('',(0.0582223474436225,-0.0178774734601018,0.0249016645663889));
#11604=CARTESIAN_POINT('',(0.0583776800711728,-0.0180466231654067,0.0246192416072066));
#11605=CARTESIAN_POINT('',(-0.0222740224461904,-0.0537742470781956,0.03));
#11606=CARTESIAN_POINT('',(-0.027700301443905,-0.0506729576304077,0.0305137135310959));
#11607=CARTESIAN_POINT('',(-0.027700301443905,-0.0506729576304077,0.030174860837855));
#11608=CARTESIAN_POINT('',(-0.0277458264117202,-0.0507492600822692,0.029843372737113));
#11609=CARTESIAN_POINT('',(-0.027823724035503,-0.0508996493203206,0.0295498760315515));
#11610=CARTESIAN_POINT('',(-0.0285183638304876,-0.0540401430660427,0.0246192416072069));
#11611=CARTESIAN_POINT('',(-0.0285281273663379,-0.0538108547211501,0.0249014733910477));
#11612=CARTESIAN_POINT('',(-0.0285185968966966,-0.0535426235315694,0.0256208398711158));
#11613=CARTESIAN_POINT('',(-0.0285282440280493,-0.0538456070955557,0.0263279893289524));
#11614=CARTESIAN_POINT('',(-0.0285162478990215,-0.0540858901368881,0.0266009997816845));
#11615=CARTESIAN_POINT('',(-0.0285162478990211,-0.0540858901368888,0.026600999781684));
#11616=CARTESIAN_POINT('',(-0.0222740224461904,-0.0537742470781956,0.0187631671551215));
#11617=CARTESIAN_POINT('',(-0.0261029249894642,-0.0587140856701044,0.0292497866596732));
#11618=CARTESIAN_POINT('',(-0.0261029249894642,-0.0587140856701044,0.0292497866596733));
#11619=CARTESIAN_POINT('',(-0.0252293815128733,-0.0593911751694775,0.0290148455116248));
#11620=CARTESIAN_POINT('',(-0.0241560359311549,-0.0598357694605219,0.0290148455161085));
#11621=CARTESIAN_POINT('',(-0.0230595728596448,-0.0599746833973526,0.0292497866596733));
#11622=CARTESIAN_POINT('',(-0.0230595728596448,-0.0599746833973526,0.0292497866596732));
#11623=CARTESIAN_POINT('',(-0.0222740224461904,-0.0537742470781956,0.0187631671551215));
#11624=CARTESIAN_POINT('',(-0.0180804674189101,-0.0584085319456991,0.026600999781684));
#11625=CARTESIAN_POINT('',(-0.0180804674189102,-0.0584085319456991,0.026600999781684));
#11626=CARTESIAN_POINT('',(-0.0179021510664971,-0.0582471738381405,0.0263280994580868));
#11627=CARTESIAN_POINT('',(-0.0176947327480229,-0.058026119519486,0.0256237374714873));
#11628=CARTESIAN_POINT('',(-0.0178774734601018,-0.0582223474436225,0.0249016645663889));
#11629=CARTESIAN_POINT('',(-0.0180466231654067,-0.0583776800711728,0.0246192416072066));
#11630=CARTESIAN_POINT('',(-0.0163171432510486,-0.0556658311377833,0.0295498760315515));
#11631=CARTESIAN_POINT('',(-0.0162658835023522,-0.0555044065745924,0.0298433752373531));
#11632=CARTESIAN_POINT('',(-0.0162441209713431,-0.0554182629551366,0.0301748567338504));
#11633=CARTESIAN_POINT('',(-0.0162441209713431,-0.0554182629551366,0.0305137135310958));
#11634=CARTESIAN_POINT('',(-2.57227973446155E-17,-0.0495201535508638,0.0272360844529751));
#11635=CARTESIAN_POINT('',(0.0198822509939085,-0.0482475681826467,0.0295498760315515));
#11636=CARTESIAN_POINT('',(0.0192589160668909,-0.0482475681826467,0.0295498760315515));
#11637=CARTESIAN_POINT('',(0.0260187095918671,-0.064567153389486,-0.000122097071792567));
#11638=CARTESIAN_POINT('',(-0.0191841858127111,-0.0480671533894859,0.0298779029282074));
#11639=CARTESIAN_POINT('',(-0.019258916066891,-0.0482475681826467,0.0295498760315514));
#11640=CARTESIAN_POINT('',(-0.0115,-0.0482475681826467,0.0295498760315515));
#11641=CARTESIAN_POINT('',(-2.01925041942305E-17,-0.0596021939050155,0.00890510199088105));
#11642=CARTESIAN_POINT('',(-1.04083408558608E-17,-0.048,0.032));
#11643=CARTESIAN_POINT('',(-0.0198822509939085,-0.048,0.0305137135310958));
#11644=CARTESIAN_POINT('',(-0.0190538238691624,-0.048,0.0305137135310958));
#11645=CARTESIAN_POINT('',(-0.0190538238691624,-0.048,0.032));
#11646=CARTESIAN_POINT('',(-0.0339411254969543,-0.0339411254969543,0.032));
#11647=CARTESIAN_POINT('',(-0.048,-0.0198822509939085,0.0305137135310958));
#11648=CARTESIAN_POINT('',(-0.0474142135623731,-0.0204680374315354,0.0305137135310958));
#11649=CARTESIAN_POINT('',(-0.0474142135623731,-0.0204680374315354,0.032));
#11650=CARTESIAN_POINT('',(-0.048,1.7347234759768E-17,0.032));
#11651=CARTESIAN_POINT('',(-0.048,0.0198822509939085,0.0305137135310958));
#11652=CARTESIAN_POINT('',(-0.048,0.0190538238691624,0.0305137135310958));
#11653=CARTESIAN_POINT('',(-0.048,0.0190538238691624,0.032));
#11654=CARTESIAN_POINT('',(-0.0339411254969543,0.0339411254969543,0.032));
#11655=CARTESIAN_POINT('',(-0.0198822509939085,0.048,0.0305137135310958));
#11656=CARTESIAN_POINT('',(-0.0204680374315354,0.0474142135623731,0.0305137135310958));
#11657=CARTESIAN_POINT('',(-0.0204680374315354,0.0474142135623731,0.032));
#11658=CARTESIAN_POINT('',(1.38777878078145E-17,0.048,0.032));
#11659=CARTESIAN_POINT('',(0.0198822509939085,0.048,0.0305137135310958));
#11660=CARTESIAN_POINT('',(0.0190538238691624,0.048,0.0305137135310958));
#11661=CARTESIAN_POINT('',(0.0190538238691624,0.048,0.032));
#11662=CARTESIAN_POINT('',(0.0339411254969543,0.0339411254969543,0.032));
#11663=CARTESIAN_POINT('',(0.048,0.0198822509939085,0.0305137135310958));
#11664=CARTESIAN_POINT('',(0.0474142135623731,0.0204680374315354,0.0305137135310958));
#11665=CARTESIAN_POINT('',(0.0474142135623731,0.0204680374315354,0.032));
#11666=CARTESIAN_POINT('',(0.048,-1.38777878078145E-17,0.032));
#11667=CARTESIAN_POINT('',(0.048,-0.0198822509939085,0.0305137135310958));
#11668=CARTESIAN_POINT('',(0.048,-0.0190538238691624,0.0305137135310958));
#11669=CARTESIAN_POINT('',(0.048,-0.0190538238691624,0.032));
#11670=CARTESIAN_POINT('',(0.0339411254969543,-0.0339411254969543,0.032));
#11671=CARTESIAN_POINT('',(0.0198822509939085,-0.048,0.0305137135310958));
#11672=CARTESIAN_POINT('',(0.0204680374315354,-0.0474142135623731,0.0305137135310958));
#11673=CARTESIAN_POINT('',(0.0204680374315354,-0.0474142135623731,0.032));
#11674=CARTESIAN_POINT('',(-0.0427221634430891,0.0427221634430891,0.03));
#11675=CARTESIAN_POINT('',(-0.041301069017955,0.041301069017955,0.026600999781684));
#11676=CARTESIAN_POINT('',(-0.0571479342184509,0.0254542038174591,0.026600999781684));
#11677=CARTESIAN_POINT('',(-0.0567698272400655,0.025297586778984,0.0259615183306621));
#11678=CARTESIAN_POINT('',(-0.0604182629551366,3.90961685734813E-19,0.03));
#11679=CARTESIAN_POINT('',(-0.0580304249673138,0.0222542346491647,0.0259615183306623));
#11680=CARTESIAN_POINT('',(-0.0584085319456991,0.0224108516876397,0.026600999781684));
#11681=CARTESIAN_POINT('',(-0.0584085319456991,-5.45294440411067E-19,0.026600999781684));
#11682=CARTESIAN_POINT('',(0.0427221634430891,0.0427221634430891,0.03));
#11683=CARTESIAN_POINT('',(0.041301069017955,0.041301069017955,0.026600999781684));
#11684=CARTESIAN_POINT('',(0.025454203817459,0.0571479342184509,0.026600999781684));
#11685=CARTESIAN_POINT('',(0.0252975867789839,0.0567698272400656,0.0259615183306623));
#11686=CARTESIAN_POINT('',(1.95480842867425E-19,0.0604182629551366,0.03));
#11687=CARTESIAN_POINT('',(0.0222542346491645,0.0580304249673138,0.0259615183306621));
#11688=CARTESIAN_POINT('',(0.0224108516876396,0.0584085319456991,0.026600999781684));
#11689=CARTESIAN_POINT('',(-2.72647220205514E-19,0.0584085319456991,0.026600999781684));
#11690=CARTESIAN_POINT('',(0.0427221634430891,-0.0427221634430891,0.03));
#11691=CARTESIAN_POINT('',(0.041301069017955,-0.041301069017955,0.026600999781684));
#11692=CARTESIAN_POINT('',(0.0571479342184509,-0.025454203817459,0.026600999781684));
#11693=CARTESIAN_POINT('',(0.0567698272400656,-0.0252975867789839,0.0259615183306622));
#11694=CARTESIAN_POINT('',(0.0604182629551366,-2.77555756156289E-17,0.03));
#11695=CARTESIAN_POINT('',(0.0580304249673138,-0.0222542346491645,0.0259615183306621));
#11696=CARTESIAN_POINT('',(0.0584085319456991,-0.0224108516876396,0.026600999781684));
#11697=CARTESIAN_POINT('',(0.0584085319456991,-2.77555756156289E-17,0.026600999781684));
#11698=CARTESIAN_POINT('',(-0.0427221634430891,-0.0427221634430891,0.03));
#11699=CARTESIAN_POINT('',(-0.041301069017955,-0.041301069017955,0.026600999781684));
#11700=CARTESIAN_POINT('',(-0.025454203817459,-0.0571479342184509,0.026600999781684));
#11701=CARTESIAN_POINT('',(-0.0252975867789839,-0.0567698272400656,0.0259615183306622));
#11702=CARTESIAN_POINT('',(-1.38777878078145E-17,-0.0604182629551366,0.03));
#11703=CARTESIAN_POINT('',(-0.0222542346491645,-0.0580304249673138,0.0259615183306622));
#11704=CARTESIAN_POINT('',(-0.0224108516876396,-0.0584085319456991,0.026600999781684));
#11705=CARTESIAN_POINT('',(-1.38777878078145E-17,-0.0584085319456991,0.026600999781684));
#11706=CARTESIAN_POINT('',(-0.0537742470781957,0.0222740224461904,0.03));
#11707=CARTESIAN_POINT('',(-0.0537742470781957,0.0222740224461904,0.03));
#11708=CARTESIAN_POINT('',(-0.0495242470781957,0.0222740224461904,0.03));
#11709=CARTESIAN_POINT('',(-1.38777878078145E-17,-2.77555756156289E-17,
0.03));
#11710=CARTESIAN_POINT('',(-0.0222740224461904,-0.0537742470781956,0.03));
#11711=CARTESIAN_POINT('',(-0.0222740224461904,-0.0537742470781956,0.03));
#11712=CARTESIAN_POINT('',(-0.0180240224461904,-0.0537742470781956,0.03));
#11713=CARTESIAN_POINT('',(-1.38777878078145E-17,-2.77555756156289E-17,
0.03));
#11714=CARTESIAN_POINT('',(0.0222740224461903,0.0537742470781956,0.03));
#11715=CARTESIAN_POINT('',(0.0222740224461903,0.0537742470781956,0.03));
#11716=CARTESIAN_POINT('',(0.0265240224461903,0.0537742470781956,0.03));
#11717=CARTESIAN_POINT('',(-1.38777878078145E-17,-2.77555756156289E-17,
0.03));
#11718=CARTESIAN_POINT('',(0.0537742470781956,-0.0222740224461904,0.03));
#11719=CARTESIAN_POINT('',(0.0537742470781956,-0.0222740224461904,0.03));
#11720=CARTESIAN_POINT('',(0.0580242470781956,-0.0222740224461904,0.03));
#11721=CARTESIAN_POINT('',(-1.38777878078145E-17,-2.77555756156289E-17,
0.03));
#11722=CARTESIAN_POINT('',(1.7347234759768E-18,-0.0433921996085496,-1.0394872175145E-5));
#11723=CARTESIAN_POINT('',(1.7347234759768E-18,-0.0604784098277443,0.0093870207483819));
#11724=CARTESIAN_POINT('',(-0.0115,-0.0388139714857142,0.00831365626025299));
#11725=CARTESIAN_POINT('',(-0.0115,-0.0653852189163335,0.0098032233050033));
#11726=CARTESIAN_POINT('',(-0.0115,-0.0663490564158778,0.00805079148765002));
#11727=CARTESIAN_POINT('',(-0.0115,-0.0574182629551366,0.0305137135310958));
#11728=CARTESIAN_POINT('',(-0.0115,-0.0663490564158778,0.00805079148765002));
#11729=CARTESIAN_POINT('',(-0.0092125,-0.0630084832640481,0.0047868872278295));
#11730=CARTESIAN_POINT('',(-0.0092125,-0.066951454853093,0.00695552160180421));
#11731=CARTESIAN_POINT('',(-0.006925,-0.066951454853093,0.00695552160180421));
#11732=CARTESIAN_POINT('',(-0.01275,-0.066951454853093,0.0069555216018042));
#11733=CARTESIAN_POINT('',(-0.006925,-0.0630084832640481,0.0047868872278295));
#11734=CARTESIAN_POINT('',(-0.006925,-0.0630084832640481,0.0047868872278295));
#11735=CARTESIAN_POINT('',(-0.0092125,-0.0630084832640481,0.0047868872278295));
#11736=CARTESIAN_POINT('',(-0.012125,-0.0642789963316292,0.00548566941499912));
#11737=CARTESIAN_POINT('',(-0.01275,-0.0642789963316292,0.00548566941499912));
#11738=CARTESIAN_POINT('',(-0.01275,0.158558149163949,-0.117074760607569));
#11739=CARTESIAN_POINT('',(-0.006925,-0.0633699223263772,0.00412972529632201));
#11740=CARTESIAN_POINT('',(-0.006925,-0.0637313613887063,0.00347256336481453));
#11741=CARTESIAN_POINT('',(-0.006925,-0.0637313613887063,0.00347256336481453));
#11742=CARTESIAN_POINT('',(-0.006925,-0.0633699223263772,0.00412972529632201));
#11743=CARTESIAN_POINT('',(-0.006925,-0.0666502556344854,0.00750315654472711));
#11744=CARTESIAN_POINT('',(-0.006925,-0.0663490564158778,0.00805079148765001));
#11745=CARTESIAN_POINT('',(-0.006925,-0.0663490564158778,0.00805079148765001));
#11746=CARTESIAN_POINT('',(-0.004425,-0.0637313613887063,0.00347256336481452));
#11747=CARTESIAN_POINT('',(-0.001925,-0.0637313613887063,0.00347256336481453));
#11748=CARTESIAN_POINT('',(-0.001925,-0.0637313613887063,0.00347256336481453));
#11749=CARTESIAN_POINT('',(-0.004425,-0.0637313613887063,0.00347256336481452));
#11750=CARTESIAN_POINT('',(-0.001925,-0.0633699223263772,0.00412972529632201));
#11751=CARTESIAN_POINT('',(-0.001925,-0.0663490564158778,0.00805079148765001));
#11752=CARTESIAN_POINT('',(-0.001925,-0.0663490564158778,0.00805079148765001));
#11753=CARTESIAN_POINT('',(-0.001925,-0.0666502556344854,0.00750315654472711));
#11754=CARTESIAN_POINT('',(-0.001925,-0.066951454853093,0.0069555216018042));
#11755=CARTESIAN_POINT('',(-0.001925,-0.0630084832640481,0.0047868872278295));
#11756=CARTESIAN_POINT('',(-0.001925,-0.0630084832640481,0.0047868872278295));
#11757=CARTESIAN_POINT('',(-0.001925,-0.0633699223263772,0.00412972529632201));
#11758=CARTESIAN_POINT('',(-1.51788304147971E-18,-0.0630084832640481,0.0047868872278295));
#11759=CARTESIAN_POINT('',(-1.51788304147971E-18,-0.066951454853093,0.00695552160180421));
#11760=CARTESIAN_POINT('',(0.001925,-0.066951454853093,0.00695552160180421));
#11761=CARTESIAN_POINT('',(0.001925,-0.0630084832640481,0.0047868872278295));
#11762=CARTESIAN_POINT('',(0.001925,-0.0630084832640481,0.0047868872278295));
#11763=CARTESIAN_POINT('',(-1.51788304147971E-18,-0.0630084832640481,0.0047868872278295));
#11764=CARTESIAN_POINT('',(0.001925,-0.0633699223263772,0.00412972529632201));
#11765=CARTESIAN_POINT('',(0.001925,-0.0637313613887063,0.00347256336481453));
#11766=CARTESIAN_POINT('',(0.001925,-0.0637313613887063,0.00347256336481453));
#11767=CARTESIAN_POINT('',(0.001925,-0.0633699223263772,0.00412972529632201));
#11768=CARTESIAN_POINT('',(0.001925,-0.0666502556344854,0.00750315654472711));
#11769=CARTESIAN_POINT('',(0.001925,-0.0663490564158778,0.00805079148765001));
#11770=CARTESIAN_POINT('',(0.001925,-0.0663490564158778,0.00805079148765001));
#11771=CARTESIAN_POINT('',(0.004425,-0.0637313613887063,0.00347256336481453));
#11772=CARTESIAN_POINT('',(0.006925,-0.0637313613887063,0.00347256336481453));
#11773=CARTESIAN_POINT('',(0.006925,-0.0637313613887063,0.00347256336481453));
#11774=CARTESIAN_POINT('',(0.004425,-0.0637313613887063,0.00347256336481453));
#11775=CARTESIAN_POINT('',(0.006925,-0.0633699223263772,0.00412972529632201));
#11776=CARTESIAN_POINT('',(0.006925,-0.0663490564158778,0.00805079148765002));
#11777=CARTESIAN_POINT('',(0.006925,-0.0663490564158778,0.00805079148765002));
#11778=CARTESIAN_POINT('',(0.006925,-0.0666502556344854,0.00750315654472711));
#11779=CARTESIAN_POINT('',(0.006925,-0.066951454853093,0.0069555216018042));
#11780=CARTESIAN_POINT('',(0.006925,-0.0630084832640481,0.0047868872278295));
#11781=CARTESIAN_POINT('',(0.006925,-0.0630084832640481,0.0047868872278295));
#11782=CARTESIAN_POINT('',(0.006925,-0.0633699223263772,0.00412972529632201));
#11783=CARTESIAN_POINT('',(0.0092125,-0.0630084832640481,0.0047868872278295));
#11784=CARTESIAN_POINT('',(0.0092125,-0.066951454853093,0.00695552160180421));
#11785=CARTESIAN_POINT('',(0.01275,-0.066951454853093,0.00695552160180421));
#11786=CARTESIAN_POINT('',(0.01275,0.158558149163949,-0.117074760607569));
#11787=CARTESIAN_POINT('',(0.01275,-0.0642789963316292,0.00548566941499914));
#11788=CARTESIAN_POINT('',(0.012125,-0.0642789963316292,0.00548566941499914));
#11789=CARTESIAN_POINT('',(0.0092125,-0.0630084832640481,0.0047868872278295));
#11790=CARTESIAN_POINT('',(-1.38777878078145E-17,-0.0583671567076429,0.0132256627849298));
#11791=CARTESIAN_POINT('',(-1.38777878078145E-17,-0.0596376697752241,0.0139244449720994));
#11792=CARTESIAN_POINT('',(-0.01275,-0.0514479096189456,0.0288149179835149));
#11793=CARTESIAN_POINT('',(-0.01275,0.171389235876633,-0.093745512039053));
#11794=CARTESIAN_POINT('',(-0.01275,-0.0541203681404094,0.03028477017032));
#11795=CARTESIAN_POINT('',(-1.38777878078145E-17,-0.0596376697752241,0.0139244449720994));
#11796=CARTESIAN_POINT('',(0.01275,-0.0581345322720343,0.0166574222506264));
#11797=CARTESIAN_POINT('',(0.01275,0.164702613223543,-0.105903007771941));
#11798=CARTESIAN_POINT('',(0.01275,-0.060806990793498,0.0181272744374315));
#11799=CARTESIAN_POINT('',(0.0092125,-0.0663490564158778,0.00805079148765002));
#11800=CARTESIAN_POINT('',(0.0092125,-0.0663490564158778,0.00805079148765002));
#11801=CARTESIAN_POINT('',(-1.38777878078145E-17,-0.0623101282966878,0.0153942971589045));
#11802=CARTESIAN_POINT('',(-0.0092125,-0.0663490564158778,0.00805079148765001));
#11803=CARTESIAN_POINT('',(-0.0092125,-0.0663490564158778,0.00805079148765001));
#11804=CARTESIAN_POINT('',(-1.38777878078145E-17,-0.0623101282966878,0.0153942971589045));
#11805=CARTESIAN_POINT('',(-1.3010426069826E-18,-0.0663490564158778,0.00805079148765001));
#11806=CARTESIAN_POINT('',(-1.3010426069826E-18,-0.0663490564158778,0.00805079148765001));
#11807=CARTESIAN_POINT('',(-1.38777878078145E-17,-0.0623101282966878,0.0153942971589045));
#11808=CARTESIAN_POINT('',(0.0306829185938057,-0.0306829185938058,-1.03948721751484E-5));
#11809=CARTESIAN_POINT('',(0.0427646937045771,-0.0427646937045772,0.0093870207483819));
#11810=CARTESIAN_POINT('',(0.0193138944586845,-0.0355773504259751,0.00831365626025299));
#11811=CARTESIAN_POINT('',(0.038102603701461,-0.0543660596687516,0.0098032233050033));
#11812=CARTESIAN_POINT('',(0.0387841397333507,-0.0550475957006413,0.00805079148765002));
#11813=CARTESIAN_POINT('',(0.0324691151158841,-0.0487325710831747,0.0305137135310958));
#11814=CARTESIAN_POINT('',(0.0387841397333507,-0.0550475957006413,0.00805079148765002));
#11815=CARTESIAN_POINT('',(0.0380395045666065,-0.0510679470099686,0.0047868872278295));
#11816=CARTESIAN_POINT('',(0.040827606515246,-0.0538560489586081,0.00695552160180421));
#11817=CARTESIAN_POINT('',(0.0424451132772102,-0.0522385421966439,0.0069555216018042));
#11818=CARTESIAN_POINT('',(0.0383262162767986,-0.0563574391970556,0.00695552160180421));
#11819=CARTESIAN_POINT('',(0.0396570113285707,-0.0494504402480044,0.0047868872278295));
#11820=CARTESIAN_POINT('',(0.0396570113285707,-0.0494504402480044,0.0047868872278295));
#11821=CARTESIAN_POINT('',(0.0380395045666065,-0.0510679470099686,0.0047868872278295));
#11822=CARTESIAN_POINT('',(0.0368784444720733,-0.0540257839158472,0.00548566941499912));
#11823=CARTESIAN_POINT('',(0.0364365027338317,-0.0544677256540887,0.00548566941499911));
#11824=CARTESIAN_POINT('',(-0.121133153946345,0.103101931026088,-0.117074760607569));
#11825=CARTESIAN_POINT('',(0.0399125873405293,-0.049706016259963,0.00412972529632201));
#11826=CARTESIAN_POINT('',(0.0401681633524879,-0.0499615922719216,0.00347256336481453));
#11827=CARTESIAN_POINT('',(0.0401681633524879,-0.0499615922719216,0.00347256336481453));
#11828=CARTESIAN_POINT('',(0.0399125873405293,-0.049706016259963,0.00412972529632201));
#11829=CARTESIAN_POINT('',(0.0422321332672447,-0.0520255621866784,0.00750315654472711));
#11830=CARTESIAN_POINT('',(0.0420191532572791,-0.0518125821767129,0.00805079148765001));
#11831=CARTESIAN_POINT('',(0.0420191532572791,-0.0518125821767129,0.00805079148765001));
#11832=CARTESIAN_POINT('',(0.0419359303054543,-0.0481938253189552,0.00347256336481452));
#11833=CARTESIAN_POINT('',(0.0437036972584207,-0.0464260583659889,0.00347256336481453));
#11834=CARTESIAN_POINT('',(0.0437036972584207,-0.0464260583659889,0.00347256336481453));
#11835=CARTESIAN_POINT('',(0.0419359303054543,-0.0481938253189552,0.00347256336481452));
#11836=CARTESIAN_POINT('',(0.043448121246462,-0.0461704823540302,0.00412972529632201));
#11837=CARTESIAN_POINT('',(0.0455546871632119,-0.0482770482707801,0.00805079148765001));
#11838=CARTESIAN_POINT('',(0.0455546871632119,-0.0482770482707801,0.00805079148765001));
#11839=CARTESIAN_POINT('',(0.0457676671731774,-0.0484900282807457,0.00750315654472711));
#11840=CARTESIAN_POINT('',(0.0459806471831429,-0.0487030082907112,0.0069555216018042));
#11841=CARTESIAN_POINT('',(0.0431925452345034,-0.0459149063420716,0.00478688722782949));
#11842=CARTESIAN_POINT('',(0.0431925452345034,-0.0459149063420716,0.00478688722782949));
#11843=CARTESIAN_POINT('',(0.043448121246462,-0.0461704823540302,0.00412972529632201));
#11844=CARTESIAN_POINT('',(0.0445537257882875,-0.0445537257882875,0.0047868872278295));
#11845=CARTESIAN_POINT('',(0.0473418277369271,-0.0473418277369271,0.00695552160180421));
#11846=CARTESIAN_POINT('',(0.0487030082907112,-0.0459806471831429,0.0069555216018042));
#11847=CARTESIAN_POINT('',(0.0459149063420716,-0.0431925452345034,0.0047868872278295));
#11848=CARTESIAN_POINT('',(0.0459149063420716,-0.0431925452345034,0.0047868872278295));
#11849=CARTESIAN_POINT('',(0.0445537257882875,-0.0445537257882875,0.0047868872278295));
#11850=CARTESIAN_POINT('',(0.0461704823540302,-0.0434481212464621,0.00412972529632201));
#11851=CARTESIAN_POINT('',(0.0464260583659889,-0.0437036972584207,0.00347256336481453));
#11852=CARTESIAN_POINT('',(0.0464260583659889,-0.0437036972584207,0.00347256336481453));
#11853=CARTESIAN_POINT('',(0.0461704823540302,-0.0434481212464621,0.00412972529632201));
#11854=CARTESIAN_POINT('',(0.0484900282807456,-0.0457676671731774,0.00750315654472711));
#11855=CARTESIAN_POINT('',(0.0482770482707801,-0.0455546871632119,0.00805079148765001));
#11856=CARTESIAN_POINT('',(0.0482770482707801,-0.0455546871632119,0.00805079148765001));
#11857=CARTESIAN_POINT('',(0.0481938253189552,-0.0419359303054543,0.00347256336481453));
#11858=CARTESIAN_POINT('',(0.0499615922719216,-0.0401681633524879,0.00347256336481452));
#11859=CARTESIAN_POINT('',(0.0499615922719216,-0.0401681633524879,0.00347256336481452));
#11860=CARTESIAN_POINT('',(0.0481938253189552,-0.0419359303054543,0.00347256336481453));
#11861=CARTESIAN_POINT('',(0.049706016259963,-0.0399125873405293,0.00412972529632201));
#11862=CARTESIAN_POINT('',(0.0518125821767129,-0.0420191532572791,0.00805079148765002));
#11863=CARTESIAN_POINT('',(0.0518125821767129,-0.0420191532572791,0.00805079148765002));
#11864=CARTESIAN_POINT('',(0.0520255621866784,-0.0422321332672447,0.00750315654472711));
#11865=CARTESIAN_POINT('',(0.0522385421966439,-0.0424451132772102,0.00695552160180419));
#11866=CARTESIAN_POINT('',(0.0494504402480043,-0.0396570113285707,0.0047868872278295));
#11867=CARTESIAN_POINT('',(0.0494504402480043,-0.0396570113285707,0.0047868872278295));
#11868=CARTESIAN_POINT('',(0.049706016259963,-0.0399125873405293,0.00412972529632201));
#11869=CARTESIAN_POINT('',(0.0510679470099686,-0.0380395045666065,0.0047868872278295));
#11870=CARTESIAN_POINT('',(0.0538560489586081,-0.040827606515246,0.00695552160180421));
#11871=CARTESIAN_POINT('',(0.0563574391970555,-0.0383262162767986,0.00695552160180421));
#11872=CARTESIAN_POINT('',(-0.103101931026088,0.121133153946345,-0.117074760607569));
#11873=CARTESIAN_POINT('',(0.0544677256540887,-0.0364365027338318,0.00548566941499912));
#11874=CARTESIAN_POINT('',(0.0540257839158471,-0.0368784444720734,0.00548566941499914));
#11875=CARTESIAN_POINT('',(0.0510679470099686,-0.0380395045666065,0.0047868872278295));
#11876=CARTESIAN_POINT('',(0.0412718123065522,-0.0412718123065522,0.0132256627849298));
#11877=CARTESIAN_POINT('',(0.042170200712225,-0.042170200712225,0.0139244449720994));
#11878=CARTESIAN_POINT('',(0.0273635543093005,-0.0453947772295576,0.0288149179835149));
#11879=CARTESIAN_POINT('',(-0.130206102370876,0.112174879450619,-0.0937455120390531));
#11880=CARTESIAN_POINT('',(0.0292532678522673,-0.0472844907725243,0.03028477017032));
#11881=CARTESIAN_POINT('',(0.042170200712225,-0.042170200712225,0.0139244449720994));
#11882=CARTESIAN_POINT('',(0.0501229334507921,-0.0320917105305352,0.0166574222506264));
#11883=CARTESIAN_POINT('',(-0.107446723229384,0.125477946149641,-0.105903007771941));
#11884=CARTESIAN_POINT('',(0.0520126469937589,-0.033981424073502,0.0181272744374315));
#11885=CARTESIAN_POINT('',(0.0534300889386771,-0.0404016464953149,0.00805079148765002));
#11886=CARTESIAN_POINT('',(0.0534300889386771,-0.0404016464953149,0.00805079148765002));
#11887=CARTESIAN_POINT('',(0.0440599142551917,-0.0440599142551917,0.0153942971589045));
#11888=CARTESIAN_POINT('',(0.0404016464953149,-0.0534300889386771,0.00805079148765001));
#11889=CARTESIAN_POINT('',(0.0404016464953149,-0.0534300889386771,0.00805079148765001));
#11890=CARTESIAN_POINT('',(0.0440599142551917,-0.0440599142551917,0.0153942971589045));
#11891=CARTESIAN_POINT('',(0.046915867716996,-0.046915867716996,0.00805079148765001));
#11892=CARTESIAN_POINT('',(0.046915867716996,-0.046915867716996,0.00805079148765001));
#11893=CARTESIAN_POINT('',(0.0440599142551917,-0.0440599142551917,0.0153942971589045));
#11894=CARTESIAN_POINT('',(0.0433921996085496,-9.22282441951861E-19,-1.0394872175145E-5));
#11895=CARTESIAN_POINT('',(0.0604784098277443,-1.96851107467664E-18,0.0093870207483819));
#11896=CARTESIAN_POINT('',(0.0388139714857142,-0.0115,0.00831365626025299));
#11897=CARTESIAN_POINT('',(0.0653852189163335,-0.0115,0.0098032233050033));
#11898=CARTESIAN_POINT('',(0.0663490564158778,-0.0115,0.00805079148765002));
#11899=CARTESIAN_POINT('',(0.0574182629551366,-0.0115,0.0305137135310958));
#11900=CARTESIAN_POINT('',(0.0663490564158778,-0.0115,0.00805079148765002));
#11901=CARTESIAN_POINT('',(0.0630084832640481,-0.0092125,0.0047868872278295));
#11902=CARTESIAN_POINT('',(0.066951454853093,-0.0092125,0.00695552160180421));
#11903=CARTESIAN_POINT('',(0.066951454853093,-0.006925,0.00695552160180421));
#11904=CARTESIAN_POINT('',(0.066951454853093,-0.01275,0.0069555216018042));
#11905=CARTESIAN_POINT('',(0.0630084832640481,-0.006925,0.0047868872278295));
#11906=CARTESIAN_POINT('',(0.0630084832640481,-0.006925,0.0047868872278295));
#11907=CARTESIAN_POINT('',(0.0630084832640481,-0.0092125,0.0047868872278295));
#11908=CARTESIAN_POINT('',(0.0642789963316292,-0.012125,0.00548566941499912));
#11909=CARTESIAN_POINT('',(0.0642789963316292,-0.01275,0.00548566941499912));
#11910=CARTESIAN_POINT('',(-0.158558149163949,-0.01275,-0.117074760607569));
#11911=CARTESIAN_POINT('',(0.0633699223263772,-0.006925,0.00412972529632201));
#11912=CARTESIAN_POINT('',(0.0637313613887063,-0.006925,0.00347256336481453));
#11913=CARTESIAN_POINT('',(0.0637313613887063,-0.006925,0.00347256336481453));
#11914=CARTESIAN_POINT('',(0.0633699223263772,-0.006925,0.00412972529632201));
#11915=CARTESIAN_POINT('',(0.0666502556344854,-0.006925,0.00750315654472711));
#11916=CARTESIAN_POINT('',(0.0663490564158778,-0.006925,0.00805079148765001));
#11917=CARTESIAN_POINT('',(0.0663490564158778,-0.006925,0.00805079148765001));
#11918=CARTESIAN_POINT('',(0.0637313613887063,-0.004425,0.00347256336481452));
#11919=CARTESIAN_POINT('',(0.0637313613887063,-0.001925,0.00347256336481453));
#11920=CARTESIAN_POINT('',(0.0637313613887063,-0.001925,0.00347256336481453));
#11921=CARTESIAN_POINT('',(0.0637313613887063,-0.004425,0.00347256336481452));
#11922=CARTESIAN_POINT('',(0.0633699223263772,-0.001925,0.00412972529632201));
#11923=CARTESIAN_POINT('',(0.0663490564158778,-0.001925,0.00805079148765001));
#11924=CARTESIAN_POINT('',(0.0663490564158778,-0.001925,0.00805079148765001));
#11925=CARTESIAN_POINT('',(0.0666502556344854,-0.001925,0.00750315654472711));
#11926=CARTESIAN_POINT('',(0.066951454853093,-0.001925,0.0069555216018042));
#11927=CARTESIAN_POINT('',(0.0630084832640481,-0.001925,0.0047868872278295));
#11928=CARTESIAN_POINT('',(0.0630084832640481,-0.001925,0.0047868872278295));
#11929=CARTESIAN_POINT('',(0.0633699223263772,-0.001925,0.00412972529632201));
#11930=CARTESIAN_POINT('',(0.0630084832640481,-5.37603990890201E-18,0.0047868872278295));
#11931=CARTESIAN_POINT('',(0.066951454853093,-5.61747728568465E-18,0.00695552160180421));
#11932=CARTESIAN_POINT('',(0.066951454853093,0.001925,0.00695552160180421));
#11933=CARTESIAN_POINT('',(0.0630084832640481,0.001925,0.0047868872278295));
#11934=CARTESIAN_POINT('',(0.0630084832640481,0.001925,0.0047868872278295));
#11935=CARTESIAN_POINT('',(0.0630084832640481,-5.37603990890201E-18,0.0047868872278295));
#11936=CARTESIAN_POINT('',(0.0633699223263772,0.001925,0.00412972529632201));
#11937=CARTESIAN_POINT('',(0.0637313613887063,0.001925,0.00347256336481453));
#11938=CARTESIAN_POINT('',(0.0637313613887063,0.001925,0.00347256336481453));
#11939=CARTESIAN_POINT('',(0.0633699223263772,0.001925,0.00412972529632201));
#11940=CARTESIAN_POINT('',(0.0666502556344854,0.001925,0.00750315654472711));
#11941=CARTESIAN_POINT('',(0.0663490564158778,0.001925,0.00805079148765001));
#11942=CARTESIAN_POINT('',(0.0663490564158778,0.001925,0.00805079148765001));
#11943=CARTESIAN_POINT('',(0.0637313613887063,0.004425,0.00347256336481453));
#11944=CARTESIAN_POINT('',(0.0637313613887063,0.006925,0.00347256336481453));
#11945=CARTESIAN_POINT('',(0.0637313613887063,0.006925,0.00347256336481453));
#11946=CARTESIAN_POINT('',(0.0637313613887063,0.004425,0.00347256336481453));
#11947=CARTESIAN_POINT('',(0.0633699223263772,0.006925,0.00412972529632201));
#11948=CARTESIAN_POINT('',(0.0663490564158778,0.006925,0.00805079148765002));
#11949=CARTESIAN_POINT('',(0.0663490564158778,0.006925,0.00805079148765002));
#11950=CARTESIAN_POINT('',(0.0666502556344854,0.006925,0.00750315654472711));
#11951=CARTESIAN_POINT('',(0.066951454853093,0.006925,0.0069555216018042));
#11952=CARTESIAN_POINT('',(0.0630084832640481,0.006925,0.0047868872278295));
#11953=CARTESIAN_POINT('',(0.0630084832640481,0.006925,0.0047868872278295));
#11954=CARTESIAN_POINT('',(0.0633699223263772,0.006925,0.00412972529632201));
#11955=CARTESIAN_POINT('',(0.0630084832640481,0.0092125,0.0047868872278295));
#11956=CARTESIAN_POINT('',(0.066951454853093,0.0092125,0.00695552160180421));
#11957=CARTESIAN_POINT('',(0.066951454853093,0.01275,0.00695552160180421));
#11958=CARTESIAN_POINT('',(-0.158558149163949,0.01275,-0.117074760607569));
#11959=CARTESIAN_POINT('',(0.0642789963316292,0.01275,0.00548566941499914));
#11960=CARTESIAN_POINT('',(0.0642789963316292,0.012125,0.00548566941499914));
#11961=CARTESIAN_POINT('',(0.0630084832640481,0.0092125,0.0047868872278295));
#11962=CARTESIAN_POINT('',(0.0583671567076429,-1.74517453896818E-17,0.0132256627849298));
#11963=CARTESIAN_POINT('',(0.0596376697752241,-1.75295418777562E-17,0.0139244449720994));
#11964=CARTESIAN_POINT('',(0.0514479096189456,-0.01275,0.0288149179835149));
#11965=CARTESIAN_POINT('',(-0.171389235876633,-0.01275,-0.093745512039053));
#11966=CARTESIAN_POINT('',(0.0541203681404094,-0.01275,0.03028477017032));
#11967=CARTESIAN_POINT('',(0.0596376697752241,-1.75295418777562E-17,0.0139244449720994));
#11968=CARTESIAN_POINT('',(0.0581345322720343,0.01275,0.0166574222506264));
#11969=CARTESIAN_POINT('',(-0.164702613223543,0.01275,-0.105903007771941));
#11970=CARTESIAN_POINT('',(0.060806990793498,0.01275,0.0181272744374315));
#11971=CARTESIAN_POINT('',(0.0663490564158778,0.0092125,0.00805079148765002));
#11972=CARTESIAN_POINT('',(0.0663490564158778,0.0092125,0.00805079148765002));
#11973=CARTESIAN_POINT('',(0.0623101282966878,-1.76931827664644E-17,0.0153942971589045));
#11974=CARTESIAN_POINT('',(0.0663490564158778,-0.0092125,0.00805079148765001));
#11975=CARTESIAN_POINT('',(0.0663490564158778,-0.0092125,0.00805079148765001));
#11976=CARTESIAN_POINT('',(0.0623101282966878,-1.76931827664644E-17,0.0153942971589045));
#11977=CARTESIAN_POINT('',(0.0663490564158778,-5.3637505852902E-18,0.00805079148765001));
#11978=CARTESIAN_POINT('',(0.0663490564158778,-5.3637505852902E-18,0.00805079148765001));
#11979=CARTESIAN_POINT('',(0.0623101282966878,-1.76931827664644E-17,0.0153942971589045));
#11980=CARTESIAN_POINT('',(0.0306829185938058,0.0306829185938057,-1.03948721751484E-5));
#11981=CARTESIAN_POINT('',(0.0427646937045772,0.0427646937045771,0.0093870207483819));
#11982=CARTESIAN_POINT('',(0.0355773504259751,0.0193138944586845,0.00831365626025299));
#11983=CARTESIAN_POINT('',(0.0543660596687516,0.038102603701461,0.0098032233050033));
#11984=CARTESIAN_POINT('',(0.0550475957006413,0.0387841397333507,0.00805079148765002));
#11985=CARTESIAN_POINT('',(0.0487325710831747,0.0324691151158841,0.0305137135310958));
#11986=CARTESIAN_POINT('',(0.0550475957006413,0.0387841397333507,0.00805079148765002));
#11987=CARTESIAN_POINT('',(0.0510679470099686,0.0380395045666065,0.0047868872278295));
#11988=CARTESIAN_POINT('',(0.0538560489586081,0.040827606515246,0.00695552160180421));
#11989=CARTESIAN_POINT('',(0.0522385421966439,0.0424451132772102,0.0069555216018042));
#11990=CARTESIAN_POINT('',(0.0563574391970556,0.0383262162767986,0.00695552160180421));
#11991=CARTESIAN_POINT('',(0.0494504402480044,0.0396570113285707,0.0047868872278295));
#11992=CARTESIAN_POINT('',(0.0494504402480044,0.0396570113285707,0.0047868872278295));
#11993=CARTESIAN_POINT('',(0.0510679470099686,0.0380395045666065,0.0047868872278295));
#11994=CARTESIAN_POINT('',(0.0540257839158472,0.0368784444720733,0.00548566941499912));
#11995=CARTESIAN_POINT('',(0.0544677256540887,0.0364365027338317,0.00548566941499911));
#11996=CARTESIAN_POINT('',(-0.103101931026088,-0.121133153946345,-0.117074760607569));
#11997=CARTESIAN_POINT('',(0.049706016259963,0.0399125873405293,0.00412972529632201));
#11998=CARTESIAN_POINT('',(0.0499615922719216,0.0401681633524879,0.00347256336481453));
#11999=CARTESIAN_POINT('',(0.0499615922719216,0.0401681633524879,0.00347256336481453));
#12000=CARTESIAN_POINT('',(0.049706016259963,0.0399125873405293,0.00412972529632201));
#12001=CARTESIAN_POINT('',(0.0520255621866784,0.0422321332672447,0.00750315654472711));
#12002=CARTESIAN_POINT('',(0.0518125821767129,0.0420191532572791,0.00805079148765001));
#12003=CARTESIAN_POINT('',(0.0518125821767129,0.0420191532572791,0.00805079148765001));
#12004=CARTESIAN_POINT('',(0.0481938253189552,0.0419359303054543,0.00347256336481452));
#12005=CARTESIAN_POINT('',(0.0464260583659889,0.0437036972584207,0.00347256336481453));
#12006=CARTESIAN_POINT('',(0.0464260583659889,0.0437036972584207,0.00347256336481453));
#12007=CARTESIAN_POINT('',(0.0481938253189552,0.0419359303054543,0.00347256336481452));
#12008=CARTESIAN_POINT('',(0.0461704823540302,0.043448121246462,0.00412972529632201));
#12009=CARTESIAN_POINT('',(0.0482770482707801,0.0455546871632119,0.00805079148765001));
#12010=CARTESIAN_POINT('',(0.0482770482707801,0.0455546871632119,0.00805079148765001));
#12011=CARTESIAN_POINT('',(0.0484900282807457,0.0457676671731774,0.00750315654472711));
#12012=CARTESIAN_POINT('',(0.0487030082907112,0.0459806471831429,0.0069555216018042));
#12013=CARTESIAN_POINT('',(0.0459149063420716,0.0431925452345034,0.00478688722782949));
#12014=CARTESIAN_POINT('',(0.0459149063420716,0.0431925452345034,0.00478688722782949));
#12015=CARTESIAN_POINT('',(0.0461704823540302,0.043448121246462,0.00412972529632201));
#12016=CARTESIAN_POINT('',(0.0445537257882875,0.0445537257882875,0.0047868872278295));
#12017=CARTESIAN_POINT('',(0.0473418277369271,0.0473418277369271,0.00695552160180421));
#12018=CARTESIAN_POINT('',(0.0459806471831429,0.0487030082907112,0.0069555216018042));
#12019=CARTESIAN_POINT('',(0.0431925452345034,0.0459149063420716,0.0047868872278295));
#12020=CARTESIAN_POINT('',(0.0431925452345034,0.0459149063420716,0.0047868872278295));
#12021=CARTESIAN_POINT('',(0.0445537257882875,0.0445537257882875,0.0047868872278295));
#12022=CARTESIAN_POINT('',(0.0434481212464621,0.0461704823540302,0.00412972529632201));
#12023=CARTESIAN_POINT('',(0.0437036972584207,0.0464260583659889,0.00347256336481453));
#12024=CARTESIAN_POINT('',(0.0437036972584207,0.0464260583659889,0.00347256336481453));
#12025=CARTESIAN_POINT('',(0.0434481212464621,0.0461704823540302,0.00412972529632201));
#12026=CARTESIAN_POINT('',(0.0457676671731774,0.0484900282807456,0.00750315654472711));
#12027=CARTESIAN_POINT('',(0.0455546871632119,0.0482770482707801,0.00805079148765001));
#12028=CARTESIAN_POINT('',(0.0455546871632119,0.0482770482707801,0.00805079148765001));
#12029=CARTESIAN_POINT('',(0.0419359303054543,0.0481938253189552,0.00347256336481453));
#12030=CARTESIAN_POINT('',(0.0401681633524879,0.0499615922719216,0.00347256336481452));
#12031=CARTESIAN_POINT('',(0.0401681633524879,0.0499615922719216,0.00347256336481452));
#12032=CARTESIAN_POINT('',(0.0419359303054543,0.0481938253189552,0.00347256336481453));
#12033=CARTESIAN_POINT('',(0.0399125873405293,0.049706016259963,0.00412972529632201));
#12034=CARTESIAN_POINT('',(0.0420191532572791,0.0518125821767129,0.00805079148765002));
#12035=CARTESIAN_POINT('',(0.0420191532572791,0.0518125821767129,0.00805079148765002));
#12036=CARTESIAN_POINT('',(0.0422321332672447,0.0520255621866784,0.00750315654472711));
#12037=CARTESIAN_POINT('',(0.0424451132772102,0.0522385421966439,0.00695552160180419));
#12038=CARTESIAN_POINT('',(0.0396570113285707,0.0494504402480043,0.0047868872278295));
#12039=CARTESIAN_POINT('',(0.0396570113285707,0.0494504402480043,0.0047868872278295));
#12040=CARTESIAN_POINT('',(0.0399125873405293,0.049706016259963,0.00412972529632201));
#12041=CARTESIAN_POINT('',(0.0380395045666065,0.0510679470099686,0.0047868872278295));
#12042=CARTESIAN_POINT('',(0.040827606515246,0.0538560489586081,0.00695552160180421));
#12043=CARTESIAN_POINT('',(0.0383262162767986,0.0563574391970555,0.00695552160180421));
#12044=CARTESIAN_POINT('',(-0.121133153946345,-0.103101931026088,-0.117074760607569));
#12045=CARTESIAN_POINT('',(0.0364365027338318,0.0544677256540887,0.00548566941499912));
#12046=CARTESIAN_POINT('',(0.0368784444720734,0.0540257839158471,0.00548566941499914));
#12047=CARTESIAN_POINT('',(0.0380395045666065,0.0510679470099686,0.0047868872278295));
#12048=CARTESIAN_POINT('',(0.0412718123065522,0.0412718123065522,0.0132256627849298));
#12049=CARTESIAN_POINT('',(0.042170200712225,0.042170200712225,0.0139244449720994));
#12050=CARTESIAN_POINT('',(0.0453947772295576,0.0273635543093005,0.0288149179835149));
#12051=CARTESIAN_POINT('',(-0.112174879450619,-0.130206102370876,-0.0937455120390531));
#12052=CARTESIAN_POINT('',(0.0472844907725243,0.0292532678522673,0.03028477017032));
#12053=CARTESIAN_POINT('',(0.042170200712225,0.042170200712225,0.0139244449720994));
#12054=CARTESIAN_POINT('',(0.0320917105305352,0.0501229334507921,0.0166574222506264));
#12055=CARTESIAN_POINT('',(-0.125477946149641,-0.107446723229384,-0.105903007771941));
#12056=CARTESIAN_POINT('',(0.033981424073502,0.0520126469937589,0.0181272744374315));
#12057=CARTESIAN_POINT('',(0.0404016464953149,0.0534300889386771,0.00805079148765002));
#12058=CARTESIAN_POINT('',(0.0404016464953149,0.0534300889386771,0.00805079148765002));
#12059=CARTESIAN_POINT('',(0.0440599142551917,0.0440599142551917,0.0153942971589045));
#12060=CARTESIAN_POINT('',(0.0534300889386771,0.0404016464953149,0.00805079148765001));
#12061=CARTESIAN_POINT('',(0.0534300889386771,0.0404016464953149,0.00805079148765001));
#12062=CARTESIAN_POINT('',(0.0440599142551917,0.0440599142551917,0.0153942971589045));
#12063=CARTESIAN_POINT('',(0.046915867716996,0.046915867716996,0.00805079148765001));
#12064=CARTESIAN_POINT('',(0.046915867716996,0.046915867716996,0.00805079148765001));
#12065=CARTESIAN_POINT('',(0.0440599142551917,0.0440599142551917,0.0153942971589045));
#12066=CARTESIAN_POINT('',(3.57928835988053E-18,0.0433921996085496,-1.0394872175145E-5));
#12067=CARTESIAN_POINT('',(5.67174562533008E-18,0.0604784098277443,0.0093870207483819));
#12068=CARTESIAN_POINT('',(0.0115,0.0388139714857142,0.00831365626025299));
#12069=CARTESIAN_POINT('',(0.0115,0.0653852189163335,0.0098032233050033));
#12070=CARTESIAN_POINT('',(0.0115,0.0663490564158778,0.00805079148765002));
#12071=CARTESIAN_POINT('',(0.0115,0.0574182629551366,0.0305137135310958));
#12072=CARTESIAN_POINT('',(0.0115,0.0663490564158778,0.00805079148765002));
#12073=CARTESIAN_POINT('',(0.0092125,0.0630084832640481,0.0047868872278295));
#12074=CARTESIAN_POINT('',(0.0092125,0.066951454853093,0.00695552160180421));
#12075=CARTESIAN_POINT('',(0.006925,0.066951454853093,0.00695552160180421));
#12076=CARTESIAN_POINT('',(0.01275,0.066951454853093,0.0069555216018042));
#12077=CARTESIAN_POINT('',(0.006925,0.0630084832640481,0.0047868872278295));
#12078=CARTESIAN_POINT('',(0.006925,0.0630084832640481,0.0047868872278295));
#12079=CARTESIAN_POINT('',(0.0092125,0.0630084832640481,0.0047868872278295));
#12080=CARTESIAN_POINT('',(0.012125,0.0642789963316292,0.00548566941499912));
#12081=CARTESIAN_POINT('',(0.01275,0.0642789963316292,0.00548566941499912));
#12082=CARTESIAN_POINT('',(0.01275,-0.158558149163949,-0.117074760607569));
#12083=CARTESIAN_POINT('',(0.006925,0.0633699223263772,0.00412972529632201));
#12084=CARTESIAN_POINT('',(0.006925,0.0637313613887063,0.00347256336481453));
#12085=CARTESIAN_POINT('',(0.006925,0.0637313613887063,0.00347256336481453));
#12086=CARTESIAN_POINT('',(0.006925,0.0633699223263772,0.00412972529632201));
#12087=CARTESIAN_POINT('',(0.006925,0.0666502556344854,0.00750315654472711));
#12088=CARTESIAN_POINT('',(0.006925,0.0663490564158778,0.00805079148765001));
#12089=CARTESIAN_POINT('',(0.006925,0.0663490564158778,0.00805079148765001));
#12090=CARTESIAN_POINT('',(0.004425,0.0637313613887063,0.00347256336481452));
#12091=CARTESIAN_POINT('',(0.001925,0.0637313613887063,0.00347256336481453));
#12092=CARTESIAN_POINT('',(0.001925,0.0637313613887063,0.00347256336481453));
#12093=CARTESIAN_POINT('',(0.004425,0.0637313613887063,0.00347256336481452));
#12094=CARTESIAN_POINT('',(0.001925,0.0633699223263772,0.00412972529632201));
#12095=CARTESIAN_POINT('',(0.001925,0.0663490564158778,0.00805079148765001));
#12096=CARTESIAN_POINT('',(0.001925,0.0663490564158778,0.00805079148765001));
#12097=CARTESIAN_POINT('',(0.001925,0.0666502556344854,0.00750315654472711));
#12098=CARTESIAN_POINT('',(0.001925,0.066951454853093,0.0069555216018042));
#12099=CARTESIAN_POINT('',(0.001925,0.0630084832640481,0.0047868872278295));
#12100=CARTESIAN_POINT('',(0.001925,0.0630084832640481,0.0047868872278295));
#12101=CARTESIAN_POINT('',(0.001925,0.0633699223263772,0.00412972529632201));
#12102=CARTESIAN_POINT('',(9.23419677632431E-18,0.0630084832640481,0.0047868872278295));
#12103=CARTESIAN_POINT('',(9.71707152988959E-18,0.066951454853093,0.00695552160180421));
#12104=CARTESIAN_POINT('',(-0.001925,0.066951454853093,0.00695552160180421));
#12105=CARTESIAN_POINT('',(-0.001925,0.0630084832640481,0.0047868872278295));
#12106=CARTESIAN_POINT('',(-0.001925,0.0630084832640481,0.0047868872278295));
#12107=CARTESIAN_POINT('',(9.23419677632431E-18,0.0630084832640481,0.0047868872278295));
#12108=CARTESIAN_POINT('',(-0.001925,0.0633699223263772,0.00412972529632201));
#12109=CARTESIAN_POINT('',(-0.001925,0.0637313613887063,0.00347256336481453));
#12110=CARTESIAN_POINT('',(-0.001925,0.0637313613887063,0.00347256336481453));
#12111=CARTESIAN_POINT('',(-0.001925,0.0633699223263772,0.00412972529632201));
#12112=CARTESIAN_POINT('',(-0.001925,0.0666502556344854,0.00750315654472711));
#12113=CARTESIAN_POINT('',(-0.001925,0.0663490564158778,0.00805079148765001));
#12114=CARTESIAN_POINT('',(-0.001925,0.0663490564158778,0.00805079148765001));
#12115=CARTESIAN_POINT('',(-0.004425,0.0637313613887063,0.00347256336481453));
#12116=CARTESIAN_POINT('',(-0.006925,0.0637313613887063,0.00347256336481453));
#12117=CARTESIAN_POINT('',(-0.006925,0.0637313613887063,0.00347256336481453));
#12118=CARTESIAN_POINT('',(-0.004425,0.0637313613887063,0.00347256336481453));
#12119=CARTESIAN_POINT('',(-0.006925,0.0633699223263772,0.00412972529632201));
#12120=CARTESIAN_POINT('',(-0.006925,0.0663490564158778,0.00805079148765002));
#12121=CARTESIAN_POINT('',(-0.006925,0.0663490564158778,0.00805079148765002));
#12122=CARTESIAN_POINT('',(-0.006925,0.0666502556344854,0.00750315654472711));
#12123=CARTESIAN_POINT('',(-0.006925,0.066951454853093,0.0069555216018042));
#12124=CARTESIAN_POINT('',(-0.006925,0.0630084832640481,0.0047868872278295));
#12125=CARTESIAN_POINT('',(-0.006925,0.0630084832640481,0.0047868872278295));
#12126=CARTESIAN_POINT('',(-0.006925,0.0633699223263772,0.00412972529632201));
#12127=CARTESIAN_POINT('',(-0.0092125,0.0630084832640481,0.0047868872278295));
#12128=CARTESIAN_POINT('',(-0.0092125,0.066951454853093,0.00695552160180421));
#12129=CARTESIAN_POINT('',(-0.01275,0.066951454853093,0.00695552160180421));
#12130=CARTESIAN_POINT('',(-0.01275,-0.158558149163949,-0.117074760607569));
#12131=CARTESIAN_POINT('',(-0.01275,0.0642789963316292,0.00548566941499914));
#12132=CARTESIAN_POINT('',(-0.012125,0.0642789963316292,0.00548566941499914));
#12133=CARTESIAN_POINT('',(-0.0092125,0.0630084832640481,0.0047868872278295));
#12134=CARTESIAN_POINT('',(2.10257029715491E-17,0.0583671567076429,0.0132256627849298));
#12135=CARTESIAN_POINT('',(2.1181295947698E-17,0.0596376697752241,0.0139244449720994));
#12136=CARTESIAN_POINT('',(0.01275,0.0514479096189456,0.0288149179835149));
#12137=CARTESIAN_POINT('',(0.01275,-0.171389235876633,-0.093745512039053));
#12138=CARTESIAN_POINT('',(0.01275,0.0541203681404094,0.03028477017032));
#12139=CARTESIAN_POINT('',(2.1181295947698E-17,0.0596376697752241,0.0139244449720994));
#12140=CARTESIAN_POINT('',(-0.01275,0.0581345322720343,0.0166574222506264));
#12141=CARTESIAN_POINT('',(-0.01275,-0.164702613223543,-0.105903007771941));
#12142=CARTESIAN_POINT('',(-0.01275,0.060806990793498,0.0181272744374315));
#12143=CARTESIAN_POINT('',(-0.0092125,0.0663490564158778,0.00805079148765002));
#12144=CARTESIAN_POINT('',(-0.0092125,0.0663490564158778,0.00805079148765002));
#12145=CARTESIAN_POINT('',(2.15085777251144E-17,0.0623101282966878,0.0153942971589045));
#12146=CARTESIAN_POINT('',(0.0092125,0.0663490564158778,0.00805079148765001));
#12147=CARTESIAN_POINT('',(0.0092125,0.0663490564158778,0.00805079148765001));
#12148=CARTESIAN_POINT('',(2.15085777251144E-17,0.0623101282966878,0.0153942971589045));
#12149=CARTESIAN_POINT('',(9.4264585635978E-18,0.0663490564158778,0.00805079148765001));
#12150=CARTESIAN_POINT('',(9.4264585635978E-18,0.0663490564158778,0.00805079148765001));
#12151=CARTESIAN_POINT('',(2.15085777251144E-17,0.0623101282966878,0.0153942971589045));
#12152=CARTESIAN_POINT('',(-0.0306829185938057,0.0306829185938058,-1.03948721751484E-5));
#12153=CARTESIAN_POINT('',(-0.0427646937045771,0.0427646937045772,0.0093870207483819));
#12154=CARTESIAN_POINT('',(-0.0193138944586845,0.0355773504259751,0.00831365626025299));
#12155=CARTESIAN_POINT('',(-0.038102603701461,0.0543660596687517,0.0098032233050033));
#12156=CARTESIAN_POINT('',(-0.0387841397333507,0.0550475957006413,0.00805079148765002));
#12157=CARTESIAN_POINT('',(-0.0324691151158841,0.0487325710831747,0.0305137135310958));
#12158=CARTESIAN_POINT('',(-0.0387841397333507,0.0550475957006413,0.00805079148765002));
#12159=CARTESIAN_POINT('',(-0.0380395045666065,0.0510679470099686,0.0047868872278295));
#12160=CARTESIAN_POINT('',(-0.040827606515246,0.0538560489586081,0.00695552160180421));
#12161=CARTESIAN_POINT('',(-0.0424451132772102,0.0522385421966439,0.0069555216018042));
#12162=CARTESIAN_POINT('',(-0.0383262162767985,0.0563574391970555,0.00695552160180418));
#12163=CARTESIAN_POINT('',(-0.0396570113285707,0.0494504402480044,0.0047868872278295));
#12164=CARTESIAN_POINT('',(-0.0396570113285707,0.0494504402480044,0.0047868872278295));
#12165=CARTESIAN_POINT('',(-0.0380395045666065,0.0510679470099686,0.0047868872278295));
#12166=CARTESIAN_POINT('',(-0.0368784444720733,0.0540257839158471,0.00548566941499909));
#12167=CARTESIAN_POINT('',(-0.0364365027338317,0.0544677256540887,0.0054856694149991));
#12168=CARTESIAN_POINT('',(0.121133153946345,-0.103101931026088,-0.117074760607569));
#12169=CARTESIAN_POINT('',(-0.0399125873405293,0.049706016259963,0.00412972529632201));
#12170=CARTESIAN_POINT('',(-0.0401681633524879,0.0499615922719216,0.00347256336481453));
#12171=CARTESIAN_POINT('',(-0.0401681633524879,0.0499615922719216,0.00347256336481453));
#12172=CARTESIAN_POINT('',(-0.0399125873405293,0.049706016259963,0.00412972529632201));
#12173=CARTESIAN_POINT('',(-0.0422321332672447,0.0520255621866784,0.00750315654472711));
#12174=CARTESIAN_POINT('',(-0.0420191532572791,0.0518125821767129,0.00805079148765001));
#12175=CARTESIAN_POINT('',(-0.0420191532572791,0.0518125821767129,0.00805079148765001));
#12176=CARTESIAN_POINT('',(-0.0419359303054543,0.0481938253189552,0.00347256336481452));
#12177=CARTESIAN_POINT('',(-0.0437036972584207,0.0464260583659889,0.00347256336481453));
#12178=CARTESIAN_POINT('',(-0.0437036972584207,0.0464260583659889,0.00347256336481453));
#12179=CARTESIAN_POINT('',(-0.0419359303054543,0.0481938253189552,0.00347256336481452));
#12180=CARTESIAN_POINT('',(-0.043448121246462,0.0461704823540302,0.00412972529632201));
#12181=CARTESIAN_POINT('',(-0.0455546871632119,0.0482770482707801,0.00805079148765001));
#12182=CARTESIAN_POINT('',(-0.0455546871632119,0.0482770482707801,0.00805079148765001));
#12183=CARTESIAN_POINT('',(-0.0457676671731774,0.0484900282807457,0.00750315654472711));
#12184=CARTESIAN_POINT('',(-0.0459806471831429,0.0487030082907112,0.0069555216018042));
#12185=CARTESIAN_POINT('',(-0.0431925452345034,0.0459149063420716,0.00478688722782949));
#12186=CARTESIAN_POINT('',(-0.0431925452345034,0.0459149063420716,0.00478688722782949));
#12187=CARTESIAN_POINT('',(-0.043448121246462,0.0461704823540302,0.00412972529632201));
#12188=CARTESIAN_POINT('',(-0.0445537257882875,0.0445537257882875,0.0047868872278295));
#12189=CARTESIAN_POINT('',(-0.0473418277369271,0.0473418277369271,0.00695552160180421));
#12190=CARTESIAN_POINT('',(-0.0487030082907112,0.045980647183143,0.0069555216018042));
#12191=CARTESIAN_POINT('',(-0.0459149063420716,0.0431925452345034,0.0047868872278295));
#12192=CARTESIAN_POINT('',(-0.0459149063420716,0.0431925452345034,0.0047868872278295));
#12193=CARTESIAN_POINT('',(-0.0445537257882875,0.0445537257882875,0.0047868872278295));
#12194=CARTESIAN_POINT('',(-0.0461704823540302,0.0434481212464621,0.00412972529632201));
#12195=CARTESIAN_POINT('',(-0.0464260583659889,0.0437036972584207,0.00347256336481453));
#12196=CARTESIAN_POINT('',(-0.0464260583659889,0.0437036972584207,0.00347256336481453));
#12197=CARTESIAN_POINT('',(-0.0461704823540302,0.0434481212464621,0.00412972529632201));
#12198=CARTESIAN_POINT('',(-0.0484900282807456,0.0457676671731774,0.00750315654472711));
#12199=CARTESIAN_POINT('',(-0.0482770482707801,0.0455546871632119,0.00805079148765001));
#12200=CARTESIAN_POINT('',(-0.0482770482707801,0.0455546871632119,0.00805079148765001));
#12201=CARTESIAN_POINT('',(-0.0481938253189552,0.0419359303054543,0.00347256336481453));
#12202=CARTESIAN_POINT('',(-0.0499615922719216,0.0401681633524879,0.00347256336481452));
#12203=CARTESIAN_POINT('',(-0.0499615922719216,0.0401681633524879,0.00347256336481452));
#12204=CARTESIAN_POINT('',(-0.0481938253189552,0.0419359303054543,0.00347256336481453));
#12205=CARTESIAN_POINT('',(-0.049706016259963,0.0399125873405293,0.00412972529632201));
#12206=CARTESIAN_POINT('',(-0.0518125821767129,0.0420191532572792,0.00805079148765002));
#12207=CARTESIAN_POINT('',(-0.0518125821767129,0.0420191532572792,0.00805079148765002));
#12208=CARTESIAN_POINT('',(-0.0520255621866784,0.0422321332672447,0.00750315654472711));
#12209=CARTESIAN_POINT('',(-0.0522385421966439,0.0424451132772102,0.0069555216018042));
#12210=CARTESIAN_POINT('',(-0.0494504402480043,0.0396570113285707,0.0047868872278295));
#12211=CARTESIAN_POINT('',(-0.0494504402480043,0.0396570113285707,0.0047868872278295));
#12212=CARTESIAN_POINT('',(-0.049706016259963,0.0399125873405293,0.00412972529632201));
#12213=CARTESIAN_POINT('',(-0.0510679470099686,0.0380395045666065,0.0047868872278295));
#12214=CARTESIAN_POINT('',(-0.0538560489586081,0.040827606515246,0.00695552160180421));
#12215=CARTESIAN_POINT('',(-0.0563574391970555,0.0383262162767986,0.00695552160180421));
#12216=CARTESIAN_POINT('',(0.103101931026088,-0.121133153946345,-0.117074760607569));
#12217=CARTESIAN_POINT('',(-0.0544677256540887,0.0364365027338318,0.00548566941499913));
#12218=CARTESIAN_POINT('',(-0.0540257839158471,0.0368784444720733,0.00548566941499911));
#12219=CARTESIAN_POINT('',(-0.0510679470099686,0.0380395045666065,0.0047868872278295));
#12220=CARTESIAN_POINT('',(-0.0412718123065522,0.0412718123065522,0.0132256627849298));
#12221=CARTESIAN_POINT('',(-0.042170200712225,0.042170200712225,0.0139244449720994));
#12222=CARTESIAN_POINT('',(-0.0273635543093005,0.0453947772295575,0.0288149179835149));
#12223=CARTESIAN_POINT('',(0.130206102370876,-0.112174879450619,-0.0937455120390531));
#12224=CARTESIAN_POINT('',(-0.0292532678522673,0.0472844907725243,0.03028477017032));
#12225=CARTESIAN_POINT('',(-0.042170200712225,0.042170200712225,0.0139244449720994));
#12226=CARTESIAN_POINT('',(-0.0501229334507921,0.0320917105305352,0.0166574222506264));
#12227=CARTESIAN_POINT('',(0.107446723229384,-0.125477946149641,-0.105903007771941));
#12228=CARTESIAN_POINT('',(-0.0520126469937589,0.033981424073502,0.0181272744374315));
#12229=CARTESIAN_POINT('',(-0.0534300889386771,0.0404016464953149,0.00805079148765002));
#12230=CARTESIAN_POINT('',(-0.0534300889386771,0.0404016464953149,0.00805079148765002));
#12231=CARTESIAN_POINT('',(-0.0440599142551917,0.0440599142551917,0.0153942971589045));
#12232=CARTESIAN_POINT('',(-0.0404016464953149,0.0534300889386771,0.00805079148765001));
#12233=CARTESIAN_POINT('',(-0.0404016464953149,0.0534300889386771,0.00805079148765001));
#12234=CARTESIAN_POINT('',(-0.0440599142551917,0.0440599142551917,0.0153942971589045));
#12235=CARTESIAN_POINT('',(-0.046915867716996,0.046915867716996,0.00805079148765001));
#12236=CARTESIAN_POINT('',(-0.046915867716996,0.046915867716996,0.00805079148765001));
#12237=CARTESIAN_POINT('',(-0.0440599142551917,0.0440599142551917,0.0153942971589045));
#12238=CARTESIAN_POINT('',(-0.0433921996085496,6.2362942778092E-18,-1.0394872175145E-5));
#12239=CARTESIAN_POINT('',(-0.0604784098277443,9.37498017598352E-18,0.0093870207483819));
#12240=CARTESIAN_POINT('',(-0.0388139714857142,0.0115,0.00831365626025299));
#12241=CARTESIAN_POINT('',(-0.0653852189163335,0.0115,0.0098032233050033));
#12242=CARTESIAN_POINT('',(-0.0663490564158778,0.0115,0.00805079148765002));
#12243=CARTESIAN_POINT('',(-0.0574182629551366,0.0115,0.0305137135310957));
#12244=CARTESIAN_POINT('',(-0.0663490564158778,0.0115,0.00805079148765002));
#12245=CARTESIAN_POINT('',(-0.0630084832640481,0.0092125,0.0047868872278295));
#12246=CARTESIAN_POINT('',(-0.066951454853093,0.0092125,0.00695552160180421));
#12247=CARTESIAN_POINT('',(-0.066951454853093,0.006925,0.00695552160180421));
#12248=CARTESIAN_POINT('',(-0.066951454853093,0.01275,0.0069555216018042));
#12249=CARTESIAN_POINT('',(-0.0630084832640481,0.006925,0.0047868872278295));
#12250=CARTESIAN_POINT('',(-0.0630084832640481,0.006925,0.0047868872278295));
#12251=CARTESIAN_POINT('',(-0.0630084832640481,0.0092125,0.0047868872278295));
#12252=CARTESIAN_POINT('',(-0.0642789963316292,0.012125,0.00548566941499912));
#12253=CARTESIAN_POINT('',(-0.0642789963316292,0.01275,0.00548566941499912));
#12254=CARTESIAN_POINT('',(0.158558149163949,0.01275,-0.117074760607569));
#12255=CARTESIAN_POINT('',(-0.0633699223263772,0.006925,0.00412972529632201));
#12256=CARTESIAN_POINT('',(-0.0637313613887063,0.006925,0.00347256336481453));
#12257=CARTESIAN_POINT('',(-0.0637313613887063,0.006925,0.00347256336481453));
#12258=CARTESIAN_POINT('',(-0.0633699223263772,0.006925,0.00412972529632201));
#12259=CARTESIAN_POINT('',(-0.0666502556344854,0.006925,0.00750315654472711));
#12260=CARTESIAN_POINT('',(-0.0663490564158778,0.006925,0.00805079148765001));
#12261=CARTESIAN_POINT('',(-0.0663490564158778,0.006925,0.00805079148765001));
#12262=CARTESIAN_POINT('',(-0.0637313613887063,0.004425,0.00347256336481452));
#12263=CARTESIAN_POINT('',(-0.0637313613887063,0.001925,0.00347256336481453));
#12264=CARTESIAN_POINT('',(-0.0637313613887063,0.001925,0.00347256336481453));
#12265=CARTESIAN_POINT('',(-0.0637313613887063,0.004425,0.00347256336481452));
#12266=CARTESIAN_POINT('',(-0.0633699223263772,0.001925,0.00412972529632201));
#12267=CARTESIAN_POINT('',(-0.0663490564158778,0.001925,0.00805079148765001));
#12268=CARTESIAN_POINT('',(-0.0663490564158778,0.001925,0.00805079148765001));
#12269=CARTESIAN_POINT('',(-0.0666502556344854,0.001925,0.00750315654472711));
#12270=CARTESIAN_POINT('',(-0.066951454853093,0.001925,0.0069555216018042));
#12271=CARTESIAN_POINT('',(-0.0630084832640481,0.001925,0.0047868872278295));
#12272=CARTESIAN_POINT('',(-0.0630084832640481,0.001925,0.0047868872278295));
#12273=CARTESIAN_POINT('',(-0.0633699223263772,0.001925,0.00412972529632201));
#12274=CARTESIAN_POINT('',(-0.0630084832640481,1.30923536437466E-17,0.0047868872278295));
#12275=CARTESIAN_POINT('',(-0.066951454853093,1.38166657740945E-17,0.00695552160180421));
#12276=CARTESIAN_POINT('',(-0.066951454853093,-0.001925,0.00695552160180421));
#12277=CARTESIAN_POINT('',(-0.0630084832640481,-0.001925,0.0047868872278295));
#12278=CARTESIAN_POINT('',(-0.0630084832640481,-0.001925,0.0047868872278295));
#12279=CARTESIAN_POINT('',(-0.0630084832640481,1.30923536437466E-17,0.0047868872278295));
#12280=CARTESIAN_POINT('',(-0.0633699223263772,-0.001925,0.00412972529632201));
#12281=CARTESIAN_POINT('',(-0.0637313613887063,-0.001925,0.00347256336481453));
#12282=CARTESIAN_POINT('',(-0.0637313613887063,-0.001925,0.00347256336481453));
#12283=CARTESIAN_POINT('',(-0.0633699223263772,-0.001925,0.00412972529632201));
#12284=CARTESIAN_POINT('',(-0.0666502556344854,-0.001925,0.00750315654472711));
#12285=CARTESIAN_POINT('',(-0.0663490564158778,-0.001925,0.00805079148765001));
#12286=CARTESIAN_POINT('',(-0.0663490564158778,-0.001925,0.00805079148765001));
#12287=CARTESIAN_POINT('',(-0.0637313613887063,-0.004425,0.00347256336481453));
#12288=CARTESIAN_POINT('',(-0.0637313613887063,-0.006925,0.00347256336481453));
#12289=CARTESIAN_POINT('',(-0.0637313613887063,-0.006925,0.00347256336481453));
#12290=CARTESIAN_POINT('',(-0.0637313613887063,-0.004425,0.00347256336481453));
#12291=CARTESIAN_POINT('',(-0.0633699223263772,-0.006925,0.00412972529632201));
#12292=CARTESIAN_POINT('',(-0.0663490564158778,-0.006925,0.00805079148765002));
#12293=CARTESIAN_POINT('',(-0.0663490564158778,-0.006925,0.00805079148765002));
#12294=CARTESIAN_POINT('',(-0.0666502556344854,-0.006925,0.00750315654472711));
#12295=CARTESIAN_POINT('',(-0.066951454853093,-0.006925,0.0069555216018042));
#12296=CARTESIAN_POINT('',(-0.0630084832640481,-0.006925,0.0047868872278295));
#12297=CARTESIAN_POINT('',(-0.0630084832640481,-0.006925,0.0047868872278295));
#12298=CARTESIAN_POINT('',(-0.0633699223263772,-0.006925,0.00412972529632201));
#12299=CARTESIAN_POINT('',(-0.0630084832640481,-0.0092125,0.0047868872278295));
#12300=CARTESIAN_POINT('',(-0.066951454853093,-0.0092125,0.00695552160180421));
#12301=CARTESIAN_POINT('',(-0.066951454853093,-0.01275,0.00695552160180421));
#12302=CARTESIAN_POINT('',(0.158558149163949,-0.01275,-0.117074760607569));
#12303=CARTESIAN_POINT('',(-0.0642789963316292,-0.01275,0.00548566941499914));
#12304=CARTESIAN_POINT('',(-0.0642789963316292,-0.012125,0.00548566941499914));
#12305=CARTESIAN_POINT('',(-0.0630084832640481,-0.0092125,0.0047868872278295));
#12306=CARTESIAN_POINT('',(-0.0583671567076429,2.45996605534165E-17,0.0132256627849298));
#12307=CARTESIAN_POINT('',(-0.0596376697752241,2.48330500176397E-17,0.0139244449720994));
#12308=CARTESIAN_POINT('',(-0.0514479096189456,0.01275,0.0288149179835149));
#12309=CARTESIAN_POINT('',(0.171389235876633,0.01275,-0.093745512039053));
#12310=CARTESIAN_POINT('',(-0.0541203681404094,0.01275,0.03028477017032));
#12311=CARTESIAN_POINT('',(-0.0596376697752241,2.48330500176397E-17,0.0139244449720994));
#12312=CARTESIAN_POINT('',(-0.0581345322720343,-0.01275,0.0166574222506264));
#12313=CARTESIAN_POINT('',(0.164702613223543,-0.01275,-0.105903007771941));
#12314=CARTESIAN_POINT('',(-0.060806990793498,-0.01275,0.0181272744374315));
#12315=CARTESIAN_POINT('',(-0.0663490564158778,-0.0092125,0.00805079148765002));
#12316=CARTESIAN_POINT('',(-0.0663490564158778,-0.0092125,0.00805079148765002));
#12317=CARTESIAN_POINT('',(-0.0623101282966878,2.53239726837644E-17,0.0153942971589045));
#12318=CARTESIAN_POINT('',(-0.0663490564158778,0.0092125,0.00805079148765001));
#12319=CARTESIAN_POINT('',(-0.0663490564158778,0.0092125,0.00805079148765001));
#12320=CARTESIAN_POINT('',(-0.0623101282966878,2.53239726837644E-17,0.0153942971589045));
#12321=CARTESIAN_POINT('',(-0.0663490564158778,1.34891665419054E-17,0.00805079148765001));
#12322=CARTESIAN_POINT('',(-0.0663490564158778,1.34891665419054E-17,0.00805079148765001));
#12323=CARTESIAN_POINT('',(-0.0623101282966878,2.53239726837644E-17,0.0153942971589045));
#12324=CARTESIAN_POINT('',(-0.0306829185938058,-0.0306829185938057,-1.03948721751484E-5));
#12325=CARTESIAN_POINT('',(-0.0427646937045772,-0.0427646937045771,0.0093870207483819));
#12326=CARTESIAN_POINT('',(-0.0355773504259751,-0.0193138944586845,0.00831365626025299));
#12327=CARTESIAN_POINT('',(-0.0543660596687517,-0.038102603701461,0.0098032233050033));
#12328=CARTESIAN_POINT('',(-0.0550475957006413,-0.0387841397333507,0.00805079148765002));
#12329=CARTESIAN_POINT('',(-0.0487325710831747,-0.0324691151158841,0.0305137135310958));
#12330=CARTESIAN_POINT('',(-0.0550475957006413,-0.0387841397333507,0.00805079148765002));
#12331=CARTESIAN_POINT('',(-0.0510679470099686,-0.0380395045666065,0.0047868872278295));
#12332=CARTESIAN_POINT('',(-0.0538560489586081,-0.040827606515246,0.00695552160180421));
#12333=CARTESIAN_POINT('',(-0.0522385421966439,-0.0424451132772102,0.0069555216018042));
#12334=CARTESIAN_POINT('',(-0.0563574391970555,-0.0383262162767985,0.00695552160180418));
#12335=CARTESIAN_POINT('',(-0.0494504402480044,-0.0396570113285707,0.0047868872278295));
#12336=CARTESIAN_POINT('',(-0.0494504402480044,-0.0396570113285707,0.0047868872278295));
#12337=CARTESIAN_POINT('',(-0.0510679470099686,-0.0380395045666065,0.0047868872278295));
#12338=CARTESIAN_POINT('',(-0.0540257839158471,-0.0368784444720733,0.00548566941499909));
#12339=CARTESIAN_POINT('',(-0.0544677256540888,-0.0364365027338317,0.00548566941499912));
#12340=CARTESIAN_POINT('',(0.103101931026088,0.121133153946345,-0.117074760607569));
#12341=CARTESIAN_POINT('',(-0.049706016259963,-0.0399125873405293,0.00412972529632201));
#12342=CARTESIAN_POINT('',(-0.0499615922719216,-0.0401681633524879,0.00347256336481453));
#12343=CARTESIAN_POINT('',(-0.0499615922719216,-0.0401681633524879,0.00347256336481453));
#12344=CARTESIAN_POINT('',(-0.049706016259963,-0.0399125873405293,0.00412972529632201));
#12345=CARTESIAN_POINT('',(-0.0520255621866784,-0.0422321332672447,0.00750315654472711));
#12346=CARTESIAN_POINT('',(-0.0518125821767129,-0.0420191532572791,0.00805079148765001));
#12347=CARTESIAN_POINT('',(-0.0518125821767129,-0.0420191532572791,0.00805079148765001));
#12348=CARTESIAN_POINT('',(-0.0481938253189552,-0.0419359303054543,0.00347256336481452));
#12349=CARTESIAN_POINT('',(-0.0464260583659889,-0.0437036972584207,0.00347256336481453));
#12350=CARTESIAN_POINT('',(-0.0464260583659889,-0.0437036972584207,0.00347256336481453));
#12351=CARTESIAN_POINT('',(-0.0481938253189552,-0.0419359303054543,0.00347256336481452));
#12352=CARTESIAN_POINT('',(-0.0461704823540302,-0.043448121246462,0.00412972529632201));
#12353=CARTESIAN_POINT('',(-0.0482770482707801,-0.0455546871632119,0.00805079148765001));
#12354=CARTESIAN_POINT('',(-0.0482770482707801,-0.0455546871632119,0.00805079148765001));
#12355=CARTESIAN_POINT('',(-0.0484900282807457,-0.0457676671731774,0.00750315654472711));
#12356=CARTESIAN_POINT('',(-0.0487030082907112,-0.0459806471831429,0.0069555216018042));
#12357=CARTESIAN_POINT('',(-0.0459149063420716,-0.0431925452345034,0.00478688722782949));
#12358=CARTESIAN_POINT('',(-0.0459149063420716,-0.0431925452345034,0.00478688722782949));
#12359=CARTESIAN_POINT('',(-0.0461704823540302,-0.043448121246462,0.00412972529632201));
#12360=CARTESIAN_POINT('',(-0.0445537257882875,-0.0445537257882875,0.0047868872278295));
#12361=CARTESIAN_POINT('',(-0.0473418277369271,-0.047341827736927,0.00695552160180421));
#12362=CARTESIAN_POINT('',(-0.045980647183143,-0.0487030082907112,0.0069555216018042));
#12363=CARTESIAN_POINT('',(-0.0431925452345034,-0.0459149063420716,0.0047868872278295));
#12364=CARTESIAN_POINT('',(-0.0431925452345034,-0.0459149063420716,0.0047868872278295));
#12365=CARTESIAN_POINT('',(-0.0445537257882875,-0.0445537257882875,0.0047868872278295));
#12366=CARTESIAN_POINT('',(-0.0434481212464621,-0.0461704823540302,0.00412972529632201));
#12367=CARTESIAN_POINT('',(-0.0437036972584207,-0.0464260583659888,0.00347256336481453));
#12368=CARTESIAN_POINT('',(-0.0437036972584207,-0.0464260583659888,0.00347256336481453));
#12369=CARTESIAN_POINT('',(-0.0434481212464621,-0.0461704823540302,0.00412972529632201));
#12370=CARTESIAN_POINT('',(-0.0457676671731775,-0.0484900282807456,0.00750315654472711));
#12371=CARTESIAN_POINT('',(-0.0455546871632119,-0.0482770482707801,0.00805079148765001));
#12372=CARTESIAN_POINT('',(-0.0455546871632119,-0.0482770482707801,0.00805079148765001));
#12373=CARTESIAN_POINT('',(-0.0419359303054543,-0.0481938253189552,0.00347256336481453));
#12374=CARTESIAN_POINT('',(-0.0401681633524879,-0.0499615922719216,0.00347256336481452));
#12375=CARTESIAN_POINT('',(-0.0401681633524879,-0.0499615922719216,0.00347256336481452));
#12376=CARTESIAN_POINT('',(-0.0419359303054543,-0.0481938253189552,0.00347256336481453));
#12377=CARTESIAN_POINT('',(-0.0399125873405293,-0.049706016259963,0.00412972529632201));
#12378=CARTESIAN_POINT('',(-0.0420191532572792,-0.0518125821767128,0.00805079148765002));
#12379=CARTESIAN_POINT('',(-0.0420191532572792,-0.0518125821767128,0.00805079148765002));
#12380=CARTESIAN_POINT('',(-0.0422321332672447,-0.0520255621866784,0.00750315654472711));
#12381=CARTESIAN_POINT('',(-0.0424451132772102,-0.0522385421966439,0.0069555216018042));
#12382=CARTESIAN_POINT('',(-0.0396570113285707,-0.0494504402480043,0.0047868872278295));
#12383=CARTESIAN_POINT('',(-0.0396570113285707,-0.0494504402480043,0.0047868872278295));
#12384=CARTESIAN_POINT('',(-0.0399125873405293,-0.049706016259963,0.00412972529632201));
#12385=CARTESIAN_POINT('',(-0.0380395045666065,-0.0510679470099686,0.0047868872278295));
#12386=CARTESIAN_POINT('',(-0.040827606515246,-0.0538560489586081,0.00695552160180421));
#12387=CARTESIAN_POINT('',(-0.0383262162767986,-0.0563574391970555,0.00695552160180421));
#12388=CARTESIAN_POINT('',(0.121133153946345,0.103101931026088,-0.117074760607569));
#12389=CARTESIAN_POINT('',(-0.0364365027338318,-0.0544677256540887,0.00548566941499914));
#12390=CARTESIAN_POINT('',(-0.0368784444720734,-0.0540257839158471,0.00548566941499911));
#12391=CARTESIAN_POINT('',(-0.0380395045666065,-0.0510679470099686,0.0047868872278295));
#12392=CARTESIAN_POINT('',(-0.0412718123065522,-0.0412718123065522,0.0132256627849298));
#12393=CARTESIAN_POINT('',(-0.042170200712225,-0.042170200712225,0.0139244449720994));
#12394=CARTESIAN_POINT('',(-0.0453947772295576,-0.0273635543093005,0.0288149179835149));
#12395=CARTESIAN_POINT('',(0.112174879450619,0.130206102370876,-0.0937455120390531));
#12396=CARTESIAN_POINT('',(-0.0472844907725243,-0.0292532678522673,0.03028477017032));
#12397=CARTESIAN_POINT('',(-0.042170200712225,-0.042170200712225,0.0139244449720994));
#12398=CARTESIAN_POINT('',(-0.0320917105305352,-0.0501229334507921,0.0166574222506264));
#12399=CARTESIAN_POINT('',(0.125477946149641,0.107446723229384,-0.105903007771941));
#12400=CARTESIAN_POINT('',(-0.033981424073502,-0.0520126469937589,0.0181272744374315));
#12401=CARTESIAN_POINT('',(-0.0404016464953149,-0.0534300889386771,0.00805079148765002));
#12402=CARTESIAN_POINT('',(-0.0404016464953149,-0.0534300889386771,0.00805079148765002));
#12403=CARTESIAN_POINT('',(-0.0440599142551917,-0.0440599142551917,0.0153942971589045));
#12404=CARTESIAN_POINT('',(-0.0534300889386771,-0.0404016464953149,0.00805079148765001));
#12405=CARTESIAN_POINT('',(-0.0534300889386771,-0.0404016464953149,0.00805079148765001));
#12406=CARTESIAN_POINT('',(-0.0440599142551917,-0.0440599142551917,0.0153942971589045));
#12407=CARTESIAN_POINT('',(-0.046915867716996,-0.046915867716996,0.00805079148765001));
#12408=CARTESIAN_POINT('',(-0.046915867716996,-0.046915867716996,0.00805079148765001));
#12409=CARTESIAN_POINT('',(-0.0440599142551917,-0.0440599142551917,0.0153942971589045));
#12410=CARTESIAN_POINT('',(-0.0537264751102462,0.0222542346491646,0.0285063200179943));
#12411=CARTESIAN_POINT('',(-0.0562111172900348,0.0232834071376773,0.0327085238312809));
#12412=CARTESIAN_POINT('',(-0.0583550573299585,0.0241714561791284,0.0270588641365413));
#12413=CARTESIAN_POINT('',(-0.0562111172900348,0.0232834071376773,0.0327085238312809));
#12414=CARTESIAN_POINT('',(0.0222542346491645,0.0537264751102462,0.0285063200179942));
#12415=CARTESIAN_POINT('',(0.0232834071376772,0.0562111172900348,0.0327085238312809));
#12416=CARTESIAN_POINT('',(0.0241714561791283,0.0583550573299586,0.0270588641365413));
#12417=CARTESIAN_POINT('',(0.0232834071376772,0.0562111172900348,0.0327085238312809));
#12418=CARTESIAN_POINT('',(0.0537264751102462,-0.0222542346491645,0.0285063200179942));
#12419=CARTESIAN_POINT('',(0.0562111172900348,-0.0232834071376773,0.0327085238312809));
#12420=CARTESIAN_POINT('',(0.0583550573299586,-0.0241714561791283,0.0270588641365413));
#12421=CARTESIAN_POINT('',(0.0562111172900348,-0.0232834071376773,0.0327085238312809));
#12422=CARTESIAN_POINT('',(-0.0222542346491645,-0.0537264751102462,0.0285063200179942));
#12423=CARTESIAN_POINT('',(-0.0232834071376772,-0.0562111172900348,0.0327085238312809));
#12424=CARTESIAN_POINT('',(-0.0241714561791283,-0.0583550573299586,0.0270588641365413));
#12425=CARTESIAN_POINT('',(-0.0232834071376772,-0.0562111172900348,0.0327085238312809));
#12426=CARTESIAN_POINT('',(0.0574182629551366,-6.93889390390723E-18,0.0305137135310958));
#12427=CARTESIAN_POINT('',(0.0406008430995294,0.0406008430995294,0.0305137135310958));
#12428=CARTESIAN_POINT('',(0.0574182629551366,0.0237834232439223,0.0305137135310958));
#12429=CARTESIAN_POINT('',(0.0534182629551366,0.0221265689944299,0.032002));
#12430=CARTESIAN_POINT('',(0.0554182629551366,0.0221265689944299,0.0310388996268596));
#12431=CARTESIAN_POINT('',(0.0554182629551366,0.0223648394386023,0.031176494516487));
#12432=CARTESIAN_POINT('',(0.0553233116334652,0.0229134327944224,0.031258534078355));
#12433=CARTESIAN_POINT('',(0.0550006012279609,0.0233726578463518,0.0311762022002305));
#12434=CARTESIAN_POINT('',(0.0548324765175097,0.023540782556803,0.0310388996268596));
#12435=CARTESIAN_POINT('',(0.0574182629551366,-6.93889390390723E-18,0.0305137135310958));
#12436=CARTESIAN_POINT('',(0.0574182629551366,0.0237834232439223,0.0305137135310958));
#12437=CARTESIAN_POINT('',(0.0406008430995294,0.0406008430995294,0.0305137135310958));
#12438=CARTESIAN_POINT('',(1.04893031295496E-17,0.0574182629551366,0.0305137135310958));
#12439=CARTESIAN_POINT('',(-0.0406008430995294,0.0406008430995294,0.0305137135310958));
#12440=CARTESIAN_POINT('',(-0.0237834232439223,0.0574182629551366,0.0305137135310958));
#12441=CARTESIAN_POINT('',(-0.0221265689944299,0.0534182629551366,0.032002));
#12442=CARTESIAN_POINT('',(-0.0221265689944299,0.0554182629551366,0.0310388996268596));
#12443=CARTESIAN_POINT('',(-0.0223648394386023,0.0554182629551366,0.0311764945164871));
#12444=CARTESIAN_POINT('',(-0.0229134327944224,0.0553233116334652,0.0312585340783551));
#12445=CARTESIAN_POINT('',(-0.0233726578463518,0.0550006012279609,0.0311762022002305));
#12446=CARTESIAN_POINT('',(-0.023540782556803,0.0548324765175097,0.0310388996268596));
#12447=CARTESIAN_POINT('',(1.04893031295496E-17,0.0574182629551366,0.0305137135310958));
#12448=CARTESIAN_POINT('',(-0.0237834232439223,0.0574182629551366,0.0305137135310958));
#12449=CARTESIAN_POINT('',(-0.0406008430995294,0.0406008430995294,0.0305137135310958));
#12450=CARTESIAN_POINT('',(-0.0574182629551366,9.85899836943798E-18,0.0305137135310957));
#12451=CARTESIAN_POINT('',(-0.0406008430995294,-0.0406008430995294,0.0305137135310958));
#12452=CARTESIAN_POINT('',(-0.0574182629551366,-0.0237834232439223,0.0305137135310958));
#12453=CARTESIAN_POINT('',(-0.0534182629551366,-0.0221265689944299,0.032002));
#12454=CARTESIAN_POINT('',(-0.0554182629551366,-0.0221265689944299,0.0310388996268595));
#12455=CARTESIAN_POINT('',(-0.0554182629551366,-0.0223648394386023,0.031176494516487));
#12456=CARTESIAN_POINT('',(-0.0553233116334652,-0.0229134327944224,0.0312585340783551));
#12457=CARTESIAN_POINT('',(-0.0550006012279609,-0.0233726578463518,0.0311762022002304));
#12458=CARTESIAN_POINT('',(-0.0548324765175097,-0.023540782556803,0.0310388996268596));
#12459=CARTESIAN_POINT('',(-0.0574182629551366,9.85899836943798E-18,0.0305137135310957));
#12460=CARTESIAN_POINT('',(-0.0574182629551366,-0.0237834232439223,0.0305137135310958));
#12461=CARTESIAN_POINT('',(-0.0406008430995294,-0.0406008430995294,0.0305137135310958));
#12462=CARTESIAN_POINT('',(0.,-0.0574182629551366,0.0305137135310958));
#12463=CARTESIAN_POINT('',(0.0406008430995294,-0.0406008430995294,0.0305137135310958));
#12464=CARTESIAN_POINT('',(0.,-0.0574182629551366,0.0305137135310958));
#12465=CARTESIAN_POINT('',(0.0237834232439223,-0.0574182629551366,0.0305137135310958));
#12466=CARTESIAN_POINT('',(0.0221265689944299,-0.0534182629551366,0.032002));
#12467=CARTESIAN_POINT('',(0.0221265689944299,-0.0554182629551366,0.0310388996268596));
#12468=CARTESIAN_POINT('',(0.0223648394386023,-0.0554182629551366,0.0311764945164871));
#12469=CARTESIAN_POINT('',(0.0229134327944224,-0.0553233116334652,0.0312585340783552));
#12470=CARTESIAN_POINT('',(0.0233726578463518,-0.0550006012279609,0.0311762022002305));
#12471=CARTESIAN_POINT('',(0.023540782556803,-0.0548324765175097,0.0310388996268596));
#12472=CARTESIAN_POINT('',(0.0406008430995294,-0.0406008430995294,0.0305137135310958));
#12473=CARTESIAN_POINT('',(0.0237834232439223,-0.0574182629551366,0.0305137135310958));
#12474=CARTESIAN_POINT('',(0.0353553390593273,-0.0353553390593274,0.0305137135310958));
#12475=CARTESIAN_POINT('',(0.05,-0.0207106781186547,0.0305137135310958));
#12476=CARTESIAN_POINT('',(0.0459372571238972,-0.0190278349189383,0.0296003644254548));
#12477=CARTESIAN_POINT('',(0.0464951363652934,-0.019258916066891,0.0285860385320072));
#12478=CARTESIAN_POINT('',(0.05,-2.88183153032591E-17,0.0305137135310958));
#12479=CARTESIAN_POINT('',(0.05,-0.0207106781186547,0.0305137135310958));
#12480=CARTESIAN_POINT('',(0.0474142135623731,-0.0204680374315355,0.0305137135310958));
#12481=CARTESIAN_POINT('',(0.048,-0.0198822509939086,0.0305137135310957));
#12482=CARTESIAN_POINT('',(0.048,-0.0190538238691624,0.0305137135310957));
#12483=CARTESIAN_POINT('',(0.0474142135623748,-0.0204680374315337,0.0301784847168247));
#12484=CARTESIAN_POINT('',(0.0480000000000024,-0.0198822509939038,0.0302360008997623));
#12485=CARTESIAN_POINT('',(0.048,-0.0190538238691624,0.0301784847168247));
#12486=CARTESIAN_POINT('',(0.0475254219428804,-0.0204784728168697,0.0298436088514262));
#12487=CARTESIAN_POINT('',(0.0480505160338902,-0.0199031754202626,0.029957190738341));
#12488=CARTESIAN_POINT('',(0.0480860151317145,-0.0191250811374158,0.0298436088514282));
#12489=CARTESIAN_POINT('',(0.047734292786911,-0.0204980724885086,0.0295498760315514));
#12490=CARTESIAN_POINT('',(0.0481804147931608,-0.0199569812480885,0.029671973103344));
#12491=CARTESIAN_POINT('',(0.0482475681826467,-0.019258916066891,0.0295498760315514));
#12492=CARTESIAN_POINT('',(0.046,-0.0190538238691624,0.0305137135310958));
#12493=CARTESIAN_POINT('',(0.046,-0.0190538238691624,0.032));
#12494=CARTESIAN_POINT('',(0.05,-2.88183153032591E-17,0.0305137135310958));
#12495=CARTESIAN_POINT('',(0.05,0.0207106781186547,0.0305137135310958));
#12496=CARTESIAN_POINT('',(0.0459372571238972,0.0190278349189383,0.0296003644254548));
#12497=CARTESIAN_POINT('',(0.0464951363652934,0.019258916066891,0.0285860385320072));
#12498=CARTESIAN_POINT('',(0.0353553390593274,0.0353553390593273,0.0305137135310958));
#12499=CARTESIAN_POINT('',(0.05,0.0207106781186547,0.0305137135310958));
#12500=CARTESIAN_POINT('',(0.048,0.0190538238691624,0.0305137135310958));
#12501=CARTESIAN_POINT('',(0.048,0.0198822509939086,0.0305137135310958));
#12502=CARTESIAN_POINT('',(0.0474142135623731,0.0204680374315355,0.0305137135310958));
#12503=CARTESIAN_POINT('',(0.048,0.0190538238691624,0.0301784847168293));
#12504=CARTESIAN_POINT('',(0.0480000000000088,0.0198822509938953,0.0302360008997635));
#12505=CARTESIAN_POINT('',(0.0474142135623743,0.0204680374315343,0.0301784847168293));
#12506=CARTESIAN_POINT('',(0.0480860151317147,0.0191250811374122,0.0298436088514279));
#12507=CARTESIAN_POINT('',(0.0480505160338851,0.0199031754202639,0.0299571907383411));
#12508=CARTESIAN_POINT('',(0.0475254219428877,0.0204784728168628,0.0298436088514257));
#12509=CARTESIAN_POINT('',(0.0482475681826467,0.019258916066891,0.0295498760315514));
#12510=CARTESIAN_POINT('',(0.0481804147931608,0.0199569812480885,0.029671973103344));
#12511=CARTESIAN_POINT('',(0.047734292786911,0.0204980724885086,0.0295498760315515));
#12512=CARTESIAN_POINT('',(0.046,0.0190538238691624,0.0305137135310958));
#12513=CARTESIAN_POINT('',(0.046,0.0190538238691624,0.032));
#12514=CARTESIAN_POINT('',(0.0353553390593274,0.0353553390593273,0.0305137135310958));
#12515=CARTESIAN_POINT('',(0.0207106781186547,0.05,0.0305137135310958));
#12516=CARTESIAN_POINT('',(0.0190278349189383,0.0459372571238972,0.0296003644254548));
#12517=CARTESIAN_POINT('',(0.019258916066891,0.0464951363652934,0.0285860385320072));
#12518=CARTESIAN_POINT('',(1.34529901516705E-17,0.05,0.0305137135310958));
#12519=CARTESIAN_POINT('',(0.0207106781186547,0.05,0.0305137135310958));
#12520=CARTESIAN_POINT('',(0.0204680374315355,0.0474142135623731,0.0305137135310958));
#12521=CARTESIAN_POINT('',(0.0198822509939086,0.048,0.0305137135310958));
#12522=CARTESIAN_POINT('',(0.0190538238691624,0.048,0.0305137135310958));
#12523=CARTESIAN_POINT('',(0.0204680374315337,0.0474142135623748,0.0301784847168294));
#12524=CARTESIAN_POINT('',(0.0198822509939038,0.0480000000000024,0.0302360008997548));
#12525=CARTESIAN_POINT('',(0.0190538238691624,0.048,0.0301784847168247));
#12526=CARTESIAN_POINT('',(0.020478472816866,0.0475254219428862,0.0298436088514234));
#12527=CARTESIAN_POINT('',(0.0199031754202667,0.0480505160338924,0.0299571907383395));
#12528=CARTESIAN_POINT('',(0.0191250811374158,0.0480860151317147,0.0298436088514279));
#12529=CARTESIAN_POINT('',(0.0204980724885086,0.047734292786911,0.0295498760315515));
#12530=CARTESIAN_POINT('',(0.0199569812480885,0.0481804147931608,0.029671973103344));
#12531=CARTESIAN_POINT('',(0.019258916066891,0.0482475681826467,0.0295498760315514));
#12532=CARTESIAN_POINT('',(0.0190538238691624,0.046,0.0305137135310958));
#12533=CARTESIAN_POINT('',(0.0190538238691624,0.046,0.032));
#12534=CARTESIAN_POINT('',(1.34529901516705E-17,0.05,0.0305137135310958));
#12535=CARTESIAN_POINT('',(-0.0207106781186547,0.05,0.0305137135310958));
#12536=CARTESIAN_POINT('',(-0.0190278349189383,0.0459372571238972,0.0296003644254548));
#12537=CARTESIAN_POINT('',(-0.019258916066891,0.0464951363652934,0.0285860385320072));
#12538=CARTESIAN_POINT('',(-0.0353553390593273,0.0353553390593274,0.0305137135310958));
#12539=CARTESIAN_POINT('',(-0.0207106781186547,0.05,0.0305137135310958));
#12540=CARTESIAN_POINT('',(-0.0190538238691624,0.048,0.0305137135310958));
#12541=CARTESIAN_POINT('',(-0.0198822509939086,0.048,0.0305137135310958));
#12542=CARTESIAN_POINT('',(-0.0204680374315355,0.0474142135623731,0.0305137135310958));
#12543=CARTESIAN_POINT('',(-0.0190538238691624,0.048,0.0301784847168247));
#12544=CARTESIAN_POINT('',(-0.0198822509938953,0.0480000000000088,0.030236000899756));
#12545=CARTESIAN_POINT('',(-0.0204680374315343,0.0474142135623743,0.0301784847168247));
#12546=CARTESIAN_POINT('',(-0.0191250811374122,0.0480860151317146,0.0298436088514279));
#12547=CARTESIAN_POINT('',(-0.0199031754202596,0.0480505160338834,0.0299571907383403));
#12548=CARTESIAN_POINT('',(-0.0204784728168631,0.047525421942888,0.0298436088514248));
#12549=CARTESIAN_POINT('',(-0.019258916066891,0.0482475681826467,0.0295498760315514));
#12550=CARTESIAN_POINT('',(-0.0199569812480885,0.0481804147931608,0.029671973103344));
#12551=CARTESIAN_POINT('',(-0.0204980724885086,0.047734292786911,0.0295498760315515));
#12552=CARTESIAN_POINT('',(-0.0190538238691624,0.046,0.0305137135310958));
#12553=CARTESIAN_POINT('',(-0.0190538238691624,0.046,0.032));
#12554=CARTESIAN_POINT('',(-0.0353553390593273,0.0353553390593274,0.0305137135310958));
#12555=CARTESIAN_POINT('',(-0.05,0.0207106781186548,0.0305137135310958));
#12556=CARTESIAN_POINT('',(-0.0459372571238972,0.0190278349189383,0.0296003644254548));
#12557=CARTESIAN_POINT('',(-0.0464951363652934,0.019258916066891,0.0285860385320072));
#12558=CARTESIAN_POINT('',(-0.05,1.24968226517115E-17,0.0305137135310958));
#12559=CARTESIAN_POINT('',(-0.05,0.0207106781186548,0.0305137135310958));
#12560=CARTESIAN_POINT('',(-0.0474142135623731,0.0204680374315355,0.0305137135310958));
#12561=CARTESIAN_POINT('',(-0.048,0.0198822509939086,0.0305137135310958));
#12562=CARTESIAN_POINT('',(-0.048,0.0190538238691624,0.0305137135310958));
#12563=CARTESIAN_POINT('',(-0.0474142135623777,0.0204680374315309,0.0301784847168247));
#12564=CARTESIAN_POINT('',(-0.0480000000000032,0.0198822509938908,0.0302360008997552));
#12565=CARTESIAN_POINT('',(-0.048,0.0190538238691624,0.0301784847168247));
#12566=CARTESIAN_POINT('',(-0.0475254219428877,0.0204784728168628,0.0298436088514257));
#12567=CARTESIAN_POINT('',(-0.0480505160338865,0.0199031754202618,0.029957190738341));
#12568=CARTESIAN_POINT('',(-0.0480860151317162,0.0191250811374158,0.0298436088514252));
#12569=CARTESIAN_POINT('',(-0.047734292786911,0.0204980724885086,0.0295498760315515));
#12570=CARTESIAN_POINT('',(-0.0481804147931608,0.0199569812480885,0.029671973103344));
#12571=CARTESIAN_POINT('',(-0.0482475681826467,0.0192589160668911,0.0295498760315514));
#12572=CARTESIAN_POINT('',(-0.046,0.0190538238691624,0.0305137135310958));
#12573=CARTESIAN_POINT('',(-0.046,0.0190538238691624,0.032));
#12574=CARTESIAN_POINT('',(-0.05,1.24968226517115E-17,0.0305137135310958));
#12575=CARTESIAN_POINT('',(-0.05,-0.0207106781186547,0.0305137135310958));
#12576=CARTESIAN_POINT('',(-0.0459372571238972,-0.0190278349189383,0.0296003644254548));
#12577=CARTESIAN_POINT('',(-0.0464951363652934,-0.019258916066891,0.0285860385320072));
#12578=CARTESIAN_POINT('',(-0.0353553390593274,-0.0353553390593273,0.0305137135310958));
#12579=CARTESIAN_POINT('',(-0.05,-0.0207106781186547,0.0305137135310958));
#12580=CARTESIAN_POINT('',(-0.048,-0.0190538238691624,0.0305137135310958));
#12581=CARTESIAN_POINT('',(-0.048,-0.0198822509939086,0.0305137135310958));
#12582=CARTESIAN_POINT('',(-0.0474142135623731,-0.0204680374315355,0.0305137135310958));
#12583=CARTESIAN_POINT('',(-0.048,-0.0190538238691624,0.0301784847168293));
#12584=CARTESIAN_POINT('',(-0.048,-0.0198822509939019,0.0302360008997622));
#12585=CARTESIAN_POINT('',(-0.0474142135623737,-0.0204680374315349,0.0301784847168247));
#12586=CARTESIAN_POINT('',(-0.0480860151317162,-0.0191250811374122,0.0298436088514252));
#12587=CARTESIAN_POINT('',(-0.0480505160338875,-0.0199031754202543,0.0299571907383362));
#12588=CARTESIAN_POINT('',(-0.0475254219428832,-0.0204784728168666,0.0298436088514266));
#12589=CARTESIAN_POINT('',(-0.0482475681826467,-0.019258916066891,0.0295498760315514));
#12590=CARTESIAN_POINT('',(-0.0481804147931608,-0.0199569812480885,0.029671973103344));
#12591=CARTESIAN_POINT('',(-0.047734292786911,-0.0204980724885086,0.0295498760315515));
#12592=CARTESIAN_POINT('',(-0.046,-0.0190538238691624,0.0305137135310958));
#12593=CARTESIAN_POINT('',(-0.046,-0.0190538238691624,0.032));
#12594=CARTESIAN_POINT('',(-0.0353553390593274,-0.0353553390593273,0.0305137135310958));
#12595=CARTESIAN_POINT('',(-0.0207106781186547,-0.05,0.0305137135310958));
#12596=CARTESIAN_POINT('',(-0.0190278349189383,-0.0459372571238972,0.0296003644254548));
#12597=CARTESIAN_POINT('',(-0.019258916066891,-0.0464951363652934,0.0285860385320072));
#12598=CARTESIAN_POINT('',(-2.88183153032591E-17,-0.05,0.0305137135310958));
#12599=CARTESIAN_POINT('',(-0.0207106781186547,-0.05,0.0305137135310958));
#12600=CARTESIAN_POINT('',(-0.0204680374315355,-0.0474142135623731,0.0305137135310958));
#12601=CARTESIAN_POINT('',(-0.0198822509939086,-0.048,0.0305137135310958));
#12602=CARTESIAN_POINT('',(-0.0190538238691624,-0.048,0.0305137135310958));
#12603=CARTESIAN_POINT('',(-0.0204680374315349,-0.0474142135623737,0.0301784847168294));
#12604=CARTESIAN_POINT('',(-0.0198822509939019,-0.048,0.0302360008997572));
#12605=CARTESIAN_POINT('',(-0.0190538238691624,-0.048,0.0301784847168247));
#12606=CARTESIAN_POINT('',(-0.020478472816871,-0.0475254219428805,0.0298436088514245));
#12607=CARTESIAN_POINT('',(-0.0199031754202649,-0.048050516033902,0.0299571907383395));
#12608=CARTESIAN_POINT('',(-0.0191250811374158,-0.0480860151317162,0.0298436088514252));
#12609=CARTESIAN_POINT('',(-0.0204980724885086,-0.047734292786911,0.0295498760315515));
#12610=CARTESIAN_POINT('',(-0.0199569812480885,-0.0481804147931608,0.029671973103344));
#12611=CARTESIAN_POINT('',(-0.019258916066891,-0.0482475681826467,0.0295498760315515));
#12612=CARTESIAN_POINT('',(-0.0190538238691624,-0.046,0.0305137135310958));
#12613=CARTESIAN_POINT('',(-0.0190538238691624,-0.046,0.032));
#12614=CARTESIAN_POINT('',(-2.88183153032591E-17,-0.05,0.0305137135310958));
#12615=CARTESIAN_POINT('',(0.0207106781186547,-0.05,0.0305137135310958));
#12616=CARTESIAN_POINT('',(0.0190278349189382,-0.0459372571238972,0.0296003644254548));
#12617=CARTESIAN_POINT('',(0.0192589160668909,-0.0464951363652935,0.0285860385320071));
#12618=CARTESIAN_POINT('',(0.0353553390593273,-0.0353553390593274,0.0305137135310958));
#12619=CARTESIAN_POINT('',(0.0207106781186547,-0.05,0.0305137135310958));
#12620=CARTESIAN_POINT('',(0.0190538238691624,-0.048,0.0305137135310958));
#12621=CARTESIAN_POINT('',(0.0198822509939086,-0.048,0.0305137135310958));
#12622=CARTESIAN_POINT('',(0.0204680374315355,-0.0474142135623731,0.0305137135310958));
#12623=CARTESIAN_POINT('',(0.0190538238691624,-0.048,0.0301784847168253));
#12624=CARTESIAN_POINT('',(0.0198822509938953,-0.0480000000000088,0.0302360008997577));
#12625=CARTESIAN_POINT('',(0.0204680374315343,-0.0474142135623743,0.0301784847168253));
#12626=CARTESIAN_POINT('',(0.019125081137416,-0.0480860151317155,0.0298436088514264));
#12627=CARTESIAN_POINT('',(0.0199031754202593,-0.0480505160339034,0.0299571907383385));
#12628=CARTESIAN_POINT('',(0.0204784728168621,-0.0475254219428874,0.029843608851427));
#12629=CARTESIAN_POINT('',(0.019258916066891,-0.0482475681826467,0.0295498760315515));
#12630=CARTESIAN_POINT('',(0.0199569812480885,-0.0481804147931608,0.029671973103344));
#12631=CARTESIAN_POINT('',(0.0204980724885086,-0.047734292786911,0.0295498760315515));
#12632=CARTESIAN_POINT('',(0.0190538238691624,-0.046,0.0305137135310958));
#12633=CARTESIAN_POINT('',(0.0190538238691624,-0.046,0.032));
#12634=CARTESIAN_POINT('',(0.0601301118885262,0.,0.0255830791067512));
#12635=CARTESIAN_POINT('',(0.0601301118885262,-0.0224108516876396,0.0255830791067512));
#12636=CARTESIAN_POINT('',(0.0583539944072914,-0.0241819159748177,0.0270636030086897));
#12637=CARTESIAN_POINT('',(0.0575820212098143,-0.0243741324777405,0.0260658940824043));
#12638=CARTESIAN_POINT('',(0.0581563414790987,-0.0248302865062689,0.0250216754109781));
#12639=CARTESIAN_POINT('',(0.0584136429232777,-0.0235974310687226,0.0267981126417422));
#12640=CARTESIAN_POINT('',(0.0577273235993076,-0.0237485010393778,0.0258017079197138));
#12641=CARTESIAN_POINT('',(0.0583024956101985,-0.0240379565470114,0.0247559406271603));
#12642=CARTESIAN_POINT('',(0.0584321682757429,-0.0229958346076016,0.0266409752264583));
#12643=CARTESIAN_POINT('',(0.0578129260777523,-0.023074531048298,0.0256460670497836));
#12644=CARTESIAN_POINT('',(0.0583776800711735,-0.0232161210917327,0.0246192416072058));
#12645=CARTESIAN_POINT('',(0.0584085319456991,-0.0224108516876396,0.026600999781684));
#12646=CARTESIAN_POINT('',(0.0578278567039974,-0.0224108516876396,0.0256189204566168));
#12647=CARTESIAN_POINT('',(0.0583776800711729,-0.0224108516876396,0.0246192416072068));
#12648=CARTESIAN_POINT('',(0.0583738602303213,-0.0227274825437068,0.0246261867723915));
#12649=CARTESIAN_POINT('',(0.0583114774624404,-0.0226620166135102,0.0247396099867204));
#12650=CARTESIAN_POINT('',(0.0582078107927106,-0.0225433098715264,0.0249837974772188));
#12651=CARTESIAN_POINT('',(0.0581231379607394,-0.0224203847310695,0.0253892176930103));
#12652=CARTESIAN_POINT('',(0.0581320154106505,-0.0224203454066066,0.025842913641512));
#12653=CARTESIAN_POINT('',(0.0582179562931172,-0.0226834883172994,0.026200195358047));
#12654=CARTESIAN_POINT('',(0.058283393847027,-0.0230403627904915,0.0264299417847974));
#12655=CARTESIAN_POINT('',(0.0583404909890039,-0.0235447740327961,0.0267053513998107));
#12656=CARTESIAN_POINT('',(0.0583541688415958,-0.0239233466155023,0.0269092232499855));
#12657=CARTESIAN_POINT('',(0.0583550573299586,-0.0241714561791282,0.0270588641365413));
#12658=CARTESIAN_POINT('',(0.0425184098698827,-0.0425184098698827,0.0255830791067512));
#12659=CARTESIAN_POINT('',(0.0583652750703787,-0.0266715446693867,0.0255830791067512));
#12660=CARTESIAN_POINT('',(0.0571479342184509,-0.025454203817459,0.026600999781684));
#12661=CARTESIAN_POINT('',(0.0567373348173765,-0.0250436044163846,0.0256189204566168));
#12662=CARTESIAN_POINT('',(0.0571261186487611,-0.0254323882477692,0.0246192416072069));
#12663=CARTESIAN_POINT('',(0.0575782930172874,-0.0250572718371307,0.026640975226453));
#12664=CARTESIAN_POINT('',(0.0571960694467778,-0.0245637546928602,0.0256460670497766));
#12665=CARTESIAN_POINT('',(0.057695530105077,-0.0248629767914546,0.0246192416072051));
#12666=CARTESIAN_POINT('',(0.0579905865521354,-0.0246187794975873,0.0267981126417449));
#12667=CARTESIAN_POINT('',(0.0576121081047582,-0.0240266558488529,0.025801707919719));
#12668=CARTESIAN_POINT('',(0.0582234920863244,-0.0242286879258131,0.0247559406271641));
#12669=CARTESIAN_POINT('',(0.0583617019225945,-0.0241633083868407,0.0270636030086897));
#12670=CARTESIAN_POINT('',(0.0579517520324369,-0.0234815233113377,0.0260658940824043));
#12671=CARTESIAN_POINT('',(0.0586804073962588,-0.0235650794614836,0.0250216754109781));
#12672=CARTESIAN_POINT('',(0.0573473094388498,-0.025205795386942,0.0246261867723916));
#12673=CARTESIAN_POINT('',(0.0572569067574734,-0.0252079755119229,0.0247396099867204));
#12674=CARTESIAN_POINT('',(0.0570996650100951,-0.0252186104490033,0.0249837974772188));
#12675=CARTESIAN_POINT('',(0.0569528710760306,-0.0252456589157296,0.0253892176930104));
#12676=CARTESIAN_POINT('',(0.0569591205744681,-0.0252519640273557,0.025842913641512));
#12677=CARTESIAN_POINT('',(0.0572059600918135,-0.0251266632715572,0.0262001953580472));
#12678=CARTESIAN_POINT('',(0.0575045797899537,-0.0249205862496437,0.0264299417847968));
#12679=CARTESIAN_POINT('',(0.0579016261761731,-0.024604287415986,0.026705351399814));
#12680=CARTESIAN_POINT('',(0.0581789891188915,-0.0243462678778831,0.0269092232499707));
#12681=CARTESIAN_POINT('',(0.0583550573299584,-0.0241714561791285,0.0270588641365413));
#12682=CARTESIAN_POINT('',(1.40061494192766E-17,0.0601301118885262,0.0255830791067512));
#12683=CARTESIAN_POINT('',(0.0224108516876396,0.0601301118885262,0.0255830791067512));
#12684=CARTESIAN_POINT('',(0.0241819159748177,0.0583539944072914,0.0270636030086897));
#12685=CARTESIAN_POINT('',(0.0243741324777405,0.0575820212098143,0.0260658940824043));
#12686=CARTESIAN_POINT('',(0.0248302865062689,0.0581563414790987,0.0250216754109781));
#12687=CARTESIAN_POINT('',(0.0235974310687191,0.0584136429232805,0.0267981126417441));
#12688=CARTESIAN_POINT('',(0.0237485010393619,0.0577273235992859,0.0258017079197117));
#12689=CARTESIAN_POINT('',(0.0240379565470099,0.0583024956101966,0.0247559406271637));
#12690=CARTESIAN_POINT('',(0.022995834607603,0.0584321682757426,0.0266409752264577));
#12691=CARTESIAN_POINT('',(0.0230745310483063,0.0578129260777552,0.0256460670497919));
#12692=CARTESIAN_POINT('',(0.0232161210917341,0.0583776800711717,0.024619241607209));
#12693=CARTESIAN_POINT('',(0.0224108516876396,0.0584085319456991,0.026600999781684));
#12694=CARTESIAN_POINT('',(0.0224108516876396,0.0578278567039974,0.0256189204566168));
#12695=CARTESIAN_POINT('',(0.0224108516876396,0.0583776800711729,0.0246192416072068));
#12696=CARTESIAN_POINT('',(0.0227274825437068,0.0583738602303213,0.0246261867723916));
#12697=CARTESIAN_POINT('',(0.0226620166135102,0.0583114774624404,0.0247396099867204));
#12698=CARTESIAN_POINT('',(0.0225433098715263,0.0582078107927106,0.0249837974772188));
#12699=CARTESIAN_POINT('',(0.0224203847310694,0.0581231379607395,0.0253892176930104));
#12700=CARTESIAN_POINT('',(0.0224203454066066,0.0581320154106504,0.0258429136415119));
#12701=CARTESIAN_POINT('',(0.0226834883172993,0.0582179562931175,0.0262001953580473));
#12702=CARTESIAN_POINT('',(0.0230403627904922,0.058283393847026,0.0264299417847964));
#12703=CARTESIAN_POINT('',(0.023544774032793,0.0583404909890089,0.0267053513998161));
#12704=CARTESIAN_POINT('',(0.023923346615517,0.0583541688415733,0.0269092232499616));
#12705=CARTESIAN_POINT('',(0.0241714561791283,0.0583550573299586,0.0270588641365414));
#12706=CARTESIAN_POINT('',(0.0425184098698827,0.0425184098698827,0.0255830791067512));
#12707=CARTESIAN_POINT('',(0.0266715446693867,0.0583652750703787,0.0255830791067512));
#12708=CARTESIAN_POINT('',(0.025454203817459,0.0571479342184509,0.0266009997816839));
#12709=CARTESIAN_POINT('',(0.0250436044163846,0.0567373348173765,0.0256189204566168));
#12710=CARTESIAN_POINT('',(0.0254323882477692,0.0571261186487611,0.0246192416072068));
#12711=CARTESIAN_POINT('',(0.025057271837126,0.0575782930172966,0.0266409752264583));
#12712=CARTESIAN_POINT('',(0.0245637546928693,0.0571960694467813,0.0256460670497864));
#12713=CARTESIAN_POINT('',(0.0248629767914503,0.0576955301050839,0.0246192416072017));
#12714=CARTESIAN_POINT('',(0.0246187794975896,0.057990586552134,0.0267981126417443));
#12715=CARTESIAN_POINT('',(0.0240266558488551,0.0576121081047551,0.0258017079197081));
#12716=CARTESIAN_POINT('',(0.0242286879258104,0.058223492086332,0.0247559406271579));
#12717=CARTESIAN_POINT('',(0.0241633083868407,0.0583617019225945,0.0270636030086897));
#12718=CARTESIAN_POINT('',(0.0234815233113377,0.0579517520324369,0.0260658940824042));
#12719=CARTESIAN_POINT('',(0.0235650794614836,0.0586804073962587,0.0250216754109781));
#12720=CARTESIAN_POINT('',(0.025205795386942,0.0573473094388499,0.0246261867723915));
#12721=CARTESIAN_POINT('',(0.0252079755119229,0.0572569067574735,0.0247396099867203));
#12722=CARTESIAN_POINT('',(0.0252186104490032,0.0570996650100951,0.0249837974772187));
#12723=CARTESIAN_POINT('',(0.0252456589157296,0.0569528710760306,0.0253892176930103));
#12724=CARTESIAN_POINT('',(0.0252519640273557,0.0569591205744681,0.025842913641512));
#12725=CARTESIAN_POINT('',(0.0251266632715568,0.0572059600918133,0.0262001953580467));
#12726=CARTESIAN_POINT('',(0.0249205862496454,0.057504579789954,0.0264299417847983));
#12727=CARTESIAN_POINT('',(0.0246042874159771,0.0579016261761712,0.0267053513998059));
#12728=CARTESIAN_POINT('',(0.0243462678779228,0.0581789891189001,0.0269092232500069));
#12729=CARTESIAN_POINT('',(0.0241714561791285,0.0583550573299584,0.0270588641365412));
#12730=CARTESIAN_POINT('',(-0.0601301118885261,2.80122988385532E-17,0.0255830791067512));
#12731=CARTESIAN_POINT('',(-0.0601301118885261,0.0224108516876397,0.0255830791067512));
#12732=CARTESIAN_POINT('',(-0.0583539944072914,0.0241819159748178,0.0270636030086897));
#12733=CARTESIAN_POINT('',(-0.0575820212098143,0.0243741324777406,0.0260658940824043));
#12734=CARTESIAN_POINT('',(-0.0581563414790987,0.024830286506269,0.0250216754109781));
#12735=CARTESIAN_POINT('',(-0.0584136429232786,0.0235974310687184,0.026798112641741));
#12736=CARTESIAN_POINT('',(-0.0577273235992838,0.0237485010393658,0.0258017079197287));
#12737=CARTESIAN_POINT('',(-0.0583024956101985,0.0240379565470114,0.0247559406271603));
#12738=CARTESIAN_POINT('',(-0.0584321682757426,0.0229958346076031,0.0266409752264577));
#12739=CARTESIAN_POINT('',(-0.0578129260777672,0.0230745310482999,0.0256460670497794));
#12740=CARTESIAN_POINT('',(-0.0583776800711717,0.0232161210917341,0.024619241607209));
#12741=CARTESIAN_POINT('',(-0.0584085319456991,0.0224108516876397,0.026600999781684));
#12742=CARTESIAN_POINT('',(-0.0578278567039974,0.0224108516876397,0.0256189204566168));
#12743=CARTESIAN_POINT('',(-0.0583776800711729,0.0224108516876397,0.0246192416072068));
#12744=CARTESIAN_POINT('',(-0.0583738602303212,0.0227274825437069,0.0246261867723916));
#12745=CARTESIAN_POINT('',(-0.0583114774624403,0.0226620166135103,0.0247396099867204));
#12746=CARTESIAN_POINT('',(-0.0582078107927106,0.0225433098715264,0.0249837974772188));
#12747=CARTESIAN_POINT('',(-0.0581231379607394,0.0224203847310695,0.0253892176930103));
#12748=CARTESIAN_POINT('',(-0.0581320154106506,0.0224203454066066,0.025842913641512));
#12749=CARTESIAN_POINT('',(-0.0582179562931171,0.0226834883172995,0.0262001953580469));
#12750=CARTESIAN_POINT('',(-0.0582833938470273,0.0230403627904914,0.0264299417847977));
#12751=CARTESIAN_POINT('',(-0.0583404909890024,0.0235447740327971,0.0267053513998091));
#12752=CARTESIAN_POINT('',(-0.0583541688416023,0.0239233466154981,0.0269092232499924));
#12753=CARTESIAN_POINT('',(-0.0583550573299585,0.0241714561791281,0.0270588641365413));
#12754=CARTESIAN_POINT('',(-0.0425184098698827,0.0425184098698827,0.0255830791067512));
#12755=CARTESIAN_POINT('',(-0.0583652750703786,0.0266715446693868,0.0255830791067512));
#12756=CARTESIAN_POINT('',(-0.0571479342184509,0.0254542038174591,0.026600999781684));
#12757=CARTESIAN_POINT('',(-0.0567373348173764,0.0250436044163847,0.0256189204566168));
#12758=CARTESIAN_POINT('',(-0.057126118648761,0.0254323882477693,0.0246192416072068));
#12759=CARTESIAN_POINT('',(-0.0575782930172967,0.0250572718371275,0.0266409752264602));
#12760=CARTESIAN_POINT('',(-0.0571960694467839,0.0245637546928655,0.0256460670497809));
#12761=CARTESIAN_POINT('',(-0.0576955301050827,0.0248629767914478,0.0246192416072065));
#12762=CARTESIAN_POINT('',(-0.0579905865521332,0.0246187794975913,0.0267981126417441));
#12763=CARTESIAN_POINT('',(-0.0576121081047497,0.0240266558488606,0.0258017079197209));
#12764=CARTESIAN_POINT('',(-0.0582234920863231,0.0242286879258119,0.0247559406271675));
#12765=CARTESIAN_POINT('',(-0.0583617019225945,0.0241633083868408,0.0270636030086897));
#12766=CARTESIAN_POINT('',(-0.0579517520324369,0.0234815233113378,0.0260658940824043));
#12767=CARTESIAN_POINT('',(-0.0586804073962587,0.0235650794614837,0.0250216754109781));
#12768=CARTESIAN_POINT('',(-0.0573473094388498,0.025205795386942,0.0246261867723916));
#12769=CARTESIAN_POINT('',(-0.0572569067574734,0.0252079755119229,0.0247396099867204));
#12770=CARTESIAN_POINT('',(-0.0570996650100951,0.0252186104490033,0.0249837974772188));
#12771=CARTESIAN_POINT('',(-0.0569528710760307,0.0252456589157296,0.0253892176930103));
#12772=CARTESIAN_POINT('',(-0.056959120574468,0.0252519640273557,0.0258429136415118));
#12773=CARTESIAN_POINT('',(-0.0572059600918134,0.0251266632715573,0.0262001953580471));
#12774=CARTESIAN_POINT('',(-0.0575045797899535,0.0249205862496434,0.0264299417847964));
#12775=CARTESIAN_POINT('',(-0.0579016261761734,0.0246042874159878,0.0267053513998155));
#12776=CARTESIAN_POINT('',(-0.0581789891188897,0.0243462678778756,0.0269092232499637));
#12777=CARTESIAN_POINT('',(-0.0583550573299583,0.0241714561791287,0.0270588641365412));
#12778=CARTESIAN_POINT('',(0.,-0.0601301118885262,0.0255830791067512));
#12779=CARTESIAN_POINT('',(-0.0224108516876396,-0.0601301118885262,0.0255830791067512));
#12780=CARTESIAN_POINT('',(-0.0241819159748177,-0.0583539944072914,0.0270636030086897));
#12781=CARTESIAN_POINT('',(-0.0243741324777406,-0.0575820212098143,0.0260658940824043));
#12782=CARTESIAN_POINT('',(-0.024830286506269,-0.0581563414790987,0.0250216754109781));
#12783=CARTESIAN_POINT('',(-0.0235974310687202,-0.0584136429232795,0.0267981126417433));
#12784=CARTESIAN_POINT('',(-0.0237485010393597,-0.0577273235992877,0.0258017079197259));
#12785=CARTESIAN_POINT('',(-0.0240379565470114,-0.0583024956101966,0.0247559406271637));
#12786=CARTESIAN_POINT('',(-0.0229958346076072,-0.0584321682757466,0.0266409752264645));
#12787=CARTESIAN_POINT('',(-0.0230745310483031,-0.0578129260777695,0.0256460670497909));
#12788=CARTESIAN_POINT('',(-0.0232161210917383,-0.0583776800711693,0.0246192416072133));
#12789=CARTESIAN_POINT('',(-0.0224108516876397,-0.0584085319456991,0.026600999781684));
#12790=CARTESIAN_POINT('',(-0.0224108516876397,-0.0578278567039974,0.0256189204566168));
#12791=CARTESIAN_POINT('',(-0.0224108516876397,-0.0583776800711729,0.0246192416072068));
#12792=CARTESIAN_POINT('',(-0.0227274825437068,-0.0583738602303213,0.0246261867723916));
#12793=CARTESIAN_POINT('',(-0.0226620166135102,-0.0583114774624404,0.0247396099867204));
#12794=CARTESIAN_POINT('',(-0.0225433098715264,-0.0582078107927106,0.0249837974772188));
#12795=CARTESIAN_POINT('',(-0.0224203847310694,-0.0581231379607395,0.0253892176930104));
#12796=CARTESIAN_POINT('',(-0.0224203454066067,-0.0581320154106505,0.0258429136415119));
#12797=CARTESIAN_POINT('',(-0.0226834883172992,-0.0582179562931175,0.0262001953580473));
#12798=CARTESIAN_POINT('',(-0.0230403627904924,-0.0582833938470258,0.0264299417847961));
#12799=CARTESIAN_POINT('',(-0.0235447740327921,-0.0583404909890104,0.0267053513998176));
#12800=CARTESIAN_POINT('',(-0.0239233466155208,-0.0583541688415674,0.0269092232499554));
#12801=CARTESIAN_POINT('',(-0.0241714561791283,-0.0583550573299586,0.0270588641365413));
#12802=CARTESIAN_POINT('',(-0.0425184098698827,-0.0425184098698827,0.0255830791067512));
#12803=CARTESIAN_POINT('',(-0.0266715446693867,-0.0583652750703787,0.0255830791067512));
#12804=CARTESIAN_POINT('',(-0.025454203817459,-0.0571479342184509,0.026600999781684));
#12805=CARTESIAN_POINT('',(-0.0250436044163846,-0.0567373348173765,0.0256189204566168));
#12806=CARTESIAN_POINT('',(-0.0254323882477692,-0.0571261186487611,0.0246192416072068));
#12807=CARTESIAN_POINT('',(-0.0250572718371297,-0.0575782930172906,0.0266409752264555));
#12808=CARTESIAN_POINT('',(-0.0245637546928549,-0.0571960694467776,0.0256460670497854));
#12809=CARTESIAN_POINT('',(-0.0248629767914533,-0.0576955301050772,0.0246192416072066));
#12810=CARTESIAN_POINT('',(-0.0246187794975853,-0.0579905865521324,0.0267981126417394));
#12811=CARTESIAN_POINT('',(-0.0240266558488518,-0.0576121081047575,0.0258017079197108));
#12812=CARTESIAN_POINT('',(-0.0242286879258129,-0.0582234920863271,0.024755940627161));
#12813=CARTESIAN_POINT('',(-0.0241633083868407,-0.0583617019225945,0.0270636030086897));
#12814=CARTESIAN_POINT('',(-0.0234815233113377,-0.0579517520324369,0.0260658940824043));
#12815=CARTESIAN_POINT('',(-0.0235650794614836,-0.0586804073962588,0.0250216754109781));
#12816=CARTESIAN_POINT('',(-0.025205795386942,-0.0573473094388499,0.0246261867723916));
#12817=CARTESIAN_POINT('',(-0.0252079755119229,-0.0572569067574735,0.0247396099867204));
#12818=CARTESIAN_POINT('',(-0.0252186104490033,-0.0570996650100951,0.0249837974772188));
#12819=CARTESIAN_POINT('',(-0.0252456589157296,-0.0569528710760306,0.0253892176930103));
#12820=CARTESIAN_POINT('',(-0.0252519640273557,-0.056959120574468,0.0258429136415119));
#12821=CARTESIAN_POINT('',(-0.025126663271557,-0.0572059600918134,0.0262001953580469));
#12822=CARTESIAN_POINT('',(-0.0249205862496443,-0.0575045797899538,0.0264299417847973));
#12823=CARTESIAN_POINT('',(-0.0246042874159824,-0.0579016261761724,0.0267053513998109));
#12824=CARTESIAN_POINT('',(-0.0243462678778985,-0.058178989118895,0.0269092232499848));
#12825=CARTESIAN_POINT('',(-0.0241714561791284,-0.0583550573299585,0.0270588641365413));
#12826=CARTESIAN_POINT('',(0.0669812661070683,-0.027744548846469,-0.254657149994515));
#12827=CARTESIAN_POINT('',(0.113996173452012,0.0857594780994092,-0.0780863222746106));
#12828=CARTESIAN_POINT('',(0.0669812661070683,-0.0277445488464691,0.00739532744346936));
#12829=CARTESIAN_POINT('',(0.0199663587621243,-0.141248575792347,-0.078086322274611));
#12830=CARTESIAN_POINT('',(0.0669812661070683,0.0277445488464691,-0.254657149994515));
#12831=CARTESIAN_POINT('',(0.0199663587621242,0.141248575792347,-0.0780863222746106));
#12832=CARTESIAN_POINT('',(0.0669812661070683,0.027744548846469,0.00739532744346939));
#12833=CARTESIAN_POINT('',(0.113996173452012,-0.0857594780994093,-0.0780863222746107));
#12834=CARTESIAN_POINT('',(0.027744548846469,0.0669812661070683,-0.254657149994515));
#12835=CARTESIAN_POINT('',(-0.0857594780994093,0.113996173452012,-0.0780863222746107));
#12836=CARTESIAN_POINT('',(0.0277445488464691,0.0669812661070683,0.00739532744346934));
#12837=CARTESIAN_POINT('',(0.141248575792347,0.0199663587621242,-0.0780863222746109));
#12838=CARTESIAN_POINT('',(-0.0277445488464691,0.0669812661070683,-0.254657149994515));
#12839=CARTESIAN_POINT('',(-0.141248575792347,0.0199663587621242,-0.0780863222746105));
#12840=CARTESIAN_POINT('',(-0.027744548846469,0.0669812661070683,0.0073953274434694));
#12841=CARTESIAN_POINT('',(0.0857594780994094,0.113996173452012,-0.0780863222746109));
#12842=CARTESIAN_POINT('',(-0.0669812661070683,0.027744548846469,-0.254657149994515));
#12843=CARTESIAN_POINT('',(-0.113996173452012,-0.0857594780994092,-0.0780863222746105));
#12844=CARTESIAN_POINT('',(-0.0669812661070682,0.0277445488464691,0.00739532744346936));
#12845=CARTESIAN_POINT('',(-0.0199663587621242,0.141248575792347,-0.0780863222746108));
#12846=CARTESIAN_POINT('',(-0.0669812661070683,-0.027744548846469,-0.254657149994515));
#12847=CARTESIAN_POINT('',(-0.0199663587621242,-0.141248575792347,-0.0780863222746105));
#12848=CARTESIAN_POINT('',(-0.0669812661070682,-0.0277445488464691,0.00739532744346938));
#12849=CARTESIAN_POINT('',(-0.113996173452012,0.0857594780994093,-0.0780863222746109));
#12850=CARTESIAN_POINT('',(-0.027744548846469,-0.0669812661070683,-0.254657149994515));
#12851=CARTESIAN_POINT('',(0.0857594780994093,-0.113996173452012,-0.0780863222746103));
#12852=CARTESIAN_POINT('',(-0.027744548846469,-0.0669812661070683,0.00739532744346946));
#12853=CARTESIAN_POINT('',(-0.141248575792347,-0.0199663587621242,-0.0780863222746108));
#12854=CARTESIAN_POINT('',(0.0277445488464691,-0.0669812661070683,-0.254657149994515));
#12855=CARTESIAN_POINT('',(0.141248575792347,-0.0199663587621242,-0.0780863222746106));
#12856=CARTESIAN_POINT('',(0.027744548846469,-0.0669812661070683,0.00739532744346941));
#12857=CARTESIAN_POINT('',(-0.0857594780994093,-0.113996173452012,-0.0780863222746106));
#12858=CARTESIAN_POINT('',(-0.0546392803463119,-0.0240840930095118,0.0295498760315514));
#12859=CARTESIAN_POINT('',(-0.0555315243588115,-0.0230019105286716,0.0297940701751366));
#12860=CARTESIAN_POINT('',(-0.0556658311377833,-0.0216057801662767,0.0295498760315514));
#12861=CARTESIAN_POINT('',(-0.0544024909184259,-0.0241097122492775,0.0298213667079229));
#12862=CARTESIAN_POINT('',(-0.0554425631731595,-0.0229650615990693,0.0300463863199548));
#12863=CARTESIAN_POINT('',(-0.055516511265779,-0.0214202292179272,0.0298213667079229));
#12864=CARTESIAN_POINT('',(-0.0541328809856489,-0.0241388824769226,0.0304347897616169));
#12865=CARTESIAN_POINT('',(-0.0554028091931856,-0.0229485949613752,0.0304702284014501));
#12866=CARTESIAN_POINT('',(-0.0553464947198132,-0.0212089597404272,0.0304347897616156));
#12867=CARTESIAN_POINT('',(-0.0543277027236243,-0.024117803897253,0.0310593697213477));
#12868=CARTESIAN_POINT('',(-0.0554262452653322,-0.0229583025003205,0.0308696061600743));
#12869=CARTESIAN_POINT('',(-0.0554693496852376,-0.0213616243190824,0.0310593697213501));
#12870=CARTESIAN_POINT('',(-0.0545310517204685,-0.0240958027177551,0.031341433714308));
#12871=CARTESIAN_POINT('',(-0.0554936280318145,-0.0229862133560653,0.0311127731844818));
#12872=CARTESIAN_POINT('',(-0.0555975819566355,-0.0215209709569198,0.031341433714308));
#12873=CARTESIAN_POINT('',(-0.0521609675030767,-0.0216057801662767,0.0276222010324628));
#12874=CARTESIAN_POINT('',(-0.0646125457159322,-0.0230106420212085,0.00498296791818016));
#12875=CARTESIAN_POINT('',(-0.0632857479770231,-0.0262138151170087,0.00739532744346937));
#12876=CARTESIAN_POINT('',(-0.0497291336001125,-0.0205984815822302,0.0320437172196706));
#12877=CARTESIAN_POINT('',(-0.0632857479770231,-0.0262138151170087,0.00739532744346939));
#12878=CARTESIAN_POINT('',(-0.0632857479770231,-0.0262138151170087,0.00739532744346938));
#12879=CARTESIAN_POINT('',(-0.0632857479770231,-0.0262138151170087,0.00739532744346937));
#12880=CARTESIAN_POINT('',(-0.061958950238114,-0.0294169882128089,0.0049829679181802));
#12881=CARTESIAN_POINT('',(-0.0583550573299586,0.0241714561791283,0.0270588641365414));
#12882=CARTESIAN_POINT('',(-0.0583550573299586,0.0241714561791282,0.0270588641365413));
#12883=CARTESIAN_POINT('',(-0.0583550573299586,0.0241714561791281,0.0270588641365413));
#12884=CARTESIAN_POINT('',(-0.0581612621636974,0.0243638041818012,0.0268941187045706));
#12885=CARTESIAN_POINT('',(-0.0582575618548791,0.0241310722304238,0.0268941784139158));
#12886=CARTESIAN_POINT('',(-0.0583540340307933,0.0238984117257762,0.026894118704548));
#12887=CARTESIAN_POINT('',(-0.0577629591551301,0.0247272391213064,0.0266070798427643));
#12888=CARTESIAN_POINT('',(-0.0581254020777878,0.02407632985931,0.0265457935990302));
#12889=CARTESIAN_POINT('',(-0.0583293785826812,0.0233597816573379,0.0266070798427745));
#12890=CARTESIAN_POINT('',(-0.0571625733745805,0.0251691413323124,0.0261950340617759));
#12891=CARTESIAN_POINT('',(-0.0580959183018572,0.0240641172789664,0.0260042453577686));
#12892=CARTESIAN_POINT('',(-0.0582173137759657,0.0226227727504951,0.0261950340617699));
#12893=CARTESIAN_POINT('',(-0.0569073899930769,0.0252659540882136,0.025731637277441));
#12894=CARTESIAN_POINT('',(-0.0581383196263512,0.0240816804828827,0.0256732065902174));
#12895=CARTESIAN_POINT('',(-0.0581053288326537,0.0223738738948185,0.0257316372774435));
#12896=CARTESIAN_POINT('',(-0.0570085305376881,0.0252285219592599,0.0251461898298217));
#12897=CARTESIAN_POINT('',(-0.0581209595969536,0.0240744897231703,0.0253022852675396));
#12898=CARTESIAN_POINT('',(-0.0581503774853875,0.0224718595719639,0.0251461898298193));
#12899=CARTESIAN_POINT('',(-0.0572179516417187,0.0252089149429003,0.0247884848021704));
#12900=CARTESIAN_POINT('',(-0.0581839096805641,0.0241005645015992,0.025012821871749));
#12901=CARTESIAN_POINT('',(-0.0582845963139408,0.022633806908999,0.0247884848021742));
#12902=CARTESIAN_POINT('',(-0.0573473094388498,0.025205795386942,0.0246261867723916));
#12903=CARTESIAN_POINT('',(-0.0582395534513494,0.0241236129061018,0.0248703809159767));
#12904=CARTESIAN_POINT('',(-0.0583738602303213,0.0227274825437068,0.0246261867723916));
#12905=CARTESIAN_POINT('',(-0.0548689965956146,0.0227274825437069,0.0226985117733029));
#12906=CARTESIAN_POINT('',(-0.0619589502381141,0.0294169882128089,0.00498296791818021));
#12907=CARTESIAN_POINT('',(-0.0632857479770231,0.0262138151170087,0.00739532744346936));
#12908=CARTESIAN_POINT('',(-0.0497291336001124,0.0205984815822303,0.0320437172196706));
#12909=CARTESIAN_POINT('',(-0.0632857479770231,0.0262138151170087,0.00739532744346935));
#12910=CARTESIAN_POINT('',(-0.0632857479770231,0.0262138151170087,0.00739532744346935));
#12911=CARTESIAN_POINT('',(-0.0632857479770231,0.0262138151170087,0.00739532744346936));
#12912=CARTESIAN_POINT('',(-0.0646125457159322,0.0230106420212085,0.00498296791818013));
#12913=CARTESIAN_POINT('',(-0.0240840930095118,0.0546392803463119,0.0295498760315515));
#12914=CARTESIAN_POINT('',(-0.0230019105286716,0.0555315243588115,0.0297940701751366));
#12915=CARTESIAN_POINT('',(-0.0216057801662767,0.0556658311377833,0.0295498760315515));
#12916=CARTESIAN_POINT('',(-0.02410971224928,0.0544024909184267,0.0298213667079187));
#12917=CARTESIAN_POINT('',(-0.0229650615990571,0.0554425631731798,0.0300463863199329));
#12918=CARTESIAN_POINT('',(-0.0214202292179272,0.0555165112657799,0.0298213667079212));
#12919=CARTESIAN_POINT('',(-0.024138882476921,0.0541328809856458,0.0304347897616143));
#12920=CARTESIAN_POINT('',(-0.0229485949613914,0.0554028091931772,0.0304702284014559));
#12921=CARTESIAN_POINT('',(-0.0212089597404296,0.0553464947198105,0.0304347897616117));
#12922=CARTESIAN_POINT('',(-0.0241178038972536,0.0543277027236299,0.0310593697213573));
#12923=CARTESIAN_POINT('',(-0.0229583025003006,0.0554262452653283,0.0308696061600849));
#12924=CARTESIAN_POINT('',(-0.0213616243190775,0.055469349685242,0.0310593697213598));
#12925=CARTESIAN_POINT('',(-0.0240958027177551,0.0545310517204685,0.031341433714308));
#12926=CARTESIAN_POINT('',(-0.0229862133560653,0.0554936280318145,0.0311127731844819));
#12927=CARTESIAN_POINT('',(-0.0215209709569198,0.0555975819566355,0.031341433714308));
#12928=CARTESIAN_POINT('',(-0.0216057801662767,0.0521609675030768,0.0276222010324628));
#12929=CARTESIAN_POINT('',(-0.0230106420212085,0.0646125457159322,0.00498296791818021));
#12930=CARTESIAN_POINT('',(-0.0262138151170087,0.0632857479770231,0.00739532744346939));
#12931=CARTESIAN_POINT('',(-0.0205984815822302,0.0497291336001125,0.0320437172196706));
#12932=CARTESIAN_POINT('',(-0.0262138151170087,0.0632857479770231,0.00739532744346939));
#12933=CARTESIAN_POINT('',(-0.0262138151170087,0.0632857479770231,0.0073953274434694));
#12934=CARTESIAN_POINT('',(-0.0262138151170087,0.0632857479770231,0.0073953274434694));
#12935=CARTESIAN_POINT('',(-0.0294169882128089,0.0619589502381141,0.00498296791818019));
#12936=CARTESIAN_POINT('',(0.0241714561791284,0.0583550573299585,0.0270588641365413));
#12937=CARTESIAN_POINT('',(0.0241714561791284,0.0583550573299585,0.0270588641365413));
#12938=CARTESIAN_POINT('',(0.0241714561791283,0.0583550573299585,0.0270588641365414));
#12939=CARTESIAN_POINT('',(0.0243638041819391,0.0581612621636044,0.0268941187045189));
#12940=CARTESIAN_POINT('',(0.0241310722333995,0.0582575618606019,0.0268941784097263));
#12941=CARTESIAN_POINT('',(0.0238984117256016,0.0583540340308219,0.0268941187044848));
#12942=CARTESIAN_POINT('',(0.0247272391212444,0.0577629591551718,0.0266070798427875));
#12943=CARTESIAN_POINT('',(0.0240763298579468,0.0581254020751656,0.0265457936009497));
#12944=CARTESIAN_POINT('',(0.023359781657417,0.0583293785826683,0.0266070798428031));
#12945=CARTESIAN_POINT('',(0.0251691413323482,0.0571625733745564,0.0261950340617623));
#12946=CARTESIAN_POINT('',(0.0240641172797911,0.0580959183034431,0.0260042453566073));
#12947=CARTESIAN_POINT('',(0.0226227727504498,0.0582173137759733,0.0261950340617534));
#12948=CARTESIAN_POINT('',(0.0252659540882008,0.0569073899930852,0.0257316372774463));
#12949=CARTESIAN_POINT('',(0.0240816804825924,0.0581383196257981,0.0256732065906249));
#12950=CARTESIAN_POINT('',(0.0223738738948313,0.0581053288326512,0.0257316372774492));
#12951=CARTESIAN_POINT('',(0.0252285219592655,0.0570085305376856,0.0251461898298176));
#12952=CARTESIAN_POINT('',(0.0240744897232579,0.0581209595971034,0.0253022852674203));
#12953=CARTESIAN_POINT('',(0.0224718595719691,0.0581503774853883,0.0251461898298176));
#12954=CARTESIAN_POINT('',(0.0252089149428955,0.057217951641719,0.0247884848021761));
#12955=CARTESIAN_POINT('',(0.0241005645015864,0.0581839096805797,0.0250128218717577));
#12956=CARTESIAN_POINT('',(0.022633806908978,0.0582845963139407,0.0247884848021744));
#12957=CARTESIAN_POINT('',(0.0252057953869419,0.0573473094388499,0.0246261867723915));
#12958=CARTESIAN_POINT('',(0.0241236129061017,0.0582395534513495,0.0248703809159767));
#12959=CARTESIAN_POINT('',(0.0227274825437068,0.0583738602303213,0.0246261867723915));
#12960=CARTESIAN_POINT('',(0.0227274825437068,0.0548689965956147,0.0226985117733029));
#12961=CARTESIAN_POINT('',(0.0294169882128089,0.0619589502381141,0.00498296791818017));
#12962=CARTESIAN_POINT('',(0.0262138151170087,0.0632857479770232,0.00739532744346934));
#12963=CARTESIAN_POINT('',(0.0205984815822302,0.0497291336001125,0.0320437172196706));
#12964=CARTESIAN_POINT('',(0.0262138151170087,0.0632857479770232,0.00739532744346933));
#12965=CARTESIAN_POINT('',(0.0262138151170087,0.0632857479770232,0.00739532744346934));
#12966=CARTESIAN_POINT('',(0.0262138151170087,0.0632857479770231,0.00739532744346934));
#12967=CARTESIAN_POINT('',(0.0230106420212085,0.0646125457159322,0.00498296791818014));
#12968=CARTESIAN_POINT('',(0.0546392803463119,0.0240840930095118,0.0295498760315515));
#12969=CARTESIAN_POINT('',(0.0555315243588115,0.0230019105286716,0.0297940701751366));
#12970=CARTESIAN_POINT('',(0.0556658311377833,0.0216057801662767,0.0295498760315515));
#12971=CARTESIAN_POINT('',(0.0544024909184198,0.0241097122492813,0.0298213667079259));
#12972=CARTESIAN_POINT('',(0.0554425631731688,0.0229650615990478,0.0300463863199593));
#12973=CARTESIAN_POINT('',(0.0555165112657799,0.0214202292179272,0.0298213667079212));
#12974=CARTESIAN_POINT('',(0.054132880985652,0.0241388824769207,0.0304347897616154));
#12975=CARTESIAN_POINT('',(0.0554028091931852,0.0229485949613817,0.0304702284014425));
#12976=CARTESIAN_POINT('',(0.0553464947198141,0.0212089597404305,0.0304347897616196));
#12977=CARTESIAN_POINT('',(0.0543277027236244,0.024117803897253,0.0310593697213477));
#12978=CARTESIAN_POINT('',(0.0554262452653236,0.0229583025003293,0.0308696061600848));
#12979=CARTESIAN_POINT('',(0.0554693496852349,0.0213616243190759,0.031059369721344));
#12980=CARTESIAN_POINT('',(0.0545310517204685,0.0240958027177551,0.031341433714308));
#12981=CARTESIAN_POINT('',(0.0554936280318145,0.0229862133560654,0.0311127731844818));
#12982=CARTESIAN_POINT('',(0.0555975819566355,0.0215209709569198,0.031341433714308));
#12983=CARTESIAN_POINT('',(0.0521609675030767,0.0216057801662767,0.0276222010324628));
#12984=CARTESIAN_POINT('',(0.0646125457159322,0.0230106420212085,0.0049829679181802));
#12985=CARTESIAN_POINT('',(0.0632857479770231,0.0262138151170087,0.00739532744346939));
#12986=CARTESIAN_POINT('',(0.0497291336001125,0.0205984815822302,0.0320437172196706));
#12987=CARTESIAN_POINT('',(0.0632857479770231,0.0262138151170087,0.00739532744346939));
#12988=CARTESIAN_POINT('',(0.0632857479770231,0.0262138151170087,0.00739532744346938));
#12989=CARTESIAN_POINT('',(0.0632857479770231,0.0262138151170087,0.00739532744346939));
#12990=CARTESIAN_POINT('',(0.0619589502381141,0.0294169882128089,0.00498296791818018));
#12991=CARTESIAN_POINT('',(0.0583550573299586,-0.0241714561791282,0.0270588641365415));
#12992=CARTESIAN_POINT('',(0.0583550573299586,-0.0241714561791282,0.0270588641365414));
#12993=CARTESIAN_POINT('',(0.0583550573299586,-0.0241714561791282,0.0270588641365413));
#12994=CARTESIAN_POINT('',(0.058161262163573,-0.0243638041819824,0.0268941187044995));
#12995=CARTESIAN_POINT('',(0.0582575618485887,-0.0241310722286512,0.0268941784180017));
#12996=CARTESIAN_POINT('',(0.0583540340308082,-0.0238984117256936,0.0268941187045201));
#12997=CARTESIAN_POINT('',(0.0577629591551863,-0.0247272391212244,0.0266070798427965));
#12998=CARTESIAN_POINT('',(0.05812540208067,-0.0240763298601219,0.0265457935971582));
#12999=CARTESIAN_POINT('',(0.0583293785826745,-0.0233597816573749,0.0266070798427871));
#13000=CARTESIAN_POINT('',(0.0571625733745482,-0.0251691413323599,0.0261950340617569));
#13001=CARTESIAN_POINT('',(0.0580959183001137,-0.0240641172784755,0.0260042453589004));
#13002=CARTESIAN_POINT('',(0.0582173137759699,-0.0226227727504743,0.0261950340617623));
#13003=CARTESIAN_POINT('',(0.0569073899930862,-0.0252659540881965,0.0257316372774509));
#13004=CARTESIAN_POINT('',(0.0581383196269623,-0.0240816804830519,0.0256732065898255));
#13005=CARTESIAN_POINT('',(0.0581053288326508,-0.0223738738948207,0.0257316372774489));
#13006=CARTESIAN_POINT('',(0.0570085305376916,-0.0252285219592679,0.0251461898298068));
#13007=CARTESIAN_POINT('',(0.0581209595967778,-0.0240744897231315,0.025302285267636));
#13008=CARTESIAN_POINT('',(0.0581503774853937,-0.0224718595719804,0.0251461898298079));
#13009=CARTESIAN_POINT('',(0.0572179516417044,-0.0252089149428928,0.0247884848021984));
#13010=CARTESIAN_POINT('',(0.058183909680571,-0.0241005645015784,0.025012821871782));
#13011=CARTESIAN_POINT('',(0.0582845963139282,-0.0226338069089592,0.0247884848021971));
#13012=CARTESIAN_POINT('',(0.0573473094388499,-0.025205795386942,0.0246261867723915));
#13013=CARTESIAN_POINT('',(0.0582395534513495,-0.0241236129061018,0.0248703809159767));
#13014=CARTESIAN_POINT('',(0.0583738602303213,-0.0227274825437069,0.0246261867723915));
#13015=CARTESIAN_POINT('',(0.0548689965956147,-0.0227274825437068,0.0226985117733028));
#13016=CARTESIAN_POINT('',(0.0619589502381141,-0.0294169882128089,0.00498296791818018));
#13017=CARTESIAN_POINT('',(0.0632857479770231,-0.0262138151170087,0.00739532744346935));
#13018=CARTESIAN_POINT('',(0.0497291336001125,-0.0205984815822302,0.0320437172196706));
#13019=CARTESIAN_POINT('',(0.0632857479770231,-0.0262138151170087,0.00739532744346936));
#13020=CARTESIAN_POINT('',(0.0632857479770231,-0.0262138151170087,0.00739532744346936));
#13021=CARTESIAN_POINT('',(0.0632857479770231,-0.0262138151170087,0.00739532744346936));
#13022=CARTESIAN_POINT('',(0.0646125457159322,-0.0230106420212085,0.00498296791818015));
#13023=CARTESIAN_POINT('',(0.0240840930095118,-0.0546392803463119,0.0295498760315514));
#13024=CARTESIAN_POINT('',(0.0230019105286716,-0.0555315243588115,0.0297940701751366));
#13025=CARTESIAN_POINT('',(0.0216057801662767,-0.0556658311377833,0.0295498760315515));
#13026=CARTESIAN_POINT('',(0.0241097122492841,-0.0544024909184186,0.0298213667079238));
#13027=CARTESIAN_POINT('',(0.0229650615990418,-0.0554425631731772,0.0300463863199491));
#13028=CARTESIAN_POINT('',(0.0214202292179267,-0.0555165112657788,0.0298213667079232));
#13029=CARTESIAN_POINT('',(0.0241388824769161,-0.0541328809856567,0.030434789761618));
#13030=CARTESIAN_POINT('',(0.0229485949613966,-0.0554028091931802,0.0304702284014522));
#13031=CARTESIAN_POINT('',(0.0212089597404299,-0.0553464947198111,0.0304347897616107));
#13032=CARTESIAN_POINT('',(0.0241178038972593,-0.054327702723616,0.0310593697213447));
#13033=CARTESIAN_POINT('',(0.0229583025003057,-0.0554262452653251,0.0308696061600759));
#13034=CARTESIAN_POINT('',(0.0213616243190775,-0.055469349685242,0.0310593697213598));
#13035=CARTESIAN_POINT('',(0.0240958027177551,-0.0545310517204685,0.0313414337143081));
#13036=CARTESIAN_POINT('',(0.0229862133560653,-0.0554936280318145,0.0311127731844819));
#13037=CARTESIAN_POINT('',(0.0215209709569198,-0.0555975819566355,0.0313414337143081));
#13038=CARTESIAN_POINT('',(0.0216057801662767,-0.0521609675030767,0.0276222010324628));
#13039=CARTESIAN_POINT('',(0.0230106420212085,-0.0646125457159322,0.00498296791818024));
#13040=CARTESIAN_POINT('',(0.0262138151170086,-0.0632857479770231,0.00739532744346941));
#13041=CARTESIAN_POINT('',(0.0205984815822302,-0.0497291336001125,0.0320437172196706));
#13042=CARTESIAN_POINT('',(0.0262138151170086,-0.0632857479770231,0.00739532744346941));
#13043=CARTESIAN_POINT('',(0.0262138151170086,-0.0632857479770231,0.00739532744346941));
#13044=CARTESIAN_POINT('',(0.0262138151170086,-0.0632857479770231,0.00739532744346941));
#13045=CARTESIAN_POINT('',(0.0294169882128089,-0.0619589502381141,0.00498296791818019));
#13046=CARTESIAN_POINT('',(-0.0241714561791286,-0.0583550573299583,0.0270588641365412));
#13047=CARTESIAN_POINT('',(-0.0241714561791285,-0.0583550573299584,0.0270588641365413));
#13048=CARTESIAN_POINT('',(-0.0241714561791284,-0.0583550573299585,0.0270588641365414));
#13049=CARTESIAN_POINT('',(-0.0243638041821013,-0.0581612621634986,0.0268941187044632));
#13050=CARTESIAN_POINT('',(-0.0241310722340083,-0.0582575618603687,0.0268941784097348));
#13051=CARTESIAN_POINT('',(-0.0238984117258731,-0.0583540340307686,0.0268941187045702));
#13052=CARTESIAN_POINT('',(-0.0247272391211706,-0.0577629591552199,0.0266070798428128));
#13053=CARTESIAN_POINT('',(-0.0240763298576675,-0.0581254020752726,0.0265457936009459));
#13054=CARTESIAN_POINT('',(-0.0233597816572937,-0.0583293785826924,0.0266070798427645));
#13055=CARTESIAN_POINT('',(-0.0251691413323908,-0.0571625733745287,0.0261950340617475));
#13056=CARTESIAN_POINT('',(-0.0240641172799601,-0.0580959183033784,0.0260042453566094));
#13057=CARTESIAN_POINT('',(-0.0226227727505211,-0.0582173137759595,0.0261950340617754));
#13058=CARTESIAN_POINT('',(-0.0252659540881854,-0.0569073899930939,0.0257316372774533));
#13059=CARTESIAN_POINT('',(-0.0240816804825322,-0.0581383196258208,0.0256732065906262));
#13060=CARTESIAN_POINT('',(-0.0223738738948054,-0.0581053288326545,0.0257316372774441));
#13061=CARTESIAN_POINT('',(-0.0252285219592725,-0.0570085305376857,0.0251461898298091));
#13062=CARTESIAN_POINT('',(-0.0240744897232785,-0.0581209595970969,0.0253022852674129));
#13063=CARTESIAN_POINT('',(-0.0224718595719821,-0.0581503774853921,0.0251461898298103));
#13064=CARTESIAN_POINT('',(-0.0252089149428895,-0.057217951641713,0.0247884848021915));
#13065=CARTESIAN_POINT('',(-0.0241005645015782,-0.0581839096805798,0.0250128218717739));
#13066=CARTESIAN_POINT('',(-0.0226338069089651,-0.0582845963139295,0.0247884848021948));
#13067=CARTESIAN_POINT('',(-0.025205795386942,-0.0573473094388499,0.0246261867723915));
#13068=CARTESIAN_POINT('',(-0.0241236129061017,-0.0582395534513495,0.0248703809159767));
#13069=CARTESIAN_POINT('',(-0.0227274825437068,-0.0583738602303213,0.0246261867723915));
#13070=CARTESIAN_POINT('',(-0.0227274825437068,-0.0548689965956147,0.0226985117733029));
#13071=CARTESIAN_POINT('',(-0.0205984815822302,-0.0497291336001125,0.0320437172196706));
#13072=CARTESIAN_POINT('',(-0.0262138151170087,-0.0632857479770231,0.00739532744346947));
#13073=CARTESIAN_POINT('',(-0.0230106420212084,-0.0646125457159322,0.00498296791818023));
#13074=CARTESIAN_POINT('',(-0.0262138151170087,-0.0632857479770231,0.00739532744346946));
#13075=CARTESIAN_POINT('',(-0.0262138151170087,-0.0632857479770231,0.00739532744346946));
#13076=CARTESIAN_POINT('',(-0.0262138151170087,-0.0632857479770231,0.00739532744346946));
#13077=CARTESIAN_POINT('',(-0.0294169882128089,-0.061958950238114,0.00498296791818024));
#13078=MECHANICAL_DESIGN_GEOMETRIC_PRESENTATION_REPRESENTATION('',(#7663),
#13079);
#13079=(
GEOMETRIC_REPRESENTATION_CONTEXT(3)
GLOBAL_UNCERTAINTY_ASSIGNED_CONTEXT((#13080))
GLOBAL_UNIT_ASSIGNED_CONTEXT((#13083,#13082,#13081))
REPRESENTATION_CONTEXT('Opto Stadium Lights','TOP_LEVEL_ASSEMBLY_PART')
);
#13080=UNCERTAINTY_MEASURE_WITH_UNIT(LENGTH_MEASURE(2.E-5),#13083,
'DISTANCE_ACCURACY_VALUE','Maximum Tolerance applied to model');
#13081=(
NAMED_UNIT(*)
SI_UNIT($,.STERADIAN.)
SOLID_ANGLE_UNIT()
);
#13082=(
NAMED_UNIT(*)
PLANE_ANGLE_UNIT()
SI_UNIT($,.RADIAN.)
);
#13083=(
LENGTH_UNIT()
NAMED_UNIT(*)
SI_UNIT($,.METRE.)
);
#13084=PRODUCT_DEFINITION_SHAPE('','',#13085);
#13085=PRODUCT_DEFINITION('','',#13087,#13086);
#13086=PRODUCT_DEFINITION_CONTEXT('',#13093,'design');
#13087=PRODUCT_DEFINITION_FORMATION_WITH_SPECIFIED_SOURCE('','',#13089,
 .NOT_KNOWN.);
#13088=PRODUCT_RELATED_PRODUCT_CATEGORY('','',(#13089));
#13089=PRODUCT('Opto Stadium Lights','Opto Stadium Lights',
'Opto Stadium Lights',(#13091));
#13090=PRODUCT_CATEGORY('','');
#13091=PRODUCT_CONTEXT('',#13093,'mechanical');
#13092=APPLICATION_PROTOCOL_DEFINITION('international standard',
'ap242_managed_model_based_3d_engineering',2020,#13093);
#13093=APPLICATION_CONTEXT('managed model based 3d engineering');
ENDSEC;
END-ISO-10303-21;
