ISO-10303-21;
HEADER;
/* Generated by software containing ST-Developer
 * from STEP Tools, Inc. (www.steptools.com) 
 */
/* OPTION: using custom renumber hook */

FILE_DESCRIPTION(
/* description */ ('STEP AP242 Edition 2',
'CAx-IF Rec.Pracs.---Representation and Presentation of Product Manufa
cturing Information (PMI)---4.0---2014-10-13',
'CAx-IF Rec.Pracs.---3D Tessellated Geometry---0.4---2014-09-14','2;1',
'CAx-IF Rec.Pracs.---User Defined Attributes---1.5---2016-08-15'),
/* implementation_level */ '2;1');

FILE_NAME(
/* name */ 'N-Metheus - Camera Holder',
/* time_stamp */ '2026-01-30T20:52:38Z',
/* author */ (''),
/* organization */ (''),
/* preprocessor_version */ 'ST-DEVELOPER v20',
/* originating_system */ 'ONSHAPE BY PTC INC, 1.210',
/* authorisation */ '  ');

FILE_SCHEMA (('AP242_MANAGED_MODEL_BASED_3D_ENGINEERING_MIM_LF { 1 0 10303 442 3 1 4 }'));
ENDSEC;

DATA;
#10=SHAPE_REPRESENTATION_RELATIONSHIP('','',#1815,#11);
#11=ADVANCED_BREP_SHAPE_REPRESENTATION('',(#1813),#3145);
#12=SPHERICAL_SURFACE('',#1981,0.001);
#13=SPHERICAL_SURFACE('',#1985,0.001);
#14=SPHERICAL_SURFACE('',#1995,0.001);
#15=SPHERICAL_SURFACE('',#1997,0.001);
#16=SPHERICAL_SURFACE('',#2007,0.001);
#17=SPHERICAL_SURFACE('',#2013,0.001);
#18=(
BOUNDED_SURFACE()
B_SPLINE_SURFACE(3,2,((#3058,#3059,#3060),(#3061,#3062,#3063),(#3064,#3065,
#3066),(#3067,#3068,#3069)),.UNSPECIFIED.,.F.,.F.,.F.)
B_SPLINE_SURFACE_WITH_KNOTS((4,4),(3,3),(1.5707963267949,2.1080746578331),
(0.,1.),.PIECEWISE_BEZIER_KNOTS.)
GEOMETRIC_REPRESENTATION_ITEM()
RATIONAL_B_SPLINE_SURFACE(((1.,0.707106781186546,1.),(1.,0.708336453490347,
1.),(1.,0.709560963508405,1.),(1.,0.71061216968304,1.)))
REPRESENTATION_ITEM('')
SURFACE()
);
#19=(
BOUNDED_SURFACE()
B_SPLINE_SURFACE(3,2,((#3082,#3083,#3084),(#3085,#3086,#3087),(#3088,#3089,
#3090),(#3091,#3092,#3093)),.UNSPECIFIED.,.F.,.F.,.F.)
B_SPLINE_SURFACE_WITH_KNOTS((4,4),(3,3),(4.71238898038469,5.24966731142277),
(0.,1.),.PIECEWISE_BEZIER_KNOTS.)
GEOMETRIC_REPRESENTATION_ITEM()
RATIONAL_B_SPLINE_SURFACE(((1.,0.707106781186546,1.),(1.,0.708336453490346,
1.),(1.,0.709560963508981,1.),(1.,0.710612169683039,1.)))
REPRESENTATION_ITEM('')
SURFACE()
);
#20=TOROIDAL_SURFACE('',#1949,0.004,0.001);
#21=TOROIDAL_SURFACE('',#1951,0.004,0.001);
#22=TOROIDAL_SURFACE('',#1957,0.006,0.001);
#23=TOROIDAL_SURFACE('',#1959,0.006,0.001);
#24=TOROIDAL_SURFACE('',#1961,0.0137,0.001);
#25=TOROIDAL_SURFACE('',#1962,0.0137,0.001);
#26=TOROIDAL_SURFACE('',#1968,0.002,0.001);
#27=TOROIDAL_SURFACE('',#1983,0.002,0.001);
#28=TOROIDAL_SURFACE('',#2016,0.01565,0.001);
#29=B_SPLINE_CURVE_WITH_KNOTS('',3,(#2849,#2850,#2851,#2852),
 .UNSPECIFIED.,.F.,.F.,(4,4),(0.,1.02360428350734E-5),.UNSPECIFIED.);
#30=B_SPLINE_CURVE_WITH_KNOTS('',3,(#2882,#2883,#2884,#2885),
 .UNSPECIFIED.,.F.,.F.,(4,4),(0.,1.02584479424322E-5),.UNSPECIFIED.);
#31=B_SPLINE_CURVE_WITH_KNOTS('',3,(#3043,#3044,#3045,#3046,#3047),
 .UNSPECIFIED.,.F.,.F.,(4,1,4),(0.,0.000781193311271595,0.00156238662254319),
 .UNSPECIFIED.);
#32=B_SPLINE_CURVE_WITH_KNOTS('',3,(#3049,#3050,#3051,#3052,#3053),
 .UNSPECIFIED.,.F.,.F.,(4,1,4),(0.,0.00078119331127175,0.0015623866225435),
 .UNSPECIFIED.);
#33=B_SPLINE_CURVE_WITH_KNOTS('',3,(#3070,#3071,#3072,#3073,#3074),
 .UNSPECIFIED.,.F.,.F.,(4,1,4),(3.72525555573376E-16,0.000776281677935259,
0.00155256335587014),.UNSPECIFIED.);
#34=B_SPLINE_CURVE_WITH_KNOTS('',3,(#3096,#3097,#3098,#3099,#3100),
 .UNSPECIFIED.,.F.,.F.,(4,1,4),(3.68076274420164E-16,0.000776281677935235,
0.0015525633558701),.UNSPECIFIED.);
#35=ELLIPSE('',#1888,0.00200037725536295,0.002);
#36=ELLIPSE('',#1897,0.00200037725536295,0.002);
#37=ELLIPSE('',#1967,0.00100075429740443,0.001);
#38=ELLIPSE('',#1973,0.00100075429740443,0.001);
#39=ELLIPSE('',#2000,0.00141421356237309,0.001);
#40=ELLIPSE('',#2006,0.00141421356237309,0.001);
#41=CYLINDRICAL_SURFACE('',#1825,0.0025);
#42=CYLINDRICAL_SURFACE('',#1831,0.0025);
#43=CYLINDRICAL_SURFACE('',#1870,0.01465);
#44=CYLINDRICAL_SURFACE('',#1876,0.0129);
#45=CYLINDRICAL_SURFACE('',#1879,0.0102);
#46=CYLINDRICAL_SURFACE('',#1882,0.0129);
#47=CYLINDRICAL_SURFACE('',#1885,0.0102);
#48=CYLINDRICAL_SURFACE('',#1889,0.0147);
#49=CYLINDRICAL_SURFACE('',#1893,0.0147);
#50=CYLINDRICAL_SURFACE('',#1905,0.0076);
#51=CYLINDRICAL_SURFACE('',#1908,0.0025);
#52=CYLINDRICAL_SURFACE('',#1913,0.0076);
#53=CYLINDRICAL_SURFACE('',#1936,0.005);
#54=CYLINDRICAL_SURFACE('',#1938,0.005);
#55=CYLINDRICAL_SURFACE('',#1940,0.005);
#56=CYLINDRICAL_SURFACE('',#1942,0.005);
#57=CYLINDRICAL_SURFACE('',#1944,0.002);
#58=CYLINDRICAL_SURFACE('',#1945,0.002);
#59=CYLINDRICAL_SURFACE('',#1946,0.001);
#60=CYLINDRICAL_SURFACE('',#1953,0.001);
#61=CYLINDRICAL_SURFACE('',#1955,0.001);
#62=CYLINDRICAL_SURFACE('',#1963,0.001);
#63=CYLINDRICAL_SURFACE('',#1965,0.001);
#64=CYLINDRICAL_SURFACE('',#1971,0.001);
#65=CYLINDRICAL_SURFACE('',#1974,0.001);
#66=CYLINDRICAL_SURFACE('',#1976,0.001);
#67=CYLINDRICAL_SURFACE('',#1978,0.001);
#68=CYLINDRICAL_SURFACE('',#1987,0.001);
#69=CYLINDRICAL_SURFACE('',#1989,0.001);
#70=CYLINDRICAL_SURFACE('',#1991,0.001);
#71=CYLINDRICAL_SURFACE('',#1993,0.001);
#72=CYLINDRICAL_SURFACE('',#1999,0.001);
#73=CYLINDRICAL_SURFACE('',#2001,0.001);
#74=CYLINDRICAL_SURFACE('',#2003,0.001);
#75=CYLINDRICAL_SURFACE('',#2005,0.001);
#76=CYLINDRICAL_SURFACE('',#2009,0.001);
#77=CYLINDRICAL_SURFACE('',#2011,0.001);
#78=CYLINDRICAL_SURFACE('',#2015,0.001);
#79=CIRCLE('',#1819,0.001);
#80=CIRCLE('',#1820,0.001);
#81=CIRCLE('',#1822,0.0076);
#82=CIRCLE('',#1824,0.0076);
#83=CIRCLE('',#1826,0.0025);
#84=CIRCLE('',#1827,0.0025);
#85=CIRCLE('',#1828,0.0025);
#86=CIRCLE('',#1829,0.0025);
#87=CIRCLE('',#1830,0.0025);
#88=CIRCLE('',#1832,0.0025);
#89=CIRCLE('',#1833,0.0025);
#90=CIRCLE('',#1834,0.0025);
#91=CIRCLE('',#1835,0.0025);
#92=CIRCLE('',#1836,0.0025);
#93=CIRCLE('',#1839,0.0076);
#94=CIRCLE('',#1841,0.0076);
#95=CIRCLE('',#1843,0.002);
#96=CIRCLE('',#1846,0.002);
#97=CIRCLE('',#1852,0.01565);
#98=CIRCLE('',#1853,0.0076);
#99=CIRCLE('',#1854,0.0025);
#100=CIRCLE('',#1855,0.001);
#101=CIRCLE('',#1856,0.0147);
#102=CIRCLE('',#1857,0.005);
#103=CIRCLE('',#1858,0.005);
#104=CIRCLE('',#1859,0.002);
#105=CIRCLE('',#1860,0.0076);
#106=CIRCLE('',#1861,0.002);
#107=CIRCLE('',#1862,0.005);
#108=CIRCLE('',#1863,0.005);
#109=CIRCLE('',#1864,0.0147);
#110=CIRCLE('',#1865,0.001);
#111=CIRCLE('',#1866,0.0129);
#112=CIRCLE('',#1867,0.0102);
#113=CIRCLE('',#1868,0.0129);
#114=CIRCLE('',#1869,0.0102);
#115=CIRCLE('',#1871,0.01465);
#116=CIRCLE('',#1872,0.01465);
#117=CIRCLE('',#1873,0.01465);
#118=CIRCLE('',#1877,0.0129);
#119=CIRCLE('',#1880,0.0102);
#120=CIRCLE('',#1883,0.0129);
#121=CIRCLE('',#1886,0.0102);
#122=CIRCLE('',#1890,0.0147);
#123=CIRCLE('',#1894,0.0147);
#124=CIRCLE('',#1899,0.0137);
#125=CIRCLE('',#1900,0.006);
#126=CIRCLE('',#1901,0.004);
#127=CIRCLE('',#1902,0.004);
#128=CIRCLE('',#1903,0.006);
#129=CIRCLE('',#1904,0.0137);
#130=CIRCLE('',#1906,0.0076);
#131=CIRCLE('',#1909,0.0025);
#132=CIRCLE('',#1914,0.0076);
#133=CIRCLE('',#1919,0.002);
#134=CIRCLE('',#1920,0.002);
#135=CIRCLE('',#1937,0.005);
#136=CIRCLE('',#1939,0.005);
#137=CIRCLE('',#1941,0.005);
#138=CIRCLE('',#1943,0.005);
#139=CIRCLE('',#1947,0.001);
#140=CIRCLE('',#1948,0.001);
#141=CIRCLE('',#1950,0.001);
#142=CIRCLE('',#1952,0.001);
#143=CIRCLE('',#1954,0.001);
#144=CIRCLE('',#1956,0.001);
#145=CIRCLE('',#1958,0.001);
#146=CIRCLE('',#1960,0.001);
#147=CIRCLE('',#1964,0.001);
#148=CIRCLE('',#1966,0.001);
#149=CIRCLE('',#1969,0.001);
#150=CIRCLE('',#1970,0.001);
#151=CIRCLE('',#1972,0.001);
#152=CIRCLE('',#1975,0.001);
#153=CIRCLE('',#1977,0.001);
#154=CIRCLE('',#1979,0.001);
#155=CIRCLE('',#1980,0.001);
#156=CIRCLE('',#1982,0.001);
#157=CIRCLE('',#1984,0.001);
#158=CIRCLE('',#1986,0.001);
#159=CIRCLE('',#1988,0.001);
#160=CIRCLE('',#1990,0.001);
#161=CIRCLE('',#1992,0.001);
#162=CIRCLE('',#1994,0.001);
#163=CIRCLE('',#1996,0.001);
#164=CIRCLE('',#1998,0.001);
#165=CIRCLE('',#2002,0.001);
#166=CIRCLE('',#2004,0.001);
#167=CIRCLE('',#2008,0.001);
#168=CIRCLE('',#2010,0.001);
#169=CIRCLE('',#2012,0.001);
#170=CIRCLE('',#2014,0.001);
#171=ORIENTED_EDGE('',*,*,#691,.T.);
#172=ORIENTED_EDGE('',*,*,#692,.T.);
#173=ORIENTED_EDGE('',*,*,#693,.T.);
#174=ORIENTED_EDGE('',*,*,#694,.T.);
#175=ORIENTED_EDGE('',*,*,#695,.F.);
#176=ORIENTED_EDGE('',*,*,#696,.F.);
#177=ORIENTED_EDGE('',*,*,#697,.T.);
#178=ORIENTED_EDGE('',*,*,#698,.T.);
#179=ORIENTED_EDGE('',*,*,#699,.T.);
#180=ORIENTED_EDGE('',*,*,#700,.T.);
#181=ORIENTED_EDGE('',*,*,#701,.T.);
#182=ORIENTED_EDGE('',*,*,#702,.T.);
#183=ORIENTED_EDGE('',*,*,#693,.F.);
#184=ORIENTED_EDGE('',*,*,#703,.T.);
#185=ORIENTED_EDGE('',*,*,#704,.F.);
#186=ORIENTED_EDGE('',*,*,#705,.T.);
#187=ORIENTED_EDGE('',*,*,#706,.F.);
#188=ORIENTED_EDGE('',*,*,#707,.T.);
#189=ORIENTED_EDGE('',*,*,#697,.F.);
#190=ORIENTED_EDGE('',*,*,#708,.T.);
#191=ORIENTED_EDGE('',*,*,#709,.T.);
#192=ORIENTED_EDGE('',*,*,#710,.F.);
#193=ORIENTED_EDGE('',*,*,#711,.F.);
#194=ORIENTED_EDGE('',*,*,#712,.T.);
#195=ORIENTED_EDGE('',*,*,#713,.F.);
#196=ORIENTED_EDGE('',*,*,#714,.F.);
#197=ORIENTED_EDGE('',*,*,#715,.T.);
#198=ORIENTED_EDGE('',*,*,#716,.T.);
#199=ORIENTED_EDGE('',*,*,#717,.F.);
#200=ORIENTED_EDGE('',*,*,#718,.F.);
#201=ORIENTED_EDGE('',*,*,#719,.T.);
#202=ORIENTED_EDGE('',*,*,#720,.T.);
#203=ORIENTED_EDGE('',*,*,#721,.T.);
#204=ORIENTED_EDGE('',*,*,#722,.T.);
#205=ORIENTED_EDGE('',*,*,#723,.T.);
#206=ORIENTED_EDGE('',*,*,#724,.F.);
#207=ORIENTED_EDGE('',*,*,#725,.F.);
#208=ORIENTED_EDGE('',*,*,#726,.F.);
#209=ORIENTED_EDGE('',*,*,#727,.F.);
#210=ORIENTED_EDGE('',*,*,#728,.F.);
#211=ORIENTED_EDGE('',*,*,#729,.T.);
#212=ORIENTED_EDGE('',*,*,#730,.T.);
#213=ORIENTED_EDGE('',*,*,#731,.T.);
#214=ORIENTED_EDGE('',*,*,#732,.F.);
#215=ORIENTED_EDGE('',*,*,#733,.T.);
#216=ORIENTED_EDGE('',*,*,#734,.F.);
#217=ORIENTED_EDGE('',*,*,#735,.T.);
#218=ORIENTED_EDGE('',*,*,#736,.F.);
#219=ORIENTED_EDGE('',*,*,#737,.T.);
#220=ORIENTED_EDGE('',*,*,#738,.T.);
#221=ORIENTED_EDGE('',*,*,#739,.F.);
#222=ORIENTED_EDGE('',*,*,#740,.T.);
#223=ORIENTED_EDGE('',*,*,#741,.F.);
#224=ORIENTED_EDGE('',*,*,#742,.T.);
#225=ORIENTED_EDGE('',*,*,#743,.T.);
#226=ORIENTED_EDGE('',*,*,#744,.T.);
#227=ORIENTED_EDGE('',*,*,#745,.T.);
#228=ORIENTED_EDGE('',*,*,#746,.F.);
#229=ORIENTED_EDGE('',*,*,#747,.T.);
#230=ORIENTED_EDGE('',*,*,#748,.T.);
#231=ORIENTED_EDGE('',*,*,#749,.T.);
#232=ORIENTED_EDGE('',*,*,#750,.T.);
#233=ORIENTED_EDGE('',*,*,#751,.T.);
#234=ORIENTED_EDGE('',*,*,#752,.T.);
#235=ORIENTED_EDGE('',*,*,#753,.T.);
#236=ORIENTED_EDGE('',*,*,#754,.T.);
#237=ORIENTED_EDGE('',*,*,#755,.T.);
#238=ORIENTED_EDGE('',*,*,#756,.T.);
#239=ORIENTED_EDGE('',*,*,#757,.F.);
#240=ORIENTED_EDGE('',*,*,#758,.F.);
#241=ORIENTED_EDGE('',*,*,#708,.F.);
#242=ORIENTED_EDGE('',*,*,#696,.T.);
#243=ORIENTED_EDGE('',*,*,#759,.T.);
#244=ORIENTED_EDGE('',*,*,#760,.T.);
#245=ORIENTED_EDGE('',*,*,#761,.T.);
#246=ORIENTED_EDGE('',*,*,#762,.F.);
#247=ORIENTED_EDGE('',*,*,#694,.F.);
#248=ORIENTED_EDGE('',*,*,#710,.T.);
#249=ORIENTED_EDGE('',*,*,#763,.F.);
#250=ORIENTED_EDGE('',*,*,#759,.F.);
#251=ORIENTED_EDGE('',*,*,#695,.T.);
#252=ORIENTED_EDGE('',*,*,#762,.T.);
#253=ORIENTED_EDGE('',*,*,#764,.T.);
#254=ORIENTED_EDGE('',*,*,#765,.T.);
#255=ORIENTED_EDGE('',*,*,#766,.F.);
#256=ORIENTED_EDGE('',*,*,#767,.T.);
#257=ORIENTED_EDGE('',*,*,#768,.T.);
#258=ORIENTED_EDGE('',*,*,#769,.T.);
#259=ORIENTED_EDGE('',*,*,#770,.T.);
#260=ORIENTED_EDGE('',*,*,#771,.T.);
#261=ORIENTED_EDGE('',*,*,#772,.T.);
#262=ORIENTED_EDGE('',*,*,#773,.T.);
#263=ORIENTED_EDGE('',*,*,#774,.F.);
#264=ORIENTED_EDGE('',*,*,#775,.T.);
#265=ORIENTED_EDGE('',*,*,#776,.T.);
#266=ORIENTED_EDGE('',*,*,#766,.T.);
#267=ORIENTED_EDGE('',*,*,#777,.T.);
#268=ORIENTED_EDGE('',*,*,#754,.F.);
#269=ORIENTED_EDGE('',*,*,#778,.T.);
#270=ORIENTED_EDGE('',*,*,#779,.F.);
#271=ORIENTED_EDGE('',*,*,#780,.T.);
#272=ORIENTED_EDGE('',*,*,#781,.F.);
#273=ORIENTED_EDGE('',*,*,#782,.T.);
#274=ORIENTED_EDGE('',*,*,#736,.T.);
#275=ORIENTED_EDGE('',*,*,#783,.T.);
#276=ORIENTED_EDGE('',*,*,#784,.T.);
#277=ORIENTED_EDGE('',*,*,#785,.T.);
#278=ORIENTED_EDGE('',*,*,#786,.T.);
#279=ORIENTED_EDGE('',*,*,#787,.T.);
#280=ORIENTED_EDGE('',*,*,#732,.T.);
#281=ORIENTED_EDGE('',*,*,#788,.T.);
#282=ORIENTED_EDGE('',*,*,#789,.T.);
#283=ORIENTED_EDGE('',*,*,#790,.T.);
#284=ORIENTED_EDGE('',*,*,#791,.F.);
#285=ORIENTED_EDGE('',*,*,#792,.F.);
#286=ORIENTED_EDGE('',*,*,#746,.T.);
#287=ORIENTED_EDGE('',*,*,#793,.T.);
#288=ORIENTED_EDGE('',*,*,#794,.T.);
#289=ORIENTED_EDGE('',*,*,#795,.T.);
#290=ORIENTED_EDGE('',*,*,#796,.T.);
#291=ORIENTED_EDGE('',*,*,#797,.T.);
#292=ORIENTED_EDGE('',*,*,#798,.T.);
#293=ORIENTED_EDGE('',*,*,#799,.F.);
#294=ORIENTED_EDGE('',*,*,#800,.T.);
#295=ORIENTED_EDGE('',*,*,#801,.F.);
#296=ORIENTED_EDGE('',*,*,#802,.T.);
#297=ORIENTED_EDGE('',*,*,#803,.T.);
#298=ORIENTED_EDGE('',*,*,#804,.T.);
#299=ORIENTED_EDGE('',*,*,#709,.F.);
#300=ORIENTED_EDGE('',*,*,#758,.T.);
#301=ORIENTED_EDGE('',*,*,#803,.F.);
#302=ORIENTED_EDGE('',*,*,#760,.F.);
#303=ORIENTED_EDGE('',*,*,#804,.F.);
#304=ORIENTED_EDGE('',*,*,#757,.T.);
#305=ORIENTED_EDGE('',*,*,#763,.T.);
#306=ORIENTED_EDGE('',*,*,#761,.F.);
#307=ORIENTED_EDGE('',*,*,#794,.F.);
#308=ORIENTED_EDGE('',*,*,#805,.F.);
#309=ORIENTED_EDGE('',*,*,#806,.T.);
#310=ORIENTED_EDGE('',*,*,#807,.T.);
#311=ORIENTED_EDGE('',*,*,#801,.T.);
#312=ORIENTED_EDGE('',*,*,#808,.F.);
#313=ORIENTED_EDGE('',*,*,#809,.F.);
#314=ORIENTED_EDGE('',*,*,#805,.T.);
#315=ORIENTED_EDGE('',*,*,#800,.F.);
#316=ORIENTED_EDGE('',*,*,#810,.F.);
#317=ORIENTED_EDGE('',*,*,#811,.T.);
#318=ORIENTED_EDGE('',*,*,#808,.T.);
#319=ORIENTED_EDGE('',*,*,#799,.T.);
#320=ORIENTED_EDGE('',*,*,#812,.F.);
#321=ORIENTED_EDGE('',*,*,#813,.F.);
#322=ORIENTED_EDGE('',*,*,#810,.T.);
#323=ORIENTED_EDGE('',*,*,#798,.F.);
#324=ORIENTED_EDGE('',*,*,#814,.F.);
#325=ORIENTED_EDGE('',*,*,#815,.T.);
#326=ORIENTED_EDGE('',*,*,#812,.T.);
#327=ORIENTED_EDGE('',*,*,#797,.F.);
#328=ORIENTED_EDGE('',*,*,#816,.F.);
#329=ORIENTED_EDGE('',*,*,#817,.T.);
#330=ORIENTED_EDGE('',*,*,#814,.T.);
#331=ORIENTED_EDGE('',*,*,#796,.F.);
#332=ORIENTED_EDGE('',*,*,#818,.F.);
#333=ORIENTED_EDGE('',*,*,#819,.T.);
#334=ORIENTED_EDGE('',*,*,#816,.T.);
#335=ORIENTED_EDGE('',*,*,#820,.F.);
#336=ORIENTED_EDGE('',*,*,#821,.T.);
#337=ORIENTED_EDGE('',*,*,#822,.T.);
#338=ORIENTED_EDGE('',*,*,#823,.T.);
#339=ORIENTED_EDGE('',*,*,#741,.T.);
#340=ORIENTED_EDGE('',*,*,#792,.T.);
#341=ORIENTED_EDGE('',*,*,#824,.T.);
#342=ORIENTED_EDGE('',*,*,#825,.T.);
#343=ORIENTED_EDGE('',*,*,#820,.T.);
#344=ORIENTED_EDGE('',*,*,#791,.T.);
#345=ORIENTED_EDGE('',*,*,#826,.T.);
#346=ORIENTED_EDGE('',*,*,#827,.T.);
#347=ORIENTED_EDGE('',*,*,#828,.T.);
#348=ORIENTED_EDGE('',*,*,#789,.F.);
#349=ORIENTED_EDGE('',*,*,#829,.T.);
#350=ORIENTED_EDGE('',*,*,#830,.T.);
#351=ORIENTED_EDGE('',*,*,#831,.T.);
#352=ORIENTED_EDGE('',*,*,#781,.T.);
#353=ORIENTED_EDGE('',*,*,#832,.F.);
#354=ORIENTED_EDGE('',*,*,#833,.T.);
#355=ORIENTED_EDGE('',*,*,#834,.T.);
#356=ORIENTED_EDGE('',*,*,#779,.T.);
#357=ORIENTED_EDGE('',*,*,#795,.F.);
#358=ORIENTED_EDGE('',*,*,#807,.F.);
#359=ORIENTED_EDGE('',*,*,#835,.T.);
#360=ORIENTED_EDGE('',*,*,#818,.T.);
#361=ORIENTED_EDGE('',*,*,#836,.T.);
#362=ORIENTED_EDGE('',*,*,#837,.T.);
#363=ORIENTED_EDGE('',*,*,#832,.T.);
#364=ORIENTED_EDGE('',*,*,#778,.F.);
#365=ORIENTED_EDGE('',*,*,#753,.F.);
#366=ORIENTED_EDGE('',*,*,#838,.T.);
#367=ORIENTED_EDGE('',*,*,#839,.T.);
#368=ORIENTED_EDGE('',*,*,#840,.T.);
#369=ORIENTED_EDGE('',*,*,#841,.T.);
#370=ORIENTED_EDGE('',*,*,#842,.T.);
#371=ORIENTED_EDGE('',*,*,#843,.T.);
#372=ORIENTED_EDGE('',*,*,#844,.T.);
#373=ORIENTED_EDGE('',*,*,#845,.T.);
#374=ORIENTED_EDGE('',*,*,#846,.T.);
#375=ORIENTED_EDGE('',*,*,#847,.T.);
#376=ORIENTED_EDGE('',*,*,#848,.T.);
#377=ORIENTED_EDGE('',*,*,#849,.T.);
#378=ORIENTED_EDGE('',*,*,#850,.T.);
#379=ORIENTED_EDGE('',*,*,#806,.F.);
#380=ORIENTED_EDGE('',*,*,#809,.T.);
#381=ORIENTED_EDGE('',*,*,#811,.F.);
#382=ORIENTED_EDGE('',*,*,#813,.T.);
#383=ORIENTED_EDGE('',*,*,#815,.F.);
#384=ORIENTED_EDGE('',*,*,#817,.F.);
#385=ORIENTED_EDGE('',*,*,#819,.F.);
#386=ORIENTED_EDGE('',*,*,#835,.F.);
#387=ORIENTED_EDGE('',*,*,#719,.F.);
#388=ORIENTED_EDGE('',*,*,#724,.T.);
#389=ORIENTED_EDGE('',*,*,#774,.T.);
#390=ORIENTED_EDGE('',*,*,#851,.F.);
#391=ORIENTED_EDGE('',*,*,#852,.F.);
#392=ORIENTED_EDGE('',*,*,#853,.F.);
#393=ORIENTED_EDGE('',*,*,#714,.T.);
#394=ORIENTED_EDGE('',*,*,#854,.T.);
#395=ORIENTED_EDGE('',*,*,#737,.F.);
#396=ORIENTED_EDGE('',*,*,#855,.T.);
#397=ORIENTED_EDGE('',*,*,#775,.F.);
#398=ORIENTED_EDGE('',*,*,#855,.F.);
#399=ORIENTED_EDGE('',*,*,#738,.F.);
#400=ORIENTED_EDGE('',*,*,#854,.F.);
#401=ORIENTED_EDGE('',*,*,#713,.T.);
#402=ORIENTED_EDGE('',*,*,#856,.F.);
#403=ORIENTED_EDGE('',*,*,#857,.T.);
#404=ORIENTED_EDGE('',*,*,#858,.T.);
#405=ORIENTED_EDGE('',*,*,#859,.T.);
#406=ORIENTED_EDGE('',*,*,#860,.T.);
#407=ORIENTED_EDGE('',*,*,#861,.T.);
#408=ORIENTED_EDGE('',*,*,#776,.F.);
#409=ORIENTED_EDGE('',*,*,#861,.F.);
#410=ORIENTED_EDGE('',*,*,#862,.F.);
#411=ORIENTED_EDGE('',*,*,#863,.T.);
#412=ORIENTED_EDGE('',*,*,#773,.F.);
#413=ORIENTED_EDGE('',*,*,#863,.F.);
#414=ORIENTED_EDGE('',*,*,#864,.T.);
#415=ORIENTED_EDGE('',*,*,#865,.F.);
#416=ORIENTED_EDGE('',*,*,#866,.T.);
#417=ORIENTED_EDGE('',*,*,#867,.T.);
#418=ORIENTED_EDGE('',*,*,#868,.T.);
#419=ORIENTED_EDGE('',*,*,#711,.T.);
#420=ORIENTED_EDGE('',*,*,#853,.T.);
#421=ORIENTED_EDGE('',*,*,#869,.F.);
#422=ORIENTED_EDGE('',*,*,#851,.T.);
#423=ORIENTED_EDGE('',*,*,#852,.T.);
#424=ORIENTED_EDGE('',*,*,#869,.T.);
#425=ORIENTED_EDGE('',*,*,#784,.F.);
#426=ORIENTED_EDGE('',*,*,#870,.T.);
#427=ORIENTED_EDGE('',*,*,#871,.F.);
#428=ORIENTED_EDGE('',*,*,#872,.F.);
#429=ORIENTED_EDGE('',*,*,#873,.F.);
#430=ORIENTED_EDGE('',*,*,#874,.F.);
#431=ORIENTED_EDGE('',*,*,#875,.T.);
#432=ORIENTED_EDGE('',*,*,#715,.F.);
#433=ORIENTED_EDGE('',*,*,#876,.T.);
#434=ORIENTED_EDGE('',*,*,#877,.T.);
#435=ORIENTED_EDGE('',*,*,#878,.T.);
#436=ORIENTED_EDGE('',*,*,#785,.F.);
#437=ORIENTED_EDGE('',*,*,#878,.F.);
#438=ORIENTED_EDGE('',*,*,#879,.T.);
#439=ORIENTED_EDGE('',*,*,#876,.F.);
#440=ORIENTED_EDGE('',*,*,#718,.T.);
#441=ORIENTED_EDGE('',*,*,#880,.T.);
#442=ORIENTED_EDGE('',*,*,#739,.T.);
#443=ORIENTED_EDGE('',*,*,#881,.T.);
#444=ORIENTED_EDGE('',*,*,#882,.T.);
#445=ORIENTED_EDGE('',*,*,#883,.T.);
#446=ORIENTED_EDGE('',*,*,#786,.F.);
#447=ORIENTED_EDGE('',*,*,#881,.F.);
#448=ORIENTED_EDGE('',*,*,#740,.F.);
#449=ORIENTED_EDGE('',*,*,#880,.F.);
#450=ORIENTED_EDGE('',*,*,#717,.T.);
#451=ORIENTED_EDGE('',*,*,#884,.F.);
#452=ORIENTED_EDGE('',*,*,#885,.T.);
#453=ORIENTED_EDGE('',*,*,#886,.T.);
#454=ORIENTED_EDGE('',*,*,#887,.T.);
#455=ORIENTED_EDGE('',*,*,#877,.F.);
#456=ORIENTED_EDGE('',*,*,#879,.F.);
#457=ORIENTED_EDGE('',*,*,#888,.F.);
#458=ORIENTED_EDGE('',*,*,#864,.F.);
#459=ORIENTED_EDGE('',*,*,#862,.T.);
#460=ORIENTED_EDGE('',*,*,#860,.F.);
#461=ORIENTED_EDGE('',*,*,#889,.F.);
#462=ORIENTED_EDGE('',*,*,#871,.T.);
#463=ORIENTED_EDGE('',*,*,#890,.T.);
#464=ORIENTED_EDGE('',*,*,#734,.T.);
#465=ORIENTED_EDGE('',*,*,#891,.T.);
#466=ORIENTED_EDGE('',*,*,#882,.F.);
#467=ORIENTED_EDGE('',*,*,#888,.T.);
#468=ORIENTED_EDGE('',*,*,#859,.F.);
#469=ORIENTED_EDGE('',*,*,#892,.F.);
#470=ORIENTED_EDGE('',*,*,#893,.F.);
#471=ORIENTED_EDGE('',*,*,#865,.T.);
#472=ORIENTED_EDGE('',*,*,#712,.F.);
#473=ORIENTED_EDGE('',*,*,#868,.F.);
#474=ORIENTED_EDGE('',*,*,#894,.T.);
#475=ORIENTED_EDGE('',*,*,#895,.T.);
#476=ORIENTED_EDGE('',*,*,#856,.T.);
#477=ORIENTED_EDGE('',*,*,#725,.T.);
#478=ORIENTED_EDGE('',*,*,#894,.F.);
#479=ORIENTED_EDGE('',*,*,#867,.F.);
#480=ORIENTED_EDGE('',*,*,#728,.T.);
#481=ORIENTED_EDGE('',*,*,#857,.F.);
#482=ORIENTED_EDGE('',*,*,#895,.F.);
#483=ORIENTED_EDGE('',*,*,#727,.T.);
#484=ORIENTED_EDGE('',*,*,#892,.T.);
#485=ORIENTED_EDGE('',*,*,#858,.F.);
#486=ORIENTED_EDGE('',*,*,#726,.T.);
#487=ORIENTED_EDGE('',*,*,#866,.F.);
#488=ORIENTED_EDGE('',*,*,#893,.T.);
#489=ORIENTED_EDGE('',*,*,#896,.F.);
#490=ORIENTED_EDGE('',*,*,#872,.T.);
#491=ORIENTED_EDGE('',*,*,#889,.T.);
#492=ORIENTED_EDGE('',*,*,#887,.F.);
#493=ORIENTED_EDGE('',*,*,#897,.F.);
#494=ORIENTED_EDGE('',*,*,#898,.T.);
#495=ORIENTED_EDGE('',*,*,#899,.T.);
#496=ORIENTED_EDGE('',*,*,#884,.T.);
#497=ORIENTED_EDGE('',*,*,#716,.F.);
#498=ORIENTED_EDGE('',*,*,#875,.F.);
#499=ORIENTED_EDGE('',*,*,#873,.T.);
#500=ORIENTED_EDGE('',*,*,#896,.T.);
#501=ORIENTED_EDGE('',*,*,#721,.F.);
#502=ORIENTED_EDGE('',*,*,#897,.T.);
#503=ORIENTED_EDGE('',*,*,#886,.F.);
#504=ORIENTED_EDGE('',*,*,#722,.F.);
#505=ORIENTED_EDGE('',*,*,#885,.F.);
#506=ORIENTED_EDGE('',*,*,#899,.F.);
#507=ORIENTED_EDGE('',*,*,#723,.F.);
#508=ORIENTED_EDGE('',*,*,#898,.F.);
#509=ORIENTED_EDGE('',*,*,#874,.T.);
#510=ORIENTED_EDGE('',*,*,#720,.F.);
#511=ORIENTED_EDGE('',*,*,#900,.T.);
#512=ORIENTED_EDGE('',*,*,#901,.T.);
#513=ORIENTED_EDGE('',*,*,#902,.F.);
#514=ORIENTED_EDGE('',*,*,#705,.F.);
#515=ORIENTED_EDGE('',*,*,#704,.T.);
#516=ORIENTED_EDGE('',*,*,#903,.T.);
#517=ORIENTED_EDGE('',*,*,#904,.T.);
#518=ORIENTED_EDGE('',*,*,#900,.F.);
#519=ORIENTED_EDGE('',*,*,#905,.T.);
#520=ORIENTED_EDGE('',*,*,#906,.T.);
#521=ORIENTED_EDGE('',*,*,#706,.T.);
#522=ORIENTED_EDGE('',*,*,#902,.T.);
#523=ORIENTED_EDGE('',*,*,#828,.F.);
#524=ORIENTED_EDGE('',*,*,#907,.T.);
#525=ORIENTED_EDGE('',*,*,#824,.F.);
#526=ORIENTED_EDGE('',*,*,#790,.F.);
#527=ORIENTED_EDGE('',*,*,#834,.F.);
#528=ORIENTED_EDGE('',*,*,#908,.T.);
#529=ORIENTED_EDGE('',*,*,#829,.F.);
#530=ORIENTED_EDGE('',*,*,#780,.F.);
#531=ORIENTED_EDGE('',*,*,#731,.F.);
#532=ORIENTED_EDGE('',*,*,#909,.T.);
#533=ORIENTED_EDGE('',*,*,#826,.F.);
#534=ORIENTED_EDGE('',*,*,#788,.F.);
#535=ORIENTED_EDGE('',*,*,#831,.F.);
#536=ORIENTED_EDGE('',*,*,#910,.T.);
#537=ORIENTED_EDGE('',*,*,#729,.F.);
#538=ORIENTED_EDGE('',*,*,#782,.F.);
#539=ORIENTED_EDGE('',*,*,#890,.F.);
#540=ORIENTED_EDGE('',*,*,#870,.F.);
#541=ORIENTED_EDGE('',*,*,#783,.F.);
#542=ORIENTED_EDGE('',*,*,#735,.F.);
#543=ORIENTED_EDGE('',*,*,#891,.F.);
#544=ORIENTED_EDGE('',*,*,#733,.F.);
#545=ORIENTED_EDGE('',*,*,#787,.F.);
#546=ORIENTED_EDGE('',*,*,#883,.F.);
#547=ORIENTED_EDGE('',*,*,#911,.F.);
#548=ORIENTED_EDGE('',*,*,#843,.F.);
#549=ORIENTED_EDGE('',*,*,#912,.F.);
#550=ORIENTED_EDGE('',*,*,#730,.F.);
#551=ORIENTED_EDGE('',*,*,#912,.T.);
#552=ORIENTED_EDGE('',*,*,#842,.F.);
#553=ORIENTED_EDGE('',*,*,#913,.F.);
#554=ORIENTED_EDGE('',*,*,#909,.F.);
#555=ORIENTED_EDGE('',*,*,#911,.T.);
#556=ORIENTED_EDGE('',*,*,#910,.F.);
#557=ORIENTED_EDGE('',*,*,#914,.F.);
#558=ORIENTED_EDGE('',*,*,#844,.F.);
#559=ORIENTED_EDGE('',*,*,#913,.T.);
#560=ORIENTED_EDGE('',*,*,#841,.F.);
#561=ORIENTED_EDGE('',*,*,#915,.F.);
#562=ORIENTED_EDGE('',*,*,#827,.F.);
#563=ORIENTED_EDGE('',*,*,#914,.T.);
#564=ORIENTED_EDGE('',*,*,#830,.F.);
#565=ORIENTED_EDGE('',*,*,#916,.F.);
#566=ORIENTED_EDGE('',*,*,#845,.F.);
#567=ORIENTED_EDGE('',*,*,#915,.T.);
#568=ORIENTED_EDGE('',*,*,#840,.F.);
#569=ORIENTED_EDGE('',*,*,#917,.F.);
#570=ORIENTED_EDGE('',*,*,#907,.F.);
#571=ORIENTED_EDGE('',*,*,#916,.T.);
#572=ORIENTED_EDGE('',*,*,#908,.F.);
#573=ORIENTED_EDGE('',*,*,#918,.F.);
#574=ORIENTED_EDGE('',*,*,#846,.F.);
#575=ORIENTED_EDGE('',*,*,#917,.T.);
#576=ORIENTED_EDGE('',*,*,#839,.F.);
#577=ORIENTED_EDGE('',*,*,#919,.F.);
#578=ORIENTED_EDGE('',*,*,#825,.F.);
#579=ORIENTED_EDGE('',*,*,#918,.T.);
#580=ORIENTED_EDGE('',*,*,#833,.F.);
#581=ORIENTED_EDGE('',*,*,#920,.F.);
#582=ORIENTED_EDGE('',*,*,#847,.F.);
#583=ORIENTED_EDGE('',*,*,#919,.T.);
#584=ORIENTED_EDGE('',*,*,#850,.F.);
#585=ORIENTED_EDGE('',*,*,#921,.F.);
#586=ORIENTED_EDGE('',*,*,#821,.F.);
#587=ORIENTED_EDGE('',*,*,#920,.T.);
#588=ORIENTED_EDGE('',*,*,#837,.F.);
#589=ORIENTED_EDGE('',*,*,#922,.F.);
#590=ORIENTED_EDGE('',*,*,#848,.F.);
#591=ORIENTED_EDGE('',*,*,#923,.F.);
#592=ORIENTED_EDGE('',*,*,#822,.F.);
#593=ORIENTED_EDGE('',*,*,#921,.T.);
#594=ORIENTED_EDGE('',*,*,#924,.F.);
#595=ORIENTED_EDGE('',*,*,#823,.F.);
#596=ORIENTED_EDGE('',*,*,#923,.T.);
#597=ORIENTED_EDGE('',*,*,#925,.F.);
#598=ORIENTED_EDGE('',*,*,#926,.F.);
#599=ORIENTED_EDGE('',*,*,#742,.F.);
#600=ORIENTED_EDGE('',*,*,#793,.F.);
#601=ORIENTED_EDGE('',*,*,#745,.F.);
#602=ORIENTED_EDGE('',*,*,#927,.F.);
#603=ORIENTED_EDGE('',*,*,#767,.F.);
#604=ORIENTED_EDGE('',*,*,#928,.F.);
#605=ORIENTED_EDGE('',*,*,#922,.T.);
#606=ORIENTED_EDGE('',*,*,#836,.F.);
#607=ORIENTED_EDGE('',*,*,#929,.F.);
#608=ORIENTED_EDGE('',*,*,#849,.F.);
#609=ORIENTED_EDGE('',*,*,#928,.T.);
#610=ORIENTED_EDGE('',*,*,#930,.F.);
#611=ORIENTED_EDGE('',*,*,#747,.F.);
#612=ORIENTED_EDGE('',*,*,#925,.T.);
#613=ORIENTED_EDGE('',*,*,#924,.T.);
#614=ORIENTED_EDGE('',*,*,#926,.T.);
#615=ORIENTED_EDGE('',*,*,#750,.F.);
#616=ORIENTED_EDGE('',*,*,#931,.F.);
#617=ORIENTED_EDGE('',*,*,#743,.F.);
#618=ORIENTED_EDGE('',*,*,#932,.F.);
#619=ORIENTED_EDGE('',*,*,#744,.F.);
#620=ORIENTED_EDGE('',*,*,#933,.F.);
#621=ORIENTED_EDGE('',*,*,#700,.F.);
#622=ORIENTED_EDGE('',*,*,#927,.T.);
#623=ORIENTED_EDGE('',*,*,#932,.T.);
#624=ORIENTED_EDGE('',*,*,#934,.F.);
#625=ORIENTED_EDGE('',*,*,#838,.F.);
#626=ORIENTED_EDGE('',*,*,#752,.F.);
#627=ORIENTED_EDGE('',*,*,#935,.F.);
#628=ORIENTED_EDGE('',*,*,#930,.T.);
#629=ORIENTED_EDGE('',*,*,#929,.T.);
#630=ORIENTED_EDGE('',*,*,#933,.T.);
#631=ORIENTED_EDGE('',*,*,#931,.T.);
#632=ORIENTED_EDGE('',*,*,#936,.F.);
#633=ORIENTED_EDGE('',*,*,#707,.F.);
#634=ORIENTED_EDGE('',*,*,#906,.F.);
#635=ORIENTED_EDGE('',*,*,#937,.F.);
#636=ORIENTED_EDGE('',*,*,#698,.F.);
#637=ORIENTED_EDGE('',*,*,#934,.T.);
#638=ORIENTED_EDGE('',*,*,#699,.F.);
#639=ORIENTED_EDGE('',*,*,#938,.F.);
#640=ORIENTED_EDGE('',*,*,#768,.F.);
#641=ORIENTED_EDGE('',*,*,#935,.T.);
#642=ORIENTED_EDGE('',*,*,#751,.F.);
#643=ORIENTED_EDGE('',*,*,#939,.F.);
#644=ORIENTED_EDGE('',*,*,#748,.F.);
#645=ORIENTED_EDGE('',*,*,#936,.T.);
#646=ORIENTED_EDGE('',*,*,#749,.F.);
#647=ORIENTED_EDGE('',*,*,#940,.F.);
#648=ORIENTED_EDGE('',*,*,#701,.F.);
#649=ORIENTED_EDGE('',*,*,#938,.T.);
#650=ORIENTED_EDGE('',*,*,#937,.T.);
#651=ORIENTED_EDGE('',*,*,#941,.F.);
#652=ORIENTED_EDGE('',*,*,#940,.T.);
#653=ORIENTED_EDGE('',*,*,#939,.T.);
#654=ORIENTED_EDGE('',*,*,#942,.F.);
#655=ORIENTED_EDGE('',*,*,#941,.T.);
#656=ORIENTED_EDGE('',*,*,#905,.F.);
#657=ORIENTED_EDGE('',*,*,#943,.F.);
#658=ORIENTED_EDGE('',*,*,#769,.F.);
#659=ORIENTED_EDGE('',*,*,#777,.F.);
#660=ORIENTED_EDGE('',*,*,#765,.F.);
#661=ORIENTED_EDGE('',*,*,#944,.F.);
#662=ORIENTED_EDGE('',*,*,#755,.F.);
#663=ORIENTED_EDGE('',*,*,#942,.T.);
#664=ORIENTED_EDGE('',*,*,#756,.F.);
#665=ORIENTED_EDGE('',*,*,#945,.F.);
#666=ORIENTED_EDGE('',*,*,#702,.F.);
#667=ORIENTED_EDGE('',*,*,#943,.T.);
#668=ORIENTED_EDGE('',*,*,#901,.F.);
#669=ORIENTED_EDGE('',*,*,#946,.F.);
#670=ORIENTED_EDGE('',*,*,#770,.F.);
#671=ORIENTED_EDGE('',*,*,#945,.T.);
#672=ORIENTED_EDGE('',*,*,#944,.T.);
#673=ORIENTED_EDGE('',*,*,#947,.F.);
#674=ORIENTED_EDGE('',*,*,#946,.T.);
#675=ORIENTED_EDGE('',*,*,#904,.F.);
#676=ORIENTED_EDGE('',*,*,#948,.F.);
#677=ORIENTED_EDGE('',*,*,#771,.F.);
#678=ORIENTED_EDGE('',*,*,#947,.T.);
#679=ORIENTED_EDGE('',*,*,#764,.F.);
#680=ORIENTED_EDGE('',*,*,#949,.F.);
#681=ORIENTED_EDGE('',*,*,#691,.F.);
#682=ORIENTED_EDGE('',*,*,#949,.T.);
#683=ORIENTED_EDGE('',*,*,#948,.T.);
#684=ORIENTED_EDGE('',*,*,#950,.F.);
#685=ORIENTED_EDGE('',*,*,#703,.F.);
#686=ORIENTED_EDGE('',*,*,#692,.F.);
#687=ORIENTED_EDGE('',*,*,#950,.T.);
#688=ORIENTED_EDGE('',*,*,#903,.F.);
#689=ORIENTED_EDGE('',*,*,#802,.F.);
#690=ORIENTED_EDGE('',*,*,#772,.F.);
#691=EDGE_CURVE('',#951,#952,#1111,.F.);
#692=EDGE_CURVE('',#952,#953,#1112,.F.);
#693=EDGE_CURVE('',#953,#954,#1113,.T.);
#694=EDGE_CURVE('',#954,#955,#1114,.T.);
#695=EDGE_CURVE('',#956,#955,#1115,.T.);
#696=EDGE_CURVE('',#957,#956,#1116,.T.);
#697=EDGE_CURVE('',#957,#958,#1117,.T.);
#698=EDGE_CURVE('',#958,#959,#1118,.T.);
#699=EDGE_CURVE('',#959,#960,#1119,.F.);
#700=EDGE_CURVE('',#960,#961,#1120,.F.);
#701=EDGE_CURVE('',#961,#962,#1121,.T.);
#702=EDGE_CURVE('',#962,#951,#1122,.T.);
#703=EDGE_CURVE('',#953,#963,#79,.F.);
#704=EDGE_CURVE('',#964,#963,#1123,.T.);
#705=EDGE_CURVE('',#964,#965,#1124,.T.);
#706=EDGE_CURVE('',#966,#965,#1125,.T.);
#707=EDGE_CURVE('',#966,#958,#80,.F.);
#708=EDGE_CURVE('',#957,#967,#1126,.T.);
#709=EDGE_CURVE('',#967,#968,#1127,.T.);
#710=EDGE_CURVE('',#954,#968,#1128,.T.);
#711=EDGE_CURVE('',#969,#970,#1129,.T.);
#712=EDGE_CURVE('',#969,#971,#1130,.T.);
#713=EDGE_CURVE('',#972,#971,#1131,.T.);
#714=EDGE_CURVE('',#970,#972,#81,.T.);
#715=EDGE_CURVE('',#973,#974,#1132,.T.);
#716=EDGE_CURVE('',#974,#975,#1133,.T.);
#717=EDGE_CURVE('',#976,#975,#1134,.T.);
#718=EDGE_CURVE('',#973,#976,#82,.T.);
#719=EDGE_CURVE('',#977,#977,#83,.T.);
#720=EDGE_CURVE('',#978,#979,#84,.T.);
#721=EDGE_CURVE('',#979,#980,#85,.T.);
#722=EDGE_CURVE('',#980,#981,#86,.T.);
#723=EDGE_CURVE('',#981,#978,#87,.T.);
#724=EDGE_CURVE('',#982,#982,#88,.T.);
#725=EDGE_CURVE('',#983,#984,#89,.F.);
#726=EDGE_CURVE('',#985,#983,#90,.F.);
#727=EDGE_CURVE('',#986,#985,#91,.F.);
#728=EDGE_CURVE('',#984,#986,#92,.F.);
#729=EDGE_CURVE('',#987,#988,#1135,.F.);
#730=EDGE_CURVE('',#988,#989,#1136,.T.);
#731=EDGE_CURVE('',#989,#990,#1137,.T.);
#732=EDGE_CURVE('',#991,#990,#1138,.T.);
#733=EDGE_CURVE('',#991,#992,#1139,.F.);
#734=EDGE_CURVE('',#993,#992,#1140,.T.);
#735=EDGE_CURVE('',#993,#994,#1141,.T.);
#736=EDGE_CURVE('',#987,#994,#1142,.T.);
#737=EDGE_CURVE('',#995,#996,#93,.T.);
#738=EDGE_CURVE('',#996,#995,#1143,.T.);
#739=EDGE_CURVE('',#997,#998,#94,.T.);
#740=EDGE_CURVE('',#997,#998,#1144,.T.);
#741=EDGE_CURVE('',#999,#1000,#1145,.T.);
#742=EDGE_CURVE('',#999,#1001,#95,.F.);
#743=EDGE_CURVE('',#1001,#1002,#1146,.F.);
#744=EDGE_CURVE('',#1002,#1003,#1147,.T.);
#745=EDGE_CURVE('',#1003,#1004,#1148,.T.);
#746=EDGE_CURVE('',#1000,#1004,#1149,.T.);
#747=EDGE_CURVE('',#1005,#1006,#1150,.T.);
#748=EDGE_CURVE('',#1006,#1007,#1151,.F.);
#749=EDGE_CURVE('',#1007,#1008,#1152,.F.);
#750=EDGE_CURVE('',#1008,#1005,#1153,.T.);
#751=EDGE_CURVE('',#1009,#1010,#1154,.T.);
#752=EDGE_CURVE('',#1010,#1011,#96,.T.);
#753=EDGE_CURVE('',#1011,#1012,#1155,.T.);
#754=EDGE_CURVE('',#1012,#1013,#1156,.T.);
#755=EDGE_CURVE('',#1013,#1014,#1157,.F.);
#756=EDGE_CURVE('',#1014,#1009,#1158,.F.);
#757=EDGE_CURVE('',#1015,#1016,#1159,.T.);
#758=EDGE_CURVE('',#967,#1015,#1160,.T.);
#759=EDGE_CURVE('',#956,#1016,#1161,.T.);
#760=EDGE_CURVE('',#968,#1017,#1162,.T.);
#761=EDGE_CURVE('',#1017,#1018,#1163,.T.);
#762=EDGE_CURVE('',#955,#1018,#1164,.T.);
#763=EDGE_CURVE('',#1016,#1018,#1165,.T.);
#764=EDGE_CURVE('',#1019,#1020,#1166,.T.);
#765=EDGE_CURVE('',#1020,#1021,#1167,.T.);
#766=EDGE_CURVE('',#1022,#1021,#1168,.T.);
#767=EDGE_CURVE('',#1022,#1023,#1169,.F.);
#768=EDGE_CURVE('',#1023,#1024,#1170,.T.);
#769=EDGE_CURVE('',#1024,#1025,#1171,.F.);
#770=EDGE_CURVE('',#1025,#1026,#1172,.T.);
#771=EDGE_CURVE('',#1026,#1019,#1173,.F.);
#772=EDGE_CURVE('',#1027,#1027,#97,.T.);
#773=EDGE_CURVE('',#1028,#1029,#1174,.T.);
#774=EDGE_CURVE('',#1030,#1029,#98,.T.);
#775=EDGE_CURVE('',#1030,#1031,#1175,.T.);
#776=EDGE_CURVE('',#1031,#1028,#99,.T.);
#777=EDGE_CURVE('',#1021,#1013,#100,.F.);
#778=EDGE_CURVE('',#1012,#1032,#1176,.T.);
#779=EDGE_CURVE('',#1033,#1032,#101,.T.);
#780=EDGE_CURVE('',#1033,#1034,#102,.T.);
#781=EDGE_CURVE('',#1035,#1034,#1177,.T.);
#782=EDGE_CURVE('',#1035,#987,#103,.F.);
#783=EDGE_CURVE('',#994,#1036,#104,.F.);
#784=EDGE_CURVE('',#1036,#1037,#1178,.T.);
#785=EDGE_CURVE('',#1037,#1038,#105,.T.);
#786=EDGE_CURVE('',#1038,#1039,#1179,.T.);
#787=EDGE_CURVE('',#1039,#991,#106,.F.);
#788=EDGE_CURVE('',#990,#1040,#107,.F.);
#789=EDGE_CURVE('',#1040,#1041,#1180,.T.);
#790=EDGE_CURVE('',#1041,#1042,#108,.T.);
#791=EDGE_CURVE('',#1043,#1042,#109,.T.);
#792=EDGE_CURVE('',#1000,#1043,#1181,.T.);
#793=EDGE_CURVE('',#1004,#1022,#110,.F.);
#794=EDGE_CURVE('',#1044,#1045,#111,.T.);
#795=EDGE_CURVE('',#1045,#1046,#1182,.T.);
#796=EDGE_CURVE('',#1046,#1047,#112,.T.);
#797=EDGE_CURVE('',#1047,#1048,#1183,.T.);
#798=EDGE_CURVE('',#1048,#1049,#113,.T.);
#799=EDGE_CURVE('',#1050,#1049,#1184,.T.);
#800=EDGE_CURVE('',#1050,#1051,#114,.T.);
#801=EDGE_CURVE('',#1044,#1051,#1185,.T.);
#802=EDGE_CURVE('',#1052,#1052,#115,.F.);
#803=EDGE_CURVE('',#1017,#1015,#116,.T.);
#804=EDGE_CURVE('',#1015,#1017,#117,.T.);
#805=EDGE_CURVE('',#1053,#1044,#1186,.T.);
#806=EDGE_CURVE('',#1053,#1054,#118,.T.);
#807=EDGE_CURVE('',#1054,#1045,#1187,.T.);
#808=EDGE_CURVE('',#1055,#1051,#1188,.T.);
#809=EDGE_CURVE('',#1053,#1055,#1189,.T.);
#810=EDGE_CURVE('',#1056,#1050,#1190,.T.);
#811=EDGE_CURVE('',#1056,#1055,#119,.T.);
#812=EDGE_CURVE('',#1057,#1049,#1191,.T.);
#813=EDGE_CURVE('',#1056,#1057,#1192,.T.);
#814=EDGE_CURVE('',#1058,#1048,#1193,.T.);
#815=EDGE_CURVE('',#1058,#1057,#120,.T.);
#816=EDGE_CURVE('',#1059,#1047,#1194,.T.);
#817=EDGE_CURVE('',#1059,#1058,#1195,.T.);
#818=EDGE_CURVE('',#1060,#1046,#1196,.T.);
#819=EDGE_CURVE('',#1060,#1059,#121,.T.);
#820=EDGE_CURVE('',#1061,#1043,#1197,.T.);
#821=EDGE_CURVE('',#1061,#1062,#1198,.F.);
#822=EDGE_CURVE('',#1062,#1063,#35,.T.);
#823=EDGE_CURVE('',#1063,#999,#29,.T.);
#824=EDGE_CURVE('',#1042,#1064,#1199,.F.);
#825=EDGE_CURVE('',#1064,#1061,#122,.F.);
#826=EDGE_CURVE('',#1040,#1065,#1200,.F.);
#827=EDGE_CURVE('',#1065,#1066,#1201,.T.);
#828=EDGE_CURVE('',#1066,#1041,#1202,.T.);
#829=EDGE_CURVE('',#1034,#1067,#1203,.T.);
#830=EDGE_CURVE('',#1067,#1068,#1204,.F.);
#831=EDGE_CURVE('',#1068,#1035,#1205,.T.);
#832=EDGE_CURVE('',#1069,#1032,#1206,.T.);
#833=EDGE_CURVE('',#1069,#1070,#123,.F.);
#834=EDGE_CURVE('',#1070,#1033,#1207,.T.);
#835=EDGE_CURVE('',#1054,#1060,#1208,.T.);
#836=EDGE_CURVE('',#1071,#1072,#36,.F.);
#837=EDGE_CURVE('',#1072,#1069,#1209,.T.);
#838=EDGE_CURVE('',#1011,#1071,#30,.T.);
#839=EDGE_CURVE('',#1073,#1074,#124,.T.);
#840=EDGE_CURVE('',#1074,#1075,#125,.F.);
#841=EDGE_CURVE('',#1075,#1076,#1210,.F.);
#842=EDGE_CURVE('',#1076,#1077,#126,.T.);
#843=EDGE_CURVE('',#1077,#1078,#1211,.F.);
#844=EDGE_CURVE('',#1078,#1079,#127,.T.);
#845=EDGE_CURVE('',#1079,#1080,#1212,.T.);
#846=EDGE_CURVE('',#1080,#1081,#128,.F.);
#847=EDGE_CURVE('',#1081,#1082,#129,.T.);
#848=EDGE_CURVE('',#1082,#1083,#1213,.F.);
#849=EDGE_CURVE('',#1083,#1084,#1214,.F.);
#850=EDGE_CURVE('',#1084,#1073,#1215,.T.);
#851=EDGE_CURVE('',#1085,#1029,#1216,.T.);
#852=EDGE_CURVE('',#1086,#1085,#130,.T.);
#853=EDGE_CURVE('',#970,#1086,#1217,.T.);
#854=EDGE_CURVE('',#972,#996,#1218,.T.);
#855=EDGE_CURVE('',#995,#1030,#1219,.T.);
#856=EDGE_CURVE('',#1087,#971,#1220,.T.);
#857=EDGE_CURVE('',#1087,#986,#1221,.T.);
#858=EDGE_CURVE('',#986,#1088,#1222,.T.);
#859=EDGE_CURVE('',#1088,#1089,#1223,.T.);
#860=EDGE_CURVE('',#1089,#1090,#1224,.T.);
#861=EDGE_CURVE('',#1090,#1031,#1225,.T.);
#862=EDGE_CURVE('',#1091,#1090,#131,.T.);
#863=EDGE_CURVE('',#1091,#1028,#1226,.T.);
#864=EDGE_CURVE('',#1091,#1092,#1227,.T.);
#865=EDGE_CURVE('',#1093,#1092,#1228,.T.);
#866=EDGE_CURVE('',#1093,#983,#1229,.T.);
#867=EDGE_CURVE('',#983,#1094,#1230,.T.);
#868=EDGE_CURVE('',#1094,#969,#1231,.T.);
#869=EDGE_CURVE('',#1085,#1086,#1232,.T.);
#870=EDGE_CURVE('',#1036,#1095,#1233,.F.);
#871=EDGE_CURVE('',#1096,#1095,#1234,.T.);
#872=EDGE_CURVE('',#1097,#1096,#1235,.T.);
#873=EDGE_CURVE('',#979,#1097,#1236,.T.);
#874=EDGE_CURVE('',#1098,#979,#1237,.T.);
#875=EDGE_CURVE('',#1098,#974,#1238,.T.);
#876=EDGE_CURVE('',#973,#1099,#1239,.T.);
#877=EDGE_CURVE('',#1099,#1100,#1240,.T.);
#878=EDGE_CURVE('',#1100,#1037,#1241,.T.);
#879=EDGE_CURVE('',#1100,#1099,#132,.T.);
#880=EDGE_CURVE('',#976,#997,#1242,.T.);
#881=EDGE_CURVE('',#998,#1038,#1243,.T.);
#882=EDGE_CURVE('',#1101,#1102,#1244,.T.);
#883=EDGE_CURVE('',#1102,#1039,#1245,.T.);
#884=EDGE_CURVE('',#1103,#975,#1246,.T.);
#885=EDGE_CURVE('',#1103,#981,#1247,.T.);
#886=EDGE_CURVE('',#981,#1104,#1248,.T.);
#887=EDGE_CURVE('',#1104,#1101,#1249,.T.);
#888=EDGE_CURVE('',#1092,#1089,#1250,.T.);
#889=EDGE_CURVE('',#1096,#1101,#1251,.T.);
#890=EDGE_CURVE('',#1095,#993,#133,.F.);
#891=EDGE_CURVE('',#992,#1102,#134,.F.);
#892=EDGE_CURVE('',#985,#1088,#1252,.T.);
#893=EDGE_CURVE('',#1093,#985,#1253,.T.);
#894=EDGE_CURVE('',#1094,#984,#1254,.T.);
#895=EDGE_CURVE('',#984,#1087,#1255,.T.);
#896=EDGE_CURVE('',#1097,#980,#1256,.T.);
#897=EDGE_CURVE('',#980,#1104,#1257,.T.);
#898=EDGE_CURVE('',#1098,#978,#1258,.T.);
#899=EDGE_CURVE('',#978,#1103,#1259,.T.);
#900=EDGE_CURVE('',#964,#1105,#1260,.T.);
#901=EDGE_CURVE('',#1105,#1106,#1261,.F.);
#902=EDGE_CURVE('',#965,#1106,#1262,.T.);
#903=EDGE_CURVE('',#963,#1107,#1263,.T.);
#904=EDGE_CURVE('',#1107,#1105,#1264,.T.);
#905=EDGE_CURVE('',#1106,#1108,#1265,.T.);
#906=EDGE_CURVE('',#1108,#966,#1266,.F.);
#907=EDGE_CURVE('',#1066,#1064,#135,.T.);
#908=EDGE_CURVE('',#1070,#1067,#136,.T.);
#909=EDGE_CURVE('',#989,#1065,#137,.F.);
#910=EDGE_CURVE('',#1068,#988,#138,.F.);
#911=EDGE_CURVE('',#1078,#988,#139,.T.);
#912=EDGE_CURVE('',#989,#1077,#140,.T.);
#913=EDGE_CURVE('',#1065,#1076,#141,.T.);
#914=EDGE_CURVE('',#1079,#1068,#142,.T.);
#915=EDGE_CURVE('',#1066,#1075,#143,.T.);
#916=EDGE_CURVE('',#1080,#1067,#144,.T.);
#917=EDGE_CURVE('',#1064,#1074,#145,.T.);
#918=EDGE_CURVE('',#1081,#1070,#146,.T.);
#919=EDGE_CURVE('',#1061,#1073,#31,.T.);
#920=EDGE_CURVE('',#1082,#1069,#32,.F.);
#921=EDGE_CURVE('',#1062,#1084,#147,.T.);
#922=EDGE_CURVE('',#1083,#1072,#148,.T.);
#923=EDGE_CURVE('',#1063,#1109,#33,.T.);
#924=EDGE_CURVE('',#1109,#1084,#37,.T.);
#925=EDGE_CURVE('',#1005,#1109,#149,.T.);
#926=EDGE_CURVE('',#1001,#1005,#150,.F.);
#927=EDGE_CURVE('',#1023,#1003,#151,.T.);
#928=EDGE_CURVE('',#1083,#1110,#38,.F.);
#929=EDGE_CURVE('',#1110,#1071,#34,.F.);
#930=EDGE_CURVE('',#1006,#1110,#152,.T.);
#931=EDGE_CURVE('',#1002,#1008,#153,.T.);
#932=EDGE_CURVE('',#1003,#960,#154,.T.);
#933=EDGE_CURVE('',#961,#1002,#155,.T.);
#934=EDGE_CURVE('',#1023,#960,#156,.F.);
#935=EDGE_CURVE('',#1006,#1010,#157,.F.);
#936=EDGE_CURVE('',#961,#1008,#158,.F.);
#937=EDGE_CURVE('',#959,#1108,#159,.T.);
#938=EDGE_CURVE('',#1024,#959,#160,.T.);
#939=EDGE_CURVE('',#1007,#1009,#161,.T.);
#940=EDGE_CURVE('',#962,#1007,#162,.T.);
#941=EDGE_CURVE('',#1024,#1108,#163,.F.);
#942=EDGE_CURVE('',#962,#1009,#164,.F.);
#943=EDGE_CURVE('',#1025,#1106,#39,.T.);
#944=EDGE_CURVE('',#1014,#1020,#165,.T.);
#945=EDGE_CURVE('',#951,#1014,#166,.T.);
#946=EDGE_CURVE('',#1026,#1105,#40,.T.);
#947=EDGE_CURVE('',#951,#1020,#167,.F.);
#948=EDGE_CURVE('',#1019,#1107,#168,.T.);
#949=EDGE_CURVE('',#952,#1019,#169,.T.);
#950=EDGE_CURVE('',#952,#1107,#170,.F.);
#951=VERTEX_POINT('',#2578);
#952=VERTEX_POINT('',#2579);
#953=VERTEX_POINT('',#2581);
#954=VERTEX_POINT('',#2583);
#955=VERTEX_POINT('',#2585);
#956=VERTEX_POINT('',#2587);
#957=VERTEX_POINT('',#2589);
#958=VERTEX_POINT('',#2591);
#959=VERTEX_POINT('',#2593);
#960=VERTEX_POINT('',#2595);
#961=VERTEX_POINT('',#2597);
#962=VERTEX_POINT('',#2599);
#963=VERTEX_POINT('',#2603);
#964=VERTEX_POINT('',#2605);
#965=VERTEX_POINT('',#2607);
#966=VERTEX_POINT('',#2609);
#967=VERTEX_POINT('',#2612);
#968=VERTEX_POINT('',#2614);
#969=VERTEX_POINT('',#2618);
#970=VERTEX_POINT('',#2619);
#971=VERTEX_POINT('',#2621);
#972=VERTEX_POINT('',#2623);
#973=VERTEX_POINT('',#2627);
#974=VERTEX_POINT('',#2628);
#975=VERTEX_POINT('',#2630);
#976=VERTEX_POINT('',#2632);
#977=VERTEX_POINT('',#2636);
#978=VERTEX_POINT('',#2638);
#979=VERTEX_POINT('',#2639);
#980=VERTEX_POINT('',#2641);
#981=VERTEX_POINT('',#2643);
#982=VERTEX_POINT('',#2647);
#983=VERTEX_POINT('',#2649);
#984=VERTEX_POINT('',#2650);
#985=VERTEX_POINT('',#2652);
#986=VERTEX_POINT('',#2654);
#987=VERTEX_POINT('',#2658);
#988=VERTEX_POINT('',#2659);
#989=VERTEX_POINT('',#2661);
#990=VERTEX_POINT('',#2663);
#991=VERTEX_POINT('',#2665);
#992=VERTEX_POINT('',#2667);
#993=VERTEX_POINT('',#2669);
#994=VERTEX_POINT('',#2671);
#995=VERTEX_POINT('',#2675);
#996=VERTEX_POINT('',#2676);
#997=VERTEX_POINT('',#2680);
#998=VERTEX_POINT('',#2681);
#999=VERTEX_POINT('',#2685);
#1000=VERTEX_POINT('',#2686);
#1001=VERTEX_POINT('',#2688);
#1002=VERTEX_POINT('',#2690);
#1003=VERTEX_POINT('',#2692);
#1004=VERTEX_POINT('',#2694);
#1005=VERTEX_POINT('',#2698);
#1006=VERTEX_POINT('',#2699);
#1007=VERTEX_POINT('',#2701);
#1008=VERTEX_POINT('',#2703);
#1009=VERTEX_POINT('',#2707);
#1010=VERTEX_POINT('',#2708);
#1011=VERTEX_POINT('',#2710);
#1012=VERTEX_POINT('',#2712);
#1013=VERTEX_POINT('',#2714);
#1014=VERTEX_POINT('',#2716);
#1015=VERTEX_POINT('',#2720);
#1016=VERTEX_POINT('',#2721);
#1017=VERTEX_POINT('',#2726);
#1018=VERTEX_POINT('',#2728);
#1019=VERTEX_POINT('',#2734);
#1020=VERTEX_POINT('',#2735);
#1021=VERTEX_POINT('',#2737);
#1022=VERTEX_POINT('',#2739);
#1023=VERTEX_POINT('',#2741);
#1024=VERTEX_POINT('',#2743);
#1025=VERTEX_POINT('',#2745);
#1026=VERTEX_POINT('',#2747);
#1027=VERTEX_POINT('',#2751);
#1028=VERTEX_POINT('',#2753);
#1029=VERTEX_POINT('',#2754);
#1030=VERTEX_POINT('',#2756);
#1031=VERTEX_POINT('',#2758);
#1032=VERTEX_POINT('',#2762);
#1033=VERTEX_POINT('',#2764);
#1034=VERTEX_POINT('',#2766);
#1035=VERTEX_POINT('',#2768);
#1036=VERTEX_POINT('',#2771);
#1037=VERTEX_POINT('',#2773);
#1038=VERTEX_POINT('',#2775);
#1039=VERTEX_POINT('',#2777);
#1040=VERTEX_POINT('',#2780);
#1041=VERTEX_POINT('',#2782);
#1042=VERTEX_POINT('',#2784);
#1043=VERTEX_POINT('',#2786);
#1044=VERTEX_POINT('',#2790);
#1045=VERTEX_POINT('',#2791);
#1046=VERTEX_POINT('',#2793);
#1047=VERTEX_POINT('',#2795);
#1048=VERTEX_POINT('',#2797);
#1049=VERTEX_POINT('',#2799);
#1050=VERTEX_POINT('',#2801);
#1051=VERTEX_POINT('',#2803);
#1052=VERTEX_POINT('',#2807);
#1053=VERTEX_POINT('',#2814);
#1054=VERTEX_POINT('',#2816);
#1055=VERTEX_POINT('',#2820);
#1056=VERTEX_POINT('',#2824);
#1057=VERTEX_POINT('',#2828);
#1058=VERTEX_POINT('',#2832);
#1059=VERTEX_POINT('',#2836);
#1060=VERTEX_POINT('',#2840);
#1061=VERTEX_POINT('',#2844);
#1062=VERTEX_POINT('',#2846);
#1063=VERTEX_POINT('',#2848);
#1064=VERTEX_POINT('',#2855);
#1065=VERTEX_POINT('',#2859);
#1066=VERTEX_POINT('',#2861);
#1067=VERTEX_POINT('',#2865);
#1068=VERTEX_POINT('',#2867);
#1069=VERTEX_POINT('',#2871);
#1070=VERTEX_POINT('',#2873);
#1071=VERTEX_POINT('',#2879);
#1072=VERTEX_POINT('',#2880);
#1073=VERTEX_POINT('',#2888);
#1074=VERTEX_POINT('',#2889);
#1075=VERTEX_POINT('',#2891);
#1076=VERTEX_POINT('',#2893);
#1077=VERTEX_POINT('',#2895);
#1078=VERTEX_POINT('',#2897);
#1079=VERTEX_POINT('',#2899);
#1080=VERTEX_POINT('',#2901);
#1081=VERTEX_POINT('',#2903);
#1082=VERTEX_POINT('',#2905);
#1083=VERTEX_POINT('',#2907);
#1084=VERTEX_POINT('',#2909);
#1085=VERTEX_POINT('',#2913);
#1086=VERTEX_POINT('',#2915);
#1087=VERTEX_POINT('',#2921);
#1088=VERTEX_POINT('',#2924);
#1089=VERTEX_POINT('',#2926);
#1090=VERTEX_POINT('',#2928);
#1091=VERTEX_POINT('',#2932);
#1092=VERTEX_POINT('',#2936);
#1093=VERTEX_POINT('',#2938);
#1094=VERTEX_POINT('',#2941);
#1095=VERTEX_POINT('',#2947);
#1096=VERTEX_POINT('',#2949);
#1097=VERTEX_POINT('',#2951);
#1098=VERTEX_POINT('',#2954);
#1099=VERTEX_POINT('',#2957);
#1100=VERTEX_POINT('',#2959);
#1101=VERTEX_POINT('',#2967);
#1102=VERTEX_POINT('',#2968);
#1103=VERTEX_POINT('',#2971);
#1104=VERTEX_POINT('',#2974);
#1105=VERTEX_POINT('',#3005);
#1106=VERTEX_POINT('',#3007);
#1107=VERTEX_POINT('',#3011);
#1108=VERTEX_POINT('',#3015);
#1109=VERTEX_POINT('',#3075);
#1110=VERTEX_POINT('',#3095);
#1111=LINE('',#2577,#1267);
#1112=LINE('',#2580,#1268);
#1113=LINE('',#2582,#1269);
#1114=LINE('',#2584,#1270);
#1115=LINE('',#2586,#1271);
#1116=LINE('',#2588,#1272);
#1117=LINE('',#2590,#1273);
#1118=LINE('',#2592,#1274);
#1119=LINE('',#2594,#1275);
#1120=LINE('',#2596,#1276);
#1121=LINE('',#2598,#1277);
#1122=LINE('',#2600,#1278);
#1123=LINE('',#2604,#1279);
#1124=LINE('',#2606,#1280);
#1125=LINE('',#2608,#1281);
#1126=LINE('',#2611,#1282);
#1127=LINE('',#2613,#1283);
#1128=LINE('',#2615,#1284);
#1129=LINE('',#2617,#1285);
#1130=LINE('',#2620,#1286);
#1131=LINE('',#2622,#1287);
#1132=LINE('',#2626,#1288);
#1133=LINE('',#2629,#1289);
#1134=LINE('',#2631,#1290);
#1135=LINE('',#2657,#1291);
#1136=LINE('',#2660,#1292);
#1137=LINE('',#2662,#1293);
#1138=LINE('',#2664,#1294);
#1139=LINE('',#2666,#1295);
#1140=LINE('',#2668,#1296);
#1141=LINE('',#2670,#1297);
#1142=LINE('',#2672,#1298);
#1143=LINE('',#2677,#1299);
#1144=LINE('',#2682,#1300);
#1145=LINE('',#2684,#1301);
#1146=LINE('',#2689,#1302);
#1147=LINE('',#2691,#1303);
#1148=LINE('',#2693,#1304);
#1149=LINE('',#2695,#1305);
#1150=LINE('',#2697,#1306);
#1151=LINE('',#2700,#1307);
#1152=LINE('',#2702,#1308);
#1153=LINE('',#2704,#1309);
#1154=LINE('',#2706,#1310);
#1155=LINE('',#2711,#1311);
#1156=LINE('',#2713,#1312);
#1157=LINE('',#2715,#1313);
#1158=LINE('',#2717,#1314);
#1159=LINE('',#2719,#1315);
#1160=LINE('',#2722,#1316);
#1161=LINE('',#2723,#1317);
#1162=LINE('',#2725,#1318);
#1163=LINE('',#2727,#1319);
#1164=LINE('',#2729,#1320);
#1165=LINE('',#2731,#1321);
#1166=LINE('',#2733,#1322);
#1167=LINE('',#2736,#1323);
#1168=LINE('',#2738,#1324);
#1169=LINE('',#2740,#1325);
#1170=LINE('',#2742,#1326);
#1171=LINE('',#2744,#1327);
#1172=LINE('',#2746,#1328);
#1173=LINE('',#2748,#1329);
#1174=LINE('',#2752,#1330);
#1175=LINE('',#2757,#1331);
#1176=LINE('',#2761,#1332);
#1177=LINE('',#2767,#1333);
#1178=LINE('',#2772,#1334);
#1179=LINE('',#2776,#1335);
#1180=LINE('',#2781,#1336);
#1181=LINE('',#2787,#1337);
#1182=LINE('',#2792,#1338);
#1183=LINE('',#2796,#1339);
#1184=LINE('',#2800,#1340);
#1185=LINE('',#2804,#1341);
#1186=LINE('',#2813,#1342);
#1187=LINE('',#2817,#1343);
#1188=LINE('',#2819,#1344);
#1189=LINE('',#2821,#1345);
#1190=LINE('',#2823,#1346);
#1191=LINE('',#2827,#1347);
#1192=LINE('',#2829,#1348);
#1193=LINE('',#2831,#1349);
#1194=LINE('',#2835,#1350);
#1195=LINE('',#2837,#1351);
#1196=LINE('',#2839,#1352);
#1197=LINE('',#2843,#1353);
#1198=LINE('',#2845,#1354);
#1199=LINE('',#2854,#1355);
#1200=LINE('',#2858,#1356);
#1201=LINE('',#2860,#1357);
#1202=LINE('',#2862,#1358);
#1203=LINE('',#2864,#1359);
#1204=LINE('',#2866,#1360);
#1205=LINE('',#2868,#1361);
#1206=LINE('',#2870,#1362);
#1207=LINE('',#2874,#1363);
#1208=LINE('',#2876,#1364);
#1209=LINE('',#2881,#1365);
#1210=LINE('',#2892,#1366);
#1211=LINE('',#2896,#1367);
#1212=LINE('',#2900,#1368);
#1213=LINE('',#2906,#1369);
#1214=LINE('',#2908,#1370);
#1215=LINE('',#2910,#1371);
#1216=LINE('',#2912,#1372);
#1217=LINE('',#2916,#1373);
#1218=LINE('',#2917,#1374);
#1219=LINE('',#2918,#1375);
#1220=LINE('',#2920,#1376);
#1221=LINE('',#2922,#1377);
#1222=LINE('',#2923,#1378);
#1223=LINE('',#2925,#1379);
#1224=LINE('',#2927,#1380);
#1225=LINE('',#2929,#1381);
#1226=LINE('',#2933,#1382);
#1227=LINE('',#2935,#1383);
#1228=LINE('',#2937,#1384);
#1229=LINE('',#2939,#1385);
#1230=LINE('',#2940,#1386);
#1231=LINE('',#2942,#1387);
#1232=LINE('',#2943,#1388);
#1233=LINE('',#2946,#1389);
#1234=LINE('',#2948,#1390);
#1235=LINE('',#2950,#1391);
#1236=LINE('',#2952,#1392);
#1237=LINE('',#2953,#1393);
#1238=LINE('',#2955,#1394);
#1239=LINE('',#2956,#1395);
#1240=LINE('',#2958,#1396);
#1241=LINE('',#2960,#1397);
#1242=LINE('',#2963,#1398);
#1243=LINE('',#2964,#1399);
#1244=LINE('',#2966,#1400);
#1245=LINE('',#2969,#1401);
#1246=LINE('',#2970,#1402);
#1247=LINE('',#2972,#1403);
#1248=LINE('',#2973,#1404);
#1249=LINE('',#2975,#1405);
#1250=LINE('',#2978,#1406);
#1251=LINE('',#2980,#1407);
#1252=LINE('',#2984,#1408);
#1253=LINE('',#2985,#1409);
#1254=LINE('',#2987,#1410);
#1255=LINE('',#2988,#1411);
#1256=LINE('',#2994,#1412);
#1257=LINE('',#2995,#1413);
#1258=LINE('',#2997,#1414);
#1259=LINE('',#2998,#1415);
#1260=LINE('',#3004,#1416);
#1261=LINE('',#3006,#1417);
#1262=LINE('',#3008,#1418);
#1263=LINE('',#3010,#1419);
#1264=LINE('',#3012,#1420);
#1265=LINE('',#3014,#1421);
#1266=LINE('',#3016,#1422);
#1267=VECTOR('',#2021,1.);
#1268=VECTOR('',#2022,1.);
#1269=VECTOR('',#2023,1.);
#1270=VECTOR('',#2024,1.);
#1271=VECTOR('',#2025,1.);
#1272=VECTOR('',#2026,1.);
#1273=VECTOR('',#2027,1.);
#1274=VECTOR('',#2028,1.);
#1275=VECTOR('',#2029,1.);
#1276=VECTOR('',#2030,1.);
#1277=VECTOR('',#2031,1.);
#1278=VECTOR('',#2032,1.);
#1279=VECTOR('',#2037,1.);
#1280=VECTOR('',#2038,1.);
#1281=VECTOR('',#2039,1.);
#1282=VECTOR('',#2042,1.);
#1283=VECTOR('',#2043,1.);
#1284=VECTOR('',#2044,1.);
#1285=VECTOR('',#2047,1.);
#1286=VECTOR('',#2048,1.);
#1287=VECTOR('',#2049,1.);
#1288=VECTOR('',#2054,1.);
#1289=VECTOR('',#2055,1.);
#1290=VECTOR('',#2056,1.);
#1291=VECTOR('',#2085,1.);
#1292=VECTOR('',#2086,1.);
#1293=VECTOR('',#2087,1.);
#1294=VECTOR('',#2088,1.);
#1295=VECTOR('',#2089,1.);
#1296=VECTOR('',#2090,1.);
#1297=VECTOR('',#2091,1.);
#1298=VECTOR('',#2092,1.);
#1299=VECTOR('',#2097,1.);
#1300=VECTOR('',#2102,1.);
#1301=VECTOR('',#2105,1.);
#1302=VECTOR('',#2108,1.);
#1303=VECTOR('',#2109,1.);
#1304=VECTOR('',#2110,1.);
#1305=VECTOR('',#2111,1.);
#1306=VECTOR('',#2114,1.);
#1307=VECTOR('',#2115,1.);
#1308=VECTOR('',#2116,1.);
#1309=VECTOR('',#2117,1.);
#1310=VECTOR('',#2120,1.);
#1311=VECTOR('',#2123,1.);
#1312=VECTOR('',#2124,1.);
#1313=VECTOR('',#2125,1.);
#1314=VECTOR('',#2126,1.);
#1315=VECTOR('',#2129,1.);
#1316=VECTOR('',#2130,1.);
#1317=VECTOR('',#2131,1.);
#1318=VECTOR('',#2134,1.);
#1319=VECTOR('',#2135,1.);
#1320=VECTOR('',#2136,1.);
#1321=VECTOR('',#2139,1.);
#1322=VECTOR('',#2142,1.);
#1323=VECTOR('',#2143,1.);
#1324=VECTOR('',#2144,1.);
#1325=VECTOR('',#2145,1.);
#1326=VECTOR('',#2146,1.);
#1327=VECTOR('',#2147,1.);
#1328=VECTOR('',#2148,1.);
#1329=VECTOR('',#2149,1.);
#1330=VECTOR('',#2154,1.);
#1331=VECTOR('',#2157,1.);
#1332=VECTOR('',#2162,1.);
#1333=VECTOR('',#2167,1.);
#1334=VECTOR('',#2172,1.);
#1335=VECTOR('',#2175,1.);
#1336=VECTOR('',#2180,1.);
#1337=VECTOR('',#2185,1.);
#1338=VECTOR('',#2190,1.);
#1339=VECTOR('',#2193,1.);
#1340=VECTOR('',#2196,1.);
#1341=VECTOR('',#2199,1.);
#1342=VECTOR('',#2214,1.);
#1343=VECTOR('',#2217,1.);
#1344=VECTOR('',#2220,1.);
#1345=VECTOR('',#2221,1.);
#1346=VECTOR('',#2224,1.);
#1347=VECTOR('',#2229,1.);
#1348=VECTOR('',#2230,1.);
#1349=VECTOR('',#2233,1.);
#1350=VECTOR('',#2238,1.);
#1351=VECTOR('',#2239,1.);
#1352=VECTOR('',#2242,1.);
#1353=VECTOR('',#2247,1.);
#1354=VECTOR('',#2248,1.);
#1355=VECTOR('',#2253,1.);
#1356=VECTOR('',#2258,1.);
#1357=VECTOR('',#2259,1.);
#1358=VECTOR('',#2260,1.);
#1359=VECTOR('',#2263,1.);
#1360=VECTOR('',#2264,1.);
#1361=VECTOR('',#2265,1.);
#1362=VECTOR('',#2268,1.);
#1363=VECTOR('',#2271,1.);
#1364=VECTOR('',#2274,1.);
#1365=VECTOR('',#2279,1.);
#1366=VECTOR('',#2286,1.);
#1367=VECTOR('',#2289,1.);
#1368=VECTOR('',#2292,1.);
#1369=VECTOR('',#2297,1.);
#1370=VECTOR('',#2298,1.);
#1371=VECTOR('',#2299,1.);
#1372=VECTOR('',#2302,1.);
#1373=VECTOR('',#2305,1.);
#1374=VECTOR('',#2306,1.);
#1375=VECTOR('',#2307,1.);
#1376=VECTOR('',#2310,1.);
#1377=VECTOR('',#2311,1.);
#1378=VECTOR('',#2312,1.);
#1379=VECTOR('',#2313,1.);
#1380=VECTOR('',#2314,1.);
#1381=VECTOR('',#2315,1.);
#1382=VECTOR('',#2320,1.);
#1383=VECTOR('',#2323,1.);
#1384=VECTOR('',#2324,1.);
#1385=VECTOR('',#2325,1.);
#1386=VECTOR('',#2326,1.);
#1387=VECTOR('',#2327,1.);
#1388=VECTOR('',#2328,1.);
#1389=VECTOR('',#2333,1.);
#1390=VECTOR('',#2334,1.);
#1391=VECTOR('',#2335,1.);
#1392=VECTOR('',#2336,1.);
#1393=VECTOR('',#2337,1.);
#1394=VECTOR('',#2338,1.);
#1395=VECTOR('',#2339,1.);
#1396=VECTOR('',#2340,1.);
#1397=VECTOR('',#2341,1.);
#1398=VECTOR('',#2346,1.);
#1399=VECTOR('',#2347,1.);
#1400=VECTOR('',#2350,1.);
#1401=VECTOR('',#2351,1.);
#1402=VECTOR('',#2352,1.);
#1403=VECTOR('',#2353,1.);
#1404=VECTOR('',#2354,1.);
#1405=VECTOR('',#2355,1.);
#1406=VECTOR('',#2360,1.);
#1407=VECTOR('',#2363,1.);
#1408=VECTOR('',#2370,1.);
#1409=VECTOR('',#2371,1.);
#1410=VECTOR('',#2374,1.);
#1411=VECTOR('',#2375,1.);
#1412=VECTOR('',#2386,1.);
#1413=VECTOR('',#2387,1.);
#1414=VECTOR('',#2390,1.);
#1415=VECTOR('',#2391,1.);
#1416=VECTOR('',#2402,1.);
#1417=VECTOR('',#2403,1.);
#1418=VECTOR('',#2404,1.);
#1419=VECTOR('',#2407,1.);
#1420=VECTOR('',#2408,1.);
#1421=VECTOR('',#2411,1.);
#1422=VECTOR('',#2412,1.);
#1423=EDGE_LOOP('',(#171,#172,#173,#174,#175,#176,#177,#178,#179,#180,#181,
#182));
#1424=EDGE_LOOP('',(#183,#184,#185,#186,#187,#188,#189,#190,#191,#192));
#1425=EDGE_LOOP('',(#193,#194,#195,#196));
#1426=EDGE_LOOP('',(#197,#198,#199,#200));
#1427=EDGE_LOOP('',(#201));
#1428=EDGE_LOOP('',(#202,#203,#204,#205));
#1429=EDGE_LOOP('',(#206));
#1430=EDGE_LOOP('',(#207,#208,#209,#210));
#1431=EDGE_LOOP('',(#211,#212,#213,#214,#215,#216,#217,#218));
#1432=EDGE_LOOP('',(#219,#220));
#1433=EDGE_LOOP('',(#221,#222));
#1434=EDGE_LOOP('',(#223,#224,#225,#226,#227,#228));
#1435=EDGE_LOOP('',(#229,#230,#231,#232));
#1436=EDGE_LOOP('',(#233,#234,#235,#236,#237,#238));
#1437=EDGE_LOOP('',(#239,#240,#241,#242,#243));
#1438=EDGE_LOOP('',(#244,#245,#246,#247,#248));
#1439=EDGE_LOOP('',(#249,#250,#251,#252));
#1440=EDGE_LOOP('',(#253,#254,#255,#256,#257,#258,#259,#260));
#1441=EDGE_LOOP('',(#261));
#1442=EDGE_LOOP('',(#262,#263,#264,#265));
#1443=EDGE_LOOP('',(#266,#267,#268,#269,#270,#271,#272,#273,#274,#275,#276,
#277,#278,#279,#280,#281,#282,#283,#284,#285,#286,#287));
#1444=EDGE_LOOP('',(#288,#289,#290,#291,#292,#293,#294,#295));
#1445=EDGE_LOOP('',(#296));
#1446=EDGE_LOOP('',(#297,#298));
#1447=EDGE_LOOP('',(#299,#300,#301,#302));
#1448=EDGE_LOOP('',(#303,#304,#305,#306));
#1449=EDGE_LOOP('',(#307,#308,#309,#310));
#1450=EDGE_LOOP('',(#311,#312,#313,#314));
#1451=EDGE_LOOP('',(#315,#316,#317,#318));
#1452=EDGE_LOOP('',(#319,#320,#321,#322));
#1453=EDGE_LOOP('',(#323,#324,#325,#326));
#1454=EDGE_LOOP('',(#327,#328,#329,#330));
#1455=EDGE_LOOP('',(#331,#332,#333,#334));
#1456=EDGE_LOOP('',(#335,#336,#337,#338,#339,#340));
#1457=EDGE_LOOP('',(#341,#342,#343,#344));
#1458=EDGE_LOOP('',(#345,#346,#347,#348));
#1459=EDGE_LOOP('',(#349,#350,#351,#352));
#1460=EDGE_LOOP('',(#353,#354,#355,#356));
#1461=EDGE_LOOP('',(#357,#358,#359,#360));
#1462=EDGE_LOOP('',(#361,#362,#363,#364,#365,#366));
#1463=EDGE_LOOP('',(#367,#368,#369,#370,#371,#372,#373,#374,#375,#376,#377,
#378));
#1464=EDGE_LOOP('',(#379,#380,#381,#382,#383,#384,#385,#386));
#1465=EDGE_LOOP('',(#387));
#1466=EDGE_LOOP('',(#388));
#1467=EDGE_LOOP('',(#389,#390,#391,#392,#393,#394,#395,#396));
#1468=EDGE_LOOP('',(#397,#398,#399,#400,#401,#402,#403,#404,#405,#406,#407));
#1469=EDGE_LOOP('',(#408,#409,#410,#411));
#1470=EDGE_LOOP('',(#412,#413,#414,#415,#416,#417,#418,#419,#420,#421,#422));
#1471=EDGE_LOOP('',(#423,#424));
#1472=EDGE_LOOP('',(#425,#426,#427,#428,#429,#430,#431,#432,#433,#434,#435));
#1473=EDGE_LOOP('',(#436,#437,#438,#439,#440,#441,#442,#443));
#1474=EDGE_LOOP('',(#444,#445,#446,#447,#448,#449,#450,#451,#452,#453,#454));
#1475=EDGE_LOOP('',(#455,#456));
#1476=EDGE_LOOP('',(#457,#458,#459,#460));
#1477=EDGE_LOOP('',(#461,#462,#463,#464,#465,#466));
#1478=EDGE_LOOP('',(#467,#468,#469,#470,#471));
#1479=EDGE_LOOP('',(#472,#473,#474,#475,#476));
#1480=EDGE_LOOP('',(#477,#478,#479));
#1481=EDGE_LOOP('',(#480,#481,#482));
#1482=EDGE_LOOP('',(#483,#484,#485));
#1483=EDGE_LOOP('',(#486,#487,#488));
#1484=EDGE_LOOP('',(#489,#490,#491,#492,#493));
#1485=EDGE_LOOP('',(#494,#495,#496,#497,#498));
#1486=EDGE_LOOP('',(#499,#500,#501));
#1487=EDGE_LOOP('',(#502,#503,#504));
#1488=EDGE_LOOP('',(#505,#506,#507));
#1489=EDGE_LOOP('',(#508,#509,#510));
#1490=EDGE_LOOP('',(#511,#512,#513,#514));
#1491=EDGE_LOOP('',(#515,#516,#517,#518));
#1492=EDGE_LOOP('',(#519,#520,#521,#522));
#1493=EDGE_LOOP('',(#523,#524,#525,#526));
#1494=EDGE_LOOP('',(#527,#528,#529,#530));
#1495=EDGE_LOOP('',(#531,#532,#533,#534));
#1496=EDGE_LOOP('',(#535,#536,#537,#538));
#1497=EDGE_LOOP('',(#539,#540,#541,#542));
#1498=EDGE_LOOP('',(#543,#544,#545,#546));
#1499=EDGE_LOOP('',(#547,#548,#549,#550));
#1500=EDGE_LOOP('',(#551,#552,#553,#554));
#1501=EDGE_LOOP('',(#555,#556,#557,#558));
#1502=EDGE_LOOP('',(#559,#560,#561,#562));
#1503=EDGE_LOOP('',(#563,#564,#565,#566));
#1504=EDGE_LOOP('',(#567,#568,#569,#570));
#1505=EDGE_LOOP('',(#571,#572,#573,#574));
#1506=EDGE_LOOP('',(#575,#576,#577,#578));
#1507=EDGE_LOOP('',(#579,#580,#581,#582));
#1508=EDGE_LOOP('',(#583,#584,#585,#586));
#1509=EDGE_LOOP('',(#587,#588,#589,#590));
#1510=EDGE_LOOP('',(#591,#592,#593,#594));
#1511=EDGE_LOOP('',(#595,#596,#597,#598,#599));
#1512=EDGE_LOOP('',(#600,#601,#602,#603));
#1513=EDGE_LOOP('',(#604,#605,#606,#607));
#1514=EDGE_LOOP('',(#608,#609,#610,#611,#612,#613));
#1515=EDGE_LOOP('',(#614,#615,#616,#617));
#1516=EDGE_LOOP('',(#618,#619,#620,#621));
#1517=EDGE_LOOP('',(#622,#623,#624));
#1518=EDGE_LOOP('',(#625,#626,#627,#628,#629));
#1519=EDGE_LOOP('',(#630,#631,#632));
#1520=EDGE_LOOP('',(#633,#634,#635,#636));
#1521=EDGE_LOOP('',(#637,#638,#639,#640));
#1522=EDGE_LOOP('',(#641,#642,#643,#644));
#1523=EDGE_LOOP('',(#645,#646,#647,#648));
#1524=EDGE_LOOP('',(#649,#650,#651));
#1525=EDGE_LOOP('',(#652,#653,#654));
#1526=EDGE_LOOP('',(#655,#656,#657,#658));
#1527=EDGE_LOOP('',(#659,#660,#661,#662));
#1528=EDGE_LOOP('',(#663,#664,#665,#666));
#1529=EDGE_LOOP('',(#667,#668,#669,#670));
#1530=EDGE_LOOP('',(#671,#672,#673));
#1531=EDGE_LOOP('',(#674,#675,#676,#677));
#1532=EDGE_LOOP('',(#678,#679,#680,#681));
#1533=EDGE_LOOP('',(#682,#683,#684));
#1534=EDGE_LOOP('',(#685,#686,#687,#688));
#1535=EDGE_LOOP('',(#689));
#1536=EDGE_LOOP('',(#690));
#1537=FACE_BOUND('',#1423,.T.);
#1538=FACE_BOUND('',#1424,.T.);
#1539=FACE_BOUND('',#1425,.T.);
#1540=FACE_BOUND('',#1426,.T.);
#1541=FACE_BOUND('',#1427,.T.);
#1542=FACE_BOUND('',#1428,.T.);
#1543=FACE_BOUND('',#1429,.T.);
#1544=FACE_BOUND('',#1430,.T.);
#1545=FACE_BOUND('',#1431,.T.);
#1546=FACE_BOUND('',#1432,.T.);
#1547=FACE_BOUND('',#1433,.T.);
#1548=FACE_BOUND('',#1434,.T.);
#1549=FACE_BOUND('',#1435,.T.);
#1550=FACE_BOUND('',#1436,.T.);
#1551=FACE_BOUND('',#1437,.T.);
#1552=FACE_BOUND('',#1438,.T.);
#1553=FACE_BOUND('',#1439,.T.);
#1554=FACE_BOUND('',#1440,.T.);
#1555=FACE_BOUND('',#1441,.T.);
#1556=FACE_BOUND('',#1442,.T.);
#1557=FACE_BOUND('',#1443,.T.);
#1558=FACE_BOUND('',#1444,.T.);
#1559=FACE_BOUND('',#1445,.T.);
#1560=FACE_BOUND('',#1446,.T.);
#1561=FACE_BOUND('',#1447,.T.);
#1562=FACE_BOUND('',#1448,.T.);
#1563=FACE_BOUND('',#1449,.T.);
#1564=FACE_BOUND('',#1450,.T.);
#1565=FACE_BOUND('',#1451,.T.);
#1566=FACE_BOUND('',#1452,.T.);
#1567=FACE_BOUND('',#1453,.T.);
#1568=FACE_BOUND('',#1454,.T.);
#1569=FACE_BOUND('',#1455,.T.);
#1570=FACE_BOUND('',#1456,.T.);
#1571=FACE_BOUND('',#1457,.T.);
#1572=FACE_BOUND('',#1458,.T.);
#1573=FACE_BOUND('',#1459,.T.);
#1574=FACE_BOUND('',#1460,.T.);
#1575=FACE_BOUND('',#1461,.T.);
#1576=FACE_BOUND('',#1462,.T.);
#1577=FACE_BOUND('',#1463,.T.);
#1578=FACE_BOUND('',#1464,.T.);
#1579=FACE_BOUND('',#1465,.T.);
#1580=FACE_BOUND('',#1466,.T.);
#1581=FACE_BOUND('',#1467,.T.);
#1582=FACE_BOUND('',#1468,.T.);
#1583=FACE_BOUND('',#1469,.T.);
#1584=FACE_BOUND('',#1470,.T.);
#1585=FACE_BOUND('',#1471,.T.);
#1586=FACE_BOUND('',#1472,.T.);
#1587=FACE_BOUND('',#1473,.T.);
#1588=FACE_BOUND('',#1474,.T.);
#1589=FACE_BOUND('',#1475,.T.);
#1590=FACE_BOUND('',#1476,.T.);
#1591=FACE_BOUND('',#1477,.T.);
#1592=FACE_BOUND('',#1478,.T.);
#1593=FACE_BOUND('',#1479,.T.);
#1594=FACE_BOUND('',#1480,.T.);
#1595=FACE_BOUND('',#1481,.T.);
#1596=FACE_BOUND('',#1482,.T.);
#1597=FACE_BOUND('',#1483,.T.);
#1598=FACE_BOUND('',#1484,.T.);
#1599=FACE_BOUND('',#1485,.T.);
#1600=FACE_BOUND('',#1486,.T.);
#1601=FACE_BOUND('',#1487,.T.);
#1602=FACE_BOUND('',#1488,.T.);
#1603=FACE_BOUND('',#1489,.T.);
#1604=FACE_BOUND('',#1490,.T.);
#1605=FACE_BOUND('',#1491,.T.);
#1606=FACE_BOUND('',#1492,.T.);
#1607=FACE_BOUND('',#1493,.T.);
#1608=FACE_BOUND('',#1494,.T.);
#1609=FACE_BOUND('',#1495,.T.);
#1610=FACE_BOUND('',#1496,.T.);
#1611=FACE_BOUND('',#1497,.T.);
#1612=FACE_BOUND('',#1498,.T.);
#1613=FACE_BOUND('',#1499,.T.);
#1614=FACE_BOUND('',#1500,.T.);
#1615=FACE_BOUND('',#1501,.T.);
#1616=FACE_BOUND('',#1502,.T.);
#1617=FACE_BOUND('',#1503,.T.);
#1618=FACE_BOUND('',#1504,.T.);
#1619=FACE_BOUND('',#1505,.T.);
#1620=FACE_BOUND('',#1506,.T.);
#1621=FACE_BOUND('',#1507,.T.);
#1622=FACE_BOUND('',#1508,.T.);
#1623=FACE_BOUND('',#1509,.T.);
#1624=FACE_BOUND('',#1510,.T.);
#1625=FACE_BOUND('',#1511,.T.);
#1626=FACE_BOUND('',#1512,.T.);
#1627=FACE_BOUND('',#1513,.T.);
#1628=FACE_BOUND('',#1514,.T.);
#1629=FACE_BOUND('',#1515,.T.);
#1630=FACE_BOUND('',#1516,.T.);
#1631=FACE_BOUND('',#1517,.T.);
#1632=FACE_BOUND('',#1518,.T.);
#1633=FACE_BOUND('',#1519,.T.);
#1634=FACE_BOUND('',#1520,.T.);
#1635=FACE_BOUND('',#1521,.T.);
#1636=FACE_BOUND('',#1522,.T.);
#1637=FACE_BOUND('',#1523,.T.);
#1638=FACE_BOUND('',#1524,.T.);
#1639=FACE_BOUND('',#1525,.T.);
#1640=FACE_BOUND('',#1526,.T.);
#1641=FACE_BOUND('',#1527,.T.);
#1642=FACE_BOUND('',#1528,.T.);
#1643=FACE_BOUND('',#1529,.T.);
#1644=FACE_BOUND('',#1530,.T.);
#1645=FACE_BOUND('',#1531,.T.);
#1646=FACE_BOUND('',#1532,.T.);
#1647=FACE_BOUND('',#1533,.T.);
#1648=FACE_BOUND('',#1534,.T.);
#1649=FACE_BOUND('',#1535,.T.);
#1650=FACE_BOUND('',#1536,.T.);
#1651=PLANE('',#1817);
#1652=PLANE('',#1818);
#1653=PLANE('',#1821);
#1654=PLANE('',#1823);
#1655=PLANE('',#1837);
#1656=PLANE('',#1838);
#1657=PLANE('',#1840);
#1658=PLANE('',#1842);
#1659=PLANE('',#1844);
#1660=PLANE('',#1845);
#1661=PLANE('',#1847);
#1662=PLANE('',#1848);
#1663=PLANE('',#1849);
#1664=PLANE('',#1850);
#1665=PLANE('',#1851);
#1666=PLANE('',#1874);
#1667=PLANE('',#1875);
#1668=PLANE('',#1878);
#1669=PLANE('',#1881);
#1670=PLANE('',#1884);
#1671=PLANE('',#1887);
#1672=PLANE('',#1891);
#1673=PLANE('',#1892);
#1674=PLANE('',#1895);
#1675=PLANE('',#1896);
#1676=PLANE('',#1898);
#1677=PLANE('',#1907);
#1678=PLANE('',#1910);
#1679=PLANE('',#1911);
#1680=PLANE('',#1912);
#1681=PLANE('',#1915);
#1682=PLANE('',#1916);
#1683=PLANE('',#1917);
#1684=PLANE('',#1918);
#1685=PLANE('',#1921);
#1686=PLANE('',#1922);
#1687=PLANE('',#1923);
#1688=PLANE('',#1924);
#1689=PLANE('',#1925);
#1690=PLANE('',#1926);
#1691=PLANE('',#1927);
#1692=PLANE('',#1928);
#1693=PLANE('',#1929);
#1694=PLANE('',#1930);
#1695=PLANE('',#1931);
#1696=PLANE('',#1932);
#1697=PLANE('',#1933);
#1698=PLANE('',#1934);
#1699=PLANE('',#1935);
#1700=ADVANCED_FACE('',(#1537),#1651,.T.);
#1701=ADVANCED_FACE('',(#1538),#1652,.F.);
#1702=ADVANCED_FACE('',(#1539),#1653,.T.);
#1703=ADVANCED_FACE('',(#1540),#1654,.T.);
#1704=ADVANCED_FACE('',(#1541,#1542),#41,.F.);
#1705=ADVANCED_FACE('',(#1543,#1544),#42,.F.);
#1706=ADVANCED_FACE('',(#1545),#1655,.T.);
#1707=ADVANCED_FACE('',(#1546),#1656,.F.);
#1708=ADVANCED_FACE('',(#1547),#1657,.F.);
#1709=ADVANCED_FACE('',(#1548),#1658,.T.);
#1710=ADVANCED_FACE('',(#1549),#1659,.F.);
#1711=ADVANCED_FACE('',(#1550),#1660,.F.);
#1712=ADVANCED_FACE('',(#1551),#1661,.T.);
#1713=ADVANCED_FACE('',(#1552),#1662,.F.);
#1714=ADVANCED_FACE('',(#1553),#1663,.T.);
#1715=ADVANCED_FACE('',(#1554),#1664,.T.);
#1716=ADVANCED_FACE('',(#1555,#1556,#1557,#1558),#1665,.F.);
#1717=ADVANCED_FACE('',(#1559,#1560),#43,.F.);
#1718=ADVANCED_FACE('',(#1561),#1666,.T.);
#1719=ADVANCED_FACE('',(#1562),#1667,.T.);
#1720=ADVANCED_FACE('',(#1563),#44,.F.);
#1721=ADVANCED_FACE('',(#1564),#1668,.F.);
#1722=ADVANCED_FACE('',(#1565),#45,.F.);
#1723=ADVANCED_FACE('',(#1566),#1669,.F.);
#1724=ADVANCED_FACE('',(#1567),#46,.F.);
#1725=ADVANCED_FACE('',(#1568),#1670,.T.);
#1726=ADVANCED_FACE('',(#1569),#47,.F.);
#1727=ADVANCED_FACE('',(#1570),#1671,.F.);
#1728=ADVANCED_FACE('',(#1571),#48,.T.);
#1729=ADVANCED_FACE('',(#1572),#1672,.T.);
#1730=ADVANCED_FACE('',(#1573),#1673,.F.);
#1731=ADVANCED_FACE('',(#1574),#49,.T.);
#1732=ADVANCED_FACE('',(#1575),#1674,.T.);
#1733=ADVANCED_FACE('',(#1576),#1675,.T.);
#1734=ADVANCED_FACE('',(#1577,#1578,#1579,#1580),#1676,.T.);
#1735=ADVANCED_FACE('',(#1581),#50,.F.);
#1736=ADVANCED_FACE('',(#1582),#1677,.T.);
#1737=ADVANCED_FACE('',(#1583),#51,.F.);
#1738=ADVANCED_FACE('',(#1584),#1678,.T.);
#1739=ADVANCED_FACE('',(#1585),#1679,.F.);
#1740=ADVANCED_FACE('',(#1586),#1680,.T.);
#1741=ADVANCED_FACE('',(#1587),#52,.F.);
#1742=ADVANCED_FACE('',(#1588),#1681,.T.);
#1743=ADVANCED_FACE('',(#1589),#1682,.F.);
#1744=ADVANCED_FACE('',(#1590),#1683,.T.);
#1745=ADVANCED_FACE('',(#1591),#1684,.T.);
#1746=ADVANCED_FACE('',(#1592),#1685,.F.);
#1747=ADVANCED_FACE('',(#1593),#1686,.T.);
#1748=ADVANCED_FACE('',(#1594),#1687,.T.);
#1749=ADVANCED_FACE('',(#1595),#1688,.T.);
#1750=ADVANCED_FACE('',(#1596),#1689,.T.);
#1751=ADVANCED_FACE('',(#1597),#1690,.T.);
#1752=ADVANCED_FACE('',(#1598),#1691,.F.);
#1753=ADVANCED_FACE('',(#1599),#1692,.T.);
#1754=ADVANCED_FACE('',(#1600),#1693,.T.);
#1755=ADVANCED_FACE('',(#1601),#1694,.T.);
#1756=ADVANCED_FACE('',(#1602),#1695,.T.);
#1757=ADVANCED_FACE('',(#1603),#1696,.T.);
#1758=ADVANCED_FACE('',(#1604),#1697,.T.);
#1759=ADVANCED_FACE('',(#1605),#1698,.F.);
#1760=ADVANCED_FACE('',(#1606),#1699,.F.);
#1761=ADVANCED_FACE('',(#1607),#53,.F.);
#1762=ADVANCED_FACE('',(#1608),#54,.F.);
#1763=ADVANCED_FACE('',(#1609),#55,.T.);
#1764=ADVANCED_FACE('',(#1610),#56,.T.);
#1765=ADVANCED_FACE('',(#1611),#57,.T.);
#1766=ADVANCED_FACE('',(#1612),#58,.T.);
#1767=ADVANCED_FACE('',(#1613),#59,.T.);
#1768=ADVANCED_FACE('',(#1614),#20,.T.);
#1769=ADVANCED_FACE('',(#1615),#21,.T.);
#1770=ADVANCED_FACE('',(#1616),#60,.T.);
#1771=ADVANCED_FACE('',(#1617),#61,.T.);
#1772=ADVANCED_FACE('',(#1618),#22,.T.);
#1773=ADVANCED_FACE('',(#1619),#23,.T.);
#1774=ADVANCED_FACE('',(#1620),#24,.T.);
#1775=ADVANCED_FACE('',(#1621),#25,.T.);
#1776=ADVANCED_FACE('',(#1622),#62,.T.);
#1777=ADVANCED_FACE('',(#1623),#63,.T.);
#1778=ADVANCED_FACE('',(#1624),#18,.T.);
#1779=ADVANCED_FACE('',(#1625),#26,.T.);
#1780=ADVANCED_FACE('',(#1626),#64,.T.);
#1781=ADVANCED_FACE('',(#1627),#19,.T.);
#1782=ADVANCED_FACE('',(#1628),#65,.F.);
#1783=ADVANCED_FACE('',(#1629),#66,.T.);
#1784=ADVANCED_FACE('',(#1630),#67,.T.);
#1785=ADVANCED_FACE('',(#1631),#12,.T.);
#1786=ADVANCED_FACE('',(#1632),#27,.T.);
#1787=ADVANCED_FACE('',(#1633),#13,.T.);
#1788=ADVANCED_FACE('',(#1634),#68,.T.);
#1789=ADVANCED_FACE('',(#1635),#69,.T.);
#1790=ADVANCED_FACE('',(#1636),#70,.T.);
#1791=ADVANCED_FACE('',(#1637),#71,.T.);
#1792=ADVANCED_FACE('',(#1638),#14,.T.);
#1793=ADVANCED_FACE('',(#1639),#15,.T.);
#1794=ADVANCED_FACE('',(#1640),#72,.T.);
#1795=ADVANCED_FACE('',(#1641),#73,.T.);
#1796=ADVANCED_FACE('',(#1642),#74,.T.);
#1797=ADVANCED_FACE('',(#1643),#75,.T.);
#1798=ADVANCED_FACE('',(#1644),#16,.T.);
#1799=ADVANCED_FACE('',(#1645),#76,.T.);
#1800=ADVANCED_FACE('',(#1646),#77,.T.);
#1801=ADVANCED_FACE('',(#1647),#17,.T.);
#1802=ADVANCED_FACE('',(#1648),#78,.T.);
#1803=ADVANCED_FACE('',(#1649,#1650),#28,.T.);
#1804=CLOSED_SHELL('',(#1700,#1701,#1702,#1703,#1704,#1705,#1706,#1707,
#1708,#1709,#1710,#1711,#1712,#1713,#1714,#1715,#1716,#1717,#1718,#1719,
#1720,#1721,#1722,#1723,#1724,#1725,#1726,#1727,#1728,#1729,#1730,#1731,
#1732,#1733,#1734,#1735,#1736,#1737,#1738,#1739,#1740,#1741,#1742,#1743,
#1744,#1745,#1746,#1747,#1748,#1749,#1750,#1751,#1752,#1753,#1754,#1755,
#1756,#1757,#1758,#1759,#1760,#1761,#1762,#1763,#1764,#1765,#1766,#1767,
#1768,#1769,#1770,#1771,#1772,#1773,#1774,#1775,#1776,#1777,#1778,#1779,
#1780,#1781,#1782,#1783,#1784,#1785,#1786,#1787,#1788,#1789,#1790,#1791,
#1792,#1793,#1794,#1795,#1796,#1797,#1798,#1799,#1800,#1801,#1802,#1803));
#1805=STYLED_ITEM('',(#1806),#1813);
#1806=PRESENTATION_STYLE_ASSIGNMENT((#1807));
#1807=SURFACE_STYLE_USAGE(.BOTH.,#1808);
#1808=SURFACE_SIDE_STYLE('',(#1809));
#1809=SURFACE_STYLE_FILL_AREA(#1810);
#1810=FILL_AREA_STYLE('',(#1811));
#1811=FILL_AREA_STYLE_COLOUR('',#1812);
#1812=COLOUR_RGB('',0.615686274509804,0.811764705882353,0.929411764705882);
#1813=MANIFOLD_SOLID_BREP('Camera Holder',#1804);
#1814=SHAPE_DEFINITION_REPRESENTATION(#3150,#1815);
#1815=SHAPE_REPRESENTATION('Camera Holder',(#1816),#3145);
#1816=AXIS2_PLACEMENT_3D('',#2575,#2017,#2018);
#1817=AXIS2_PLACEMENT_3D('',#2576,#2019,#2020);
#1818=AXIS2_PLACEMENT_3D('',#2601,#2033,#2034);
#1819=AXIS2_PLACEMENT_3D('',#2602,#2035,#2036);
#1820=AXIS2_PLACEMENT_3D('',#2610,#2040,#2041);
#1821=AXIS2_PLACEMENT_3D('',#2616,#2045,#2046);
#1822=AXIS2_PLACEMENT_3D('',#2624,#2050,#2051);
#1823=AXIS2_PLACEMENT_3D('',#2625,#2052,#2053);
#1824=AXIS2_PLACEMENT_3D('',#2633,#2057,#2058);
#1825=AXIS2_PLACEMENT_3D('',#2634,#2059,#2060);
#1826=AXIS2_PLACEMENT_3D('',#2635,#2061,#2062);
#1827=AXIS2_PLACEMENT_3D('',#2637,#2063,#2064);
#1828=AXIS2_PLACEMENT_3D('',#2640,#2065,#2066);
#1829=AXIS2_PLACEMENT_3D('',#2642,#2067,#2068);
#1830=AXIS2_PLACEMENT_3D('',#2644,#2069,#2070);
#1831=AXIS2_PLACEMENT_3D('',#2645,#2071,#2072);
#1832=AXIS2_PLACEMENT_3D('',#2646,#2073,#2074);
#1833=AXIS2_PLACEMENT_3D('',#2648,#2075,#2076);
#1834=AXIS2_PLACEMENT_3D('',#2651,#2077,#2078);
#1835=AXIS2_PLACEMENT_3D('',#2653,#2079,#2080);
#1836=AXIS2_PLACEMENT_3D('',#2655,#2081,#2082);
#1837=AXIS2_PLACEMENT_3D('',#2656,#2083,#2084);
#1838=AXIS2_PLACEMENT_3D('',#2673,#2093,#2094);
#1839=AXIS2_PLACEMENT_3D('',#2674,#2095,#2096);
#1840=AXIS2_PLACEMENT_3D('',#2678,#2098,#2099);
#1841=AXIS2_PLACEMENT_3D('',#2679,#2100,#2101);
#1842=AXIS2_PLACEMENT_3D('',#2683,#2103,#2104);
#1843=AXIS2_PLACEMENT_3D('',#2687,#2106,#2107);
#1844=AXIS2_PLACEMENT_3D('',#2696,#2112,#2113);
#1845=AXIS2_PLACEMENT_3D('',#2705,#2118,#2119);
#1846=AXIS2_PLACEMENT_3D('',#2709,#2121,#2122);
#1847=AXIS2_PLACEMENT_3D('',#2718,#2127,#2128);
#1848=AXIS2_PLACEMENT_3D('',#2724,#2132,#2133);
#1849=AXIS2_PLACEMENT_3D('',#2730,#2137,#2138);
#1850=AXIS2_PLACEMENT_3D('',#2732,#2140,#2141);
#1851=AXIS2_PLACEMENT_3D('',#2749,#2150,#2151);
#1852=AXIS2_PLACEMENT_3D('',#2750,#2152,#2153);
#1853=AXIS2_PLACEMENT_3D('',#2755,#2155,#2156);
#1854=AXIS2_PLACEMENT_3D('',#2759,#2158,#2159);
#1855=AXIS2_PLACEMENT_3D('',#2760,#2160,#2161);
#1856=AXIS2_PLACEMENT_3D('',#2763,#2163,#2164);
#1857=AXIS2_PLACEMENT_3D('',#2765,#2165,#2166);
#1858=AXIS2_PLACEMENT_3D('',#2769,#2168,#2169);
#1859=AXIS2_PLACEMENT_3D('',#2770,#2170,#2171);
#1860=AXIS2_PLACEMENT_3D('',#2774,#2173,#2174);
#1861=AXIS2_PLACEMENT_3D('',#2778,#2176,#2177);
#1862=AXIS2_PLACEMENT_3D('',#2779,#2178,#2179);
#1863=AXIS2_PLACEMENT_3D('',#2783,#2181,#2182);
#1864=AXIS2_PLACEMENT_3D('',#2785,#2183,#2184);
#1865=AXIS2_PLACEMENT_3D('',#2788,#2186,#2187);
#1866=AXIS2_PLACEMENT_3D('',#2789,#2188,#2189);
#1867=AXIS2_PLACEMENT_3D('',#2794,#2191,#2192);
#1868=AXIS2_PLACEMENT_3D('',#2798,#2194,#2195);
#1869=AXIS2_PLACEMENT_3D('',#2802,#2197,#2198);
#1870=AXIS2_PLACEMENT_3D('',#2805,#2200,#2201);
#1871=AXIS2_PLACEMENT_3D('',#2806,#2202,#2203);
#1872=AXIS2_PLACEMENT_3D('',#2808,#2204,#2205);
#1873=AXIS2_PLACEMENT_3D('',#2809,#2206,#2207);
#1874=AXIS2_PLACEMENT_3D('',#2810,#2208,#2209);
#1875=AXIS2_PLACEMENT_3D('',#2811,#2210,#2211);
#1876=AXIS2_PLACEMENT_3D('',#2812,#2212,#2213);
#1877=AXIS2_PLACEMENT_3D('',#2815,#2215,#2216);
#1878=AXIS2_PLACEMENT_3D('',#2818,#2218,#2219);
#1879=AXIS2_PLACEMENT_3D('',#2822,#2222,#2223);
#1880=AXIS2_PLACEMENT_3D('',#2825,#2225,#2226);
#1881=AXIS2_PLACEMENT_3D('',#2826,#2227,#2228);
#1882=AXIS2_PLACEMENT_3D('',#2830,#2231,#2232);
#1883=AXIS2_PLACEMENT_3D('',#2833,#2234,#2235);
#1884=AXIS2_PLACEMENT_3D('',#2834,#2236,#2237);
#1885=AXIS2_PLACEMENT_3D('',#2838,#2240,#2241);
#1886=AXIS2_PLACEMENT_3D('',#2841,#2243,#2244);
#1887=AXIS2_PLACEMENT_3D('',#2842,#2245,#2246);
#1888=AXIS2_PLACEMENT_3D('',#2847,#2249,#2250);
#1889=AXIS2_PLACEMENT_3D('',#2853,#2251,#2252);
#1890=AXIS2_PLACEMENT_3D('',#2856,#2254,#2255);
#1891=AXIS2_PLACEMENT_3D('',#2857,#2256,#2257);
#1892=AXIS2_PLACEMENT_3D('',#2863,#2261,#2262);
#1893=AXIS2_PLACEMENT_3D('',#2869,#2266,#2267);
#1894=AXIS2_PLACEMENT_3D('',#2872,#2269,#2270);
#1895=AXIS2_PLACEMENT_3D('',#2875,#2272,#2273);
#1896=AXIS2_PLACEMENT_3D('',#2877,#2275,#2276);
#1897=AXIS2_PLACEMENT_3D('',#2878,#2277,#2278);
#1898=AXIS2_PLACEMENT_3D('',#2886,#2280,#2281);
#1899=AXIS2_PLACEMENT_3D('',#2887,#2282,#2283);
#1900=AXIS2_PLACEMENT_3D('',#2890,#2284,#2285);
#1901=AXIS2_PLACEMENT_3D('',#2894,#2287,#2288);
#1902=AXIS2_PLACEMENT_3D('',#2898,#2290,#2291);
#1903=AXIS2_PLACEMENT_3D('',#2902,#2293,#2294);
#1904=AXIS2_PLACEMENT_3D('',#2904,#2295,#2296);
#1905=AXIS2_PLACEMENT_3D('',#2911,#2300,#2301);
#1906=AXIS2_PLACEMENT_3D('',#2914,#2303,#2304);
#1907=AXIS2_PLACEMENT_3D('',#2919,#2308,#2309);
#1908=AXIS2_PLACEMENT_3D('',#2930,#2316,#2317);
#1909=AXIS2_PLACEMENT_3D('',#2931,#2318,#2319);
#1910=AXIS2_PLACEMENT_3D('',#2934,#2321,#2322);
#1911=AXIS2_PLACEMENT_3D('',#2944,#2329,#2330);
#1912=AXIS2_PLACEMENT_3D('',#2945,#2331,#2332);
#1913=AXIS2_PLACEMENT_3D('',#2961,#2342,#2343);
#1914=AXIS2_PLACEMENT_3D('',#2962,#2344,#2345);
#1915=AXIS2_PLACEMENT_3D('',#2965,#2348,#2349);
#1916=AXIS2_PLACEMENT_3D('',#2976,#2356,#2357);
#1917=AXIS2_PLACEMENT_3D('',#2977,#2358,#2359);
#1918=AXIS2_PLACEMENT_3D('',#2979,#2361,#2362);
#1919=AXIS2_PLACEMENT_3D('',#2981,#2364,#2365);
#1920=AXIS2_PLACEMENT_3D('',#2982,#2366,#2367);
#1921=AXIS2_PLACEMENT_3D('',#2983,#2368,#2369);
#1922=AXIS2_PLACEMENT_3D('',#2986,#2372,#2373);
#1923=AXIS2_PLACEMENT_3D('',#2989,#2376,#2377);
#1924=AXIS2_PLACEMENT_3D('',#2990,#2378,#2379);
#1925=AXIS2_PLACEMENT_3D('',#2991,#2380,#2381);
#1926=AXIS2_PLACEMENT_3D('',#2992,#2382,#2383);
#1927=AXIS2_PLACEMENT_3D('',#2993,#2384,#2385);
#1928=AXIS2_PLACEMENT_3D('',#2996,#2388,#2389);
#1929=AXIS2_PLACEMENT_3D('',#2999,#2392,#2393);
#1930=AXIS2_PLACEMENT_3D('',#3000,#2394,#2395);
#1931=AXIS2_PLACEMENT_3D('',#3001,#2396,#2397);
#1932=AXIS2_PLACEMENT_3D('',#3002,#2398,#2399);
#1933=AXIS2_PLACEMENT_3D('',#3003,#2400,#2401);
#1934=AXIS2_PLACEMENT_3D('',#3009,#2405,#2406);
#1935=AXIS2_PLACEMENT_3D('',#3013,#2409,#2410);
#1936=AXIS2_PLACEMENT_3D('',#3017,#2413,#2414);
#1937=AXIS2_PLACEMENT_3D('',#3018,#2415,#2416);
#1938=AXIS2_PLACEMENT_3D('',#3019,#2417,#2418);
#1939=AXIS2_PLACEMENT_3D('',#3020,#2419,#2420);
#1940=AXIS2_PLACEMENT_3D('',#3021,#2421,#2422);
#1941=AXIS2_PLACEMENT_3D('',#3022,#2423,#2424);
#1942=AXIS2_PLACEMENT_3D('',#3023,#2425,#2426);
#1943=AXIS2_PLACEMENT_3D('',#3024,#2427,#2428);
#1944=AXIS2_PLACEMENT_3D('',#3025,#2429,#2430);
#1945=AXIS2_PLACEMENT_3D('',#3026,#2431,#2432);
#1946=AXIS2_PLACEMENT_3D('',#3027,#2433,#2434);
#1947=AXIS2_PLACEMENT_3D('',#3028,#2435,#2436);
#1948=AXIS2_PLACEMENT_3D('',#3029,#2437,#2438);
#1949=AXIS2_PLACEMENT_3D('',#3030,#2439,#2440);
#1950=AXIS2_PLACEMENT_3D('',#3031,#2441,#2442);
#1951=AXIS2_PLACEMENT_3D('',#3032,#2443,#2444);
#1952=AXIS2_PLACEMENT_3D('',#3033,#2445,#2446);
#1953=AXIS2_PLACEMENT_3D('',#3034,#2447,#2448);
#1954=AXIS2_PLACEMENT_3D('',#3035,#2449,#2450);
#1955=AXIS2_PLACEMENT_3D('',#3036,#2451,#2452);
#1956=AXIS2_PLACEMENT_3D('',#3037,#2453,#2454);
#1957=AXIS2_PLACEMENT_3D('',#3038,#2455,#2456);
#1958=AXIS2_PLACEMENT_3D('',#3039,#2457,#2458);
#1959=AXIS2_PLACEMENT_3D('',#3040,#2459,#2460);
#1960=AXIS2_PLACEMENT_3D('',#3041,#2461,#2462);
#1961=AXIS2_PLACEMENT_3D('',#3042,#2463,#2464);
#1962=AXIS2_PLACEMENT_3D('',#3048,#2465,#2466);
#1963=AXIS2_PLACEMENT_3D('',#3054,#2467,#2468);
#1964=AXIS2_PLACEMENT_3D('',#3055,#2469,#2470);
#1965=AXIS2_PLACEMENT_3D('',#3056,#2471,#2472);
#1966=AXIS2_PLACEMENT_3D('',#3057,#2473,#2474);
#1967=AXIS2_PLACEMENT_3D('',#3076,#2475,#2476);
#1968=AXIS2_PLACEMENT_3D('',#3077,#2477,#2478);
#1969=AXIS2_PLACEMENT_3D('',#3078,#2479,#2480);
#1970=AXIS2_PLACEMENT_3D('',#3079,#2481,#2482);
#1971=AXIS2_PLACEMENT_3D('',#3080,#2483,#2484);
#1972=AXIS2_PLACEMENT_3D('',#3081,#2485,#2486);
#1973=AXIS2_PLACEMENT_3D('',#3094,#2487,#2488);
#1974=AXIS2_PLACEMENT_3D('',#3101,#2489,#2490);
#1975=AXIS2_PLACEMENT_3D('',#3102,#2491,#2492);
#1976=AXIS2_PLACEMENT_3D('',#3103,#2493,#2494);
#1977=AXIS2_PLACEMENT_3D('',#3104,#2495,#2496);
#1978=AXIS2_PLACEMENT_3D('',#3105,#2497,#2498);
#1979=AXIS2_PLACEMENT_3D('',#3106,#2499,#2500);
#1980=AXIS2_PLACEMENT_3D('',#3107,#2501,#2502);
#1981=AXIS2_PLACEMENT_3D('',#3108,#2503,#2504);
#1982=AXIS2_PLACEMENT_3D('',#3109,#2505,#2506);
#1983=AXIS2_PLACEMENT_3D('',#3110,#2507,#2508);
#1984=AXIS2_PLACEMENT_3D('',#3111,#2509,#2510);
#1985=AXIS2_PLACEMENT_3D('',#3112,#2511,#2512);
#1986=AXIS2_PLACEMENT_3D('',#3113,#2513,#2514);
#1987=AXIS2_PLACEMENT_3D('',#3114,#2515,#2516);
#1988=AXIS2_PLACEMENT_3D('',#3115,#2517,#2518);
#1989=AXIS2_PLACEMENT_3D('',#3116,#2519,#2520);
#1990=AXIS2_PLACEMENT_3D('',#3117,#2521,#2522);
#1991=AXIS2_PLACEMENT_3D('',#3118,#2523,#2524);
#1992=AXIS2_PLACEMENT_3D('',#3119,#2525,#2526);
#1993=AXIS2_PLACEMENT_3D('',#3120,#2527,#2528);
#1994=AXIS2_PLACEMENT_3D('',#3121,#2529,#2530);
#1995=AXIS2_PLACEMENT_3D('',#3122,#2531,#2532);
#1996=AXIS2_PLACEMENT_3D('',#3123,#2533,#2534);
#1997=AXIS2_PLACEMENT_3D('',#3124,#2535,#2536);
#1998=AXIS2_PLACEMENT_3D('',#3125,#2537,#2538);
#1999=AXIS2_PLACEMENT_3D('',#3126,#2539,#2540);
#2000=AXIS2_PLACEMENT_3D('',#3127,#2541,#2542);
#2001=AXIS2_PLACEMENT_3D('',#3128,#2543,#2544);
#2002=AXIS2_PLACEMENT_3D('',#3129,#2545,#2546);
#2003=AXIS2_PLACEMENT_3D('',#3130,#2547,#2548);
#2004=AXIS2_PLACEMENT_3D('',#3131,#2549,#2550);
#2005=AXIS2_PLACEMENT_3D('',#3132,#2551,#2552);
#2006=AXIS2_PLACEMENT_3D('',#3133,#2553,#2554);
#2007=AXIS2_PLACEMENT_3D('',#3134,#2555,#2556);
#2008=AXIS2_PLACEMENT_3D('',#3135,#2557,#2558);
#2009=AXIS2_PLACEMENT_3D('',#3136,#2559,#2560);
#2010=AXIS2_PLACEMENT_3D('',#3137,#2561,#2562);
#2011=AXIS2_PLACEMENT_3D('',#3138,#2563,#2564);
#2012=AXIS2_PLACEMENT_3D('',#3139,#2565,#2566);
#2013=AXIS2_PLACEMENT_3D('',#3140,#2567,#2568);
#2014=AXIS2_PLACEMENT_3D('',#3141,#2569,#2570);
#2015=AXIS2_PLACEMENT_3D('',#3142,#2571,#2572);
#2016=AXIS2_PLACEMENT_3D('',#3143,#2573,#2574);
#2017=DIRECTION('',(0.,0.,1.));
#2018=DIRECTION('',(1.,0.,0.));
#2019=DIRECTION('',(0.,0.,1.));
#2020=DIRECTION('',(1.,0.,0.));
#2021=DIRECTION('',(-1.,0.,0.));
#2022=DIRECTION('',(0.,-1.,0.));
#2023=DIRECTION('',(-1.,0.,0.));
#2024=DIRECTION('',(1.17608371252665E-16,1.,0.));
#2025=DIRECTION('',(-1.,0.,0.));
#2026=DIRECTION('',(1.17608371252665E-16,1.,0.));
#2027=DIRECTION('',(-1.,0.,0.));
#2028=DIRECTION('',(0.,-1.,0.));
#2029=DIRECTION('',(-1.,0.,0.));
#2030=DIRECTION('',(-2.1350442781253E-16,-1.,0.));
#2031=DIRECTION('',(-1.,0.,0.));
#2032=DIRECTION('',(-2.1350442781253E-16,-1.,0.));
#2033=DIRECTION('',(0.,-1.,0.));
#2034=DIRECTION('',(0.,0.,-1.));
#2035=DIRECTION('',(0.,-1.,0.));
#2036=DIRECTION('',(0.,0.,-1.));
#2037=DIRECTION('',(0.,0.,1.));
#2038=DIRECTION('',(1.,0.,1.16760233959977E-16));
#2039=DIRECTION('',(-6.67201336914157E-17,0.,-1.));
#2040=DIRECTION('',(0.,-1.,0.));
#2041=DIRECTION('',(0.,0.,-1.));
#2042=DIRECTION('',(0.,0.,-1.));
#2043=DIRECTION('',(-1.,0.,0.));
#2044=DIRECTION('',(0.,0.,-1.));
#2045=DIRECTION('',(0.,0.,-1.));
#2046=DIRECTION('',(1.,0.,0.));
#2047=DIRECTION('',(1.20852178986233E-16,-1.,0.));
#2048=DIRECTION('',(1.,0.,0.));
#2049=DIRECTION('',(0.,1.,0.));
#2050=DIRECTION('',(0.,0.,1.));
#2051=DIRECTION('',(-1.,0.,0.));
#2052=DIRECTION('',(0.,0.,-1.));
#2053=DIRECTION('',(1.,0.,0.));
#2054=DIRECTION('',(1.20852178986233E-16,1.,0.));
#2055=DIRECTION('',(1.,0.,0.));
#2056=DIRECTION('',(1.20852178986233E-16,1.,0.));
#2057=DIRECTION('',(0.,0.,1.));
#2058=DIRECTION('',(1.,0.,0.));
#2059=DIRECTION('',(0.,0.,-1.));
#2060=DIRECTION('',(-1.,0.,0.));
#2061=DIRECTION('',(0.,0.,1.));
#2062=DIRECTION('',(1.,0.,0.));
#2063=DIRECTION('',(0.,0.,-1.));
#2064=DIRECTION('',(-1.,0.,0.));
#2065=DIRECTION('',(0.,0.,-1.));
#2066=DIRECTION('',(-1.,0.,0.));
#2067=DIRECTION('',(0.,0.,-1.));
#2068=DIRECTION('',(-1.,0.,0.));
#2069=DIRECTION('',(0.,0.,-1.));
#2070=DIRECTION('',(-1.,0.,0.));
#2071=DIRECTION('',(0.,0.,-1.));
#2072=DIRECTION('',(-1.,0.,0.));
#2073=DIRECTION('',(0.,0.,-1.));
#2074=DIRECTION('',(1.,0.,0.));
#2075=DIRECTION('',(0.,0.,-1.));
#2076=DIRECTION('',(-1.,0.,0.));
#2077=DIRECTION('',(0.,0.,-1.));
#2078=DIRECTION('',(-1.,0.,0.));
#2079=DIRECTION('',(0.,0.,-1.));
#2080=DIRECTION('',(-1.,0.,0.));
#2081=DIRECTION('',(0.,0.,-1.));
#2082=DIRECTION('',(-1.,0.,0.));
#2083=DIRECTION('',(0.,1.,0.));
#2084=DIRECTION('',(0.,0.,1.));
#2085=DIRECTION('',(0.,0.,-1.));
#2086=DIRECTION('',(1.,0.,0.));
#2087=DIRECTION('',(0.,0.,-1.));
#2088=DIRECTION('',(1.,0.,0.));
#2089=DIRECTION('',(0.,0.,-1.));
#2090=DIRECTION('',(1.,0.,0.));
#2091=DIRECTION('',(0.,0.,-1.));
#2092=DIRECTION('',(1.,0.,0.));
#2093=DIRECTION('',(0.,0.,1.));
#2094=DIRECTION('',(1.,0.,0.));
#2095=DIRECTION('',(0.,0.,-1.));
#2096=DIRECTION('',(1.,0.,0.));
#2097=DIRECTION('',(0.,1.,0.));
#2098=DIRECTION('',(0.,0.,1.));
#2099=DIRECTION('',(1.,0.,0.));
#2100=DIRECTION('',(0.,0.,1.));
#2101=DIRECTION('',(1.,0.,0.));
#2102=DIRECTION('',(1.20852178986233E-16,1.,0.));
#2103=DIRECTION('',(1.,-2.1350442781253E-16,0.));
#2104=DIRECTION('',(2.1350442781253E-16,1.,0.));
#2105=DIRECTION('',(0.,0.,-1.));
#2106=DIRECTION('',(1.,-2.1350442781253E-16,0.));
#2107=DIRECTION('',(2.1350442781253E-16,1.,0.));
#2108=DIRECTION('',(0.,0.,-1.));
#2109=DIRECTION('',(-2.1350442781253E-16,-1.,0.));
#2110=DIRECTION('',(0.,0.,-1.));
#2111=DIRECTION('',(-2.1350442781253E-16,-1.,0.));
#2112=DIRECTION('',(0.,-1.,0.));
#2113=DIRECTION('',(0.,0.,-1.));
#2114=DIRECTION('',(-1.,0.,0.));
#2115=DIRECTION('',(0.,0.,-1.));
#2116=DIRECTION('',(-1.,0.,0.));
#2117=DIRECTION('',(0.,0.,-1.));
#2118=DIRECTION('',(1.,-2.1350442781253E-16,0.));
#2119=DIRECTION('',(2.1350442781253E-16,1.,0.));
#2120=DIRECTION('',(0.,0.,-1.));
#2121=DIRECTION('',(1.,-2.1350442781253E-16,0.));
#2122=DIRECTION('',(2.1350442781253E-16,1.,0.));
#2123=DIRECTION('',(0.,0.,-1.));
#2124=DIRECTION('',(-2.1350442781253E-16,-1.,0.));
#2125=DIRECTION('',(0.,0.,-1.));
#2126=DIRECTION('',(-2.1350442781253E-16,-1.,0.));
#2127=DIRECTION('',(-1.,1.17608371252665E-16,0.));
#2128=DIRECTION('',(-1.17608371252665E-16,-1.,0.));
#2129=DIRECTION('',(1.17608371252665E-16,1.,0.));
#2130=DIRECTION('',(1.17608371252665E-16,1.,0.));
#2131=DIRECTION('',(0.,0.,-1.));
#2132=DIRECTION('',(-1.,1.17608371252665E-16,0.));
#2133=DIRECTION('',(-1.17608371252665E-16,-1.,0.));
#2134=DIRECTION('',(1.17608371252665E-16,1.,0.));
#2135=DIRECTION('',(1.17608371252665E-16,1.,0.));
#2136=DIRECTION('',(0.,0.,-1.));
#2137=DIRECTION('',(0.,-1.,0.));
#2138=DIRECTION('',(0.,0.,-1.));
#2139=DIRECTION('',(-1.,0.,0.));
#2140=DIRECTION('',(0.,-1.,0.));
#2141=DIRECTION('',(0.,0.,-1.));
#2142=DIRECTION('',(-1.,0.,0.));
#2143=DIRECTION('',(0.,0.,-1.));
#2144=DIRECTION('',(-1.,0.,0.));
#2145=DIRECTION('',(0.,0.,-1.));
#2146=DIRECTION('',(-1.,0.,0.));
#2147=DIRECTION('',(6.67201336914157E-17,0.,1.));
#2148=DIRECTION('',(-1.,0.,-1.16760233959977E-16));
#2149=DIRECTION('',(0.,0.,-1.));
#2150=DIRECTION('',(0.,0.,1.));
#2151=DIRECTION('',(1.,0.,0.));
#2152=DIRECTION('',(0.,0.,1.));
#2153=DIRECTION('',(1.,0.,0.));
#2154=DIRECTION('',(8.67361737988403E-17,-1.,0.));
#2155=DIRECTION('',(0.,0.,-1.));
#2156=DIRECTION('',(1.,0.,0.));
#2157=DIRECTION('',(0.,1.,0.));
#2158=DIRECTION('',(0.,0.,1.));
#2159=DIRECTION('',(1.,0.,0.));
#2160=DIRECTION('',(0.,0.,1.));
#2161=DIRECTION('',(1.,0.,0.));
#2162=DIRECTION('',(0.0194203153575847,0.999811407892214,0.));
#2163=DIRECTION('',(0.,0.,1.));
#2164=DIRECTION('',(1.,0.,0.));
#2165=DIRECTION('',(0.,0.,1.));
#2166=DIRECTION('',(1.,0.,0.));
#2167=DIRECTION('',(1.15648231731787E-16,-1.,0.));
#2168=DIRECTION('',(0.,0.,1.));
#2169=DIRECTION('',(1.,0.,0.));
#2170=DIRECTION('',(0.,0.,1.));
#2171=DIRECTION('',(1.,0.,0.));
#2172=DIRECTION('',(3.07253312424518E-16,-1.,0.));
#2173=DIRECTION('',(0.,0.,1.));
#2174=DIRECTION('',(1.,0.,0.));
#2175=DIRECTION('',(0.,1.,0.));
#2176=DIRECTION('',(0.,0.,1.));
#2177=DIRECTION('',(1.,0.,0.));
#2178=DIRECTION('',(0.,0.,1.));
#2179=DIRECTION('',(1.,0.,0.));
#2180=DIRECTION('',(1.15648231731787E-16,-1.,0.));
#2181=DIRECTION('',(0.,0.,1.));
#2182=DIRECTION('',(1.,0.,0.));
#2183=DIRECTION('',(0.,0.,1.));
#2184=DIRECTION('',(1.,0.,0.));
#2185=DIRECTION('',(-0.0194203153575848,0.999811407892214,0.));
#2186=DIRECTION('',(0.,0.,1.));
#2187=DIRECTION('',(1.,0.,0.));
#2188=DIRECTION('',(0.,0.,1.));
#2189=DIRECTION('',(1.,0.,0.));
#2190=DIRECTION('',(4.59132426498653E-16,1.,0.));
#2191=DIRECTION('',(0.,0.,1.));
#2192=DIRECTION('',(1.,0.,0.));
#2193=DIRECTION('',(4.59132426498652E-16,1.,0.));
#2194=DIRECTION('',(0.,0.,1.));
#2195=DIRECTION('',(1.,0.,0.));
#2196=DIRECTION('',(4.59132426498653E-16,1.,0.));
#2197=DIRECTION('',(0.,0.,1.));
#2198=DIRECTION('',(1.,0.,0.));
#2199=DIRECTION('',(4.59132426498653E-16,1.,0.));
#2200=DIRECTION('',(0.,0.,-1.));
#2201=DIRECTION('',(-1.,0.,0.));
#2202=DIRECTION('',(0.,0.,1.));
#2203=DIRECTION('',(1.,0.,0.));
#2204=DIRECTION('',(0.,0.,1.));
#2205=DIRECTION('',(1.,0.,0.));
#2206=DIRECTION('',(0.,0.,1.));
#2207=DIRECTION('',(1.,0.,0.));
#2208=DIRECTION('',(0.,0.,1.));
#2209=DIRECTION('',(1.,0.,0.));
#2210=DIRECTION('',(0.,0.,1.));
#2211=DIRECTION('',(1.,0.,0.));
#2212=DIRECTION('',(0.,0.,-1.));
#2213=DIRECTION('',(-1.,0.,0.));
#2214=DIRECTION('',(0.,0.,-1.));
#2215=DIRECTION('',(0.,0.,1.));
#2216=DIRECTION('',(1.,0.,0.));
#2217=DIRECTION('',(0.,0.,-1.));
#2218=DIRECTION('',(-1.,4.59132426498653E-16,0.));
#2219=DIRECTION('',(-4.59132426498653E-16,-1.,0.));
#2220=DIRECTION('',(0.,0.,-1.));
#2221=DIRECTION('',(4.59132426498653E-16,1.,0.));
#2222=DIRECTION('',(0.,0.,-1.));
#2223=DIRECTION('',(-1.,0.,0.));
#2224=DIRECTION('',(0.,0.,-1.));
#2225=DIRECTION('',(0.,0.,1.));
#2226=DIRECTION('',(1.,0.,0.));
#2227=DIRECTION('',(-1.,4.59132426498653E-16,0.));
#2228=DIRECTION('',(-4.59132426498653E-16,-1.,0.));
#2229=DIRECTION('',(0.,0.,-1.));
#2230=DIRECTION('',(4.59132426498653E-16,1.,0.));
#2231=DIRECTION('',(0.,0.,-1.));
#2232=DIRECTION('',(-1.,0.,0.));
#2233=DIRECTION('',(0.,0.,-1.));
#2234=DIRECTION('',(0.,0.,1.));
#2235=DIRECTION('',(1.,0.,0.));
#2236=DIRECTION('',(-1.,4.59132426498652E-16,0.));
#2237=DIRECTION('',(-4.59132426498652E-16,-1.,0.));
#2238=DIRECTION('',(0.,0.,-1.));
#2239=DIRECTION('',(4.59132426498652E-16,1.,0.));
#2240=DIRECTION('',(0.,0.,-1.));
#2241=DIRECTION('',(-1.,0.,0.));
#2242=DIRECTION('',(0.,0.,-1.));
#2243=DIRECTION('',(0.,0.,1.));
#2244=DIRECTION('',(1.,0.,0.));
#2245=DIRECTION('',(-0.999811407892214,-0.0194203153575848,0.));
#2246=DIRECTION('',(0.0194203153575848,-0.999811407892214,0.));
#2247=DIRECTION('',(0.,0.,-1.));
#2248=DIRECTION('',(-0.0194203153575848,0.999811407892214,0.));
#2249=DIRECTION('',(-0.999811407892214,-0.0194203153575848,0.));
#2250=DIRECTION('',(-0.0194203153575848,0.999811407892214,0.));
#2251=DIRECTION('',(0.,0.,-1.));
#2252=DIRECTION('',(-1.,0.,0.));
#2253=DIRECTION('',(0.,0.,-1.));
#2254=DIRECTION('',(0.,0.,1.));
#2255=DIRECTION('',(1.,0.,0.));
#2256=DIRECTION('',(1.,1.15648231731787E-16,0.));
#2257=DIRECTION('',(-1.15648231731787E-16,1.,0.));
#2258=DIRECTION('',(0.,0.,-1.));
#2259=DIRECTION('',(1.15648231731787E-16,-1.,0.));
#2260=DIRECTION('',(0.,0.,-1.));
#2261=DIRECTION('',(1.,1.15648231731787E-16,0.));
#2262=DIRECTION('',(-1.15648231731787E-16,1.,0.));
#2263=DIRECTION('',(0.,0.,1.));
#2264=DIRECTION('',(1.15648231731787E-16,-1.,0.));
#2265=DIRECTION('',(0.,0.,-1.));
#2266=DIRECTION('',(0.,0.,-1.));
#2267=DIRECTION('',(-1.,0.,0.));
#2268=DIRECTION('',(0.,0.,-1.));
#2269=DIRECTION('',(0.,0.,1.));
#2270=DIRECTION('',(1.,0.,0.));
#2271=DIRECTION('',(0.,0.,-1.));
#2272=DIRECTION('',(-1.,4.59132426498653E-16,0.));
#2273=DIRECTION('',(-4.59132426498653E-16,-1.,0.));
#2274=DIRECTION('',(4.59132426498653E-16,1.,0.));
#2275=DIRECTION('',(-0.999811407892214,0.0194203153575847,0.));
#2276=DIRECTION('',(-0.0194203153575847,-0.999811407892214,0.));
#2277=DIRECTION('',(-0.999811407892214,0.0194203153575847,0.));
#2278=DIRECTION('',(-0.0194203153575847,-0.999811407892214,0.));
#2279=DIRECTION('',(0.0194203153575847,0.999811407892214,0.));
#2280=DIRECTION('',(0.,0.,1.));
#2281=DIRECTION('',(1.,0.,0.));
#2282=DIRECTION('',(0.,0.,1.));
#2283=DIRECTION('',(1.,0.,0.));
#2284=DIRECTION('',(0.,0.,1.));
#2285=DIRECTION('',(1.,0.,0.));
#2286=DIRECTION('',(1.15648231731787E-16,-1.,0.));
#2287=DIRECTION('',(0.,0.,1.));
#2288=DIRECTION('',(1.,0.,0.));
#2289=DIRECTION('',(1.,0.,0.));
#2290=DIRECTION('',(0.,0.,1.));
#2291=DIRECTION('',(1.,0.,0.));
#2292=DIRECTION('',(1.15648231731787E-16,-1.,0.));
#2293=DIRECTION('',(0.,0.,1.));
#2294=DIRECTION('',(1.,0.,0.));
#2295=DIRECTION('',(0.,0.,1.));
#2296=DIRECTION('',(1.,0.,0.));
#2297=DIRECTION('',(0.0194203153575847,0.999811407892214,0.));
#2298=DIRECTION('',(-1.,0.,0.));
#2299=DIRECTION('',(-0.0194203153575848,0.999811407892214,0.));
#2300=DIRECTION('',(0.,0.,-1.));
#2301=DIRECTION('',(-1.,0.,0.));
#2302=DIRECTION('',(0.,0.,-1.));
#2303=DIRECTION('',(0.,0.,-1.));
#2304=DIRECTION('',(1.,0.,0.));
#2305=DIRECTION('',(0.,0.,-1.));
#2306=DIRECTION('',(0.,0.,-1.));
#2307=DIRECTION('',(0.,0.,-1.));
#2308=DIRECTION('',(-1.,0.,0.));
#2309=DIRECTION('',(0.,0.,1.));
#2310=DIRECTION('',(0.,0.,-1.));
#2311=DIRECTION('',(-1.73472347597681E-16,1.,0.));
#2312=DIRECTION('',(-1.73472347597681E-16,1.,0.));
#2313=DIRECTION('',(0.,0.,-1.));
#2314=DIRECTION('',(0.,1.,0.));
#2315=DIRECTION('',(0.,0.,-1.));
#2316=DIRECTION('',(0.,0.,-1.));
#2317=DIRECTION('',(-1.,0.,0.));
#2318=DIRECTION('',(0.,0.,-1.));
#2319=DIRECTION('',(-1.,0.,0.));
#2320=DIRECTION('',(0.,0.,-1.));
#2321=DIRECTION('',(1.,8.67361737988403E-17,0.));
#2322=DIRECTION('',(-8.67361737988403E-17,1.,0.));
#2323=DIRECTION('',(1.20852178986233E-16,-1.,0.));
#2324=DIRECTION('',(0.,0.,-1.));
#2325=DIRECTION('',(3.46944695195362E-16,-1.,0.));
#2326=DIRECTION('',(3.46944695195362E-16,-1.,0.));
#2327=DIRECTION('',(0.,0.,-1.));
#2328=DIRECTION('',(1.20852178986233E-16,-1.,0.));
#2329=DIRECTION('',(0.,0.,1.));
#2330=DIRECTION('',(1.,0.,0.));
#2331=DIRECTION('',(1.,3.07253312424518E-16,0.));
#2332=DIRECTION('',(-3.07253312424518E-16,1.,0.));
#2333=DIRECTION('',(0.,0.,-1.));
#2334=DIRECTION('',(1.20852178986233E-16,1.,0.));
#2335=DIRECTION('',(0.,0.,-1.));
#2336=DIRECTION('',(1.20852178986233E-16,1.,0.));
#2337=DIRECTION('',(1.20852178986233E-16,1.,0.));
#2338=DIRECTION('',(0.,0.,-1.));
#2339=DIRECTION('',(0.,0.,-1.));
#2340=DIRECTION('',(1.20852178986233E-16,1.,0.));
#2341=DIRECTION('',(0.,0.,-1.));
#2342=DIRECTION('',(0.,0.,-1.));
#2343=DIRECTION('',(-1.,0.,0.));
#2344=DIRECTION('',(0.,0.,1.));
#2345=DIRECTION('',(1.,0.,0.));
#2346=DIRECTION('',(0.,0.,-1.));
#2347=DIRECTION('',(0.,0.,-1.));
#2348=DIRECTION('',(-1.,0.,0.));
#2349=DIRECTION('',(0.,0.,1.));
#2350=DIRECTION('',(1.20852178986233E-16,1.,0.));
#2351=DIRECTION('',(0.,0.,-1.));
#2352=DIRECTION('',(0.,0.,-1.));
#2353=DIRECTION('',(1.20852178986233E-16,1.,0.));
#2354=DIRECTION('',(1.20852178986233E-16,1.,0.));
#2355=DIRECTION('',(0.,0.,-1.));
#2356=DIRECTION('',(0.,0.,1.));
#2357=DIRECTION('',(1.,0.,0.));
#2358=DIRECTION('',(0.,0.,-1.));
#2359=DIRECTION('',(1.,0.,0.));
#2360=DIRECTION('',(1.,0.,0.));
#2361=DIRECTION('',(0.,0.,-1.));
#2362=DIRECTION('',(1.,0.,0.));
#2363=DIRECTION('',(1.,0.,0.));
#2364=DIRECTION('',(0.,0.,-1.));
#2365=DIRECTION('',(-1.,0.,0.));
#2366=DIRECTION('',(0.,0.,-1.));
#2367=DIRECTION('',(-1.,0.,0.));
#2368=DIRECTION('',(0.,1.,0.));
#2369=DIRECTION('',(0.,0.,1.));
#2370=DIRECTION('',(1.,0.,0.));
#2371=DIRECTION('',(1.,0.,0.));
#2372=DIRECTION('',(0.,1.,0.));
#2373=DIRECTION('',(0.,0.,1.));
#2374=DIRECTION('',(1.,0.,0.));
#2375=DIRECTION('',(1.,0.,0.));
#2376=DIRECTION('',(0.,0.,-1.));
#2377=DIRECTION('',(1.,0.,0.));
#2378=DIRECTION('',(0.,0.,-1.));
#2379=DIRECTION('',(1.,0.,0.));
#2380=DIRECTION('',(0.,0.,-1.));
#2381=DIRECTION('',(1.,0.,0.));
#2382=DIRECTION('',(0.,0.,-1.));
#2383=DIRECTION('',(1.,0.,0.));
#2384=DIRECTION('',(0.,1.,0.));
#2385=DIRECTION('',(0.,0.,1.));
#2386=DIRECTION('',(1.,0.,0.));
#2387=DIRECTION('',(1.,0.,0.));
#2388=DIRECTION('',(0.,1.,0.));
#2389=DIRECTION('',(0.,0.,1.));
#2390=DIRECTION('',(1.,0.,0.));
#2391=DIRECTION('',(1.,0.,0.));
#2392=DIRECTION('',(0.,0.,-1.));
#2393=DIRECTION('',(1.,0.,0.));
#2394=DIRECTION('',(0.,0.,-1.));
#2395=DIRECTION('',(1.,0.,0.));
#2396=DIRECTION('',(0.,0.,-1.));
#2397=DIRECTION('',(1.,0.,0.));
#2398=DIRECTION('',(0.,0.,-1.));
#2399=DIRECTION('',(1.,0.,0.));
#2400=DIRECTION('',(-1.16760233959977E-16,0.,1.));
#2401=DIRECTION('',(1.,0.,1.16760233959977E-16));
#2402=DIRECTION('',(0.,-1.,0.));
#2403=DIRECTION('',(-1.,0.,-1.16760233959977E-16));
#2404=DIRECTION('',(0.,-1.,0.));
#2405=DIRECTION('',(-1.,0.,0.));
#2406=DIRECTION('',(0.,0.,1.));
#2407=DIRECTION('',(0.,-1.,0.));
#2408=DIRECTION('',(0.,0.,-1.));
#2409=DIRECTION('',(1.,0.,-6.67201336914157E-17));
#2410=DIRECTION('',(-6.67201336914157E-17,0.,-1.));
#2411=DIRECTION('',(6.67201336914157E-17,0.,1.));
#2412=DIRECTION('',(0.,-1.,0.));
#2413=DIRECTION('',(0.,0.,-1.));
#2414=DIRECTION('',(-1.,0.,0.));
#2415=DIRECTION('',(0.,0.,1.));
#2416=DIRECTION('',(1.,0.,0.));
#2417=DIRECTION('',(0.,0.,-1.));
#2418=DIRECTION('',(-1.,0.,0.));
#2419=DIRECTION('',(0.,0.,1.));
#2420=DIRECTION('',(1.,0.,0.));
#2421=DIRECTION('',(0.,0.,-1.));
#2422=DIRECTION('',(-1.,0.,0.));
#2423=DIRECTION('',(0.,0.,1.));
#2424=DIRECTION('',(1.,0.,0.));
#2425=DIRECTION('',(0.,0.,1.));
#2426=DIRECTION('',(1.,0.,0.));
#2427=DIRECTION('',(0.,0.,1.));
#2428=DIRECTION('',(1.,0.,0.));
#2429=DIRECTION('',(0.,0.,-1.));
#2430=DIRECTION('',(-1.,0.,0.));
#2431=DIRECTION('',(0.,0.,-1.));
#2432=DIRECTION('',(-1.,0.,0.));
#2433=DIRECTION('',(1.,0.,0.));
#2434=DIRECTION('',(0.,0.,-1.));
#2435=DIRECTION('',(-1.,0.,0.));
#2436=DIRECTION('',(0.,0.,1.));
#2437=DIRECTION('',(1.,0.,0.));
#2438=DIRECTION('',(0.,0.,-1.));
#2439=DIRECTION('',(0.,0.,1.));
#2440=DIRECTION('',(1.,0.,0.));
#2441=DIRECTION('',(0.,-1.,0.));
#2442=DIRECTION('',(0.,0.,-1.));
#2443=DIRECTION('',(0.,0.,1.));
#2444=DIRECTION('',(1.,0.,0.));
#2445=DIRECTION('',(0.,-1.,0.));
#2446=DIRECTION('',(0.,0.,-1.));
#2447=DIRECTION('',(1.15648231731787E-16,-1.,0.));
#2448=DIRECTION('',(1.,1.15648231731787E-16,0.));
#2449=DIRECTION('',(0.,-1.,0.));
#2450=DIRECTION('',(0.,0.,-1.));
#2451=DIRECTION('',(-1.15648231731787E-16,1.,0.));
#2452=DIRECTION('',(-1.,-1.15648231731787E-16,0.));
#2453=DIRECTION('',(0.,-1.,0.));
#2454=DIRECTION('',(0.,0.,-1.));
#2455=DIRECTION('',(0.,0.,1.));
#2456=DIRECTION('',(1.,0.,0.));
#2457=DIRECTION('',(0.648257336062358,-0.761421319796954,0.));
#2458=DIRECTION('',(0.761421319796954,0.648257336062358,0.));
#2459=DIRECTION('',(0.,0.,1.));
#2460=DIRECTION('',(1.,0.,0.));
#2461=DIRECTION('',(-0.648257336062357,-0.761421319796955,0.));
#2462=DIRECTION('',(0.761421319796955,-0.648257336062357,0.));
#2463=DIRECTION('',(0.,0.,1.));
#2464=DIRECTION('',(1.,0.,0.));
#2465=DIRECTION('',(0.,0.,1.));
#2466=DIRECTION('',(1.,0.,0.));
#2467=DIRECTION('',(0.0194203153575848,-0.999811407892214,0.));
#2468=DIRECTION('',(0.999811407892214,0.0194203153575848,0.));
#2469=DIRECTION('',(0.0194203153575795,-0.999811407892214,1.38751705665604E-14));
#2470=DIRECTION('',(0.999811407892215,0.0194203153575795,0.));
#2471=DIRECTION('',(0.0194203153575847,0.999811407892214,0.));
#2472=DIRECTION('',(-0.999811407892214,0.0194203153575847,0.));
#2473=DIRECTION('',(-0.0194203153575795,-0.999811407892214,0.));
#2474=DIRECTION('',(0.999811407892215,-0.0194203153575795,0.));
#2475=DIRECTION('',(0.999246271131301,0.0388186763065078,0.));
#2476=DIRECTION('',(-0.0388186763065078,0.999246271131301,0.));
#2477=DIRECTION('',(1.,-2.1350442781253E-16,0.));
#2478=DIRECTION('',(2.1350442781253E-16,1.,0.));
#2479=DIRECTION('',(1.,-2.1350442781253E-16,0.));
#2480=DIRECTION('',(2.1350442781253E-16,1.,0.));
#2481=DIRECTION('',(0.,0.,-1.));
#2482=DIRECTION('',(-1.,0.,0.));
#2483=DIRECTION('',(0.,0.,-1.));
#2484=DIRECTION('',(-1.,0.,0.));
#2485=DIRECTION('',(0.,0.,1.));
#2486=DIRECTION('',(1.,0.,0.));
#2487=DIRECTION('',(0.999246271131301,-0.0388186763065078,0.));
#2488=DIRECTION('',(-0.0388186763065078,-0.999246271131301,0.));
#2489=DIRECTION('',(-1.,0.,0.));
#2490=DIRECTION('',(0.,0.,1.));
#2491=DIRECTION('',(1.,-2.1350442781253E-16,0.));
#2492=DIRECTION('',(2.1350442781253E-16,1.,0.));
#2493=DIRECTION('',(0.,0.,1.));
#2494=DIRECTION('',(1.,0.,0.));
#2495=DIRECTION('',(0.,0.,1.));
#2496=DIRECTION('',(1.,0.,0.));
#2497=DIRECTION('',(-2.1350442781253E-16,-1.,0.));
#2498=DIRECTION('',(1.,-2.1350442781253E-16,0.));
#2499=DIRECTION('',(0.,-1.,0.));
#2500=DIRECTION('',(0.,0.,-1.));
#2501=DIRECTION('',(0.,1.,0.));
#2502=DIRECTION('',(0.,0.,1.));
#2503=DIRECTION('',(1.,0.,0.));
#2504=DIRECTION('',(0.,0.,-1.));
#2505=DIRECTION('',(1.,0.,0.));
#2506=DIRECTION('',(0.,0.,-1.));
#2507=DIRECTION('',(1.,-2.1350442781253E-16,0.));
#2508=DIRECTION('',(2.1350442781253E-16,1.,0.));
#2509=DIRECTION('',(0.,0.,-1.));
#2510=DIRECTION('',(-1.,0.,0.));
#2511=DIRECTION('',(1.,0.,0.));
#2512=DIRECTION('',(0.,0.,-1.));
#2513=DIRECTION('',(1.,0.,0.));
#2514=DIRECTION('',(0.,0.,-1.));
#2515=DIRECTION('',(0.,1.,0.));
#2516=DIRECTION('',(0.,0.,1.));
#2517=DIRECTION('',(0.,-1.,0.));
#2518=DIRECTION('',(0.,0.,-1.));
#2519=DIRECTION('',(-1.,0.,0.));
#2520=DIRECTION('',(0.,0.,1.));
#2521=DIRECTION('',(-1.,0.,0.));
#2522=DIRECTION('',(0.,0.,1.));
#2523=DIRECTION('',(0.,0.,-1.));
#2524=DIRECTION('',(-1.,0.,0.));
#2525=DIRECTION('',(0.,0.,1.));
#2526=DIRECTION('',(1.,0.,0.));
#2527=DIRECTION('',(1.,0.,0.));
#2528=DIRECTION('',(0.,0.,-1.));
#2529=DIRECTION('',(-1.,0.,0.));
#2530=DIRECTION('',(0.,0.,1.));
#2531=DIRECTION('',(0.,0.,1.));
#2532=DIRECTION('',(1.,0.,0.));
#2533=DIRECTION('',(0.,0.,1.));
#2534=DIRECTION('',(1.,0.,0.));
#2535=DIRECTION('',(0.,1.,0.));
#2536=DIRECTION('',(0.,0.,1.));
#2537=DIRECTION('',(0.,1.,0.));
#2538=DIRECTION('',(0.,0.,1.));
#2539=DIRECTION('',(-6.67201336914157E-17,0.,-1.));
#2540=DIRECTION('',(-1.,0.,6.67201336914157E-17));
#2541=DIRECTION('',(-0.707106781186548,0.,-0.707106781186548));
#2542=DIRECTION('',(0.707106781186548,0.,-0.707106781186548));
#2543=DIRECTION('',(0.,0.,1.));
#2544=DIRECTION('',(1.,0.,0.));
#2545=DIRECTION('',(0.,0.,1.));
#2546=DIRECTION('',(1.,0.,0.));
#2547=DIRECTION('',(2.1350442781253E-16,1.,0.));
#2548=DIRECTION('',(-1.,2.1350442781253E-16,0.));
#2549=DIRECTION('',(0.,-1.,0.));
#2550=DIRECTION('',(0.,0.,-1.));
#2551=DIRECTION('',(-1.,0.,-1.16760233959977E-16));
#2552=DIRECTION('',(-1.16760233959977E-16,0.,1.));
#2553=DIRECTION('',(-0.707106781186548,0.,0.707106781186548));
#2554=DIRECTION('',(0.707106781186548,0.,0.707106781186548));
#2555=DIRECTION('',(-1.,0.,0.));
#2556=DIRECTION('',(0.,0.,1.));
#2557=DIRECTION('',(-1.,0.,0.));
#2558=DIRECTION('',(0.,0.,1.));
#2559=DIRECTION('',(0.,0.,1.));
#2560=DIRECTION('',(1.,0.,0.));
#2561=DIRECTION('',(0.,0.,1.));
#2562=DIRECTION('',(1.,0.,0.));
#2563=DIRECTION('',(-1.,0.,0.));
#2564=DIRECTION('',(0.,0.,1.));
#2565=DIRECTION('',(1.,0.,0.));
#2566=DIRECTION('',(0.,0.,-1.));
#2567=DIRECTION('',(0.,-1.,0.));
#2568=DIRECTION('',(0.,0.,-1.));
#2569=DIRECTION('',(0.,-1.,0.));
#2570=DIRECTION('',(0.,0.,-1.));
#2571=DIRECTION('',(0.,1.,0.));
#2572=DIRECTION('',(0.,0.,1.));
#2573=DIRECTION('',(0.,0.,1.));
#2574=DIRECTION('',(1.,0.,0.));
#2575=CARTESIAN_POINT('',(0.,0.,0.));
#2576=CARTESIAN_POINT('',(3.46944695195361E-18,-0.0331877465253619,0.0325));
#2577=CARTESIAN_POINT('',(3.46944695195361E-18,-0.10615,0.0325));
#2578=CARTESIAN_POINT('',(-0.01515,-0.10615,0.0325));
#2579=CARTESIAN_POINT('',(-0.014,-0.10615,0.0325));
#2580=CARTESIAN_POINT('',(-0.014,-0.10565,0.0325));
#2581=CARTESIAN_POINT('',(-0.014,-0.10565,0.0325));
#2582=CARTESIAN_POINT('',(-1.04083408558608E-17,-0.10565,0.0325));
#2583=CARTESIAN_POINT('',(-0.01465,-0.10565,0.0325));
#2584=CARTESIAN_POINT('',(-0.01465,-0.098275,0.0325));
#2585=CARTESIAN_POINT('',(-0.01465,-0.07615,0.0325));
#2586=CARTESIAN_POINT('',(-8.67361737988404E-18,-0.07615,0.0325));
#2587=CARTESIAN_POINT('',(0.01465,-0.07615,0.0325));
#2588=CARTESIAN_POINT('',(0.01465,-0.083525,0.0325));
#2589=CARTESIAN_POINT('',(0.01465,-0.10565,0.0325));
#2590=CARTESIAN_POINT('',(-1.04083408558608E-17,-0.10565,0.0325));
#2591=CARTESIAN_POINT('',(0.014,-0.10565,0.0325));
#2592=CARTESIAN_POINT('',(0.014,-0.10715,0.0325));
#2593=CARTESIAN_POINT('',(0.014,-0.10615,0.0325));
#2594=CARTESIAN_POINT('',(3.46944695195361E-18,-0.10615,0.0325));
#2595=CARTESIAN_POINT('',(0.01515,-0.10615,0.0325));
#2596=CARTESIAN_POINT('',(0.01515,-0.0331877465253619,0.0325));
#2597=CARTESIAN_POINT('',(0.01515,-0.07565,0.0325));
#2598=CARTESIAN_POINT('',(-0.01615,-0.07565,0.0325));
#2599=CARTESIAN_POINT('',(-0.01515,-0.07565,0.0325));
#2600=CARTESIAN_POINT('',(-0.01515,-0.10715,0.0325));
#2601=CARTESIAN_POINT('',(-1.04083408558608E-17,-0.10565,0.0325));
#2602=CARTESIAN_POINT('',(-0.014,-0.10565,0.0315));
#2603=CARTESIAN_POINT('',(-0.013,-0.10565,0.0315));
#2604=CARTESIAN_POINT('',(-0.013,-0.10565,0.030875));
#2605=CARTESIAN_POINT('',(-0.013,-0.10565,0.00325));
#2606=CARTESIAN_POINT('',(0.,-0.10565,0.00325));
#2607=CARTESIAN_POINT('',(0.013,-0.10565,0.00325));
#2608=CARTESIAN_POINT('',(0.013,-0.10565,0.01625));
#2609=CARTESIAN_POINT('',(0.013,-0.10565,0.0315));
#2610=CARTESIAN_POINT('',(0.014,-0.10565,0.0315));
#2611=CARTESIAN_POINT('',(0.01465,-0.10565,0.0325));
#2612=CARTESIAN_POINT('',(0.01465,-0.10565,0.0015));
#2613=CARTESIAN_POINT('',(-1.04083408558608E-17,-0.10565,0.0015));
#2614=CARTESIAN_POINT('',(-0.01465,-0.10565,0.0015));
#2615=CARTESIAN_POINT('',(-0.01465,-0.10565,0.0325));
#2616=CARTESIAN_POINT('',(0.,0.0012,0.0022));
#2617=CARTESIAN_POINT('',(-0.0025,-0.0307745069492762,0.0022));
#2618=CARTESIAN_POINT('',(-0.0025,-0.0332745069492762,0.0022));
#2619=CARTESIAN_POINT('',(-0.0025,-0.0379515536956754,0.0022));
#2620=CARTESIAN_POINT('',(4.33680868994202E-19,-0.0332745069492762,0.0022));
#2621=CARTESIAN_POINT('',(0.0025,-0.0332745069492762,0.0022));
#2622=CARTESIAN_POINT('',(0.0025,-0.0210974602028769,0.0022));
#2623=CARTESIAN_POINT('',(0.0025,-0.0379515536956754,0.0022));
#2624=CARTESIAN_POINT('',(1.0842021724855E-18,-0.0307745069492762,0.0022));
#2625=CARTESIAN_POINT('',(0.,0.0012,0.0022));
#2626=CARTESIAN_POINT('',(-0.0025,0.0307745069492762,0.0022));
#2627=CARTESIAN_POINT('',(-0.0025,0.0235974602028769,0.0022));
#2628=CARTESIAN_POINT('',(-0.0025,0.0282745069492761,0.0022));
#2629=CARTESIAN_POINT('',(-8.67361737988404E-19,0.0282745069492761,0.0022));
#2630=CARTESIAN_POINT('',(0.0025,0.0282745069492761,0.0022));
#2631=CARTESIAN_POINT('',(0.0025,0.0307745069492762,0.0022));
#2632=CARTESIAN_POINT('',(0.0025,0.0235974602028769,0.0022));
#2633=CARTESIAN_POINT('',(2.5828077977045E-19,0.0307745069492762,0.0022));
#2634=CARTESIAN_POINT('',(0.,0.0307745069492762,0.015));
#2635=CARTESIAN_POINT('',(0.,0.0307745069492762,0.015));
#2636=CARTESIAN_POINT('',(0.0025,0.0307745069492762,0.015));
#2637=CARTESIAN_POINT('',(0.,0.0307745069492762,0.0024));
#2638=CARTESIAN_POINT('',(0.,0.0282745069492761,0.0024));
#2639=CARTESIAN_POINT('',(-0.0025,0.0307745069492762,0.0024));
#2640=CARTESIAN_POINT('',(0.,0.0307745069492762,0.0024));
#2641=CARTESIAN_POINT('',(0.,0.0332745069492762,0.0024));
#2642=CARTESIAN_POINT('',(0.,0.0307745069492762,0.0024));
#2643=CARTESIAN_POINT('',(0.0025,0.0307745069492762,0.0024));
#2644=CARTESIAN_POINT('',(0.,0.0307745069492762,0.0024));
#2645=CARTESIAN_POINT('',(0.,-0.0307745069492762,0.015));
#2646=CARTESIAN_POINT('',(0.,-0.0307745069492762,0.015));
#2647=CARTESIAN_POINT('',(0.0025,-0.0307745069492762,0.015));
#2648=CARTESIAN_POINT('',(0.,-0.0307745069492762,0.0024));
#2649=CARTESIAN_POINT('',(-0.0025,-0.0307745069492762,0.0024));
#2650=CARTESIAN_POINT('',(0.,-0.0332745069492762,0.0024));
#2651=CARTESIAN_POINT('',(0.,-0.0307745069492762,0.0024));
#2652=CARTESIAN_POINT('',(0.,-0.0282745069492761,0.0024));
#2653=CARTESIAN_POINT('',(0.,-0.0307745069492762,0.0024));
#2654=CARTESIAN_POINT('',(0.0025,-0.0307745069492762,0.0024));
#2655=CARTESIAN_POINT('',(0.,-0.0307745069492762,0.0024));
#2656=CARTESIAN_POINT('',(0.00625,0.0407745069492762,0.015));
#2657=CARTESIAN_POINT('',(-0.005,0.0407745069492762,0.015));
#2658=CARTESIAN_POINT('',(-0.005,0.0407745069492762,0.));
#2659=CARTESIAN_POINT('',(-0.005,0.0407745069492762,0.014));
#2660=CARTESIAN_POINT('',(0.00625,0.0407745069492762,0.014));
#2661=CARTESIAN_POINT('',(0.005,0.0407745069492762,0.014));
#2662=CARTESIAN_POINT('',(0.005,0.0407745069492762,0.015));
#2663=CARTESIAN_POINT('',(0.005,0.0407745069492762,0.));
#2664=CARTESIAN_POINT('',(0.00625,0.0407745069492762,0.));
#2665=CARTESIAN_POINT('',(0.0045,0.0407745069492762,0.));
#2666=CARTESIAN_POINT('',(0.0045,0.0407745069492762,0.015));
#2667=CARTESIAN_POINT('',(0.0045,0.0407745069492762,0.0022));
#2668=CARTESIAN_POINT('',(-4.33680868994202E-19,0.0407745069492762,0.0022));
#2669=CARTESIAN_POINT('',(-0.0045,0.0407745069492762,0.0022));
#2670=CARTESIAN_POINT('',(-0.0045,0.0407745069492762,0.015));
#2671=CARTESIAN_POINT('',(-0.0045,0.0407745069492762,0.));
#2672=CARTESIAN_POINT('',(0.00625,0.0407745069492762,0.));
#2673=CARTESIAN_POINT('',(3.46944695195361E-18,-0.0331877465253619,0.002));
#2674=CARTESIAN_POINT('',(4.9477084935861E-18,-0.0307745069492762,0.002));
#2675=CARTESIAN_POINT('',(0.0025,-0.0235974602028769,0.002));
#2676=CARTESIAN_POINT('',(0.0025,-0.0379515536956754,0.002));
#2677=CARTESIAN_POINT('',(0.0025,-0.0210974602028769,0.002));
#2678=CARTESIAN_POINT('',(3.46944695195361E-18,-0.0331877465253619,0.002));
#2679=CARTESIAN_POINT('',(2.5828077977045E-19,0.0307745069492762,0.002));
#2680=CARTESIAN_POINT('',(0.0025,0.0235974602028769,0.002));
#2681=CARTESIAN_POINT('',(0.0025,0.0379515536956754,0.002));
#2682=CARTESIAN_POINT('',(0.0025,0.0307745069492762,0.002));
#2683=CARTESIAN_POINT('',(0.01615,-0.0909,0.0325));
#2684=CARTESIAN_POINT('',(0.01615,-0.07465,0.015));
#2685=CARTESIAN_POINT('',(0.01615,-0.07465,0.0142679491924311));
#2686=CARTESIAN_POINT('',(0.01615,-0.07465,0.));
#2687=CARTESIAN_POINT('',(0.01615,-0.07365,0.016));
#2688=CARTESIAN_POINT('',(0.01615,-0.07565,0.016));
#2689=CARTESIAN_POINT('',(0.01615,-0.07565,0.0325));
#2690=CARTESIAN_POINT('',(0.01615,-0.07565,0.0315));
#2691=CARTESIAN_POINT('',(0.01615,-0.0909,0.0315));
#2692=CARTESIAN_POINT('',(0.01615,-0.10615,0.0315));
#2693=CARTESIAN_POINT('',(0.01615,-0.10615,0.0325));
#2694=CARTESIAN_POINT('',(0.01615,-0.10615,0.));
#2695=CARTESIAN_POINT('',(0.01615,-0.0909,0.));
#2696=CARTESIAN_POINT('',(0.,-0.07465,0.0325));
#2697=CARTESIAN_POINT('',(0.,-0.07465,0.016));
#2698=CARTESIAN_POINT('',(0.01515,-0.07465,0.016));
#2699=CARTESIAN_POINT('',(-0.01515,-0.07465,0.016));
#2700=CARTESIAN_POINT('',(-0.01515,-0.07465,0.0325));
#2701=CARTESIAN_POINT('',(-0.01515,-0.07465,0.0315));
#2702=CARTESIAN_POINT('',(0.01615,-0.07465,0.0315));
#2703=CARTESIAN_POINT('',(0.01515,-0.07465,0.0315));
#2704=CARTESIAN_POINT('',(0.01515,-0.07465,0.015));
#2705=CARTESIAN_POINT('',(-0.01615,-0.0909,0.0325));
#2706=CARTESIAN_POINT('',(-0.01615,-0.07565,0.0325));
#2707=CARTESIAN_POINT('',(-0.01615,-0.07565,0.0315));
#2708=CARTESIAN_POINT('',(-0.01615,-0.07565,0.016));
#2709=CARTESIAN_POINT('',(-0.01615,-0.07365,0.016));
#2710=CARTESIAN_POINT('',(-0.01615,-0.07465,0.0142679491924311));
#2711=CARTESIAN_POINT('',(-0.01615,-0.07465,0.015));
#2712=CARTESIAN_POINT('',(-0.01615,-0.07465,0.));
#2713=CARTESIAN_POINT('',(-0.01615,-0.0909,0.));
#2714=CARTESIAN_POINT('',(-0.01615,-0.10615,0.));
#2715=CARTESIAN_POINT('',(-0.01615,-0.10615,0.0325));
#2716=CARTESIAN_POINT('',(-0.01615,-0.10615,0.0315));
#2717=CARTESIAN_POINT('',(-0.01615,-0.07465,0.0315));
#2718=CARTESIAN_POINT('',(0.01465,-0.083525,0.0325));
#2719=CARTESIAN_POINT('',(0.01465,-0.083525,0.0015));
#2720=CARTESIAN_POINT('',(0.01465,-0.0909,0.0015));
#2721=CARTESIAN_POINT('',(0.01465,-0.07615,0.0015));
#2722=CARTESIAN_POINT('',(0.01465,-0.098275,0.0015));
#2723=CARTESIAN_POINT('',(0.01465,-0.07615,0.0325));
#2724=CARTESIAN_POINT('',(-0.01465,-0.098275,0.0325));
#2725=CARTESIAN_POINT('',(-0.01465,-0.098275,0.0015));
#2726=CARTESIAN_POINT('',(-0.01465,-0.0909,0.0015));
#2727=CARTESIAN_POINT('',(-0.01465,-0.083525,0.0015));
#2728=CARTESIAN_POINT('',(-0.01465,-0.07615,0.0015));
#2729=CARTESIAN_POINT('',(-0.01465,-0.07615,0.0325));
#2730=CARTESIAN_POINT('',(-8.67361737988404E-18,-0.07615,0.0325));
#2731=CARTESIAN_POINT('',(-8.67361737988404E-18,-0.07615,0.0015));
#2732=CARTESIAN_POINT('',(-3.46944695195361E-18,-0.10715,0.0325));
#2733=CARTESIAN_POINT('',(-3.46944695195361E-18,-0.10715,0.0315));
#2734=CARTESIAN_POINT('',(-0.014,-0.10715,0.0315));
#2735=CARTESIAN_POINT('',(-0.01515,-0.10715,0.0315));
#2736=CARTESIAN_POINT('',(-0.01515,-0.10715,0.));
#2737=CARTESIAN_POINT('',(-0.01515,-0.10715,0.));
#2738=CARTESIAN_POINT('',(-3.46944695195361E-18,-0.10715,0.));
#2739=CARTESIAN_POINT('',(0.01515,-0.10715,0.));
#2740=CARTESIAN_POINT('',(0.01515,-0.10715,0.0325));
#2741=CARTESIAN_POINT('',(0.01515,-0.10715,0.0315));
#2742=CARTESIAN_POINT('',(-3.46944695195361E-18,-0.10715,0.0315));
#2743=CARTESIAN_POINT('',(0.014,-0.10715,0.0315));
#2744=CARTESIAN_POINT('',(0.014,-0.10715,0.00325));
#2745=CARTESIAN_POINT('',(0.014,-0.10715,0.00225));
#2746=CARTESIAN_POINT('',(6.25501253357025E-20,-0.10715,0.00225));
#2747=CARTESIAN_POINT('',(-0.014,-0.10715,0.00225));
#2748=CARTESIAN_POINT('',(-0.014,-0.10715,0.0325));
#2749=CARTESIAN_POINT('',(3.46944695195361E-18,-0.0331877465253619,0.));
#2750=CARTESIAN_POINT('',(0.,-0.0909,0.));
#2751=CARTESIAN_POINT('',(0.01565,-0.0909,0.));
#2752=CARTESIAN_POINT('',(-0.0025,-0.0210974602028769,0.));
#2753=CARTESIAN_POINT('',(-0.0025,-0.0185974602028769,0.));
#2754=CARTESIAN_POINT('',(-0.0025,-0.0235974602028769,0.));
#2755=CARTESIAN_POINT('',(4.9477084935861E-18,-0.0307745069492762,0.));
#2756=CARTESIAN_POINT('',(0.0025,-0.0235974602028769,0.));
#2757=CARTESIAN_POINT('',(0.0025,-0.0210974602028769,0.));
#2758=CARTESIAN_POINT('',(0.0025,-0.0185974602028769,0.));
#2759=CARTESIAN_POINT('',(0.,-0.0185974602028769,0.));
#2760=CARTESIAN_POINT('',(-0.01515,-0.10615,0.));
#2761=CARTESIAN_POINT('',(-0.015425,-0.037325,0.));
#2762=CARTESIAN_POINT('',(-0.0147,1.51946792645053E-16,0.));
#2763=CARTESIAN_POINT('',(1.04083408558608E-17,-8.5273786552117E-19,0.));
#2764=CARTESIAN_POINT('',(-0.0111928934010152,0.00952938284011666,0.));
#2765=CARTESIAN_POINT('',(-0.015,0.0127706695204284,0.));
#2766=CARTESIAN_POINT('',(-0.01,0.0127706695204284,0.));
#2767=CARTESIAN_POINT('',(-0.01,0.0257745069492761,0.));
#2768=CARTESIAN_POINT('',(-0.01,0.0357745069492762,0.));
#2769=CARTESIAN_POINT('',(-0.005,0.0357745069492762,0.));
#2770=CARTESIAN_POINT('',(-0.0045,0.0387745069492762,0.));
#2771=CARTESIAN_POINT('',(-0.0025,0.0387745069492762,0.));
#2772=CARTESIAN_POINT('',(-0.0025,0.0393630303224758,0.));
#2773=CARTESIAN_POINT('',(-0.0025,0.0379515536956754,0.));
#2774=CARTESIAN_POINT('',(2.5828077977045E-19,0.0307745069492762,0.));
#2775=CARTESIAN_POINT('',(0.0025,0.0379515536956754,0.));
#2776=CARTESIAN_POINT('',(0.0025,0.0393630303224758,0.));
#2777=CARTESIAN_POINT('',(0.0025,0.0387745069492762,0.));
#2778=CARTESIAN_POINT('',(0.0045,0.0387745069492762,0.));
#2779=CARTESIAN_POINT('',(0.005,0.0357745069492762,0.));
#2780=CARTESIAN_POINT('',(0.01,0.0357745069492762,0.));
#2781=CARTESIAN_POINT('',(0.01,0.0257745069492761,0.));
#2782=CARTESIAN_POINT('',(0.01,0.0127706695204284,0.));
#2783=CARTESIAN_POINT('',(0.015,0.0127706695204284,0.));
#2784=CARTESIAN_POINT('',(0.0111928934010152,0.00952938284011665,0.));
#2785=CARTESIAN_POINT('',(6.07153216591882E-18,8.67361737988404E-19,0.));
#2786=CARTESIAN_POINT('',(0.0147,0.,0.));
#2787=CARTESIAN_POINT('',(0.015425,-0.037325,0.));
#2788=CARTESIAN_POINT('',(0.01515,-0.10615,0.));
#2789=CARTESIAN_POINT('',(0.,8.67361737988404E-19,0.));
#2790=CARTESIAN_POINT('',(-0.00802879301041994,-0.010096954134581,0.));
#2791=CARTESIAN_POINT('',(0.00802879301041993,-0.010096954134581,0.));
#2792=CARTESIAN_POINT('',(0.00802879301041993,-0.00811086804606046,0.));
#2793=CARTESIAN_POINT('',(0.00802879301041993,-0.00629114320261684,0.));
#2794=CARTESIAN_POINT('',(2.60208521396521E-18,-4.33680868994202E-19,0.));
#2795=CARTESIAN_POINT('',(0.00802879301041994,0.00629114320261683,0.));
#2796=CARTESIAN_POINT('',(0.00802879301041994,0.00811086804606045,0.));
#2797=CARTESIAN_POINT('',(0.00802879301041994,0.010096954134581,0.));
#2798=CARTESIAN_POINT('',(-1.7347234759768E-18,1.7347234759768E-18,0.));
#2799=CARTESIAN_POINT('',(-0.00802879301041993,0.010096954134581,0.));
#2800=CARTESIAN_POINT('',(-0.00802879301041993,0.00811086804606046,0.));
#2801=CARTESIAN_POINT('',(-0.00802879301041993,0.00629114320261684,0.));
#2802=CARTESIAN_POINT('',(0.,1.7347234759768E-18,0.));
#2803=CARTESIAN_POINT('',(-0.00802879301041994,-0.00629114320261683,0.));
#2804=CARTESIAN_POINT('',(-0.00802879301041994,-0.00811086804606045,0.));
#2805=CARTESIAN_POINT('',(0.,-0.0909,0.0015));
#2806=CARTESIAN_POINT('',(0.,-0.0909,0.001));
#2807=CARTESIAN_POINT('',(0.01465,-0.0909,0.001));
#2808=CARTESIAN_POINT('',(0.,-0.0909,0.0015));
#2809=CARTESIAN_POINT('',(0.,-0.0909,0.0015));
#2810=CARTESIAN_POINT('',(3.46944695195361E-18,-0.0331877465253619,0.0015));
#2811=CARTESIAN_POINT('',(3.46944695195361E-18,-0.0331877465253619,0.0015));
#2812=CARTESIAN_POINT('',(0.,8.67361737988404E-19,0.015));
#2813=CARTESIAN_POINT('',(-0.00802879301041994,-0.010096954134581,0.015));
#2814=CARTESIAN_POINT('',(-0.00802879301041994,-0.010096954134581,0.015));
#2815=CARTESIAN_POINT('',(0.,8.67361737988404E-19,0.015));
#2816=CARTESIAN_POINT('',(0.00802879301041993,-0.010096954134581,0.015));
#2817=CARTESIAN_POINT('',(0.00802879301041993,-0.010096954134581,0.015));
#2818=CARTESIAN_POINT('',(-0.00802879301041994,-0.00811086804606045,0.015));
#2819=CARTESIAN_POINT('',(-0.00802879301041994,-0.00629114320261683,0.015));
#2820=CARTESIAN_POINT('',(-0.00802879301041994,-0.00629114320261683,0.015));
#2821=CARTESIAN_POINT('',(-0.00802879301041994,-0.00811086804606045,0.015));
#2822=CARTESIAN_POINT('',(0.,1.7347234759768E-18,0.015));
#2823=CARTESIAN_POINT('',(-0.00802879301041993,0.00629114320261684,0.015));
#2824=CARTESIAN_POINT('',(-0.00802879301041993,0.00629114320261684,0.015));
#2825=CARTESIAN_POINT('',(0.,1.7347234759768E-18,0.015));
#2826=CARTESIAN_POINT('',(-0.00802879301041993,0.00811086804606046,0.015));
#2827=CARTESIAN_POINT('',(-0.00802879301041993,0.010096954134581,0.015));
#2828=CARTESIAN_POINT('',(-0.00802879301041993,0.010096954134581,0.015));
#2829=CARTESIAN_POINT('',(-0.00802879301041993,0.00811086804606046,0.015));
#2830=CARTESIAN_POINT('',(-1.7347234759768E-18,1.7347234759768E-18,0.015));
#2831=CARTESIAN_POINT('',(0.00802879301041994,0.010096954134581,0.015));
#2832=CARTESIAN_POINT('',(0.00802879301041994,0.010096954134581,0.015));
#2833=CARTESIAN_POINT('',(-1.7347234759768E-18,1.7347234759768E-18,0.015));
#2834=CARTESIAN_POINT('',(0.00802879301041994,0.00811086804606045,0.015));
#2835=CARTESIAN_POINT('',(0.00802879301041994,0.00629114320261683,0.015));
#2836=CARTESIAN_POINT('',(0.00802879301041994,0.00629114320261683,0.015));
#2837=CARTESIAN_POINT('',(0.00802879301041994,0.00811086804606045,0.015));
#2838=CARTESIAN_POINT('',(2.60208521396521E-18,-4.33680868994202E-19,0.015));
#2839=CARTESIAN_POINT('',(0.00802879301041993,-0.00629114320261684,0.015));
#2840=CARTESIAN_POINT('',(0.00802879301041993,-0.00629114320261684,0.015));
#2841=CARTESIAN_POINT('',(2.60208521396521E-18,-4.33680868994202E-19,0.015));
#2842=CARTESIAN_POINT('',(0.015425,-0.037325,0.015));
#2843=CARTESIAN_POINT('',(0.0147,0.,0.015));
#2844=CARTESIAN_POINT('',(0.0147,0.,0.014));
#2845=CARTESIAN_POINT('',(0.01615,-0.07465,0.014));
#2846=CARTESIAN_POINT('',(0.0161301988016441,-0.0736305796846425,0.014));
#2847=CARTESIAN_POINT('',(0.0161301988016441,-0.0736305796846424,0.016));
#2848=CARTESIAN_POINT('',(0.016149951935239,-0.0746475254935083,0.0142778440193089));
#2849=CARTESIAN_POINT('',(0.016149951935239,-0.0746475254935083,0.0142778440193089));
#2850=CARTESIAN_POINT('',(0.0161499859943827,-0.0746492789521846,0.0142748453475412));
#2851=CARTESIAN_POINT('',(0.01615,-0.07465,0.0142714133466336));
#2852=CARTESIAN_POINT('',(0.01615,-0.07465,0.0142679491924312));
#2853=CARTESIAN_POINT('',(6.07153216591882E-18,8.67361737988404E-19,0.015));
#2854=CARTESIAN_POINT('',(0.0111928934010152,0.00952938284011666,0.015));
#2855=CARTESIAN_POINT('',(0.0111928934010152,0.00952938284011666,0.014));
#2856=CARTESIAN_POINT('',(6.07153216591882E-18,8.67361737988404E-19,0.014));
#2857=CARTESIAN_POINT('',(0.01,0.0257745069492761,0.015));
#2858=CARTESIAN_POINT('',(0.01,0.0357745069492762,0.015));
#2859=CARTESIAN_POINT('',(0.01,0.0357745069492762,0.014));
#2860=CARTESIAN_POINT('',(0.01,0.0257745069492761,0.014));
#2861=CARTESIAN_POINT('',(0.01,0.0127706695204284,0.014));
#2862=CARTESIAN_POINT('',(0.01,0.0127706695204284,0.015));
#2863=CARTESIAN_POINT('',(-0.01,0.0257745069492761,0.015));
#2864=CARTESIAN_POINT('',(-0.01,0.0127706695204284,0.015));
#2865=CARTESIAN_POINT('',(-0.01,0.0127706695204284,0.014));
#2866=CARTESIAN_POINT('',(-0.01,0.0357745069492762,0.014));
#2867=CARTESIAN_POINT('',(-0.01,0.0357745069492762,0.014));
#2868=CARTESIAN_POINT('',(-0.01,0.0357745069492762,0.));
#2869=CARTESIAN_POINT('',(1.04083408558608E-17,-8.5273786552117E-19,0.015));
#2870=CARTESIAN_POINT('',(-0.0147,1.51946792645053E-16,0.015));
#2871=CARTESIAN_POINT('',(-0.0147,1.51946792645053E-16,0.014));
#2872=CARTESIAN_POINT('',(1.04083408558608E-17,-8.5273786552117E-19,0.014));
#2873=CARTESIAN_POINT('',(-0.0111928934010152,0.00952938284011666,0.014));
#2874=CARTESIAN_POINT('',(-0.0111928934010152,0.00952938284011666,0.015));
#2875=CARTESIAN_POINT('',(0.00802879301041993,-0.00811086804606046,0.015));
#2876=CARTESIAN_POINT('',(0.00802879301041993,-0.00811086804606046,0.015));
#2877=CARTESIAN_POINT('',(-0.015425,-0.037325,0.015));
#2878=CARTESIAN_POINT('',(-0.0161301988016441,-0.0736305796846424,0.016));
#2879=CARTESIAN_POINT('',(-0.016149951935239,-0.074647525493508,0.0142778440193087));
#2880=CARTESIAN_POINT('',(-0.0161301988016441,-0.0736305796846424,0.014));
#2881=CARTESIAN_POINT('',(-0.015425,-0.037325,0.014));
#2882=CARTESIAN_POINT('',(-0.01615,-0.07465,0.0142679491924311));
#2883=CARTESIAN_POINT('',(-0.01615,-0.07465,0.0142714056389058));
#2884=CARTESIAN_POINT('',(-0.0161499859342655,-0.0746492758571858,0.0142748506402001));
#2885=CARTESIAN_POINT('',(-0.0161499519352365,-0.074647525493383,0.0142778440192684));
#2886=CARTESIAN_POINT('',(3.46944695195361E-18,-0.0331877465253619,0.015));
#2887=CARTESIAN_POINT('',(6.07153216591882E-18,8.67361737988404E-19,0.015));
#2888=CARTESIAN_POINT('',(0.0136999966783622,-9.5400663164745E-6,0.015));
#2889=CARTESIAN_POINT('',(0.0104314720812183,0.0088811255040543,0.015));
#2890=CARTESIAN_POINT('',(0.015,0.0127706695204284,0.015));
#2891=CARTESIAN_POINT('',(0.009,0.0127706695204284,0.015));
#2892=CARTESIAN_POINT('',(0.009,-0.0331877465253619,0.015));
#2893=CARTESIAN_POINT('',(0.009,0.0357745069492762,0.015));
#2894=CARTESIAN_POINT('',(0.005,0.0357745069492762,0.015));
#2895=CARTESIAN_POINT('',(0.005,0.0397745069492762,0.015));
#2896=CARTESIAN_POINT('',(3.46944695195361E-18,0.0397745069492762,0.015));
#2897=CARTESIAN_POINT('',(-0.005,0.0397745069492762,0.015));
#2898=CARTESIAN_POINT('',(-0.005,0.0357745069492762,0.015));
#2899=CARTESIAN_POINT('',(-0.009,0.0357745069492762,0.015));
#2900=CARTESIAN_POINT('',(-0.009,0.0127706695204284,0.015));
#2901=CARTESIAN_POINT('',(-0.009,0.0127706695204284,0.015));
#2902=CARTESIAN_POINT('',(-0.015,0.0127706695204284,0.015));
#2903=CARTESIAN_POINT('',(-0.0104314720812183,0.0088811255040543,0.015));
#2904=CARTESIAN_POINT('',(1.04083408558608E-17,-8.5273786552117E-19,0.015));
#2905=CARTESIAN_POINT('',(-0.0136999966783622,-9.54006631638639E-6,0.015));
#2906=CARTESIAN_POINT('',(-0.0143390394597778,-0.0329092253302289,0.015));
#2907=CARTESIAN_POINT('',(-0.0151303873937518,-0.07365,0.015));
#2908=CARTESIAN_POINT('',(3.46944695195361E-18,-0.07365,0.015));
#2909=CARTESIAN_POINT('',(0.0151303873937518,-0.07365,0.015));
#2910=CARTESIAN_POINT('',(0.0137001885921078,-1.94203153575795E-5,0.015));
#2911=CARTESIAN_POINT('',(4.9477084935861E-18,-0.0307745069492762,0.002));
#2912=CARTESIAN_POINT('',(-0.0025,-0.0235974602028769,0.002));
#2913=CARTESIAN_POINT('',(-0.0025,-0.0235974602028769,0.002));
#2914=CARTESIAN_POINT('',(4.9477084935861E-18,-0.0307745069492762,0.002));
#2915=CARTESIAN_POINT('',(-0.0025,-0.0379515536956754,0.002));
#2916=CARTESIAN_POINT('',(-0.0025,-0.0379515536956754,0.0022));
#2917=CARTESIAN_POINT('',(0.0025,-0.0379515536956754,0.0022));
#2918=CARTESIAN_POINT('',(0.0025,-0.0235974602028769,0.002));
#2919=CARTESIAN_POINT('',(0.0025,-0.0210974602028769,0.002));
#2920=CARTESIAN_POINT('',(0.0025,-0.0332745069492762,0.0024));
#2921=CARTESIAN_POINT('',(0.0025,-0.0332745069492762,0.0024));
#2922=CARTESIAN_POINT('',(0.0025,-0.0307745069492762,0.0024));
#2923=CARTESIAN_POINT('',(0.0025,-0.0307745069492762,0.0024));
#2924=CARTESIAN_POINT('',(0.0025,-0.0282745069492761,0.0024));
#2925=CARTESIAN_POINT('',(0.0025,-0.0282745069492761,0.0024));
#2926=CARTESIAN_POINT('',(0.0025,-0.0282745069492761,0.0022));
#2927=CARTESIAN_POINT('',(0.0025,-0.0210974602028769,0.0022));
#2928=CARTESIAN_POINT('',(0.0025,-0.0185974602028769,0.0022));
#2929=CARTESIAN_POINT('',(0.0025,-0.0185974602028769,0.002));
#2930=CARTESIAN_POINT('',(0.,-0.0185974602028769,0.002));
#2931=CARTESIAN_POINT('',(0.,-0.0185974602028769,0.0022));
#2932=CARTESIAN_POINT('',(-0.0025,-0.0185974602028769,0.0022));
#2933=CARTESIAN_POINT('',(-0.0025,-0.0185974602028769,0.002));
#2934=CARTESIAN_POINT('',(-0.0025,-0.0210974602028769,0.002));
#2935=CARTESIAN_POINT('',(-0.0025,-0.0307745069492762,0.0022));
#2936=CARTESIAN_POINT('',(-0.0025,-0.0282745069492761,0.0022));
#2937=CARTESIAN_POINT('',(-0.0025,-0.0282745069492761,0.0024));
#2938=CARTESIAN_POINT('',(-0.0025,-0.0282745069492761,0.0024));
#2939=CARTESIAN_POINT('',(-0.0025,-0.0307745069492762,0.0024));
#2940=CARTESIAN_POINT('',(-0.0025,-0.0307745069492762,0.0024));
#2941=CARTESIAN_POINT('',(-0.0025,-0.0332745069492762,0.0024));
#2942=CARTESIAN_POINT('',(-0.0025,-0.0332745069492762,0.0024));
#2943=CARTESIAN_POINT('',(-0.0025,-0.0307745069492762,0.002));
#2944=CARTESIAN_POINT('',(3.46944695195361E-18,-0.0331877465253619,0.002));
#2945=CARTESIAN_POINT('',(-0.0025,0.0393630303224758,0.002));
#2946=CARTESIAN_POINT('',(-0.0025,0.0387745069492762,0.002));
#2947=CARTESIAN_POINT('',(-0.0025,0.0387745069492762,0.0022));
#2948=CARTESIAN_POINT('',(-0.0025,0.0307745069492762,0.0022));
#2949=CARTESIAN_POINT('',(-0.0025,0.0332745069492762,0.0022));
#2950=CARTESIAN_POINT('',(-0.0025,0.0332745069492762,0.0024));
#2951=CARTESIAN_POINT('',(-0.0025,0.0332745069492762,0.0024));
#2952=CARTESIAN_POINT('',(-0.0025,0.0307745069492762,0.0024));
#2953=CARTESIAN_POINT('',(-0.0025,0.0307745069492762,0.0024));
#2954=CARTESIAN_POINT('',(-0.0025,0.0282745069492761,0.0024));
#2955=CARTESIAN_POINT('',(-0.0025,0.0282745069492761,0.0024));
#2956=CARTESIAN_POINT('',(-0.0025,0.0235974602028769,0.0022));
#2957=CARTESIAN_POINT('',(-0.0025,0.0235974602028769,0.002));
#2958=CARTESIAN_POINT('',(-0.0025,0.0307745069492762,0.002));
#2959=CARTESIAN_POINT('',(-0.0025,0.0379515536956754,0.002));
#2960=CARTESIAN_POINT('',(-0.0025,0.0379515536956754,0.002));
#2961=CARTESIAN_POINT('',(2.5828077977045E-19,0.0307745069492762,0.002));
#2962=CARTESIAN_POINT('',(2.5828077977045E-19,0.0307745069492762,0.002));
#2963=CARTESIAN_POINT('',(0.0025,0.0235974602028769,0.0022));
#2964=CARTESIAN_POINT('',(0.0025,0.0379515536956754,0.002));
#2965=CARTESIAN_POINT('',(0.0025,0.0393630303224758,0.002));
#2966=CARTESIAN_POINT('',(0.0025,0.0307745069492762,0.0022));
#2967=CARTESIAN_POINT('',(0.0025,0.0332745069492762,0.0022));
#2968=CARTESIAN_POINT('',(0.0025,0.0387745069492762,0.0022));
#2969=CARTESIAN_POINT('',(0.0025,0.0387745069492762,0.002));
#2970=CARTESIAN_POINT('',(0.0025,0.0282745069492761,0.0024));
#2971=CARTESIAN_POINT('',(0.0025,0.0282745069492761,0.0024));
#2972=CARTESIAN_POINT('',(0.0025,0.0307745069492762,0.0024));
#2973=CARTESIAN_POINT('',(0.0025,0.0307745069492762,0.0024));
#2974=CARTESIAN_POINT('',(0.0025,0.0332745069492762,0.0024));
#2975=CARTESIAN_POINT('',(0.0025,0.0332745069492762,0.0024));
#2976=CARTESIAN_POINT('',(3.46944695195361E-18,-0.0331877465253619,0.002));
#2977=CARTESIAN_POINT('',(0.,0.0012,0.0022));
#2978=CARTESIAN_POINT('',(-8.67361737988404E-19,-0.0282745069492761,0.0022));
#2979=CARTESIAN_POINT('',(0.,0.0012,0.0022));
#2980=CARTESIAN_POINT('',(4.33680868994202E-19,0.0332745069492762,0.0022));
#2981=CARTESIAN_POINT('',(-0.0045,0.0387745069492762,0.0022));
#2982=CARTESIAN_POINT('',(0.0045,0.0387745069492762,0.0022));
#2983=CARTESIAN_POINT('',(-8.67361737988404E-19,-0.0282745069492761,0.0024));
#2984=CARTESIAN_POINT('',(-8.67361737988404E-19,-0.0282745069492761,0.0024));
#2985=CARTESIAN_POINT('',(-8.67361737988404E-19,-0.0282745069492761,0.0024));
#2986=CARTESIAN_POINT('',(4.33680868994202E-19,-0.0332745069492762,0.0024));
#2987=CARTESIAN_POINT('',(4.33680868994202E-19,-0.0332745069492762,0.0024));
#2988=CARTESIAN_POINT('',(4.33680868994202E-19,-0.0332745069492762,0.0024));
#2989=CARTESIAN_POINT('',(0.,0.00375,0.0024));
#2990=CARTESIAN_POINT('',(0.,0.00375,0.0024));
#2991=CARTESIAN_POINT('',(0.,0.00375,0.0024));
#2992=CARTESIAN_POINT('',(0.,0.00375,0.0024));
#2993=CARTESIAN_POINT('',(4.33680868994202E-19,0.0332745069492762,0.0024));
#2994=CARTESIAN_POINT('',(4.33680868994202E-19,0.0332745069492762,0.0024));
#2995=CARTESIAN_POINT('',(4.33680868994202E-19,0.0332745069492762,0.0024));
#2996=CARTESIAN_POINT('',(-8.67361737988404E-19,0.0282745069492761,0.0024));
#2997=CARTESIAN_POINT('',(-8.67361737988404E-19,0.0282745069492761,0.0024));
#2998=CARTESIAN_POINT('',(-8.67361737988404E-19,0.0282745069492761,0.0024));
#2999=CARTESIAN_POINT('',(0.,0.00375,0.0024));
#3000=CARTESIAN_POINT('',(0.,0.00375,0.0024));
#3001=CARTESIAN_POINT('',(0.,0.00375,0.0024));
#3002=CARTESIAN_POINT('',(0.,0.00375,0.0024));
#3003=CARTESIAN_POINT('',(0.,0.0407765069492762,0.00325));
#3004=CARTESIAN_POINT('',(-0.013,0.0407765069492762,0.00325));
#3005=CARTESIAN_POINT('',(-0.013,-0.10615,0.00325));
#3006=CARTESIAN_POINT('',(0.,-0.10615,0.00325));
#3007=CARTESIAN_POINT('',(0.013,-0.10615,0.00325));
#3008=CARTESIAN_POINT('',(0.013,0.0407765069492762,0.00325));
#3009=CARTESIAN_POINT('',(-0.013,0.0407765069492762,0.030875));
#3010=CARTESIAN_POINT('',(-0.013,-0.10715,0.0315));
#3011=CARTESIAN_POINT('',(-0.013,-0.10615,0.0315));
#3012=CARTESIAN_POINT('',(-0.013,-0.10615,0.00325));
#3013=CARTESIAN_POINT('',(0.013,0.0407765069492762,0.01625));
#3014=CARTESIAN_POINT('',(0.013,-0.10615,0.0325));
#3015=CARTESIAN_POINT('',(0.013,-0.10615,0.0315));
#3016=CARTESIAN_POINT('',(0.013,-0.10565,0.0315));
#3017=CARTESIAN_POINT('',(0.015,0.0127706695204284,0.015));
#3018=CARTESIAN_POINT('',(0.015,0.0127706695204284,0.014));
#3019=CARTESIAN_POINT('',(-0.015,0.0127706695204284,0.015));
#3020=CARTESIAN_POINT('',(-0.015,0.0127706695204284,0.014));
#3021=CARTESIAN_POINT('',(0.005,0.0357745069492762,0.015));
#3022=CARTESIAN_POINT('',(0.005,0.0357745069492762,0.014));
#3023=CARTESIAN_POINT('',(-0.005,0.0357745069492762,0.015));
#3024=CARTESIAN_POINT('',(-0.005,0.0357745069492762,0.014));
#3025=CARTESIAN_POINT('',(-0.0045,0.0387745069492762,0.015));
#3026=CARTESIAN_POINT('',(0.0045,0.0387745069492762,0.002));
#3027=CARTESIAN_POINT('',(0.00625,0.0397745069492762,0.014));
#3028=CARTESIAN_POINT('',(-0.005,0.0397745069492762,0.014));
#3029=CARTESIAN_POINT('',(0.005,0.0397745069492762,0.014));
#3030=CARTESIAN_POINT('',(0.005,0.0357745069492762,0.014));
#3031=CARTESIAN_POINT('',(0.009,0.0357745069492762,0.014));
#3032=CARTESIAN_POINT('',(-0.005,0.0357745069492762,0.014));
#3033=CARTESIAN_POINT('',(-0.009,0.0357745069492762,0.014));
#3034=CARTESIAN_POINT('',(0.009,0.0257745069492761,0.014));
#3035=CARTESIAN_POINT('',(0.009,0.0127706695204284,0.014));
#3036=CARTESIAN_POINT('',(-0.009,-0.0331877465253619,0.014));
#3037=CARTESIAN_POINT('',(-0.009,0.0127706695204284,0.014));
#3038=CARTESIAN_POINT('',(0.015,0.0127706695204284,0.014));
#3039=CARTESIAN_POINT('',(0.0104314720812183,0.0088811255040543,0.014));
#3040=CARTESIAN_POINT('',(-0.015,0.0127706695204284,0.014));
#3041=CARTESIAN_POINT('',(-0.0104314720812183,0.0088811255040543,0.014));
#3042=CARTESIAN_POINT('',(6.07153216591882E-18,8.67361737988404E-19,0.014));
#3043=CARTESIAN_POINT('',(0.0147,0.,0.014));
#3044=CARTESIAN_POINT('',(0.0147,0.,0.0142641470181789));
#3045=CARTESIAN_POINT('',(0.0144843431372606,-2.10690796310954E-6,0.014781785945174));
#3046=CARTESIAN_POINT('',(0.0139604477787103,-7.09936957458779E-6,0.0149999999999999));
#3047=CARTESIAN_POINT('',(0.0136999966783625,-9.540066316312E-6,0.015));
#3048=CARTESIAN_POINT('',(1.04083408558608E-17,-8.5273786552117E-19,0.014));
#3049=CARTESIAN_POINT('',(-0.0147,1.51946792645053E-16,0.014));
#3050=CARTESIAN_POINT('',(-0.0147,1.51946792645053E-16,0.014264147018179));
#3051=CARTESIAN_POINT('',(-0.0144843431372605,-2.10690796265247E-6,0.0147817859451741));
#3052=CARTESIAN_POINT('',(-0.0139604477787101,-7.099369573486E-6,0.015));
#3053=CARTESIAN_POINT('',(-0.0136999966783622,-9.54006631639178E-6,0.015));
#3054=CARTESIAN_POINT('',(0.0143390394597778,-0.0329092253302289,0.014));
#3055=CARTESIAN_POINT('',(0.0151303873937518,-0.07365,0.014));
#3056=CARTESIAN_POINT('',(-0.0144251885921078,-0.0373444203153575,0.014));
#3057=CARTESIAN_POINT('',(-0.0151303873937518,-0.07365,0.014));
#3058=CARTESIAN_POINT('',(0.0151303873937518,-0.07365,0.015));
#3059=CARTESIAN_POINT('',(0.0161301988016441,-0.0736305796846424,0.015));
#3060=CARTESIAN_POINT('',(0.0161301988016441,-0.0736305796846424,0.014));
#3061=CARTESIAN_POINT('',(0.015137344782856,-0.0738290927919345,0.015));
#3062=CARTESIAN_POINT('',(0.0161336727668905,-0.0738094289988035,0.0149965279980809));
#3063=CARTESIAN_POINT('',(0.016137156190748,-0.073988765268509,0.0140000000000109));
#3064=CARTESIAN_POINT('',(0.0151442926397673,-0.0740079402120683,0.0150492355535109));
#3065=CARTESIAN_POINT('',(0.0161371888178304,-0.0739904450006765,0.01504226193835));
#3066=CARTESIAN_POINT('',(0.0161441040476586,-0.0743464601087703,0.0140984711070331));
#3067=CARTESIAN_POINT('',(0.0151502697662169,-0.0741617996912134,0.0151408951891219));
#3068=CARTESIAN_POINT('',(0.0161402415364048,-0.074147607374221,0.0151324403145102));
#3069=CARTESIAN_POINT('',(0.0161500811741092,-0.0746541790670693,0.0142817903782439));
#3070=CARTESIAN_POINT('',(0.016149951935239,-0.0746475254935085,0.0142778440193086));
#3071=CARTESIAN_POINT('',(0.0161473784255753,-0.0745150341166835,0.0145044237251943));
#3072=CARTESIAN_POINT('',(0.0159295546214517,-0.0742579506907036,0.0149475997946063));
#3073=CARTESIAN_POINT('',(0.0154087903968119,-0.0741529831945311,0.0151357010870962));
#3074=CARTESIAN_POINT('',(0.01515,-0.0741548555366973,0.0151367961497618));
#3075=CARTESIAN_POINT('',(0.01515,-0.0741548555366973,0.0151367961497618));
#3076=CARTESIAN_POINT('',(0.0151303873937518,-0.07365,0.016));
#3077=CARTESIAN_POINT('',(0.01515,-0.07365,0.016));
#3078=CARTESIAN_POINT('',(0.01515,-0.07365,0.016));
#3079=CARTESIAN_POINT('',(0.01515,-0.07565,0.016));
#3080=CARTESIAN_POINT('',(0.01515,-0.10615,0.0325));
#3081=CARTESIAN_POINT('',(0.01515,-0.10615,0.0315));
#3082=CARTESIAN_POINT('',(-0.0161301988016441,-0.0736305796846424,0.014));
#3083=CARTESIAN_POINT('',(-0.0161301988016441,-0.0736305796846424,0.015));
#3084=CARTESIAN_POINT('',(-0.0151303873937518,-0.07365,0.015));
#3085=CARTESIAN_POINT('',(-0.016137156190748,-0.0739887652685089,0.0140000000000109));
#3086=CARTESIAN_POINT('',(-0.0161336727668905,-0.0738094289988035,0.0149965279980809));
#3087=CARTESIAN_POINT('',(-0.015137344782856,-0.0738290927919345,0.015));
#3088=CARTESIAN_POINT('',(-0.0161441040476588,-0.0743464601087801,0.0140984711070343));
#3089=CARTESIAN_POINT('',(-0.0161371888178269,-0.0739904450006846,0.0150422619383482));
#3090=CARTESIAN_POINT('',(-0.0151442926397664,-0.074007940212075,0.015049235553515));
#3091=CARTESIAN_POINT('',(-0.0161500811741091,-0.074654179067069,0.0142817903782437));
#3092=CARTESIAN_POINT('',(-0.0161402415364048,-0.0741476073742209,0.0151324403145101));
#3093=CARTESIAN_POINT('',(-0.0151502697662169,-0.0741617996912133,0.0151408951891219));
#3094=CARTESIAN_POINT('',(-0.0151303873937518,-0.07365,0.016));
#3095=CARTESIAN_POINT('',(-0.01515,-0.0741548555366972,0.0151367961497617));
#3096=CARTESIAN_POINT('',(-0.016149951935239,-0.0746475254935082,0.0142778440193084));
#3097=CARTESIAN_POINT('',(-0.0161473784255753,-0.0745150341166833,0.0145044237251941));
#3098=CARTESIAN_POINT('',(-0.0159295546214516,-0.0742579506906985,0.0149475997946033));
#3099=CARTESIAN_POINT('',(-0.015408790396812,-0.0741529831945418,0.0151357010871024));
#3100=CARTESIAN_POINT('',(-0.01515,-0.0741548555366972,0.0151367961497618));
#3101=CARTESIAN_POINT('',(0.,-0.07365,0.016));
#3102=CARTESIAN_POINT('',(-0.01515,-0.07365,0.016));
#3103=CARTESIAN_POINT('',(0.01515,-0.07565,0.0325));
#3104=CARTESIAN_POINT('',(0.01515,-0.07565,0.0315));
#3105=CARTESIAN_POINT('',(0.01515,-0.0909,0.0315));
#3106=CARTESIAN_POINT('',(0.01515,-0.10615,0.0315));
#3107=CARTESIAN_POINT('',(0.01515,-0.07565,0.0315));
#3108=CARTESIAN_POINT('',(0.01515,-0.10615,0.0315));
#3109=CARTESIAN_POINT('',(0.01515,-0.10615,0.0315));
#3110=CARTESIAN_POINT('',(-0.01515,-0.07365,0.016));
#3111=CARTESIAN_POINT('',(-0.01515,-0.07565,0.016));
#3112=CARTESIAN_POINT('',(0.01515,-0.07565,0.0315));
#3113=CARTESIAN_POINT('',(0.01515,-0.07565,0.0315));
#3114=CARTESIAN_POINT('',(0.014,-0.0331877465253619,0.0315));
#3115=CARTESIAN_POINT('',(0.014,-0.10615,0.0315));
#3116=CARTESIAN_POINT('',(-3.46944695195361E-18,-0.10615,0.0315));
#3117=CARTESIAN_POINT('',(0.014,-0.10615,0.0315));
#3118=CARTESIAN_POINT('',(-0.01515,-0.07565,0.0325));
#3119=CARTESIAN_POINT('',(-0.01515,-0.07565,0.0315));
#3120=CARTESIAN_POINT('',(3.46944695195361E-18,-0.07565,0.0315));
#3121=CARTESIAN_POINT('',(-0.01515,-0.07565,0.0315));
#3122=CARTESIAN_POINT('',(0.014,-0.10615,0.0315));
#3123=CARTESIAN_POINT('',(0.014,-0.10615,0.0315));
#3124=CARTESIAN_POINT('',(-0.01515,-0.07565,0.0315));
#3125=CARTESIAN_POINT('',(-0.01515,-0.07565,0.0315));
#3126=CARTESIAN_POINT('',(0.014,-0.10615,0.01625));
#3127=CARTESIAN_POINT('',(0.014,-0.10615,0.00225));
#3128=CARTESIAN_POINT('',(-0.01515,-0.10615,0.0325));
#3129=CARTESIAN_POINT('',(-0.01515,-0.10615,0.0315));
#3130=CARTESIAN_POINT('',(-0.01515,-0.0331877465253619,0.0315));
#3131=CARTESIAN_POINT('',(-0.01515,-0.10615,0.0315));
#3132=CARTESIAN_POINT('',(6.25501253357025E-20,-0.10615,0.00225));
#3133=CARTESIAN_POINT('',(-0.014,-0.10615,0.00225));
#3134=CARTESIAN_POINT('',(-0.01515,-0.10615,0.0315));
#3135=CARTESIAN_POINT('',(-0.01515,-0.10615,0.0315));
#3136=CARTESIAN_POINT('',(-0.014,-0.10615,0.030875));
#3137=CARTESIAN_POINT('',(-0.014,-0.10615,0.0315));
#3138=CARTESIAN_POINT('',(-3.46944695195361E-18,-0.10615,0.0315));
#3139=CARTESIAN_POINT('',(-0.014,-0.10615,0.0315));
#3140=CARTESIAN_POINT('',(-0.014,-0.10615,0.0315));
#3141=CARTESIAN_POINT('',(-0.014,-0.10615,0.0315));
#3142=CARTESIAN_POINT('',(-0.014,0.0407765069492762,0.0315));
#3143=CARTESIAN_POINT('',(0.,-0.0909,0.001));
#3144=MECHANICAL_DESIGN_GEOMETRIC_PRESENTATION_REPRESENTATION('',(#1805),
#3145);
#3145=(
GEOMETRIC_REPRESENTATION_CONTEXT(3)
GLOBAL_UNCERTAINTY_ASSIGNED_CONTEXT((#3146))
GLOBAL_UNIT_ASSIGNED_CONTEXT((#3149,#3148,#3147))
REPRESENTATION_CONTEXT('Camera Holder','TOP_LEVEL_ASSEMBLY_PART')
);
#3146=UNCERTAINTY_MEASURE_WITH_UNIT(LENGTH_MEASURE(2.E-5),#3149,
'DISTANCE_ACCURACY_VALUE','Maximum Tolerance applied to model');
#3147=(
NAMED_UNIT(*)
SI_UNIT($,.STERADIAN.)
SOLID_ANGLE_UNIT()
);
#3148=(
NAMED_UNIT(*)
PLANE_ANGLE_UNIT()
SI_UNIT($,.RADIAN.)
);
#3149=(
LENGTH_UNIT()
NAMED_UNIT(*)
SI_UNIT($,.METRE.)
);
#3150=PRODUCT_DEFINITION_SHAPE('','',#3151);
#3151=PRODUCT_DEFINITION('','',#3153,#3152);
#3152=PRODUCT_DEFINITION_CONTEXT('',#3159,'design');
#3153=PRODUCT_DEFINITION_FORMATION_WITH_SPECIFIED_SOURCE('','',#3155,
 .NOT_KNOWN.);
#3154=PRODUCT_RELATED_PRODUCT_CATEGORY('','',(#3155));
#3155=PRODUCT('Camera Holder','Camera Holder','Camera Holder',(#3157));
#3156=PRODUCT_CATEGORY('','');
#3157=PRODUCT_CONTEXT('',#3159,'mechanical');
#3158=APPLICATION_PROTOCOL_DEFINITION('international standard',
'ap242_managed_model_based_3d_engineering',2020,#3159);
#3159=APPLICATION_CONTEXT('managed model based 3d engineering');
ENDSEC;
END-ISO-10303-21;
