ISO-10303-21;
HEADER;
/* Generated by software containing ST-Developer
 * from STEP Tools, Inc. (www.steptools.com) 
 */
/* OPTION: using custom renumber hook */

FILE_DESCRIPTION(
/* description */ ('STEP AP242',
'CAx-IF Rec.Pracs.---Representation and Presentation of Product Manufa
cturing Information (PMI)---4.0---2014-10-13',
'CAx-IF Rec.Pracs.---3D Tessellated Geometry---0.4---2014-09-14','2;1'),

/* implementation_level */ '2;1');

FILE_NAME(
/* name */ '67feb6dbe154b454f7cffc58',
/* time_stamp */ '2025-04-15T19:43:23Z',
/* author */ (''),
/* organization */ (''),
/* preprocessor_version */ 'ST-DEVELOPER v20',
/* originating_system */ 'ONSHAPE BY PTC INC, 1.196',
/* authorisation */ '  ');

FILE_SCHEMA (('AP242_MANAGED_MODEL_BASED_3D_ENGINEERING_MIM_LF { 1 0 10303 442 1 1 4 }'));
ENDSEC;

DATA;
#10=SHAPE_REPRESENTATION_RELATIONSHIP('','',#1731,#11);
#11=ADVANCED_BREP_SHAPE_REPRESENTATION('',(#1729),#3175);
#12=(
BOUNDED_SURFACE()
B_SPLINE_SURFACE(2,3,((#3032,#3033,#3034,#3035,#3036,#3037,#3038,#3039,
#3040,#3041,#3042,#3043),(#3044,#3045,#3046,#3047,#3048,#3049,#3050,#3051,
#3052,#3053,#3054,#3055),(#3056,#3057,#3058,#3059,#3060,#3061,#3062,#3063,
#3064,#3065,#3066,#3067)),.UNSPECIFIED.,.F.,.F.,.F.)
B_SPLINE_SURFACE_WITH_KNOTS((3,3),(4,2,2,2,2,4),(0.,1.),(0.,0.0012747548783982,
0.0025495097567964,0.00382426463519459,0.00446164207439369,0.00509901951359279),
 .UNSPECIFIED.)
GEOMETRIC_REPRESENTATION_ITEM()
RATIONAL_B_SPLINE_SURFACE(((1.,1.,1.,1.,1.,1.,1.,1.,1.,1.,1.,1.),(0.707106781186547,
0.707106781186547,0.707106781186549,0.707106781186549,0.707106781186547,
0.707106781186547,0.707106781186548,0.707106781186548,0.707106781186548,
0.707106781186548,0.707106781186548,0.707106781186548),(1.,1.,1.,1.,1.,
1.,1.,1.,1.,1.,1.,1.)))
REPRESENTATION_ITEM('')
SURFACE()
);
#13=(
BOUNDED_SURFACE()
B_SPLINE_SURFACE(2,3,((#3138,#3139,#3140,#3141,#3142,#3143,#3144,#3145,
#3146,#3147,#3148,#3149),(#3150,#3151,#3152,#3153,#3154,#3155,#3156,#3157,
#3158,#3159,#3160,#3161),(#3162,#3163,#3164,#3165,#3166,#3167,#3168,#3169,
#3170,#3171,#3172,#3173)),.UNSPECIFIED.,.F.,.F.,.F.)
B_SPLINE_SURFACE_WITH_KNOTS((3,3),(4,2,2,2,2,4),(0.,1.),(0.,0.000637377439199099,
0.0012747548783982,0.0025495097567964,0.00382426463519459,0.00509901951359279),
 .UNSPECIFIED.)
GEOMETRIC_REPRESENTATION_ITEM()
RATIONAL_B_SPLINE_SURFACE(((1.,1.,1.,1.,1.,1.,1.,1.,1.,1.,1.,1.),(0.707106781186548,
0.707106781186548,0.707106781186548,0.707106781186548,0.707106781186548,
0.707106781186548,0.707106781186548,0.707106781186548,0.707106781186547,
0.707106781186547,0.707106781186548,0.707106781186548),(1.,1.,1.,1.,1.,
1.,1.,1.,1.,1.,1.,1.)))
REPRESENTATION_ITEM('')
SURFACE()
);
#14=SPHERICAL_SURFACE('',#1850,0.001);
#15=SPHERICAL_SURFACE('',#1853,0.001);
#16=SPHERICAL_SURFACE('',#1871,0.001);
#17=SPHERICAL_SURFACE('',#1873,0.001);
#18=SPHERICAL_SURFACE('',#1875,0.001);
#19=SPHERICAL_SURFACE('',#1877,0.001);
#20=SPHERICAL_SURFACE('',#1887,0.001);
#21=SPHERICAL_SURFACE('',#1889,0.001);
#22=TOROIDAL_SURFACE('',#1822,0.002,0.001);
#23=TOROIDAL_SURFACE('',#1833,0.002,0.001);
#24=TOROIDAL_SURFACE('',#1835,0.002,0.001);
#25=TOROIDAL_SURFACE('',#1841,0.002,0.001);
#26=TOROIDAL_SURFACE('',#1856,0.01555,0.001);
#27=TOROIDAL_SURFACE('',#1904,0.004326,0.002);
#28=TOROIDAL_SURFACE('',#1913,0.004326,0.002);
#29=TOROIDAL_SURFACE('',#1915,0.004,0.002);
#30=TOROIDAL_SURFACE('',#1921,0.004,0.002);
#31=TOROIDAL_SURFACE('',#1924,0.004326,0.002);
#32=TOROIDAL_SURFACE('',#1935,0.008326,0.002);
#33=TOROIDAL_SURFACE('',#1937,0.004,0.002);
#34=TOROIDAL_SURFACE('',#1939,0.004326,0.002);
#35=TOROIDAL_SURFACE('',#1947,0.008326,0.002);
#36=TOROIDAL_SURFACE('',#1949,0.004,0.002);
#37=B_SPLINE_CURVE_WITH_KNOTS('',3,(#2745,#2746,#2747,#2748,#2749,#2750,
#2751),.UNSPECIFIED.,.F.,.F.,(4,1,1,1,4),(0.,0.00154162282696574,0.00308324565393148,
0.00462486848089722,0.00616649130786296),.UNSPECIFIED.);
#38=B_SPLINE_CURVE_WITH_KNOTS('',3,(#2759,#2760,#2761,#2762,#2763,#2764,
#2765),.UNSPECIFIED.,.F.,.F.,(4,1,1,1,4),(0.,0.00154162282696575,0.00308324565393149,
0.00462486848089724,0.00616649130786298),.UNSPECIFIED.);
#39=B_SPLINE_CURVE_WITH_KNOTS('',3,(#2945,#2946,#2947,#2948,#2949),
 .UNSPECIFIED.,.F.,.F.,(4,1,4),(-1.33228031807886E-5,0.00350275617082813,
0.00701883514483705),.UNSPECIFIED.);
#40=B_SPLINE_CURVE_WITH_KNOTS('',3,(#2950,#2951,#2952,#2953,#2954),
 .UNSPECIFIED.,.F.,.F.,(4,1,4),(-1.26102107731369E-5,0.00391697289384675,
0.00784655599846663),.UNSPECIFIED.);
#41=B_SPLINE_CURVE_WITH_KNOTS('',3,(#2955,#2956,#2957,#2958,#2959),
 .UNSPECIFIED.,.F.,.F.,(4,1,4),(-1.26102107731372E-5,0.00391697289384678,
0.00784655599846669),.UNSPECIFIED.);
#42=B_SPLINE_CURVE_WITH_KNOTS('',3,(#3027,#3028,#3029,#3030,#3031),
 .UNSPECIFIED.,.F.,.F.,(4,1,4),(0.,0.5,1.),.UNSPECIFIED.);
#43=B_SPLINE_CURVE_WITH_KNOTS('',3,(#3068,#3069,#3070,#3071,#3072,#3073,
#3074,#3075,#3076,#3077,#3078,#3079,#3080,#3081,#3082,#3083,#3084,#3085),
 .UNSPECIFIED.,.F.,.F.,(4,1,1,1,1,1,1,1,1,1,1,1,1,1,1,4),(0.,0.125,0.1875,
0.21875,0.25,0.28125,0.3125,0.375,0.4375,0.5,0.625,0.6875,0.75,0.8125,0.875,
1.),.UNSPECIFIED.);
#44=B_SPLINE_CURVE_WITH_KNOTS('',3,(#3114,#3115,#3116,#3117,#3118,#3119,
#3120,#3121,#3122,#3123,#3124,#3125,#3126,#3127,#3128,#3129,#3130,#3131),
 .UNSPECIFIED.,.F.,.F.,(4,1,1,1,1,1,1,1,1,1,1,1,1,1,1,4),(0.,0.125,0.1875,
0.25,0.3125,0.375,0.5,0.5625,0.625,0.6875,0.71875,0.75,0.78125,0.8125,0.875,
1.),.UNSPECIFIED.);
#45=B_SPLINE_CURVE_WITH_KNOTS('',3,(#3133,#3134,#3135,#3136,#3137),
 .UNSPECIFIED.,.F.,.F.,(4,1,4),(0.,0.5,1.),.UNSPECIFIED.);
#46=CYLINDRICAL_SURFACE('',#1782,0.003175);
#47=CYLINDRICAL_SURFACE('',#1786,0.004826);
#48=CYLINDRICAL_SURFACE('',#1787,0.003175);
#49=CYLINDRICAL_SURFACE('',#1791,0.004826);
#50=CYLINDRICAL_SURFACE('',#1809,0.01455);
#51=CYLINDRICAL_SURFACE('',#1820,0.001);
#52=CYLINDRICAL_SURFACE('',#1825,0.001);
#53=CYLINDRICAL_SURFACE('',#1827,0.001);
#54=CYLINDRICAL_SURFACE('',#1829,0.001);
#55=CYLINDRICAL_SURFACE('',#1831,0.001);
#56=CYLINDRICAL_SURFACE('',#1837,0.001);
#57=CYLINDRICAL_SURFACE('',#1839,0.001);
#58=CYLINDRICAL_SURFACE('',#1843,0.001);
#59=CYLINDRICAL_SURFACE('',#1844,0.001);
#60=CYLINDRICAL_SURFACE('',#1847,0.001);
#61=CYLINDRICAL_SURFACE('',#1857,0.001);
#62=CYLINDRICAL_SURFACE('',#1859,0.001);
#63=CYLINDRICAL_SURFACE('',#1861,0.001);
#64=CYLINDRICAL_SURFACE('',#1864,0.001);
#65=CYLINDRICAL_SURFACE('',#1866,0.001);
#66=CYLINDRICAL_SURFACE('',#1868,0.001);
#67=CYLINDRICAL_SURFACE('',#1879,0.001);
#68=CYLINDRICAL_SURFACE('',#1881,0.001);
#69=CYLINDRICAL_SURFACE('',#1883,0.001);
#70=CYLINDRICAL_SURFACE('',#1885,0.001);
#71=CYLINDRICAL_SURFACE('',#1891,0.001);
#72=CYLINDRICAL_SURFACE('',#1892,0.006326);
#73=CYLINDRICAL_SURFACE('',#1894,0.006326);
#74=CYLINDRICAL_SURFACE('',#1896,0.006326);
#75=CYLINDRICAL_SURFACE('',#1898,0.006326);
#76=CYLINDRICAL_SURFACE('',#1900,0.006326);
#77=CYLINDRICAL_SURFACE('',#1902,0.006326);
#78=CYLINDRICAL_SURFACE('',#1907,0.002);
#79=CYLINDRICAL_SURFACE('',#1909,0.002);
#80=CYLINDRICAL_SURFACE('',#1911,0.002);
#81=CYLINDRICAL_SURFACE('',#1917,0.002);
#82=CYLINDRICAL_SURFACE('',#1919,0.002);
#83=CYLINDRICAL_SURFACE('',#1923,0.002);
#84=CYLINDRICAL_SURFACE('',#1927,0.002);
#85=CYLINDRICAL_SURFACE('',#1929,0.002);
#86=CYLINDRICAL_SURFACE('',#1931,0.002);
#87=CYLINDRICAL_SURFACE('',#1933,0.002);
#88=CYLINDRICAL_SURFACE('',#1941,0.002);
#89=CYLINDRICAL_SURFACE('',#1943,0.002);
#90=CYLINDRICAL_SURFACE('',#1945,0.002);
#91=CYLINDRICAL_SURFACE('',#1951,0.002);
#92=CYLINDRICAL_SURFACE('',#1952,0.002);
#93=(
BOUNDED_CURVE()
B_SPLINE_CURVE(3,(#2641,#2642,#2643,#2644,#2645,#2646,#2647,#2648,#2649,
#2650,#2651,#2652),.UNSPECIFIED.,.F.,.F.)
B_SPLINE_CURVE_WITH_KNOTS((4,2,2,2,2,4),(0.,0.000637377439199099,0.0012747548783982,
0.0025495097567964,0.00382426463519459,0.00509901951359279),
 .UNSPECIFIED.)
CURVE()
GEOMETRIC_REPRESENTATION_ITEM()
RATIONAL_B_SPLINE_CURVE((1.,1.,1.,1.,1.,1.,1.,1.,1.,1.,1.,1.))
REPRESENTATION_ITEM('')
);
#94=(
BOUNDED_CURVE()
B_SPLINE_CURVE(3,(#2664,#2665,#2666,#2667,#2668,#2669,#2670,#2671,#2672,
#2673,#2674,#2675),.UNSPECIFIED.,.F.,.F.)
B_SPLINE_CURVE_WITH_KNOTS((4,2,2,2,2,4),(0.,0.0012747548783982,0.0025495097567964,
0.00382426463519459,0.00446164207439369,0.00509901951359279),
 .UNSPECIFIED.)
CURVE()
GEOMETRIC_REPRESENTATION_ITEM()
RATIONAL_B_SPLINE_CURVE((1.,1.,1.,1.,1.,1.,1.,1.,1.,1.,1.,1.))
REPRESENTATION_ITEM('')
);
#95=CIRCLE('',#1734,0.004826);
#96=CIRCLE('',#1736,0.004326);
#97=CIRCLE('',#1737,0.004826);
#98=CIRCLE('',#1739,0.004326);
#99=CIRCLE('',#1740,0.004826);
#100=CIRCLE('',#1742,0.004826);
#101=CIRCLE('',#1744,0.004326);
#102=CIRCLE('',#1745,0.004826);
#103=CIRCLE('',#1747,0.004326);
#104=CIRCLE('',#1748,0.004826);
#105=CIRCLE('',#1750,0.01555);
#106=CIRCLE('',#1752,0.01555);
#107=CIRCLE('',#1754,0.002);
#108=CIRCLE('',#1755,0.002);
#109=CIRCLE('',#1756,0.002);
#110=CIRCLE('',#1757,0.002);
#111=CIRCLE('',#1761,0.004826);
#112=CIRCLE('',#1764,0.01555);
#113=CIRCLE('',#1765,0.004);
#114=CIRCLE('',#1766,0.004);
#115=CIRCLE('',#1770,0.004826);
#116=CIRCLE('',#1772,0.003175);
#117=CIRCLE('',#1773,0.003175);
#118=CIRCLE('',#1774,0.006326);
#119=CIRCLE('',#1775,0.006326);
#120=CIRCLE('',#1776,0.006326);
#121=CIRCLE('',#1777,0.002);
#122=CIRCLE('',#1778,0.006326);
#123=CIRCLE('',#1779,0.006326);
#124=CIRCLE('',#1780,0.002);
#125=CIRCLE('',#1781,0.006326);
#126=CIRCLE('',#1783,0.003175);
#127=CIRCLE('',#1785,0.004826);
#128=CIRCLE('',#1788,0.003175);
#129=CIRCLE('',#1790,0.004826);
#130=CIRCLE('',#1793,0.004);
#131=CIRCLE('',#1795,0.004);
#132=CIRCLE('',#1797,0.008326);
#133=CIRCLE('',#1798,0.008326);
#134=CIRCLE('',#1803,0.001);
#135=CIRCLE('',#1804,0.001);
#136=CIRCLE('',#1805,0.001);
#137=CIRCLE('',#1806,0.001);
#138=CIRCLE('',#1810,0.01455);
#139=CIRCLE('',#1811,0.01455);
#140=CIRCLE('',#1812,0.01455);
#141=CIRCLE('',#1821,0.001);
#142=CIRCLE('',#1823,0.001);
#143=CIRCLE('',#1824,0.001);
#144=CIRCLE('',#1826,0.001);
#145=CIRCLE('',#1828,0.001);
#146=CIRCLE('',#1830,0.001);
#147=CIRCLE('',#1832,0.001);
#148=CIRCLE('',#1834,0.001);
#149=CIRCLE('',#1836,0.001);
#150=CIRCLE('',#1838,0.001);
#151=CIRCLE('',#1840,0.001);
#152=CIRCLE('',#1842,0.001);
#153=CIRCLE('',#1845,0.001);
#154=CIRCLE('',#1846,0.001);
#155=CIRCLE('',#1848,0.001);
#156=CIRCLE('',#1849,0.001);
#157=CIRCLE('',#1851,0.001);
#158=CIRCLE('',#1852,0.001);
#159=CIRCLE('',#1854,0.001);
#160=CIRCLE('',#1855,0.001);
#161=CIRCLE('',#1858,0.001);
#162=CIRCLE('',#1860,0.001);
#163=CIRCLE('',#1862,0.001);
#164=CIRCLE('',#1863,0.001);
#165=CIRCLE('',#1865,0.001);
#166=CIRCLE('',#1867,0.001);
#167=CIRCLE('',#1869,0.001);
#168=CIRCLE('',#1870,0.001);
#169=CIRCLE('',#1872,0.001);
#170=CIRCLE('',#1874,0.001);
#171=CIRCLE('',#1876,0.001);
#172=CIRCLE('',#1878,0.001);
#173=CIRCLE('',#1880,0.001);
#174=CIRCLE('',#1882,0.001);
#175=CIRCLE('',#1884,0.001);
#176=CIRCLE('',#1886,0.001);
#177=CIRCLE('',#1888,0.001);
#178=CIRCLE('',#1890,0.001);
#179=CIRCLE('',#1893,0.006326);
#180=CIRCLE('',#1895,0.006326);
#181=CIRCLE('',#1897,0.006326);
#182=CIRCLE('',#1899,0.006326);
#183=CIRCLE('',#1901,0.006326);
#184=CIRCLE('',#1903,0.006326);
#185=CIRCLE('',#1905,0.002);
#186=CIRCLE('',#1906,0.002);
#187=CIRCLE('',#1908,0.002);
#188=CIRCLE('',#1910,0.002);
#189=CIRCLE('',#1912,0.002);
#190=CIRCLE('',#1914,0.002);
#191=CIRCLE('',#1916,0.002);
#192=CIRCLE('',#1918,0.002);
#193=CIRCLE('',#1920,0.002);
#194=CIRCLE('',#1922,0.002);
#195=CIRCLE('',#1925,0.002);
#196=CIRCLE('',#1926,0.002);
#197=CIRCLE('',#1928,0.002);
#198=CIRCLE('',#1930,0.002);
#199=CIRCLE('',#1932,0.002);
#200=CIRCLE('',#1934,0.002);
#201=CIRCLE('',#1936,0.002);
#202=CIRCLE('',#1938,0.002);
#203=CIRCLE('',#1940,0.002);
#204=CIRCLE('',#1942,0.002);
#205=CIRCLE('',#1944,0.002);
#206=CIRCLE('',#1946,0.002);
#207=CIRCLE('',#1948,0.002);
#208=CIRCLE('',#1950,0.002);
#209=ORIENTED_EDGE('',*,*,#701,.T.);
#210=ORIENTED_EDGE('',*,*,#702,.T.);
#211=ORIENTED_EDGE('',*,*,#703,.T.);
#212=ORIENTED_EDGE('',*,*,#704,.T.);
#213=ORIENTED_EDGE('',*,*,#705,.T.);
#214=ORIENTED_EDGE('',*,*,#706,.T.);
#215=ORIENTED_EDGE('',*,*,#707,.T.);
#216=ORIENTED_EDGE('',*,*,#708,.T.);
#217=ORIENTED_EDGE('',*,*,#709,.T.);
#218=ORIENTED_EDGE('',*,*,#710,.T.);
#219=ORIENTED_EDGE('',*,*,#711,.T.);
#220=ORIENTED_EDGE('',*,*,#712,.T.);
#221=ORIENTED_EDGE('',*,*,#713,.T.);
#222=ORIENTED_EDGE('',*,*,#714,.T.);
#223=ORIENTED_EDGE('',*,*,#715,.T.);
#224=ORIENTED_EDGE('',*,*,#716,.T.);
#225=ORIENTED_EDGE('',*,*,#717,.T.);
#226=ORIENTED_EDGE('',*,*,#718,.T.);
#227=ORIENTED_EDGE('',*,*,#719,.T.);
#228=ORIENTED_EDGE('',*,*,#720,.T.);
#229=ORIENTED_EDGE('',*,*,#721,.T.);
#230=ORIENTED_EDGE('',*,*,#722,.T.);
#231=ORIENTED_EDGE('',*,*,#723,.T.);
#232=ORIENTED_EDGE('',*,*,#724,.T.);
#233=ORIENTED_EDGE('',*,*,#725,.T.);
#234=ORIENTED_EDGE('',*,*,#726,.T.);
#235=ORIENTED_EDGE('',*,*,#727,.T.);
#236=ORIENTED_EDGE('',*,*,#728,.T.);
#237=ORIENTED_EDGE('',*,*,#729,.T.);
#238=ORIENTED_EDGE('',*,*,#730,.T.);
#239=ORIENTED_EDGE('',*,*,#731,.T.);
#240=ORIENTED_EDGE('',*,*,#732,.T.);
#241=ORIENTED_EDGE('',*,*,#733,.F.);
#242=ORIENTED_EDGE('',*,*,#734,.T.);
#243=ORIENTED_EDGE('',*,*,#735,.F.);
#244=ORIENTED_EDGE('',*,*,#736,.T.);
#245=ORIENTED_EDGE('',*,*,#737,.F.);
#246=ORIENTED_EDGE('',*,*,#738,.T.);
#247=ORIENTED_EDGE('',*,*,#739,.F.);
#248=ORIENTED_EDGE('',*,*,#740,.T.);
#249=ORIENTED_EDGE('',*,*,#741,.T.);
#250=ORIENTED_EDGE('',*,*,#742,.T.);
#251=ORIENTED_EDGE('',*,*,#743,.F.);
#252=ORIENTED_EDGE('',*,*,#744,.T.);
#253=ORIENTED_EDGE('',*,*,#745,.T.);
#254=ORIENTED_EDGE('',*,*,#746,.T.);
#255=ORIENTED_EDGE('',*,*,#747,.T.);
#256=ORIENTED_EDGE('',*,*,#748,.F.);
#257=ORIENTED_EDGE('',*,*,#749,.F.);
#258=ORIENTED_EDGE('',*,*,#750,.T.);
#259=ORIENTED_EDGE('',*,*,#751,.T.);
#260=ORIENTED_EDGE('',*,*,#752,.T.);
#261=ORIENTED_EDGE('',*,*,#753,.T.);
#262=ORIENTED_EDGE('',*,*,#754,.T.);
#263=ORIENTED_EDGE('',*,*,#755,.T.);
#264=ORIENTED_EDGE('',*,*,#756,.F.);
#265=ORIENTED_EDGE('',*,*,#757,.T.);
#266=ORIENTED_EDGE('',*,*,#758,.T.);
#267=ORIENTED_EDGE('',*,*,#759,.T.);
#268=ORIENTED_EDGE('',*,*,#760,.T.);
#269=ORIENTED_EDGE('',*,*,#761,.T.);
#270=ORIENTED_EDGE('',*,*,#762,.T.);
#271=ORIENTED_EDGE('',*,*,#763,.T.);
#272=ORIENTED_EDGE('',*,*,#764,.T.);
#273=ORIENTED_EDGE('',*,*,#765,.T.);
#274=ORIENTED_EDGE('',*,*,#766,.F.);
#275=ORIENTED_EDGE('',*,*,#767,.T.);
#276=ORIENTED_EDGE('',*,*,#768,.T.);
#277=ORIENTED_EDGE('',*,*,#769,.T.);
#278=ORIENTED_EDGE('',*,*,#770,.T.);
#279=ORIENTED_EDGE('',*,*,#771,.T.);
#280=ORIENTED_EDGE('',*,*,#772,.F.);
#281=ORIENTED_EDGE('',*,*,#773,.T.);
#282=ORIENTED_EDGE('',*,*,#774,.T.);
#283=ORIENTED_EDGE('',*,*,#775,.T.);
#284=ORIENTED_EDGE('',*,*,#776,.T.);
#285=ORIENTED_EDGE('',*,*,#777,.F.);
#286=ORIENTED_EDGE('',*,*,#778,.T.);
#287=ORIENTED_EDGE('',*,*,#779,.T.);
#288=ORIENTED_EDGE('',*,*,#780,.T.);
#289=ORIENTED_EDGE('',*,*,#781,.T.);
#290=ORIENTED_EDGE('',*,*,#782,.T.);
#291=ORIENTED_EDGE('',*,*,#783,.T.);
#292=ORIENTED_EDGE('',*,*,#784,.F.);
#293=ORIENTED_EDGE('',*,*,#785,.F.);
#294=ORIENTED_EDGE('',*,*,#776,.F.);
#295=ORIENTED_EDGE('',*,*,#786,.T.);
#296=ORIENTED_EDGE('',*,*,#769,.F.);
#297=ORIENTED_EDGE('',*,*,#787,.T.);
#298=ORIENTED_EDGE('',*,*,#756,.T.);
#299=ORIENTED_EDGE('',*,*,#788,.T.);
#300=ORIENTED_EDGE('',*,*,#743,.T.);
#301=ORIENTED_EDGE('',*,*,#789,.T.);
#302=ORIENTED_EDGE('',*,*,#790,.F.);
#303=ORIENTED_EDGE('',*,*,#791,.T.);
#304=ORIENTED_EDGE('',*,*,#792,.T.);
#305=ORIENTED_EDGE('',*,*,#793,.T.);
#306=ORIENTED_EDGE('',*,*,#794,.T.);
#307=ORIENTED_EDGE('',*,*,#795,.T.);
#308=ORIENTED_EDGE('',*,*,#777,.T.);
#309=ORIENTED_EDGE('',*,*,#796,.T.);
#310=ORIENTED_EDGE('',*,*,#797,.F.);
#311=ORIENTED_EDGE('',*,*,#785,.T.);
#312=ORIENTED_EDGE('',*,*,#797,.T.);
#313=ORIENTED_EDGE('',*,*,#798,.F.);
#314=ORIENTED_EDGE('',*,*,#798,.T.);
#315=ORIENTED_EDGE('',*,*,#714,.F.);
#316=ORIENTED_EDGE('',*,*,#799,.T.);
#317=ORIENTED_EDGE('',*,*,#783,.F.);
#318=ORIENTED_EDGE('',*,*,#721,.F.);
#319=ORIENTED_EDGE('',*,*,#717,.F.);
#320=ORIENTED_EDGE('',*,*,#800,.F.);
#321=ORIENTED_EDGE('',*,*,#784,.T.);
#322=ORIENTED_EDGE('',*,*,#800,.T.);
#323=ORIENTED_EDGE('',*,*,#801,.F.);
#324=ORIENTED_EDGE('',*,*,#801,.T.);
#325=ORIENTED_EDGE('',*,*,#710,.F.);
#326=ORIENTED_EDGE('',*,*,#706,.F.);
#327=ORIENTED_EDGE('',*,*,#703,.F.);
#328=ORIENTED_EDGE('',*,*,#802,.T.);
#329=ORIENTED_EDGE('',*,*,#752,.F.);
#330=ORIENTED_EDGE('',*,*,#803,.T.);
#331=ORIENTED_EDGE('',*,*,#804,.T.);
#332=ORIENTED_EDGE('',*,*,#805,.T.);
#333=ORIENTED_EDGE('',*,*,#790,.T.);
#334=ORIENTED_EDGE('',*,*,#806,.T.);
#335=ORIENTED_EDGE('',*,*,#807,.F.);
#336=ORIENTED_EDGE('',*,*,#808,.T.);
#337=ORIENTED_EDGE('',*,*,#809,.T.);
#338=ORIENTED_EDGE('',*,*,#810,.T.);
#339=ORIENTED_EDGE('',*,*,#811,.T.);
#340=ORIENTED_EDGE('',*,*,#812,.T.);
#341=ORIENTED_EDGE('',*,*,#813,.F.);
#342=ORIENTED_EDGE('',*,*,#814,.T.);
#343=ORIENTED_EDGE('',*,*,#794,.F.);
#344=ORIENTED_EDGE('',*,*,#815,.T.);
#345=ORIENTED_EDGE('',*,*,#816,.T.);
#346=ORIENTED_EDGE('',*,*,#817,.T.);
#347=ORIENTED_EDGE('',*,*,#818,.T.);
#348=ORIENTED_EDGE('',*,*,#819,.T.);
#349=ORIENTED_EDGE('',*,*,#820,.T.);
#350=ORIENTED_EDGE('',*,*,#821,.T.);
#351=ORIENTED_EDGE('',*,*,#822,.T.);
#352=ORIENTED_EDGE('',*,*,#823,.T.);
#353=ORIENTED_EDGE('',*,*,#824,.T.);
#354=ORIENTED_EDGE('',*,*,#825,.T.);
#355=ORIENTED_EDGE('',*,*,#826,.T.);
#356=ORIENTED_EDGE('',*,*,#827,.T.);
#357=ORIENTED_EDGE('',*,*,#828,.T.);
#358=ORIENTED_EDGE('',*,*,#829,.F.);
#359=ORIENTED_EDGE('',*,*,#830,.F.);
#360=ORIENTED_EDGE('',*,*,#831,.T.);
#361=ORIENTED_EDGE('',*,*,#832,.T.);
#362=ORIENTED_EDGE('',*,*,#833,.F.);
#363=ORIENTED_EDGE('',*,*,#830,.T.);
#364=ORIENTED_EDGE('',*,*,#834,.T.);
#365=ORIENTED_EDGE('',*,*,#745,.F.);
#366=ORIENTED_EDGE('',*,*,#835,.F.);
#367=ORIENTED_EDGE('',*,*,#836,.F.);
#368=ORIENTED_EDGE('',*,*,#837,.T.);
#369=ORIENTED_EDGE('',*,*,#838,.T.);
#370=ORIENTED_EDGE('',*,*,#839,.T.);
#371=ORIENTED_EDGE('',*,*,#840,.T.);
#372=ORIENTED_EDGE('',*,*,#841,.T.);
#373=ORIENTED_EDGE('',*,*,#842,.F.);
#374=ORIENTED_EDGE('',*,*,#843,.T.);
#375=ORIENTED_EDGE('',*,*,#844,.F.);
#376=ORIENTED_EDGE('',*,*,#832,.F.);
#377=ORIENTED_EDGE('',*,*,#845,.T.);
#378=ORIENTED_EDGE('',*,*,#748,.T.);
#379=ORIENTED_EDGE('',*,*,#846,.T.);
#380=ORIENTED_EDGE('',*,*,#847,.T.);
#381=ORIENTED_EDGE('',*,*,#848,.T.);
#382=ORIENTED_EDGE('',*,*,#849,.T.);
#383=ORIENTED_EDGE('',*,*,#850,.T.);
#384=ORIENTED_EDGE('',*,*,#851,.T.);
#385=ORIENTED_EDGE('',*,*,#852,.T.);
#386=ORIENTED_EDGE('',*,*,#853,.T.);
#387=ORIENTED_EDGE('',*,*,#831,.F.);
#388=ORIENTED_EDGE('',*,*,#835,.T.);
#389=ORIENTED_EDGE('',*,*,#749,.T.);
#390=ORIENTED_EDGE('',*,*,#845,.F.);
#391=ORIENTED_EDGE('',*,*,#854,.T.);
#392=ORIENTED_EDGE('',*,*,#855,.T.);
#393=ORIENTED_EDGE('',*,*,#856,.T.);
#394=ORIENTED_EDGE('',*,*,#855,.F.);
#395=ORIENTED_EDGE('',*,*,#833,.T.);
#396=ORIENTED_EDGE('',*,*,#844,.T.);
#397=ORIENTED_EDGE('',*,*,#747,.F.);
#398=ORIENTED_EDGE('',*,*,#834,.F.);
#399=ORIENTED_EDGE('',*,*,#829,.T.);
#400=ORIENTED_EDGE('',*,*,#856,.F.);
#401=ORIENTED_EDGE('',*,*,#746,.F.);
#402=ORIENTED_EDGE('',*,*,#857,.T.);
#403=ORIENTED_EDGE('',*,*,#858,.T.);
#404=ORIENTED_EDGE('',*,*,#859,.T.);
#405=ORIENTED_EDGE('',*,*,#792,.F.);
#406=ORIENTED_EDGE('',*,*,#838,.F.);
#407=ORIENTED_EDGE('',*,*,#860,.T.);
#408=ORIENTED_EDGE('',*,*,#861,.T.);
#409=ORIENTED_EDGE('',*,*,#862,.T.);
#410=ORIENTED_EDGE('',*,*,#863,.T.);
#411=ORIENTED_EDGE('',*,*,#864,.T.);
#412=ORIENTED_EDGE('',*,*,#840,.F.);
#413=ORIENTED_EDGE('',*,*,#865,.T.);
#414=ORIENTED_EDGE('',*,*,#836,.T.);
#415=ORIENTED_EDGE('',*,*,#866,.T.);
#416=ORIENTED_EDGE('',*,*,#867,.T.);
#417=ORIENTED_EDGE('',*,*,#868,.T.);
#418=ORIENTED_EDGE('',*,*,#842,.T.);
#419=ORIENTED_EDGE('',*,*,#869,.T.);
#420=ORIENTED_EDGE('',*,*,#870,.T.);
#421=ORIENTED_EDGE('',*,*,#871,.T.);
#422=ORIENTED_EDGE('',*,*,#872,.F.);
#423=ORIENTED_EDGE('',*,*,#860,.F.);
#424=ORIENTED_EDGE('',*,*,#837,.F.);
#425=ORIENTED_EDGE('',*,*,#868,.F.);
#426=ORIENTED_EDGE('',*,*,#873,.F.);
#427=ORIENTED_EDGE('',*,*,#872,.T.);
#428=ORIENTED_EDGE('',*,*,#874,.F.);
#429=ORIENTED_EDGE('',*,*,#739,.T.);
#430=ORIENTED_EDGE('',*,*,#843,.F.);
#431=ORIENTED_EDGE('',*,*,#871,.F.);
#432=ORIENTED_EDGE('',*,*,#875,.F.);
#433=ORIENTED_EDGE('',*,*,#866,.F.);
#434=ORIENTED_EDGE('',*,*,#874,.T.);
#435=ORIENTED_EDGE('',*,*,#867,.F.);
#436=ORIENTED_EDGE('',*,*,#876,.F.);
#437=ORIENTED_EDGE('',*,*,#740,.F.);
#438=ORIENTED_EDGE('',*,*,#873,.T.);
#439=ORIENTED_EDGE('',*,*,#738,.F.);
#440=ORIENTED_EDGE('',*,*,#877,.F.);
#441=ORIENTED_EDGE('',*,*,#861,.F.);
#442=ORIENTED_EDGE('',*,*,#839,.F.);
#443=ORIENTED_EDGE('',*,*,#862,.F.);
#444=ORIENTED_EDGE('',*,*,#878,.F.);
#445=ORIENTED_EDGE('',*,*,#865,.F.);
#446=ORIENTED_EDGE('',*,*,#876,.T.);
#447=ORIENTED_EDGE('',*,*,#875,.T.);
#448=ORIENTED_EDGE('',*,*,#879,.F.);
#449=ORIENTED_EDGE('',*,*,#733,.T.);
#450=ORIENTED_EDGE('',*,*,#877,.T.);
#451=ORIENTED_EDGE('',*,*,#737,.T.);
#452=ORIENTED_EDGE('',*,*,#880,.F.);
#453=ORIENTED_EDGE('',*,*,#878,.T.);
#454=ORIENTED_EDGE('',*,*,#879,.T.);
#455=ORIENTED_EDGE('',*,*,#870,.F.);
#456=ORIENTED_EDGE('',*,*,#881,.F.);
#457=ORIENTED_EDGE('',*,*,#734,.F.);
#458=ORIENTED_EDGE('',*,*,#880,.T.);
#459=ORIENTED_EDGE('',*,*,#736,.F.);
#460=ORIENTED_EDGE('',*,*,#882,.F.);
#461=ORIENTED_EDGE('',*,*,#863,.F.);
#462=ORIENTED_EDGE('',*,*,#735,.T.);
#463=ORIENTED_EDGE('',*,*,#881,.T.);
#464=ORIENTED_EDGE('',*,*,#883,.F.);
#465=ORIENTED_EDGE('',*,*,#882,.T.);
#466=ORIENTED_EDGE('',*,*,#841,.F.);
#467=ORIENTED_EDGE('',*,*,#864,.F.);
#468=ORIENTED_EDGE('',*,*,#883,.T.);
#469=ORIENTED_EDGE('',*,*,#869,.F.);
#470=ORIENTED_EDGE('',*,*,#821,.F.);
#471=ORIENTED_EDGE('',*,*,#884,.T.);
#472=ORIENTED_EDGE('',*,*,#763,.F.);
#473=ORIENTED_EDGE('',*,*,#885,.F.);
#474=ORIENTED_EDGE('',*,*,#759,.F.);
#475=ORIENTED_EDGE('',*,*,#886,.T.);
#476=ORIENTED_EDGE('',*,*,#815,.F.);
#477=ORIENTED_EDGE('',*,*,#887,.F.);
#478=ORIENTED_EDGE('',*,*,#888,.F.);
#479=ORIENTED_EDGE('',*,*,#885,.T.);
#480=ORIENTED_EDGE('',*,*,#889,.F.);
#481=ORIENTED_EDGE('',*,*,#890,.F.);
#482=ORIENTED_EDGE('',*,*,#887,.T.);
#483=ORIENTED_EDGE('',*,*,#891,.F.);
#484=ORIENTED_EDGE('',*,*,#854,.F.);
#485=ORIENTED_EDGE('',*,*,#892,.F.);
#486=ORIENTED_EDGE('',*,*,#723,.F.);
#487=ORIENTED_EDGE('',*,*,#893,.F.);
#488=ORIENTED_EDGE('',*,*,#761,.F.);
#489=ORIENTED_EDGE('',*,*,#894,.F.);
#490=ORIENTED_EDGE('',*,*,#728,.F.);
#491=ORIENTED_EDGE('',*,*,#893,.T.);
#492=ORIENTED_EDGE('',*,*,#725,.F.);
#493=ORIENTED_EDGE('',*,*,#895,.F.);
#494=ORIENTED_EDGE('',*,*,#825,.F.);
#495=ORIENTED_EDGE('',*,*,#889,.T.);
#496=ORIENTED_EDGE('',*,*,#762,.F.);
#497=ORIENTED_EDGE('',*,*,#888,.T.);
#498=ORIENTED_EDGE('',*,*,#828,.F.);
#499=ORIENTED_EDGE('',*,*,#896,.F.);
#500=ORIENTED_EDGE('',*,*,#822,.F.);
#501=ORIENTED_EDGE('',*,*,#897,.F.);
#502=ORIENTED_EDGE('',*,*,#823,.F.);
#503=ORIENTED_EDGE('',*,*,#898,.F.);
#504=ORIENTED_EDGE('',*,*,#852,.F.);
#505=ORIENTED_EDGE('',*,*,#891,.T.);
#506=ORIENTED_EDGE('',*,*,#824,.F.);
#507=ORIENTED_EDGE('',*,*,#899,.F.);
#508=ORIENTED_EDGE('',*,*,#849,.F.);
#509=ORIENTED_EDGE('',*,*,#890,.T.);
#510=ORIENTED_EDGE('',*,*,#848,.F.);
#511=ORIENTED_EDGE('',*,*,#900,.F.);
#512=ORIENTED_EDGE('',*,*,#726,.F.);
#513=ORIENTED_EDGE('',*,*,#894,.T.);
#514=ORIENTED_EDGE('',*,*,#760,.F.);
#515=ORIENTED_EDGE('',*,*,#901,.F.);
#516=ORIENTED_EDGE('',*,*,#724,.F.);
#517=ORIENTED_EDGE('',*,*,#892,.T.);
#518=ORIENTED_EDGE('',*,*,#727,.F.);
#519=ORIENTED_EDGE('',*,*,#902,.F.);
#520=ORIENTED_EDGE('',*,*,#729,.F.);
#521=ORIENTED_EDGE('',*,*,#895,.T.);
#522=ORIENTED_EDGE('',*,*,#901,.T.);
#523=ORIENTED_EDGE('',*,*,#903,.F.);
#524=ORIENTED_EDGE('',*,*,#898,.T.);
#525=ORIENTED_EDGE('',*,*,#896,.T.);
#526=ORIENTED_EDGE('',*,*,#904,.F.);
#527=ORIENTED_EDGE('',*,*,#899,.T.);
#528=ORIENTED_EDGE('',*,*,#897,.T.);
#529=ORIENTED_EDGE('',*,*,#905,.F.);
#530=ORIENTED_EDGE('',*,*,#902,.T.);
#531=ORIENTED_EDGE('',*,*,#900,.T.);
#532=ORIENTED_EDGE('',*,*,#906,.F.);
#533=ORIENTED_EDGE('',*,*,#903,.T.);
#534=ORIENTED_EDGE('',*,*,#732,.F.);
#535=ORIENTED_EDGE('',*,*,#907,.F.);
#536=ORIENTED_EDGE('',*,*,#826,.F.);
#537=ORIENTED_EDGE('',*,*,#904,.T.);
#538=ORIENTED_EDGE('',*,*,#827,.F.);
#539=ORIENTED_EDGE('',*,*,#908,.F.);
#540=ORIENTED_EDGE('',*,*,#853,.F.);
#541=ORIENTED_EDGE('',*,*,#905,.T.);
#542=ORIENTED_EDGE('',*,*,#851,.F.);
#543=ORIENTED_EDGE('',*,*,#909,.F.);
#544=ORIENTED_EDGE('',*,*,#846,.F.);
#545=ORIENTED_EDGE('',*,*,#906,.T.);
#546=ORIENTED_EDGE('',*,*,#847,.F.);
#547=ORIENTED_EDGE('',*,*,#910,.F.);
#548=ORIENTED_EDGE('',*,*,#730,.F.);
#549=ORIENTED_EDGE('',*,*,#908,.T.);
#550=ORIENTED_EDGE('',*,*,#907,.T.);
#551=ORIENTED_EDGE('',*,*,#911,.F.);
#552=ORIENTED_EDGE('',*,*,#910,.T.);
#553=ORIENTED_EDGE('',*,*,#909,.T.);
#554=ORIENTED_EDGE('',*,*,#912,.F.);
#555=ORIENTED_EDGE('',*,*,#911,.T.);
#556=ORIENTED_EDGE('',*,*,#731,.F.);
#557=ORIENTED_EDGE('',*,*,#912,.T.);
#558=ORIENTED_EDGE('',*,*,#850,.F.);
#559=ORIENTED_EDGE('',*,*,#775,.F.);
#560=ORIENTED_EDGE('',*,*,#913,.T.);
#561=ORIENTED_EDGE('',*,*,#770,.F.);
#562=ORIENTED_EDGE('',*,*,#786,.F.);
#563=ORIENTED_EDGE('',*,*,#780,.F.);
#564=ORIENTED_EDGE('',*,*,#914,.T.);
#565=ORIENTED_EDGE('',*,*,#773,.F.);
#566=ORIENTED_EDGE('',*,*,#796,.F.);
#567=ORIENTED_EDGE('',*,*,#859,.F.);
#568=ORIENTED_EDGE('',*,*,#915,.T.);
#569=ORIENTED_EDGE('',*,*,#809,.F.);
#570=ORIENTED_EDGE('',*,*,#793,.F.);
#571=ORIENTED_EDGE('',*,*,#768,.F.);
#572=ORIENTED_EDGE('',*,*,#916,.T.);
#573=ORIENTED_EDGE('',*,*,#753,.F.);
#574=ORIENTED_EDGE('',*,*,#787,.F.);
#575=ORIENTED_EDGE('',*,*,#755,.F.);
#576=ORIENTED_EDGE('',*,*,#917,.T.);
#577=ORIENTED_EDGE('',*,*,#744,.F.);
#578=ORIENTED_EDGE('',*,*,#788,.F.);
#579=ORIENTED_EDGE('',*,*,#805,.F.);
#580=ORIENTED_EDGE('',*,*,#918,.T.);
#581=ORIENTED_EDGE('',*,*,#857,.F.);
#582=ORIENTED_EDGE('',*,*,#791,.F.);
#583=ORIENTED_EDGE('',*,*,#919,.F.);
#584=ORIENTED_EDGE('',*,*,#917,.F.);
#585=ORIENTED_EDGE('',*,*,#920,.F.);
#586=ORIENTED_EDGE('',*,*,#719,.F.);
#587=ORIENTED_EDGE('',*,*,#920,.T.);
#588=ORIENTED_EDGE('',*,*,#754,.F.);
#589=ORIENTED_EDGE('',*,*,#921,.F.);
#590=ORIENTED_EDGE('',*,*,#718,.F.);
#591=ORIENTED_EDGE('',*,*,#720,.F.);
#592=ORIENTED_EDGE('',*,*,#722,.F.);
#593=ORIENTED_EDGE('',*,*,#782,.F.);
#594=ORIENTED_EDGE('',*,*,#922,.F.);
#595=ORIENTED_EDGE('',*,*,#741,.F.);
#596=ORIENTED_EDGE('',*,*,#919,.T.);
#597=ORIENTED_EDGE('',*,*,#789,.F.);
#598=ORIENTED_EDGE('',*,*,#742,.F.);
#599=ORIENTED_EDGE('',*,*,#923,.F.);
#600=ORIENTED_EDGE('',*,*,#806,.F.);
#601=ORIENTED_EDGE('',*,*,#921,.T.);
#602=ORIENTED_EDGE('',*,*,#916,.F.);
#603=ORIENTED_EDGE('',*,*,#924,.F.);
#604=ORIENTED_EDGE('',*,*,#715,.F.);
#605=ORIENTED_EDGE('',*,*,#923,.T.);
#606=ORIENTED_EDGE('',*,*,#922,.T.);
#607=ORIENTED_EDGE('',*,*,#925,.F.);
#608=ORIENTED_EDGE('',*,*,#807,.T.);
#609=ORIENTED_EDGE('',*,*,#924,.T.);
#610=ORIENTED_EDGE('',*,*,#767,.F.);
#611=ORIENTED_EDGE('',*,*,#926,.F.);
#612=ORIENTED_EDGE('',*,*,#712,.F.);
#613=ORIENTED_EDGE('',*,*,#716,.F.);
#614=ORIENTED_EDGE('',*,*,#799,.F.);
#615=ORIENTED_EDGE('',*,*,#713,.F.);
#616=ORIENTED_EDGE('',*,*,#927,.F.);
#617=ORIENTED_EDGE('',*,*,#808,.F.);
#618=ORIENTED_EDGE('',*,*,#925,.T.);
#619=ORIENTED_EDGE('',*,*,#781,.F.);
#620=ORIENTED_EDGE('',*,*,#926,.T.);
#621=ORIENTED_EDGE('',*,*,#766,.T.);
#622=ORIENTED_EDGE('',*,*,#928,.F.);
#623=ORIENTED_EDGE('',*,*,#927,.T.);
#624=ORIENTED_EDGE('',*,*,#928,.T.);
#625=ORIENTED_EDGE('',*,*,#765,.F.);
#626=ORIENTED_EDGE('',*,*,#929,.F.);
#627=ORIENTED_EDGE('',*,*,#803,.F.);
#628=ORIENTED_EDGE('',*,*,#764,.F.);
#629=ORIENTED_EDGE('',*,*,#884,.F.);
#630=ORIENTED_EDGE('',*,*,#930,.F.);
#631=ORIENTED_EDGE('',*,*,#929,.T.);
#632=ORIENTED_EDGE('',*,*,#931,.F.);
#633=ORIENTED_EDGE('',*,*,#914,.F.);
#634=ORIENTED_EDGE('',*,*,#932,.F.);
#635=ORIENTED_EDGE('',*,*,#704,.F.);
#636=ORIENTED_EDGE('',*,*,#930,.T.);
#637=ORIENTED_EDGE('',*,*,#820,.F.);
#638=ORIENTED_EDGE('',*,*,#933,.F.);
#639=ORIENTED_EDGE('',*,*,#804,.F.);
#640=ORIENTED_EDGE('',*,*,#795,.F.);
#641=ORIENTED_EDGE('',*,*,#814,.F.);
#642=ORIENTED_EDGE('',*,*,#934,.F.);
#643=ORIENTED_EDGE('',*,*,#778,.F.);
#644=ORIENTED_EDGE('',*,*,#932,.T.);
#645=ORIENTED_EDGE('',*,*,#779,.F.);
#646=ORIENTED_EDGE('',*,*,#935,.F.);
#647=ORIENTED_EDGE('',*,*,#701,.F.);
#648=ORIENTED_EDGE('',*,*,#705,.F.);
#649=ORIENTED_EDGE('',*,*,#707,.F.);
#650=ORIENTED_EDGE('',*,*,#709,.F.);
#651=ORIENTED_EDGE('',*,*,#936,.F.);
#652=ORIENTED_EDGE('',*,*,#774,.F.);
#653=ORIENTED_EDGE('',*,*,#931,.T.);
#654=ORIENTED_EDGE('',*,*,#933,.T.);
#655=ORIENTED_EDGE('',*,*,#819,.F.);
#656=ORIENTED_EDGE('',*,*,#937,.F.);
#657=ORIENTED_EDGE('',*,*,#918,.F.);
#658=ORIENTED_EDGE('',*,*,#934,.T.);
#659=ORIENTED_EDGE('',*,*,#813,.T.);
#660=ORIENTED_EDGE('',*,*,#938,.F.);
#661=ORIENTED_EDGE('',*,*,#935,.T.);
#662=ORIENTED_EDGE('',*,*,#936,.T.);
#663=ORIENTED_EDGE('',*,*,#708,.F.);
#664=ORIENTED_EDGE('',*,*,#939,.F.);
#665=ORIENTED_EDGE('',*,*,#913,.F.);
#666=ORIENTED_EDGE('',*,*,#937,.T.);
#667=ORIENTED_EDGE('',*,*,#818,.F.);
#668=ORIENTED_EDGE('',*,*,#940,.F.);
#669=ORIENTED_EDGE('',*,*,#858,.F.);
#670=ORIENTED_EDGE('',*,*,#938,.T.);
#671=ORIENTED_EDGE('',*,*,#812,.F.);
#672=ORIENTED_EDGE('',*,*,#941,.F.);
#673=ORIENTED_EDGE('',*,*,#750,.F.);
#674=ORIENTED_EDGE('',*,*,#802,.F.);
#675=ORIENTED_EDGE('',*,*,#702,.F.);
#676=ORIENTED_EDGE('',*,*,#711,.F.);
#677=ORIENTED_EDGE('',*,*,#751,.F.);
#678=ORIENTED_EDGE('',*,*,#942,.F.);
#679=ORIENTED_EDGE('',*,*,#771,.F.);
#680=ORIENTED_EDGE('',*,*,#939,.T.);
#681=ORIENTED_EDGE('',*,*,#940,.T.);
#682=ORIENTED_EDGE('',*,*,#817,.F.);
#683=ORIENTED_EDGE('',*,*,#943,.F.);
#684=ORIENTED_EDGE('',*,*,#915,.F.);
#685=ORIENTED_EDGE('',*,*,#942,.T.);
#686=ORIENTED_EDGE('',*,*,#941,.T.);
#687=ORIENTED_EDGE('',*,*,#944,.F.);
#688=ORIENTED_EDGE('',*,*,#772,.T.);
#689=ORIENTED_EDGE('',*,*,#943,.T.);
#690=ORIENTED_EDGE('',*,*,#816,.F.);
#691=ORIENTED_EDGE('',*,*,#945,.F.);
#692=ORIENTED_EDGE('',*,*,#810,.F.);
#693=ORIENTED_EDGE('',*,*,#944,.T.);
#694=ORIENTED_EDGE('',*,*,#811,.F.);
#695=ORIENTED_EDGE('',*,*,#946,.F.);
#696=ORIENTED_EDGE('',*,*,#757,.F.);
#697=ORIENTED_EDGE('',*,*,#886,.F.);
#698=ORIENTED_EDGE('',*,*,#758,.F.);
#699=ORIENTED_EDGE('',*,*,#946,.T.);
#700=ORIENTED_EDGE('',*,*,#945,.T.);
#701=EDGE_CURVE('',#947,#948,#1092,.F.);
#702=EDGE_CURVE('',#948,#949,#1093,.T.);
#703=EDGE_CURVE('',#949,#947,#95,.T.);
#704=EDGE_CURVE('',#950,#951,#96,.T.);
#705=EDGE_CURVE('',#951,#947,#1094,.F.);
#706=EDGE_CURVE('',#947,#952,#97,.T.);
#707=EDGE_CURVE('',#952,#950,#1095,.T.);
#708=EDGE_CURVE('',#953,#954,#98,.T.);
#709=EDGE_CURVE('',#954,#952,#1096,.T.);
#710=EDGE_CURVE('',#952,#955,#99,.T.);
#711=EDGE_CURVE('',#955,#953,#1097,.T.);
#712=EDGE_CURVE('',#956,#957,#1098,.T.);
#713=EDGE_CURVE('',#957,#958,#1099,.F.);
#714=EDGE_CURVE('',#958,#956,#100,.T.);
#715=EDGE_CURVE('',#959,#960,#101,.T.);
#716=EDGE_CURVE('',#960,#956,#1100,.T.);
#717=EDGE_CURVE('',#956,#961,#102,.T.);
#718=EDGE_CURVE('',#961,#959,#1101,.F.);
#719=EDGE_CURVE('',#962,#963,#103,.T.);
#720=EDGE_CURVE('',#963,#961,#1102,.F.);
#721=EDGE_CURVE('',#961,#964,#104,.T.);
#722=EDGE_CURVE('',#964,#962,#1103,.F.);
#723=EDGE_CURVE('',#965,#966,#105,.T.);
#724=EDGE_CURVE('',#966,#967,#1104,.F.);
#725=EDGE_CURVE('',#967,#965,#1105,.F.);
#726=EDGE_CURVE('',#968,#969,#1106,.T.);
#727=EDGE_CURVE('',#969,#970,#1107,.F.);
#728=EDGE_CURVE('',#970,#968,#106,.T.);
#729=EDGE_CURVE('',#971,#972,#1108,.T.);
#730=EDGE_CURVE('',#972,#973,#1109,.F.);
#731=EDGE_CURVE('',#973,#974,#1110,.F.);
#732=EDGE_CURVE('',#974,#971,#1111,.T.);
#733=EDGE_CURVE('',#975,#976,#107,.F.);
#734=EDGE_CURVE('',#975,#977,#1112,.T.);
#735=EDGE_CURVE('',#978,#977,#108,.F.);
#736=EDGE_CURVE('',#978,#979,#1113,.F.);
#737=EDGE_CURVE('',#980,#979,#109,.F.);
#738=EDGE_CURVE('',#980,#981,#1114,.F.);
#739=EDGE_CURVE('',#982,#981,#110,.F.);
#740=EDGE_CURVE('',#982,#976,#1115,.T.);
#741=EDGE_CURVE('',#983,#984,#1116,.T.);
#742=EDGE_CURVE('',#984,#985,#1117,.T.);
#743=EDGE_CURVE('',#986,#985,#1118,.T.);
#744=EDGE_CURVE('',#986,#983,#1119,.F.);
#745=EDGE_CURVE('',#987,#988,#1120,.T.);
#746=EDGE_CURVE('',#988,#989,#1121,.T.);
#747=EDGE_CURVE('',#989,#990,#1122,.T.);
#748=EDGE_CURVE('',#991,#990,#1123,.T.);
#749=EDGE_CURVE('',#987,#991,#1124,.T.);
#750=EDGE_CURVE('',#992,#993,#1125,.T.);
#751=EDGE_CURVE('',#993,#955,#1126,.T.);
#752=EDGE_CURVE('',#955,#992,#111,.T.);
#753=EDGE_CURVE('',#994,#995,#1127,.F.);
#754=EDGE_CURVE('',#995,#996,#1128,.T.);
#755=EDGE_CURVE('',#996,#997,#1129,.T.);
#756=EDGE_CURVE('',#994,#997,#1130,.T.);
#757=EDGE_CURVE('',#998,#999,#1131,.F.);
#758=EDGE_CURVE('',#999,#1000,#93,.T.);
#759=EDGE_CURVE('',#1000,#1001,#1132,.T.);
#760=EDGE_CURVE('',#1001,#1002,#1133,.T.);
#761=EDGE_CURVE('',#1002,#1003,#112,.T.);
#762=EDGE_CURVE('',#1003,#1004,#1134,.F.);
#763=EDGE_CURVE('',#1004,#1005,#1135,.T.);
#764=EDGE_CURVE('',#1005,#1006,#94,.T.);
#765=EDGE_CURVE('',#1006,#1007,#1136,.T.);
#766=EDGE_CURVE('',#1008,#1007,#113,.F.);
#767=EDGE_CURVE('',#1008,#1009,#1137,.F.);
#768=EDGE_CURVE('',#1009,#1010,#1138,.T.);
#769=EDGE_CURVE('',#1010,#1011,#1139,.T.);
#770=EDGE_CURVE('',#1011,#1012,#1140,.F.);
#771=EDGE_CURVE('',#1012,#1013,#1141,.F.);
#772=EDGE_CURVE('',#998,#1013,#114,.F.);
#773=EDGE_CURVE('',#1014,#1015,#1142,.F.);
#774=EDGE_CURVE('',#1015,#1016,#1143,.F.);
#775=EDGE_CURVE('',#1016,#1017,#1144,.T.);
#776=EDGE_CURVE('',#1017,#1014,#1145,.T.);
#777=EDGE_CURVE('',#1018,#1019,#1146,.T.);
#778=EDGE_CURVE('',#1018,#1020,#1147,.F.);
#779=EDGE_CURVE('',#1020,#1021,#1148,.T.);
#780=EDGE_CURVE('',#1021,#1019,#1149,.T.);
#781=EDGE_CURVE('',#1022,#1023,#1150,.F.);
#782=EDGE_CURVE('',#1023,#964,#1151,.F.);
#783=EDGE_CURVE('',#964,#1022,#115,.T.);
#784=EDGE_CURVE('',#1024,#1024,#116,.F.);
#785=EDGE_CURVE('',#1025,#1025,#117,.F.);
#786=EDGE_CURVE('',#1017,#1011,#118,.F.);
#787=EDGE_CURVE('',#1010,#994,#119,.F.);
#788=EDGE_CURVE('',#997,#986,#120,.F.);
#789=EDGE_CURVE('',#985,#1026,#121,.T.);
#790=EDGE_CURVE('',#1027,#1026,#1152,.T.);
#791=EDGE_CURVE('',#1027,#1028,#122,.F.);
#792=EDGE_CURVE('',#1028,#1029,#1153,.T.);
#793=EDGE_CURVE('',#1029,#1030,#123,.F.);
#794=EDGE_CURVE('',#1030,#1031,#1154,.T.);
#795=EDGE_CURVE('',#1031,#1018,#124,.T.);
#796=EDGE_CURVE('',#1019,#1014,#125,.F.);
#797=EDGE_CURVE('',#1032,#1032,#126,.T.);
#798=EDGE_CURVE('',#1033,#1033,#127,.T.);
#799=EDGE_CURVE('',#958,#1022,#37,.T.);
#800=EDGE_CURVE('',#1034,#1034,#128,.T.);
#801=EDGE_CURVE('',#1035,#1035,#129,.T.);
#802=EDGE_CURVE('',#949,#992,#38,.T.);
#803=EDGE_CURVE('',#1036,#1037,#1155,.F.);
#804=EDGE_CURVE('',#1037,#1038,#1156,.F.);
#805=EDGE_CURVE('',#1038,#1027,#1157,.T.);
#806=EDGE_CURVE('',#1026,#1039,#1158,.F.);
#807=EDGE_CURVE('',#1040,#1039,#130,.F.);
#808=EDGE_CURVE('',#1040,#1036,#1159,.T.);
#809=EDGE_CURVE('',#1030,#1041,#1160,.F.);
#810=EDGE_CURVE('',#1041,#1042,#1161,.T.);
#811=EDGE_CURVE('',#1042,#1043,#1162,.T.);
#812=EDGE_CURVE('',#1043,#1044,#1163,.F.);
#813=EDGE_CURVE('',#1045,#1044,#131,.T.);
#814=EDGE_CURVE('',#1045,#1031,#1164,.T.);
#815=EDGE_CURVE('',#1046,#1047,#1165,.F.);
#816=EDGE_CURVE('',#1047,#1048,#1166,.F.);
#817=EDGE_CURVE('',#1048,#1049,#132,.F.);
#818=EDGE_CURVE('',#1049,#1050,#1167,.F.);
#819=EDGE_CURVE('',#1050,#1051,#133,.F.);
#820=EDGE_CURVE('',#1051,#1052,#1168,.T.);
#821=EDGE_CURVE('',#1052,#1053,#1169,.F.);
#822=EDGE_CURVE('',#1053,#1054,#1170,.F.);
#823=EDGE_CURVE('',#1054,#1055,#1171,.T.);
#824=EDGE_CURVE('',#1055,#1046,#1172,.T.);
#825=EDGE_CURVE('',#1056,#1057,#1173,.T.);
#826=EDGE_CURVE('',#1057,#1058,#1174,.F.);
#827=EDGE_CURVE('',#1058,#1059,#1175,.F.);
#828=EDGE_CURVE('',#1059,#1056,#1176,.T.);
#829=EDGE_CURVE('',#1060,#1061,#1177,.T.);
#830=EDGE_CURVE('',#1062,#1060,#1178,.T.);
#831=EDGE_CURVE('',#1062,#1063,#1179,.T.);
#832=EDGE_CURVE('',#1063,#1064,#1180,.T.);
#833=EDGE_CURVE('',#1061,#1064,#1181,.T.);
#834=EDGE_CURVE('',#1060,#988,#1182,.T.);
#835=EDGE_CURVE('',#1062,#987,#1183,.T.);
#836=EDGE_CURVE('',#1065,#1066,#1184,.T.);
#837=EDGE_CURVE('',#1065,#1067,#134,.F.);
#838=EDGE_CURVE('',#1067,#1068,#1185,.T.);
#839=EDGE_CURVE('',#1068,#1069,#135,.F.);
#840=EDGE_CURVE('',#1069,#1070,#1186,.T.);
#841=EDGE_CURVE('',#1070,#1071,#136,.F.);
#842=EDGE_CURVE('',#1072,#1071,#1187,.T.);
#843=EDGE_CURVE('',#1072,#1066,#137,.F.);
#844=EDGE_CURVE('',#1064,#990,#1188,.T.);
#845=EDGE_CURVE('',#1063,#991,#1189,.T.);
#846=EDGE_CURVE('',#1073,#1074,#1190,.T.);
#847=EDGE_CURVE('',#1074,#1075,#1191,.T.);
#848=EDGE_CURVE('',#1075,#1076,#1192,.F.);
#849=EDGE_CURVE('',#1076,#1073,#1193,.F.);
#850=EDGE_CURVE('',#1077,#1078,#1194,.T.);
#851=EDGE_CURVE('',#1078,#1079,#1195,.F.);
#852=EDGE_CURVE('',#1079,#1080,#1196,.F.);
#853=EDGE_CURVE('',#1080,#1077,#1197,.T.);
#854=EDGE_CURVE('',#1081,#1081,#138,.F.);
#855=EDGE_CURVE('',#1061,#989,#139,.T.);
#856=EDGE_CURVE('',#989,#1061,#140,.T.);
#857=EDGE_CURVE('',#1028,#1082,#1198,.F.);
#858=EDGE_CURVE('',#1082,#1083,#1199,.T.);
#859=EDGE_CURVE('',#1083,#1029,#1200,.T.);
#860=EDGE_CURVE('',#1067,#1084,#1201,.T.);
#861=EDGE_CURVE('',#1084,#1085,#1202,.T.);
#862=EDGE_CURVE('',#1085,#1068,#1203,.F.);
#863=EDGE_CURVE('',#1086,#1087,#1204,.T.);
#864=EDGE_CURVE('',#1087,#1070,#1205,.F.);
#865=EDGE_CURVE('',#1069,#1086,#1206,.T.);
#866=EDGE_CURVE('',#1066,#1088,#1207,.T.);
#867=EDGE_CURVE('',#1088,#1089,#1208,.F.);
#868=EDGE_CURVE('',#1089,#1065,#1209,.F.);
#869=EDGE_CURVE('',#1071,#1090,#1210,.T.);
#870=EDGE_CURVE('',#1090,#1091,#1211,.F.);
#871=EDGE_CURVE('',#1091,#1072,#1212,.F.);
#872=EDGE_CURVE('',#1084,#1089,#141,.T.);
#873=EDGE_CURVE('',#1084,#981,#142,.F.);
#874=EDGE_CURVE('',#982,#1089,#143,.F.);
#875=EDGE_CURVE('',#1088,#1091,#144,.T.);
#876=EDGE_CURVE('',#976,#1088,#145,.T.);
#877=EDGE_CURVE('',#1085,#980,#146,.T.);
#878=EDGE_CURVE('',#1086,#1085,#147,.T.);
#879=EDGE_CURVE('',#975,#1091,#148,.F.);
#880=EDGE_CURVE('',#1086,#979,#149,.F.);
#881=EDGE_CURVE('',#977,#1090,#150,.T.);
#882=EDGE_CURVE('',#1087,#978,#151,.T.);
#883=EDGE_CURVE('',#1087,#1090,#152,.F.);
#884=EDGE_CURVE('',#1052,#1005,#153,.T.);
#885=EDGE_CURVE('',#1053,#1004,#154,.T.);
#886=EDGE_CURVE('',#1000,#1047,#155,.T.);
#887=EDGE_CURVE('',#1001,#1046,#156,.T.);
#888=EDGE_CURVE('',#1053,#1056,#157,.F.);
#889=EDGE_CURVE('',#1056,#1004,#158,.F.);
#890=EDGE_CURVE('',#1001,#1076,#159,.F.);
#891=EDGE_CURVE('',#1076,#1046,#160,.F.);
#892=EDGE_CURVE('',#966,#970,#39,.T.);
#893=EDGE_CURVE('',#1003,#965,#40,.T.);
#894=EDGE_CURVE('',#968,#1002,#41,.T.);
#895=EDGE_CURVE('',#1057,#967,#161,.T.);
#896=EDGE_CURVE('',#1054,#1059,#162,.T.);
#897=EDGE_CURVE('',#1055,#1079,#163,.T.);
#898=EDGE_CURVE('',#1080,#1054,#164,.T.);
#899=EDGE_CURVE('',#1073,#1055,#165,.T.);
#900=EDGE_CURVE('',#969,#1075,#166,.T.);
#901=EDGE_CURVE('',#967,#971,#167,.T.);
#902=EDGE_CURVE('',#972,#969,#168,.T.);
#903=EDGE_CURVE('',#1057,#971,#169,.F.);
#904=EDGE_CURVE('',#1080,#1059,#170,.F.);
#905=EDGE_CURVE('',#1073,#1079,#171,.F.);
#906=EDGE_CURVE('',#972,#1075,#172,.F.);
#907=EDGE_CURVE('',#1058,#974,#173,.T.);
#908=EDGE_CURVE('',#1077,#1058,#174,.T.);
#909=EDGE_CURVE('',#1074,#1078,#175,.T.);
#910=EDGE_CURVE('',#973,#1074,#176,.T.);
#911=EDGE_CURVE('',#1077,#974,#177,.F.);
#912=EDGE_CURVE('',#973,#1078,#178,.F.);
#913=EDGE_CURVE('',#1016,#1012,#179,.F.);
#914=EDGE_CURVE('',#1021,#1015,#180,.F.);
#915=EDGE_CURVE('',#1083,#1041,#181,.T.);
#916=EDGE_CURVE('',#1009,#995,#182,.F.);
#917=EDGE_CURVE('',#996,#983,#183,.F.);
#918=EDGE_CURVE('',#1038,#1082,#184,.T.);
#919=EDGE_CURVE('',#983,#962,#185,.T.);
#920=EDGE_CURVE('',#963,#996,#186,.T.);
#921=EDGE_CURVE('',#959,#995,#187,.T.);
#922=EDGE_CURVE('',#984,#1023,#188,.T.);
#923=EDGE_CURVE('',#1039,#984,#189,.T.);
#924=EDGE_CURVE('',#960,#1009,#190,.T.);
#925=EDGE_CURVE('',#1040,#1023,#191,.F.);
#926=EDGE_CURVE('',#957,#1008,#192,.T.);
#927=EDGE_CURVE('',#1036,#957,#193,.T.);
#928=EDGE_CURVE('',#1036,#1007,#194,.F.);
#929=EDGE_CURVE('',#1037,#1006,#42,.F.);
#930=EDGE_CURVE('',#1037,#1052,#43,.T.);
#931=EDGE_CURVE('',#1015,#950,#195,.T.);
#932=EDGE_CURVE('',#951,#1021,#196,.T.);
#933=EDGE_CURVE('',#1038,#1051,#197,.T.);
#934=EDGE_CURVE('',#1020,#1045,#198,.T.);
#935=EDGE_CURVE('',#948,#1020,#199,.F.);
#936=EDGE_CURVE('',#1016,#954,#200,.T.);
#937=EDGE_CURVE('',#1082,#1050,#201,.T.);
#938=EDGE_CURVE('',#948,#1044,#202,.F.);
#939=EDGE_CURVE('',#1012,#953,#203,.T.);
#940=EDGE_CURVE('',#1083,#1049,#204,.T.);
#941=EDGE_CURVE('',#993,#1043,#205,.T.);
#942=EDGE_CURVE('',#1013,#993,#206,.T.);
#943=EDGE_CURVE('',#1041,#1048,#207,.T.);
#944=EDGE_CURVE('',#998,#1043,#208,.F.);
#945=EDGE_CURVE('',#1042,#1047,#44,.F.);
#946=EDGE_CURVE('',#999,#1042,#45,.F.);
#947=VERTEX_POINT('',#2519);
#948=VERTEX_POINT('',#2520);
#949=VERTEX_POINT('',#2522);
#950=VERTEX_POINT('',#2526);
#951=VERTEX_POINT('',#2527);
#952=VERTEX_POINT('',#2530);
#953=VERTEX_POINT('',#2534);
#954=VERTEX_POINT('',#2535);
#955=VERTEX_POINT('',#2538);
#956=VERTEX_POINT('',#2542);
#957=VERTEX_POINT('',#2543);
#958=VERTEX_POINT('',#2545);
#959=VERTEX_POINT('',#2549);
#960=VERTEX_POINT('',#2550);
#961=VERTEX_POINT('',#2553);
#962=VERTEX_POINT('',#2557);
#963=VERTEX_POINT('',#2558);
#964=VERTEX_POINT('',#2561);
#965=VERTEX_POINT('',#2565);
#966=VERTEX_POINT('',#2566);
#967=VERTEX_POINT('',#2568);
#968=VERTEX_POINT('',#2572);
#969=VERTEX_POINT('',#2573);
#970=VERTEX_POINT('',#2575);
#971=VERTEX_POINT('',#2579);
#972=VERTEX_POINT('',#2580);
#973=VERTEX_POINT('',#2582);
#974=VERTEX_POINT('',#2584);
#975=VERTEX_POINT('',#2587);
#976=VERTEX_POINT('',#2588);
#977=VERTEX_POINT('',#2590);
#978=VERTEX_POINT('',#2592);
#979=VERTEX_POINT('',#2594);
#980=VERTEX_POINT('',#2596);
#981=VERTEX_POINT('',#2598);
#982=VERTEX_POINT('',#2600);
#983=VERTEX_POINT('',#2604);
#984=VERTEX_POINT('',#2605);
#985=VERTEX_POINT('',#2607);
#986=VERTEX_POINT('',#2609);
#987=VERTEX_POINT('',#2613);
#988=VERTEX_POINT('',#2614);
#989=VERTEX_POINT('',#2616);
#990=VERTEX_POINT('',#2618);
#991=VERTEX_POINT('',#2620);
#992=VERTEX_POINT('',#2624);
#993=VERTEX_POINT('',#2625);
#994=VERTEX_POINT('',#2630);
#995=VERTEX_POINT('',#2631);
#996=VERTEX_POINT('',#2633);
#997=VERTEX_POINT('',#2635);
#998=VERTEX_POINT('',#2639);
#999=VERTEX_POINT('',#2640);
#1000=VERTEX_POINT('',#2653);
#1001=VERTEX_POINT('',#2655);
#1002=VERTEX_POINT('',#2657);
#1003=VERTEX_POINT('',#2659);
#1004=VERTEX_POINT('',#2661);
#1005=VERTEX_POINT('',#2663);
#1006=VERTEX_POINT('',#2676);
#1007=VERTEX_POINT('',#2678);
#1008=VERTEX_POINT('',#2680);
#1009=VERTEX_POINT('',#2682);
#1010=VERTEX_POINT('',#2684);
#1011=VERTEX_POINT('',#2686);
#1012=VERTEX_POINT('',#2688);
#1013=VERTEX_POINT('',#2690);
#1014=VERTEX_POINT('',#2694);
#1015=VERTEX_POINT('',#2695);
#1016=VERTEX_POINT('',#2697);
#1017=VERTEX_POINT('',#2699);
#1018=VERTEX_POINT('',#2703);
#1019=VERTEX_POINT('',#2704);
#1020=VERTEX_POINT('',#2706);
#1021=VERTEX_POINT('',#2708);
#1022=VERTEX_POINT('',#2712);
#1023=VERTEX_POINT('',#2713);
#1024=VERTEX_POINT('',#2718);
#1025=VERTEX_POINT('',#2720);
#1026=VERTEX_POINT('',#2725);
#1027=VERTEX_POINT('',#2727);
#1028=VERTEX_POINT('',#2729);
#1029=VERTEX_POINT('',#2731);
#1030=VERTEX_POINT('',#2733);
#1031=VERTEX_POINT('',#2735);
#1032=VERTEX_POINT('',#2740);
#1033=VERTEX_POINT('',#2743);
#1034=VERTEX_POINT('',#2754);
#1035=VERTEX_POINT('',#2757);
#1036=VERTEX_POINT('',#2768);
#1037=VERTEX_POINT('',#2769);
#1038=VERTEX_POINT('',#2771);
#1039=VERTEX_POINT('',#2774);
#1040=VERTEX_POINT('',#2776);
#1041=VERTEX_POINT('',#2780);
#1042=VERTEX_POINT('',#2782);
#1043=VERTEX_POINT('',#2784);
#1044=VERTEX_POINT('',#2786);
#1045=VERTEX_POINT('',#2788);
#1046=VERTEX_POINT('',#2792);
#1047=VERTEX_POINT('',#2793);
#1048=VERTEX_POINT('',#2795);
#1049=VERTEX_POINT('',#2797);
#1050=VERTEX_POINT('',#2799);
#1051=VERTEX_POINT('',#2801);
#1052=VERTEX_POINT('',#2803);
#1053=VERTEX_POINT('',#2805);
#1054=VERTEX_POINT('',#2807);
#1055=VERTEX_POINT('',#2809);
#1056=VERTEX_POINT('',#2813);
#1057=VERTEX_POINT('',#2814);
#1058=VERTEX_POINT('',#2816);
#1059=VERTEX_POINT('',#2818);
#1060=VERTEX_POINT('',#2822);
#1061=VERTEX_POINT('',#2823);
#1062=VERTEX_POINT('',#2825);
#1063=VERTEX_POINT('',#2827);
#1064=VERTEX_POINT('',#2829);
#1065=VERTEX_POINT('',#2836);
#1066=VERTEX_POINT('',#2837);
#1067=VERTEX_POINT('',#2839);
#1068=VERTEX_POINT('',#2841);
#1069=VERTEX_POINT('',#2843);
#1070=VERTEX_POINT('',#2845);
#1071=VERTEX_POINT('',#2847);
#1072=VERTEX_POINT('',#2849);
#1073=VERTEX_POINT('',#2855);
#1074=VERTEX_POINT('',#2856);
#1075=VERTEX_POINT('',#2858);
#1076=VERTEX_POINT('',#2860);
#1077=VERTEX_POINT('',#2864);
#1078=VERTEX_POINT('',#2865);
#1079=VERTEX_POINT('',#2867);
#1080=VERTEX_POINT('',#2869);
#1081=VERTEX_POINT('',#2873);
#1082=VERTEX_POINT('',#2880);
#1083=VERTEX_POINT('',#2882);
#1084=VERTEX_POINT('',#2886);
#1085=VERTEX_POINT('',#2888);
#1086=VERTEX_POINT('',#2892);
#1087=VERTEX_POINT('',#2893);
#1088=VERTEX_POINT('',#2898);
#1089=VERTEX_POINT('',#2900);
#1090=VERTEX_POINT('',#2904);
#1091=VERTEX_POINT('',#2906);
#1092=LINE('',#2518,#1213);
#1093=LINE('',#2521,#1214);
#1094=LINE('',#2528,#1215);
#1095=LINE('',#2531,#1216);
#1096=LINE('',#2536,#1217);
#1097=LINE('',#2539,#1218);
#1098=LINE('',#2541,#1219);
#1099=LINE('',#2544,#1220);
#1100=LINE('',#2551,#1221);
#1101=LINE('',#2554,#1222);
#1102=LINE('',#2559,#1223);
#1103=LINE('',#2562,#1224);
#1104=LINE('',#2567,#1225);
#1105=LINE('',#2569,#1226);
#1106=LINE('',#2571,#1227);
#1107=LINE('',#2574,#1228);
#1108=LINE('',#2578,#1229);
#1109=LINE('',#2581,#1230);
#1110=LINE('',#2583,#1231);
#1111=LINE('',#2585,#1232);
#1112=LINE('',#2589,#1233);
#1113=LINE('',#2593,#1234);
#1114=LINE('',#2597,#1235);
#1115=LINE('',#2601,#1236);
#1116=LINE('',#2603,#1237);
#1117=LINE('',#2606,#1238);
#1118=LINE('',#2608,#1239);
#1119=LINE('',#2610,#1240);
#1120=LINE('',#2612,#1241);
#1121=LINE('',#2615,#1242);
#1122=LINE('',#2617,#1243);
#1123=LINE('',#2619,#1244);
#1124=LINE('',#2621,#1245);
#1125=LINE('',#2623,#1246);
#1126=LINE('',#2626,#1247);
#1127=LINE('',#2629,#1248);
#1128=LINE('',#2632,#1249);
#1129=LINE('',#2634,#1250);
#1130=LINE('',#2636,#1251);
#1131=LINE('',#2638,#1252);
#1132=LINE('',#2654,#1253);
#1133=LINE('',#2656,#1254);
#1134=LINE('',#2660,#1255);
#1135=LINE('',#2662,#1256);
#1136=LINE('',#2677,#1257);
#1137=LINE('',#2681,#1258);
#1138=LINE('',#2683,#1259);
#1139=LINE('',#2685,#1260);
#1140=LINE('',#2687,#1261);
#1141=LINE('',#2689,#1262);
#1142=LINE('',#2693,#1263);
#1143=LINE('',#2696,#1264);
#1144=LINE('',#2698,#1265);
#1145=LINE('',#2700,#1266);
#1146=LINE('',#2702,#1267);
#1147=LINE('',#2705,#1268);
#1148=LINE('',#2707,#1269);
#1149=LINE('',#2709,#1270);
#1150=LINE('',#2711,#1271);
#1151=LINE('',#2714,#1272);
#1152=LINE('',#2726,#1273);
#1153=LINE('',#2730,#1274);
#1154=LINE('',#2734,#1275);
#1155=LINE('',#2767,#1276);
#1156=LINE('',#2770,#1277);
#1157=LINE('',#2772,#1278);
#1158=LINE('',#2773,#1279);
#1159=LINE('',#2777,#1280);
#1160=LINE('',#2779,#1281);
#1161=LINE('',#2781,#1282);
#1162=LINE('',#2783,#1283);
#1163=LINE('',#2785,#1284);
#1164=LINE('',#2789,#1285);
#1165=LINE('',#2791,#1286);
#1166=LINE('',#2794,#1287);
#1167=LINE('',#2798,#1288);
#1168=LINE('',#2802,#1289);
#1169=LINE('',#2804,#1290);
#1170=LINE('',#2806,#1291);
#1171=LINE('',#2808,#1292);
#1172=LINE('',#2810,#1293);
#1173=LINE('',#2812,#1294);
#1174=LINE('',#2815,#1295);
#1175=LINE('',#2817,#1296);
#1176=LINE('',#2819,#1297);
#1177=LINE('',#2821,#1298);
#1178=LINE('',#2824,#1299);
#1179=LINE('',#2826,#1300);
#1180=LINE('',#2828,#1301);
#1181=LINE('',#2830,#1302);
#1182=LINE('',#2832,#1303);
#1183=LINE('',#2833,#1304);
#1184=LINE('',#2835,#1305);
#1185=LINE('',#2840,#1306);
#1186=LINE('',#2844,#1307);
#1187=LINE('',#2848,#1308);
#1188=LINE('',#2851,#1309);
#1189=LINE('',#2852,#1310);
#1190=LINE('',#2854,#1311);
#1191=LINE('',#2857,#1312);
#1192=LINE('',#2859,#1313);
#1193=LINE('',#2861,#1314);
#1194=LINE('',#2863,#1315);
#1195=LINE('',#2866,#1316);
#1196=LINE('',#2868,#1317);
#1197=LINE('',#2870,#1318);
#1198=LINE('',#2879,#1319);
#1199=LINE('',#2881,#1320);
#1200=LINE('',#2883,#1321);
#1201=LINE('',#2885,#1322);
#1202=LINE('',#2887,#1323);
#1203=LINE('',#2889,#1324);
#1204=LINE('',#2891,#1325);
#1205=LINE('',#2894,#1326);
#1206=LINE('',#2895,#1327);
#1207=LINE('',#2897,#1328);
#1208=LINE('',#2899,#1329);
#1209=LINE('',#2901,#1330);
#1210=LINE('',#2903,#1331);
#1211=LINE('',#2905,#1332);
#1212=LINE('',#2907,#1333);
#1213=VECTOR('',#1957,1.);
#1214=VECTOR('',#1958,1.);
#1215=VECTOR('',#1965,1.);
#1216=VECTOR('',#1968,1.);
#1217=VECTOR('',#1973,1.);
#1218=VECTOR('',#1976,1.);
#1219=VECTOR('',#1979,1.);
#1220=VECTOR('',#1980,1.);
#1221=VECTOR('',#1987,1.);
#1222=VECTOR('',#1990,1.);
#1223=VECTOR('',#1995,1.);
#1224=VECTOR('',#1998,1.);
#1225=VECTOR('',#2003,1.);
#1226=VECTOR('',#2004,1.);
#1227=VECTOR('',#2007,1.);
#1228=VECTOR('',#2008,1.);
#1229=VECTOR('',#2013,1.);
#1230=VECTOR('',#2014,1.);
#1231=VECTOR('',#2015,1.);
#1232=VECTOR('',#2016,1.);
#1233=VECTOR('',#2019,1.);
#1234=VECTOR('',#2022,1.);
#1235=VECTOR('',#2025,1.);
#1236=VECTOR('',#2028,1.);
#1237=VECTOR('',#2031,1.);
#1238=VECTOR('',#2032,1.);
#1239=VECTOR('',#2033,1.);
#1240=VECTOR('',#2034,1.);
#1241=VECTOR('',#2037,1.);
#1242=VECTOR('',#2038,1.);
#1243=VECTOR('',#2039,1.);
#1244=VECTOR('',#2040,1.);
#1245=VECTOR('',#2041,1.);
#1246=VECTOR('',#2044,1.);
#1247=VECTOR('',#2045,1.);
#1248=VECTOR('',#2050,1.);
#1249=VECTOR('',#2051,1.);
#1250=VECTOR('',#2052,1.);
#1251=VECTOR('',#2053,1.);
#1252=VECTOR('',#2056,1.);
#1253=VECTOR('',#2057,1.);
#1254=VECTOR('',#2058,1.);
#1255=VECTOR('',#2061,1.);
#1256=VECTOR('',#2062,1.);
#1257=VECTOR('',#2063,1.);
#1258=VECTOR('',#2066,1.);
#1259=VECTOR('',#2067,1.);
#1260=VECTOR('',#2068,1.);
#1261=VECTOR('',#2069,1.);
#1262=VECTOR('',#2070,1.);
#1263=VECTOR('',#2075,1.);
#1264=VECTOR('',#2076,1.);
#1265=VECTOR('',#2077,1.);
#1266=VECTOR('',#2078,1.);
#1267=VECTOR('',#2081,1.);
#1268=VECTOR('',#2082,1.);
#1269=VECTOR('',#2083,1.);
#1270=VECTOR('',#2084,1.);
#1271=VECTOR('',#2087,1.);
#1272=VECTOR('',#2088,1.);
#1273=VECTOR('',#2105,1.);
#1274=VECTOR('',#2108,1.);
#1275=VECTOR('',#2111,1.);
#1276=VECTOR('',#2138,1.);
#1277=VECTOR('',#2139,1.);
#1278=VECTOR('',#2140,1.);
#1279=VECTOR('',#2141,1.);
#1280=VECTOR('',#2144,1.);
#1281=VECTOR('',#2147,1.);
#1282=VECTOR('',#2148,1.);
#1283=VECTOR('',#2149,1.);
#1284=VECTOR('',#2150,1.);
#1285=VECTOR('',#2153,1.);
#1286=VECTOR('',#2156,1.);
#1287=VECTOR('',#2157,1.);
#1288=VECTOR('',#2160,1.);
#1289=VECTOR('',#2163,1.);
#1290=VECTOR('',#2164,1.);
#1291=VECTOR('',#2165,1.);
#1292=VECTOR('',#2166,1.);
#1293=VECTOR('',#2167,1.);
#1294=VECTOR('',#2170,1.);
#1295=VECTOR('',#2171,1.);
#1296=VECTOR('',#2172,1.);
#1297=VECTOR('',#2173,1.);
#1298=VECTOR('',#2176,1.);
#1299=VECTOR('',#2177,1.);
#1300=VECTOR('',#2178,1.);
#1301=VECTOR('',#2179,1.);
#1302=VECTOR('',#2180,1.);
#1303=VECTOR('',#2183,1.);
#1304=VECTOR('',#2184,1.);
#1305=VECTOR('',#2187,1.);
#1306=VECTOR('',#2190,1.);
#1307=VECTOR('',#2193,1.);
#1308=VECTOR('',#2196,1.);
#1309=VECTOR('',#2199,1.);
#1310=VECTOR('',#2200,1.);
#1311=VECTOR('',#2203,1.);
#1312=VECTOR('',#2204,1.);
#1313=VECTOR('',#2205,1.);
#1314=VECTOR('',#2206,1.);
#1315=VECTOR('',#2209,1.);
#1316=VECTOR('',#2210,1.);
#1317=VECTOR('',#2211,1.);
#1318=VECTOR('',#2212,1.);
#1319=VECTOR('',#2227,1.);
#1320=VECTOR('',#2228,1.);
#1321=VECTOR('',#2229,1.);
#1322=VECTOR('',#2232,1.);
#1323=VECTOR('',#2233,1.);
#1324=VECTOR('',#2234,1.);
#1325=VECTOR('',#2237,1.);
#1326=VECTOR('',#2238,1.);
#1327=VECTOR('',#2239,1.);
#1328=VECTOR('',#2242,1.);
#1329=VECTOR('',#2243,1.);
#1330=VECTOR('',#2244,1.);
#1331=VECTOR('',#2247,1.);
#1332=VECTOR('',#2248,1.);
#1333=VECTOR('',#2249,1.);
#1334=EDGE_LOOP('',(#209,#210,#211));
#1335=EDGE_LOOP('',(#212,#213,#214,#215));
#1336=EDGE_LOOP('',(#216,#217,#218,#219));
#1337=EDGE_LOOP('',(#220,#221,#222));
#1338=EDGE_LOOP('',(#223,#224,#225,#226));
#1339=EDGE_LOOP('',(#227,#228,#229,#230));
#1340=EDGE_LOOP('',(#231,#232,#233));
#1341=EDGE_LOOP('',(#234,#235,#236));
#1342=EDGE_LOOP('',(#237,#238,#239,#240));
#1343=EDGE_LOOP('',(#241,#242,#243,#244,#245,#246,#247,#248));
#1344=EDGE_LOOP('',(#249,#250,#251,#252));
#1345=EDGE_LOOP('',(#253,#254,#255,#256,#257));
#1346=EDGE_LOOP('',(#258,#259,#260));
#1347=EDGE_LOOP('',(#261,#262,#263,#264));
#1348=EDGE_LOOP('',(#265,#266,#267,#268,#269,#270,#271,#272,#273,#274,#275,
#276,#277,#278,#279,#280));
#1349=EDGE_LOOP('',(#281,#282,#283,#284));
#1350=EDGE_LOOP('',(#285,#286,#287,#288));
#1351=EDGE_LOOP('',(#289,#290,#291));
#1352=EDGE_LOOP('',(#292));
#1353=EDGE_LOOP('',(#293));
#1354=EDGE_LOOP('',(#294,#295,#296,#297,#298,#299,#300,#301,#302,#303,#304,
#305,#306,#307,#308,#309));
#1355=EDGE_LOOP('',(#310));
#1356=EDGE_LOOP('',(#311));
#1357=EDGE_LOOP('',(#312));
#1358=EDGE_LOOP('',(#313));
#1359=EDGE_LOOP('',(#314));
#1360=EDGE_LOOP('',(#315,#316,#317,#318,#319));
#1361=EDGE_LOOP('',(#320));
#1362=EDGE_LOOP('',(#321));
#1363=EDGE_LOOP('',(#322));
#1364=EDGE_LOOP('',(#323));
#1365=EDGE_LOOP('',(#324));
#1366=EDGE_LOOP('',(#325,#326,#327,#328,#329));
#1367=EDGE_LOOP('',(#330,#331,#332,#333,#334,#335,#336));
#1368=EDGE_LOOP('',(#337,#338,#339,#340,#341,#342,#343));
#1369=EDGE_LOOP('',(#344,#345,#346,#347,#348,#349,#350,#351,#352,#353));
#1370=EDGE_LOOP('',(#354,#355,#356,#357));
#1371=EDGE_LOOP('',(#358,#359,#360,#361,#362));
#1372=EDGE_LOOP('',(#363,#364,#365,#366));
#1373=EDGE_LOOP('',(#367,#368,#369,#370,#371,#372,#373,#374));
#1374=EDGE_LOOP('',(#375,#376,#377,#378));
#1375=EDGE_LOOP('',(#379,#380,#381,#382));
#1376=EDGE_LOOP('',(#383,#384,#385,#386));
#1377=EDGE_LOOP('',(#387,#388,#389,#390));
#1378=EDGE_LOOP('',(#391));
#1379=EDGE_LOOP('',(#392,#393));
#1380=EDGE_LOOP('',(#394,#395,#396,#397));
#1381=EDGE_LOOP('',(#398,#399,#400,#401));
#1382=EDGE_LOOP('',(#402,#403,#404,#405));
#1383=EDGE_LOOP('',(#406,#407,#408,#409));
#1384=EDGE_LOOP('',(#410,#411,#412,#413));
#1385=EDGE_LOOP('',(#414,#415,#416,#417));
#1386=EDGE_LOOP('',(#418,#419,#420,#421));
#1387=EDGE_LOOP('',(#422,#423,#424,#425));
#1388=EDGE_LOOP('',(#426,#427,#428,#429));
#1389=EDGE_LOOP('',(#430,#431,#432,#433));
#1390=EDGE_LOOP('',(#434,#435,#436,#437));
#1391=EDGE_LOOP('',(#438,#439,#440,#441));
#1392=EDGE_LOOP('',(#442,#443,#444,#445));
#1393=EDGE_LOOP('',(#446,#447,#448,#449));
#1394=EDGE_LOOP('',(#450,#451,#452,#453));
#1395=EDGE_LOOP('',(#454,#455,#456,#457));
#1396=EDGE_LOOP('',(#458,#459,#460,#461));
#1397=EDGE_LOOP('',(#462,#463,#464,#465));
#1398=EDGE_LOOP('',(#466,#467,#468,#469));
#1399=EDGE_LOOP('',(#470,#471,#472,#473));
#1400=EDGE_LOOP('',(#474,#475,#476,#477));
#1401=EDGE_LOOP('',(#478,#479,#480));
#1402=EDGE_LOOP('',(#481,#482,#483));
#1403=EDGE_LOOP('',(#484));
#1404=EDGE_LOOP('',(#485,#486,#487,#488,#489,#490));
#1405=EDGE_LOOP('',(#491,#492,#493,#494,#495,#496));
#1406=EDGE_LOOP('',(#497,#498,#499,#500));
#1407=EDGE_LOOP('',(#501,#502,#503,#504));
#1408=EDGE_LOOP('',(#505,#506,#507,#508));
#1409=EDGE_LOOP('',(#509,#510,#511,#512,#513,#514));
#1410=EDGE_LOOP('',(#515,#516,#517,#518,#519,#520));
#1411=EDGE_LOOP('',(#521,#522,#523));
#1412=EDGE_LOOP('',(#524,#525,#526));
#1413=EDGE_LOOP('',(#527,#528,#529));
#1414=EDGE_LOOP('',(#530,#531,#532));
#1415=EDGE_LOOP('',(#533,#534,#535,#536));
#1416=EDGE_LOOP('',(#537,#538,#539,#540));
#1417=EDGE_LOOP('',(#541,#542,#543,#544));
#1418=EDGE_LOOP('',(#545,#546,#547,#548));
#1419=EDGE_LOOP('',(#549,#550,#551));
#1420=EDGE_LOOP('',(#552,#553,#554));
#1421=EDGE_LOOP('',(#555,#556,#557,#558));
#1422=EDGE_LOOP('',(#559,#560,#561,#562));
#1423=EDGE_LOOP('',(#563,#564,#565,#566));
#1424=EDGE_LOOP('',(#567,#568,#569,#570));
#1425=EDGE_LOOP('',(#571,#572,#573,#574));
#1426=EDGE_LOOP('',(#575,#576,#577,#578));
#1427=EDGE_LOOP('',(#579,#580,#581,#582));
#1428=EDGE_LOOP('',(#583,#584,#585,#586));
#1429=EDGE_LOOP('',(#587,#588,#589,#590,#591));
#1430=EDGE_LOOP('',(#592,#593,#594,#595,#596));
#1431=EDGE_LOOP('',(#597,#598,#599,#600));
#1432=EDGE_LOOP('',(#601,#602,#603,#604));
#1433=EDGE_LOOP('',(#605,#606,#607,#608));
#1434=EDGE_LOOP('',(#609,#610,#611,#612,#613));
#1435=EDGE_LOOP('',(#614,#615,#616,#617,#618,#619));
#1436=EDGE_LOOP('',(#620,#621,#622,#623));
#1437=EDGE_LOOP('',(#624,#625,#626,#627));
#1438=EDGE_LOOP('',(#628,#629,#630,#631));
#1439=EDGE_LOOP('',(#632,#633,#634,#635));
#1440=EDGE_LOOP('',(#636,#637,#638,#639));
#1441=EDGE_LOOP('',(#640,#641,#642,#643));
#1442=EDGE_LOOP('',(#644,#645,#646,#647,#648));
#1443=EDGE_LOOP('',(#649,#650,#651,#652,#653));
#1444=EDGE_LOOP('',(#654,#655,#656,#657));
#1445=EDGE_LOOP('',(#658,#659,#660,#661));
#1446=EDGE_LOOP('',(#662,#663,#664,#665));
#1447=EDGE_LOOP('',(#666,#667,#668,#669));
#1448=EDGE_LOOP('',(#670,#671,#672,#673,#674,#675));
#1449=EDGE_LOOP('',(#676,#677,#678,#679,#680));
#1450=EDGE_LOOP('',(#681,#682,#683,#684));
#1451=EDGE_LOOP('',(#685,#686,#687,#688));
#1452=EDGE_LOOP('',(#689,#690,#691,#692));
#1453=EDGE_LOOP('',(#693,#694,#695,#696));
#1454=EDGE_LOOP('',(#697,#698,#699,#700));
#1455=FACE_BOUND('',#1334,.T.);
#1456=FACE_BOUND('',#1335,.T.);
#1457=FACE_BOUND('',#1336,.T.);
#1458=FACE_BOUND('',#1337,.T.);
#1459=FACE_BOUND('',#1338,.T.);
#1460=FACE_BOUND('',#1339,.T.);
#1461=FACE_BOUND('',#1340,.T.);
#1462=FACE_BOUND('',#1341,.T.);
#1463=FACE_BOUND('',#1342,.T.);
#1464=FACE_BOUND('',#1343,.T.);
#1465=FACE_BOUND('',#1344,.T.);
#1466=FACE_BOUND('',#1345,.T.);
#1467=FACE_BOUND('',#1346,.T.);
#1468=FACE_BOUND('',#1347,.T.);
#1469=FACE_BOUND('',#1348,.T.);
#1470=FACE_BOUND('',#1349,.T.);
#1471=FACE_BOUND('',#1350,.T.);
#1472=FACE_BOUND('',#1351,.T.);
#1473=FACE_BOUND('',#1352,.T.);
#1474=FACE_BOUND('',#1353,.T.);
#1475=FACE_BOUND('',#1354,.T.);
#1476=FACE_BOUND('',#1355,.T.);
#1477=FACE_BOUND('',#1356,.T.);
#1478=FACE_BOUND('',#1357,.T.);
#1479=FACE_BOUND('',#1358,.T.);
#1480=FACE_BOUND('',#1359,.T.);
#1481=FACE_BOUND('',#1360,.T.);
#1482=FACE_BOUND('',#1361,.T.);
#1483=FACE_BOUND('',#1362,.T.);
#1484=FACE_BOUND('',#1363,.T.);
#1485=FACE_BOUND('',#1364,.T.);
#1486=FACE_BOUND('',#1365,.T.);
#1487=FACE_BOUND('',#1366,.T.);
#1488=FACE_BOUND('',#1367,.T.);
#1489=FACE_BOUND('',#1368,.T.);
#1490=FACE_BOUND('',#1369,.T.);
#1491=FACE_BOUND('',#1370,.T.);
#1492=FACE_BOUND('',#1371,.T.);
#1493=FACE_BOUND('',#1372,.T.);
#1494=FACE_BOUND('',#1373,.T.);
#1495=FACE_BOUND('',#1374,.T.);
#1496=FACE_BOUND('',#1375,.T.);
#1497=FACE_BOUND('',#1376,.T.);
#1498=FACE_BOUND('',#1377,.T.);
#1499=FACE_BOUND('',#1378,.T.);
#1500=FACE_BOUND('',#1379,.T.);
#1501=FACE_BOUND('',#1380,.T.);
#1502=FACE_BOUND('',#1381,.T.);
#1503=FACE_BOUND('',#1382,.T.);
#1504=FACE_BOUND('',#1383,.T.);
#1505=FACE_BOUND('',#1384,.T.);
#1506=FACE_BOUND('',#1385,.T.);
#1507=FACE_BOUND('',#1386,.T.);
#1508=FACE_BOUND('',#1387,.T.);
#1509=FACE_BOUND('',#1388,.T.);
#1510=FACE_BOUND('',#1389,.T.);
#1511=FACE_BOUND('',#1390,.T.);
#1512=FACE_BOUND('',#1391,.T.);
#1513=FACE_BOUND('',#1392,.T.);
#1514=FACE_BOUND('',#1393,.T.);
#1515=FACE_BOUND('',#1394,.T.);
#1516=FACE_BOUND('',#1395,.T.);
#1517=FACE_BOUND('',#1396,.T.);
#1518=FACE_BOUND('',#1397,.T.);
#1519=FACE_BOUND('',#1398,.T.);
#1520=FACE_BOUND('',#1399,.T.);
#1521=FACE_BOUND('',#1400,.T.);
#1522=FACE_BOUND('',#1401,.T.);
#1523=FACE_BOUND('',#1402,.T.);
#1524=FACE_BOUND('',#1403,.T.);
#1525=FACE_BOUND('',#1404,.T.);
#1526=FACE_BOUND('',#1405,.T.);
#1527=FACE_BOUND('',#1406,.T.);
#1528=FACE_BOUND('',#1407,.T.);
#1529=FACE_BOUND('',#1408,.T.);
#1530=FACE_BOUND('',#1409,.T.);
#1531=FACE_BOUND('',#1410,.T.);
#1532=FACE_BOUND('',#1411,.T.);
#1533=FACE_BOUND('',#1412,.T.);
#1534=FACE_BOUND('',#1413,.T.);
#1535=FACE_BOUND('',#1414,.T.);
#1536=FACE_BOUND('',#1415,.T.);
#1537=FACE_BOUND('',#1416,.T.);
#1538=FACE_BOUND('',#1417,.T.);
#1539=FACE_BOUND('',#1418,.T.);
#1540=FACE_BOUND('',#1419,.T.);
#1541=FACE_BOUND('',#1420,.T.);
#1542=FACE_BOUND('',#1421,.T.);
#1543=FACE_BOUND('',#1422,.T.);
#1544=FACE_BOUND('',#1423,.T.);
#1545=FACE_BOUND('',#1424,.T.);
#1546=FACE_BOUND('',#1425,.T.);
#1547=FACE_BOUND('',#1426,.T.);
#1548=FACE_BOUND('',#1427,.T.);
#1549=FACE_BOUND('',#1428,.T.);
#1550=FACE_BOUND('',#1429,.T.);
#1551=FACE_BOUND('',#1430,.T.);
#1552=FACE_BOUND('',#1431,.T.);
#1553=FACE_BOUND('',#1432,.T.);
#1554=FACE_BOUND('',#1433,.T.);
#1555=FACE_BOUND('',#1434,.T.);
#1556=FACE_BOUND('',#1435,.T.);
#1557=FACE_BOUND('',#1436,.T.);
#1558=FACE_BOUND('',#1437,.T.);
#1559=FACE_BOUND('',#1438,.T.);
#1560=FACE_BOUND('',#1439,.T.);
#1561=FACE_BOUND('',#1440,.T.);
#1562=FACE_BOUND('',#1441,.T.);
#1563=FACE_BOUND('',#1442,.T.);
#1564=FACE_BOUND('',#1443,.T.);
#1565=FACE_BOUND('',#1444,.T.);
#1566=FACE_BOUND('',#1445,.T.);
#1567=FACE_BOUND('',#1446,.T.);
#1568=FACE_BOUND('',#1447,.T.);
#1569=FACE_BOUND('',#1448,.T.);
#1570=FACE_BOUND('',#1449,.T.);
#1571=FACE_BOUND('',#1450,.T.);
#1572=FACE_BOUND('',#1451,.T.);
#1573=FACE_BOUND('',#1452,.T.);
#1574=FACE_BOUND('',#1453,.T.);
#1575=FACE_BOUND('',#1454,.T.);
#1576=PLANE('',#1733);
#1577=PLANE('',#1735);
#1578=PLANE('',#1738);
#1579=PLANE('',#1741);
#1580=PLANE('',#1743);
#1581=PLANE('',#1746);
#1582=PLANE('',#1749);
#1583=PLANE('',#1751);
#1584=PLANE('',#1753);
#1585=PLANE('',#1758);
#1586=PLANE('',#1759);
#1587=PLANE('',#1760);
#1588=PLANE('',#1762);
#1589=PLANE('',#1763);
#1590=PLANE('',#1767);
#1591=PLANE('',#1768);
#1592=PLANE('',#1769);
#1593=PLANE('',#1771);
#1594=PLANE('',#1784);
#1595=PLANE('',#1789);
#1596=PLANE('',#1792);
#1597=PLANE('',#1794);
#1598=PLANE('',#1796);
#1599=PLANE('',#1799);
#1600=PLANE('',#1800);
#1601=PLANE('',#1801);
#1602=PLANE('',#1802);
#1603=PLANE('',#1807);
#1604=PLANE('',#1808);
#1605=PLANE('',#1813);
#1606=PLANE('',#1814);
#1607=PLANE('',#1815);
#1608=PLANE('',#1816);
#1609=PLANE('',#1817);
#1610=PLANE('',#1818);
#1611=PLANE('',#1819);
#1612=ADVANCED_FACE('',(#1455),#1576,.T.);
#1613=ADVANCED_FACE('',(#1456),#1577,.T.);
#1614=ADVANCED_FACE('',(#1457),#1578,.T.);
#1615=ADVANCED_FACE('',(#1458),#1579,.T.);
#1616=ADVANCED_FACE('',(#1459),#1580,.T.);
#1617=ADVANCED_FACE('',(#1460),#1581,.T.);
#1618=ADVANCED_FACE('',(#1461),#1582,.F.);
#1619=ADVANCED_FACE('',(#1462),#1583,.F.);
#1620=ADVANCED_FACE('',(#1463,#1464),#1584,.F.);
#1621=ADVANCED_FACE('',(#1465),#1585,.T.);
#1622=ADVANCED_FACE('',(#1466),#1586,.F.);
#1623=ADVANCED_FACE('',(#1467),#1587,.T.);
#1624=ADVANCED_FACE('',(#1468),#1588,.T.);
#1625=ADVANCED_FACE('',(#1469),#1589,.F.);
#1626=ADVANCED_FACE('',(#1470),#1590,.F.);
#1627=ADVANCED_FACE('',(#1471),#1591,.T.);
#1628=ADVANCED_FACE('',(#1472),#1592,.T.);
#1629=ADVANCED_FACE('',(#1473,#1474,#1475),#1593,.F.);
#1630=ADVANCED_FACE('',(#1476,#1477),#46,.F.);
#1631=ADVANCED_FACE('',(#1478,#1479),#1594,.T.);
#1632=ADVANCED_FACE('',(#1480,#1481),#47,.F.);
#1633=ADVANCED_FACE('',(#1482,#1483),#48,.F.);
#1634=ADVANCED_FACE('',(#1484,#1485),#1595,.T.);
#1635=ADVANCED_FACE('',(#1486,#1487),#49,.F.);
#1636=ADVANCED_FACE('',(#1488),#1596,.F.);
#1637=ADVANCED_FACE('',(#1489),#1597,.T.);
#1638=ADVANCED_FACE('',(#1490),#1598,.T.);
#1639=ADVANCED_FACE('',(#1491),#1599,.F.);
#1640=ADVANCED_FACE('',(#1492),#1600,.T.);
#1641=ADVANCED_FACE('',(#1493),#1601,.F.);
#1642=ADVANCED_FACE('',(#1494,#1495),#1602,.T.);
#1643=ADVANCED_FACE('',(#1496),#1603,.T.);
#1644=ADVANCED_FACE('',(#1497,#1498),#1604,.T.);
#1645=ADVANCED_FACE('',(#1499,#1500),#50,.F.);
#1646=ADVANCED_FACE('',(#1501),#1605,.T.);
#1647=ADVANCED_FACE('',(#1502),#1606,.T.);
#1648=ADVANCED_FACE('',(#1503),#1607,.T.);
#1649=ADVANCED_FACE('',(#1504),#1608,.F.);
#1650=ADVANCED_FACE('',(#1505),#1609,.F.);
#1651=ADVANCED_FACE('',(#1506),#1610,.T.);
#1652=ADVANCED_FACE('',(#1507),#1611,.T.);
#1653=ADVANCED_FACE('',(#1508),#51,.F.);
#1654=ADVANCED_FACE('',(#1509),#22,.T.);
#1655=ADVANCED_FACE('',(#1510),#52,.F.);
#1656=ADVANCED_FACE('',(#1511),#53,.T.);
#1657=ADVANCED_FACE('',(#1512),#54,.T.);
#1658=ADVANCED_FACE('',(#1513),#55,.F.);
#1659=ADVANCED_FACE('',(#1514),#23,.T.);
#1660=ADVANCED_FACE('',(#1515),#24,.T.);
#1661=ADVANCED_FACE('',(#1516),#56,.T.);
#1662=ADVANCED_FACE('',(#1517),#57,.T.);
#1663=ADVANCED_FACE('',(#1518),#25,.T.);
#1664=ADVANCED_FACE('',(#1519),#58,.F.);
#1665=ADVANCED_FACE('',(#1520),#59,.T.);
#1666=ADVANCED_FACE('',(#1521),#60,.T.);
#1667=ADVANCED_FACE('',(#1522),#14,.T.);
#1668=ADVANCED_FACE('',(#1523),#15,.T.);
#1669=ADVANCED_FACE('',(#1524,#1525),#26,.T.);
#1670=ADVANCED_FACE('',(#1526),#61,.T.);
#1671=ADVANCED_FACE('',(#1527),#62,.T.);
#1672=ADVANCED_FACE('',(#1528),#63,.T.);
#1673=ADVANCED_FACE('',(#1529),#64,.T.);
#1674=ADVANCED_FACE('',(#1530),#65,.T.);
#1675=ADVANCED_FACE('',(#1531),#66,.T.);
#1676=ADVANCED_FACE('',(#1532),#16,.T.);
#1677=ADVANCED_FACE('',(#1533),#17,.T.);
#1678=ADVANCED_FACE('',(#1534),#18,.T.);
#1679=ADVANCED_FACE('',(#1535),#19,.T.);
#1680=ADVANCED_FACE('',(#1536),#67,.T.);
#1681=ADVANCED_FACE('',(#1537),#68,.T.);
#1682=ADVANCED_FACE('',(#1538),#69,.T.);
#1683=ADVANCED_FACE('',(#1539),#70,.T.);
#1684=ADVANCED_FACE('',(#1540),#20,.T.);
#1685=ADVANCED_FACE('',(#1541),#21,.T.);
#1686=ADVANCED_FACE('',(#1542),#71,.T.);
#1687=ADVANCED_FACE('',(#1543),#72,.T.);
#1688=ADVANCED_FACE('',(#1544),#73,.T.);
#1689=ADVANCED_FACE('',(#1545),#74,.T.);
#1690=ADVANCED_FACE('',(#1546),#75,.T.);
#1691=ADVANCED_FACE('',(#1547),#76,.T.);
#1692=ADVANCED_FACE('',(#1548),#77,.T.);
#1693=ADVANCED_FACE('',(#1549),#27,.T.);
#1694=ADVANCED_FACE('',(#1550),#78,.T.);
#1695=ADVANCED_FACE('',(#1551),#79,.T.);
#1696=ADVANCED_FACE('',(#1552),#80,.F.);
#1697=ADVANCED_FACE('',(#1553),#28,.T.);
#1698=ADVANCED_FACE('',(#1554),#29,.F.);
#1699=ADVANCED_FACE('',(#1555),#81,.T.);
#1700=ADVANCED_FACE('',(#1556),#82,.F.);
#1701=ADVANCED_FACE('',(#1557),#30,.T.);
#1702=ADVANCED_FACE('',(#1558),#83,.T.);
#1703=ADVANCED_FACE('',(#1559),#12,.F.);
#1704=ADVANCED_FACE('',(#1560),#31,.T.);
#1705=ADVANCED_FACE('',(#1561),#84,.F.);
#1706=ADVANCED_FACE('',(#1562),#85,.F.);
#1707=ADVANCED_FACE('',(#1563),#86,.T.);
#1708=ADVANCED_FACE('',(#1564),#87,.T.);
#1709=ADVANCED_FACE('',(#1565),#32,.F.);
#1710=ADVANCED_FACE('',(#1566),#33,.F.);
#1711=ADVANCED_FACE('',(#1567),#34,.T.);
#1712=ADVANCED_FACE('',(#1568),#88,.F.);
#1713=ADVANCED_FACE('',(#1569),#89,.F.);
#1714=ADVANCED_FACE('',(#1570),#90,.T.);
#1715=ADVANCED_FACE('',(#1571),#35,.F.);
#1716=ADVANCED_FACE('',(#1572),#36,.T.);
#1717=ADVANCED_FACE('',(#1573),#91,.F.);
#1718=ADVANCED_FACE('',(#1574),#92,.T.);
#1719=ADVANCED_FACE('',(#1575),#13,.F.);
#1720=CLOSED_SHELL('',(#1612,#1613,#1614,#1615,#1616,#1617,#1618,#1619,
#1620,#1621,#1622,#1623,#1624,#1625,#1626,#1627,#1628,#1629,#1630,#1631,
#1632,#1633,#1634,#1635,#1636,#1637,#1638,#1639,#1640,#1641,#1642,#1643,
#1644,#1645,#1646,#1647,#1648,#1649,#1650,#1651,#1652,#1653,#1654,#1655,
#1656,#1657,#1658,#1659,#1660,#1661,#1662,#1663,#1664,#1665,#1666,#1667,
#1668,#1669,#1670,#1671,#1672,#1673,#1674,#1675,#1676,#1677,#1678,#1679,
#1680,#1681,#1682,#1683,#1684,#1685,#1686,#1687,#1688,#1689,#1690,#1691,
#1692,#1693,#1694,#1695,#1696,#1697,#1698,#1699,#1700,#1701,#1702,#1703,
#1704,#1705,#1706,#1707,#1708,#1709,#1710,#1711,#1712,#1713,#1714,#1715,
#1716,#1717,#1718,#1719));
#1721=STYLED_ITEM('',(#1722),#1729);
#1722=PRESENTATION_STYLE_ASSIGNMENT((#1723));
#1723=SURFACE_STYLE_USAGE(.BOTH.,#1724);
#1724=SURFACE_SIDE_STYLE('',(#1725));
#1725=SURFACE_STYLE_FILL_AREA(#1726);
#1726=FILL_AREA_STYLE('',(#1727));
#1727=FILL_AREA_STYLE_COLOUR('',#1728);
#1728=COLOUR_RGB('',0.615686274509804,0.811764705882353,0.929411764705882);
#1729=MANIFOLD_SOLID_BREP('Camera Holder',#1720);
#1730=SHAPE_DEFINITION_REPRESENTATION(#3180,#1731);
#1731=SHAPE_REPRESENTATION('Camera Holder',(#1732),#3175);
#1732=AXIS2_PLACEMENT_3D('',#2516,#1953,#1954);
#1733=AXIS2_PLACEMENT_3D('',#2517,#1955,#1956);
#1734=AXIS2_PLACEMENT_3D('',#2523,#1959,#1960);
#1735=AXIS2_PLACEMENT_3D('',#2524,#1961,#1962);
#1736=AXIS2_PLACEMENT_3D('',#2525,#1963,#1964);
#1737=AXIS2_PLACEMENT_3D('',#2529,#1966,#1967);
#1738=AXIS2_PLACEMENT_3D('',#2532,#1969,#1970);
#1739=AXIS2_PLACEMENT_3D('',#2533,#1971,#1972);
#1740=AXIS2_PLACEMENT_3D('',#2537,#1974,#1975);
#1741=AXIS2_PLACEMENT_3D('',#2540,#1977,#1978);
#1742=AXIS2_PLACEMENT_3D('',#2546,#1981,#1982);
#1743=AXIS2_PLACEMENT_3D('',#2547,#1983,#1984);
#1744=AXIS2_PLACEMENT_3D('',#2548,#1985,#1986);
#1745=AXIS2_PLACEMENT_3D('',#2552,#1988,#1989);
#1746=AXIS2_PLACEMENT_3D('',#2555,#1991,#1992);
#1747=AXIS2_PLACEMENT_3D('',#2556,#1993,#1994);
#1748=AXIS2_PLACEMENT_3D('',#2560,#1996,#1997);
#1749=AXIS2_PLACEMENT_3D('',#2563,#1999,#2000);
#1750=AXIS2_PLACEMENT_3D('',#2564,#2001,#2002);
#1751=AXIS2_PLACEMENT_3D('',#2570,#2005,#2006);
#1752=AXIS2_PLACEMENT_3D('',#2576,#2009,#2010);
#1753=AXIS2_PLACEMENT_3D('',#2577,#2011,#2012);
#1754=AXIS2_PLACEMENT_3D('',#2586,#2017,#2018);
#1755=AXIS2_PLACEMENT_3D('',#2591,#2020,#2021);
#1756=AXIS2_PLACEMENT_3D('',#2595,#2023,#2024);
#1757=AXIS2_PLACEMENT_3D('',#2599,#2026,#2027);
#1758=AXIS2_PLACEMENT_3D('',#2602,#2029,#2030);
#1759=AXIS2_PLACEMENT_3D('',#2611,#2035,#2036);
#1760=AXIS2_PLACEMENT_3D('',#2622,#2042,#2043);
#1761=AXIS2_PLACEMENT_3D('',#2627,#2046,#2047);
#1762=AXIS2_PLACEMENT_3D('',#2628,#2048,#2049);
#1763=AXIS2_PLACEMENT_3D('',#2637,#2054,#2055);
#1764=AXIS2_PLACEMENT_3D('',#2658,#2059,#2060);
#1765=AXIS2_PLACEMENT_3D('',#2679,#2064,#2065);
#1766=AXIS2_PLACEMENT_3D('',#2691,#2071,#2072);
#1767=AXIS2_PLACEMENT_3D('',#2692,#2073,#2074);
#1768=AXIS2_PLACEMENT_3D('',#2701,#2079,#2080);
#1769=AXIS2_PLACEMENT_3D('',#2710,#2085,#2086);
#1770=AXIS2_PLACEMENT_3D('',#2715,#2089,#2090);
#1771=AXIS2_PLACEMENT_3D('',#2716,#2091,#2092);
#1772=AXIS2_PLACEMENT_3D('',#2717,#2093,#2094);
#1773=AXIS2_PLACEMENT_3D('',#2719,#2095,#2096);
#1774=AXIS2_PLACEMENT_3D('',#2721,#2097,#2098);
#1775=AXIS2_PLACEMENT_3D('',#2722,#2099,#2100);
#1776=AXIS2_PLACEMENT_3D('',#2723,#2101,#2102);
#1777=AXIS2_PLACEMENT_3D('',#2724,#2103,#2104);
#1778=AXIS2_PLACEMENT_3D('',#2728,#2106,#2107);
#1779=AXIS2_PLACEMENT_3D('',#2732,#2109,#2110);
#1780=AXIS2_PLACEMENT_3D('',#2736,#2112,#2113);
#1781=AXIS2_PLACEMENT_3D('',#2737,#2114,#2115);
#1782=AXIS2_PLACEMENT_3D('',#2738,#2116,#2117);
#1783=AXIS2_PLACEMENT_3D('',#2739,#2118,#2119);
#1784=AXIS2_PLACEMENT_3D('',#2741,#2120,#2121);
#1785=AXIS2_PLACEMENT_3D('',#2742,#2122,#2123);
#1786=AXIS2_PLACEMENT_3D('',#2744,#2124,#2125);
#1787=AXIS2_PLACEMENT_3D('',#2752,#2126,#2127);
#1788=AXIS2_PLACEMENT_3D('',#2753,#2128,#2129);
#1789=AXIS2_PLACEMENT_3D('',#2755,#2130,#2131);
#1790=AXIS2_PLACEMENT_3D('',#2756,#2132,#2133);
#1791=AXIS2_PLACEMENT_3D('',#2758,#2134,#2135);
#1792=AXIS2_PLACEMENT_3D('',#2766,#2136,#2137);
#1793=AXIS2_PLACEMENT_3D('',#2775,#2142,#2143);
#1794=AXIS2_PLACEMENT_3D('',#2778,#2145,#2146);
#1795=AXIS2_PLACEMENT_3D('',#2787,#2151,#2152);
#1796=AXIS2_PLACEMENT_3D('',#2790,#2154,#2155);
#1797=AXIS2_PLACEMENT_3D('',#2796,#2158,#2159);
#1798=AXIS2_PLACEMENT_3D('',#2800,#2161,#2162);
#1799=AXIS2_PLACEMENT_3D('',#2811,#2168,#2169);
#1800=AXIS2_PLACEMENT_3D('',#2820,#2174,#2175);
#1801=AXIS2_PLACEMENT_3D('',#2831,#2181,#2182);
#1802=AXIS2_PLACEMENT_3D('',#2834,#2185,#2186);
#1803=AXIS2_PLACEMENT_3D('',#2838,#2188,#2189);
#1804=AXIS2_PLACEMENT_3D('',#2842,#2191,#2192);
#1805=AXIS2_PLACEMENT_3D('',#2846,#2194,#2195);
#1806=AXIS2_PLACEMENT_3D('',#2850,#2197,#2198);
#1807=AXIS2_PLACEMENT_3D('',#2853,#2201,#2202);
#1808=AXIS2_PLACEMENT_3D('',#2862,#2207,#2208);
#1809=AXIS2_PLACEMENT_3D('',#2871,#2213,#2214);
#1810=AXIS2_PLACEMENT_3D('',#2872,#2215,#2216);
#1811=AXIS2_PLACEMENT_3D('',#2874,#2217,#2218);
#1812=AXIS2_PLACEMENT_3D('',#2875,#2219,#2220);
#1813=AXIS2_PLACEMENT_3D('',#2876,#2221,#2222);
#1814=AXIS2_PLACEMENT_3D('',#2877,#2223,#2224);
#1815=AXIS2_PLACEMENT_3D('',#2878,#2225,#2226);
#1816=AXIS2_PLACEMENT_3D('',#2884,#2230,#2231);
#1817=AXIS2_PLACEMENT_3D('',#2890,#2235,#2236);
#1818=AXIS2_PLACEMENT_3D('',#2896,#2240,#2241);
#1819=AXIS2_PLACEMENT_3D('',#2902,#2245,#2246);
#1820=AXIS2_PLACEMENT_3D('',#2908,#2250,#2251);
#1821=AXIS2_PLACEMENT_3D('',#2909,#2252,#2253);
#1822=AXIS2_PLACEMENT_3D('',#2910,#2254,#2255);
#1823=AXIS2_PLACEMENT_3D('',#2911,#2256,#2257);
#1824=AXIS2_PLACEMENT_3D('',#2912,#2258,#2259);
#1825=AXIS2_PLACEMENT_3D('',#2913,#2260,#2261);
#1826=AXIS2_PLACEMENT_3D('',#2914,#2262,#2263);
#1827=AXIS2_PLACEMENT_3D('',#2915,#2264,#2265);
#1828=AXIS2_PLACEMENT_3D('',#2916,#2266,#2267);
#1829=AXIS2_PLACEMENT_3D('',#2917,#2268,#2269);
#1830=AXIS2_PLACEMENT_3D('',#2918,#2270,#2271);
#1831=AXIS2_PLACEMENT_3D('',#2919,#2272,#2273);
#1832=AXIS2_PLACEMENT_3D('',#2920,#2274,#2275);
#1833=AXIS2_PLACEMENT_3D('',#2921,#2276,#2277);
#1834=AXIS2_PLACEMENT_3D('',#2922,#2278,#2279);
#1835=AXIS2_PLACEMENT_3D('',#2923,#2280,#2281);
#1836=AXIS2_PLACEMENT_3D('',#2924,#2282,#2283);
#1837=AXIS2_PLACEMENT_3D('',#2925,#2284,#2285);
#1838=AXIS2_PLACEMENT_3D('',#2926,#2286,#2287);
#1839=AXIS2_PLACEMENT_3D('',#2927,#2288,#2289);
#1840=AXIS2_PLACEMENT_3D('',#2928,#2290,#2291);
#1841=AXIS2_PLACEMENT_3D('',#2929,#2292,#2293);
#1842=AXIS2_PLACEMENT_3D('',#2930,#2294,#2295);
#1843=AXIS2_PLACEMENT_3D('',#2931,#2296,#2297);
#1844=AXIS2_PLACEMENT_3D('',#2932,#2298,#2299);
#1845=AXIS2_PLACEMENT_3D('',#2933,#2300,#2301);
#1846=AXIS2_PLACEMENT_3D('',#2934,#2302,#2303);
#1847=AXIS2_PLACEMENT_3D('',#2935,#2304,#2305);
#1848=AXIS2_PLACEMENT_3D('',#2936,#2306,#2307);
#1849=AXIS2_PLACEMENT_3D('',#2937,#2308,#2309);
#1850=AXIS2_PLACEMENT_3D('',#2938,#2310,#2311);
#1851=AXIS2_PLACEMENT_3D('',#2939,#2312,#2313);
#1852=AXIS2_PLACEMENT_3D('',#2940,#2314,#2315);
#1853=AXIS2_PLACEMENT_3D('',#2941,#2316,#2317);
#1854=AXIS2_PLACEMENT_3D('',#2942,#2318,#2319);
#1855=AXIS2_PLACEMENT_3D('',#2943,#2320,#2321);
#1856=AXIS2_PLACEMENT_3D('',#2944,#2322,#2323);
#1857=AXIS2_PLACEMENT_3D('',#2960,#2324,#2325);
#1858=AXIS2_PLACEMENT_3D('',#2961,#2326,#2327);
#1859=AXIS2_PLACEMENT_3D('',#2962,#2328,#2329);
#1860=AXIS2_PLACEMENT_3D('',#2963,#2330,#2331);
#1861=AXIS2_PLACEMENT_3D('',#2964,#2332,#2333);
#1862=AXIS2_PLACEMENT_3D('',#2965,#2334,#2335);
#1863=AXIS2_PLACEMENT_3D('',#2966,#2336,#2337);
#1864=AXIS2_PLACEMENT_3D('',#2967,#2338,#2339);
#1865=AXIS2_PLACEMENT_3D('',#2968,#2340,#2341);
#1866=AXIS2_PLACEMENT_3D('',#2969,#2342,#2343);
#1867=AXIS2_PLACEMENT_3D('',#2970,#2344,#2345);
#1868=AXIS2_PLACEMENT_3D('',#2971,#2346,#2347);
#1869=AXIS2_PLACEMENT_3D('',#2972,#2348,#2349);
#1870=AXIS2_PLACEMENT_3D('',#2973,#2350,#2351);
#1871=AXIS2_PLACEMENT_3D('',#2974,#2352,#2353);
#1872=AXIS2_PLACEMENT_3D('',#2975,#2354,#2355);
#1873=AXIS2_PLACEMENT_3D('',#2976,#2356,#2357);
#1874=AXIS2_PLACEMENT_3D('',#2977,#2358,#2359);
#1875=AXIS2_PLACEMENT_3D('',#2978,#2360,#2361);
#1876=AXIS2_PLACEMENT_3D('',#2979,#2362,#2363);
#1877=AXIS2_PLACEMENT_3D('',#2980,#2364,#2365);
#1878=AXIS2_PLACEMENT_3D('',#2981,#2366,#2367);
#1879=AXIS2_PLACEMENT_3D('',#2982,#2368,#2369);
#1880=AXIS2_PLACEMENT_3D('',#2983,#2370,#2371);
#1881=AXIS2_PLACEMENT_3D('',#2984,#2372,#2373);
#1882=AXIS2_PLACEMENT_3D('',#2985,#2374,#2375);
#1883=AXIS2_PLACEMENT_3D('',#2986,#2376,#2377);
#1884=AXIS2_PLACEMENT_3D('',#2987,#2378,#2379);
#1885=AXIS2_PLACEMENT_3D('',#2988,#2380,#2381);
#1886=AXIS2_PLACEMENT_3D('',#2989,#2382,#2383);
#1887=AXIS2_PLACEMENT_3D('',#2990,#2384,#2385);
#1888=AXIS2_PLACEMENT_3D('',#2991,#2386,#2387);
#1889=AXIS2_PLACEMENT_3D('',#2992,#2388,#2389);
#1890=AXIS2_PLACEMENT_3D('',#2993,#2390,#2391);
#1891=AXIS2_PLACEMENT_3D('',#2994,#2392,#2393);
#1892=AXIS2_PLACEMENT_3D('',#2995,#2394,#2395);
#1893=AXIS2_PLACEMENT_3D('',#2996,#2396,#2397);
#1894=AXIS2_PLACEMENT_3D('',#2997,#2398,#2399);
#1895=AXIS2_PLACEMENT_3D('',#2998,#2400,#2401);
#1896=AXIS2_PLACEMENT_3D('',#2999,#2402,#2403);
#1897=AXIS2_PLACEMENT_3D('',#3000,#2404,#2405);
#1898=AXIS2_PLACEMENT_3D('',#3001,#2406,#2407);
#1899=AXIS2_PLACEMENT_3D('',#3002,#2408,#2409);
#1900=AXIS2_PLACEMENT_3D('',#3003,#2410,#2411);
#1901=AXIS2_PLACEMENT_3D('',#3004,#2412,#2413);
#1902=AXIS2_PLACEMENT_3D('',#3005,#2414,#2415);
#1903=AXIS2_PLACEMENT_3D('',#3006,#2416,#2417);
#1904=AXIS2_PLACEMENT_3D('',#3007,#2418,#2419);
#1905=AXIS2_PLACEMENT_3D('',#3008,#2420,#2421);
#1906=AXIS2_PLACEMENT_3D('',#3009,#2422,#2423);
#1907=AXIS2_PLACEMENT_3D('',#3010,#2424,#2425);
#1908=AXIS2_PLACEMENT_3D('',#3011,#2426,#2427);
#1909=AXIS2_PLACEMENT_3D('',#3012,#2428,#2429);
#1910=AXIS2_PLACEMENT_3D('',#3013,#2430,#2431);
#1911=AXIS2_PLACEMENT_3D('',#3014,#2432,#2433);
#1912=AXIS2_PLACEMENT_3D('',#3015,#2434,#2435);
#1913=AXIS2_PLACEMENT_3D('',#3016,#2436,#2437);
#1914=AXIS2_PLACEMENT_3D('',#3017,#2438,#2439);
#1915=AXIS2_PLACEMENT_3D('',#3018,#2440,#2441);
#1916=AXIS2_PLACEMENT_3D('',#3019,#2442,#2443);
#1917=AXIS2_PLACEMENT_3D('',#3020,#2444,#2445);
#1918=AXIS2_PLACEMENT_3D('',#3021,#2446,#2447);
#1919=AXIS2_PLACEMENT_3D('',#3022,#2448,#2449);
#1920=AXIS2_PLACEMENT_3D('',#3023,#2450,#2451);
#1921=AXIS2_PLACEMENT_3D('',#3024,#2452,#2453);
#1922=AXIS2_PLACEMENT_3D('',#3025,#2454,#2455);
#1923=AXIS2_PLACEMENT_3D('',#3026,#2456,#2457);
#1924=AXIS2_PLACEMENT_3D('',#3086,#2458,#2459);
#1925=AXIS2_PLACEMENT_3D('',#3087,#2460,#2461);
#1926=AXIS2_PLACEMENT_3D('',#3088,#2462,#2463);
#1927=AXIS2_PLACEMENT_3D('',#3089,#2464,#2465);
#1928=AXIS2_PLACEMENT_3D('',#3090,#2466,#2467);
#1929=AXIS2_PLACEMENT_3D('',#3091,#2468,#2469);
#1930=AXIS2_PLACEMENT_3D('',#3092,#2470,#2471);
#1931=AXIS2_PLACEMENT_3D('',#3093,#2472,#2473);
#1932=AXIS2_PLACEMENT_3D('',#3094,#2474,#2475);
#1933=AXIS2_PLACEMENT_3D('',#3095,#2476,#2477);
#1934=AXIS2_PLACEMENT_3D('',#3096,#2478,#2479);
#1935=AXIS2_PLACEMENT_3D('',#3097,#2480,#2481);
#1936=AXIS2_PLACEMENT_3D('',#3098,#2482,#2483);
#1937=AXIS2_PLACEMENT_3D('',#3099,#2484,#2485);
#1938=AXIS2_PLACEMENT_3D('',#3100,#2486,#2487);
#1939=AXIS2_PLACEMENT_3D('',#3101,#2488,#2489);
#1940=AXIS2_PLACEMENT_3D('',#3102,#2490,#2491);
#1941=AXIS2_PLACEMENT_3D('',#3103,#2492,#2493);
#1942=AXIS2_PLACEMENT_3D('',#3104,#2494,#2495);
#1943=AXIS2_PLACEMENT_3D('',#3105,#2496,#2497);
#1944=AXIS2_PLACEMENT_3D('',#3106,#2498,#2499);
#1945=AXIS2_PLACEMENT_3D('',#3107,#2500,#2501);
#1946=AXIS2_PLACEMENT_3D('',#3108,#2502,#2503);
#1947=AXIS2_PLACEMENT_3D('',#3109,#2504,#2505);
#1948=AXIS2_PLACEMENT_3D('',#3110,#2506,#2507);
#1949=AXIS2_PLACEMENT_3D('',#3111,#2508,#2509);
#1950=AXIS2_PLACEMENT_3D('',#3112,#2510,#2511);
#1951=AXIS2_PLACEMENT_3D('',#3113,#2512,#2513);
#1952=AXIS2_PLACEMENT_3D('',#3132,#2514,#2515);
#1953=DIRECTION('',(0.,0.,1.));
#1954=DIRECTION('',(1.,0.,0.));
#1955=DIRECTION('',(0.,1.,0.));
#1956=DIRECTION('',(1.,0.,-1.33262583937581E-16));
#1957=DIRECTION('',(-1.,0.,0.));
#1958=DIRECTION('',(-1.33262583937581E-16,0.,-1.));
#1959=DIRECTION('',(0.,-1.,0.));
#1960=DIRECTION('',(-1.,0.,1.33262583937581E-16));
#1961=DIRECTION('',(0.,1.,0.));
#1962=DIRECTION('',(1.,0.,-1.33262583937581E-16));
#1963=DIRECTION('',(0.,1.,0.));
#1964=DIRECTION('',(1.,0.,-1.33262583937581E-16));
#1965=DIRECTION('',(-1.,0.,0.));
#1966=DIRECTION('',(0.,-1.,0.));
#1967=DIRECTION('',(-1.,0.,1.33262583937581E-16));
#1968=DIRECTION('',(1.33262583937581E-16,0.,1.));
#1969=DIRECTION('',(0.,1.,0.));
#1970=DIRECTION('',(1.,0.,-1.33262583937581E-16));
#1971=DIRECTION('',(0.,1.,0.));
#1972=DIRECTION('',(1.,0.,-1.33262583937581E-16));
#1973=DIRECTION('',(1.33262583937581E-16,0.,1.));
#1974=DIRECTION('',(0.,-1.,0.));
#1975=DIRECTION('',(-1.,0.,1.33262583937581E-16));
#1976=DIRECTION('',(-1.,0.,0.));
#1977=DIRECTION('',(0.,1.,0.));
#1978=DIRECTION('',(1.,0.,-1.33262583937581E-16));
#1979=DIRECTION('',(-1.,0.,0.));
#1980=DIRECTION('',(-1.33262583937581E-16,0.,-1.));
#1981=DIRECTION('',(0.,-1.,0.));
#1982=DIRECTION('',(-1.,0.,1.33262583937581E-16));
#1983=DIRECTION('',(0.,1.,0.));
#1984=DIRECTION('',(1.,0.,-1.33262583937581E-16));
#1985=DIRECTION('',(0.,1.,0.));
#1986=DIRECTION('',(1.,0.,-1.33262583937581E-16));
#1987=DIRECTION('',(-1.,0.,0.));
#1988=DIRECTION('',(0.,-1.,0.));
#1989=DIRECTION('',(-1.,0.,1.33262583937581E-16));
#1990=DIRECTION('',(1.33262583937581E-16,0.,1.));
#1991=DIRECTION('',(0.,1.,0.));
#1992=DIRECTION('',(1.,0.,-1.33262583937581E-16));
#1993=DIRECTION('',(0.,1.,0.));
#1994=DIRECTION('',(1.,0.,-1.33262583937581E-16));
#1995=DIRECTION('',(1.33262583937581E-16,0.,1.));
#1996=DIRECTION('',(0.,-1.,0.));
#1997=DIRECTION('',(-1.,0.,1.33262583937581E-16));
#1998=DIRECTION('',(-1.,0.,0.));
#1999=DIRECTION('',(0.,0.,1.));
#2000=DIRECTION('',(1.,0.,0.));
#2001=DIRECTION('',(0.,0.,1.));
#2002=DIRECTION('',(1.,0.,0.));
#2003=DIRECTION('',(-1.,0.,0.));
#2004=DIRECTION('',(-1.07413218326737E-16,1.,0.));
#2005=DIRECTION('',(0.,0.,1.));
#2006=DIRECTION('',(1.,0.,0.));
#2007=DIRECTION('',(-2.14826436653475E-16,1.,0.));
#2008=DIRECTION('',(-1.,0.,0.));
#2009=DIRECTION('',(0.,0.,1.));
#2010=DIRECTION('',(1.,0.,0.));
#2011=DIRECTION('',(0.,-1.,0.));
#2012=DIRECTION('',(-1.,0.,1.33262583937581E-16));
#2013=DIRECTION('',(-1.,0.,0.));
#2014=DIRECTION('',(-1.33262583937581E-16,0.,-1.));
#2015=DIRECTION('',(-1.,0.,1.33262583937581E-16));
#2016=DIRECTION('',(-1.33262583937581E-16,0.,-1.));
#2017=DIRECTION('',(0.,-1.,0.));
#2018=DIRECTION('',(-1.,0.,1.33262583937581E-16));
#2019=DIRECTION('',(-1.,0.,1.33262583937581E-16));
#2020=DIRECTION('',(0.,-1.,0.));
#2021=DIRECTION('',(-1.,0.,1.33262583937581E-16));
#2022=DIRECTION('',(-5.51529414056338E-18,0.,1.));
#2023=DIRECTION('',(0.,-1.,0.));
#2024=DIRECTION('',(-1.,0.,1.33262583937581E-16));
#2025=DIRECTION('',(-1.,0.,1.18319406192047E-17));
#2026=DIRECTION('',(0.,-1.,0.));
#2027=DIRECTION('',(-1.,0.,1.33262583937581E-16));
#2028=DIRECTION('',(-5.51529414056333E-18,0.,1.));
#2029=DIRECTION('',(0.,0.,1.));
#2030=DIRECTION('',(1.,0.,0.));
#2031=DIRECTION('',(-1.,0.,0.));
#2032=DIRECTION('',(0.,-1.,0.));
#2033=DIRECTION('',(-1.,0.,0.));
#2034=DIRECTION('',(0.,-1.,0.));
#2035=DIRECTION('',(-1.,0.,1.33262583937581E-16));
#2036=DIRECTION('',(0.,1.,0.));
#2037=DIRECTION('',(-1.33262583937581E-16,0.,-1.));
#2038=DIRECTION('',(0.,1.,0.));
#2039=DIRECTION('',(1.18411158769748E-16,1.,-1.57797769846998E-32));
#2040=DIRECTION('',(-1.33262583937581E-16,0.,-1.));
#2041=DIRECTION('',(0.,1.,0.));
#2042=DIRECTION('',(0.,1.,0.));
#2043=DIRECTION('',(1.,0.,-1.33262583937581E-16));
#2044=DIRECTION('',(-1.33262583937581E-16,0.,-1.));
#2045=DIRECTION('',(-1.,0.,0.));
#2046=DIRECTION('',(0.,-1.,0.));
#2047=DIRECTION('',(-1.,0.,1.33262583937581E-16));
#2048=DIRECTION('',(1.,0.,-1.33262583937581E-16));
#2049=DIRECTION('',(0.,-1.,0.));
#2050=DIRECTION('',(0.,-1.,0.));
#2051=DIRECTION('',(1.33262583937581E-16,0.,1.));
#2052=DIRECTION('',(0.,-1.,0.));
#2053=DIRECTION('',(1.33262583937581E-16,0.,1.));
#2054=DIRECTION('',(0.,0.,1.));
#2055=DIRECTION('',(1.,0.,0.));
#2056=DIRECTION('',(0.,-1.,0.));
#2057=DIRECTION('',(-1.,0.,0.));
#2058=DIRECTION('',(-2.14826436653475E-16,1.,0.));
#2059=DIRECTION('',(0.,0.,1.));
#2060=DIRECTION('',(1.,0.,0.));
#2061=DIRECTION('',(-1.07413218326737E-16,1.,0.));
#2062=DIRECTION('',(-1.,0.,0.));
#2063=DIRECTION('',(0.,-1.,0.));
#2064=DIRECTION('',(0.,0.,1.));
#2065=DIRECTION('',(1.,0.,0.));
#2066=DIRECTION('',(-1.,0.,0.));
#2067=DIRECTION('',(0.,-1.,0.));
#2068=DIRECTION('',(-1.,0.,0.));
#2069=DIRECTION('',(0.,-1.,0.));
#2070=DIRECTION('',(-1.,0.,0.));
#2071=DIRECTION('',(0.,0.,1.));
#2072=DIRECTION('',(1.,0.,0.));
#2073=DIRECTION('',(1.,0.,-1.33262583937581E-16));
#2074=DIRECTION('',(0.,-1.,0.));
#2075=DIRECTION('',(0.,-1.,0.));
#2076=DIRECTION('',(1.33262583937581E-16,0.,1.));
#2077=DIRECTION('',(0.,-1.,0.));
#2078=DIRECTION('',(1.33262583937581E-16,0.,1.));
#2079=DIRECTION('',(0.,0.,1.));
#2080=DIRECTION('',(1.,0.,0.));
#2081=DIRECTION('',(-1.,0.,0.));
#2082=DIRECTION('',(0.,-1.,0.));
#2083=DIRECTION('',(-1.,0.,0.));
#2084=DIRECTION('',(0.,-1.,0.));
#2085=DIRECTION('',(0.,1.,0.));
#2086=DIRECTION('',(1.,0.,-1.33262583937581E-16));
#2087=DIRECTION('',(-1.33262583937581E-16,0.,-1.));
#2088=DIRECTION('',(-1.,0.,0.));
#2089=DIRECTION('',(0.,-1.,0.));
#2090=DIRECTION('',(-1.,0.,1.33262583937581E-16));
#2091=DIRECTION('',(0.,1.,0.));
#2092=DIRECTION('',(1.,0.,-1.33262583937581E-16));
#2093=DIRECTION('',(0.,1.,0.));
#2094=DIRECTION('',(1.,0.,-1.33262583937581E-16));
#2095=DIRECTION('',(0.,1.,0.));
#2096=DIRECTION('',(1.,0.,-1.33262583937581E-16));
#2097=DIRECTION('',(0.,1.,0.));
#2098=DIRECTION('',(1.,0.,-1.33262583937581E-16));
#2099=DIRECTION('',(0.,1.,0.));
#2100=DIRECTION('',(1.,0.,-1.33262583937581E-16));
#2101=DIRECTION('',(0.,1.,0.));
#2102=DIRECTION('',(1.,0.,-1.33262583937581E-16));
#2103=DIRECTION('',(0.,1.,0.));
#2104=DIRECTION('',(1.,0.,-1.33262583937581E-16));
#2105=DIRECTION('',(0.,0.,-1.));
#2106=DIRECTION('',(0.,1.,0.));
#2107=DIRECTION('',(1.,0.,-1.33262583937581E-16));
#2108=DIRECTION('',(-1.,0.,0.));
#2109=DIRECTION('',(0.,1.,0.));
#2110=DIRECTION('',(1.,0.,-1.33262583937581E-16));
#2111=DIRECTION('',(0.,0.,-1.));
#2112=DIRECTION('',(0.,1.,0.));
#2113=DIRECTION('',(1.,0.,-1.33262583937581E-16));
#2114=DIRECTION('',(0.,1.,0.));
#2115=DIRECTION('',(1.,0.,-1.33262583937581E-16));
#2116=DIRECTION('',(0.,-1.,0.));
#2117=DIRECTION('',(-1.,0.,1.33262583937581E-16));
#2118=DIRECTION('',(0.,-1.,0.));
#2119=DIRECTION('',(-1.,0.,1.33262583937581E-16));
#2120=DIRECTION('',(0.,1.,0.));
#2121=DIRECTION('',(1.,0.,-1.33262583937581E-16));
#2122=DIRECTION('',(0.,-1.,0.));
#2123=DIRECTION('',(-1.,0.,1.33262583937581E-16));
#2124=DIRECTION('',(0.,-1.,0.));
#2125=DIRECTION('',(-1.,0.,1.33262583937581E-16));
#2126=DIRECTION('',(0.,-1.,0.));
#2127=DIRECTION('',(-1.,0.,1.33262583937581E-16));
#2128=DIRECTION('',(0.,-1.,0.));
#2129=DIRECTION('',(-1.,0.,1.33262583937581E-16));
#2130=DIRECTION('',(0.,1.,0.));
#2131=DIRECTION('',(1.,0.,-1.33262583937581E-16));
#2132=DIRECTION('',(0.,-1.,0.));
#2133=DIRECTION('',(-1.,0.,1.33262583937581E-16));
#2134=DIRECTION('',(0.,-1.,0.));
#2135=DIRECTION('',(-1.,0.,1.33262583937581E-16));
#2136=DIRECTION('',(-1.,0.,1.33262583937581E-16));
#2137=DIRECTION('',(0.,1.,0.));
#2138=DIRECTION('',(0.,-1.,0.));
#2139=DIRECTION('',(-1.33262583937581E-16,0.,-1.));
#2140=DIRECTION('',(0.,-1.,0.));
#2141=DIRECTION('',(0.,-1.,0.));
#2142=DIRECTION('',(-1.,0.,1.33262583937581E-16));
#2143=DIRECTION('',(0.,1.,0.));
#2144=DIRECTION('',(-1.33262583937581E-16,0.,-1.));
#2145=DIRECTION('',(-1.,0.,1.33262583937581E-16));
#2146=DIRECTION('',(0.,1.,0.));
#2147=DIRECTION('',(0.,-1.,0.));
#2148=DIRECTION('',(-1.33262583937581E-16,0.,-1.));
#2149=DIRECTION('',(0.,-1.,0.));
#2150=DIRECTION('',(-1.33262583937581E-16,0.,-1.));
#2151=DIRECTION('',(-1.,0.,1.33262583937581E-16));
#2152=DIRECTION('',(0.,1.,0.));
#2153=DIRECTION('',(0.,-1.,0.));
#2154=DIRECTION('',(0.,-1.,0.));
#2155=DIRECTION('',(-1.,0.,1.33262583937581E-16));
#2156=DIRECTION('',(-1.,0.,0.));
#2157=DIRECTION('',(-1.33262583937581E-16,0.,-1.));
#2158=DIRECTION('',(0.,-1.,0.));
#2159=DIRECTION('',(-1.,0.,1.33262583937581E-16));
#2160=DIRECTION('',(-1.,0.,0.));
#2161=DIRECTION('',(0.,-1.,0.));
#2162=DIRECTION('',(-1.,0.,1.33262583937581E-16));
#2163=DIRECTION('',(-1.33262583937581E-16,0.,-1.));
#2164=DIRECTION('',(-1.,0.,0.));
#2165=DIRECTION('',(-1.33262583937581E-16,0.,-1.));
#2166=DIRECTION('',(-1.,0.,1.33262583937581E-16));
#2167=DIRECTION('',(-1.33262583937581E-16,0.,-1.));
#2168=DIRECTION('',(-1.,-1.07413218326737E-16,1.33262583937581E-16));
#2169=DIRECTION('',(-1.07413218326737E-16,1.,1.43141630232726E-32));
#2170=DIRECTION('',(-1.07413218326737E-16,1.,0.));
#2171=DIRECTION('',(-1.33262583937581E-16,0.,-1.));
#2172=DIRECTION('',(-1.07413218326737E-16,1.,1.43141630232726E-32));
#2173=DIRECTION('',(-1.33262583937581E-16,0.,-1.));
#2174=DIRECTION('',(-1.,1.18411158769748E-16,1.33262583937581E-16));
#2175=DIRECTION('',(1.18411158769748E-16,1.,-1.57797769846998E-32));
#2176=DIRECTION('',(0.,1.,0.));
#2177=DIRECTION('',(-1.33262583937581E-16,0.,-1.));
#2178=DIRECTION('',(1.18411158769748E-16,1.,-1.57797769846998E-32));
#2179=DIRECTION('',(-1.33262583937581E-16,0.,-1.));
#2180=DIRECTION('',(1.18411158769748E-16,1.,-1.57797769846998E-32));
#2181=DIRECTION('',(0.,-1.,0.));
#2182=DIRECTION('',(-1.,0.,1.33262583937581E-16));
#2183=DIRECTION('',(-1.,0.,1.33262583937581E-16));
#2184=DIRECTION('',(-1.,0.,1.33262583937581E-16));
#2185=DIRECTION('',(0.,-1.,0.));
#2186=DIRECTION('',(-1.,0.,1.33262583937581E-16));
#2187=DIRECTION('',(-5.51529414056333E-18,0.,1.));
#2188=DIRECTION('',(0.,-1.,0.));
#2189=DIRECTION('',(-1.,0.,1.33262583937581E-16));
#2190=DIRECTION('',(-1.,0.,1.18319406192047E-17));
#2191=DIRECTION('',(0.,-1.,0.));
#2192=DIRECTION('',(-1.,0.,1.33262583937581E-16));
#2193=DIRECTION('',(-5.51529414056338E-18,0.,1.));
#2194=DIRECTION('',(0.,-1.,0.));
#2195=DIRECTION('',(-1.,0.,1.33262583937581E-16));
#2196=DIRECTION('',(-1.,0.,1.33262583937581E-16));
#2197=DIRECTION('',(0.,-1.,0.));
#2198=DIRECTION('',(-1.,0.,1.33262583937581E-16));
#2199=DIRECTION('',(-1.,0.,1.33262583937581E-16));
#2200=DIRECTION('',(-1.,0.,1.33262583937581E-16));
#2201=DIRECTION('',(-1.,-2.14826436653475E-16,1.33262583937581E-16));
#2202=DIRECTION('',(-2.14826436653475E-16,1.,2.86283260465452E-32));
#2203=DIRECTION('',(-2.14826436653475E-16,1.,2.86283260465452E-32));
#2204=DIRECTION('',(-1.33262583937581E-16,0.,-1.));
#2205=DIRECTION('',(-2.14826436653475E-16,1.,0.));
#2206=DIRECTION('',(-1.33262583937581E-16,0.,-1.));
#2207=DIRECTION('',(1.33262583937581E-16,0.,1.));
#2208=DIRECTION('',(1.,0.,-1.33262583937581E-16));
#2209=DIRECTION('',(-1.,0.,1.33262583937581E-16));
#2210=DIRECTION('',(-2.14826436653475E-16,1.,2.86283260465452E-32));
#2211=DIRECTION('',(-1.,0.,1.33262583937581E-16));
#2212=DIRECTION('',(-1.07413218326737E-16,1.,1.43141630232726E-32));
#2213=DIRECTION('',(-1.33262583937581E-16,0.,-1.));
#2214=DIRECTION('',(0.,1.,0.));
#2215=DIRECTION('',(0.,0.,1.));
#2216=DIRECTION('',(1.,0.,0.));
#2217=DIRECTION('',(1.33262583937581E-16,0.,1.));
#2218=DIRECTION('',(0.,-1.,0.));
#2219=DIRECTION('',(1.33262583937581E-16,0.,1.));
#2220=DIRECTION('',(0.,-1.,0.));
#2221=DIRECTION('',(1.33262583937581E-16,0.,1.));
#2222=DIRECTION('',(1.,0.,-1.33262583937581E-16));
#2223=DIRECTION('',(1.33262583937581E-16,0.,1.));
#2224=DIRECTION('',(1.,0.,-1.33262583937581E-16));
#2225=DIRECTION('',(0.,0.,1.));
#2226=DIRECTION('',(1.,0.,0.));
#2227=DIRECTION('',(0.,-1.,0.));
#2228=DIRECTION('',(-1.,0.,0.));
#2229=DIRECTION('',(0.,-1.,0.));
#2230=DIRECTION('',(-1.18319406192047E-17,0.,-1.));
#2231=DIRECTION('',(-1.,0.,1.18319406192047E-17));
#2232=DIRECTION('',(0.,1.,0.));
#2233=DIRECTION('',(-1.,0.,1.18319406192047E-17));
#2234=DIRECTION('',(0.,1.,0.));
#2235=DIRECTION('',(-1.,0.,-5.51529414056338E-18));
#2236=DIRECTION('',(-5.51529414056338E-18,0.,1.));
#2237=DIRECTION('',(-5.51529414056338E-18,0.,1.));
#2238=DIRECTION('',(0.,1.,0.));
#2239=DIRECTION('',(0.,1.,0.));
#2240=DIRECTION('',(-1.,0.,-5.51529414056333E-18));
#2241=DIRECTION('',(-5.51529414056333E-18,0.,1.));
#2242=DIRECTION('',(0.,1.,0.));
#2243=DIRECTION('',(-5.51529414056333E-18,0.,1.));
#2244=DIRECTION('',(0.,1.,0.));
#2245=DIRECTION('',(-1.33262583937581E-16,0.,-1.));
#2246=DIRECTION('',(0.,1.,0.));
#2247=DIRECTION('',(0.,1.,0.));
#2248=DIRECTION('',(-1.,0.,1.33262583937581E-16));
#2249=DIRECTION('',(0.,1.,0.));
#2250=DIRECTION('',(0.,1.,0.));
#2251=DIRECTION('',(1.,0.,-1.33262583937581E-16));
#2252=DIRECTION('',(0.,-1.,0.));
#2253=DIRECTION('',(-1.,0.,1.33262583937581E-16));
#2254=DIRECTION('',(0.,-1.,0.));
#2255=DIRECTION('',(-1.,0.,1.33262583937581E-16));
#2256=DIRECTION('',(1.,0.,-1.33262583937581E-16));
#2257=DIRECTION('',(0.,-1.,0.));
#2258=DIRECTION('',(-1.33262583937581E-16,0.,-1.));
#2259=DIRECTION('',(0.,1.,0.));
#2260=DIRECTION('',(0.,-1.,0.));
#2261=DIRECTION('',(-1.,0.,1.33262583937581E-16));
#2262=DIRECTION('',(0.,-1.,0.));
#2263=DIRECTION('',(-1.,0.,1.33262583937581E-16));
#2264=DIRECTION('',(5.51529414056333E-18,0.,-1.));
#2265=DIRECTION('',(-1.,0.,-5.51529414056333E-18));
#2266=DIRECTION('',(1.33262583937581E-16,0.,1.));
#2267=DIRECTION('',(0.,-1.,0.));
#2268=DIRECTION('',(-1.,0.,1.18319406192047E-17));
#2269=DIRECTION('',(1.18319406192047E-17,0.,1.));
#2270=DIRECTION('',(-1.,0.,1.33262583937581E-16));
#2271=DIRECTION('',(0.,1.,0.));
#2272=DIRECTION('',(0.,-1.,0.));
#2273=DIRECTION('',(-1.,0.,1.33262583937581E-16));
#2274=DIRECTION('',(0.,-1.,0.));
#2275=DIRECTION('',(-1.,0.,1.33262583937581E-16));
#2276=DIRECTION('',(0.,-1.,0.));
#2277=DIRECTION('',(-1.,0.,1.33262583937581E-16));
#2278=DIRECTION('',(1.,0.,-1.33262583937581E-16));
#2279=DIRECTION('',(0.,-1.,0.));
#2280=DIRECTION('',(0.,-1.,0.));
#2281=DIRECTION('',(-1.,0.,1.33262583937581E-16));
#2282=DIRECTION('',(-1.33262583937581E-16,0.,-1.));
#2283=DIRECTION('',(0.,1.,0.));
#2284=DIRECTION('',(1.,0.,-1.33262583937581E-16));
#2285=DIRECTION('',(0.,-1.,0.));
#2286=DIRECTION('',(-1.,0.,1.33262583937581E-16));
#2287=DIRECTION('',(0.,1.,0.));
#2288=DIRECTION('',(-5.51529414056338E-18,0.,1.));
#2289=DIRECTION('',(1.,0.,5.51529414056338E-18));
#2290=DIRECTION('',(1.33262583937581E-16,0.,1.));
#2291=DIRECTION('',(0.,-1.,0.));
#2292=DIRECTION('',(0.,-1.,0.));
#2293=DIRECTION('',(-1.,0.,1.33262583937581E-16));
#2294=DIRECTION('',(0.,-1.,0.));
#2295=DIRECTION('',(-1.,0.,1.33262583937581E-16));
#2296=DIRECTION('',(0.,1.,0.));
#2297=DIRECTION('',(1.,0.,-1.33262583937581E-16));
#2298=DIRECTION('',(1.,0.,0.));
#2299=DIRECTION('',(0.,0.,-1.));
#2300=DIRECTION('',(1.,0.,-1.33262583937581E-16));
#2301=DIRECTION('',(0.,-1.,0.));
#2302=DIRECTION('',(1.,0.,-1.33262583937581E-16));
#2303=DIRECTION('',(0.,-1.,0.));
#2304=DIRECTION('',(1.,0.,0.));
#2305=DIRECTION('',(0.,0.,-1.));
#2306=DIRECTION('',(-1.,0.,1.33262583937581E-16));
#2307=DIRECTION('',(0.,1.,0.));
#2308=DIRECTION('',(-1.,0.,1.33262583937581E-16));
#2309=DIRECTION('',(0.,1.,0.));
#2310=DIRECTION('',(-1.33262583937581E-16,0.,-1.));
#2311=DIRECTION('',(0.,1.,0.));
#2312=DIRECTION('',(-1.33262583937581E-16,8.67361737988403E-16,-1.));
#2313=DIRECTION('',(1.15586866412926E-31,1.,8.67361737988403E-16));
#2314=DIRECTION('',(0.,-1.,0.));
#2315=DIRECTION('',(-1.,0.,1.33262583937581E-16));
#2316=DIRECTION('',(0.,-1.,0.));
#2317=DIRECTION('',(-1.,0.,1.33262583937581E-16));
#2318=DIRECTION('',(0.,-1.,0.));
#2319=DIRECTION('',(-1.,0.,1.33262583937581E-16));
#2320=DIRECTION('',(-1.33262583937581E-16,0.,-1.));
#2321=DIRECTION('',(0.,1.,0.));
#2322=DIRECTION('',(0.,0.,1.));
#2323=DIRECTION('',(1.,0.,0.));
#2324=DIRECTION('',(-1.07413218326737E-16,1.,0.));
#2325=DIRECTION('',(1.,1.07413218326737E-16,-1.33262583937581E-16));
#2326=DIRECTION('',(0.,1.,0.));
#2327=DIRECTION('',(1.,0.,-1.33262583937581E-16));
#2328=DIRECTION('',(1.33262583937581E-16,0.,1.));
#2329=DIRECTION('',(0.,-1.,0.));
#2330=DIRECTION('',(1.33262583937581E-16,0.,1.));
#2331=DIRECTION('',(0.,-1.,0.));
#2332=DIRECTION('',(-1.,0.,1.33262583937581E-16));
#2333=DIRECTION('',(0.,1.,0.));
#2334=DIRECTION('',(-1.,0.,1.33262583937581E-16));
#2335=DIRECTION('',(0.,1.,0.));
#2336=DIRECTION('',(1.,0.,-1.33262583937581E-16));
#2337=DIRECTION('',(0.,-1.,0.));
#2338=DIRECTION('',(-1.33262583937581E-16,0.,-1.));
#2339=DIRECTION('',(0.,1.,0.));
#2340=DIRECTION('',(1.33262583937581E-16,0.,1.));
#2341=DIRECTION('',(0.,-1.,0.));
#2342=DIRECTION('',(2.14826436653475E-16,-1.,0.));
#2343=DIRECTION('',(-1.,-2.14826436653475E-16,1.33262583937581E-16));
#2344=DIRECTION('',(0.,1.,0.));
#2345=DIRECTION('',(1.,0.,-1.33262583937581E-16));
#2346=DIRECTION('',(-1.,0.,0.));
#2347=DIRECTION('',(0.,0.,1.));
#2348=DIRECTION('',(1.,0.,-1.33262583937581E-16));
#2349=DIRECTION('',(0.,-1.,0.));
#2350=DIRECTION('',(-1.,0.,1.33262583937581E-16));
#2351=DIRECTION('',(0.,1.,0.));
#2352=DIRECTION('',(-1.33262583937581E-16,0.,-1.));
#2353=DIRECTION('',(0.,1.,0.));
#2354=DIRECTION('',(-2.73534779790279E-15,0.,-1.));
#2355=DIRECTION('',(-1.,0.,2.73534779790279E-15));
#2356=DIRECTION('',(0.,-1.,0.));
#2357=DIRECTION('',(-1.,0.,1.33262583937581E-16));
#2358=DIRECTION('',(0.,-1.,0.));
#2359=DIRECTION('',(-1.,0.,1.33262583937581E-16));
#2360=DIRECTION('',(0.,-1.,0.));
#2361=DIRECTION('',(-1.,0.,1.33262583937581E-16));
#2362=DIRECTION('',(0.,-1.,0.));
#2363=DIRECTION('',(-1.,0.,1.33262583937581E-16));
#2364=DIRECTION('',(-1.33262583937581E-16,0.,-1.));
#2365=DIRECTION('',(0.,1.,0.));
#2366=DIRECTION('',(-1.33262583937581E-16,2.60208521396521E-15,-1.));
#2367=DIRECTION('',(3.46760599238778E-31,1.,2.60208521396521E-15));
#2368=DIRECTION('',(-1.33262583937581E-16,0.,-1.));
#2369=DIRECTION('',(0.,1.,0.));
#2370=DIRECTION('',(1.33262583937581E-16,0.,1.));
#2371=DIRECTION('',(0.,-1.,0.));
#2372=DIRECTION('',(1.07413218326737E-16,-1.,-1.43141630232726E-32));
#2373=DIRECTION('',(-1.,-1.07413218326737E-16,1.33262583937581E-16));
#2374=DIRECTION('',(0.,1.,0.));
#2375=DIRECTION('',(1.,0.,-1.33262583937581E-16));
#2376=DIRECTION('',(-2.14826436653475E-16,1.,2.86283260465452E-32));
#2377=DIRECTION('',(1.,2.14826436653475E-16,-1.33262583937581E-16));
#2378=DIRECTION('',(0.,1.,0.));
#2379=DIRECTION('',(1.,0.,-1.33262583937581E-16));
#2380=DIRECTION('',(1.33262583937581E-16,0.,1.));
#2381=DIRECTION('',(0.,-1.,0.));
#2382=DIRECTION('',(1.33262583937581E-16,0.,1.));
#2383=DIRECTION('',(0.,-1.,0.));
#2384=DIRECTION('',(1.,0.,-1.33262583937581E-16));
#2385=DIRECTION('',(0.,-1.,0.));
#2386=DIRECTION('',(1.,0.,-1.33262583937581E-16));
#2387=DIRECTION('',(0.,-1.,0.));
#2388=DIRECTION('',(-1.,0.,1.33262583937581E-16));
#2389=DIRECTION('',(0.,1.,0.));
#2390=DIRECTION('',(-1.,0.,1.33262583937581E-16));
#2391=DIRECTION('',(0.,1.,0.));
#2392=DIRECTION('',(1.,0.,-1.33262583937581E-16));
#2393=DIRECTION('',(0.,-1.,0.));
#2394=DIRECTION('',(0.,-1.,0.));
#2395=DIRECTION('',(-1.,0.,1.33262583937581E-16));
#2396=DIRECTION('',(0.,1.,0.));
#2397=DIRECTION('',(1.,0.,-1.33262583937581E-16));
#2398=DIRECTION('',(0.,1.,0.));
#2399=DIRECTION('',(1.,0.,-1.33262583937581E-16));
#2400=DIRECTION('',(0.,1.,0.));
#2401=DIRECTION('',(1.,0.,-1.33262583937581E-16));
#2402=DIRECTION('',(0.,-1.,0.));
#2403=DIRECTION('',(-1.,0.,1.33262583937581E-16));
#2404=DIRECTION('',(0.,-1.,0.));
#2405=DIRECTION('',(-1.,0.,1.33262583937581E-16));
#2406=DIRECTION('',(0.,1.,0.));
#2407=DIRECTION('',(1.,0.,-1.33262583937581E-16));
#2408=DIRECTION('',(0.,1.,0.));
#2409=DIRECTION('',(1.,0.,-1.33262583937581E-16));
#2410=DIRECTION('',(0.,-1.,0.));
#2411=DIRECTION('',(-1.,0.,1.33262583937581E-16));
#2412=DIRECTION('',(0.,1.,0.));
#2413=DIRECTION('',(1.,0.,-1.33262583937581E-16));
#2414=DIRECTION('',(0.,1.,0.));
#2415=DIRECTION('',(1.,0.,-1.33262583937581E-16));
#2416=DIRECTION('',(0.,-1.,0.));
#2417=DIRECTION('',(-1.,0.,1.33262583937581E-16));
#2418=DIRECTION('',(0.,1.,0.));
#2419=DIRECTION('',(1.,0.,-1.33262583937581E-16));
#2420=DIRECTION('',(-1.,0.,1.33262583937581E-16));
#2421=DIRECTION('',(0.,1.,0.));
#2422=DIRECTION('',(-1.33262583937581E-16,0.,-1.));
#2423=DIRECTION('',(0.,1.,0.));
#2424=DIRECTION('',(1.33262583937581E-16,0.,1.));
#2425=DIRECTION('',(0.,-1.,0.));
#2426=DIRECTION('',(-1.33262583937581E-16,0.,-1.));
#2427=DIRECTION('',(0.,1.,0.));
#2428=DIRECTION('',(-1.,0.,0.));
#2429=DIRECTION('',(0.,0.,1.));
#2430=DIRECTION('',(-1.,0.,1.33262583937581E-16));
#2431=DIRECTION('',(0.,1.,0.));
#2432=DIRECTION('',(0.,-1.,0.));
#2433=DIRECTION('',(-1.,0.,1.33262583937581E-16));
#2434=DIRECTION('',(0.,-1.,0.));
#2435=DIRECTION('',(-1.,0.,1.33262583937581E-16));
#2436=DIRECTION('',(0.,1.,0.));
#2437=DIRECTION('',(1.,0.,-1.33262583937581E-16));
#2438=DIRECTION('',(-1.,0.,1.33262583937581E-16));
#2439=DIRECTION('',(0.,1.,0.));
#2440=DIRECTION('',(-1.,0.,1.33262583937581E-16));
#2441=DIRECTION('',(0.,1.,0.));
#2442=DIRECTION('',(-1.33262583937581E-16,0.,-1.));
#2443=DIRECTION('',(0.,1.,0.));
#2444=DIRECTION('',(1.,0.,0.));
#2445=DIRECTION('',(0.,0.,-1.));
#2446=DIRECTION('',(-1.,0.,1.33262583937581E-16));
#2447=DIRECTION('',(0.,1.,0.));
#2448=DIRECTION('',(-1.33262583937581E-16,0.,-1.));
#2449=DIRECTION('',(0.,1.,0.));
#2450=DIRECTION('',(0.,0.,1.));
#2451=DIRECTION('',(1.,0.,0.));
#2452=DIRECTION('',(0.,0.,1.));
#2453=DIRECTION('',(1.,0.,0.));
#2454=DIRECTION('',(0.,-1.,0.));
#2455=DIRECTION('',(-1.,0.,1.33262583937581E-16));
#2456=DIRECTION('',(0.,-1.,0.));
#2457=DIRECTION('',(-1.,0.,1.33262583937581E-16));
#2458=DIRECTION('',(0.,1.,0.));
#2459=DIRECTION('',(1.,0.,-1.33262583937581E-16));
#2460=DIRECTION('',(-1.33262583937581E-16,0.,-1.));
#2461=DIRECTION('',(0.,1.,0.));
#2462=DIRECTION('',(1.,0.,-1.33262583937581E-16));
#2463=DIRECTION('',(0.,-1.,0.));
#2464=DIRECTION('',(-1.33262583937581E-16,0.,-1.));
#2465=DIRECTION('',(0.,1.,0.));
#2466=DIRECTION('',(-1.33262583937581E-16,0.,-1.));
#2467=DIRECTION('',(0.,1.,0.));
#2468=DIRECTION('',(0.,1.,0.));
#2469=DIRECTION('',(1.,0.,-1.33262583937581E-16));
#2470=DIRECTION('',(0.,-1.,0.));
#2471=DIRECTION('',(-1.,0.,1.33262583937581E-16));
#2472=DIRECTION('',(-1.,0.,0.));
#2473=DIRECTION('',(0.,0.,1.));
#2474=DIRECTION('',(-1.,0.,1.33262583937581E-16));
#2475=DIRECTION('',(0.,1.,0.));
#2476=DIRECTION('',(-1.33262583937581E-16,0.,-1.));
#2477=DIRECTION('',(0.,1.,0.));
#2478=DIRECTION('',(-1.33262583937581E-16,0.,-1.));
#2479=DIRECTION('',(0.,1.,0.));
#2480=DIRECTION('',(0.,-1.,0.));
#2481=DIRECTION('',(-1.,0.,1.33262583937581E-16));
#2482=DIRECTION('',(1.,-5.42101086242749E-17,2.93677419352443E-17));
#2483=DIRECTION('',(2.93677419352443E-17,0.,-1.));
#2484=DIRECTION('',(-1.,0.,1.33262583937581E-16));
#2485=DIRECTION('',(0.,1.,0.));
#2486=DIRECTION('',(-1.33262583937581E-16,0.,-1.));
#2487=DIRECTION('',(0.,1.,0.));
#2488=DIRECTION('',(0.,1.,0.));
#2489=DIRECTION('',(1.,0.,-1.33262583937581E-16));
#2490=DIRECTION('',(1.,0.,-1.33262583937581E-16));
#2491=DIRECTION('',(0.,-1.,0.));
#2492=DIRECTION('',(1.,0.,0.));
#2493=DIRECTION('',(0.,0.,-1.));
#2494=DIRECTION('',(1.,5.42101086242752E-17,-2.48423666890308E-17));
#2495=DIRECTION('',(-2.48423666890308E-17,0.,-1.));
#2496=DIRECTION('',(1.33262583937581E-16,0.,1.));
#2497=DIRECTION('',(0.,-1.,0.));
#2498=DIRECTION('',(0.,0.,1.));
#2499=DIRECTION('',(1.,0.,0.));
#2500=DIRECTION('',(1.,0.,0.));
#2501=DIRECTION('',(0.,0.,-1.));
#2502=DIRECTION('',(1.,0.,-1.33262583937581E-16));
#2503=DIRECTION('',(0.,-1.,0.));
#2504=DIRECTION('',(0.,-1.,0.));
#2505=DIRECTION('',(-1.,0.,1.33262583937581E-16));
#2506=DIRECTION('',(1.33262583937581E-16,0.,1.));
#2507=DIRECTION('',(0.,-1.,0.));
#2508=DIRECTION('',(0.,0.,1.));
#2509=DIRECTION('',(1.,0.,0.));
#2510=DIRECTION('',(0.,-1.,0.));
#2511=DIRECTION('',(-1.,0.,1.33262583937581E-16));
#2512=DIRECTION('',(1.33262583937581E-16,0.,1.));
#2513=DIRECTION('',(0.,-1.,0.));
#2514=DIRECTION('',(0.,1.,0.));
#2515=DIRECTION('',(1.,0.,-1.33262583937581E-16));
#2516=CARTESIAN_POINT('',(0.,0.,0.));
#2517=CARTESIAN_POINT('',(5.98055824195077E-18,-0.08509,0.006826));
#2518=CARTESIAN_POINT('',(5.98055824195077E-18,-0.08509,0.011652));
#2519=CARTESIAN_POINT('',(-0.0127,-0.08509,0.011652));
#2520=CARTESIAN_POINT('',(-0.008826,-0.08509,0.011652));
#2521=CARTESIAN_POINT('',(-0.008826,-0.08509,0.));
#2522=CARTESIAN_POINT('',(-0.008826,-0.08509,0.00970391591260065));
#2523=CARTESIAN_POINT('',(-0.0127,-0.08509,0.006826));
#2524=CARTESIAN_POINT('',(5.98055824195077E-18,-0.08509,0.006826));
#2525=CARTESIAN_POINT('',(-0.0132,-0.08509,0.007326));
#2526=CARTESIAN_POINT('',(-0.017526,-0.08509,0.007326));
#2527=CARTESIAN_POINT('',(-0.0132,-0.08509,0.011652));
#2528=CARTESIAN_POINT('',(5.98055824195077E-18,-0.08509,0.011652));
#2529=CARTESIAN_POINT('',(-0.0127,-0.08509,0.006826));
#2530=CARTESIAN_POINT('',(-0.017526,-0.08509,0.006826));
#2531=CARTESIAN_POINT('',(-0.017526,-0.08509,0.007326));
#2532=CARTESIAN_POINT('',(5.98055824195077E-18,-0.08509,0.006826));
#2533=CARTESIAN_POINT('',(-0.0132,-0.08509,0.006326));
#2534=CARTESIAN_POINT('',(-0.0132,-0.08509,0.002));
#2535=CARTESIAN_POINT('',(-0.017526,-0.08509,0.006326));
#2536=CARTESIAN_POINT('',(-0.017526,-0.08509,0.007326));
#2537=CARTESIAN_POINT('',(-0.0127,-0.08509,0.006826));
#2538=CARTESIAN_POINT('',(-0.0127,-0.08509,0.002));
#2539=CARTESIAN_POINT('',(-0.0132,-0.08509,0.002));
#2540=CARTESIAN_POINT('',(5.98055824195077E-18,-0.08509,0.006826));
#2541=CARTESIAN_POINT('',(0.006826,-0.08509,0.002));
#2542=CARTESIAN_POINT('',(0.0127,-0.08509,0.002));
#2543=CARTESIAN_POINT('',(0.008826,-0.08509,0.002));
#2544=CARTESIAN_POINT('',(0.008826,-0.08509,0.006826));
#2545=CARTESIAN_POINT('',(0.008826,-0.08509,0.00394808408739935));
#2546=CARTESIAN_POINT('',(0.0127,-0.08509,0.006826));
#2547=CARTESIAN_POINT('',(5.98055824195077E-18,-0.08509,0.006826));
#2548=CARTESIAN_POINT('',(0.0132,-0.08509,0.006326));
#2549=CARTESIAN_POINT('',(0.017526,-0.08509,0.006326));
#2550=CARTESIAN_POINT('',(0.0132,-0.08509,0.002));
#2551=CARTESIAN_POINT('',(0.006826,-0.08509,0.002));
#2552=CARTESIAN_POINT('',(0.0127,-0.08509,0.006826));
#2553=CARTESIAN_POINT('',(0.017526,-0.08509,0.006826));
#2554=CARTESIAN_POINT('',(0.017526,-0.08509,0.006826));
#2555=CARTESIAN_POINT('',(5.98055824195077E-18,-0.08509,0.006826));
#2556=CARTESIAN_POINT('',(0.0132,-0.08509,0.007326));
#2557=CARTESIAN_POINT('',(0.0132,-0.08509,0.011652));
#2558=CARTESIAN_POINT('',(0.017526,-0.08509,0.007326));
#2559=CARTESIAN_POINT('',(0.017526,-0.08509,0.006826));
#2560=CARTESIAN_POINT('',(0.0127,-0.08509,0.006826));
#2561=CARTESIAN_POINT('',(0.0127,-0.08509,0.011652));
#2562=CARTESIAN_POINT('',(5.98055824195077E-18,-0.08509,0.011652));
#2563=CARTESIAN_POINT('',(1.60146089203923E-18,-0.08509,0.));
#2564=CARTESIAN_POINT('',(0.,0.,0.));
#2565=CARTESIAN_POINT('',(0.01505,0.0039115214431216,0.));
#2566=CARTESIAN_POINT('',(0.00350428309358707,0.01515,0.));
#2567=CARTESIAN_POINT('',(1.60146089203923E-18,0.01515,0.));
#2568=CARTESIAN_POINT('',(0.01505,0.01515,0.));
#2569=CARTESIAN_POINT('',(0.01505,-0.08509,0.));
#2570=CARTESIAN_POINT('',(1.60146089203923E-18,-0.08509,0.));
#2571=CARTESIAN_POINT('',(-0.01505,0.01615,0.));
#2572=CARTESIAN_POINT('',(-0.01505,0.00391152144312161,0.));
#2573=CARTESIAN_POINT('',(-0.01505,0.01515,0.));
#2574=CARTESIAN_POINT('',(1.60146089203923E-18,0.01515,0.));
#2575=CARTESIAN_POINT('',(-0.00350428309358707,0.01515,0.));
#2576=CARTESIAN_POINT('',(0.,0.,0.));
#2577=CARTESIAN_POINT('',(9.40194182196423E-18,0.01615,0.0325));
#2578=CARTESIAN_POINT('',(9.40194182196423E-18,0.01615,0.001));
#2579=CARTESIAN_POINT('',(0.01505,0.01615,0.001));
#2580=CARTESIAN_POINT('',(-0.01505,0.01615,0.001));
#2581=CARTESIAN_POINT('',(-0.01505,0.01615,0.0325));
#2582=CARTESIAN_POINT('',(-0.01505,0.01615,0.0315));
#2583=CARTESIAN_POINT('',(0.01605,0.01615,0.0315));
#2584=CARTESIAN_POINT('',(0.01505,0.01615,0.0315));
#2585=CARTESIAN_POINT('',(0.01505,0.01615,0.0325));
#2586=CARTESIAN_POINT('',(0.0115,0.01615,0.02775));
#2587=CARTESIAN_POINT('',(0.0115,0.01615,0.02975));
#2588=CARTESIAN_POINT('',(0.0135,0.01615,0.02775));
#2589=CARTESIAN_POINT('',(-0.0125,0.01615,0.02975));
#2590=CARTESIAN_POINT('',(-0.0115,0.01615,0.02975));
#2591=CARTESIAN_POINT('',(-0.0115,0.01615,0.02775));
#2592=CARTESIAN_POINT('',(-0.0135,0.01615,0.02775));
#2593=CARTESIAN_POINT('',(-0.0135,0.01615,0.0325));
#2594=CARTESIAN_POINT('',(-0.0135,0.01615,0.00475));
#2595=CARTESIAN_POINT('',(-0.0115,0.01615,0.00475));
#2596=CARTESIAN_POINT('',(-0.0115,0.01615,0.00275));
#2597=CARTESIAN_POINT('',(9.04994158854289E-18,0.01615,0.00275));
#2598=CARTESIAN_POINT('',(0.0115,0.01615,0.00275));
#2599=CARTESIAN_POINT('',(0.0115,0.01615,0.00475));
#2600=CARTESIAN_POINT('',(0.0135,0.01615,0.00475));
#2601=CARTESIAN_POINT('',(0.0135,0.01615,0.02875));
#2602=CARTESIAN_POINT('',(3.42076168795508E-18,-0.08509,0.013652));
#2603=CARTESIAN_POINT('',(3.42076168795508E-18,-0.08709,0.013652));
#2604=CARTESIAN_POINT('',(0.0132,-0.08709,0.013652));
#2605=CARTESIAN_POINT('',(0.008826,-0.08709,0.013652));
#2606=CARTESIAN_POINT('',(0.008826,-0.08509,0.013652));
#2607=CARTESIAN_POINT('',(0.008826,-0.0934,0.013652));
#2608=CARTESIAN_POINT('',(3.42076168795508E-18,-0.0934,0.013652));
#2609=CARTESIAN_POINT('',(0.0132,-0.0934,0.013652));
#2610=CARTESIAN_POINT('',(0.0132,-0.08509,0.013652));
#2611=CARTESIAN_POINT('',(-0.01455,-0.007325,0.0325));
#2612=CARTESIAN_POINT('',(-0.01455,-0.01465,0.0325));
#2613=CARTESIAN_POINT('',(-0.01455,-0.01465,0.0325));
#2614=CARTESIAN_POINT('',(-0.01455,-0.01465,0.0015));
#2615=CARTESIAN_POINT('',(-0.01455,-0.007325,0.0015));
#2616=CARTESIAN_POINT('',(-0.01455,0.,0.0015));
#2617=CARTESIAN_POINT('',(-0.01455,0.007325,0.0015));
#2618=CARTESIAN_POINT('',(-0.01455,0.01465,0.0015));
#2619=CARTESIAN_POINT('',(-0.01455,0.01465,0.0325));
#2620=CARTESIAN_POINT('',(-0.01455,0.01465,0.0325));
#2621=CARTESIAN_POINT('',(-0.01455,-0.007325,0.0325));
#2622=CARTESIAN_POINT('',(5.98055824195077E-18,-0.08509,0.006826));
#2623=CARTESIAN_POINT('',(-0.008826,-0.08509,0.));
#2624=CARTESIAN_POINT('',(-0.008826,-0.08509,0.00394808408739935));
#2625=CARTESIAN_POINT('',(-0.008826,-0.08509,0.002));
#2626=CARTESIAN_POINT('',(-0.0132,-0.08509,0.002));
#2627=CARTESIAN_POINT('',(-0.0127,-0.08509,0.006826));
#2628=CARTESIAN_POINT('',(0.019526,-0.08509,0.006826));
#2629=CARTESIAN_POINT('',(0.019526,-0.08509,0.006326));
#2630=CARTESIAN_POINT('',(0.019526,-0.0934,0.006326));
#2631=CARTESIAN_POINT('',(0.019526,-0.08709,0.006326));
#2632=CARTESIAN_POINT('',(0.019526,-0.08709,0.006826));
#2633=CARTESIAN_POINT('',(0.019526,-0.08709,0.007326));
#2634=CARTESIAN_POINT('',(0.019526,-0.08509,0.007326));
#2635=CARTESIAN_POINT('',(0.019526,-0.0934,0.007326));
#2636=CARTESIAN_POINT('',(0.019526,-0.0934,0.006826));
#2637=CARTESIAN_POINT('',(1.60146089203923E-18,-0.08509,0.));
#2638=CARTESIAN_POINT('',(-0.004826,-0.01515,0.));
#2639=CARTESIAN_POINT('',(-0.004826,-0.08309,0.));
#2640=CARTESIAN_POINT('',(-0.004826,-0.01815,0.));
#2641=CARTESIAN_POINT('',(-0.004826,-0.01815,0.));
#2642=CARTESIAN_POINT('',(-0.00482600012695131,-0.0177911391933804,0.));
#2643=CARTESIAN_POINT('',(-0.00488493420521222,-0.0175115650524615,-8.67361737988404E-19));
#2644=CARTESIAN_POINT('',(-0.0050510458098543,-0.0170290541342939,-8.67361737988404E-19));
#2645=CARTESIAN_POINT('',(-0.00516090086818883,-0.0168274372697639,8.67361737988404E-19));
#2646=CARTESIAN_POINT('',(-0.00553915952252411,-0.0162953238056747,8.67361737988404E-19));
#2647=CARTESIAN_POINT('',(-0.00585522581261613,-0.0160361899745132,0.));
#2648=CARTESIAN_POINT('',(-0.00656163141950812,-0.0156169530016525,0.));
#2649=CARTESIAN_POINT('',(-0.00695306262166444,-0.0154583057199092,-8.67361737988404E-19));
#2650=CARTESIAN_POINT('',(-0.00781547383893947,-0.0152262428942293,-8.67361737988404E-19));
#2651=CARTESIAN_POINT('',(-0.00828618228961817,-0.0151500000395038,0.));
#2652=CARTESIAN_POINT('',(-0.008826,-0.01515,0.));
#2653=CARTESIAN_POINT('',(-0.008826,-0.01515,0.));
#2654=CARTESIAN_POINT('',(-0.01605,-0.01515,0.));
#2655=CARTESIAN_POINT('',(-0.01505,-0.01515,0.));
#2656=CARTESIAN_POINT('',(-0.01505,0.01615,0.));
#2657=CARTESIAN_POINT('',(-0.01505,-0.00391152144312161,0.));
#2658=CARTESIAN_POINT('',(0.,0.,0.));
#2659=CARTESIAN_POINT('',(0.01505,-0.0039115214431216,0.));
#2660=CARTESIAN_POINT('',(0.01505,-0.08509,0.));
#2661=CARTESIAN_POINT('',(0.01505,-0.01515,0.));
#2662=CARTESIAN_POINT('',(0.006826,-0.01515,0.));
#2663=CARTESIAN_POINT('',(0.008826,-0.01515,0.));
#2664=CARTESIAN_POINT('',(0.008826,-0.01515,0.));
#2665=CARTESIAN_POINT('',(0.0082861822896181,-0.0151500000395038,0.));
#2666=CARTESIAN_POINT('',(0.00781547383893957,-0.0152262428942293,0.));
#2667=CARTESIAN_POINT('',(0.00695306262166435,-0.0154583057199092,0.));
#2668=CARTESIAN_POINT('',(0.00656163141950813,-0.0156169530016525,8.67361737988404E-19));
#2669=CARTESIAN_POINT('',(0.00585522581261614,-0.0160361899745132,8.67361737988404E-19));
#2670=CARTESIAN_POINT('',(0.00553915952252388,-0.0162953238056747,0.));
#2671=CARTESIAN_POINT('',(0.00516090086818896,-0.0168274372697638,0.));
#2672=CARTESIAN_POINT('',(0.0050510458098542,-0.0170290541342924,8.67361737988404E-19));
#2673=CARTESIAN_POINT('',(0.00488493420521233,-0.0175115650524629,8.67361737988404E-19));
#2674=CARTESIAN_POINT('',(0.00482600012695095,-0.0177911391933793,0.));
#2675=CARTESIAN_POINT('',(0.004826,-0.01815,0.));
#2676=CARTESIAN_POINT('',(0.004826,-0.01815,0.));
#2677=CARTESIAN_POINT('',(0.004826,-0.08509,0.));
#2678=CARTESIAN_POINT('',(0.004826,-0.08309,0.));
#2679=CARTESIAN_POINT('',(0.008826,-0.08309,8.67361737988404E-19));
#2680=CARTESIAN_POINT('',(0.008826,-0.08709,0.));
#2681=CARTESIAN_POINT('',(0.0132,-0.08709,0.));
#2682=CARTESIAN_POINT('',(0.0132,-0.08709,0.));
#2683=CARTESIAN_POINT('',(0.0132,-0.0934,0.));
#2684=CARTESIAN_POINT('',(0.0132,-0.0934,0.));
#2685=CARTESIAN_POINT('',(1.60146089203923E-18,-0.0934,0.));
#2686=CARTESIAN_POINT('',(-0.0132,-0.0934,0.));
#2687=CARTESIAN_POINT('',(-0.0132,-0.08509,0.));
#2688=CARTESIAN_POINT('',(-0.0132,-0.08709,0.));
#2689=CARTESIAN_POINT('',(-0.006826,-0.08709,0.));
#2690=CARTESIAN_POINT('',(-0.008826,-0.08709,0.));
#2691=CARTESIAN_POINT('',(-0.008826,-0.08309,-8.67361737988404E-19));
#2692=CARTESIAN_POINT('',(-0.019526,-0.08509,0.006826));
#2693=CARTESIAN_POINT('',(-0.019526,-0.08509,0.007326));
#2694=CARTESIAN_POINT('',(-0.019526,-0.0934,0.007326));
#2695=CARTESIAN_POINT('',(-0.019526,-0.08709,0.007326));
#2696=CARTESIAN_POINT('',(-0.019526,-0.08709,0.006326));
#2697=CARTESIAN_POINT('',(-0.019526,-0.08709,0.006326));
#2698=CARTESIAN_POINT('',(-0.019526,-0.08509,0.006326));
#2699=CARTESIAN_POINT('',(-0.019526,-0.0934,0.006326));
#2700=CARTESIAN_POINT('',(-0.019526,-0.0934,0.006826));
#2701=CARTESIAN_POINT('',(3.42076168795508E-18,-0.08509,0.013652));
#2702=CARTESIAN_POINT('',(3.42076168795508E-18,-0.0934,0.013652));
#2703=CARTESIAN_POINT('',(-0.008826,-0.0934,0.013652));
#2704=CARTESIAN_POINT('',(-0.0132,-0.0934,0.013652));
#2705=CARTESIAN_POINT('',(-0.008826,-0.08509,0.013652));
#2706=CARTESIAN_POINT('',(-0.008826,-0.08709,0.013652));
#2707=CARTESIAN_POINT('',(3.42076168795508E-18,-0.08709,0.013652));
#2708=CARTESIAN_POINT('',(-0.0132,-0.08709,0.013652));
#2709=CARTESIAN_POINT('',(-0.0132,-0.0934,0.013652));
#2710=CARTESIAN_POINT('',(5.98055824195077E-18,-0.08509,0.006826));
#2711=CARTESIAN_POINT('',(0.008826,-0.08509,0.006826));
#2712=CARTESIAN_POINT('',(0.008826,-0.08509,0.00970391591260064));
#2713=CARTESIAN_POINT('',(0.008826,-0.08509,0.011652));
#2714=CARTESIAN_POINT('',(5.98055824195077E-18,-0.08509,0.011652));
#2715=CARTESIAN_POINT('',(0.0127,-0.08509,0.006826));
#2716=CARTESIAN_POINT('',(5.98055824195077E-18,-0.0934,0.006826));
#2717=CARTESIAN_POINT('',(-0.0127,-0.0934,0.006826));
#2718=CARTESIAN_POINT('',(-0.009525,-0.0934,0.006826));
#2719=CARTESIAN_POINT('',(0.0127,-0.0934,0.006826));
#2720=CARTESIAN_POINT('',(0.015875,-0.0934,0.006826));
#2721=CARTESIAN_POINT('',(-0.0132,-0.0934,0.006326));
#2722=CARTESIAN_POINT('',(0.0132,-0.0934,0.006326));
#2723=CARTESIAN_POINT('',(0.0132,-0.0934,0.007326));
#2724=CARTESIAN_POINT('',(0.008826,-0.0934,0.015652));
#2725=CARTESIAN_POINT('',(0.006826,-0.0934,0.015652));
#2726=CARTESIAN_POINT('',(0.006826,-0.0934,0.026352));
#2727=CARTESIAN_POINT('',(0.006826,-0.0934,0.020026));
#2728=CARTESIAN_POINT('',(0.00050000000000001,-0.0934,0.020026));
#2729=CARTESIAN_POINT('',(0.00050000000000001,-0.0934,0.026352));
#2730=CARTESIAN_POINT('',(3.42076168795508E-18,-0.0934,0.026352));
#2731=CARTESIAN_POINT('',(-0.0005,-0.0934,0.026352));
#2732=CARTESIAN_POINT('',(-0.0005,-0.0934,0.020026));
#2733=CARTESIAN_POINT('',(-0.006826,-0.0934,0.020026));
#2734=CARTESIAN_POINT('',(-0.006826,-0.0934,0.026352));
#2735=CARTESIAN_POINT('',(-0.006826,-0.0934,0.015652));
#2736=CARTESIAN_POINT('',(-0.008826,-0.0934,0.015652));
#2737=CARTESIAN_POINT('',(-0.0132,-0.0934,0.007326));
#2738=CARTESIAN_POINT('',(0.0127,-0.08509,0.006826));
#2739=CARTESIAN_POINT('',(0.0127,-0.091313,0.006826));
#2740=CARTESIAN_POINT('',(0.009525,-0.091313,0.006826));
#2741=CARTESIAN_POINT('',(0.017526,-0.091313,0.006826));
#2742=CARTESIAN_POINT('',(0.0127,-0.091313,0.006826));
#2743=CARTESIAN_POINT('',(0.007874,-0.091313,0.006826));
#2744=CARTESIAN_POINT('',(0.0127,-0.08509,0.006826));
#2745=CARTESIAN_POINT('',(0.008826,-0.08509,0.00394808408739935));
#2746=CARTESIAN_POINT('',(0.0085151116946778,-0.08509,0.00436657487427222));
#2747=CARTESIAN_POINT('',(0.00804134845300228,-0.0849515031548139,0.0052823572373922));
#2748=CARTESIAN_POINT('',(0.00779029949302518,-0.0847975654038371,0.00682818763517));
#2749=CARTESIAN_POINT('',(0.00804145467464196,-0.0849515791815661,0.0083688727249392));
#2750=CARTESIAN_POINT('',(0.00851533251726481,-0.08509,0.00928572237788108));
#2751=CARTESIAN_POINT('',(0.008826,-0.08509,0.00970391591260064));
#2752=CARTESIAN_POINT('',(-0.0127,-0.08509,0.006826));
#2753=CARTESIAN_POINT('',(-0.0127,-0.091313,0.006826));
#2754=CARTESIAN_POINT('',(-0.015875,-0.091313,0.006826));
#2755=CARTESIAN_POINT('',(-0.007874,-0.091313,0.006826));
#2756=CARTESIAN_POINT('',(-0.0127,-0.091313,0.006826));
#2757=CARTESIAN_POINT('',(-0.017526,-0.091313,0.006826));
#2758=CARTESIAN_POINT('',(-0.0127,-0.08509,0.006826));
#2759=CARTESIAN_POINT('',(-0.008826,-0.08509,0.00970391591260065));
#2760=CARTESIAN_POINT('',(-0.0085151116946778,-0.08509,0.00928542512572778));
#2761=CARTESIAN_POINT('',(-0.00804134845300228,-0.0849515031548139,0.0083696427626078));
#2762=CARTESIAN_POINT('',(-0.00779029949302518,-0.0847975654038372,0.00682381236483001));
#2763=CARTESIAN_POINT('',(-0.00804145467464195,-0.0849515791815661,0.00528312727506079));
#2764=CARTESIAN_POINT('',(-0.00851533251726481,-0.08509,0.00436627762211892));
#2765=CARTESIAN_POINT('',(-0.008826,-0.08509,0.00394808408739935));
#2766=CARTESIAN_POINT('',(0.006826,-0.01615,0.006826));
#2767=CARTESIAN_POINT('',(0.006826,-0.01615,0.002));
#2768=CARTESIAN_POINT('',(0.006826,-0.08309,0.002));
#2769=CARTESIAN_POINT('',(0.006826,-0.01815,0.002));
#2770=CARTESIAN_POINT('',(0.006826,-0.01815,0.006826));
#2771=CARTESIAN_POINT('',(0.006826,-0.01815,0.020026));
#2772=CARTESIAN_POINT('',(0.006826,-0.0934,0.020026));
#2773=CARTESIAN_POINT('',(0.006826,-0.01615,0.015652));
#2774=CARTESIAN_POINT('',(0.006826,-0.08709,0.015652));
#2775=CARTESIAN_POINT('',(0.006826,-0.08709,0.011652));
#2776=CARTESIAN_POINT('',(0.006826,-0.08309,0.011652));
#2777=CARTESIAN_POINT('',(0.006826,-0.08309,0.006826));
#2778=CARTESIAN_POINT('',(-0.006826,-0.01615,0.006826));
#2779=CARTESIAN_POINT('',(-0.006826,-0.01615,0.020026));
#2780=CARTESIAN_POINT('',(-0.006826,-0.01815,0.020026));
#2781=CARTESIAN_POINT('',(-0.006826,-0.01815,0.001));
#2782=CARTESIAN_POINT('',(-0.006826,-0.01815,0.002));
#2783=CARTESIAN_POINT('',(-0.006826,-0.08509,0.002));
#2784=CARTESIAN_POINT('',(-0.006826,-0.08309,0.002));
#2785=CARTESIAN_POINT('',(-0.006826,-0.08309,0.013652));
#2786=CARTESIAN_POINT('',(-0.006826,-0.08309,0.011652));
#2787=CARTESIAN_POINT('',(-0.006826,-0.08709,0.011652));
#2788=CARTESIAN_POINT('',(-0.006826,-0.08709,0.015652));
#2789=CARTESIAN_POINT('',(-0.006826,-0.0934,0.015652));
#2790=CARTESIAN_POINT('',(1.28713887739178E-17,-0.01615,0.0325));
#2791=CARTESIAN_POINT('',(-0.006826,-0.01615,0.001));
#2792=CARTESIAN_POINT('',(-0.01505,-0.01615,0.001));
#2793=CARTESIAN_POINT('',(-0.008826,-0.01615,0.001));
#2794=CARTESIAN_POINT('',(-0.008826,-0.01615,0.020026));
#2795=CARTESIAN_POINT('',(-0.008826,-0.01615,0.020026));
#2796=CARTESIAN_POINT('',(-0.0005,-0.01615,0.020026));
#2797=CARTESIAN_POINT('',(-0.0005,-0.01615,0.028352));
#2798=CARTESIAN_POINT('',(0.00050000000000001,-0.01615,0.028352));
#2799=CARTESIAN_POINT('',(0.00050000000000001,-0.01615,0.028352));
#2800=CARTESIAN_POINT('',(0.00050000000000001,-0.01615,0.020026));
#2801=CARTESIAN_POINT('',(0.008826,-0.01615,0.020026));
#2802=CARTESIAN_POINT('',(0.008826,-0.01615,0.0325));
#2803=CARTESIAN_POINT('',(0.008826,-0.01615,0.001));
#2804=CARTESIAN_POINT('',(0.01605,-0.01615,0.001));
#2805=CARTESIAN_POINT('',(0.01505,-0.01615,0.001));
#2806=CARTESIAN_POINT('',(0.01505,-0.01615,0.0325));
#2807=CARTESIAN_POINT('',(0.01505,-0.01615,0.0315));
#2808=CARTESIAN_POINT('',(1.27381261899803E-17,-0.01615,0.0315));
#2809=CARTESIAN_POINT('',(-0.01505,-0.01615,0.0315));
#2810=CARTESIAN_POINT('',(-0.01505,-0.01615,0.0325));
#2811=CARTESIAN_POINT('',(0.01605,0.,0.0325));
#2812=CARTESIAN_POINT('',(0.01605,0.,0.001));
#2813=CARTESIAN_POINT('',(0.01605,-0.01515,0.001));
#2814=CARTESIAN_POINT('',(0.01605,0.01515,0.001));
#2815=CARTESIAN_POINT('',(0.01605,0.01515,0.0325));
#2816=CARTESIAN_POINT('',(0.01605,0.01515,0.0315));
#2817=CARTESIAN_POINT('',(0.01605,-0.01615,0.0315));
#2818=CARTESIAN_POINT('',(0.01605,-0.01515,0.0315));
#2819=CARTESIAN_POINT('',(0.01605,-0.01515,0.));
#2820=CARTESIAN_POINT('',(0.01455,0.007325,0.0325));
#2821=CARTESIAN_POINT('',(0.01455,-0.007325,0.0015));
#2822=CARTESIAN_POINT('',(0.01455,-0.01465,0.0015));
#2823=CARTESIAN_POINT('',(0.01455,0.,0.0015));
#2824=CARTESIAN_POINT('',(0.01455,-0.01465,0.0325));
#2825=CARTESIAN_POINT('',(0.01455,-0.01465,0.0325));
#2826=CARTESIAN_POINT('',(0.01455,0.007325,0.0325));
#2827=CARTESIAN_POINT('',(0.01455,0.01465,0.0325));
#2828=CARTESIAN_POINT('',(0.01455,0.01465,0.0325));
#2829=CARTESIAN_POINT('',(0.01455,0.01465,0.0015));
#2830=CARTESIAN_POINT('',(0.01455,0.007325,0.0015));
#2831=CARTESIAN_POINT('',(2.463047918057E-18,-0.01465,0.0325));
#2832=CARTESIAN_POINT('',(-1.66809218400802E-18,-0.01465,0.0015));
#2833=CARTESIAN_POINT('',(2.463047918057E-18,-0.01465,0.0325));
#2834=CARTESIAN_POINT('',(5.93249487001062E-18,0.01465,0.0325));
#2835=CARTESIAN_POINT('',(0.0125,0.01465,0.01625));
#2836=CARTESIAN_POINT('',(0.0125,0.01465,0.00475));
#2837=CARTESIAN_POINT('',(0.0125,0.01465,0.02775));
#2838=CARTESIAN_POINT('',(0.0115,0.01465,0.00475));
#2839=CARTESIAN_POINT('',(0.0115,0.01465,0.00375));
#2840=CARTESIAN_POINT('',(7.30536600973558E-18,0.01465,0.00375));
#2841=CARTESIAN_POINT('',(-0.0115,0.01465,0.00375));
#2842=CARTESIAN_POINT('',(-0.0115,0.01465,0.00475));
#2843=CARTESIAN_POINT('',(-0.0125,0.01465,0.00475));
#2844=CARTESIAN_POINT('',(-0.0125,0.01465,0.01625));
#2845=CARTESIAN_POINT('',(-0.0125,0.01465,0.02775));
#2846=CARTESIAN_POINT('',(-0.0115,0.01465,0.02775));
#2847=CARTESIAN_POINT('',(-0.0115,0.01465,0.02875));
#2848=CARTESIAN_POINT('',(5.43276018024469E-18,0.01465,0.02875));
#2849=CARTESIAN_POINT('',(0.0115,0.01465,0.02875));
#2850=CARTESIAN_POINT('',(0.0115,0.01465,0.02775));
#2851=CARTESIAN_POINT('',(1.8013547679456E-18,0.01465,0.0015));
#2852=CARTESIAN_POINT('',(5.93249487001062E-18,0.01465,0.0325));
#2853=CARTESIAN_POINT('',(-0.01605,0.,0.0325));
#2854=CARTESIAN_POINT('',(-0.01605,0.,0.0315));
#2855=CARTESIAN_POINT('',(-0.01605,-0.01515,0.0315));
#2856=CARTESIAN_POINT('',(-0.01605,0.01515,0.0315));
#2857=CARTESIAN_POINT('',(-0.01605,0.01515,3.46944695195361E-18));
#2858=CARTESIAN_POINT('',(-0.01605,0.01515,0.001));
#2859=CARTESIAN_POINT('',(-0.01605,-0.01615,0.001));
#2860=CARTESIAN_POINT('',(-0.01605,-0.01515,0.001));
#2861=CARTESIAN_POINT('',(-0.01605,-0.01515,0.0325));
#2862=CARTESIAN_POINT('',(9.40194182196423E-18,0.,0.0325));
#2863=CARTESIAN_POINT('',(-0.01605,0.01515,0.0325));
#2864=CARTESIAN_POINT('',(0.01505,0.01515,0.0325));
#2865=CARTESIAN_POINT('',(-0.01505,0.01515,0.0325));
#2866=CARTESIAN_POINT('',(-0.01505,0.,0.0325));
#2867=CARTESIAN_POINT('',(-0.01505,-0.01515,0.0325));
#2868=CARTESIAN_POINT('',(9.40194182196423E-18,-0.01515,0.0325));
#2869=CARTESIAN_POINT('',(0.01505,-0.01515,0.0325));
#2870=CARTESIAN_POINT('',(0.01505,0.01615,0.0325));
#2871=CARTESIAN_POINT('',(6.66312919687905E-20,0.,0.0015));
#2872=CARTESIAN_POINT('',(0.,0.,0.001));
#2873=CARTESIAN_POINT('',(0.01455,0.,0.001));
#2874=CARTESIAN_POINT('',(6.66312919687905E-20,0.,0.0015));
#2875=CARTESIAN_POINT('',(6.66312919687905E-20,0.,0.0015));
#2876=CARTESIAN_POINT('',(5.27080171989921E-18,0.,0.0015));
#2877=CARTESIAN_POINT('',(5.27080171989921E-18,0.,0.0015));
#2878=CARTESIAN_POINT('',(5.98055824195077E-18,-0.054775,0.026352));
#2879=CARTESIAN_POINT('',(0.00050000000000001,-0.01615,0.026352));
#2880=CARTESIAN_POINT('',(0.00050000000000001,-0.01815,0.026352));
#2881=CARTESIAN_POINT('',(-0.0005,-0.01815,0.026352));
#2882=CARTESIAN_POINT('',(-0.0005,-0.01815,0.026352));
#2883=CARTESIAN_POINT('',(-0.0005,-0.054775,0.026352));
#2884=CARTESIAN_POINT('',(7.30536600973558E-18,-0.093402,0.00375));
#2885=CARTESIAN_POINT('',(0.0115,-0.093402,0.00375));
#2886=CARTESIAN_POINT('',(0.0115,0.01515,0.00375));
#2887=CARTESIAN_POINT('',(7.30536600973558E-18,0.01515,0.00375));
#2888=CARTESIAN_POINT('',(-0.0115,0.01515,0.00375));
#2889=CARTESIAN_POINT('',(-0.0115,0.01465,0.00375));
#2890=CARTESIAN_POINT('',(-0.0125,-0.093402,0.01625));
#2891=CARTESIAN_POINT('',(-0.0125,0.01515,0.01625));
#2892=CARTESIAN_POINT('',(-0.0125,0.01515,0.00475));
#2893=CARTESIAN_POINT('',(-0.0125,0.01515,0.02775));
#2894=CARTESIAN_POINT('',(-0.0125,-0.093402,0.02775));
#2895=CARTESIAN_POINT('',(-0.0125,0.01615,0.00475));
#2896=CARTESIAN_POINT('',(0.0125,-0.093402,0.01625));
#2897=CARTESIAN_POINT('',(0.0125,0.01615,0.02775));
#2898=CARTESIAN_POINT('',(0.0125,0.01515,0.02775));
#2899=CARTESIAN_POINT('',(0.0125,0.01515,0.00375));
#2900=CARTESIAN_POINT('',(0.0125,0.01515,0.00475));
#2901=CARTESIAN_POINT('',(0.0125,-0.093402,0.00475));
#2902=CARTESIAN_POINT('',(5.43276018024469E-18,-0.093402,0.02875));
#2903=CARTESIAN_POINT('',(-0.0115,-0.093402,0.02875));
#2904=CARTESIAN_POINT('',(-0.0115,0.01515,0.02875));
#2905=CARTESIAN_POINT('',(0.0125,0.01515,0.02875));
#2906=CARTESIAN_POINT('',(0.0115,0.01515,0.02875));
#2907=CARTESIAN_POINT('',(0.0115,0.01465,0.02875));
#2908=CARTESIAN_POINT('',(0.0115,-0.093402,0.00475));
#2909=CARTESIAN_POINT('',(0.0115,0.01515,0.00475));
#2910=CARTESIAN_POINT('',(0.0115,0.01515,0.00475));
#2911=CARTESIAN_POINT('',(0.0115,0.01515,0.00275));
#2912=CARTESIAN_POINT('',(0.0135,0.01515,0.00475));
#2913=CARTESIAN_POINT('',(0.0115,-0.093402,0.02775));
#2914=CARTESIAN_POINT('',(0.0115,0.01515,0.02775));
#2915=CARTESIAN_POINT('',(0.0135,0.01515,0.0325));
#2916=CARTESIAN_POINT('',(0.0135,0.01515,0.02775));
#2917=CARTESIAN_POINT('',(7.29353406911637E-18,0.01515,0.00275));
#2918=CARTESIAN_POINT('',(-0.0115,0.01515,0.00275));
#2919=CARTESIAN_POINT('',(-0.0115,-0.093402,0.00475));
#2920=CARTESIAN_POINT('',(-0.0115,0.01515,0.00475));
#2921=CARTESIAN_POINT('',(0.0115,0.01515,0.02775));
#2922=CARTESIAN_POINT('',(0.0115,0.01515,0.02975));
#2923=CARTESIAN_POINT('',(-0.0115,0.01515,0.00475));
#2924=CARTESIAN_POINT('',(-0.0135,0.01515,0.00475));
#2925=CARTESIAN_POINT('',(9.03546971613588E-18,0.01515,0.02975));
#2926=CARTESIAN_POINT('',(-0.0115,0.01515,0.02975));
#2927=CARTESIAN_POINT('',(-0.0135,0.01515,0.01625));
#2928=CARTESIAN_POINT('',(-0.0135,0.01515,0.02775));
#2929=CARTESIAN_POINT('',(-0.0115,0.01515,0.02775));
#2930=CARTESIAN_POINT('',(-0.0115,0.01515,0.02775));
#2931=CARTESIAN_POINT('',(-0.0115,-0.093402,0.02775));
#2932=CARTESIAN_POINT('',(1.60146089203923E-18,-0.01515,0.001));
#2933=CARTESIAN_POINT('',(0.008826,-0.01515,0.001));
#2934=CARTESIAN_POINT('',(0.01505,-0.01515,0.001));
#2935=CARTESIAN_POINT('',(1.60146089203923E-18,-0.01515,0.001));
#2936=CARTESIAN_POINT('',(-0.008826,-0.01515,0.001));
#2937=CARTESIAN_POINT('',(-0.01505,-0.01515,0.001));
#2938=CARTESIAN_POINT('',(0.01505,-0.01515,0.001));
#2939=CARTESIAN_POINT('',(0.01505,-0.01515,0.001));
#2940=CARTESIAN_POINT('',(0.01505,-0.01515,0.001));
#2941=CARTESIAN_POINT('',(-0.01505,-0.01515,0.001));
#2942=CARTESIAN_POINT('',(-0.01505,-0.01515,0.001));
#2943=CARTESIAN_POINT('',(-0.01505,-0.01515,0.001));
#2944=CARTESIAN_POINT('',(0.,0.,0.001));
#2945=CARTESIAN_POINT('',(0.00350428309358707,0.01515,-5.63785129692462E-17));
#2946=CARTESIAN_POINT('',(0.0023397900420873,0.0152826712053751,-5.63785129692462E-17));
#2947=CARTESIAN_POINT('',(-5.69157484116008E-6,0.0154173285306811,4.04081519265859E-5));
#2948=CARTESIAN_POINT('',(-0.00233979004212116,0.0152826712056727,-3.72965547335013E-17));
#2949=CARTESIAN_POINT('',(-0.00350428309358707,0.01515,-3.72965547335013E-17));
#2950=CARTESIAN_POINT('',(0.01505,-0.0039115214431216,-5.20417042793042E-17));
#2951=CARTESIAN_POINT('',(0.015215823551103,-0.00261219912048634,-5.21113748961798E-17));
#2952=CARTESIAN_POINT('',(0.015384175895361,8.22987525209043E-6,6.35081840198491E-5));
#2953=CARTESIAN_POINT('',(0.0152158235514623,0.00261219912053218,-4.24310545444052E-17));
#2954=CARTESIAN_POINT('',(0.01505,0.00391152144312161,-4.25007251614318E-17));
#2955=CARTESIAN_POINT('',(-0.01505,0.00391152144312161,0.));
#2956=CARTESIAN_POINT('',(-0.0152158235511237,0.00261219912048899,-3.17052635029841E-18));
#2957=CARTESIAN_POINT('',(-0.0153841758953454,-8.22987525273553E-6,6.35081840198006E-5));
#2958=CARTESIAN_POINT('',(-0.0152158235514729,-0.00261219912053354,-3.75920562683912E-18));
#2959=CARTESIAN_POINT('',(-0.01505,-0.00391152144312163,-8.67361737988404E-19));
#2960=CARTESIAN_POINT('',(0.01505,0.,0.001));
#2961=CARTESIAN_POINT('',(0.01505,0.01515,0.001));
#2962=CARTESIAN_POINT('',(0.01505,-0.01515,0.0325));
#2963=CARTESIAN_POINT('',(0.01505,-0.01515,0.0315));
#2964=CARTESIAN_POINT('',(1.27381261899803E-17,-0.01515,0.0315));
#2965=CARTESIAN_POINT('',(-0.01505,-0.01515,0.0315));
#2966=CARTESIAN_POINT('',(0.01505,-0.01515,0.0315));
#2967=CARTESIAN_POINT('',(-0.01505,-0.01515,0.0325));
#2968=CARTESIAN_POINT('',(-0.01505,-0.01515,0.0315));
#2969=CARTESIAN_POINT('',(-0.01505,-0.08509,0.001));
#2970=CARTESIAN_POINT('',(-0.01505,0.01515,0.001));
#2971=CARTESIAN_POINT('',(9.40194182196423E-18,0.01515,0.001));
#2972=CARTESIAN_POINT('',(0.01505,0.01515,0.001));
#2973=CARTESIAN_POINT('',(-0.01505,0.01515,0.001));
#2974=CARTESIAN_POINT('',(0.01505,0.01515,0.001));
#2975=CARTESIAN_POINT('',(0.01505,0.01515,0.001));
#2976=CARTESIAN_POINT('',(0.01505,-0.01515,0.0315));
#2977=CARTESIAN_POINT('',(0.01505,-0.01515,0.0315));
#2978=CARTESIAN_POINT('',(-0.01505,-0.01515,0.0315));
#2979=CARTESIAN_POINT('',(-0.01505,-0.01515,0.0315));
#2980=CARTESIAN_POINT('',(-0.01505,0.01515,0.001));
#2981=CARTESIAN_POINT('',(-0.01505,0.01515,0.001));
#2982=CARTESIAN_POINT('',(0.01505,0.01515,0.0325));
#2983=CARTESIAN_POINT('',(0.01505,0.01515,0.0315));
#2984=CARTESIAN_POINT('',(0.01505,0.,0.0315));
#2985=CARTESIAN_POINT('',(0.01505,0.01515,0.0315));
#2986=CARTESIAN_POINT('',(-0.01505,0.,0.0315));
#2987=CARTESIAN_POINT('',(-0.01505,0.01515,0.0315));
#2988=CARTESIAN_POINT('',(-0.01505,0.01515,0.0325));
#2989=CARTESIAN_POINT('',(-0.01505,0.01515,0.0315));
#2990=CARTESIAN_POINT('',(0.01505,0.01515,0.0315));
#2991=CARTESIAN_POINT('',(0.01505,0.01515,0.0315));
#2992=CARTESIAN_POINT('',(-0.01505,0.01515,0.0315));
#2993=CARTESIAN_POINT('',(-0.01505,0.01515,0.0315));
#2994=CARTESIAN_POINT('',(9.26867923802665E-18,0.01515,0.0315));
#2995=CARTESIAN_POINT('',(-0.0132,-0.08509,0.006326));
#2996=CARTESIAN_POINT('',(-0.0132,-0.08709,0.006326));
#2997=CARTESIAN_POINT('',(-0.0132,-0.08509,0.007326));
#2998=CARTESIAN_POINT('',(-0.0132,-0.08709,0.007326));
#2999=CARTESIAN_POINT('',(-0.0005,-0.054775,0.020026));
#3000=CARTESIAN_POINT('',(-0.0005,-0.01815,0.020026));
#3001=CARTESIAN_POINT('',(0.0132,-0.08509,0.006326));
#3002=CARTESIAN_POINT('',(0.0132,-0.08709,0.006326));
#3003=CARTESIAN_POINT('',(0.0132,-0.08509,0.007326));
#3004=CARTESIAN_POINT('',(0.0132,-0.08709,0.007326));
#3005=CARTESIAN_POINT('',(0.00050000000000001,-0.01615,0.020026));
#3006=CARTESIAN_POINT('',(0.00050000000000001,-0.01815,0.020026));
#3007=CARTESIAN_POINT('',(0.0132,-0.08709,0.007326));
#3008=CARTESIAN_POINT('',(0.0132,-0.08709,0.011652));
#3009=CARTESIAN_POINT('',(0.017526,-0.08709,0.007326));
#3010=CARTESIAN_POINT('',(0.017526,-0.08709,0.006826));
#3011=CARTESIAN_POINT('',(0.017526,-0.08709,0.006326));
#3012=CARTESIAN_POINT('',(3.42076168795508E-18,-0.08709,0.011652));
#3013=CARTESIAN_POINT('',(0.008826,-0.08709,0.011652));
#3014=CARTESIAN_POINT('',(0.008826,-0.08509,0.015652));
#3015=CARTESIAN_POINT('',(0.008826,-0.08709,0.015652));
#3016=CARTESIAN_POINT('',(0.0132,-0.08709,0.006326));
#3017=CARTESIAN_POINT('',(0.0132,-0.08709,0.002));
#3018=CARTESIAN_POINT('',(0.008826,-0.08709,0.011652));
#3019=CARTESIAN_POINT('',(0.008826,-0.08309,0.011652));
#3020=CARTESIAN_POINT('',(5.98055824195077E-18,-0.08709,0.002));
#3021=CARTESIAN_POINT('',(0.008826,-0.08709,0.002));
#3022=CARTESIAN_POINT('',(0.008826,-0.08309,0.006826));
#3023=CARTESIAN_POINT('',(0.008826,-0.08309,0.002));
#3024=CARTESIAN_POINT('',(0.008826,-0.08309,0.002));
#3025=CARTESIAN_POINT('',(0.004826,-0.08309,0.002));
#3026=CARTESIAN_POINT('',(0.004826,-0.08509,0.002));
#3027=CARTESIAN_POINT('',(0.004826,-0.01815,0.));
#3028=CARTESIAN_POINT('',(0.0053495987755983,-0.01815,-9.15673286880162E-19));
#3029=CARTESIAN_POINT('',(0.00639262773694704,-0.01815,0.000433372263052959));
#3030=CARTESIAN_POINT('',(0.006826,-0.01815,0.0014764012244017));
#3031=CARTESIAN_POINT('',(0.006826,-0.01815,0.002));
#3032=CARTESIAN_POINT('',(0.008826,-0.01615,0.001));
#3033=CARTESIAN_POINT('',(0.00846388460310241,-0.01615,0.00100000001285409));
#3034=CARTESIAN_POINT('',(0.00815853076742799,-0.0162444761037107,0.00106250000641044));
#3035=CARTESIAN_POINT('',(0.00766632401948935,-0.0164972180676246,0.00124999999358955));
#3036=CARTESIAN_POINT('',(0.0074786552754855,-0.0166551276650017,0.0013750000064099));
#3037=CARTESIAN_POINT('',(0.00718183457144265,-0.0169895254642358,0.0016249999935901));
#3038=CARTESIAN_POINT('',(0.00707086095698508,-0.0171659297844661,0.00175000000641047));
#3039=CARTESIAN_POINT('',(0.00694141310105915,-0.0174713550024537,0.00189062499679477));
#3040=CARTESIAN_POINT('',(0.00690455261781461,-0.0175803685754017,0.00192968750320531));
#3041=CARTESIAN_POINT('',(0.00684754389522988,-0.0178303886048734,0.00198437499679469));
#3042=CARTESIAN_POINT('',(0.006826,-0.0179706995902518,0.00199999999363423));
#3043=CARTESIAN_POINT('',(0.006826,-0.01815,0.002));
#3044=CARTESIAN_POINT('',(0.00882600000000001,-0.01615,0.));
#3045=CARTESIAN_POINT('',(0.00846388459991405,-0.0161500000350926,0.));
#3046=CARTESIAN_POINT('',(0.00815853077152144,-0.0162444761116826,1.83995210002004E-16));
#3047=CARTESIAN_POINT('',(0.00766632401539588,-0.0164972180596527,-1.82768575268658E-16));
#3048=CARTESIAN_POINT('',(0.00747865527800089,-0.0166551276672347,-1.82768575268658E-16));
#3049=CARTESIAN_POINT('',(0.00718183456892726,-0.0169895254620027,1.85221844735352E-16));
#3050=CARTESIAN_POINT('',(0.00707086095353734,-0.0171659297830048,0.));
#3051=CARTESIAN_POINT('',(0.00694141310278302,-0.0174713550031844,0.));
#3052=CARTESIAN_POINT('',(0.00690455261118343,-0.0175803685738897,1.2266347333467E-18));
#3053=CARTESIAN_POINT('',(0.00684754390186106,-0.0178303886063854,1.2266347333467E-18));
#3054=CARTESIAN_POINT('',(0.00682600006024341,-0.0179706995888217,-3.66763785270663E-16));
#3055=CARTESIAN_POINT('',(0.006826,-0.01815,0.));
#3056=CARTESIAN_POINT('',(0.008826,-0.01515,0.));
#3057=CARTESIAN_POINT('',(0.0082861822896181,-0.0151500000395038,0.));
#3058=CARTESIAN_POINT('',(0.00781547383893957,-0.0152262428942293,0.));
#3059=CARTESIAN_POINT('',(0.00695306262166435,-0.0154583057199092,0.));
#3060=CARTESIAN_POINT('',(0.00656163141950813,-0.0156169530016525,8.67361737988404E-19));
#3061=CARTESIAN_POINT('',(0.00585522581261614,-0.0160361899745132,8.67361737988404E-19));
#3062=CARTESIAN_POINT('',(0.00553915952252388,-0.0162953238056747,0.));
#3063=CARTESIAN_POINT('',(0.00516090086818896,-0.0168274372697638,0.));
#3064=CARTESIAN_POINT('',(0.0050510458098542,-0.0170290541342924,8.67361737988404E-19));
#3065=CARTESIAN_POINT('',(0.00488493420521233,-0.0175115650524629,8.67361737988404E-19));
#3066=CARTESIAN_POINT('',(0.00482600012695095,-0.0177911391933793,0.));
#3067=CARTESIAN_POINT('',(0.004826,-0.01815,0.));
#3068=CARTESIAN_POINT('',(0.006826,-0.01815,0.002));
#3069=CARTESIAN_POINT('',(0.006826,-0.0180056292632051,0.002));
#3070=CARTESIAN_POINT('',(0.00684880358014985,-0.0177988617705273,0.00198121061129702));
#3071=CARTESIAN_POINT('',(0.00690929436628812,-0.0175735940093864,0.00192251345577065));
#3072=CARTESIAN_POINT('',(0.0069480465241128,-0.0174591320155095,0.00188291590552637));
#3073=CARTESIAN_POINT('',(0.00699013046641785,-0.0173553570259518,0.00183794887218494));
#3074=CARTESIAN_POINT('',(0.00699880592842251,-0.0173367194594304,0.00182778860573386));
#3075=CARTESIAN_POINT('',(0.00703112291252132,-0.0172657594665047,0.00179063880097737));
#3076=CARTESIAN_POINT('',(0.00708390844446709,-0.0171640574837929,0.00173110403662088));
#3077=CARTESIAN_POINT('',(0.00717794921556989,-0.0170091394961276,0.00163421277918066));
#3078=CARTESIAN_POINT('',(0.00738352632016092,-0.0167490794897205,0.00144874688199464));
#3079=CARTESIAN_POINT('',(0.00756645797816285,-0.0165878043628712,0.00132192070931489));
#3080=CARTESIAN_POINT('',(0.00777358462519386,-0.0164470452052576,0.00121390107537959));
#3081=CARTESIAN_POINT('',(0.00789353698984695,-0.0163769179200544,0.00116021595341955));
#3082=CARTESIAN_POINT('',(0.00812683177617027,-0.0162703656285308,0.00108273511094223));
#3083=CARTESIAN_POINT('',(0.00842042064140647,-0.0161814215781954,0.00102067143343466));
#3084=CARTESIAN_POINT('',(0.00866341408503904,-0.01615,0.001));
#3085=CARTESIAN_POINT('',(0.00882600000000001,-0.01615,0.001));
#3086=CARTESIAN_POINT('',(-0.0132,-0.08709,0.007326));
#3087=CARTESIAN_POINT('',(-0.017526,-0.08709,0.007326));
#3088=CARTESIAN_POINT('',(-0.0132,-0.08709,0.011652));
#3089=CARTESIAN_POINT('',(0.008826,-0.01815,0.0325));
#3090=CARTESIAN_POINT('',(0.008826,-0.01815,0.020026));
#3091=CARTESIAN_POINT('',(-0.008826,-0.01615,0.015652));
#3092=CARTESIAN_POINT('',(-0.008826,-0.08709,0.015652));
#3093=CARTESIAN_POINT('',(3.42076168795508E-18,-0.08709,0.011652));
#3094=CARTESIAN_POINT('',(-0.008826,-0.08709,0.011652));
#3095=CARTESIAN_POINT('',(-0.017526,-0.08709,0.006826));
#3096=CARTESIAN_POINT('',(-0.017526,-0.08709,0.006326));
#3097=CARTESIAN_POINT('',(0.00050000000000001,-0.01815,0.020026));
#3098=CARTESIAN_POINT('',(0.00050000000000001,-0.01815,0.028352));
#3099=CARTESIAN_POINT('',(-0.008826,-0.08709,0.011652));
#3100=CARTESIAN_POINT('',(-0.008826,-0.08309,0.011652));
#3101=CARTESIAN_POINT('',(-0.0132,-0.08709,0.006326));
#3102=CARTESIAN_POINT('',(-0.0132,-0.08709,0.002));
#3103=CARTESIAN_POINT('',(5.98055824195077E-18,-0.01815,0.028352));
#3104=CARTESIAN_POINT('',(-0.0005,-0.01815,0.028352));
#3105=CARTESIAN_POINT('',(-0.008826,-0.08309,0.006826));
#3106=CARTESIAN_POINT('',(-0.008826,-0.08309,0.002));
#3107=CARTESIAN_POINT('',(5.98055824195077E-18,-0.08709,0.002));
#3108=CARTESIAN_POINT('',(-0.008826,-0.08709,0.002));
#3109=CARTESIAN_POINT('',(-0.0005,-0.01815,0.020026));
#3110=CARTESIAN_POINT('',(-0.008826,-0.01815,0.020026));
#3111=CARTESIAN_POINT('',(-0.008826,-0.08309,0.002));
#3112=CARTESIAN_POINT('',(-0.004826,-0.08309,0.002));
#3113=CARTESIAN_POINT('',(-0.008826,-0.01815,0.006826));
#3114=CARTESIAN_POINT('',(-0.008826,-0.01615,0.001));
#3115=CARTESIAN_POINT('',(-0.00866347189492439,-0.01615,0.001));
#3116=CARTESIAN_POINT('',(-0.00842051221448179,-0.0161814053260658,0.00102067384811385));
#3117=CARTESIAN_POINT('',(-0.00812691254090406,-0.016270330748876,0.00108273108647692));
#3118=CARTESIAN_POINT('',(-0.00789349049887416,-0.0163769415139697,0.00116023124638771));
#3119=CARTESIAN_POINT('',(-0.00777368982435131,-0.0164469857092513,0.00121384392797223));
#3120=CARTESIAN_POINT('',(-0.0075665759914595,-0.0165877033734335,0.00132184124723407));
#3121=CARTESIAN_POINT('',(-0.00738350583758872,-0.0167490977486903,0.00144876589265993));
#3122=CARTESIAN_POINT('',(-0.00717795555674708,-0.0170091327902899,0.00163419937603661));
#3123=CARTESIAN_POINT('',(-0.0070839103513249,-0.0171640530265551,0.0017310915234187));
#3124=CARTESIAN_POINT('',(-0.00703112454418615,-0.0172657564732601,0.00179062824144275));
#3125=CARTESIAN_POINT('',(-0.00699880771008796,-0.0173367151423974,0.00182778250625392));
#3126=CARTESIAN_POINT('',(-0.00699012728913558,-0.0173553651017577,0.00183795050379583));
#3127=CARTESIAN_POINT('',(-0.00694805745157646,-0.017459104029319,0.00188291547856278));
#3128=CARTESIAN_POINT('',(-0.00690930936823327,-0.0175735453282804,0.00192251369974984));
#3129=CARTESIAN_POINT('',(-0.00684881672464463,-0.0177987917117226,0.00198121042831262));
#3130=CARTESIAN_POINT('',(-0.006826,-0.0180055893556138,0.002));
#3131=CARTESIAN_POINT('',(-0.006826,-0.01815,0.002));
#3132=CARTESIAN_POINT('',(-0.004826,-0.01615,0.002));
#3133=CARTESIAN_POINT('',(-0.006826,-0.01815,0.002));
#3134=CARTESIAN_POINT('',(-0.006826,-0.01815,0.0014764012244017));
#3135=CARTESIAN_POINT('',(-0.00639262773694704,-0.01815,0.00043337226305296));
#3136=CARTESIAN_POINT('',(-0.0053495987755983,-0.01815,-7.76121035314596E-19));
#3137=CARTESIAN_POINT('',(-0.004826,-0.01815,0.));
#3138=CARTESIAN_POINT('',(-0.006826,-0.01815,0.002));
#3139=CARTESIAN_POINT('',(-0.006826,-0.0179706995902528,0.00199999999363414));
#3140=CARTESIAN_POINT('',(-0.00684754389523019,-0.017830388604872,0.00198437499679488));
#3141=CARTESIAN_POINT('',(-0.00690455261781428,-0.0175803685754032,0.00192968750320512));
#3142=CARTESIAN_POINT('',(-0.00694141310105913,-0.0174713550024537,0.00189062499679496));
#3143=CARTESIAN_POINT('',(-0.00707086095698509,-0.017165929784466,0.00175000000641008));
#3144=CARTESIAN_POINT('',(-0.00718183457144265,-0.0169895254642358,0.00162499999358974));
#3145=CARTESIAN_POINT('',(-0.00747865527548549,-0.0166551276650017,0.00137500000641027));
#3146=CARTESIAN_POINT('',(-0.0076663240194894,-0.0164972180676246,0.00124999999358972));
#3147=CARTESIAN_POINT('',(-0.00815853076742792,-0.0162444761037107,0.00106250000641028));
#3148=CARTESIAN_POINT('',(-0.00846388460310245,-0.01615,0.00100000001285575));
#3149=CARTESIAN_POINT('',(-0.008826,-0.01615,0.001));
#3150=CARTESIAN_POINT('',(-0.00682599999999999,-0.01815,0.));
#3151=CARTESIAN_POINT('',(-0.00682600006024331,-0.0179706995888228,-9.07709702676557E-17));
#3152=CARTESIAN_POINT('',(-0.00684754390186123,-0.017830388606384,-9.19976050010024E-17));
#3153=CARTESIAN_POINT('',(-0.00690455261118323,-0.0175803685738912,9.19976050010024E-17));
#3154=CARTESIAN_POINT('',(-0.00694141310278309,-0.0174713550031844,1.2266347333467E-18));
#3155=CARTESIAN_POINT('',(-0.00707086095353716,-0.0171659297830047,1.2266347333467E-18));
#3156=CARTESIAN_POINT('',(-0.00718183456892689,-0.0169895254620027,-1.82768575268658E-16));
#3157=CARTESIAN_POINT('',(-0.00747865527800125,-0.0166551276672347,1.85221844735352E-16));
#3158=CARTESIAN_POINT('',(-0.00766632401539631,-0.0164972180596527,-1.2266347333467E-18));
#3159=CARTESIAN_POINT('',(-0.00815853077152103,-0.0162444761116826,-1.2266347333467E-18));
#3160=CARTESIAN_POINT('',(-0.00846388459991441,-0.0161500000350808,-7.38434109474713E-16));
#3161=CARTESIAN_POINT('',(-0.008826,-0.01615,0.));
#3162=CARTESIAN_POINT('',(-0.004826,-0.01815,0.));
#3163=CARTESIAN_POINT('',(-0.00482600012695131,-0.0177911391933804,0.));
#3164=CARTESIAN_POINT('',(-0.00488493420521222,-0.0175115650524615,-8.67361737988404E-19));
#3165=CARTESIAN_POINT('',(-0.0050510458098543,-0.0170290541342939,-8.67361737988404E-19));
#3166=CARTESIAN_POINT('',(-0.00516090086818883,-0.0168274372697639,8.67361737988404E-19));
#3167=CARTESIAN_POINT('',(-0.00553915952252411,-0.0162953238056747,8.67361737988404E-19));
#3168=CARTESIAN_POINT('',(-0.00585522581261613,-0.0160361899745132,0.));
#3169=CARTESIAN_POINT('',(-0.00656163141950812,-0.0156169530016525,0.));
#3170=CARTESIAN_POINT('',(-0.00695306262166444,-0.0154583057199092,-8.67361737988404E-19));
#3171=CARTESIAN_POINT('',(-0.00781547383893947,-0.0152262428942293,-8.67361737988404E-19));
#3172=CARTESIAN_POINT('',(-0.00828618228961817,-0.0151500000395038,0.));
#3173=CARTESIAN_POINT('',(-0.008826,-0.01515,0.));
#3174=MECHANICAL_DESIGN_GEOMETRIC_PRESENTATION_REPRESENTATION('',(#1721),
#3175);
#3175=(
GEOMETRIC_REPRESENTATION_CONTEXT(3)
GLOBAL_UNCERTAINTY_ASSIGNED_CONTEXT((#3176))
GLOBAL_UNIT_ASSIGNED_CONTEXT((#3179,#3178,#3177))
REPRESENTATION_CONTEXT('Camera Holder','TOP_LEVEL_ASSEMBLY_PART')
);
#3176=UNCERTAINTY_MEASURE_WITH_UNIT(LENGTH_MEASURE(2.E-5),#3179,
'DISTANCE_ACCURACY_VALUE','Maximum Tolerance applied to model');
#3177=(
NAMED_UNIT(*)
SI_UNIT($,.STERADIAN.)
SOLID_ANGLE_UNIT()
);
#3178=(
NAMED_UNIT(*)
PLANE_ANGLE_UNIT()
SI_UNIT($,.RADIAN.)
);
#3179=(
LENGTH_UNIT()
NAMED_UNIT(*)
SI_UNIT($,.METRE.)
);
#3180=PRODUCT_DEFINITION_SHAPE('','',#3181);
#3181=PRODUCT_DEFINITION('','',#3183,#3182);
#3182=PRODUCT_DEFINITION_CONTEXT('',#3189,'design');
#3183=PRODUCT_DEFINITION_FORMATION_WITH_SPECIFIED_SOURCE('','',#3185,
 .NOT_KNOWN.);
#3184=PRODUCT_RELATED_PRODUCT_CATEGORY('','',(#3185));
#3185=PRODUCT('Camera Holder','Camera Holder','Camera Holder',(#3187));
#3186=PRODUCT_CATEGORY('','');
#3187=PRODUCT_CONTEXT('',#3189,'mechanical');
#3188=APPLICATION_PROTOCOL_DEFINITION('international standard',
'ap242_managed_model_based_3d_engineering',2011,#3189);
#3189=APPLICATION_CONTEXT('managed model based 3d engineering');
ENDSEC;
END-ISO-10303-21;
